t,p_x,p_y,p_z,q_w,q_x,q_y,q_z,v_x,v_y,v_z,w_x,w_y,w_z,a_lin_x,a_lin_y,a_lin_z,a_rot_x,a_rot_y,a_rot_z,u_1,u_2,u_3,u_4,mu_0,nu_0,tau_0,mu_1,nu_1,tau_1,mu_2,nu_2,tau_2,mu_3,nu_3,tau_3,mu_4,nu_4,tau_4,mu_5,nu_5,tau_5,mu_6,nu_6,tau_6,mu_7,nu_7,tau_7,mu_8,nu_8,tau_8,mu_9,nu_9,tau_9,mu_10,nu_10,tau_10,mu_11,nu_11,tau_11,mu_12,nu_12,tau_12,mu_13,nu_13,tau_13,mu_14,nu_14,tau_14,mu_15,nu_15,tau_15,mu_16,nu_16,tau_16,mu_17,nu_17,tau_17,mu_18,nu_18,tau_18,mu_19,nu_19,tau_19
0,-2.5,-3.5,1.0,1.0,0.0,-1.1334716319432846e-22,0.0,0.0,0.0,0.0,4.3910033631517945e-28,-6.750555320354424e-28,1.0100506097603455e-27,0.7224070392795678,7.659726041755896e-07,12.844399156244437,-0.0005524594212317782,521.3398607481727,-7.02891585309372e-05,6.800093251102085,1.4020616460862342e-05,6.8000929036145905,1.8537132269419428e-06,1.0,0,0,1.0,0,0,1.0,0,0,1.0,0,0,1.0,0,0,1.0,0,0,1.0,0,0,1.0,0,0,1.0,0,0,1.0,0,0,1.0,0,0,1.0,0,0,1.0,0,0,1.0,0,0,1.0,0,0,1.0,0,0,1.0,0,0,1.0,0,0,1.0,0,0,1.0,0,0
0.0191573,-2.4999336811280464,-3.499999999929367,1.0023601218319547,0.9988560021293826,-5.087403803317107e-08,0.047814758172583585,-6.363897029475504e-09,0.013839337543912733,1.4673934281077074e-08,0.2460634598041662,-1.0583607293425625e-05,9.987441865441532,-1.3465474970417358e-06,4.29783299354661,0.3232814695553739,12.382517047812831,-234.01625884936374,0.6554060545045969,-48.87472975363453,2.6718592538894703,6.800093089740515,4.108901366073121,2.5752497884776196e-05,0.998505380666054,0.0014946193339460535,5.4963907220164093e-05,0.9996284332560732,0.0003715667439268619,5.025111708309545e-05,0.9997975341691878,0.00020246583081219615,5.1803653897578715e-05,0.9998078358935527,0.0001921641064473027,5.000000752986912e-05,0.9998181445232331,0.00018185547676683998,4.999999971811346e-05,0.9998284680155153,0.00017153198448476776,4.999998024210157e-05,0.9998388117403829,0.00016118825961704617,4.999926948787891e-05,0.999849180577157,0.00015081942284299522,4.999983406963854e-05,0.9998595848506983,0.00014041514930166295,4.9999981749188706e-05,0.999870046780153,0.0001299532198469969,5.000002005437251e-05,0.9998806914358525,0.00011930856414753357,4.999997783374298e-05,0.9998914344084802,0.00010856559151976648,4.99999737040401e-05,0.9999023028970923,9.769710290773742e-05,4.999996076568784e-05,0.9999133304515805,8.666954841950166e-05,4.999925979631529e-05,0.9999245642491235,7.54357508765252e-05,4.999982302953516e-05,0.9999360856585645,6.391434143546777e-05,4.9999963179832895e-05,0.9999480372564726,5.19627435273718e-05,4.999998342278848e-05,0.9999607005751769,3.929942482305595e-05,4.9999960935087355e-05,0.9999745839433961,2.5416056603837667e-05,4.999995779348038e-05,0.9999915634813127,8.436518687336e-06,4.999994613375706e-05
0.0383145,-2.499009697093136,-3.4999696836584735,1.0093720031580158,0.9894808419304562,-0.021877171333128283,0.1429829950797265,-0.002715553873998845,0.09617403013546473,0.00619320097418232,0.48327852520390663,-4.483120272308246,9.999997647879171,-0.936307121062939,16.830588965516814,3.719796240157247,31.8426187425395,14.505589391512931,-5.9957547701911916e-05,-2.919338991157662,6.690825616546986,6.800093445332355,6.800058998445328,6.800085127202433,0.9970079805486035,0.001497400117450513,5.498178995386828e-05,0.9992568079156877,0.0003716253403854975,5.025110953503146e-05,0.9995950195924589,0.00020251457672890342,5.180405502579437e-05,0.9996148524499816,0.00019298344357106937,5.0000007936130034e-05,0.9996346996931863,0.00018344483004685086,5.000000048371773e-05,0.9996545865858467,0.0001738814296686061,4.999998102124734e-05,0.9996745300671089,0.00016428167327394358,4.999926981159145e-05,0.9996945444716592,0.0001546361054978725,4.999983430933967e-05,0.999714654810002,0.00014493004069629094,4.999998322642779e-05,0.9997349205569057,0.00013512622324726552,5.0000025454031246e-05,0.9997557171488894,0.00012497428696309898,4.9999979430905676e-05,0.999776769302862,0.00011466510561819046,4.999997526879147e-05,0.9997981471782379,0.00010415571885445558,4.99999621127914e-05,0.9998199343783628,9.33960732176903e-05,4.999926057512538e-05,0.9998422464838169,8.231776530654488e-05,4.999982363948594e-05,0.9998652801936861,7.080546487831871e-05,4.9999964457739136e-05,0.9998893862285094,5.865102796313593e-05,4.9999984999641584e-05,0.9999152666263026,4.543394887437485e-05,4.999996188968745e-05,0.999944101724233,3.0482219163216957e-05,4.9999958520752455e-05,0.9999803374072228,1.1226074089808636e-05,4.9999946485123844e-05
0.0574718,-2.4943229057962872,-3.499275541316859,1.0245815877161115,0.9694434608965071,-0.06393702592853476,0.23670568282188514,-0.008017552434938215,0.41860195385687204,0.07745429473851273,1.093295766314406,-4.205232963703465,9.999996499257001,-0.9922336493315835,24.43199657365215,6.918759878267508,27.43949540241336,14.990891428746805,-0.00012536016379707178,-2.7628771684852422,6.692164647918072,6.80009377896399,6.800064164499296,6.8000903332457545,0.9955015939540922,0.0015063865945112915,5.5040440969055685e-05,0.9988849224793137,0.0003718854363740166,5.025141763281304e-05,0.999392268563554,0.00020275102890497226,5.180801628278035e-05,0.9994210839250145,0.00019376852496714927,5.000000812374707e-05,0.9994499118533918,0.00018478783979449385,5.000000100128418e-05,0.9994788085215609,0.0001757780642857988,4.999998156656412e-05,0.9995078151627139,0.00016671490439504533,4.99992691323277e-05,0.9995369664582067,0.00015757801345248879,4.9999833628631274e-05,0.999566300121164,0.00014835468883797145,4.999998434780059e-05,0.9995959226398554,0.00013899791705035473,5.000002992212584e-05,0.9996265341089737,0.00012918303991569092,4.999998054658446e-05,0.9996575912045429,0.000119178098319141,4.9999976390366975e-05,0.9996892232535535,0.00010892392468433057,4.999996306826447e-05,0.9997215822673976,9.835211096520368e-05,4.999926021267194e-05,0.999754876254211,8.737022960590788e-05,4.999982322127281e-05,0.9997894368984268,7.584329525939378e-05,4.999996540079257e-05,0.9998258714443091,6.351478420036956e-05,4.999998621128e-05,0.9998653904212236,4.987620507900436e-05,4.9999962509998184e-05,0.999909947882521,3.4153841712006155e-05,4.999995899128095e-05,0.9999670530043627,1.3284402860060844e-05,4.999994668177329e-05
0.076629,-2.4820392125934174,-3.4966096728905356,1.050721091448668,0.9390272360694822,-0.10280651820397305,0.32780228456316846,-0.014378181632622762,0.8866519991494674,0.20999875808720034,1.6189612405702305,-3.9180485990916916,9.999994097700085,-1.0451627982019613,31.06481902355511,9.410206628737434,21.481822462063292,15.38427298396952,-0.00029452960493794937,-2.5941195104229235,6.69485331246646,6.800093984738882,6.800057455423506,6.800091609569882,0.9939746758154552,0.001526918138636974,5.517579354029188e-05,0.9985123204942167,0.0003726019850970906,5.025235811521314e-05,0.9991888853587341,0.0002033832048198523,5.1819110121197656e-05,0.9992262428192018,0.0001948411058126695,5.000000810243749e-05,0.999263595885418,0.00018631596797365505,5.0000001340276315e-05,0.9993010461161453,0.00017776240541543208,4.9999981950556444e-05,0.9993386801661263,0.0001691349965876743,4.9999266203150554e-05,0.999376573540418,0.00016039291778873624,4.999983146525159e-05,0.9994147701713068,0.000151529949857307,4.99999853305649e-05,0.9994534308504684,0.00014249178938695182,5.000003408047835e-05,0.9994935868293793,0.00013294727959443865,4.999998134835327e-05,0.999534397464175,0.00012319374036778548,4.999997724143944e-05,0.9995760683101517,0.00011315494340179547,4.999996377712959e-05,0.9996188445230418,0.00010273774435580649,4.9999257530760125e-05,0.9996630610923222,9.181516188879187e-05,4.9999821271438016e-05,0.9997091966429276,8.024025549922248e-05,4.999996618506221e-05,0.9997581578752935,6.771356901553705e-05,4.9999987260381635e-05,0.999811707406985,5.3683014238539e-05,4.999996287695354e-05,0.9998726626290771,3.728525344378625e-05,4.9999959252542206e-05,0.9999520190654396,1.5033938923126165e-05,4.9999946702582294e-05
0.0957863,-2.459538029676146,-3.4909239163676973,1.0858808306279426,0.8988639368915498,-0.13812767201203213,0.4153125474820217,-0.021959738126592746,1.4817687308971008,0.3902725079428737,2.0304940412574743,-3.623328122800129,9.999988455320654,-1.0948590131914986,36.476843351625,11.08411942737812,14.271761277330564,15.686741897524797,-0.0009195433641444175,-2.414374475690139,6.698819565215659,6.800094089064738,6.800036780516244,6.800091995770189,0.992412393401527,0.0015622824139281558,5.5412748782073086e-05,0.998138382903773,0.0003739375904437058,5.0254148113698305e-05,0.9989843291494178,0.00020455620931618935,5.1839965289952025e-05,0.999029867855311,0.00019637496389070483,5.000000786705857e-05,0.9990753666911231,0.00018822919429508327,5.0000001495651255e-05,0.9991209851388081,0.0001800609773372866,4.999998217032678e-05,0.9991668854049975,0.00017179476112870687,4.9999260514542786e-05,0.9992132150071493,0.0001633585332685409,4.999982744517279e-05,0.9992600144649489,0.00015475570635771312,4.999998624236927e-05,0.9993075072417559,0.0001459236087125785,5.000003808006232e-05,0.9993569819550422,0.00013660487433706542,4.999998186085091e-05,0.999407331735106,0.00012706572906907276,4.999997784090753e-05,0.9994588538305675,0.00011721447958413212,4.9999964250466305e-05,0.9995119184811988,0.00010692604184303721,4.999925203448091e-05,0.9995670351094775,9.602598284463572e-05,4.999981742756863e-05,0.9996248350497698,8.436159315775745e-05,4.999996685276835e-05,0.9996865669737321,7.159090156133446e-05,4.999998819247098e-05,0.9997545376919665,5.716971501861442e-05,4.999996298939107e-05,0.9998325286206055,4.013400847169524e-05,4.999995928856934e-05,0.9999354100033154,1.6609062124262176e-05,4.9999946510262285e-05
0.114944,-2.4246023203169873,-3.4814511765393767,1.127634570632665,0.849659934507252,-0.1696339490074177,0.49834669275475224,-0.03090695923966102,2.1805650053395573,0.6026138360194994,2.3039018445093538,-3.322813171699176,9.999970839391807,-1.141111806298007,40.47675437965711,11.870867547746277,6.151175177744054,15.91446598425319,-0.01538174402160563,-2.226808954984101,6.703642648955528,6.800094106710747,6.799988351580541,6.800091945354262,0.9907963892224128,0.0016160041791142394,5.578165651081142e-05,0.9977623825062278,0.0003760003975451002,5.025694136143707e-05,0.9987779337102763,0.00020639543914149458,5.187299851290246e-05,0.9988313607034489,0.00019850715186205258,5.000000740135948e-05,0.9988846944050098,0.0001906722861132002,5.00000014421763e-05,0.9989381596318442,0.00018282550696394124,4.9999982208201525e-05,0.9989920313790529,0.0001748540259446356,4.99992522777611e-05,0.9990465693277297,0.00016664567941959205,4.999982114903212e-05,0.9991017992963809,0.00015821516856819108,4.999998712607381e-05,0.999158020810784,0.00014948643097190874,5.000004198352255e-05,0.9992166297026361,0.00014035225240599544,4.9999982075440576e-05,0.9992763430100141,0.0001309887250918827,4.999997817246829e-05,0.999337560348201,0.0001212934823666536,4.999996447207094e-05,0.9994008153567916,0.00011110312440721913,4.9999243937653883e-05,0.9994668513255142,0.00010018378396339122,4.999981127129194e-05,0.9995364537184275,8.838133134233097e-05,4.9999967420203333e-05,0.9996112591001126,7.530787361958256e-05,4.9999989017181215e-05,0.9996940546425618,6.048304940473586e-05,4.999996282321187e-05,0.9997897103233445,4.281829726086352e-05,4.999995906669006e-05,0.9999173386706823,1.807133263311644e-05,4.9999946065371775e-05
0.134101,-2.3755001402594136,-3.46773842675625,1.1731582081042145,0.7921805619034912,-0.19714571671654757,0.576087485563247,-0.041340726065285306,2.9559886046178296,0.8300271002869353,2.4217414902323977,-3.017935651669968,9.999676167363498,-1.1837713584593008,36.105644665671655,9.81044112557113,-3.231400651374932,111.28140112467486,-165.44912630382353,-13.935171954914217,3.4827882191233575,6.8000940528696985,5.735494345880707,6.800091548196083,0.9891041787054162,0.0016922105169965675,5.632290551144444e-05,0.9973835414528418,0.00037884105338606834,5.0260822352966454e-05,0.9985689262532383,0.00020900745703802612,5.192046974372619e-05,0.9986300073864921,0.00020135331695682768,5.0000006684157645e-05,0.9986909318545519,0.00019376255045793918,5.000000114589085e-05,0.9987519901485196,0.00018616948332463552,4.9999982042885285e-05,0.9988136076685453,0.00017842371050756149,4.99992425132575e-05,0.9988761967356823,0.00017037259204740946,4.9999812074767735e-05,0.9989397590999063,0.00016204019647455037,4.999998802072946e-05,0.9990046901285765,0.00015333068220740997,5.000004583868541e-05,0.9990722962203364,0.0001443334822996961,4.9999981972505093e-05,0.9991412445527575,0.00013509845725655985,4.999997820713629e-05,0.9992120433082351,0.00012551703996588473,4.999996441937661e-05,0.9992854322253877,0.00011538313140395588,4.9999234260114033e-05,0.9993624541433571,0.00010439718215697936,4.999980229913581e-05,0.9994440510720821,9.240264634540229e-05,4.999996789913415e-05,0.9995322976930464,7.896140706618732e-05,4.999998973270992e-05,0.9996303459291268,6.370871343501535e-05,4.999996234605215e-05,0.9997443050199655,4.5405303379149686e-05,4.9999958548156695e-05,0.9998978839731187,1.945469756364032e-05,4.999994533122372e-05
0.153258,-2.31228699251851,-3.4500157555470317,1.2191456225990465,0.7388094723565121,-0.2153513654022733,0.636085249308478,-0.05640794487618872,3.647673730315268,1.0179682453882632,2.3598367164381178,-0.886089214985497,6.830124680783977,-1.450731033449249,32.95770136105589,7.91792519043449,-8.086742008876003,42.73335785262514,-261.15997185167083,-4.844984566387721,2.976933465635927,6.80009390549101,3.792362997704501,6.800090639456562,0.9873100434041924,0.0017941353012238853,5.7078216834913826e-05,0.9970011611854526,0.00038238026738919356,5.026570405078441e-05,0.9983565131953246,0.00021241305791380749,5.198328142743507e-05,0.9984250608825914,0.00020494650390069432,5.000000570877625e-05,0.9984933883076402,0.00019754354691169207,5.000000058863503e-05,0.998561847810051,0.00019014233846851393,4.9999981675864337e-05,0.998631050268251,0.0001825574002943391,4.9999233438606255e-05,0.9987015967068648,0.0001746000288175425,4.999979982671716e-05,0.9987734590011221,0.00016630009878421172,4.999998897052688e-05,0.9988471557703817,0.00015753435819478771,5.000004968385518e-05,0.9989236683322213,0.00014862788811506106,4.9999981548852254e-05,0.999001769123632,0.00013947542912555076,4.999997793329899e-05,0.9990820801089849,0.00012996319925006914,4.9999964094698606e-05,0.9991655929382686,0.0001198392871190805,4.99992252205263e-05,0.9992537188744723,0.00010873526888487836,4.999979011516404e-05,0.9993475619017864,9.648917029570152e-05,4.999996831225813e-05,0.9994496887302172,8.260896282922052e-05,4.9999990341879874e-05,0.9995634465706501,6.689935847670176e-05,4.9999961545990325e-05,0.9996963684121907,4.7936607774836836e-05,4.9999957715159e-05,0.9998771040964548,2.0779876663908295e-05,4.999994429994101e-05
0.172415,-2.23637064915754,-3.4290370938801056,1.2629520809183907,0.7099310011622446,-0.2253197706858329,0.6632535725938453,-0.0729761765505714,4.279052896085843,1.1696539757310236,2.2049169188639093,-0.06743528229807794,1.8270158973778512,-1.5435476495167715,35.0888189828078,8.485376841969666,-9.52068672307046,-246.41760959549566,-209.50753100445522,32.16251660773931,6.799960777631427,6.800093690573462,1.2630658686606056,6.800088689034767,0.9853854206104491,0.001924622793743289,5.8093959062669045e-05,0.9966147188533862,0.00038644233206644484,5.027136603054238e-05,0.9981399473971191,0.0002165657982054394,5.206124451243714e-05,0.9982158057420466,0.00020925514054483352,5.000000447569399e-05,0.998291385306918,0.00020200300072216833,4.999999976633727e-05,0.9983670952836876,0.00019475252636336123,4.9999981131380736e-05,0.9984437683966708,0.0001872818715802275,4.999922811117016e-05,0.9985222369512754,0.00017935975558937379,4.9999784055993375e-05,0.9986024359199073,0.00017102308121479627,4.999999002677917e-05,0.9986850471784917,0.00016210859189000288,5.0000053531497203e-05,0.9987704036601063,0.00015326467211497795,4.9999980812508936e-05,0.9988576086268132,0.0001441604968188786,4.999997735480682e-05,0.998947400328951,0.00013467978003392427,4.9999963522991184e-05,0.9990410689598638,0.0001245239784047769,4.999921987773309e-05,0.999140473810043,0.00011324506442931822,4.9999774370248636e-05,0.999246882433461,0.00010067946832531618,4.999996869157197e-05,0.9993634103823544,8.627834786290958e-05,4.999999085183426e-05,0.9994933589662175,7.008760443266751e-05,4.9999960426556386e-05,0.999645929624049,5.0438788141612046e-05,4.999995656712736e-05,0.999855043821201,2.2060275253752746e-05,4.9999942987623215e-05
0.191573,-2.1479453714790786,-3.4051193218097686,1.3034637820716006,0.704706704999985,-0.24964003646885702,0.660896859645066,-0.06546048446510878,4.951258430523337,1.3322105233809876,2.0225266734119542,-4.788120838403826,-2.1865737853222744,-0.927402042685345,35.06234609001821,12.244095176725708,-9.641136507991952,-220.19815631667186,-183.3932025703276,29.834460277866576,6.80002797964207,6.800093395649398,1.9051473165767407,6.8000842402953925,0.9832948958245326,0.0020905247859165144,5.9455700974271655e-05,0.9962237933384174,0.00039092551496875604,5.027768653258757e-05,0.9979184500549497,0.00022149734216937318,5.2155766730976504e-05,0.9980014774419033,0.00021432830014328914,5.0000002956365644e-05,0.9980841874532096,0.00020719785370836437,4.999999864925828e-05,0.9981670375374491,0.0002000577462386408,4.99999804105319e-05,0.9982511089695737,0.00019265942709713291,4.999922955770327e-05,0.9983375236524636,0.00018471329881172987,4.999976391366768e-05,0.9984261725629301,0.0001762633569772033,4.9999991241112866e-05,0.9985179459309655,0.0001671012475262157,5.000005738523672e-05,0.9986120977274644,0.00015830593264192224,4.999997973674339e-05,0.9987083917065823,0.00014921692023074637,4.999997644286709e-05,0.9988076780682221,0.00013972226072895123,4.999996269998612e-05,0.9989115808076225,0.0001294881522412415,4.99992212548719e-05,0.9990225050307233,0.00011796877931967956,4.999975421250839e-05,0.9991418792147534,0.00010500321870769444,4.999996905801516e-05,0.9992734159634107,8.999441894365245e-05,4.999999125668951e-05,0.9994200568936729,7.330207254459845e-05,4.9999958954702565e-05,0.999592997202177,5.293242187198995e-05,4.9999955070105725e-05,0.9998317385303604,2.3305290840498808e-05,4.9999941381846906e-05
0.21073,-2.0466005390514024,-3.3775134572714527,1.3404305370719258,0.7106219721423526,-0.3019392900099038,0.6352780130511936,-0.016482034254540985,5.622956816941559,1.5667738053770874,1.837828940435677,-9.006513581161077,-5.699884558374859,-0.3558556100293006,37.49403258055353,21.77245815732064,-8.893928213603164,-51.85727132890623,-40.79692175191107,9.587034509577494,6.799928327637295,6.800092967209922,5.670623238609355,6.800074997225129,0.9809907306275221,0.002304165197010459,6.130420371968908e-05,0.9958279135579895,0.00039587978042794647,5.028475771293196e-05,0.9976911203609458,0.00022732969400397453,5.227025417075803e-05,0.997781181228239,0.00022029621366427023,5.0000001103503853e-05,0.9978709349676897,0.00021325248551979964,4.999999718778865e-05,0.9979608710227716,0.0002061665146774334,4.999997947926399e-05,0.9980523165252282,0.00019879244434553158,4.999924005138484e-05,0.9981467649585294,0.00019075869393431056,4.999973786910517e-05,0.9982440593471769,0.00018211321575317314,4.9999992654878536e-05,0.9983453310632958,0.00017261486766977348,5.0000061252126915e-05,0.998448241832508,0.00016385589495638384,4.9999978267237305e-05,0.9985536557851813,0.00015473592140106106,4.999997514051812e-05,0.9986625187040762,0.0001451593641459731,4.99999615830223e-05,0.998776795363667,0.00013478544395545685,4.999923161635661e-05,0.998899557164744,0.00012294786597941083,4.999972810481163e-05,0.9990323908158164,0.00010948839893701608,4.999996941141952e-05,0.999179627165192,9.378879821869667e-05,4.999999153730313e-05,0.9993434859939767,7.657089969616683e-05,4.9999957064208436e-05,0.9995375625152864,5.543468689062999e-05,4.999995315928687e-05,0.9998072165482338,2.4521982126702255e-05,4.9999939433283226e-05
0.229887,-1.931855722024502,-3.343749123076929,1.3739780010736067,0.7159433335669654,-0.3673157108437374,0.5909662976624498,0.05712964985125696,6.34123964718947,1.9838743888658215,1.6674456690293897,-9.999956672112557,-6.4814416863900455,-0.17219432295837409,26.455936144279068,24.87727498335895,-7.892558525959829,0.00010574667643592923,-183.6614854872853,1.3186425766325718,4.122659503066753,6.800092464170006,4.398276133554421,6.55440621186721,0.9784039686968554,0.0025867619306665954,6.386072942419694e-05,0.995426302256174,0.00040161130181546586,5.029305132691816e-05,0.9974568158885883,0.00023430447235747433,5.2410989353082364e-05,0.9975538023467603,0.0002273788814786761,4.9999998856526815e-05,0.9976505722192255,0.00022036274846426923,4.999999531425096e-05,0.9977476286318063,0.0002132423909652874,4.999997824443593e-05,0.9978465035045849,0.00020581302064322097,4.999926021546255e-05,0.9979491402132299,0.00019762474529947082,4.999970328127371e-05,0.9980553404850411,0.00018871886213582835,4.999999428218053e-05,0.9981664886085972,0.00017884245469848608,5.000006517602956e-05,0.9982781756324699,0.0001700662000382298,4.999997632328251e-05,0.9983928173167478,0.00016083846843356706,4.9999973361980846e-05,0.9985114397195586,0.00015107898451758081,4.9999960071513745e-05,0.9986363253086972,0.00014047005496990576,4.999925157270578e-05,0.9987713335529835,0.0001282236117604014,4.9999693397040984e-05,0.9989182203040247,0.00011417051179171705,4.9999969716557006e-05,0.9990819148474674,9.771231772454526e-05,4.999999165960322e-05,0.999263563538326,7.992245565060167e-05,4.9999954654724616e-05,0.9994796020854217,5.796042986454622e-05,4.999995073761459e-05,0.9997815004073376,2.5716140896228274e-05,4.999993703788038e-05
0.249044,-1.8053324557155792,-3.3013725048643248,1.4044170476838866,0.7219207685896123,-0.42899904557461277,0.5242258699137728,0.14134348224684765,6.848062823644133,2.4604547472338467,1.5162458944054138,-9.999954646296265,-9.999892024318335,-0.14693274779987034,12.100929381026228,19.259429087916264,-7.045170728227397,0.00036853418891600345,-0.0033922208802971768,-72.21024262704907,3.406260737653591e-05,6.800091537381484,6.785343017062079,0.20365591215058734,0.9754368706917305,0.0029670980051248737,6.737041035912236e-05,0.995017877967458,0.00040842428871595534,5.0303066880624705e-05,0.9972142024453765,0.0002426134432117395,5.258404992943967e-05,0.997318074337664,0.00023572800909633552,4.9999996174106814e-05,0.9974219111484744,0.00022866107075095619,4.999999298573186e-05,0.9975262229026018,0.00022140572920443459,4.999997661360554e-05,0.9976326896612984,0.00021381384328650804,4.999928990490519e-05,0.9977437348750788,0.00020540533815112727,4.9999656561369576e-05,0.9978591372523902,0.00019620323265087433,4.9999996129275556e-05,0.9979805433879216,0.0001859452206756423,5.000006920762854e-05,0.9981011305390105,0.0001770450934593433,4.9999973844894354e-05,0.9982252076266788,0.0001676096900689807,4.9999971046525165e-05,0.9983538900290929,0.00015754969046564903,4.999995807166928e-05,0.998489744611422,0.00014658069727512652,4.9999280968401404e-05,0.9986375096320688,0.00013382392091476435,4.9999646493002084e-05,0.9987991425913348,0.00011907771268987753,4.999996993545817e-05,0.9989801091013731,0.00010180574609430779,4.9999991596075406e-05,0.9991801903401918,8.33731981343004e-05,4.9999951647851525e-05,0.9994190846075974,6.051747782443508e-05,4.999994773227448e-05,0.9997546083102012,2.6892097136369426e-05,4.999993410062543e-05
0.268202,-1.6717639529727213,-3.2507947802035893,1.432120893153799,0.7259115322710207,-0.4843289535720836,0.43329218093141625,0.22524709273138668,7.079883441652069,2.829412586178126,1.3812797458755401,-9.999947586191976,-9.999957009966638,-1.5302829472112405,6.692982019602766,22.02276910227506,-5.469929913553384,0.0006344396565677963,3.025538893568738,-70.6210493049117,1.8914836213892027e-05,6.80009019692758,6.800032273804148,0.49545780500854175,0.9719614302908215,0.003475440400908909,7.190308015489853e-05,0.9946016835100314,0.0004161944574266051,5.0314696474340304e-05,0.996962035047154,0.00025216739822250545,5.27902579433867e-05,0.9970728146637359,0.00024525967392814366,4.999999307392698e-05,0.9971838319946295,0.00023807915384500331,4.999999023430441e-05,0.9972956028350364,0.00023062006756546577,4.999997460038716e-05,0.9974098949547053,0.00022279470659302198,4.99993289194517e-05,0.9975296344826412,0.00021410039243755966,4.9999593930810126e-05,0.9976545917421055,0.00020454551028468835,4.9999998236709026e-05,0.9977866805053521,0.00019386288256948358,5.0000073311378285e-05,0.9979163669276779,0.00018476361133251278,4.999997085013997e-05,0.9980501737288927,0.00017503389778609078,4.9999968221939764e-05,0.99818932130598,0.0001645687231128434,4.999995560037376e-05,0.9983366158342332,0.00015312877718885148,4.9999319599569744e-05,0.9984977594325296,0.00013975019953920315,4.999958361163559e-05,0.9986749455267324,0.0001241970646023297,4.9999970081596195e-05,0.9988740601250682,0.0001060489763049189,4.999999135223496e-05,0.9990932742564379,8.691608375392938e-05,4.999994805427337e-05,0.999355982668864,6.31019387334254e-05,4.999994416086171e-05,0.9997265563901868,2.8051920014443307e-05,4.999993063592369e-05
0.287359,-1.5347211510096421,-3.1925981443289277,1.4575409486856667,0.7192521608353637,-0.5364075748354692,0.3281997813479732,0.29534466073234544,7.208102620464328,3.251308440850284,1.2764908909791317,-9.999935432068218,-9.941995982839755,-2.8831885612133594,0.5184538966174789,23.29511614593065,-4.438255463472542,-0.0016767912942776365,5.111079299080696,-68.96119852833547,1.770309457289581e-05,6.8000864907079945,6.800081178374042,0.7892282118577905,0.9678021000097722,0.004159330281049409,7.727272993925031e-05,0.9941768688820272,0.0004248146280042947,5.032785551322828e-05,0.9966991224932901,0.0002629125538638851,5.303133251184845e-05,0.9968168736422889,0.00025594102144685203,4.999998956630311e-05,0.9969352367442992,0.00024859525033021673,4.999998708506454e-05,0.997054731380729,0.00024087145430749901,4.9999972205975176e-05,0.997177136357113,0.00023275859759234986,4.9999375333371744e-05,0.997305925906913,0.00022370857572810585,4.9999509449715466e-05,0.9974408734389963,0.00021371830310910935,5.000000064250898e-05,0.9975841241626073,0.00020255634274487228,5.000007745485152e-05,0.9977231532318672,0.00019321369581069066,4.999996734474065e-05,0.99786706216372,0.00018311156517268653,4.999996490436263e-05,0.9980171860414941,0.00017213526448593415,4.99999526592862e-05,0.9981764965764829,0.0001601192577502234,4.999936553451206e-05,0.9983517613778202,0.00014599805470936084,4.9999498811193244e-05,0.998545441211313,0.00012950431541951292,4.9999970163270913e-05,0.9987636400513025,0.00011042007376570984,4.9999990928783846e-05,0.9990027318139035,9.054244253432643e-05,4.9999943870479076e-05,0.9992902744522708,6.570821659321862e-05,4.999994002801881e-05,0.999697359394981,2.9196995205712165e-05,4.9999926643629464e-05
0.306516,-1.396342495909713,-3.1260379832723006,1.4811644809299336,0.7024489127104988,-0.5827157576608119,0.2105709592003362,0.35023974853285905,7.218034775172291,3.6975789752427692,1.1914660889971826,-9.999967554790521,-9.844081721505558,-4.204295986769706,-5.9502874970572135,22.970101837927157,-4.234575952741143,0.001191637047919061,7.5071548843191795,-67.41617677130813,2.668124798575424e-05,6.800079147856866,6.800087576406862,1.066979052678115,0.962698200897426,0.005103899112346241,8.299948967879225e-05,0.9937424282778541,0.00043444060417304896,5.0342869455770916e-05,0.9964241686502143,0.0002749538430757895,5.331290259628242e-05,0.9965490050926074,0.0002678685496815934,4.99999856409109e-05,0.9966749403860896,0.00026029635820953915,4.9999983538127434e-05,0.9968025008555325,0.0002522305251965721,4.9999969356199585e-05,0.9969333842884727,0.0002437520686403926,4.999942583248321e-05,0.9970716569980216,0.00023426890889149165,4.999939248036427e-05,0.9972171106900586,0.0002237627489377078,5.000000335594772e-05,0.9973720170621652,0.00021210710044218452,5.000008165481715e-05,0.9975206957467143,0.00020245748515287316,4.999996330148056e-05,0.9976751704874453,0.00019189167627468176,4.9999961074559556e-05,0.9978369071717836,0.0001802788697103447,4.9999949172819146e-05,0.9980089369174512,0.00016755965903174022,4.999941544659829e-05,0.9981991963269911,0.0001525650508292041,4.99993814492612e-05,0.9984104562884639,0.00013498492284898684,4.999997015181176e-05,0.9986487185651501,0.00011492148615232396,4.999999030747986e-05,0.9989084839064143,9.42479074892453e-05,4.9999939051500906e-05,0.9992219427357147,6.833171655599986e-05,4.999993529933255e-05,0.9996670305607507,3.0328834230373724e-05,4.9999922049080845e-05
0.325673,-1.2589634040475937,-3.050940538664325,1.5032254404731094,0.6759487835077475,-0.6206008549130166,0.08235728026844345,0.38879943089369345,7.104043586441321,4.137623126902955,1.1103432278138752,-9.999944726292957,-9.700265223617974,-5.495805032956004,-20.69274706731296,35.842217814567285,-1.679211087929266,26.28048008633209,-15.643934035512096,-5.48969659301387,4.980704632036151,6.800041218000969,6.8000906223404245,6.799037604650379,0.9562495266575768,0.006448674239849083,8.837254575832857e-05,0.9932972413655867,0.0004451869122673427,5.036002872765084e-05,0.996135804101584,0.00028836454863032253,5.364053695848447e-05,0.9962678677731384,0.00028113731946897996,4.9999981318480895e-05,0.9964016706266691,0.0002732697594205695,4.9999979625433304e-05,0.9965377510243979,0.00026474983113458455,4.9999965978050255e-05,0.9966775630419822,0.00025582124649050367,4.999947730888065e-05,0.9968258378733509,0.00024581912467072604,4.9999225586084365e-05,0.9969824333451122,0.0002346773449464114,5.00000063721254e-05,0.9971494499157435,0.00022256714642172743,5.000008591258346e-05,0.9973081381752289,0.00021255757148543468,4.999995872059274e-05,0.9974737488737373,0.00020142161370800382,4.999995674033526e-05,0.9976478938919329,0.00018901327985081467,4.9999945066563215e-05,0.9978334876747439,0.00017544924270722004,4.999946621244375e-05,0.9980397546639533,0.00015944166303772986,4.999921408329115e-05,0.9982698477249006,0.00014060856356335017,4.999997001947851e-05,0.9985291757742047,0.00011954279094532372,4.9999989473681484e-05,0.9988104610585773,9.80228478370601e-05,4.9999933575078e-05,0.999150977896773,7.096483894186308e-05,4.999992996350242e-05,0.9996355821707218,3.144839002886001e-05,4.999991678037042e-05
0.344831,-1.1263701501756007,-2.9649425080559313,1.5242572638238068,0.6396157436468644,-0.6449330281548388,-0.051025558001050964,0.41514977212867893,6.70762730613909,4.824261716627822,1.0781741489016463,-9.496482806689382,-9.999960093490873,-5.6009725632172715,-29.280607099389258,29.541186636696697,-4.560533586730373,31.663878053110253,0.0007727047036511269,-2.9785908523418434,5.1372629173188695,6.48700588277936,6.800091875789577,6.800078305482225,0.9478021162339842,0.008447410423592662,9.280587731261077e-05,0.9928395483191149,0.0004576930464718679,5.038052656153606e-05,0.9958324842101123,0.0003033198914716085,5.402311111338458e-05,0.9959720126759227,0.00029585509721561184,4.999997671710986e-05,0.9961140712843326,0.0002875993423364833,4.9999975474190823e-05,0.9962592274205029,0.0002785236038950572,4.999996189231984e-05,0.9964085208481631,0.0002690421938191297,4.999952575767131e-05,0.9965673952881369,0.00025844258521389644,4.99989770562967e-05,0.9967358423526482,0.0002465909924639463,5.000000960159909e-05,0.9969153722718674,0.00023407764387603418,5.000009029064725e-05,0.9970845616172309,0.00022357655799804205,4.9999953680202646e-05,0.9972620151572799,0.0002117337164574781,4.999995198627349e-05,0.99744952494374,0.00019836894819298106,4.9999940169214555e-05,0.9976496986365112,0.0001837890382327892,4.999951380952647e-05,0.9978731376909804,0.0001666169729728713,4.999896499179212e-05,0.9981234664996771,0.00014638122522347123,4.9999969667294715e-05,0.9984048872323328,0.00012428854187193308,4.9999988401598286e-05,0.9987086115400539,0.0001018495185234376,4.999992748556318e-05,0.9990773823911107,7.359550566231736e-05,4.999992407880582e-05,0.9996030252238833,3.2556946838498297e-05,4.999991067466493e-05
0.363988,-1.00300957384311,-2.866888918506332,1.5441787511798277,0.5940925336689636,-0.6522984017667222,-0.18262291400359315,0.43383118523252656,6.14669118134267,5.390189830673724,0.990806833447391,-8.88988974696049,-9.99994529058803,-5.658034194637528,-34.937398754242054,21.83106031133299,-8.472643445290249,59.85850297006249,138.34425907389962,17.793406948396456,6.800047195010106,4.385877529957527,6.800092486144874,6.800086097320047,0.93623838334801,0.011563732885974232,9.601542731987378e-05,0.9923669696166458,0.00047257870246907713,5.040566521211924e-05,0.9955125942975139,0.00031988991259847337,5.4467783008076575e-05,0.99565998625078,0.00031202642514280933,4.999997207846533e-05,0.9958107891688045,0.0003032821155280567,4.999997133026205e-05,0.9959656309464897,0.000293596474013158,4.9999956917549364e-05,0.9961250547757257,0.0002834660724374399,4.9999568723318975e-05,0.9962951928535606,0.00027220243457624335,4.999858894747941e-05,0.996476208849522,0.0002596335031262571,5.000001293550671e-05,0.996668666063131,0.00024670620873643354,5.000009484308977e-05,0.9968490472493386,0.00023551436789233797,4.9999948380564856e-05,0.9970392038463941,0.00022281131088567151,4.9999947012385604e-05,0.997241173522464,0.00020835142127603428,4.999993431105269e-05,0.9974571302321371,0.00019256840437408836,4.999955576699669e-05,0.9976990726463393,0.0001740650446412077,4.9998576222101946e-05,0.9979711637245684,0.00015230277510868678,4.999996899596061e-05,0.9982757500375011,0.00012913719483174916,4.9999987078377985e-05,0.9986029126223294,0.00010569891772444147,4.999992094876231e-05,0.9990011753445576,7.620704655311015e-05,4.9999917816617216e-05,0.9995693700014884,3.365522239494626e-05,4.9999903571598e-05
0.383145,-0.8915251838860399,-2.759405070021802,1.561734973491819,0.5451479616631213,-0.6488140256230116,-0.29914874343603587,0.438593098138984,5.47738644318782,5.808413070706594,0.828494222754219,-7.7431650025530505,-7.349648720256202,-5.317161319062234,-31.625906260605205,13.256574290078703,-12.07472003711616,268.8487806790943,277.6817126503227,39.3960067025893,6.800073926449421,0.23611868663905697,6.8000929614050625,6.800088516415169,0.9195607922055968,0.01667759114241315,9.804632848172986e-05,0.9918771368525398,0.0004898327641059675,5.043581011187165e-05,0.995174690552509,0.0003379037450049256,5.4975407909893486e-05,0.9953304341928467,0.00032955205793323063,4.999996768995821e-05,0.9954905338678335,0.0003202553009709906,4.999996747253999e-05,0.9956557117259192,0.0003099192205706057,4.999995099456049e-05,0.9958259775001697,0.00029907727555597606,4.9999606181097316e-05,0.9960081165851313,0.000287076268429279,4.9997951278166274e-05,0.9962024732496695,0.00027373559985253895,5.000001631552011e-05,0.9964083300701365,0.0002603359929943852,5.000009955828859e-05,0.9966007282127335,0.0002483190366050888,4.999994308539421e-05,0.9968045853958875,0.00023461845050671762,4.999994206552916e-05,0.9970222581570765,0.00021891536538749397,4.999992743476974e-05,0.9972553805307545,0.00020174970138260722,4.9999592046796144e-05,0.9975173360350971,0.00018173661124222572,4.999793779724635e-05,0.9978128572513176,0.00015830647325082428,4.999996798514477e-05,0.998141730400052,0.00013401963744904822,4.999998552025078e-05,0.9984933723753474,0.00010954024698203068,4.999991420317306e-05,0.998922391612154,7.878373240350656e-05,4.999991139903117e-05,0.9995346272574543,3.4742744034011384e-05,4.99998954176536e-05
0.402302,-0.7923566556462116,-2.6455934057472312,1.5754737160381345,0.5185188908399958,-0.6398817711248411,-0.3749543623312327,0.4255562039720437,4.871520818858988,6.0623726756120435,0.5971757038918526,-2.59275972992743,-2.0300286969352457,-4.562441881135514,-37.927838499215966,13.379084777381683,-14.477340287320919,125.33887689284009,117.64004046327038,16.91068489935582,6.800080188944458,3.894568574213405,6.800093270482635,6.80009011608349,0.8938688196467919,0.025691972558804944,9.917276809758528e-05,0.991367844285951,0.0005092925665886803,5.0471104700795836e-05,0.9948174836776497,0.0003572068748592908,5.554650222014875e-05,0.9949820389867641,0.00034839520608268243,4.999996382400572e-05,0.9951520045585026,0.0003385293093308764,4.999996414725775e-05,0.9953282363852013,0.00032747534071788303,4.99999440656636e-05,0.9955101210243553,0.0003158564758143261,4.9999638957349656e-05,0.9957050926183125,0.0003030239668188014,4.999682623855751e-05,0.9959137070048117,0.0002887662448577231,5.000001968412308e-05,0.9961334560393623,0.00027487403077428735,5.0000104456714175e-05,0.9963387471624697,0.00026198105026381416,4.999993804314994e-05,0.996557424309336,0.0002471610865513647,4.9999937358146886e-05,0.996792239656196,0.00023001850088047478,4.99999194755666e-05,0.9970441034158121,0.000211277114942432,4.999962345599621e-05,0.9973277653476376,0.00018957068745947185,4.9996811938100995e-05,0.9976485572964193,0.00016429995489832948,4.9999966633073003e-05,0.9980028576420675,0.00013887275798454734,4.999998374273809e-05,0.9983800207488052,0.00011335162654223792,4.9999907470730816e-05,0.9988410767463775,8.131486577669257e-05,4.999990501407024e-05,0.9994988082045957,3.581905285871529e-05,4.999988615048035e-05
0.42146,-0.7059862040853252,-2.5269751399361646,1.5842874477374114,0.5241557874046735,-0.6266709708855766,-0.41169767911850247,0.4037927557091472,4.144927456998728,6.318679245447605,0.31982957064524165,-0.19161061263089496,0.223631829787141,-4.2384795389989725,-42.46692090088923,14.795691748329475,-15.526018659795454,0.9891352102908499,0.7797873322024971,-0.0011328507753966708,6.800085129183917,6.799895309839231,6.800093468277651,6.800090838440904,0.8506921474204805,0.04317667222631145,9.971192550517445e-05,0.9908367134825438,0.0005311308034073503,5.0512348544902155e-05,0.9944397603431642,0.0003777233344854339,5.618308124678822e-05,0.9946134641689547,0.0003685748178094368,4.999996084350969e-05,0.9947938335626804,0.0003581709958222566,4.999996167270717e-05,0.994981922032151,0.0003463143530502873,4.999993598619855e-05,0.9951762841610089,0.00033383686334642257,4.999966744654962e-05,0.9953850326552879,0.00032005996302463885,4.9994642964564385e-05,0.9956090346294908,0.0003046723753210218,5.0000022915250707e-05,0.9958431553787602,0.0002903006606020612,5.000010961040267e-05,0.9960622250958225,0.0002765220666471869,4.9999933566352445e-05,0.9962969619104942,0.00026046239884185623,4.9999933145660996e-05,0.9965506083694786,0.0002416312867173959,4.99999102790783e-05,0.9968230144703363,0.00022108894547582096,4.999965036143677e-05,0.9971302650753909,0.00019750027224662382,4.9994627904678504e-05,0.9974783468468634,0.00017021044955588317,4.999996489457326e-05,0.9978592064676999,0.00014365117436768767,4.999998175327641e-05,0.9982629075752146,0.00011711317359044135,4.9999901022526026e-05,0.9987572862724423,8.379047393516136e-05,4.999989888370482e-05,0.9994619240127769,3.6884191818766e-05,4.999987562228314e-05
0.440617,-0.6343760182812593,-2.403216986843047,1.5875704792947773,0.5399289567790979,-0.6112499725774841,-0.4363363082496949,0.38007917920898837,3.331377725556249,6.6021241195521245,0.022393635967363563,-0.17266149487944596,0.23857041636788612,-4.238501241312786,-42.38044832799285,14.985465843737671,-15.673098268885578,1.0429737880284602,0.6922707875888177,-0.0017636272273188341,6.800087733813141,6.800027263779274,6.800093589114258,6.800091303213575,0.7702919174917897,0.08040022992869081,9.992385406839363e-05,0.9902805943650308,0.000556119117512993,5.0561663021266374e-05,0.9940403568438969,0.0003994034992673747,5.688728100136169e-05,0.9942233796080361,0.00039008456091856053,4.999995933629093e-05,0.9944145988989997,0.00037923466368058564,4.999996057710906e-05,0.9946153709240574,0.0003665511080935875,4.999992648473531e-05,0.9948231412510569,0.0003531429099520085,4.999969146509386e-05,0.9950467421911712,0.0003382904641166627,4.998999485812312e-05,0.9952874585198456,0.0003215761096452477,5.000002578088498e-05,0.9955365298262708,0.0003066255524893569,5.000011511705252e-05,0.9957702861714233,0.0002919389243993664,4.999993014397101e-05,0.9960224503053232,0.0002745116051709878,4.999992983759907e-05,0.9962968825133006,0.0002537258561779087,4.9999899561984784e-05,0.9965918894566098,0.0002311250137263425,4.999967254350828e-05,0.996924816320363,0.00020544875502797442,4.9989979676140835e-05,0.9973023381376778,0.00017600870918560785,4.9999962648593895e-05,0.9977108886593979,0.0001483178083019885,4.999997955733454e-05,0.9981421092971444,0.00012079827807017873,4.9999895282529244e-05,0.9986710894508006,8.619682164166149e-05,4.9999893367308346e-05,0.999423985338947,3.7938673829829616e-05,4.9999863562873655e-05
0.459774,-0.578335507134769,-2.273994710305317,1.5851274333382603,0.5549809503003252,-0.5947673035275919,-0.4601087752107567,0.3557348423706687,2.5194845714441865,6.889204544835747,-0.27785994062891956,-0.1526809776403369,0.2518324259833881,-4.238535027573403,-42.28972285873309,15.19630018753748,-15.78465953070378,1.0944306644742208,0.6044687274135783,-0.0017379906857118903,6.800088970794593,6.800053890376462,6.800093628140568,6.800091563077481,0.6171294315598321,0.1531624859319576,9.998624712025505e-05,0.9896954472541087,0.0005851471109220177,5.0621791519924726e-05,0.9936181149430083,0.0004222419008884371,5.7661968006382214e-05,0.9938103478855249,0.00041303172251124946,4.999995995753361e-05,0.9940126871342376,0.00040191176476213006,4.9999961464633244e-05,0.9942269749776163,0.00038839594644104173,4.999991520434834e-05,0.9944491731735566,0.000373968077500233,4.999971154017428e-05,0.9946888745218095,0.0003578676693616252,4.998091474058851e-05,0.994947851787503,0.00033960673234260393,5.0000028007423524e-05,0.9952126388033607,0.0003238910229101472,5.000012108102743e-05,0.9954620165925985,0.00030826957882473794,4.9999928272420106e-05,0.9957331241701733,0.00028932613514982976,4.9999927844237924e-05,0.9960306225979343,0.00026625991536635956,4.999988693475099e-05,0.9963505919333703,0.00024129752323958064,4.999969047325276e-05,0.9967114945298551,0.00021332179050794522,4.998090213704103e-05,0.9971206772848904,0.00018166085278737706,4.9999959761658535e-05,0.9975580436920994,0.00015284496729855675,4.9999977155729656e-05,0.9980177239364292,0.00012438536071522347,4.9999890659747046e-05,0.9985825671535792,8.852229722145654e-05,4.999988880974457e-05,0.9993850022340788,3.8983104868349176e-05,4.9999849599513484e-05
0.478931,-0.5378320824808703,-2.139234634576996,1.5769107460252767,0.569285324736139,-0.5772330392581507,-0.48298372448237614,0.33082068087202365,1.7093294684925442,7.18032397789621,-0.5802507250252078,-0.13171468777808384,0.2634123889385643,-4.238568322708195,-42.19726916956884,15.42264928617117,-15.857802580180902,1.1398194494585618,0.5137056681837014,-0.0015164955027432783,6.800089315343403,6.800054394422252,6.800093563593699,6.800091535295995,0.42997118456273437,0.18715824699709765,9.999409120408137e-05,0.9890762604065166,0.0006191868475921025,5.069619019412047e-05,0.993171886001789,0.0004462289412194073,5.850910460272255e-05,0.9933727122690349,0.0004376356164899553,4.9999963430463554e-05,0.9935861199386051,0.00042656719563244496,4.999996504077407e-05,0.9938147864755881,0.00041218850202814103,4.999990172057594e-05,0.9940525813888277,0.00039659178472895766,4.99997285252706e-05,0.9943098767157089,0.000378997806100676,4.997667679038343e-05,0.9945889929865475,0.0003588588009555195,5.0000029281130054e-05,0.9948705190299816,0.0003421197733791558,5.000012756606914e-05,0.9951364508443886,0.000325565748209857,4.999992841743729e-05,0.995428188447063,0.00030493572311036824,4.999992754787046e-05,0.9957514657128465,0.00027915688508792187,4.999987190610461e-05,0.9960991111675334,0.0002514807658368677,4.9999704918477736e-05,0.9964904474990078,0.00022104703084724228,4.99766652071655e-05,0.9969335543485799,0.00018712293631055618,4.999995609469222e-05,0.997400836954323,0.00015720673777637709,4.99999745504059e-05,0.9978898681334079,0.0001278558030213306,4.999988750630641e-05,0.9984918103698613,9.075678371792364e-05,4.9999885509611716e-05,0.9993449842408185,4.0017993260209656e-05,4.999983326136017e-05
0.498089,-0.5128320566159662,-1.9988563590162556,1.5628864495077015,0.5828148616329877,-0.5586599625334806,-0.5049328119336747,0.30539826827874633,0.9009455246547445,7.47577963888418,-0.8840427296417676,-0.10987887328227683,0.27325358061258975,-4.238597374602771,-42.105535061368855,15.658542915698128,-15.89059745441581,1.1786821658448177,0.4203288663496557,-0.001129758011569687,6.800089206294999,6.800033505710749,6.800093399927964,6.800091211166676,0.3186289991520687,0.11134218541066564,9.996506244750764e-05,0.9884167911923692,0.0006594692141473743,5.078965284535747e-05,0.9927005940042563,0.0004712919975326911,5.9427298618281285e-05,0.9929084820939587,0.00046423017507629796,4.999997065918501e-05,0.9931323107914373,0.00045380914716791637,4.999997226736696e-05,0.9933763296301018,0.00043845684548634586,4.999988553575008e-05,0.9936311834308216,0.0004213979580061644,4.9999743220966914e-05,0.9939079708693357,0.0004019058463732635,4.998613870321914e-05,0.994209609692751,0.00037938329379646075,5.000002921217839e-05,0.994509269125702,0.0003612499042796219,5.000013453502871e-05,0.9947926129287059,0.0003438379156826527,4.9999931030426555e-05,0.9951068477047069,0.0003213407423560175,4.9999929324047065e-05,0.995459185300428,0.00029228041241848127,4.9999853862964756e-05,0.9958376095543604,0.00026150161317300415,4.9999716557480635e-05,0.9962619087488377,0.00022853875017013556,4.998611982092075e-05,0.9967412050415284,0.00019234930705152166,4.999995148151171e-05,0.9972394636856818,0.00016137326864120268,4.9999971751935735e-05,0.9977586795571858,0.00013118857622217297,4.999988612291729e-05,0.9983989210001373,9.288936972408185e-05,4.9999883732770855e-05,0.99930394053534,4.104370547858939e-05,4.999981396206864e-05
0.517246,-0.503301556422684,-1.8527748748052775,1.5430350608826173,0.5955413512444107,-0.5390637980089188,-0.5259309465163483,0.2795294681749126,0.09431895473308982,7.7757543748340145,-1.188462994102943,-0.08729855572836132,0.2813059288658186,-4.2386190176677125,-42.016877317024296,15.897741915516598,-15.882141384006903,1.212712664111783,0.3264003793592546,-0.0003425986725820296,6.800089051359942,6.799949887028984,6.800093153854421,6.800090616879124,0.2622552482566244,0.05637375089544438,9.983493164005517e-05,0.9877092067714239,0.0007075844209453478,5.090898204796331e-05,0.9922033276494414,0.0004972663548147986,6.041009945243766e-05,0.9924150937600947,0.0004933883338638891,4.9999982907228956e-05,0.9926475554905015,0.0004847553009356281,4.9999984654881015e-05,0.9929082999325768,0.00046802969752497594,4.999986608734578e-05,0.9931823306337578,0.00044885279706368233,4.9999756412016356e-05,0.9934812702379698,0.00042670063136578237,4.9993007139236536e-05,0.9938085069027902,0.00040110278996078247,5.000002729459362e-05,0.9941281855661733,0.00038108355952864813,5.0000141775880765e-05,0.994429588395463,0.0003630245332428785,4.999993651519198e-05,0.9947683597494764,0.000338487955230465,4.999993351288233e-05,0.9951537825127766,0.0003054027876513123,4.999983205412601e-05,0.9955664814803511,0.0002711280740093898,4.9999726010528334e-05,0.9960262962840868,0.00023561246475082645,4.999298371495176e-05,0.9965439132812244,0.00019729176030391503,4.999994571692952e-05,0.9970741526785911,0.0001653110070907412,4.9999968783352294e-05,0.9976243202283437,0.00013435932884209526,4.9999886709947364e-05,0.9983040128736094,9.490812652785291e-05,4.999988367463959e-05,0.9992618801051556,4.206043018432624e-05,4.9999790986464885e-05
0.536403,-0.5092074068716465,-1.7009028102410642,1.5173521025091745,0.6074358711214218,-0.5184633336058677,-0.5459560557657894,0.25327609981186006,-0.7106091759664196,8.080311507574937,-1.492721263447348,-0.06406630716229268,0.28755886492374894,-4.238625580918642,-40.836638824800694,15.740033346624175,-15.565049510607608,34.07057828512813,26.301793829589567,4.144751516955264,6.80008900009054,6.085703175807163,6.800092804548585,6.800089650282454,0.2311068187749792,0.031148429481645153,9.943885125692864e-05,0.9869435782170004,0.0007656285544236071,5.1064066502549186e-05,0.9916794683047857,0.000523859344655746,6.144403999926947e-05,0.9918890084884542,0.0005260852716406278,5.000000226525716e-05,0.9921259929470417,0.0005215625434598323,5.000000509514426e-05,0.9924061449518393,0.0005021549807374682,4.999984277596017e-05,0.9927029404050536,0.00047939022870435944,4.9999768892117585e-05,0.9930280042897036,0.00045326594826619956,4.999616327100744e-05,0.9933848101184068,0.00042369678438337834,5.0000022872774085e-05,0.9937269648329643,0.0004012207332090478,5.000014880360246e-05,0.9940466493976948,0.0003829389977682652,4.999994520937282e-05,0.9944121384158923,0.00035622133358414494,4.99999403935049e-05,0.9948356143868327,0.0003181681259440103,4.999980559559134e-05,0.9952863972504681,0.0002800842298829785,4.9999733877936184e-05,0.9957841572115167,0.0002421390725700969,4.9996136503036556e-05,0.9963420069436242,0.00020190633760022372,4.999993854037574e-05,0.9969051697463222,0.00016898293226895347,4.9999965684736705e-05,0.9974869808916931,0.00013733933665062287,4.9999889328058014e-05,0.9982072130009817,9.679987262769611e-05,4.999988542611632e-05,0.9992188119637746,4.3068141381025344e-05,4.9999763498780034e-05
0.55556,-0.5303162157456429,-1.543227360042126,1.485887323814272,0.6212424707462205,-0.4958629036669105,-0.5625800422024484,0.22733418540641057,-1.4929271741670955,8.381847376679438,-1.7909049221777964,0.5886325282123138,0.7914290973914384,-4.1592235095656385,-31.44112015780192,12.523650840195769,-12.930202354356906,314.35280445249526,247.5315852799137,40.09252189788496,6.800088756844568,0.00041534887046380055,6.8000922716217795,6.800088356143599,0.212146417921248,0.018960400853731244,9.848368534605637e-05,0.9861072284130045,0.0008363498039958446,5.1269440086818245e-05,0.991128839636976,0.0005506286678097088,6.250746141927784e-05,0.9913253919037789,0.0005636165846752191,5.0000032722512704e-05,0.9915578099050462,0.0005681830419954938,5.00000403408989e-05,0.9918639059015436,0.0005422390502956334,4.9999814966213614e-05,0.9921901190688389,0.0005128213362146535,4.999978144212886e-05,0.9925472608510765,0.00048074343862719994,4.999769098960354e-05,0.9929384146921741,0.00044639542623275844,5.000001511777137e-05,0.9933059638419638,0.00042100099100046733,5.0000154769153916e-05,0.9936434567110116,0.0004031926866831282,4.999995737099222e-05,0.9940379394613356,0.00037419895455680606,4.9999950145856525e-05,0.9945055571162681,0.00033005727056444403,4.999977353355215e-05,0.9949983303957781,0.00028806685468994904,4.999974082469123e-05,0.995536146716631,0.0002480104948856596,4.999766082112062e-05,0.9961358550752102,0.00020615186841396448,4.999992961770398e-05,0.9967328193346403,0.00017235041168178918,4.9999962515859875e-05,0.9973468848577035,0.00014009603398961273,4.9999893863484004e-05,0.9981086623083419,9.855069263977699e-05,4.9999888936367374e-05,0.9991747454008169,4.406656295779535e-05,4.999973060743956e-05
0.574718,-0.5646856243664697,-1.380375152147023,1.4491122847860187,0.6625212793373487,-0.4600541991208099,-0.5529658888118536,0.20891028908936637,-2.095252803574686,8.621766178456925,-2.0386121359273974,6.6107700935275915,5.533455372335899,-3.3911607508127894,-37.007192511001264,15.488486417507096,-7.459301436642883,156.15175816505342,91.06938134960028,20.41158906122855,6.800088865443501,3.750935321747197,6.800091328841992,6.800084841682462,0.19969115000885856,0.012455267912389411,9.65462340347551e-05,0.985184443342742,0.0009227850702625141,5.154486304603489e-05,0.9905517145744056,0.0005771250625703078,6.357653113944394e-05,0.990719047484,0.0006063444197788489,5.000008210042793e-05,0.9909284020904316,0.0006294078146146085,5.000010834922149e-05,0.991276176396097,0.0005877295054466221,4.99997816959927e-05,0.9916434189724395,0.0005467000963994998,4.9999794845137334e-05,0.9920404580006509,0.0005068028504256437,4.9998508655752424e-05,0.9924708126799218,0.00046760201225237854,5.0000003130912605e-05,0.9928663685044905,0.0004395953374733118,5.0000158507203045e-05,0.9932202019657512,0.0004232547452605192,4.9999973088483754e-05,0.99364604184225,0.00039189761908553603,4.999996271476135e-05,0.9941651734487188,0.00034038366754929274,4.9999734998148065e-05,0.9947035740487825,0.00029475634699554284,4.99997479257719e-05,0.9952830039354958,0.00025314278113518365,4.999847494242088e-05,0.9959258892186745,0.00020996585653571494,4.9999918587157565e-05,0.996557430659969,0.00017538867467126662,4.999995933793615e-05,0.9972042780336797,0.000142606824023742,4.999989992096821e-05,0.9980085101924585,0.00010015211588345675,4.999989390097865e-05,0.9991296902099318,4.5055190885051196e-05,4.999969151647714e-05
0.593875,-0.6116362830865054,-1.2123725557115679,1.4084472003863704,0.7348816161319661,-0.4020053575410763,-0.5073815690400408,0.20224638509837117,-2.804209113334708,8.91848309831135,-2.1815118930040223,9.602209506239758,7.278094945158062,-3.0001306867817283,-40.082412181703035,16.893279476687095,2.6110740176167515,20.76361039781031,-29.067029025873104,3.6117016677782128,6.800089479824814,6.800015298080128,6.800089034782189,6.800056687475292,0.19103611025517028,0.008655039753688271,9.312028546098417e-05,0.9841548600095071,0.0010295833332348637,5.1922082978886e-05,0.989949068048503,0.0006026465259025659,6.461627426222618e-05,0.9900707120277894,0.0006483354562105856,5.0000164015623256e-05,0.9902314780237487,0.0006969240666830127,5.00002532406049e-05,0.990646402260275,0.0006297741358220052,4.999974084125106e-05,0.9910688613823855,0.0005745575900540759,4.999980861179928e-05,0.9915128459774786,0.0005276120231722581,4.999898800056841e-05,0.991985584288889,0.00048522839103270376,4.999998600042347e-05,0.9924105421603675,0.0004558263441229293,5.000015860583982e-05,0.9927782585644853,0.00044194340126592395,4.9999992541832374e-05,0.9932379124154136,0.0004081294268364326,4.9999978002666855e-05,0.9938168446981085,0.00034832875061028797,4.9999689589805275e-05,0.9944036626168724,0.00029991143191010337,4.999975593112368e-05,0.9950255174474365,0.00025748648805928924,4.9998950944082035e-05,0.9957125681782288,0.00021332104044556168,4.999990488936236e-05,0.9963793654146881,0.00017806524528103966,4.999995624465529e-05,0.9970594425304855,0.00014483550319419495,4.999990713487436e-05,0.9979069203300917,0.00010158986236686125,4.999990005063844e-05,0.9990836569345625,4.603327536933424e-05,4.999964590440916e-05
0.613032,-0.6727878606673708,-1.038372942595944,1.3668282886770768,0.807040600701398,-0.329412691169403,-0.4471589103066997,0.20055077733257967,-3.5720781976531906,9.242112000287,-2.1314908761573768,9.99998333359914,6.721250390474687,-2.9309403885557557,-36.20606093190788,14.252063418886921,11.81849626324898,0.0003466231042797165,-12.587100892935776,0.9656431633643359,6.800087810553127,6.799814301818081,6.800085459876543,6.366491217325653,0.18477213366366013,0.006263976591510165,8.778388352655905e-05,0.9829902762293629,0.0011645837801443017,5.245680810730221e-05,0.9893231060270757,0.000625962021427254,6.557023007042877e-05,0.9893937343450055,0.0006769776827837928,5.0000300062416086e-05,0.989493755552483,0.0007377224712656939,5.0000547470968654e-05,0.9899944392964865,0.0006519629637884838,4.9999690734466654e-05,0.9904798039588615,0.0005890574235239653,4.999982136773873e-05,0.9909730813758678,0.0005397646016106864,4.999929057341774e-05,0.9914882391761285,0.0004973451127604407,4.9999962906157404e-05,0.9919425426441087,0.0004679995162587863,5.0000153632597884e-05,0.9923215007247987,0.00045675783968653,5.00000157695223e-05,0.992817390583891,0.0004205218315226185,4.999999567558416e-05,0.9934637487240136,0.00035309597409506984,4.999963850209902e-05,0.994100224231365,0.00030343838550738047,4.999976517446056e-05,0.9947644980266728,0.0002610194207637721,4.9999250780580974e-05,0.9954963318879118,0.00021623629031711263,4.999988756659504e-05,0.9961990431148285,0.00018032229985955986,4.999995339702605e-05,0.9969127254485088,0.00014671708197674067,4.999991525714465e-05,0.997804083507565,0.00010283682252664734,4.99999072310804e-05,0.9990366574151365,4.699951942599618e-05,4.999959501995829e-05
0.632189,-0.7479860445750796,-0.8586075565551256,1.3278934771264548,0.8667060247234403,-0.2501386836701058,-0.38318246938355777,0.19854828922765894,-4.265687023602399,9.515142446595949,-1.905080902063427,9.999989973947143,6.480116059709659,-2.9124413139923377,-25.13973880994965,8.657647507347194,14.457895692706272,-8.961179102545901e-05,183.7347897155541,1.217884650572569,6.800080041983834,4.294148638941138,6.800077155560316,3.756646078450415,0.18008813383000485,0.004683999833655278,8.068916024643406e-05,0.9816521539158692,0.001338122313493647,5.323768950980015e-05,0.9886773579499637,0.0006457480771120286,6.637970708007748e-05,0.9887053674082853,0.000688366936720313,5.0000563976467e-05,0.9887568413030875,0.0007369142493954771,5.0001097117271945e-05,0.9893447950138943,0.0006496442825921526,4.99996354448743e-05,0.989890686768514,0.0005891171903474711,4.999983323282195e-05,0.9904304845039094,0.0005425968719585277,4.9999491014355314e-05,0.9909856660321906,0.000502573143937848,4.9999933305062276e-05,0.9914681601226141,0.00047438252149472563,5.000014278514706e-05,0.991857019885713,0.00046448083908586315,5.0000041758534316e-05,0.992391112600369,0.0004262779835218425,5.0000014535982995e-05,0.9931095096825078,0.000354239041505779,4.999958590873131e-05,0.9937948555946137,0.0003053686367514114,4.999977620582597e-05,0.9945007471597492,0.000263750866923587,4.9999449228251684e-05,0.9952776246997268,0.00021870718818493753,4.999986535283812e-05,0.9960169313896429,0.00018211172518566826,4.999995096733074e-05,0.9967645285459612,0.00014819690254758982,4.999992387832531e-05,0.99770021197434,0.00010387153322495927,4.99999150952544e-05,0.9989887051652582,4.795224987830739e-05,4.999954303152004e-05
0.651347,-0.8344808414636519,-0.6746444119034959,1.2938508289591886,0.9191753445426533,-0.17052489065499477,-0.29971186657474763,0.1902880539575843,-4.7472954690345786,9.68099922771187,-1.6281072739194034,9.999988257231003,9.999970705601807,-2.8891099843507653,-12.717490771870427,3.8298850473984816,10.956447689561877,0.00019829918369466002,0.0007173222652427868,70.65398393662784,6.80006128186693,0.8634661613263704,0.9046271068193731,6.262826718189413,0.17648294332365622,0.0036051905063486473,7.299637983996661e-05,0.9800889258652646,0.0015632280506045727,5.44027342088499e-05,0.988016304649474,0.000661053300489703,6.700352872659936e-05,0.9880162975722495,0.0006890698360358606,5.000153881838889e-05,0.9880495249159136,0.0007073163871739238,5.000213004815744e-05,0.9887144522546712,0.0006303427592229983,4.99995842966591e-05,0.9893119796353502,0.0005787071331637534,4.999984546084542e-05,0.9898927317313756,0.0005377527725337398,4.9999628205859165e-05,0.9904850592706089,0.0005006067615817297,4.9999896601177e-05,0.9909943266124263,0.00047383351018784754,5.0000126548995664e-05,0.99139425100064,0.00046276888507296415,5.000006803730653e-05,0.9919673759334462,0.0004237366669229343,5.000003262981705e-05,0.9927576061026141,0.00035190357989364844,4.999953920083795e-05,0.9934890074834056,0.00030584811120805123,4.999978947729691e-05,0.9942350253571823,0.00026572180256689533,4.999958504669701e-05,0.9950569136788585,0.00022071102086830438,4.999983664853105e-05,0.9958335133290008,0.00018341806064199546,4.9999949079641686e-05,0.9966152799401733,0.00014924860578795644,4.999993250263116e-05,0.9975955242568438,0.00010468771749626707,4.999992314411985e-05,0.9989398150752465,4.889009001156211e-05,4.999949725509697e-05
0.670504,-0.927917261656542,-0.4884111366674222,1.2645619957652352,0.959416190099568,-0.09253688065671169,-0.19486497731556615,0.1816146144275294,-4.99092771226276,9.754369321084978,-1.4182117861770842,9.999992056099492,9.999984447529027,-1.5355734331339999,-6.529611918283555,1.1997664071978151,11.509644382839193,-3.951094978838912e-05,-0.0007740520389097055,82.87420868647683,6.799807697766759,4.015563080063671e-05,0.013893443661974836,6.619691407552554,0.17363442390638206,0.002848519417274127,6.62773159852571e-05,0.9782315702874489,0.0018573555778157705,5.616849130784624e-05,0.9873447865059426,0.0006715181435313942,5.0546418440733764e-05,0.9873489544724032,0.0006673430998462795,6.688239870788419e-05,0.9873882892259339,0.0006612356899797528,5.000343632566948e-05,0.9881121689330864,0.0006022833215848169,4.999954714584898e-05,0.9887496975623948,0.0005622820729553995,4.999985904200243e-05,0.9893650821324255,0.0005276495989501429,4.999972477295971e-05,0.9899926975105657,0.0004923617600431597,4.9999851507733376e-05,0.9905279601635355,0.0004663664488908212,5.0000106841738936e-05,0.9909425127384742,0.00045173826216582543,5.000009139554998e-05,0.9915539136604226,0.0004134622730235758,5.0000048102294245e-05,0.9924108549261412,0.0003467511764728876,4.99995067801563e-05,0.9931839099473412,0.00030509753606441285,4.999980500464829e-05,0.9939680323937834,0.0002669929633989414,4.9999680631930306e-05,0.9948346741382057,0.00022223954065273336,4.999979929964094e-05,0.9956492460096298,0.00018426731937107492,4.9999947769100296e-05,0.9964654074870344,0.00014987245313888878,4.9999940718451996e-05,0.9974902305215049,0.00010529373533894315,4.999993091597003e-05,0.998890002530367,4.981254487951097e-05,4.9999465977785445e-05
0.689661,-1.0248890340063441,-0.30125129067560596,1.2394515355498228,0.9792840746374966,-0.015480319426272593,-0.08514851382179224,0.183061362158563,-5.116017168005052,9.777353554875967,-1.1977185670310455,9.99999129917806,9.999969618814935,0.052069108168762236,-0.0026068669664353157,-0.002936724014798246,-9.74810154978335,2.1286126520059677e-05,0.0008572381637044449,5.425327682629412,0.0023600869751013763,0.0019140931912109643,4.082954249258554e-05,0.027608844097850083,0.17133103677412945,0.0023033871322526247,6.129711379729661e-05,0.9759845999729294,0.0022469703145194353,5.887820141952481e-05,0.9866673883773477,0.0006773981285949001,5.054230262572552e-05,0.9867368448773384,0.0006121095950648379,6.466163512608033e-05,0.9867778703597267,0.0006104188662071079,5.0004060348226475e-05,0.9875407027410935,0.0005714661919928692,4.999953127162801e-05,0.9882064996289809,0.0005431979334140204,4.999987412220733e-05,0.9888505293744598,0.000514552757965743,4.999979480960577e-05,0.9895131019120637,0.00047959559850205416,4.999979525707688e-05,0.990074950468405,0.00045300969513046083,5.0000086239498164e-05,0.9905089598129119,0.0004335529255623981,5.000010931065537e-05,0.9911564475098348,0.0003974661505877945,5.000005996245578e-05,0.9920712288530379,0.0003396260731033506,4.999949517816306e-05,0.9928805380122206,0.00030337193512045436,4.9999822225396276e-05,0.9937004108250059,0.00026762156877747727,4.999974982335618e-05,0.9946113514535437,0.00022332268466201678,4.999975001965236e-05,0.995464551461482,0.00018469454814775917,4.9999947030465394e-05,0.9963153367965183,0.00015007069051608147,4.999994831739459e-05,0.9973845314113895,0.00010569911011535429,4.9999938157340394e-05,0.9988392829530675,5.0719577299457086e-05,4.999945561701845e-05
0.708819,-1.1228987719417387,-0.11394437636444171,1.2147177436001622,0.9797376965537192,0.06064768135646588,0.02661770188490557,0.1890131952508653,-5.1160671084263365,9.777297295298327,-1.3844654568375583,9.999991706961863,9.999986041147025,0.15600350665015017,8.642829157750331,-6.98030923465896,32.402578906272595,-0.00013513496681866037,-0.0008823166987308682,9.970184990738218,6.738964779761456,6.365273599597335,6.36069592157437,6.800039858034553,0.16943148171402533,0.0018995550601041199,5.789458977472701e-05,0.973210682815109,0.0027739171578202945,6.302324628959292e-05,0.9859884920617463,0.0006788963156013271,5.054387913243714e-05,0.9861746359574824,0.0005622089198558968,6.266360621853406e-05,0.9862151789117743,0.0005626914479523692,5.000437427780834e-05,0.9869994581397109,0.0005412446013825991,4.99995382196078e-05,0.9876829387905572,0.0005235608384236073,4.9999890250270495e-05,0.9883503996825455,0.0005001296919142996,4.9999847346565947e-05,0.9890488397997288,0.00046426211233479436,4.999972284210901e-05,0.9896394145768332,0.00043553589157174625,5.0000066984585504e-05,0.9900979616613105,0.00041099815160143755,5.0000120783381895e-05,0.9907783321571443,0.0003781153526905474,5.000006812308527e-05,0.9917399135973486,0.00033131525568934193,4.9999505703592575e-05,0.9925796210926809,0.0003009169195396728,4.999984027867154e-05,0.9934327754252986,0.00026763539970732774,4.9999801412264466e-05,0.9943873363990346,0.00022401505450905112,4.999968359294184e-05,0.9952798118711667,0.00018473959031534048,4.999994682748968e-05,0.9961654975782214,0.00014983921829690624,4.999995524156391e-05,0.9972786171946209,0.00010591421676873934,4.99999447602549e-05,0.998787671326519,5.161162654845663e-05,4.999946739435266e-05
0.727976,-1.2196466954933995,0.07221334884391048,1.1942293700159115,0.961970350386344,0.13573274972702637,0.1377896155799034,0.19287868598011346,-4.950494206246754,9.643573715091142,-0.763720914779417,9.99998911814653,9.999969138378987,0.3470049060823625,19.419088386122986,-11.331458365989015,29.208778408942752,-0.00018682020036086877,-0.0025187875747630355,4.752585593786368,6.704742954574607,6.80007429121466,6.792930266302186,6.8000780539957315,0.16783580976364879,0.001595671950376526,5.5640499240450476e-05,0.9697084415704136,0.0035022412446954507,6.904129459413124e-05,0.9853120166882325,0.0006764753735138591,5.053970579081326e-05,0.9856567144299948,0.0005179215274877592,6.093387204223769e-05,0.985695722256373,0.0005194566554013509,5.0004526961063365e-05,0.9864865313817127,0.0005129267579981002,4.9999564521488624e-05,0.9871784214388012,0.0005045173517561041,4.9999906837303444e-05,0.9878648151115479,0.0004855845709976276,4.999988773797395e-05,0.9886007984771874,0.0004480413225414984,4.99996262893317e-05,0.9892234945991835,0.0004159199776497951,5.000005039453315e-05,0.9897111305661754,0.0003868310951349252,5.000012634712539e-05,0.9904209001374138,0.0003574320197304802,5.0000073074058586e-05,0.9914174962247875,0.0003224173725611392,4.99995349192311e-05,0.9922816877266897,0.00029793336599135485,4.999985836521687e-05,0.9931656895037771,0.0002670859215215526,4.9999840568825285e-05,0.9941629644347004,0.00022437196433412935,4.9999592024521664e-05,0.9950953675192283,0.00018444435193836856,4.999994710289869e-05,0.9960162892375503,0.00014920834067119623,4.9999961442891264e-05,0.9971726643275324,0.00010595286708843688,4.999995069464607e-05,0.9987351823603858,5.248896613315491e-05,4.9999497814214676e-05
0.747133,-1.3112244715904708,0.25499203014484345,1.185142407905717,0.9263086998758486,0.2084798682864747,0.24627582250733818,0.1945121348573813,-4.578477733042611,9.426494051321383,-0.20416083068910398,9.999985539183879,9.999920885317273,0.43805141125531777,25.977351368710497,-13.434992536404499,19.274609083148828,-0.0004472061990201859,-86.69145436843479,4.254103817254125,5.557360359382485,6.800086143861715,5.656029396073398,6.800087030049407,0.16647002332315403,0.0013657864404947732,5.415671700112309e-05,0.9651812663607123,0.004527175209701184,7.664666886600788e-05,0.9846406811341464,0.0006713355540861115,5.053137894517699e-05,0.9851770457597187,0.00047966867027611314,5.94936390229439e-05,0.9852143035698386,0.00048141868653431627,5.0004603220199056e-05,0.9859994425113374,0.0004870888703754447,4.999960208950054e-05,0.9866917257056711,0.0004866957331301181,4.99999233102744e-05,0.9873929402880525,0.00047187482349544843,4.99999193570382e-05,0.988168632946439,0.00043216553074841655,4.9999493626989836e-05,0.9888273801598045,0.0003961144393789407,5.0000036835403775e-05,0.989347699905657,0.0003634306605185259,5.000012755570599e-05,0.9900837358372405,0.00033716430017324925,5.0000075599034664e-05,0.9911040979145783,0.0003133983102092109,4.999957483874803e-05,0.9919870961821556,0.00029459154453397154,4.9999875804303036e-05,0.992899604113155,0.0002660853906221018,4.99998705271343e-05,0.9939385199931084,0.00022444444159193234,4.999946341771784e-05,0.9949114742809877,0.00018389323824057608,4.9999947705999594e-05,0.9958680137936692,0.00014827544388106546,4.9999966855284264e-05,0.9970668146991503,0.0001058496283820224,4.9999955917277545e-05,0.9986818292957532,5.335306463265553e-05,4.999953886159653e-05
0.76629,-1.394384257666338,0.4331975777015982,1.1849992576558812,0.876163996435278,0.2792544337597726,0.3429835698144861,0.19160982759667144,-4.080822928284708,9.169116442159831,0.16508781533001776,9.999976971939647,8.339150386217556,0.5195483727640823,34.7550669241843,-17.400028185255447,12.959306112312056,-0.004042317184423041,1.5185617870985284,3.7929533514316183,6.695264766499264,6.800089966995183,6.799510540986737,6.800089928659374,0.1652810272402321,0.0011889960829219103,5.3159547405200586e-05,0.9591731524127899,0.006008113947922464,8.444566049604808e-05,0.9839758373768864,0.0006648437572598882,5.0521055463714086e-05,0.9847300282113497,0.00044701754836900105,5.8316274956980295e-05,0.9847657154256703,0.00044858814416844057,5.0004647617996676e-05,0.9855354827226851,0.0004639597886523535,4.999964255737583e-05,0.9862212916346781,0.00047043407099302785,4.9999939212850044e-05,0.986933530961247,0.00045940932680540905,4.999994493077921e-05,0.9877512182549864,0.00041741469145254606,4.9999304798717e-05,0.9884499457094996,0.0003774344503048767,5.000002600551639e-05,0.9890058025458445,0.0003418973598123974,5.000012590646753e-05,0.9897653905020104,0.00031834533523021006,5.000007645629069e-05,0.9907994963231718,0.0003046015914065281,4.999961720336496e-05,0.9916960514118851,0.0002910447702705723,4.9999892086062356e-05,0.9926348997536152,0.00026470435953984065,4.999989389035835e-05,0.9937142208507443,0.00022429914236421475,4.9999277849460996e-05,0.9947282926247335,0.00018318165625418723,4.999994846507239e-05,0.9957208909895012,0.0001471228041679413,4.999997152350589e-05,0.996961171380991,0.00010564331815927496,4.9999960444343794e-05,0.998627622637383,5.4206658370052536e-05,4.999958226997764e-05
0.785448,-1.4663432955637077,0.605729158111427,1.190836169599288,0.8142680934200219,0.34733519528864953,0.42704201086447213,0.18428033920365472,-3.4150111679165707,8.835779624775698,0.41335257725985153,9.999899532229161,8.368241865134902,0.5922109561341525,33.78194262721918,-16.55915290916908,1.5483762980446334,-165.00033364223424,-130.33984936689788,23.90458648540706,6.800012638630892,6.800091531201713,3.2219359379789183,6.800091204181549,0.16422990889363276,0.0010511183465993464,5.2473126024925756e-05,0.9509578475838905,0.008215304828899476,9.083531371151967e-05,0.983317558493592,0.0006582788832945342,5.0510750279991444e-05,0.9843106076258135,0.00041942058553618144,5.736546795297769e-05,0.9843450439835395,0.00042067144213068624,5.0004684876425826e-05,0.9850919227199548,0.00044356000273020204,4.999968053866618e-05,0.9857653895319652,0.00045590210271283726,4.999995430656488e-05,0.986485171944743,0.00044835901650410115,4.999996631984578e-05,0.9873470781796193,0.0004041400753670764,4.999902587634476e-05,0.9880893652610722,0.0003605804484274432,5.000001735517464e-05,0.9886830676403222,0.0003227349055223957,5.000012261937959e-05,0.9894638829775783,0.0003015075244321237,5.000007626820051e-05,0.9905032413974318,0.00029625492573989,4.9999656715482044e-05,0.9914086237377635,0.00028742767412167703,4.999990693270228e-05,0.9923718775873694,0.00026302216624568157,4.9999912418614296e-05,0.9934902206603621,0.00022400019038221013,4.999900153702804e-05,0.9945458890061375,0.0001824036185960129,4.999994921987221e-05,0.9955750507115241,0.00014584027797714662,4.999997551046848e-05,0.9968557953834256,0.0001053759975655043,4.999996432096908e-05,0.998572569599211,5.505303817201853e-05,4.999962274380594e-05
0.804605,-1.5256384304060553,0.771982909196533,1.199280994737958,0.7512356739913086,0.4018701968840122,0.4920854597868562,0.17887223602763797,-2.767841800113314,8.518551671432668,0.44301522043537156,6.8389456821526835,5.871287831284227,1.0501572706511346,30.384507399031747,-14.551938179115528,-5.322623873847116,-307.2115848345788,-255.43879428366844,40.19556416532921,6.800060446810488,6.8000923425344855,0.00038706722768526626,6.800091796466172,0.16328797895898267,0.0009419299346500763,5.198775279772954e-05,0.9393141146328539,0.011643732951036666,9.518703288053882e-05,0.9826650318080484,0.0006525266855435945,5.050181443706566e-05,0.9839144370580798,0.0003961705677336984,5.659969884122254e-05,0.9839479368852855,0.00039710709825414896,5.000472635904453e-05,0.984666149836862,0.000425772883092908,4.999971376071901e-05,0.985322210918961,0.0004431786130042005,4.999996856669493e-05,0.9860465252394348,0.0004386467053081328,4.999998486052116e-05,0.9869546620000023,0.00039241617961706735,4.999859484695349e-05,0.987743611853312,0.0003457534077600787,5.000001033834017e-05,0.9883771004229995,0.00030596721732256633,5.000011849652566e-05,0.9891771289718665,0.0002867540057117681,5.000007546344989e-05,0.9902147545383934,0.00028848685903849075,4.9999691169498974e-05,0.9911247673906698,0.0002838563470935851,4.999992026805474e-05,0.9921107757216718,0.00026110186569759517,4.9999927376759946e-05,0.9932666108049883,0.00022360985537375557,4.999857260632111e-05,0.994364257540387,0.00018163146575045139,4.9999949860412805e-05,0.995430552071921,0.0001444986396030585,4.999997890283407e-05,0.9967507129093325,0.00010508247409306955,4.9999967622775464e-05,0.9985166741981395,5.589540107151864e-05,4.999965808283066e-05
0.823762,-1.5731041640598957,0.9325033956805168,1.2068930426034705,0.7166567172695795,0.4303594303904153,0.5171384765561109,0.1837378764309806,-2.185757973216962,8.239776447177144,0.34104834524694755,0.9536142986627062,0.9777811187427579,1.820194036636628,38.54396930735109,-18.199979175846412,-6.062722802178568,-68.7496804538806,-58.00121990809896,8.853746378165384,6.800068813077477,6.800092827257304,5.2730233879147805,6.80009223320531,0.16243448261072627,0.0008534963482564092,5.163289144782345e-05,0.9219910253497615,0.01732308928309236,9.776739287686636e-05,0.9820172734480138,0.0006477583600345972,5.049446908312101e-05,0.9835380984999992,0.00037633855808058835,5.597404736858349e-05,0.9835708934408277,0.0003770434444577659,5.000477135719095e-05,0.98425579949448,0.00041035034238183916,4.9999742274834026e-05,0.9848899693935137,0.0004322415254472901,4.999998217648312e-05,0.9856167152847295,0.00042980995470527547,5.0000001528671486e-05,0.9865724848402706,0.0003821771597316445,4.999788288800955e-05,0.9874108562625359,0.00033275559077617484,5.000000453718396e-05,0.9880858966047791,0.00029120381822039055,5.000011390716983e-05,0.9889033342560941,0.0002737947157724139,5.000007425326283e-05,0.989933425826143,0.00028132871225043703,4.999972066301148e-05,0.9908443603195826,0.00028040707108721125,4.999993219120372e-05,0.9918518396134332,0.00025893610823860577,4.999993974413086e-05,0.9930434225421717,0.00022318826281658328,4.999786236247167e-05,0.994183366969522,0.00018089057086496946,4.9999950367653145e-05,0.9952874383646302,0.00014311370729093296,4.999998181662967e-05,0.996645938231291,0.00010477467804141873,4.999997046101335e-05,0.9984599385063779,5.67356917616311e-05,4.999968838810309e-05
0.842919,-1.6079073602948637,1.0870116358611694,1.2123261451442457,0.7098675085872329,0.4410049653752134,0.5126084703179019,0.19706139702170625,-1.4473612349202134,7.891114762819932,0.22490320444350195,-0.3634410207127003,-0.13336317612374365,1.989807534281696,40.873736689006,-19.186810199987107,-5.761635834436784,0.2706834715045567,-0.7274287824398247,0.0037766728773707017,6.800067715606788,6.800093174455704,6.799875278930203,6.800092669463314,0.16165334450763794,0.0007811381030883052,5.136821077746304e-05,0.8945394925204854,0.027451532829276266,9.91043449076843e-05,0.981372711150103,0.0006445622979107437,5.048957010916994e-05,0.983178604267432,0.00035949423256724446,5.546367275042875e-05,0.9832108324087884,0.000360061032039335,5.000482580675169e-05,0.983858646109126,0.0003971533853541601,4.9999766110725254e-05,0.984466845847807,0.00042312354570674587,4.999999544722055e-05,0.9851951503630196,0.00042156492170982113,5.0000016824263204e-05,0.9861991880001506,0.00037329684011994037,4.999661521993038e-05,0.9870893229528414,0.0003215333096944808,4.999999960055266e-05,0.987807560172326,0.00027833643245315224,5.000010921616514e-05,0.9886407866260176,0.00026254763007648515,5.000007283880956e-05,0.9896586097663549,0.00027481605978815554,4.9999745259179734e-05,0.9905672138593291,0.0002771464602535094,4.999994285255498e-05,0.9915952633656888,0.00025657624774434376,4.999995008876546e-05,0.9928206436769151,0.0002227788652565618,4.999659615249813e-05,0.9940031320125724,0.00018023495694971208,4.9999950669515284e-05,0.995145694679757,0.00014174368487314396,4.999998430795102e-05,0.9965414580369591,0.00010448019433183302,4.999997289146265e-05,0.9984023616802674,5.757682611049661e-05,4.9999713729256123e-05
0.862077,-1.62813454454063,1.2346607395410365,1.2155673738406543,0.708191124074009,0.44850297775223336,0.5024715700201412,0.2117324474943144,-0.6643325433887977,7.52354810259827,0.1145260641578907,-0.3582554677958219,-0.14729871649359083,1.9898798849758352,40.868990615849505,-19.12488217439233,-5.431201380875595,0.3035933757273855,-0.7119434652910673,0.0032842175646014397,6.800066184117452,6.800093434394662,6.799996401136415,6.800092996984914,0.16093149635292625,0.0007218481547116982,5.116864385489638e-05,0.8476128681383878,0.046926624382097604,9.969819358986294e-05,0.9807288818649336,0.000643829285169525,5.048842953155349e-05,0.9828331435552341,0.00034546071219793703,5.505378481730079e-05,0.9828648651785629,0.0003459672302254717,5.0004899980982314e-05,0.9834725168722958,0.00038612923683014244,4.999978534458379e-05,0.9840508977458501,0.0004159481019567982,5.000000881813197e-05,0.9847813020431088,0.0004138483199107927,5.000003100216713e-05,0.985833544902715,0.00036564309743557444,4.999418002657063e-05,0.9867772137154492,0.0003121092373921611,4.999999521547686e-05,0.9875401748544234,0.00026738531790261144,5.00001047423896e-05,0.9883877558395587,0.0002530307864588688,5.000007140298168e-05,0.9893896190595859,0.0002689907067689206,4.999976505679939e-05,0.9902930693978274,0.00027414446150166797,4.999995241182961e-05,0.9913411323207199,0.0002541310449690162,4.9999958770215815e-05,0.992598228556463,0.00022241512045218924,4.9994162373856435e-05,0.9938233935079408,0.00017973850463153126,4.9999950655411196e-05,0.9950052178926138,0.00014047678714326772,4.999998640487129e-05,0.9964372189871874,0.0001042390497716375,4.999997494101808e-05,0.9983439389658998,5.8422714367616863e-05,4.999973421295706e-05
0.881234,-1.6333615088904045,1.3752803025277018,1.2167545911892783,0.7062903055213161,0.45589748200158464,0.4920625602529395,0.2262384235664618,0.11860522639788203,7.157167813498475,0.010479141727759008,-0.3524394513752493,-0.16093760065808055,1.9899428015768272,40.85077951563496,-19.084785720519925,-5.097782610545411,0.33210937006057634,-0.6986519584487177,0.003273596402223328,6.800063855954023,6.800093623562188,6.800030324910385,6.8000932304642205,0.160258578893818,0.0006729174591082178,5.1015727052972716e-05,0.7614884014538573,0.08612446668453046,9.991722557838041e-05,0.980082875239785,0.0006460066251485334,5.049171312468656e-05,0.9824992427767425,0.0003339007784915828,5.472689215787644e-05,0.982530457832814,0.00033440734574880475,5.000499849113546e-05,0.9830953538482551,0.0003771630240407079,4.999980063302991e-05,0.983640096597514,0.00041080114833611485,5.000002290256357e-05,0.984374819303773,0.0004064827393357321,5.000004420842932e-05,0.9854744563863351,0.0003590885163799924,4.998928243901683e-05,0.9864728637264616,0.0003043499889876161,4.999999115540292e-05,0.9872819983717839,0.000258176482639428,5.000010059935867e-05,0.9881426697492254,0.000245086090333333,5.0000070020993285e-05,0.9891257700310949,0.00026384902849090335,4.999978072623324e-05,0.99002162406546,0.00027144533236734517,4.9999961053572166e-05,0.9910894673324242,0.00025166498829553256,4.999996611444354e-05,0.9923761038947125,0.00022212466175034476,4.998926678584518e-05,0.9936439534156868,0.00017944009225399896,4.999995027092964e-05,0.9948658576045487,0.00013936028806494713,4.999998815622247e-05,0.9963331444558086,0.00010407453137888169,4.999997665718739e-05,0.9982846627063865,5.9276259513355236e-05,4.9999750514334586e-05
0.900391,-1.623592468204131,1.5088890556314027,1.2160096764952733,0.7041601155931975,0.46319084450812514,0.48138952112862826,0.24057181752544685,0.9011941214516045,6.7915556624832805,-0.08718039152261413,-0.3460771467133953,-0.174321856005772,1.9900055147054785,40.81929408685859,-19.066800420689855,-4.76337574714093,0.35908776434635425,-0.6855613251623188,0.003379192449862484,6.800056647332659,6.8000937393420475,6.800036107120653,6.800093362094712,0.1596263667816423,0.0006322121121757243,5.0896650633169305e-05,0.612002885299329,0.14948551615452832,9.997918564571457e-05,0.9794314505106713,0.0006514247291137448,5.04999710459216e-05,0.9821747461887497,0.0003244965879928635,5.446825229134178e-05,0.9822054066365684,0.0003250511962456067,5.0005124738448486e-05,0.9827252361981262,0.00037011765012872933,4.999981264291455e-05,0.9832324044203645,0.00040769217714941685,5.000003851292885e-05,0.9839755127251368,0.00039930657863623717,5.0000056456292355e-05,0.9851209393158314,0.0003535170705036166,4.998137301029052e-05,0.9861747610447148,0.0002981026817467192,4.999998724630087e-05,0.9870314840343412,0.00025051433744271984,5.0000096821020374e-05,0.9879041330051561,0.00023853674406939358,5.0000068723372474e-05,0.988866401654588,0.0002593683765069862,4.999979294629836e-05,0.9897525522282329,0.0002690718372270888,4.999996895862383e-05,0.9908402440978007,0.0002492232346235165,4.999997237786575e-05,0.9921541730193901,0.00022193087532244588,4.9981361166425524e-05,0.9934645893401673,0.000179364075519515,4.9999949476276167e-05,0.9947274335617237,0.00013842404282510756,4.9999989608463996e-05,0.9962291413428712,0.00010400311293738014,4.9999978084290765e-05,0.99822452281651,6.013988987652291e-05,4.999976331592515e-05
0.919548,-1.598836546214384,1.6354976623172919,1.213455236675535,0.7017959973689276,0.4703850336556479,0.47046049630013254,0.25472557170042553,1.6831798420443118,6.426288060484974,-0.17843360643994466,-0.3391980100100291,-0.18745533072306603,1.9900702507647867,40.77469434905435,-19.071035540269843,-4.429960485186175,0.3851829953316703,-0.6732112688446248,0.0035176967104051616,6.800030968566512,6.800093779975706,6.800014461550661,6.800093382068421,0.15902824640069332,0.0005981203809489994,5.080261440075909e-05,0.4473118246873079,0.16469106061202107,9.998461162587519e-05,0.9787709991051123,0.0006604514055589572,5.051389811116589e-05,0.9818577485399931,0.0003169976487565837,5.4266745602249075e-05,0.9818877663825787,0.0003176402539896716,5.000528264238945e-05,0.9823604026545039,0.00036483354362243413,4.999982190194222e-05,0.9828259354000367,0.0004064690203278786,5.0000056700085845e-05,0.9835832844877103,0.00039222823742654907,5.000006765859439e-05,0.984772073444148,0.00034886587168352475,4.997947576395444e-05,0.9858815232500846,0.0002932377946301492,4.999998334068732e-05,0.9867872489797385,0.0002442350546027203,5.000009341254855e-05,0.987670898028825,0.00023323497633101695,5.00000675225778e-05,0.9886108820942713,0.0002555195603166949,4.999980226120724e-05,0.9894855237123763,0.0002670285158565588,4.99999762921793e-05,0.9905934001417327,0.0002468439560680105,4.99999777536881e-05,0.9919322847356569,0.00022188828373323198,4.997946537794588e-05,0.9932850599299401,0.00017952941022720897,4.9999948226639976e-05,0.9945897419405951,0.00013769162112851815,4.9999990799512056e-05,0.9961251022805032,0.00010403906236796614,4.9999979257438376e-05,0.998163506990454,6.1015826055994886e-05,4.9999773165389364e-05
0.938706,-1.559107711087241,1.7551086476029225,1.2092138773888097,0.6991935760509775,0.47748179762545,0.4592836552991884,0.2686929425697727,2.464311153983335,6.060939325211077,-0.2632994993883675,-0.33181896025175645,-0.20035221223352012,1.9901376401858546,40.71704750783519,-19.097427522760544,-4.099515527774772,0.4119054536567348,-0.6660307597415714,0.0035074729544995607,6.799913425156059,6.800093763132346,6.7999234054210955,6.800093305966576,0.15845884343790217,0.000569402962791112,5.072743333811344e-05,0.3415061409795754,0.10580568370773255,9.994851067648154e-05,0.9780974777459969,0.0006735213591155623,5.05344125996594e-05,0.9815465417293159,0.00031120681067728535,5.411400656653015e-05,0.9815757939975304,0.0003119723850483389,5.0005476767009816e-05,0.9819993045463576,0.00036109810814620533,4.9999828811780315e-05,0.9824192367347928,0.00040669866524390715,5.000007877015109e-05,0.9831980688400698,0.0003852156476405367,5.000007767691365e-05,0.9844270050465799,0.0003450683975680456,4.9986823338184637e-05,0.985591878221992,0.0002896450280925641,4.999997930470804e-05,0.9865480465968519,0.00023920238288647143,5.000009036151666e-05,0.9874418403666928,0.00022905766213213245,5.000006641837365e-05,0.9883586134344788,0.0002522686597925043,4.9999809100493276e-05,0.989220223845985,0.00026529986639137453,4.999998320172111e-05,0.9903488441804347,0.00024455596129803686,4.999998239012262e-05,0.991710261616819,0.00022202311883791576,4.9986810112753666e-05,0.9931051102135332,0.00017994971640689387,4.999994646839247e-05,0.9944525608863911,0.00013718105420402237,4.9999991760135665e-05,0.9960209077363232,0.00010419454417993863,4.999998020443124e-05,0.998101600949708,6.190604074592408e-05,4.999978049549342e-05
0.957863,-1.5044247330622134,1.867716390984388,1.2034074764981488,0.6963487855110105,0.4844829145354238,0.44786702214798346,0.28246717008936006,3.2443381105512255,5.695084991937324,-0.3418349732563493,-0.32392798148302937,-0.21311153488337203,1.9902048337477998,39.23351056472505,-18.617923052636918,-4.048711810731979,41.797359033333294,-34.992904043579806,-5.304144591907309,5.884174011726881,6.8000937085490625,6.799564696220636,6.8000931546978505,0.157913753709474,0.0005450897284281717,5.0666665766228835e-05,0.2815725062578029,0.0599336347217725,9.981861419866658e-05,0.9774063086206707,0.0006911691253261058,5.05627562605479e-05,0.9812395720713849,0.0003069696579309497,5.400378894795882e-05,0.9812679035520006,0.00030789044552981016,5.000571251920575e-05,0.9816406872580639,0.00035861728829380445,4.9999833665227055e-05,0.9820116226765264,0.0004076140582663163,5.000010624807547e-05,0.9828197847703115,0.0003782840697581906,5.000008637578304e-05,0.9840849859560385,0.00034201909054136135,4.9992551862476525e-05,0.9853046483790989,0.0002872298428930931,4.9999975007991e-05,0.9863127430811011,0.00023530351575085586,5.0000087644845987e-05,0.9872159381822841,0.00022590218440867143,5.0000065401208594e-05,0.9881090355036154,0.0002495779308634586,4.999981380222207e-05,0.9889563760468485,0.0002638477991365924,4.9999989816181235e-05,0.9901064668466987,0.00024237733373589452,4.999998640274724e-05,0.9914879605931761,0.00022230102364280356,4.999253745627422e-05,0.99292447665393,0.00018063355960323943,4.999994413496526e-05,0.9943156552749249,0.00013690561146612344,4.999999251503509e-05,0.9959164279885392,0.0001044797477839656,4.9999980947170864e-05,0.9980387887334904,6.281221621767851e-05,4.9999785647393056e-05
0.97702,-1.4350664320341269,1.973414608957195,1.1961130791541998,0.6929663559627094,0.49470903683884404,0.4353312165843969,0.2924811611136597,3.9959445681507773,5.338416649185581,-0.4193971872439432,0.47679478096856004,-0.8834796021488909,1.8885919709186534,38.80988550751944,-19.27938784230895,-4.046263138682903,-21.10261895172808,-36.68388934592442,3.0372373771178918,6.578547012457167,6.800093626844208,6.051092837290625,6.800092930712246,0.15738938799930222,0.0005243657101717971,5.061695735858154e-05,0.24557500425603682,0.03599750200176608,9.948128138096991e-05,0.9766923406952744,0.0007139679253962069,5.060046146111392e-05,0.9809354331084914,0.00030413896289345716,5.3930802229381585e-05,0.9809626572183135,0.00030524633368710503,5.0005995350498495e-05,0.9812836895854004,0.0003569976726635825,4.9999836715507345e-05,0.9816033966351363,0.00040822604139016325,5.000014080802092e-05,0.9824483333890218,0.00037145138128981615,5.0000093663876265e-05,0.9837453236757591,0.0003396622802795837,4.9995542666101276e-05,0.9850187554365397,0.00028589294255926685,4.9999970326791274e-05,0.9860803208570541,0.0002324222240468972,5.0000085220600585e-05,0.9869922768855791,0.00022366129670500665,5.0000064446045935e-05,0.9878616341842535,0.00024740131936182226,4.9999816683040056e-05,0.9886937706551108,0.0002626053917377005,4.9999996245805625e-05,0.9898661624573172,0.00024030438938158166,4.999998988747324e-05,0.991265238544132,0.00022272204904405843,4.999552806182434e-05,0.9927428971057366,0.00018157954819343562,4.9999941154850106e-05,0.9941787876466321,0.0001368676282928578,4.9999993086580404e-05,0.9958115282091787,0.00010489977936053505,4.999998150612174e-05,0.9979750533009634,6.373543252691732e-05,4.999978894032252e-05
0.996177,-1.3513787606076586,2.072175000151222,1.1873334113468414,0.6912784698482545,0.5078613757444737,0.4187172710524928,0.2981352860577866,4.739435531520685,4.969076455247541,-0.49691249139099164,0.0725264795068486,-1.5862423099819776,1.946777108905184,39.63091244136616,-21.095497614446725,-3.606725808763792,2.817001880975911,-0.06036483615644959,0.02718703016027113,6.799844866887223,6.800093527662991,6.793712397667881,6.8000926164343705,0.15688279407256422,0.0005065939267380043,5.057586149629953e-05,0.22225274785277713,0.023322256403259682,9.875971685996113e-05,0.9759497079914239,0.0007426327038505607,5.064960490743488e-05,0.980632832066311,0.0003026010421805319,5.3891219320322994e-05,0.9806587292132345,0.0003039280050791248,5.0006332178910174e-05,0.980927882983774,0.0003558066016263432,4.999983814597798e-05,0.9811957458193451,0.00040765081579114684,5.000018431174827e-05,0.9820835615828335,0.00036477180618824237,5.000009953485801e-05,0.9834073614949557,0.00033796218080339523,4.99971269624958e-05,0.9847332102685901,0.00028554516794969165,4.9999965129661445e-05,0.9858498576711686,0.000230463185885513,5.0000083046236245e-05,0.98677003076867,0.00022224611690902724,5.0000063523929934e-05,0.987615942123623,0.0002456920606304788,4.999981799841899e-05,0.9884322811987094,0.0002614894564013771,5.0000002575331586e-05,0.9896278340601108,0.00023832839720638725,4.9999992918173354e-05,0.9910419463109913,0.0002232922331406782,4.9997112374804885e-05,0.9925601157415961,0.00018278136414051415,4.9999937438680156e-05,0.994041720856728,0.00013706678990403764,4.9999993491968455e-05,0.9957060697729065,0.00010545843627213888,4.999998189691111e-05,0.9979103768798544,6.467642110892317e-05,4.9999790632189486e-05
1.01533,-1.2532914410209144,2.163533839080739,1.1771438291002683,0.6913976843922234,0.5207129397619333,0.3989025358896978,0.30282328997720953,5.4986551191319615,4.564944579076617,-0.5660074658054187,0.12649250942198006,-1.5873987346815281,1.9472979378378308,38.952919336882715,-22.278911097946867,-3.386338509238546,3.042970853437976,0.2596137911197589,-0.0073291934438727965,6.800014642376063,6.800093415796751,6.799036583751727,6.80009217658363,0.15639143084905596,0.000491363223508268,5.054176708283155e-05,0.20618961598583785,0.01606313186693928,9.741175496425453e-05,0.9751714094627589,0.000778298528664942,5.071344886028509e-05,0.9803305016970076,0.00030233036930336313,5.3883913855451875e-05,0.9803548161963295,0.0003039130169050295,5.0006734483890675e-05,0.9805731899207573,0.0003546930630167638,4.999983800854124e-05,0.9807903345234965,0.0004054112958485938,5.0000239137769193e-05,0.9817251752140879,0.00035838636874570474,5.00001040980156e-05,0.9830704724266409,0.0003368890683146852,4.9998034577882486e-05,0.9844470714162847,0.0002861388523053209,4.9999959241240245e-05,0.9856204592909122,0.00022939838025634528,5.00000811049296e-05,0.9865484021154136,0.00022162865325651645,5.0000062619802216e-05,0.9873715270673815,0.00024441505624148055,4.9999817861480356e-05,0.9881718619043498,0.0002604192943595598,5.0000008861229556e-05,0.9893913690751437,0.00023646498496702353,4.9999995543709306e-05,0.9908179344092312,0.00022401190176008322,4.999802000452987e-05,0.9923758767981933,0.00018423894340274707,4.999993284401544e-05,0.9939042044276388,0.00013751642908919784,4.9999993737742715e-05,0.9955999038850474,0.00010616588785920582,4.999998212370719e-05,0.9978447406958654,6.56361839890186e-05,4.999979083901399e-05
1.03449,-1.1407829459237662,2.2469335459690476,1.1656741812018236,0.6908279199195128,0.5336293446847695,0.3790307980908046,0.30713199663105734,6.244886218376972,4.138141746281975,-0.6308804240119709,0.1847874850897337,-1.5824252464802722,1.9471575305930515,32.1790726206224,-20.088417147030466,-3.786631758261422,-177.7693017665535,-162.57794140808406,24.32835957504514,6.80005959088469,6.800093301809754,2.6494385667400047,6.800091503572967,0.15591309062950579,0.0004783402195501534,5.0513438613568414e-05,0.19460150795217981,0.011588108033658043,9.514310722981606e-05,0.9743489532580231,0.0008224562047358935,5.079663390357571e-05,0.9800271753251738,0.0003033263718337868,5.390877366997326e-05,0.9800496116147487,0.00030520458158085655,5.0007217070979204e-05,0.980219741342145,0.0003534485786122599,4.999983636455071e-05,0.980388891280219,0.00040144324327745257,5.000030885657611e-05,0.9813727580933155,0.0003524171207723212,5.0000107528477166e-05,0.9827340563189453,0.00033641610769562604,4.9998594352258177e-05,0.9841594418130996,0.0002876296031851616,4.999995244679348e-05,0.9853912454687258,0.00022921382218636787,5.000007937732238e-05,0.9863266104170564,0.00022179169835720533,5.000006171400367e-05,0.9871279914273423,0.0002435356400391756,4.9999816364112385e-05,0.9879125579174657,0.00025930398688415936,5.000001513702442e-05,0.9891566423094231,0.00023472676572062123,4.999999780466879e-05,0.9905930576676419,0.00022487674158921673,4.999857972767903e-05,0.9921899285288488,0.00018594826934443016,4.999992718384725e-05,0.9937659752098899,0.00013822921774897263,4.9999993826583786e-05,0.9954928720217043,0.00010703186334299461,4.9999982187202616e-05,0.9977781252819692,6.661541389617552e-05,4.999978965511271e-05
1.05365,-1.0152029569604564,2.322572624784524,1.1528480826303202,0.703081163582719,0.5402457609545688,0.3424169521585698,0.31074112218893596,6.861348993007454,3.753302769770991,-0.7034219029949841,-3.2207847731021295,-4.696972705188264,2.413222175235079,35.69243915310734,-26.12035990727004,0.021959487265497547,11.432250643842329,-7.636476988696426,0.7965655149472632,6.800070529902839,6.800093198975123,6.797426171399613,6.800090557060936,0.15544605160848243,0.0004670390210233808,5.048947113606051e-05,0.1859351095974109,0.008666398354768895,9.167326570389731e-05,0.9734726169618905,0.0008763362961326151,5.09043319754917e-05,0.9797217226546073,0.00030545267056648754,5.396257592917119e-05,0.9797419406000556,0.0003076710146930778,5.0007791372515076e-05,0.9798677725463593,0.0003519687957855962,4.9999833570114437e-05,0.979992994707017,0.0003958965732020456,5.0000399383130194e-05,0.9810259739101752,0.0003467841831403212,5.000010995184019e-05,0.9823975337787629,0.00033652254018232114,4.999896010860782e-05,0.9838695500272528,0.0002898917858467087,4.999994456860253e-05,0.9851614683791217,0.00022977708960408958,5.000007777822052e-05,0.9861040054223806,0.00022260499467571993,5.000006073895109e-05,0.9868849979403951,0.00024299348694726183,4.9999813855107784e-05,0.9876545478799086,0.0002580100375570795,5.000002141219381e-05,0.9889235893238052,0.00023305298561801272,4.99999997533507e-05,0.9903671766824808,0.0002258809851611584,4.999894534235709e-05,0.9920020544335563,0.00018787409529252033,4.999992030530694e-05,0.9936267994238616,0.0001391757860283013,4.999999377385503e-05,0.995384826563437,0.00010804545826739356,4.999998210448268e-05,0.9977105124877998,6.761279416944225e-05,4.9999787429058806e-05
1.07281,-0.8771232802819289,2.3897637788283883,1.1392819927532878,0.7263651874968418,0.5404871321267908,0.28792193961486756,0.3120356512595119,7.5451182343731364,3.2529083136404204,-0.703001219446743,-3.001774205729295,-4.843266659907043,2.4284821857800893,32.64052791931135,-28.757532191513757,2.873263594125579,11.940704468080096,-7.054787739069319,0.7493811156599318,6.80007766899124,6.800093066230608,6.799566892061555,6.800089083409037,0.1549887891221572,0.00045726248632521816,5.046919861415433e-05,0.17926644149781454,0.006668668099596362,8.686541943769522e-05,0.9725305375785305,0.0009420793833599745,5.1044958002707194e-05,0.9794129974771099,0.00030872517749743736,5.40462619830824e-05,0.9794306140231684,0.0003113265768871331,5.00084795827804e-05,0.9795173593191525,0.0003504132272067341,4.99998298130562e-05,0.9796038260370745,0.00038916866994239427,5.0000521817479515e-05,0.9806844105596997,0.00034156335047557686,5.000011155862864e-05,0.9820603369771957,0.0003371968015672219,4.999921052435603e-05,0.9835766822749671,0.00029286775228578335,4.9999935321722925e-05,0.9849303923944752,0.00023107598464642203,5.000007627805615e-05,0.9858799631685176,0.00022404225386308548,5.000005966069901e-05,0.9866422390695905,0.0002427588708046458,4.999981047537994e-05,0.9873980865088768,0.00025646137103175814,5.000002766191713e-05,0.9886921377281163,0.00023145159568890825,5.0000001414187976e-05,0.9901401590654574,0.00022701761702345025,4.999919550925168e-05,0.9918120560356515,0.00018999839790481994,4.999991194114868e-05,0.9934864392771132,0.00014036014674839983,4.999999357796211e-05,0.9952756159570804,0.00010921060635650493,4.999998187422954e-05,0.9976418845208422,6.862796695758175e-05,4.999978430181217e-05
1.09196,-0.7264889655970621,2.446883164106948,1.12626217930444,0.7462791528803728,0.5408453112305772,0.23202749760053792,0.31099040163352376,8.170421226903976,2.7019928694537296,-0.6479573694153326,-2.7730230576083312,-4.9784170439882995,2.442838272646289,29.11195364523847,-31.312173392025464,5.203720758958309,12.34582602454291,-6.508819825157358,0.7049967050796895,6.800081880171734,6.800092874002636,6.799984453579625,6.80008666663793,0.15453974527036454,0.000449043851792659,5.045248764198091e-05,0.174015121891761,0.005251319606053538,8.092362517661364e-05,0.9715073706917144,0.0010231668868161102,5.1232333004799205e-05,0.9790996831080669,0.00031331436904299563,5.4165123180910175e-05,0.979114280158278,0.0003163338648904719,5.00093189659558e-05,0.97916821668405,0.00034914263510253934,4.9999825105554e-05,0.9792220665946798,0.0003817594423947597,5.000069892199652e-05,0.9803474493466537,0.0003369612130459264,5.000011259329015e-05,0.9817219013101929,0.00033843566700291513,4.9999388572109114e-05,0.9832801316569958,0.0002965506179712545,4.999992425646625e-05,0.9846971766682934,0.00023321572618187358,5.0000074893228855e-05,0.9856537848016635,0.00022617836685402698,5.0000058473565e-05,0.986399406337546,0.00024283273204454622,4.999980616444808e-05,0.9871434297221817,0.00025465678669507884,5.0000033843478064e-05,0.9884621384176648,0.00022999931045135502,5.000000279375948e-05,0.9899118805072926,0.0002282785581646645,4.999937318380022e-05,0.9916197388807843,0.000192317154867301,4.999990165573893e-05,0.9933446190541879,0.00014182022292526692,4.9999993220110087e-05,0.995165069175878,0.00011054678120239716,4.999998147645243e-05,0.997572222884456,6.96616363862566e-05,4.9999780212655604e-05
1.11112,-0.5645096167812101,2.4929764698954004,1.1147412393209488,0.7626048310436976,0.5413767087501193,0.17500718818841104,0.3077590404624801,8.728126414080702,2.1021375064191745,-0.5482683517954199,-2.5365108915828416,-5.103108180252275,2.4563440759378437,25.181342003262568,-33.73397314474019,6.962917910207992,12.708388888357415,-5.949401551271772,0.6560750702695433,6.800084433718404,6.800092584363537,6.800054356570439,6.800082430699819,0.15409747793057013,0.0004422673397944322,5.043893628434789e-05,0.16979757660780193,0.004217545283959065,7.452710389932046e-05,0.9703838247407891,0.0011235459509253976,5.148553527450563e-05,0.9787804009326669,0.0003192821754000485,5.432211685826888e-05,0.9787915320826853,0.0003227480755927296,5.001034939312738e-05,0.9788197840825136,0.000348432601536329,4.99998196768292e-05,0.9788480217506466,0.0003740448440333081,5.000098303576664e-05,0.9800144298980428,0.000333019448611028,5.000011321015883e-05,0.9813816545565317,0.00034024675366114575,4.999951888136283e-05,0.9829792661738896,0.0003008654831060903,4.999991086872109e-05,0.9844609750566005,0.0002362016116928927,5.0000073582476716e-05,0.9854247925345806,0.00022899226708285975,5.000005713223462e-05,0.9861562036263821,0.0002432027111638778,4.999980108817026e-05,0.986890837489338,0.00025259223284366183,5.000003990479041e-05,0.9882334231662981,0.00022871525136669996,5.000000391208969e-05,0.9896822232343804,0.00022965727291229652,4.999950297546861e-05,0.9914249375649303,0.00019480131585389613,4.999988895697917e-05,0.9932010602880064,0.00014355876618146925,4.9999992691344064e-05,0.9950530129060435,0.00011205626983449286,4.999998090409131e-05,0.9975015099566471,7.071292780891288e-05,4.999977532425049e-05
1.13028,-0.39255635970310016,2.5271289755686843,1.105470996203111,0.7751549935890008,0.5421217777964101,0.11713696476048073,0.30251554554098276,9.210531862592664,1.4558871023354514,-0.4148779416659414,-2.293053015479249,-5.2170823966918585,2.4689126748826453,20.930450181967608,-35.974187306446446,8.112291503624945,13.039430251381061,-5.3668729057790765,0.6012991818824187,6.800086020456491,6.800092144183115,6.800075140881682,6.800074238964609,0.15366063520109255,0.00043684272947759145,5.042823624476382e-05,0.1663516393257644,0.0034459372820375453,6.858274923025213e-05,0.9691351872014237,0.0012486375393654294,5.1833830717917866e-05,0.9784536886624413,0.0003267122702255973,5.4521220936252104e-05,0.9784608862573163,0.0003306458253690002,5.0011603454922106e-05,0.9784712935275303,0.00034849055498335313,4.99998137554601e-05,0.9784817004723567,0.0003663212782897779,5.000152517114216e-05,0.9796846661684202,0.0003297637296225494,5.0000113531300344e-05,0.9810390086398193,0.00034264591671241126,4.9999616663184445e-05,0.9826735262407638,0.0003057399331258023,4.999989447395707e-05,0.9842209307152381,0.0002400443413623422,5.0000072298694994e-05,0.9851923270444806,0.00023246549010007782,5.000005558878484e-05,0.9859123380582469,0.00024386556813523345,4.9999795429468955e-05,0.9866405469140019,0.00025029057533615395,5.000004578798261e-05,0.988005805886756,0.00022761727954216229,5.0000004786857714e-05,0.9894510762610742,0.00023114697330620606,4.99996000696928e-05,0.9912275169936786,0.0001974205712516909,4.9999873169068774e-05,0.9930554837393113,0.00014557654869507081,4.99999919790945e-05,0.9949392725449197,0.00011374036112385024,4.999998014682917e-05,0.9974297291868711,7.178076977593082e-05,4.999976981514176e-05
1.14944,-0.2121331089418315,2.548483747768396,1.0989861653932023,0.7837698405360833,0.5431069227751487,0.05869963143881137,0.2954523118262395,9.611501882628973,0.7667203390957811,-0.25946868584633753,-2.0432532947994324,-5.3198969619713266,2.480431918038482,16.447875902322675,-37.98720319704573,8.62588807352952,13.337886632223327,-4.761379611632226,0.5408641787445737,6.800087012526799,6.800091466455062,6.800083546626487,6.800055870570251,0.15322793159128062,0.00043270360981193716,5.042015990081973e-05,0.16349301645843728,0.0028586228673271406,6.372019392707647e-05,0.9677291459048998,0.0014060412965238448,5.232335340169009e-05,0.9781179745809278,0.0003357140815135499,5.4767456986259536e-05,0.9781207738416438,0.00034011241567255535,5.001289333961823e-05,0.9781218403078102,0.00034945321971999405,4.9999807572278926e-05,0.9781229067688296,0.00035879370352705773,5.000299761295862e-05,0.9793574557632222,0.0003272104051979502,5.000011364921592e-05,0.9806933498717353,0.00034565876808398307,4.9999691695302116e-05,0.9823624219108,0.00031110432996373394,4.999987411843591e-05,0.9839761708141855,0.00024475990105252555,5.000007098799057e-05,0.9849557449967804,0.0002365820477001456,5.0000053793599575e-05,0.9856675114238179,0.00024482663442895725,4.999978939072946e-05,0.9863927485122245,0.00024779840177744213,5.000005143599125e-05,0.9877790836328113,0.000226722253944695,5.0000005433153977e-05,0.9892183357207346,0.00023274054033962108,4.999967421045222e-05,0.9910273726553421,0.00020014433833643916,4.9999853344316576e-05,0.9929076112806192,0.0001478724586920791,4.999999106674453e-05,0.9948236730560405,0.00011559948887921122,4.999997919060616e-05,0.9973568652354903,7.286395138082194e-05,4.999976388237823e-05
1.16859,-0.024845257082039548,2.5562589843893178,1.095592494435201,0.7883180151413186,0.5443445317678804,-1.594832051679152e-05,0.2867782127892572,9.926598073717638,0.038989712443253936,-0.094220328376515,-1.7877359684319278,-5.411111936407064,2.49079339228785,11.827540452395285,-39.7317392692962,8.4911073626879,13.600687207720183,-4.1337652812377526,0.47509683590552326,6.800087625036204,6.800090392109139,6.800087632493482,6.800003093157408,0.15279812601984302,0.00042980557143761365,5.041454996346082e-05,0.16108904817093447,0.0024039682875028018,6.0067639343086976e-05,0.9661224781047956,0.001606667800104215,5.302901041675719e-05,0.9777715468599246,0.00034642772100313183,5.506531193074067e-05,0.9777715404626952,0.00034923337894859875,5.00048524054705e-05,0.9777715340623419,0.0003503062454684282,4.99998011632013e-05,0.9777715276619875,0.00035137910684216307,5.001720773499278e-05,0.97903208463029,0.0003253711329322928,5.000011363048076e-05,0.9803440281592565,0.0003493217124788598,4.9999750487373005e-05,0.9820455303578335,0.00031689155296665876,4.9999848436895156e-05,0.983725801923917,0.00025036889026861024,5.000006958822645e-05,0.984714416837632,0.00024132815914853733,5.000005169606737e-05,0.9854214134521115,0.00024609797170639755,4.999978319320241e-05,0.9861475683482491,0.00024518016397535804,5.000005679845952e-05,0.9875530375966287,0.00022604603618263876,5.000000586323572e-05,0.9889839054929589,0.00023443022777568155,4.9999731862325964e-05,0.9908244300627416,0.00020294259260056967,4.999982812146574e-05,0.9927571678443085,0.00015044343631070032,4.9999989933091954e-05,0.9947060397292006,0.00011763332683982685,4.999997801698857e-05,0.9972829040606961,7.396117479420543e-05,4.9999757741290565e-05
1.18775,0.16763387605546384,2.549763989177033,1.0953596712153024,0.7886983786448503,0.5458326063933151,-0.058716892627445866,0.2767163960893405,10.153181309670348,-0.7221614406558085,0.06844600033344683,-1.5271841038148202,-5.4903035416154085,2.4998949446269556,7.166703213015602,-41.1715630685321,7.709075127862459,13.817256734977443,-3.479384732341947,0.40351194334521073,6.800088002482078,6.8000886011372845,6.800089869596848,6.79973000543623,0.15237000163999895,0.000428124379844068,5.041131138539917e-05,0.1590422930171986,0.0020467551537358655,5.743810171268008e-05,0.9642558537956285,0.001866624309167078,5.407616410423736e-05,0.9774125295515229,0.00035901730840169063,5.1022310189167457e-05,0.9774190578345688,0.0003524826281264625,5.0001198546261705e-05,0.9774244990502043,0.00034703501213744994,4.999979404172503e-05,0.9774299390823852,0.00034158857960227127,5.404315259635384e-05,0.9787078278907672,0.00032425673952274754,5.000011352125239e-05,0.9799903462160185,0.0003536819432378585,4.99997975134757e-05,0.9817224945222771,0.0003230358355564021,4.9999815415944646e-05,0.9834689068086991,0.00025689511521797116,5.0000068027077754e-05,0.9844677250754579,0.00024669176217409163,5.000004924485837e-05,0.9851737181679345,0.00024769528417693,4.9999777073122415e-05,0.9859050570827137,0.00024251126553544646,5.00000618362379e-05,0.9873274343491942,0.0002256032474344411,5.0000006086298683e-05,0.9887476984004903,0.00023620709246868863,4.999977743857068e-05,0.9906186435687577,0.0002057864939838144,4.999979548977132e-05,0.9926038835830934,0.00015328426121513666,4.99999885516675e-05,0.9945861988948498,0.00011984083435082585,4.999997660233896e-05,0.9972078329613218,7.5071099374352e-05,4.9999751622118135e-05
1.20691,0.36359818702289337,2.528413421336395,1.098119207285486,0.7848421311052917,0.5475537900237203,-0.11710825564870105,0.2655020434412524,10.290475687284495,-1.510895668777584,0.21613073628544918,-1.2624833610355786,-5.5569590102609485,2.507625126758796,2.51469021412058,-41.27321949084942,6.019099258399294,-14.498459174885001,20.462823820578183,-3.2193890948656807,6.800088265381867,6.8000853099739675,6.800091190112769,6.175911271804255,0.15194234755313768,0.0004276540868612663,5.0410405069093644e-05,0.15727992223998952,0.0017623707772090869,5.5569660677811324e-05,0.9620453659406726,0.0022104878549559326,5.5680133645227076e-05,0.9770387992443667,0.00037373030715630507,5.1105067745184706e-05,0.9770598809264252,0.0003591769081436329,5.0000749758533994e-05,0.9770788763795873,0.0003456226706170589,4.9999787549647485e-05,0.9770978867582465,0.0003320523241387008,5.3825693171548325e-05,0.9783839360069723,0.0003238918837949286,5.000011337808298e-05,0.9796315510030311,0.00035879521298742454,4.999983594458398e-05,0.9813930241165606,0.0003294704057165454,4.9999771983965055e-05,0.9832045437123499,0.00026436309634923565,5.000006621959371e-05,0.9842150634415728,0.00025266163388494627,5.000004638754559e-05,0.9849240843728791,0.0002496337950554268,4.999977127488586e-05,0.9856651856558566,0.0002398714268570739,5.000006652416515e-05,0.9871020275857944,0.00022540676339988732,5.0000006108285226e-05,0.9885096383265916,0.00023806007389876762,4.9999814027410684e-05,0.990409994796904,0.00020864877185384394,4.999975237959942e-05,0.9924474963849441,0.00015638719814931853,4.9999986889867455e-05,0.9944639786475186,0.00012222024733128672,4.9999974916723455e-05,0.9971316405879029,7.61923734188347e-05,4.9999745763787916e-05
1.22606,0.5613318285839198,2.49191986306192,1.1034069932434774,0.7785596161410268,0.5469616838186434,-0.17371666104585987,0.25396526226770405,10.33865025480573,-2.3015773551402967,0.3314401696353446,-1.5402340742456444,-5.16494742876111,2.4459504614434215,-1.7432201263084666,-40.52474892040452,4.303203996036685,-52.21589934213836,49.747122802756,-7.7426504458859835,6.8000885322542395,6.800078443727165,6.800092011170657,5.376732930125786,0.15151397451557452,0.0004283730375631681,5.0411781491831225e-05,0.1557467346431917,0.0015331875967978326,5.423766276246398e-05,0.959368360122378,0.0026770058182946014,5.8211810775586766e-05,0.9766479962607727,0.000390802983594022,5.120731437133452e-05,0.9766859387324771,0.0003739421939481174,5.000071769146157e-05,0.9767300012588371,0.0003488751207502974,4.999978246467676e-05,0.9767742877559759,0.00032359900227072293,5.3636128910980814e-05,0.9780596627204541,0.00032427328651819294,5.000011322316668e-05,0.9792668352571587,0.0003647157458723923,4.999986810977062e-05,0.9810569030249724,0.0003361210915882405,4.999971329775427e-05,0.9829317697173043,0.00027277399504543057,5.000006405967174e-05,0.9839558546546887,0.0002592087868840638,5.000004306689413e-05,0.9846721640012527,0.00025192037162647264,4.999976608631692e-05,0.9854278598611231,0.00023732579473343527,5.000007084671865e-05,0.9868765728515085,0.0002254547342857601,5.000000593388368e-05,0.988269664723114,0.0002399736034776119,4.99998438447114e-05,0.990198491899156,0.00021150289774805905,4.9999693949632214e-05,0.9922877601604299,0.00015973622451431434,4.9999984911025736e-05,0.994339212178022,0.00012476646949652803,4.999997292586616e-05,0.997054317179653,7.732340824995369e-05,4.999974044957457e-05
1.24522,0.7591970181398646,2.44039692170271,1.1105763736844696,0.7745601925866377,0.5384490054365653,-0.22573761520574914,0.24324807455237077,10.30525493827423,-3.0779203981857988,0.4138777559036851,-2.5405474943300907,-4.211928996116263,2.2976225144843183,-5.796255664713474,-40.679524228740455,3.776056546373636,-45.99030234312791,40.34110197603169,-6.500077914211098,6.8000888924833705,6.800060997405116,6.800092544651788,5.574356774881611,0.15108374844080244,0.0004302260747720913,5.041534533001716e-05,0.15440040393069723,0.0013463307124944605,5.3277271118474505e-05,0.9560383109511337,0.00333004917124434,6.227237440201577e-05,0.9762374926533142,0.0004105036074584861,5.133137873754473e-05,0.9762898968530067,0.00039604187947043135,5.0000871537446015e-05,0.9763734492608006,0.0003565519980364536,4.999977909116622e-05,0.9764581439950484,0.0003161437609274174,5.3472413261655574e-05,0.977734310685273,0.00032535203518111036,5.000011302990167e-05,0.9788953594257003,0.0003714758314585875,4.9999895786617775e-05,0.9807140002906765,0.00034290273429592443,4.999963137231792e-05,0.9826496826857793,0.00028208703152503354,5.000006141701975e-05,0.983689581374717,0.00026627327997186533,5.000003922050861e-05,0.9844176158919483,0.00025454810930445525,4.9999761857941826e-05,0.9851929463577503,0.00023491350337282542,5.000007479159263e-05,0.9866508487942856,0.00022572405722302315,5.000000556767381e-05,0.9880277404189282,0.00024192430418580108,4.999986851304615e-05,0.9899841684873126,0.00021432341184324507,4.999961221729195e-05,0.992124455589453,0.00016330457097696153,4.9999982575741996e-05,0.994211742423347,0.00012746975467506247,4.999997059231767e-05,0.9969758549511705,7.846222848244506e-05,4.99997360266457e-05
1.26438,0.9556755926890166,2.3739533364233485,1.1192069128299311,0.7754536357230472,0.5197500623106729,-0.27223782464478197,0.23327230388760675,10.194214576991506,-3.8572285116404434,0.4862166428313116,-3.4215955507109963,-3.4391041248408176,2.173098849257841,-9.941507211781275,-40.722532187056274,3.999563986652618,-24.695563284638503,19.455081964354726,-3.4933522960381387,6.800089372831156,6.799989158870543,6.800092895541471,6.088644548827752,0.1506505505815354,0.0004331978592670383,5.042109452987975e-05,0.15320801002116774,0.0011923939095294569,5.2575012543599416e-05,0.9517563482296953,0.004281962721438386,6.860347477927948e-05,0.9758043009282694,0.0004331917250446476,5.148191018766387e-05,0.9758675554177129,0.0004223414352938421,5.0001143502751475e-05,0.9760060144668519,0.0003674347939486833,4.999977753089164e-05,0.9761485229232022,0.00030962107184612925,5.333201700265121e-05,0.9774072169177568,0.00032709376751612323,5.000011275298841e-05,0.9785162976752464,0.0003790617504538478,4.999992037496581e-05,0.9803642802274475,0.000349720063228873,4.999951216041218e-05,0.9823574285575175,0.0002922541282619097,5.000005814941967e-05,0.9834157863591257,0.00027379501559121795,5.0000034785406213e-05,0.9841601143107668,0.00025750158118149094,4.9999758894668935e-05,0.9849602695106877,0.00023267684706259855,5.000007835968579e-05,0.9864246499269339,0.0002261988673515932,5.000000500939885e-05,0.9877838589644381,0.00024388145449008775,4.99998892217042e-05,0.9897670806090435,0.00021708787826917695,4.9999493139208654e-05,0.9919573886541183,0.00016706693533464532,4.999997983383627e-05,0.994081421390747,0.00013032103259999028,4.9999967867280496e-05,0.9968962479723257,7.960697884476343e-05,4.999973279828922e-05
1.28354,1.1492670548775152,2.292555525821464,1.1292513956208314,0.7793910757669565,0.49361697054184056,-0.314830859781182,0.22309464911347823,10.003762565150243,-4.63736053961951,0.5628373193061185,-3.894694811307912,-3.0663981133964895,2.106175800400388,-13.203583205095928,-37.83383826057963,3.656516286509216,12.398896742648903,62.14534876866699,1.423547305688968,6.800089955878016,5.804733632202228,6.800093116714595,5.965648608963754,0.1502132100524724,0.0004373405290630058,5.04291753383244e-05,0.1521435471386533,0.001064462882514471,5.2054178982786206e-05,0.9460110382812552,0.005745309948440013,7.729281136428849e-05,0.9753449347704694,0.0004593661578000954,5.166559318630976e-05,0.9754156106302446,0.00045194478746816643,5.0001521466343404e-05,0.9756241544433393,0.0003818600235125697,4.99997780730383e-05,0.9758445250648354,0.0003039978583668536,5.321316307838144e-05,0.9770777190685561,0.0003294978492007014,5.000011233427822e-05,0.97812892717694,0.0003873704983063606,4.9999943031966095e-05,0.9800078197380401,0.00035646048940743375,4.99993290831401e-05,0.9820542034671317,0.00030322509038581,5.000005410229849e-05,0.9831340666963578,0.00028171966276795043,5.0000029693251e-05,0.9838993564023346,0.0002607579084322502,4.999975739788991e-05,0.9847295961554287,0.00023067335525913852,5.000008157230847e-05,0.9861977694033813,0.0002268805235525101,5.00000042520198e-05,0.9875380505716914,0.00024580839274670655,4.999990684803002e-05,0.989547304751192,0.00021977585785140915,4.999931014251296e-05,0.991786385963347,0.00017100269077134379,4.999997661853496e-05,0.9939481082583623,0.00013331313238464313,4.999996468523934e-05,0.996815491849061,8.075612326467182e-05,4.999973096627554e-05
1.30269,1.338592466695974,2.196733768949595,1.1406931464071948,0.7843867859763489,0.463779900676696,-0.3509689962891325,0.2155555596938298,9.75081812409567,-5.362153114719727,0.6328861427149833,-3.6571659558793135,-1.8758636755656188,2.1334470624478956,-17.333015416902768,-38.7053466271918,5.009179111910527,-6.706545818404623,1.3240254363206647,-1.0224088550792236,6.800090483302194,6.79955329904487,6.800093251856381,6.559940670896503,0.14977057076954892,0.0004426392829234646,5.043962238629249e-05,0.15118635261232397,0.0009571945263293159,5.1662083726145314e-05,0.9378526567499181,0.008158381531337144,8.653844488956497e-05,0.974855368773254,0.0004895659972154633,5.1890755421695154e-05,0.9749304344977873,0.000485176132457331,5.000202040456954e-05,0.9752229583189802,0.00040119612435905234,4.999978127953776e-05,0.9755453197067926,0.00029920535804286145,5.311348203620967e-05,0.9767452392650966,0.0003324798034594287,5.000011163927464e-05,0.9777328264434159,0.0003961007335240494,4.99999647897643e-05,0.979644835949477,0.0003629837885629866,4.999902734013077e-05,0.9817393559635781,0.00031484750355360316,5.000004909196261e-05,0.9828441404867395,0.0002899262096183081,5.0000023864091187e-05,0.9836350838800598,0.0002642725222746765,4.999975762452396e-05,0.9845006757455126,0.00022892040991603652,5.000008444312867e-05,0.9859700320088108,0.00022773739457055555,5.000000329134118e-05,0.9872903974580182,0.00024765311367325323,4.999992207194524e-05,0.9893249384677867,0.0002223662834053197,4.9999008435965766e-05,0.9916113101611734,0.0001750758021735968,4.9999972858511686e-05,0.9938116769652605,0.0001364312931018034,4.999996097630618e-05,0.9967335843978827,8.190745117836221e-05,4.999973078911629e-05
1.32185,1.5223071937619066,2.08685781321818,1.1537205616033477,0.7894827976776675,0.4320766227008841,-0.3817227963410126,0.2105048037614508,9.41876508755884,-6.103641399858869,0.7288482759422301,-3.785644979875506,-1.850498979578933,2.113860512921139,-20.653817518669037,-37.300765300863866,5.557942074105918,4.019868224466748,-7.879985036335974,0.37221547216345496,6.8000909811087435,6.80003247631327,6.800093304294699,6.798710350669392,0.14932142685394584,0.0004491439156030834,5.045261637932106e-05,0.15031977534541371,0.0008665772669102357,5.136286272644656e-05,0.9253032919638627,0.012549364786055348,9.37193586340691e-05,0.9743308476395689,0.000524521133685062,5.2168948011682007e-05,0.9744075979037643,0.0005228365940230091,5.000267506778333e-05,0.9747956141267804,0.00042734419219977256,4.999978771686947e-05,0.9752501120774872,0.0002952076293053409,5.303147709639e-05,0.9764092704815969,0.0003359687834997129,5.000011049747963e-05,0.9773281544150072,0.0004046720284087999,4.9999986557826847e-05,0.9792757071753676,0.0003691287741094583,4.9998478388070854e-05,0.9814124269935615,0.00032692897001662213,5.000004292647031e-05,0.9825458512461415,0.00029828924059807584,5.000001720779019e-05,0.9833670892429592,0.00026799463710064494,4.999975968344157e-05,0.9842732236193185,0.00022745212619405066,5.000008700316022e-05,0.9857412781333903,0.00022875387542048225,5.000000211712266e-05,0.9870410430201696,0.0002493544378484798,4.9999935403978566e-05,0.9891000992186186,0.00022483924916807046,4.999845949291218e-05,0.9914320552810308,0.00017925488014253608,4.999996845999066e-05,0.9936720142100516,0.00013966275520888057,4.999995664783003e-05,0.9966505253030264,8.305909485623394e-05,4.9999732379046786e-05
1.34101,1.6990510551244977,1.963027510830593,1.1686950672341245,0.7928710633453662,0.39944714357230166,-0.4122104328719877,0.20464084705300667,9.023094590637475,-6.8182217590975185,0.835323202445956,-3.708635329892133,-2.0014578806267282,2.1209911405012276,-23.759036950250838,-35.37294818906555,5.634645366521059,4.4000328214832605,-7.7799999775448425,0.3991292291838995,6.80009139605874,6.800072514006594,6.800093279793358,6.799810388191963,0.1488644334527472,0.000456993401198627,5.046854409000303e-05,0.1495302212746812,0.0007895540707325058,5.1131717992264746e-05,0.9035057032093288,0.021797588754533973,9.782481901243548e-05,0.9737655965751341,0.00056525106443479,5.251669756764863e-05,0.9738415574851426,0.0005660404186218111,5.0003542903701984e-05,0.974332909755183,0.0004627043715972802,4.999979797874182e-05,0.9749581054052838,0.0002920066722034085,5.296657088548684e-05,0.9760693598315148,0.00033991065008209185,5.000010869457016e-05,0.9769159745262532,0.0004121798887538677,5.0000009087661303e-05,0.9789009891323751,0.00037471804299251104,4.999732232168664e-05,0.9810731869306617,0.0003392400628997465,5.0000035405916245e-05,0.9822391621137382,0.0003066891324032858,5.000000961200502e-05,0.9830952174946348,0.0002718717483243322,4.999976350810169e-05,0.9840468977019227,0.0002263259173958155,5.000008930544947e-05,0.9855113416248997,0.00022993650849059441,5.000000071075914e-05,0.9867901986432964,0.0002508443768732149,4.9999947230462755e-05,0.9888729246174476,0.0002271746011710988,4.9997303453852455e-05,0.9912485391293672,0.00018351615166372858,4.999996329428683e-05,0.9935290160368284,0.0001429981732231647,4.999995157248903e-05,0.9965663156086283,8.420969439818756e-05,4.9999735674466096e-05
1.36017,1.8676425145233408,1.825856850322787,1.1857350090311582,0.7937255930046092,0.3668791199519258,-0.44286556342348093,0.19815990357667157,8.567936606018822,-7.495870429852464,0.9432675536600519,-3.624342768898363,-2.150501342174739,2.1286373618501035,-26.757274289286258,-33.303020151386946,5.3311362932831665,4.738347188669258,-7.629129721595504,0.4183165327650299,6.800091717252897,6.800083717665562,6.800093176781878,6.799984449571506,0.14839817502943178,0.0004662584233154202,5.048768833964056e-05,0.14880657839037736,0.0007236428843038625,5.095091200375818e-05,0.8571773280838504,0.04632837512547839,9.951765495748957e-05,0.9731526422794157,0.0006129542957184756,5.295592520981467e-05,0.9732255002253595,0.0006160572597831791,5.000471160965789e-05,0.9738222842131664,0.0005106255420167104,4.999981310684524e-05,0.9746685351024972,0.0002895703027866475,5.291761907883359e-05,0.9757252404202467,0.0003441194112680837,5.000010590470958e-05,0.9764985082722657,0.0004174662539876184,5.0000032867561e-05,0.978521423734487,0.0003795653978880397,4.999425652143246e-05,0.9807217902225155,0.00035139670814626523,5.00000263221124e-05,0.9819242252772421,0.0003149368364961594,5.0000000942710607e-05,0.9828193807317964,0.00027583676283845116,4.999976905665513e-05,0.9838213354498853,0.0002255622520373709,5.0000091388765895e-05,0.9852800835590936,0.00023125806580611422,4.999999905790794e-05,0.986538160950957,0.00025203769233939397,4.9999957858658574e-05,0.9886435771410654,0.0002293474763821381,4.999423795002795e-05,0.9910607171733279,0.0001878219560392818,4.9999957211674514e-05,0.9933825946520775,0.00014642138475088313,4.9999945601922306e-05,0.9964809583754871,8.535723314118191e-05,4.999974063871117e-05
1.37932,2.0269603593774375,1.6760802424619687,1.204798770921765,0.7920089379035963,0.33447299046108225,-0.47359837662874993,0.19118603064231618,8.055340617178818,-8.133864956548111,1.0453975034580594,-3.533569032516115,-2.2966545434070396,2.1366511593110307,-29.60980074235857,-31.119840197571435,4.650572490412182,5.067992541058947,-7.459369399142615,0.4341048961573119,6.800091917600111,6.800088187369416,6.800092976678277,6.8000348658167,0.14792115670474787,0.00047701832468393003,5.05103799331027e-05,0.14813967800005687,0.0006669003903204945,5.080786284889251e-05,0.7177001790313751,0.13947714905247535,9.995543979866695e-05,0.9724834887864886,0.000669153492927048,5.3516894320650874e-05,0.972551050544905,0.000674449680454388,5.000631682239408e-05,0.9732457159948118,0.0005765682183545852,4.999983503972091e-05,0.9743806625104472,0.0002878725920498989,5.2883738410859146e-05,0.9753769209714964,0.0003483194487502043,5.00001017347761e-05,0.976079005145167,0.00041950312709876294,5.000005798243538e-05,0.9781379417447216,0.00038348198976549013,4.998262495579504e-05,0.980358877137749,0.0003629130847663643,5.000001548076113e-05,0.9816014046473253,0.00032282062991686544,4.9999991039217284e-05,0.982539559563081,0.0002798211687154011,4.999977620565328e-05,0.9835961561313733,0.0002251793185119611,5.000009329323343e-05,0.985047396861439,0.00023268669765458142,4.9999997143841896e-05,0.9862853177260265,0.0002528432249306479,4.999996751809282e-05,0.9884122656162276,0.00023131152483774046,4.998261000613446e-05,0.9908685849204377,0.0001921322528902205,4.999995002368274e-05,0.993232679970625,0.00014991468145239905,4.999993854899437e-05,0.9963944587052657,8.649967022144375e-05,4.9999747153649964e-05
1.39848,2.175929794301131,1.5144790061326863,1.2257056115093135,0.7876991768662728,0.3023217445540041,-0.5043115982361783,0.18384569766602568,7.488098045054717,-8.730035743084626,1.1344897173592887,-3.4364801952925843,-2.43955560245876,2.1449674185121834,-32.27906680119721,-28.852793930402452,3.6008758700605816,5.391023672098509,-7.273358216230738,0.4467252874922946,6.800091810548643,6.800089973957458,6.800092556009763,6.800030024294789,0.14743177918776956,0.0004893775169783131,5.053702351750301e-05,0.14752188052976914,0.0006177974702877082,5.069355614075696e-05,0.37340024937852917,0.34429992965284584,0.00010000104208426974,0.9717476582764637,0.0007358305100248051,5.4242059206942144e-05,0.9718078425493015,0.0007432079956034666,5.000857462687691e-05,0.972575388491731,0.0006703275030808225,4.999986809394318e-05,0.9740937628222249,0.0002868996882222953,5.2864406065744845e-05,0.9750247784576915,0.0003521425138049048,5.000009577999033e-05,0.9756611866318797,0.00041781851328717836,5.0000084109356296e-05,0.9777516185787276,0.0003863231659938658,4.99571059789205e-05,0.9799856186547272,0.0003732584830218725,5.0000002708226386e-05,0.9812712711962049,0.00033013345112031204,4.999997970095935e-05,0.9822557972385821,0.00028376232449894503,4.99997847470845e-05,0.9833709570692213,0.00022519906215207912,5.000009506233717e-05,0.9848132044958408,0.00023419236559818937,4.999999495295316e-05,0.9860321437697748,0.00025317395625163705,4.9999976373794505e-05,0.9881792398936518,0.0002330257225758608,4.995711187112546e-05,0.9906721767331562,0.00019640818728149854,4.999994148623674e-05,0.9930792198266526,0.00015346014397251036,4.9999930171604366e-05,0.9963068236189142,8.76350863515484e-05,4.999975501607615e-05
1.41764,2.3135364505725846,1.3418706757116625,1.248137709932535,0.7807874209329966,0.2705136409320268,-0.534902887697588,0.17626721940635212,6.869719656176094,-9.282776140916308,1.2034726229926507,-3.333202967568171,-2.5788931974143567,2.153525449797666,-34.72964305906843,-26.53241149846604,2.1948961292110623,5.7052063737632785,-7.069896404919034,0.4558756819802621,6.800091327008453,6.80009072272235,6.800091815117937,6.799940188395113,0.1469283100576575,0.0005034691301120499,5.056803284892543e-05,0.14694676565556714,0.0005751148742020019,5.060153069312708e-05,0.26201990379412937,0.11138034558439981,9.992446773085828e-05,0.970932053187875,0.0008156050885886484,5.5191529976665235e-05,0.9709829152714541,0.0008249272778475267,5.0011844434068114e-05,0.9717654167344907,0.0008099717572402868,4.99999237116553e-05,0.9738071138175876,0.00028664900463736063,5.28594310746681e-05,0.9746696476505325,0.00035513080715900147,5.0000087721413814e-05,0.9752485544854569,0.0004126321464228937,5.000011065714435e-05,0.9773633300608814,0.0003882885178461971,4.998613234673601e-05,0.9796036715449168,0.0003819471098103856,4.9999987834979255e-05,0.9809345712368377,0.00033669995936727115,4.9999966664769607e-05,0.981968189259743,0.00028760797883910395,4.9999794414489276e-05,0.983145309592914,0.00022564747630734135,5.000009674196997e-05,0.9845774556271653,0.00023574886867544238,4.9999992469160633e-05,0.9857791856971748,0.0002529580725998894,4.999998453839798e-05,0.9879444958664658,0.0002347440271859218,4.9986115646487055e-05,0.9904715627902073,0.0002006139429488494,4.999993127715447e-05,0.9929221796458975,0.00015704018075507516,4.99999201512972e-05,0.9962180619056743,8.87617132398356e-05,4.9999763963243124e-05
1.43679,2.438839792879287,1.1590979949489142,1.271643980575684,0.7712779369022699,0.2391319375019827,-0.5652653995747026,0.16857979255390262,6.204394947334143,-9.79106437541005,1.2455208129386848,-3.223906860981318,-2.714333022095114,2.1622587775449675,-36.927908533984606,-24.189409299273763,0.45018581446151507,5.977374822014283,-6.8223226783760555,0.4573514369695675,6.800090529581346,6.800091128281442,6.800090803671855,6.7990565096069995,0.14640885102859644,0.0005194590290610777,5.060284558011461e-05,0.14640889726575043,0.0005378683898166935,5.052812396912097e-05,0.22280209858326155,0.039217805210867825,9.932428748539522e-05,0.9700200531007155,0.0009120000871595399,5.6450704422964705e-05,0.9700598482514992,0.0009230670199547755,5.001676143617211e-05,0.9707445330695645,0.0010208836649260985,5.00000371382262e-05,0.9735199852439699,0.00028712857361775913,5.286893716631293e-05,0.9743128710660447,0.0003567765844878591,5.0000077460282386e-05,0.9748439132988473,0.0004046411866096036,5.0000136937194035e-05,0.9769742682436205,0.0003890618172608848,4.999514638733285e-05,0.9792150300550714,0.0003886414898453178,4.9999970640980237e-05,0.9805921696330995,0.0003424016037383012,4.999995156801115e-05,0.9816768708363377,0.00029131842340537895,4.999980491422981e-05,0.9829187546921831,0.0002265549007308521,5.000009837970624e-05,0.9843401195237553,0.00023733610341003858,4.999998967611128e-05,0.9855270369541751,0.0002521487429996942,4.9999992082090185e-05,0.9877083445008548,0.00023615136561116207,4.999512727713283e-05,0.9902668454009774,0.00020471738922987558,4.9999918962499955e-05,0.992761541645552,0.00016063800034545617,4.999990806148099e-05,0.9961281839595848,8.987794608956794e-05,4.999977370383296e-05
1.45595,2.5509858056636467,0.9670176601243798,1.2956456469913493,0.7591905585779045,0.20825196363169496,-0.595286750648349,0.1609110225782783,5.4969575011234735,-10.25446711386393,1.2541451384297921,-3.1093967533959357,-2.8450300131899064,2.171020376710346,-36.567350544660385,-20.37420228751881,-1.9249326513849963,-67.95114674487324,54.894818990055356,-9.018741664413362,6.800089270462859,6.800091274777864,6.8000895185553105,5.16426437938299,0.14588281594261576,0.000526035085980681,5.0002988857151484e-05,0.1459036063412107,0.0005052909245397348,5.103343599884909e-05,0.2037545995045993,0.019047499078662277,9.716848647197805e-05,0.9689902086743595,0.0010298444263560742,5.813976888579196e-05,0.969017503334041,0.0010423449174582254,5.002455454950188e-05,0.9694653801676882,0.0012791529018763273,5.0000307794326534e-05,0.9732316287180499,0.00028835652591995025,5.289335562577488e-05,0.9739562473250651,0.0003566237409794751,5.00000652433024e-05,0.9744492085857269,0.0003947047131203627,5.0000162286249945e-05,0.9765855526239945,0.0003887156196260588,4.999766805152319e-05,0.9788218003379171,0.00039322971715428755,4.999995076296317e-05,0.980244978563132,0.00034719106996742037,4.999993389236093e-05,0.9813820049244789,0.0002948659118586821,4.999981595562788e-05,0.9826907983678005,0.00022795632438268865,5.000010002434911e-05,0.9841011772015473,0.0002389423222080302,4.9999986557037534e-05,0.985276302857149,0.0002507340970260594,4.999999904364071e-05,0.9874710599976159,0.0002372845032389169,4.999764855113539e-05,0.9900581534304072,0.00020869197057027497,4.999990394602665e-05,0.9925973036651009,0.00016423798045113114,4.999989331905619e-05,0.9960372016240902,9.098233549467293e-05,4.9999783948133894e-05
1.47511,2.649638281635588,0.7667491931775517,1.3193657501847957,0.7494306327429294,0.17245600510987757,-0.6214371383667152,0.14975415072356205,4.7964273570943945,-10.644780949850531,1.2172687082964662,-4.41115435702626,-1.7933958400608658,1.998246021909432,-36.6576896593221,-16.233062493021244,-3.305923652465862,-123.86834922657351,97.84350417490444,-16.094844828853233,6.800087181535617,6.8000912306021615,6.800088125670034,3.9801334104606187,0.14535100653553737,0.0005318094070783774,5.0001351331992386e-05,0.1454270384945166,0.000476567846694085,5.092073697992965e-05,0.1926361419184988,0.011118457586100482,9.21519230201942e-05,0.9678145365365701,0.0011756721377892954,6.0417894421280225e-05,0.9678283627908045,0.001189140543236499,5.003799740131637e-05,0.9680020991108017,0.0014632810568865249,5.000093124887722e-05,0.9729413164120245,0.00029031230602533776,5.293245692157487e-05,0.9736018847425197,0.00035436258254540253,5.000005168844053e-05,0.9740656514375061,0.0003835571482207653,5.000018609256268e-05,0.9761982393109164,0.0003873133130780566,4.999865991163877e-05,0.9784259980725686,0.000395802265348536,4.999992759542066e-05,0.9798939048888108,0.0003510736743211718,4.9999912907680806e-05,0.981083786798104,0.00029821812637486906,4.99998273567706e-05,0.9824609491519597,0.00022984921584082212,5.0000101696748654e-05,0.9838606397142612,0.00024053748728608212,4.999998310826593e-05,0.9850275916236167,0.000248711233532194,5.000000544609163e-05,0.9872329138850136,0.00023814611260223822,4.999864018699052e-05,0.9898456417987479,0.00021251163165926488,4.9999885419222004e-05,0.992429480646533,0.0001678230185678121,4.999987513631822e-05,0.9959451290723925,9.207255169750656e-05,4.99997945133267e-05
1.49427,2.7348539003872965,0.5597238226717401,1.3420925706743463,0.7497115382337912,0.12239969789028765,-0.6376472826130218,0.12788407149719527,4.094166563399348,-10.955761905180633,1.1539362781937548,-6.784132197418543,0.08101734686782831,1.6899129379384739,-38.627626081565914,-11.329347674164955,-3.132707468227197,-121.31672098010412,91.1222535863363,-16.015278750715606,6.800083200718474,6.800090972742393,6.8000871922597055,4.105893770369449,0.1448104016055752,0.000540604929962162,5.0000911984029374e-05,0.14497593812159248,0.00045110037292411733,5.0825354215509255e-05,0.185372758316473,0.007263383602025773,8.377985487454885e-05,0.9664561609106236,0.0013583756259464943,6.346836457181948e-05,0.9664562159559127,0.0013721468348918621,5.006620146679447e-05,0.9664562700467552,0.0015458290640465759,5.000270174954667e-05,0.9726483753813013,0.00029294103072323197,5.298541296313993e-05,0.9732518424244028,0.00035004231811698854,5.0000037684204345e-05,0.9736938820699713,0.0003717693675348019,5.000020785634455e-05,0.9758133214822302,0.00038491782868621056,4.999914256842102e-05,0.9780293988655829,0.000396599206985711,4.9999900179514276e-05,0.9795398098315058,0.00035409505730504777,4.999988759622276e-05,0.9807824511936656,0.0003013356044385207,4.9999838999653586e-05,0.9822287515237668,0.00023219762819288824,5.000010339120499e-05,0.983618558042378,0.0002420816718831971,4.9999979343220235e-05,0.9847814982164808,0.0002460934071359532,5.000001129611235e-05,0.9869941898368181,0.00023872404819541698,4.9999122618313046e-05,0.9896294902230516,0.00021615157569636432,4.9999862279388056e-05,0.9922581066053274,0.00017137404120560668,4.999985244965531e-05,0.9958519835780298,9.314549436272307e-05,4.999980527941593e-05
1.51342,2.806248086095639,0.34757896170483715,1.3636027017191994,0.7606515064949513,0.054587351075264974,-0.6404243885877552,0.09101235326342651,3.3541671907520976,-11.172801133883988,1.0939221951051286,-9.108227838898856,1.826669806734422,1.383104121800634,-42.68227917509221,-4.792876435265505,-1.588918708920566,-43.862614274180004,22.865897543104694,-6.382758286660476,6.800073225777646,6.800090361682674,6.800087475474805,5.875090964035537,0.14425779689199808,0.0005526047135771492,5.000071783560799e-05,0.1445474524764494,0.00042848564514305626,5.0744855730900725e-05,0.18025449651605915,0.0051182618004138695,7.383880777405632e-05,0.9648657120414003,0.0015904488692232502,6.388464849032828e-05,0.9648700983601269,0.00158611759578573,5.001636774901362e-05,0.9648849856217704,0.0015712844249848599,5.4776013652028617e-05,0.972352145793278,0.0002962295880233161,5.3052305778834104e-05,0.9729075759832031,0.00034426644119964293,5.0000024129359923e-05,0.9733340060465522,0.0003598760234191248,5.000022736069795e-05,0.9754317193585622,0.0003816021236679878,4.999941152879172e-05,0.9776334478293831,0.0003959510361997777,4.9999867039289676e-05,0.9791834724644877,0.0003563373670181448,4.999985652675478e-05,0.9804782552184317,0.0003041959752337993,4.9999850675806117e-05,0.9819937518878743,0.00023499963589248483,5.000010512187792e-05,0.9833749864427318,0.0002435715996462288,4.9999975272325294e-05,0.9845385269394511,0.0002429712770297821,5.000001658490396e-05,0.9867551827135891,0.00023900712322900695,4.999939132204682e-05,0.9894098962041186,0.00021959401893291246,4.9999832972745636e-05,0.9920832345036932,0.0001748721016342976,4.999982379589308e-05,0.9957577842363274,9.419934170239838e-05,4.99998160373019e-05
1.53258,2.8626928284380724,0.1324131831174082,1.3842316028604442,0.7736143254003535,-0.024835520595418964,-0.6317126577423817,0.042898528420283875,2.5364917854339297,-11.264619501074947,1.0634828705319361,-9.948515227438413,2.264717689904462,1.2608279788682615,-44.094262002953016,3.6784540977287206,-0.274746488625495,-2.685257885874763,-12.463516524094073,-1.1275496450354046,6.800005902531512,6.8000891214409265,6.800088627925923,6.799920735874603,0.14368990577276508,0.0005678911192329693,5.000061383878729e-05,0.1441389046126088,0.0004085478638406147,5.0677253206523866e-05,0.17644267554191254,0.0038118209741466232,6.547252256940573e-05,0.9629760537691012,0.0018896582722991396,6.83042167245311e-05,0.9629760864962482,0.0018940118638787167,5.009517486030083e-05,0.9633956347996142,0.0014893508221561133,5.431661151363041e-05,0.9720519126615412,0.00030023313173679976,5.3134705908325314e-05,0.9725695466257307,0.0003380293574724979,5.000001163222037e-05,0.9729855963658,0.00034840968075225604,5.000024476069773e-05,0.9750542600073026,0.00037745935125967864,4.999957571544432e-05,0.9772392517081574,0.00039419612122572616,4.999982598551034e-05,0.9788255753239532,0.00035789714053432336,4.999981771641344e-05,0.9801714431449401,0.0003068120734915901,4.999986207053815e-05,0.9817554403851696,0.00023831150270464487,5.0000106941145686e-05,0.9831299375292892,0.0002450489134425796,4.999997088940757e-05,0.9842989878812518,0.00023953905819928094,5.0000021308751146e-05,0.9865161890740254,0.0002389936395636768,4.999955521460238e-05,0.9891870689815127,0.00022282722260597967,4.9999795288140546e-05,0.9919049365602975,0.0001782979433955417,4.999978717399856e-05,0.9956625492422191,9.52349941083832e-05,4.999982647454067e-05
1.55174,2.903166541579177,-0.08297905284962398,1.404532235022578,0.7799403428038492,-0.10696196159406997,-0.6165807758471705,-0.008799563036164219,1.6917666617458225,-11.194150409371431,1.0582194813505614,-9.999957403738543,2.025950896694519,1.2392272201731,-41.25124430185098,11.996097122730903,-0.208263238564864,-0.0007419834876615168,-13.818429486645595,-5.3238575057497135,6.401034673026091,6.8000881114038085,6.800089142921761,6.451576939757435,0.14310338847553744,0.0005865172972276554,5.000055328378525e-05,0.14374773578025696,0.00039116883235184826,5.0620924316680256e-05,0.17347860904132556,0.002964066500586954,5.993760222846719e-05,0.9606950166946558,0.002281037074445336,6.429677823338397e-05,0.9606988170751528,0.002277269421095466,6.40969199910262e-05,0.9619834273564535,0.0014122074431606713,5.3887109667867744e-05,0.9717469077905926,0.00030500487094858224,5.3234294352570745e-05,0.972237276314058,0.0003322703116727485,5.0000000399826984e-05,0.9726478139469407,0.00033778241885932213,5.000026042161311e-05,0.9746816501921457,0.0003726098151568085,4.9999682628747365e-05,0.9768476256470334,0.00039162606112406225,4.999977387735463e-05,0.9784667074386957,0.0003588678852576019,4.999976849624101e-05,0.9798622251090792,0.0003092180358608832,4.999987290392371e-05,0.9815132538406144,0.00024218654455519976,5.000010889834556e-05,0.9828833794033631,0.0002465581259260544,4.999996618765787e-05,0.9840629616235707,0.00023602625768111713,5.000002548950449e-05,0.986277492109439,0.00023869696458636607,4.999966179946655e-05,0.9889612262666556,0.00022584271485698082,4.9999746100159824e-05,0.9917233048056616,0.0001816317546359586,4.9999739908486606e-05,0.9955662941811103,9.625506110882332e-05,4.9999836315404726e-05
1.5709,2.9279336680885804,-0.29547891560181366,1.4247682572075635,0.7772033181329964,-0.1879100323487976,-0.5974523476809037,-0.06076683399410703,0.9015059597334892,-10.96433808991148,1.0542297288983125,-9.999971618107146,1.7612276872097938,1.1372367119808753,-19.633819832483734,10.270670952972385,-5.075825656339145,0.0007246119075847637,-4.311678630429483,-79.54439691669494,0.00017456546985906347,6.800088181911147,6.8000890498016915,0.014723866211273988,0.14249510544453053,0.0006082830310069036,5.000051702552581e-05,0.14337161694409223,0.000376118836164724,5.0574107364654616e-05,0.17109170802001938,0.0023869010213061633,5.6592747351190654e-05,0.9578947768602412,0.002800239834414704,6.963039329545258e-05,0.9579293114784552,0.002769505596697707,6.9439894740081e-05,0.9606426689874987,0.001340758368954781,5.350785265788966e-05,0.9714364038156307,0.0003105039749618781,5.335091330178334e-05,0.9719097403775213,0.0003275359365365779,4.9999990351092367e-05,0.9723196529983942,0.00032816094854643034,5.0000274618796876e-05,0.9743144603788105,0.00036718981333511586,4.999975577192589e-05,0.9764591433117344,0.00038848233529893505,4.9999706234233624e-05,0.978107362161398,0.0003593452772975732,4.9999705308753296e-05,0.9795507910923186,0.00031143401676065317,4.999988305841385e-05,0.9812666594396704,0.0002465944009440477,5.000011098380152e-05,0.9826352728814739,0.0002481065218892384,4.9999961191137154e-05,0.9838303712474302,0.00023259037614046407,5.000002917129142e-05,0.9860393492746958,0.00023814283474318782,4.9999734588504256e-05,0.9887325882215268,0.0002286380451288362,4.999968096441408e-05,0.9915384479364701,0.00018485686919155985,4.999967844509022e-05,0.9954690328606307,9.726132047962842e-05,4.999984544651416e-05
1.59005,2.941541073134471,-0.5037608009827463,1.444043642899884,0.7653124933522566,-0.26259167761958957,-0.5757139500599028,-0.11786877227342972,0.5253758209559286,-10.767580203578596,0.9569908306697129,-9.999957736530373,1.6786277501896665,-0.3866157684087741,-27.455475967940114,22.166961458388624,-3.0227884791935478,0.0008196394427196774,8.132808714255699,-33.38087345100622,4.010531329003179,6.800086016940894,6.800090379911317,3.982644171851071,0.14186313465575642,0.0006319707887741074,5.000049449979845e-05,0.14300899706067421,0.00036261988341801236,5.053366827940871e-05,0.1691171913058023,0.0019745167142170917,5.455331549333954e-05,0.9543932615335528,0.003501515326688345,7.625298507079501e-05,0.9545121179714716,0.0034171935069834984,7.569249584327656e-05,0.959370598533502,0.0012720704539966909,5.316064969888334e-05,0.9711200653490681,0.0003163384665624839,5.347679908237711e-05,0.9715859633636647,0.00032377701385666286,4.999998136813445e-05,0.9720005754429636,0.0003190775554305306,5.000028673564866e-05,0.9739532189690866,0.00036124140972391023,4.999980836284793e-05,0.9760741524942059,0.00038499081752849194,4.999961622889487e-05,0.9777479016731182,0.00035946048827986785,4.9999622917698e-05,0.9792374785134961,0.00031331257882250116,4.999989290287212e-05,0.9810154646818936,0.0002511947577767142,5.00001129712832e-05,0.9823856895638735,0.0002495833176003139,4.9999956057030236e-05,0.9836013453999848,0.00022902584744544923,5.000003237714343e-05,0.9858020214739921,0.0002373278007036908,4.999978680795345e-05,0.9885013604224702,0.00023122779905660024,4.999959310075071e-05,0.9913504776605507,0.00018797027591929482,4.9999597560550473e-05,0.9953707886982682,9.824416236249491e-05,4.9999854235493946e-05
1.60921,2.9464379819469975,-0.7061384255512143,1.4618460529275277,0.7453165987586383,-0.32870187566683967,-0.5507772108418024,-0.18193357348503245,-0.0005957971058696606,-10.342922018836264,0.8990824939387625,-9.999942034486656,1.8344300594928877,-1.0261017507987247,-28.583890290314113,34.276141571406335,-2.2685329442402136,2.0061315664116983,10.334742729331117,-1.0169241265076772,6.799927862178938,6.800082443339875,6.800091387868035,6.800001013378041,0.1412065018872046,0.000656632768551836,5.000048008698604e-05,0.14265864387190888,0.0003503531887653622,5.0498196205276666e-05,0.16744703721479873,0.0016701540910035873,5.3271017291590095e-05,0.9499270827539938,0.004466178779558914,8.310729997563845e-05,0.9502349703480573,0.004277147623414433,8.212707434779185e-05,0.9581645987422294,0.0012059997912727246,5.284306325884875e-05,0.9707977846548329,0.00032228069423524913,5.3607276748495936e-05,0.9712650239622427,0.00032093940142203094,4.9999973317772625e-05,0.9716901524754457,0.0003104229675179353,5.0000296549490546e-05,0.9735983718636309,0.0003548471054557024,4.999984747910806e-05,0.9756928257809013,0.00038132671330453065,4.999949365072139e-05,0.9773885757135479,0.00035932595957045594,4.9999514206500845e-05,0.9789226933854176,0.0003147851280785053,4.9999902449048114e-05,0.9807596725688713,0.00025579211302231375,5.000011473684581e-05,0.9821347201512117,0.00025096941266179203,4.9999950914424866e-05,0.9833760298188422,0.00022531558114266106,5.0000035119868665e-05,0.9855657534015452,0.0002362680724469113,4.9999825548996324e-05,0.9882677291943965,0.00023363122807370008,4.999947234674935e-05,0.991159506765757,0.00019097089479381136,4.9999490154287486e-05,0.9952715885858657,9.920011240250705e-05,4.999986270051135e-05
1.62837,2.9409791525138305,-0.8981660768762134,1.4786840145719677,0.7187470211930473,-0.38943364647604917,-0.5202645271508716,-0.24711551515357386,-0.5481847387091068,-9.686285154690125,0.8556236245787191,-9.96151005584376,2.032415385332661,-1.0455832279688855,-21.272974038960825,38.94474312636488,-3.298474600281009,13.253633468659805,0.9828677731346828,-2.4969560802088036,6.551323513029806,6.800074173002326,6.800092176160119,6.800071857197608,0.1405241888371061,0.0006823130500984686,5.00004714449093e-05,0.14231895027997782,0.00033969359193106223,5.046835919759197e-05,0.16600327654442545,0.0014437606703732856,5.2449006909158716e-05,0.9441201633305658,0.005806919423428051,8.900865145846451e-05,0.9448236586652059,0.005411311682851398,8.772890525115706e-05,0.9570182787614319,0.0011463199807974285,5.257018706315132e-05,0.9704693143416225,0.00032847031321044736,5.374560659346663e-05,0.9709458892193913,0.00031913474285134863,4.99999659938062e-05,0.9713874422717496,0.00030271020369603067,5.000030494876391e-05,0.9732500724732193,0.00034829939041155643,4.999987684704472e-05,0.9753152175815948,0.00037760819930663926,4.99993243717974e-05,0.9770295610870722,0.0003590146264755991,4.9999371419894386e-05,0.9786066578121001,0.0003160355733175031,4.999991120726199e-05,0.9804991576806724,0.00026051488819884856,5.0000116384298455e-05,0.9818823422329089,0.00025237791830277163,4.9999945761930766e-05,0.9831541834488274,0.00022184637001463703,5.000003746960035e-05,0.9853306885807552,0.00023506482078992176,4.99998545567735e-05,0.9880318652151733,0.0002358639792231628,4.9999304617969724e-05,0.9909656544800781,0.0001938522856788791,4.9999348485486385e-05,0.9951714454229391,0.0001001431629266684,4.9999870368079726e-05
1.64752,2.926345899790375,-1.0767118047118978,1.4944990456136842,0.6863777785202215,-0.4450666539729389,-0.48455068338015655,-0.309853095223178,-0.955716576413333,-8.940210689213938,0.7924338978855304,-9.707606789010976,2.0512444361777495,-1.09341805812336,-10.970508994319134,31.915780874404927,-5.882997743444016,301.787162525447,-251.00260890365803,-39.36559071100109,0.00010973167207103693,6.80006414572352,6.800092709026299,6.800082151233024,0.13981569572335448,0.0007084931137516482,5.000046648480063e-05,0.14198833463584692,0.0003306156441308869,5.0443674129964224e-05,0.16473003208226483,0.0012732444621605978,5.1906535389703485e-05,0.936432007176725,0.007688156153840638,9.335856793730906e-05,0.9379361478922769,0.006887510772928921,9.196660859379441e-05,0.9559243943903774,0.0010938843710545099,5.2341498552115775e-05,0.9701344804541449,0.0003348338874777208,5.3890382456724806e-05,0.9706276435789846,0.0003182456404067559,4.9999959282923916e-05,0.9710914057859018,0.00029603648584769347,5.000031231710243e-05,0.972908210939517,0.0003418615337022216,4.999989920742305e-05,0.974941255253379,0.00037396232821576087,4.9999087798489806e-05,0.976670933419128,0.00035862766794420167,4.9999186063600596e-05,0.9782894884787384,0.00031716933336166337,4.9999919058944664e-05,0.9802338534838776,0.0002653041967948041,5.000011788902029e-05,0.9816284974211342,0.0002538448117747423,4.9999940668387226e-05,0.982935425878712,0.00021875757011553652,5.000003949220877e-05,0.9850968730225432,0.00023381555821199395,4.9999876583611904e-05,0.9877939077988565,0.0002379574163168215,4.999906936180005e-05,0.9907690337042174,0.00019662077586070007,4.9999164077394304e-05,0.9950703638583386,0.000101081564600579,4.9999877130545185e-05
1.66668,2.9059062453757374,-1.2421728009866215,1.508648377198324,0.6498942575639429,-0.48337475256133927,-0.4717225962061427,-0.3485156128031346,-1.1658814401891935,-8.328791862316944,0.6797317962797752,-3.926192459529318,-2.7572771315033355,-1.8475548090724703,-11.26309424883863,43.656329620388945,-7.46532565582018,-0.4492048603034771,3.32391495396087,-0.031198867501149814,6.697164267147632,6.799936303057849,6.800093089203197,6.800086256516228,0.13908145468123495,0.0007342410421194991,5.0000463302190506e-05,0.14166562598009608,0.0003227086557508609,5.042271653997456e-05,0.16358880989675204,0.0011412221855127986,5.15324836007026e-05,0.9260506256159275,0.010381381560797449,9.623613185166438e-05,0.9291418696248149,0.00879427826746197,9.489510865828165e-05,0.9548773540460394,0.0010470403443380476,5.2146013187249034e-05,0.969793341934581,0.0003411385195638067,5.403635720224297e-05,0.9703095892911883,0.0003180542877963349,4.999995315904203e-05,0.9708013060802163,0.0002900997056855203,5.0000318345164156e-05,0.9725726041369291,0.00033560680258778346,4.999991672587035e-05,0.9745707198166199,0.0003705354367592313,4.999874995338944e-05,0.9763126322917819,0.00035830112734613656,4.999894705034448e-05,0.9779713555312377,0.00031813294750076036,4.999992620432917e-05,0.979963891696042,0.0002699617878355974,5.0000119133838546e-05,0.9813731316080648,0.00025536581306941374,4.999993575671386e-05,0.9827195174531282,0.00021590842558364754,5.000004120721985e-05,0.9848643226060204,0.00023255041652286805,4.999989379964163e-05,0.9875539451618984,0.0002399626369580077,4.999873264000937e-05,0.9905697343871309,0.00019929931708652737,4.99989258635429e-05,0.9949683511995004,0.00010201265883817335,4.9999883194749574e-05
1.68584,2.88142913225058,-1.393743355662235,1.5203989081939897,0.6124419405146859,-0.5079963962091779,-0.4835513598144754,-0.3647350417856664,-1.3816514349749969,-7.492456321971987,0.5367166316861967,-3.934797992629197,-2.6936000374082965,-1.848152493805397,-8.710984119053384,44.46271049488926,-10.619547006874976,-4.761182521918486,7.3418430543992965,0.5504283026908605,6.799336594801795,6.799190708325831,6.800093324617252,6.800088433888422,0.13832251185891947,0.0007589428223154739,5.000046076349502e-05,0.1413497753078175,0.0003158506722785875,5.040494919939285e-05,0.1625510792950583,0.0010377306016937317,5.12675463225884e-05,0.9117666573519236,0.01428396826400393,9.797821267737598e-05,0.917940225241586,0.011201644383228918,9.678870128603418e-05,0.9538716869198299,0.0010056671262093648,5.1980315502190265e-05,0.9694460607258484,0.00034728120873260933,5.4180996246239645e-05,0.9699911427339702,0.0003184465572179884,4.9999947601785234e-05,0.9705164482833905,0.00028485779682579026,5.000032319470269e-05,0.9722429131555091,0.00032969098142002424,4.999993064129158e-05,0.9742032889614736,0.0003674308551463044,4.999826113841296e-05,0.9759544910454626,0.00035814124631937866,4.9998645612486416e-05,0.9776523768811175,0.00031897865012013035,4.999993264919831e-05,0.9796894870633625,0.00027440463267945945,5.000012008481131e-05,0.9811161632446088,0.0002569683634559909,4.999993110731564e-05,0.9825062031776308,0.00021331427549744561,5.000004265125517e-05,0.984632985442436,0.00023133716358439077,4.9999907445854414e-05,0.9873120220678465,0.00024192309405192766,4.999824478773699e-05,0.9903678268470708,0.00020190754006018245,4.999862509359265e-05,0.9948654103142293,0.00010294088527113434,4.999988857529078e-05
1.705,2.853278613257732,-1.5291339573933627,1.5288262701057524,0.5737619911183939,-0.5313518737485659,-0.49342289262970523,-0.38078241899730775,-1.5485299992861472,-6.640672735713337,0.3332752370146322,-4.0260091913665725,-2.5529504607851345,-1.8376077971725147,-5.52614909739491,40.52743311455925,-12.9273951561915,112.2734733399312,104.05340325020138,15.211921935283565,6.799930979379338,4.217297270637893,6.8000934954164,6.8000896720518345,0.13754001694232748,0.0007824949165919763,5.000045847140194e-05,0.14103961275451177,0.0003101625533057307,5.03905017616283e-05,0.16159401896300388,0.0009570603320544289,5.1078350830951605e-05,0.8918593968652285,0.01990726048669517,9.895319745049093e-05,0.9038249656759931,0.014115259565592906,9.795548743150021e-05,0.9529008616350648,0.0009708252847650881,5.1845858776169943e-05,0.9690927516382684,0.00035330908758000927,5.432523110511488e-05,0.9696717305987506,0.00031941213521976424,4.999994255616402e-05,0.9702359574666607,0.0002804908167298315,5.000032751373071e-05,0.971918521191879,0.00032439196363004375,4.9999941667732506e-05,0.9738385576852852,0.000364731276188532,4.99975574335231e-05,0.9755962486414155,0.000358242404047038,4.999828103709638e-05,0.9773324758205676,0.0003199010605498683,4.9999938252531326e-05,0.9794108053652398,0.0002786816981227391,5.0000120798656894e-05,0.9808574512722132,0.00025871197239570363,4.999992673072625e-05,0.9822950639268788,0.00021113925075196693,5.0000043892662856e-05,0.984402685004484,0.00023030043795206948,4.999991823069326e-05,0.9870681433270405,0.00024387874080604744,4.9997541915202676e-05,0.9901633623883064,0.0002044644587645005,4.999826106865764e-05,0.9947615302972344,0.00010388001699484733,4.999989313819027e-05
1.72415,2.822537964079388,-1.6489189307189083,1.5328904883966201,0.5448493906812403,-0.5448856197500067,-0.4995033801502256,-0.39589677884291896,-1.6543958595539348,-5.864278270869706,0.08562180148264442,-1.8751573719707677,-0.5595726393169267,-1.5461890942706342,-4.358735623157734,44.86873523010031,-14.38777904948589,-0.3195996327837947,3.323496298763121,0.11575994158942166,6.800014302097267,6.789027800119234,6.800093633379198,6.800090441036659,0.13673513390473319,0.0008048830375942807,5.00004562077785e-05,0.14073408350559274,0.00030552924891901964,5.0378927288862955e-05,0.16070042916584903,0.0008935897971548413,5.09401895993595e-05,0.8639205674755132,0.027938829389715324,9.947060861431478e-05,0.8862980485138217,0.01752691716217154,9.866745053963014e-05,0.95195882268255,0.0009420389525147236,5.173828774083503e-05,0.9687335126553092,0.00035923898295918665,5.446932677392391e-05,0.9693507916182399,0.0003209389805105952,4.999993797013987e-05,0.9699590206627735,0.00027693680388716385,5.000033148315438e-05,0.9715987256974723,0.00031979549440678656,4.9999950518048934e-05,0.9734760254001815,0.00036253228510357507,4.9996552930165325e-05,0.9752375318110383,0.00035871683037712066,4.999785434474011e-05,0.9770114990087783,0.00032097681178941515,4.9999943070665946e-05,0.979127990367301,0.00028281499793872714,5.000012131230701e-05,0.9805968056930828,0.00026064557913044374,4.999992262422565e-05,0.9820856901801972,0.0002093737466816116,5.000004496404878e-05,0.9841731905645171,0.00022949443996684985,4.999992685792456e-05,0.9868222644020359,0.0002458789250045193,4.9996538147317175e-05,0.98995636516263,0.00020699722567638228,4.999783482273343e-05,0.9946566945317711,0.00010483576546325106,4.99998969424367e-05
1.74331,2.7899979874124425,-1.753031179734519,1.531913385403917,0.5265085649855183,-0.5491404465561387,-0.5030578949749975,-0.4100796735867276,-1.7378972794926355,-5.004716364278841,-0.19000858408453405,-1.8812800243765588,-0.4959035655072408,-1.543971451281832,-2.8187300921124123,42.95118775077671,-14.709065825245004,53.61407259773205,48.26463602529061,6.988449941569131,6.800056233378397,5.594061202670009,6.800093738689987,6.800090835792804,0.13590899138688994,0.0008261425178432727,5.0000453857115826e-05,0.14043217762160137,0.00030190588399137347,5.036999711705437e-05,0.1598566831839435,0.0008437459819055417,5.0838305658271836e-05,0.8249830339925472,0.03893753348296594,9.97315598500914e-05,0.8649252332265841,0.021372815287237446,9.910306791398038e-05,0.9510397043705466,0.0009191183120033603,5.165491693228372e-05,0.9683684183833281,0.0003650942719810184,5.4613738710097236e-05,0.9690277672294234,0.00032302438881647575,4.9999933799728386e-05,0.969684828496591,0.000274192166182518,5.0000335387370276e-05,0.971282713302171,0.00031601239530131193,4.999995765261497e-05,0.973115113078828,0.0003609123213535407,4.9995177883065826e-05,0.9748778720714024,0.0003596597396359827,4.999737351133317e-05,0.97668918747494,0.00032231153383817417,4.999994712656814e-05,0.9788411586527476,0.00028683171455349047,5.0000121663940345e-05,0.9803339970047701,0.0002628086883126956,4.9999918778184617e-05,0.9818776481465668,0.00020804203363044887,5.000004590127898e-05,0.9839442021517895,0.00022898841272765182,4.999993377603812e-05,0.9865742967984675,0.0002479676035684314,4.999516377490869e-05,0.9897468364539695,0.00020952870866044186,4.999735434078466e-05,0.9945508788410208,0.00010581569075032565,4.9999900011108494e-05
1.76247,2.756153254189789,-1.841027871744548,1.5255802818256303,0.5132488287500945,-0.5489394953421136,-0.5055370557807394,-0.42387787249292475,-1.7918964171932186,-4.181889408179742,-0.4717939430896237,-0.8541814394516242,0.4287144864627566,-1.4100919174575721,-2.054879886578821,44.25834647688788,-14.682466747471947,21.108883592538067,18.36667438857204,2.6169107845686925,6.800071829954727,6.344571475509594,6.800093815790862,6.80009099351003,0.13506256132392047,0.0008464300629694787,5.000045144474286e-05,0.1401328790412915,0.0002992985803098771,5.036363723805605e-05,0.15905151028943718,0.0008051728945063187,5.076345898086903e-05,0.7724138432309683,0.052569190761578885,9.985704795550937e-05,0.8393599011476601,0.025565332078923947,9.937437469286524e-05,0.9501376174160449,0.0009020869545018384,5.1594278813219454e-05,0.9679975013174076,0.0003709170659206457,5.4759430080050114e-05,0.9687020831690203,0.0003256840604031705,4.9999929995541724e-05,0.9694125334093929,0.00027229508719808733,5.0000339582878035e-05,0.9709695441504648,0.00031316915170612246,4.999996338376671e-05,0.9727551684673897,0.00035994461143827665,4.999347422742126e-05,0.9745167126638721,0.0003611594075303121,4.99968494930002e-05,0.9763651506934331,0.0003240367815068991,4.9999950419418093e-05,0.9785503841853276,0.0002907744674199552,5.0000121898616895e-05,0.9800687577466354,0.0002652392581346891,4.999991516646637e-05,0.9816704547450524,0.00020719340151436166,5.0000046743207865e-05,0.9837153394474137,0.00022886270437573691,4.999993928267112e-05,0.9863241101089397,0.0002501866895278282,4.9993460762277386e-05,0.9895347575100495,0.00021207894392009073,4.999683058414737e-05,0.9944440498539339,0.00010682898708681768,4.999990234047967e-05
1.78162,2.7214296299103045,-1.9130223476729609,1.5138342510006129,0.5070594293931208,-0.5429104787086759,-0.5071408400082053,-0.4369739266221638,-1.8312622799496527,-3.334020876001645,-0.7530697367172424,-0.4497931246538754,0.7805695939047788,-1.35995908416449,-1.5827191450067881,45.060815769858806,-14.187028921339039,1.9302791391638063,1.3194211526134436,0.09269097558177257,6.800079386236854,6.780956098739711,6.800093862849627,6.800090947944537,0.13419659808206466,0.0008659632418558157,5.00004490593377e-05,0.1398351921909255,0.0002976868503660077,5.0359733799613104e-05,0.1582755501386952,0.0007759601507419708,5.0709099046503555e-05,0.7058505038860485,0.06656333934491976,9.99145450013032e-05,0.8092727866870236,0.030087114460636482,9.955025240208547e-05,0.949246826706639,0.0008907907094058917,5.1554676304480776e-05,0.9676207523088398,0.0003767490085678072,5.4907412386029135e-05,0.9683731417622008,0.00032894140681943363,4.9999926507323546e-05,0.9691412822619254,0.00027125114746743976,5.000034433052132e-05,0.9706582037990181,0.0003113403514466764,4.999996796930156e-05,0.972395464377574,0.000359704089815817,4.9991725786855166e-05,0.9741534087446403,0.00036330391923181706,4.999628446355494e-05,0.9760388951232825,0.0003262555701506137,4.999995297270238e-05,0.9782556999430241,0.00029468424230359605,5.0000122056301246e-05,0.9798007860435735,0.0002679717030619518,4.999991175480564e-05,0.9814636056819489,0.00020684906310347456,5.0000047518143e-05,0.9834861611789106,0.0002291782685030338,4.999994362173847e-05,0.9860715318829562,0.0002525782259835637,4.999171291921554e-05,0.9893200913749739,0.00021466613507558735,4.999626572961106e-05,0.9943361670376544,0.00010788281627954036,4.999990394926296e-05
1.80078,2.6860439284054864,-1.9686267652093203,1.4967843939992964,0.5029191324858534,-0.5350169109540525,-0.5084889925348463,-0.44974136192693204,-1.8615828378816544,-2.4707792330837566,-1.024854300421751,-0.41281427047839286,0.8058460844436941,-1.3581833792936875,-1.2903362446399798,42.1241795053466,-13.080933764363772,83.56111043445314,69.94334823625255,10.6718913800285,6.800083362784314,4.963559262564053,6.800093881444345,6.800090748420546,0.13331160751424212,0.0008849905678225292,5.000044681641151e-05,0.13953809016274787,0.00029710202817763014,5.035832340447286e-05,0.15752058782914855,0.0007549623095466703,5.067126414668756e-05,0.6292795473893033,0.0765709564967454,9.993784899016066e-05,0.7742407782990188,0.03503200838800487,9.967046941289942e-05,0.9483614561355671,0.000885370571071797,5.153584705107909e-05,0.9672381139388376,0.00038263837000209323,5.5058926819758554e-05,0.9680403142367081,0.0003328275254926899,4.999992328682789e-05,0.9688701707643136,0.0002711114976118786,5.000034996962502e-05,0.9703475708715307,0.000310632927487444,4.9999971573603004e-05,0.9720351978159014,0.00036026656167253594,4.999047576424379e-05,0.9737872284225252,0.00036618032211507715,4.999566670207082e-05,0.9757097963207754,0.0003290988025071714,4.9999954775027174e-05,0.9779570936304706,0.0002986063125535252,5.000012217529129e-05,0.9795297482607471,0.00027103778282627685,4.9999908505089945e-05,0.9812565463307898,0.00020705935115913654,5.000004825817474e-05,0.983256149851328,0.00023001132758260136,4.999994694211689e-05,0.9858163493786278,0.00025518250432833827,4.999046335417677e-05,0.9891027863742995,0.00021730500067435713,4.9995648058045715e-05,0.994227181096918,0.00010898594073642116,4.9999904819121714e-05
1.81994,2.6501514688060435,-2.0082328802427893,1.4747136249767057,0.5065823483468257,-0.5205604821061677,-0.5094162153203403,-0.4613950038713851,-1.8863021413542866,-1.6637954867511633,-1.2754491145796139,1.1879874243664337,2.1457688046849803,-1.1537392099961745,-2.1258757633296614,44.005521679695896,-11.483128586126131,35.760178665242904,26.812875017516465,4.500523592055304,6.800085741692787,6.056416243353712,6.800093880877573,6.800090364497956,0.1324078430956693,0.0009037644185728377,5.000044483119111e-05,0.13924055479315725,0.0002975353695906143,5.0359370385716296e-05,0.15677948099400876,0.0007411068351397669,5.064686689033143e-05,0.5501060729820071,0.07917347440729612,9.994251122362421e-05,0.7335650699124026,0.04067570838661628,9.975792951321957e-05,0.9474756883132984,0.0008857678222687164,5.153721823867236e-05,0.9668494851247407,0.00038862881409690785,5.521516037229123e-05,0.9677029360100247,0.00033737822668358856,4.9999920289936305e-05,0.9685982869692209,0.00027188379509272104,5.0000356715731845e-05,0.9700364814395142,0.00031108943201651405,4.999997434921155e-05,0.9716734847751851,0.00036171304071626646,4.999015088043673e-05,0.9734173484665916,0.00036987995593357827,4.9994961768809114e-05,0.9753771446731347,0.0003326516476405466,4.999995583998334e-05,0.9776545133628737,0.000302580267596923,5.0000122285705754e-05,0.9792552811969388,0.0002744670638082729,4.9999905379157754e-05,0.981048707763008,0.00020783856778179357,5.000004898143079e-05,0.9830247407159268,0.00023140913540125457,4.9999949384726094e-05,0.9855583112408864,0.00025803813774144204,4.99901386833307e-05,0.9888827790093248,0.00022000736497479999,4.9994943133140544e-05,0.9941170373840142,0.00011014371290365335,4.9999904956991444e-05
1.8391,2.613661612129083,-2.0320321896169657,1.4481085414842958,0.520803832798791,-0.4968671290760533,-0.5098542149454296,-0.4710989579541434,-1.9270280903905566,-0.8207703842706788,-1.4954343637848782,1.8730543689970778,2.6594299509830748,-1.0675215214519018,-3.6356805703071635,45.175177160977576,-9.246529655893871,2.8637457738976226,-1.9795964001721498,0.2707780903250045,6.800087308809962,6.798934064370045,6.800093865180389,6.800089814732761,0.13148526797585244,0.0009225751198168755,5.0000443243118745e-05,0.13894153940365986,0.0002990153894974012,5.036295473637585e-05,0.15604573683049497,0.0007337441635138157,5.0634087564903126e-05,0.475447162602747,0.07465891037926013,9.993410884931899e-05,0.6861528961547476,0.04741217375765488,9.982434659511102e-05,0.9465835233605289,0.0008921649527696181,5.15594531217908e-05,0.9664547083709959,0.0003947767537447989,5.5377700061851366e-05,0.967360293984666,0.0003426420253586224,4.999991747192459e-05,0.9683246780542444,0.00027360891497637917,5.0000364840613174e-05,0.9697237126061865,0.0003127688333277024,4.999997639523195e-05,0.9713093545651122,0.00036413021007281185,4.999071505720088e-05,0.9730428493254737,0.0003744991411178998,4.999412046279379e-05,0.9750401327293037,0.00033701194383118006,4.9999956151158744e-05,0.9773478585857744,0.00030665477709912356,5.0000122418522296e-05,0.978976990204902,0.00027829099203679114,4.999990233406418e-05,0.9808394864395392,0.00020922132346884862,5.000004970692334e-05,0.9827913165112798,0.00023342420464692425,4.9999951037614634e-05,0.9852971315638549,0.0002611796770315579,4.999070282829903e-05,0.9886599982241898,0.00022278078513487246,4.999410175980618e-05,0.9940056755985439,0.00011136178547044419,4.9999904339590816e-05
1.85825,2.5761262173118054,-2.0394614759496497,1.4176919384260105,0.5376540562507194,-0.4700064156048871,-0.5100541079286427,-0.4794434450813232,-1.9966777586226157,0.04466210924476557,-1.6725725117538273,1.9279158836972208,2.6215063133479566,-1.0623341558979325,-5.255441117564676,44.92978867045247,-6.9455773975233885,2.7686182233388132,-2.0616530350460582,0.2690442115915175,6.800088354538661,6.7998411901309765,6.800093836273453,6.800089144781678,0.13054344942917137,0.0009418185466810523,5.000044226116905e-05,0.1386398821586055,0.00030165724505434123,5.0369396109181214e-05,0.15531294277009355,0.0007327940604014316,5.0632451013400366e-05,0.40948643084333514,0.06596073175941183,9.991279453515592e-05,0.6305703218531732,0.0555825743015744,9.987484697544499e-05,0.9456782448813786,0.0009052784791501333,5.1605531584480405e-05,0.9660535387444837,0.00040116962651215747,5.554905085489811e-05,0.9670116055329508,0.00034868845171517405,4.9999914777468524e-05,0.9680482677768645,0.0002764102773799143,5.0000374805237054e-05,0.9694079096802641,0.0003158029259223256,4.999997774273636e-05,0.9709417386209213,0.00036761594419102816,4.999180203530293e-05,0.9726627062865694,0.0003801430389042072,4.999310020707389e-05,0.9746977977003353,0.0003423350289683287,4.9999955626207276e-05,0.9770369557005708,0.00031090288520367425,5.000012261413772e-05,0.9786944423863551,0.0002825478185469652,4.999989931233192e-05,0.980628187016562,0.00021129942297721887,5.000005046533693e-05,0.982555176873738,0.00023613963754191218,4.999995191742701e-05,0.985032493127518,0.0002646384363368917,4.999178960888168e-05,0.9884343700154175,0.00022562820877231548,4.999308136791179e-05,0.9938930268046929,0.00011264879385099335,4.99999028765539e-05
1.87741,2.53696165010888,-2.0303509176457584,1.3843063019597124,0.554003903472058,-0.4425657534406749,-0.5101295249157062,-0.48680819800852876,-2.097357596461223,0.9053936323029522,-1.8056307252196824,1.9809550154327378,2.582010695643444,-1.0571800067050285,-6.946921177341851,44.50214731808484,-4.723727221153231,2.7068452386876403,-2.1120244369288135,0.2712126923570034,6.800089074090995,6.79997768931383,6.800093797875328,6.800088340507581,0.12958155367884366,0.0009618957503276897,5.00004420821847e-05,0.13833430475979547,0.0003055773988100398,5.037905803925063e-05,0.15457468045993783,0.0007382623101557181,5.0641924536919155e-05,0.3535678646325435,0.05591856621079164,9.987479775379523e-05,0.565517619652906,0.06505270220026724,9.99112967863296e-05,0.944752317548824,0.0009259273325545906,5.1679435849204036e-05,0.9656456362704426,0.00040790247404109904,5.573205700076086e-05,0.9666560082978264,0.00035559723512448935,4.9999912153727794e-05,0.967767857140817,0.0002804106360475244,5.0000387072854884e-05,0.9690876025986898,0.00032030708157434584,4.9999978410239126e-05,0.970569454260886,0.00037228436003522604,4.999305725055819e-05,0.9722757756075753,0.00038693067899414407,4.9991917845021317e-05,0.9743490368062665,0.0003487608940688014,4.999995416832114e-05,0.9767215542624915,0.00031540143807931565,5.000012290927463e-05,0.9784071649668468,0.0002872774195083856,4.9999896255946995e-05,0.9804140273163635,0.00021415970019844963,5.000005128098683e-05,0.9823155493159034,0.0002396275578345192,4.999995203012408e-05,0.984764049429526,0.00026844369799193876,4.999304452108376e-05,0.9882058217909444,0.0002285482244730829,4.999189879724265e-05,0.9937790155219773,0.00011401128271554739,4.999990046484048e-05
1.89657,2.495559990230876,-2.0048240735634257,1.3487819532076957,0.5698098041058344,-0.41458313846948125,-0.5100916914301361,-0.49319691793124903,-2.230441553062847,1.757932719931588,-1.8961243831221621,2.032810746205641,2.5415501000313094,-1.0519843153680988,-8.70022795328902,43.89575359592859,-2.593095324480793,2.6488367850798267,-2.1567633116709706,0.27348082066245416,6.800089537555483,6.800015050352519,6.800093751193727,6.80008733351672,0.12859845645815637,0.0009830972206873213,5.0000442811878035e-05,0.13802340808230393,0.00031089667749154443,5.0392367328921615e-05,0.15382439592595387,0.0007502845339839532,5.066299524193337e-05,0.3074401146247729,0.046127750007770654,9.981143862104027e-05,0.4913557623457306,0.07416185730717545,9.993403740271085e-05,0.9437972125305266,0.0009551050182975035,5.1786669193196396e-05,0.9652305760677494,0.0004150602026931217,5.5929433671493816e-05,0.9662925586305953,0.0003634496672311176,4.9999909566944915e-05,0.9674821216610051,0.0002857354798119162,5.000040212404647e-05,0.9687612113512976,0.00032639124739222697,4.999997839833481e-05,0.9701911847098712,0.00037826955101492974,4.999428144715955e-05,0.9718807756153137,0.00039499999226162106,4.999078089629123e-05,0.9739926236568961,0.000356413149370411,4.999995165626283e-05,0.9764013385569131,0.00032021570557842755,5.000012332806162e-05,0.978114649051559,0.0002925159152878305,4.9999893123006514e-05,0.9801961418730859,0.000217885443277596,5.0000052171013165e-05,0.9820715969936522,0.00024395232225114994,4.99999513651357e-05,0.9844914274381151,0.0002726219914109271,4.999426831985686e-05,0.9879742867641597,0.00023153502678464663,4.999076150889699e-05,0.9936635620948524,0.00011545342712487053,4.999989697972417e-05
1.91573,2.451288812074965,-1.9630707773134957,1.3119179326125603,0.5850327710430475,-0.3860942814327941,-0.5099511457539352,-0.4986148982312535,-2.3971140587386333,2.5988549669854155,-1.9458009775180587,2.0835551941058306,2.5002324302833676,-1.0467451729135784,-10.505241999831483,43.11407890558154,-0.5650941984666564,2.59163767555362,-2.1985572007544305,0.27546485307426544,6.800089749844905,6.800021962726484,6.80009369137452,6.800085953540066,0.1275928954454719,0.0010055610126844727,5.000044444743644e-05,0.13770564641561267,0.0003177616666912744,5.0409883050214214e-05,0.1530551733401146,0.0007692225858392805,5.0696873703490155e-05,0.2701669515191127,0.03727316310566019,9.970621504475338e-05,0.4128368834309323,0.0785188789147983,9.994222829359636e-05,0.942803051113771,0.0009941614167555469,5.1935334123336945e-05,0.964807860835176,0.0004227152325733944,5.6143692392992314e-05,0.9659202302509069,0.00037232837968837314,4.9999907009357025e-05,0.9671895872621377,0.000292534398867475,5.000042052063574e-05,0.9684270266998051,0.00033418465149237726,4.999997767946445e-05,0.9698054535580962,0.00038573115177496277,4.999538904395267e-05,0.9714762611375126,0.0004045144778010481,4.999023781891289e-05,0.9736272113622955,0.00036541229460061177,4.999994792128431e-05,0.9760759412880526,0.0003253972688605157,5.000012388129759e-05,0.9778163545591974,0.00029829449236167015,4.9999889894111816e-05,0.9799735709551334,0.0002225709179524464,5.000005314824199e-05,0.9818224167590559,0.00024918023459631557,4.999994988315814e-05,0.9842142316080683,0.0002771958300467785,4.999537540314186e-05,0.9877397083979963,0.00023457836616336858,4.9990217773180884e-05,0.9935465843568433,0.0001169777380091087,4.99998922519906e-05
1.93488,2.403494849650228,-1.9053458570776423,1.2744776897684789,0.5996354187646193,-0.35713509915456537,-0.5097177944828711,-0.5030693597390407,-2.598365682976881,3.424802470852861,-1.9566266324902002,2.1332038639461417,2.458114104247697,-1.0414680218396064,-12.351617025638935,42.161438342268475,1.3495035685256636,2.5349951842891265,-2.2377168237795373,0.2771286685214752,6.800089676767425,6.800005806738362,6.8000936073778595,6.800083905805785,0.12656366114155934,0.001029234303912561,5.000044686362328e-05,0.13737929407305752,0.00032635234255514736,5.043233995144045e-05,0.15225948947421036,0.0007956838659042197,5.0745619989079007e-05,0.24055809143585102,0.029608860083261673,9.952945013223219e-05,0.33979110014983493,0.07304578328109736,9.993170025619156e-05,0.9417581159211833,0.001044935192587695,5.213734098786626e-05,0.9643769353749642,0.0004309254602119724,5.637706758687629e-05,0.9655379127840252,0.00038231746688159276,4.999990450596792e-05,0.966888598392417,0.00030098886972064666,5.000044294110038e-05,0.9680831840149028,0.00034384268490230216,4.9999976196876325e-05,0.9694105919045826,0.00039486165351362216,4.9996348275708654e-05,0.9710605906928392,0.0004156704446734013,4.999092284047265e-05,0.9732513366782481,0.0003758746840473177,4.9999942730061035e-05,0.9757449591811296,0.0003309821069229842,5.0000124565714306e-05,0.9775117162855537,0.0003046382736435845,4.9999886578375805e-05,0.9797452457432392,0.00022832521189427386,5.000005422057251e-05,0.9815670361198192,0.0002553806392367623,4.999994751382523e-05,0.9839320495758848,0.0002821820321835255,4.999633396803797e-05,0.9875020465041684,0.0002376618938278034,4.999090158080511e-05,0.9934279994342854,0.0001185849225579027,4.9999886051395856e-05
1.95404,2.351507752909131,-1.8319677058111798,1.237185011702244,0.6135817141536548,-0.3277419022016812,-0.5094008906819388,-0.5065694260797858,-2.834988788700529,4.232499994311947,-1.9307738453687366,2.181767419005845,2.415245587237036,-1.0361589966249731,-14.228824239302012,41.043000794193226,3.1405985095393425,2.4802218375365,-2.273211093519825,0.2786419260461905,6.800089249643259,6.799938781429425,6.800093485141815,6.800080807681074,0.12550983419945538,0.0010538269421039512,5.000044979415381e-05,0.13704240255151512,0.0003368915215424094,5.046070766440094e-05,0.1514289341209482,0.0008305553532621432,5.08123688354416e-05,0.21736015811765583,0.023197933318195214,9.922953109296906e-05,0.2811634005160638,0.05862769963377111,9.988850552892744e-05,0.9406481705707738,0.0011099453504096004,5.2410337944211956e-05,0.9639372037038871,0.00043973167107693643,5.663141714437716e-05,0.9651444110052533,0.00039350177877197186,4.999990212285864e-05,0.9665772766099243,0.0003113217824926831,5.0000470225909956e-05,0.9677276281206307,0.00035555589427192774,4.999997386264953e-05,0.9690046960412521,0.0004058958633304862,4.999715125420817e-05,0.9706318860359876,0.0004287046568515638,4.999272575849386e-05,0.9728634267663309,0.00038790991191727637,4.99999357604512e-05,0.9754079710581747,0.00033698812295490297,5.0000125362794245e-05,0.97720015168216,0.00031156460339369836,4.999988322068112e-05,0.9795099692839818,0.00023527645925731138,5.000005538979415e-05,0.981304409232609,0.00026262688721025114,4.999994415169816e-05,0.9836444601546354,0.0002875894212495486,4.999713607564673e-05,0.9872612873729565,0.000240759131212,4.99927027670177e-05,0.9933077256691469,0.00012027376513839696,4.999987806273631e-05
1.9732,2.2946439202851816,-1.7433165395952588,1.200720191264612,0.6268370886986142,-0.29795122716612404,-0.5090089962473764,-0.5091260134126844,-3.107574036066179,5.018771321862096,-1.870608591571142,2.229281666967329,2.3716970973674445,-1.030820981546542,-16.1261322012373,39.764460548157246,4.798729048682148,2.4383548434922826,-2.2957856974969197,0.281457286051552,6.800088318996122,6.7995761344910255,6.800093308882154,6.8000763569832845,0.12443107694835316,0.0010787572511022135,5.0000452809621994e-05,0.13669274560720404,0.0003496569443110522,5.04962734146126e-05,0.15055388051511234,0.000875053605835884,5.0901686731145656e-05,0.1993653530187086,0.017994805098947225,9.871974529652648e-05,0.23894551500573827,0.042217885510325535,9.977596680213919e-05,0.9394554929297844,0.0011926776409894937,5.2780874016034514e-05,0.9634880495345063,0.0004491541693809384,5.6908085898847786e-05,0.964738446109065,0.0004059648961882843,4.999989997709989e-05,0.9662534670824501,0.00032380952747429725,5.000050343750925e-05,0.9673580652586032,0.000369562862027554,4.999997055511943e-05,0.9685855728376137,0.00041912320363833035,4.9997803701613286e-05,0.970187977208989,0.000443908826998665,4.999477836520273e-05,0.9724618106535481,0.0004016161127827334,4.999992656568995e-05,0.9750645591494143,0.00034341190876044164,5.000012623709669e-05,0.9768810711064314,0.000319080575728509,4.999987991018362e-05,0.9792663926840598,0.00024357659992206736,5.0000056649588966e-05,0.9810334120338547,0.0002709971987542418,4.9999939650449335e-05,0.9833510445850928,0.00029341556954251156,4.999778738156674e-05,0.9870174547736625,0.00024383259929387698,4.999475334456045e-05,0.9931856846343862,0.00012204103476081218,4.9999867850065175e-05
1.99235,2.232210404185559,-1.6398324011036571,1.165716434837793,0.639369328334303,-0.2677986267828251,-0.5085498596495764,-0.5107513319857898,-3.4165065002808803,5.780549324920259,-1.7786781043589448,2.2759938581505397,2.3277161400004838,-1.0254290318920292,-15.421195067741662,31.500489165995152,3.8617245798226736,207.78686107152592,173.41338159445226,27.609528405813975,6.800086079241062,2.195889772265432,6.800093056956523,6.8000732442367875,0.12332798224273454,0.0011030947056186215,5.0000455296700734e-05,0.13632774850830215,0.00036499709890190906,5.054075982438224e-05,0.14962308897779497,0.0009307915373173718,5.1020111755775454e-05,0.18548596086662272,0.013879392152085878,9.786069683314795e-05,0.21001334090263316,0.02893217410310511,9.951300390341444e-05,0.9381574674519589,0.0012980254778253413,5.3289714857577895e-05,0.9630288611177159,0.000459188416790339,5.72077212228935e-05,0.9643186611679683,0.0004197849410966898,4.999989824773523e-05,0.9659146693410209,0.0003387977414291187,5.000054394184342e-05,0.9669718952507035,0.00038617000789972924,4.999996611642234e-05,0.9681506694141943,0.00043490342341948697,4.999832069303109e-05,0.9697263242019712,0.00046165300701774583,4.999644144067912e-05,0.9720447381161693,0.0004170725373787325,4.999991451962641e-05,0.9747143345645402,0.00035022458487412824,5.000012713413418e-05,0.9765538915394748,0.0003271795669566262,4.999987678945833e-05,0.979012985888786,0.0002534067952737633,5.0000057982367296e-05,0.9807528365783617,0.0002805754554930058,4.999993381517653e-05,0.9830514024716422,0.0002996421134505905,4.999830287111311e-05,0.9867706179550986,0.00024683681856399627,4.999641410459566e-05,0.9930618032108124,0.00012388142357382348,4.999985480159483e-05
2.01151,2.1640179714082395,-1.5232415263309982,1.1322891951162595,0.6649448664266034,-0.21801758499001977,-0.5062276683622717,-0.5040329279346639,-3.711934302432192,6.384012301694859,-1.7046980528701219,6.256620224176428,5.649840914574018,-0.49650619163654186,-20.643541169423333,29.82708252933083,7.475668455376474,137.93342361812725,114.89687799190087,20.40511869895443,6.80008137655845,3.7449279163974194,6.800092709184001,6.800068380326729,0.12220269291242558,0.0011252893303089657,5.000045631262591e-05,0.13594457128998816,0.0003831772183139978,5.0595951069616283e-05,0.14862399744182886,0.0009990915359660859,5.1175140369210996e-05,0.17478346780836046,0.010702493058262288,9.645054995336625e-05,0.19025126646091992,0.019762074441713257,9.895086867180324e-05,0.936725786820139,0.0014316806318200078,5.399377619946761e-05,0.9625591238281704,0.00046973728954546006,5.752812538431612e-05,0.9638836562898923,0.0004350048780759999,4.9999897218848954e-05,0.965558120270172,0.0003565490708489186,5.000059298579975e-05,0.966566256914132,0.0004056383365714119,4.9999960441273726e-05,0.9676969704635098,0.00045369895068451564,4.999872099402894e-05,0.9692438874911592,0.0004824367108120825,4.999759092840777e-05,0.9716105227057377,0.00043421541043164354,4.99998988955179e-05,0.9743570198883974,0.0003573146761426928,5.000012795095008e-05,0.9762180663784172,0.00033582516105752993,4.999987409544482e-05,0.9787481274833589,0.00026485840542719906,5.000005932192654e-05,0.9804614446657344,0.0002913919126272504,4.9999926490553676e-05,0.9827451684472209,0.000306234024421253,4.999870118512705e-05,0.9865208933486026,0.00024972460649591674,4.999756081203752e-05,0.9929360217273194,0.00012578148349294638,4.999983820654178e-05
2.03067,2.089270702251338,-1.3953080782388205,1.1009112718700729,0.7087812128273615,-0.13477071309435742,-0.49817434146944334,-0.48092319917522725,-4.1074079326867095,6.9554173969237345,-1.5614847486039962,8.899046313964336,7.850949971951731,-0.10560008200054351,-28.91672621832267,26.336071201406455,12.925963629463812,0.5644226941907833,-0.6147767103765891,3.677884305635389,6.800070508359719,6.799798974687594,6.800092192528467,6.8000553216614925,0.12105846381048237,0.0011442291019432141,5.000045526088525e-05,0.13553996445377087,0.0004046068362172824,5.06644447934943e-05,0.14754252551174835,0.0010814719300805322,5.1376623555809456e-05,0.16649215524235533,0.008291312566005099,9.422977073250911e-05,0.17650617810920247,0.013745088351717468,9.784589376312012e-05,0.9351236102049056,0.0016021766152332975,5.4983690703079995e-05,0.9620783122745402,0.00048081155363025523,5.78702454432971e-05,0.9634319246434145,0.0004517316464776248,4.999989713026541e-05,0.965180652642217,0.00037746762795503653,5.000065237469798e-05,0.9661379063536124,0.00042835056051969845,4.9999953439438464e-05,0.9672208509135626,0.00047611954994717005,4.99990263891907e-05,0.9687369619055196,0.0005069255856396549,4.999834715131427e-05,0.9711575432763461,0.00045297942939150976,4.99998786124973e-05,0.9739923646712473,0.0003646552171502159,5.0000128624703935e-05,0.975873065275082,0.00034500110333531074,4.999987200512172e-05,0.978470040998665,0.00027808648469398865,5.0000060589577215e-05,0.9801579632279437,0.00030348143779075626,4.9999917501393776e-05,0.9824320343483628,0.00031313409885818684,4.9999003926852353e-05,0.9862684513476111,0.0002524420009914648,4.999831353823163e-05,0.9928082929424196,0.0001277287848998714,4.999981699878252e-05
2.04983,2.0054400195103823,-1.2569744632055686,1.0732812685035082,0.7526993981144827,-0.03717704753586578,-0.48285599673242463,-0.4459936003031742,-4.661373097809371,7.459944289823699,-1.3138587371978965,8.90985910475627,7.839172536314444,-0.03514190595078133,-33.443986711617534,17.409893847494256,15.193008709665564,0.0032064374592070772,0.0003155203085624122,3.6753990744243734,6.799996923072692,6.800052852974486,6.800091208165658,6.80004177861306,0.11989818260607682,0.0011602812044055363,5.0000452470561746e-05,0.13510981233258718,0.00043015212118366586,5.075095035061195e-05,0.14636244033818832,0.001180085173560032,5.163858283692881e-05,0.16002204805370449,0.006470107188650851,9.090969197289407e-05,0.16672918492174627,0.00977699318745621,9.582697450192169e-05,0.9332988283557493,0.0018247818491563678,5.642185378935447e-05,0.9615855560682107,0.0004927562063295445,5.8245613331694876e-05,0.9629616695266698,0.00047025511674469284,4.9999898028442773e-05,0.9647782443364595,0.0004024083057574843,5.0000725596864564e-05,0.9656829326382921,0.0004549737153203148,4.9999945005415385e-05,0.9667178853947138,0.0005029655188486866,4.9999259137728704e-05,0.9682009909823142,0.0005359709232053175,4.999884837057194e-05,0.9706841334511952,0.00047340982515089194,4.999985174208226e-05,0.9736198763135561,0.00037248835769111596,5.000012922051166e-05,0.9755183022001609,0.0003547630749210527,4.999987047946247e-05,0.978176532185874,0.00029350881279090673,5.000006172952902e-05,0.9798410400584702,0.00031692316947348737,4.999990659841631e-05,0.9821117882093667,0.00032024613899596334,4.9999233078508154e-05,0.9860135344689288,0.0002549168786822286,4.999881021536549e-05,0.9926785744556186,0.00012971848680103104,4.999978926935747e-05
2.06898,1.9101169257883603,-1.1105787965409761,1.050849292385152,0.787177992818686,0.060584058916713944,-0.46134529495978105,-0.40477103435082723,-5.302068157173388,7.79347010623801,-1.0228023598260008,8.909920531303769,7.839178580818186,0.03526865988516259,-22.004600194312303,4.657277543415828,6.322674746476858,-130.43641319273075,112.78804730103151,-57.57137970975995,3.0393424580837416,6.800080982933602,6.800089230013709,0.00022945615762922478,0.11872406688503916,0.0011741157210376641,5.000044841976711e-05,0.13464900868648544,0.00046080364610176765,5.0861714552706114e-05,0.14506674144113604,0.0012956988970522659,5.197438873478497e-05,0.15492423091278487,0.005097817140919619,8.630646874903218e-05,0.15960144434871212,0.007127740573034122,9.245306131968925e-05,0.9311767908371718,0.0021220375185774807,5.8570649709942805e-05,0.961079555622974,0.0005060004452366749,5.866918999889892e-05,0.9624707201591677,0.0004909493675021433,4.999989994179401e-05,0.9643458958076296,0.0004323485288299288,5.000081701849692e-05,0.9651966795337407,0.0004862531045514775,4.999993528885099e-05,0.9661825583378177,0.0005353270568961015,4.999943732834944e-05,0.9676302604788597,0.0005707305034545468,4.999918629183298e-05,0.9701887599145469,0.0004953735366482917,4.999981544356343e-05,0.9732387643560341,0.00038111195752212534,5.000012981248507e-05,0.9751531251854001,0.00036517701476074645,4.999986943338447e-05,0.977864999147025,0.00031153303884906076,5.00000626181886e-05,0.9795093179076674,0.000331722150802827,4.999989371531161e-05,0.9817843546022682,0.00032743360709858665,4.999940629102629e-05,0.9857564622423856,0.0002570722265431832,4.999914207303618e-05,0.9925468348564682,0.0001317395991502877,4.999975220066402e-05
2.08814,1.8045261732388687,-0.9602352305148436,1.0323888260118022,0.8154626840466225,0.15421638470532006,-0.42035834718735593,-0.3667951108001384,-5.723615945400414,7.882690770564999,-0.9016772527338432,6.411116599393455,9.999888225998852,-1.0676410756936991,-18.184884812873555,-1.2776768210345595,4.4093287928069085,4.501836076414131,0.0034557667637842033,-73.62137701243412,0.29800843101465635,6.800086848515907,6.800083694850879,0.00018683004158858094,0.11754038628406277,0.0011836806009763922,5.000044204618835e-05,0.13415198928282965,0.0004970194036557733,5.100237004914338e-05,0.14364057770582617,0.0014261637353098742,5.239023565996511e-05,0.15085555290060815,0.0040686780121767145,8.059643270511923e-05,0.15425272279351449,0.005348721555197636,8.7487424413765e-05,0.928655286853938,0.0025215039832337705,6.177592053249982e-05,0.960559195199886,0.0005203604230880371,5.913673479604688e-05,0.9619568232806948,0.0005138968784728634,4.999990333535173e-05,0.9638781599467383,0.00046773586089130697,5.000092959879932e-05,0.9646736519216315,0.000523027612109149,4.999992492310053e-05,0.9656077613719497,0.0005747969658680725,4.9999574920344595e-05,0.9670173320709821,0.0006129284078776111,4.999941772375539e-05,0.9696704668775921,0.0005182930369547915,4.999976626174302e-05,0.9728484594136744,0.00039030494235963185,5.000013020722699e-05,0.9747769853722237,0.0003761398131764321,4.9999869188538195e-05,0.977532927384224,0.0003320717628009605,5.0000062952960637e-05,0.9791615229127969,0.0003477949948704821,4.9999879163190524e-05,0.9814498206100957,0.0003345339921723914,4.9999536800743186e-05,0.9854976066441345,0.0002588555982510034,4.999936518113332e-05,0.9924130697237628,0.00013376513270549944,4.9999702349518924e-05
2.1073,1.6915173684560536,-0.8093003479399088,1.0159090243398927,0.8346767441140552,0.24542987602524535,-0.3592592595265057,-0.33765879425025347,-6.071988463162018,7.858213986927945,-0.8172066064253529,6.497359431538323,9.999954429011996,-2.4780247396441766,-26.62939926306105,-10.037862620492941,12.489036061062617,6.5872863056780675,0.0007563375339357108,-28.18133882731762,4.30318257748374,6.800089239966732,6.8000719710492055,3.83330462458483,0.11635450863175119,0.0011858776523115894,5.000043186615005e-05,0.13361292630827382,0.0005390629745558395,5.1178931813187486e-05,0.142072989664137,0.0015675880416891649,5.288472383528419e-05,0.14755873887426255,0.0032968140263456144,7.443901394798048e-05,0.15011821098757971,0.004134511805934784,8.12125136883558e-05,0.9255931045444992,0.003062182309438795,6.64076330578417e-05,0.9600238999495405,0.0005352952503455007,5.963155671075676e-05,0.9614178557655187,0.0005389675151759611,4.999990887867716e-05,0.9633693406318938,0.0005088193148444529,5.000106560018176e-05,0.964106955121082,0.0005666968005495237,4.9999914945214935e-05,0.9649839842370611,0.000623777134888606,4.999968393991659e-05,0.966352340859541,0.0006649912114409981,4.999958208001076e-05,0.9691290602823075,0.0005414065952846752,4.9999699314198556e-05,0.972448911841113,0.0003995475725612832,5.000013007859554e-05,0.974389547285431,0.00038743808679267996,4.999987023103467e-05,0.9771781648506471,0.0003547625335769307,5.000006233024259e-05,0.9787964125182044,0.0003651103945925438,4.999986347967118e-05,0.9811084684247633,0.0003413521853324699,4.9999635352020934e-05,0.9852373759759322,0.00026023066820230444,4.9999517717066964e-05,0.9922773007409341,0.00013576898282856528,4.999963484261578e-05
2.12646,1.5702355357337503,-0.6603591450929835,1.0025672472185476,0.8390672218518823,0.33767576088953666,-0.29158748096828446,-0.3113192935252122,-6.582134717219355,7.665916069727465,-0.5779509288789224,6.623553770360917,9.999968918364758,-3.017901899284768,-29.111968262218372,-21.660714618256534,15.714577198912048,6.735286910877659,-7.926796365244424e-05,0.4758584375697887,6.8000467170092005,6.800090568662714,6.800045124152945,6.274233377991933,0.11517248878650414,0.0011820198452470387,5.00004188903655e-05,0.1330248464541855,0.0005880798540882942,5.14027392207918e-05,0.14036009929154294,0.0017128903725940655,5.343937857901605e-05,0.1448454889424169,0.002713249931845644,6.870415734135645e-05,0.14683920082331836,0.0032790101642613456,7.446397028660045e-05,0.9217765835938764,0.003816520950622807,7.268456560339615e-05,0.9594727800048828,0.0005511199446576326,6.016467095350614e-05,0.9608512946680423,0.0005665610974764888,4.999991665515321e-05,0.9628126274417252,0.0005567131901685546,5.000123046361239e-05,0.9634875872716671,0.0006193678494150097,4.999990710687134e-05,0.9642981133402119,0.0006858708968492344,4.9999775489558386e-05,0.9656226589569114,0.0007296819026295945,4.9999707323635e-05,0.9685650316224425,0.0005640286598649818,4.999960550670838e-05,0.9720399033596947,0.00040900848141844665,5.000012942899487e-05,0.9739904755832731,0.000399071702157941,4.9999872385340555e-05,0.9767985407720471,0.0003796240786000652,5.000006036850292e-05,0.9784127606908236,0.0003836518273807649,4.999984761256473e-05,0.9807608288694765,0.0003476395552869045,4.999971056819872e-05,0.9849762306208586,0.0002611453550736794,4.999962544540678e-05,0.992139559717113,0.0001377410238211896,4.999954062330754e-05
2.14561,1.438670476649429,-0.5172040314089591,0.9944645743961112,0.8304634026461957,0.4270761994360291,-0.21951921767181368,-0.2823993885727386,-7.139840184417326,7.25095618597084,-0.2769027297466115,6.752583394861379,9.99996739980798,-3.008785756746602,-24.626522824461713,-30.173671548355053,12.134622900254234,15.425416974943598,-8.372489035878255,1.749012590411184,6.800077388373901,6.800091440152619,6.800010698372935,6.479709906414772,0.113996615742563,0.001175873043941142,5.000040525232405e-05,0.13237916738701402,0.0006456790671714884,5.169035524565923e-05,0.1385121017333908,0.0018479975581521526,5.399661350305765e-05,0.14257684898656164,0.002268639955855224,6.400987994121755e-05,0.1441789498135399,0.0026602510097784825,6.832575286113236e-05,0.9168638713787365,0.0049127122151399,8.013750077698022e-05,0.9589040772186018,0.0005687027862810214,6.076668644706877e-05,0.9602536862085171,0.000597608459525095,4.9999926479458954e-05,0.9621996526590869,0.0006129747826383165,5.00014312501732e-05,0.9628039788352071,0.0006836084364599099,4.999990456429072e-05,0.9635317200672194,0.0007663932729923386,4.999986103239178e-05,0.9648141142333894,0.0008085447235219525,4.9999812589989674e-05,0.967979802633204,0.0005852289892383739,4.999946875194886e-05,0.9716206302236315,0.00041927313606314524,5.0000128419798866e-05,0.9735792795158851,0.00041119606738807197,4.999987509043132e-05,0.9763918935758066,0.00040664719624053364,5.0000056603602314e-05,0.9780094794829648,0.00040328120785874374,4.999983340253795e-05,0.9804077056345928,0.0003531232348836234,4.9999768602623536e-05,0.984714671773388,0.00026155884747051174,4.9999703610111676e-05,0.9919998864235651,0.00013967329354782446,4.9999403665895645e-05
2.16477,1.2972143127401297,-0.38359934172749827,0.9915306290186606,0.8091148117813393,0.5118689118190227,-0.14563047132462192,-0.24923245609750874,-7.61161681915289,6.672911395718957,-0.04443663632068409,7.048092077175355,9.839573472908015,-2.975279472489748,-18.614753753810557,-35.57932408885196,6.114121105031259,-28.39060567991159,-66.75186075219169,10.421436211952892,6.800081759710828,6.800092252988766,5.567698247076469,6.800056675608035,0.11282723398650658,0.0011693817560564303,5.000039193704822e-05,0.13166592923826576,0.0007132381487482693,5.206141880327616e-05,0.136557487123016,0.0019546146103748053,5.4463891538736476e-05,0.1406497670443144,0.0019270819422472596,6.048729217513027e-05,0.14197417549159302,0.002204774321946869,6.348356386028694e-05,0.9102888480549792,0.0065750233237572365,8.738825766733111e-05,0.9583155059271924,0.0005885712914094486,6.145782641589706e-05,0.9596206690649887,0.0006330171435284692,4.9999938579069466e-05,0.9615207590639886,0.0006788935950982692,5.000167234510378e-05,0.9620419886562198,0.0007619901789873595,4.9999911725205024e-05,0.9626608068225054,0.0008709132447140293,4.999995772353638e-05,0.9639186183869478,0.000895495846441599,4.9999912860209393e-05,0.9673760532360668,0.0006037493971373011,4.999926094783406e-05,0.971190021125038,0.0004306090985935848,5.000012703360887e-05,0.9731554221236097,0.00042385739227531583,4.999987804309251e-05,0.9759566323643581,0.0004352612114484251,5.000005045237154e-05,0.9775856752742261,0.00042380420873861906,4.99998232315098e-05,0.980050180395398,0.00035752523919483714,4.99998139073957e-05,0.984453207333574,0.00026146443981402194,4.999976138629643e-05,0.9918583322326134,0.00014155419095175967,4.999919593536689e-05
2.18393,1.1478215795170184,-0.2621302132050733,0.9919784208820348,0.7767236861388462,0.5869781924866311,-0.0756502978045588,-0.2154890958854122,-7.9682244468314805,5.991309128746399,0.07269315499651068,6.504205938590305,8.56079089964417,-2.7756333372951034,-12.307892779197473,-35.41027358965637,-0.6149873047235568,-160.9865980352831,-166.6743351437498,25.113953545634672,6.800085305100475,6.8000927462722185,2.78423285025274,6.800073956746637,0.11166438854158686,0.0011628454449197215,5.000037903526806e-05,0.1308739373417901,0.0007919918964756535,5.2539510647917214e-05,0.13454107929725181,0.002016407825764174,5.4745592670166286e-05,0.13898806436519384,0.0016617026791205312,5.7950194748907226e-05,0.14011026164856374,0.0018639138430292818,5.997876384942857e-05,0.9010589348347894,0.009229913220189841,9.308104712787167e-05,0.9577045782178837,0.0006109277093086502,6.224726554215339e-05,0.958947094998099,0.0006735740668895646,4.9999953639316644e-05,0.960765233304589,0.0007555257593996995,5.0001951248693514e-05,0.9611885707425901,0.000853417913629615,4.999993286124754e-05,0.9616701450434672,0.0009906617790382314,5.0000098958760866e-05,0.9629547137546096,0.0009639046323381276,5.000001653763944e-05,0.9667576729824345,0.0006183802536322554,4.999892873700385e-05,0.9707470396867007,0.0004429814383373168,5.000012510669082e-05,0.9727184631498544,0.00043695897375530077,4.999988117615651e-05,0.9754922560497563,0.00046437631460187197,5.000004133153225e-05,0.9771406565149541,0.0004450187592720424,4.999981924504638e-05,0.9796896115868323,0.000360568808565669,4.999984978395724e-05,0.984192327586664,0.0002608797469100634,4.999980484662733e-05,0.9917149584936122,0.0001433737390012274,4.999886412444639e-05
2.20308,0.9927982959213352,-0.15377442548743042,0.9933927841234026,0.7457999574582777,0.6379598008523948,-0.01976376447114317,-0.19078856769985064,-8.204009915914765,5.312945405687626,0.06091168494912829,3.420144254365386,5.36776777204294,-2.294518866806565,-9.232754183049801,-36.8017992053767,-3.864138067321375,-176.81047703850177,-162.85784275088858,24.429248088668643,6.800088142045455,6.800093106913461,2.648497405782281,6.800077888769491,0.11050878132253024,0.0011556072190566143,5.000036619750019e-05,0.12999061704932213,0.0008833202924679689,5.3154485053663874e-05,0.13251583822172558,0.0020252410755262204,5.4786530026266576e-05,0.13753569343356378,0.001452370931630062,5.613683320367039e-05,0.13850633084178252,0.0016039308067812487,5.7521821578880313e-05,0.8872764429561779,0.01378249187861151,9.676518323646966e-05,0.9570687911654642,0.0006357870524195886,6.313681406778787e-05,0.9582272064688756,0.0007198885292233685,4.999997280161378e-05,0.9599213917297238,0.0008438415748651606,5.0002248810872465e-05,0.9602459321623996,0.0009426385801905087,4.99999672354935e-05,0.9605974246909521,0.0010727203525151446,5.000033150772248e-05,0.9619768978601899,0.0009778158944196444,5.000011264803512e-05,0.966129113602732,0.0006285593797025745,4.999835899940659e-05,0.9702908756231815,0.00045616406351926527,5.0000122400444254e-05,0.9722681939193413,0.00045026923051323377,4.9999884556217356e-05,0.9749996554255747,0.0004926006241816309,5.000002879273849e-05,0.9766739246665361,0.00046673184841791883,4.999982257419288e-05,0.9793276267889078,0.0003619847979244612,4.999987866976814e-05,0.9839324986919928,0.00025982889467122565,4.999983819724304e-05,0.9915698322078091,0.00014512628580309124,4.99982951089641e-05
2.22224,0.8338686385529113,-0.058718793789073076,0.9939082422418375,0.7314568737202115,0.6570352012494414,0.016771339787998475,-0.1816457356238473,-8.380884163605685,4.607923868336013,-0.013114602340754731,0.03294044821711239,2.2478581712856007,-1.8265214749480487,-8.45480532308193,-41.90002375938728,-4.026258970476931,-55.596012718804026,-49.71506973062144,7.5961918687561045,6.800089885550643,6.800093381764816,5.480791312017811,6.80008015766006,0.10936154524497162,0.0011472360775586232,5.00003532157922e-05,0.12900164471748063,0.0009889723318414945,5.394523265200565e-05,0.13053340009085396,0.0019824381308716165,5.458986305968023e-05,0.13625106471986068,0.0012846287137031173,5.4828960824530084e-05,0.13710470260490434,0.001401628236878154,5.5798280955490504e-05,0.8648537460762545,0.022422696879923314,9.875760544511497e-05,0.9564055436651454,0.0006632475003187637,6.412982076804636e-05,0.9574547074271121,0.0007724990417634322,4.999999764313975e-05,0.9589767023278746,0.0009446894018492836,5.0002512870607406e-05,0.9592391997443995,0.001006732418000054,5.000000785669306e-05,0.9595232286121732,0.001074196078778894,5.0000659250081184e-05,0.9610372781659642,0.0009396196942256924,5.000018116679486e-05,0.9654944390165199,0.000634674586212026,4.9997278120179335e-05,0.9698209322525734,0.00046994337060813046,5.000011869232031e-05,0.971804689519125,0.00046350440021626204,4.999988819914684e-05,0.9744811701529998,0.0005184852725747378,5.000001260848367e-05,0.9761852243139783,0.0004887003525579326,4.999983318857607e-05,0.9789660703187608,0.00036155647014698305,4.999990227374363e-05,0.9836741612323976,0.0002583374595952094,4.9999864326870804e-05,0.9914230228748283,0.00014680933298076018,4.999721525061084e-05
2.2414,0.6717168584500444,0.02187705323790976,0.9929187899643936,0.7310501545102995,0.6561481033218873,0.04105915290777446,-0.1826207091749661,-8.542855044801541,3.805234331309343,-0.0902466814899353,-1.0321266736073136,1.2954537875916496,-1.6809992726382819,-7.469700472566008,-44.25349830834057,-3.4159425626610638,2.188056899202488,1.6859831549691444,-0.06763487265770267,6.800091004656312,6.800093591993939,6.799703384488925,6.80008147077828,0.10822248055690349,0.0011390646880681222,5.0000340625243976e-05,0.1278907471970478,0.001110897520432822,5.4959750404640675e-05,0.12863840494416362,0.0018949951466903374,5.419991654060193e-05,0.13510226023790084,0.0011488044819598466,5.387462100588552e-05,0.13586297895840246,0.001241723646501883,5.4574428275790594e-05,0.8235484376491784,0.04130530842707626,9.963758889002193e-05,0.9557115848855252,0.0006939587796201706,6.524783597429132e-05,0.9566222849269721,0.000832422500140014,5.000003025858823e-05,0.9579178959593346,0.001058806368539978,5.000268316302631e-05,0.9581741385322691,0.001065061212130429,5.000006710107431e-05,0.9585040527349034,0.0010191758772699101,5.0000985491626735e-05,0.9601592047339056,0.0008780734320586345,5.0000219622072606e-05,0.9648568335143501,0.0006376055021696934,4.999491714441912e-05,0.9693364913637849,0.00048444088878857235,5.000011386723248e-05,0.9713281767510905,0.00047651276803448134,4.9999891821783584e-05,0.9739404756077069,0.0005406945452929284,4.999999280402444e-05,0.9756747656418823,0.0005104586720958775,4.999985038412673e-05,0.9786068473297216,0.0003592229890392923,4.999992169395409e-05,0.9834177091950259,0.00025645203737162284,4.999988513434571e-05,0.9912746031601958,0.00014841971463246093,4.999485589044861e-05
2.26056,0.5066471483534267,0.08665931359706447,0.9905489219220914,0.7337605812588571,0.6505330683920914,0.06257008582580487,-0.1857093428620805,-8.685954018885264,2.9574586767436553,-0.15568677216572643,-0.9902095045504495,1.3277526007347746,-1.6822949712978394,-6.101421354803997,-44.40150045898868,-2.999599967547777,2.2554883035628555,1.6263361338143187,-0.06791910935025657,6.8000917801755305,6.8000937364928395,6.799981274550566,6.800081488044966,0.10708959586475295,0.0011328846921505524,5.0000329045258294e-05,0.12663970434693764,0.0012510428501101732,5.6252962482949544e-05,0.12686384142837048,0.0017745635157931329,5.3689512866121276e-05,0.13406438942739185,0.0010378708105089668,5.316864415162068e-05,0.1347493848951587,0.001113594063243767,5.369016539468985e-05,0.7333936600777332,0.09015477757144504,9.993159511723112e-05,0.9549826406357934,0.0007289442497317516,6.652338356130735e-05,0.9557214639606774,0.0009008209662947754,5.000007388497891e-05,0.9567299146154244,0.0011879813439101333,5.000278937023387e-05,0.9569466219370147,0.0012275165952543709,5.000027595284079e-05,0.9575632078359609,0.0009408448989423803,5.0001128226258405e-05,0.9593464244682335,0.0008127802656720644,5.000023696034805e-05,0.9642186296943989,0.0006382038199513765,4.998881318980286e-05,0.9688365782172758,0.0004999131465091218,5.000010780925077e-05,0.9708389692081086,0.0004892075429818272,4.9999895041823995e-05,0.9733822045983429,0.0005582710093639671,4.999996962102169e-05,0.9751434912686546,0.0005312743732277115,4.9999872900977385e-05,0.9782517622159803,0.00035508511374128266,4.9999937703557204e-05,0.9831634772757443,0.00025423191928166864,4.99999019370377e-05,0.9911246552534256,0.00014994790677023203,4.998875677269285e-05
2.27971,0.3390861668103432,0.13517250946549222,0.9870046777172714,0.7358092894169256,0.6449401735464249,0.08420439183056663,-0.18853997423739918,-8.802840517819408,2.1068477068935443,-0.21315088061212578,-0.9470005347285572,1.358908740545046,-1.6835961151528571,-4.704968583765154,-44.52097924045652,-2.678524095738534,2.3097907273564813,1.555223295313315,-0.06650205469620274,6.8000922111278905,6.800093791099786,6.800012163233962,6.8000789528589785,0.10596005320608501,0.0011295426586679306,5.0000318619831964e-05,0.12522851439232685,0.0014111899546107916,5.788085026693574e-05,0.1252285352293749,0.0016353061989955776,5.313937495243521e-05,0.13311814352454038,0.0009462459028514599,5.263701031059856e-05,0.13374002026426313,0.0010093646308955936,5.303727596318636e-05,0.531049830776025,0.20234382930170824,9.999442549224275e-05,0.9542133776906615,0.0007692629451319234,6.798507840729252e-05,0.954744376411844,0.0009770875488333912,5.000013278500007e-05,0.9554016858737648,0.00132822874165965,5.0002647903072664e-05,0.955528545027438,0.0014180769095768042,5.000112987776318e-05,0.956703399271609,0.0008598085643519512,5.000105817657349e-05,0.9585947808191357,0.0007516436490976597,5.000024185346892e-05,0.9635815163893228,0.0006371133050760333,4.9974810450774775e-05,0.9683201387815378,0.0005164394357380092,5.000010030113551e-05,0.9703375492380709,0.0005014199700377946,4.999989760472555e-05,0.972811360635307,0.0005708439630359041,4.999994340079575e-05,0.9745933816090776,0.0005501096595770309,4.999989915208996e-05,0.9779024187681973,0.0003493434477829436,4.999995091798623e-05,0.982911748877255,0.00025172839848930015,4.999991571134936e-05,0.9909732776602338,0.0001513775931918029,4.997477516337186e-05
2.29887,0.16954145912217639,0.1673675381952705,0.9824214384037094,0.737184436126946,0.639379414099309,0.10593937024373393,-0.19113022030518498,-8.892974811678403,1.2539478512821347,-0.26446405596185224,-0.9027512794007511,1.3887025534091366,-1.6848701121272254,-3.2875671048337187,-44.611614244753255,-2.4544549412436885,2.3581419051502874,1.4796588938989002,-0.06440894506546123,6.800092331520255,6.800093748758562,6.7999677633044815,6.800070086626492,0.10483072566043948,0.0011293275456455308,5.000030923051487e-05,0.12367915477756952,0.001549359614757322,5.000698447125863e-05,0.12373867302756936,0.0014898622018055337,6.105014148233525e-05,0.1322484676962768,0.000869675828263588,5.2229154895181104e-05,0.13281668841536115,0.0009233318489019574,5.254457519695254e-05,0.3501057935711081,0.18094403720491692,9.999052449536206e-05,0.9533972640299595,0.0008161136607019072,6.965722486904269e-05,0.9536929174010702,0.0010514590107736877,5.0000203405378345e-05,0.953988023011153,0.0014136628626117338,5.000137657215781e-05,0.9541245255826651,0.0014040194447728811,5.000286015853439e-05,0.9559163202126044,0.0007870790590045653,5.0000927088322224e-05,0.9578978296610765,0.0006969511580592824,5.00002399540577e-05,0.9629466356873698,0.0006348807019530203,4.997747953128827e-05,0.9677862081072495,0.000533930674288223,5.000009104647278e-05,0.9698246259681645,0.0005129232699063119,4.9999899329685795e-05,0.972232821826007,0.0005785388092999519,4.9999914515872244e-05,0.9740279334736646,0.0005654481354129206,4.9999927650549495e-05,0.9775601408194375,0.0003422779487597742,4.999996181985261e-05,0.982662760373934,0.0002489885033209867,4.9999927164338164e-05,0.9908204712754624,0.00015280638477151883,4.997743926255433e-05
2.31803,-0.0014704097937928012,0.18320582757916026,0.9768992831312201,0.7378764461652262,0.6338588533526749,0.12775117758418192,-0.1934987859353047,-8.955955580674551,0.3993116775708802,-0.3114846808606227,-0.8575757481180463,1.4170487595908219,-1.6861040108617908,-1.8565350984127948,-44.67263138335901,-2.328596609248112,2.39200435323077,1.3936364656723763,-0.0606984146390362,6.800092254294231,6.800093641871905,6.799672924018547,6.80004465349921,0.10369834807421142,0.001132377586228069,5.0000300692344575e-05,0.12204046420044823,0.0016386905771213034,5.00021529759682e-05,0.12239157467536331,0.001347098352206049,5.9181158781958015e-05,0.13144347088643105,0.0008049968098457265,5.191080433269378e-05,0.13196528922279563,0.000851399192565542,5.2165270782993385e-05,0.27138799748368886,0.07871779608741925,9.99071821878788e-05,0.9525262495626956,0.0008710144672639702,7.156012820394469e-05,0.9526330018807442,0.0010599155203260358,5.000020399628419e-05,0.9527368516848725,0.001251171326280452,5.0000293318837754e-05,0.9528313551343144,0.0012931704483507458,5.000386941992276e-05,0.9551920907139457,0.0007242294986586906,5.000080155293068e-05,0.9572489865012763,0.0006488431598001392,5.00002345186724e-05,0.9623148780279435,0.000631757659426371,4.999024107389555e-05,0.9672340510413245,0.0005521570659249791,5.0000079693314775e-05,0.9693011472017083,0.0005234787664561969,4.9999900054233306e-05,0.9716510550353422,0.0005817667906647606,4.999988343677763e-05,0.9734526991046653,0.0005752343689993322,4.9999957082889626e-05,0.9772259208966565,0.0003342199227811178,4.999997079275156e-05,0.9824167011137601,0.0002460592601737243,4.99999368039116e-05,0.9906662650746167,0.0001542062008455193,4.9990184547582315e-05
2.33719,-0.17342652558967395,0.18265953684205002,0.9705024483364558,0.7378781656631278,0.628384540060827,0.14961496729864637,-0.19566523275918674,-8.99152170128528,-0.456493417165799,-0.3560942053070254,-0.8117515052038541,1.4437470119793643,-1.68726682601017,-0.4203559261476831,-44.59084314831294,-2.3093647994139404,-0.6422184223480012,-1.2431199293362754,0.33411029127282227,6.8000920443111115,6.800093494710708,6.731605548935859,6.799961947824254,0.10255964818281028,0.001138699891401132,5.000029277871266e-05,0.12030804175295247,0.0017324224474957513,5.0001320055387417e-05,0.1211788948781889,0.001212679797174396,5.7525970682010325e-05,0.13069365436648578,0.0007498165199452604,5.165830629239121e-05,0.13117473262220564,0.0007905566005899741,5.18679197177099e-05,0.23353996367647242,0.037848033807216415,9.956676272981834e-05,0.9515903262775093,0.0009359232851863762,7.370528999274751e-05,0.9516113776577736,0.0010216242229705152,5.0000152736146046e-05,0.9516324242915392,0.0011044273933333787,5.000005536066394e-05,0.9516533221665928,0.0011780329677215655,5.000500118551796e-05,0.9545220063672526,0.0006700843466931816,5.000069387173091e-05,0.9566422584056609,0.0006067280956155325,5.000022736446031e-05,0.9616870564642532,0.0006278215636902709,4.999534810652268e-05,0.9666633534909657,0.0005706975503588993,5.000006584327267e-05,0.9687683010879502,0.000532846113758175,4.9999899641851047e-05,0.9710699918628699,0.0005810631724723901,4.99998509375633e-05,0.9728754810502314,0.0005772180544338846,4.9999986095950385e-05,0.976900415021243,0.0003255058754134613,4.999997815787476e-05,0.9821737157884631,0.00024298532529708246,4.999994500386566e-05,0.9905107620850945,0.00015550298952234087,4.999528866489858e-05
2.35634,-0.34580023562125817,0.16573230415673432,0.9632565781924554,0.7374048161386754,0.6227144914654633,0.17136416062412246,-0.19772699104785724,-8.999574567930022,-1.3107316736376515,-0.4003353010236349,-0.8240546487787792,1.4199322436088808,-1.6808661891857686,0.9961606634357925,-44.43157653895433,-2.326493212941711,-4.781410207240203,-4.605316736903931,0.8522604304199091,6.8000917069852,6.800093312037474,6.641474658197645,6.79955327034077,0.10141152805841115,0.0011481201243991475,5.000028518138036e-05,0.11848394847990333,0.001824093273049142,5.000097253461417e-05,0.12008942808956065,0.0010894667886282507,5.6122120659612004e-05,0.12999136201549785,0.0007022923509879374,5.1455015592741705e-05,0.13043619123575956,0.0007385413864460993,5.16308983726044e-05,0.21213443377830712,0.021405529898165312,9.863746952354854e-05,0.9505769234091479,0.0010134028683613753,7.608778470036394e-05,0.9505769178753218,0.0010344597824517813,5.000015224782456e-05,0.9505769123414969,0.001055511950042201,4.9999971600555795e-05,0.9505769068076677,0.0010764153589250527,5.001108028762731e-05,0.9538988055001495,0.0006232008671030946,5.000060383470632e-05,0.9560724364787961,0.0005698219268646465,5.000021949295648e-05,0.9610639175445193,0.0006231389197339608,4.999740386382917e-05,0.9660744631220949,0.0005888903688707088,5.000004907013776e-05,0.9682275058694881,0.0005407952184619771,4.999989799707811e-05,0.9704929603117809,0.0005770315510890513,4.999981839306553e-05,0.9723056910744117,0.0005697899758197791,5.000001313147583e-05,0.976583975331587,0.00031643968965607916,4.999998419268828e-05,0.9819339093839633,0.00023980640449984742,4.99999520461119e-05,0.990354051532924,0.00015671055217036757,4.999734361843394e-05
2.3755,-0.5180675637629856,0.13246800908485287,0.9551597194638302,0.7369828443896106,0.6162766094462638,0.1926603805917955,-0.19985555911634445,-8.98049086176486,-2.161918818690952,-0.4449045301657422,-0.915653354488925,1.3317070058229858,-1.6645392168134285,2.4339245538745455,-38.817482499587854,-3.011968898561771,-152.5889043682763,68.55338556533123,-9.978715055604207,6.800091231065902,6.8000931082615175,5.8851627810838325,4.207329092008567,0.10025127909864913,0.0011602489597620268,5.000027750838928e-05,0.11658454421115833,0.001899404268744999,5.0000767898732823e-05,0.1191109762637908,0.0009784518257698485,5.496384437467047e-05,0.12933037954135296,0.0006609824741449058,5.12890050028553e-05,0.12974257282781967,0.0006936184079398823,5.143901254578488e-05,0.19856859414207784,0.013565839636229274,9.66644453447675e-05,0.9494700716700201,0.001106851739127843,5.822431943742592e-05,0.9495126897880461,0.0010642280872756548,5.000016528907135e-05,0.9495556642211483,0.0010212481203486106,4.9999914621647204e-05,0.9495984339592812,0.0009784728483865175,7.174573916957124e-05,0.9533165011006184,0.0005823043995311692,5.000052879322715e-05,0.9555350904129943,0.0005373460658018267,5.0000211443187926e-05,0.9604462311343458,0.0006176864101734175,4.999838465666548e-05,0.9654686390864196,0.0006058240356753711,5.000002894555015e-05,0.9676803811669247,0.0005471247025634506,4.999989508161505e-05,0.9699226002984134,0.0005703600133675314,4.9999788040073016e-05,0.9717528271068442,0.0005528639675674401,5.000003658386564e-05,0.9762767056418614,0.00030726968972565207,4.99999891380515e-05,0.9816973541083859,0.00023655527557731466,4.999995814785294e-05,0.9901962209589319,0.00015783057399208585,4.999832380761204e-05
2.39466,-0.6897309225874999,0.08392044060469847,0.9460640331109131,0.7435662509115245,0.5996955770962731,0.22148271558524465,-0.19601198799901998,-8.933863542779875,-2.9055553195928,-0.5026055934063954,-3.8388382602096005,2.64500185350713,-1.8557040288932662,5.755588570112959,-39.17042178856255,-1.6518047466883843,-124.65701303583737,47.55419257408683,-6.549078723335328,6.800090608404713,6.800092886615322,5.82671643980457,4.838734918030711,0.09907779719753067,0.0011734819011184534,5.000026903257731e-05,0.1146409920364969,0.0019435521746614245,5.000062162064e-05,0.11823127552204028,0.0008797007417505231,5.40261553360383e-05,0.1287058154723697,0.0006245640689832633,5.1150926685733564e-05,0.1290883264000636,0.0006542464277560691,5.1280642241774835e-05,0.1892730595342252,0.009295534607852601,9.317088187881515e-05,0.948249778978719,0.001220292691301071,5.986997030050499e-05,0.9483852152380169,0.0011274745500291913,5.0000212435980376e-05,0.948549110409161,0.0010065538119872432,4.9999877941873064e-05,0.948718712668911,0.0008797212903703215,6.866034885841622e-05,0.9527703343162747,0.0005461667843436574,5.0000465743735735e-05,0.9550266567899641,0.0005084336230301021,5.0000203392734894e-05,0.9598348511942892,0.0006113799400566042,4.999891948646355e-05,0.9648484491990986,0.0006201898873209003,5.0000005103845795e-05,0.9671288384290826,0.0005515427378421334,4.999989109737161e-05,0.969360709740486,0.0005618905579273105,4.9999762728732577e-05,0.9712246890439798,0.0005281380628643304,5.000005524228339e-05,0.9759785783945034,0.0002981272473579179,4.99999932172502e-05,0.9814641224381547,0.00023323167023118246,4.999996350257803e-05,0.9900373627885803,0.00015885817035149322,4.9998857911795076e-05
2.41381,-0.8599501380363448,0.021040406720323476,0.9360817382421571,0.7609910050497456,0.5645583392326866,0.26357433180218515,-0.18082025689440148,-8.82360225149302,-3.655953169273171,-0.5342496419871723,-6.226924736137821,3.556009757468497,-1.9811664152292048,11.593969438905965,-41.906196624501774,1.2967067486008277,-4.230479790518232,2.713139846682844,0.2813959721727242,6.800089825079994,6.8000926534986466,6.546589562347638,6.79928391634127,0.09789159117299402,0.0011862060245366503,5.00002591262109e-05,0.11269647521138705,0.0019445168251098553,5.000050668828442e-05,0.1174386364197726,0.0007926391022676674,5.327591433478214e-05,0.1281136656237686,0.0005921498486011061,5.1034565470398736e-05,0.1284689483833412,0.000619378016722415,5.1148055458439265e-05,0.18253613074025282,0.006736928793972402,8.789492983042482e-05,0.946890893006252,0.0013588859724670854,6.200033174656188e-05,0.947023094399687,0.0013621208383298841,5.000059380849038e-05,0.9474270695916109,0.0011220408175500712,4.999989744879832e-05,0.9479260533615624,0.0007926593073483961,6.583575758679676e-05,0.9522563785421138,0.0005139557741609287,5.0000412424094634e-05,0.9545441690153101,0.0004824877746540093,5.000019547080912e-05,0.9592307429913739,0.000604108202915367,4.999924055594282e-05,0.9642177078863777,0.0006307413127208957,4.999997726567441e-05,0.9665749626245902,0.000553875804492384,4.999988629386735e-05,0.9688082669686826,0.0005524427718035174,4.999974566346275e-05,0.9707263905707981,0.0004982984731817651,5.0000068671668086e-05,0.9756894444024782,0.0002891339920252425,4.9999996597715736e-05,0.981234275607744,0.00022984683041066186,4.999996824204414e-05,0.9898775762106705,0.00015978657790989141,4.9999178063643176e-05
2.43297,-1.02702634296995,-0.05675040072214353,0.9260224416576829,0.7804392896191458,0.5186707208910608,0.3105213804967195,-0.15960103593485875,-8.601493595549076,-4.458760961465264,-0.5094082971308805,-6.307969126087385,3.6079860756665156,-1.9757756401804463,16.746714713141237,-38.778216489874154,2.9835997521356026,-24.33249120555583,-14.038760509183405,2.849719921964432,6.800088659334975,6.800092436040525,6.101354124492245,6.799948103646911,0.09669298208601686,0.0011986090869771566,5.000024770898268e-05,0.11080193014083961,0.001894545070547453,5.0000414078000514e-05,0.116722313725176,0.0007163226945966117,5.2679304998314834e-05,0.1275501707878249,0.0005634948359436958,5.093683084507812e-05,0.12788029406790244,0.0005886543154387359,5.103721265957624e-05,0.17744098949838197,0.0050951412418708325,8.115187773726636e-05,0.945360271433704,0.0015306215725478238,6.474831657923408e-05,0.9453916140461571,0.0016314803535299497,5.000251349435348e-05,0.9460254350558363,0.0014016345357746104,5.0000012303746444e-05,0.9472097107036337,0.000716342657928782,6.335029245055881e-05,0.9517709407297283,0.0004854378123853962,5.000036754782836e-05,0.9540847581406059,0.000459410874704236,5.000018797724063e-05,0.9586349734896278,0.0005957695017460674,4.999944722652088e-05,0.9635807977256605,0.0006369101607172205,4.999994499917951e-05,0.9660206353669079,0.0005543272576823381,4.999988064087695e-05,0.9682656653617885,0.0005426016068941227,4.9999739990731214e-05,0.9702603618800487,0.00046602869074938375,5.000007719473838e-05,0.975408927465458,0.00028051693702019963,4.999999937683532e-05,0.9810077927260725,0.0002264828816714249,4.999997241430768e-05,0.9897169665080652,0.00016060970260528933,4.999938361347956e-05
2.45213,-1.1888954472557587,-0.1493715460223914,0.9167563843638706,0.7975125066064251,0.4679597649211791,0.35527299041114324,-0.13700133967678554,-8.280672472463259,-5.201645233314952,-0.45225070892836644,-6.774112921438272,3.3390419280866452,-1.9211828223349712,21.606323426127346,-34.95332325593194,4.592130890208013,-41.041393507895926,-26.904311232518857,4.93062496586927,6.800086888124704,6.800092245549081,5.748057094441794,6.800039494951663,0.09548237985525142,0.0012106022307654413,5.000023465911625e-05,0.10900508192453487,0.0017968482163047317,5.000034135543676e-05,0.11607247701594697,0.0006498367092290225,5.22070827955704e-05,0.12701180269165535,0.0005383680961695683,5.0855095026005036e-05,0.12731853809904728,0.0005617559688551816,5.094478257693347e-05,0.1734538682488732,0.003987121249508755,7.399527313123705e-05,0.9436140672378245,0.0017462041958795078,6.822202977797244e-05,0.9436140849978835,0.0017775290482737066,5.001493880846563e-05,0.9442092116603463,0.0018162233954899052,5.0000363874647314e-05,0.9465598541976493,0.000649856505984318,6.12333412334867e-05,0.9513105608248231,0.00046037990490519143,5.0000329907824884e-05,0.9536456775537038,0.00043908058690201066,5.0000181110941595e-05,0.9580486716529174,0.0005863018367104201,4.9999587367890125e-05,0.9629421823146022,0.0006386154110582983,4.999990753976503e-05,0.9654674905448675,0.0005531448220404604,4.999987417388353e-05,0.9677328636162559,0.0005328017455325672,4.999974691010889e-05,0.9698267953419942,0.0004335665380545239,5.000008163278252e-05,0.975136475646279,0.00027245181917912313,5.0000001643902776e-05,0.9807845698978174,0.00022322282825520975,4.9999976065157545e-05,0.9895556425549074,0.00016132395315784735,4.999952244428546e-05
2.47129,-1.3437167081651331,-0.2555514041312121,0.9088791034548,0.8143234696514013,0.40959352107715585,0.3955001077006773,-0.1126537113642647,-7.866754574770394,-5.871255041246427,-0.3642780758006557,-7.560353457791231,2.823629114689047,-1.8267255710972783,26.43638294000505,-30.680218371273305,6.532422952269687,-38.583135871069345,-23.100351886533876,4.539315701883602,6.800084032673518,6.800092106011172,5.828748825194237,6.800066842941783,0.09426119215389016,0.001221187701361259,5.000021976038387e-05,0.10734026885723391,0.0016648130673009604,5.0000286454304507e-05,0.11548025468188154,0.0005922223340654265,5.183419472857936e-05,0.1264954033379268,0.0005163993537285324,5.078666754870945e-05,0.12678029358704576,0.000538244512001509,5.086752413324584e-05,0.17024462973344887,0.003209238515424347,6.767306140953763e-05,0.9415943500212104,0.0020197172166140412,5.9390361424674415e-05,0.9417671514500909,0.00184693354779249,6.415013526426408e-05,0.9421126279838534,0.002096583676492918,5.000118358182101e-05,0.9459676121802773,0.0005922420173719848,5.94730224938756e-05,0.9508721500302035,0.00043841079461956294,5.000029826240861e-05,0.9532244467203245,0.00042123083337933356,5.000017491596225e-05,0.9574729845334304,0.0005756871194869547,4.999968640771086e-05,0.9623059217587184,0.0006362605558837013,4.999986358448577e-05,0.9649169805938845,0.0005505099509829316,4.999986711232882e-05,0.9672095488956204,0.0005233147206355098,4.99997647686787e-05,0.9694243350197415,0.00040246032225282435,5.000008299228647e-05,0.974871461700774,0.0002650139455050124,5.0000003489830545e-05,0.9805644522702675,0.00022011762754993298,4.99999792562287e-05,0.9893937143246293,0.00016192823027800097,4.9999620012452356e-05
2.49044,-1.4897098184339164,-0.37380950315640826,0.9030404521379135,0.8309106294171641,0.34253810885796776,0.42997477355362196,-0.08589286167643212,-7.360305984081511,-6.459003879331445,-0.23913476835694586,-8.299500520027614,2.381089729331281,-1.7397647321228966,31.797069610769185,-26.137947996207032,8.942164138147499,2.9301781344086573,13.20935581447512,-0.9026666357416996,6.800079166272721,6.800092036286984,6.767418995250256,6.800078148783644,0.09303157463923975,0.0012296175146504092,5.000020301419611e-05,0.10582564596757006,0.0015146228896638482,5.000024565632013e-05,0.1149377673561684,0.0005424873257131467,5.153968314741903e-05,0.1259981042233023,0.0004972991146245247,5.072947445792649e-05,0.12626251650616885,0.0005177770808769216,5.080295758401516e-05,0.16759896446873007,0.0026456652647188056,6.28228021860047e-05,0.9392230468996537,0.0023713031215567195,6.256620502086646e-05,0.939875901534856,0.0018912499152349354,6.473042832806866e-05,0.9399802093053761,0.0021324186784774,5.0002745372714044e-05,0.9454251052483017,0.0005425069319755459,5.803195518977194e-05,0.9504529159936606,0.0004192340365430276,5.0000271619672665e-05,0.9528187974405592,0.00040564927976527047,5.000016941996783e-05,0.9569090169110245,0.0005639676224059907,4.999975878434126e-05,0.9616752327404812,0.0006306890182373985,4.9999810907763945e-05,0.9643703191799273,0.0005466614139572678,4.999985964961373e-05,0.9666953720113138,0.0005141768843065304,4.999979011034721e-05,0.9690507222660559,0.00037361275368541253,5.000008222714418e-05,0.9746132039504445,0.00025825775032941396,5.000000498782849e-05,0.9803472343072358,0.0002172179630316279,4.9999982038440666e-05,0.9892312898213381,0.00016242450329126716,4.9999690798066604e-05
2.5096,-1.6250038506739488,-0.5025283902742802,0.9000541060186756,0.8433017427824555,0.2704155853971748,0.460910472646141,-0.057269798442500706,-6.751161339409205,-6.959735275007613,-0.0678274289319175,-8.243366343502542,2.634144757749161,-1.7570573491412962,35.602359386085716,-19.774481408023373,9.994733268809751,4.894245478795178,14.486166419404219,-1.1950593492407446,6.800069711524572,6.800092040002602,6.7998616922425,6.800083364128021,0.09179589308200917,0.0012356815572305804,5.000018464624057e-05,0.10446498989426503,0.001360656073305034,5.000021476877239e-05,0.11443805102812145,0.0004997163280469554,5.130682643196306e-05,0.12551721521693715,0.00048088900636515344,5.0682041206847864e-05,0.12576238502201603,0.0005001314841528433,5.0749308048013027e-05,0.1653717671334042,0.0022271973353258753,5.9384281239765796e-05,0.9363930352233889,0.002830011676264802,6.691679828750624e-05,0.9379390936493305,0.0019368078855254694,6.532446076055081e-05,0.9379391521248689,0.002041057180507112,5.000744998645122e-05,0.9449253693664698,0.000499735881831855,5.686407823579557e-05,0.9500502594573144,0.000402656536346203,5.000024923018051e-05,0.9524265895660629,0.0003922078744964122,5.000016466780601e-05,0.9563577382531473,0.0005512786578771592,4.999981309582969e-05,0.9610523632124642,0.0006228695280168609,4.9999745974482984e-05,0.9638284299877361,0.0005418891921911592,4.999985188749707e-05,0.966190138069882,0.0005052339414318771,4.999981909243828e-05,0.968703235837131,0.0003474864289249153,5.000008013321527e-05,0.974360962834486,0.0002522411159584603,5.0000006193459966e-05,0.9801326504946525,0.0002145838125833708,4.999998444929771e-05,0.9890684703840934,0.00016281943724462248,4.9999743452018935e-05
2.52876,-1.747908566376956,-0.6396902609925624,0.9005722687381887,0.8482954035463108,0.19702063724981222,0.49070540015595465,-0.02804798715540902,-6.069117779320012,-7.33856010378334,0.12364424818016431,-8.14960602346003,2.9116599754792643,-1.7799514086117645,38.60696578172333,-12.907409233254585,10.032032765957224,5.465754156652595,14.508935637882537,-1.299877131608995,6.8000501873453,6.800092114275871,6.800005356994828,6.800086280301149,0.09055655784412145,0.0012393352378877224,5.0000164980216584e-05,0.10325134437339864,0.0012136455208663873,5.000019042276123e-05,0.11397497824664522,0.0004630727814762182,5.112240751889388e-05,0.12505020952298404,0.0004670056939530908,5.0643136361240885e-05,0.125277272179114,0.0004851128429020358,5.070512225056601e-05,0.1634614668475525,0.0019103002858517062,5.701502583386938e-05,0.932954634069892,0.00343840115349685,7.24932757252656e-05,0.9359554991429682,0.0019835945063622633,6.012197815111691e-05,0.9360542534637623,0.0018848986611067775,5.638854429572884e-05,0.9444622770672182,0.00046309229925152977,5.592325984902883e-05,0.9496617609633263,0.00038849849398805,5.0000230457698656e-05,0.9520458017199739,0.00038078784608899986,5.000016068408706e-05,0.9558198850956844,0.0005378531574629401,4.9999854725830545e-05,0.9604386981580554,0.0006136650544087921,4.9999663437366533e-05,0.9632919663691837,0.0005364636185524016,4.9999843900177054e-05,0.9656939026004777,0.0004962354694042316,4.999984851431809e-05,0.9683789942046905,0.00032424163244051116,5.000007731651003e-05,0.974113962968864,0.00024699986562199446,5.0000007153508996e-05,0.9799203818580533,0.00021226863659913476,4.9999986523589057e-05,0.9889053458408193,0.00016312454327414467,4.999978341547856e-05
2.54792,-1.8571709857719625,-0.782860310447414,0.9047961139549552,0.8457204583542877,0.1229827110763272,0.5192603582609907,0.001237804743678897,-5.329514201353231,-7.5858306638467745,0.3158304813571439,-8.044897164613092,3.189611388986816,-1.8048534893111583,40.75540994789082,-5.791745895799946,9.064320044765697,6.053914677852256,14.51761691778,-1.3995093311818674,6.800008239756005,6.800092250447405,6.800044596308641,6.8000880703428885,0.08931609573944413,0.001240462104677324,5.000014437279831e-05,0.10217118553292118,0.001080158840477461,5.000017044623508e-05,0.11354319364424743,0.0004317846023977864,5.097598470931392e-05,0.12459475479006582,0.00045545473291823635,5.06116156433921e-05,0.1248047622771053,0.00047250990200870257,5.0669099365604455e-05,0.16179509602733932,0.0016663708202131798,5.5382023209192685e-05,0.9286947994616223,0.004259834608269675,7.886287369742804e-05,0.9339241373439022,0.002031361799065954,6.056952345831482e-05,0.9343784883328847,0.001675765130877533,5.5083790995500064e-05,0.944030472972026,0.000431804095192232,5.5167417038800075e-05,0.9492852090948478,0.0003765518684784407,5.000021472647023e-05,0.951674556076063,0.0003712456439110045,5.000015745789988e-05,0.9552958809265285,0.0005240041691558719,4.999988719553589e-05,0.9598349402249047,0.0006037579331506486,4.999955527971276e-05,0.96276136169803,0.0005306046711537082,4.999983578482359e-05,0.9652069840432916,0.0004869185571860494,4.999987626431405e-05,0.9680751596375233,0.00030383456716715325,5.000007420312824e-05,0.9738714281529997,0.0002425348158644232,5.000000790970272e-05,0.9797100730144822,0.00021030884357114307,4.999998829759345e-05,0.9887419904139366,0.00016335542688271788,4.9999814262525536e-05
2.56707,-1.9518430669960862,-0.9294657542945663,0.9125546486454559,0.8355749755914976,0.04882403272023733,0.5463756085674252,0.030084062751991165,-4.54875232564963,-7.6967846303259515,0.4894779929188639,-7.928920763313904,3.467729112007262,-1.8316642496954934,41.981492578116814,1.3415651193622498,7.116200476296803,6.664305440629809,14.511338824519349,-1.4938943407649996,6.799918107241487,6.800092432061378,6.800060804404512,6.800089275763553,0.08807693678145394,0.0012391589579901832,5.000012320062367e-05,0.10120812672414017,0.0009630588087810059,5.000015360903894e-05,0.1131380229236567,0.0004051707205907434,5.0859458872430636e-05,0.12414868764448143,0.0004460671455843816,5.0586556028675176e-05,0.12434261361736236,0.00046214865974293076,5.064021559108571e-05,0.1603189156759148,0.0014761803514245283,5.424237343771749e-05,0.9233036190775189,0.005391180384103441,8.512436331885966e-05,0.9318441426021239,0.002079994741778334,6.103407855782962e-05,0.9328874471964888,0.0014910411363959315,5.4040860398722224e-05,0.9436252827761898,0.00040519019583627893,5.456092215249785e-05,0.9489185752576892,0.00036663383715867333,5.0000201563379454e-05,0.951311093783663,0.00036346229239996996,5.0000154979350875e-05,0.9547857635525676,0.0005101173739608524,4.999991286799158e-05,0.9592412784569035,0.0005936617680011948,4.9999409269687666e-05,0.9622368439106225,0.0005245177874075903,4.999982760070283e-05,0.964729915984753,0.00047706805853854584,4.999990126146127e-05,0.9677890432461188,0.0002861163914044681,5.0000071077297824e-05,0.9736325907934975,0.00023883735950203894,5.000000849566211e-05,0.979501337205283,0.00020873580919915,4.999998980263029e-05,0.9885784581868499,0.00016353222708681661,4.999983839485642e-05
2.58623,-2.031304001175827,-1.0768847738825542,0.9233115789224576,0.8179326379746709,-0.024936575846178092,0.5718415058652597,0.05798560900049212,-3.7445020694987026,-7.671083922117862,0.625804876610139,-7.801250949104193,3.745726563979612,-1.86028316799591,33.803054190246144,6.074489038727452,1.8983828586073404,245.04167570861884,-196.17553243483897,-31.990279720104294,1.3807375428904982,6.8000926776487916,6.800068600195432,6.800090127842796,0.08684122308656977,0.001235713694884157,5.000010180315244e-05,0.10034542216903505,0.0008627045551051343,5.0000139247454187e-05,0.11275538311450853,0.0003826398091481724,5.076658173480404e-05,0.12370999070482509,0.0004386969396563424,5.0567218231768376e-05,0.12388872627145307,0.00045388734590928173,5.0617672470183786e-05,0.15899245489531202,0.0013264607806027788,5.343405997800956e-05,0.9163195704111574,0.006984048666361481,9.040267472453172e-05,0.9297144895871352,0.0021296530149887295,6.151413846774616e-05,0.9315548111280041,0.001332636068484627,5.3235720278018206e-05,0.9432426235042844,0.0003826592719053454,5.4074687374896664e-05,0.9485599907270896,0.000358584530599475,5.000019057939468e-05,0.9509537526722444,0.0003573411114186845,5.0000153242152274e-05,0.9542891418883863,0.0004966216641813174,4.999993338399519e-05,0.958657527326034,0.0005837511308695791,4.999920633016791e-05,0.9617184482653968,0.0005183956452256655,4.999981936431906e-05,0.9642633321478395,0.00046658383691347647,4.9999923123736245e-05,0.967518154638656,0.0002708886074629427,5.0000068118196104e-05,0.9733966980330662,0.00023589276043136992,5.0000008938162096e-05,0.9792937607514145,0.00020757645386852643,4.9999991065453296e-05,0.9884147789241065,0.0001636792627434021,4.9999857468793716e-05
2.60539,-2.0968293235986533,-1.2228429719188758,0.9356874664631775,0.8062434932681048,-0.0804321465375544,0.5818384166850694,0.07047897920235158,-3.0969282620500334,-7.554713372493119,0.6621726855313331,-3.1069245125297087,-0.012458591483510527,-2.4731291884502835,41.725554285189745,10.909638800950376,4.144075006880163,0.16614669895150505,7.6670130283216995,-0.011980863418495238,6.799729234016616,6.800092805036043,6.800074926086021,6.800090873903133,0.08561187300183536,0.0012293500847344277,5.0000080530547314e-05,0.09956764322209719,0.0007777789469378635,5.000012693881242e-05,0.11239190687636724,0.00036347623814128274,5.069175437339459e-05,0.12327705053709155,0.0004329401677335374,5.055230547072081e-05,0.12344139505374643,0.0004473312177066391,5.060010354098032e-05,0.15778584894922063,0.001206605946091404,5.284576505594842e-05,0.9070253903085514,0.009294180102605852,9.430704427903964e-05,0.9275363534692673,0.002178136117867783,6.198751239938371e-05,0.930355916825252,0.0011988943027520442,5.262273229629412e-05,0.942879127812473,0.00036349569181142935,5.3681304240337496e-05,0.9482079779103821,0.0003520128167075174,5.000018124632544e-05,0.9506011926059831,0.0003525600662612632,5.0000152082782846e-05,0.9538054173627843,0.000483724525602006,4.9999950070055424e-05,0.9580832020868827,0.0005743252391513612,4.999891437379832e-05,0.9612061494036113,0.0005122988617854536,4.999981138422102e-05,0.9638078734140821,0.00045545873375750425,4.9999941915153235e-05,0.967260373306055,0.0002577813326009955,5.000006538203292e-05,0.9731631288327993,0.0002335692002669497,5.0000009274034004e-05,0.9790869826930644,0.00020677805835018822,4.999999213692855e-05,0.9882509697377663,0.00016380918634011508,4.999987280919188e-05
2.62454,-2.1484831019960637,-1.3656486583930172,0.9491413961447558,0.8045984932647244,-0.11817536814641477,0.5778870059662491,0.0685826912505912,-2.2975810816356916,-7.345714614674965,0.7415617968067458,-3.1037415974644156,0.13442035000401548,-2.4733587089337514,41.09805883704416,13.498644549093205,3.735072218919491,0.5347262048478036,7.6471530905226155,-0.03661295715189881,6.799605414539265,6.800093011100807,6.800077047502337,6.800091486612732,0.08439090748732032,0.0012209655145150283,5.000005964145881e-05,0.09886130876897094,0.0007063344531262472,5.000011637584233e-05,0.11204466801520775,0.0003472388611594842,5.06313539680883e-05,0.12284832309776501,0.00042872743932653815,5.0541475222989225e-05,0.12299898157863236,0.0004424134751140763,5.058713459290758e-05,0.15667581070588246,0.0011100382433381437,5.241072156924856e-05,0.8942614438801088,0.0127639464284427,9.689503877904389e-05,0.9253098616672379,0.0022264918020294764,6.246362982619909e-05,0.9292691374624372,0.0010867793628148207,5.215712620346459e-05,0.942531869504342,0.00034725830813104024,5.336279428817154e-05,0.9478611423221334,0.00034683558824876034,5.0000173350913264e-05,0.9502521132199129,0.000349079386070162,5.00001515149453e-05,0.9533336702694205,0.00047174709336373174,4.999996376946481e-05,0.9575176077231558,0.000565594363726896,4.999847800211095e-05,0.9606997177328763,0.0005064316707350203,4.999980354822657e-05,0.9633640766859514,0.0004437967281306515,4.999995788757598e-05,0.9670137968585727,0.000246576447482292,5.000006292128395e-05,0.972931269378344,0.00023185945445525883,5.0000009516528796e-05,0.9788806216502062,0.00020636104285823287,4.999999303213715e-05,0.9880870247720722,0.00016394496569404154,4.9999885236507145e-05
2.6437,-2.1849368455745917,-1.5039735581316171,0.9640499795871154,0.8009858163017937,-0.15579484213039255,0.574233796730715,0.06638046443881103,-1.5102549929909095,-7.0871176075271665,0.8131155364270956,-3.093497709960434,0.28091882955269226,-2.474060112775291,37.02847345928108,14.453314783480566,2.226771412651135,100.17750472152714,-81.94658074026327,-13.163121077044893,4.519120789910606,6.800093212859491,6.800078528878484,6.800091979942072,0.08317794754684202,0.0012129599404783042,5.000003899410138e-05,0.09821487574814869,0.0006464330208222473,5.0000107321769834e-05,0.11171096108943493,0.0003337069257728167,5.0583121601555085e-05,0.1224220138222886,0.00042630927547641814,5.053523757381067e-05,0.12255960368050156,0.00043937789813078574,5.057926746985595e-05,0.15564310591951439,0.001032704786368059,5.208776178444527e-05,0.8760756642782799,0.018185779601828864,9.844968406233349e-05,0.9230299144277558,0.0022799472394821286,6.299392402311663e-05,0.928275991168989,0.0009931462934482688,5.180249418738184e-05,0.9421981431365378,0.000333726367804123,5.310787773409879e-05,0.9475178855646833,0.00034325675745007066,5.000016692457753e-05,0.9499049842804099,0.0003471289395029932,5.0000151729506776e-05,0.9528725176348779,0.00046115263454267675,4.999997504290173e-05,0.9569599019589128,0.0005577057642429304,4.999779808605182e-05,0.9601985981539495,0.0005011195789268087,4.999979520728107e-05,0.962932247391017,0.0004318292949344062,4.999997133723169e-05,0.966776610365707,0.00023718649286575395,5.000006079515123e-05,0.9727003875046827,0.00023088187366128934,5.000000965887897e-05,0.9786741948216879,0.00020642682851830177,4.9999993734774366e-05,0.9879229008370278,0.00016412393504442428,4.999989525473251e-05
2.66286,-2.2070549340122585,-1.6371407212635054,0.9800347171084158,0.8018087087138845,-0.18602001503785573,0.5648246098005312,0.0589382421539257,-0.8008909986285989,-6.810231737039956,0.8557743693802562,-1.1743714739664912,-1.2889529044838248,-2.7262294104309275,39.706015609583666,17.08935599962838,3.847077522292686,-3.4011995556808645,3.265614329438888,0.07633902205721436,6.799463197278503,6.800093387054944,6.800079016717747,6.800092365593628,0.08197207916541786,0.001205868381424165,5.000001839291211e-05,0.09761884814877307,0.0005960275993756184,5.000009953541677e-05,0.11138850622462171,0.0003224548648132157,5.054447268114246e-05,0.12199643410454758,0.00042557971774102583,5.053324537030348e-05,0.1221214922265662,0.00043811145393537836,5.057610781462146e-05,0.15467282507933078,0.0009702808401836124,5.184371869897382e-05,0.8489582350852516,0.027117429193028245,9.930203603083381e-05,0.9206895165535154,0.0023403978742404254,6.359771621907951e-05,0.9273613280234466,0.0009146631455423876,5.152945459778062e-05,0.9418756688333897,0.0003224743031480884,5.290327140179304e-05,0.9471767276485324,0.0003411579161509034,5.00001617520733e-05,0.949558358944331,0.00034662533607890736,5.0000152708368326e-05,0.9524204916080823,0.00045202602679551764,4.99999844808159e-05,0.9564091163800985,0.0005507855788142514,4.999667988623617e-05,0.9597021070613033,0.0004964910926462255,4.9999786133143066e-05,0.9625124974557386,0.0004197499352783837,4.999998261473336e-05,0.9665472634514819,0.0002293469142249518,5.0000058980969186e-05,0.9724697834602272,0.00023060404445550533,5.0000009712142144e-05,0.9784672209145171,0.00020697390717087526,4.9999994263303694e-05,0.9877585393104719,0.0001643615265559236,4.999990340403783e-05
2.68202,-2.215089483952694,-1.7645040623954076,0.997112608033171,0.8076152255973007,-0.20923362139076884,0.549358477479679,0.046748367492064055,-0.040232640297956174,-6.482846546659189,0.9294738234189425,-1.239529129063838,-1.2263926904548843,-2.7247669641415397,38.961020893606054,18.230454139211886,4.503979635429314,-3.2414632062108275,3.4521868882978217,0.07851930640862036,6.799855213712016,6.800093550788556,6.800078761556968,6.800092643977307,0.08077155572651872,0.001200523438899145,4.9999997434444555e-05,0.09706537044009951,0.0005534777086735656,5.000009282491515e-05,0.11107529759198882,0.0003132086326328844,5.051370406529564e-05,0.12156985615329952,0.0004265779512480634,5.0535569290003406e-05,0.12168284927010758,0.00043864295645861754,5.0577697551933465e-05,0.15375288425101288,0.0009199408283179092,5.1657817450926296e-05,0.8063477246325168,0.04261051045273482,9.97220434649274e-05,0.9182782036077053,0.0024113129458100215,6.431020610434607e-05,0.9265126682554087,0.0008486597680379038,5.1317024925332404e-05,0.9415624407651976,0.00031322806819221433,5.274018076149019e-05,0.9468361766069685,0.00034055104156389374,5.000015773675577e-05,0.9492107505340913,0.00034760841023969054,5.00001545158341e-05,0.9519760001557572,0.0004444914523250348,4.999999249483028e-05,0.9558642056405383,0.0005449107395600756,4.999474212345201e-05,0.9592094114009252,0.0004926956603781327,4.9999775895178436e-05,0.962104701470241,0.0004077959854977038,4.999999202430133e-05,0.966324372881417,0.00022289057006484467,5.000005746936376e-05,0.9722387358031571,0.00023104765707002506,5.0000009677028414e-05,0.9782591874991544,0.00020803341536265217,4.9999994620768884e-05,0.9875938609550562,0.00016467835541573295,4.999991003695138e-05
2.70117,-2.20868757948578,-1.885388155431346,1.0157274738251025,0.8121797131737997,-0.23275950230631023,0.5338371468897347,0.0347309050482301,0.7061536625539254,-6.133601045586855,1.0157577202754529,-1.3016266738104427,-1.1602582579063467,-2.7232627495837933,38.186395278094565,19.42813421689138,5.008124406657814,-3.0612725546149733,3.619801246120463,0.07835545370274619,6.799990428071303,6.8000936876759885,6.800077574837303,6.800092812127684,0.07957355125581013,0.0011980044707085914,4.9999975412892994e-05,0.09654787931229476,0.0005174911278047515,5.000008703648361e-05,0.11076948563417967,0.0003058119578091466,5.048973372507816e-05,0.12114036623603244,0.000429489917267075,5.0542701895325856e-05,0.12124170718371788,0.00044114208638970973,5.058451115338177e-05,0.15287302258959376,0.0008798616614191166,5.15167958835628e-05,0.7365246365988334,0.06982308803368348,9.990256360252872e-05,0.9157798929212473,0.0024983106864579926,6.518808771343158e-05,0.9257196289164679,0.0007930393389408792,5.115025534373995e-05,0.9412566093738878,0.0003058313913098499,5.261300720415035e-05,0.9464945997044837,0.0003415769024846933,5.000015488247411e-05,0.9488605085396452,0.00035024199444608645,5.000015730510521e-05,0.9515372732154868,0.00043872694027041314,4.999999938384812e-05,0.9553240783618102,0.0005401272787280809,4.999134086409456e-05,0.9587195100281898,0.0004899013727353928,4.999976378868874e-05,0.9617084811397586,0.00039622033048243284,4.9999999833536764e-05,0.9661066449709538,0.0002177279104633218,5.0000056263804057e-05,0.9720064463029092,0.00023228950024799334,5.000000954395019e-05,0.9780495160741975,0.0002096714249568616,4.9999994795384774e-05,0.9874287597172056,0.00016510123785060262,4.9999915380454846e-05
2.72033,-2.1881283503442965,-1.9993634081169551,1.0360925840388204,0.8154837072930109,-0.25654654133946214,0.5183139052999264,0.02284947264507032,1.4377002631599434,-5.761411279074975,1.1116996482427728,-1.360272259877105,-1.0909127939738583,-2.7217616739944965,37.39165542773186,20.6681993476045,5.353498448895557,-2.8688527050493766,3.773885803827042,0.07680760283086802,6.800032173590187,6.800093780513035,6.800074304580538,6.800092854311398,0.07837492827197512,0.0011986229838349962,4.9999951547711536e-05,0.09606094700227259,0.00048693231002217393,5.000008202755766e-05,0.1104694027101826,0.0003000829239970689,5.047156081498627e-05,0.12070594204599086,0.0004344241900415939,5.055500858709044e-05,0.12079600619053713,0.00044570099318074424,5.059689427562161e-05,0.15202464337057084,0.0008483792190229049,5.1410378686564654e-05,0.6260055996494682,0.11051903694936512,9.996709019641507e-05,0.9131733920336328,0.002606500887614468,6.628138913840136e-05,0.924973654954723,0.0007459739617448424,5.1017906258781814e-05,0.9409565070178887,0.00030010235599908113,5.2516526212373185e-05,0.9461502943511887,0.000344305353294963,5.0000153143818836e-05,0.9485058854786403,0.0003546230610049596,5.000016119165732e-05,0.9511024919848141,0.0004347812306726194,5.000000541704548e-05,0.9547876082399543,0.0005364701218558463,4.998625748848338e-05,0.9582313094310013,0.0004882005971884378,4.99997491738005e-05,0.961323285052339,0.0003851960874195944,5.00000062955675e-05,0.9658929024771228,0.00021374249383097847,5.000005535034404e-05,0.9717720779554821,0.0002343683474269524,5.000000930497166e-05,0.9778375907171084,0.00021192535708916218,4.999999478127798e-05,0.9872631116503984,0.00016564806680714853,4.999991964247783e-05
2.73949,-2.15370006322508,-2.105982046708382,1.0583639812937773,0.8175146143009898,-0.2805394172626639,0.5028381930151388,0.01106571116880954,2.1540218279471843,-5.365465265755908,1.214257995610159,-1.4152316093714565,-1.0186154925197803,-2.720290250982651,36.58638777149629,21.93583848465826,5.536031829632129,-2.667822793452926,3.916179375667744,0.07427672521923354,6.800042383865417,6.800093807799501,6.800065135762583,6.800092740923133,0.07717251857087089,0.00120240970110425,4.9999924891391244e-05,0.09560005156808685,0.00046089543418574683,5.000007768025184e-05,0.11017351729832908,0.00029588541185351496,5.045846380353522e-05,0.1202644159455604,0.00044152610043046714,5.05730286407383e-05,0.12034355743236774,0.0004524487581693914,5.061538076314085e-05,0.1512003775243134,0.000824265846257451,5.133146778693008e-05,0.49028994106234486,0.1357156585871234,9.998154007686392e-05,0.9104313514591951,0.002742040574437685,6.764561070280549e-05,0.9242676412811168,0.0007060136736061881,5.0911858357914776e-05,0.9406606021750777,0.00029590484281098126,5.244695979164977e-05,0.9458014575280882,0.0003488368231005687,5.000015250043266e-05,0.9481450023510731,0.000360883127567201,5.0000166326186726e-05,0.9506697988132401,0.0004326931715740292,5.0000010806731705e-05,0.9542536333060436,0.000533974933910645,4.9983111620610994e-05,0.9577436491540376,0.00048766027696365156,4.999973127897188e-05,0.9609484300464716,0.0003748550058674728,5.000001163013429e-05,0.9656820554565797,0.00021084702054305723,5.000005471839542e-05,0.9715347471450194,0.00023733081046282018,5.0000008947184494e-05,0.9776227551198078,0.00021483559730061657,4.999999456704741e-05,0.987096776298994,0.00016633535140451384,4.999992297653734e-05
2.75865,-2.105696612726006,-2.2047834467392344,1.0826386318028305,0.8182651558552241,-0.30467965184878154,0.48745586122322787,-0.0006598217187572537,2.854916673029488,-4.945234763294741,1.3203131819224758,-1.4663397771195992,-0.9435922364944452,-2.7188673126444662,35.78020946592052,23.21588002866131,5.553609294548878,-2.4602673814053024,4.046522215876216,0.07098193461035536,6.800039733421126,6.800093761426336,6.80003623728234,6.800092450716644,0.07596337062484475,0.0012091479460261448,4.9999894275051485e-05,0.09516139812519203,0.00043865344289481815,5.0000073896540074e-05,0.10988039543343268,0.0002931218648964077,5.044994151394071e-05,0.11981342877329478,0.00045098717226562524,5.059752156568914e-05,0.11988199754302398,0.00046155988934375993,5.0640739791749686e-05,0.15039375624102003,0.0008066212832933727,5.127515568838402e-05,0.38050856406236966,0.10978137699997516,9.99665118562964e-05,0.9075185841088316,0.0029127673503634927,6.934101391496294e-05,0.9235956401182392,0.0006720011628774366,5.0826174268854526e-05,0.9403674608798839,0.00029314129519393816,5.240167795584307e-05,0.9454461476532285,0.00035530987485955513,5.000015295886966e-05,0.9477758052078458,0.00036919714322728494,5.000017290727936e-05,0.9502372977135717,0.00043250109966842196,5.000001572187379e-05,0.9537209622405152,0.0005326710655284394,4.998634913584046e-05,0.9572553208929411,0.0004883282610965077,4.9999709122154646e-05,0.9605831443615594,0.00036528568491209457,5.000001602652241e-05,0.9654730759455481,0.00020897951103157798,5.00000543613486e-05,0.9712935136517995,0.0002412334932198348,5.000000845163956e-05,0.9774043084072647,0.00021844671254318097,4.999999413461336e-05,0.9869295982076387,0.00016717809135517,4.9999925495312366e-05
2.7778,-2.0444139938242936,-2.295299641346499,1.1089532903756063,0.8177331689819743,-0.32890623448020073,0.4722090815729928,-0.01236705624604744,3.5403673528631123,-4.500482175590114,1.4267051042533008,-1.5134717524302241,-0.8660719691389378,-2.7175074934578034,34.982602439118914,24.49296705949298,5.406049773868149,-2.251507545491256,4.161599399547586,0.06756697367434569,6.800034863637829,6.800093645398508,6.799894759736953,6.800091962468449,0.07474497504792446,0.0012183955769202687,4.999985821300069e-05,0.09474177991080555,0.00041961821438648097,5.0000070594429095e-05,0.10958866718645043,0.00029172824698226515,5.0445673962334125e-05,0.11935037197381167,0.000463056799483118,5.062953087816078e-05,0.11940873268559184,0.0004732648574321463,5.067404227767072e-05,0.14959895862296232,0.0007947976180576855,5.123809785585414e-05,0.3100826713402277,0.07042589272214196,9.990439296252124e-05,0.9043894533620115,0.0031291307468201543,7.142803018724158e-05,0.922952634768846,0.0006430053493932333,5.0756456590887115e-05,0.9400757132029218,0.00029174767696198487,5.237899893547357e-05,0.9450822371377964,0.00036391051543214234,5.0000154555431024e-05,0.947396010558537,0.0003797946493088365,5.000018119871515e-05,0.9498030480138373,0.0004342496997344252,5.000002029744522e-05,0.9531884185990569,0.0005325436414582756,4.999126460469869e-05,0.9567650825193725,0.0004902383735685774,4.999968139475639e-05,0.9602266069523099,0.00035653740924953214,5.0000019645945036e-05,0.9652649753071284,0.00020810063841970592,5.000005427702375e-05,0.9710473685437986,0.00024614510800097657,5.000000779187555e-05,0.9771814999431854,0.00022280846407928378,4.9999993457742225e-05,0.9867614085583054,0.0001681896493332774,4.999992727996619e-05
2.79696,-1.9701467927978102,-2.3770609302634513,1.1372840791987415,0.8159215166712763,-0.35315637735521016,0.4571359323769367,-0.024095614110978915,4.210538069641127,-4.031264103011116,1.530270190875887,-1.5566044618453956,-0.7863471385637542,-2.716213095556542,29.272322449180255,22.686665513756804,3.0739524157423483,-168.41102465214627,-132.853129599769,21.62608585064281,6.800042035862661,6.800093459945498,3.130314441692247,6.800091144318032,0.07351546870209949,0.00122950634582497,4.9999814743544854e-05,0.09433847040590232,0.00040330950490322066,5.0000067704849176e-05,0.10929699644681062,0.0002916707396397931,5.044549794046821e-05,0.11887231466867385,0.0004780573051378125,5.067047347367274e-05,0.11892086899724509,0.00048786368834673606,5.0716756137655825e-05,0.1488106113434012,0.000788347279561108,5.121811096732379e-05,0.2659689895059656,0.04411368183426209,9.974128110141273e-05,0.9009838305869774,0.0034056227750340713,7.395587503102399e-05,0.9223343648798016,0.0006182698890445547,5.069940545495719e-05,0.9397840230332988,0.0002916901696230149,5.2378063916104016e-05,0.944707352918241,0.0003748842195554653,5.000015736051785e-05,0.9470030362289332,0.0003929743296036969,5.000019155394187e-05,0.9493650533685218,0.00043799464531542055,5.000002464060472e-05,0.9526548444422902,0.000533574156766702,4.999455278953962e-05,0.9562716677644125,0.0004934147549598913,4.9999646283313257e-05,0.9598779805577138,0.0003486263945960916,5.000002262399875e-05,0.9650567832583947,0.00020819204873368525,5.00000544680854e-05,0.9707952199233563,0.0002521486204423468,5.0000006931884526e-05,0.976953523367767,0.00022797657541841326,4.999999250009756e-05,0.9865920269521384,0.00016938160616697664,4.999992838659324e-05
2.81612,-1.8840631790740114,-2.4501960024562965,1.1671760422876558,0.8128385250865386,-0.38906279891099294,0.4329011347787257,-0.022833682807848105,4.771315483261656,-3.596649813947938,1.5891586883049948,-4.782897797250302,-3.3314487285620467,-2.301916604011895,26.462297816135884,25.970765916505613,2.3412648314381617,-177.16072433109144,-131.1191997292054,23.42042249221521,6.800049774857339,6.800093201460431,3.0315672184531044,6.8000897922144485,0.07227431357874092,0.001241155123358561,4.999976174733798e-05,0.09394925233787346,0.0003892180680288724,5.000006515255991e-05,0.10900415740244195,0.00029283904436869235,5.0449072755352074e-05,0.11837612408804685,0.0004961905806270006,5.072164592887799e-05,0.11841533131842871,0.0005055376788163928,5.077025690072712e-05,0.1480240618341692,0.000786549509232035,5.121257058580476e-05,0.23704356188662618,0.028925427619339417,9.938723181130424e-05,0.8972254451559031,0.0037583854310743107,7.690485144960819e-05,0.9217373685271737,0.0005969963526278354,5.0652124304860325e-05,0.939491164558649,0.0002928584746497633,5.23970627535775e-05,0.9443189857932128,0.0003883671250282081,5.0000161368530066e-05,0.9465940983405227,0.0004089378884105753,5.000020430422678e-05,0.9489214476461039,0.0004436057224179436,5.000002884921242e-05,0.9521190888858749,0.0005357555564153343,4.9996451844787044e-05,0.9557738464894732,0.0004978212749394072,4.9999601773964196e-05,0.9595365216331463,0.0003414589245675262,5.000002507799072e-05,0.9648476071166133,0.00020917614178143795,5.0000054915906236e-05,0.9705359563421148,0.0002592635812414375,5.0000005838108624e-05,0.9767195659977664,0.00023395737000049278,4.9999991233380844e-05,0.986421279549276,0.00017074740286239282,4.9999928906287265e-05
2.83527,-1.7876838108623068,-2.5144660897968047,1.198082055366472,0.8046898481314962,-0.44792491225530706,0.3896326295385043,0.004977283140317298,5.278260531901089,-3.099121168392517,1.6340109011437258,-8.176811380909637,-5.843332977848746,-1.8532455436993471,25.06354877324044,35.64101250498383,2.4590164829797927,-10.439224442916354,15.12725767122993,2.4842020084432073,6.800041388596447,6.800092854156151,6.7997371923079974,6.800087903497873,0.07102237368645518,0.0012519398922857519,4.9999696620751386e-05,0.09357224781555644,0.0003770045223170123,5.000006288651043e-05,0.10870900804168905,0.00029514936075287807,5.0456184315968805e-05,0.11785848627933754,0.0005176378087093066,5.078449275832133e-05,0.11788888696977727,0.0005264443486514352,5.0836124183029114e-05,0.1472351810351371,0.0007888807990320625,5.1219761862295275e-05,0.21702222103099544,0.020021340855630745,9.871904193243452e-05,0.8930172374114056,0.004208207744497547,8.018081111532297e-05,0.9211587141080811,0.0005786544190924853,5.061268455554567e-05,0.9391959957670337,0.0002951687916152512,5.2434851669452017e-05,0.9439145133063271,0.0004044724868855974,5.000016655424237e-05,0.9461662226205685,0.0004278757199541489,5.000021983426364e-05,0.9484704826798938,0.0004509649662100667,5.000003298102246e-05,0.9515800058045338,0.0005390830813410477,4.9997565942130015e-05,0.9552704340246403,0.0005034124648328416,4.999954527501536e-05,0.9592015313783535,0.0003349902547927412,5.0000027096445404e-05,0.9646366130125635,0.00021099410404979704,5.000005560665334e-05,0.9702684699155637,0.00026748642655100317,5.000000447439802e-05,0.9764788306066595,0.00024073539110690614,4.999998962867728e-05,0.986248999922761,0.00017227962651498476,4.999992890527431e-05
2.85443,-1.6817708713594566,-2.567460248590074,1.2299099259397122,0.7866983949811571,-0.5160498661951675,0.33567175845863356,0.04608123353279857,5.75840938519453,-2.4163371205582305,1.6811189126713275,-8.376798289822181,-5.553536210039461,-1.8056550465796108,13.899332790925047,30.815638517874337,-1.857548132385666,265.09499091710194,-230.69001829009318,-34.398830048921674,0.46568754258278694,6.800092340660003,6.80006348912508,6.800084992262264,0.06976111555144501,0.0012612581350101714,4.999961467094704e-05,0.09320547903637412,0.0003667687791823184,5.000006091869227e-05,0.10841024932326404,0.0002987587184250108,5.0467406485641584e-05,0.11731559784830685,0.0005428884310306853,5.086163736709822e-05,0.1173378547483435,0.0005510322214337695,5.09172397012913e-05,0.14643923501504863,0.0007959460200884938,5.124168107087656e-05,0.20248353720954382,0.014538683821451608,9.759084825240769e-05,0.888224117521672,0.004793119889733571,8.366919191954748e-05,0.9205953077351383,0.0005634063729427914,5.058083219630744e-05,0.9388972176168235,0.00029877815021015137,5.249446656999962e-05,0.9434909402358603,0.00042357307046683094,5.0000173044170534e-05,0.9457159680425454,0.0004502545780231476,5.000023884588846e-05,0.9480100493700249,0.000460433309868957,5.000003703606645e-05,0.9510364515990505,0.0005435542054833698,4.999825271868529e-05,0.9547602122506725,0.000510221773967792,4.9999472034502753e-05,0.9588720651111438,0.00032946626720974244,5.000002874350151e-05,0.9644228440439149,0.0002137689686486776,5.0000056586875216e-05,0.9699915624885506,0.00027690742701324395,5.0000002777822666e-05,0.9762304766581417,0.0002483539485178483,4.99999876242442e-05,0.9860749925965425,0.00017400732621842023,4.999992830645492e-05
2.87359,-1.568726232297718,-2.6081790732241013,1.2617846871453335,0.7802745443214317,-0.5606129192255263,0.26306710164634395,0.08766217691087974,6.024682480097672,-1.825994003877967,1.6455333851081038,-3.2983053336060246,-9.972924252426022,-2.4646422854601604,9.77369394275567,42.70186204566287,1.568972412943382,-24.208500720582908,8.639442918954986,1.8379345517938974,6.800046360326962,6.8000912454223394,6.800077161019595,6.800080087247439,0.06849313594061714,0.0012679796108278794,4.999951041101526e-05,0.09284708634251526,0.00035839269385886757,5.000005922746714e-05,0.10810660322489615,0.0003036460983678945,5.04828195264344e-05,0.11674352521632411,0.000572072631982742,5.09548607711588e-05,0.11675844941327033,0.0005794053350731664,5.10159287482339e-05,0.14563157728478687,0.0008076577302617608,5.127844158806234e-05,0.19147271991129441,0.011010817298249405,9.587179061963528e-05,0.8826661194628975,0.00555799805877441,8.713861863343523e-05,0.9200442326581201,0.000551075077018225,5.055569351076158e-05,0.9385935520853785,0.0003036655314450454,5.257631071649255e-05,0.9430452185968694,0.0004457216389910186,5.000018074993774e-05,0.9452397219216196,0.00047624612092569046,5.0000261925072345e-05,0.9475380313156146,0.00047201805441027717,5.000004101414931e-05,0.9504872614966887,0.0005491901023617878,4.999869547074042e-05,0.954242004205253,0.0005182080454196429,4.9999376454064136e-05,0.9585471211712486,0.0003249439398950754,5.000003008644608e-05,0.964205355657069,0.00021748838684578916,5.000005785731483e-05,0.969704096914909,0.00028746557364161233,5.000000070783193e-05,0.9759737297722336,0.00025674688590807457,4.99999851909642e-05,0.9858990644500385,0.00017592814650399985,4.9999927120819414e-05
2.89275,-1.45124616023823,-2.635374736189406,1.2935537143645968,0.7841203981653051,-0.5818574443299933,0.17175751025113256,0.130769395389886,6.211919649961884,-1.0079434444691409,1.675590593356607,-3.7620738113305983,-9.807416221294401,-2.429432500307372,0.7640055813140495,43.5968261749481,2.322758385364192,-23.41995961478549,9.609238257811265,2.0387704029374816,6.800061767305118,6.800089439591708,6.800085522001785,6.800071825698892,0.0672216514982385,0.001271484442378628,4.9999375529552726e-05,0.09249522218007354,0.00035186416244171526,5.000005780493701e-05,0.10779677774033301,0.0003098254845631451,5.050266472703435e-05,0.11613826024018983,0.0006052649761342756,5.106571421667388e-05,0.11614687739496417,0.0006115720183061689,5.11348662939675e-05,0.14480740723185972,0.0008241700529271434,5.133117425841123e-05,0.18282371694644203,0.00864900296485238,9.348946513719295e-05,0.8760956067558726,0.006570512707024876,9.03580487734148e-05,0.9195025792024109,0.0005416534557092173,5.053686051265139e-05,0.9382837071660264,0.0003098449193521198,5.2681630819237455e-05,0.9425743065127759,0.0004709120840935437,5.0000189530951964e-05,0.9447337731718325,0.0005059487497872565,5.0000289734406317e-05,0.9470522394501605,0.0004857918654542021,5.000004487468698e-05,0.9499312350015171,0.0005560264951716157,4.9998992802490654e-05,0.9537146424880226,0.00052736171723031,4.9999250085896484e-05,0.9582255841602745,0.00032153701097418174,5.000003118223953e-05,0.963983189651019,0.0002221660060500207,5.000005942694509e-05,0.969405024904456,0.00029907201045297393,4.999999822942447e-05,0.975707914415902,0.0002658153563315643,4.9999982309981966e-05,0.9857210217672094,0.00017804268282906383,4.999992532874374e-05
2.9119,-1.3318244848063034,-2.6466880951290808,1.3260764416846589,0.7767400378912351,-0.6004818357911967,0.07956603223901315,0.17253950941171176,6.226555901479841,-0.172747826940139,1.7200882734457523,-4.210736004181116,-9.62332957130501,-2.3903752510744063,-8.28292573423488,42.95956258782429,1.7800655045716027,-22.567871991149794,10.491725145327925,2.219146155935484,6.800074377482851,6.8000857650129545,6.800089182346213,6.800055395987045,0.06594983730127572,0.0012718141969627758,4.9999195346069114e-05,0.09214782797325603,0.0003473942068174982,5.00000566721015e-05,0.10747932014384443,0.00031745759648858584,5.052772652558631e-05,0.11549562994328064,0.0006426302969092005,5.119522989589625e-05,0.11549932228057468,0.000647555114389494,5.127822606999968e-05,0.14396102156485066,0.000846385667009054,5.1403788931372666e-05,0.1758107653313311,0.007012951615110914,9.047254406236293e-05,0.8681466005492493,0.00794900620662333,9.31688749405146e-05,0.9189670868600998,0.0005354923423111877,5.0524719925465237e-05,0.9379662301325057,0.0003174770335207298,5.281453709741958e-05,0.9420751046779346,0.000499201834841153,5.000019926393774e-05,0.9441942859183333,0.0005394872534991256,5.000032313573591e-05,0.946550081449149,0.0005021580010114162,5.00000485344607e-05,0.9493671260326161,0.000564108968901016,4.99991997729797e-05,0.9531769054826151,0.0005377370054074852,4.9999078143791e-05,0.957906060573636,0.00031952358663835757,5.000003208107765e-05,0.9637552626459456,0.00022792700507341695,5.000006134296009e-05,0.9690933608734826,0.0003116640309732991,4.999999530327677e-05,0.9754324532735332,0.00027546114236874517,4.99999789626132e-05,0.985540649707119,0.0001803720600904343,4.999992281558826e-05
2.93106,-1.2137881809981768,-2.642071551763189,1.3593913648422684,0.7583541594682746,-0.6162781277216379,-0.01253297589391715,0.21200782342027136,6.067877761796216,0.6502395680673239,1.7541894463698275,-4.643074535163326,-9.422336892926694,-2.3478624971263065,-16.92720715732488,40.81705550845874,-0.01921279860623575,-21.664677571893538,11.284264614316315,2.3780867718842087,6.800082317714668,6.800076944113829,6.80009101267719,6.800012456468027,0.06468102089277841,0.0012688164084973272,4.999894855434826e-05,0.09180291957377576,0.0003449083994802738,5.000005580671927e-05,0.10715282757425816,0.00032649256958626276,5.055818210818623e-05,0.11481181149092884,0.0006838184523517912,5.133737057956724e-05,0.1148124485059075,0.0006868737746671675,5.145379622228093e-05,0.14308662011025577,0.0008744014545948918,5.149808827561017e-05,0.16996267133908743,0.005848093992243664,8.697598341271312e-05,0.8582818084921916,0.009864792057057706,9.544527847901202e-05,0.9184345897097054,0.0005324971503942741,5.051886730767937e-05,0.937639718123035,0.0003265120094706079,5.297589205268465e-05,0.9415449147876649,0.0005301898902698044,5.000020952803608e-05,0.9436177572434264,0.0005765286749068909,5.000036273782672e-05,0.9460290261085975,0.0005210553405514725,5.000005187293898e-05,0.9487936376891795,0.0005734883434365702,4.9999348225288794e-05,0.9526275582515337,0.0005493472310814002,4.99988392276393e-05,0.9575871280334863,0.0003189325401497728,5.000003282587736e-05,0.963520527071022,0.0002347355749235764,5.000006359676578e-05,0.9687683329075102,0.00032502796597241965,4.999999194354305e-05,0.9751469681804209,0.0002854850931123879,4.999997519028334e-05,0.985357749629754,0.00018290007736499915,4.999991956932192e-05
2.95022,-1.1003967795936864,-2.622037143748757,1.3930665492624168,0.7293543475169144,-0.6290318076482152,-0.10358441529706612,0.24826526632992696,5.743598898512193,1.432182403637586,1.75382138184302,-5.058110338242536,-9.206161332001798,-2.3023048768992935,-24.7522557320651,37.26827438491126,-2.9736791269200946,-20.72787974864931,11.991365879293214,2.514415288943816,6.800086837176344,6.80004888089983,6.800092017810216,6.799801692805101,0.06341844240539429,0.001262578487384111,4.999860113374991e-05,0.09145857777407108,0.0003443417997046751,5.0000055185656116e-05,0.10681598038586933,0.00033684718838884406,5.059413527090055e-05,0.11408369949772254,0.0007281119932062931,5.141372366935567e-05,0.11408373912555989,0.0007287093803476123,5.173818185522497e-05,0.14217829553310368,0.0009083245771520881,5.1616334954506584e-05,0.1649614686200422,0.005001202719045239,8.326283458268671e-05,0.8456912065626372,0.012590601929554546,9.715358836168058e-05,0.9179019966308555,0.0005325930788500022,5.0519052947946593e-05,0.9373028514912133,0.0003368666318217828,5.316614209119078e-05,0.9409817662651977,0.00056314852246711,5.000021970128487e-05,0.9430013392910649,0.0006164179523615897,5.0000408952998705e-05,0.9454866816548164,0.0005423444537810852,5.000005471133481e-05,0.9482094146349255,0.0005842230542540523,4.9999457329564396e-05,0.9520653307108703,0.0005622275406633662,4.9998499262561304e-05,0.9572673492208246,0.0003197788126616997,5.000003344707957e-05,0.963277998107074,0.00024252896394788987,5.000006616854193e-05,0.9684294438051964,0.00033888910231375224,4.999998821540497e-05,0.9748513133593161,0.00029565482110481095,4.999997108106023e-05,0.9851721441647684,0.00018560546498558658,4.999991557680836e-05
2.96937,-0.9946845649231373,-2.5876333060183825,1.4262256971084974,0.690290910207352,-0.638526857442312,-0.19266379466556463,0.2804758916827166,5.269413566111617,2.1461403260386493,1.696853845610571,-5.455199664361599,-8.976439650189844,-2.2541355761904147,-30.9902197314994,32.116493833145476,-7.002016741422075,-34.05288942694818,25.43711413249007,0.7805961917555483,6.800089411297886,6.799873839241084,6.800092601946417,6.475699131569735,0.06216508003009609,0.0012533623752982064,4.999809763807518e-05,0.09111293994295874,0.0003456378311123365,5.00000547844541e-05,0.1064675833862682,0.00034839699960111873,5.0635560143404864e-05,0.11331013845782648,0.0007735610398960764,5.008918473432831e-05,0.1133118686589067,0.0007718704666531727,5.3437438663145396e-05,0.14123004183790006,0.000948253695203629,5.1761207227794625e-05,0.1605849106042485,0.004376558015793686,7.96377713807667e-05,0.8291209500149006,0.01657025654773663,9.833976950967429e-05,0.9173662725016859,0.0005357241291695451,5.0525170302309433e-05,0.9369544350438441,0.00034841644736923047,5.338501685187606e-05,0.9403848051987207,0.0005969610664770818,5.000022895736496e-05,0.9423432184908315,0.0006581208002334703,5.000046183428595e-05,0.9449208922392472,0.0005657894155691389,5.000005681286337e-05,0.9476130312468136,0.0005963833881117414,4.9999539060016744e-05,0.9514888895652537,0.0005764411456165864,4.999800279321747e-05,0.9569452833408101,0.0003220658800145502,5.000003396322085e-05,0.9630267873976196,0.00025121070945451003,5.0000069023730364e-05,0.9680765190441177,0.0003529247610786596,4.999998424996248e-05,0.9745455945362144,0.0003057188231016252,4.99999667768759e-05,0.9849836810448476,0.00018846311992087232,4.999991082620859e-05
2.98853,-0.8992467582991772,-2.5404668217713815,1.4575841059779726,0.6413333497820622,-0.6457458800567014,-0.27859572132984867,0.3067447826471136,4.675725952198059,2.761404262734432,1.5627144091104694,-6.10755962972829,-8.489134309182047,-2.239181494079073,-30.245742783596544,22.793258614129954,-11.451295413663217,39.951870810887165,182.0808942026909,9.137165473266057,6.800090961978426,3.9738956573943147,6.800092948901589,5.198441890523899,0.06092354055173187,0.0012415394783642222,4.999734672310626e-05,0.09076420866835966,0.0003487312745990837,5.0000054574861254e-05,0.10610661671392951,0.0003609666723386881,5.0682226303782565e-05,0.11249079660340322,0.0008193418544232563,5.0051812908386403e-05,0.11249709069148131,0.0008147779674253959,5.387273640157773e-05,0.14023581301724658,0.0009942288206535022,5.19356142680315e-05,0.15667283743713353,0.003912073167114956,7.635975593787323e-05,0.8065864073591054,0.022534542655795183,9.909973080277757e-05,0.9168244458036202,0.0005418266980657551,5.05371973950914e-05,0.9365934489185351,0.0003609861253090446,5.363113473774938e-05,0.9397546728719604,0.0006301323267602579,5.0000236332969466e-05,0.9416429742642677,0.0007002442265637526,5.0000520940361156e-05,0.9443298664545555,0.0005910257846917547,5.000005789057572e-05,0.9470029784773877,0.0006100527694259193,4.999960117845141e-05,0.9508968039851207,0.0005920855801330408,4.999725850963746e-05,0.9566195094651933,0.0003257738756168706,5.0000034381283914e-05,0.9627661449842003,0.0002606424134191995,5.000007210879525e-05,0.9677097266726181,0.0003667923714996802,4.9999980249326345e-05,0.9742301653549735,0.0003154291812408076,4.999996246934417e-05,0.9847922363180359,0.00019144472681168644,4.999990531333763e-05
3.00769,-0.8151347848735129,-2.4832591944685105,1.485544119361181,0.5919133723882122,-0.6528602528829256,-0.34913493424009157,0.3186237168036795,4.09630047474702,3.198060583250387,1.343338996181506,-5.342191360041912,-5.00096376521629,-2.0641384638987184,-29.480768033684868,18.198508826958765,-14.373978241095418,272.3035885011259,243.73688859913605,36.542186377735895,6.800091776956012,0.5726806371259386,6.800093225355534,6.799862084883199,0.05969595597549896,0.0012275845762329026,4.999619314122207e-05,0.09041080405027158,0.00035340461808807316,5.0000054507549e-05,0.10573228094044636,0.0003743357734831478,5.073367084611806e-05,0.11162669555271303,0.0008641010506901898,5.0042820033961e-05,0.11164098103406389,0.0008561096574174236,5.4284255460343625e-05,0.13918978391027773,0.0010460291069688211,5.214182489736848e-05,0.15311076363272694,0.0035620738044065993,7.355067114071314e-05,0.7748609204892238,0.03172548686988154,9.954863842302787e-05,0.9162738488702339,0.0005505969333862716,5.05547206975876e-05,0.9362190936859537,0.00037435523258146986,5.390186374844393e-05,0.9390934097015932,0.0006612631703671353,5.000024107248727e-05,0.940901420846978,0.0007415534172896256,5.000058583648221e-05,0.9437124100188672,0.0006174564356883435,5.000005762550905e-05,0.9463777399083887,0.0006252385689990123,4.999964939413421e-05,0.9502874933047353,0.0006093106803853613,4.999611124243002e-05,0.9562887718105101,0.00033073765468319785,5.000003469539652e-05,0.9624954975598637,0.00027064742433659337,5.000007535129045e-05,0.9673294607625719,0.00038026591004622785,4.9999976429601535e-05,0.9739055333078713,0.0003246320471022865,4.999995833144774e-05,0.9845977203083215,0.0001945160097143755,4.999989906725078e-05
3.02685,-0.7420477774444222,-2.418604267238875,1.5086972324388506,0.5706338473304743,-0.654031064221026,-0.3829856059226122,0.31614316946481064,3.5315298154261523,3.5466940997556033,1.0679729962519386,-0.12560144496578873,-0.331633471050782,-1.3640903962907478,-38.62403511804854,22.732701375945933,-16.608767447114666,-0.38488027677034387,0.23691695225340945,0.010605266603374842,6.800092276550694,6.798580077055906,6.800093428093586,6.800025907144878,0.058483936007172804,0.001212019968326158,4.9994366381569956e-05,0.09005137002746104,0.00035943402281053086,5.000005453263149e-05,0.10534393402856854,0.0003883469118778281,5.078958780695399e-05,0.11072010339213784,0.0009065921605751904,5.003995143390756e-05,0.1107459888574117,0.0008949921766521961,5.468245258491522e-05,0.1380861442834745,0.0011036396268032378,5.2383181989212664e-05,0.14981713804659993,0.0032936255861270003,7.121603858625835e-05,0.7285529488737967,0.0463079716154271,9.979292059913106e-05,0.9157121269053188,0.0005617219649150013,5.057735341637727e-05,0.9358307273078483,0.0003883663781052968,5.419537855029064e-05,0.9384040632150964,0.0006893464864967492,5.0000242842148045e-05,0.9401201975914074,0.0007812232555706342,5.0000656474060085e-05,0.943067916116013,0.0006444939028541057,5.000005568860901e-05,0.9457358833924908,0.0006418565158978563,4.9999687822609545e-05,0.9496591633032465,0.0006283300014887194,4.999429060322043e-05,0.9559519989048424,0.0003367729056677775,5.000003489088123e-05,0.9622144034860761,0.0002810940737876196,5.0000078689709245e-05,0.9669361869642564,0.0003932737983154618,4.999997297815721e-05,0.9735722554002,0.00033327790767140417,4.99999544820149e-05,0.9844000685064243,0.00019765180189719935,4.9999892090942804e-05
3.046,-0.6814769870396972,-2.346480167799555,1.526112660225085,0.5726940544053908,-0.648677157932085,-0.3936872138880494,0.31024819270270076,2.791599235791044,3.982190309676856,0.7497945644384896,-0.1329746954666854,-0.32709479203212266,-1.3638872284694408,-38.74923927077671,22.48372570102037,-16.736976396097504,-0.4336181953741253,0.19899991116018814,0.003626558944619317,6.800092651453042,6.799826075534906,6.800093567849056,6.800047987819834,0.057288718674373476,0.00119521733279933,4.9991505297555245e-05,0.0896842805145983,0.0003670895128627431,5.000005465510181e-05,0.1049409913231091,0.00040294270545943386,5.0850015651707445e-05,0.10977553080968984,0.0009445725824479951,5.003907128213513e-05,0.10981635388798962,0.0009296349694220888,5.504881177346692e-05,0.13691794527462578,0.0011681990088487023,5.2668585823419666e-05,0.14672491264680543,0.003092225399794502,6.938035817930553e-05,0.6593783616998141,0.06917458717398248,9.991259988218891e-05,0.9151364250750216,0.0005757018302972312,5.060643503095684e-05,0.9354277651279089,0.0004029621799394758,5.451163172697335e-05,0.937691372528019,0.0007126906870774188,5.0000241230851655e-05,0.9393026755503647,0.0008175220410426249,5.000073130361765e-05,0.9423959156097408,0.000672000506272266,5.000005173471252e-05,0.9450758339938212,0.000660049398669547,4.9999718253589566e-05,0.9490097720720708,0.0006493912311757394,4.999143560358529e-05,0.9556078877930504,0.00034411111179204716,5.000003495040198e-05,0.9619224786994198,0.0002919247866563154,5.000008208503624e-05,0.9665306293760619,0.0004055575881944371,4.999997019650834e-05,0.9732310630038115,0.0003411923963884709,4.999995115093382e-05,0.984199213942674,0.00020085456375033785,4.9999884241407546e-05
3.06516,-0.6351044349920296,-2.266058971730076,1.5374095460241277,0.5746165823695865,-0.6432610300770688,-0.4043166659436749,0.3042419476642383,2.0492700879841297,4.412916828526224,0.4291600007981784,-0.141281630815695,-0.3232824995266385,-1.3638177535465392,-38.865525331452346,22.23813824064203,-16.87845825220457,-0.4344379688637952,0.20400386868019044,0.0029466075710525446,6.800092850974105,6.799977267148727,6.800093636721129,6.800062124923218,0.05611129207044143,0.0011774266039320488,4.9987671258822474e-05,0.08930744587278533,0.00037683464181296583,5.0000054888863564e-05,0.10452287773858379,0.0004181135845253154,5.091517799576806e-05,0.10880009409132758,0.0009754367183622646,5.0038769098059596e-05,0.10885847611181067,0.0009578777761789367,5.535608636024944e-05,0.13567636352837723,0.0012415817462485589,5.301199119435208e-05,0.14377702649021395,0.002947886156591459,6.803159636539915e-05,0.5595380815599935,0.09984028013982067,9.99632198555031e-05,0.9145430409663485,0.0005933841086730203,5.064424082635442e-05,0.9350096320593676,0.0004181330685412637,5.48514942097547e-05,0.9369618422446122,0.0007295302834068242,5.0000236174774245e-05,0.9384543490455344,0.0008483265048304149,5.00008076135198e-05,0.9416959244594169,0.000699991150324046,5.000004538837161e-05,0.9443957749362375,0.0006800590575837161,4.999974190663232e-05,0.9483369855366255,0.000672786535445347,4.998760775984398e-05,0.955254746640439,0.0003531411526114166,5.000003484341815e-05,0.9616193626345261,0.00030311606489370703,5.000008550679763e-05,0.9661138349811614,0.00041679439490040915,4.9999968431894424e-05,0.972882899749249,0.00034816325456250613,4.999994861340159e-05,0.9839950789952981,0.0002041349473757546,4.9999875282996825e-05
3.08432,-0.602974439924674,-2.177431439774304,1.542538405148413,0.5763980223471982,-0.6377850365260281,-0.4148750983190553,0.29812466929228026,1.3047132181896957,4.838938565201656,0.10581503283379301,-0.14960427077639335,-0.31937434491930694,-1.3637613046270687,-38.974037569043915,21.99724609475115,-17.03328142538648,-0.43015441752630146,0.2137545971112287,0.002899888848033998,6.8000928942263785,6.800010675044342,6.800093624803928,6.800068807190325,0.05495248419800905,0.00115880787243238,4.9984980944213554e-05,0.0889184737968548,0.0003889720759305319,5.00000552129944e-05,0.10408902492015759,0.0004338528184262135,5.098531515390497e-05,0.10780266949551015,0.0009974245958174277,5.003842954958409e-05,0.10788016172027715,0.000978314391533523,5.558346526143582e-05,0.13435067053866653,0.0013256929897107008,5.3430157143483815e-05,0.14092852667657196,0.002848499813641992,6.709178870619782e-05,0.4381773303871353,0.12136075117285818,9.99783347864977e-05,0.9139276470285926,0.0006153939377558468,5.069289366369238e-05,0.934575759745926,0.00043387231344163373,5.521585642502077e-05,0.9362227419651589,0.000739100279453386,5.000022845762217e-05,0.9375821331572212,0.000872215888313222,5.0000883203656236e-05,0.9409677037301993,0.0007282207292175126,5.000003625881754e-05,0.9436938162916478,0.0007019586445895877,4.9999760277023995e-05,0.9476381160699568,0.0006988694666686441,4.998492358207845e-05,0.9548906489916394,0.0003640976487994606,5.0000034517035256e-05,0.9613047190748076,0.0003146435597185232,5.000008892027723e-05,0.9656870371004646,0.00042679788069694454,4.9999967932127075e-05,0.972528824994162,0.00035407475508691293,4.9999947050181556e-05,0.9837875854077106,0.00020749358758757482,4.9999864976933456e-05
3.10348,-0.5851282610701883,-2.0806868598756294,1.541444854694196,0.5780396787160103,-0.632250305386446,-0.42535921657826586,0.2918960716909333,0.5580775515369522,5.260345469051004,-0.22049592249890615,-0.15784484964186016,-0.3152793930983287,-1.3637057507101968,-39.074610367794506,21.761754751488134,-17.201062405022316,-0.42414037364416707,0.22495884268581876,0.0030352058568885684,6.800092794082568,6.800006902581664,6.800093527931901,6.800070989064277,0.05381311748152682,0.0011393667164822357,4.998666394749704e-05,0.08851460677232637,0.00040386702452843324,5.00000555921624e-05,0.10363891413164344,0.00045011078851414106,5.106047055700749e-05,0.10679367019197482,0.0010089993035353336,5.003771531832165e-05,0.10689048270909064,0.000989679011186503,5.5712129753517865e-05,0.1329279953643178,0.0014226751743487188,5.394431473679346e-05,0.13814315789865153,0.002785368777920447,6.649179973028555e-05,0.3303116445484854,0.10786568583864992,9.996991926690921e-05,0.9132851323870611,0.0006425146415315218,5.075527490969227e-05,0.9341256294497675,0.0004501302961584544,5.560451342228729e-05,0.9354815757484501,0.0007411662167086501,5.00002193714778e-05,0.936694234198188,0.0008878989590331847,5.0000955681166896e-05,0.9402114716716656,0.0007562320585337436,5.000002395126047e-05,0.9429680083230357,0.0007258079686120898,4.999977443335779e-05,0.9469100792921883,0.000728036777768568,4.998661232841005e-05,0.9545134022603742,0.0003772467312652711,5.0000033891329124e-05,0.9609782727578462,0.0003264463169613769,5.0000092273147005e-05,0.9652517221267313,0.0004353149737333642,4.9999968903820545e-05,0.9721700351613366,0.0003587898328253938,4.999994662019015e-05,0.9835766595203986,0.00021092588731202783,4.999985305522703e-05
3.12263,-0.5816042741868056,-1.9759126683495565,1.5340696831162035,0.5795435215298818,-0.6266577730813376,-0.4357651745968124,0.28555586725896753,-0.19048481410121856,5.677241004639965,-0.5500211012325072,-0.16597021592112104,-0.3109697986617604,-1.363647604490566,-39.166977911636614,21.532320379352218,-17.381326782019542,-0.41641079248552204,0.2373539039138787,0.0033451999335832247,6.800092569625235,6.799969353348698,6.8000933506153505,6.800070953794883,0.05269416338500351,0.0011189540965233032,4.999083438544161e-05,0.08809264185130493,0.00042196492102143944,5.000005596921333e-05,0.10317213406172066,0.00046678006992279084,5.114037996399101e-05,0.105784635855095,0.0010090343368798177,5.0036443294496725e-05,0.10589949984249426,0.000990982866596371,5.572801565657052e-05,0.1313931321693682,0.0015348631949495875,5.4580818743675046e-05,0.13539132931584794,0.0027518285828035728,6.617250120105291e-05,0.2558473590628306,0.07446428548565472,9.992593511576454e-05,0.9126093879561249,0.0006757444309362441,5.083536421468962e-05,0.9336588298578216,0.0004667995919459842,5.6015612188275474e-05,0.9347454131833317,0.0007361625651184273,5.000021065577481e-05,0.9357998755449175,0.0008943586532704762,5.000102288569807e-05,0.9394281592583269,0.0007833124133387364,5.0000008095451144e-05,0.9422163711670923,0.0007516371559433726,4.999978519243801e-05,0.9461493673866391,0.0007607119055491935,4.999078872556594e-05,0.9541205112248564,0.000392891035517814,5.000003284860614e-05,0.9606398576412359,0.0003384151166102572,5.0000095491491114e-05,0.9648097119471537,0.0004420101795774635,4.999997148026994e-05,0.9718078863877778,0.0003621487735587237,4.9999947442101356e-05,0.9833622378863158,0.00021442163408286576,4.9999839226398126e-05
3.14179,-0.5924378919905073,-1.8631941991345748,1.5203490085219766,0.5809118721669941,-0.6210082448344459,-0.44608889262174145,0.2791038429158769,-0.9408166885451283,6.089741206923023,-0.8829996510225361,-0.17394750462512154,-0.30642274884770343,-1.3635835196346393,-39.25078101486947,21.3095457665757,-17.573506535742958,-0.4036265583990121,0.2535712742933712,0.004253889253026236,6.800092230317295,6.799825778302031,6.800093093397195,6.800069973515877,0.05159686738480514,0.001097296000198378,4.999424749369448e-05,0.0876488299117991,0.0004438119395058203,5.00000562533447e-05,0.10268845610532708,0.00048367795639357416,5.122432927198784e-05,0.1047876478924198,0.000996987962675181,5.003454682894527e-05,0.1049178485693429,0.0009816512731513633,5.562436084476149e-05,0.1297284924051387,0.001664639764229503,5.537101472722389e-05,0.13264909701563277,0.0027422323002151768,6.608122234385515e-05,0.2087091686102487,0.04713819045258191,9.980048397588353e-05,0.9118930139237433,0.0007163740323815306,5.093875512759768e-05,0.9331751323632476,0.0004836974945740187,5.644496995974466e-05,0.9340202035333102,0.0007252096500215403,5.0000204391734016e-05,0.9349088791510792,0.0008909963938383056,5.000108348755461e-05,0.9386196728725057,0.000808486385821219,4.999998839606119e-05,0.9414369434008691,0.0007794277662232128,4.999979325108492e-05,0.9453520023430343,0.0007973650436047443,4.9994208527563004e-05,0.9537091396165097,0.00041137160834661825,5.000003121785701e-05,0.9602894782417818,0.00035037939945409117,5.000009847635963e-05,0.9643632536447498,0.0004464583024038573,4.999997568834147e-05,0.9714439159886351,0.00036397039914274726,4.999994957547515e-05,0.9831442732385328,0.0002179646477829353,4.99998231936937e-05
3.16095,-0.6176614494339238,-1.7426144531458276,1.5002144689926404,0.5821476833368331,-0.6153022932131904,-0.4563258317121028,0.27253989926637656,-1.6927540006021924,6.4979736586239385,-1.219659837807045,-0.18167988246704067,-0.3015650186961732,-1.3635020267835927,-34.25081086078133,18.63752139231005,-16.328237629852676,155.80960900152706,131.8829051473868,20.2338822496181,6.8000917368721066,3.3223160042231106,6.800092741128974,6.800069200634101,0.0505228511050825,0.0010740162797226356,4.999638510947878e-05,0.08717875193080094,0.00047007798099817327,5.000005630130399e-05,0.10218792890510717,0.0005005272002199003,5.1310983244955705e-05,0.10381462571505162,0.0009730221773681895,5.003205887542819e-05,0.10395621450992852,0.0009616340594143833,5.540352363311838e-05,0.12791439439183236,0.0018140980133063299,5.634903691728358e-05,0.12989799447663972,0.0027511025389930642,6.616597585216241e-05,0.17868246124687415,0.03002670736337457,9.949523746556232e-05,0.9111269184768889,0.0007660954468545111,5.1073456696442827e-05,0.9326745856070404,0.0005005467562071086,5.688529181483913e-05,0.9333102470605338,0.0007099564727763818,5.0000202922705294e-05,0.9340311311709149,0.0008777479801644292,5.000113773038371e-05,0.9377891020110409,0.0008305708614647941,4.999996470757067e-05,0.9406278519476666,0.0008090914532025454,4.999979929985451e-05,0.9445134771504085,0.0008385251926258566,4.999635372074335e-05,0.9532760761299773,0.00043306348653244223,5.000002875231747e-05,0.9599273844488253,0.00036209379295656235,5.00001011018423e-05,0.9639150992125141,0.00044815443223574273,4.99999814202445e-05,0.9710798590814331,0.00036405690720208713,4.999995300480492e-05,0.9829227407808663,0.00022153245766664596,4.99998046974107e-05
3.1801,-0.656377565292014,-1.6147272072428676,1.47381894243032,0.597021693936848,-0.6052681372465457,-0.45435667121880446,0.2660444853329801,-2.348905597806696,6.855017451811916,-1.5324640877242426,2.8032048906763714,2.2249497318061118,-0.9758763378707227,-29.127198861830287,17.2014827356397,-12.965831110134907,304.9334528227345,257.58461111192406,40.89417004609035,6.800090888887144,0.0024957222414329636,6.800092222059434,6.800070554071825,0.04947414472169952,0.0010487063833829805,4.99976590874861e-05,0.08667737262285652,0.0005013793079444112,5.000005588151855e-05,0.10167093157312433,0.0005169973319828462,5.1398524743777244e-05,0.10287601422852859,0.0009386114865230335,5.0029129418576514e-05,0.10302421574106338,0.0009319987688651328,5.508326594049349e-05,0.12593014824591378,0.0019842461459185826,5.754433753492797e-05,0.12712784756614184,0.002770146910497862,6.634772958793775e-05,0.15885311089109164,0.019829350355782507,9.883760227405931e-05,0.9103001311299751,0.0008267873469137118,5.1250051816852e-05,0.9321575686999084,0.0005170169071320533,5.7327008808762166e-05,0.9326175496857698,0.0006926973747639449,5.00002090784093e-05,0.9331754600940134,0.0008556710769014218,5.000118966777505e-05,0.936940825596343,0.0008482764146979805,4.99999371479178e-05,0.9397875974243471,0.0008402545233194814,4.9999804410376275e-05,0.9436286798062552,0.0008847973441532714,4.999763644385874e-05,0.9528178782048881,0.0004581979250892764,5.000002511372861e-05,0.9595541115751375,0.0003732728736877808,5.000010323297661e-05,0.9634683789439487,0.00044672026856545395,4.9999988361707764e-05,0.9707175648652006,0.00036229421623258504,4.9999957566048725e-05,0.9826976457062305,0.00022509507463569912,4.999978361456705e-05
3.19926,-0.7067446792084456,-1.4803082385438093,1.4419497777475383,0.650576110189773,-0.5803203469785166,-0.41527845182166445,0.25985801091213123,-2.9069028415206266,7.184550682927315,-1.7808538507164051,8.644893512998147,7.159564409495944,-0.19245619925965554,-34.58294704105189,24.635147388438533,-6.249665131946614,70.733058384697,59.85842077851503,12.935205532116528,6.8000899963278645,5.222227835057484,6.800091326841156,6.800048972626153,0.048453170814891235,0.001020973906808285,4.9998431790517415e-05,0.0861391181334049,0.0005382544894516048,5.0000054648233335e-05,0.10113814923689998,0.0005327823362243483,5.148504878976205e-05,0.10197970942370835,0.000896304804820238,5.002597825743346e-05,0.10212947078499597,0.0008947449560674065,5.469290900109862e-05,0.12375565946278215,0.002174488783131642,5.89723962776175e-05,0.12434016119104771,0.0027876863750941287,6.651528167769379e-05,0.14520786836829735,0.013645242522794273,9.756713996868825e-05,0.9093995347727221,0.0009005963572530157,5.148280116279242e-05,0.9316247667684083,0.0005328019315000358,5.776037352832254e-05,0.9319416772117523,0.0006758724740176342,5.000022662564543e-05,0.9323486921679416,0.00082676792607177,5.000124855601148e-05,0.9360803066164259,0.0008605189799169408,4.999990615064078e-05,0.9389154465515781,0.0008721508727689783,4.9999810114176466e-05,0.9426918113471713,0.0009368684590838715,4.99984195864388e-05,0.9523310636781172,0.00048681452677095977,5.000001985726237e-05,0.959170456914759,0.000383654660378484,5.0000104754796026e-05,0.9630263646509749,0.0004420142929736422,4.999999603393889e-05,0.9703588868447623,0.000358678020438114,4.9999962971951765e-05,0.9824690253768998,0.0002286203293307511,4.999976002334081e-05
3.21842,-0.7688746946616026,-1.3382452674497416,1.4064159712461002,0.7287758620685141,-0.5373260015380942,-0.3416726190922565,0.25185224712604176,-3.5694172569970757,7.656492540654288,-1.9005802938359044,9.9999449137643,8.30628757933876,0.05534686165372265,-32.16484236614045,28.758483047519306,3.6156254955311646,0.0019098929220451443,1.732957586377732,4.486916183985647,6.800088334019682,6.781093632505157,6.80008955471676,6.799522331461341,0.047463013584550046,0.0009901572303411899,4.999892376054935e-05,0.08555713686032712,0.0005819812730777891,5.000005209392186e-05,0.10059063522225156,0.0005475140146484217,5.1568103816208083e-05,0.1011320432030191,0.0008476662206892477,5.0022753579737745e-05,0.10127862037755421,0.0008508504074417517,5.425112299760218e-05,0.12137323827982234,0.002382421182959816,6.062508358509591e-05,0.1215465951634517,0.0027935660275960205,6.657239850559406e-05,0.13549830907600138,0.00970955929229598,9.530575864807956e-05,0.9084077810051929,0.0009917537675291422,5.1797394575458636e-05,0.9310772331379759,0.0005475336304324553,5.817324109631797e-05,0.9312813881780166,0.000660289033735558,5.0000261030511255e-05,0.9315566400952173,0.0007920520727242355,5.000132638690615e-05,0.9352136131534601,0.0008666934629658912,4.999987242132574e-05,0.9380114661693009,0.0009039803822772261,4.9999817782307916e-05,0.9416966679301422,0.0009951434170291694,4.999892453411335e-05,0.9518117165233225,0.0005193471547945355,5.000001230449224e-05,0.9587775190935515,0.00039293782120751176,5.0000105555571414e-05,0.9625926932834368,0.00043367136753811675,5.000000400769781e-05,0.9700058713426757,0.00035301550208673664,4.999996904511213e-05,0.9822369448577213,0.00023208051917857474,4.99997342281383e-05
3.23758,-0.8433298812454436,-1.1863475260514136,1.370377522710437,0.8013920063662271,-0.48385913574925643,-0.2565186011626981,0.24052559980579355,-4.185607418980665,8.207426200634155,-1.8313148258319747,9.99998150207447,8.339486293752012,0.1413038695800967,-23.46274822275297,27.596791572211682,10.989396606223872,0.0003441603665469995,81.27221168647802,5.02375642868356,6.8000824551936585,5.745141573466244,6.800085812751694,5.783964819091983,0.04650766055132949,0.0009553530332205551,4.9999251759534796e-05,0.08492266946221158,0.0006344673981155363,5.0000047372594e-05,0.10002982371275865,0.0005608115094929234,5.1644962018473694e-05,0.1003378752926706,0.0007941679103485132,5.00195922435434e-05,0.10047741681127953,0.0008012035662746999,5.377583756462859e-05,0.11877187086696712,0.0026013674128552173,6.244095187430974e-05,0.11877192477039612,0.002774670393055579,6.639645990496342e-05,0.12841037332889557,0.0070879357471058,9.157884296679544e-05,0.9073006576936655,0.0011071233115274458,5.223826049442496e-05,0.9305164019924852,0.0005608311454907113,5.85525199247856e-05,0.9306356349121818,0.000645753265834801,5.00003230093673e-05,0.9308042111450601,0.0007524289501571806,5.000144478791182e-05,0.9343471541050339,0.0008664590484262217,4.999983715539048e-05,0.9370771222013077,0.0009343439679931533,4.999982918229081e-05,0.9406375557159989,0.0010591122141432295,4.9999269389879246e-05,0.9512553371072591,0.0005563794160634289,5.000000139973102e-05,0.958376694092689,0.00040082500086234296,5.000010554895331e-05,0.9621712820488525,0.0004214112345843171,5.000001182296627e-05,0.9696608030505859,0.0003450682920897618,4.9999975600189326e-05,0.9820015005450388,0.00023544431268245324,4.999970706814175e-05
3.25673,-0.9280474922181646,-1.024063520982382,1.3370712726518348,0.8627412318874652,-0.42469273434552635,-0.16062881013305444,0.22251968601931532,-4.635089324204538,8.736105038090834,-1.6207881272146254,9.999988095243172,9.896438966294042,0.2375452642158532,-16.1257576088512,29.45194557967979,20.2901158244252,-9.416930667600496e-06,5.404764240202319,5.612023622571776,6.799997519389757,6.735008963842068,6.800070756790831,6.800047505172125,0.04559173207581038,0.0009159284755191059,4.9999475925942685e-05,0.08422558121917925,0.0006970882430323363,5.000003911455956e-05,0.09945739463863056,0.0005724290741280999,5.171352970471245e-05,0.09959930214513409,0.0007385731475365048,5.001669067213819e-05,0.09972918271365365,0.0007482340976258662,5.329806561334609e-05,0.11599779556905682,0.002774075297910296,5.0022054905092e-05,0.11605778707323001,0.002714137697166103,7.438619686880826e-05,0.12311200817752499,0.005298365151370593,8.608074010256321e-05,0.9060456152728146,0.0012550424208510056,5.2872522214082135e-05,0.9299439532628084,0.0005724487296766333,5.8888668518286995e-05,0.930003115454244,0.0006325194579378297,5.000044046568858e-05,0.9300939774109751,0.0007102337340849493,5.000165429275876e-05,0.933487538890456,0.0008596152145778638,4.999980233435663e-05,0.9361165094708448,0.0009606127304629163,4.9999846527491965e-05,0.9395111173186687,0.0011264383973303167,4.9999516344587204e-05,0.9506576835672537,0.000597653540005392,4.999998572380057e-05,0.9579695549863629,0.0004071391063261859,5.000010471673944e-05,0.961765575022526,0.00040570702632644325,5.00000189498863e-05,0.9693258410360303,0.0003349620145556974,4.9999982266130535e-05,0.9817628268280927,0.00023867371694613637,4.9999680259639234e-05
3.27589,-1.0201115250683432,-0.8512609864913535,1.3095415310248593,0.9100769559594462,-0.3599865771146731,-0.05478757632020107,0.19791615422070702,-4.944014612256507,9.300323538243626,-1.2320851572389457,9.999987914840608,9.999979425617394,0.34505624486000236,-5.050177549866426,24.996673348162773,22.892117764729537,0.00014860675615353664,9.29298565933831e-05,6.044448839241798,6.22328321193518,6.2083742959513595,6.201075575821264,6.32111976616074,0.04472019613542273,0.0008715359403876495,4.9999632348446636e-05,0.08345478107065059,0.0007708001485286463,5.0000025187433217e-05,0.09887512454657509,0.0005822700920554699,5.1772509045179854e-05,0.09891583513292693,0.0006834670122071646,5.001426751914291e-05,0.09903473173272244,0.0006944509809312185,5.284462485459328e-05,0.11314514744126879,0.0028526481277880286,5.0006390535336995e-05,0.11345762106574458,0.0026001660074854312,7.310598777461765e-05,0.11906147745180645,0.004050530725718523,7.90943299062695e-05,0.9045982395810218,0.0014473756917927033,5.381072614744978e-05,0.9293616634956124,0.0005822897671959857,5.9176472018970755e-05,0.9293820743120991,0.0006210411421449593,5.000071673893005e-05,0.9294263938321841,0.0006675835787910032,5.000206930531499e-05,0.9326413277237423,0.0008462111667136237,4.999977060258397e-05,0.9351374564437541,0.0009790530270905465,4.9999871219141704e-05,0.9383210131730363,0.0011901041456323824,4.999970422466541e-05,0.9500154873667893,0.0006421962004643212,4.9999963350007886e-05,0.9575577221051116,0.00041183288125127865,5.00001031068312e-05,0.9613781608279326,0.0003874141945934543,5.000002499856054e-05,0.9690028188851388,0.00032302215089147587,4.999998867797024e-05,0.9815210928479573,0.00024173398013540453,4.999965629770672e-05
3.29505,-1.11606092862584,-0.6684138626008046,1.2900212043089827,0.9405902598057929,-0.28885136813679063,0.052880283862113846,0.17047382280189405,-5.040762163109544,9.779191241810224,-0.7935349665361547,9.999990761738475,9.99998120589857,0.46085130665314494,0.02791615592166464,0.11478501699866885,-9.609562457953292,-7.392204453397046e-06,0.00027946528779117897,5.936900819365049,9.148389348506949e-05,0.009440471363250694,6.329476887910621e-05,0.12578846130350455,0.043897862346665706,0.0008223337887570272,4.999974332294104e-05,0.08259932815931248,0.0008554529113381166,5.0000002383840123e-05,0.09828475465594268,0.0005903698906323944,5.182097063103154e-05,0.09828476869123202,0.0006310664416948978,5.001297985631144e-05,0.09839267635038407,0.0006420553823383671,5.2434124639302995e-05,0.11030142922732719,0.0028437182139416,5.000316862161687e-05,0.11102522124836425,0.0024323998173803292,7.11236546108545e-05,0.11589774612144238,0.0031637313303640815,7.175387404751739e-05,0.9028968773731934,0.0017013622078284598,5.523804981975307e-05,0.9287712739031725,0.0005903895924399872,5.9414230387132966e-05,0.9287712686001903,0.0006108057119086932,5.0001933053750526e-05,0.928801084528094,0.0006253093040902195,5.0002914087556644e-05,0.9318148556493617,0.0008264720743805695,4.999974494710554e-05,0.9341524004778592,0.0009850559658949654,4.999990284414227e-05,0.9370868670840772,0.0012341460889590723,4.9999857410251095e-05,0.949327354175216,0.0006881331915733358,4.9999931725556056e-05,0.9571427502661738,0.0004149718389378231,5.000010081792621e-05,0.9610105786980865,0.00036758212984616516,5.0000029777805366e-05,0.9686930814366098,0.00030973744852892107,4.999999453974399e-05,0.981276497165694,0.00024459568226338697,4.999963813373813e-05
3.31421,-1.2126246661602764,-0.48104955001416966,1.2730556795835184,0.9536646374071815,-0.212361052917717,0.159895134399176,0.1409354501718163,-5.0402273661270645,9.78139020791777,-0.9776278273110909,9.999990620124112,9.999986559687,0.574586043354857,3.173485123225359,3.352515111302156,-2.349460643976415,4.444832873400542e-05,-0.0009426452863869852,35.606570533888984,2.5179730544962573,0.01697706340940636,0.00017251050418021967,2.7403175244366627,0.043128103717193673,0.0007697586294720402,4.999982211610024e-05,0.08165248389643219,0.0009468442628802749,4.999996681828135e-05,0.09769292883702152,0.0005918258189211524,5.001008673006327e-05,0.09769860366853308,0.0005861650226989529,5.1796105347872925e-05,0.09779944521533988,0.0005932311350441876,5.207974764907656e-05,0.10759125099153324,0.0027101782357939457,5.000168828029581e-05,0.10879210061119991,0.0022331206371643546,6.865559652007562e-05,0.11336871612011395,0.002529030001328429,6.549868050874957e-05,0.9008613275986398,0.0020355497745535413,5.741431500103723e-05,0.928175196742341,0.0005960771608315049,5.048955350327476e-05,0.9281850841407598,0.0005861844594305061,5.886120055365301e-05,0.9282185767512334,0.0005825077768603903,5.000394781176075e-05,0.9310142621987546,0.0008005934506071743,4.9999728655073846e-05,0.9331759181939872,0.000976482283872005,4.999993774016344e-05,0.9358500575707022,0.001236809513375036,4.999998643069762e-05,0.9485955048903651,0.0007318492848508297,4.999988833701926e-05,0.95672656958823,0.00041618067794374047,5.0000097831463703e-05,0.9606632524413093,0.00034732625677716747,5.000003328576664e-05,0.9683972221273027,0.0002958593093071154,4.999999961759296e-05,0.9810292780026589,0.0002472191630350056,4.999962907934578e-05
3.33336,-1.3086604139355968,-0.29301182561592554,1.2539048729592033,0.9487468457684571,-0.13117253278602223,0.264637157057123,0.11244107492526556,-4.979432095008582,9.845615202586494,-1.0226370494395938,9.999991471632184,9.999968501188684,1.2567102774861452,25.685323760396813,10.282875089389176,25.225803145516558,-0.00010792611376970069,-0.0027772056792928286,3.5837197093265805,6.486570893027301,6.800060894008745,6.776652618041985,6.800064035758899,0.0424125662637313,0.000715537453462371,4.9999878500920095e-05,0.08061348492911771,0.0010389989673144822,4.9999913779268615e-05,0.09711219910481632,0.0005807297322052116,5.0002297165938666e-05,0.09715687014286606,0.0005417335256670217,5.1540754021273104e-05,0.09725076036637287,0.0005486848489670018,5.178033704638455e-05,0.10516141046741738,0.002429840524115858,5.0000834218069266e-05,0.10676656665692948,0.002025533954270436,6.600393895345633e-05,0.11130254482880311,0.0020661712913108404,6.090038741050737e-05,0.8983829410908128,0.0024783865078269293,6.072153961931105e-05,0.9275762183144355,0.0005989784279054472,5.048979898796949e-05,0.9276433313352271,0.0005417528055326949,5.7634568982857646e-05,0.9276780122500318,0.00054056450120168,5.000448724718725e-05,0.9302450209318883,0.0007692412668662879,4.999972358527404e-05,0.9322220932511354,0.0009538249428517804,4.999997213428248e-05,0.9346631251531942,0.0011869324175079216,5.000009040492121e-05,0.9478250328746073,0.0007704720157577312,4.9999829881319975e-05,0.9563114270127572,0.00041514257547295663,5.000009417402855e-05,0.960335937221209,0.0003273152201002739,5.000003565907978e-05,0.9681153377765157,0.00028188435078696354,5.000000387366721e-05,0.9807797006763562,0.0002495773263027682,4.9999631045872716e-05
3.35252,-1.3996066652537595,-0.10229201251352858,1.2390749469282043,0.925860699472858,-0.046816569525604736,0.36512552133235354,0.08529988770221769,-4.487371738288762,10.042606886701128,-0.5393798473845678,9.99998940406385,9.999915297544845,1.3253645181336395,27.641027974784514,2.434212354977549,15.008829203115761,-0.00019367401532189657,-170.79489120358616,2.925328565572168,4.268292864671823,6.800082210628071,4.522805495784788,6.800084365099018,0.04175122238946945,0.0006613438742618529,4.999991921659583e-05,0.0794870314479629,0.0011264534811548067,4.9999836246480876e-05,0.09654274869243741,0.000569450412378913,5.000130479933531e-05,0.09665471281861382,0.0005021573242522331,5.132456528523639e-05,0.09674202202528487,0.0005087383410879985,5.153139661050812e-05,0.1031122875093813,0.002049122958036081,5.000034731382877e-05,0.10495144930263775,0.001815117354291726,6.33046993962263e-05,0.1095822293679923,0.001720315460810796,5.774343791306706e-05,0.8952988625963041,0.003084078494508843,6.568924505263315e-05,0.9269758737344432,0.0006003445799922234,5.049136531990241e-05,0.9271411547840552,0.0005021765511718916,5.6599027243679885e-05,0.9271758513958447,0.0005021608541870133,5.0004777984229994e-05,0.9295109961690196,0.000734024762868789,4.999972771517771e-05,0.9313050936945511,0.0009169995565843135,5.000000476618334e-05,0.9335649654314958,0.001098159721698361,5.000016456728377e-05,0.947022003968741,0.0008030289058662944,4.999975010074447e-05,0.9558985234070381,0.00041290360571908925,5.000009023430846e-05,0.9600275898382027,0.0003083473830063735,5.000003709991683e-05,0.9678470837963814,0.000268253980134359,5.0000007340374025e-05,0.9805279950999759,0.0002517055763802914,4.999964209867834e-05
3.37168,-1.4806495458406495,0.09073569420998304,1.2316420624985536,0.8928210111294691,0.03975103288331679,0.44495250833954786,0.0575359073940883,-3.9578454526849214,10.089239719165901,-0.2518518442133941,9.999985693800902,6.727953617188703,1.381405790220602,37.66448078831321,-4.697182945674855,14.141425882018007,-0.0010920658304066511,5.824295997451563,2.3316724052173714,6.585990630448083,6.800088491480008,6.799929926897255,6.800088462266734,0.04114204822461503,0.0006091741648544173,4.999994848345813e-05,0.0782841009826834,0.0012029304652794877,4.999972431760147e-05,0.09598384890107658,0.000558899791360808,5.0000911334647126e-05,0.09618699571064156,0.000467717107972256,5.114924497395165e-05,0.0962683336580356,0.00047368836724927125,5.1328285266094445e-05,0.10143835106531211,0.0016739364440691875,5.0000097361205316e-05,0.10333942355764152,0.0016120257449962366,6.076968547053794e-05,0.10812405717882646,0.0014581721891658433,5.56279171042507e-05,0.891362075437661,0.0039367871586431045,7.257626424434429e-05,0.9263744527673685,0.0006014209670746484,5.049285613184293e-05,0.926673418480783,0.00046773630327224565,5.57487689155742e-05,0.9267076906569792,0.0004681607388655281,5.000493878806883e-05,0.928814379350475,0.0006966168185444924,4.999973786490341e-05,0.9304354307265131,0.0008696629680379061,5.000003456017973e-05,0.9325691565195185,0.0009958089119772985,5.00002103455448e-05,0.9461929244808108,0.0008290794879302944,4.999963903833342e-05,0.9554881258296204,0.00041039757741775907,5.00000863052898e-05,0.9597365536666773,0.00029103617152530475,5.0000037844899803e-05,0.9675916546313559,0.0002554291650254413,5.000001008164305e-05,0.9802743456284995,0.0002536494714764085,4.9999659092535344e-05
3.39083,-1.5496554897617478,0.28338619479921323,1.2296084031807977,0.8533531124414581,0.12706302507933773,0.5047714189963723,0.029186413863649553,-3.236297302260599,9.999254576779231,0.019059090332099727,9.999964772814774,6.839531154341132,1.426074238481863,40.18708175394275,-12.00072318725851,7.137735605900825,-10.201735432506755,14.456913011119374,3.6376586507264976,6.800054462302403,6.800090866372474,6.799885017012665,6.80008996938582,0.040581376442094357,0.0005606717825206686,4.999996935932768e-05,0.07702017571857364,0.0012639252641097616,4.999956256161623e-05,0.09543470370499707,0.0005491451960795246,5.0000697151638734e-05,0.0957489338618536,0.0004380618487879603,5.100808395331829e-05,0.09582497365223418,0.0004433600058014268,5.116413565016603e-05,0.10006412116643544,0.0013742298988766743,4.999997681162662e-05,0.10191208218892729,0.0014273413687142208,5.8592692144492346e-05,0.1068670147596989,0.0012570424191275797,5.420620749958776e-05,0.8861911225335078,0.005170952904153143,8.06018759030958e-05,0.9257718225525122,0.0006026302148563813,5.049468879994696e-05,0.9262353374561614,0.00043808102462158233,5.505757015922764e-05,0.9262690895696403,0.0004386010873389433,5.000503203053702e-05,0.9281558764973956,0.0006585028530794036,4.9999751475205326e-05,0.929617532264741,0.0008178984617721606,5.000006104167703e-05,0.931671960482127,0.0008971960373916462,5.000023469113545e-05,0.9453440617283964,0.0008488627524144348,4.999948037683536e-05,0.9550801843325823,0.0004079414970379456,5.000008248276264e-05,0.9594609890365853,0.0002755646300920313,5.0000038104820625e-05,0.9673479787958827,0.0002436758354732114,5.0000012207782544e-05,0.9800189059969625,0.00025543963153693613,4.999967941857604e-05
3.40999,-1.6043186733088333,0.4729510442254553,1.231523614224245,0.8014436540546507,0.21209769456045902,0.5591980340508801,0.0016488435204076999,-2.4664230360127615,9.769353634610729,0.15579852804269773,9.804527501986191,7.116485957001128,1.4957618013095222,32.301678021618024,-14.189703747990059,-2.3731840365279817,-255.87189683884418,-199.2215818844588,34.174862921460004,6.800076816091408,6.800092018353678,1.2596586786391144,6.8000908141822105,0.04006440827082866,0.0005169681712657013,4.999998410211274e-05,0.0757117413375394,0.0013084343810342526,4.99993239334737e-05,0.09489413263046141,0.0005405710745356605,5.000056183356036e-05,0.09533603901168523,0.0004128948501683634,5.089545111216782e-05,0.09540742828366856,0.0004175453685656166,5.103292521323518e-05,0.09891149265695363,0.001152628509481805,4.9999917811511837e-05,0.10064628876824873,0.001265793420678555,5.683336814989513e-05,0.10576566379437148,0.0011013509653274149,5.3238242618198455e-05,0.8791761441927761,0.007014978340731864,8.801322982331965e-05,0.9251672183871628,0.0006046041653494671,5.049783630009694e-05,0.9258224234414933,0.00041291401466803427,5.4502225599031326e-05,0.9258557147223754,0.0004133748472648574,5.000509737715252e-05,0.9275346836292877,0.0006211928681079022,4.999976601109632e-05,0.9288511103889333,0.0007664218758076792,5.0000084636402307e-05,0.9308619298737916,0.0008100306083353724,5.000024517371696e-05,0.9444808230826199,0.0008632386457764599,4.99992458956689e-05,0.9546742096925137,0.0004059746400686989,5.0000078863855586e-05,0.9591989316377666,0.00026205739881868945,5.0000038059302755e-05,0.9671147793635502,0.00023319943233256505,5.0000013830465536e-05,0.9797617777813622,0.000257128215600369,4.999970045939758e-05
3.42915,-1.6456327565606408,0.6576076183502463,1.2342301269245801,0.7555877517567577,0.2774124061118725,0.5932593309218173,-0.013234810174977327,-1.8476114781661341,9.49751782856377,0.11033483077849392,4.90272373234768,3.2999468484110004,2.1504584442972443,31.59945542825795,-16.269975710674718,-5.77820445126951,-258.1635861775024,-214.17474703278046,33.458325553159334,6.800082824367985,6.800092643330156,1.06405861057269,6.800091257616679,0.03958622463981664,0.0004781836310120244,4.9999994533245736e-05,0.07437321045992998,0.0013385308776094169,4.999895531074029e-05,0.09436121521217343,0.0005329174182879814,5.000046789720506e-05,0.09494462396394678,0.0003914150477384657,5.080453729744917e-05,0.09501190388938979,0.0003955243942787613,5.0927197442210336e-05,0.09792365877708868,0.0009878338798649446,4.9999888270249585e-05,0.09951815624457337,0.0011281325236753657,5.546517332350782e-05,0.1047869842659799,0.0009786795283915682,5.256113073218565e-05,0.8692737795119205,0.009902364680855577,9.352279331301083e-05,0.9245599710973259,0.000607247289836973,5.050212766253718e-05,0.9254309892351164,0.0003914342063769831,5.405174430546073e-05,0.9254638968141868,0.00039181790818866027,5.0005149766262326e-05,0.9269490630334455,0.0005856205958421703,4.999978045063173e-05,0.9281328416634262,0.0007182687255071385,5.000010613718683e-05,0.9301266833216566,0.0007352465521349289,5.000024719633064e-05,0.9436073613189738,0.0008734617636460933,4.999888156267137e-05,0.9542697862158944,0.0004044234766192696,5.000007542089533e-05,0.9589486736529309,0.00025025798483569963,5.000003781864411e-05,0.966890859613324,0.00022391975022619908,5.000001507134263e-05,0.9795030412844707,0.00025873649689138364,4.999972109474105e-05
3.44831,-1.6752186606305692,0.836601803379669,1.2353287580231391,0.7419038081819526,0.3090127544339837,0.5950273689364917,-0.005894549980405314,-1.242252579239004,9.185829717224436,-0.0003597187632792552,-0.042982519657428525,-0.803053892728931,2.791428196538402,39.75903922567737,-21.223569596334563,-4.914308270619479,2.234306813191769,-0.06926619866426474,0.0021689672405296,6.800084025383327,6.8000930555530115,6.799865858906609,6.800091809353835,0.03914226521467055,0.0004439594251460848,5.000000195868335e-05,0.07301585889065712,0.0013573515692728542,4.999834445976004e-05,0.09383531927325774,0.0005258959389156986,5.000039831807838e-05,0.09457174423606121,0.00037287972788556086,5.0729953587743425e-05,0.09463532128894628,0.0003765826004435251,5.084082959728703e-05,0.09706169362531625,0.0008619651517724372,4.999987379144267e-05,0.09850614297436086,0.0010120132702125123,5.44165328865887e-05,0.10390687357809844,0.0008801106878814636,5.20731341710334e-05,0.8545385477825514,0.01473523172936913,9.696093635869188e-05,0.9239495862628605,0.000610384834465402,5.050727540026831e-05,0.9250580903506431,0.0003728988844732133,5.3680853571858175e-05,0.9250906462430306,0.00037325057115609,5.000519520121094e-05,0.9263967082262353,0.0005523548072101864,4.999979432042751e-05,0.9274582689550303,0.0006745727083960129,5.000012641896832e-05,0.9294551769789179,0.0006715063427388008,5.0000244156954585e-05,0.942726606413544,0.0008807549054297788,4.9998274651295526e-05,0.9538666214083583,0.0004031648075360806,5.000007212055739e-05,0.9587088024165649,0.00023987123636602556,5.000003745011073e-05,0.9666751754159356,0.00021568419738837054,5.000001602737251e-05,0.9792427649350663,0.0002602763494044462,4.999974077867971e-05
3.46746,-1.691714644804556,1.0086901628374234,1.2344011776599426,0.746418304515115,0.32460268340556836,0.5808258617035941,0.011687150105845017,-0.48057843385062254,8.779244333140534,-0.09450438687139992,-0.00017932909707399147,-0.8043808431205751,2.7914697480019552,39.53244435264018,-21.49888805864928,-4.314386843396861,2.240113933780063,0.05500911090160926,-0.00034568110058417947,6.80008387307695,6.8000933607808065,6.799987047420475,6.800092357480806,0.0387281230782771,0.0004141421363934522,5.000000720345316e-05,0.07164827537216774,0.0013675835184893794,4.9997244201027695e-05,0.09331526899070117,0.0005200502825565577,5.000034515420474e-05,0.09421462880768966,0.00035711542837156,5.0669334915113e-05,0.09427479133448756,0.00036052995445871573,5.077096051252597e-05,0.09629782962312501,0.0007638640021912381,4.9999866730584365e-05,0.0975918132264819,0.0009143297478789497,5.361451092593225e-05,0.10310643708812049,0.0008004364899779349,5.171573585956011e-05,0.8310457967019871,0.02349275108056442,9.878685151687806e-05,0.9233348939829128,0.00061469227994772,5.0514415752728744e-05,0.9247009557647974,0.00035713458584580367,5.3378642066706574e-05,0.9247331402080186,0.0003575060350121207,5.000524847345076e-05,0.925874757130122,0.0005219510961132772,4.9999806615740516e-05,0.926822729674994,0.0006355392800362623,5.000014628700508e-05,0.9288372895778493,0.0006178874010685413,5.0000238630388875e-05,0.941840578354276,0.0008860280592679434,4.9997177781038794e-05,0.953463993512904,0.0004026278954542526,5.000006902101438e-05,0.9584778980675223,0.00023090434904256846,5.00000370307249e-05,0.9664666417472079,0.0002085336687277772,5.0000016762264864e-05,0.9789809548743487,0.00026181006071773706,4.999975847788217e-05
3.48662,-1.693659513067268,1.1729405852558457,1.2317812990171573,0.7502224115041298,0.34024779343774,0.5661784235674896,0.029021087246867392,0.27675477524675995,8.36738460242811,-0.17715620582423064,0.04273510996670009,-0.8033270194278864,2.7914631257001594,39.27087077096334,-21.82624383233929,-3.7561917161582343,2.2359129909205464,0.17635552242892763,-0.002411302442656125,6.800083111471398,6.800093590785946,6.800031189211566,6.8000927985500255,0.038339701530348755,0.00038842154792834366,5.000001087543024e-05,0.07027677830694111,0.0013714970652266383,4.999505008742578e-05,0.09279925883613192,0.0005160101545692368,5.000030385663612e-05,0.0938706619818497,0.0003439668258399366,5.062074325895761e-05,0.09392760714891236,0.00034718418557518884,5.071520940912305e-05,0.09561181801058495,0.0006860116125400488,4.999986304980618e-05,0.09675977799453579,0.0008320352319461074,5.299811504271748e-05,0.10237069781364576,0.0007357392744747308,5.14501030862457e-05,0.7900338323544713,0.04101196434751574,9.96052662431867e-05,0.9227139363388822,0.0006209576440306646,5.052491710121106e-05,0.9243569697782605,0.00034398598653679805,5.313598573503999e-05,0.9243887219780016,0.00034441823001703215,5.000532215302483e-05,0.9253800921385693,0.0004946649915526469,4.999981676087877e-05,0.926221808519091,0.0006009211559030294,5.000016645693281e-05,0.9282641392224448,0.0005731503554045282,5.000023224614895e-05,0.9409505450798218,0.0008900332744543025,4.999498649777056e-05,0.9530607121456925,0.0004032813672115199,5.0000066159308015e-05,0.9582545491770079,0.0002233488905143483,5.0000036621290434e-05,0.9662641560356245,0.0002024857115833678,5.000001733077077e-05,0.9787175472088386,0.000263407665510097,4.999977361147055e-05
3.50578,-1.6811429312428812,1.3292423733139611,1.2276818459948862,0.7532939352761712,0.35593676705577765,0.5511205482287242,0.04610710059134361,1.0290769519308842,7.949253632922717,-0.2491145370877296,0.08556907048711236,-0.7999485313042644,2.7914169317587803,38.97743633098836,-22.201885955946008,-3.2462725670649197,2.2241759673051034,0.2963088111729774,-0.00431110192470742,6.800081541914374,6.800093759602946,6.800050921271631,6.800093134669431,0.03797345675857162,0.00036624477177713693,5.000001344131629e-05,0.0689058872495576,0.0013708910573835122,4.999020154815839e-05,0.09228524290043995,0.0005140159356919886,5.0000271209113275e-05,0.09353756674243305,0.0003330952394166702,5.058190720428473e-05,0.09359142127762668,0.00033618587128568517,5.067087231585457e-05,0.0949887543231182,0.0006230636874667614,4.999986091457982e-05,0.09599745827427467,0.0007623197202611193,5.25194780325006e-05,0.10168807586797626,0.0006826219456694962,5.124857291535998e-05,0.7102462816601423,0.07978755069432904,9.990274367707175e-05,0.9220843559997473,0.0006295803391348511,5.0539561099221066e-05,0.9240238553730628,0.0003331144051978295,5.2941862750706034e-05,0.9240550826473037,0.0003336393306978163,5.0005421073613714e-05,0.9249096848169341,0.00047040732163516777,4.999982485515431e-05,0.9256516164481093,0.0005701920709816989,5.000018754927761e-05,0.9277284522682943,0.0005356869541505269,5.000022576209693e-05,0.9400571524994756,0.0008933925803460051,4.9990140414553324e-05,0.9526553967615478,0.0004053153841447705,5.000006350948995e-05,0.9580374907143325,0.00021705846267541836,5.000003625023555e-05,0.9660667106994707,0.0001974453361538038,5.000001778034728e-05,0.9784524373615228,0.00026510984731587016,4.999978628532556e-05
3.52494,-1.654266842416657,1.477466401613441,1.2222990095897646,0.7556127282772022,0.37165604204166447,0.5356877252967683,0.06294688798437834,1.7757777295407793,7.523926390593777,-0.31130421599777863,0.12817818182590954,-0.7942720671613515,2.79133434286986,38.655571023760096,-22.62145180096944,-2.790595344881898,2.2054809579806003,0.41481090403007825,-0.006089060821831964,6.80007789918977,6.800093862959929,6.800056198611442,6.800093349573048,0.03762634251949866,0.0003471142390729589,5.000001522183051e-05,0.06753891473450355,0.001366972515054048,4.998060434628581e-05,0.091770940838336,0.0005143020621039495,5.000024506816481e-05,0.09321333500450321,0.00032423173792982306,5.055112701564401e-05,0.09326416952523577,0.0003272517523909149,5.0635942104094734e-05,0.09441731783344921,0.0005714364896689813,4.999985934492782e-05,0.09529457063825753,0.0007028876360171317,5.2143513048649976e-05,0.10104946106232171,0.0006386148056545627,5.109295514601666e-05,0.553623495205324,0.1566227864548184,9.99821433277163e-05,0.9214433771793918,0.0006409788203554347,5.0559241350787807e-05,0.9236996044627052,0.0003242509103576078,5.278796711360935e-05,0.9237301881171159,0.00032489453018791624,5.000554987916546e-05,0.9244606816875264,0.0004490031294076861,4.999983106029424e-05,0.9251087736718195,0.0005428427762898119,5.000021018642778e-05,0.9272242515538323,0.0005042007144620295,5.000021961161028e-05,0.9391605981722645,0.0008965543272112298,4.9980545835579785e-05,0.9522464862411075,0.00040891052044025,5.0000061032729566e-05,0.9578255791735935,0.00021191154073896967,5.000003593677054e-05,0.9658733793080653,0.00019333139140545894,5.000001814651282e-05,0.9781854831188032,0.0002669542427195925,4.9999796677927316e-05
3.54409,-1.6131442640522584,1.6174666074664799,1.2158101498742562,0.7571606109022326,0.3873900220676265,0.5199154025195972,0.07954377898382087,2.516312450636539,7.090561417407499,-0.3647643691059302,0.1704291480604087,-0.7863254279321811,2.7912176931648367,38.309016366744565,-23.08005071086374,-2.3944814515671724,2.1800897711337126,0.5312912794741862,-0.007746779218605268,6.800067683729011,6.800093896528112,6.800046251785717,6.800093431916799,0.03729574682405801,0.00033059569544065,5.000001643927768e-05,0.06617836688170281,0.0013605478528007254,4.997725433865677e-05,0.09125382985382835,0.000517110984507638,5.00002239371864e-05,0.09289617140425827,0.00031716360024494844,5.052712870486089e-05,0.09294401018416387,0.00032015934107188925,5.0608926581564304e-05,0.09388866235730098,0.0005286554761482258,4.9999857806429696e-05,0.0946426879434087,0.0006518826948488117,5.1844655972346354e-05,0.10044757555866696,0.000601885503654751,5.097096425498053e-05,0.3701672377535634,0.18345625745176056,9.998969481456159e-05,0.9207877621830332,0.0006556149963585977,5.0585038131537774e-05,0.9233824216820015,0.00031718278070365943,5.2668043131349225e-05,0.9234122204905412,0.00031796762657461386,5.0005713400900054e-05,0.9240304388653551,0.0004302428221713382,4.9999835552210754e-05,0.924590356220076,0.0005184174517434236,5.0000235063366865e-05,0.9267465970439788,0.00047765450985344044,5.000021403081513e-05,0.9382607065375886,0.0008998916346757788,4.997719759664122e-05,0.9518322371691476,0.0004142490719600045,5.0000058677915516e-05,0.9576177704918281,0.00020780868176542528,5.0000035693903585e-05,0.9656833031173134,0.00019007619075185947,5.000001845596803e-05,0.9779165081352391,0.00026897498356402526,4.999980498660835e-05
3.56325,-1.5578979706065912,1.7490816907416589,1.2083717228706379,0.7579214606102167,0.40312116702693257,0.5038388018631549,0.09590257775721239,3.250208134991134,6.648410946896019,-0.4106360664303689,0.21219368879472855,-0.7761473441774697,2.791069286121916,37.94175931301622,-23.57231758769122,-2.062549480130778,2.148239461604542,0.6441835752846292,-0.009276251966558825,6.800034190865348,6.800093879903739,6.800006243537453,6.800093408050171,0.03697943070243694,0.0003163161216210621,5.000001724903816e-05,0.06482631357042558,0.0013520533112772375,4.998685694692284e-05,0.09073112120071289,0.0005227086531154666,5.000020673014193e-05,0.09258444744564967,0.00031172395860859856,5.050896093797507e-05,0.09262927484119289,0.0003147353429709719,5.058872178707057e-05,0.09339569235517395,0.000492970002127038,4.999985600480833e-05,0.09403487982906711,0.0006078081143416012,5.160424544411839e-05,0.09987652659099039,0.0005710489676765742,5.087409830452253e-05,0.2636303087050066,0.10653692904855679,9.994981365412682e-05,0.9201137398281635,0.0006740223548696608,5.0618314436773415e-05,0.9230706785336069,0.0003117431483946656,5.257740558529652e-05,0.9230995303973404,0.00031269009320088084,5.000591701905753e-05,0.9236165264968762,0.00041391236847887914,4.999983849770743e-05,0.9240938370588087,0.0004965191612674053,5.000026302336873e-05,0.926291379034146,0.00045521800983273984,5.000020913586444e-05,0.9373570435204025,0.0009036630171861917,4.9986800188783255e-05,0.9514107117816166,0.00042152538753095433,5.0000056380301316e-05,0.9574131005936095,0.0002046698982185654,5.000003553052033e-05,0.965495678378856,0.0001876247384573834,5.000001872886939e-05,0.9776453059310134,0.0002712022042257662,4.99998114008507e-05
3.58241,-1.488659073697312,1.8721369979533466,1.2001174546274536,0.7578813696118201,0.41883008696685786,0.4874926332967095,0.11202936561800907,3.9770681814635207,6.196829993153233,-0.4501488575640459,0.2533480649535594,-0.7638065536620572,2.7908915785759936,37.55779363344369,-24.09239043628891,-1.7986864298918246,2.1125420892485325,0.7462284373642881,-0.010951308497823019,6.799861443218135,6.800093834856532,6.799870154991005,6.800093308911024,0.03667547346912265,0.00030395723331429376,5.000001776055725e-05,0.06348477039330228,0.0013415431771233043,4.999322080002673e-05,0.09019971956319021,0.0005314016375226808,5.000019263070359e-05,0.09227666357828758,0.0003077838673620839,5.049592183154971e-05,0.09231842791625429,0.00031084692493861055,5.057452328460616e-05,0.09293257553541953,0.000463116819754405,4.999985377876615e-05,0.09346542476688834,0.0005694550621787778,5.1408573072120214e-05,0.09933148693351282,0.0005450396574775587,5.079634099929209e-05,0.2080259940974002,0.05560431460760637,9.978941233509944e-05,0.9194168999547886,0.0006968398733748888,5.066084550257458e-05,0.922762875465849,0.00030780306775783043,5.2512594145235765e-05,0.922790597611903,0.0003089327854373061,5.0006167039901403e-05,0.9232167175460997,0.00039980895077658705,4.999984004540923e-05,0.9236170331458569,0.00047680391295182816,5.000029515547496e-05,0.9258551564347379,0.00043622259940816855,5.000020496981841e-05,0.9364490877856771,0.0009079557347253727,4.9993164454080854e-05,0.9509797564209072,0.0004309553607095458,5.000005405804161e-05,0.9572106682664469,0.0002024323271627122,5.00000354528106e-05,0.9653097445619746,0.00018593381688130945,5.00000189804808e-05,0.9773716444156568,0.00027366151535653953,4.999981609142127e-05
3.60156,-1.4055655548912145,1.9864465860504557,1.1911567782871915,0.7570289888475248,0.43449587336507967,0.4709103813425136,0.12793090807344867,4.696572498608877,5.735285870022804,-0.4846067563460855,0.2938185773643871,-0.7495108634652258,2.79068178154107,35.52071849777954,-23.752944815217596,-1.989810113365592,53.63636248645842,-41.374436402336976,-6.623368053359763,5.66444901267028,6.800093765788534,6.799458078023306,6.80009314010132,0.03638222593480854,0.00029324753431410805,5.000001805145598e-05,0.062155893703544636,0.0013288766897576385,4.999616254047946e-05,0.08965616325645248,0.000543556306737734,5.000018100187066e-05,0.0919714173614372,0.0003052462168503846,5.0487506843921955e-05,0.09201003280063003,0.00030839511562426737,5.056576407572643e-05,0.0924944079880859,0.00043816754733363506,4.999985104294407e-05,0.09292958182124066,0.0005358429456476794,5.124748094091304e-05,0.09880846328060787,0.000523023652904958,5.073334555348064e-05,0.175946466333767,0.032079527763633174,9.93502055504905e-05,0.9186920451328793,0.0007248548219093276,5.071500105741759e-05,0.9224576100366566,0.00030526542919247473,5.2471125139775806e-05,0.9224839979663235,0.00030659964557939583,5.000647112621958e-05,0.9228289707982892,0.00038774674781041267,4.999984032467538e-05,0.9231580611163664,0.0004589720294905022,5.000033293963451e-05,0.925435031570391,0.0004201248643468905,5.0000201530869964e-05,0.9355362403526462,0.00091284743303104,4.999610672174267e-05,0.9505369713109348,0.00044278510997230975,5.000005160621463e-05,0.9570096200405301,0.00020104822591669657,5.000003546523762e-05,0.9651247734899522,0.00018497107202244834,5.0000019222368416e-05,0.97709527098108,0.0002763734345769288,4.99998192086767e-05
3.62072,-1.3090540745994244,2.091989817286894,1.1815073661970092,0.7551632354853998,0.453874939359853,0.4520389762676164,0.13924529246069287,5.377052043192655,5.2802445940026335,-0.5227260607130807,1.321344175423369,-1.5421315882468132,2.66379621539345,35.1762423977751,-25.382001486851596,-1.9007016185345007,-28.244546814438216,-25.689152247042067,4.20597427630798,6.799740195923467,6.800093678693462,6.056431552712743,6.800092896899549,0.036098296242669636,0.00028392969213890797,5.000001817905203e-05,0.06084220875170253,0.0013136849518421115,4.999762368603488e-05,0.08909664698004427,0.0005595162764082027,5.0000171278842545e-05,0.09166741151693704,0.0003040058445001512,5.0483259828566775e-05,0.09170275795359834,0.000307274847031682,5.056194369361509e-05,0.09207700636227395,0.00041740162581195957,4.999984781837618e-05,0.0924234320112025,0.0005061498100381519,5.111327230060664e-05,0.09830418090891517,0.000504282371692706,5.068176125742825e-05,0.1555372035996553,0.020409262734111706,9.83959402670432e-05,0.9179331170556062,0.0007589280772730547,5.078374063887849e-05,0.9221535849664124,0.00030402507024415704,5.2450749603634774e-05,0.9221784100031462,0.000305587963177365,5.00068372758265e-05,0.9224514325360594,0.0003775382622297602,4.999983950963938e-05,0.9227153217302578,0.0004427393861085585,5.0000378453729796e-05,0.9250286027042416,0.0004064288661494033,5.0000198751205234e-05,0.934617887847321,0.000918352505325032,4.999756837570164e-05,0.9500797427746915,0.0004572285362433936,5.000004888615595e-05,0.9568091597181643,0.00020046032236587479,5.000003556734414e-05,0.964940077914316,0.000184695575636088,5.000001946295138e-05,0.9768159265110771,0.00027934447000281954,4.999982094666738e-05
3.63988,-1.1995580137116528,2.1885303901588977,1.1711424662549519,0.7543355677415182,0.4753105987156997,0.42852116406944385,0.14638909219235663,6.050932370486792,4.793995060129121,-0.5591382907148713,0.7802561241085967,-2.034265288270457,2.7443711469014387,35.0224001146014,-27.545123718772047,-1.4722035949530752,5.470877553991866,2.232293642622413,-0.08135806047768636,6.799999855920664,6.800093579698411,6.798811211885496,6.800092550552116,0.035822491545213955,0.0002758046974556765,5.000001818257142e-05,0.05954683984150352,0.0012953689101990098,4.99984322372501e-05,0.0885169296940497,0.0005797172859945708,5.000016297714649e-05,0.09136341244990676,0.0003039990670302872,5.048291601446881e-05,0.09139533332774363,0.000307424625854704,5.056279405428751e-05,0.09167673011011333,0.00040027625216060845,4.9999844122573144e-05,0.0919436825859623,0.00047974942524020185,5.1000346105932454e-05,0.09781589807255267,0.0004882828363624826,5.063920939156131e-05,0.1415713032925983,0.013965900307057034,9.662820955095266e-05,0.917132948532323,0.0008001685232832395,5.08711520791255e-05,0.9218495666585664,0.0003040183078460003,5.2450181774503985e-05,0.9218725718011738,0.00030583820197241113,5.000727656757843e-05,0.9220824006745201,0.000369031861539431,4.999983773230571e-05,0.9222874193771731,0.00042790235308481537,5.000043488801849e-05,0.9246338371327366,0.00039476557150501605,5.0000196582802834e-05,0.9336934869256921,0.0009244009216289452,4.9998377487790746e-05,0.9496052068477779,0.0004745359269135008,5.0000045719594894e-05,0.9566085248230576,0.00020063489510674726,5.00000357598085e-05,0.9647549926866856,0.0001850852276303929,5.0000019708414516e-05,0.9765333476430877,0.0002825788679892955,4.999982145514278e-05
3.65904,-1.0771756278104032,2.2753600024913565,1.1601539745173637,0.7545342269128854,0.49514127951031073,0.40241531248231416,0.15354998660297722,6.721865501574909,4.266306037036147,-0.5873416738162265,0.8850631331967355,-1.991500664536736,2.7428125496015126,33.80869787777722,-28.989856008417874,-1.3542061714621723,5.371741581009365,2.545473343172769,-0.09398269648146772,6.800052936954105,6.800093473211902,6.7995333277349985,6.800092057640381,0.03555373971656391,0.00026875182865004367,5.0000018086623984e-05,0.05827373561034219,0.0012731042311613296,4.999892194608422e-05,0.08791207236858138,0.0006048573254683361,5.000015569305759e-05,0.09105816571704052,0.0003052467328662304,5.048652632620973e-05,0.0910864650374088,0.0003088682903348306,5.0568421587001015e-05,0.09129034303182532,0.00038638707828803103,4.999983988527206e-05,0.09148749088369706,0.0004561917022652408,5.09046802864263e-05,0.0973411985216852,0.00047469955086747076,5.060415837604277e-05,0.13149267863232622,0.010078624660272064,9.373168321447743e-05,0.9162827272394595,0.0008502212928634805,5.098343218223434e-05,0.9215443006677855,0.00030526599078085264,5.246973581370695e-05,0.9215651959218621,0.0003073758793115332,5.0007806589384494e-05,0.9217202636912746,0.0003621369832454627,4.9999835014596774e-05,0.9218730733832964,0.0004143459938766902,5.0000507460329456e-05,0.9242489123137729,0.00038492481896359695,5.000019504716077e-05,0.9327626724270206,0.0009308144986715136,4.999886797240889e-05,0.9491101152760376,0.000495091571740417,5.000004186869811e-05,0.956406934076736,0.00020159074632149421,5.000003604998206e-05,0.9645688323983922,0.00018616028829347727,5.000001996383747e-05,0.9762472570256171,0.0002860906174706216,4.9999820769971696e-05
3.67819,-0.942161501505711,2.3518149434320943,1.1486532163368537,0.7532170862732489,0.5150912827821958,0.3763478354663481,0.16034265319886049,7.369547426597865,3.7109399057066055,-0.6132845499122358,0.9879709689404156,-1.9427363766910204,2.7410120989010442,27.277266218951947,-25.735810764935458,-2.2098584165077555,-178.04503010287374,-164.7887075802994,24.719754163236285,6.800073133198599,6.800093369791217,2.561861626510575,6.80009129766112,0.03529108216202772,0.000262657554536192,5.0000017909483333e-05,0.05702787192173689,0.0012458636886053022,4.9999240263825715e-05,0.08727631498124612,0.0006357573873352515,5.0000148976651764e-05,0.09075038720104436,0.000307778515996156,5.049421374650298e-05,0.09077482566485097,0.0003116393725578342,5.0579032657164006e-05,0.0909149825675515,0.0003753604642738094,4.9999835073239074e-05,0.09105240286643387,0.0004350880172631808,5.082308172642503e-05,0.09687795247032338,0.00046324605136181406,5.057537036017369e-05,0.12392559017560152,0.007567088456724696,8.947797261039856e-05,0.91537151917635,0.00091120806310949,5.1129400643967015e-05,0.9212365028741931,0.00030779779359247776,5.251010649221846e-05,0.9212549598930985,0.00031023602876368824,5.000844995067718e-05,0.92136349855865,0.00035676513262460736,4.999983140231762e-05,0.9214711213717192,0.0004019520115772964,5.000060504602963e-05,0.923872200227467,0.00037671208630601726,5.000019413919712e-05,0.931825410964068,0.0009372614629526185,4.999918753792559e-05,0.9485908206480649,0.0005192946279726188,5.000003700388403e-05,0.9562035838166416,0.0002033502600945266,5.0000036444006506e-05,0.9643808886662791,0.00018794373211303273,5.0000020232832895e-05,0.9759573713818523,0.00028988564376468515,4.999981895012239e-05
3.69735,-0.7959230567365189,2.418226137800356,1.1364550819060304,0.7641715716769764,0.5254424374753408,0.33486992647767294,0.16678398869145303,7.89210503464071,3.217912356449337,-0.6556193762461634,-2.4228834879417627,-5.099636051842617,3.2145747903841433,29.55630542546749,-32.27027955537593,1.9484258686089468,16.604054340743463,-7.338780332974366,0.6229104990993981,6.80007949256093,6.800093283053606,6.798919314301839,6.800090166377214,0.0350337620644502,0.0002573200975775189,5.000001767093528e-05,0.05581532562778742,0.0012125462939494669,4.99994586717937e-05,0.08660345869909514,0.0006728562821509815,5.000014215343076e-05,0.09043890476844857,0.00031148243259580165,5.0505684446610904e-05,0.09045919399471733,0.00031563167013364094,5.0594378563700336e-05,0.09054825382372522,0.0003667287438262845,4.999982993714065e-05,0.09063639438318487,0.0004160084832490011,5.075266843061543e-05,0.09642449002558649,0.00045346244473689864,5.055133555574081e-05,0.11806757111677639,0.005858019058825131,8.391257605034923e-05,0.9143863466374853,0.0009851725388647032,5.131990588024895e-05,0.9209250011408723,0.0003115017333208331,5.256991430580625e-05,0.9209406460516604,0.00031431384143815167,5.000922769797651e-05,0.9210107780836517,0.00035272047499821063,4.999982721551885e-05,0.9210806121566696,0.0003905092150494885,5.000074382228176e-05,0.9235024398032754,0.00036976042419154453,5.000019367588791e-05,0.9308821963639398,0.0009432146001281764,4.999940805098455e-05,0.9480436129244035,0.0005472077236613269,5.0000030699921645e-05,0.955997742912582,0.0002058409040596113,5.000003692995238e-05,0.9641905074911113,0.0001903811751677323,5.0000020515772114e-05,0.9756634465930042,0.0002939247888482226,4.999981633756732e-05
3.71651,-0.6392082973640711,2.4740076631273826,1.124156891465286,0.7855038214945272,0.5264507697549,0.27657430032018493,0.1712971089949245,8.458322783213516,2.599702307100078,-0.6182928805051172,-2.1047953463198605,-5.2402269551233305,3.226508047105009,26.0177417368753,-34.109520205978235,4.783669592732257,17.11339217113367,-6.2944066949458,0.5445273866254515,6.800083690885874,6.800093172772527,6.799581646034427,6.800088351401974,0.03478110159233628,0.00025266047211391863,5.000001737914528e-05,0.054643183279886785,0.0011721423479006353,4.999961489830469e-05,0.08588645539643266,0.000717003302662474,5.000013451357018e-05,0.09012250712890357,0.00031639763954499867,5.0521151887555206e-05,0.09013831179197111,0.00032088220274622306,5.061480028295107e-05,0.09018811129387307,0.00036014252985216045,4.9999824547602586e-05,0.09023768428498935,0.00039871009819552315,5.069162575995228e-05,0.09597932273043129,0.0004451672951552022,5.0531358749926373e-05,0.11342046000789131,0.004647111108885072,7.753373384647375e-05,0.9133109679416163,0.0010753786958690396,5.157217694232231e-05,0.9206085841724377,0.00031641696843447793,5.265041277859066e-05,0.9206209984650786,0.00031964758658178125,5.001017619596047e-05,0.9206608637879099,0.000349914295741903,4.999982258907081e-05,0.9207006633612446,0.0003799487954250318,5.000095839058597e-05,0.9231384978098732,0.00036394199340213546,5.000019363838289e-05,0.9299343365656672,0.0009478597982725931,4.999956778163164e-05,0.9474645682897489,0.0005790446346546349,5.000002238264925e-05,0.9557886559582447,0.0002090869543373939,5.000003751060559e-05,0.9639970148698859,0.00019349262122544416,5.0000020813122204e-05,0.9753652520754966,0.00029819451750755926,4.99998130809428e-05
3.73567,-0.472279910351248,2.5176071318678277,1.1131128244266346,0.802489152015207,0.5280896739187825,0.21669707589299397,0.17371684284735237,8.95675135664775,1.9462574513270678,-0.5266508911657067,-1.776949688816491,-5.360810523878269,3.236939698370381,22.01262654381433,-35.88037052135829,6.967966502676131,17.539702287411608,-5.221235206495181,0.45891941948113574,6.800086238642883,6.800093013224561,6.799982190831144,6.800085206638807,0.03453240017870743,0.00024870141362885143,5.000001703349955e-05,0.05351915287586839,0.0011240304040183908,4.99997300962888e-05,0.08511691334545467,0.0007695420509779945,5.000012515893775e-05,0.0897997842193027,0.00032272290960086767,5.054137077231848e-05,0.08981073244832458,0.0003275793436465373,5.0641299886779395e-05,0.08983267900420702,0.00035543228966605143,4.999981880623471e-05,0.0898545935961036,0.00038309068888575784,5.063888704563201e-05,0.09554091611908022,0.00043840661135106647,5.0515349909430213e-05,0.10965904236874435,0.003761417639146957,7.122323413408276e-05,0.9121240036933886,0.0011869642482276125,5.1914405061723636e-05,0.9202858418975187,0.00032274227491901696,5.275576288593358e-05,0.920294572269949,0.0003264261951296196,5.00113489664378e-05,0.920312466346317,0.00034839744159287004,4.999981747694106e-05,0.920330353615597,0.0003703097456475961,5.0001337076281375e-05,0.9227791709789352,0.00035932683093799976,5.000019415745771e-05,0.928984336728223,0.0009499998374440765,4.999968857161399e-05,0.9468494135124681,0.000615154777280735,5.000001122710216e-05,0.9555754408322338,0.0002132151260108319,5.000003820450371e-05,0.9637996380173519,0.0001973768525339412,5.000002112555735e-05,0.9750625430478473,0.00030270902764930956,4.9999809131085375e-05
3.75482,-0.2965252765726467,2.548360626278309,1.1042461109932444,0.814891300327031,0.5304302127887596,0.1556337860468391,0.1742893775705034,9.378452907717556,1.2588879603806113,-0.3931637638511937,-1.4409370987158994,-5.460835070276527,3.2457313357802127,17.648994375500212,-37.5357383684327,8.44033753110985,17.876624298899728,-4.12826411889396,0.3678232946966396,6.800087818206229,6.800092774573243,6.800054169162199,6.800079245841186,0.034287013665168925,0.0002453865135385011,5.00000166370067e-05,0.05245074512182174,0.0010684077540466543,4.999981660726462e-05,0.0842856626804386,0.0008312506650160622,5.000011266789761e-05,0.089469244271035,0.00033053994826769785,5.0566662643566236e-05,0.0894749362803948,0.000335796167929775,5.0674505976020464e-05,0.08948026891061227,0.0003524100935947478,4.9999812875607415e-05,0.08948560037489826,0.00036899322120533993,5.059352116063273e-05,0.09510785414194174,0.000433061977138473,5.050286753383184e-05,0.10656156593315377,0.00309747643559058,6.580126205879022e-05,0.9107978620584073,0.0013261416349813647,5.238765796931919e-05,0.9199552825312913,0.00033055936622740676,5.2888446653665245e-05,0.9199598539285779,0.00033471834137108886,5.001275118280067e-05,0.9199643335863354,0.0003481327599815417,4.999981207681855e-05,0.9199688132100353,0.00036154040556169006,5.000218385013062e-05,0.9224233425244163,0.00035582845451895625,5.0000195214839996e-05,0.9280362941565007,0.0009480425717223738,4.999978349642001e-05,0.9461940721091364,0.0006553414033316252,4.9999996156280253e-05,0.9553571678853761,0.0002182729468577202,5.000003901447096e-05,0.9635975700053252,0.00020206801202678621,5.000002145052905e-05,0.9747550964004633,0.000307446647384057,4.999980468960346e-05
3.77398,-0.1134835379944775,2.56563803459782,1.0982293199398983,0.8225204894477441,0.5335147084144413,0.09379203348686467,0.17328547830875193,9.716559234473102,0.5398061616224127,-0.23147004586905223,-1.0984700069432196,-5.539921288302272,3.252777821286358,13.045304559932902,-39.031789656867375,9.15963731176195,18.133408298768448,-3.0114113738233788,0.2710738917999217,6.800088809422267,6.800092420271086,6.800075243732837,6.8000662802402685,0.03404434182953332,0.00024267183563559966,5.000001619040089e-05,0.05144426263167554,0.0010064824901461998,4.999988204448312e-05,0.08338316883623646,0.0009024938442021433,5.0000095039586514e-05,0.08912928816062719,0.00033995611040780614,5.059686553455967e-05,0.08912930282498396,0.0003456334554108346,5.071441014734117e-05,0.089129304154181,0.0003509647564312713,4.9999806946118494e-05,0.08912930548336631,0.000356294891531952,5.0556355124471965e-05,0.09467880642107238,0.0004290477208693592,5.0493593010823266e-05,0.10397199943041865,0.0025895665027351293,6.160807430128702e-05,0.9092962308518376,0.0015016312065696449,5.305684054815272e-05,0.919615306902445,0.00033997562884635824,5.305102259037348e-05,0.9196153039139944,0.0003445500145835162,5.001344252937491e-05,0.919615300887109,0.0003490326992265328,4.9999806588914224e-05,0.9196152978602209,0.0003535153498143833,5.000556500251021e-05,0.9220699594134353,0.0003533831109810955,5.0000196792160335e-05,0.9270962261981194,0.0009400679583813132,4.9999860717413467e-05,0.9454950523013853,0.0006990198077511909,4.9999975744079224e-05,0.955132846116902,0.0002243217684741095,5.000003994317753e-05,0.9633899582506913,0.00020761175463388087,5.000002178363509e-05,0.9744427109503246,0.0003123854501387664,4.999979997109978e-05
3.79314,0.07519606321417792,2.5688597755365934,1.0954655732033192,0.8252355259483779,0.5373561855831487,0.03158732029068516,0.17099590016907026,9.966471490793445,-0.20793587663774424,-0.055996516896095645,-0.7510836380084523,-5.597611670898048,3.257970853585299,8.326705918642814,-40.32839851641508,9.105309063388354,18.30841518593435,-1.875373280595535,0.16990033332266863,6.800089425798674,6.800091899256859,6.800083649576206,6.800030909312011,0.033803817003341244,0.00024052482619207552,5.000001569241388e-05,0.05050386075515799,0.0009404018765175509,4.999993138092549e-05,0.08240046936603129,0.0009826994702051585,5.000006948635134e-05,0.08877946726285431,0.00034982089777288385,5.001165017327212e-05,0.08878122164194903,0.00034808118303493327,5.0001651924623244e-05,0.08878280392293615,0.00034650023124484285,4.9999800394904055e-05,0.08878438598277028,0.0003449195005960376,5.18321664344026e-05,0.09425249846139164,0.00042630795968074954,5.0487312815338126e-05,0.10177768317743464,0.0021943162529839966,5.8552135979726066e-05,0.9075702355224797,0.0017259953293578974,5.402730576554161e-05,0.9192641869121367,0.00035111999030819314,5.10672225848721e-05,0.9192664371228609,0.0003488667911334539,5.0001815168778634e-05,0.9192684072912557,0.00034689359585323603,4.9999800466666414e-05,0.9192703772028141,0.00034492065740680876,5.2134908097910066e-05,0.9217180118188542,0.0003519475945811572,5.000019886903411e-05,0.9261719999481718,0.0009242262499476384,4.999992526558176e-05,0.9447499416065622,0.0007451106948230991,4.9999948102518295e-05,0.9549014063286279,0.00023143978827416895,5.000004099316465e-05,0.9631758906136638,0.00021406763702751808,5.000002211822993e-05,0.9741252061408502,0.00031750480947444757,4.999979519681738e-05
3.81229,0.26779898863393936,2.5575122411731557,1.0960771971379455,0.8229453068719392,0.5419386235546718,-0.030560694024184758,0.16772683905900865,10.125988338735452,-0.9805173844684131,0.11843623184282348,-0.40034461710283253,-5.633538679412361,3.2612256779901396,3.621762735771363,-41.39043568777372,8.27810740334535,18.395610638882765,-0.7233095910688011,0.06532976787898497,6.800089798115596,6.800091136926388,6.800087691129275,6.799875725865144,0.03356489404124042,0.00023892296210082734,5.000001513988804e-05,0.049631038840182294,0.0008728219149756976,4.999996814994041e-05,0.08133088228173874,0.001069587084292556,5.0000032250916384e-05,0.08842040397245865,0.00035906329039566234,5.000313596844904e-05,0.08843136441692646,0.00034985722502256717,5.000072929583531e-05,0.08844050293541471,0.0003423009875214462,4.9999794057487413e-05,0.08844963580039147,0.0003347501823787899,5.173475400087298e-05,0.09382768468711056,0.00042481377428108387,5.0483904934690385e-05,0.0998955121323723,0.0018821710450623542,5.637638408562667e-05,0.9055523561976616,0.002017879324818118,5.54740198278459e-05,0.9188999981210539,0.00036418879108286853,5.1140734945771527e-05,0.9189133058820784,0.00035313124078254035,5.000088187796975e-05,0.9189244663734996,0.00034394091775614294,4.9999794352855215e-05,0.9189356258808012,0.00033475132201292836,5.201832915579144e-05,0.9213665140880439,0.0003514977308102471,5.0000201423577527e-05,0.9252725201235423,0.000899479824629406,4.9999980055268454e-05,0.943957912404731,0.0007920292018311602,4.999991068472195e-05,0.954661680648577,0.00023972568005083567,5.000004216675379e-05,0.9629543785886923,0.0002215120249715764,5.000002244480555e-05,0.9738024195596029,0.0003227865812472708,4.999979058561585e-05
3.83145,0.46259206937164266,2.531161639028005,1.0999020758640397,0.8156107259250668,0.5472166842836917,-0.09223281973818878,0.16379514036884957,10.19537137942992,-1.773444611678107,0.2770220655217278,-0.047935170467625556,-5.647395307373148,3.2624772171642933,-0.9180239948424366,-41.724822868758686,6.56700660581355,5.090290568857395,11.119338928765856,-1.6788602210101156,6.800090021126821,6.8000900199798044,6.8000898788277215,6.51020059660997,0.033327041927555714,0.00023785211368470782,5.0000014527759735e-05,0.04882472137922447,0.0008063174609578194,4.9999995090510324e-05,0.08017247513267269,0.001158407149066045,4.9999978485537516e-05,0.08805066613857704,0.00036973783388161884,5.000176604688328e-05,0.08807867523486552,0.0003526891820609313,5.0000456498954336e-05,0.08810129342508487,0.0003392095103298377,4.999978828801498e-05,0.08812388980075243,0.0003257459996390349,5.164433592358503e-05,0.09340312431242799,0.0004245603746825694,5.0483328459926024e-05,0.09826307353224861,0.001632438600123687,5.483044646615935e-05,0.9031464134768147,0.0024059427208469766,5.7689886261609066e-05,0.9185206015879991,0.0003793965330549023,5.123652721218349e-05,0.9185506014985818,0.00036270438349657764,5.000068978866571e-05,0.9185802072321025,0.0003442591413970474,4.999978918914812e-05,0.9186098787446828,0.00032574713611845216,5.191271163831729e-05,0.9210144879967758,0.00035202609126816796,5.000020443008396e-05,0.9244062003769957,0.0008663197465465913,5.0000026680313655e-05,0.9431200600728953,0.0008378523318356869,4.999985987912882e-05,0.9544123776653942,0.0002493029831828259,5.000004346577306e-05,0.9627243369590542,0.00023004162963808703,5.0000022750049886e-05,0.9734742037801833,0.0003282157794196476,4.9999786343917125e-05
3.85061,0.6578724402967918,2.4895493794026,1.1064688579033626,0.8040769569874022,0.5520131829869621,-0.1523269606527203,0.1598151648108073,10.177784557531416,-2.5727777801596683,0.40282790091557025,0.04958083581225056,-5.434379270245626,3.230314859899921,-4.8328287076835075,-40.15965377591435,4.087349230467273,-52.74166792364481,57.276077631090615,-8.751057523316168,6.8000901803613,6.800088388245031,6.800091151598279,5.269468207292842,0.03308974390170932,0.00023729802584639235,5.000001384956265e-05,0.048081810896530845,0.0007429104826936313,5.00000144392113e-05,0.07893049173458382,0.0012419833980888766,4.999990201677122e-05,0.08766842322288129,0.00038224291569574246,5.000123396680817e-05,0.08772161693236101,0.000357058302504522,5.000032960254066e-05,0.08776384224452431,0.000337451180560558,4.999978332414163e-05,0.08780604164618501,0.0003178481545674303,5.1566282206920444e-05,0.09297757506907793,0.00042554924335005484,5.0485581537982e-05,0.09683281272719971,0.0014302608050489017,5.3722317914191756e-05,0.9002104211618062,0.002935992315008562,6.114591227949664e-05,0.9181235886424427,0.00039701294555632776,5.135320048183883e-05,0.918170178755407,0.0003804227431747807,5.000074640097098e-05,0.9182308558705458,0.0003493513615567539,4.999978543789815e-05,0.9182920294551699,0.00031784928951291276,5.1821756791554524e-05,0.9206609656822694,0.00035352231450636853,5.000020782808435e-05,0.9235793994503348,0.0008268009266608139,5.000006617000251e-05,0.9422393981704622,0.0008806619024331104,4.9999790156970006e-05,0.9541520604144933,0.0002603172509008604,5.000004488970122e-05,0.962484565529328,0.00023977142972610394,5.000002301547271e-05,0.9731404258714055,0.0003337779087777952,4.9999782677327416e-05
3.86977,0.8520775150853204,2.43289556917245,1.1149830956641902,0.7932941971841324,0.5505674114162514,-0.2069760951831296,0.1572366431895614,10.08520081437708,-3.342126601574548,0.481130301895356,-0.9608048682808186,-4.337126712576048,3.062668599071473,-8.325721164961074,-40.09322477699559,2.978551726222681,-53.31566337618916,51.449116763073505,-8.137198039936449,6.800090360766504,6.800086259964139,6.800091936359389,5.344164623033993,0.03285252267946249,0.0002372212222468306,5.000001309983044e-05,0.047397967182562485,0.0006838437139683545,5.000002803602636e-05,0.07761787881293884,0.0013126129216449712,4.999979421836782e-05,0.08727159670903425,0.0003968265138470405,5.00009576964012e-05,0.08735841142960958,0.00036320550275143084,5.00002573302869e-05,0.0874267013788838,0.0003371408656405146,4.9999779457002564e-05,0.08749507332586066,0.0003109683203243421,5.1499619768538095e-05,0.09254984360214115,0.0004277314669367785,5.049057143317752e-05,0.09556816450494292,0.0012646482222567928,5.291654558875352e-05,0.8965258946149295,0.003684526546876614,6.646801286188648e-05,0.9177062699760113,0.00041731866643129835,5.149445093271147e-05,0.9177664465652705,0.00040373219013650763,5.000093670455488e-05,0.9178727380347843,0.0003581178357613978,4.999978318098466e-05,0.9179810600008808,0.0003109694542890873,5.174413381588333e-05,0.920305046788876,0.00035591889339326555,5.000021146047911e-05,0.9227956862242995,0.0007837132260353872,5.000009953069818e-05,0.9413204646531673,0.0009189335172948356,4.9999692337510815e-05,0.9538791493588864,0.00027291105560695776,5.000004643001467e-05,0.9622337507373849,0.00025081479194314694,5.000002321588661e-05,0.9728009779749737,0.0003394478964317157,4.9999779862369405e-05
3.88892,1.0438545600350584,2.3614989891714147,1.124769327793622,0.788002135774129,0.5386445299552314,-0.2538374069340504,0.15647311453651114,9.925702831614755,-4.110202825563387,0.5381911837664797,-1.9821867509608988,-3.3515027436700584,2.906782202326708,-11.64300780779483,-40.065499326980884,2.8085528715500794,-37.74352638639211,33.29423785804405,-5.664411309986258,6.800090604449766,6.800083826972371,6.800092436540783,5.757578318391421,0.032614934637382395,0.00023758804208009129,5.0000012271709476e-05,0.04676825977511091,0.0006297074074515774,5.000003734619664e-05,0.07625245786251608,0.0013654209504227652,4.999964006690133e-05,0.08685782953582533,0.0004137671732089272,5.000079185514104e-05,0.08698697336560203,0.0003714380640075616,5.0000211515244056e-05,0.08708822559923556,0.00033847577964823527,4.999977697462921e-05,0.08719004777989074,0.00030502554596991067,5.144311551566488e-05,0.09211876724614049,0.00043107635600065595,5.049826857618638e-05,0.09444067923448168,0.001127485270461223,5.232118457194234e-05,0.8917375157458637,0.004788378869065835,7.400693308527824e-05,0.9172655953450645,0.0004406746309468288,5.166564223029587e-05,0.9173359082745671,0.0004305382907032468,5.000122587073149e-05,0.9175027536342969,0.0003699844004875456,4.999978258822554e-05,0.9176760333216383,0.00030502667924257117,5.167836328237385e-05,0.919945895641497,0.0003591511473790865,5.0000215117223285e-05,0.9220559789724393,0.0007397072518602687,5.00001279184173e-05,0.9403686094101334,0.0009518552430338476,4.999954977291605e-05,0.9535918839673894,0.0002872653914969683,5.0000048074519276e-05,0.9619704385186965,0.00026331221868851844,5.000002331741233e-05,0.9724557781226092,0.0003451998523645649,4.999977815644517e-05
3.90808,1.2319613939025733,2.275379917651761,1.1355965400942574,0.7876231836420152,0.5180311960992076,-0.2946518569578878,0.15644875982001416,9.702654735019275,-4.877747905971879,0.5919953538339103,-2.7052491982479223,-2.7136764616278732,2.7982676172741674,-14.768024554231173,-39.28604579083059,3.089922990331856,-31.049050391075266,24.369831176581886,-4.5380035477256335,6.800090913732453,6.800082009200873,6.8000927489714,5.948868048548344,0.03237653712843294,0.00023839750894945328,5.000001135363012e-05,0.04618760122010126,0.0005806585550096501,5.000004350305538e-05,0.07485245622891258,0.0014000016336035135,4.9999408512538176e-05,0.08642436298807608,0.0004334665477492417,5.000068360475483e-05,0.08660478085351615,0.0003821925120858686,5.000018067795191e-05,0.08674641594185409,0.0003418096573814761,4.999977608465364e-05,0.08689007027257396,0.0002999775073167912,5.139592911423636e-05,0.0916831311575203,0.000435636088620191,5.05088565211426e-05,0.09342787882831266,0.0010128004061690267,5.187447871644637e-05,0.8852241131947077,0.006513402551155984,8.283619602239064e-05,0.9167979859658884,0.00046760937917612015,5.1874528831503794e-05,0.91687526431386,0.0004606439607071818,5.0001614195403824e-05,0.9171169831752962,0.00038577045900063905,4.999978398337726e-05,0.9173760546815606,0.00029997864007773274,5.162344978551903e-05,0.9195826834994715,0.00036321214202558174,5.0000218574350116e-05,0.9213591589101354,0.0006968200623037721,5.0000152597597524e-05,0.9393892891959618,0.0009793202141717536,4.9999329646604576e-05,0.9532882344612053,0.0003036495061840721,5.0000049810825355e-05,0.961692974340682,0.00027746417801435727,5.000002327330386e-05,0.97210476138907,0.000351016733539144,4.999977770777317e-05
3.92724,1.415219331801776,2.174688123665282,1.1474921846201245,0.7905726651904155,0.49080843878435837,-0.3311952156615689,0.15625037265691222,9.41973988847152,-5.630360794416492,0.6511898036700364,-3.300063846245497,-2.2468173348435814,2.7113319155746383,-17.91675857681811,-38.21117328557141,3.7678431078516854,-20.80575854680129,13.434932984091299,-3.0563749273953573,6.800091254795657,6.800082176098336,6.800092927724477,6.20492848761803,0.03213688930733633,0.000239647821096613,5.000001033191772e-05,0.04565105971715553,0.0005365415029457298,5.000004736954268e-05,0.07343341008042424,0.0014190461484883277,4.999902980260955e-05,0.08596795490825801,0.00045640807981807164,5.0000609150743074e-05,0.0862088240750984,0.00039595677841774025,5.000015919768406e-05,0.08639879815457324,0.0003476177872808394,4.9999777006024e-05,0.08659428724206955,0.0002957830305043971,5.1357297107070517e-05,0.09124165838243464,0.00044147277508567104,5.052256994663876e-05,0.09251181715260152,0.0009160616757111381,5.153428869566038e-05,0.8757948520090475,0.00942926118566015,9.072962873642863e-05,0.9162991986399766,0.0004987873259118048,5.2131542951099404e-05,0.9163806101102034,0.0004946542036565295,5.000212209540899e-05,0.9167099554047322,0.000407027770563953,4.999978783985975e-05,0.9170802705186837,0.0002957841628768408,5.157849633785187e-05,0.9192146060800797,0.0003680774193918591,5.000022150004118e-05,0.9207028555534522,0.0006563033566832173,5.00001748135384e-05,0.9383876294915229,0.0010016597044388135,4.999896106224313e-05,0.9529658433166677,0.0003223911445375748,5.000005161571082e-05,0.9613994710995873,0.0002935032410947017,5.000002301895681e-05,0.9717478858219036,0.0003568755671663942,4.999977864820862e-05
3.9464,1.5924794775280777,2.0597640240990334,1.1606385175554113,0.7954215126387303,0.45845695806885345,-0.36469708712720944,0.15530735396087741,9.076503934009258,-6.362382073687712,0.7233713436423858,-3.6986451165408156,-1.9894408665410181,2.6527801546128975,-21.367644906020697,-37.238513133201046,4.708403947597287,5.454318867835458,-9.622002781136402,0.3895929827771498,6.800091584108133,6.800084338497367,6.800093001643984,6.798361794072104,0.03189555811473187,0.00024133119260446402,5.000000919122951e-05,0.04515402980740535,0.0004970299097501863,5.000004959008514e-05,0.07200726381042921,0.0014261462699950366,4.999832953525991e-05,0.08548479494287362,0.00048315996538439134,5.000055616219234e-05,0.0857955982551914,0.00041322581990701026,5.000014390340025e-05,0.0860423393392955,0.0003564588152777273,4.999977996777967e-05,0.08630188691956954,0.0002924003225000256,5.1326526326473496e-05,0.09079301036705777,0.0004486480153768779,5.0539674463640914e-05,0.09167801555014926,0.0008338016024522715,5.127157223495799e-05,0.8608586690655353,0.014936182943512257,9.605937982110833e-05,0.9157641699758176,0.0005350286641590009,5.245066321051134e-05,0.9158471347902456,0.0005334753199578731,5.000278732103507e-05,0.9162742581634877,0.0004356972412444292,4.999979475543844e-05,0.9167878690641105,0.00029240145457322224,5.154269180729221e-05,0.9188409229740847,0.0003736831059948495,5.0000223408727684e-05,0.9200840870802006,0.0006187684732516728,5.000019568703299e-05,0.9373682316787653,0.0010193978127577214,4.9998269190204e-05,0.9526219673041331,0.0003438760125346211,5.0000053447070584e-05,0.9610877827621909,0.0003116883373964633,5.0000022465584896e-05,0.9713851413251646,0.00036274449673900114,4.999978109387291e-05
3.96555,1.762532404236906,1.9309855160164713,1.175344693754528,0.7993064461682542,0.4239797754130975,-0.397227198550485,0.15350378463015818,8.66715846214371,-7.075769852131488,0.8135714496503132,-3.594155326464317,-2.173772049788363,2.6602436876354574,-24.38505917070868,-35.218740960602354,4.998894399858043,6.021533038622008,-9.41373217582447,0.4199727396511921,6.800091867721849,6.800087044434878,6.800092977251078,6.799828660735225,0.03165211105430079,0.00024344706043108184,5.0000007912473705e-05,0.04469228417090744,0.0004617456364979042,5.000005064043238e-05,0.07058285844277667,0.001424405367652535,4.99967836443329e-05,0.08497036688191466,0.0005144280609589515,5.000051761383619e-05,0.08536109452023412,0.0004345037349572784,5.000013277902103e-05,0.08567343399392734,0.0003689053453681728,4.9999785141616856e-05,0.08601208153866827,0.00028980538090126183,5.130315675320589e-05,0.09033575265701824,0.00045725771003952666,5.0560555186907275e-05,0.09091462872090046,0.0007633868292487988,5.106617498640593e-05,0.8336309954051708,0.02722767366036442,9.878553234886773e-05,0.9151867812564941,0.0005773887193235561,5.285113959207959e-05,0.9152688851836106,0.0005782496066349772,5.000366917895446e-05,0.9157999644462563,0.00047429371723145634,4.999980549264166e-05,0.9164980625513672,0.00028980651274316096,5.151549820539538e-05,0.9184609831008518,0.0003799398732329968,5.000022365615376e-05,0.9194996672830374,0.0005844197971632554,5.000021617005177e-05,0.9363351616829771,0.0010330699957880529,4.9996729993959026e-05,0.9522533898328884,0.0003685774712446494,5.000005523634824e-05,0.9607554633222398,0.0003323194399511256,5.0000021490497474e-05,0.9710165522398496,0.00036858908531496983,4.999978508414348e-05
3.98471,1.9241879472721877,1.7889065004057747,1.1918457449742357,0.8002280192526878,0.3896209794712766,-0.4301221450928834,0.15108955326847903,8.200007608757408,-7.7504643353295934,0.9093365560022707,-3.478799268560426,-2.3541133394567892,2.668289213477884,-27.318944581015906,-33.06513959594514,4.8422561887153055,6.52221735823856,-9.128146542238941,0.4385481951570085,6.8000920830600515,6.800089282162832,6.8000928564161525,6.799995012017344,0.031406122341540214,0.00024598871276057164,5.000000647411566e-05,0.04426200014705892,0.00043028402384851693,5.0000050870120015e-05,0.0691668755147966,0.0014159829279800883,4.9992285804690046e-05,0.08441930956309383,0.0005510573188208242,5.00004891059667e-05,0.08490081514820087,0.0004602793720332428,5.000012437677669e-05,0.08528799998986931,0.00038543400405802636,4.999979265776407e-05,0.08572410436315922,0.0002879771755090553,5.1286817417945976e-05,0.08986834930693578,0.00046740335008246044,5.0585656163936084e-05,0.09021187537574908,0.0007027533451513751,5.090377138463311e-05,0.7704710030258023,0.06315999237936852,9.978012003595884e-05,0.9145595832399028,0.0006271980165912271,5.335940386061383e-05,0.914638516774531,0.0006303684090797316,5.000485818833224e-05,0.9152734089021253,0.000526555544130996,4.999982128832226e-05,0.9162100842441939,0.00028797830717330197,5.149648219956984e-05,0.9180743034918695,0.0003866796089823089,5.000022139055536e-05,0.9189464974098756,0.0005531698731617644,5.000023697901156e-05,0.9352920586558326,0.0010431030271444708,4.9992237431039786e-05,0.9518563394589178,0.0003970503739705852,5.0000056871014004e-05,0.9603997385853207,0.00035572473691913484,5.0000019924980694e-05,0.9706421854019702,0.00037436683787936355,4.999979060726193e-05
4.00387,2.076352505673058,1.6342938920254382,1.210166323685511,0.7981404469433746,0.3555208454853538,-0.46325788645338656,0.14822748892517143,7.676651557607675,-8.383901723012343,1.0021009038366466,-3.3538514723077113,-2.528983591654673,2.67669059410134,-30.120782140975763,-30.81619338987108,4.240350159881119,7.005403938402973,-8.811314858069636,0.45183141927266096,6.800092157994057,6.800090726893867,6.800092590354117,6.800031383716412,0.031157185382325887,0.0002489369592143293,5.000000485326037e-05,0.043859762884233426,0.00040223726282549656,5.0000050533661723e-05,0.06776477449176414,0.0014021010230324611,4.997332540801418e-05,0.08382526587885593,0.0005940436842379105,5.000046759694589e-05,0.08440979671849176,0.000491018429709108,5.000011752375933e-05,0.08488165569765034,0.00040634429221897514,4.999980260866779e-05,0.08543721271525044,0.0002868916479087724,5.127716842216062e-05,0.08938917169186858,0.00047917761506721673,5.061544563801744e-05,0.08956162607875406,0.0006502492969950128,5.0774004573821945e-05,0.5554842887271956,0.21498671429860683,9.999011715794599e-05,0.9138734494717831,0.00068613376811968,5.401188777244738e-05,0.9139469720504552,0.0006915447240757592,5.0006493857637885e-05,0.9146746530732532,0.0005987558288720288,4.999984455525709e-05,0.9159231914647551,0.0002868927794388257,5.148524719549346e-05,0.9176806981440027,0.0003936053478668388,5.000021556794168e-05,0.9184217543732942,0.0005247430365813957,5.000025850185628e-05,0.9342423333430109,0.0010497253128218208,4.9973282216372895e-05,0.9514264118024853,0.00042992765643242375,5.000005817093307e-05,0.9600174898260091,0.00038224875931158026,5.0000017538213045e-05,0.970262161155786,0.0003800242461842741,4.999979760766178e-05
4.02302,2.217972087578007,1.467956715440653,1.23016707620557,0.793021352874756,0.3218079608341372,-0.4964978734727622,0.14508319512465234,7.099619983342654,-8.97425546951823,1.0833343829919748,-3.2196471464034406,-2.697784217750632,2.6853464448672675,-32.74317966910888,-28.510605574604156,3.2022861779926894,7.472612034924834,-8.466297296010975,0.4600683436744191,6.800091933239984,6.800091415100998,6.800092046128435,6.800012301932012,0.030904912011408634,0.00025227337091725255,5.0000003023333634e-05,0.043482531638685214,0.00037723124554821377,5.000004981584221e-05,0.06638139342692845,0.0013833810648356823,4.99643665830406e-05,0.08318065629300989,0.0006446095858460355,5.0000450791476354e-05,0.08388261113140819,0.0005271855870835684,5.0000111150009385e-05,0.08444995769900011,0.00043169799865023205,4.999981500931687e-05,0.08515067496300072,0.0002865377522497214,5.127403948865745e-05,0.0888964701814347,0.0004927015104338642,5.0650492153938504e-05,0.08895705833976614,0.0006045677389879257,5.0669389208964976e-05,0.26867022545850755,0.28681406326868797,9.999882779749262e-05,0.9131170554169559,0.0007563940548272387,5.4859849158980176e-05,0.9131829849537811,0.000763987096673951,5.000879829223353e-05,0.9139723562647258,0.0007022968085273481,4.999988077726482e-05,0.9156366525810733,0.0002865388836818894,5.1481594104557756e-05,0.9172804183022715,0.00040027984173122885,5.0000205116406494e-05,0.9179229619800405,0.0004987923932536513,5.000028070414304e-05,0.9331892206202221,0.0010531127227886826,4.996432725374615e-05,0.9509584621622933,0.0004679496401919488,5.000005885719248e-05,0.9596052305421185,0.0004122592838905236,5.00000140123343e-05,0.9698766577582788,0.00038550339750716134,4.9999805947709375e-05
4.04218,2.348049932050804,1.2907319303246632,1.2515466742191665,0.7848681961124485,0.28860276962158,-0.5296969376995456,0.14182387352689554,6.472350464826218,-9.520440476964719,1.1446814033278279,-3.0764923947703964,-2.8599752536290466,2.694160092513515,-35.14133507087374,-26.18805289521605,1.744640115458621,7.917464043539629,-8.089633911741329,0.46254554111392787,6.800091359873868,6.800091680474425,6.800091184273391,6.799837838275514,0.03064893245805864,0.00025597955334999103,5.000000095345085e-05,0.04312760384456673,0.0003549277941184887,5.000004885044961e-05,0.06502155612600977,0.0013598373009186748,4.9990221356629635e-05,0.08247640486944363,0.0007042514235662598,5.000043670616683e-05,0.08331340258817746,0.0005692085432307243,5.0000104144016635e-05,0.08398874302533324,0.00046121467366686144,4.999982980361226e-05,0.08486375827931554,0.000286916683685176,5.127741885336482e-05,0.08838834115034654,0.0005081290310881698,5.069132325613388e-05,0.08839239872028425,0.0005646596194818864,5.0584623737312385e-05,0.18905263497023325,0.0796175904882743,9.986520981508736e-05,0.9122761468508283,0.0008409085661276615,5.597587170522101e-05,0.9123323754258449,0.0008506095279362542,5.001214028810074e-05,0.913114555217809,0.0008578010469167885,4.9999944887781855e-05,0.9153497347660224,0.00028691781505081035,5.148550826720818e-05,0.9168743338231612,0.0004060844791101928,5.000018922254194e-05,0.9174480016494845,0.0004749603305560625,5.0000303027373304e-05,0.9321360042656256,0.0010532163545966472,4.9990181993582626e-05,0.9504464986740743,0.0005119634882189662,5.0000058500520464e-05,0.9591591004319168,0.0004461301102018539,5.0000008908291506e-05,0.9694859157927445,0.0003907419655344349,4.999981542533157e-05
4.06134,2.465663451359512,1.1034700283231893,1.2738465319344137,0.7736986780116567,0.25601670376023944,-0.5627021949107417,0.13861653168516674,5.799138866176012,-10.02213174508438,1.1781039229568744,-2.924815498737365,-3.014950452130601,2.703021196468553,-36.3650307189955,-23.227862860548598,-0.2665824237494882,-22.59628285949086,17.62893404178914,-3.4587071175431787,6.800090441368028,6.80009174677228,6.800090134931881,6.121601795652518,0.03038889645884242,0.0002600359992162178,4.999999860771751e-05,0.042792580539807085,0.00033502330475964346,5.000004773381577e-05,0.0636909044136163,0.0013306517123934723,4.999626872512088e-05,0.081701629662441,0.0007747752070026347,5.000042332713926e-05,0.08269602041936866,0.0006173821688088059,5.000009521953347e-05,0.08349463295907858,0.0004941100662546667,4.999984685628627e-05,0.08457571707704865,0.00028804120226687946,5.128744708102595e-05,0.08786268933499979,0.0005256518153467377,5.0731321442714784e-05,0.08786272670536896,0.0005296720149152884,5.052306505301275e-05,0.15781904047829556,0.03123359449193768,9.907667865676636e-05,0.9113324914421056,0.0009436554087225186,5.746247077695641e-05,0.9113770299083818,0.0009553455174630335,5.0017168450299234e-05,0.9120265238909587,0.0010880313268504295,5.000008314534493e-05,0.9150616924324283,0.00028804233359411963,5.1497152154992265e-05,0.9164641288288913,0.00041020499426991944,5.000016774801627e-05,0.9169950689793408,0.00045293267014376515,5.000032440062057e-05,0.9310865928847339,0.001049411380891619,4.99962307380403e-05,0.9498836014780233,0.0005628971960509859,5.0000056442882475e-05,0.9586748920199897,0.000484208411927035,5.000000161765657e-05,0.9690902427613103,0.0003956730314341673,4.999982579913244e-05
4.0805,2.5701472090355924,0.9071372390121976,1.2964200964489285,0.7616310252029463,0.22186900719948596,-0.5938483729700265,0.13430906094818942,5.102484615108876,-10.467113890982938,1.1729969348671365,-3.3576983040351736,-2.677228426349956,2.636761854210553,-35.11526475169547,-18.680172854866143,-2.368606073914391,-125.37184010031352,100.47061888641751,-16.479641416183725,6.800088964822875,6.800091628557161,6.800089022240851,3.886470834990544,0.03012449171538249,0.0002644047434599326,4.999999594918499e-05,0.042475354315121394,0.00031722622468568877,5.000004653260477e-05,0.06239604873660541,0.0012948556770108859,4.999815688855228e-05,0.08084342595848884,0.000858203703952164,5.0000408203581304e-05,0.08202439362201927,0.0006716267973494,5.00000827794843e-05,0.08296575530932969,0.000528877649748882,4.999986594816269e-05,0.0842858019456217,0.0002899151314269516,5.1304236577533404e-05,0.08733383315913183,0.0005288561758679494,5.0002098985761916e-05,0.08736382153016395,0.0004989051752050076,5.112062972219741e-05,0.1416709600255559,0.016148080452739664,9.660921867014952e-05,0.9102624279356593,0.0010700635064463658,5.9459887988907145e-05,0.9102934780920253,0.0010835518163563593,5.002511925290852e-05,0.9106840253639554,0.0013424985270032495,5.000041466275538e-05,0.9147717761696864,0.00028991626274182746,5.151665551619602e-05,0.9160524780271949,0.0004116508016963798,5.000014157521715e-05,0.9165626194245454,0.00043244955479527445,5.000034344213757e-05,0.9300455289944536,0.0010410638902803447,4.999812001324722e-05,0.9492619643152227,0.0006216371628006201,5.000005168174692e-05,0.9581481575584498,0.0005267344615397762,4.999999130167143e-05,0.9686900289338249,0.00040021382748537066,4.999983685169774e-05
4.09965,2.66150984986176,0.7030904465403264,1.3184804300689101,0.7573329703455843,0.17656815319061825,-0.6166585868290335,0.12249420863879254,4.429772452271679,-10.824974769214334,1.1276209388107394,-5.759478905979491,-0.7524869268739943,2.3210571229988326,-36.41542022471089,-14.303141257723404,-2.5211926955625783,-147.66194758851088,111.4318697829878,-19.27764736762714,6.800086327435383,6.800091329975109,6.800088267991791,3.495758218152337,0.029855503033762776,0.0002689886816197116,4.999999295484515e-05,0.042174132153470066,0.00030122216165133194,5.0000045286725666e-05,0.06114489800027796,0.001251150736327454,4.999895669374322e-05,0.07988713657791266,0.0009562893805761757,5.000038786635168e-05,0.08129342425481194,0.0007309693672073284,5.0000064803704255e-05,0.08240267135411573,0.000563083955213964,4.999988675816671e-05,0.08399331968895976,0.00029248225666194826,5.132740776564935e-05,0.08680317868242456,0.0005306544767072814,5.00009480185139e-05,0.08689224341766366,0.0004715781125002773,5.1002262199490375e-05,0.13189272523864193,0.009778234786913947,9.131256273480267e-05,0.9090350168610214,0.0012274110746379452,6.214173628265597e-05,0.9090510718499716,0.0012424062420538676,5.003869942690263e-05,0.9091803554074502,0.0015036699565051982,5.000117504875596e-05,0.9144792927816983,0.00029248338798812834,5.1543576256993984e-05,0.9156431185311589,0.00040935949603599465,5.000011262110793e-05,0.9161493497151053,0.0004132697094401594,5.000035881626029e-05,0.9290183329445753,0.0010271960498783352,4.9998920811255456e-05,0.9485732740919373,0.0006886902232854795,5.0000042724020904e-05,0.9575744869290292,0.0005736706294207006,4.9999976835250004e-05,0.968285793104106,0.0004042358297188625,4.9999848476319694e-05
4.11881,2.7397461827271212,0.4929327652355734,1.339598701598769,0.7668392803170359,0.11127503095960481,-0.6248370995889353,0.09568547066566072,3.7321528764771403,-11.098983726825411,1.0793218015792778,-8.588276832847576,1.3822420766169259,1.9517502717821373,-40.85401989925376,-8.815387181891033,-0.7168395172396532,-70.18412433157333,40.42097711571911,-9.571368266592742,6.8000804958266325,6.800090689899925,6.800088474495083,5.296691905453855,0.029581824275995098,0.00027367875776767594,4.9999989608487265e-05,0.04188735826107831,0.0002867738923917559,5.000004402542359e-05,0.05994661935867015,0.0011982786416078095,4.999936549662028e-05,0.0788174333139877,0.0010697032639249576,5.0000357378552535e-05,0.08050046907976335,0.0007929551750485757,5.000003884655369e-05,0.08180909139011654,0.0005935799639991841,4.99999086022976e-05,0.0836976326134014,0.0002956870755583632,5.1356616390425755e-05,0.08627291832280269,0.0005302603596218806,5.000056137582333e-05,0.08644503730449599,0.0004472061131676771,5.090169677801076e-05,0.1253516099817203,0.00654111525692163,8.294679008234748e-05,0.9076092909568585,0.0014257259041629434,6.56822168764473e-05,0.9076093402611305,0.0014417315888410694,5.0066224798672805e-05,0.907609388820011,0.0015709665874392537,5.000361508946439e-05,0.9141836045747803,0.0002956882069180535,5.1577513329776755e-05,0.915240367877739,0.0004027506534198978,5.000008348614941e-05,0.9157540382395639,0.00039531147554136965,5.0000369870953224e-05,0.9280117297891065,0.0010066031554687496,4.999933081551765e-05,0.9478094835168784,0.0007637905750588382,5.0000027430876644e-05,0.9569499145453023,0.0006245723837268631,4.999995673417827e-05,0.9678781882138324,0.00040760489027352205,4.999986051965152e-05
4.13797,2.8037855120015833,0.2784608179355147,1.3600971207395502,0.7822980025997729,0.030180688774965714,-0.6197028383672186,0.05539830440627693,2.9495019045606052,-11.267862367476722,1.065589122487739,-9.932812162704312,2.1565971364971275,1.768389106959365,-43.8740240548296,-0.8944023332267207,1.2862968036043996,-3.503524372171028,-17.517947534150977,-1.0443906003772971,6.800057473650841,6.8000893564527605,6.800089444400656,6.7999078464844365,0.029303396236864537,0.00027842803913056386,4.999998587383123e-05,0.04161354387827739,0.0002738143828009148,5.000004278525626e-05,0.05881091577130361,0.0011357035873665357,4.9999601201179796e-05,0.07762120167900108,0.0011962316349866252,5.0000309954101104e-05,0.07964734105697596,0.0008531280227873988,5.0000002182137896e-05,0.08119169362926983,0.0006173977608467136,4.9999930283626025e-05,0.08339805752577933,0.00029957508762205333,5.139247312734424e-05,0.08574656672353646,0.0005263515992662253,5.0000362307589884e-05,0.08601946071564243,0.00042557658885355917,5.081676711259277e-05,0.12066370827030945,0.004687901711410851,7.33704482560148e-05,0.9059299297551682,0.0016793612016902215,6.62615520011977e-05,0.9059367910137044,0.0016725492474261262,5.001397389079213e-05,0.9060358814666045,0.0015735073534063455,5.523288958558007e-05,0.9138840283557411,0.0002995762190392269,5.1619175405465545e-05,0.9148479532253226,0.00039241465241637326,5.0000056645430326e-05,0.9153752815151768,0.00037875672438717937,5.000037706957837e-05,0.9270335777638603,0.000978152025246138,4.9999568345242824e-05,0.9469640966193575,0.0008453868975208772,5.0000002870479396e-05,0.9562714119176964,0.0006785026276058659,4.999992905651244e-05,0.9674679206884921,0.000410267525340317,4.999987262427934e-05
4.15712,2.852235562509532,0.06216839033827506,1.380711907271796,0.7922073476399244,-0.05603257120882315,-0.6075959246694457,0.009832265309575209,2.1089959359171364,-11.284996663125241,1.0902310413490088,-9.999930080641759,1.8210013078027627,1.7483814474815098,-42.91021674267246,7.808739673653715,1.8979772635431056,-0.0026425491605341638,-19.802408626201903,-1.2278524815752354,6.736393424862243,6.800087397373068,6.800090215680134,6.799984213062873,0.02902019887635987,0.00028319736050466454,4.9999981706593784e-05,0.0413512032528568,0.0002623406254205907,5.0000041603339794e-05,0.057746423032586376,0.0010644927387172356,4.999974799642533e-05,0.07629495661113994,0.001326245067861123,5.0000237005827116e-05,0.07874236369584252,0.0009049773611334454,4.9999952178471026e-05,0.08055891864682238,0.0006327749824474383,4.9999950481696374e-05,0.08309383472862104,0.0003042227971582913,5.1435943376197084e-05,0.08522899661975189,0.0005175701037845657,5.0000238784060046e-05,0.08561285992313547,0.0004066007925069493,5.0745667007271264e-05,0.11712591460400107,0.00353779366630837,6.541171745326305e-05,0.9039213224994784,0.002008607255689738,7.125439555537463e-05,0.9039213521369988,0.002015438876705586,5.008898950454233e-05,0.9045421396015121,0.0014937418650924788,5.472815607583161e-05,0.9135798044270806,0.0003042239286605417,5.1669683092029247e-05,0.9144679180178167,0.00038003520750598795,5.000003357691214e-05,0.9150114377909512,0.0003638437242256074,5.00003815721639e-05,0.9260922393812208,0.000941338382639623,4.999971798197481e-05,0.9460342779907569,0.0009298186286006282,4.9999965313247556e-05,0.9555374971038485,0.0007339148138478973,4.999989135852243e-05,0.9670556796748443,0.00041224101364775294,4.999988440073076e-05
4.17628,2.884715155673736,-0.15285158441030938,1.4019421856963097,0.792321310777249,-0.14179896771258266,-0.5923056427883705,-0.03599479797397022,1.2869538719631013,-11.135402627823469,1.1265910801811883,-9.999980704636018,1.4416414701220552,1.7248591615364604,-20.389615038330486,8.145351927848232,-4.108928013467745,0.0003989654500964659,-10.774543604177035,-79.25457826376437,0.0005771628291171704,6.800087850735568,6.800089788607592,0.02968603747613846,0.028732311581934986,0.00028788729442488607,4.999997708751714e-05,0.041098917198890604,0.00025228605396619794,5.000004050275752e-05,0.05675877073885043,0.0009876522937359432,4.999984373358227e-05,0.0748582145812985,0.0014367420298414392,5.000013108545041e-05,0.07780048798753035,0.000941875708312176,4.999988668929667e-05,0.07991933553577765,0.000639583111044723,4.999996826109372e-05,0.08278420460388167,0.00030963012473938313,5.148735090473817e-05,0.08472612746273661,0.0005028691570152892,5.000015456059123e-05,0.08522275643020132,0.00039010349293416293,5.0686461794871835e-05,0.1143448271245575,0.002781087479443568,6.009471654013775e-05,0.9014793794553515,0.0024419430441269293,6.72135236532729e-05,0.9014812622069408,0.002440089930057995,6.678306762791904e-05,0.903123655537191,0.0014184840643211493,5.427119571978209e-05,0.9132701731707236,0.00030963125635704854,5.1729410952890294e-05,0.9141003236638341,0.00036759435398257964,5.000001454204438e-05,0.9146607867252032,0.00035065106574807734,5.000038451601246e-05,0.9251954121719322,0.0008968272092885084,4.999981773936932e-05,0.9450231466344495,0.0010111313563074603,4.999991042707519e-05,0.9547486742191919,0.0007888228846566606,4.999984062782268e-05,0.9666421288168848,0.00041355085795954385,4.999989560698939e-05
4.19544,2.905581512947177,-0.3648057079549392,1.4227823975357972,0.7826609494371668,-0.22199784730957206,-0.5749838359457153,-0.08691513595130862,0.8963447699431347,-10.97936002494979,1.0478752889027307,-9.999973061552227,1.2352307657516812,0.20655881165820245,-20.900896413209676,13.613694974212347,-3.9955520496125185,0.00012814436401849402,5.051875457801521,-69.04069322602207,0.9014551051969485,6.80008642898728,6.800090511968314,0.8883147279775552,0.028440138604516156,0.00029217297741883217,4.999997214207266e-05,0.040855738374340714,0.0002431788245498864,5.000003944537121e-05,0.05585017076463327,0.000908599974217155,4.99999081879984e-05,0.0733625735649889,0.001495641016309605,4.9999992502963496e-05,0.0768395183525568,0.0009609696349735467,4.999980339207032e-05,0.07928133624448087,0.000637999291296784,4.9999983585331855e-05,0.08246880447321901,0.0003154001306626456,5.1543193398345154e-05,0.08424415868799887,0.0004819687747377484,5.000009469448221e-05,0.08484747707731025,0.00037527935289105975,5.063533683283459e-05,0.11208925235658028,0.0022555747679772285,5.6794567056632125e-05,0.8984578356759158,0.003021543779435753,7.306317826922936e-05,0.8984926359639659,0.0029886262429749525,7.289275928067541e-05,0.9017787136918889,0.0013449418453021045,5.384526943750417e-05,0.9129547719083063,0.0003154012624172161,5.1794287544056076e-05,0.9137440593433075,0.00035626432052669044,4.9999999075059994e-05,0.9143222147030646,0.0003385720221385554,5.000038562221339e-05,0.9243494787431434,0.0008459334287887909,4.999988719170596e-05,0.9439404577476018,0.0010826888868476132,4.999983314864065e-05,0.9539072133841685,0.0008414608350233245,4.999977273279758e-05,0.9662282269600917,0.0004139018567931311,4.999990657508734e-05
4.2146,2.9188403597157424,-0.5727700482923367,1.4421454561953695,0.7642111163319921,-0.29231202670492507,-0.5556593365355988,-0.1475788451859193,0.49594091905980525,-10.718558967202785,0.9713314701381675,-9.999970606657671,1.3320108438639424,-1.1160715142775943,-31.73353662974742,30.935550824885333,-0.9021238287927413,0.0011395474200318297,12.661223728749858,-0.9781567900891585,6.800023852421915,6.800083285082165,6.800091428215766,6.7632921948896385,0.028144345426680203,0.00029579317783595373,4.999996703714264e-05,0.04062107241374187,0.00023466596059885082,5.000003839987176e-05,0.055019371338656815,0.0008307994259764605,4.999995217300039e-05,0.07187326771919923,0.001489305845789676,4.999982894021395e-05,0.07587489782155778,0.000964620530999023,4.9999698149617206e-05,0.0786524516382785,0.0006288846062023791,4.999999655455616e-05,0.0821476468097869,0.00032115766343212193,5.159992981076868e-05,0.08378694814801431,0.0004572105399845592,5.0000052059085005e-05,0.08448594493169827,0.0003615321456119732,5.05896851466051e-05,0.11021478484755645,0.001874467509023826,5.473792160488416e-05,0.8946456984758082,0.003812137200107546,7.991257752288641e-05,0.8947760407531183,0.003716595210847588,7.937152957426553e-05,0.900507073934555,0.0012716397573338991,5.344166843076406e-05,0.9126336131129713,0.0003211587953349987,5.1860197530107846e-05,0.9133973910660437,0.00034666827726379814,4.999998651558159e-05,0.9139950685858221,0.0003271461172425138,5.000038459399521e-05,0.9235586380514983,0.0007908406916451477,4.999993664998661e-05,0.9428008359334284,0.0011396218141733459,4.999972657387196e-05,0.9530166506210018,0.0008905627631666784,4.99996817013909e-05,0.9658152156267713,0.00041301133332031294,4.999991746307058e-05
4.23375,2.922339718779181,-0.7726264121746101,1.460629311648788,0.738760158737038,-0.35596189706524933,-0.5314516961229672,-0.21233322973152002,-0.11198660794652604,-10.125918659600837,0.9540492518121662,-9.999948776054513,1.5745651648682208,-1.134810315608232,-25.319484996415287,36.743694213331665,-2.214668364218428,1.9265267867571763,11.410004000085571,-0.8850116397124089,6.800029580721494,6.800079048688942,6.800092086631372,6.80005286880821,0.027845534251027076,0.00029881117565312514,4.999996178085312e-05,0.04039402654101625,0.0002270458727256115,5.0000037421289e-05,0.05426056404339308,0.0007588072952637357,4.9999981652499116e-05,0.07043592095801182,0.0014373467611874138,4.999964104659679e-05,0.07491735007994163,0.0009575477416161471,4.9999565159799277e-05,0.07803720475058039,0.0006152468876981096,5.0000006917989845e-05,0.08182058376723285,0.00032706304255405115,5.165917503912599e-05,0.08335394633902049,0.0004330018089938095,5.000002188635561e-05,0.08413663739464447,0.00034930753705380023,5.0550514930136917e-05,0.1086203607448419,0.0015944241027145496,5.344271820338359e-05,0.8897418214065447,0.004903877069263479,8.634775199172088e-05,0.890094857187522,0.004681183565596296,8.543328909680412e-05,0.8993036764949559,0.001203397439599013,5.308510148372473e-05,0.9123065489383483,0.00032706417462307014,5.1929016754382526e-05,0.9130581057986481,0.0003392852673954852,4.999997611699012e-05,0.9136781750566866,0.0003168935291354998,5.0000383028117947e-05,0.92282283864974,0.0007357994017583749,4.9999971459242036e-05,0.9416210622458989,0.0011797736875294907,4.9999581047324025e-05,0.9520816780358713,0.0009349725851304619,4.9999560725132084e-05,0.9654039558542229,0.00041125977254847325,4.999992763474241e-05
4.25291,2.9153336074693486,-0.9600247598701892,1.4785392018053343,0.7074932326082259,-0.41554298472189827,-0.5006653609360555,-0.2758863632324488,-0.5970384973257771,-9.422010254533621,0.9116222800722318,-9.963041806659653,1.793149547562019,-1.15176471132465,-14.823937159618742,32.52981419142615,-5.006316654300746,246.13027342638486,-201.49645196045216,-32.09905057355833,1.260275502226818,6.800070248160637,6.800092711004613,6.800079868113027,0.02754427260782277,0.00030126164320430827,4.999995639897867e-05,0.04017353411469559,0.00022049242632066128,5.000003654754955e-05,0.05356500915817935,0.0006955548852137329,5.00000010701635e-05,0.06906803691900441,0.0013678840390074038,4.999941409144e-05,0.07397285427863137,0.0009444958013102475,4.999939717417275e-05,0.07743744305456142,0.0005997616960189623,5.000001482367184e-05,0.08148738773298775,0.0003331960342450965,5.172183023794954e-05,0.0829417364301414,0.0004122099088790989,5.0000000189028164e-05,0.08379778329443144,0.0003388541002130325,5.051808582227901e-05,0.10723360678373403,0.0013867539611078679,5.2609640300540715e-05,0.8833182662174361,0.006423555189108543,9.143682487993448e-05,0.8841510929244663,0.0059437642630558235,9.02838101470597e-05,0.898160559674106,0.0011431168208498612,5.278574774373339e-05,0.9119733517718455,0.0003331971665026882,5.2001791255250834e-05,0.9127240492447471,0.00033405655390095944,4.999996727661778e-05,0.9133700553130844,0.00030811974360221527,5.0000382081787645e-05,0.9221382431393808,0.0006845955103592138,4.9999995640505615e-05,0.9404167710731115,0.0012042911727875038,4.999938210190021e-05,0.9511074250750075,0.0009742529608638853,4.9999402465552835e-05,0.9649948719433831,0.00040908391083983105,4.999993670984186e-05
4.27207,2.9010412731788136,-1.1346257571036518,1.495137028715091,0.6708476904131452,-0.4595208456137519,-0.4858628404908741,-0.3205375763114298,-0.8810244760425783,-8.798828233377142,0.8157149836819937,-5.24786082348396,-2.066969832451841,-1.7666944830079583,-14.425652163188817,42.828566765511596,-6.525181047967092,-3.465710681919304,9.293866834073048,0.5483701994275678,6.799761340680812,6.8000015247034336,6.80009313987337,6.800085967384959,0.027241199206920443,0.0003030734009023228,4.99999510215682e-05,0.039958769568787,0.0002147645459085891,5.0000035755097677e-05,0.05292408815912835,0.0006409209990509978,5.000001394172194e-05,0.06777021863825988,0.001297818280744532,4.99991184766432e-05,0.07304367515656973,0.0009291791220616507,4.999918356739011e-05,0.07685412403475027,0.0005833190198111407,5.000002078902778e-05,0.08114805354383486,0.0003393341891528821,5.17856858549685e-05,0.08254618974526796,0.0003955466848734292,4.999998409898725e-05,0.0834680129247338,0.00032977036969764225,5.049070420365254e-05,0.1060051802914877,0.0012284264922463302,5.2049949851693436e-05,0.8747393854639044,0.008578880753531755,9.498646256897384e-05,0.8765631194003367,0.007587973524129511,9.376725165213763e-05,0.8970712091334276,0.0010893505406783586,5.2531242066411304e-05,0.9116340164502308,0.00033933532161475096,5.207595343982977e-05,0.9123934791653251,0.00033057007942207685,4.9999959649369586e-05,0.9130695771187303,0.00030047819435405473,5.000038141008736e-05,0.9214998221107794,0.0006384210286013455,5.000001258097359e-05,0.9392000776220012,0.0012166934511102492,4.9999104548697804e-05,0.9500983911512869,0.0010090339237204472,4.9999196691435105e-05,0.9645883737797295,0.0004064981636536477,4.999994486023271e-05
4.29123,2.8814059575652835,-1.2953722073109653,1.5096576945007565,0.6319309708458059,-0.4905707401625621,-0.48933708434232476,-0.3472115841576225,-1.1573804065946125,-7.97835035904605,0.6907104112625221,-5.314254334826897,-1.8889248339795368,-1.7561892139888895,-10.294078621064768,41.75633817717488,-9.501438910236564,57.39027792908566,-44.373750431526354,-7.43884040957919,5.415545753253941,6.799795580668452,6.80009340916439,6.800088598144313,0.026936951070923084,0.0003042481359973581,4.999994575000346e-05,0.03974899700795043,0.00020977256083656897,5.00000350389083e-05,0.05232958435670184,0.000594503802426518,5.000002246091602e-05,0.06653697643339945,0.001233242204860422,4.999871232833491e-05,0.0721300149086243,0.0009136602479454289,4.999891430759687e-05,0.07628724775490525,0.000566876279845023,5.000002517818708e-05,0.0808026928638034,0.0003453606800314659,5.18494952639981e-05,0.08216339119734879,0.0003827985479191725,4.9999971760081434e-05,0.0831461129324878,0.0003218999922459877,5.04675807273226e-05,0.10489932625341158,0.0011058540380761144,5.166226330033941e-05,0.8630625267331652,0.011676858730739176,9.722886265142109e-05,0.8668717810600924,0.009691338340244333,9.607789844891627e-05,0.8960293166650625,0.0010418924683652528,5.23164717463828e-05,0.9112886546375217,0.0003453618127090589,5.2150054976347754e-05,0.9120649930304472,0.000328486134877925,4.999995300613539e-05,0.91277572582814,0.0002938512905902161,5.000038107818578e-05,0.9209018426995206,0.0005979794112588752,5.0000024507126196e-05,0.9379797279248995,0.001220349697101776,4.999871031549669e-05,0.9490583156496925,0.0010400755015945382,4.9998933858209646e-05,0.9641846983325951,0.0004036754471343059,4.999995210975832e-05
4.31038,2.8572475315277845,-1.4405779607712361,1.521234246022632,0.5917581301517836,-0.5178714456108635,-0.4953456506351304,-0.3691440199430382,-1.3545867196484898,-7.178413443691524,0.5086889011139439,-4.214814012662188,-2.739004189412813,-1.8986969939049485,-7.490652806145896,42.447468300747325,-12.303565256377013,53.27450205213783,56.109526572604366,7.885189730663844,6.79988050061069,5.512805764401636,6.8000935950143395,6.800089965928862,0.026632094541535666,0.00030485652938742213,4.999994062744263e-05,0.03954345900771093,0.00020553800023950325,5.000003440823238e-05,0.05177375413203326,0.0005558302246685791,5.0000028052281685e-05,0.06536133928751478,0.001175637145884661,4.999813958648156e-05,0.07123096627100661,0.0008990486376176836,4.9998583830612095e-05,0.07573578210460535,0.0005514656502999057,5.000002826206714e-05,0.08045140952139623,0.00035128334240717426,5.1913280657238277e-05,0.08178994194320617,0.00037344925414261893,4.999996198632606e-05,0.08283084761809655,0.0003152653143912562,5.0448521588833636e-05,0.10388871694832577,0.0010106093050858047,5.1388751488097895e-05,0.8469157433716996,0.016146783361465588,9.853510521825596e-05,0.854576120406721,0.012295660653371359,9.752780317122072e-05,0.8950279871453901,0.0010013295196722766,5.2140292103702424e-05,0.9109373701622097,0.00035128447531199017,5.222412151858364e-05,0.9117374147650555,0.00032757826539171585,4.999994716273237e-05,0.9124874362480753,0.00028828958006471426,5.000038150039062e-05,0.9203381955107887,0.0005636471887319807,5.000003296270129e-05,0.9367616591448327,0.0012180687800668539,4.9998145775262505e-05,0.9479900866025502,0.0010682290471421224,4.999860882412075e-05,0.9637837455580938,0.00040095277450135806,4.999995839739607e-05
4.32954,2.8298448683458597,-1.57031710720194,1.5287971651567018,0.5559021324211664,-0.5374654848423395,-0.5032664645015648,-0.3857845150938306,-1.4980870829781334,-6.365236370715579,0.27298633549890455,-3.1942206680587426,-1.664099550551862,-1.7476383851886232,-5.129076205380936,41.3781389597106,-13.985144553057962,90.02093718901911,82.63132798092923,12.017467267143374,6.800006385324016,4.7447465610672745,6.800093741321515,6.800090774868141,0.026327123037412394,0.0003049715041232696,4.999993568529381e-05,0.03934146657836689,0.0002019924293440406,5.000003385762124e-05,0.05124992496259836,0.0005238291694348972,5.0000031721303036e-05,0.06423633485899184,0.0011250044285229359,4.9997322792683624e-05,0.07034493975433381,0.0008860265166728051,4.9998189828018963e-05,0.07519827510834154,0.0005375069962638082,5.000003031580237e-05,0.08009431717084149,0.0003570923505547372,5.197687605984362e-05,0.08142303703412437,0.0003669049090818,4.9999954035900024e-05,0.08252109731259648,0.00030975030550007193,5.0432981341622765e-05,0.102952847838609,0.0009358691097167801,5.1191200873360756e-05,0.824319741150706,0.0225960022209936,9.925126630873242e-05,0.8391590844159692,0.015417035990751839,9.84161698597916e-05,0.894060747327078,0.0009672398183120787,5.1997519023890195e-05,0.9105802766785123,0.00035709348369743796,5.2297960182688077e-05,0.911409753367964,0.0003276613970915081,4.999994199167005e-05,0.9122037335923949,0.0002837026556803169,5.000038273271811e-05,0.9198032447423516,0.0005349507684369428,5.000003909311539e-05,0.9355494671745856,0.0012121919702470008,4.9997334913241037e-05,0.9468955541545386,0.0010945324480116129,4.999821959945949e-05,0.9633852220993537,0.00039852345874004114,4.9999963793210456e-05
4.3487,2.8001524358017753,-1.6846681114266093,1.5314924683139517,0.5334280129760555,-0.5449996531703791,-0.5074991555829534,-0.40109566109746136,-1.5963461156773535,-5.572544715089629,0.005069322587184148,-1.469666409810337,-0.08110993742423107,-1.5174166723731186,-4.101611475987117,44.84895085954697,-14.880518955733097,0.20493487079264075,2.4752431335738296,0.04194217470761973,6.800052299010668,6.793571039398933,6.800093859994328,6.800091227830761,0.026022451547887977,0.0003046714895244191,4.99999309334059e-05,0.03914237548808197,0.00019909109028491988,5.000003338368785e-05,0.05075236387196167,0.0004975610906366886,5.000003411514041e-05,0.06315557767106218,0.0010807571879296591,4.99961745017309e-05,0.06947001083737232,0.0008749289169614835,4.999773614054423e-05,0.07467298988379999,0.0005252852245415519,5.00000315522078e-05,0.0797315147101822,0.00036280246065929707,5.204038534013906e-05,0.08106038171327365,0.0003626553208507147,4.999994742811015e-05,0.08221581848039398,0.0003052788322024908,5.042058368700254e-05,0.10207586390240064,0.0008769839362083577,5.104616974470012e-05,0.7926031894417774,0.03171655170892865,9.96234315833691e-05,0.8201361722792522,0.019022912136717078,9.895722647658779e-05,0.8931214555876326,0.0009392917394454317,5.188408571311233e-05,0.9102174730844617,0.00036280359405069435,5.237169142898646e-05,0.9110811454004359,0.0003286079675280061,4.9999937393175825e-05,0.911923698349143,0.0002800352432519411,5.000038488408362e-05,0.9192918913134749,0.0005113534288768136,5.000004367419912e-05,0.9343450490957198,0.0012044180788658185,4.9996191131225125e-05,0.9457756112393194,0.0011199429152192004,4.999777025473959e-05,0.9629886430328419,0.0003965790665117851,4.9999968361662436e-05
4.36785,2.7687800278702324,-1.7831956106019173,1.528866676651815,0.5195502045866646,-0.5452329662766302,-0.5099694947694389,-0.4155994478560157,-1.6749217421645763,-4.713361822776442,-0.28000060815761546,-1.4657404197559682,-0.03369106777569806,-1.5166131753395302,-2.850595618171803,43.69268800334814,-14.858734236937618,33.92722584878481,30.585159852615956,4.350132196766515,6.800071752604361,6.046261724915493,6.800093949685835,6.800091426587728,0.02571841721014345,0.00030403433774452225,4.999992636183422e-05,0.038945545541983255,0.00019682994609871061,5.000003298789884e-05,0.05027601060795806,0.0004763532640036066,5.000003564867695e-05,0.0621133904091144,0.0010421872619477874,4.9994652628117966e-05,0.0686041200968734,0.0008658907404989211,4.9997233468244136e-05,0.0741579106626208,0.0005150792211791946,5.000003212384583e-05,0.07936306517786468,0.0003684495323175243,5.210416382444636e-05,0.08070007902876151,0.00036030268451214337,4.999994183589016e-05,0.0819139776284622,0.00030184085193178965,5.0411175417100376e-05,0.10124491802949598,0.0008309458729046635,5.0939308578729695e-05,0.7487623301405589,0.04384085930121852,9.980730333849934e-05,0.7971098311696991,0.023026341109553136,9.928902722879384e-05,0.8922040255846934,0.0009174300029390854,5.179763296633489e-05,0.909849022418492,0.0003684506659696954,5.2445727553268056e-05,0.9107508057739475,0.0003303396264884281,4.9999933282390565e-05,0.9116464044449696,0.0002772939041733941,5.000038819700392e-05,0.9187994236868575,0.0004924676266173378,5.0000047237703165e-05,0.9331490875511507,0.0011959615445691811,4.999467284883641e-05,0.9446303045862682,0.0011453066530511934,4.999727165651057e-05,0.962593295937375,0.00039534709546693275,4.9999972139375096e-05
4.38701,2.7361400517619865,-1.86547538536901,1.5207732109384033,0.5089000909475269,-0.5425766190490051,-0.511763433276627,-0.4298054123710215,-1.7295313359476334,-3.8763297555332623,-0.5646532034387262,-0.8157878238923664,0.5522367098065935,-1.4332765734540713,-2.1149360222048688,44.08328499347592,-14.533552383702776,26.347071041412,22.56147434344442,3.265638020265863,6.800080183260695,6.232230320486402,6.800094011830892,6.800091433064545,0.02541528315394173,0.0003031340562017194,4.9999921942303005e-05,0.03875033001263997,0.00019521552934328724,5.0000032672241495e-05,0.04981635635692882,0.0004596542510292456,5.000003659749082e-05,0.06110473471346432,0.0010086556956500831,4.999287991685546e-05,0.06774515719141902,0.0008589629054543849,4.999669197475057e-05,0.07365081736900028,0.0005070932936205142,5.0000032140390544e-05,0.07898898213383078,0.00037408304403389425,5.216874923338577e-05,0.08034052581731527,0.00035955321144625724,4.999993702180489e-05,0.08161453276018948,0.0002994448682727191,5.040468369153458e-05,0.100449302044815,0.0007956159846809734,5.086119319491248e-05,0.6907778018019725,0.05798452833858649,9.989402634033099e-05,0.7697648288204636,0.02734500234923553,9.949768640862104e-05,0.891302376509998,0.0009016490746954728,5.173647127950504e-05,0.9094749382405307,0.00037408417796117765,5.252069235340193e-05,0.9104179897741037,0.00033281599984382116,4.999992957995497e-05,0.9113709034691253,0.0002755009758442773,5.000039294536443e-05,0.9183214724709072,0.00047795121595027937,5.0000050163942765e-05,0.9319613515457896,0.0011877360053610753,4.999290312131744e-05,0.9434588839432737,0.0011714206429943922,4.9996734091571365e-05,0.9621982503336047,0.0003950456037701862,4.999997515989162e-05
4.40617,2.702602441468696,-1.9316486918729734,1.5072707654536035,0.5038966121474969,-0.5352097408598325,-0.5129227094832566,-0.4433421124280237,-1.7700477095481213,-3.0318149212403522,-0.8430762062804276,-0.311050204226896,0.9844526794054452,-1.3707159055738622,-1.758704093102445,45.10646505249534,-13.875447730826755,1.6006070087085904,0.6143127034182052,0.016114823675885553,6.800084505388432,6.7946357413407155,6.800094046740249,6.8000912602049155,0.025113249840824532,0.00030203331311719987,4.9999917640032015e-05,0.038556095197356685,0.00019423481528328153,5.000003243482504e-05,0.04936944144507712,0.0004469149118517068,5.000003714669329e-05,0.06012511162264552,0.0009796230908188017,4.999125306475947e-05,0.06689099955898278,0.0008541576324362372,4.9996109387102655e-05,0.07314944255865534,0.0005013748103449346,5.0000031680932274e-05,0.07860923442319054,0.0003797477106402317,5.223465721829491e-05,0.07998033472151135,0.00036019109580390707,4.999993281078635e-05,0.08131646219225629,0.0002980705679331984,5.040098657911368e-05,0.09968005660199362,0.0007692454428213803,5.0805091492580235e-05,0.6198066457968868,0.07097115600508565,9.993255596682353e-05,0.7377685108497075,0.0319963179707561,9.963528816380702e-05,0.8904106032420505,0.0008917732679474607,5.16987262414303e-05,0.9090951893956714,0.0003797488448594123,5.2597183688094925e-05,0.9100819712085008,0.0003360185656030016,4.999992621651233e-05,0.9110962550966605,0.00027464837246485454,5.000039931794998e-05,0.9178540653762944,0.0004674070946128436,5.0000052726897707e-05,0.9307809025625527,0.0011804489832368966,4.999127885120562e-05,0.9422598256160691,0.0011990583272045948,4.9996155382497397e-05,0.9618024266942403,0.00039582363936440946,4.999997747460403e-05
4.42533,2.6683608422455634,-1.9814555866683896,1.48854802554487,0.501357730538139,-0.525625587963202,-0.513844105435564,-0.4564269926481542,-1.803739656415885,-2.1676987632683544,-1.1088917289410753,-0.28038696388698814,0.9962212259420301,-1.3704071897499777,-1.5904943522460653,41.515703405853536,-12.541291674096845,100.87850437648557,84.17470395409568,12.914176075525113,6.800086895961549,4.583034036567148,6.80009405763168,6.800090945276195,0.02481246667899572,0.00030078316182881483,4.99999134180986e-05,0.038362193556182804,0.00019390164117388372,5.000003227670768e-05,0.04893164545272083,0.0004377959923562875,5.0000037410157534e-05,0.059170493436432894,0.0009546181862126226,4.999032873060865e-05,0.06603954927403122,0.0008514502849515689,4.999546688112884e-05,0.07265141841083556,0.0004980241478197808,5.0000030781841955e-05,0.07822374383447604,0.0003854905887144972,5.230246177991234e-05,0.07961827121115456,0.0003620635103567977,4.999992907138485e-05,0.08101872047998092,0.0002977417122753756,5.040011015259488e-05,0.09892928861448398,0.0007507679875096386,5.076690573248459e-05,0.5414639169660816,0.07834272883080518,9.994643546167333e-05,0.7006381520664478,0.037130358783259716,9.973147702688458e-05,0.889522707965923,0.0008878952761274203,5.168401397424954e-05,0.9087096976724259,0.00038549172324538975,5.267586678781862e-05,0.9097420246829168,0.0003399465255839801,4.999992313289608e-05,0.91082148538154,0.0002747697151205725,5.000040761041738e-05,0.9173934327306865,0.0004606326456079188,5.000005513009923e-05,0.9296062739766914,0.00117462858586131,4.999035685605875e-05,0.9410308767514476,0.0012289488646214802,4.9995516787396505e-05,0.9614045690902294,0.0003978576040109008,4.999997910227316e-05
4.44448,2.633529058186262,-2.015366818654249,1.4649587649768008,0.508096289522893,-0.5081638920160654,-0.5143689151405537,-0.4680122558967205,-1.8342091659937143,-1.3723717501490558,-1.349148480713009,1.6521685028808006,2.608777689734788,-1.1230069955478983,-2.828791573183037,45.02404044145669,-10.704067899311468,8.419368538354055,2.7934540491979716,0.953750867004977,6.800088412633396,6.676873024772829,6.800094054419346,6.800090416719499,0.024513042111486385,0.00029942456750933245,4.9999909239033294e-05,0.038167987246492625,0.0001942063096901809,5.000003219448961e-05,0.048499731142263545,0.0004319143104572801,5.0000037458622036e-05,0.05823724605454181,0.0009332473818910938,4.9990370026238695e-05,0.06518874746496946,0.000850801809061747,4.9994723478071617e-05,0.07215441032191046,0.0004970080889250916,5.000002945624849e-05,0.07783238890020072,0.00039135493427532064,5.237272376068325e-05,0.07925320289172183,0.00036506831943271354,4.999992570276571e-05,0.08072027345416168,0.0002984470258192407,5.040201493019792e-05,0.09819009447437117,0.0007391941401128135,5.074345982679826e-05,0.46347345262672895,0.07799046433935267,9.994586031113398e-05,0.6575634839459963,0.043074668120451534,9.980289627018321e-05,0.8886327629538314,0.0008899450120916052,5.1691775244344316e-05,0.908318341603285,0.000391356069141064,5.2757391202091415e-05,0.90939741082969,0.0003446138532267851,4.999992027857187e-05,0.9105456227002235,0.0002758626813163747,5.000041802435269e-05,0.9169360772317844,0.0004573554989020951,5.000005752363971e-05,0.92843557079762,0.0011707031790714312,4.999040037284524e-05,0.939769058642625,0.0012618181088224893,4.9994777405369065e-05,0.961003321649841,0.00040124744038840573,4.99999800736562e-05
4.46364,2.5979156208291263,-2.0333944073727057,1.4370778123277426,0.5242565879706877,-0.4821680731565826,-0.5144718366175961,-0.4774839703991144,-1.8884010540762246,-0.5098346216605291,-1.554209063870206,1.813460512472901,2.6622926077771347,-1.104735744766006,-4.361990202490894,45.0930988673335,-8.388387067191013,2.9481507450481694,-2.00024651565138,0.26066972031382746,6.800089407967132,6.799315476706325,6.800094038318807,6.800089722786009,0.024215047607484424,0.0002979945040019602,4.9999905055533204e-05,0.03797281139884877,0.00019517584764385456,5.000003218897667e-05,0.04807065373317331,0.0004290774090902384,5.00000373234431e-05,0.05732207868051528,0.0009151673740265256,4.999117304063654e-05,0.06433659967605306,0.0008521477889164121,4.999382943928425e-05,0.07165600744496567,0.0004984028769447925,5.0000027675702254e-05,0.07743498444348319,0.00039740445671753084,5.244628582774179e-05,0.07888404885955007,0.00036915403217177816,4.9999922616758905e-05,0.08042003823678721,0.0003002352173744571,5.040685278331372e-05,0.09745605395250209,0.0007340405218690852,5.073313870522034e-05,0.3919278079425834,0.07154564468414555,9.993379368512189e-05,0.6073363328778855,0.05022715106811082,9.98575969682987e-05,0.887734536750669,0.0008982262031623614,5.1723325499196e-05,0.9079209360113384,0.0003974055919464113,5.2842732971279734e-05,0.9090473538156211,0.00035005701406883326,4.999991760101109e-05,0.9102676397568831,0.0002779829433404856,5.000043092938208e-05,0.9164785677468399,0.0004575094849444386,5.000006003119892e-05,0.9272665517654176,0.0011690190322023073,4.9991205578785735e-05,0.9384706845614501,0.0012983740811750093,4.999388758262685e-05,0.9605971745101832,0.0004061471396577869,4.999998037296946e-05
4.4828,2.5609868380350655,-2.03487997690857,1.4056938442468065,0.5404631192792058,-0.4551456623839817,-0.5144412426260745,-0.48589657759677013,-1.971964822828691,0.35402547686288766,-1.71490755344697,1.8699389949247724,2.6239733705660173,-1.0997420278574637,-5.978054538501206,44.78015864868779,-6.127214536275317,2.8665026431132463,-2.074094801024626,0.26119688497060045,6.800090081432663,6.799889367540412,6.800094011635463,6.800088861301828,0.023918519374067856,0.00029652823341656917,4.9999900805022683e-05,0.037775923460317995,0.00019688793853077263,5.000003226669528e-05,0.04764134722134034,0.0004293065118329692,5.000003700302825e-05,0.056421999481168966,0.0009000791993463116,4.9992346194151984e-05,0.06348119839268251,0.000855401283370536,4.999275661565816e-05,0.07115355958626104,0.0005024478587046357,5.000002535909423e-05,0.07703125082456698,0.000403733618916202,5.2524421483220186e-05,0.0785097324249805,0.0003743164345695643,4.9999919726586645e-05,0.08011680031182668,0.00030323792496054775,5.041503643347151e-05,0.096720705826803,0.0007353481256990875,5.073575533374139e-05,0.3297849526562046,0.062142855286378786,9.990901263986816e-05,0.5485230809665277,0.0588132519113577,9.989880122330855e-05,0.8868209656618037,0.0009135710888653754,5.17825525449401e-05,0.9075172012567939,0.00040373475454451665,5.2933367135616805e-05,0.908691015995892,0.0003563378197291739,4.999991503901537e-05,0.9099863725472929,0.00028126720959025236,5.000044695660704e-05,0.9160172829968337,0.0004612847500062141,5.000006277364245e-05,0.9260966719243329,0.0011698798410848003,4.999238096211264e-05,0.9371313534953698,0.0013393310660802975,4.999281927330023e-05,0.9601843696381502,0.00041280487203288526,4.999997992100261e-05
4.50196,2.522162978757272,-2.019868328370846,1.3716486575644027,0.5561687547684723,-0.42755727230289553,-0.5143030277740671,-0.4933221303827875,-2.0864879519177206,1.2118904990907813,-1.832288178995757,1.9248533236778869,2.5842394027490925,-1.0947382119199396,-7.665085710750123,44.28918571896527,-3.950728394187842,2.804978363900951,-2.1276118365381604,0.2639333227007134,6.800090535046527,6.79998807999569,6.800093976935244,6.800087783609682,0.023623469416954458,0.000295049957113399,4.9999896431941596e-05,0.03757652103796744,0.0001994024223505554,5.0000032429618326e-05,0.04720878822434973,0.00043255899699061245,5.0000036469956276e-05,0.055534282823032764,0.0008877166581361982,4.999359414627493e-05,0.06262074183164312,0.0008604565610393832,4.9991571296811876e-05,0.07064427812597839,0.0005092814602826519,5.0000022389451095e-05,0.07662081825307332,0.0004104325714936651,5.260842617678905e-05,0.07812915684075253,0.00038057558422797244,4.999991696481834e-05,0.07980923766124957,0.00030756265057710477,5.042696304060678e-05,0.0959775828919501,0.0007431229348528914,5.075139074116895e-05,0.27763888839177614,0.052146064264428464,9.986664210853236e-05,0.4802202437120245,0.0683028372545033,9.992752960789921e-05,0.8858841741325082,0.0009367915292954489,5.187405716302331e-05,0.9071067675492271,0.00041043370756678666,5.303079296309291e-05,0.9083274891362063,0.00036352685968565754,4.999991254362051e-05,0.9097005447261851,0.00028582782110780984,5.000046672169936e-05,0.9155484583971499,0.00046882459968377145,5.000006585718736e-05,0.9249230990204474,0.001173572903885379,4.999363125604144e-05,0.9357459016380889,0.001385451857280897,4.9991638905625924e-05,0.9597629568736321,0.0004214127645181885,4.999997862960837e-05
4.52111,2.4808376209366028,-1.9885070494994501,1.335756940697032,0.5713314520431845,-0.39944018784014695,-0.5140688000273219,-0.4997643551979415,-2.2333299712865835,2.060349826565022,-1.907973299459162,1.9785890159824777,2.5434801953116346,-1.0896819733406695,-9.413200313480868,43.62360497157102,-1.8708231408632452,2.74587115580173,-2.176444801477107,0.26659800424516145,6.800090801291233,6.8000145087538275,6.800093933193637,6.800086340954601,0.023329898295924693,0.0002935711210297655,4.9999891899027486e-05,0.037373733031736564,0.00020278800623087944,5.000003267849069e-05,0.046769944550742314,0.00043884367360741086,5.000003566543524e-05,0.05465645571089565,0.000877827112137116,4.999477123182211e-05,0.06175356213565479,0.0008671796959883318,4.999058934555101e-05,0.07012523496165747,0.0005190431643209172,5.0000018594916184e-05,0.07620323830771726,0.00041757994535606357,5.269952867800628e-05,0.0777411903805646,0.0003879664601879399,4.9999914292391335e-05,0.07949590165680452,0.00031333600444505283,5.0443145379511006e-05,0.0952200029882412,0.0007575799037089189,5.078089700110885e-05,0.2349180543498674,0.04272083404190878,9.979655836844185e-05,0.40405224956344266,0.07616799414858179,9.99436714110472e-05,0.8849151972432261,0.0009689768892820912,5.2004623132787115e-05,0.9066891864672979,0.0004175810819291562,5.313643089931109e-05,0.9079557907382704,0.0003716983979358964,4.999991008916376e-05,0.909408749136162,0.0002917955900231489,5.0000490963680405e-05,0.9150680851231133,0.00048037327403654923,5.0000069386323804e-05,0.9237427193322397,0.0011803796882076476,4.99948108911371e-05,0.934308331943727,0.001437569694362005,4.999066255127818e-05,0.9593307925829053,0.0004321642907268408,4.999997636682803e-05
4.54027,2.436380107850996,-1.9410084671605587,1.2988000957353336,0.5859124063281035,-0.37083050736909023,-0.513749474824367,-0.5052287578294037,-2.413661071931233,2.8960584523917476,-1.9438131397757648,2.031192376291828,2.5017854821989634,-1.0845746867713668,-11.212259920146728,42.78719875101719,0.10128161333409812,2.6873141010077046,-2.2223191532974065,0.2689446663793711,6.800090871016239,6.800012738300524,6.8000938736648155,6.8000841963583465,0.023037806350000987,0.000292091945923703,4.999988719272348e-05,0.03716660608162564,0.00020712695011091867,5.0000033012704985e-05,0.04632172488111711,0.00044821966962520205,5.000003449358363e-05,0.05378629590762888,0.0008701598032667683,4.9995818607946476e-05,0.06087816278935801,0.0008753993462967814,4.99904443391435e-05,0.06959335951137346,0.0005318754502840095,5.0000013732175366e-05,0.07577799722960839,0.00042524107810887465,5.27988651012746e-05,0.07734465487026768,0.0003965355102969113,4.999991170290265e-05,0.07917518878339741,0.0003207128734071071,5.0464258011795865e-05,0.0944408349080608,0.0007791680801804026,5.082601116361422e-05,0.20058030009529096,0.034337754254576414,9.96800072786483e-05,0.3267153722835813,0.0773368772798614,9.994565999152236e-05,0.8839035839539888,0.001011613289237266,5.218424184638963e-05,0.9062639442520504,0.0004252422152475543,5.3251592199354234e-05,0.9075748609388448,0.00038092979942569774,4.9999907678976516e-05,0.9091094201002257,0.0002993290359362128,5.000052060136347e-05,0.9145717865272118,0.0004962985959014903,5.000007346935011e-05,0.9225521193257796,0.0011906000064601738,4.9995861152380895e-05,0.932811707902805,0.0014966240409218972,4.999052410980876e-05,0.958885534546679,0.0004452580362263056,4.99999729400104e-05
4.55943,2.3881392183542416,-1.8776483240737933,1.2615220006184271,0.5998742926362326,-0.34176462532306584,-0.5133552838388602,-0.5097228268714158,-2.628457220401409,3.715743829024201,-1.9418728618469665,2.0826739440343722,2.459211942323914,-1.0794224445917073,-13.051895701895257,41.78459191458478,1.9550304046751394,2.6296250729189143,-2.2650352376319773,0.27101003258131606,6.800090708575951,6.7999771958624455,6.8000937871904705,6.800080713041247,0.022747203417779666,0.00029060293222132,4.999988232937562e-05,0.03695408755842027,0.00021251852320537453,5.000003342965393e-05,0.045860940121230945,0.00046078475988616533,5.000003281209162e-05,0.05292184474887943,0.000864451158749443,4.9996715574368986e-05,0.0599932715903442,0.0008848911990138103,4.9991585220487714e-05,0.06904544982564624,0.0005479096857272144,5.000000746362926e-05,0.07534453135701077,0.00043346587259760107,5.290744458400881e-05,0.07693831742753288,0.0004063374427348031,4.999990922852462e-05,0.07884530429906676,0.00032988448433065497,5.0491190129000165e-05,0.09363223937375552,0.000808595534305278,5.0889540799563585e-05,0.17341803993097094,0.02716226016432003,9.948367681780308e-05,0.2584990156283294,0.06821635665525183,9.992732059347053e-05,0.882836852303737,0.0010667316502518498,5.2427632723045525e-05,0.9058304772416719,0.0004334670103784703,5.337743887601413e-05,0.9071835602899492,0.0003913006488956035,4.999990535228207e-05,0.9088007975675297,0.000308622532695968,5.000055679907375e-05,0.914054675703273,0.0005171108239388103,5.000007822126133e-05,0.9213475430808535,0.0012045762449261368,4.9996761514064406e-05,0.9312480083933418,0.0015636995094632279,4.9991672954416424e-05,0.9584246413397589,0.0004608932069200934,4.999996807450025e-05
4.57858,2.335446931260059,-1.798764234993663,1.2246250122819535,0.6131811640895751,-0.3122792805478237,-0.5128957429715965,-0.5132559805961535,-2.8784957449243818,4.516222008496643,-1.9044198413089968,2.133050348221067,2.415820079429407,-1.0742306356602496,-14.921537538856198,40.62114936235868,3.6805487128806984,2.5771807097149084,-2.300923411402229,0.27336609245421456,6.80009024635327,6.799811232804344,6.800093660902186,6.800074817692621,0.02245811715956923,0.0002890862582104348,4.9999877362601136e-05,0.036735004589624726,0.0002190829687955482,5.000003392365338e-05,0.04538428268462908,0.00047665743660185825,5.0000030418728594e-05,0.052061440450531064,0.0008604042983483746,4.9997459402076936e-05,0.05909791654319353,0.0008953550471506661,4.999355989319731e-05,0.06847821093046648,0.0005672388951797747,4.999999932538621e-05,0.07490224533287133,0.0004422860241394369,5.3026100912786235e-05,0.07652088580200811,0.0004174316255247754,4.999990694781943e-05,0.0785042157784599,0.0003410885206068611,5.0525118319675856e-05,0.09278536940031583,0.0008468699734396787,5.097567796536323e-05,0.15220189131500944,0.021216148615961505,9.915024941162613e-05,0.2060710598636983,0.05242795576463109,9.987010604842699e-05,0.8816997276971057,0.001137124606631185,5.2756688218250856e-05,0.9053881900790216,0.00044228716265035166,5.351492739431185e-05,0.9067806692478066,0.00040289104214251675,4.999990319270441e-05,0.9084808810784102,0.0003199164891194742,5.0000601056077335e-05,0.9135111896440589,0.0005434860592142542,5.0000083763327663e-05,0.9201248286953101,0.001222714385543445,4.9997509492997714e-05,0.9296079505566356,0.0016400578367061988,4.9993657522713455e-05,0.9579453828563447,0.00047925848341422335,4.999996138329787e-05
4.59774,2.2776222703822673,-1.7047538516833047,1.188766215739032,0.6257988260948267,-0.2824110511507371,-0.5123795872623896,-0.5158393353519035,-3.164351479221123,5.294411819614777,-1.8339106225240212,2.1824220622466863,2.371740697555107,-1.0689936910835367,-16.1876319423241,37.41942810950033,4.670428601354411,57.80934475432632,44.68974722914879,7.566431742644618,6.8000893081334155,5.56350311965346,6.800093479965182,6.800065527882913,0.02217060009246917,0.0002875170671000621,4.999987239163552e-05,0.0365080384696238,0.00022696612000092784,5.000003448422208e-05,0.04488833444008202,0.0004959482445470608,5.0000027033623863e-05,0.05120378132802396,0.0008576591225070981,4.999805891539726e-05,0.058191529902946085,0.0009063866402474503,4.999549780807774e-05,0.06788833765633039,0.0005898732741360882,4.9999988682733265e-05,0.07445053393357981,0.0004517113992915297,5.315542439395216e-05,0.07609100846017978,0.00042987734182832406,4.999990499521488e-05,0.0781495935986296,0.0003546221798302952,5.056760893224032e-05,0.09189001289653441,0.0008953565037814186,5.109048783329762e-05,0.1357729192739413,0.016428972041068118,9.858458384853384e-05,0.16913044936845886,0.036940610495239445,9.972861703294495e-05,0.8804730536350657,0.001226674062040046,5.3204500452489624e-05,0.9049364775403902,0.00045171253863137496,5.36647295809004e-05,0.9063648908349302,0.000415778412876448,4.999990133824143e-05,0.9081473706293594,0.00033351044905085566,5.0000655330950485e-05,0.912934897095087,0.0005762925489718506,5.000009021654366e-05,0.9188793365126535,0.0012454921826565658,4.999811427090408e-05,0.927880819104687,0.0017271314519485108,4.999560809634542e-05,0.9574448711582447,0.0005005116981000189,4.999995232295011e-05
4.6169,2.214099691204887,-1.5964110885622855,1.154438460900185,0.6415342170936563,-0.24707258856578712,-0.5114469016060221,-0.5155718040286392,-3.4744621098011637,6.011265432813225,-1.744438019996024,3.2898905554183457,3.2278736849538934,-0.9240416111676726,-16.062159753707462,29.116428175398095,4.017958364832412,250.9877135108524,210.49723817238234,33.92714070933624,6.800087083739539,1.2260596464470848,6.800093222028052,6.800059797732078,0.021884737357654335,0.0002858627348148335,4.999986757757671e-05,0.036271720509239616,0.00023631796038418602,5.000003509047651e-05,0.0443697022075873,0.0005186322324947293,5.0000022289054414e-05,0.05034802142839189,0.0008557598996320703,4.999853036271324e-05,0.05727407293279742,0.0009174569701486656,4.9996964080767963e-05,0.06727274574575326,0.0006155919105771291,4.999997469994761e-05,0.07398882334600342,0.00046171058757638874,5.329545882879593e-05,0.07564728751480568,0.0004437209453741065,4.9999903578974054e-05,0.07777877837933053,0.00037081521929906104,5.0620616902302015e-05,0.09093435868267641,0.0009556542138579921,5.124212503496145e-05,0.12310185251124058,0.012671066762700736,9.763765026441566e-05,0.14389690456217558,0.025233544806283294,9.94089069633458e-05,0.8791325096673464,0.0013405439677193524,5.38203618668813e-05,0.9044747658125377,0.00046171172785259445,5.3826881793935345e-05,0.9059348643248032,0.0004300265101269795,4.9999899999625336e-05,0.9077976341579791,0.0003497364713803438,5.000072204709781e-05,0.912318406418589,0.0006164906764980246,5.000009766716081e-05,0.9176058810405057,0.0012734554721478533,4.999859263023477e-05,0.9260543672219878,0.0018264518826992529,4.999709120219738e-05,0.9569201775379114,0.000524693620333252,4.9999940165493445e-05
4.63606,2.1447024329356585,-1.475812108898663,1.1216869183555662,0.6758649234398555,-0.18257951408560352,-0.5074918855879356,-0.5023207650314562,-3.7821690373769106,6.569056339715622,-1.667464957685118,8.098126768226516,7.260423442545084,-0.2740906463423953,-25.03631654825742,29.997889893077218,10.252604299993367,36.97697198839167,28.904105939349627,7.971438903126858,6.800083134653685,6.00256571557711,6.8000928785968515,6.800031307837039,0.021600651967034288,0.00028408539062004895,4.999986314624246e-05,0.03602450075852611,0.00024721975071350256,5.0000035700170754e-05,0.04382546313030968,0.0005442390772776183,5.0000015764232526e-05,0.049493865134694504,0.0008541562936973914,4.999889293323761e-05,0.05634613131286303,0.000927941619934388,4.9997952617337466e-05,0.0666290904096131,0.0006436553361401561,4.99999563924743e-05,0.073516635098234,0.0004721882477694123,5.3445311072769e-05,0.07518829990547742,0.00045898760932824563,4.999990298668233e-05,0.07738885944282618,0.0003899189365043472,5.068618911010605e-05,0.0899053652835452,0.001028993399131209,5.14397684943631e-05,0.11331252327103565,0.009789329240204921,9.610201926526894e-05,0.12654225693203994,0.017354647630135642,9.874784483169494e-05,0.8776476954479957,0.0014848142193506933,5.467320475822081e-05,0.9040025764234456,0.0004721893890919589,5.400033392905052e-05,0.9054891859085258,0.0004456784162773603,4.999989946616704e-05,0.9074287853649992,0.0003688487929798731,5.000080374618361e-05,0.9116537006139909,0.0006647058045981229,5.000010606577904e-05,0.916298623892338,0.0013072571481677056,4.999896457299296e-05,0.9241148349385583,0.0019395322834295766,4.999810305890603e-05,0.9563686337148937,0.0005515438230176948,4.999992404561212e-05
4.65521,2.0678272584841983,-1.3442508634463295,1.091527214024775,0.7222392370584164,-0.08972699241014963,-0.49679004646143227,-0.47278113399612454,-4.261796195928856,7.1437336355645655,-1.4710531788723302,8.80650413565845,7.814146837735962,-0.12137974003524209,-31.185891423398896,22.89120071587802,13.648636646319202,0.6745495779896853,-0.7563213451118386,3.620527967849551,6.800072153934335,6.800017013949801,6.800092278302573,6.7999454077308865,0.02131845922235748,0.00028219274467680894,4.9999859157714936e-05,0.03576457569203982,0.0002599250664862873,5.00000362699777e-05,0.043253229028602326,0.0005722341017073527,5.000000695353822e-05,0.04864176972194446,0.0008520954127500512,4.999916891363403e-05,0.05540923049303816,0.0009369008198248658,4.999860425967646e-05,0.06595563249449465,0.0006734579151184414,4.999993226612889e-05,0.07303333002826082,0.00048330506997318486,5.360777048242354e-05,0.07471244655866527,0.0004758533468121485,4.9999903361100456e-05,0.07697633912875462,0.0004125203140715597,5.076800899444771e-05,0.08878811574354196,0.0011172495400032462,5.169677047522766e-05,0.10570659937058205,0.007605923900453603,9.371512183330903e-05,0.11436496707128403,0.012177289860755898,9.748063925432505e-05,0.8759775901236979,0.0016701053242977617,5.5881836546113836e-05,0.903519270210964,0.00048330621248158167,5.418829513706461e-05,0.905026267905233,0.0004629180032927848,4.9999899881468895e-05,0.9070373503347249,0.0003914350302743661,5.000090487376282e-05,0.9109319379347535,0.0007217626792373985,5.0000115212615736e-05,0.9149513237435639,0.0013473001487741053,4.999925366199898e-05,0.922049228536515,0.002065606402043138,4.999878839696922e-05,0.9557877182919359,0.0005809154229577542,4.99999025324965e-05
4.67437,1.9806050620387883,-1.2029285451839997,1.0657818724748007,0.7618791662545809,0.007378288095236196,-0.47966169560811217,-0.4352161841862568,-4.859232342795091,7.58226625812653,-1.2095827345214554,8.819426655501575,7.799657795108267,-0.05202035410758682,-33.522196668079786,13.06677536517821,14.354545274208085,-50.25598857803769,43.19903606612082,-3.025587534276814,6.799995798728666,6.80007365293453,6.8000911587281285,5.655604430329645,0.021038232741313542,0.00028022648104393695,4.999985549684195e-05,0.03548971036593102,0.00027486532610879666,5.0000036740254775e-05,0.04265147784274548,0.000601751185856851,4.9999995327447605e-05,0.04779325545594041,0.0008485142660040433,4.9999378943750965e-05,0.05446629454112917,0.0009429359519089964,4.9999039314898044e-05,0.06525126423780662,0.0007043682566880349,4.999989998027514e-05,0.07253782717933516,0.0004955028489256627,5.3790103294000874e-05,0.07421777158348729,0.000494674975177989,4.999990469673391e-05,0.0765367448128636,0.00043959431589101855,5.087206894851916e-05,0.08756573096839194,0.0012223847751500142,5.203010008110051e-05,0.09975050630460067,0.0059560930659813835,9.020209423245797e-05,0.10562518655500279,0.008739780516281244,9.522234416507908e-05,0.8740633727993485,0.0019142173243493154,5.7651812037611775e-05,0.9030237662181357,0.0004955039928283691,5.439914115620967e-05,0.9045441674057471,0.0004821004994859851,4.999990123976521e-05,0.9066188813184196,0.0004184690163052518,5.000103258821328e-05,0.9101437765878411,0.000788161346912465,5.000012454733282e-05,0.9135584701133386,0.0013928536302252924,4.9999482549208715e-05,0.9198535439864702,0.002195684550044933,4.9999273832789255e-05,0.9551750570858484,0.0006126612060875119,4.999987329574786e-05
4.69353,1.881444312332877,-1.0549926116565052,1.0452018599543065,0.7939347309205592,0.10247987364666121,-0.4515013828919273,-0.3941000372866255,-5.50142569042033,7.832589836187903,-0.934589016939111,7.856659750256445,8.627232845161652,-0.1099823130570305,-20.90093195503501,2.14587379195874,5.41555882938079,-82.03462519960381,71.65382872044765,-63.72127590836978,1.997552573274416,6.800085719296937,6.800088466882968,7.59860843001603e-05,0.020760029885632563,0.0002782028556809787,4.999985213426387e-05,0.035197374550228734,0.00029233581570228795,5.000003699083134e-05,0.042020477493763975,0.0006310003489815065,4.999998062365191e-05,0.046951124936414436,0.0008421305195259737,4.999953876487722e-05,0.053521887221082025,0.000944407320047138,4.9999333603112596e-05,0.06451627777215248,0.0007349864656541334,4.999985642458523e-05,0.07202871686088406,0.0005091103184510817,5.3998498913772404e-05,0.07370197336704458,0.0005157982164427022,4.999990710529076e-05,0.07606471917294527,0.0004720256399183305,5.1005390372598034e-05,0.08622160725184635,0.001344123716545596,5.2452702465348265e-05,0.09503672515302687,0.004713781151573791,8.543733401617186e-05,0.09918913773046498,0.006436048824537811,9.157088502440353e-05,0.871821749920426,0.0022416228789224942,6.0289730598140734e-05,0.9025146547541069,0.0005091114640289185,5.4639978777058924e-05,0.9040405943663088,0.0005035730394382885,4.9999903651410793e-05,0.9061680459782903,0.00045083534012932923,5.0001195231872116e-05,0.9092814628465172,0.0008623137413238546,5.0000132693390376e-05,0.9121178312415925,0.0014406388717460663,4.9999669993674954e-05,0.9175528715121578,0.002300672474312446,4.999964295399257e-05,0.9545289818521027,0.0006460752337456628,4.999983318462654e-05
4.71269,1.7722189298381066,-0.9043717394272608,1.028269667867762,0.819800340627746,0.19334728542543866,-0.40360686676091845,-0.35728239913702237,-5.901830222187553,7.873698892604587,-0.8308417628931641,6.2851013258564175,9.999923680185788,-1.3307071926265504,-18.10731499692436,-3.2437739715733196,4.29768874205428,5.443201697520786,0.0019086843061803468,-73.46602369104343,0.33560565001324283,6.800089255508638,6.800080912255914,8.061162525556239e-05,0.020483969684772715,0.0002760602008598494,4.999984944552603e-05,0.03488511314034641,0.00031226140988232576,5.000003682128846e-05,0.041362676160166825,0.0006578013335971461,4.999996305900431e-05,0.04611953014465538,0.0008315947917590597,4.99996604456767e-05,0.05258215633940786,0.0009397308816741606,4.999953547965098e-05,0.06375300598711123,0.0007632717850412493,4.999979778175072e-05,0.07150488773252099,0.0005238291283630823,5.422977969479694e-05,0.0731627456150448,0.0005392277519997883,4.99999111372193e-05,0.07555448297630397,0.0005102361966412965,5.1174578605135e-05,0.08474200956827482,0.0014795976835715319,5.296865998047626e-05,0.09125531970503949,0.0037814054479873723,7.967568149885644e-05,0.09431045499255955,0.004878682737905433,8.638403271506864e-05,0.8691380607709216,0.0026836891495043876,6.416469554403294e-05,0.9019908244782058,0.0005238302759010385,5.490707119966342e-05,0.9035132324814972,0.0005273618848116577,4.9999907665519785e-05,0.9056790891545289,0.0004889568237613326,5.0001400475932836e-05,0.9083416136143527,0.0009398492321645196,5.000013710716755e-05,0.9106354180884736,0.0014824131531189215,4.99998320451236e-05,0.9152314827902482,0.002321388721909548,4.999994373370469e-05,0.9538491511448871,0.0006798307072156039,4.999977825383171e-05
4.73184,1.6558008978301144,-0.753971326554178,1.0131361653898248,0.8344827725266122,0.2834683710050041,-0.34008696447286996,-0.3280699659721577,-6.248716715024469,7.811557079931318,-0.74850983376457,6.389378141440487,9.99996024534219,-2.7381147130230588,-29.578437836006813,-14.718767174068972,14.728240233748929,7.127292474329945,0.0005436072491142739,-10.83089227526661,5.81053199345378,6.800090841560972,6.800057999162501,5.331908922303332,0.020210239266445287,0.0002737304183274285,4.999984789172034e-05,0.03455071118505035,0.0003344019552960603,5.000003597085987e-05,0.04068218590637435,0.0006804902537924674,4.9999943323981374e-05,0.045303916046107416,0.000815614098547959,4.999975357416061e-05,0.0516547762384252,0.0009273801009826558,4.999967745532112e-05,0.06296534993775213,0.0007876560493590945,4.999971849755447e-05,0.07096577949760545,0.0005391082349155451,5.4476235412865937e-05,0.07259795931096666,0.0005647863040781455,4.9999917473254874e-05,0.07499991439511339,0.0005545685811905895,5.138725199603573e-05,0.08311776277256093,0.0016242467957138815,5.357176346655556e-05,0.08817531517683654,0.0030800045282029648,7.361310427294614e-05,0.09050491207884774,0.0038055429137118066,8.005087466981257e-05,0.865851082645037,0.003286978125884658,6.95658405498515e-05,0.9014517150935475,0.0005391093846583372,5.519145283559604e-05,0.9029599136316563,0.0005533188498408224,4.999991396185779e-05,0.9051459154786557,0.0005331736758730505,5.0001656714064386e-05,0.9073280503477625,0.0010135632665902025,5.0000133954454465e-05,0.9091318212804999,0.001503596807973713,4.999998220736448e-05,0.9130221812872973,0.0022093015029509945,5.0000182772422904e-05,0.9531365124502968,0.0007126386945902416,4.999970274529997e-05
4.751,1.5305674774195923,-0.6067580161729407,1.0015416711637057,0.8348768430050741,0.3735786084553289,-0.27049069348575216,-0.3004318047561176,-6.81535845988117,7.529585869690421,-0.46635714568174147,6.525917517392316,9.999970659366145,-2.945604903385343,-27.856798566259435,-24.83951463916046,14.235382782116801,6.886017931571636,0.00017860503021277133,0.5417205036719136,6.800060630213965,6.800091781253771,6.799887172119819,6.294182815948022,0.01993894721600083,0.0002712920504444556,4.9999847110619674e-05,0.03419182729990332,0.0003588838851470255,5.000003411819657e-05,0.039984466148516536,0.0006977197578578206,4.999992289858965e-05,0.04451071075064086,0.0007932052954665527,4.9999825370719884e-05,0.05074903049105412,0.0009057457473710845,4.999978081706321e-05,0.062157532169393355,0.0008078177683587775,4.999960786409173e-05,0.07041026559243291,0.000555513905172551,5.474798941104941e-05,0.07200486307052163,0.0005930962404450157,4.999992606284689e-05,0.07439353918424173,0.0006063752108716565,5.165799886087979e-05,0.08134905620660506,0.0017687065659558708,5.422659873711839e-05,0.08562714610850229,0.002548169068334234,6.808070640987966e-05,0.0874624667420068,0.0030424453368409292,7.345183595819504e-05,0.8617115554294527,0.004139527215584331,7.641653542796624e-05,0.9008962000360633,0.0005555150574841801,5.550472910144927e-05,0.9023778594398294,0.0005820541918269069,4.999992248526174e-05,0.9045610886982031,0.0005848267804528087,5.00019795839024e-05,0.9062564617054523,0.0010715886423101869,5.000011877164731e-05,0.9076424740180422,0.0014893472624576518,5.0000129555311814e-05,0.91102634576001,0.0019958355272872855,5.000034504777596e-05,0.9523926400193682,0.000743872430928627,4.999959575269645e-05
4.77016,1.3947507960085037,-0.4668123298129709,0.9953221482209182,0.8229232781464362,0.4598858757049993,-0.19724469182374835,-0.269075375756556,-7.349018318228778,7.053728895952837,-0.1936462546237202,6.657834734842873,9.999974080948668,-2.9352270242989893,-23.179880720467484,-33.123084855999984,10.303377577848915,26.320790284765014,-18.17185264513641,3.2877187853996412,6.800081722938388,6.800092302827953,6.799923470616192,6.750368377942054,0.019670099318499244,0.00026884789750158657,4.999984652515634e-05,0.03380614587369894,0.00038568142620437905,5.00000308209978e-05,0.03927597480361939,0.0007084913448971463,4.9999904279636076e-05,0.043746429333744966,0.000764281416895899,4.999988074291226e-05,0.0498747493432559,0.0008742811477982163,4.9999857622932876e-05,0.06133375816854627,0.0008237740008470902,4.999944668744633e-05,0.06983630010129847,0.0005739654911344387,5.5062308407057036e-05,0.07137960300797301,0.0006252600625486265,4.999993677839439e-05,0.07372622846268027,0.00066731072156145,5.20069422087256e-05,0.07945266402782737,0.0018963921787776884,5.484777159116145e-05,0.08348522152348088,0.002141924585021406,6.360795467328693e-05,0.08497563929083292,0.002486827451173882,6.759847280224762e-05,0.8563145828992617,0.005396972530191011,8.381153269856056e-05,0.9003222333894677,0.0005739666465955117,5.586666429589789e-05,0.9017632149600554,0.0006146444797739666,4.9999933099047024e-05,0.9039155396263677,0.0006455490718353253,5.000238893445123e-05,0.9051567984196563,0.0010996632857960067,5.000009013504148e-05,0.9062052101115267,0.0014372639065154545,5.0000278447846705e-05,0.9092721578411734,0.001754187918836575,5.0000433585426523e-05,0.9516196262649868,0.000773013754381379,4.9999437944453875e-05
4.78931,1.2495422203509492,-0.33754483648614003,0.9936644804642857,0.7978064294752693,0.5417800003984724,-0.12356226137135319,-0.23391549652567076,-7.793081257922862,6.419181436012529,0.0037382009381126797,7.162068887290596,9.65185122377789,-2.872243349519209,-16.07110449931611,-35.5150667699594,3.1770529887659813,-88.33757094693331,-113.23164723001099,17.376411077575803,6.800084695131299,6.800092870629039,4.293828289608431,6.800060780863903,0.019403675087289518,0.0002664242312097295,4.999984595587574e-05,0.03339196331181935,0.00041418256187958575,5.000002552355609e-05,0.03856314258673132,0.0007128322168880653,4.999989023377455e-05,0.04301660620995074,0.0007298231237942196,4.9999923179429434e-05,0.04904043343241836,0.0008343159108375412,4.9999914904006566e-05,0.060498114152970156,0.0008356440155761143,4.999920053733287e-05,0.06924146060483248,0.0005948394964659877,5.5428743936534756e-05,0.07071742694371075,0.0006621760642622634,4.999995006777519e-05,0.07298755629618305,0.0007386721664972313,5.24571517342061e-05,0.0774639171019903,0.0019887469258370693,5.5321028400157186e-05,0.08165644481755509,0.0018287767059258096,6.026188683983226e-05,0.08290007627149958,0.002075563019333338,6.304067530206202e-05,0.8489781453594809,0.007336437539780773,9.031088920849513e-05,0.8997273927336306,0.000594840655837232,5.6288023289017444e-05,0.9011112329054444,0.0006519820546109296,4.999994623898193e-05,0.9031989413032919,0.0007165983230757997,5.0002902695974346e-05,0.9040632453333054,0.001093553086350826,5.0000055078377964e-05,0.9048464872730599,0.0013587228384668239,5.0000432309534066e-05,0.9077417875974351,0.001530370243738302,5.000046897543872e-05,0.950820081157872,0.0007995451071148092,4.9999194820113994e-05
4.80847,1.0971519874687792,-0.22095964953404731,0.9944844789151478,0.7647031414295491,0.6093693717100099,-0.0577298416788938,-0.2014197692154017,-8.100959542291928,5.738810163032925,0.0646018225748527,5.469763309311816,7.482643420609,-2.539358971144136,-10.985934665621313,-35.72941391166652,-2.1745766723406734,-177.62975280274983,-173.369351899814,26.061402948400925,6.800087508609037,6.800093246645329,2.5069084810317923,6.800074824947448,0.019139662634366263,0.0002640124529232542,4.999984542015872e-05,0.032948655869438646,0.0004433074423807082,5.000001761116518e-05,0.03785156441047892,0.0007115781762524007,4.9999882874960206e-05,0.042325048437828736,0.0006915577721219997,4.9999955345932544e-05,0.04825182090071591,0.0007886125317024512,4.999995737570635e-05,0.059654282953726864,0.0008438311992432906,4.99988011158888e-05,0.06862320308003199,0.0006182575248004851,5.5853206887992295e-05,0.07001280407037842,0.0007046228733323255,4.999996684171541e-05,0.07216582705563206,0.000821729240550988,5.303690017439256e-05,0.07543225347011331,0.0020316636318769873,5.5547610364419063e-05,0.08007214263482867,0.0015843021827264023,5.784231647271801e-05,0.08113424930459306,0.0017658269669065232,5.974353759408934e-05,0.8384727950983546,0.010505350261126322,9.499067215726942e-05,0.899109134044613,0.0006182586890175612,5.677526576467537e-05,0.90041638124402,0.0006948516614243724,4.999996279897141e-05,0.9023997683236816,0.0007991729796103602,5.000353363522343e-05,0.9029940539781077,0.001069191355197683,5.0000028145585305e-05,0.9035782425593276,0.0012682447137322586,5.000059678802293e-05,0.9064027240045344,0.0013390635929007406,5.000047199574677e-05,0.9499968877955162,0.0008231933623557998,4.999879807153141e-05
4.82763,0.9398444161419837,-0.11752179544714088,0.9954285712761162,0.7396297993388826,0.6479973677477697,-0.009033571650418725,-0.18157565327414668,-8.311419919622315,5.054332586703043,0.022942897692761945,2.0668644265287917,4.161362134225533,-2.040093968645642,-8.762237996292365,-38.05554270397754,-4.1807954003286145,-151.5334043968143,-136.37109024763933,20.53464905902398,6.8000895448702,6.800093527644251,3.2750899261751654,6.800078834111558,0.018878076462741582,0.0002615861716246824,4.999984504878642e-05,0.03247704949679734,0.00047160637264130324,5.000000647993702e-05,0.03714566298127238,0.0007059014292065406,4.99998829574339e-05,0.04167364905453347,0.0006513993832952693,4.999997939226421e-05,0.047511493994086884,0.0007403269066290268,4.9999988537788384e-05,0.05880536314664491,0.0008489198070819505,4.9998096644376e-05,0.06797900691835225,0.0006441961616797385,5.633933846955573e-05,0.06925962222870148,0.0007531818416769382,4.999998851880222e-05,0.07124783908053194,0.0009179879751001123,5.378232624995696e-05,0.07341151484177656,0.00202073862833675,5.5489579099958135e-05,0.07868179125041948,0.0013903513844092093,5.609974805665419e-05,0.07960638279267715,0.0015278665119159065,5.741583813320686e-05,0.8223544142613983,0.016118380836956263,9.780951215344818e-05,0.8984649367127562,0.0006441973318567485,5.733211419451258e-05,0.8996725273210703,0.0007438539229497597,4.9999984175260345e-05,0.9015050989003726,0.0008946694233090362,5.0004284512181465e-05,0.9019391959330831,0.001054858045024614,5.000002325413434e-05,0.9024030818252049,0.0011751607341226723,5.00007754620742e-05,0.9052226060072801,0.0011801179972542814,5.000045726203402e-05,0.9491529569548268,0.0008439308406892346,4.99980959496564e-05
4.84679,0.7789546381210822,-0.027659777774653626,0.9951305660715282,0.7324464426594657,0.6571502992800389,0.021482335371694153,-0.1766865915329542,-8.479280367648569,4.32529276253085,-0.05714967560896933,-0.8360999946334545,1.5488660668414274,-1.646706412570563,-8.29689749593237,-43.67149911550396,-3.533079968306225,-9.345645584455731,-8.602045537835853,1.455944842702759,6.800090842717193,6.800093746753946,6.536289537478024,6.800081232583361,0.018618931300584205,0.00025914516215737554,4.999984481577445e-05,0.03197967864885478,0.0004973708479425604,4.999999162491509e-05,0.03644904275403722,0.0006966202272351529,4.999989006556531e-05,0.04106246322072172,0.0006111858338117458,4.999999703805976e-05,0.04681922857555807,0.0006922654185288092,5.000001109127377e-05,0.05795385564971764,0.000851507496927272,4.999670007071893e-05,0.06730608433030567,0.0006729225880465746,5.6896544284331586e-05,0.06845099704651171,0.0008086251821897726,5.000001701542577e-05,0.07021851043987712,0.0010293286406548204,5.473983580322418e-05,0.07145171000740747,0.0019598048343690906,5.517074950428509e-05,0.07744749885046957,0.0012342923999499038,5.4834140119833356e-05,0.07826481657433351,0.0013415662183436452,5.5768644219101084e-05,0.7950820798143641,0.027272334447034367,9.92298601355102e-05,0.8977920129471743,0.0006729237655818761,5.796871385771718e-05,0.8988727507999587,0.000799776521111672,5.000001224953038e-05,0.9005002342761385,0.0010048646242340263,5.000515264214828e-05,0.9008583593327663,0.0010808366003168632,5.000005625701134e-05,0.9013204353424887,0.0010826464827161768,5.000094734149288e-05,0.9041734931618016,0.0010491128454783334,5.000043398473202e-05,0.9482910936713059,0.0008618632835209416,4.9996701449766246e-05
4.86594,0.6149489627478866,0.047193728346726325,0.9933751159232177,0.7350172869155559,0.6526328313236958,0.04360357055324254,-0.17866911529716967,-8.638226167966298,3.488666616264504,-0.1248337977069325,-1.0151369319507382,1.3840744669631373,-1.618814502569829,-6.959614148766292,-44.280448592848664,-3.0357819589621524,2.2560108777816046,1.6008173340086738,-0.0719488022711355,6.800091724640068,6.800093910271318,6.799866989895084,6.800082237295026,0.01836220295095667,0.0002567283496275379,4.9999844437916605e-05,0.03146090875267698,0.0005187698961778028,4.999997276232327e-05,0.03576511482334486,0.0006839279306923635,4.9999903032092835e-05,0.04048993851657525,0.0005725247041464754,5.000000968542243e-05,0.046172631016440625,0.0006465975591174544,5.0000027161689214e-05,0.05710177131192211,0.0008520843377955277,4.999345851760029e-05,0.066600813231409,0.0007052710988966856,5.754649788360754e-05,0.06757866056973542,0.0008723364767762847,5.000005513820462e-05,0.06906078035008793,0.0011577300897891863,5.5964328032070936e-05,0.06959396987757031,0.0018577401298371674,5.465599682719809e-05,0.0763399049937681,0.0011075938567014667,5.390526084444818e-05,0.0770712046401194,0.0011936119342141139,5.458927363778942e-05,0.7418877834937682,0.05319429632059584,9.980373890963363e-05,0.8970867406614672,0.0007052722857071973,5.8708874086157656e-05,0.8980087574927574,0.0008639933072011522,5.000004976084616e-05,0.8993684985906176,0.0011317356855209118,5.0006151974572435e-05,0.8996418301197197,0.0012165292130467045,5.000020838577239e-05,0.9003293938387227,0.0009910415037659894,5.0001038842145054e-05,0.9032320607242807,0.0009414324375208765,5.0000407887362126e-05,0.9474139835780447,0.0008771100932611878,4.999346173952044e-05
4.8851,0.44814375485910196,0.10590636146706686,0.9904135000540847,0.7376838266827386,0.6471901108487771,0.06526833843091702,-0.180863277003154,-8.771553287087702,2.6403746681635485,-0.18299105387334003,-0.9719179510400665,1.4147417365589405,-1.6201928442890674,-5.525868737853129,-44.422917884845226,-2.6558420904583904,2.3129476234653796,1.5367425099750511,-0.07105337532735724,6.800092320580288,6.800094012504837,6.800009702870125,6.800081825173381,0.018107833644031755,0.00025436930692491566,4.999984364703676e-05,0.030926648652438517,0.0005342601002384667,4.9999949902548885e-05,0.035097368470983964,0.000667746352360897,4.999992005143328e-05,0.03995351156237203,0.0005364269542032177,5.000001854075857e-05,0.04556810869095492,0.0006045223254856994,5.0000038464767025e-05,0.05625076007863319,0.0008510112332889268,4.9984747033311344e-05,0.06585849357718597,0.0007423196542230371,5.831822150316041e-05,0.06663305475637112,0.0009456058133643032,5.000010750786502e-05,0.06775565783298772,0.0013051225171002128,5.75150992074214e-05,0.06786632543909804,0.0017276444384722674,5.403614157302663e-05,0.07533612410554383,0.001003780888224272,5.321372403937606e-05,0.0759967377656486,0.0010744668744708096,5.3729753047637404e-05,0.6189626044796314,0.12292517901413687,9.997131017629201e-05,0.8963444198084859,0.0007423208529813021,5.9584100885502715e-05,0.8970710405415905,0.0009377169511669192,5.0000101159982235e-05,0.898091673259046,0.0012768253315716216,5.0007194223017326e-05,0.8981993338706683,0.0014424962490512982,5.000087656038579e-05,0.8994267427853293,0.0009026510533934146,5.000099446043732e-05,0.9023793887288061,0.0008526719954745889,5.000038210649846e-05,0.9465242222436129,0.0008897613344319025,4.998475185185e-05
4.90426,0.2790465881807282,0.14834095527385266,0.986410396162256,0.739680886011237,0.6417770217037425,0.08704477248757413,-0.18281574754978525,-8.877413776435604,1.789353399175093,-0.23386970421129782,-0.9276082182411581,1.4441815082627625,-1.6215540320839292,-4.067192618109836,-44.53381640967364,-2.372568130351464,2.361594573636294,1.4657494409125347,-0.06910773803990669,6.800092595000882,6.800094028991967,6.800015351665401,6.800078003133003,0.017855759799669028,0.00025207384436272726,4.9999842342538515e-05,0.030383636592392387,0.0005430120600461295,4.999992332807093e-05,0.03444936965706873,0.0006479988139152337,4.999993907680971e-05,0.039450230632957516,0.0005032809294145124,5.0000024600674615e-05,0.045001725625180226,0.0005663830657746979,5.000004632551107e-05,0.055402217105951404,0.0008485429726817786,4.997166788059656e-05,0.06507336531366809,0.000785128263517869,5.924304188217317e-05,0.06560537493073844,0.0010276798256326838,5.0000180724562684e-05,0.06628252914891573,0.0014731286840719703,5.944413185808281e-05,0.06628254686349057,0.00158377857560747,5.3401186308143845e-05,0.07441844162557787,0.0009176824799659512,5.268927285944028e-05,0.07501971840725107,0.00097701935839754,5.3089516088222904e-05,0.39122418836646855,0.22773841611316276,9.999872477433224e-05,0.8955592903306138,0.0007851294778720638,6.0627422788016545e-05,0.8960513003754659,0.0010197401661246868,5.000017235112192e-05,0.8966557976865348,0.001435875572511145,5.000691134308325e-05,0.8966993180188084,0.0015000158518599718,5.00033449808243e-05,0.8986035884661957,0.0008231543191336214,5.000088417096999e-05,0.9016005016246006,0.0007788871042054726,5.000035803790017e-05,0.9456243455558471,0.0008998766877658508,4.997167391468989e-05
4.92342,0.10818843992358722,0.1744509984520363,0.9814875585192765,0.7409980314715916,0.6364021090098044,0.10891028660939918,-0.1845447673280965,-8.955330032005685,0.9362076186096835,-0.27932160240239085,-0.8823665432998136,1.4722612474743564,-1.6228779468046168,-2.5907858169269264,-44.61267897687753,-2.187433994632138,2.4035548601740464,1.3900386245979837,-0.06642138432946258,6.800092612328185,6.800093966564311,6.7999302188189,6.800065391599153,0.017605918181423902,0.00024984161824512734,4.999984045720064e-05,0.02983858576276927,0.000545050829623116,4.9999893564571925e-05,0.03382473808926067,0.0006246315678080601,4.999995834260814e-05,0.038977070699419566,0.00047315993353795035,5.000002862815517e-05,0.04446960138960947,0.0005321242355707603,5.000005171125773e-05,0.05455730617996709,0.0008449109259843164,4.99831468591562e-05,0.06423836502867755,0.0008350002849905386,6.035969031359744e-05,0.06449987839206184,0.00110549653867661,5.00002685488549e-05,0.06474892478483461,0.0015336043640811236,5.000227206928889e-05,0.06484491108807633,0.0014376357754142398,6.149909634887784e-05,0.07357297794126724,0.000845463684310626,5.228437558893849e-05,0.0741235118915904,0.0008962065156606494,5.260263926099237e-05,0.2554888552949277,0.13573533307154087,9.997826613867261e-05,0.8947242888106888,0.0008350015199250179,6.187851789117024e-05,0.8949567909027017,0.001094509472763996,5.0000253345574265e-05,0.8951766097231251,0.0014791879634097442,5.000147263578358e-05,0.895290682999209,0.0014086350195993632,5.000854679784775e-05,0.8978491017125909,0.0007544867536046501,5.000077073186944e-05,0.9008835063912977,0.0007169952333029447,5.000033622417209e-05,0.9447168015637413,0.0009075439921058334,4.998315460571254e-05
4.94257,-0.06389187978231742,0.18420165563175844,0.9757309765476502,0.7416268120890152,0.6310723547985271,0.13084142639912777,-0.18606940747974088,-9.004962382571081,0.0815510475511435,-0.3212268383161126,-0.8363210243518902,1.498890575095627,-1.624150398356011,-1.1039525284584952,-44.65839041249819,-2.1013995405156307,2.4191002669402817,1.2946889754002535,-0.060687951255827946,6.8000924828781955,6.800093860244852,6.799336693536632,6.800028409123753,0.017358249542735515,0.00024766863868838667,4.999983794266701e-05,0.029297443871533872,0.0005411418912353974,4.999986139260338e-05,0.033226947949988005,0.0005977901392726616,4.9999976510874346e-05,0.03853111751299162,0.00044595318642795187,5.000003119369166e-05,0.04396811594979779,0.0005014854398116775,5.0000055317712476e-05,0.053717307047080706,0.0008399991328863806,4.999273246482297e-05,0.0633447671905663,0.0008935978381112747,6.17159553485689e-05,0.06341494637676912,0.001084932015292729,5.000022873879182e-05,0.06348346684735723,0.001265457937477375,5.000025568957375e-05,0.06354809698922131,0.0012968140988550113,5.952288937739353e-05,0.07278872169203866,0.0007842562492285901,5.196654044304729e-05,0.07329515081875554,0.0008283610728348628,5.222529486826815e-05,0.19649820340084226,0.058990651894085464,9.984221651325654e-05,0.8938306897102675,0.0008935991004212744,6.338447284936202e-05,0.8938944231079613,0.001062367794740433,5.000020192438023e-05,0.8939571494094495,0.0012194603136756294,5.000020453833206e-05,0.8940171133494793,0.0012735696497297932,5.0008715591873876e-05,0.897153515064389,0.0006955866482018955,5.000067096364573e-05,0.900218895035334,0.0006646113559635467,5.000031675651799e-05,0.9438042635284285,0.0009125380353127218,4.999274177035163e-05
4.96173,-0.23665038930944812,0.17757005657944802,0.9691904224004285,0.7415620686915176,0.6257917562383919,0.1528132322411139,-0.18740982046052418,-9.026111085231882,-0.7739812292422161,-0.3614838900536225,-0.7899776980463448,1.5236932649514945,-1.6253130130546656,0.3779027024096819,-44.38498233248578,-2.135951131277054,-5.3242061730640735,-5.26314069520686,0.9349425366260075,6.80009223159568,6.800093721698187,6.627145738224636,6.799887213107139,0.017112701756015723,0.0002455477867197935,4.9999834768722734e-05,0.02876497454312686,0.0005324693284070113,4.999982798757644e-05,0.032659018137420774,0.0005679298125672376,4.9999992681039074e-05,0.038109667618871745,0.00042144989411987364,5.000003271745763e-05,0.043494001484056764,0.00047411446574102456,5.000005764117101e-05,0.05288365233443897,0.000833654712641738,4.999633213772869e-05,0.06238168784008132,0.0009630793504849627,6.336852790753849e-05,0.06238187146333108,0.0010330749134380352,5.0000158638934185e-05,0.06238205508602243,0.0011014117613348023,5.000002981221379e-05,0.06238223869691364,0.0011658582923076768,5.779484147552764e-05,0.07205684201855388,0.0007318796734847871,5.171316754706791e-05,0.07252438278205979,0.0007707680366957544,5.192773104907792e-05,0.16630414479230163,0.030194058608540623,9.937260653402698e-05,0.8928676090608463,0.0009630806494210855,6.519804638546016e-05,0.8928677523033921,0.0010266708045691929,5.0000152484775216e-05,0.8928678955463123,0.0010892538631372595,5.0000023099947054e-05,0.8928680387826,0.001149074566879188,5.000982371161471e-05,0.8965086174304829,0.0006448976339060471,5.000058675967383e-05,0.8995990114226617,0.0006198836126723029,5.0000299509432916e-05,0.9428896401104158,0.0009146234180126883,4.999634286360546e-05
4.98089,-0.4095413360038774,0.15459756346568274,0.961872845573617,0.7413583803793946,0.619941117090771,0.17443424090662088,-0.18877872528336545,-9.018871505918508,-1.624275757092406,-0.40240285550629135,-0.8919748857480311,1.422865924322712,-1.607402078297672,1.842430182753329,-44.6234677156622,-2.062261347243813,2.1708175567610186,1.3628148989143583,-0.06010455691772507,6.800091858495781,6.800093554324035,6.798042353795864,6.799035515795769,0.016869233570419723,0.00024346818559600034,4.999983093363443e-05,0.02824467027759745,0.0005203042655294095,4.999979515563851e-05,0.032123206131362055,0.0005358120060587141,5.000000634700769e-05,0.03771027963183837,0.0003993879870333683,5.000003350564029e-05,0.04304437600702966,0.00044962547702710943,5.000005903329747e-05,0.05205803091808037,0.0008256214163586074,4.999787254466763e-05,0.06133541413617522,0.0010462737039061093,6.484936164997263e-05,0.06133541254410046,0.001046458919230623,5.0000157535204536e-05,0.061335410952022246,0.0010466441340001836,4.9999950511965665e-05,0.06133540935992817,0.0010468293369854684,5.7008341038927506e-05,0.07137020349972642,0.0006866385188274587,5.150820402817827e-05,0.07180301800154743,0.0007213647805123619,5.168926361767945e-05,0.14842382745749427,0.017880317334807376,9.821411268885341e-05,0.891821333997627,0.001046275063219333,6.67518278692369e-05,0.8918213369315824,0.0010464153718098008,5.000015749345108e-05,0.8918213398655478,0.001046555680764372,4.999995047498025e-05,0.8918213427994808,0.0010466959831192208,5.090189715211084e-05,0.8959076356503196,0.0006009817801634146,5.0000516327698684e-05,0.8990176590248783,0.000581352397783536,5.0000284257228706e-05,0.9419761512040277,0.0009134889063880503,4.99978846800748e-05
5.00004,-0.5820246517930133,0.115290610289381,0.9537853301290381,0.7410407377512128,0.6135109880376765,0.1957105263600396,-0.1901689531723897,-8.983575596806597,-2.479139010796042,-0.44191012680410935,-0.8503879752104092,1.4489737200257522,-1.6085535167608702,3.08343112007324,-35.08883052942993,-3.3817973967521553,-249.92086226765505,102.23104237668566,-15.017004889691679,6.800091338040483,6.800093379593539,5.201703802448254,2.6862757687670804,0.01662781578870333,0.00024141778171639106,4.999982645137213e-05,0.027738894332316834,0.0005057759452806168,4.999976553970919e-05,0.03162083073244426,0.000502375398917795,5.0000017338136815e-05,0.0373307794703983,0.00037950016144007746,5.000003377895346e-05,0.04261672718884586,0.0004276488181837969,5.0000059742721426e-05,0.05124255463706529,0.0008154762810150667,4.999864752664399e-05,0.06022251096820624,0.0011129031679689824,5.0004534310690755e-05,0.06028030955928133,0.0010551029848191293,5.0000149474752145e-05,0.060338035210269314,0.0009973757417529277,4.999989336189359e-05,0.060395226388664805,0.0009401829712633718,6.678310441867678e-05,0.07072298619903312,0.0006472173006932962,5.134014782641136e-05,0.07112444101739539,0.0006785769841520362,5.1495321158560914e-05,0.13673100364434596,0.011692823813148309,9.591498510741962e-05,0.890674320652665,0.0011470133449619753,5.9591140597259433e-05,0.8907420604036884,0.0010792765278939053,5.000017268149646e-05,0.8908116788386056,0.0010096610269422497,4.999989763015249e-05,0.8908811665927132,0.0009401762067676825,5.897535023302665e-05,0.895344988127928,0.0005626475223916545,5.0000457306434923e-05,0.8984697834868466,0.0005478755380316185,5.000027075501801e-05,0.9410674558365627,0.0009086953674649573,4.999866111145176e-05
5.0192,-0.7536386476523577,0.061345479373165895,0.944670695312301,0.7517336138099583,0.591076552969725,0.22889507308282553,-0.1820331782364954,-8.924505513399527,-3.1513447664351473,-0.506696089750224,-5.638186244226565,3.4074401053034227,-1.8962381436635765,8.246739217241405,-42.12834685520278,-0.06307397495598416,-27.353480257511592,20.33632496945454,-2.4792455577965407,6.8000907053316535,6.800093184993231,6.532540737553655,6.297619474750798,0.016388464130119938,0.00023935165858339136,4.999982166338865e-05,0.027249021990248614,0.0004898723420682226,4.9999742016241094e-05,0.031152101920830365,0.0004687288116138927,5.00000257236673e-05,0.03696941094329896,0.00036136852709933677,5.0000033697414266e-05,0.042209081438288686,0.00040764575055717586,5.000005992421269e-05,0.05043977945988676,0.0008027751771785324,4.999908680111781e-05,0.05903637554022959,0.0011861354279766453,5.000210178454091e-05,0.05920982372063169,0.0010704858386496375,5.000014669488199e-05,0.059381630745309014,0.0009564044649603002,4.999985355960471e-05,0.05954947465549014,0.0008457517331746598,6.409110756919776e-05,0.07011072273107034,0.0006122634679627792,5.119937133561855e-05,0.07048358817344869,0.0006408528439467033,5.133406323211975e-05,0.12853803826863147,0.0081929653757145,9.20505147388535e-05,0.88940490531497,0.0012694153376950612,6.154333146943715e-05,0.8895568683652535,0.0011851920384348981,5.000027324207601e-05,0.8897865990222863,0.001025079816319319,4.999987534348722e-05,0.8900354214150398,0.0008457451776733331,5.7344074116271976e-05,0.8948163549107819,0.0005286332171461021,5.000040720045263e-05,0.897951531140305,0.0005182523465416057,5.000025852975597e-05,0.9401677328966133,0.0008997229399495305,4.999910189835186e-05
5.03836,-0.9232536743417377,-0.006802633030107087,0.9348870787206105,0.7721057115810075,0.5492935073850583,0.2754102291882924,-0.1621189715996498,-8.766520608133593,-3.958408347761293,-0.5079044141188828,-6.162203904217773,3.7970283157611364,-1.9437336887828625,13.838714497842904,-40.934567408921815,2.1461084486134543,-5.050775007738624,1.3620236024468457,0.36874037524153447,6.800089827455355,6.800092995745452,6.520887926879738,6.799689112608186,0.016151207461331592,0.0002372566687883499,4.9999816695073494e-05,0.02677579045449204,0.00047323153575657665,4.999972779311821e-05,0.03071627103635398,0.00043583088447638694,5.00000317703523e-05,0.0366245584213056,0.00034485252199336285,5.0000033369881845e-05,0.04181965894552384,0.00038942249276484623,5.000005970707537e-05,0.049652776864943626,0.0007870025949431363,4.9999358058295877e-05,0.05777669177497462,0.0012596837652549754,5.0001221865401516e-05,0.058131906568405715,0.0010779171522259732,5.000013640074811e-05,0.05846750984593538,0.0009141208993736335,4.9999827582106794e-05,0.058786712910565454,0.0007627617449246831,6.176159816864417e-05,0.0695295706428172,0.00058115208825315,5.108059436968991e-05,0.0698761619781125,0.0006074261953361811,5.119881929748337e-05,0.12249948692556187,0.006038551343069596,8.648019962130574e-05,0.8879854493474602,0.0014194559675098025,6.404208204375457e-05,0.8880782304345388,0.001478637930714748,5.000101105466981e-05,0.888578724125639,0.0012078748966473356,4.999992577474749e-05,0.8892726660768541,0.0007627553381858093,5.601706779960481e-05,0.8943180008869822,0.00049835402379971,5.00003645576515e-05,0.8974595962235727,0.0004919349167322727,5.000024749499489e-05,0.9392816898105808,0.0008860430860324012,4.999937474768214e-05
5.05752,-1.0888241475847669,-0.09021956334871145,0.9254941138306495,0.7896883943816689,0.5027691508310471,0.3226802636745803,-0.13963097246026585,-8.501408793469547,-4.74260238904732,-0.4667908623242823,-6.258962900725008,3.823120952394129,-1.936669634528732,18.92818908840015,-37.526075224768974,3.643582585699927,-24.176234914806496,-14.488293461761598,2.8020940598022106,6.800088529007784,6.800092821398828,6.098785332306036,6.799995197330028,0.01591605203983313,0.00023515542149846143,4.999981132358382e-05,0.026319585835107816,0.0004562046193842239,4.999972561919573e-05,0.030311832900336712,0.00040443813601726605,5.0000035844159884e-05,0.03629451217033649,0.0003300462509691086,5.0000032877185026e-05,0.0414465788136187,0.00037308013190514455,5.0000059224906753e-05,0.04888511155060803,0.0007676653143355981,4.9999536287765044e-05,0.05645642219397433,0.0013202695810002867,5.0000725700339965e-05,0.05707551254168217,0.0010563940267235422,5.000010245621634e-05,0.057608093872396404,0.0008594159735389738,4.999981372614931e-05,0.05809651801499467,0.0006901948955707833,5.980250991233707e-05,0.06897575715008902,0.0005538134927281762,5.0981298728552723e-05,0.06929803668468335,0.0005781252934291558,5.108619052609639e-05,0.11787093434385591,0.004628552581705962,7.967686345461392e-05,0.886378944621995,0.0016065047254651332,6.721050117540761e-05,0.8863789601005443,0.0016992703339945413,5.000447499228109e-05,0.8870278849757616,0.0015508391498774137,5.00001037181365e-05,0.8885824774848522,0.0006901885920019213,5.4950108574014295e-05,0.8938462623044238,0.00047173858255837977,5.000032862983947e-05,0.8969907202284954,0.0004688759950772685,5.000023788574551e-05,0.9384144401722846,0.0008672496382962255,4.9999554658645e-05
5.07667,-1.2483734011252825,-0.18805862122139808,0.9171714027756787,0.8048407380027779,0.45139979284155024,0.36748881073515466,-0.1158685125093997,-8.138796604431892,-5.461499068475797,-0.3969898131499684,-6.722113254105567,3.545564986366247,-1.8829891975799604,23.70895262665248,-33.483393790598726,5.075692524128628,-38.02222934344559,-24.96284406878775,4.506991745680069,6.80008650625802,6.8000926790992935,5.808955848340166,6.8000530916026705,0.015683010794347734,0.0002330412454853967,4.9999805611316853e-05,0.02588048222420983,0.000439103610897987,4.99997354756762e-05,0.029936661430286997,0.0003751714700497158,5.000003834011524e-05,0.03597764931869232,0.00031686285164416963,5.000003228168987e-05,0.041088067020991964,0.00035851179262673237,5.000005856716186e-05,0.04814068376299319,0.0007444277876148378,4.999965884519549e-05,0.05511705952157069,0.0013393626724036358,5.000038324041121e-05,0.056072683853057206,0.001002828688624969,5.0000051166808504e-05,0.05681056224560967,0.0007975316267867258,4.999981247392961e-05,0.0574693680365461,0.0006271499784485751,5.819118773793219e-05,0.06844586436712821,0.0005298927829608163,5.089831561728011e-05,0.06874552257425796,0.0005525141104253807,5.099228604278471e-05,0.11420845652536686,0.0036624778184890564,7.274749076271188e-05,0.8845367881112199,0.0018421565107750839,5.873909754248567e-05,0.8845572516657413,0.0018217084348029807,6.485491344948315e-05,0.8850670865058332,0.00196079846992831,5.000062060699291e-05,0.8879553337397098,0.000627143745142314,5.409981801596324e-05,0.8933978269733235,0.00044843533110032393,5.0000298372031044e-05,0.8965419536755173,0.0004487665529781269,5.000022967458953e-05,0.937571225990737,0.0008432141815475965,4.9999678986818545e-05
5.09583,-1.400086823589129,-0.2989563077024888,0.9104483660268399,0.8194020124923099,0.39272599331561964,0.40764583289767803,-0.09041790066945841,-7.684598098088295,-6.102949059392232,-0.2997534653693838,-7.450514885657733,3.067345359009711,-1.796647596952289,28.368624469788532,-28.915594801792103,6.759193542038894,-35.707399835549545,-21.405953715578843,4.127732283290223,6.800083144118395,6.80009259118941,5.884639573948864,6.800072388837346,0.01545210489779574,0.00023090589655199448,4.999979966988838e-05,0.025458332307295054,0.00042214991691477477,4.999975483740428e-05,0.02958827588459836,0.00034838554568864,5.000003964061882e-05,0.035672461087073525,0.00030518823161879534,5.000003162845905e-05,0.04074248137958095,0.0003455856414110208,5.000005779904696e-05,0.047423379592327876,0.0007173041706653101,4.9999746036513084e-05,0.05383877442094873,0.0012782851006219555,5.000012832360917e-05,0.05514279026800457,0.0009298935850526419,4.9999998566107156e-05,0.056071479479971716,0.000739082765637962,4.9999823055004664e-05,0.05689674106954428,0.0005726269670018187,5.688420275192926e-05,0.06793682570181071,0.0005090386653174962,5.082893950325438e-05,0.06821534067031955,0.0005301819039384183,5.09138687139021e-05,0.11123248967379318,0.002975966851573693,6.680003102897313e-05,0.882394217838454,0.002142570272765928,6.152042827742087e-05,0.882691731712552,0.001865519953189322,6.546920279358387e-05,0.882930773437068,0.002136313068765189,5.0001670060763823e-05,0.8873827129585156,0.0005726207811942867,5.342494735685746e-05,0.8929697335628497,0.00042809341047370434,5.000027285542375e-05,0.8961106513265996,0.0004313023489176092,5.000022279485915e-05,0.9367570334773615,0.000814192513375448,4.9999768012136465e-05
5.11499,-1.542229345598493,-0.4213369180469646,0.9058960725004119,0.8332918733487494,0.3259974346507737,0.4420697575528661,-0.06267780446652974,-7.1411330592018585,-6.656892549677277,-0.17026585538402375,-8.134570732666699,2.657265995421694,-1.7175715674380585,33.357936124883125,-23.944265442241353,8.77940300702171,-0.964128657407846,9.120413070335744,-0.4363936591901205,6.800077189610776,6.800092572402267,6.672241665577413,6.800080856498685,0.01522335869744136,0.0002287462003543807,4.9999793584256354e-05,0.02505284120463521,0.00040549110265984564,4.9999779896533096e-05,0.02926405086866075,0.00032422501593760506,5.0000040079640645e-05,0.035377534401725586,0.00029492668534793914,5.000003094951657e-05,0.040408286585164446,0.00033419479441649776,5.00000569722212e-05,0.04673641490760173,0.000686964684726155,4.999980959682894e-05,0.052690598420281974,0.0011481760006667669,4.999994634301109e-05,0.05428782470730849,0.0008549655606960729,4.999995459545236e-05,0.05538230193330152,0.0006891775466701961,4.999984219372707e-05,0.056371108582860124,0.0005256324866841625,5.583229328385562e-05,0.06744584986035128,0.0004909758414594294,5.0771082187654786e-05,0.06770453423942373,0.000510806430895828,5.084845477467205e-05,0.10875882684717496,0.0024736628266182176,6.229342873208341e-05,0.8798634853633962,0.0025307324750578055,6.536809698411456e-05,0.8807812093842853,0.001910522328266855,6.608483949543042e-05,0.8808197118271012,0.0021110616099669394,5.0003865919041625e-05,0.8868570866255056,0.0005256263330100009,5.2889781251549145e-05,0.8925593007849392,0.0004104327779105403,5.0000251337151425e-05,0.8956944055236106,0.00041624580298905766,5.000021720251486e-05,0.9359760986656195,0.0007809348117419846,4.9999833371018156e-05
5.13414,-1.673028852178386,-0.5534496072487314,0.90420764300025,0.8431159702270382,0.2542776886898049,0.47265227321597925,-0.033196263098794775,-6.502086493070765,-7.115599004180669,-0.0020765728302645126,-8.15304079344979,2.831988095508323,-1.7259316730615837,36.961752771998015,-17.48174676191981,9.65850979679935,5.1435609334416705,14.072119904868364,-1.2637963169141841,6.800065304964543,6.8000926220092905,6.799784945323225,6.8000849972146185,0.01499679290518023,0.00022656579226112988,4.9999787369085106e-05,0.0246636113474001,0.0003892298572351109,4.999980696187923e-05,0.0289613472344469,0.0003027036342138531,5.000003993080654e-05,0.035091516368193645,0.00028601803353194434,5.0000030267598306e-05,0.04008401023283049,0.00032427635233395625,5.000005613182682e-05,0.046081671629895245,0.0006547432777064819,4.9999856711069355e-05,0.051675637615173145,0.0010149608051088224,4.9999810349484726e-05,0.05349910456834104,0.0007887201389674468,4.999992056202362e-05,0.05473436843197466,0.0006479335013268545,4.999986584302936e-05,0.055885841037167636,0.00048526754569248957,5.498934466128847e-05,0.06697032446684523,0.0004755253935060498,5.0723233328032346e-05,0.06721036419881701,0.0004941700406067193,5.079423790720076e-05,0.10666118570378481,0.0020976411433901417,5.909732651490227e-05,0.8768232956590479,0.0030401897043482243,7.041049036050144e-05,0.8788246062102107,0.001956603174074472,6.670622263970128e-05,0.8788246601600203,0.0019950516670808926,5.001633370711898e-05,0.8863718252116258,0.00048526141387979796,5.246524315843318e-05,0.8921640375528335,0.0003952632321057709,5.000023325380828e-05,0.895290961193602,0.0004034443300085855,5.000021290199847e-05,0.9352313895732539,0.0007447090923654807,4.9999882068108435e-05
5.1533,-1.7909019767783514,-0.6931814826060924,0.9059303554892492,0.8458687727601452,0.18107009845991423,0.5017098823114726,-0.0032663147951252592,-5.7940006840835485,-7.450501325366085,0.18295398471025467,-8.054504273087847,3.1015713176154924,-1.7501425443094212,39.602333266990485,-10.489765977630228,9.48892065260237,5.703916196417315,14.099312930169317,-1.3624601331559287,6.800040339639431,6.80009273026231,6.799979955782896,6.800087354497816,0.014772423053715353,0.00022436985146487604,4.9999781019072204e-05,0.024290153876995152,0.00037345747040494633,4.999983326812755e-05,0.028677605635483217,0.00028374159896368557,5.000003940796989e-05,0.03481311421209176,0.00027840215610188415,5.0000029598051504e-05,0.03976823945327278,0.000315770779557716,5.0000055313106935e-05,0.045459539475995486,0.0006221321538997569,4.9999892037622913e-05,0.05076737008420992,0.0009082675309632259,4.999968501861474e-05,0.052765881468975505,0.0007332230993655329,4.9999894022755424e-05,0.05412079381879352,0.0006135746131811439,4.999989064325303e-05,0.055435116952005065,0.00045072408516256835,5.431523111475511e-05,0.06650779449475586,0.0004625299720893687,5.06841528321216e-05,0.06673027701220623,0.00048008718661078984,5.0749757885067175e-05,0.10485020076435993,0.001810984939424872,5.688020408492756e-05,0.8731028314805719,0.003720464178476091,7.643059417624125e-05,0.876820817031898,0.002003789178312805,6.126872958734826e-05,0.8770204561100136,0.0018042040500066475,5.62780757397155e-05,0.8859211072432676,0.0004507179683582694,5.212808471087367e-05,0.8917816227274997,0.0003824148253338235,5.000021812984699e-05,0.8948981937593226,0.0003927674342793596,5.000020990219843e-05,0.9345242696575637,0.0007071199156902089,4.9999918596414314e-05
5.17246,-1.8946996160624867,-0.8380552068443763,0.9111967295751363,0.8411307173883277,0.10730288840142838,0.52942360005858,0.02645154813928535,-5.035328595069885,-7.651456471464677,0.3647356793760905,-7.945232882760404,3.3716754835057614,-1.7762435436735375,41.3574569756356,-3.3144214035527177,8.338922091282724,6.279572493019065,14.109871247228638,-1.455627960956067,6.79999085070326,6.80009288229806,6.8000304882813305,6.800088834175591,0.014550261216499808,0.00022216183721554542,4.999977455527459e-05,0.02393188559950302,0.0003582682774921321,4.9999857179497636e-05,0.028410416762011562,0.00026718887347165234,5.000003867066802e-05,0.034541116783797954,0.0002719974282938088,5.0000028949964946e-05,0.039459641916582446,0.0003085975366903318,5.000005453879299e-05,0.044869138873346225,0.0005904006026492604,4.9999918740064915e-05,0.0499409857509512,0.000826384333258721,4.999954471028649e-05,0.05207882611575333,0.0006870553532221763,4.999987256241015e-05,0.05353661555375619,0.0005841782650373366,4.999991440646845e-05,0.05501385166614148,0.00042126528586358664,5.3776232324311205e-05,0.06605598595479802,0.0004518085399578471,5.065270433570362e-05,0.06626191533078095,0.0004683616814252786,5.0713721863718174e-05,0.10326104535045803,0.0015891554139018922,5.533863538885585e-05,0.8684567451678343,0.004646086312737512,8.271599513921606e-05,0.8747688622651326,0.0020519547667653465,6.175847476799505e-05,0.8754170538491719,0.0016034022608416717,5.49892386745449e-05,0.8854998480637833,0.00042125917948420734,5.1859796005976986e-05,0.8914099256940865,0.00037169703341325544,5.000020553056605e-05,0.8945141241545134,0.0003840696048092213,5.000020818968814e-05,0.9338544706270513,0.0006697990305124218,4.9999946046407425e-05
5.19162,-1.9836130977514717,-0.9854640946654162,0.9197641830243106,0.8289247819762516,0.03348975466233778,0.5555989656412179,0.05545942272869675,-4.243033149534824,-7.7149516951716315,0.5244865556808701,-7.824933496628968,3.6419819177928408,-1.804129383089109,42.17425490844123,3.81344975105075,6.238375138645551,6.876753177899436,14.104722487907736,-1.5433636978383227,6.799904473217512,6.800093059388572,6.800050948564245,6.800089862832218,0.014330314727160835,0.0002199464893389724,4.9999767978919106e-05,0.023588128652750236,0.0003437569467527833,4.9999878001778744e-05,0.02815755237492672,0.0002528643870848457,5.000003783400731e-05,0.034274391878977205,0.0002667249048207431,5.000002832783138e-05,0.039156958604828956,0.00030268331175349237,5.0000053824726146e-05,0.04430863372388133,0.0005605051494648951,4.999993902767026e-05,0.04917833323859906,0.0007626525123521395,4.999936763956874e-05,0.05143050278143823,0.0006483233343151051,4.999985450957787e-05,0.052978394183963044,0.000558221369793147,4.9999935980092e-05,0.054617608227845685,0.0003962434382957925,5.334510410875305e-05,0.06561278787580585,0.00044319807899217923,5.062795626791458e-05,0.06580308885839718,0.00045882647238375826,5.068509726536137e-05,0.10184557454592942,0.0014154708045286124,5.425332654616689e-05,0.862524577988515,0.0059321671793192985,8.836507531365982e-05,0.8726677881089414,0.002101074156191203,6.226405651030097e-05,0.8739888017348257,0.001428252114346135,5.397371580251943e-05,0.8851036107245331,0.0003962373392501725,5.164592068001721e-05,0.891046987723394,0.0003629379706925167,5.0000195092282026e-05,0.8941368964902757,0.0003772276642375563,5.000020776408411e-05,0.9332203064589045,0.0006341641681467494,4.99999666534217e-05
5.21077,-2.0571693034201726,-1.1327764101106943,0.931034859292363,0.8093483282561436,-0.03985942173289425,0.5800327680124141,0.08326045530088481,-3.4350900958195605,-7.641896456999849,0.6439967134935184,-7.69319376644855,3.912189715972712,-1.833695998592616,32.55688168791351,7.662783822410689,0.7962247561536441,276.8318090715825,-224.68367660934803,-36.11405828461808,0.6605100173729715,6.800093265693008,6.800061159283338,6.800090625792172,0.014112584828838287,0.0002177298983225483,4.99997612598365e-05,0.023258110957742054,0.0003300176950081803,4.999989563794873e-05,0.02791697360877697,0.00024057876614974835,5.000003697863868e-05,0.03401188014865632,0.00026251173032089447,5.0000027732644396e-05,0.038858993537283684,0.0002979650675452662,5.000005318155573e-05,0.043775536676813706,0.0005330970470676246,4.99999544865691e-05,0.0484664687862884,0.0007118644523106618,4.999912755371535e-05,0.05081504772687384,0.0006154550545643838,4.9999838766360905e-05,0.05244370316639602,0.0005346910175670171,4.999995489752858e-05,0.054242509007544154,0.00037509922030152913,5.3000276821951755e-05,0.0651762308574821,0.0004365570183237394,5.060916241724274e-05,0.06535174394806355,0.0004513449103336385,5.066308005020231e-05,0.10056724988379864,0.0012783246621307905,5.347745654283458e-05,0.854763739988095,0.0077608380004200546,9.27838906098256e-05,0.8705163979649211,0.0021513901440203334,6.278651922867666e-05,0.8727095501976053,0.0012792515372204675,5.319518621840201e-05,0.8847285175980535,0.0003750931264797185,5.147526475657419e-05,0.8906910001686862,0.00035598755470773856,5.000018651462608e-05,0.8937647534994658,0.0003721429908098753,5.0000208644070536e-05,0.9326190323688821,0.0006012740900224241,4.999998209625703e-05
5.22993,-2.1169902235360394,-1.2778713996843412,0.9435529228110708,0.7982031797649356,-0.09229798148731087,0.5878542940647266,0.09372546800296912,-2.8113895356677654,-7.495098535498235,0.659250196034634,-2.3898555646858317,-0.3921332932619015,-2.5255423061532345,41.435203394035746,12.671470636366488,3.5154433530347524,-0.8326278988928362,6.0442708302158765,0.04066546197208145,6.799808628906213,6.800093384201138,6.8000697441120685,6.800091312582554,0.013897083205028386,0.00021550162380990265,4.999975470709646e-05,0.02294100517985518,0.00031710577788687534,4.9999910368855624e-05,0.027686971821064325,0.00023000178771264703,5.0000036141064116e-05,0.0337527530495521,0.0002591270991042112,5.000002716017881e-05,0.038564808639374164,0.0002941848979095265,5.0000052580840326e-05,0.04326728430209181,0.0005082523747218905,4.999996643043878e-05,0.047795907751666596,0.0006705610346218013,4.99987833745428e-05,0.050227952923851384,0.00058709480302246,4.999982496269712e-05,0.05193078407522153,0.000512919091174496,4.999997114621106e-05,0.053885389268839144,0.0003571197387050144,5.272130149534344e-05,0.06474477696699617,0.00043145389048593466,5.0594878940417515e-05,0.06490624944930426,0.0004454944987592808,5.064614937851628e-05,0.09939915180873725,0.0011680980750613846,5.29078811931811e-05,0.8443174426239877,0.010446297364107312,9.587146391126119e-05,0.8683159530614692,0.002200444903451926,6.32994656633847e-05,0.8715555900417843,0.001153960155821076,5.26036262325059e-05,0.8843714039493614,0.00035711364869215093,5.133743590256989e-05,0.8903405641088311,0.0003504360598551037,5.0000179320891085e-05,0.8933963019149352,0.00036845158453054853,5.000021060049347e-05,0.9320476614013495,0.0005713709675326132,4.999999377954569e-05
5.24909,-2.1632253752908945,-1.4191926670153736,0.9568232347989859,0.7997841255893027,-0.12449428846873312,0.5805845921283269,0.08816135170601454,-2.017604681989419,-7.252347911847973,0.7265964489555229,-2.4058064315997925,-0.2763416416334744,-2.524763267434049,40.76451752022171,14.662453956483283,3.541345316282038,-0.5337234927301298,6.071080163434782,0.02543462210929789,6.799683981548608,6.800093548276425,6.800072108086755,6.8000918904306475,0.013683808296849467,0.00021327490817891822,4.9999748169643365e-05,0.02263594985174039,0.000305055328114788,4.9999922586084975e-05,0.027466017506151585,0.00022095431491273826,5.000003535386113e-05,0.033496215828499126,0.00025653722105297626,5.000002660813359e-05,0.03827349031782153,0.00029131832155263043,5.000005202870109e-05,0.04278117769240271,0.00048610660968910875,4.999997568574611e-05,0.04715948649198246,0.0006364212596841337,4.999826493326359e-05,0.04966546704458503,0.0005624858792663578,4.999981249588717e-05,0.051438218528130505,0.0004925655470910299,4.999998490304768e-05,0.053543496067416416,0.0003418932014227317,5.2495380581338855e-05,0.06431694549602926,0.00042783147096690387,5.05847959156e-05,0.06446502966620307,0.0004412197831011846,5.063396373309588e-05,0.09832015092370884,0.0010790008850284111,5.2483501809384165e-05,0.8297755980959921,0.014541844527995434,9.782777180079717e-05,0.8660665117506928,0.002249441310776413,6.381462925915566e-05,0.8705064725256494,0.0010491175161347623,5.215391642068445e-05,0.8840295168351409,0.00034188711422047414,5.122595922514577e-05,0.8899943473095229,0.0003462167993081642,5.000017335988857e-05,0.8930301794009758,0.0003661225139593895,5.0000213699497736e-05,0.9315029159004155,0.0005447455009340489,5.0000002634759316e-05
5.26825,-2.194375868129159,-1.5554979008221899,0.9713952793336519,0.7998057756943923,-0.1567455205313657,0.5735416162925363,0.08243752344813193,-1.236668330179082,-6.971455508407089,0.7944389124515284,-2.416031109889714,-0.1600363967098966,-2.524276009833371,37.84838893719401,15.560908017503612,2.7920645573803524,65.41385311103011,-53.21938651988983,-8.680960258740466,5.290811320917252,6.800093700768648,6.80007388082466,6.800092350844373,0.0134727238619749,0.00021108443487456848,4.9999740901457536e-05,0.02234205345028079,0.00029389640145960415,4.99999326658838e-05,0.02725263251910365,0.00021338498704793511,5.0000034652232834e-05,0.03324132028594289,0.0002548955425562381,5.000002607452862e-05,0.037983926051403404,0.0002895642664181313,5.00000515650682e-05,0.04231427619886702,0.000466901493535686,4.9999982783530514e-05,0.046551628315761755,0.0006078581762207087,4.999744598464171e-05,0.04912421085030474,0.0005412561942802948,4.999980030410363e-05,0.05096465631140138,0.0004735622167291232,4.999999640938891e-05,0.05321424899439599,0.00032924707302042755,5.2315006772302205e-05,0.06389095264490825,0.00042599285112100244,5.057963110299695e-05,0.0640262145696798,0.00043881509652326394,5.062723683302016e-05,0.09731251916749083,0.00100763175621801,5.216712887950622e-05,0.8087228410307452,0.021052757065247004,9.895641197913492e-05,0.8637621896410053,0.002304322109687526,6.439420797331668e-05,0.8695448364113952,0.0009616361142541937,5.1810705218536474e-05,0.883700275847256,0.00032924098788489277,5.113703946301379e-05,0.8896507603743341,0.0003435869351888222,5.0000168747598484e-05,0.8926647322854957,0.00036544711548017444,5.0000218329677616e-05,0.9309811264765661,0.0005217894238494014,5.0000009307510114e-05
5.2874,-2.211101816368972,-1.686239318256037,0.9871194380964384,0.8024771426846184,-0.18414467538203197,0.5628089493544297,0.07329160546846718,-0.5115970040227297,-6.673351189325738,0.847927211641576,-1.1628810933086449,-1.179573878879536,-2.6905793993266567,39.371369758093834,17.65952920184838,4.085098346551484,-3.027818766800067,3.149593437188066,0.06368633506942697,6.79861904509359,6.800093833115497,6.800074450899025,6.800092697168658,0.01326378353465292,0.00020894032732197894,4.999973256504396e-05,0.022058449472898266,0.0002836039773825226,4.9999941004228484e-05,0.02704553647286723,0.00020709604623642147,5.000003404136003e-05,0.032987155111448695,0.000254165174494198,5.000002555216387e-05,0.0376950408873442,0.0002888851640592076,5.000005118526738e-05,0.041863853850999465,0.0004504223478675561,4.999998826081375e-05,0.0459678481781241,0.0005837801376376595,4.999607725823244e-05,0.04860128025726772,0.0005229305930370185,4.999978783416648e-05,0.05050883755988469,0.00045581875151669683,5.0000005973703326e-05,0.05289544926302098,0.00031879973137500926,5.217099149234717e-05,0.06346506324206111,0.0004258894028471491,5.057918423831806e-05,0.06358799297789662,0.0004382215917831931,5.062571868607735e-05,0.0963623545778165,0.0009501645896743269,5.192776043250865e-05,0.7767520171454847,0.03197082388526051,9.955035687297463e-05,0.8613944084167606,0.0023677812242446526,6.506657622406941e-05,0.8686565216520635,0.0008883147593317093,5.154568930716331e-05,0.8833814821994806,0.0003187936477753116,5.106609214988875e-05,0.8893082745504692,0.0003424858238648321,5.0000165349830184e-05,0.8922983402687167,0.0003663920167790147,5.000022459538679e-05,0.9304788820009365,0.0005022444756296298,5.0000014394173844e-05
5.30656,-2.2136562477947104,-1.8108741676485813,1.0040925090740234,0.808091533297938,-0.2069142296944861,0.5481366632660772,0.061034192416155396,0.2426504576186221,-6.335043044190979,0.9261864918589813,-1.2208857965536855,-1.1192363069383668,-2.68935934381773,38.64800696770292,18.745590486845998,4.687000537633163,-2.9121185132441862,3.346799039887752,0.06994878469471248,6.799812238375543,6.800093949885767,6.800074125719662,6.800092933853789,0.01305692983435222,0.00020685370030070014,4.999972267876253e-05,0.02178429880712343,0.00027415066577483665,4.9999947916523345e-05,0.026843582230965227,0.000201954241902001,5.000003352607564e-05,0.03273279530688964,0.000254359804559058,5.000002503212184e-05,0.03740573667005225,0.00028930421729194073,5.000005089046118e-05,0.04142735823041359,0.00043649562058587665,4.9999992484716746e-05,0.04540446952893575,0.0005633786491883436,4.999368279570827e-05,0.04809411003056973,0.0005071702266979875,4.99997744490119e-05,0.05006950275894822,0.00043933480093646775,5.0000013875113836e-05,0.05258515696193436,0.0003102923010866102,5.2057070980897876e-05,0.06303748749141527,0.0004275757506458316,5.058359459251037e-05,0.06314851098807946,0.000439481989817159,5.062951738018617e-05,0.09545833843143395,0.0009040161463825509,5.174553140851938e-05,0.7256472821941081,0.05110473495137655,9.982960224976446e-05,0.8589507447728102,0.00244366364395056,6.587183666743366e-05,0.8678299043826679,0.0008266172693956375,5.133877535430601e-05,0.8830711959808525,0.00031028621862821,5.100999913057835e-05,0.8889653285237606,0.00034294602670867814,5.00001631167075e-05,0.8919293226109635,0.00036901765775325255,5.0000232714193424e-05,0.929992981873451,0.0004859001274853924,5.000001831003059e-05
5.32572,-2.201893213936255,-1.9288304414344715,1.022679537809791,0.8125262267639027,-0.22996442866335315,0.5334136073704259,0.04890618296125336,0.9830402721460837,-5.975928943550239,1.015976567234622,-1.2766740002689416,-1.0551208165206094,-2.688019316949855,37.89833768735219,19.882790123454672,5.145053877328542,-2.742290768319114,3.4973172539841504,0.06957226745075337,6.799986606690912,6.800094040364462,6.800072282890241,6.800093058275737,0.012852093396250992,0.00020483643810122838,4.999971055508411e-05,0.02151878989238004,0.0002655089147433909,4.999995365151517e-05,0.02664570381470514,0.00019787841626008737,5.0000033112233674e-05,0.03247725167933234,0.00025554362755729823,5.0000024502539804e-05,0.037114830832736624,0.00029090583731562877,5.000005068705401e-05,0.04100235938351432,0.000424998846899271,4.999999570746219e-05,0.044858427935173875,0.0005460415937618752,4.998960270228708e-05,0.047600379057004344,0.0004937309735653815,4.999975934508617e-05,0.04964535092970573,0.0004241518292424941,5.000002036614926e-05,0.05228159510056131,0.0003035618613730514,5.196908486670218e-05,0.06260627362399222,0.00043121386742306237,5.059335730484929e-05,0.06270576836294542,0.0004427426251340438,5.063910919230258e-05,0.09459088844562523,0.0008674499858087137,5.160748823696868e-05,0.6419046484439694,0.08374263375013871,9.994274048707458e-05,0.8564132854344767,0.002537459338333426,6.686591616002036e-05,0.8670553496971753,0.0007745546854925588,5.117565529887919e-05,0.8827676402011032,0.00030355577974932024,5.0966691969702844e-05,0.8886202328814529,0.0003450956423078328,5.000016207620626e-05,0.8915558406534732,0.00037348195749021336,5.000024304138008e-05,0.9295203701586782,0.00047261171477286525,5.0000021349264346e-05
5.34487,-2.1760832787045667,-2.0396997870127445,1.043075229036532,0.8157630482280702,-0.25324966866869747,0.5186904688066659,0.03687615645250281,1.7090684793622122,-5.595029216842598,1.1145416883067756,-1.3292087701739688,-0.9881218099435073,-2.6866865031197094,37.13232648748831,21.058672315980726,5.454211700436417,-2.559445719099269,3.6332943598342924,0.06769558291797376,6.800025467855414,6.800094088062098,6.800066245408059,6.8000930509556055,0.01264920097133581,0.00020289242491518215,4.999969550759047e-05,0.02126115419763579,0.0002576356947442517,4.9999958420527234e-05,0.02645092340124452,0.0001947804134606195,5.000003279993616e-05,0.032219497875810035,0.0002577538035222985,5.000002394751482e-05,0.03682108851179701,0.0002937423209396074,5.0000050570617676e-05,0.04058661121893337,0.00041574816458094487,4.999999813081132e-05,0.04432712390780972,0.0005313040273641488,4.998454572180005e-05,0.04711800240478724,0.00048237665221710803,4.999974174971292e-05,0.04923508615989677,0.000410264769808958,5.000002567873642e-05,0.05198315076092148,0.00029844433963983083,5.1903451950049746e-05,0.062169346181475536,0.00043692744251668593,5.060894184023316e-05,0.06225765681058706,0.00044811155235835405,5.065494831545231e-05,0.09375190868028326,0.0008389797653419716,5.150390593597902e-05,0.5176800808238133,0.12422456762015606,9.997942322253139e-05,0.8537586303053345,0.00265465512914221,6.810028926802883e-05,0.8663249047314593,0.0007304449657160529,5.1045697687538666e-05,0.882469201942494,0.00029843825860917183,5.093439560700013e-05,0.8882712047341779,0.00034902814727491625,5.0000162234215864e-05,0.891175931664062,0.0003799089894112806,5.0000255949563765e-05,0.9290582143374438,0.0004621558212343229,5.000002373978791e-05
5.36403,-2.1365048387230416,-2.143057343621766,1.0654205030004953,0.8177914610857008,-0.2767178172024254,0.5040122026824083,0.024909320287638953,2.4204220129097314,-5.191602812390409,1.219029425349834,-1.3782407304207314,-0.9185178549595054,-2.6853896414180736,36.35896402998369,22.25968405889347,5.610961113058893,-2.369161812558906,3.7577279527649834,0.06497728048345323,6.800028953972278,6.8000940774249266,6.8000464889409615,6.800092885722525,0.01244817899707313,0.00020102197426267906,4.99996766927327e-05,0.021010668292113576,0.00025048590552221266,4.99999623918368e-05,0.02625832895870879,0.00019259444253572742,5.000003258880575e-05,0.0319584584011332,0.00026103947467683475,5.000002334649907e-05,0.03652320504849043,0.0002978834633065802,5.0000050533464006e-05,0.04017803092966401,0.0004085802892693667,4.9999999898440386e-05,0.04380830888330335,0.0005188150245063692,4.998374427671046e-05,0.046645098043303086,0.00047290436148415154,4.999972075307864e-05,0.04883743247140947,0.00039765368848729895,5.0000030013227285e-05,0.05168833237152676,0.0002948183893947222,5.1857612938778436e-05,0.061724465986347454,0.0004448801951280806,5.063102425067924e-05,0.061801920195257994,0.0004557366153290698,5.0677710178049366e-05,0.09293439938431933,0.0008175092959639423,5.142805227886863e-05,0.3870472079910108,0.13063287283280262,9.998234876760259e-05,0.8509566334628655,0.0028019968424689893,6.962977060788277e-05,0.8656319524670911,0.0006929522643680691,5.094119247396872e-05,0.882174389633735,0.0002948123087590721,5.091184307684436e-05,0.8879163323757898,0.00035487235838816875,5.000016362696325e-05,0.8907874697497167,0.0003884619143452496,5.000027192008753e-05,0.9286038711248135,0.00045434321263042055,5.000002564736594e-05
5.38319,-2.083440641931238,-2.2384665288670833,1.089800934961847,0.8186059104344023,-0.3003137611930127,0.4894202564036611,0.012969954684606448,3.116960042854365,-4.765168316930485,1.326520051225836,-1.4236273729053461,-0.8465300936160209,-2.6841448549356595,35.58712770359648,23.471894832507513,5.61352816109886,-2.175424502536818,3.869054205360181,0.061886772955671875,6.80001737019418,6.800094005464555,6.799958247103451,6.800092544702746,0.01224895660570158,0.0001992223913715499,4.99996530179041e-05,0.020766655084937243,0.00024401320717633385,4.999996570018918e-05,0.026067054717557204,0.00019127424115158596,5.0000032478441e-05,0.03169299434514877,0.0002654640559844252,5.0000022672921506e-05,0.03621978446030172,0.00030342058818870796,5.0000050564126774e-05,0.039774676528706705,0.00040335440095730726,5.000000110989648e-05,0.04330003255394964,0.000508276329353716,4.998830289038669e-05,0.04617996019650029,0.00046513784680279966,4.999969521071543e-05,0.04845115226480015,0.00038628020660931865,5.0000033539879115e-05,0.05139573333004923,0.0002925990414775212,5.182982884607207e-05,0.06126917975588801,0.00045528623045944586,5.0660544909726586e-05,0.06133610538801488,0.0004658148072431097,5.070835019578349e-05,0.0921321615822692,0.0008022378020501386,5.1375284602974524e-05,0.29293501861282184,0.09411218937818891,9.995673815594718e-05,0.8479684091971229,0.0029882242657425636,7.150958601554414e-05,0.8649709445461248,0.0006610079209663917,5.085647692387274e-05,0.8818817966726681,0.000292592961066853,5.089817426004146e-05,0.8875535309792318,0.00036280139655792224,5.000016632608753e-05,0.8903881172652257,0.0003993524844909696,5.0000291580029634e-05,0.9281548477157706,0.0004490234090427851,5.0000027192700236e-05
5.40235,-2.017174505097207,-2.325484088687546,1.1162457856322094,0.8182055142469723,-0.3239802856681826,0.4749524869820554,0.0010222118085454462,3.798711805682639,-4.315511187749905,1.4340598547017018,-1.4653025398886712,-0.7724096266046898,-2.682959274101216,34.535970887707315,24.51756624640467,5.346145360470124,-11.530975911754917,-3.868216201929134,1.2858914754201296,6.800008681291633,6.800093874632275,6.589516733748691,6.800091989038723,0.012051468138619025,0.00019748846708255436,4.9999623004215864e-05,0.02052848445287838,0.00023817063205886483,4.99999684542064e-05,0.025876263659568997,0.00019079105798820996,5.000003246868363e-05,0.031421886853532505,0.000271107491616263,5.00000218922465e-05,0.035909313321952706,0.00031047113834900835,5.000005064641018e-05,0.039374725252331884,0.00039995127637481963,5.0000001830120395e-05,0.04280062055902369,0.0004994119949259411,4.999268194419628e-05,0.045721037439555134,0.00045892275694515484,4.9999663602645145e-05,0.048075063518833464,0.00037608874596668356,5.0000036400883924e-05,0.051104000004564734,0.00029173332548449403,5.1819048392170316e-05,0.0608007567381437,0.000468423017744306,5.069878846950695e-05,0.06085750139275732,0.0004786039952575564,5.07481866744609e-05,0.09133956727427124,0.0007925943079979406,5.1342471903481614e-05,0.23388593263269916,0.059049085980122706,9.987481623771225e-05,0.8447432407281948,0.003225168468928089,7.37874756180359e-05,0.8643371952395873,0.000633749306537519,5.078733701485128e-05,0.881590069427523,0.00029172724514497266,5.0892869498894997e-05,0.8871804870133038,0.0003730439659280266,5.0000170445699454e-05,0.8899752643279359,0.00041285293728982454,5.000031575346462e-05,0.9277087620203758,0.00044608569539477717,5.000002846337275e-05
5.4215,-1.9380395029548712,-2.4036974665257653,1.1447062202623268,0.8166381330641944,-0.3483163677633586,0.4600844115686352,-0.010227445833886345,4.46032628690139,-3.8458218622172873,1.5364773370619982,-1.6862044126232558,-0.8465140397686542,-2.6583251202162725,25.288787296904484,20.408353306163974,1.569103992215809,-297.69071514125034,-240.42524924615157,38.691958648495465,6.800040814041101,6.800093683064647,0.26694237815084493,6.800090940207792,0.011855655650728094,0.00019581248789092998,4.9999584602836795e-05,0.0202955751085228,0.0002329093443555796,4.999997074338109e-05,0.025685135146598675,0.00019112851297031834,5.000003255916733e-05,0.03114382400768317,0.00027806284584933744,5.0000020959555044e-05,0.03559013635853067,0.0003191769634220427,5.000005075696172e-05,0.03897646316705919,0.0003982620852726908,5.0000002097825964e-05,0.04230862552262732,0.0004919950363963715,4.999537220139683e-05,0.045266916695863815,0.0004541207436913206,4.999962384754948e-05,0.04770805945637682,0.000367004062456642,5.000003871277295e-05,0.05081180846640054,0.0002921915381641913,5.182475419456947e-05,0.06031612037437672,0.000484636363766982,5.074745982406824e-05,0.06036307481133941,0.0004944265814179153,5.0798982619694946e-05,0.0905514003675519,0.0007881669067193542,5.1327540089681825e-05,0.1963699736547372,0.03751595897796197,9.967576814165556e-05,0.8412140197283839,0.003529220999810976,7.648657760754336e-05,0.8637267328580586,0.0006104623815286426,5.073056959982063e-05,0.881297883969774,0.00029218545774903224,5.0895673339387915e-05,0.8867945984210136,0.00038588859229022883,5.000017614496112e-05,0.8895459639784635,0.000429300349472491,5.0000345518591544e-05,0.9272633151183871,0.00044544690198862924,5.000002952296768e-05
5.44066,-1.8478833342269845,-2.4737156261620474,1.1744388348791652,0.8137441650851993,-0.39365876722037707,0.4276112078158517,0.0023974152345595423,4.944790092551868,-3.4548537863786346,1.5665370660084819,-7.389142045452963,-5.452402406685831,-1.9170933120300602,27.704826208680018,31.043961967820017,3.868971856774671,-49.77447272992084,-19.403041767483717,7.4578381709930195,6.8000393261743755,6.800093441877906,5.915396269618652,6.8000894002772565,0.011661482308243381,0.00019417334248471443,4.9999535926755814e-05,0.020067442888116422,0.00022813222040637816,4.999997267605286e-05,0.025492965707267896,0.00019216943933078118,5.0000032732152216e-05,0.03085755635362482,0.0002862676540583507,5.0000019827478644e-05,0.03526064499412465,0.0003294913644060133,5.000005083702985e-05,0.03857852696638632,0.00039793620067287306,5.000000198791965e-05,0.041822782892057424,0.0004858426305698954,4.999692223048481e-05,0.04481637916805107,0.0004505375278127485,4.9999574038161366e-05,0.04734927866411129,0.00035878079226553633,5.0000040563568735e-05,0.05051801797590131,0.0002937904904992354,5.1844727753684796e-05,0.059812127525163905,0.0005039928492128152,5.080765150217178e-05,0.05984974244847698,0.0005133323628624277,5.086191292703485e-05,0.08976345472523505,0.0007879456423168513,5.132679777076008e-05,0.1712578528062711,0.02511212084846609,9.926713640963604e-05,0.8372985276966087,0.003915492031775215,7.952174244871774e-05,0.8631364677253985,0.0005902651326600489,5.06830499575177e-05,0.8810040995598939,0.0002937844098802196,5.0905494947968415e-05,0.8863932222544714,0.0004013761665421351,5.0000183409581084e-05,0.8890971903277868,0.0004487736506767107,5.000038179800253e-05,0.9268166002497125,0.00044671486867464244,5.0000030439548366e-05
5.45982,-1.747896632904808,-2.5343768423774677,1.205198724664532,0.803584230920449,-0.4605851626940456,0.37470666440508155,0.041382198415366916,5.475538577339241,-2.8601366186147326,1.6406559554467701,-8.34268442769029,-5.8241114706875265,-1.7742215871100226,22.155950334955204,37.520739941877494,2.44535297725684,-9.946788256018673,14.761795671270512,2.523908367431251,6.800031814455645,6.800093077592838,6.800005063581258,6.8000868199930835,0.011468923665667128,0.00019255864257625423,4.999947374086924e-05,0.01984360716253691,0.00022383572557951086,4.999997427807813e-05,0.025299044590312708,0.000193921116955189,5.00000329870877e-05,0.0305618109512966,0.0002957454023282231,5.0000018436119556e-05,0.03491916419803447,0.0003414807960901821,5.0000050834145916e-05,0.03817960923891419,0.0003989177274721249,5.0000001488283925e-05,0.041341987936986964,0.00048079495507046194,4.9997847573143664e-05,0.04436832140217058,0.000448057765880493,4.9999510921006444e-05,0.04699780327723197,0.0003514753868793139,5.0000042026396695e-05,0.05022147350850667,0.00029654446739464,5.187937909861471e-05,0.059285342376649355,0.0005267851485145493,5.088138467596353e-05,0.059314161164176524,0.0005355812843004529,5.093914019286481e-05,0.08897158326525395,0.0007918714599810871,5.134003358797624e-05,0.15354896574628724,0.017708887059983854,9.852758074808524e-05,0.8328886607894839,0.004409866907124921,8.27808184277595e-05,0.8625635152313988,0.0005729524939996077,5.0643586442488e-05,0.880707561173458,0.0002965383864357475,5.0922537377704846e-05,0.8859734763092345,0.00041974594523687967,5.0000192366566485e-05,0.8886256377602051,0.00047155256758177815,5.00004260087715e-05,0.9263666936386751,0.000449906611037413,5.000003123714343e-05
5.47898,-1.6387227179306436,-2.5824333899222096,1.2371516864131962,0.7835421172348791,-0.5272270968491471,0.3181446041902341,0.08295316977533948,5.899985819156536,-2.1413421485735022,1.6875022116792937,-8.533237609854947,-5.5413159524534885,-1.7258704250537662,11.434812035600103,32.11136419206053,-1.8275573710005248,258.4291705168715,-224.26140813948732,-33.34752327780139,0.6347674802175207,6.800092532370512,6.800074785017086,6.8000825978978625,0.011277959237788947,0.00019096442787818046,4.9999392155215006e-05,0.01962349300662745,0.00022011415590946187,4.9999975504228983e-05,0.02510250963733913,0.0001965349529735759,5.0000033343393655e-05,0.030255189779088275,0.00030662117220831985,5.000001670321078e-05,0.03456380945798979,0.000355354740044674,5.000005069891309e-05,0.03777812770693037,0.0004014815319838237,5.0000000488811474e-05,0.04086527118485716,0.0004767167521298045,4.9998428135711045e-05,0.043921689654827525,0.0004466317473430475,4.999942858788643e-05,0.04665235270668805,0.0003454505705439288,5.000004318504989e-05,0.0499207771602469,0.00030069634825976904,5.193221876458102e-05,0.058731736032601935,0.000553606344047417,5.09720235443186e-05,0.05875244994754756,0.0005617112166289706,5.103429538261531e-05,0.0881706275011979,0.0008009557640560409,5.137090877491481e-05,0.14048317870484237,0.013065787041444885,9.732156267576777e-05,0.8278292029232502,0.005059457866233624,8.614187688731656e-05,0.8620045981240265,0.0005589171073723094,5.061245345563298e-05,0.8804068709066732,0.00030069026678484925,5.094853037737031e-05,0.8855319757708389,0.0004415005383957779,5.000020332907753e-05,0.8881274509899872,0.0004981867702178004,5.000048032872021e-05,0.9259111708143384,0.00045552282433656145,5.000003190110624e-05
5.49813,-1.5234092062152425,-2.617632908331079,1.2691560687506709,0.7744740808851344,-0.5699000260911056,0.24438925927087105,0.12523901888493205,6.119045455770381,-1.5261764817319619,1.652491224849258,-3.582443490319405,-9.837549455951306,-2.364717509593843,6.252131774597441,43.39820233028472,1.4157574144032032,-22.884801969819353,8.920222956058243,1.9515627401034397,6.800051028832494,6.800091387042142,6.800083610175775,6.800074467188719,0.011088588461254144,0.00018937077653480283,4.999928498647778e-05,0.019406563786515483,0.00021692922011196653,4.9999976398146255e-05,0.0249025725299549,0.0001999371073842296,5.000003378376429e-05,0.029936483175963424,0.0003187066031248535,5.000001456184607e-05,0.034192872613658096,0.0003709368443316983,5.0000050331003073e-05,0.03737274941475078,0.0004053782921795907,4.999999898374144e-05,0.040391761532510596,0.0004735096523465637,4.999880756832556e-05,0.0434755704252297,0.0004461192295978271,4.999932084805751e-05,0.046311723546316214,0.0003406291603718334,5.00000440979444e-05,0.04961463506109581,0.00030614209915108483,5.2002617976939825e-05,0.058147311187461706,0.0005844248451402279,5.108109794505865e-05,0.058160783717745045,0.0005916662298025106,5.1149537231712134e-05,0.08735584469234665,0.0008147828088512454,5.141857207158197e-05,0.13044994219223202,0.010033236512610327,9.554061628717487e-05,0.8219154608477587,0.005913742075491436,8.935424273251544e-05,0.8614567949504086,0.0005478031736180157,5.058834723184508e-05,0.8801007348896966,0.0003061360169765939,5.098316949190609e-05,0.885065390119189,0.0004665856516497088,5.0000216205624234e-05,0.8875987982890434,0.000528652700943819,5.000054639449136e-05,0.9254477824389535,0.00046338837538493377,5.000003245336311e-05
5.51729,-1.4047648831026853,-2.638935823151936,1.301033765453182,0.7752726119779972,-0.5888782349020215,0.1535032136051265,0.16917039922683505,6.238819152997868,-0.694785952305794,1.6796132539448807,-4.0208535304565745,-9.666662449397547,-2.3273309199983854,-2.777874722539265,43.58306863889787,2.07792138508181,-22.09087708830157,9.766916214389928,2.1328092000858905,6.800067233770412,6.8000893985226005,6.800088521499356,6.80005819492146,0.010900821921486819,0.00018776653976732393,4.999914225870458e-05,0.019192272689240925,0.0002142910972745601,4.9999976962539025e-05,0.0246984518864681,0.00020412064348680374,5.000003429852032e-05,0.029604661421100947,0.00033182175486247965,5.0000011945523844e-05,0.033804830240867216,0.0003880423727908756,5.000004963307901e-05,0.03696223779196928,0.00041051162278150525,4.999999691030498e-05,0.03992066765756392,0.0004710938749466757,4.999906516829684e-05,0.04302913282045203,0.00044643760477766165,4.999917771691347e-05,0.04597462975757516,0.00033709378874105907,5.0000044819990874e-05,0.049301748042984074,0.00031288701811173604,5.209152897036541e-05,0.05752804985054798,0.000619261336913733,5.121012188361802e-05,0.05753538748768458,0.0006253962300604679,5.1287781475879036e-05,0.08652233925106222,0.0008335054412844329,5.148439758810339e-05,0.12247324603887379,0.007976696153358246,9.313916591812348e-05,0.8148629325107242,0.007052528337034543,9.222160333735829e-05,0.860917203718965,0.0005395912314436235,5.057084561608833e-05,0.8797878539546695,0.0003128809350270503,5.102693029501782e-05,0.8845704044633039,0.000494985655885199,5.000023091318123e-05,0.8870358718041105,0.0005629264849329139,5.000062613127981e-05,0.9249742066311473,0.00047357580780617016,5.0000032890329426e-05
5.53645,-1.2854792648459856,-2.6442305421362478,1.3335907021501694,0.7651450514442231,-0.6050743704568483,0.061850416656727907,0.21123361005445188,6.185602692125252,0.14014610856495385,1.7194205286172597,-4.44405414734284,-9.479555122219708,-2.286472145330039,-11.713720956854207,42.2321518344984,1.4922875436670162,-21.24614171999375,10.529776237682807,2.29423843423364,6.8000780838890424,6.800085125869714,6.8000908479024345,6.800015720221008,0.010714674274118027,0.00018614764736879204,4.999894669831111e-05,0.01898000760709966,0.0002122650821412654,4.9999977156716694e-05,0.024489290587169043,0.00020916129929905448,5.00000348869988e-05,0.029258875968725846,0.0003457854523750983,5.000000879150621e-05,0.033398378381400105,0.00040645185946710995,5.000004851561373e-05,0.03654527461867197,0.00041696317329730973,4.9999994130264715e-05,0.03945125793112044,0.0004694097264434788,4.9999245710911694e-05,0.042581584692172866,0.00044754812827916743,4.9998981910360825e-05,0.045639515438476705,0.00033511431909844674,5.000004541155598e-05,0.04898067563815316,0.00032107240483092377,5.220197458683252e-05,0.05686988798567553,0.0006581618648724455,5.135935079693148e-05,0.056872587868611955,0.0006627996190726261,5.1453621097711934e-05,0.08566434076231065,0.000857998488751578,5.15727434813637e-05,0.11593540414559007,0.006537841893283706,9.017221908204248e-05,0.8062489334312085,0.008613999079515645,9.463181214784989e-05,0.8603825828445746,0.0005346208743902454,5.056038031351044e-05,0.8794667876340996,0.00032106632056995774,5.108131119163494e-05,0.8840437075563816,0.0005266969069222518,5.00002473485822e-05,0.886434943837188,0.0006009279669223516,5.000072166861661e-05,0.9244877307246359,0.000486475906511438,5.000003317793758e-05
5.5556,-1.168862338374087,-2.633731776973788,1.3668405622853321,0.7443608373872664,-0.6183070442177091,-0.029622779254628563,0.2505052634688043,5.961199925537073,0.9491983085909446,1.7480086650922033,-4.851071951408023,-9.277833489273702,-2.2425208292835603,-20.12922900930654,39.40559392423705,-0.29929047504492146,-20.368508697341706,11.213387854757965,2.434440170077122,6.800084536050347,6.800073813979985,6.800092073173622,6.799785561179503,0.010530167948697822,0.00018450632542020654,4.9998672746488615e-05,0.01876918108051689,0.00021082652658276825,4.999997699039357e-05,0.024274292449010276,0.00021499813815876626,5.000003552442485e-05,0.028898652279723856,0.00036022368900199127,5.0000005084119e-05,0.0329726997900488,0.00042567859135130654,5.000004690004078e-05,0.036120776925245214,0.00042449769342675517,4.999999056309723e-05,0.03898284793871877,0.0004684099924016679,4.999937564262328e-05,0.042132197228472716,0.00044938746370014576,4.999870786161728e-05,0.045304830803119395,0.0003346846353573114,5.0000045901837164e-05,0.04865004253810278,0.00033063310005037363,5.233450261672697e-05,0.05616923553230549,0.0007006524533700394,5.151761745194012e-05,0.05616931766993492,0.0007032701986770378,5.165892378761518e-05,0.08477599647376996,0.0008883442885406812,5.1685704762880525e-05,0.11043043484450529,0.005504969301084789,8.680441932254567e-05,0.7954462952103006,0.010802638220907929,9.651552882213087e-05,0.8598497910304359,0.00053279181413878,5.0556552696037085e-05,0.8791361606197925,0.00033062701430713214,5.114659701007439e-05,0.8834824677418353,0.0005612398145464861,5.0000265018589494e-05,0.8857928685305737,0.0006420753066143401,5.000083427385359e-05,0.9239856394854122,0.0005020912392236272,5.0000033295929174e-05
5.57476,-1.058110765519421,-2.6082090245241454,1.4003449421513114,0.7133484814917015,-0.6283924600329271,-0.11998800503711689,0.2861237329172682,5.575579105678608,1.70410141138979,1.7422750804472429,-5.241276713822506,-9.063015732669934,-2.1958836325063023,-26.833469948282218,34.3237998499778,-3.4758963085225694,-52.197255218463724,41.152557973263306,-1.6768091335086646,6.80008820991003,6.800023814345503,6.800092761399742,6.058156238308879,0.010347330580066177,0.00018283736863164285,4.999827937509557e-05,0.018559239825184114,0.00020994125533277692,4.9999976469289047e-05,0.02405275213098672,0.00022154031802355535,5.000003617806511e-05,0.028523979101607318,0.00037467317811653764,5.000000086711087e-05,0.03252760549691454,0.00044509429313426143,5.000004475539295e-05,0.03568794691505333,0.0004328300101918852,4.999998612679125e-05,0.03851478344135056,0.00046806449736820903,4.999947103691715e-05,0.04168029141816332,0.00045190581030939907,4.999831453166259e-05,0.04496904546846269,0.0003357853346567013,5.0000046304262395e-05,0.04830857778202623,0.0003414647560765575,5.248922131690164e-05,0.05542341139556013,0.0007458241367453587,5.096587993115708e-05,0.05542347867787152,0.0007458389920634014,5.261567865088066e-05,0.08385138292446888,0.0009246135493010982,5.1825792926509865e-05,0.10568110441943158,0.0047493304250737015,8.328630370164806e-05,0.7814995675846952,0.013946727625605502,9.788202282458812e-05,0.859315767773506,0.0005340232569298384,5.0559126144430765e-05,0.8787947019512905,0.00034145866850204967,5.1222861036180796e-05,0.8828847102973629,0.0005977574444722686,5.00002830987403e-05,0.8851074587784316,0.0006854097521422136,5.0000964173660104e-05,0.9234652390234874,0.0005204004619247977,5.00000332155523e-05
5.59392,-0.9560200574816157,-2.569127213658066,1.433194538812094,0.6713217984965681,-0.6380090953276932,-0.20762567988691438,0.3149127214566593,5.061523416992271,2.3616512774421254,1.6756864404344647,-6.241232963632143,-8.274645590048683,-2.228006696559616,-31.91937907209657,28.90034508723143,-7.838155685229299,-46.54180837150727,64.71246529914258,-1.1327697785320336,6.8000903229754925,6.481757469053866,6.800093174386989,5.821094873065217,0.010166192317612878,0.00018113826245329964,4.999769940154241e-05,0.01834968228008425,0.0002095575450998629,4.999997560154143e-05,0.023824095118675684,0.00022865701231103853,5.000003680610028e-05,0.028135351901567976,0.00038862720003934225,4.999999625886804e-05,0.03206361418029065,0.0004639913166238903,5.000004212344767e-05,0.035246334331249116,0.00044161258380421485,4.9999980753529205e-05,0.03804642855141855,0.0004683548899320098,4.9999542123920144e-05,0.04122522278999998,0.0004550686281633361,4.999773471863696e-05,0.04463069104031078,0.0003383544281519049,5.000004661392111e-05,0.047955169778262426,0.00035340800376379954,5.266542376490166e-05,0.054631961041344504,0.000791450354215627,5.007451319426993e-05,0.05463431831916391,0.0007891603587076117,5.391985509701613e-05,0.08288460469071646,0.0009667782337524106,5.199558046561793e-05,0.10149220114359518,0.004188903275836404,7.988655812409102e-05,0.7629156507625333,0.018583916822161886,9.879987240899522e-05,0.8587775659293756,0.0005382018441304068,5.056790570235884e-05,0.8784413000373215,0.0003534019139689557,5.130977996318307e-05,0.8822497176725967,0.0006349926247660846,5.000030042556273e-05,0.8843778447970765,0.0007296139813550148,5.000111011441669e-05,0.9229239180314179,0.0005413209920696042,5.000003290431102e-05
5.61308,-0.8647673062303971,-2.518431314952283,1.4640069488206253,0.6188050808807101,-0.6502172153920327,-0.28967995412370645,0.33225042578163055,4.450035658496197,2.915302625021219,1.5255288750295024,-7.13284636291427,-7.0349322402636325,-2.249707458695436,-30.96823562281508,21.172389463456494,-12.322220540963706,182.8315524581179,188.0540594644308,26.695509489728927,6.80009157687591,2.3165789430538313,6.800093434075531,6.662039988519361,0.009986783146833253,0.0001794091707796248,4.9996821379175566e-05,0.018140070258282993,0.00020961202180125766,4.9999974395769766e-05,0.023587908668171974,0.00023618645050370811,5.00000373596462e-05,0.02773375111813649,0.0004016007834314844,4.9999991453787775e-05,0.0315819294414998,0.00048168473879084986,5.0000039131733074e-05,0.03479586362439846,0.0004504707068506541,4.9999974393424664e-05,0.037577155818709046,0.00046927273270950593,4.9999595606126024e-05,0.040766363843866296,0.00045885894613368635,4.9996856934946634e-05,0.04428839103146268,0.00034230000884810397,5.000004680875045e-05,0.047588907571644794,0.0003662622066176345,5.2861598768005366e-05,0.053795027026741764,0.0008369340146027448,5.0046323532866345e-05,0.053802657260087955,0.0008316610590759555,5.438294412815325e-05,0.0818698458294462,0.0010147588612702686,5.2197813061335024e-05,0.09772232660681157,0.003769874536783615,7.682251820987565e-05,0.7373093041728694,0.025606346589663913,9.936886141137988e-05,0.8582323637884369,0.0005452021409386462,5.058276781451165e-05,0.8780750439231417,0.00036625611417970093,5.140663840014317e-05,0.881578369867342,0.0006713478052547802,5.000031558657944e-05,0.8836047198228751,0.0007731249742013364,5.000126916360262e-05,0.9223591832126415,0.0005647348187764257,5.000003232703152e-05
5.63223,-0.7851358750403042,-2.4585929763930983,1.491082241193501,0.5754055322073693,-0.6582014310571747,-0.3493570170987749,0.33709915066580254,3.8567691998097358,3.320907538129716,1.2894689253271894,-3.630295265587157,-3.432332232341889,-1.7382947140140965,-32.747937128627854,19.153042612170914,-14.895678143014909,185.3798630527484,165.11946148984703,24.723332221726007,6.800092221142617,2.569306295076469,6.800093631673468,6.800009951126724,0.009809129957337556,0.00017765318949569664,4.999545564509864e-05,0.0179300530899362,0.0002100171683467946,4.9999972873597614e-05,0.02334394569973699,0.00024396296843498592,5.000003778724245e-05,0.027320464009703744,0.0004132871084327498,4.9999986673262184e-05,0.031084160975012525,0.0004977684664872756,5.000003597674554e-05,0.03433682925900983,0.0004590343653886292,4.999996701721156e-05,0.03710637288748875,0.0004707829312202946,4.999963633811442e-05,0.0403030806671719,0.0004632831766944,4.999549141991858e-05,0.04394094814209643,0.0003474428893662497,5.0000046845512924e-05,0.04720907950331292,0.0003798280683318774,5.307593200287988e-05,0.05291425759068283,0.0008807694360589393,5.0038610173230414e-05,0.05293061979729682,0.00087203746279114,5.482329617681284e-05,0.08080138668327148,0.0010684591461747029,5.243548823945125e-05,0.09426908904472026,0.0034532375620913137,7.419783468868584e-05,0.7007763464407558,0.0365329577321135,9.969398312442231e-05,0.8576775758972872,0.0005547878911498471,5.060343044534813e-05,0.8776952219503436,0.00037982197279817304,5.15125749375764e-05,0.8808730430055357,0.0007053268618062797,5.00003273327043e-05,0.8827900889710009,0.0008146308518742961,5.0001437919727605e-05,0.9217686750493722,0.0005905081632692393,5.0000031447096116e-05
5.65139,-0.7172426608248667,-2.391419505711777,1.5130915344265623,0.5621144059424766,-0.6571792312192695,-0.37484321984847013,0.33412900541965684,3.229408541417088,3.687827303982383,1.0041085861308143,-0.07892552645806088,-0.2690962194342774,-1.2646634767437908,-39.065838772607684,22.033306876920705,-16.397844941125715,-0.323479416060022,0.12039066200529615,0.003145712205707861,6.800092672973509,6.799703669662818,6.800093779746073,6.8000483189661995,0.009633255297454606,0.00017587465988294938,4.999329235941512e-05,0.01771934396949679,0.0002107091204394092,4.999997103744411e-05,0.023092084697778025,0.0002518610019589649,5.000003804062191e-05,0.026896941093295015,0.00042352291640873087,4.9999982148521555e-05,0.030572116335502192,0.000512044639510331,5.0000032893580636e-05,0.03386978446019833,0.0004670447988115,4.999995856956038e-05,0.036633528287074536,0.00047284460041420895,4.99996676241451e-05,0.03983471441551824,0.00046836625165365663,4.999332809118802e-05,0.04358727139791536,0.0003536767441810732,5.000004667395375e-05,0.046815099970005276,0.0003939795333076388,5.3307441150591036e-05,0.05199282782311985,0.0009214297675629759,5.003578039227906e-05,0.05202144949787565,0.0009091702994211689,5.52401641908315e-05,0.07967318967916616,0.0011281970041053268,5.271385733166051e-05,0.0910566890739009,0.003212399970819356,7.203403846807715e-05,0.6469292877727898,0.053847058667966,9.98642860851781e-05,0.8571106905678106,0.0005668853294765274,5.0630020482148477e-05,0.8773012485161592,0.0003939734341842935,5.162714303763166e-05,0.8801374727770884,0.0007355702284471825,5.000033470478045e-05,0.8819370814341061,0.000853007536894757,5.000161251977288e-05,0.9211499968517863,0.0006186781975859644,5.000003020746609e-05
5.67055,-0.6625414096714825,-2.3167213688892416,1.529320603852122,0.5646401638555814,-0.6521722087733426,-0.38448004911651135,0.32868642554760025,2.4810142154850503,4.109925033515046,0.6899708510399499,-0.08512250487043478,-0.2667898645428744,-1.2646032135255998,-39.16971700634437,21.826408379340677,-16.47232022743256,-0.3312537376682627,0.1180474318238419,0.0018370295818419073,6.800092967527471,6.799957664859658,6.800093875626935,6.800062626727996,0.009459178747842044,0.00017407654961256236,4.999002905868398e-05,0.017507630412466495,0.00021171355703029785,4.999996881019295e-05,0.02283229155152704,0.0002597931462509853,5.000003807356962e-05,0.026464925955048017,0.00043201513824699854,4.999997820389653e-05,0.03004806068344503,0.0005240556520571602,5.000003016817756e-05,0.03339535888884661,0.00047442557135172065,4.9999948896957564e-05,0.03615802278426664,0.0004755055028078929,4.999969106399776e-05,0.039360580310721656,0.00047413410479658967,4.9990063983199063e-05,0.0432260273959518,0.000361244001963556,5.0000046253052457e-05,0.04640643549021055,0.00040866447979473453,5.355615420776296e-05,0.051036253117854584,0.0009565747052652665,5.003457841230295e-05,0.051080277883552794,0.000941171614322854,5.561023874731929e-05,0.07847793290280597,0.0011952567763601858,5.304372087880095e-05,0.08802232945012485,0.00303435962377606,7.03540592967842e-05,0.5669505172040373,0.07997877056875247,9.994389677894765e-05,0.8565286166813743,0.0005820738864364402,5.06642154635208e-05,0.8768925901396304,0.0004086583765289145,5.175040191462458e-05,0.879377386516595,0.0007600862604934486,5.00003366075572e-05,0.8810507114546894,0.0008863699794166644,5.000178527395807e-05,0.9205003306424919,0.0006496662092943398,5.000002849466455e-05
5.68971,-0.6221965377395925,-2.2339750219863963,1.539518317749419,0.5670480935514147,-0.6471060837089413,-0.3940647911140428,0.3231561472010341,1.7306298674989902,4.528059155289688,0.3744063737250509,-0.09146841796237476,-0.2645283995150261,-1.2645680210771892,-39.2687992785128,21.621452151384783,-16.557442573449162,-0.3305389942361536,0.12354876816277938,0.0016264870377396244,6.800093107647516,6.800015414091322,6.80009390925992,6.8000705839243185,0.009286914691319164,0.00017226405652287963,4.99862787835459e-05,0.017294572290876182,0.00021305812159031246,4.999996608927725e-05,0.022564609226854423,0.000267682324672613,5.000003783808691e-05,0.026026399324860304,0.00043852663018771214,4.9999975173922184e-05,0.029514675582155495,0.0005333851012895389,5.000002810070907e-05,0.03291422974208176,0.0004811291467648484,4.999993778843504e-05,0.035679216222795906,0.0004788065614707293,4.999970792520994e-05,0.03887996555129876,0.00048061475942289705,4.998631194551269e-05,0.04285558020734137,0.0003704471886104272,5.000004551681695e-05,0.04598257214628492,0.00042386334392562573,5.382256695545522e-05,0.05005241533922413,0.0009838377786304503,5.0033847896767975e-05,0.050114178218651224,0.0009660996649015714,5.5905817194152693e-05,0.07720648474742622,0.0012714481553797552,5.3440540867214036e-05,0.08511352704822453,0.0029088024019003184,6.913581264871265e-05,0.4569214290431457,0.11002908816089167,9.99750624270717e-05,0.8559274889930993,0.000601127688274916,5.070838832148605e-05,0.8764687329037385,0.0004238572358919648,5.188265131680389e-05,0.8786003832706651,0.0007770032459298559,5.000033249588884e-05,0.8801379309652009,0.0009127804894885267,5.000194667243997e-05,0.9198162812834926,0.000684049358999375,5.0000026144166065e-05
5.70886,-0.5962452943529808,-2.1432560522818167,1.5436553871006053,0.5693380916584623,-0.6419820826396727,-0.4035957304009277,0.3175380424475062,0.978347374928785,4.942266877865288,0.057211185723517015,-0.09780063853046542,-0.2621615439713087,-1.2645368620464736,-39.363093920833165,21.418992745816432,-16.65309551699877,-0.3278429685311907,0.1309301454207661,0.001650031518642375,6.8000931084733205,6.800027515612696,6.8000938724685565,6.800073852990955,0.009116464474349143,0.00017045021697002124,4.998505194270931e-05,0.01707984715366056,0.00021472513721562518,4.999996278331433e-05,0.02228917349339573,0.00027543573345869654,5.000003728222502e-05,0.025583419965035763,0.0004429793598245416,4.999997331225165e-05,0.02897482001692415,0.0005398555652313402,5.000002694089349e-05,0.03242718489632633,0.0004870448457554317,4.9999925028475524e-05,0.03519649757250303,0.0004827186502928811,4.9999719520260755e-05,0.038392127088796996,0.00048783846250176,4.998508500822047e-05,0.042474123628090374,0.00038145657925099706,5.000004435244211e-05,0.0455430237106056,0.0004395484356793237,5.410697932774927e-05,0.04905086830146457,0.0010015470377595565,5.003307308528432e-05,0.049131563679415444,0.0009826145392357864,5.610543267412611e-05,0.07584782565346111,0.001358659093965106,5.392306228501783e-05,0.08228840506637654,0.002825121981847986,6.831171273630773e-05,0.33705809281050053,0.11986333623264511,9.99805585668263e-05,0.8553027708169113,0.0006247181761881147,5.07650449215811e-05,0.8760291905815625,0.00043954232217598675,5.20241044961843e-05,0.8778151032959539,0.0007852799747111746,5.0000322904032115e-05,0.8792070282236171,0.0009309027415838004,5.0002088336355646e-05,0.9190939358315174,0.0007223454519750531,5.000002295488116e-05
5.72802,-0.5847231708629206,-2.0446392346792606,1.5416986335527667,0.5715110203362068,-0.6368012100462667,-0.4130702535372716,0.3118318732961597,0.22425845563140476,5.352596033510817,-0.26181645033136375,-0.10408121064037486,-0.2596532814840569,-1.2645052519680788,-39.45242034349395,21.219518424271694,-16.75906284530703,-0.3240704057404496,0.13920070426232414,0.0017850197858401153,6.800092986449424,6.800016957322463,6.800093765095226,6.800074335092075,0.00894782425707311,0.0001686402172760331,4.998807914844153e-05,0.0168631604812615,0.0002166866723990558,4.999995877901491e-05,0.02200625200726915,0.0002829214861265772,5.0000036350292035e-05,0.0251381381427008,0.0004452818223349635,4.99999728196947e-05,0.028431558232636222,0.0005432617842879311,5.0000026872402845e-05,0.03193515125820562,0.000492033638120709,4.9999910386939615e-05,0.0347092988526016,0.0004871987199014349,4.9999726804948196e-05,0.037896315482090666,0.0004958116067063294,4.998811588324145e-05,0.042079686135109956,0.000394437492980419,5.000004259869523e-05,0.04508737987881349,0.00045564383179210415,5.4408697523184e-05,0.04804253034878811,0.0010083379526764698,5.003198221734659e-05,0.048141981466632046,0.0009895822127833952,5.619116453737665e-05,0.07438886399355193,0.0014589616599091936,5.451454032603787e-05,0.07951281234972454,0.0027755927166519864,6.782031648212085e-05,0.24146065943277373,0.0955974333777268,9.996372292594993e-05,0.8546490816558715,0.0006536891610398271,5.083759829064968e-05,0.8755735528695082,0.0004556377120543354,5.2174490630389146e-05,0.8770306608496635,0.0007844424462903097,5.000030919368376e-05,0.8782674162310357,0.0009396119925813808,5.000220228837255e-05,0.9183289032017227,0.0007650326297948207,5.0000018678476276e-05
5.74718,-0.5876638683338075,-1.938198338624729,1.5336110522576993,0.5735680541910552,-0.6315643861066509,-0.42248549828033016,0.306037409802843,-0.5315417129306914,5.759103808249049,-0.5828741297625482,-0.11028951079413235,-0.2569865777728668,-1.2644710558847136,-39.53656105930947,21.02350380212148,-16.875077598561763,-0.31886644531229613,0.14850834057085938,0.002074100410513768,6.800092759760518,6.79997769688848,6.800093591901618,6.80007343703476,0.00878100736848871,0.00016681688858439852,4.999211898161911e-05,0.016644256617853993,0.0002189038634075074,4.9999953933914344e-05,0.021716288819425947,0.00028996318784320325,5.000003498712057e-05,0.024692821037016685,0.0004453171056841156,4.9999973816222146e-05,0.027888198726689316,0.0005433595059469064,5.000002798405602e-05,0.031439213272624715,0.0004959379855809063,4.9999893630689934e-05,0.034217113111221775,0.0004921857413798237,4.999973053080921e-05,0.0373918182616015,0.0005044972204891732,4.999215965682808e-05,0.04167015044254844,0.0004095356925615101,5.00000400296224e-05,0.0446153698345542,0.0004720100442592922,5.472557375826727e-05,0.047039195227535406,0.0010033351212526977,5.003044379303469e-05,0.0471557711368418,0.0009862103297902484,5.615146906602239e-05,0.07281434085633003,0.0015745231372219107,5.524289671479479e-05,0.0767586574611144,0.0027541548886101342,6.76069953368235e-05,0.17822654665305163,0.06323411277972213,9.990429474931943e-05,0.853959962954829,0.0006891187010424891,5.093077987595534e-05,0.875101548952018,0.00047200391749017484,5.233281960030453e-05,0.8762558621005185,0.0007747987491449638,5.0000293544691026e-05,0.8773292839247094,0.0009381323063262402,5.00022821878012e-05,0.917516414725853,0.0008124884758697237,5.000001302132093e-05
5.76633,-0.6050992243503028,-1.8240059511608828,1.5193519006454947,0.5755106219822396,-0.6262724448152032,-0.43183842359439845,0.30015446656853595,-1.2889537868370637,6.161856480431545,-0.9061543336751761,-0.11639811733886549,-0.25414156527783893,-1.2644313218094343,-39.615205448289394,20.83138381698223,-17.000798601921435,-0.30883158422750895,0.16159174963245876,0.0029505603919683207,6.800092430481648,6.799835489794234,6.800093350205488,6.800071959619448,0.00861604219776338,0.00016496517072533262,4.9995012002818266e-05,0.01642293006639352,0.0002213265514604718,4.9999948066327864e-05,0.021419951426610077,0.0002963373928158693,5.000003314493686e-05,0.024249883020574747,0.00044293801644194056,4.9999976316928385e-05,0.02734832577893281,0.0005398729477565068,5.000003024589292e-05,0.030940619033025914,0.000498594239598803,4.999987455020561e-05,0.03371951553529956,0.0004975975759222169,4.9999731363382826e-05,0.03687798702180488,0.0005138312397966195,4.999505555216206e-05,0.041243300629344254,0.0004268498132041899,5.000003633376975e-05,0.04412694313317529,0.0004884267013789067,5.5053452183112734e-05,0.04605289298890301,0.0009863022386323945,5.002842984917163e-05,0.04618359938423503,0.0009721717526067665,5.598352860598237e-05,0.07110695266390131,0.001707388192428713,5.6139516792636367e-05,0.07400318238504404,0.002755475076070372,6.762030889373694e-05,0.1381551661567391,0.04007138049631254,9.974718852165611e-05,0.8532275586571453,0.0007324042976836559,5.1051267211162115e-05,0.8746131283852132,0.000488420566804826,5.249709324790332e-05,0.8754983064022842,0.0007575556982343959,5.0000278831002316e-05,0.8764031217812572,0.0009261621434522159,5.0002324643792446e-05,0.916651521182857,0.0008648935429960856,5.0000005662287326e-05
5.78549,-0.637059116180712,-1.7021333105760095,1.498876808952587,0.577340726613115,-0.6209260323952898,-0.4411255324667245,0.2941829215578399,-2.0478724715401877,6.560928660621709,-1.2318430072001558,-0.12231448346759002,-0.2510459105487471,-1.2643747971647563,-33.34465689481891,17.690852992862062,-15.480656650556233,192.3696452289403,163.0458349871028,25.03737498521311,6.800091942188664,2.5046730309966923,6.800093023438927,6.800071269036375,0.008452965481214193,0.00016307671654918504,4.999678306505186e-05,0.016199036552557236,0.00022389351383628664,4.999994094108666e-05,0.02111817506765408,0.0003017763589560018,5.0000030793111166e-05,0.023811909961910953,0.00043797305866379315,4.999998021713173e-05,0.026815799211706733,0.0005325265672260748,5.000003349572819e-05,0.03044077333267317,0.0004998457003527402,4.9999853014297266e-05,0.03321618683199179,0.0005033287033077725,4.999972998665252e-05,0.036354272056906264,0.000523714964898608,4.99968290315518e-05,0.04079691639944127,0.0004463842299029797,5.000003108936657e-05,0.04362236866646743,0.0005045744667078633,5.538555529025057e-05,0.04509517239932335,0.0009577205895796629,5.002599499191163e-05,0.04523591073547331,0.0009476886487617181,5.569457850288055e-05,0.06924792619727585,0.001859026466625463,5.7235019385979885e-05,0.07122906376570817,0.0027741186193358715,6.780614929138441e-05,0.11225846153022823,0.025896704626510857,9.938306754577567e-05,0.8524421759554531,0.000785382701692208,5.1208664557684044e-05,0.8741085600615471,0.0005045683236661627,5.266397774405131e-05,0.874763557647445,0.0007347487548391717,5.0000268459448616e-05,0.8754991604715524,0.0009039613097046997,5.000233036214289e-05,0.9157294327303768,0.0009220884524801551,4.9999996302246934e-05
5.80465,-0.6824149441010046,-1.5732206609254147,1.472395175988945,0.5958455995717105,-0.6105955723284164,-0.4350171056294416,0.2879373516300467,-2.686664644043881,6.89983688368127,-1.5284099301943193,3.5629603114472497,2.8724651058526014,-0.7847273618636902,-29.285011153490164,17.358098994521118,-12.025006830825404,300.33975350570574,254.96605360078317,40.76359125070136,6.8000911218183155,0.09142429196144822,6.800092537921374,6.800071640207353,0.008291820433936163,0.0001611450472780304,4.9997847453466264e-05,0.01597253203836818,0.00022650451418905322,4.9999932308579086e-05,0.020812154088169388,0.0003060209794846884,5.0000027929717196e-05,0.0233814691114964,0.0004304408504145495,4.999998522118314e-05,0.02629439068942461,0.0005214085222821261,5.000003742452608e-05,0.02994122245579818,0.0004995508768749895,4.999982908072265e-05,0.03270700356755046,0.0005091832644413199,4.9999727549076676e-05,0.035820256929941764,0.0005340151269645037,4.9997895845721914e-05,0.04032914212032599,0.0004677742791152825,5.000002376042285e-05,0.04310226675744504,0.0005201019090223951,5.571367357139059e-05,0.044175699937283874,0.0009194724620394736,5.0023289921177e-05,0.044321703060394166,0.00091420767507915,5.530915983875418e-05,0.06721850046855533,0.002029425728720514,5.8548840309891944e-05,0.06842803559767088,0.002801028168037287,6.807383957757026e-05,0.0948790044748393,0.017379457055388934,9.862878929968294e-05,0.851592144210126,0.0008500317453271443,5.141550826782873e-05,0.8735884643045103,0.0005200957570367725,5.2829376359263225e-05,0.8740540479344597,0.0007095097129852025,5.000026665005669e-05,0.8746261333957086,0.0008730270758438545,5.0002308220250165e-05,0.9147460726252388,0.0009833601051379792,4.999998477498305e-05
5.82381,-0.7392932578924208,-1.4379278303274459,1.4407632228143294,0.6547896752715582,-0.5847894776095685,-0.38796144354858475,0.28064839978095396,-3.2476851384379786,7.232370452769132,-1.7587760803713888,9.316646253885116,7.756915403484667,-0.003808754836905484,-34.96471216059555,25.97856550654902,-4.611339059200379,35.66876487488062,32.07135085788681,8.825972588226499,6.800090295363273,5.983851521558842,6.800091693102028,6.80004085341423,0.008132656370131261,0.00015916406380490268,4.999850361239299e-05,0.015743482093982655,0.00022904994438552561,4.9999921870875156e-05,0.02050327971288823,0.00030887437528115684,5.0000024587177125e-05,0.022960946881192906,0.0004205222303034951,4.999999092086692e-05,0.025787503898592988,0.0005068867908316191,5.000004164793348e-05,0.029443587291571347,0.0004976351642268347,4.9999803035755134e-05,0.032192105652951435,0.0005148979145990311,4.9999725617863e-05,0.03527570211090808,0.0005445548190336827,4.999855466017832e-05,0.039838848655602103,0.000490293464723881,5.0000013713725274e-05,0.04256756505951749,0.0005347016979275502,5.602984530281054e-05,0.043301450499037206,0.000874249438246672,5.00205004369054e-05,0.04344782016499099,0.0008738828954031706,5.486072600274377e-05,0.06500177466729679,0.002216725801258548,6.0079355865249275e-05,0.06560415386939054,0.0028238817282803417,6.830087629052148e-05,0.08274982162683077,0.012129182848008528,9.721661014909191e-05,0.8506633964997073,0.0009287477104186589,5.168920787676891e-05,0.8730537687677691,0.0005346955367412265,5.2989260046902716e-05,0.8733688645040312,0.000685183430428582,5.000027881758625e-05,0.8737905488194602,0.0008355845762483711,5.0002273807888993e-05,0.9136985590185078,0.0010475136067309484,4.999997113575269e-05
5.84296,-0.808048704742857,-1.2947170288769463,1.4059453332266914,0.7336936378950015,-0.5419999204722488,-0.30836210062132513,0.2699042920795755,-3.917513126546729,7.730048517078034,-1.847116689335203,9.999961961010857,8.371314524587063,0.16527267316744965,-28.38049491916126,27.686064136811666,3.8630340848969964,0.0010536850275741042,77.5646753173914,5.05057247002461,6.800088269394794,5.794192311466496,6.800090113268429,5.837979191264934,0.007975535661576268,0.00015712070855499274,4.9998928814952506e-05,0.015511980298269702,0.00023150179571295446,4.999990901735552e-05,0.020193114362637783,0.00031016535025044805,5.00000208350646e-05,0.022552871200169026,0.00040807568102388256,4.999999700705139e-05,0.025298719912140135,0.0004887839864528555,5.000004579146272e-05,0.0289494798506731,0.0004941074408982447,4.999977542674582e-05,0.03167185049233775,0.0005202551606136886,4.9999725595006605e-05,0.034720703115831766,0.000554998995076309,4.999898287960626e-05,0.03932540287537486,0.0005134457802272493,5.000000010052889e-05,0.04201955379781409,0.0005480112617034044,5.632437489654025e-05,0.042477936639818706,0.0008235138592184968,5.001773813739811e-05,0.0426201967599866,0.0008276234050043874,5.436832099297218e-05,0.06258486869875789,0.0024169059685388893,6.179356924758662e-05,0.06277245507818657,0.002831698791203964,6.837928949427641e-05,0.07402297468654549,0.008726846940285266,9.476195925747332e-05,0.849636969277819,0.00102642722188842,5.2062024133923135e-05,0.8725057636764125,0.0005480050913565123,5.313865464450121e-05,0.8727055760347044,0.000663288469326838,5.000031278323693e-05,0.8729979033160843,0.0007926455033759918,5.000224058940077e-05,0.9125855496276297,0.0011130093908781448,4.999995574323146e-05
5.86212,-0.8884999861286913,-1.1416206666760171,1.3710089393399514,0.8055513360388542,-0.49153711659728455,-0.21491287425942782,0.251587676840272,-4.461205570686347,8.2604375720267,-1.7731115513207045,9.999982146726069,9.857240968869618,0.26202778960757894,-22.32521079835057,31.47010523676043,13.425928096824716,0.00038204674990054084,6.862248787432721,5.6304755551311425,6.800082204081125,6.716556571373164,6.8000859624302805,6.7870064444458444,0.007820536475364445,0.0001549991862118251,4.999921558701605e-05,0.015278152922050186,0.00023382737621951725,4.9999892842743125e-05,0.01988329344665347,0.00030982091598431524,5.000001677748526e-05,0.022159751681540732,0.00039311951862829346,5.0000003119989065e-05,0.02483152487218431,0.0004671950399558221,5.000004946411396e-05,0.028460484670787118,0.0004889951798859842,4.9999747373693735e-05,0.031146935996261515,0.000524914496076231,4.999972947918888e-05,0.03415586610375618,0.0005648370120755935,4.999927313434929e-05,0.038789024550797115,0.0005363783245777421,4.999998180926591e-05,0.041459821052418355,0.0005597327453957314,5.6588594365288135e-05,0.041708864082070016,0.0007690725577486954,5.001512447297079e-05,0.04184346470382241,0.0007767320561642012,5.38546966409735e-05,0.05996356716782704,0.0026213015309308487,6.35991196759965e-05,0.05996361578049969,0.0028088392976868847,6.815633644150004e-05,0.0675909537880064,0.006432020898539083,9.081787623251838e-05,0.8484866317941664,0.0011503374836524655,5.2587353811403627e-05,0.8719460371102195,0.0005597265661931354,5.327302924388333e-05,0.8720609554253718,0.0006446206093325813,5.0000385572155986e-05,0.8722522771220147,0.000745626194069505,5.000222975748598e-05,0.9114079908067855,0.0011775588208442396,4.9999939554977026e-05
5.88128,-0.9783442539118369,-0.9776230663612208,1.3392658919487512,0.86477421091427,-0.4345983643789614,-0.11112465859113403,0.2257136147577913,-4.888895378755632,8.863318476050445,-1.515907591960678,9.999989465693966,9.988702834709542,0.36989225867188696,-12.309664031730735,31.17155459610329,20.290259571276458,2.114227349893338e-05,0.5888150160001283,4.721933383855974,6.706972226224916,6.799929672122886,6.800066887315709,6.8000548484126035,0.0076677490752368035,0.0001527874001276416,4.999941374572918e-05,0.015042201073619914,0.00023595184843027217,4.999987215678043e-05,0.01957536900648777,0.0003079244401656994,5.0000012536437595e-05,0.021783636381601496,0.0003761152999392378,5.000000885360592e-05,0.024388592047071375,0.00044293282511293625,5.0000052338050725e-05,0.027978128365332474,0.0004823563054546436,4.9999720692835325e-05,0.030618555584862466,0.0005283804113990459,4.999973960039766e-05,0.03358246024977608,0.000573405853980092,4.9999475330874006e-05,0.03823151574115514,0.0005575088096419771,4.999995752886297e-05,0.04089004989414821,0.000569771158270144,5.6818333247883116e-05,0.04099533901832966,0.0007135250637403576,5.00128140594256e-05,0.041119939044134635,0.0007235256596877707,5.335007218508223e-05,0.057181890750568114,0.0027816764172589234,5.002847257003387e-05,0.05722646359678178,0.002737152183717914,7.608871461555329e-05,0.06274483515799682,0.0048461186300095905,8.514018524282878e-05,0.8471765691614693,0.0013100626326970196,5.3349605177185044e-05,0.8713762721396826,0.000569764970536865,5.339006767709588e-05,0.8714311238399907,0.0006298315853811841,5.000054840834453e-05,0.8715553867445663,0.0006968903774483846,5.0002275123219705e-05,0.9101697872664037,0.0012382035403817084,4.999992427849187e-05
5.90044,-1.0745856486282288,-0.802063160963767,1.3137711594037118,0.908070302792006,-0.36998836709620037,-0.004312986137761216,0.19622371148740617,-5.124714780179482,9.460479968626974,-1.1272018681895792,9.99998987072194,9.9999829154871,0.46035155157166635,-0.2762136783270182,5.939731479022066,-2.6133851845613902,4.295592158406973e-05,0.00020962196683797912,-26.659338031736755,0.00017698219573229976,2.783831234320649,2.7801697526636886,0.04994241090277795,0.007517273295729843,0.0001504757795069605,4.999955354965962e-05,0.01480440008015259,0.0002378009934673236,4.999984520508387e-05,0.019270703774997545,0.0003046652314902235,5.000000823593208e-05,0.02142594101441396,0.00035769536718753347,5.0000013898144146e-05,0.023971551015247977,0.00041704103182339894,5.0000054228818765e-05,0.02750384112027909,0.00047428724505338323,4.999969779928905e-05,0.030088462409325535,0.0005300931755369294,4.999975740918654e-05,0.0330026361756959,0.0005798240740801814,4.999961979747359e-05,0.037656504365007976,0.000575011376147164,4.999992561949822e-05,0.040311880609270885,0.0005781692848773297,5.701274466481791e-05,0.040336153745539255,0.0006591852727904094,5.001102906227274e-05,0.040449705445277595,0.0006702335988570437,5.287858961138859e-05,0.05434307939814186,0.0028388113524262515,5.000708488614563e-05,0.05462101720111459,0.002605446395667193,7.461993940553708e-05,0.05901776140478877,0.0037270737532080515,7.809694202351233e-05,0.8456568451157306,0.0015197240457388399,5.449125478725376e-05,0.8707981090513129,0.000578163088369627,5.348902762808769e-05,0.8708134754968258,0.0006176483431648704,5.0001020916669985e-05,0.8709069904965805,0.0006483962479858722,5.0002402627776334e-05,0.9088781984855094,0.0012915887808942858,4.9999912280257996e-05
5.91959,-1.172882469253263,-0.6197138238201657,1.291676170168353,0.9350518574952964,-0.2988022970930049,0.10201411938449047,0.16122549823532328,-5.130006276691511,9.57426893300413,-1.1772671606561012,9.999990693639583,9.99998693126906,-0.0503682471811448,0.00021104257803416298,0.000521739657235734,-9.800205191239192,3.485051707509221e-05,-0.00011228371662103332,5.263235853018543,0.00014388699531113692,0.00014357748286587734,0.0001416648703587904,0.0001569932213456251,0.007369197727365678,0.0001480755683641646,4.9999652499842955e-05,0.014565176569747368,0.00023922351040522145,4.9999810233603375e-05,0.018970584204053786,0.00030011957094375945,5.0000004026151085e-05,0.021087117457545688,0.00033882355686827293,5.000001804640151e-05,0.023580385373244667,0.00039116564200331115,5.000005515956537e-05,0.027038981396956575,0.0004648597233225102,4.99996818093044e-05,0.029558637000712342,0.0005298254086131949,4.999978145913574e-05,0.032419300119584084,0.0005833360561118157,4.999972403508583e-05,0.03706998052500152,0.0005865238400064569,4.999988469754433e-05,0.03972731327252484,0.0005845673367460397,5.716095846824284e-05,0.03972730912152573,0.0006088446240135217,5.0010921217843325e-05,0.039830051285100455,0.0006196541601771339,5.24631360675102e-05,0.05153472917108468,0.0028083502270571845,5.000344578515101e-05,0.052195485683753276,0.0024255315173613147,7.24761035449604e-05,0.056082891649949354,0.002934869754839411,7.097843406453469e-05,0.8438633265984086,0.0017935185173220006,5.6208887975484654e-05,0.8702135479240835,0.000584561127229399,5.356316107256488e-05,0.8702135513833141,0.0005999241135117082,5.000341706150256e-05,0.8703049672890175,0.0006020232075630188,5.0002565571316776e-05,0.907544781717368,0.0013334167681415135,4.999990658863358e-05
5.93875,-1.271159288018817,-0.4362969908152834,1.2673246196142975,0.9452900904772998,-0.22213600387152485,0.2057429409797685,0.12147974379315395,-5.130002233694538,9.574278928105,-1.365012213329484,9.999991361279907,9.999984780221007,0.05046091641032248,20.058540385546355,17.74538075158147,26.179557520987007,-4.890925663812438e-05,-0.0007789128178189034,6.14034318409568,6.773202973601355,6.711710913938822,6.709719998678429,6.79974474839519,0.0072235925097597214,0.0001456052176059575,4.999972333035312e-05,0.014325048911494552,0.00024012765825281602,4.9999765061587535e-05,0.018676282833185034,0.00029430137086875103,5.000000008456579e-05,0.020766961659642473,0.0003201557979032145,5.0000021273005597e-05,0.0232140016438981,0.0003663837293465661,5.000005527610768e-05,0.02658480385424642,0.00045417754271015633,4.999967541594926e-05,0.029030881934495004,0.0005277550662173389,4.999980845317907e-05,0.03183606691659117,0.0005832332029929198,4.999980069691993e-05,0.03647905618190154,0.0005909243430999849,4.9999833173936466e-05,0.03914755125783824,0.0005797620146866028,5.0004941943189305e-05,0.03916095450713117,0.0005663546143945676,5.674197058750853e-05,0.03925681836859702,0.0005732329165034405,5.21096811982077e-05,0.048874682300123776,0.002660046870960905,5.000183647106288e-05,0.04997174908343659,0.002223736600316694,6.991876497891712e-05,0.05371526636725447,0.002367625282694887,6.506503292244174e-05,0.8417142765845502,0.0021490500138582756,5.877513146554282e-05,0.869625387635632,0.0005881602884513772,5.0411487526821365e-05,0.8696472044959925,0.0005663468873216235,5.297216188939188e-05,0.869746458590366,0.0005585086986515561,5.0002643852013825e-05,0.9061852667131909,0.0013595150041771347,4.999990974109794e-05
5.95791,-1.3660524386609547,-0.24940978679364173,1.2460388334539152,0.9380838591070493,-0.14117958882214177,0.3059294388010364,0.08049431820684189,-4.745735613991303,9.914231753469632,-0.8634836932799899,9.999990424312692,9.999969858387724,0.1680930508437161,29.10441906637584,10.241583901510237,23.096310536372762,-0.00010917724303071048,-0.0034748066246663204,4.982414719720575,6.747627872835052,6.800070207717304,6.796114586265242,6.800071716530281,0.007080525205432453,0.00014306730432726814,4.999977565348155e-05,0.014084473126642393,0.00024057578485215926,4.999970481153959e-05,0.018388469354464143,0.0002878134787208919,4.999999643108446e-05,0.02046476267173008,0.0003021989879123956,5.0000023645724636e-05,0.02287092603599049,0.00034307560790760726,5.000005473611942e-05,0.02614224292444681,0.0004425609297996102,4.9999678050559507e-05,0.028507512737062805,0.0005233691974322002,4.999983746558837e-05,0.03125762324591946,0.0005784436706717034,4.999985921718378e-05,0.03588965477853456,0.0005894014033669717,4.9999766731605114e-05,0.03858028977579495,0.0005672614820432853,5.000174744786417e-05,0.03863666269049519,0.000524291816635975,5.580749238640983e-05,0.038725680136410104,0.00053113823218691,5.181243315528731e-05,0.046487810404744895,0.0023868718953788727,5.0000923580422565e-05,0.04796409371623285,0.002007655367203738,6.705351110208022e-05,0.05176681740497067,0.0019484489622838023,6.070699279652575e-05,0.8390888931345806,0.002625383449969577,6.264782103244988e-05,0.8690352421502697,0.0005901454853622523,5.041227575347843e-05,0.8691229203707188,0.0005242841252736689,5.2550683847559997e-05,0.8692280968513578,0.0005183617390081688,5.000262430470401e-05,0.9048153412919833,0.0013699254212076034,4.999992111708535e-05
5.97706,-1.4518707159736457,-0.057354959920216594,1.2338740741349363,0.9136029535437897,-0.057331811230743414,0.40065896009294505,0.03898946809634313,-4.188174768680674,10.11043241167287,-0.42102172910719526,9.999988332776153,9.999903290623065,0.2635424517226682,31.36248625377101,1.687458199474275,14.308526339009934,-0.00021860178152519378,-126.47461571468008,4.276546299844593,5.080356617681089,6.800084849171069,5.140509405146345,6.800086146627067,0.006940050622252323,0.00014047458318013032,4.999981505039189e-05,0.013843858599367419,0.00024061452727497436,4.999962159025498e-05,0.018107147614328977,0.00028132174013516335,4.999999297782281e-05,0.0201792024043589,0.00028556026737117926,5.000002527673715e-05,0.02254915414843385,0.0003217718875566417,5.0000053745602094e-05,0.02571187947309131,0.00043036345135550214,4.999968716333371e-05,0.02799145861204064,0.0005160541250221634,4.999986732623237e-05,0.030689340569733308,0.0005682826761861513,4.99999048317244e-05,0.0353062161868086,0.0005834385917259681,4.999967783169631e-05,0.03802631184407151,0.0005539779317234421,5.000100140064112e-05,0.03814925679271608,0.00048740589777911743,5.503629095596498e-05,0.03823189039094206,0.0004937897454680473,5.156736855221447e-05,0.044462956338471096,0.0020248540662738002,5.000040115823517e-05,0.04617748841637724,0.0017866052998556075,6.407215831787897e-05,0.05013413368450303,0.0016326837204676385,5.769272272130551e-05,0.8358031948550865,0.003285698279494083,6.832261030335926e-05,0.8684432285470085,0.0005920136032612885,5.041439094697327e-05,0.8686355221418542,0.0004873982288646224,5.220591760086702e-05,0.8687456621601409,0.0004824346912169439,5.0002557339825956e-05,0.903448113774576,0.0013672275174072357,4.999993812925642e-05
5.99622,-1.5264848225194596,0.1368700247144801,1.2285927696185681,0.8779334571425799,0.02818038995916587,0.47795347489208007,-0.0020831715947191025,-3.587355549206969,10.142759482623143,-0.1469096081082034,9.999984144965573,7.576996532464054,0.34546934964540044,39.234068810322135,-6.526200995883922,11.497949809066071,-0.003490493110019276,1.3103461737125661,3.619403163943123,6.735224186096733,6.800089321484876,6.799968785770578,6.800089703769212,0.006802200948117429,0.00013784967413489363,4.999984507175579e-05,0.013603601986288428,0.00024025661307899228,4.999950370140622e-05,0.01783217077724579,0.00027497683708318474,4.9999989721197454e-05,0.019908770702721703,0.00027043170163719687,5.000002631597192e-05,0.022246471335371585,0.00030268281306226744,5.000005248046101e-05,0.02529410971391526,0.0004177697591760516,4.999970096950814e-05,0.027485489829230835,0.0005059687828098072,4.999989571829947e-05,0.030136489272235997,0.0005528512974973118,4.999994062151168e-05,0.0347319916785519,0.0005742245082566951,4.999955494515542e-05,0.03748612717974056,0.000540184664330948,5.000066995366184e-05,0.037693871596391315,0.0004553851963247666,5.4406759544801634e-05,0.03777075946954192,0.00046113092140013753,5.1367541756880254e-05,0.04280590171610218,0.0016570546223689153,5.0000127853717524e-05,0.044598941085085886,0.0015785473312913542,6.131906520970472e-05,0.04874222724369336,0.0013919064408096694,5.5653512496455204e-05,0.8315795858049394,0.00422360905014706,7.572016466765978e-05,0.8678492267178831,0.000594001829125383,5.0416950083542147e-05,0.868180144599164,0.0004553775426902498,5.192639161559158e-05,0.8682947939458268,0.00045086821431415816,5.0002471009706464e-05,0.9020956326029766,0.0013524811715994623,4.999995874013048e-05
6.01538,-1.5880764357464643,0.3302341775740292,1.2280899898303237,0.8342501773068516,0.113770429058202,0.5378483416280389,-0.04251120449989836,-2.835738397152864,10.017735370798972,0.07335957507877292,9.999917276690878,7.602099171296958,0.4148071874151816,37.8442408732816,-13.481901110860944,3.6365489093729613,-80.83405731217461,-61.36360226553702,13.435708438910599,6.800061638217561,6.800091406541997,5.0689273400534915,6.80009085706479,0.006666981505064884,0.00013521944305254475,4.9999868187172693e-05,0.013364070068151731,0.000239531918136697,4.9999331720697616e-05,0.017563252707250104,0.0002689180699956882,4.999998663382862e-05,0.01965184907691598,0.00025692162580572225,5.0000026903360706e-05,0.021960586944631134,0.0002858843907404482,5.000005108698496e-05,0.02488911941247631,0.00040499030143894605,4.9999717303763106e-05,0.026992012012246297,0.0004934778169845369,4.999992134020498e-05,0.029603374223179962,0.0005331150490560341,4.9999968596755936e-05,0.03416911529063325,0.0005628763879186526,4.9999378679790555e-05,0.036960040581477935,0.0005260865982626237,5.0000482436554615e-05,0.037265993924419545,0.0004278776719717733,5.3896915650518623e-05,0.03733779962124159,0.0004329598483003282,5.12060629845811e-05,0.04144868630653527,0.0013572154095669098,4.9999994638944626e-05,0.043205787885138215,0.0013931531999476724,5.8992154252876504e-05,0.04753588713724358,0.001206340106449784,5.427025879459892e-05,0.8259850653774213,0.005594520427518045,8.362227551690487e-05,0.8672527931599494,0.0005964335579336802,5.042023663568403e-05,0.8677522745702992,0.00042787002886468257,5.1701122373725484e-05,0.8678712278614966,0.00042356608433024537,5.0002382184381026e-05,0.9007674651055105,0.0013281674974661157,4.999998063111944e-05
6.03454,-1.6354576600768571,0.5198757947446031,1.230365708546757,0.7832626656046494,0.1923356839746162,0.5860613815120452,-0.07774097393392349,-2.110746536524277,9.759459122005872,0.1430258783057597,8.451358440244872,6.426540852388431,0.672198511305261,29.828045511911636,-15.053313862567943,-3.6327734047708775,-306.52166468105617,-255.16450046115975,40.64914019263598,6.800077982013966,6.80009232627993,0.00030952258675877894,6.800091558273825,0.006534369423288628,0.00013261208177625636,4.9999886155170036e-05,0.013125586382234865,0.00023848368591686527,4.999907179584446e-05,0.01730000349672919,0.00026324921052091316,4.99999836749501e-05,0.019406803443931083,0.000245045632984896,5.0000027159989626e-05,0.021689257978070007,0.0002713289665611298,5.000004967298017e-05,0.024496882645845076,0.0003922367666312366,4.9999734226852914e-05,0.026512860020731673,0.00047915199151462874,4.9999943688255334e-05,0.02909269460891592,0.0005106796142640451,4.999999022477022e-05,0.03361878790642594,0.0005503273842073061,4.9999115137381095e-05,0.03644810022979461,0.0005119403516833293,5.00003622729769e-05,0.03686151955168542,0.0004044743727341183,5.348631605698161e-05,0.03692884912154585,0.00040895049969574024,5.1076428840120516e-05,0.040313927145155665,0.0011347591613796017,4.999992914335553e-05,0.041972084524147156,0.0012337033609910574,5.713880402793746e-05,0.04647398979649904,0.0010618973407445398,5.331855995279457e-05,0.8183158362568588,0.00766922912056255,9.032677372004576e-05,0.8666531537471981,0.0005996394127513987,5.042467598685098e-05,0.867347807833389,0.00040446673691025274,5.1520347519893154e-05,0.867470962344532,0.000400265516964614,5.000230057372454e-05,0.8994698781439174,0.0012975869615930084,5.000000188330555e-05
6.05369,-1.670398944371241,0.7041654286570473,1.232540056284815,0.7499143896899187,0.24224179422707692,0.6084778648938735,-0.0933112583299542,-1.5393229931903023,9.471078914766617,0.07343190339196175,2.5792440346687173,1.5382888571870563,1.4509245499617205,34.787991708230535,-19.76494051389718,-4.541454374906088,-133.601617286509,-112.46648768456016,17.347103519629375,6.800082742098161,6.800092844223494,3.813433621787783,6.800091998817629,0.006404328559708475,0.0001300408635801538,4.999990038298821e-05,0.012888415969554213,0.0002371704126806518,4.999865775146612e-05,0.01704209780276397,0.00025790569396522194,4.9999980864118714e-05,0.019172263541301842,0.00023453990262924354,5.000002717535384e-05,0.021430612891704035,0.0002586450863659726,5.0000048265224305e-05,0.02411726989591308,0.00037961274993199686,4.999975101078336e-05,0.026049195369980706,0.0004636646507509675,4.9999962797156935e-05,0.028605778130323778,0.0004869164785921375,5.000000681238935e-05,0.03308144742306011,0.0005373404833658318,4.9998698055932236e-05,0.035950628828339846,0.0004974714014547663,5.00002788015397e-05,0.03647715629711263,0.00038436325457278975,5.315083711202166e-05,0.03654049981229406,0.0003883493092517905,5.097107172483335e-05,0.03934392312515733,0.0009700040199983339,4.999989609969722e-05,0.040872750037996924,0.001099334486150233,5.571097637316931e-05,0.045526675435927456,0.0009473143605715848,5.26453361804669e-05,0.8073387366855512,0.01097709957130757,9.49953374703e-05,0.8660498240669509,0.0006033296802472658,5.042985283414637e-05,0.8669634522094867,0.00038435562390238306,5.137303091748485e-05,0.8670907081751286,0.0003802541694034162,5.0002227253142424e-05,0.8982076707934378,0.0012622073504796956,5.000002169033347e-05
6.07285,-1.6934936567899481,0.8820029007363686,1.2331320439544475,0.7455075181439286,0.26135168154154265,0.6067447081498559,-0.0882027302711152,-0.8728804842618646,9.092436863354763,-0.01356990669184288,0.0198034734519448,-0.6162605876759657,1.7832474759076853,38.84794102667439,-22.579345103257964,-3.788427258386324,1.0920900196352326,0.04798710961882453,-0.00018988161037385514,6.800083437731236,6.800093195415825,6.799946113824929,6.8000925150094975,0.006276808191702342,0.0001275203680061315,4.999991180151027e-05,0.012652769777364625,0.0002356461921895885,4.9997951405497444e-05,0.016789185417869654,0.000252912384894313,4.999997817735764e-05,0.01894700091810893,0.00022526262319290684,5.000002701636426e-05,0.021183007124301875,0.0002476057674021626,5.0000046891413924e-05,0.02375001288181917,0.0003672570140939074,4.999976685863262e-05,0.02560159499961905,0.000447600370361655,4.9999979022270114e-05,0.028142659719534998,0.00046311841078878227,5.000001938186642e-05,0.03255699325948555,0.0005244541635745528,4.9997989153031757e-05,0.03546778895292477,0.00048283987541507896,5.00002178546445e-05,0.03611009756383354,0.0003670587332790834,5.28752011697107e-05,0.03616982176419337,0.00037067804810069237,5.088503375855863e-05,0.0384986286435851,0.0008452944815722276,4.999987927899349e-05,0.03988590498749702,0.0009868450504999075,5.4623059535267885e-05,0.04467153741304612,0.0008551380228813351,5.215764962831565e-05,0.790715054629765,0.01662368205578626,9.775482711982069e-05,0.8654422197450935,0.0006076043218573298,5.043591376512069e-05,0.866596401103193,0.0003670511062936147,5.125222958930244e-05,0.8667276263092017,0.00036308186592685156,5.000216370687163e-05,0.8969832310991092,0.001224439694328605,5.0000039412381205e-05
6.09201,-1.7030824221734688,1.0520496410156366,1.2321616887730986,0.7503952414496128,0.2713682603717024,0.597758917978123,-0.07717219964638528,-0.12866048151891984,8.659878539011594,-0.08614578253277354,0.040724922978714016,-0.6153412862687785,1.7832438382968143,38.686413716035055,-22.72058553740949,-3.2979523852452943,1.0935315417292337,0.08853441955314613,-0.00135501338243729,6.800083261458066,6.800093455208491,6.800030760406915,6.800092949987714,0.006151733796760035,0.00012507439494230719,4.999992099110736e-05,0.01241881415813611,0.00023395561922851346,4.9996642541696885e-05,0.0165407754112665,0.00024841000660315445,4.9999975508518616e-05,0.018729748832654262,0.00021725208545466792,5.000002674184224e-05,0.020944809568822737,0.00023819755547913803,5.000004560288893e-05,0.02339464170186012,0.0003553711799590502,4.999978074031875e-05,0.025170114033420864,0.000431480966198187,4.999999278535366e-05,0.02770213839409841,0.0004405213254365879,5.000002877807555e-05,0.032044967869016595,0.0005120253904689602,4.999667808005098e-05,0.03499896831380179,0.0004688206391229818,5.000017209144962e-05,0.03575763669398626,0.0003524608698472869,5.265213572462736e-05,0.03581400643939014,0.00035581532480323205,5.0815784070891974e-05,0.03774968935994756,0.0007489392836375359,4.999987037139899e-05,0.03899315758553666,0.000892747401960357,5.379417386589522e-05,0.04389082280743299,0.0007807146056131284,5.1799482236601125e-05,0.763623428780748,0.027091625849016962,9.914838939291188e-05,0.8648289723931212,0.0006132473519723283,5.044400552180206e-05,0.8662439478577378,0.0003524532454550733,5.115461346174024e-05,0.8663789793872145,0.00034864692198728153,5.00021138525537e-05,0.8957949783249721,0.0011882527741370788,5.000005461007618e-05
6.11117,-1.6984429774917853,1.2137846576328364,1.2298914260194251,0.7549759434589555,0.281447551669386,0.5885718389066493,-0.06623303141813913,0.6124651009693061,8.224614435326876,-0.14932550501814473,0.06167398811517578,-0.6136452096113967,1.78321787995677,38.50439471070321,-22.888414869994158,-2.823230646480914,1.0910544553911277,0.12681726649600583,-0.002181295877530819,6.800082482578601,6.800093649129757,6.800057299141347,6.800093294067677,0.006029016627805006,0.0001227171689550288,4.9999928437951296e-05,0.01218667468721423,0.00023213947092188232,4.9993950928860077e-05,0.01629631280284854,0.00024446260841795814,4.99999727650033e-05,0.01851930522883239,0.0002104436038218726,5.000002639385082e-05,0.02071451693710161,0.0002302926317211277,5.000004441646341e-05,0.02305056104970804,0.00034408065215208356,4.9999792315095064e-05,0.024754430776981143,0.0004156832564397197,5.000000450867881e-05,0.02728238494516196,0.0004197534489364538,5.0000035765223156e-05,0.03154466320991874,0.0005003046590978491,4.99939842918811e-05,0.0345430136877719,0.00045595462602988874,5.000013689806394e-05,0.035417309473600195,0.00034032722038606126,5.2473350739503254e-05,0.035470510826171954,0.0003434956132181856,5.076055426825725e-05,0.037076816371947124,0.0006728729880004343,4.999986529510075e-05,0.03817945301035449,0.0008137045751821743,5.315772929581057e-05,0.043170670457963384,0.0007201523494696063,5.153170285101767e-05,0.7149950318154122,0.04862839696533574,9.97409582229465e-05,0.8642080981214717,0.0006208742716494582,5.045508100173884e-05,0.8659036282599409,0.0003403195977969403,5.10764648689198e-05,0.8660422810449598,0.00033669834225469195,5.000207881450998e-05,0.8946389177423306,0.0011560605826414555,5.0000067482068635e-05
6.13032,-1.6796383884554078,1.367151214447615,1.2264984418594589,0.7592419822936121,0.2915873456393374,0.5791942429230663,-0.05538487787368032,1.3501036985345904,7.786135181931373,-0.20341086099686437,0.08257559907124548,-0.6112157386040477,1.783176092310345,38.302810955682084,-23.082081378370386,-2.366561000091892,1.0866219492972193,0.16435799271427445,-0.0029130059017975925,6.800080828344021,6.800093786080887,6.800068361361657,6.800093549091706,0.005908561765349487,0.00012045486245551889,4.9999934529742464e-05,0.011956447633754454,0.00023022705345977678,4.998795629011694e-05,0.01605524033737371,0.00024107246547482993,4.999996987421057e-05,0.018314588522867586,0.00020471670596480205,5.0000025999198436e-05,0.02049080630904944,0.0002237106280521687,5.000004332648932e-05,0.02271711492477889,0.00033344612492914965,4.9999801655694694e-05,0.024353980295106322,0.0004004504818748187,5.000001456460171e-05,0.0268813770613672,0.0004010078837947607,5.000004096019002e-05,0.03105522284145154,0.0004894403684672013,4.9987986265930166e-05,0.034098485752549194,0.00044452793522270213,5.000010918113986e-05,0.0350869548899977,0.00033035458360249835,5.23309221920966e-05,0.035137112069210656,0.00033339875696129757,5.0716772799392804e-05,0.03646516723297646,0.0006116491389706656,4.999986205452768e-05,0.03743260033989876,0.00074685267045573,5.2663319285822526e-05,0.042500317424827,0.0006703530331363805,5.1327522388097675e-05,0.6183659452508934,0.09662908656451884,9.994172513977643e-05,0.8635771843427191,0.0006309137787525211,5.046988311313823e-05,0.865573281297687,0.0003303469622539769,5.1014265209166365e-05,0.8657153541461885,0.0003269268987713482,5.00020581914898e-05,0.8935099820036629,0.0011289357386677172,5.0000078497072424e-05
6.14948,-1.6467390743129529,1.5120829506569269,1.222153715794433,0.7631862761137924,0.30178479784314893,0.5696368189623308,-0.04462691755507387,2.0838805042326625,7.343945809399929,-0.24874767904779793,0.10339229536748543,-0.6080670902444176,1.783120287106699,38.08263426942214,-23.300667282801918,-1.9301463514262303,1.0806482053428792,0.20129819987131328,-0.0035976213975825507,6.800076535057306,6.800093856639071,6.800070957234551,6.800093699316716,0.0057902704975544015,0.00011829126779508495,4.9999939550185334e-05,0.011728203984627436,0.00022824364912701678,4.9977962410832166e-05,0.015817012488116365,0.00023822784925734623,4.9999966760476225e-05,0.018114619482994282,0.00019996903987330324,5.000002557553689e-05,0.0202725027174948,0.00021830359155463916,5.0000042323599624e-05,0.02239361247837597,0.0003235024464029193,4.999980890749809e-05,0.02396804139029882,0.0003859389048075043,5.0000023260078016e-05,0.026497078203015553,0.00038429885835164685,5.0000044831467324e-05,0.030575715275544816,0.00047950756590672415,4.9977985014674745e-05,0.03366374573817609,0.0004347400143731028,5.000008682251351e-05,0.034764653228418804,0.0003223016615788849,5.221887721795699e-05,0.03481184059548804,0.00032527147372262175,5.068252187834328e-05,0.03590352691549316,0.0005616403174833039,4.9999859571783164e-05,0.03674270347758297,0.0006898968623157856,5.227440590655574e-05,0.04187126565414056,0.0006290517706864457,5.116918539276531e-05,0.4416144127823433,0.17675153246855005,9.998958456515954e-05,0.8629333626042462,0.0006438217384728156,5.0489273910724245e-05,0.8652509872566231,0.00032229404106396374,5.0965372578381074e-05,0.8653962665303834,0.00031908761580502624,5.000205173378717e-05,0.8924024742155618,0.0011075077881011408,5.0000088143659014e-05
6.16864,-1.599822459106885,1.6485041877203752,1.217021194840824,0.7668021608920882,0.3120365893847276,0.5599102537036197,-0.03395797813201699,2.8134393284953787,6.897568930449962,-0.2857239893744223,0.12409455111360633,-0.6042107688306904,1.7830513665478323,37.84491268408066,-23.5431248057886,-1.516086376883484,1.0734467679694473,0.23743719906754862,-0.00426973392704587,6.800064365815852,6.800093863761053,6.800066345572408,6.800093745333069,0.005674042525932433,0.00011622797162196843,4.9999943711212e-05,0.011501932870536708,0.0002262711140907286,4.9979337803076144e-05,0.015581105312441843,0.00023590717567452117,4.999996334253871e-05,0.017918505189750522,0.0001961142932437599,5.0000025133597876e-05,0.02005855269204148,0.00021395002545331943,5.0000041395660705e-05,0.022079348738803933,0.00031426373957203606,4.999981423929059e-05,0.023595810879743603,0.0003722305105552165,5.000003084472302e-05,0.026127541619265518,0.00036953658375003383,5.000004772953278e-05,0.03010512229134825,0.00047059298419656857,4.9979360626478567e-05,0.033237040745416654,0.00042670499275943534,5.000006830752401e-05,0.03444867575800648,0.00031597747041232455,5.2132723220747146e-05,0.034492926242503434,0.0003189143529846053,5.065637262502265e-05,0.035383167738633925,0.0005203591768592321,4.999985724870843e-05,0.03610169852263975,0.0006410049549432172,5.1964557333699264e-05,0.041276706875133115,0.0005945587790074426,5.104461207888817e-05,0.27589793182637584,0.1657164809559675,9.998677576725534e-05,0.8622732560433112,0.0006601065609351778,5.0514305563071574e-05,0.8649350174061912,0.0003159698504319188,5.092780581352059e-05,0.865083279023495,0.00031298750688844536,5.0002059396932265e-05,0.891310363959588,0.0010921102559738394,5.000009688151461e-05
6.18779,-1.5389726007771982,1.7763302903569969,1.2112570037675354,0.7700833834197071,0.32233897577855025,0.5500252045069512,-0.023376595691461482,3.5384440591763164,6.4465472303420785,-0.314768046221297,0.14465884707086407,-0.5996621233099407,1.7829695701562882,37.590753475108066,-23.808282972877347,-1.1263700424914713,1.0657026875096867,0.27202716609273564,-0.005010668204443865,6.800027756076347,6.800093834025277,6.80005245069978,6.800093715769174,0.005559777984777986,0.00011426454115444695,4.9999947174196944e-05,0.011277622610345608,0.00022431026019109767,4.998884483991251e-05,0.015347023596003649,0.0002340817164381946,4.999995953008925e-05,0.017725425059798575,0.00019308012995194505,5.000002467876585e-05,0.019848002701426542,0.00021054999061494007,5.000004052826735e-05,0.02177362055527301,0.0003057281835309242,4.999981781807697e-05,0.023236462722195515,0.0003593481575480911,5.000003751854002e-05,0.025770964473756795,0.00035657714550872466,5.000004991346019e-05,0.029642447693042803,0.0004626745983054437,4.998887258007242e-05,0.032816579862163506,0.00042046088325315437,5.000005251299815e-05,0.03413744336218911,0.000311232395817373,5.206910890300827e-05,0.03417875428604826,0.000314171956455168,5.063726909622835e-05,0.03489711068339502,0.00048605705523890554,4.9999854748337315e-05,0.03550298652019084,0.0005987120024489142,5.171456473116656e-05,0.040711117627303554,0.0005655892478295675,5.094538495095582e-05,0.186391771528035,0.08950616029834083,9.993043509950357e-05,0.8615928966364528,0.0006803594068583301,5.054631433297551e-05,0.8646237926300427,0.0003112247761484366,5.090009071939677e-05,0.8647748028429806,0.00030847618051445204,5.0002081378033164e-05,0.8902274709889858,0.0010828929706022175,5.000010512563428e-05
6.20695,-1.4642797952903037,1.8954680741341794,1.2050086944782519,0.7730241278838721,0.3326878534187183,0.5399922132090573,-0.012881114626239584,4.2585797964897845,5.990445826995802,-0.33634620696698464,0.16507478768601894,-0.5944508288900722,1.7828735794961321,37.32123166268859,-24.094825456364944,-0.7628794871523263,1.0604717897445555,0.30181032227897847,-0.006203163634467173,6.799890681834419,6.800093784516952,6.800019525005376,6.800093633537776,0.005447379247379671,0.00011239873739831445,4.9999950064285415e-05,0.011055303325954365,0.000222319284391245,4.9994050797617146e-05,0.015114306142792645,0.00023271745321100544,4.999995521930349e-05,0.0175346188294218,0.00019080623037677846,5.000002421215161e-05,0.01963998166248342,0.00020802103894312148,5.000003970492256e-05,0.021475738224917502,0.00029788233035550474,4.9999819798655325e-05,0.022889192422588255,0.0003472702996072566,5.000004343874384e-05,0.02542571145888237,0.000345253014874423,5.000005157284294e-05,0.029186777262697174,0.0004556704303456292,4.999407973843113e-05,0.03240059654746633,0.0004159833146971666,5.000003857686753e-05,0.0338294920788532,0.00030795128333591104,5.202558029540779e-05,0.03386782902660487,0.0003109252594433909,5.0624446433802505e-05,0.034439632403139214,0.00045747828025580607,4.9999851881204555e-05,0.03494114510806345,0.0005618414121273956,5.151035470848023e-05,0.04016996923426741,0.0005411483930361438,5.08655070419581e-05,0.1385721922634584,0.047819579264576584,9.973180583217854e-05,0.8608876050769981,0.0007052915594547725,5.05870501095991e-05,0.8643158489662329,0.0003079436638098326,5.0881150319073706e-05,0.8644693642089586,0.0003054386340219811,5.000211814530688e-05,0.8891475733494376,0.0010798976395482028,5.000011324793745e-05
6.22611,-1.3758401752122307,2.0058162631427137,1.19841453511976,0.775619100705258,0.34307900482910514,0.5298214128395632,-0.00247004170311892,4.973552235088389,5.528855055559188,-0.3509608856093148,0.18539051864665335,-0.5886689708832326,1.7827547438941658,37.036692826688466,-24.40100474272534,-0.4275164912788679,1.0816361089914373,0.3042086174526984,-0.010895017781450436,6.799089979042899,6.800093715776395,6.7999291520022265,6.800093508429188,0.005336752509513579,0.00011062673786609184,4.999995248030255e-05,0.010834996395799164,0.00022030693015520197,4.999647995643314e-05,0.014882529810513571,0.00023177633227907302,4.9999950286962164e-05,0.01734537637602054,0.00018924245340125808,5.000002373128902e-05,0.01943368688915492,0.00020629477332850064,5.0000038906998516e-05,0.0211850333540703,0.00029070487084720416,4.9999820322270764e-05,0.022553248650404714,0.00033594377218354264,5.0000048725599065e-05,0.02509032122719782,0.0003353902316845521,5.0000052844942075e-05,0.02873723953470795,0.0004495377279892263,4.999650907808779e-05,0.031987396839962594,0.0004131997075037445,5.0000025811624894e-05,0.033523443991390615,0.0003060480874625807,5.200040564921811e-05,0.0335587431670435,0.0003090858595613732,5.061737320013594e-05,0.034005930556995995,0.00043370184614321435,4.999984854497274e-05,0.034411702959935404,0.0005294421481280408,5.1341513594810746e-05,0.03964951727896684,0.000520451955300575,5.080061543009675e-05,0.11019349105682168,0.028378701206636728,9.922416113565588e-05,0.8601518225326822,0.0007357825443159893,5.0638861690719875e-05,0.8640098084982824,0.0003060404679505301,5.087022664459532e-05,0.8641655744960274,0.000303789712931289,5.0002170467359785e-05,0.8880644732248382,0.0010831001245994593,5.000012158664935e-05
6.24527,-1.2737554434710343,2.107266059831763,1.1916028143003081,0.7778639058395527,0.35350986308042176,0.5195207736002752,0.007855573608188964,5.683073689987161,5.06139872874659,-0.35915092904285867,0.20611169991718067,-0.5828411681186119,1.7825460252349805,35.37132783367408,-23.985126707199274,-0.44814044353404997,43.88338744277725,-35.387533200539735,-5.534986909336145,5.849337765387435,6.800093623364139,6.799701184025165,6.800093351223809,0.005227809166476523,0.00010894334303705632,4.99999545017617e-05,0.010616718990475574,0.00021827740532358937,4.9997724078766424e-05,0.014651312779166406,0.0002312170313471652,4.9999944582499526e-05,0.017157029286469158,0.0001883470895513838,5.000002323054375e-05,0.019228373045496242,0.000205313843658679,5.000003811354624e-05,0.02090086353917132,0.0002841698148989803,4.999981952127432e-05,0.02222795451518729,0.0003252941352174241,5.000005346735297e-05,0.024763504234404057,0.0003268169927937635,5.00000538275394e-05,0.028293017701632266,0.0004442218330756807,4.99977532794881e-05,0.031575396065622346,0.0004120007743402431,5.00000136422272e-05,0.03321798229779665,0.00030546169359397537,5.199245051486261e-05,0.03325015166436408,0.00030859150267942,5.061571111720676e-05,0.03359189888414377,0.00041403167285223203,4.9999844692808226e-05,0.03391096323921956,0.0005007397207158453,5.1200252898404845e-05,0.03914664731227032,0.0005028699666965168,5.074747052190311e-05,0.0917693632024693,0.018424127854352376,9.816599843885272e-05,0.8593788781914691,0.000772944341213094,5.070497040252995e-05,0.8637043544242852,0.000305454073997251,5.0866825356716874e-05,0.8638621046777883,0.00030346981823899745,5.000223944625855e-05,0.886972050132518,0.0010924230923200463,5.0000130457790406e-05
6.26442,-1.1583758572730842,2.1998483334537786,1.1846307314607905,0.7800462229381553,0.3667895805021448,0.5067424499462094,0.014505457889508275,6.360691319176916,4.601909484475828,-0.3677360708367862,1.046797045392984,-1.260769247691437,1.6765108567296565,32.19003642147391,-23.635421358159366,-0.7549408917480832,120.25196484371452,-97.45944182977505,-15.486348878730523,4.171959976581375,6.800093499307928,6.799737205194195,6.800093177006345,0.0051204685906669,0.00010734057580962222,4.999995619923508e-05,0.010400491864934754,0.00021622712554082008,4.9998430197185876e-05,0.014420326133666329,0.00023098664550007754,4.999993793268145e-05,0.016968960577248383,0.0001880687092207776,5.0000022700482575e-05,0.01902336300296257,0.00020501004253366985,5.000003729762852e-05,0.020622621009267414,0.00027824252990390683,4.99998175781781e-05,0.021912730816092105,0.0003152236990951847,5.000005772262665e-05,0.024444163920271655,0.0003193403141324014,5.000005458426899e-05,0.027853361803835946,0.00043965589779632026,4.9998459583097806e-05,0.031163189432877294,0.0004122066327450573,5.0000001567987956e-05,0.03291185909469835,0.00030612320309829583,5.200070653765883e-05,0.03294077819527356,0.00030937346909051984,5.061917108979165e-05,0.03319400190172821,0.0003978969824155588,4.9999840368412296e-05,0.033435880014922585,0.0004750832242969817,5.108061574937354e-05,0.03865880291067484,0.0004878444015954814,5.070349629696988e-05,0.07899455411979216,0.012774809082677138,9.625359349827616e-05,0.8585607918082163,0.0008180863832528159,5.078964790310871e-05,0.8633982388409384,0.00030611558334688754,5.087050997699773e-05,0.8635576922362783,0.00030441244151003654,5.0002326119604174e-05,0.8858645538395022,0.0011074962930157834,5.0000140151261516e-05
6.28358,-1.0305699335545275,2.2837294777891515,1.1774388473136148,0.7823128928980833,0.39076024620220196,0.48501647732392605,0.007550252979114661,6.977364130161556,4.14911963556409,-0.3821986677641688,3.3504948795815186,-3.1278248534461532,1.3798348862556131,33.37574437739344,-28.89450822626266,0.43472105525555627,4.2693688528480225,4.594603702338606,-0.5544267900888602,6.798875445946861,6.800093363623724,6.799557994480955,6.800092996025189,0.005014660712390246,0.00010580787827665355,4.999995763724887e-05,0.010186343123336203,0.00021414874159855036,4.9998864823942593e-05,0.014189310779070662,0.00023101535459566647,4.999993015253479e-05,0.01678062552518616,0.00018833505206222322,5.0000022128056795e-05,0.01881807228073238,0.00020529072223019078,5.00000364249808e-05,0.020349739929815654,0.00027288107945175924,4.999981476402184e-05,0.02160709647482131,0.00030563434127079444,5.00000615258204e-05,0.02413141485614127,0.00031274906413038473,5.000005515034862e-05,0.027417591599435315,0.0004357702044006328,4.999889456035046e-05,0.03074964572708317,0.0004135437057941239,4.9999989150288865e-05,0.03260392431579955,0.0003079347788987985,5.2023977328369336e-05,0.0326294426765697,0.00031133551870386533,5.062741756888179e-05,0.03280921109655892,0.0003847908051692886,4.999983572846356e-05,0.03298393650384828,0.00045194351107429926,5.0978101712390055e-05,0.03818393701242504,0.00047486589824979447,5.0666584227799005e-05,0.06969685743267198,0.009297696687120178,9.317220408483254e-05,0.8576881585635049,0.0008726332447115064,5.089835945803351e-05,0.8630903116819812,0.0003079271589570946,5.0880765061028446e-05,0.8632511690228983,0.00030652321337998003,5.00024311388745e-05,0.8847370816319021,0.0011274722076002254,5.0000150908259754e-05
6.30274,-0.8906981444752344,2.3580045589636005,1.1701935650983915,0.783023112646757,0.422365482886187,0.4565063488758269,-0.009443498378374392,7.616751853568474,3.595580106232538,-0.37387060464461863,3.4322842773052105,-3.0398048480201436,1.3692135895707418,28.859743277010686,-29.902360645608105,0.042156280789719204,-64.54866294705428,-56.04223551317361,8.551560372432233,6.799840484669729,6.800093214423545,5.2324272895605795,6.800092793447226,0.004910316727568476,0.00010434398482177171,4.999995884004292e-05,0.00997430973448318,0.00021203338885302246,4.999914932828643e-05,0.013958050867828621,0.00023125991124204112,4.9999920954704676e-05,0.01659147584751529,0.0001891496776708743,5.000002150118892e-05,0.01861192112478451,0.00020615115594786954,5.000003547350889e-05,0.020081661770983517,0.0002680781588321355,4.999981113739781e-05,0.021310553621894004,0.00029654285292730523,5.0000064919544935e-05,0.023824411453724215,0.0003070034024170571,5.00000555698126e-05,0.0269850933015086,0.00043249829792671343,4.9999179606980927e-05,0.03033379395124064,0.00041585177584252793,4.9999975928402944e-05,0.03229298041754374,0.00031094389825580903,5.2063127649649395e-05,0.032314915943245565,0.00031452673332413235,5.064075622476753e-05,0.03243485747098385,0.00037435362557507813,4.9999830737073696e-05,0.03255289190950502,0.0004310445943432579,5.088992591469126e-05,0.03772019437412185,0.0004637426383031917,5.063573907766477e-05,0.06267520297126339,0.0070216544614085915,8.871810698713367e-05,0.8567493187116673,0.0009388398518375621,5.103969514742045e-05,0.8627793754038718,0.00031093627810936447,5.0897978505702637e-05,0.8629413162902234,0.00030985273267483535,5.0002557503211016e-05,0.8835846705111172,0.0011524111207847922,5.000016302507726e-05
6.32189,-0.7394026001625659,2.4214743983836264,1.1630228910306017,0.7866025055121515,0.4489757793924648,0.42312748934614447,-0.025406468875842445,8.169625381821362,3.022732888759297,-0.3730630059257209,2.1957089313293383,-4.113420374739997,1.5330380321443664,27.557652143532664,-34.13918600855286,1.5484639872422306,6.2181165505117395,3.4210451236508574,-0.48189263704433283,6.799967884177413,6.800093065345518,6.799532442664517,6.800092520540986,0.004807367545838961,0.00010294918172951442,4.9999959821529704e-05,0.009764437056499048,0.00020987267798413178,4.999934444184929e-05,0.013726376685991238,0.00023167418183738366,4.9999909965410836e-05,0.016400949789934494,0.00019052605758079096,5.000002080411771e-05,0.018404323337199997,0.00020759778758451137,5.0000034417970904e-05,0.01981783008621154,0.00026383168477197677,4.999980673449615e-05,0.02102255742667426,0.000287996195219743,5.000006795315784e-05,0.023522315366007032,0.00030209608771717994,5.000005588152832e-05,0.026555311536286652,0.00042978176522195027,4.999937547458944e-05,0.029914846860931422,0.00041894709030921765,4.999996139748539e-05,0.03197774998272041,0.000315230434823328,5.211964175875682e-05,0.03199588548892132,0.0003190304543242411,5.0659703768259914e-05,0.03206857259863721,0.0003662848723466352,4.999982535266323e-05,0.03214069032865269,0.00041220158085233705,5.081404316830024e-05,0.03726582997005372,0.00045436440406813205,5.061030005702998e-05,0.05721439192218516,0.00546081104907823,8.300136758822632e-05,0.8557296521168701,0.001019666594797157,5.1226169297081224e-05,0.8624641525893814,0.0003152228144904488,5.0922815632273524e-05,0.8626268306580814,0.0003144856321420141,5.000270917951857e-05,0.8824021891003253,0.0011824814107919425,5.0000176847660155e-05
6.34105,-0.577740060096944,2.473186146746839,1.1561296376214898,0.7929424474004041,0.47067102186453513,0.38480225609066615,-0.04053888627321841,8.697554415171336,2.368719717572651,-0.343398682865678,2.314830990156093,-4.0478825329903145,1.523806290894124,24.24064155945313,-36.2975886960318,2.3893950879928845,6.0747112071760645,3.581557287283904,-0.4983944114668794,6.8000399288742415,6.8000929196472,6.799533459131934,6.80009216011285,0.004705746189770477,0.0001016213560684837,4.999996059846551e-05,0.009556778346913342,0.000207658709585706,4.999948327591435e-05,0.01349417152245076,0.00023220516354047576,4.999989670925355e-05,0.016208489890412497,0.0001924598995220015,5.000002001596136e-05,0.01819470994980229,0.00020961338739770833,5.0000033224375896e-05,0.019557697340454944,0.0002601327457565949,4.9999801664304886e-05,0.020742542972470662,0.0002800144542035963,5.000007067096762e-05,0.023224326449203955,0.00029798891680307867,5.0000056109648654e-05,0.026127744468572384,0.00042756706771426546,4.99995152956557e-05,0.029492240745253175,0.00042260611567825014,4.999994498497749e-05,0.031656890811455556,0.00032085917126485554,5.219502455375848e-05,0.03167097162260024,0.00032491386632107913,5.0684795133526714e-05,0.03170827334068985,0.0003602992579473588,4.9999819618319856e-05,0.03174546080221025,0.00039522952644243373,5.074868972155897e-05,0.03681923106627751,0.0004465989037762034,5.0589628533803136e-05,0.0528641023992663,0.0043502895229188595,7.660192707500313e-05,0.8546107492000122,0.0011189029168578917,5.1476000783707734e-05,0.8621433010385448,0.00032085155083664765,5.095596371659414e-05,0.8623063404281598,0.0003204902299215742,5.0002890430471144e-05,0.8811846821452626,0.0012175069550626758,5.000019273650241e-05
6.36021,-0.40656603022149873,2.511966536879405,1.1499686574472363,0.7967505228633958,0.49221271452916115,0.34613353827336196,-0.055784722099575246,9.161938623216745,1.67335747069386,-0.2976244263170737,2.431205795918976,-3.979269718418334,1.5142584209049714,20.730655977145133,-38.241395037788436,2.910425434566587,5.932169410768197,3.736106164147676,-0.5138001636406282,6.8000664834436675,6.800092779832416,6.799609691138562,6.800091651889617,0.004605385734297565,0.00010036045547291228,4.99999611769625e-05,0.0093513952575501,0.000205383089363243,4.999958514991865e-05,0.01326135828197731,0.0002328132404734502,4.999988049280414e-05,0.01601351510738287,0.00019497478302962673,5.000001911103823e-05,0.01798250015955098,0.00021220979025131086,5.0000031857218824e-05,0.01930071781656221,0.0002569795238927361,4.999979597410628e-05,0.020469918820359187,0.0002726241521114763,5.000007312002831e-05,0.022929640822967137,0.0002946856262368174,5.000005627748438e-05,0.025701946696696103,0.00042579777187628257,4.9999618415386425e-05,0.029065576858081095,0.0004266638871720794,4.9999925932004044e-05,0.031328921369036485,0.00032796944241907165,5.2292038256509655e-05,0.03133865514028788,0.00033231648231236093,5.0716949413844194e-05,0.03135207050120757,0.000356202839482279,4.99998135337009e-05,0.031365475768740096,0.00037998503347015606,5.069255560427251e-05,0.036378833300364594,0.0004403977659129201,5.0573377064992604e-05,0.049328553310574626,0.0035355490886916684,7.041933258339667e-05,0.8533686605591065,0.0012420886409057947,5.1818011870320425e-05,0.8618153392163997,0.0003279618221449737,5.09986868400606e-05,0.8619783334154233,0.0003280070127364887,5.000310752364588e-05,0.8799270737051239,0.0012576084401387739,5.000021114542094e-05
6.37937,-0.22713445295168838,2.5370620835512927,1.1447900662829824,0.7980222463772472,0.5135518076507701,0.30722068247694356,-0.0710323957223275,9.559081134259491,0.9407572255386463,-0.24186865734571353,2.5448498918086946,-3.9076961712431895,1.5044154189571617,17.067388495427345,-39.94805720872559,3.106986817113233,5.78662481037024,3.883332894975917,-0.5275388021576515,6.800078022679852,6.800092654759612,6.7996948206102426,6.800090912916143,0.004506222801823096,9.916293247446991e-05,4.99999615698986e-05,0.009148357245838417,0.0002030380117116827,4.999966182088103e-05,0.013027905539309801,0.00023345274266751032,4.999986038088452e-05,0.015815449390713193,0.0001980657166696774,5.000001805681378e-05,0.01776713590922166,0.0002153642503293193,5.0000030270577964e-05,0.019046359482397277,0.0002543583341649296,4.999978982037498e-05,0.020204100298618567,0.00026581852174062463,5.0000075336569274e-05,0.022637498113045468,0.00029214270992166557,5.000005639142068e-05,0.025277532363188172,0.0004244143335079319,4.999969662218898e-05,0.028634651493311316,0.0004309253647697784,4.999990325750085e-05,0.030992245502093754,0.0003366758669427318,5.241334472589942e-05,0.03099729948896504,0.0003413556513228378,5.0756872476285385e-05,0.030998233390500448,0.0003538371107071251,4.999980722223089e-05,0.030999167265873453,0.0003663085028666445,5.0644866380748575e-05,0.03594317369011333,0.0004356596102512677,5.056111292047389e-05,0.04640601170520483,0.002922541605369801,6.519770315642415e-05,0.8519719504933652,0.00139671006574135,5.229692850357124e-05,0.8614786709688542,0.00033666824754559864,5.105228133503687e-05,0.8616411792010513,0.00033715421437191144,5.0003367366737625e-05,0.878624718893543,0.0013023548115809337,5.000023252542139e-05
6.39852,-0.040762862237319446,2.5478022787350563,1.1407256248706308,0.7967629898722534,0.5346379035029927,0.2681616778882016,-0.08617121760590664,9.88604548750952,0.17546201401020797,-0.18234731138900998,2.655705752336518,-3.833302163700645,1.4943092223760044,12.140445862445375,-37.99676458548201,2.257587931971818,-89.9107015173551,-81.02144617535107,12.244859832701538,6.800084107886533,6.800092561825798,4.612190183276471,6.800089809738631,0.004408197848468387,9.802495335470815e-05,4.999996178742214e-05,0.008947741031656973,0.00020061621418144572,4.9999720772522254e-05,0.012793822085629488,0.0002340834536803141,4.9999835024282637e-05,0.015613723603011664,0.00020172578770152847,5.0000016813824884e-05,0.017548085168391712,0.0002190507408299473,5.0000028412936875e-05,0.018794107102795776,0.0002522523796015027,4.9999783386549146e-05,0.01994451267034191,0.00025958762827665464,5.0000077353411595e-05,0.022347178161247646,0.0002903199517978219,5.000005645024104e-05,0.024854184203173563,0.0004233481600146084,4.999975743780485e-05,0.028199430440596654,0.00043522105271466376,4.9999875582788226e-05,0.0306451204227725,0.0003471250793212554,5.2561749393623904e-05,0.030645116300776806,0.0003521831881882351,5.079226242495697e-05,0.030645110822718365,0.0003531225677820841,4.9999800851792895e-05,0.030645105344657593,0.00035406192121585937,5.0619081739860084e-05,0.03551086900198271,0.0004323046881306134,5.0552509615197345e-05,0.04395461297934528,0.002451398725859547,6.119084197799506e-05,0.8503783795645206,0.0015935709288446526,5.298559653614497e-05,0.8611315535052424,0.0003471174636117647,5.1118456533714655e-05,0.8612930944404779,0.000348084760573432,5.0003678808742176e-05,0.8772735921426917,0.0013511267508512722,5.0000257355124417e-05
6.41768,0.15096960062137474,2.5442215944059487,1.1376268481289498,0.7997613183308073,0.5479278218258335,0.2230177613595339,-0.1021043939286861,10.11862313292053,-0.5524517826209646,-0.139098118445403,0.9332633072164283,-5.385450856818113,1.7288871530833974,8.845856459087841,-42.08031698689256,4.488950271533178,9.237675432038873,1.737158251431924,-0.28477177461066505,6.800087088991117,6.800092514462225,6.7993948797154085,6.800088015310458,0.004311259762658712,9.693808580967492e-05,4.999996185096359e-05,0.00874963052517315,0.00019811050648382364,4.999976695433945e-05,0.012559158930876252,0.00023466315475323486,4.9999802506850754e-05,0.015407822524194153,0.00020590107881751085,5.0000015336733296e-05,0.01732489717022577,0.00022318799816594087,5.000002622472266e-05,0.01854347781580725,0.0002506292869885264,4.999977703481852e-05,0.019690637651040628,0.0002538750193012832,5.000007918106846e-05,0.022058071640851974,0.0002891065203956726,5.000005643030817e-05,0.02443167326715843,0.000422510936015135,4.999980585695286e-05,0.027760058081558906,0.00043937235903774836,4.999984097316732e-05,0.03028869253951983,0.00035642788325266646,5.000531329611965e-05,0.030293637035420394,0.0003514792653564121,5.000114737498663e-05,0.03029782714732256,0.0003472836753958043,4.999979356288731e-05,0.03030201581469828,0.00034308952995931795,5.3814245378612086e-05,0.03508070430538974,0.0004301646965929715,5.054705695492322e-05,0.04187209220468906,0.002082520774656219,5.8269709219655254e-05,0.8485303618412434,0.0018480177232770318,5.4003562062125796e-05,0.8607721493420062,0.0003594041632362702,5.119884550206499e-05,0.8609321907090535,0.0003609037314244673,5.000405128839304e-05,0.8758713376654069,0.0014022544772847659,5.0000285944246656e-05
6.43684,0.3465765049383394,2.5259320306457704,1.135746104962374,0.8063479843226613,0.5533671635151824,0.17151157577841936,-0.11906629745610636,10.288085481355566,-1.3585952434006694,-0.05310214298046205,1.1102318325405858,-5.352171669183487,1.7234317069186613,4.240176828718788,-42.41184873239073,5.563653574792227,9.031744779016613,1.9341639491914553,-0.3171572652168335,6.800089066399096,6.800092501954102,6.796828344673687,6.800085023544165,0.004215361457606151,9.589830505256113e-05,4.999996176630173e-05,0.008554113874072507,0.0001955166511006408,4.999980368425692e-05,0.012323996687810002,0.00023516224306624982,4.999975986071879e-05,0.015197258002993305,0.00021056452120084778,5.000001357204804e-05,0.01709717540277205,0.00022772176745372005,5.000002364628229e-05,0.018294014912900336,0.00024946290290691307,4.9999771047553e-05,0.019441966050520662,0.0002486716005199704,5.0000080844561144e-05,0.021769607486163828,0.0002884641546881461,5.000005631420284e-05,0.024009871634063037,0.0004218016330953907,4.999984524905244e-05,0.02731675979574809,0.000443298285810818,4.999979645628805e-05,0.029922474626285528,0.00036621791323430237,5.000222772300204e-05,0.029940142688173257,0.0003534943472471343,5.000059200555534e-05,0.029954459788578094,0.000343367358744463,4.999978694326549e-05,0.029968764351098662,0.000333251463599618,5.360418057609545e-05,0.0346515097562969,0.00042919454909284496,5.0544594445724066e-05,0.040082738314617235,0.0017893538900718236,5.61811282315272e-05,0.8463465568236918,0.002183805017551717,5.555708323096586e-05,0.8603984196811755,0.00037372966083065365,5.129608260104487e-05,0.8605563727154448,0.00037581799360862796,5.000449838379158e-05,0.8744170204568319,0.0014543172085750107,5.0000318617850984e-05
6.456,0.544588708418953,2.4921273194784823,1.1357237315685287,0.8095134711323762,0.5585207055094019,0.11959132122401551,-0.13581520797284993,10.369315639961215,-2.1710899431398496,0.05348220021161583,1.2832552913539634,-5.315118392702651,1.7173558435768295,-0.46603317574543074,-42.19758254276131,6.131481966165163,3.6944064653106095,-2.46158558296598,0.3438928150451147,6.800090345447244,6.800092513896476,6.676683111541626,6.800079446501003,0.004120456026728123,9.490543087802801e-05,4.999996152465555e-05,0.00836127981609019,0.00019283405798231978,4.9999833263202694e-05,0.012088436654707772,0.0002355600331022286,4.999970229271296e-05,0.014981543519063379,0.00021571448392992555,5.000001145327398e-05,0.01686455186278605,0.0002326235399860028,5.000002061348135e-05,0.018045284268039228,0.0002487306448611083,4.999976560387569e-05,0.019197957624462744,0.00024400842605791617,5.000008238640672e-05,0.02148118631303853,0.0002884211731253002,5.000005608956543e-05,0.023588769383678567,0.0004211022503844695,4.999987797140188e-05,0.026869794038836735,0.00044696575691135186,4.9999737235496955e-05,0.02954509753534814,0.00037737709093738704,5.000136148449707e-05,0.02958344542340962,0.00035669726476364065,5.000038977327659e-05,0.02961385534520443,0.00034060444337366666,4.999978102784435e-05,0.029644230186586556,0.0003245341645121047,5.3420773295697475e-05,0.03422204591052536,0.0004294638457715363,5.054527851679324e-05,0.0385292643045561,0.001553474010061138,5.468967613765183e-05,0.8437072758664246,0.0026392809572671296,5.800748401107384e-05,0.860007991295208,0.00039042838596743424,5.1414186683363625e-05,0.8601632118369494,0.00039316087849541935,5.000503963148134e-05,0.8729107079184815,0.0015063125383503796,5.00003557905896e-05
6.47515,0.7432953528184932,2.4427852407756747,1.1378600054551489,0.8095808834800111,0.5629178316183527,0.06711570515117292,-0.1523255813824733,10.36038772249209,-2.9794798903485358,0.17094457801291338,1.3540299866681667,-5.362275621139778,1.7239438867264116,-5.232676616803524,-41.9753067987896,6.442767279773248,9.155086810255689,2.456827812572122,-0.40163947997275123,6.800091191965745,6.800092544271669,6.799458243477852,6.800067413875327,0.004026501463101514,9.395456362660923e-05,4.9999961129910374e-05,0.008171216044054585,0.0001900637720356041,4.99998573574457e-05,0.011852603795095892,0.00023583285961188024,4.999962199674832e-05,0.014760256202231122,0.0002212873168322582,5.000000890560463e-05,0.016626755254825168,0.00023779660796087874,5.000001705661755e-05,0.0177968919539887,0.0002483923140505275,4.9999761041083736e-05,0.01895808781341628,0.00023986981104646125,5.000008382761505e-05,0.021192260482812964,0.00028892583022556347,5.000005571851678e-05,0.023168513845432663,0.00042025553824590414,4.999990574827315e-05,0.0264194734506719,0.00045032058816483084,4.999965550000624e-05,0.02915501860688308,0.00039007892846506164,5.0000961724407104e-05,0.029222202530896385,0.0003612428925132374,5.0000285803993525e-05,0.029274806504074994,0.00033904884112943596,4.9999776167254566e-05,0.029327374673831917,0.0003168555127546388,5.3262608928842834e-05,0.03379110310101624,0.0004309428095091248,5.05490389899481e-05,0.037167733543475655,0.0013615307610804436,5.361544274439666e-05,0.8404303826793637,0.0032768931870608402,6.194552760211708e-05,0.8595981913761545,0.0004097999190535462,5.155759626770966e-05,0.8597499784465397,0.0004132333904096952,5.0005698027628496e-05,0.8713545426811529,0.0015561652373286127,5.000039756149125e-05
6.49431,0.9409573787927596,2.3779857266716524,1.1423165229268677,0.8065061506770098,0.5665479275577945,0.014252057625863268,-0.16844419340375386,10.26014399005241,-3.7836116439331446,0.2943703286680818,1.529416340512816,-5.315209538534373,1.7162495758572267,-9.961205475986423,-41.197460297076894,6.223068689388452,9.043600724095368,2.7613116913215032,-0.4490525841855404,6.800091774224334,6.800092589877057,6.799888137243319,6.800034150947039,0.00393346023933282,9.304122376869412e-05,4.999996058290407e-05,0.007984005828087157,0.000187210215967427,4.999987717788229e-05,0.011616642248790176,0.000235961546305715,4.9999505331427236e-05,0.01453305786182787,0.00022719834040325264,5.000000584410984e-05,0.01638362762128195,0.00024312763354321604,5.0000012905219674e-05,0.017548488506518366,0.00024840344747033527,4.999975766724235e-05,0.018721840086991865,0.00023624772642441325,5.00000851905222e-05,0.02090233280682922,0.0002899276759837455,5.000005515332116e-05,0.022749444840305357,0.0004190690051273062,4.999992984321576e-05,0.025966159628115756,0.0004533138225561474,4.999953760088686e-05,0.02875058791716689,0.00040443068971618873,5.0000732328078064e-05,0.028854981148899665,0.0003672213819967188,5.000022237043542e-05,0.02893605755988392,0.0003387489441910732,4.99997726831966e-05,0.029017221990525394,0.0003101526833065211,5.312734488901823e-05,0.033357477222221266,0.0004336258787949728,5.0555892901278814e-05,0.03596392080555049,0.0012038127379251635,5.2832166212354215e-05,0.8362246249220089,0.0042057577573548196,6.812626029497053e-05,0.8591659763987614,0.00043221497739313663,5.173209330332329e-05,0.8593135693381436,0.00043640910839610846,5.000650387074646e-05,0.8697528075442222,0.0016017351369307122,5.000044387173957e-05
6.51347,1.1358288747182874,2.2979131806632918,1.1491117669284998,0.7999852250840596,0.569861015682752,-0.03850634919041906,-0.18386031761982313,10.069314613494939,-4.572841991926123,0.4135872568936001,1.7026669267168828,-5.262310379912855,1.7076469599501232,-14.572913408733346,-40.072163269160804,5.531005806006496,8.898430299099964,3.0496392247816018,-0.4931968675970232,6.800092182695549,6.800092650665079,6.799992216800469,6.799871966640871,0.0038412988903663604,9.216134896645907e-05,4.9999959881419866e-05,0.007799724397052878,0.00018428143103427927,4.99998936214283e-05,0.011380711555748655,0.00023593069304151952,4.999932673058937e-05,0.014299719673523508,0.0002333381883043613,5.0000002173791524e-05,0.016135139394834005,0.0002484882264479445,5.000000808877514e-05,0.017299771962875826,0.0002487165436425374,4.999975572949702e-05,0.018488699023068683,0.00023314106392318044,5.000008649907069e-05,0.020610958416908506,0.0002913743899207163,5.0000054335035605e-05,0.022332125144043792,0.0004173196962615637,4.99999511904027e-05,0.025510266439362106,0.0004558931887536465,4.999935796117337e-05,0.02833008304736858,0.00042050486979830937,5.0000582717196736e-05,0.028480295989542347,0.0003746851593573171,5.000017921767386e-05,0.028596302271251053,0.0003397552886328696,4.999977083864352e-05,0.028712842620264984,0.0003043793702604129,5.301299098181373e-05,0.032919945414094806,0.00043753180812645866,5.0565945322562045e-05,0.03489080338325832,0.0010731174222921816,5.225332676707654e-05,0.8305942556944559,0.005630369227552979,7.672124715565373e-05,0.8587078428940684,0.00045813350469284584,5.194526397637566e-05,0.8588504163265044,0.0004631530116393095,5.000749756761839e-05,0.8681117633565436,0.0016410441876785723,5.000049455808669e-05
6.53262,1.3261936781525177,2.202917267798706,1.1580781724678897,0.7900727577159157,0.5728405099412309,-0.09097330431823566,-0.19841355460812393,9.790137561368203,-5.340514735189746,0.5195461583780059,1.8731364457335253,-5.203887656539342,1.6981986606463366,-18.171248844361774,-37.187903169896984,3.9593985937670753,-37.51008011237401,41.58127581169164,-6.289762826691607,6.800092477369653,6.800092720484865,6.80003180592144,5.780288858179397,0.0037499880213463844,9.131086901997594e-05,4.999995902165199e-05,0.0076184356668515954,0.00018128873020128175,4.9999907365512756e-05,0.011144983760234857,0.00023572779551380002,4.9999033798288285e-05,0.014060152784805309,0.0002395668887182006,4.999999779101999e-05,0.015881403831730093,0.00025373556310391587,5.0000002537111264e-05,0.01705049006485159,0.0002492818980242368,4.999975540102682e-05,0.018258148850290562,0.0002305501727781219,5.000008777613305e-05,0.02031775847950181,0.00029319993740669454,5.000005319098539e-05,0.02191735558283075,0.0004147695612130398,4.99999704762249e-05,0.02505227109263239,0.0004579953467297193,4.999906416993702e-05,0.02789177741367565,0.00043830563369293195,5.0000475939832984e-05,0.02809669463947046,0.0003836013500718891,5.000014726761706e-05,0.028254235883596674,0.00034206638765437824,4.999977081616649e-05,0.028413344699448024,0.00029949792081695813,5.291787971569273e-05,0.03247725323371326,0.0004426921803815462,5.057936240820007e-05,0.033926806637797874,0.0009639967454604403,5.1819734276764296e-05,0.822624420219188,0.007969835475267844,8.603262511572671e-05,0.8582197268642486,0.000488116029819759,5.2207034413784136e-05,0.8583563810161399,0.0004940353103645399,5.000873334898576e-05,0.8664393312145937,0.0016724321419498201,5.000054944448309e-05
6.55178,1.5105279972259,2.093738042379216,1.1687877982413473,0.7796618492172209,0.5730175530019306,-0.13904530482487162,-0.21083158612296446,9.442026271364236,-6.052932965543365,0.5953973760857979,1.1545461887891197,-4.40730445596807,1.5777040556705213,-20.79638043431037,-34.54391372992734,2.82859382074199,-76.52712713390781,71.31667718538658,-10.764500355856091,6.800092702033869,6.800092813076932,6.800049655844514,4.956651235012431,0.0036595038631794382,9.048415816694643e-05,4.9999958004680495e-05,0.007440191838475001,0.00017824382837659412,4.9999918939238655e-05,0.010909641129001914,0.00023534263123294117,4.999850551972099e-05,0.013814450703774251,0.00024570208103105625,4.999999258959911e-05,0.015622696870053689,0.0002587069616764024,4.999999618308319e-05,0.01680044434417636,0.00025004572067523255,4.999975682857631e-05,0.018029694297381067,0.00022845455290949483,5.000008903025668e-05,0.020022471706858412,0.00029528677264339953,5.000005162952389e-05,0.0215061789849167,0.0004111765979140503,4.999998819535569e-05,0.024592730506443804,0.0004595405861885859,4.9998535188730204e-05,0.02743410903465325,0.00045766837902239837,5.000039391768127e-05,0.027702931457413826,0.00039376318205663235,5.0000121698407505e-05,0.027908702109193,0.00034553377440367766,4.999977275079144e-05,0.02811789238597616,0.00029545231347186276,5.284015942908992e-05,0.03202815279061953,0.0004491004430937275,5.059623957231459e-05,0.03305461611870887,0.0008721905190890039,5.149037072717711e-05,0.810432201472457,0.012192218746731043,9.338482963118912e-05,0.857696925591483,0.000522801272765619,5.2530030179304944e-05,0.8578266672420625,0.0005297137740773038,5.0010283233485606e-05,0.864744996880482,0.0016943343341117463,5.000060831631171e-05
6.57094,1.6876758746514497,1.9713969467840182,1.1807229104824175,0.7747580204780503,0.566286358928955,-0.17564778094501954,-0.219596947152889,9.043624659983116,-6.714699609834406,0.6495854757739087,-0.3115036779567284,-3.0410725196581714,1.3714857523925972,-24.69684392595991,-35.51832326003083,3.7285913965303124,4.157535506212958,-0.35845793511383106,0.04137880863130087,6.8000928727466565,6.8000929293141965,6.800060459070353,6.799687844148241,0.0035698293027896784,8.967456038975936e-05,4.999995683634798e-05,0.0072650355846585035,0.00017515625381649762,4.999992876375058e-05,0.01067487382047304,0.0002347673085288756,4.999741025605027e-05,0.013562914624073682,0.0002515360797005691,4.9999986463046306e-05,0.015359454975156808,0.00026324189489688126,4.999998896055674e-05,0.01654949151237493,0.00025095283180142784,4.999976012182364e-05,0.017802882314529492,0.0002268119828515763,5.000009025290687e-05,0.019725007315712827,0.0002974643911455871,5.0000049545299005e-05,0.021099860350834308,0.0004063186340823929,5.000000467666396e-05,0.024132297912966276,0.00046043259347752655,4.999743932209406e-05,0.026955935244797453,0.0004781737898557967,5.000032664351836e-05,0.027298183071805277,0.00040474838560854994,5.0000099621482324e-05,0.027558871794452943,0.00034983031474005246,4.999977671307118e-05,0.02782572520235202,0.0002921671836241422,5.27777904999505e-05,0.03157143999720072,0.00045671279341881016,5.06165968975592e-05,0.032260310941990646,0.0007943051767182262,5.1236516561952855e-05,0.7894812309293301,0.020950970543126737,9.765329627818457e-05,0.8571339822189371,0.0005629433725459453,5.2930584953781874e-05,0.857255696787417,0.0005709704546455025,5.001224468734758e-05,0.8630395845819533,0.0017054122985286503,5.000067106893818e-05
6.5901,1.8564610381236308,1.8361969641294889,1.1938481185386298,0.7735971499641278,0.5552676024623601,-0.20501808471736216,-0.22627000879752643,8.570500865810867,-7.39513326823228,0.7210150606120799,-0.2318567004318922,-3.04793959056086,1.372278456877294,-26.824924489957493,-33.933626967277995,3.745876164089668,4.182542939398567,-0.26119058491005975,0.030480059964085548,6.800092986358238,6.800093039005212,6.800067275104122,6.8000129951183235,0.0034809487926987497,8.888051009092874e-05,4.9999955500995485e-05,0.007092994900804185,0.00017204068385431848,4.999993715134809e-05,0.010440880744955158,0.00023399307551788193,4.9994578341480795e-05,0.013306003383111406,0.00025691124096227755,4.999997927519836e-05,0.015092199146557529,0.00026725582859927815,4.999998077106917e-05,0.01629752669657275,0.00025196481580217606,4.999976511784795e-05,0.01757724329312258,0.00022563902140691015,5.000009146575701e-05,0.01942536885160061,0.000299638464112214,5.000004684525198e-05,0.020699748583205526,0.00040011176762878327,5.0000020089519426e-05,0.023671745021949405,0.00046055289101687116,4.999460663012861e-05,0.026456700215361565,0.000499235029435888,5.000026826726277e-05,0.026882142789374053,0.00041604028243122186,5.0000079186905706e-05,0.02720433717225979,0.00035453462219315517,4.999978247933975e-05,0.02753608393387885,0.00028964126847316854,5.273029114794067e-05,0.03110578488046937,0.0004656551167313518,5.064093666683026e-05,0.03153249316611472,0.000727817775875926,5.103847336740036e-05,0.7458725870190502,0.043608643910279826,9.945569019727339e-05,0.8565242724653097,0.0006097097536273174,5.343292429032852e-05,0.8566367050100879,0.0006189917773290171,5.001476337131297e-05,0.861333327911746,0.0017062566702072297,5.000073902059722e-05
6.60925,2.015790023252938,1.688249898056436,1.208350379856015,0.771204525622403,0.5442546042188608,-0.23439799367601735,-0.23257961796982357,8.056608884668606,-8.045208491970016,0.7927757741901655,-0.15173064907451467,-3.0529432858065033,1.3728623712292671,-28.88348368939627,-32.26746663975363,3.583623724119884,4.191660046894094,-0.15277731674594053,0.017871507175839806,6.800093031730428,6.800093135874501,6.80007134117923,6.800059829815766,0.0033928472510325143,8.81015416662353e-05,4.9999953974150794e-05,0.006924082589317606,0.00016891231148657946,4.999994434988187e-05,0.010207888511647707,0.00023299223330745022,4.99841963020846e-05,0.01304430611849989,0.00026169726461151534,4.999997084999406e-05,0.01482149214287679,0.00027070700368073776,4.9999971466581834e-05,0.016044475818662668,0.0002530508779100864,4.9999771567252824e-05,0.017352278367446614,0.00022496492567596751,5.0000092695806796e-05,0.01912365138544204,0.0003017174661585712,5.000004344099272e-05,0.020307145301867356,0.00039260328133816966,5.00000345012142e-05,0.023212010845188764,0.0004597341767606374,4.998422056723478e-05,0.025936881153256163,0.0005198190621053983,5.000021505487962e-05,0.02645521710979867,0.00042692567957538277,5.000005910923114e-05,0.02684519402295302,0.0003591431493067676,4.9999789721183426e-05,0.027248191786209033,0.00028789214766981544,5.269763512656634e-05,0.030629661581279867,0.0004761232991895009,5.0670006426959335e-05,0.030861769044006154,0.0006707241221085705,5.088218858488756e-05,0.6191110374748943,0.12676154954415597,9.9944072745924e-05,0.8558595548634209,0.0006647176018887467,5.407193827541887e-05,0.8559613018841731,0.0006754031259147546,5.001805674925599e-05,0.8596350235316909,0.0016983043800551621,5.000081519753369e-05
6.62841,2.1648941872084833,1.5281525898362491,1.2242030849874352,0.7675915444763707,0.5332635826160694,-0.2637468391138447,-0.23848683364608314,7.503280555226677,-8.663364653570868,0.861428176024356,-0.07142993894279773,-3.055870080176626,1.3732047402909966,-30.860040986967572,-30.53047491083857,3.2428464158187214,4.195144357628206,-0.04296186430588891,0.005031688007795332,6.800092914411413,6.8000931188372045,6.800067656626957,6.80006875116507,0.003305513102016987,8.733414901552747e-05,4.999995224210968e-05,0.006758301617846113,0.0001657809714714929,4.9999950568512426e-05,0.009976169491453388,0.00023171902019431922,4.995627868741472e-05,0.012778544476522581,0.0002657616419773075,4.9999960976454614e-05,0.01454793508277388,0.0002735570601029124,4.999996084944932e-05,0.015790299936847364,0.00025417588181530116,4.999977931614914e-05,0.017127500611746064,0.00022477775570054788,5.000009394104326e-05,0.01882013346245434,0.0003035179229876984,5.000003925008813e-05,0.019923233444852792,0.0003839118570145633,5.0000047910558e-05,0.022754249322012424,0.00045776152317634204,4.9956274366562165e-05,0.025398895675268072,0.0005379854779880949,5.000016450665463e-05,0.02601882747057359,0.0004363896392250802,5.00000384695316e-05,0.026482040194090065,0.0003631538288629571,4.999979820524844e-05,0.026961298012141293,0.0002868937740677404,5.267908726667317e-05,0.03014143270031153,0.0004882288809683392,5.070437380069989e-05,0.030240434228427773,0.0006213348155783777,5.075733203649061e-05,0.2681034714796276,0.3510075659952667,0.0001000013968609029,0.8551295925302158,0.000729962333205224,5.489526417531386e-05,0.8552190930291813,0.0007422088549918003,5.00224454352386e-05,0.8579524056305013,0.0016826179011895472,5.000090461679398e-05
6.64757,2.3030327032082236,1.3565298415385962,1.2413138818063496,0.7627733283681744,0.5223089650482353,-0.2930223834861519,-0.24395341763308848,6.912086809020188,-9.2482448176518,0.9235522192733517,0.008937521026248244,-3.0566931116662386,1.3733011336329344,-32.742383470406835,-28.7334398220873,2.7256369952124633,4.193885905330273,0.0666656745644123,-0.0077861731003472075,6.80009260990512,6.800092956982768,6.800048277122914,6.800068205795405,0.003218938080847893,8.657502116909381e-05,4.999995028840971e-05,0.006595644736356908,0.00016265688148920472,4.999995597074714e-05,0.009745708208325706,0.0002304612831276811,4.9984491908440665e-05,0.01250953318605049,0.00026901129047209076,4.999994937243354e-05,0.014272135441974252,0.0002757996407996261,4.9999948636636536e-05,0.01553499073709393,0.0002553091997534363,4.999978817654192e-05,0.016902430449753793,0.00022507016199227185,5.000009519692805e-05,0.018515291531544447,0.00030484193090989347,5.000003422390611e-05,0.019548983315750897,0.00037425012910189347,5.000006026970895e-05,0.022299510220297972,0.0004547391017144502,4.998451597730906e-05,0.024848058194913408,0.0005508374803546622,5.000011530959924e-05,0.025575489803405023,0.0004433376671685652,5.000001666039786e-05,0.02611580323608858,0.0003662369580014817,4.999980768963542e-05,0.02667466817170635,0.00028662984043494527,5.267420641235063e-05,0.029639327078084348,0.0005021056222271799,5.0744653729165345e-05,0.02966210574892826,0.0005783284794995107,5.0656590829784054e-05,0.1437131608506891,0.1243903106289385,9.99415370014654e-05,0.8543214957476203,0.0008080967825954273,5.597011347398386e-05,0.8543970280851169,0.0008220649440644135,5.0028426352023926e-05,0.8562915740066113,0.001660831623890022,5.0001017146663597e-05
6.66673,2.429497096559127,1.1740304828506702,1.2595252483807116,0.7567679527170799,0.5114039131464917,-0.32218202166612114,-0.2489422440923398,6.284832543487168,-9.798698718117851,0.9757679485615647,0.08928087250079314,-3.0554159801839518,1.3731519719112844,-34.51885371120237,-26.887476107277692,2.035211587599218,4.187780289274301,0.17515321836031866,-0.020424595153826917,6.800092200560642,6.800092706405477,6.800001816737258,6.800066839813245,0.0031331170209022677,8.582105994562559e-05,4.999994809347586e-05,0.006436094729381629,0.00015955000697527965,4.999996068607037e-05,0.009516792065970319,0.00022891614235538777,4.9994747578708874e-05,0.012238132619153684,0.0002714005668968074,4.9999935643373915e-05,0.013994678778040448,0.00027745666393380386,4.999993442197385e-05,0.015278566862417546,0.00025642387467638295,4.9999797939645165e-05,0.016676591435812564,0.00022583901394122933,5.00000964561089e-05,0.0182097946080582,0.00030549692348624786,5.000002836416443e-05,0.019185105253644988,0.00036387806210590927,5.000007151367067e-05,0.02184930347538252,0.0004502067449154548,4.9994775222635633e-05,0.02429295309505834,0.0005551050998550678,5.0000067379110425e-05,0.025128559414864506,0.0004469303885405192,4.999999330803674e-05,0.02574749744545153,0.0003683057906370506,4.999981795196484e-05,0.026387575046509893,0.00028709312519645654,5.268282327826247e-05,0.029121414791302504,0.000517912286781845,5.0790789496684086e-05,0.029121447360095903,0.0005406583888323593,5.057547619478363e-05,0.10146387977979328,0.04224928107089582,9.941966318111288e-05,0.8534187846262695,0.0009027111213507621,5.739122668488637e-05,0.8534784755624332,0.000918552522683707,5.0036805023217826e-05,0.8546563800294797,0.0016351939771315765,5.000117336167486e-05
6.68588,2.5436156276628497,0.9813233494189448,1.2786154679787713,0.7495962894235343,0.5005602940691756,-0.35118307231638984,-0.2534175155894066,5.623545980423377,-10.313789016689128,1.0147570206533276,0.16950725711743422,-3.0520605249087533,1.3727606926861906,-36.17843981710154,-25.00395624580079,1.1758903755924281,4.176154109746721,0.28170891207766297,-0.032750981536571334,6.800091696735411,6.800092357503067,6.799912249495839,6.800064242135101,0.003048047631941045,8.506938896122234e-05,4.9999945634234464e-05,0.006279624611432237,0.00015647011794939146,4.99999648184122e-05,0.009289673634697676,0.00022711843127264214,4.9997524705576584e-05,0.011965199636346123,0.0002729329828075622,4.99999192226514e-05,0.013716107527396958,0.0002785712506434901,4.999991762221322e-05,0.015021071711702257,0.00025749515071528964,4.9999808389793446e-05,0.01644950628157147,0.0002270851542410908,5.000009770836661e-05,0.01790446877430351,0.0003053258337546895,5.0000021733455214e-05,0.01883204352727295,0.00035306172637203733,5.000008158204167e-05,0.021405186022268277,0.00044411745311424025,4.999755266718519e-05,0.023743899559028565,0.0005490535360297712,5.000002151672028e-05,0.024681583608298602,0.0004469758065659031,4.999996810109182e-05,0.025378010820316745,0.00036948662513478794,4.99998288013189e-05,0.026099290032484134,0.00028828501402576075,5.27050277329852e-05,0.028596579321683677,0.0005248354696188252,5.000311785443894e-05,0.028613924335793496,0.0005075230243024106,5.126303225273721e-05,0.08143613704712022,0.02002774273267305,9.743702004749444e-05,0.8524000223773033,0.0010187622489662503,5.928979341081419e-05,0.8524418798420732,0.0010365957203601218,5.00489758985393e-05,0.8530476612812128,0.0016087187482669858,5.0001422202974606e-05
6.70504,2.6447574542477756,0.7790931538002089,1.2983000127206934,0.7412819095187164,0.48978855805704613,-0.3799829653229045,-0.25734497794958056,4.9304662992780806,-10.79279624059984,1.0372838551629844,0.24951091602117423,-3.046663754789709,1.3721332737052916,-29.218810519068086,-17.08423518447258,-1.7950405104834184,-271.6609266035345,-246.68046801701016,37.3716792197345,6.800091294897714,6.800091895634147,0.4798317743598915,6.800049333774143,0.002963730276713254,8.43173552277913e-05,4.999994288370728e-05,0.006126198194131822,0.000153426417300415,4.9999968452226955e-05,0.009064590193283916,0.00022508344141376006,4.9998591516537125e-05,0.011691545767389148,0.0002736538689569732,4.9999899281670845e-05,0.013436908043129034,0.00027919948426792323,4.999989739527829e-05,0.01476257311637249,0.00025849859532976575,4.999981931711873e-05,0.016220692984667936,0.00022881329690353417,5.000009894092596e-05,0.01760022503751778,0.0003042437367857312,5.000001445344233e-05,0.018489999808968403,0.000342043718304547,5.000009043208557e-05,0.020968657484180347,0.00043652853808792984,4.999861951507164e-05,0.02320952392475704,0.0005343756342715263,4.9999978139097124e-05,0.024237544727088,0.00044403888121059994,4.999994049909625e-05,0.025007996860838187,0.00037001395947855713,4.999984007477039e-05,0.025809074864872376,0.0002902151676117587,5.2741164428956604e-05,0.028070447778439162,0.0005261315432445157,5.0001149884723635e-05,0.028135758214922042,0.00047816612087145074,5.1122944742248146e-05,0.06994214045698946,0.01149399659013076,9.262587301966958e-05,0.8512367711886176,0.0011632511886857217,6.18378801781881e-05,0.8512587604187588,0.0011831194233143402,5.006765014330806e-05,0.8514620470958022,0.0015856141854104803,5.000191278522765e-05
6.7242,2.7339081737640174,0.569092829858292,1.3178356683201402,0.7356195770183831,0.4526622310777459,-0.41982035749252045,-0.2787782418110945,4.370714027472597,-11.12008333020696,1.002895802197233,-4.95476735971067,-7.772384957316105,2.088072149135576,-39.12689832028511,-15.027845441718648,1.0970758181084157,-34.311393114604535,-56.646799372278544,9.133585012116505,6.8000906148501485,6.800091332047548,5.622604917079579,6.8000274522281705,0.002880175161873285,8.355511483996873e-05,4.999993987722152e-05,0.005975798171780865,0.00015040002235095694,4.9999971687697854e-05,0.00884178028355181,0.00022280990973210546,4.999910214748139e-05,0.011417945417237787,0.0002736003501513625,4.999987474120413e-05,0.013157540873818492,0.00027936716931054257,4.99998726522615e-05,0.014503201411657085,0.0002593717047154046,4.9999830800292664e-05,0.015989823984507292,0.00023086900016064507,5.000010003067306e-05,0.01729815156813638,0.0003020734693814039,5.000000672399315e-05,0.018159165994461934,0.000330833814506467,5.0000097968502054e-05,0.020541048914321874,0.000427608569858473,4.999913015374197e-05,0.02269454453494564,0.0005149793898113991,4.999993613796786e-05,0.023798548387344295,0.00043899633974370884,4.9999909562991175e-05,0.024637966019144537,0.00037003084169364797,4.999985190212131e-05,0.025516360038228228,0.0002927148266441463,5.2788304234132167e-05,0.027546123876813912,0.0005243239016252479,5.000062830670219e-05,0.02768393577121164,0.0004518224437104011,5.100311849349553e-05,0.06253213931118304,0.007410001145806419,8.430159654087471e-05,0.8498916447017465,0.00134512648687102,6.520840216944097e-05,0.8498917512072692,0.001367009211489677,5.009973347269279e-05,0.8498918526267676,0.0015701944690346375,5.000340449187025e-05
6.74335,2.810539536216274,0.35307065694502937,1.3372169043283977,0.7275060712771777,0.38245309025810215,-0.47165613324735406,-0.3193911183504033,3.621149968073636,-11.407975632354377,1.023912765948317,-5.612079546740913,-8.857582269453426,2.263046587500351,-43.03173163085971,-7.104377432389816,2.2832975179424864,20.52174861824557,-12.398152069844203,2.5601368913927014,6.8000898640620315,6.8000905025046,6.799808351234437,6.799984937058163,0.0027973960312056697,8.277913066761536e-05,4.999993661715081e-05,0.005828391616732079,0.00014740655504878609,4.999997456539245e-05,0.008621481467641268,0.00022029881591054145,4.999938291686759e-05,0.011145095832633668,0.00027284958460411905,4.999984403232271e-05,0.012878424789618533,0.00027911608419995835,4.999984186465062e-05,0.014243116053875765,0.00026008535778132037,4.9999842571941044e-05,0.015756608331531276,0.0002332156529760134,5.000010092973664e-05,0.016999219909143565,0.0002989316589928127,4.9999998770433024e-05,0.017839483899556596,0.00031968209490534054,5.000010420816833e-05,0.020123435472716833,0.00041761344160504333,4.9999410950444295e-05,0.022200004434946158,0.0004945400999994852,4.999989286571241e-05,0.023365773991101704,0.00043277439624259047,4.9999873739572915e-05,0.024268269326197325,0.0003696966929472133,4.9999864055606355e-05,0.025220606808158404,0.00029575323006982376,5.284612463694323e-05,0.027028348765198086,0.0005177751116158294,5.0000383562774596e-05,0.027255771625670354,0.0004281641455412859,5.0901059617486254e-05,0.05736725008787661,0.0051648892233064365,7.413853383820636e-05,0.8483144763759669,0.0015771683257796278,6.779094143738867e-05,0.8483179214916258,0.0015738297156434754,5.001077401724226e-05,0.8483213308830903,0.001570521743677271,5.276323472755335e-05
6.76251,2.8720584301803957,0.13294730147432277,1.3572465595115812,0.7100068213757731,0.3049900881153923,-0.5234532886944997,-0.3589897279113882,2.79678001213794,-11.544076018951177,1.0676544840460491,-5.218939127729414,-9.095096858993482,2.312091788712594,-43.700342709902365,1.9287408441538314,1.808680289133063,21.488346705431052,-11.697992721387216,2.4280461124669603,6.800089210037254,6.800089148541901,6.800035721921735,6.799711104677746,0.002715403000510213,8.199303069545715e-05,4.999993303768445e-05,0.005683883080272238,0.00014450853645984078,4.999997707682242e-05,0.00840391891628929,0.00021756255135197867,4.999955217498886e-05,0.010873590295288414,0.0002715055373452546,4.999980478732418e-05,0.012599924722488838,0.00027850006712969654,4.999980283876275e-05,0.013982448359628584,0.0002606676942471827,4.999985406022917e-05,0.015520615228071676,0.00023599310345960006,5.0000101707812524e-05,0.016703992533663482,0.00029522737548008226,4.999999074831449e-05,0.01753039958495271,0.000309084314603889,5.000010936627431e-05,0.019716589882864698,0.0004068455898521322,4.9999580272871955e-05,0.0217248684893084,0.00047513594563775464,4.999984463101682e-05,0.022939684978936507,0.0004260890121651974,4.999983069613384e-05,0.023899045451763044,0.00036922387443428205,4.999987598718862e-05,0.024921103089693343,0.0002995037184650612,5.291828413371287e-05,0.026523393987878043,0.0005049547773200417,5.000023988105719e-05,0.02684850707719912,0.0004072645484712333,5.0815384659260594e-05,0.05355536452085648,0.0038118855670201306,6.549628557524937e-05,0.8464360142840996,0.0018784620918673425,7.279169203851806e-05,0.8464466758810423,0.0018712456105833997,5.001381949209144e-05,0.8468381347643388,0.0014831961187515362,5.254589320229223e-05
6.78167,2.917614815702107,-0.08812724359893657,1.3780655207641122,0.682839701067105,0.22600363570941928,-0.5728074041269677,-0.39312791025301025,1.959601301711564,-11.50712663428904,1.1023038377612298,-4.807281340433132,-9.319198315727572,2.358606492882872,-41.28746335112156,10.407234668652901,-0.10957817855229351,-21.430335143171895,25.0076455475601,-3.1453304896730834,6.80008875744688,6.800086695466362,6.800070437944153,5.843451387340534,0.0026342087325320583,8.119426797815442e-05,4.99999291294858e-05,0.005542138520093618,0.00014174456017862066,4.999997924352746e-05,0.008189291366378571,0.00021462754991071864,4.9999661066445156e-05,0.010603939980896745,0.00026965031439166827,4.999975374218395e-05,0.012322371368507116,0.00027755335398172207,4.999975268518413e-05,0.01372132114554355,0.00026112721408503344,4.999986499242034e-05,0.015281416929179524,0.00023919829889215087,5.0000102340767116e-05,0.016412740747267576,0.0002912517863959069,4.9999982789026606e-05,0.017231115970744747,0.0002992836142079624,5.0000113640017375e-05,0.0193209762776366,0.00039561360522809687,4.999968927048735e-05,0.0212674218955649,0.00045744659374350285,4.999978708698273e-05,0.02252035275672541,0.0004193322222111023,4.999977736771416e-05,0.023530335270560615,0.00036871018120242975,4.999988743699908e-05,0.024617124923626783,0.00030397816606656154,5.300551085750289e-05,0.02603868084703355,0.0004847131408444936,5.000014640744732e-05,0.026459540528156338,0.00038896654904277915,5.07438567483525e-05,0.050613517039493745,0.002941847481362735,5.9816819490035114e-05,0.8441608136620347,0.0022752006220649688,7.847668482896074e-05,0.8441613226075151,0.0022853532735272243,5.008002392126418e-05,0.8454376365975186,0.0014004981668203017,5.227175352291806e-05
6.80083,2.9475280082857025,-0.306916771008241,1.3992173428030876,0.6491126966206852,0.1452815919599743,-0.6153072897367481,-0.42302298036631303,1.1686467420523357,-11.307752561713787,1.1002046203976439,-5.217827785303467,-8.840120414913713,2.2983505873242045,-37.12602750234303,17.615855882731303,-2.1731673016798045,-74.63324639464258,66.83386215412385,-9.517229566039228,6.800088647537517,6.800081884451651,6.80008162101953,4.71601418299959,0.0025538295923533483,8.037914017871053e-05,4.99999249119113e-05,0.005403002047505598,0.00013913647258801878,4.999998109890385e-05,0.007977761667545968,0.00021152969883260345,4.999973470444919e-05,0.010336568957418926,0.0002673710234778197,4.9999686179759565e-05,0.01204605087292223,0.00027632049558488464,4.9999687427117366e-05,0.013459854472781193,0.00026146667276235713,4.999987522799339e-05,0.015038649949366758,0.00024276697981276667,5.000010276794845e-05,0.016125483909064393,0.0002872568382031836,4.999997498995068e-05,0.016940742142099206,0.00029037382864554196,5.000011719660188e-05,0.018936778245563016,0.00038419803207358466,4.999976305432729e-05,0.020825865192641464,0.0004415567029234342,4.999971475304509e-05,0.022107618283673663,0.0004127344730517447,4.999970961076601e-05,0.023162140576563035,0.00036819469399757763,4.999989826896025e-05,0.024308005415280495,0.00030911950834628684,5.310726371508701e-05,0.02558030478918807,0.00045837605784547746,5.0000083598768433e-05,0.026086518086847008,0.0003730224413093295,5.068419158328106e-05,0.04825966065459909,0.002353856384894647,5.642878589043076e-05,0.8413556725008194,0.0028051411612151655,8.378734354200096e-05,0.8413556930523806,0.0028056295551344406,5.2013213219287134e-05,0.8441141280907768,0.0013235085067416703,5.202988344096253e-05
6.81998,2.9630060862536016,-0.520533494816873,1.419937779261454,0.6146927055207602,0.06178095884574227,-0.6422491250457246,-0.4537150416359132,0.4574138797841225,-10.970281077591533,1.0585726951919678,-6.64759609138686,-7.5597669196921515,2.116026571519105,-33.335775056413304,24.701689814776966,-3.086037911426511,-72.22635263917057,59.57519060246226,-8.557602363557107,6.800088900999365,6.800071571177938,6.800086546371111,4.857328331273759,0.002474285281050098,7.95443113032505e-05,4.999992042647081e-05,0.005266310190829514,0.0001366918566760842,4.999998268102968e-05,0.007769451408318634,0.00020831025922733303,4.999978653463148e-05,0.01007180979462283,0.00026475916279609555,4.999959509968696e-05,0.011771194977131898,0.00027485589579033217,4.999960151494921e-05,0.013198169644258552,0.0002616848285226391,4.9999884710387104e-05,0.01479205248202962,0.00024659746733713685,5.00001029124277e-05,0.015842035340854117,0.0002834485682102749,4.99999674182671e-05,0.016658392039902017,0.0002823501021971875,5.000012016237514e-05,0.01856394040470372,0.00037283784085929804,4.999981506401559e-05,0.020398521895460268,0.00042734329718119903,4.999962011344663e-05,0.021701184655754772,0.00040643362791888994,4.999962173390061e-05,0.022794461549104538,0.00036767902745849944,4.999990842483282e-05,0.02399317789810663,0.00031482751717386455,5.322213580620528e-05,0.02514997254556293,0.00043033224362513906,5.0000041475270655e-05,0.02572737091695576,0.00035914716989124667,5.0634289809532766e-05,0.04631934271079706,0.0019403179438020357,5.440733309748541e-05,0.8378314455983042,0.0035242269025151803,8.012380808964459e-05,0.8378706413068067,0.0034850517455739527,8.165689837925721e-05,0.8428614984826693,0.0012526296081075518,5.181896800970322e-05
6.83914,2.9655056131497814,-0.7263626488429173,1.4396667481793992,0.5817701084311234,-0.02430023053117692,-0.6495692403849626,-0.4888945892967542,-0.18120814105572713,-10.497064449480254,0.9994526728121542,-8.03125491444593,-6.418469663213809,1.952086380966754,-29.940047544286735,33.123758648982445,-2.9939524299612406,10.386519048187427,-13.470769062895277,2.402322618983463,6.800089383573671,6.800046469084805,6.800089100950906,6.742830987502518,0.002395597213579151,7.868806747094645e-05,4.999991572154519e-05,0.005131893810193844,0.00013441638063567028,4.9999984021570926e-05,0.007564434753222049,0.0002050166550965856,4.999982418274599e-05,0.009809905483043188,0.0002619043115796437,4.9999469925828475e-05,0.011497979224540348,0.0002732157525915497,4.9999487332212765e-05,0.012936380574958658,0.0002617890692998938,4.999989339650511e-05,0.014541462370706318,0.00025059011132330227,5.000010271082244e-05,0.015562044724033608,0.00027999061682050904,4.9999960110293955e-05,0.016383195514534783,0.00027519652536723654,5.000012265568045e-05,0.018202196842364803,0.0003617435623389175,4.99998529174059e-05,0.019983886669915754,0.00041463522554451314,4.9999492245968826e-05,0.02130067581266394,0.0004005088430908307,4.999950600709364e-05,0.022427293703634086,0.00036716784547044924,4.9999917855212835e-05,0.023672175357679504,0.00032100254042712517,5.3348653214030614e-05,0.02474468299235315,0.00040528955320977885,5.0000013057547775e-05,0.02538026411601472,0.0003471068009410435,5.059251411946959e-05,0.0446791562163746,0.0016401864944224581,5.316136633808009e-05,0.8333143996649535,0.004517045933350779,8.642776810291668e-05,0.8334794780832443,0.004391163223562393,8.72820819948139e-05,0.8416733506963725,0.0011881477862967346,5.163697998004732e-05
6.8583,2.956340536258916,-0.9215632663946913,1.4582809989167773,0.5455969122666108,-0.11121536306376745,-0.645175177222078,-0.5231722423154892,-0.754777336144686,-9.862504081514398,0.9420967556965453,-7.832277696342553,-6.676532652499492,1.9981082935531045,-22.969703580149506,38.56126625002644,-3.9767284569110606,13.823722122483977,-15.580519936304086,2.7668264674875642,6.8000899292173225,6.799924735004487,6.800090448305269,6.799985770620847,0.0023177868740099426,7.781033956920852e-05,4.9999910844800165e-05,0.004999568777046207,0.00013232503314763715,4.999998513929344e-05,0.007362725830065529,0.00020170892315651953,4.999985214048176e-05,0.009551018581729211,0.0002588869013139764,4.999929476968952e-05,0.011226528892870047,0.00027145033167030235,4.9999335191784803e-05,0.01267456950332795,0.00026181107163070785,4.9999901214010136e-05,0.014286796595049028,0.0002546657756572896,5.000010212715334e-05,0.015285047456700188,0.0002769972673334214,4.999995307753955e-05,0.01611424804876631,0.00026894746576846786,5.0000124825295075e-05,0.01785106372425864,0.00035113311810616124,4.999988109816143e-05,0.01958062060782404,0.00040326606209171545,4.999931502789793e-05,0.02090567775043183,0.0003949980622321119,4.999935265542266e-05,0.022060579730187754,0.00036671397344633424,4.9999926479008224e-05,0.023344609760019557,0.00032756559765994745,5.34856679506786e-05,0.024359153353101477,0.00038552963925167375,4.9999993208903495e-05,0.02504349118393882,0.00033677293207589747,5.055779228436016e-05,0.04326167585019503,0.001417480366179568,5.2365375474409e-05,0.8274038147100088,0.005910584954944598,9.147480189425491e-05,0.8278776418811631,0.005601836202081228,9.168659892379327e-05,0.8405427795073164,0.001130571189056173,5.148248978539187e-05
6.87746,2.937438000595032,-1.1035683413275617,1.4756434994267502,0.5027136784554502,-0.19750570426009378,-0.6368401242550379,-0.5501909960722322,-1.1948138582781445,-9.123775981235905,0.8659135453411199,-7.567453094471151,-6.975012682155914,2.051113100160718,-14.821351347177481,41.025760183567485,-5.964486146011278,53.96332426433481,19.08031771719809,7.665553556038054,6.800090418289602,5.911783316692842,6.800091271308654,6.800051654261434,0.002240875778360658,7.691109564928478e-05,4.999990586925342e-05,0.0048691458650226005,0.00013042291202360631,4.999998605516015e-05,0.007164275313153094,0.0001984505169124347,4.9999873253472876e-05,0.00929523855444861,0.0002557800272806031,4.999904570567549e-05,0.010956919732988787,0.00026960915988126,4.999913379510359e-05,0.01241278667753489,0.0002617828257930621,4.999990814758389e-05,0.01402808762303981,0.00025870897200921716,5.0000101119485136e-05,0.01501054199224783,0.00027450546445235865,4.999994634377269e-05,0.015850660596848073,0.00026358745191823815,5.000012678097227e-05,0.017509856970225397,0.0003412067540332432,4.9999902447653464e-05,0.019187517676453766,0.0003931029313702725,4.999906437198777e-05,0.020515749272471413,0.00038992847796041864,4.999915031233916e-05,0.021694210127347603,0.0003663696028401493,4.999993427172353e-05,0.0230102188056162,0.0003343909544033581,5.3630926960771555e-05,0.023988087719539856,0.0003710656335616215,4.999997859844027e-05,0.02471549457356451,0.00032799661037430724,5.0529126546345224e-05,0.04201228546421834,0.0012493903859766933,5.183932492586278e-05,0.8195076706371299,0.007896144072878917,9.501256187797192e-05,0.8206702834371699,0.007207358443993211,9.478496989459697e-05,0.8394628244056556,0.0010799551016608482,5.135294033608917e-05
6.89661,2.911603358158124,-1.2709146838354726,1.491203379705944,0.4569476618631991,-0.27922194215206914,-0.6254053691698864,-0.5675447269573745,-1.4787502999206177,-8.337834936499931,0.7516503494384884,-6.533663805498385,-6.609486125830079,2.1979640821621493,-7.215162739185654,37.89248690772351,-8.43964171545522,191.76303920855474,142.9779469785082,24.638135589364218,6.800090752493429,2.7758870907133666,6.8000918307976885,6.800071121658978,0.0021648857609835185,7.599001737713926e-05,4.999990090746229e-05,0.004740454268210325,0.0001286915968122756,4.999998680028613e-05,0.00696898303034421,0.0001952922828088832,4.999988945899992e-05,0.009042586919006652,0.00025265163544195747,4.999868627124147e-05,0.010689174325075296,0.0002677454079134903,4.99988711264053e-05,0.012151075069100426,0.0002617116084344621,4.9999914274609464e-05,0.013765540923004811,0.00026254670003499894,5.000009963193468e-05,0.014738055774722873,0.0002724862175249574,4.999993996897409e-05,0.015591666669428272,0.00025899392741980247,5.000012853812597e-05,0.017177760212196472,0.00033209675802892456,4.999991890427914e-05,0.01880346435062943,0.0003840533258243366,4.999870370083973e-05,0.020130414332153387,0.00038533494031802335,4.9998886908541954e-05,0.021328079727101764,0.0003661304002458417,4.999994130077601e-05,0.022668940395951322,0.00034127840966487823,5.378035076113891e-05,0.023627125842030784,0.0003609618775090708,4.9999967295853706e-05,0.024394956471577654,0.000320538101986856,5.0505359619956195e-05,0.04089189494613853,0.0011203905180798127,5.1479856650161004e-05,0.8087423354473778,0.01076533518975212,9.725254582373212e-05,0.8113665180453756,0.00930376539179424,9.680151399483305e-05,0.8384271971633297,0.001035627242325895,5.1244312177128595e-05
6.91577,2.881806977041012,-1.4237221327418115,1.5041152278858738,0.42518240468991053,-0.34215592154174096,-0.6146042200699672,-0.5695748586723862,-1.6169730291473876,-7.611918814174693,0.5899699613758925,-2.8600099182101615,-3.8704208039520656,2.66996318562319,-4.2144668933390435,41.28341660218228,-10.255330012639998,110.7408686380595,83.00654399259673,13.593944919408376,6.800090811520233,4.5048702155247335,6.800092296134189,6.800080838578847,0.0020898380045734745,7.504775641004373e-05,4.999989608174895e-05,0.004613359112185789,0.00012709515602453582,4.999998741093898e-05,0.006776722061094099,0.00019226096925011106,4.9999902136618765e-05,0.008793022546456069,0.00024956437255058443,4.999815936588648e-05,0.010423259654621748,0.0002659146704535497,4.9998535418232846e-05,0.011889496969175968,0.0002615780999244574,4.999991972607427e-05,0.013499534641647087,0.00026600628135772537,5.000009763162002e-05,0.01446716254744137,0.0002708932272815026,4.999993402634597e-05,0.015336690703679974,0.0002549759657482968,5.000013003318681e-05,0.01685392483152501,0.0003238353806714648,4.999993185201454e-05,0.01842740472187209,0.00037605962875734105,4.999817582882577e-05,0.019749150453138006,0.00038126387901538165,4.999855063423888e-05,0.020962150987853152,0.0003659287392486121,4.9999947684466356e-05,0.022320922461838325,0.00034801793411299735,5.3929311127714126e-05,0.023272936973307144,0.00035418886872363867,4.999995822969939e-05,0.02408084997813229,0.0003141064934453644,5.048530371330373e-05,0.03987245804804821,0.001019436898090321,5.1225552924660733e-05,0.7937673872754453,0.0149749481719325,9.856484213423347e-05,0.7993813871279196,0.011985130917456042,9.805026112051381e-05,0.8374306985287225,0.0009964986346070793,5.1152177596321656e-05
6.93493,2.8499880849339165,-1.561976880567876,1.5135877739058081,0.41609633789138517,-0.38245284306207594,-0.6075154735944922,-0.5581425896030459,-1.697710655905192,-6.821041779126219,0.3935059653845429,-0.7385186014635868,-2.280243081136957,2.930385886488158,-2.959113322827351,44.36007146050305,-11.95350186917803,28.15485372707091,17.484247809128302,2.90185700703165,6.800090788829356,6.307978957162933,6.800092669600404,6.800085203855874,0.002015751221854744,7.408678271873055e-05,4.99998914795317e-05,0.004487741441377744,0.00012561767080804557,4.999998790597542e-05,0.006587336421927833,0.00018938563916626677,4.999991216784312e-05,0.008546454728709126,0.00024656781774694123,4.999738163838641e-05,0.010159095537854962,0.00026416411676678537,4.999812066664807e-05,0.011628102801777477,0.00026139416739849196,4.9999924546852644e-05,0.013230534113582267,0.00026900052806481955,5.0000095150708665e-05,0.01419745950600366,0.0002697030414377095,4.9999928561313e-05,0.01508523747367642,0.0002514532300035521,5.00001312664697e-05,0.01653746284750103,0.0003164619840239785,4.9999942178041965e-05,0.018058327712637955,0.0003690770092341342,4.9997397337691635e-05,0.01937139288385062,0.0003777575692873881,4.99981354537309e-05,0.020596382988080333,0.0003657679997728197,4.999995345457729e-05,0.021966432205782867,0.00035449025605545527,5.4074904247565786e-05,0.022923004833299437,0.00034993214000770927,4.9999950782720614e-05,0.023772296618059786,0.0003085533600725032,5.046831426800255e-05,0.03893298632766234,0.0009394717203858688,5.104102735051557e-05,0.7725753777362567,0.021192009539188518,9.928301163718445e-05,0.784081912231138,0.01529947489678163,9.879790665764794e-05,0.8364685361360703,0.0009621623926522934,5.107423042253757e-05
6.95408,2.8168916088164844,-1.6845089688623285,1.5189805850896696,0.4176505456459126,-0.4125996845199921,-0.6022106340209542,-0.5409957582501725,-1.75439915128051,-5.971224475260759,0.16450965415767166,-0.1991488237036648,-1.9452928467465889,2.985977507888372,-2.2775887683685694,44.404674477028635,-13.481419647574606,24.521353515135914,16.60089927033416,2.4871718060432486,6.80009060660681,6.369992432632003,6.800092959300956,6.800087742252766,0.0019426401792495475,7.311104260519612e-05,4.999988712945255e-05,0.004363465377624761,0.0001242760637529831,4.999998828172065e-05,0.006400620441910722,0.00018671598001711117,4.999992006959873e-05,0.008302755002091418,0.00024369972661770765,4.999625447760665e-05,0.009896562834500553,0.0002625327033544097,4.999763546389634e-05,0.011366867386515678,0.0002612354152617984,4.999992866747471e-05,0.012958985369569334,0.000271548744012933,5.000009228274492e-05,0.013928535592221791,0.0002689239137818691,4.999992356833457e-05,0.014836731546998346,0.000248505926678075,5.0000132360968556e-05,0.016227367530879007,0.0003100953166220223,4.999995040889929e-05,0.01769525502696947,0.00036307268566848546,4.999626955587186e-05,0.018996534814579406,0.0003748580692712116,4.999764993659746e-05,0.02023058023928513,0.0003658027487951969,4.999995853373362e-05,0.02160573588471286,0.000360696321070009,5.421682697755558e-05,0.02257537639136389,0.0003476284419355458,4.999994455691796e-05,0.02346837584771867,0.0003039207703411146,5.0454373700911065e-05,0.038056638869094224,0.0008763474585681143,5.090594789715818e-05,0.7423692289971993,0.030206148739057526,9.965082497879606e-05,0.7649038092462205,0.01917810298491752,9.923512141379431e-05,0.8355354175599071,0.0009331185761631789,5.101041862230932e-05
6.97324,2.7828518289438815,-1.7907499159916305,1.5197032131804769,0.4228550743073029,-0.4388471977108603,-0.597301851572346,-0.5213844589785452,-1.7980315053936582,-5.120552699930307,-0.09375737111936033,0.27061305551059156,-1.627265147620392,3.0336248981849314,-2.1689524669757088,43.48567364928592,-14.745565988096992,44.33267314979688,36.961983177751954,5.2115940896209,6.800090219381202,5.892244349589169,6.8000931725234075,6.800089339985101,0.0018705152586336075,7.212492061593993e-05,4.9999883009122235e-05,0.004240380467505605,0.00012308491011915645,4.999998853453393e-05,0.00621633108099496,0.00018428936091576155,4.9999926243608404e-05,0.008061761648468245,0.00024099335362317415,4.999470521249539e-05,0.009635504001351726,0.0002610588331488279,4.999710000010014e-05,0.011105686395779484,0.0002611809907361962,4.999993204285999e-05,0.012685257890748985,0.00027372747882034907,5.000008914225212e-05,0.01365995375730049,0.00026858183492130006,4.9999918997603053e-05,0.014590527194307572,0.0002462043526907725,5.000013342985605e-05,0.01592255091410992,0.00030481661676908813,4.999995695920128e-05,0.017337219031031654,0.0003580359959378171,4.999471974911942e-05,0.018623913977583628,0.0003726208369957783,4.99971142567531e-05,0.019864381883441872,0.0003661983558432617,4.999996287236285e-05,0.021239031762042056,0.0003667041226708039,5.435636255947415e-05,0.02222847006370275,0.00034690632766114086,4.9999939263315474e-05,0.02316812721407636,0.0003002486336423113,5.044347454432984e-05,0.03722978955290345,0.0008268493161907798,5.080657052560078e-05,0.6997689246748764,0.04260030432232281,9.982909410140617e-05,0.741444264734179,0.02345954451204147,9.94907963935129e-05,0.8346257296616935,0.0009096878982137172,5.096035729265261e-05
6.9924,2.7480183355704386,-1.8808614969709585,1.5152368837579888,0.4336751489693502,-0.4598114028308686,-0.5926394568445789,-0.4992818170235498,-1.8395826859263311,-4.2874864599375915,-0.3762419731365615,1.1199054828876192,-0.9191749246908586,3.1334647472263417,-2.9387197504167863,42.256838390411716,-15.467433969644695,70.24823714459396,65.51110426939941,8.995439071492491,6.80008957207914,5.2427151007810435,6.800093316866316,6.800090354103885,0.001799382838202146,7.113242043146183e-05,4.999987906476454e-05,0.004118330799586097,0.00012204966791950715,4.999998866427371e-05,0.006034206191715425,0.00018212488927953524,4.999993101626735e-05,0.007823285466756863,0.0002384761817113823,4.9992805055822745e-05,0.009375726798061786,0.00025977720328994016,4.9996534474536176e-05,0.010844391478170654,0.00026129491760882787,4.9999934666882465e-05,0.012409621431221981,0.0002756364595270045,5.000008583931503e-05,0.013391244523808868,0.0002687092334916235,4.9999914774061534e-05,0.014345945688687224,0.00024458150562034844,5.000013454899677e-05,0.015621897275682391,0.00030065363842753074,4.999996216878761e-05,0.016983249159536362,0.0003539698714952925,4.999281907635123e-05,0.01825280729781349,0.0003711066797701414,4.9996548602621305e-05,0.0194972944950349,0.0003670873884069731,4.999996646123445e-05,0.020866419778972082,0.0003726119830699757,5.449562111892344e-05,0.0218809425721276,0.00034752749157515177,4.999993467779042e-05,0.02287058371720325,0.0002975434968731082,5.0435532316993945e-05,0.03644141447832107,0.0007883750745823808,5.073330339465923e-05,0.6419622209388453,0.05780670373603124,9.991167084527987e-05,0.7134620365281572,0.027982228206021757,9.964449896954228e-05,0.8337338318921885,0.0008918977695049663,5.092319367643265e-05
7.01156,2.7122805865758517,-1.9552388441767523,1.5052051935270174,0.4550495704962526,-0.47177314779309676,-0.5878585109398398,-0.4741168999863362,-1.8958804963872309,-3.477961333207534,-0.6725555858299938,2.465669038401136,0.3358381573561167,3.3057926882583617,-4.986835846058517,42.93797169903732,-15.599225440158753,43.0687376124894,49.13773593038722,6.08021784886588,6.800088615087147,5.771465069475425,6.800093396111691,6.800090984790876,0.0017292458445724891,7.013699362965672e-05,4.99998752178064e-05,0.0039971575710003905,0.00012117322858570622,4.999998866996622e-05,0.005853974942704926,0.00018023124901049844,4.999993463334718e-05,0.007587115904699099,0.000236169562057764,4.999093838776172e-05,0.009117010456198721,0.00025871634186306605,4.999594433346754e-05,0.010582756649496107,0.00026163482867454886,4.999993653990017e-05,0.012132228400105943,0.0002773930311160381,5.0000082472696704e-05,0.013121898771107365,0.00026934575270150225,4.999991080347789e-05,0.014102278718272606,0.00024366697041461777,5.000013578284264e-05,0.015324283813571702,0.00029761346211068865,4.999996629656918e-05,0.016632362542919686,0.0003508866166166759,4.999095193458213e-05,0.0178824301354429,0.0003703771623705884,4.9995958413502334e-05,0.019128703271172325,0.00036859122386257337,4.999996929877845e-05,0.02048787431908771,0.0003785454598843704,5.4637507961859884e-05,0.02153158692201443,0.0003493556501131709,4.999993061219614e-05,0.022574768647860007,0.0002958150693432437,5.043049843731997e-05,0.03568244390220186,0.0007589705761192053,5.067965556509012e-05,0.5692125136536221,0.07274970728522302,9.994789391149194e-05,0.6807594436906583,0.03270259283749896,9.974213444286948e-05,0.8328540958528803,0.0008797360393082309,5.0898208423289776e-05
7.03071,2.675120461450708,-2.013980917068529,1.4894448846936958,0.48745040121233213,-0.4740884663692317,-0.5816599833721815,-0.4464396379151543,-1.9914145939210994,-2.65538756041241,-0.9713939616371293,3.290747927449427,1.2771824088773258,3.422272986173086,-7.941984235468686,44.3213058590416,-14.986486972187484,-4.723160967741458,11.132985175293285,0.23865983883291575,6.800087351195567,6.79970541785983,6.800093410078806,6.800091356770538,0.0016601041432889858,6.91417012835031e-05,4.99998713577295e-05,0.003876693141993406,0.00012046442900698458,4.999998854445298e-05,0.005675357940822775,0.00017861700188215098,4.999993725690971e-05,0.007353026581428192,0.00023408932327090588,4.998975338429454e-05,0.008859112036017445,0.00025789842018127644,4.9995310031074637e-05,0.010320487305367243,0.00026226934412886384,4.999993763331598e-05,0.011853085862994526,0.00027914253711141813,5.0000079131353206e-05,0.0128513542996734,0.0002705444714339664,4.999990696452435e-05,0.013858749238862322,0.00024352947941028426,5.000013722187004e-05,0.015028560558124583,0.00029572325544711974,4.999996951867371e-05,0.016283554235959823,0.00034880830695986013,4.99897666456292e-05,0.01751193473220571,0.00037049540323719286,4.9995324138393065e-05,0.018757838833299154,0.0003708644378731715,4.9999971357298836e-05,0.020103199824179973,0.00038467449490773935,5.478618393614787e-05,0.02117924420332273,0.0003523427186917012,4.9999926886163816e-05,0.02227964669540703,0.00029512195245297643,5.042849349753204e-05,0.03494509528199985,0.0007373486202020201,5.06415057127209e-05,0.4869749180753574,0.08223759557826472,9.996139121843425e-05,0.642982376744462,0.037777066946196265,9.980912874175718e-05,0.8319806677658635,0.0008734280870166918,5.088538397413233e-05
7.04987,2.635599312314313,-2.056706489541968,1.4680509278945388,0.5239937428874061,-0.47157914833377684,-0.5728785417101255,-0.4181606082687513,-2.1435612295805417,-1.8063128991494544,-1.258493948941225,3.200265117409267,1.490459870661076,3.4268450541184348,-10.664644328662341,43.883557593903376,-13.659342699599513,-5.464083082428127,10.802212538071174,0.2646103114425724,6.800085927407373,6.8000089161389035,6.800093362943569,6.800091564131903,0.0015919548901543862,6.814925313459964e-05,4.999986733705643e-05,0.003756752916457741,0.00011994022553566472,4.999998827236326e-05,0.005498063450378389,0.00017729449044438588,4.999993897785633e-05,0.007120781442176888,0.000232245139251305,4.9989665645202897e-05,0.008601772197411938,0.00025733983860550485,4.999458455230134e-05,0.010057202763090389,0.00026328454227685376,4.999993787508234e-05,0.011572025278085537,0.00028106058490898986,5.000007589278078e-05,0.012578980453788153,0.00027237384588524603,4.999990310277044e-05,0.013614456607661458,0.0002442926312008624,5.0000138997981164e-05,0.014733511828862402,0.00029504872926218185,4.999997194242078e-05,0.015935787294003148,0.00034776694195667716,4.998967896420121e-05,0.017140406926258595,0.0003715278059471129,4.999459875638703e-05,0.018383722986131956,0.00037411584716719865,4.999997256956009e-05,0.01971197843064703,0.00039122139353294487,5.494734655937988e-05,0.020822729463961152,0.00035651473936157744,4.9999923308669775e-05,0.021984058720537793,0.00029558797486923876,5.042985656851302e-05,0.03422230871823076,0.0007227865637690878,5.061643386098002e-05,0.4040362441800855,0.0829386738952719,9.996220912327802e-05,0.5994003900335424,0.04358198671091959,9.98589996382124e-05,0.8311071188402449,0.0008735489256185455,5.088562917954524e-05
7.06903,2.59265753575973,-2.0832424898355866,1.4413888078633286,0.5601049879306844,-0.4676976695062945,-0.5613586026047999,-0.3904129412706256,-2.3478665652501953,-0.9656242940447439,-1.5201694919097117,3.0955882717612533,1.6974006359179319,3.431914261945238,-13.15184995020044,43.32127550198306,-11.966933092887718,-6.173587911238409,10.433958797826978,0.2874856474391053,6.800084935165595,6.800058235667799,6.800093273908951,6.800091646876559,0.001524793274266901,6.716161588748515e-05,4.999986299097947e-05,0.003637140358292421,0.00011961255816532008,4.9999987836887255e-05,0.00532179738727957,0.00017626606309881947,4.999993986333293e-05,0.0068901416387546766,0.00023063980342221142,4.999050442305707e-05,0.008344721040446784,0.00025705115696515594,4.99937010001707e-05,0.009792449115581548,0.0002647536475088422,4.9999937185350545e-05,0.01128870279067475,0.00028332248741078634,5.000007281149727e-05,0.01230407251263158,0.0002749079411565717,4.9999899049502726e-05,0.013368376519099398,0.0002460800885620595,5.000014123379149e-05,0.014437864750791863,0.00029564707807053984,4.9999973651463274e-05,0.015587983946765737,0.00034780334723741194,4.9990518126541814e-05,0.016766863753298996,0.00037354317295960014,4.999371536168396e-05,0.01800518438618465,0.0003785385999473042,4.9999972859311434e-05,0.01931355279687741,0.0003984256337696202,5.512746776604767e-05,0.020460787604641595,0.0003619418593195584,4.999991968887532e-05,0.02168671661592466,0.0002973421046131328,5.0434980970439033e-05,0.03350755723732943,0.0007147514809013346,5.060281555496799e-05,0.3278164438399751,0.07621980034011036,9.995341708311748e-05,0.5487473818225728,0.05065300821096959,9.98981715308872e-05,0.8302263804543061,0.000880738385938842,5.090025600856602e-05
7.08819,2.5453373637355994,-2.093772762032347,1.4100136112801596,0.5955848432300894,-0.4626421923624828,-0.5470592227792822,-0.36327889493642157,-2.599819939028545,-0.13570747166344513,-1.7494231085453613,2.977319259535331,1.897286669512524,3.437421698470092,-15.348981689052703,42.64722019067707,-9.945781946005924,-6.858817595402661,10.021048457129677,0.3056220726483532,6.800084961705295,6.800073428689996,6.800093174179853,6.80009162242354,0.001458613550647007,6.617972361989398e-05,4.99998581601129e-05,0.0035176568229457563,0.00011948353534666447,4.999998722185898e-05,0.005146276271027844,0.00017552111625172576,4.999993996795209e-05,0.006660871421394662,0.0002292702173600149,4.9991817365391675e-05,0.00808768436500235,0.0002570366754444324,4.999260232957706e-05,0.009525725005051234,0.0002667241105303122,4.999993548189493e-05,0.011002624748685626,0.000286078041989124,5.000006991427287e-05,0.012025854776481269,0.00027821773615031213,4.999989464404846e-05,0.013119378430587704,0.00024899808851169516,5.000014402306043e-05,0.014140307200875338,0.00029755754991652383,4.9999974716024595e-05,0.015239016506703465,0.00034896744006227156,4.999183165940837e-05,0.016390252190919236,0.00037661156237976033,4.999261689778438e-05,0.01762090393830123,0.0003842804478834233,4.999997214306747e-05,0.018907041007645852,0.0004065117892315567,5.533306348129024e-05,0.0200920739220276,0.00036871368261399425,4.9999915853686455e-05,0.021386216853553304,0.0003004997623713546,5.044427468960386e-05,0.032794746604287266,0.0007128106330421631,5.059955281805981e-05,0.26211106964662373,0.06570537419335136,9.993387381082627e-05,0.4893001192736866,0.05944726254888615,9.992878569776012e-05,0.829330725915847,0.0008956545384590884,5.0930983102424956e-05
7.10734,2.4927776362798832,-2.0885245932413437,1.3746080078857466,0.6302315109742815,-0.4566166054797694,-0.5299648500177838,-0.3368252182443316,-2.8938643309021,0.681296299668775,-1.939957012570156,2.845923125924054,2.0892624734587715,3.4432765791596114,-17.207547548681266,41.87633421326533,-7.639635865748882,-7.517813557747638,9.563556368066463,0.3185401981727811,6.800085873862679,6.800079226920883,6.80009310103714,6.800091493437449,0.001393409968358644,6.520358228836301e-05,4.999985269373846e-05,0.0033981070805725448,0.0001195497423732114,4.999998640834802e-05,0.004971233463178952,0.00017504280784889253,4.999993932167464e-05,0.006432742407028195,0.00022812901436646641,4.999324246706136e-05,0.007830389553909719,0.00025729481109263135,4.999132646470905e-05,0.009256498018356202,0.0002692269866950315,4.9999932653772504e-05,0.01071317169672163,0.00028945305196399545,5.000006720612732e-05,0.011743483293033619,0.0002823714834476509,4.9999889736703286e-05,0.012866216854106239,0.00025316157648146685,5.000014745110758e-05,0.013839479048879366,0.0003008281519959728,4.99999751823543e-05,0.014887695772825971,0.00035132073387749465,4.9993257471856824e-05,0.016009446524873547,0.0003808056660456868,4.999134128814873e-05,0.01722943499082707,0.0003914689474741553,4.999997030391033e-05,0.018491350591225326,0.0004156904164205239,5.5570763379721e-05,0.019715139910756213,0.0003769340112713856,4.999991164803233e-05,0.021081024881585506,0.00030519197196779516,5.045826190566567e-05,0.0320780204852012,0.0007167261190860659,5.060616007751861e-05,0.20781568935165132,0.054295380294972405,9.989855611545738e-05,0.4196382138545894,0.06966190541909727,9.995084362403707e-05,0.8284115462780105,0.0009191796378364977,5.098048845056253e-05
7.1265,2.4342327541856883,-2.0677636215089037,1.3359674982368486,0.6638415588756112,-0.4498288441073612,-0.5100860139337564,-0.311103045892174,-3.2235137472015567,1.483532009964506,-2.0863114827094824,2.701902437086871,2.2724739837312895,3.4493789357039417,-18.686276965962662,41.02572120323326,-5.098640253797403,-8.14764175359225,9.062456952317698,0.32595337247886913,6.800086957499592,6.8000810397282345,6.800093077089448,6.800091248616378,0.0013291775864578048,6.423238190083918e-05,4.999984645292494e-05,0.003278304856758913,0.00011980222381363228,4.99999853737867e-05,0.0047964247233268035,0.000174808739852148,4.9999937932876975e-05,0.006205537217144663,0.00022720518988353188,4.999458345082291e-05,0.007572570556828788,0.0002578189970809314,4.999020124578337e-05,0.008984221674736443,0.0002722763436197601,4.999992854919877e-05,0.010419622171278448,0.00029354952544318353,5.0000064675129905e-05,0.011456048270232368,0.00028743502280125036,4.999988419169255e-05,0.012607516588153771,0.00025870026595246784,5.0000151595935806e-05,0.013533959147158778,0.00030551990172058847,4.999997507653542e-05,0.014532757251154443,0.0003549385216715267,4.999459926398986e-05,0.015623243615055784,0.00038620290981776555,4.9990216435816346e-05,0.01682922472610558,0.00040021026472149317,4.999996717836746e-05,0.0180651937548268,0.0004261568363985257,5.584733213012964e-05,0.01932842290811529,0.00038671700264092493,4.9999906936234595e-05,0.0207694518248054,0.0003115730567801116,5.047762800658743e-05,0.03135158957538559,0.000726430909815604,5.062268468960397e-05,0.16425441344918962,0.04356127590246171,9.983697369544389e-05,0.3409659087235243,0.07867230513106512,9.996361217120884e-05,0.8274590302760124,0.0009525160019980419,5.105282738879849e-05
7.14566,2.369089181560725,-2.0317879450537117,1.2949831551363613,0.6962117903435282,-0.4424884676144132,-0.4874597637624131,-0.28614773824143025,-3.5814915634599607,2.269472307944187,-2.183987446052326,2.5458159674321874,2.4460858035515654,3.455623308336039,-19.752076692099415,40.11431004299801,-2.3783052780557727,-8.745145681444933,8.51914390031767,0.3276934217050557,6.800087646595049,6.800079957399624,6.800093089192087,6.800090860167596,0.0012659129779639077,6.326460849389698e-05,4.999983931576529e-05,0.003158078450841364,0.00012022640591754881,4.999998409105563e-05,0.004621633050791601,0.00017479167253520278,4.999993579029343e-05,0.005979053142736354,0.00022648407440830883,4.999575324871203e-05,0.007313972246143338,0.0002585983106854502,4.99899853826663e-05,0.008708352867905122,0.00027586880683132,4.9999922960057184e-05,0.010121176633407801,0.0002984455378706468,5.000006229651056e-05,0.011162576587180385,0.00029347168305198526,4.9999877892383273e-05,0.012341751716395823,0.00026576487175794837,5.0000156527665804e-05,0.013222247785639308,0.0003117113615194695,4.999997440741847e-05,0.014172845740647214,0.00035991151050722924,4.999576998445766e-05,0.015230356506077961,0.00039288710897782304,4.9990001245375196e-05,0.016418638044841297,0.0004105866812642801,4.9999962540604635e-05,0.01762710475139427,0.0004380890034325272,5.61696553404136e-05,0.018930239315692536,0.00039818359242275065,4.9999901606350546e-05,0.02044962263707103,0.0003198291877343704,5.0503276443224195e-05,0.03060957529603848,0.000742014279347112,5.0649679953004175e-05,0.13005501564397073,0.034199397805218884,9.972958147713762e-05,0.2605642561088446,0.08040165261467967,9.996558533637667e-05,0.8264617193372379,0.000997310938774501,5.1154065760895324e-05
7.16481,2.2968791184232784,-1.9809214984988988,1.2526222018737658,0.7271412804949418,-0.43480412084450637,-0.4621498199510073,-0.26197886994881253,-3.9598871793274686,3.037952467799572,-2.2295492522582943,2.3782829612797234,2.6092892354273656,3.4619010155389183,-20.38082408760391,39.16245099583353,0.46166734797454134,-9.307075381670796,7.9353989829701845,0.32370625072648207,6.800087693698197,6.800074626791395,6.80009309497883,6.800090295819773,0.0012036148242602952,6.22981537036126e-05,4.9999831187100166e-05,0.0030372764299225435,0.00012080202091882043,4.999998252745859e-05,0.004446672760058613,0.0001749602907329884,4.9999932864104215e-05,0.0057531059670032445,0.00022594717573310946,4.999672314873171e-05,0.007054357227843615,0.0002596150182997227,4.999125812603874e-05,0.008428369630872028,0.00027998323703309447,4.999991560041458e-05,0.009816982523565497,0.000304194109842304,5.0000060036170604e-05,0.0108620351284566,0.00030054145872378203,4.9999870751085934e-05,0.012067217930677783,0.00027453378571804123,5.0000162305579095e-05,0.012902744160171552,0.00031950362546775637,4.999997316893248e-05,0.013806498718455415,0.0003663470221917981,4.999674095772989e-05,0.014829409982833426,0.00040094652324453516,4.999127513102902e-05,0.015995985346489855,0.00042265269835144273,4.999995608158281e-05,0.01717546145601783,0.0004516432953764409,5.654463908480664e-05,0.018518782103962413,0.000411457211730121,4.9999895579645864e-05,0.020119434258971995,0.00033018837809903437,5.053640400277237e-05,0.029845860981849635,0.0007637143141888431,5.068822174908205e-05,0.1036162445170107,0.026438771126960036,9.954168754165572e-05,0.19035301810791594,0.07021123800092866,9.995176516719438e-05,0.8254058877601885,0.0010558315770493904,5.1293285055856386e-05
7.18397,2.2172910213552823,-1.9155068320522093,1.2099068330567533,0.7564334814263497,-0.42698095936745106,-0.4342464161111277,-0.2386003931330273,-4.350327870842246,3.7881976189525597,-2.2207049720752075,2.199984923262217,2.7613097157101527,3.4681023394813675,-20.557971779948957,38.19146437919131,3.3586693645313304,-9.829955947670646,7.313557731627447,0.314076191407907,6.800086921267531,6.800057509948562,6.800093045021342,6.800089548783204,0.0011422844045905704,6.133041966972468e-05,4.999982201563184e-05,0.002915773306650459,0.00012150312327208508,4.999998064349356e-05,0.004271392715788994,0.00017528004426961945,4.9999929106402105e-05,0.005527533994583752,0.00022557197241949333,4.9997496974255425e-05,0.006793516776503808,0.00026084045133980714,4.9993444642673626e-05,0.008143788958082335,0.0002845806727896936,4.999990607499747e-05,0.009506161911778584,0.00031082061178691297,5.0000057853887516e-05,0.010553336113179964,0.0003086990152766382,4.9999862726314243e-05,0.011781997473633982,0.0002852204570438004,5.000016897176812e-05,0.012573718382371004,0.0003290257778005482,4.999997134194564e-05,0.013432129616134604,0.0003743691023208113,4.9997516055151095e-05,0.01441894109532601,0.0004104688875074158,4.9993463109295094e-05,0.015559554984111728,0.0004364303623781262,4.999994737947171e-05,0.016708514536384476,0.0004669469196333556,5.69789579330952e-05,0.018092124434424216,0.00042665766953819544,4.9999888827977595e-05,0.019776501581526048,0.0003429326774459468,5.0578603810182195e-05,0.02905394551067741,0.0007919154711722215,5.073996498872852e-05,0.08336811052410915,0.020248133992901526,9.921420983412816e-05,0.137644461316036,0.052708556791879926,9.990671494257071e-05,0.8242746661178539,0.0011312216423344811,5.14842335676267e-05
7.20313,2.130176714991897,-1.8358974507874593,1.1678917298253289,0.783898371152785,-0.4192180582037122,-0.40386580545128065,-0.2160009788800188,-4.744162226283573,4.519841329632688,-2.1563620787937374,2.011669927692303,2.901417423126491,3.4741191778994085,-20.27892228573952,37.22310981023249,6.2485437946732665,-10.308521801318822,6.658016731559841,0.29924674140692503,6.800084845202459,6.799977512718235,6.800092884028607,6.800088654079275,0.0010819259874904918,6.035841710007879e-05,4.999981182179918e-05,0.0027934749969792043,0.0001222983096712543,4.999997839128798e-05,0.004095678636741426,0.00017571407904756707,4.999992445128945e-05,0.005302202362012709,0.00022533163257104316,4.99980968333491e-05,0.006531279703859089,0.00026223707264471773,4.9995501532075606e-05,0.007854184175658186,0.00028960478242414853,4.9999893830998644e-05,0.009187843534888017,0.0003183183768905662,5.00000557066444e-05,0.010235346289892854,0.0003179898232871092,4.999985385081139e-05,0.011483915764482013,0.0002980817091519697,5.0000176539992256e-05,0.012233277886136339,0.0003404404962346648,4.9999968895773264e-05,0.013048013584340112,0.00038411603179449276,4.999811744223922e-05,0.013997401564938514,0.00042153953038749626,4.9995521597498766e-05,0.015107649583206104,0.00045190540090562484,4.9999935854987174e-05,0.016224429091318084,0.0004840854450663896,5.747856905836617e-05,0.01764823270099036,0.00044389173343385724,4.999988140237373e-05,0.01941808803513585,0.0003584135463901996,5.063200968611945e-05,0.028226796496799923,0.000827149013877491,5.080723896272478e-05,0.06791799599314548,0.015450114530963682,9.865112751890444e-05,0.10139540256097983,0.03624905875505619,9.979187533952365e-05,0.823046773401962,0.0012278927158920299,5.174812633425374e-05
7.22229,2.0355549141023883,-1.7424498942699864,1.1276407548207332,0.8093547353558425,-0.4117056774864556,-0.37114932000215994,-0.1941545193471425,-5.132650758758289,5.232934022654716,-2.0366571174209303,1.8141869229177265,3.0289667629183152,3.479851924727812,-15.053953284183368,27.61214861525632,5.437602937451327,255.50012389139258,255.06271786157055,37.324505800721845,6.800077255268709,0.5836250877507476,6.8000925183566885,6.800088125893286,0.0010225471329903943,5.937885450009771e-05,4.9999800739590404e-05,0.002670323736058966,0.00012315126092023849,4.999997571251146e-05,0.003919454371726159,0.0001762242650152672,4.999991881495084e-05,0.005077007798654297,0.00022519456335841147,4.9998552781551684e-05,0.0062675181131247705,0.0002637615907343195,4.999699433768242e-05,0.007559201188503625,0.0002949829871545609,4.999987808177538e-05,0.008861201128826738,0.0003266424060612797,5.00000535525906e-05,0.0099069030563373,0.00032844323355555623,4.999984427339155e-05,0.011170488617037231,0.0003134271474447803,5.0000184977913035e-05,0.01187932907612618,0.00035394881001015984,4.9999965789359206e-05,0.012652281961374929,0.0003957316229651835,4.999857524281748e-05,0.013563166839223989,0.00043423472571452437,4.9997016171333515e-05,0.014638623000804726,0.0004690265824013765,4.999992070022693e-05,0.01572134528956537,0.0005030838017527171,5.80478940382691e-05,0.01718499439577411,0.0004632383052162506,4.9999873475877464e-05,0.019041016309727127,0.00037707172540872065,5.0699502332987906e-05,0.02735670306301099,0.000870093433788933,5.089318120710749e-05,0.056114041524312645,0.011803954468832837,9.770514785017507e-05,0.07708790295905922,0.024307499601920593,9.952621636055089e-05,0.8216946328508535,0.0013521405511083837,5.2118553537276736e-05
7.24144,1.9344377245245241,-1.6370771713071968,1.0894947015566,0.8503714526393471,-0.380854263962509,-0.3206483153984542,-0.1703147876248821,-5.421043215561969,5.761907058936732,-1.9324875587242052,6.708868542535926,7.915268882668287,4.194887086831233,-16.169677059691004,29.585464966129024,15.041705221011911,51.10231514682168,108.82001396229758,15.111084158709938,6.80002639566939,4.778498190758493,6.80009176124821,6.800086678403138,0.0009641593906429424,5.838774234745174e-05,4.9999789172705524e-05,0.002546326472414371,0.00012399726364459486,4.999997256899468e-05,0.0037427048215190315,0.00017674955020712714,4.9999912201605403e-05,0.0048518801829072495,0.00022512761574704728,4.999889392065008e-05,0.006002145920863228,0.0002653721922615424,4.999796677658656e-05,0.007258632773286276,0.00030056841521734854,4.999985793667545e-05,0.008525587892816794,0.00033561323600994516,5.000005134579172e-05,0.00956686524795607,0.00034003780838122953,4.9999834416135e-05,0.010839103840789671,0.00033138477624756,5.0000193945261024e-05,0.01150968946376809,0.00036963961235808926,4.999996206950449e-05,0.01224292594109576,0.00040935602027916755,4.999891863954426e-05,0.013114540415087405,0.000448626424136584,4.999799066353066e-05,0.014151115070204784,0.00048750793059994414,4.9999901012435546e-05,0.01519760964285153,0.0005237356467138385,5.868408844590366e-05,0.016700323989472705,0.00048467040630140336,4.9999865502357975e-05,0.018641818327151196,0.0003991979825759306,5.078396652431141e-05,0.02643596323759736,0.0009207398254136264,5.100010270829662e-05,0.047037369149300894,0.009076672375011748,9.617690334675674e-05,0.060556562662457805,0.016531340296601416,9.896997674349348e-05,0.8201834904070346,0.0015111424438188522,5.2643407826344056e-05
7.2606,1.8275281499462395,-1.5211239245078405,1.0550077276101377,0.9052233316462246,-0.31840794566511466,-0.2415955095800901,-0.14429972522690876,-5.730809879835191,6.328683424333431,-1.6443297412184172,7.687848743639114,9.999961892109907,4.484374014499346,-11.563287219586126,22.613234980826835,20.469109859067174,107.92531196739289,0.0008767403550929348,-1.3037567131789576,4.577461380401576,5.594342155666686,6.800090061342273,6.80008050234757,0.0009067775623568022,5.738182828614025e-05,4.999977761004315e-05,0.002421541888713995,0.00012478458370037592,4.999996890273941e-05,0.00356546119279312,0.00017724362872591182,4.999990458990836e-05,0.004626781621952428,0.0002250985609548219,4.9999146622044984e-05,0.00573512618817535,0.0002670197326878776,4.999858864345724e-05,0.006952393451795224,0.0003062393214910523,4.999983202963715e-05,0.008180523405047642,0.0003450644877691519,5.0000049066069386e-05,0.009214114410228165,0.000352750837727905,4.999982478717039e-05,0.010486924110947881,0.0003521797298417911,5.000020302480875e-05,0.011122020366301211,0.0003876690974668785,4.999995776639158e-05,0.011817809517659497,0.00042511642343626377,4.999917410148768e-05,0.012649790213199159,0.00046475020188824434,4.999861498782237e-05,0.01364398484930729,0.0005071302208974931,4.999987543551043e-05,0.01465179815721592,0.0005458114856356101,5.938253754385474e-05,0.016192155494567418,0.0005081684949052882,4.999985803152006e-05,0.018216560920209842,0.00042525740694135346,5.0889600031907746e-05,0.025456679689526928,0.0009792835480704307,5.113119329237922e-05,0.03998014687923889,0.007057222270062004,9.384030127625771e-05,0.04899576875968645,0.011560793902771356,9.790699373020401e-05,0.8184675975545376,0.0017158928524971,5.340194215117028e-05
7.27976,1.7154851595979093,-1.3955399792589,1.027067358105296,0.9528130511374308,-0.2366188607686338,-0.15150036341582301,-0.11493471896526286,-5.952330748608363,6.761890985781855,-1.2521977364616985,9.755401716736339,9.999978688050495,4.459397611657508,-7.217706223200281,16.688029348589286,29.127245137519182,12.767044623723033,-5.2064908602967135,-2.6086643792142152,5.489008105235454,6.800050631833635,6.800084899168324,6.767286726926449,0.0008504192364950663,5.6358325861735834e-05,4.999976663568253e-05,0.0022960712284730545,0.0001254706602409403,4.999996463463732e-05,0.0033877887825798855,0.00017767241021323434,4.9999895938162466e-05,0.004401704143400303,0.0002250774785521246,4.9999333231159104e-05,0.005466479337282289,0.00026864685089306157,4.9998992400424273e-05,0.006640504256381448,0.00031188919541377575,4.999979827152502e-05,0.007825713513564233,0.0003548098914834087,5.000004671605024e-05,0.008847573058395798,0.0003665413518323669,4.999981598970458e-05,0.010110815280940448,0.0003761088300074319,5.000021165078603e-05,0.01071379066354334,0.00040822970275787156,4.999995289009831e-05,0.011374714728504489,0.0004430947891550086,4.999936409156419e-05,0.012167219853515258,0.00048257035968390097,4.999902172672748e-05,0.013116274819540686,0.0005277100297666044,4.999984190567474e-05,0.014082806828587676,0.0005689913286282435,6.013438700727586e-05,0.01565845825316791,0.0005336972413995059,4.9999851720546644e-05,0.017760663503377527,0.00045589741683231365,5.102230772726468e-05,0.02441059781029265,0.0010460818792342804,5.129056946934017e-05,0.0344133320888866,0.005566814790352293,9.051050823535235e-05,0.040660044048159864,0.008335724711526576,9.604670027673655e-05,0.8164844178603424,0.001983179694195152,5.4527961062663704e-05
7.29892,1.5999483577582607,-1.2626748975398578,1.0082769270232017,0.9849425127924943,-0.1399243276585246,-0.06030726555843008,-0.08170613045597806,-6.0906022040128995,7.081587858237818,-0.6941996062324879,9.99998327585584,9.90023660288643,4.409422756873797,-0.3855515073123789,4.34173484760398,13.794613779087186,0.00035108769806702837,5.2068814981423035,-68.6316469123422,2.0808369737739626e-05,6.800079815091465,6.7998345038161805,0.8407203768256218,0.0007951048307732878,5.531440572177858e-05,4.999975700850274e-05,0.0021700730685076555,0.0001259981599653992,4.99999597109773e-05,0.0032097966197759836,0.00017799216280390214,4.999988633014965e-05,0.00417666106733845,0.00022504307606185372,4.9999470951649166e-05,0.005196275291391556,0.00027020404589073356,4.999925935986026e-05,0.006323134154675018,0.00031737010170643053,4.999975392303164e-05,0.007461168001066647,0.0003645455124975857,5.0000044318040986e-05,0.008466271930003042,0.00038130112839275537,4.9999808799730986e-05,0.009707660980852767,0.0004031543000876826,5.000021872313982e-05,0.010282481518477854,0.00043130914506548393,4.999994755248847e-05,0.010911433896170348,0.000463280832334141,4.9999505947177295e-05,0.011665251216354403,0.0005019686371608557,4.999929232008734e-05,0.012567385984369316,0.0005488888351713708,4.999979772286297e-05,0.013490134247163997,0.0005926725814236791,6.091972637812444e-05,0.015097336275303463,0.0005611219778644461,4.9999847416213387e-05,0.01726908288415317,0.0004915806192243585,5.118842877220592e-05,0.023290098308263067,0.0011204995020295848,5.148039779836764e-05,0.029945525637678005,0.004467806451208592,8.617756017072076e-05,0.03445450130390371,0.0062055427442561555,9.310420181715905e-05,0.8141493859438365,0.002335031916505902,5.6230711132909804e-05
7.31807,1.483079325634047,-1.12605920121145,0.9974788345101364,0.9973142154780122,-0.03928255866594579,0.031489500782197165,-0.0532268230955309,-6.0979883134500135,7.164763589944533,-0.42993264038580453,9.999990001733215,9.999986171600224,3.094628636426466,3.6031167712083136,-0.6821949694258553,13.416845472274831,-2.4754948764133826e-05,-2.2205429232765323e-05,-69.81849164370597,1.3961831546774113e-05,6.800070534573406,6.757479719057504,0.5889023926116038,0.0007408576658218537,5.424716495143402e-05,4.999974962890854e-05,0.002043766089757704,0.000126306978749951,4.999995411677759e-05,0.003031641662290213,0.00017815495748577058,4.999987603805662e-05,0.003951688689419308,0.00022497237791914085,4.9999573622319e-05,0.004924618535463652,0.0002716567559279036,4.999943944562754e-05,0.006000608912570152,0.00032252524210486463,4.999969540527657e-05,0.007087224113800054,0.0003739438872665927,5.000004192396088e-05,0.008069452955206977,0.00039681897479606544,4.99998041292741e-05,0.009274843069819613,0.0004328179110331529,5.000022253021737e-05,0.009825935130225706,0.0004565463882521481,4.9999942003077715e-05,0.010425997245328418,0.00048543665084192913,4.9999613654566486e-05,0.011142549664836637,0.0005227015515177651,4.999947682519299e-05,0.01199718507319265,0.0005702009111766663,4.999973935697627e-05,0.012874025502216108,0.0006161087449478897,6.171162468690024e-05,0.014507175242385904,0.0005901610329175592,4.999984612502733e-05,0.01673660448789694,0.0005324783962562285,5.139410389455195e-05,0.022089695773909797,0.00120040253435327,5.1698570609134025e-05,0.026296045142940185,0.0036494804947378215,8.108020932505945e-05,0.0296836520067215,0.004770849297182216,8.895808139101133e-05,0.8113491694463325,0.00280021649750407,5.881868206896331e-05
7.33723,1.3667970301577381,-0.9887782043558333,0.9917279474629083,0.9898575547244252,0.061741811703220864,0.12267639330447716,-0.036384704672583645,-6.0289624782967275,7.151694605370325,-0.1729026792014544,9.999989527496291,9.999985746205102,1.7570978260571517,7.390423338022215,-5.264034550011236,11.331293253354932,-4.650411485870268e-05,0.0003558878368609169,-71.86392337553563,1.4337071709787695e-05,6.800070874283466,6.781327711816583,0.25944899916759334,0.0006877035928949186,5.3154072926935134e-05,4.999974527392011e-05,0.001917407936823269,0.00012635815293443527,4.9999947848191753e-05,0.002853511307356151,0.00017813035493406232,4.9999865424362314e-05,0.00372684793235803,0.00022484075706127844,4.999965129549447e-05,0.004651642635560462,0.0002729758999031902,4.99995641195306e-05,0.005673368617863725,0.00032724029470642703,4.999961756809919e-05,0.006704487214602784,0.0003827368991972696,5.0000039607641964e-05,0.007656677337462164,0.00041277561774481276,4.999980275342444e-05,0.008810631599009388,0.00046421147081022465,5.0000221042199744e-05,0.009342701948439428,0.00048323318178627897,4.999993649584312e-05,0.009917022599798795,0.0005089746455296231,4.9999697413731746e-05,0.010598250580848725,0.000544299083987912,4.9999606837981714e-05,0.011405991415395559,0.0005911936577970914,4.999966169346203e-05,0.012235451582475704,0.0006385739197404038,6.248208649040135e-05,0.01388674462727965,0.0006204306151062542,4.999984874817579e-05,0.016157924269633875,0.0005786802182630674,5.16460191948604e-05,0.02080676831514798,0.0012829274587618175,5.1939431127021356e-05,0.023264637002274362,0.003031408140665822,7.570696887338218e-05,0.025903703330117815,0.0037799486766036824,8.379632301841495e-05,0.8079291281273518,0.003420041318980659,6.270104044079704e-05
7.35639,1.2525421780155401,-0.8526024448003616,0.9905678998387667,0.9634732354829066,0.1600211707164546,0.21239510923170313,-0.03168874094396281,-5.887382236679344,7.0508501409350455,0.04417382146308623,9.999988636604996,9.999992564039971,0.38038215366316686,10.678484069992512,-9.277697109604901,7.974800652806472,-0.0006037437764812086,-0.42554967903738056,-73.05949174994223,0.0719933272484853,6.800010373250918,6.800078578629899,2.2332909686340737e-05,0.0006356703103696845,5.203328252523415e-05,4.999974426725002e-05,0.0017912670589673553,0.00012614087785591357,4.999994088163435e-05,0.002675597128846302,0.00017791417850984841,4.999985480476561e-05,0.0035022151232243963,0.00022463280913363366,4.9999710711237597e-05,0.004377516119925652,0.0002741265156348107,4.9999653068304344e-05,0.005341918225605463,0.00033145039225826234,4.9999512344915645e-05,0.006313780397893181,0.0003907068167096036,5.000003744403717e-05,0.007227940321270963,0.0004287370161912003,4.999980496545937e-05,0.008314512087982126,0.000496119511027262,5.000021232582934e-05,0.008832405337285935,0.0005102966111534921,4.99999311047445e-05,0.009384140346729101,0.0005328822530696933,4.9999764073590355e-05,0.010032315994068257,0.0005659345867804692,4.999970216253174e-05,0.01079459879353219,0.000611392621863369,4.999955666518533e-05,0.011576054201565456,0.0006593973809102482,6.320418604214953e-05,0.013235207829399971,0.0006515367978796786,4.999985574652825e-05,0.015527496375478235,0.0006304278941556399,5.195270176435806e-05,0.019441200927057336,0.0013655673880906426,5.2196334335109565e-05,0.020704997420658327,0.0025596395816160364,7.065936083089846e-05,0.022828371871890536,0.00307533145822728,7.81394331286853e-05,0.8036700427469736,0.004259085380378125,6.825098061090188e-05
7.37554,1.1416236571062863,-0.7191139735244855,0.9929933080026564,0.9189721675555471,0.2525383618810086,0.30030341886941436,-0.03918705070576736,-5.6828117695237355,6.8731149100352305,0.19694912967390962,9.999977070530113,9.991840199334645,-1.0192373297273727,23.27409234615753,-22.321706145480384,13.7192965090572,0.0003507183578549457,-1.6145250020447643,-13.15080889311043,5.339114326700993,6.80008731343331,6.79993175034637,5.082453526329288,0.0005847873831438518,5.0882927225832585e-05,4.999974656372203e-05,0.0016656113834561013,0.00012565567551125413,4.999993320717138e-05,0.0024980872416252814,0.00017750988722102076,4.999984453130966e-05,0.003277880350988084,0.00022433477223631192,4.999975673319537e-05,0.004102440706161186,0.0002750754137644654,4.9999718234203943e-05,0.005006816872031766,0.00033510135357369693,4.999936739442019e-05,0.005916118367427045,0.0003976620304661355,5.000003548620624e-05,0.0067838966089358655,0.00044404371233509735,4.9999810641012426e-05,0.007787920793561143,0.000526591294420984,5.00001948353535e-05,0.008296379835073076,0.0005360255022128603,4.9999925756170426e-05,0.008828582149464657,0.0005555581972644446,4.999981849656325e-05,0.00944595181954892,0.0005863641745193385,4.999977478972265e-05,0.010164447379010517,0.0006301514145216728,4.999941189697772e-05,0.010898065999686131,0.0006779882018793245,6.385380289106423e-05,0.012552248676887022,0.0006829591525129502,4.9999867218114296e-05,0.014839648680655671,0.0006878476948225643,5.232312819514524e-05,0.017995683556639185,0.0014455173704181487,5.2459671161861446e-05,0.018509773617749137,0.002195223802909189,6.636146288735254e-05,0.020266964263869817,0.0025614076080207183,7.268625446552304e-05,0.7982539608535345,0.005416081893439239,7.532016763751391e-05
7.3947,1.0369170124024338,-0.5913765409272389,0.9995481634035912,0.8573615075674194,0.33834990236011564,0.3841824937174142,-0.05345601553970666,-5.236943993473425,6.4454922415028095,0.4597732231977118,9.999983789331942,9.960910328414966,-1.2711707597071602,28.030014102313668,-29.211509299617045,5.648558255515804,-0.0008125049843020845,-55.24802411054217,6.448958682869017,6.365321694031841,6.800090550089154,6.108981152802762,6.800079701800254,0.000535086026301626,4.970135684222579e-05,4.999975160892242e-05,0.0015407176936425352,0.00012489368981356616,4.999992495296315e-05,0.002321164778311139,0.00017692246331414257,4.999983502523259e-05,0.0030539036730639485,0.00022397667792413588,4.99997922137002e-05,0.003826601613592277,0.0002758390925689088,4.999976647596065e-05,0.004668708075993775,0.0003381087960379914,4.999916682692681e-05,0.005512840725549173,0.0004032776418778723,5.000003374990494e-05,0.006326135397934449,0.0004577612110014168,4.999981906078198e-05,0.00723579578118648,0.000552125012374664,5.000016791749363e-05,0.007738356616755707,0.0005580232183173686,4.9999920263829455e-05,0.008253394200578208,0.0005751879488864497,4.999986329450506e-05,0.00884170296878092,0.0006042488507680001,4.999983147059251e-05,0.009517858699675058,0.0006465886793354589,4.9999211458930376e-05,0.010204480210559398,0.000693585789126733,6.44014465925224e-05,0.01183808431130505,0.0007141643655819712,4.999988273563067e-05,0.014089685228439081,0.0007499634522165896,5.275919013561475e-05,0.016476267557248264,0.0015194159993909219,5.271565811477574e-05,0.016594520473314518,0.001915253144434618,6.300460419978882e-05,0.018083789424075025,0.0021831748397947914,6.804873674508587e-05,0.7912358136623522,0.007018147191182312,8.271078450628524e-05
7.41386,0.9416892645915252,-0.4731323244173392,1.0097140441419514,0.78233639210918,0.41762968272153755,0.45688172460182236,-0.06926377778033672,-4.699965800529169,5.885879841037126,0.5679841072063957,9.999968223964881,8.90250971390472,-1.1476263987496915,29.256341302476166,-33.63676882424373,-4.831454737396135,-0.01708765175805462,-19.13308228334232,5.829541979331114,6.800058590850199,6.800092027864704,6.585785807005543,6.800085631332717,0.00048659912078369614,4.848690551792987e-05,4.999975846915904e-05,0.0014168667049310575,0.00012385098871147774,4.999991639611362e-05,0.0021450026293157406,0.00017616214899539854,4.999982667703555e-05,0.002830288284943576,0.00022361538812037235,4.999981931753218e-05,0.003550120694597432,0.0002764809189948451,4.999980224910739e-05,0.004328308864560481,0.000340399211433294,4.999889240589243e-05,0.005105574950244727,0.0004072657753044454,5.0000032190681404e-05,0.005857411615703666,0.0004687237822307828,4.999982902254269e-05,0.006667462323586096,0.0005683334576003834,5.0000133199072224e-05,0.007164551011463677,0.0005738056052920303,4.999991439266334e-05,0.007663131838109456,0.0005902623624687517,4.9999900115116496e-05,0.008223119266745418,0.0006185837020355016,4.99998763592424e-05,0.008857926522982186,0.0006599321766928723,4.9998937083802405e-05,0.009498807841544296,0.0007056723690151024,6.482695426709478e-05,0.011093329293935222,0.0007447550173698267,4.9999901469545835e-05,0.01327508418826626,0.0008146010401728224,5.3251424368082086e-05,0.014892126631906172,0.001584140925342092,5.294786535826686e-05,0.014892222965890985,0.0017022975074235326,6.053252193528539e-05,0.016178998011726068,0.0019047914123489584,6.447396669760504e-05,0.7820246618922211,0.009211151770131138,8.889877856489577e-05
7.43302,0.8570486205903693,-0.36647175089895556,1.0200470966746422,0.6973129528289354,0.4899722584869196,0.5160671848776462,-0.0857882665947455,-4.139494541848378,5.241491605134127,0.47542668555441026,9.999640871423095,8.535972333207688,-1.0359483629724808,22.467209600937245,-28.751470462060812,-14.100029055712618,-222.88883960685177,-202.15447427047687,32.44397008267636,6.800080754811406,6.800092797729171,1.680239278058211,6.8000873029263245,0.00043936203934750485,4.723708143619133e-05,4.9999766231820384e-05,0.0012943171672136205,0.00012254953771743696,4.999990779799766e-05,0.0019697569677909537,0.00017524566152478694,4.999981972051777e-05,0.002607013823613151,0.00022327446133042512,4.999984018974948e-05,0.003273082018633354,0.0002770386759640783,4.9999829061617284e-05,0.003986353840303951,0.0003419550242565297,4.9998520578349747e-05,0.004695987635636329,0.0004095873146083984,5.000003067680169e-05,0.005381629018743508,0.0004757825969601583,4.999983929242881e-05,0.006094823037400999,0.0005726392861850969,5.000009513819136e-05,0.006582614176270348,0.0005819368351933288,4.9999908053425415e-05,0.007063226366206652,0.0005999054719028036,4.9999930464350845e-05,0.0075942950881228355,0.0006288241786225832,4.9999912544385414e-05,0.008188045074017885,0.0006698814489643015,4.999856519807663e-05,0.00878432226272505,0.0007144855788192465,6.513763906691207e-05,0.01031887382554444,0.0007744554683907834,4.999992260521597e-05,0.012395396582254697,0.0008796876060115618,5.3785997937611515e-05,0.013298196305198184,0.001593930326707987,5.0007217043232715e-05,0.013353103430798523,0.0015391195350924608,6.120337426546704e-05,0.014481000479135041,0.0016979975325910265,6.1848960784429e-05,0.7698412105800575,0.012183451312163564,9.327574467154106e-05
7.45217,0.7819261498894718,-0.2713204172938782,1.0267805185907481,0.6239271032931806,0.5419542548356217,0.5543955997217923,-0.09822852869791467,-3.709084426178286,4.6906922870583925,0.20530880066283216,5.729702016499355,4.663247050475966,-0.4144108794970429,19.335447748487077,-26.686425615033265,-18.144422294293765,-302.168797367697,-261.0797787390826,39.811492368681314,6.800086912137974,6.800093256792636,0.0011752303165303935,6.800087279726883,0.00039341405605870593,4.594798328879891e-05,4.999977423822921e-05,0.0011732882168232356,0.00012102895039038506,4.999989929443293e-05,0.0017955656050576345,0.00017419136273331943,4.999981420554405e-05,0.00238408282992133,0.00022293099369182062,4.999985665174549e-05,0.002995596877870318,0.00027748514076303545,4.999984962681514e-05,0.0036435620721402768,0.00034279176816367433,4.999801469256913e-05,0.004285636754243179,0.0004103508813931499,5.000002901278977e-05,0.004903331198093181,0.00047829782065032686,4.999984896550517e-05,0.005528429688510737,0.0005663933488902622,5.000005895553749e-05,0.005999819562307263,0.0005827946139630851,4.999990148639212e-05,0.006459117793717956,0.0006041085724886964,4.999995563849449e-05,0.006959408062538139,0.0006348870255846959,4.9999942330073375e-05,0.00751143711155173,0.0006766079624661554,4.999805914518907e-05,0.008063545971993854,0.0007207762907311966,6.535954154391957e-05,0.009515860941867365,0.0008030128836770755,4.9999945583006725e-05,0.011451266531689425,0.0009441300505652739,5.435283269821343e-05,0.011793323517309807,0.0015048727878883778,5.000159405790628e-05,0.011942030392756606,0.001411073038041917,5.9556508817594785e-05,0.012940085166288988,0.0015409153128460528,5.993102829224131e-05,0.7536130228538555,0.016228187726202055,9.608602007228043e-05
7.47133,0.7144447558263773,-0.1863569293595159,1.0274500514359723,0.5973439330719085,0.5604611221023664,0.5644537979313166,-0.10226594820350533,-3.3386702781920503,4.179453564502094,-0.1422885662183754,-0.05902338985896555,-0.33832545283672105,0.34826812424930065,25.041198163151755,-35.20760706062223,-21.502661151885405,-15.118873368174437,-13.247317327321436,1.994546404237073,6.800089268475526,6.8000935706995635,6.4564885425300025,6.80008721607275,0.00034880012850524043,4.461392755346547e-05,4.9999782120081956e-05,0.0010539598620141024,0.00011932835480913323,4.999989091170614e-05,0.001622552020468587,0.0001730135845890474,4.9999810055066136e-05,0.002161550930059857,0.00022253189986147295,4.999987002366006e-05,0.0027178589522477074,0.00027773792562261096,4.999986585703075e-05,0.00330063903819702,0.00034292303394325703,4.999731255936591e-05,0.00387596745395675,0.0004096693002864293,5.000002701387781e-05,0.0044268071456832975,0.0004765240524098835,4.99998576284173e-05,0.004974380730645702,0.0005540489578650343,5.0000027881003315e-05,0.005421574271347171,0.000578245290960092,4.9999895192593014e-05,0.005855538040139116,0.0006035797535788402,4.9999976677607374e-05,0.006322357464528738,0.0006370505980094004,4.9999967305304615e-05,0.0068308462365691,0.0006805908749826297,4.99973567517441e-05,0.007338222387663168,0.0007253235843306852,6.551999781908104e-05,0.008685856176277177,0.0008300047655901863,4.999997009094122e-05,0.0104435682625384,0.001007698269151026,5.494735171133055e-05,0.010541766273620128,0.0012515572436896806,5.000036842012286e-05,0.010634479369510274,0.001307551023246333,5.8284244411245786e-05,0.011522007828452177,0.0014180773378368104,5.850320696020551e-05,0.7317701164300756,0.021842906423779947,9.78028013604978e-05
7.49049,0.6550802667546813,-0.11274634014463952,1.0207658529206793,0.6013026322521402,0.5608141553675424,0.5600102510692977,-0.10155788698911801,-2.8589496012874194,3.5049723762909237,-0.5542205790488297,-0.34865953741713723,-0.5921077197245938,0.38647816295928056,21.094541251977677,-29.496159364638313,-18.51122711191469,-212.7521899951643,-186.49991683660642,28.264895926735306,6.800090726933217,6.800093810710828,1.9805852499527203,6.8000868583771314,0.0003055722519416498,4.3227876563590706e-05,4.9999789441017494e-05,0.0009365014141600357,0.0001174584478540666,4.999988292658469e-05,0.0014508367123301192,0.00017171530813846786,4.999980723355923e-05,0.0019394731347240268,0.0002220777953358304,4.99998808190601e-05,0.0024400646636922496,0.0002777942885554574,4.9999878581982435e-05,0.002958305343821577,0.0003423336943754424,4.9996351480203924e-05,0.0034683509415633557,0.0004076165123933942,5.0000024587063114e-05,0.003955248791176969,0.00047155835450632806,4.999986498508773e-05,0.004434861524099631,0.0005395192065460719,5.000000274044726e-05,0.004851016254852367,0.0005705580164948036,4.999988978970239e-05,0.005255443717680097,0.000600094322459019,4.999999407255562e-05,0.005685702230035626,0.0006366552344931124,4.999998811211971e-05,0.006148337035633313,0.0006825092009357861,4.999639537782442e-05,0.006609613351926565,0.0007286090357366032,6.563595534739214e-05,0.00783057683801173,0.0008552793382654471,4.999999563147615e-05,0.009375399760548785,0.001068168501989614,5.55435216954487e-05,0.009392782887283012,0.001148983386337115,5.000021016407723e-05,0.00941014527184363,0.0012243340976666457,5.731046278488811e-05,0.010199418824232025,0.0013225890042201528,5.744812882015022e-05,0.7022405583339342,0.02952955809614139,9.878970595969885e-05
7.50964,0.6041623225509467,-0.0510068357666928,1.0066808875384436,0.6271876823606287,0.5479419573054989,0.5448475788347238,-0.09766859630987684,-2.45483604639841,2.9399068612824273,-0.908844920208765,-4.424407987329851,-4.164934617407414,0.9279560474546367,22.20802894642214,-29.737458048133217,-14.328771046514387,-203.54928743548598,-189.5818402105922,29.50883293114967,6.80009175588981,6.800093980914196,2.0603011278189323,6.800085284974475,0.0002637921455131888,4.178010642846097e-05,4.999979593257022e-05,0.0008210742049589568,0.00011542720920107898,4.999987561432541e-05,0.0012805402592501187,0.00017029645308000048,4.9999805574304265e-05,0.0017179169877773815,0.00022155614694664515,4.999988944566918e-05,0.0021624342020622788,0.0002776304616299711,4.999988844160453e-05,0.002617268687031631,0.0003410366567899464,4.999507639384698e-05,0.0030639751968771327,0.00040437574468622274,5.000002175356232e-05,0.003490469162865664,0.00046477962831130513,4.9999871011874626e-05,0.003909379325671455,0.0005254821984281753,4.999998299362934e-05,0.004289266568598354,0.0005617496862540132,4.9999885609891614e-05,0.00466011990431438,0.0005953238133657169,5.000000838658505e-05,0.005050673713779362,0.000635028516256263,5.000000533358147e-05,0.005465205949490656,0.0006831310861426575,4.9995120008569744e-05,0.005878595169594659,0.0007310181823319057,6.572100548340881e-05,0.006952157987372132,0.000878418850639599,5.000002157357674e-05,0.008252079058616602,0.001123320701932183,5.6105649529343694e-05,0.008252094556922118,0.001140688330360894,5.000019452005588e-05,0.008252110055192137,0.0011580352166514906,5.657668405235982e-05,0.008950356109905286,0.001249062714326739,5.6673016745039035e-05,0.6625111258890892,0.0397294324448449,9.933208039474443e-05
7.5288,0.5611708980757135,-0.00014550301313428997,0.9864530703484755,0.6906640152043187,0.508385334382965,0.5067247800633582,-0.08809026045358745,-2.0293911212201823,2.370218725302355,-1.1833448742788621,-8.323854064782102,-7.796802714217527,1.4932643532379999,25.727787433012956,-32.25014366888846,-6.250543504233706,-87.49176433492751,-103.20999631653723,17.534332110785144,6.800092332464893,6.800094038871747,4.505682386594022,6.800080707883166,0.00022353522471031968,4.025692080286911e-05,4.999980155244098e-05,0.0007078320165957067,0.00011324218836325,4.999986910853462e-05,0.0011117897774795017,0.00016875048177061687,4.999980480067566e-05,0.0014970059570145015,0.00022091103076287994,4.999989632540322e-05,0.0018852748269338464,0.0002771593751284323,4.9999896050271796e-05,0.00227818739843172,0.00033908128859991087,4.999345112987308e-05,0.002663756521985217,0.00040021867489191566,5.000001863379307e-05,0.0030331316262621885,0.00045733753660347556,4.999987590981879e-05,0.0033961004841116544,0.0005132788415598008,4.999996762497473e-05,0.0037360716219922213,0.0005531949466061325,4.9999882653626173e-05,0.004069882619934967,0.0005902372843794139,5.000002021053829e-05,0.0044178015041226254,0.0006328722096567368,5.000001955590192e-05,0.004782144698464841,0.0006830612510258143,4.999349447521205e-05,0.0051457897279815765,0.0007328054416130827,6.578412302804495e-05,0.006054408954640045,0.0008977490327320857,5.000004660468911e-05,0.007096212116393143,0.0011558669422234592,5.0010302917226666e-05,0.00712159882389961,0.0011304957330225082,5.00001817142265e-05,0.007146949543792185,0.0011051605113999521,6.145133927420552e-05,0.00775801885302859,0.0011923372568766956,5.609908670064638e-05,0.6097779000374562,0.05273322585163304,9.962405701223857e-05
7.54796,0.5270001212030504,0.039296989127779916,0.9623326465399479,0.7739146571586147,0.444715623430211,0.44464621162225176,-0.07467144143359067,-1.5365172769971462,1.752394424311977,-1.3030881446022913,-9.999956307848622,-9.77402317202896,1.8291740654830848,27.189176908734176,-32.154928516710946,5.294186152495257,6.027380219967093,-11.79529292086981,4.148859680542619,6.800092770609306,6.80009392182616,6.748748761534007,6.571674927765883,0.00018489550555018852,3.863971916013115e-05,4.9999806140838525e-05,0.0005969412224242375,0.00011089079417146925,4.999986371653956e-05,0.0009447321497032395,0.00016705762777626229,4.9999804647718796e-05,0.0012768926050059025,0.0002201133520085991,4.999990156768864e-05,0.0016089204445111191,0.00027635438242272747,4.999990162809949e-05,0.0019416414333937677,0.0003365459650379521,4.9991618705247045e-05,0.0022683006770102127,0.0003954558449750041,5.000001540871488e-05,0.0025831055146688393,0.00045002611159334927,4.999987967423485e-05,0.002893044923035745,0.0005030555610759091,4.999995600255344e-05,0.0031903696153441395,0.0005457020066480821,4.999988078695785e-05,0.0034840123749376515,0.0005858702449973151,5.000002978432175e-05,0.0037866910541623417,0.0006311104499602833,5.0000030978333684e-05,0.004099334752778486,0.0006828099456863552,4.999166181332396e-05,0.0044117201837792575,0.000734069544202319,6.582879305368663e-05,0.005142488607320491,0.0009119203473195542,5.000006859538297e-05,0.005927325334568677,0.0011688867818244655,5.0003966276129534e-05,0.006005072065987809,0.0011165267579118002,5.000016845364425e-05,0.006082328291907186,0.0010646212518850002,6.0705826911860636e-05,0.006607648845981824,0.001150370007046765,5.568872163218648e-05,0.5423800661994498,0.06739783383800636,9.977337815019659e-05
7.56712,0.5026099617900276,0.06685336579367143,0.937996413411565,0.8523600350531256,0.36805398437826436,0.3666525506280272,-0.05988652249119191,-1.0156472185376086,1.1363941844929764,-1.2016660581595038,-9.884488233987085,-9.999988633722182,1.908654837983059,23.978816634334127,-27.243474003752887,15.718497344476134,-2.9173789793751173,-3.739694812189285e-05,2.3260511046057712,6.800091934269574,6.80009342214559,6.8000491171266315,6.300708221892493,0.00014799396791699337,3.690153763319515e-05,4.999980952944558e-05,0.0004885938220593031,0.00010834740036493448,4.999985971667485e-05,0.0007795504681488074,0.00016518168155443204,4.9999804806251224e-05,0.0010577743871981818,0.00021911821780772078,4.999990519951802e-05,0.001333730937839171,0.00027518950667194774,4.9999905301351164e-05,0.0016080956597003882,0.0003335457736933796,4.9989975125182226e-05,0.001877885303729082,0.0003904153732811309,5.000001226434548e-05,0.0021397910129980903,0.0004433145016707487,4.999988221978643e-05,0.002398319815330924,0.0004947251077048213,4.999994777213507e-05,0.0026506292678592355,0.0005397403474849041,4.9999879746484226e-05,0.002901042282301386,0.0005829700926362656,5.0000037158808436e-05,0.0031562830819804456,0.0006304079721818965,5.00000396468521e-05,0.0034165722533346927,0.0006827624994437932,4.9990018108483314e-05,0.003676861993772469,0.0007348581900067883,6.585670073586975e-05,0.0042245929460846725,0.0009178956612358183,5.00000834016358e-05,0.004772393329913684,0.001154932004654993,5.000193750559557e-05,0.004910659625248172,0.0010944124407396367,5.0000149622806924e-05,0.005046339686362189,0.0010359886055449968,6.018533120377605e-05,0.005485758364135758,0.0011218904818460656,5.5417444849384e-05,0.461826457914091,0.08055360828535883,9.984423741624303e-05
7.58627,0.4876781741108746,0.08345476425254829,0.9175616186273198,0.9154277553322046,0.28499730562892234,0.28076601204756074,-0.04405421603183678,-0.556278857956456,0.6144839426122373,-0.9005427597898754,-9.940377213805654,-9.99998935014514,1.9532155975420098,18.890767207920142,-20.881880763675564,24.453142991171152,-3.111970350446406,-0.0003501262697340942,2.2733152778562116,6.800088901205417,6.800089603088475,6.80008901058764,6.286390080018894,0.00011299321556685928,3.500075235013411e-05,4.999981167476859e-05,0.00038302353555220737,0.00010557028650709572,4.999985712075117e-05,0.0006164966657504045,0.000163053802398403,4.9999804977525155e-05,0.0008399653339680048,0.000217809053230177,4.9999907333018635e-05,0.0010601529542937833,0.0002735779835453878,4.999990729249346e-05,0.0012778925570712885,0.0003302031026290997,4.998890962999243e-05,0.0014924842412309082,0.00038540106249817374,5.000000934076678e-05,0.0017023534149166533,0.00043743759808143707,4.999988355560694e-05,0.0019101023766666958,0.00048821743866422825,4.999994248858211e-05,0.002115188182361817,0.0005354410854974181,4.9999879209561235e-05,0.0023194260703064194,0.0005816162119949672,5.000004232155965e-05,0.002525524485293006,0.0006307585966874394,5.000004561509003e-05,0.002733530355278597,0.0006830418980560959,4.998895270856127e-05,0.0029416049459019852,0.0007352570478704834,6.58708688959725e-05,0.0033163257945126668,0.0009082671515720064,5.00000835781858e-05,0.0036718151399504502,0.0011005781899632336,5.0000943529249715e-05,0.003853036097991782,0.0010576235272563906,5.0000119869030076e-05,0.004028220215862106,0.0010181194705000827,5.9864069768015856e-05,0.004380816181283226,0.0011049421828525326,5.525894483934134e-05,0.3727439839032398,0.08908247401085122,9.987441748077238e-05
7.60543,0.4806710678259728,0.09117901865829552,0.9045643731389309,0.9616765318378101,0.19626521826672494,0.18957360469673915,-0.026865211131794544,-0.19438356951269206,0.21444437942020958,-0.4320876071353947,-9.999994030592802,-9.999996057604186,1.9967660832977425,8.677158585486046,-9.514497945633872,19.245281978196626,-0.00019119261427046096,-4.83291173399842e-05,-41.17711512475213,2.9696082168612765,6.7716192694841295,6.800089253638224,2.5806036245481865,8.012470700942736e-05,3.286850855743193e-05,4.999981264817137e-05,0.000280545913365075,0.0001024776221871323,4.9999855675134345e-05,0.00045595353578794465,0.0001605431299624598,4.999980493583596e-05,0.0006239840744544675,0.00021598125951353725,4.99999081491166e-05,0.0007887781328690672,0.0002713748214247162,4.9999907900148935e-05,0.0009513014532564056,0.00032659110381488284,4.998846914657933e-05,0.0011118669449934574,0.00038061729623745056,5.000000669794787e-05,0.0012699056781149444,0.0004324477368017089,4.99998837878974e-05,0.0014267688629447741,0.00048333351372192173,4.9999939511845925e-05,0.001582615676191987,0.0005325725061698302,4.99998788647611e-05,0.0017380825424492831,0.0005813435278571362,5.0000045236801754e-05,0.0018938535570237926,0.0006316709282692136,5.0000049011641495e-05,0.0020500183142751994,0.0006835120410033977,4.998851255832285e-05,0.0022062127428979514,0.000735392203004034,6.587574205547424e-05,0.0024422903230728985,0.0008740354714397679,5.000006295508455e-05,0.0026673834108814445,0.0010044317290690055,5.0000450285572855e-05,0.0028457106108990596,0.0010073254870927222,5.0000082723493477e-05,0.003018931014365453,0.0010092892014966525,5.970649780062166e-05,0.0032837699099682294,0.0010970462713149965,5.518607181835035e-05,0.2801373087340734,0.0926066751691664,9.988452774198139e-05
7.62459,0.47870244442037196,0.09336468637510761,0.8997117778414154,0.9900066357958023,0.10317462681061941,0.09530923165634075,-0.012633499641262515,-0.028153009652201817,0.03217269397012622,-0.06340078801240066,-9.999997693318912,-9.999996983457523,1.2079254930062844,1.2899343155088696,-1.4689550213483817,1.783290799361274,218.14865732933143,262.77511785130855,-24.191727074045335,1.1645895805993822,0.00011047964092613104,5.89708447848262,6.926125619701287e-06,4.9747530137755136e-05,3.037717687167222e-05,4.999981272696717e-05,0.000181652525854161,9.889338751091407e-05,4.9999854882730876e-05,0.0002985615032969096,0.0001573920324910351,4.999980458308331e-05,0.00041069468460118663,0.0002132893898532809,4.9999907966648685e-05,0.0005204474096884549,0.0002683307231806123,4.999990754113853e-05,0.0006286596248310475,0.000322641828425358,4.998837488527747e-05,0.0007358076589230601,0.0003760592860703974,5.000000427590028e-05,0.0008417642579823954,0.0004281414201325491,4.9999883210062954e-05,0.0009471602021373165,0.00047960866080745766,4.999993793980272e-05,0.0010521491389690369,0.0005304665372229502,4.999987846523234e-05,0.0011569329470758245,0.0005811495953734585,5.0000046061825804e-05,0.0012615873028847524,0.0006322662541390399,5.000005022925817e-05,0.0013662017592145916,0.000683816555060608,4.9988418759616545e-05,0.0014708048002807068,0.0007354079426172449,6.587640481090723e-05,0.001611581171032989,0.0008307091520399095,5.000003636196276e-05,0.001750197745645,0.0009171856652364445,5.000025623562682e-05,0.0018819385205643504,0.0009637720903347093,5.000005390523576e-05,0.002012331261933603,0.0010065997524318507,5.96587875420286e-05,0.002188970599385082,0.0010947993105831476,5.5165846470832864e-05,0.18677937845935286,0.09335793027472053,9.988653651634772e-05
7.64375,0.4784495516065487,0.09365716051881698,0.898811215711992,0.9993223557815306,0.027815206728856415,0.02384409724872095,-0.003589348324846084,-0.0034414060393600818,0.004031544629251056,-0.029237827286095006,-5.820867730046753,-4.965946432521033,0.7444783523446874,0.17963980862266463,-0.21044477093643346,1.5262011044745167,303.8466118452793,259.22011426886496,-38.861426756775394,8.61878319773653e-06,1.5455598043849135e-06,6.800094021703207,8.685015656424818e-06,2.2507151357641796e-05,2.7240378780113337e-05,4.999981238530894e-05,8.728053176147931e-05,9.437199409268169e-05,4.999985418912773e-05,0.00014553592300997015,0.00015302558028693945,4.999980394576949e-05,0.00020158491519755965,0.00020910976940362698,4.999990718314483e-05,0.00025649889331538046,0.0002639485163730744,4.999990662613763e-05,0.00031072556064072225,0.0003179340641903253,4.998836812923193e-05,0.00036452646022189835,0.00037128119870116175,5.000000180739644e-05,0.00041789703007552706,0.0004238672279068683,4.999988225702332e-05,0.00047106268385830696,0.00047609751827900953,4.999993676668198e-05,0.0005240792645259784,0.0005280698744430585,4.999987786987821e-05,0.0005770073335839239,0.0005799256134919006,5.000004535028302e-05,0.0006298430014342815,0.0006317443014504711,5.000004997190701e-05,0.0006826276653840723,0.0006835740938305194,4.9988412513972806e-05,0.0007354010381068314,0.0007354037621738753,6.587637937648436e-05,0.0008033500489900784,0.0008082311220429106,5.000002344494128e-05,0.0008711875402391728,0.0008790102054058271,5.000019974700801e-05,0.0009386994167018733,0.0009432391038624771,5.0000041312618964e-05,0.0010061322284100128,0.00100619903352359,5.965187850702364e-05,0.0010944727080902433,0.0010944978912948385,5.5163882945468814e-05,0.09337168716583197,0.0934076912935209,9.988666791945775e-05
7.6629,0.4784329619736975,0.09367640018877149,0.8985302275717916,1.0,0.0,0.0,0.0,0.0,0.0,0.0,0.0,0.0,0.0,0.0,0.0,0.0,0.0,0.0,0.0,0,0,0,0,-5.186194315204228e-34,2.2507151357641796e-05,4.999981178926418e-05,-2.2953885499641416e-35,8.728053176147931e-05,4.9999853161044043e-05,1.4599701958805617e-33,0.00014553592300997015,4.9999802831209166e-05,-3.9490442866508874e-41,0.00020158491519755965,4.99999057066165e-05,-8.323244182380765e-34,0.00025649889331538046,4.999990502623777e-05,-4.488874930423103e-33,0.00031072556064072225,4.9988371796656027e-05,-1.921667908672561e-35,0.00036452646022189835,4.999999842537991e-05,-5.251925950543664e-33,0.00041789703007552706,4.9999880850249166e-05,-1.1458771909417505e-33,0.00047106268385830696,4.999993516354677e-05,8.809082810624815e-34,0.0005240792645259784,4.999987684999053e-05,8.502647469472616e-31,0.0005770073335839239,5.000004335432729e-05,8.303389582792992e-31,0.0006298430014342815,5.000004865634243e-05,-6.775107621441959e-31,0.0006826276653840723,4.9988416893202587e-05,-8.533751652566504e-26,0.0007354010381068314,6.587649346168417e-05,-4.907665758207088e-26,0.0008033500489900784,5.0000020742959016e-05,-5.734363011619268e-33,0.0008711875402391728,5.0000189561301906e-05,-8.516257476746274e-33,0.0009386994167018733,5.0000038619901225e-05,-1.2616246067501324e-35,0.0010061322284100128,5.965108587671569e-05,7.135092746646747e-28,0.0010944727080902433,5.516529074696444e-05,7.837463588142166e-29,0.09337168716583197,9.988657303450083e-05
