t,p_x,p_y,p_z,q_x,q_y,q_z,q_w,v_x,v_y,v_z,w_x,w_y,w_z,a_lin_x,a_lin_y,a_lin_z,a_rot_x,a_rot_y,a_rot_z,u_1,u_2,u_3,u_4,jerk_x,jerk_y,jerk_z,snap_x,snap_y,snap_z,thrust
0,-2.5,-3.5,1.0,0.0,0.0,0.0,1.0,0.0,0.0,0.0,0.0,0.0,0.0,0,0,0,0,0,0,1.4709899999999998,1.4709899999999998,1.4709899999999998,1.4709899999999998,0,0,0,0,0,0,1565.8488440610515
0.008210310487795717,-2.5,-3.5,1.0001444366239955,3.1338072426311446e-05,0.0029238402688114523,-5.7966633172169145e-08,0.9999957250788648,0.0002720157488754934,-2.9155212146374714e-06,0.052775711058072716,0.02290145227798989,2.1367041041792714,-4.235121010902927e-05,0,0,0,0,0,0,0.0024900949592206495,6.797795958901877,6.790053252686222,0.007283805471034202,0,0,0,0,0,0,1565.8488440610515
0.016420620975591434,-2.4999866016037937,-3.5000001436078265,1.0010108997672935,0.0002498206764129521,0.020460949467846733,-7.951661199318993e-07,0.9997906216482887,0.004078813685264393,-4.655703777167439e-05,0.15825919355122575,0.09097343437458606,6.406845116139573,-0.00019973677157262933,0,0,0,0,0,0,0.005164689638236218,6.796184679775392,6.7798045371062265,0.013511209943926936,0,0,0,0,0,0,1565.8488440610515
0.02463093146338715,-2.4999049832474434,-3.5000011618392306,1.002759880250188,0.003403598322272054,0.05358101502475802,-0.00023413351171353784,0.9985576776175105,0.018023852342128548,-0.000498931638494487,0.26982155181044776,2.082873160504714,9.274476855553212,-0.09899671458118843,0,0,0,0,0,0,3.923987685433238,6.789602909873946,2.822339881562106,1.0223754397783487,0,0,0,0,0,0,1565.8488440610515
0.03284124195118287,-2.49961405097517,-3.500022190980653,1.0056852169405013,0.017219189723749802,0.09352948003304162,-0.001564143406524575,0.9954663677520252,0.060690787463030395,-0.006361457823647441,0.4702252206784014,4.026789909935508,9.99757056498963,-0.19904012190953574,0,0,0,0,0,0,6.790576647099252,6.754553819937378,6.706415455640629,6.740886688771405,0,0,0,0,0,0,1565.8488440610515
0.04105155243897859,-2.498793628787603,-3.5001433862627884,1.010692543959079,0.03291781148561011,0.13425270226069422,-0.003137770288068832,0.9903952665579127,0.14397894732767397,-0.025034347160646106,0.7480096503110744,3.4981170418698815,9.99530253283097,-0.20157392852684222,0,0,0,0,0,0,6.793326477660742,6.6774705717781915,6.779944247297944,6.607934484712604,0,0,0,0,0,0,1565.8488440610515
0.04926186292677431,-2.4971717579224553,-3.500461620196109,1.017940254295429,0.044740434219299276,0.17475933484885134,-0.004175278198832283,0.9835852964949293,0.2557925358050888,-0.05388814642712516,1.0156782373666438,2.2618484627215105,9.99693537955988,-0.20228575957742864,0,0,0,0,0,0,6.794446336022058,6.577137818444468,6.786609901980093,6.615023752211135,0,0,0,0,0,0,1565.8488440610515
0.057472173414570026,-2.494515526310536,-3.501046449589826,1.0273428099142965,0.051496484674732286,0.21495561784232825,-0.004325511902398639,0.9752555995076112,0.39606043223267773,-0.0894377741751778,1.2731853119309897,1.2133075152348396,9.9938367565528,-0.20236066202008904,0,0,0,0,0,0,6.794899321060214,6.715379917804774,6.789342862723147,6.68376004367153,0,0,0,0,0,0,1565.8488440610515
0.06568248390236574,-2.4905909205080077,-3.5019396973248895,1.0388162294188785,0.05519460483639436,0.2548061364532443,-0.0038312723179791796,0.9654080535064695,0.5645441787130367,-0.12857619616307153,1.5195379160062832,0.7149957023386777,9.995405237509814,-0.20279883137145888,0,0,0,0,0,0,6.795249000406149,6.7433620846871065,6.790016136874251,6.754207653791912,0,0,0,0,0,0,1565.8488440610515
0.07389279439016146,-2.485171926775425,-3.503162219902378,1.0522552334598754,0.05738518998193591,0.29422071237161057,-0.0029653481235603044,0.9540085529453,0.7598425224430099,-0.16940901036003894,1.7515211026157624,0.46437608009345865,9.991151154503568,-0.20269489954691297,0,0,0,0,0,0,6.795385711713533,6.7651568757620195,6.790394076804308,6.771109147104449,0,0,0,0,0,0,1565.8488440610515
0.08210310487795718,-2.4780446221165744,-3.504723102660679,1.0675308371398018,0.05870596393720247,0.3331234238591231,-0.0018592448856651104,0.9410520376063345,0.9804183088573205,-0.21085049507911544,1.9665349871305102,0.30403874021679017,9.984966498218247,-0.2024627528271624,0,0,0,0,0,0,6.795710653182371,6.762398357217184,6.78891638050329,6.783954457033255,0,0,0,0,0,0,1565.8488440610515
0.0903134153657529,-2.469008153012596,-3.506624071970449,1.0844944833409167,0.05935781852376566,0.3714322309795052,-0.0005490603497672542,0.9265605461611343,1.2246232450708547,-0.2521342689977172,2.1623828854137774,0.16100301844131182,9.97314340588752,-0.20186624998220887,0,0,0,0,0,0,6.7960001542003585,6.752590215144589,6.785855701702657,6.789222957163979,0,0,0,0,0,0,1565.8488440610515
0.09852372585354861,-2.4578757731283662,-3.508860995935755,1.1029807404294008,0.05933502817050753,0.40906073330592957,0.0009930042750804992,0.910575469053351,1.4906603654486028,-0.2925695422706449,2.337133793269214,-0.004524400884165694,9.95419423327977,-0.20088623661906002,0,0,0,0,0,0,6.796217972308791,6.734106238445189,6.780212745501039,6.791738243060385,0,0,0,0,0,0,1565.8488440610515
0.10673403634134433,-2.4444762593894693,-3.5114239112560073,1.1228091657192814,0.058507180805562796,0.44591544919898723,0.0028518859471448493,0.8931563069846147,1.7765389016371287,-0.3314086494932122,2.489058691802218,-0.22317642077723532,9.92435323938997,-0.19939180699289374,0,0,0,0,0,0,6.796361785575686,6.703802714215904,6.769617742031052,6.793053500496638,0,0,0,0,0,0,1565.8488440610515
0.11494434682914005,-2.428655719783302,-3.514296153852474,1.1437858964606447,0.0566446217565904,0.48188691960731045,0.005176110948551522,0.8743852648649099,2.0800141944257002,-0.3677523031661101,2.6166167387555537,-0.5232752178688282,9.87667030735401,-0.19720934901455653,0,0,0,0,0,0,6.796445188378906,6.655348992397648,6.747835863610488,6.793761512109512,0,0,0,0,0,0,1565.8488440610515
0.12315465731693577,-2.4102802594895376,-3.5174527534809346,1.1657051116110357,0.05344075743692952,0.5168331991636904,0.008181242310363549,0.8543773153361759,2.3984152993006886,-0.4004637377313581,2.7184291364996143,-0.9253272362262629,9.79680720101554,-0.1942036505843219,0,0,0,0,0,0,6.796481277761974,6.5737668597626575,6.696330379310299,6.794111909597252,0,0,0,0,0,0,1565.8488440610515
0.13136496780473148,-2.38924159799605,-3.5208581650358117,1.1883499131356645,0.04858838779160351,0.5505357211269716,0.012114838873239046,0.8333083577008535,2.7280016255860478,-0.42809939850502726,2.7931425221189867,-1.4131446765402345,9.64759429773896,-0.19051820653248228,0,0,0,0,0,0,6.796478884542356,6.411556738530521,6.5514172675461975,6.794220756234027,0,0,0,0,0,0,1565.8488440610515
0.1395752782925272,-2.3654737491774287,-3.524463746478834,1.211490991303512,0.041938114619490346,0.5825585790862019,0.01714885917286623,0.8115248690608917,3.0615873819639208,-0.4489280417928979,2.8389950558653005,-1.9335169869719888,9.313531157791175,-0.18658205671256914,0,0,0,0,0,0,6.796441649771557,5.9774806683643,6.117939544780197,6.794147593251046,0,0,0,0,0,0,1565.8488440610515
0.1477855887803229,-2.3389978799921294,-3.5282065845593156,1.2348828930148055,0.03157287687650453,0.6118223643164559,0.024816523966865844,0.7899751186627113,3.3843712201292746,-0.4609144765648076,2.8540008649929534,-4.258807338638656,8.50805088373627,-0.16846999041556684,0,0,0,0,0,0,6.796368348382022,4.419572963145732,5.547273004947324,6.793926428707759,0,0,0,0,0,0,1565.8488440610515
0.15599589926811863,-2.309932586229297,-3.5319952894138966,1.2582850753977999,0.010508005035743308,0.6363454830128538,0.04082014527281899,0.7702517275665226,3.6953601545551567,-0.4591117628431312,2.843266275275937,-7.839541276416247,7.286502628424281,-0.1405327534835007,0,0,0,0,0,0,6.796250210983138,4.311661220905379,5.13898179411493,6.793582705657884,0,0,0,0,0,0,1565.8488440610515
0.16420620975591435,-2.2783046145341768,-3.5356850971421583,1.2815248320755028,-0.019089980224807953,0.6553093707839975,0.06396048755908008,0.7524056467417709,4.011157905430582,-0.43555525362326647,2.8155069417855896,-9.532541625462509,6.119025970444116,-0.12747712934765412,0,0,0,0,0,0,6.7960874890359,5.1077656117131385,5.201548657206835,6.793090296294354,0,0,0,0,0,0,1565.8488440610515
0.17241652024371007,-2.2440387530517567,-3.539071280326257,1.3044813018553651,-0.05074925343229927,0.6694981006805903,0.08910243786060917,0.7357020878238981,4.337255416319711,-0.38451914906412293,2.774481748176893,-9.786074694846436,5.213897036234111,-0.12575835588376413,0,0,0,0,0,0,6.795879605430904,5.5388445931136925,5.577390239949217,6.792413275799232,0,0,0,0,0,0,1565.8488440610515
0.1806268307315058,-2.2070698261701858,-3.541918940398072,1.3270501846315035,-0.08252616069611941,0.6798558764197292,0.11468367874467733,0.7196061936419862,4.668612725829659,-0.30424116677866053,2.7212363141782037,-9.883960508647137,4.530430049109912,-0.1252846600136357,0,0,0,0,0,0,6.795623133353787,5.854198013882816,5.861662695703124,6.79151092855412,0,0,0,0,0,0,1565.8488440610515
0.1888371412193015,-2.1673792661896423,-3.5439865925896332,1.3491346164758822,-0.1140370487151509,0.6870555356872105,0.14040480907093109,0.7037305819641875,4.999239932368903,-0.19458576847848733,2.656616650711372,-9.924532756352283,4.001109890233312,-0.1252966677797695,0,0,0,0,0,0,6.79531469448698,6.043743714343319,6.049376919718291,6.790310458439832,0,0,0,0,0,0,1565.8488440610515
0.19704745170709723,-2.124996041070455,-3.5450358539841775,1.3706448497670232,-0.14515281440527977,0.6915274575434248,0.166172265919721,0.6878278956053314,5.323726171958363,-0.05634583146689481,2.5815247228500624,-9.947092582342902,3.565957791687141,-0.12550421452340743,0,0,0,0,0,0,6.794948791388385,6.157657805071273,6.153124329157283,6.788699091297401,0,0,0,0,0,0,1565.8488440610515
0.20525776219489295,-2.079989214544937,-3.544837049402877,1.3914989091087837,-0.1757594277007677,0.6935407463076059,0.19190627517066738,0.6717751397123207,5.637686912884871,0.10919636050984052,2.49694736071984,-9.959731399486712,3.1829481534887654,-0.12587027843127005,0,0,0,0,0,0,6.794519775779135,6.211338586511816,6.2085118149935905,6.786486841593689,0,0,0,0,0,0,1565.8488440610515
0.21346807268268866,-2.0324604000259474,-3.543172417903036,1.4116232067784842,-0.2057895674604322,0.6932458553294183,0.21758965806695751,0.6555269473449098,5.9375266502325,0.30043323516969234,2.403940789192199,-9.9680637051394,2.8225601054125153,-0.12639105362780337,0,0,0,0,0,0,6.7940199083444,6.229784065689746,6.218479907104619,6.78335734678665,0,0,0,0,0,0,1565.8488440610515
0.22167838317048438,-1.9825384083137991,-3.539838586473154,1.4309531387028362,-0.23513907800542122,0.690727214803745,0.24319173962726673,0.6391113412397604,6.220180997279367,0.5154667238024221,2.303641305464476,-9.973455233525192,2.4614478745357977,-0.1271215501550581,0,0,0,0,0,0,6.793442978503627,6.208765587047741,6.197631699826862,6.778713122548939,0,0,0,0,0,0,1565.8488440610515
0.2298886936582801,-1.9303756343784737,-3.5346490653327445,1.4494338615703224,-0.2637222107017507,0.6859998438021727,0.2687383902059173,0.6226029935002788,6.482947803974911,0.7520719759740286,2.197297269656936,-9.977344285237669,2.0776183520770393,-0.1281669683838797,0,0,0,0,0,0,6.792781477343571,6.156776043152021,6.133891191204254,6.77136109369149,0,0,0,0,0,0,1565.8488440610515
0.23809900414607582,-1.8761454789012593,-3.527437189973934,1.4670213928270894,-0.2914011039598041,0.6790353631319969,0.29425166211295356,0.6061454706347058,6.723407019945425,1.007633539644523,2.086314196903165,-9.980054642810657,1.6473576788376156,-0.12975740516418877,0,0,0,0,0,0,6.792032250396337,6.0601494734848345,6.0294955808989545,6.758428057209486,0,0,0,0,0,0,1565.8488440610515
0.24630931463387154,-1.820040019614591,-3.51805952843756,1.4836840953495891,-0.31803469460094513,0.6697378241952114,0.31982288571389755,0.589930929555302,6.939440653118325,1.2791060589818266,1.97230047696101,-9.982104757760247,1.1458069482997826,-0.13245351187208204,0,0,0,0,0,0,6.791194033590883,5.928855747051071,5.867049183929903,6.731213872357992,0,0,0,0,0,0,1565.8488440610515
0.25451962512166726,-1.7622670394535505,-3.5063991481312557,1.4994044521827694,-0.3434216892305708,0.6579830376908147,0.3455469786532824,0.5742100234415776,7.129375507122491,1.5631149218308895,1.8570835011475173,-9.983574754901278,0.5624639723477167,-0.1383538021601176,0,0,0,0,0,0,6.790273275846937,5.798665838843378,5.656039381387306,6.645014687680502,0,0,0,0,0,0,1565.8488440610515
0.26272993560946295,-1.7030748978314905,-3.492420069689444,1.5141867947943424,-0.3674991847283782,0.6437126048105034,0.3714439022676346,0.5591134581641244,7.2817200192454745,1.8367968404172823,1.7448429054515304,-9.984575903386215,0.040112337955542046,-0.20977347142941213,0,0,0,0,0,0,6.789226607893828,6.120793860795698,3.778491661497792,4.449008110144196,0,0,0,0,0,0,1565.8488440610515
0.27094024609725864,-1.6428415274791315,-3.476387272949588,1.5280794831406594,-0.39073799220433236,0.6271993631660712,0.39697290018551945,0.5443870836183569,7.3814273105033115,2.0557753781373873,1.6411370025053442,-9.984912915922768,-0.23227338572971115,-0.45742935556154296,0,0,0,0,0,0,6.78773358411648,6.590464387241775,0.3145012122444984,0.5095026087294687,0,0,0,0,0,0,1565.8488440610515
0.27915055658505433,-1.5819621984200778,-3.458768535944474,1.541152298652017,-0.4138949769733262,0.6087312621618054,0.42137762506838783,0.5296962295456429,7.445894066349511,2.2364489896811652,1.5436679820313446,-9.985624317858818,-0.3309047637640892,-0.8239987490086095,0,0,0,0,0,0,6.7861615276117115,6.669551322059007,0.18913220960384314,0.307622459119238,0,0,0,0,0,0,1565.8488440610515
0.28736086707285,-1.5206177313033549,-3.439655795983553,1.5534325701133078,-0.43713793096549464,0.5884342480697339,0.44438969138645357,0.5149498686272926,7.494853025663783,2.4199029383476867,1.448055101246485,-9.985620279057269,-0.3938822246700136,-1.1980666282067238,0,0,0,0,0,0,6.784660115353264,6.7006983406836556,0.16355059296322927,0.24563786116587058,0,0,0,0,0,0,1565.8488440610515
0.2955711775606457,-1.4589335966127872,-3.4190233635625686,1.564935103984928,-0.4604478490404736,0.5663409281489085,0.4659519204685691,0.500134521133151,7.528631774273782,2.6065957491117007,1.3542052714117705,-9.986031296378536,-0.44024389968283395,-1.5740710134966611,0,0,0,0,0,0,6.783323625753934,6.719218683066983,0.17149212194642977,0.2372517983000323,0,0,0,0,0,0,1565.8488440610515
0.3037814880484414,-1.3970347156839553,-3.3968455184301365,1.5756740677982408,-0.48375448483353595,0.5424798677889919,0.4860110894608748,0.48527354385761823,7.547136608299551,2.796341360197978,1.262033358950241,-9.985798071151416,-0.47586388975888066,-1.949217293889912,0,0,0,0,0,0,6.7822720511654655,6.732441562359922,0.224954758745837,0.27326546033268867,0,0,0,0,0,0,1565.8488440610515
0.3119917985362371,-1.335047360174424,-3.3730931154439117,1.5856624676338607,-0.5069860923360802,0.5168652807018117,0.5045442525713816,0.47037270433137907,7.550111099535611,2.9906841896746856,1.1713173447545455,-9.98593962615901,-0.5030448993511133,-2.317392473670419,0,0,0,0,0,0,6.7814911881933515,6.743923440507812,0.43887104145787637,0.4778904965520824,0,0,0,0,0,0,1565.8488440610515
0.3202021090240328,-1.273114235465859,-3.3475340952876693,1.5949028658831077,-0.529934822341798,0.4896406384370319,0.5216189502734531,0.45534031226782845,7.531318863400439,3.2589477684418493,1.0788615626933693,-9.985341928632153,-0.5230214665276005,-2.5295493326841276,0,0,0,0,0,0,6.780953024331361,6.754069665314882,5.675717825988719,5.701487970110572,0,0,0,0,0,0,1565.8488440610515
0.3284124195118285,-1.2114722497918493,-3.319358630302916,1.6033741875242775,-0.5521121184825475,0.4612830442069396,0.5376020340131858,0.43974335103191464,7.479065379863485,3.6078084995328035,0.9849133379017878,-9.984947457554174,-0.5367603939156445,-2.5661420062794877,0,0,0,0,0,0,6.780601829452481,6.762749303856907,6.56727959167034,6.58647343394823,0,0,0,0,0,0,1565.8488440610515
0.33662272999962417,-1.1503897119192223,-3.2882696670337643,1.611079598310317,-0.5733051661974959,0.43203988445207114,0.55260728294329,0.4234240374517454,7.3954070662471905,3.964715168908784,0.8923555271690465,-9.98365923707355,-0.5455607781234701,-2.574241690050079,0,0,0,0,0,0,6.780508564662129,6.769552968784934,6.682490329900536,6.692822304560088,0,0,0,0,0,0,1565.8488440610515
0.34483304048741986,-1.0901162328814695,-3.2542718478925945,1.6180308833476416,-0.593463434920312,0.40199576421776384,0.5666257873704045,0.406369012168042,7.282117467701239,4.315669596420919,0.8011339091181833,-9.982620797602832,-0.5505648919567971,-2.57814408600018,0,0,0,0,0,0,6.780668899798881,6.774807487517471,6.725465528837324,6.732531708827962,0,0,0,0,0,0,1565.8488440610515
0.35304335097521555,-1.0308915483182242,-3.2174299700940785,1.6242369932459935,-0.6125478194584346,0.37122199866252514,0.5796264313868584,0.38860339244974773,7.140076261265487,4.657026866899929,0.7107436319017237,-9.980428481493988,-0.5530675165006609,-2.580395100119716,0,0,0,0,0,0,6.781274919142731,6.778582187909276,6.748668808145242,6.751369659597599,0,0,0,0,0,0,1565.8488440610515
0.36125366146301124,-0.9729477215925006,-3.177834345396512,1.629702495403623,-0.6305289759208393,0.339778152261593,0.5915849728932044,0.370150290580545,6.97028636363633,4.986049696611983,0.6206304921041287,-9.978205500123154,-0.5538775303788822,-2.581805727090642,0,0,0,0,0,0,6.782053936738757,6.781578280778327,6.761472083190842,6.7631693379264215,0,0,0,0,0,0,1565.8488440610515
0.36946397195080694,-0.9165078615588259,-3.1355963401801015,1.6344273276362118,-0.6473737610197204,0.30772939657243464,0.6024758489468823,0.3510451302383792,6.773927463528535,5.300315796426549,0.53022355191763,-9.974340099532531,-0.5538020236377017,-2.5827363456758703,0,0,0,0,0,0,6.7831793130643865,6.78374961189258,6.77009063073661,6.770427537777138,0,0,0,0,0,0,1565.8488440610515
0.3776742824386026,-0.8617846342714921,-3.0908463593904743,1.638406717131529,-0.6630533216562475,0.2751370338214446,0.6122788277963034,0.3313224144137228,6.552363498411265,5.597601221159049,0.4389478309249656,-9.96941234581723,-0.553260248966936,-2.5833719146003937,0,0,0,0,0,0,6.784268931543809,6.7855656623183185,6.7754365939357495,6.775942997100552,0,0,0,0,0,0,1565.8488440610515
0.3858845929263983,-0.808978770402163,-3.0437323730456356,1.641631180902253,-0.6775377856873438,0.2420674174300267,0.6209748018029042,0.31102445227102654,6.307136665749061,5.875849858617182,0.3462320920396655,-9.961223178139804,-0.5526500886030221,-2.583818160051769,0,0,0,0,0,0,6.785351425854295,6.787032210000474,6.779069472163952,6.7800812038228715,0,0,0,0,0,0,1565.8488440610515
0.394094903414194,-0.7582776081946592,-2.9944185638291314,1.6440865865669354,-0.6907942877480489,0.20859928838826153,0.6285446916548004,0.2902088204916399,6.039969817134999,6.133169458907929,0.25151665773046766,-9.938039826940386,-0.5524609556842107,-2.584144880673893,0,0,0,0,0,0,6.7850195977466905,6.7890840246778845,6.779011095302102,6.784957715537476,0,0,0,0,0,0,1565.8488440610515
0.4023052139019897,-0.709853463271208,-2.943083954052357,1.6457542985533198,-0.7027701621750676,0.17486803718363023,0.6349608283139058,0.2689981695753566,5.752812749322709,6.367841180929415,0.15426772625665058,-9.870459271338103,-0.5535767927438006,-2.584448632262409,0,0,0,0,0,0,6.781745445276846,6.791436579563188,6.77212259967416,6.789427335183863,0,0,0,0,0,0,1565.8488440610515
0.4105155243897854,-0.6638613945516758,-2.88992078481874,1.6466114975945023,-0.7133860381014185,0.14110968170424407,0.6401925846375055,0.24763253612245484,5.447936611580832,6.57838138046736,0.05400661230154739,-9.709824561770713,-0.558258906835367,-2.5849871450918895,0,0,0,0,0,0,6.774883055192262,6.793098527070604,6.749388739682951,6.79212287938233,0,0,0,0,0,0,1565.8488440610515
0.4187258348775811,-0.6204358413537511,-2.835132196892,1.6466318511189033,-0.7225060030540228,0.1077701554560284,0.6442215722070459,0.22660369601347127,5.128152732195679,6.7636457544509,-0.04962567234646078,-9.326157173540931,-0.576758529938233,-2.586742355003089,0,0,0,0,0,0,6.767152725486742,6.7940164506775425,6.671319728741876,6.793541780483666,0,0,0,0,0,0,1565.8488440610515
0.4269361453653768,-0.5796813794549679,-2.778929862674448,1.6457873336506033,-0.7297059367838175,0.07614607152891882,0.6470736611562146,0.2074287797077747,4.798433166791568,6.922709446970478,-0.15658165783568348,-8.05536994152551,-0.668214906149397,-2.5951329747054435,0,0,0,0,0,0,6.765177177825585,6.794479826548482,6.277053957836279,6.794317702683897,0,0,0,0,0,0,1565.8488440610515
0.43514645585317246,-0.5416528816724313,-2.7215241813263695,1.644053898660268,-0.7338645047025025,0.04976064385827685,0.649007316875871,0.19430972621601691,4.46506038358538,7.057619332279841,-0.26589221441172833,-5.100263279657199,-0.9055137464177888,-2.616816660173612,0,0,0,0,0,0,6.769959616093034,6.794686034186095,5.748405436171288,6.7947770081671255,0,0,0,0,0,0,1565.8488440610515
0.44335676634096816,-0.506381058374364,-2.6630772412748285,1.6414189414562614,-0.7343935987544645,0.031426474122355615,0.6506433805245612,0.19063475604483787,4.124748236615744,7.178556808952013,-0.37606639248085894,-2.556907475608811,-1.1108881463444142,-2.6355629184040867,0,0,0,0,0,0,6.77632352201361,6.794746161110204,6.492321275412741,6.7950758753053515,0,0,0,0,0,0,1565.8488440610515
0.45156707682876385,-0.47394605418606156,-2.60366345466879,1.6378810985275494,-0.7332194640115094,0.017009441634025856,0.6522392828800871,0.19153019176631955,3.7755012932506022,7.293422131278067,-0.4854842831826953,-1.720348899757323,-1.1729282115565585,-2.6412050754086254,0,0,0,0,0,0,6.7815385686496095,6.794718102791706,6.67168024087328,6.7952887420972035,0,0,0,0,0,0,1565.8488440610515
0.45977738731655954,-0.4443947260626646,-2.5433287513682665,1.6334523395008695,-0.7313417247516968,0.004085301491705866,0.6537849654080912,0.19413348746487935,3.422661915593492,7.403062205450993,-0.5929847866294843,-1.3309074891145205,-1.199355294426573,-2.6435803635060746,0,0,0,0,0,0,6.785355341463208,6.794626525909794,6.728297847462384,6.795449817042146,0,0,0,0,0,0,1565.8488440610515
0.46798769780435523,-0.41774972506282776,-2.482112829482691,1.6281502939486348,-0.7290464160798202,-0.008057652111742227,0.655269305723142,0.1976070201706596,3.0676536934623377,7.508189122277238,-0.6981703450064711,-1.101779213738512,-1.214121804254328,-2.644875427172947,0,0,0,0,0,0,6.7880952111752215,6.794483364126983,6.752933650426613,6.795577477958949,0,0,0,0,0,0,1565.8488440610515
0.4761980082921509,-0.39402640958321017,-2.4200506173426453,1.6219948016721306,-0.7264485765759201,-0.01971024550815736,0.6566869222830186,0.20160917120826755,2.711009785462444,7.609281560793384,-0.8008589138634771,-0.9502573426223387,-1.2238037138151556,-2.645689714907116,0,0,0,0,0,0,6.79008621591681,6.7942950266547815,6.765950251357522,6.795682595174878,0,0,0,0,0,0,1565.8488440610515
0.4844083187799466,-0.37323696509514903,-2.3571738586683346,1.6150068063004586,-0.7236079289137742,-0.03102511268546265,0.6580343845115888,0.20596057000413276,2.353009467264753,7.706652441737613,-0.9009525800534117,-0.8434880542016391,-1.2308586501257408,-2.6462463379636847,0,0,0,0,0,0,6.791563582146459,6.7940654848795745,6.773739650996142,6.795772051968581,0,0,0,0,0,0,1565.8488440610515
0.4926186292677423,-0.3553917571464257,-2.2935122046272185,1.6072078574436321,-0.7205605507036508,-0.04209490099809551,0.6593089969922111,0.2105520329152316,1.9938292430325293,7.800506898856561,-0.9983975109796475,-0.7655762460356978,-1.2364053946980782,-2.6466459986154365,0,0,0,0,0,0,6.7926839492098035,6.793797822797536,6.778819695226436,6.795850341046454,0,0,0,0,0,0,1565.8488440610515
0.500828939755538,-0.34049998173183627,-2.2290939299380566,1.5986198234308757,-0.7173311061010416,-0.052982799707765815,0.6605081545448911,0.21530881295173557,1.6335767817511295,7.890980839675495,-1.0931683897026392,-0.7093438956440352,-1.2409132756620591,-2.6469342576993706,0,0,0,0,0,0,6.7941213670549905,6.793998699586606,6.7834877590314715,6.796277364727342,0,0,0,0,0,0,1565.8488440610515
0.510784461023515,-0.3264166295701427,-2.1500070673525764,1.5871793640364509,-0.7131965576204845,-0.06600619748215501,0.6618573169846617,0.2212210298459508,1.1954580726834048,7.996254343868831,-1.2044906930614008,-0.6581091889032533,-1.2458226363751168,-2.6472064423816772,0,0,0,0,0,0,6.7949397102001585,6.79369289415885,6.784764216484791,6.796503391351292,0,0,0,0,0,0,1565.8488440610515
0.5207399822914921,-0.316701249350569,-2.06989610733614,1.5746501853321864,-0.7088340948036476,-0.07886505664612843,0.6630921722626091,0.22725162258639817,0.7561080429894472,8.09672312293136,-1.3118882208426765,-0.6133992549674431,-1.2511650152090197,-2.6474600230730796,0,0,0,0,0,0,6.795145236316143,6.792421069953638,6.7839199648472475,6.7963656089836375,0,0,0,0,0,0,1565.8488440610515
0.5306955035594692,-0.3113653440594368,-1.9888086762023445,1.5610712553133042,-0.704246515376242,-0.09157196946605328,0.6642170030201462,0.233382074906073,0.3156686405236133,8.192427371159551,-1.4153825938441746,-0.5721145514525358,-1.2574896257578723,-2.64770838830947,0,0,0,0,0,0,6.795286345977371,6.790697993560441,6.78269494861434,6.796229493743162,0,0,0,0,0,0,1565.8488440610515
0.5406510248274462,-0.31041919492877,-1.9067920482465335,1.546481326409233,-0.6994341153514202,-0.10413655595236071,0.6652371933286719,0.23959752212647845,-0.12574661448847765,8.283396191490008,-1.514994603469441,-0.5340561231456272,-1.265172874199517,-2.647948166163696,0,0,0,0,0,0,6.795359653035812,6.788352139821294,6.7808282660903565,6.796100936009312,0,0,0,0,0,0,1565.8488440610515
0.5506065460954233,-0.3138719398363748,-1.8238932944379156,1.5309189566861092,-0.6943951101888253,-0.11656759664412292,0.6661593636925829,0.24588438039687602,-0.5680208163447223,8.369641370569484,-1.6107422798971966,-0.4984328989858897,-1.274795932175813,-2.6481801738067863,0,0,0,0,0,0,6.795364105675508,6.785147756669909,6.777919682649035,6.795983068008981,0,0,0,0,0,0,1565.8488440610515
0.5605620673634003,-0.3217315116022641,-1.7401594514766723,1.514422547271852,-0.6891236586211578,-0.12887046218519743,0.6669928202942101,0.252233155593668,-1.0110273995662888,8.451158446951732,-1.7026383871339552,-0.4631444209464319,-1.2872597286043115,-2.6484153528073966,0,0,0,0,0,0,6.795298434783623,6.780776134516887,6.773238927821158,6.795875528293237,0,0,0,0,0,0,1565.8488440610515
0.5705175886313774,-0.33400448622165735,-1.6556376657580134,1.4970304234074159,-0.6836054984334881,-0.14104034200321033,0.6677526346842555,0.2586456326933727,-1.4546174188371082,8.527931358278318,-1.7906834580361997,-0.42258177517876894,-1.3040280061286271,-2.6486922751689685,0,0,0,0,0,0,6.7951599995328325,6.774859702002293,6.76524531715728,6.795774001134717,0,0,0,0,0,0,1565.8488440610515
0.5804731098993544,-0.35069572862393894,-1.5703752512743043,1.4787810310220657,-0.6778067611188625,-0.15304278338388694,0.6684673808613855,0.26515516544089723,-1.898588409164396,8.599947065136524,-1.8748474761236527,-0.3610623386962125,-1.3277438320084765,-2.6491289790686285,0,0,0,0,0,0,6.794944563056293,6.766954022349264,6.750103750374477,6.795669933444901,0,0,0,0,0,0,1565.8488440610515
0.5904286311673315,-0.37180745309189517,-1.4844194935914852,1.4597134408703165,-0.6716405058540805,-0.16475259096184275,0.6692022720432436,0.2718895616966483,-2.3425836698534734,8.667238072737549,-1.9550196050018527,-0.2299421326499645,-1.3643059386397327,-2.650103273196271,0,0,0,0,0,0,6.794647147727815,6.756407148880887,6.715659844221139,6.795549939926655,0,0,0,0,0,0,1565.8488440610515
0.6003841524353085,-0.3973357880098591,-1.3978167576908678,1.4398687200347555,-0.6648312463247774,-0.1757041913621702,0.6701527946260143,0.27932540683395085,-2.7855937748082025,8.730005129782128,-2.030853679969119,0.1712365566979548,-1.4336253102987975,-2.653188241295477,0,0,0,0,0,0,6.794265220956276,6.741427929476033,6.603062507543869,6.795393532692657,0,0,0,0,0,0,1565.8488440610515
0.6103396737032856,-0.42723885691588104,-1.310611375221372,1.419293361607363,-0.655496842897717,-0.18249348771291435,0.6726018527545224,0.2909067953222918,-3.218630271240847,8.788776792367623,-2.10116487857983,3.079716784204464,-1.7348724241211846,-2.675981841615049,0,0,0,0,0,0,6.793803515244546,6.713953225456914,5.5417494570675085,6.795165375458017,0,0,0,0,0,0,1565.8488440610515
0.6202951949712626,-0.4613857847416199,-1.2228094253103383,1.398076994405493,-0.6380670653761482,-0.17567968568463121,0.6798786344973964,0.3158672355183032,-3.6405698811322385,8.852042654980567,-2.1575471295112747,7.726165294195084,-2.2463825694569963,-2.7124510694839077,0,0,0,0,0,0,6.793300132964532,6.582345347573276,5.65971730430558,6.794776105333685,0,0,0,0,0,0,1565.8488440610515
0.6302507162392397,-0.49965963882354647,-1.1343067863427923,1.3764213749644458,-0.6117804225541857,-0.15744502768450222,0.69102564356813,0.3513108847845453,-4.042505747652442,8.929854207513406,-2.1884076104538024,9.803111023160502,-3.073307476222845,-2.728720455945852,0,0,0,0,0,0,6.792460269418294,5.306592336307431,5.294819753964769,6.7942767220505385,0,0,0,0,0,0,1565.8488440610515
0.6402062375072167,-0.5416217644528182,-1.044994541465421,1.3545652467260902,-0.5775487732447104,-0.13888513952424827,0.7052670861797016,0.38697114840056684,-4.368153640300652,9.010302306120668,-2.2015124692234123,9.871715362795076,-5.4832565211306425,-2.729187340811822,0,0,0,0,0,0,6.791015614879461,1.9787678871981282,1.963892315505997,6.793621928605111,0,0,0,0,0,0,1565.8488440610515
0.6501617587751938,-0.5865267940334195,-0.9548899277189835,1.3326800123669158,-0.5307298150758891,-0.1253984813093903,0.7257234178936834,0.41943605590783584,-4.6608392122734,9.094821840396316,-2.185086321055603,9.920907914663566,-8.36459419850948,-2.7294836598135994,0,0,0,0,0,0,6.788580384623847,4.0631724776912,4.062346919846196,6.792653867449502,0,0,0,0,0,0,1565.8488440610515
0.6601172800431708,-0.6345672737784449,-0.8638463136697608,1.3112952836862184,-0.4741428602055052,-0.11552276514882327,0.7485754300759241,0.44886285693422856,-4.996556379794618,9.197834424979929,-2.097432649355958,9.942669346893299,-9.589668929786662,-2.7294430234617497,0,0,0,0,0,0,6.783887617864149,6.305467020240991,6.3076108530158645,6.791180282372789,0,0,0,0,0,0,1565.8488440610515
0.6700728013111479,-0.686029954986011,-0.7717416721852488,1.2911534435299499,-0.41293300295918045,-0.10635543192270086,0.7692858429642765,0.4757879243763883,-5.33758977745988,9.304085765631715,-1.9397486761742768,9.960416834986829,-9.839487353270352,-2.728948362860639,0,0,0,0,0,0,6.77226004529609,6.601469647966375,6.614932593626035,6.788825000578147,0,0,0,0,0,0,1565.8488440610515
0.6800283225791249,-0.7407347396118492,-0.678629479778542,1.2728424713733288,-0.34901180605650944,-0.09697406352017468,0.7864680170332545,0.5002547835067036,-5.6457155748442265,9.399191196630138,-1.7311267250107452,9.967669628190917,-9.93368937274309,-2.7265279372352444,0,0,0,0,0,0,6.7242480324420315,6.651231019029262,6.71110696178852,6.784538798248708,0,0,0,0,0,0,1565.8488440610515
0.689983843847102,-0.7982614379976705,-0.5846595871291754,1.2567745853344758,-0.283068703974237,-0.08720767601096871,0.799809054072855,0.522084674260983,-5.899826431821561,9.474704756125991,-1.4958280053605675,9.972924292497325,-9.970778414102506,-2.679650475304285,0,0,0,0,0,0,5.4824222749944,5.4608291271356,6.750657332781625,6.7744503862929815,0,0,0,0,0,0,1565.8488440610515
0.699939365115079,-0.8578788440731798,-0.4900885394082585,1.2428603508885685,-0.21563726580755557,-0.07684726583183892,0.8094662468917216,0.5407027487189637,-6.056613619007618,9.517599222286018,-1.3210987059748336,9.977033565740374,-9.981130335729375,-2.4043292906256637,0,0,0,0,0,0,0.14194192118898127,0.1386575642952138,6.7549381772069665,6.758108488660604,0,0,0,0,0,0,1565.8488440610515
0.7098948863830561,-0.9186218917474707,-0.39523183581139126,1.2302601083077078,-0.1472386660925271,-0.06568601899469723,0.8160993307421901,0.5549666697001459,-6.141608989325289,9.536475548417515,-1.2085773495172452,9.978205446030763,-9.982548299020056,-1.9416993823340651,0,0,0,0,0,0,0.07817694798769391,0.07912595213318735,6.745226418851738,6.745115503948163,0,0,0,0,0,0,1565.8488440610515
0.7198504076510331,-0.9800712572558268,-0.3002487883459518,1.2188238879230973,-0.0782438103790258,-0.05384873743897436,0.8199099197284854,0.5645581840204147,-6.198461319633842,9.542888774031356,-1.0877477078042204,9.979113977683252,-9.982585749414847,-1.4770682796897263,0,0,0,0,0,0,0.061921057387590545,0.061956695088682574,6.735751286859459,6.73544110113914,0,0,0,0,0,0,1565.8488440610515
0.7298059289190102,-1.0419450861631074,-0.20526594465385023,1.2086183180718852,-0.008982825825293568,-0.041562664274188435,0.8209343765792065,0.5694370932149865,-6.226815011370882,9.536374034774315,-0.961978271970564,9.979223531135059,-9.982604849111173,-1.0121200021073595,0,0,0,0,0,0,0.057481599815724066,0.058059673105091865,6.7334639123981015,6.733321524760931,0,0,0,0,0,0,1565.8488440610515
0.7397614501869872,-1.1039581268800482,-0.11041334105154921,1.1996735507685383,0.06022817271971378,-0.029046973818677983,0.8192030372617289,0.5695921560765911,-6.226406679667277,9.516712180814514,-0.8351082952902352,9.979121530887115,-9.982435604294745,-0.5470054833581334,0,0,0,0,0,0,0.06166177732859256,0.061904449222802145,6.740538909616892,6.739884456627258,0,0,0,0,0,0,1565.8488440610515
0.7497169714549643,-1.1658238894843012,-0.01582173415799933,1.1919811510499505,0.12907063407029576,-0.016530139327945115,0.8147397861188722,0.565036819003386,-6.197255843683283,9.483978932190347,-0.7110358106756767,9.97829420559286,-9.982064099014963,-0.08196390875254099,0,0,0,0,0,0,0.07758995891040472,0.07829546466824497,6.751790171575423,6.751151169817662,0,0,0,0,0,0,1565.8488440610515
0.7596724927229414,-1.2272572330566476,0.07838009472881516,1.1854951271131882,0.19723069268617052,-0.004228684304556818,0.80756154604192,0.5558115880817618,-6.139573487114141,9.438466054875345,-0.5932778507350301,9.976857351098975,-9.978944566390762,0.38126359522957065,0,0,0,0,0,0,0.1319832126339839,0.13905067966732965,6.765780266633417,6.757984183605301,0,0,0,0,0,0,1565.8488440610515
0.7696280139909184,-1.2879007335011063,0.17201678897977907,1.1803154156310434,0.2643685543260239,0.007700354594626659,0.7975645933572146,0.5421629749859593,-6.029991257003595,9.365029986388002,-0.43187370213660436,9.973137692264912,-9.964637306558789,0.7127498700470982,0,0,0,0,0,0,3.857023276812834,3.8863143780521954,6.779485281118206,6.749192591833309,0,0,0,0,0,0,1565.8488440610515
0.7795835352588955,-1.3470379204451637,0.26469756118206234,1.1771232098140594,0.33008803799269903,0.01938284385567029,0.7842451852982512,0.525000649404083,-5.835659119126471,9.246620815668008,-0.20203130084041773,9.968786480026575,-9.919203704806428,0.8156962562827808,0,0,0,0,0,0,6.630663860421934,6.719042173865391,6.78702149554123,6.6976106465599035,0,0,0,0,0,0,1565.8488440610515
0.7895390565268725,-1.4038701641814717,0.356026213267812,1.1762882887699848,0.3938807418035996,0.03109265561785064,0.7673001280968141,0.5051155525476209,-5.574554780218238,9.09832706361023,0.027112090369898468,9.962297584663812,-9.804862847348458,0.8184945082429218,0,0,0,0,0,0,6.561482169751343,6.770833540394609,6.790283048919179,6.578962311591435,0,0,0,0,0,0,1565.8488440610515
0.7994945777948496,-1.4579129310361039,0.44581919458453473,1.177501259005326,0.4550142241536777,0.04308405150475339,0.7470229751164978,0.4827654658028666,-5.27734199263562,8.93939734949186,0.20768202738715807,9.945450907035546,-9.508318627920898,0.8191688105824183,0,0,0,0,0,0,6.219442949565762,6.78292029898854,6.792167223628642,6.222982624822172,0,0,0,0,0,0,1565.8488440610515
0.8094500990628266,-1.508913570752731,0.5340312674701341,1.180207742371328,0.5117944984880869,0.05619568244917576,0.7246252893754251,0.4580683645363217,-4.970148455249138,8.784383562378878,0.3238752529137546,9.923999219309794,-8.469192826237546,0.8193348559491443,0,0,0,0,0,0,4.633695046772389,6.787833880884718,6.7933880069419805,4.635205200265667,0,0,0,0,0,0,1565.8488440610515
0.8194056203308037,-1.5569425519191677,0.6207930978475341,1.183720374714482,0.5603248577429885,0.07275441931141435,0.7035232904618486,0.43104272183125003,-4.683635688603566,8.649880200827024,0.3712859527017493,9.864549885558539,-6.114637618323167,0.8190462549373508,0,0,0,0,0,0,2.788623912140647,6.790418059280016,6.794220960057879,2.7695780424559344,0,0,0,0,0,0,1565.8488440610515
0.8293611415987807,-1.6021371210267656,0.7062925105596365,1.1874733434565887,0.5974767916409358,0.09450871572269011,0.6874928582458084,0.40179989542546013,-4.386819937761513,8.525491212934092,0.3795935670126589,9.794525195676508,-3.5416351686705374,0.8186330232720687,0,0,0,0,0,0,4.06781226316198,6.791985347028209,6.794812245564426,4.061840619002821,0,0,0,0,0,0,1565.8488440610515
0.8393166628667578,-1.6440891374998292,0.7905358343318759,1.1912198876259132,0.6254446942333804,0.11900281744815862,0.6757464198518204,0.3715158676990269,-4.029960666399288,8.398193839073143,0.37014735123028286,8.940201888489144,-2.121612367846868,0.8120381249351152,0,0,0,0,0,0,5.98944164172981,6.7930113809939385,6.795249235952854,5.6147770737486224,0,0,0,0,0,0,1565.8488440610515
0.8492721841347348,-1.6822459715990195,0.8735440708958929,1.1947660711651065,0.6448890203030343,0.1378084153231779,0.6669618471699795,0.34682688272150475,-3.633856860523676,8.280191325704406,0.3383410639637348,4.909580536436017,-1.3780758155071786,0.7804556348339631,0,0,0,0,0,0,6.559003167901529,6.793674018422148,6.7956033717731446,5.1182137676337796,0,0,0,0,0,0,1565.8488440610515
0.8592277054027119,-1.7163860771444255,0.9554294306915082,1.1979038269954496,0.6535037914094786,0.14210353652081553,0.6628740334436404,0.33665619748918,-3.2204768204271033,8.17014002513833,0.290456690845688,1.1974435054849328,-0.9110910404744708,0.7513770241855259,0,0,0,0,0,0,6.643239765330747,6.794220055594595,6.795854662358178,6.4117554956416445,0,0,0,0,0,0,1565.8488440610515
0.8691832266706889,-1.7463221245639104,1.0362129477514315,1.2005331929263248,0.6580856690873275,0.14092558265820015,0.6608581038091077,0.3321592975127476,-2.792667097808424,8.058645268656802,0.23696598307522412,0.5246092951482876,-0.7570251301987527,0.7461896216898265,0,0,0,0,0,0,6.69383002891022,6.794651288251134,6.796058350213122,6.62460198027764,0,0,0,0,0,0,1565.8488440610515
0.879138747938666,-1.7719803034285013,1.1158816763121633,1.2026095436297684,0.6615851440726361,0.13859114811754894,0.6594749809948852,0.32892300048437606,-2.361597290902721,7.946109923951825,0.17958650854804104,0.2792106717974291,-0.6722784164761165,0.744351732609338,0,0,0,0,0,0,6.729144162854827,6.794980819536289,6.79623853795369,6.690247955739281,0,0,0,0,0,0,1565.8488440610515
0.889094269206643,-1.793339805247431,1.1944241517482415,1.2040989816111418,0.6645179587032518,0.1357252206565374,0.658433488779125,0.32628191474972623,-1.9292599559366579,7.832345387578279,0.11917802748778009,0.11299750947887872,-0.6163857326362594,0.7431291001152579,0,0,0,0,0,0,6.752130151418536,6.795224846438195,6.79640617438683,6.718424811391359,0,0,0,0,0,0,1565.8488440610515
0.8990497904746201,-1.810392204034144,1.2718269511646936,1.2049744622782825,0.6670204840733501,0.1324174072520984,0.6576392832342829,0.32412941432440895,-1.496416740145182,7.717107554944331,0.056339969111035414,-0.04214059678344024,-0.5755790580352821,0.7419906410437019,0,0,0,0,0,0,6.76658706459689,6.795398687463041,6.796566110104451,6.7326006781207965,0,0,0,0,0,0,1565.8488440610515
0.9090053117425971,-1.8231348103976208,1.3480738529816363,1.2052144782847245,0.6691365771884386,0.1286562881292465,0.6570519042370441,0.32246952682667457,-1.063510198277673,7.600071942997841,-0.008395472272730804,-0.20098067993356222,-0.543343540871867,0.7408240031782317,0,0,0,0,0,0,6.775711076544988,6.79551628827296,6.796719329080894,6.740356453123963,0,0,0,0,0,0,1565.8488440610515
0.9189608330105742,-1.8315686452844386,1.423145024797075,1.2048027177184906,0.6708811494386137,0.12441455332329009,0.6566497741985581,0.3213262770055907,-0.6308589712490217,7.480839081300768,-0.07451201402270928,-0.3654372259874784,-0.5162731376355698,0.7396170026936539,0,0,0,0,0,0,6.781576714029515,6.795591878258834,6.796863902041149,6.745159599949783,0,0,0,0,0,0,1565.8488440610515
0.9289163542785512,-1.8356975694705102,1.4970163532804195,1.2037279825621345,0.6722612367114149,0.11967201662850073,0.6564171894149781,0.3207178066335692,-0.1987204003616583,7.35895158965323,-0.1414983549875732,-0.5317426496366392,-0.4927021071035065,0.7384008583271756,0,0,0,0,0,0,6.7854180532541335,6.795642174903944,6.796995667296103,6.749379386137433,0,0,0,0,0,0,1565.8488440610515
0.9388718755465283,-1.8355278002291506,1.5696589788518232,1.201984115127746,0.6732893427094352,0.11443080105072588,0.6563365079632797,0.32063911345834556,0.23268769347145696,7.233918284362074,-0.20885586621160615,-0.6907148320128425,-0.4721610528542966,0.7372476928476921,0,0,0,0,0,0,6.787952005114396,6.7956885711347965,6.797108726906647,6.7549937384751235,0,0,0,0,0,0,1565.8488440610515
0.9488273968145053,-1.831067742143036,1.6410391869022567,1.199569751722393,0.6739884346300519,0.1087199240782818,0.6563857087692568,0.32105664518403226,0.6631237199943897,7.105265185273618,-0.2761239545988041,-0.8391283561268134,-0.45387045581982455,0.7361840341596121,0,0,0,0,0,0,6.788776467887937,6.79549227070992,6.797027745354204,6.757686581422105,0,0,0,0,0,0,1565.8488440610515
0.9577679245503777,-1.8234151393737636,1.7040347281792452,1.1968324628739189,0.6743389731653434,0.10319622085744139,0.6565301380115588,0.32184727302491756,1.048562680193902,6.986296725721278,-0.3361152171287365,-0.9826542363750557,-0.4368320188166307,0.7351566098543756,0,0,0,0,0,0,6.788199241091697,6.7951535872080795,6.796837913059544,6.750355863036121,0,0,0,0,0,0,1565.8488440610515
0.9667084522862501,-1.812322190355757,1.7659508316073824,1.1935618085269943,0.6743881409073906,0.09724081400799849,0.6567772930301576,0.32309200988961917,1.4327053605225037,6.8637279432663,-0.39538006635237577,-1.149796579648683,-0.41755633441671275,0.7339490820428373,0,0,0,0,0,0,6.787750087929271,6.795063226818549,6.796776144103946,6.744965829021886,0,0,0,0,0,0,1565.8488440610515
0.9756489800221225,-1.7978012070857676,1.826753426970528,1.1897659114034258,0.6740979746923764,0.09080139765836007,0.6571321511047811,0.3248451364624811,1.8153859864648925,6.737129516924123,-0.45354822673356426,-1.329659821914937,-0.3968738266166611,0.732642261816798,0,0,0,0,0,0,6.787124584227395,6.794992441493285,6.796698131302851,6.742907941615294,0,0,0,0,0,0,1565.8488440610515
0.9845895077579949,-1.7798661197104408,1.8864044345185593,1.1854563256532513,0.6734494814137754,0.08386020798371037,0.6575893670186147,0.3271230439521243,2.1964057424399064,6.606040316761779,-0.5102271529822378,-1.51014990138298,-0.3757110253368517,0.731329498760298,0,0,0,0,0,0,6.786367029463035,6.794930245837906,6.796608221028729,6.743232861796505,0,0,0,0,0,0,1565.8488440610515
0.9935300354938673,-1.7585328104850302,1.9448616522610251,1.180648106386989,0.6724389007701369,0.07642710541543958,0.6581360195919207,0.3299118094348399,2.575527164050042,6.470004237585537,-0.5650300333294975,-1.6838839562660843,-0.35462398010073237,0.7300679365453622,0,0,0,0,0,0,6.785517082575071,6.794868091154971,6.796509838696124,6.744632878597008,0,0,0,0,0,0,1565.8488440610515
1.0024705632297397,-1.7338194375988614,2.0020789093398186,1.1753596740813523,0.6710699132285279,0.0685258819113824,0.6587556650837892,0.33318215556619746,2.9524801537762295,6.32859184359674,-0.6175926891157674,-1.848158640971838,-0.33379706419707866,0.7288785576074371,0,0,0,0,0,0,6.784612361999059,6.794799936033389,6.796405602223256,6.746161229672084,0,0,0,0,0,0,1565.8488440610515
1.011411090965612,-1.7057466887793864,2.058006346541504,1.169612579021385,0.6693474311912663,0.06018343988924275,0.6594311921195304,0.3369012804673885,3.3269701782972727,6.181407952111299,-0.6675795111026261,-2.003318430930314,-0.31318051902964955,0.7277588258732341,0,0,0,0,0,0,6.783688249521277,6.794721881713204,6.796297411631672,6.747320002983264,0,0,0,0,0,0,1565.8488440610515
1.0203516187014843,-1.6743379744326572,2.112590723705031,1.1634312463309657,0.6672739728294985,0.05142353392270988,0.6601461994960344,0.3410396760410428,3.6986831836986265,6.02809095617613,-0.7146825426575939,-2.15125252128256,-0.29261652082517714,0.7266943484854334,0,0,0,0,0,0,6.782776128888493,6.794631689245745,6.796186534615859,6.7479066554088165,0,0,0,0,0,0,1565.8488440610515
1.0292921464373566,-1.639619595217113,2.165775702040655,1.1568427457195254,0.6648479122999453,0.042263860080535176,0.6608853606393229,0.34557424634097006,4.067286560899604,5.86830844941878,-0.7586173478307227,-2.294479249270621,-0.27191357428119267,0.7256659501997724,0,0,0,0,0,0,6.781901161802425,6.794528335149359,6.796073696547321,6.747869264027422,0,0,0,0,0,0,1565.8488440610515
1.0382326741732288,-1.601620914508503,2.2175020806366024,1.149876604026406,0.662062744360898,0.03271501383049927,0.6616342424040484,0.35048934317295233,4.432427311198979,5.701751640543701,-0.7991178305546996,-2.4356809299633744,-0.25088102815233065,0.7246532357009287,0,0,0,0,0,0,6.781080588960601,6.7944116565191806,6.795959177257942,6.747221915813639,0,0,0,0,0,0,1565.8488440610515
1.0471732019091011,-1.5603745555686572,2.2677079823279045,1.1425646645131815,0.6589068169624817,0.02278037332790537,0.6623788638920403,0.35577675840406164,4.793728501769588,5.528129751145655,-0.8359310829908275,-2.5774837934083408,-0.22934192308891047,0.723636249628965,0,0,0,0,0,0,6.7803232033820375,6.794282086130066,6.7958429124615956,6.746004698243573,0,0,0,0,0,0,1565.8488440610515
1.0561137296449734,-1.5159166354495692,2.316328991674352,1.1349409901162173,0.6553632647356397,0.01245643647255386,0.6631051390789496,0.36143519882896896,5.150784672086736,5.347164977698735,-0.8688127613741665,-2.7223505562581356,-0.20713638099456316,0.7225962712899358,0,0,0,0,0,0,6.779630138516082,6.794140461322012,6.795724594835947,6.744268007505803,0,0,0,0,0,0,1565.8488440610515
1.0650542573808457,-1.4682870432488313,2.363298251676783,1.1270418047538837,0.651410037165186,0.0017334085071737462,0.6637982701136945,0.36746947542546304,5.50315654951502,5.158588345377647,-0.8975232270277019,-2.8725183862875805,-0.18412207666153912,0.7215162686568924,0,0,0,0,0,0,6.778996653231444,6.793987889554828,6.795603768800506,6.7420685158993585,0,0,0,0,0,0,1565.8488440610515
1.073994785116718,-1.4175297678808874,2.40854652829741,1.1189054651933212,0.6470199944412645,-0.009404033934278109,0.6644421232259364,0.3738894968062067,5.850365286225238,4.962136688718211,-0.9218245887264455,-3.0299513478984075,-0.16017491111216045,0.7203812510743732,0,0,0,0,0,0,6.7784143523623825,6.793825658365415,6.7954799135234705,6.739470332683523,0,0,0,0,0,0,1565.8488440610515
1.0829353128525903,-1.3636932788878833,2.4520022537975366,1.1105724549358815,0.6421610819463668,-0.020975817552989495,0.6650186064032747,0.3807090924169027,6.191886385192823,4.757550966841543,-0.9414787520576099,-3.196292948283502,-0.1351912050291012,0.719178630342255,0,0,0,0,0,0,6.777873286155078,6.793655183257618,6.795352509979633,6.736548404828683,0,0,0,0,0,0,1565.8488440610515
1.0918758405884625,-1.30683096227352,2.493591561737329,1.1020853906555357,0.6367966156397223,-0.033005371777643434,0.6655070668128795,0.38794466070012185,6.527143500406521,4.544576117559588,-0.9562465801655493,-3.3728106226325525,-0.10909187234313567,0.717898650994481,0,0,0,0,0,0,6.777363536001231,6.793477991736982,6.795221089324965,6.733393037158768,0,0,0,0,0,0,1565.8488440610515
1.1008163683243348,-1.2470016114447076,2.5332383283203064,1.0934890307525693,0.6308857281463527,-0.04551831914095195,0.6658837318826258,0.3956136199094974,6.855502357474645,4.322962657516709,-0.9658882799990862,-3.5603254472284895,-0.08182871024741015,0.7165349390869344,0,0,0,0,0,0,6.776876098188662,6.793295744403373,6.795085261078317,6.7301153389944295,0,0,0,0,0,0,1565.8488440610515
1.109756896060207,-1.1842699707308622,2.570864236626067,1.0848302745079295,0.6243840454472921,-0.05854090510246284,0.666121229811872,0.4037326261457918,7.1762651394989065,4.092470236780008,-0.9701651409684068,-3.75912015012182,-0.05339288779509609,0.7150852204180294,0,0,0,0,0,0,6.776403043256639,6.793110294294283,6.7949447205566695,6.726853685508765,0,0,0,0,0,0,1565.8488440610515
1.1186974237960794,-1.1187073252941993,2.606388882123552,1.0761581391344872,0.6172446881128625,-0.0720980994139126,0.6661882433543955,0.41231551447131054,7.48866581675269,3.852873351477492,-0.9688427644298288,-3.9688192599753696,-0.023825669629425946,0.7135522530605091,0,0,0,0,0,0,6.775937034107052,6.792923783156738,6.794799235922917,6.723780778725294,0,0,0,0,0,0,1565.8488440610515
1.1276379515319517,-1.0503921262570528,2.63972993961665,1.0675237007535459,0.6094197137851184,-0.0862112946910558,0.666049375145017,0.42137092328100767,7.791867060599249,3.603969401479057,-0.9616959271710421,-4.188240540739227,0.006768965418681429,0.7119449776903298,0,0,0,0,0,0,6.775470345845547,6.792738767566173,6.794648616481953,6.721109291903652,0,0,0,0,0,0,1565.8488440610515
1.136578479267824,-0.9794106333740125,2.670803413288203,1.0589799840845395,0.6008621233258832,-0.10089555111579446,0.6656653308226419,0.4308995983499338,8.084959553058418,3.3455892386373227,-0.9485152083232943,-4.415231078056577,0.03821125718852657,0.7102797782939231,0,0,0,0,0,0,6.774993567016589,6.792558358385734,6.794492665964008,6.719091317698845,0,0,0,0,0,0,1565.8488440610515
1.1455190070036962,-0.905857549646748,2.699523992437627,1.0505817846848873,0.5915285130219609,-0.11615641908555444,0.6649935478082397,0.44089146732575757,8.366964643595955,3.0776102553023112,-0.9291154530933939,-4.646527177416939,0.07023566885054894,0.7085815447286341,0,0,0,0,0,0,6.774494187429628,6.792386344104998,6.794331127794568,6.718003874650259,0,0,0,0,0,0,1565.8488440610515
1.1544595347395685,-0.8298366134655162,2.7258055351396853,1.0423854074595,0.5813823345601241,-0.13198654075967442,0.6639893922623176,0.451322746028641,8.636841349974958,2.7999718581093522,-0.9033460091681652,-4.877709668144494,0.102490107567559,0.7068839763294895,0,0,0,0,0,0,6.773955288341525,6.792227253899648,6.794163633706142,6.718112425880164,0,0,0,0,0,0,1565.8488440610515
1.1634000624754408,-0.751461105371955,2.7495616990847283,1.0344483068177455,0.5703975071998334,-0.1483624772702586,0.6626079864341331,0.4621535626089578,8.893498570174808,2.512692783577853,-0.8711024054518698,-5.103345886144624,0.1345520236532014,0.7052284148173699,0,0,0,0,0,0,6.773354532954915,6.792086304699856,6.793989671756488,6.7196111046755185,0,0,0,0,0,0,1565.8488440610515
1.172340590211313,-0.6708542202934927,2.7707067313879703,1.0268286185772604,0.5585618583271058,-0.16524244364102553,0.6608065955216128,0.47332676720934386,9.13581299305367,2.215889091145418,-0.8323387251018256,-5.317384703812623,0.16596674998111738,0.7036606950125667,0,0,0,0,0,0,6.772663599263812,6.791969176882894,6.793808593311323,6.722553958470104,0,0,0,0,0,0,1565.8488440610515
1.1812811179471854,-0.588149254529154,2.789156415336575,1.019584582654245,0.5458796834045281,-0.18256568954769048,0.6585473203211336,0.48476857070565443,9.362652530852795,1.9097908995824209,-0.787079418706452,-5.513781182468624,0.19630561031032637,0.7022262118612341,0,0,0,0,0,0,6.771848111055162,6.791881586041337,6.793619678685613,6.726808363487504,0,0,0,0,0,0,1565.8488440610515
1.1902216456830577,-0.5034895622524966,2.80482915178599,1.0127738687348924,0.5323727858309847,-0.20025398457895402,0.6557996903368251,0.4963913020198207,9.572904198022826,1.5947553317226717,-0.7354289086189848,-5.6872021439122395,0.22523052049229636,0.70096438906508,0,0,0,0,0,0,6.770868038154302,6.791828669672218,6.793422276014719,6.732062509934991,0,0,0,0,0,0,1565.8488440610515
1.19916217341893,-0.4170282501405644,2.817647129795957,1.0064528322494035,0.518079747012289,-0.21821507521886355,0.6525427345219896,0.5080979593596818,9.765504429357396,1.2712731681913843,-0.6775773326383359,-5.8335874718755605,0.252545289237653,0.6999043335303797,0,0,0,0,0,0,6.769678502293935,6.791814279575881,6.793216016988904,6.7378933230265865,0,0,0,0,0,0,1565.8488440610515
1.2081027011548022,-0.3289275997413929,2.827537522271276,1.0006757406900417,0.5030537300383175,-0.23634735344935676,0.6487662632870688,0.5197876574453782,9.939469221748624,0.9399676424709082,-0.6138013208962191,-5.950387209142077,0.27821783296789127,0.6990630963619077,0,0,0,0,0,0,6.768230985966219,6.791840336018929,6.7930010977372,6.7438653836880755,0,0,0,0,0,0,1565.8488440610515
1.2170432288906745,-0.2393582308887766,2.8344336349903902,0.9954940161967192,0.48735953444385927,-0.25454466882920185,0.6444713499249207,0.5313608706738268,10.093921535115333,0.601585342033954,-0.5444596304059819,-6.036441461001117,0.30237023365721527,0.6984467940992257,0,0,0,0,0,0,6.766475118990001,6.791906420743602,6.792778596147029,6.749616214715683,0,0,0,0,0,0,1565.8488440610515
1.2259837566265468,-0.14849803951980242,2.838275943760201,0.990955537713934,0.47107068589540607,-0.2727003719111708,0.639670212547146,0.5427236269312677,10.228114132316419,0.2569805915427803,-0.46998435757437473,-6.091616132029618,0.3252460371496952,0.6980536837248115,0,0,0,0,0,0,6.764361492765466,6.79200973843763,6.792550780857433,6.754899409121812,0,0,0,0,0,0,1565.8488440610515
1.234924284362419,-0.056530954796448256,2.839012970486117,0.9871040370056084,0.45426709848109587,-0.29071013674152435,0.6343857746996718,0.5537903109408722,10.34144711488466,-0.0929046092839715,-0.39086894388472554,-6.116366750612507,0.34716892868840243,0.6978778109816651,0,0,0,0,0,0,6.761846260287387,6.7921454715056,6.7923213537020155,6.759585301134035,0,0,0,0,0,0,1565.8488440610515
1.2438648120982914,0.036354437255649096,2.836601967567265,0.9839786115539669,0.4370334852249869,-0.30847358913710227,0.6286511269394751,0.5644851974983077,10.433480321930432,-0.4470631097053786,-0.30765420996046183,-6.11137251752594,0.36850371070308807,0.6979120863446272,0,0,0,0,0,0,6.758898493065879,6.792307436400038,6.792095558365646,6.763636290410336,0,0,0,0,0,0,1565.8488440610515
1.2528053398341636,0.12996636023084213,2.831009395545486,0.9816133674290244,0.41945839122589706,-0.32589507864471146,0.6225089856482411,0.5747430891559615,10.50394119993224,-0.8044461428050668,-0.22091337805513608,-6.077316089218701,0.38962405145665285,0.6981501706993146,0,0,0,0,0,0,6.755511153382581,6.7924888734478355,6.791880087915884,6.767075156333605,0,0,0,0,0,0,1565.8488440610515
1.261745867570036,0.2241113661782354,2.8222111892700306,0.9800371981402092,0.40163354923819033,-0.34288404892398217,0.6160111109985498,0.5845094800310453,10.552728717518098,-1.1639869907820337,-0.1312367127907439,-6.014828119689019,0.4108861773009862,0.6985870040370085,0,0,0,0,0,0,6.751715731134505,6.792683192604884,6.791682740402181,6.7699575564419705,0,0,0,0,0,0,1565.8488440610515
1.2706863953059082,0.3185958728180005,2.8101928138925305,0.9792737009585325,0.383653193083616,-0.35935544362397365,0.6092175382145257,0.5937405862044429,10.579913569510039,-1.5246242622509338,-0.03921618734153342,-5.924582480013281,0.4326053535651081,0.6992180785076316,0,0,0,0,0,0,6.747598659418944,6.792884544991862,6.791511812236819,6.7723525666726,0,0,0,0,0,0,1565.8488440610515
1.2796269230417805,0.4132276855010582,2.7949491160844726,0.979341228924956,0.3656129780195701,-0.3752304910154861,0.6021954135546406,0.6024034468773349,10.585734503234923,-1.88532434146522,0.054569471591961224,-5.807507978940046,0.455032575628627,0.7000377224508607,0,0,0,0,0,0,6.743314474131093,6.79308816227606,6.791375282904168,6.774330818519738,0,0,0,0,0,0,1565.8488440610515
1.2885674507776528,0.5078174672837665,2.7764839804064145,0.980253073243824,0.3476082413343312,-0.3904380611856046,0.5950172291089392,0.6104761485902621,10.570590298196544,-2.245102400967667,0.14956890519573296,-5.665061106350818,0.4783316233072125,0.7010368367196612,0,0,0,0,0,0,6.739087378735513,6.793290471405732,6.79127991595955,6.775958241635863,0,0,0,0,0,0,1565.8488440610515
1.297507978513525,0.6021801159003959,2.754809807501464,0.9820177658825979,0.3297315048450827,-0.4049165815025074,0.5877583436766417,0.6179480772487371,10.535026897767391,-2.603041069534621,0.24527076853747465,-5.499478403752857,0.502560345709193,0.7022007360368454,0,0,0,0,0,0,6.735192260403323,6.793489033865467,6.791230450688759,6.777293382104232,0,0,0,0,0,0,1565.8488440610515
1.3064485062493973,0.6961360031715003,2.7299468401141307,0.9846394857019087,0.312069374037736,-0.41861624406222003,0.580493869457223,0.6248199848896607,10.479719532876777,-2.9583056054138916,0.34121410751795567,-5.3139101242973155,0.5276628430418321,0.7035078886432921,0,0,0,0,0,0,6.731911802190471,6.793682374654286,6.791229056670193,6.7783867658394925,0,0,0,0,0,0,1565.8488440610515
1.3153890339852696,0.7895120338580901,2.7019223733370605,0.9881185442824484,0.29469927052707595,-0.43150101146723724,0.5732952542515343,0.631103611545861,10.405450371718356,-3.3101544611188634,0.436995699530031,-5.112352843266188,0.5534787936984092,0.7049302265484396,0,0,0,0,0,0,6.7294784181173455,6.793869763146546,6.791275160838091,6.7792813213384475,0,0,0,0,0,0,1565.8488440610515
1.324329561721142,0.8821424895377087,2.6707698937642603,0.9924519218655079,0.2776866257765816,-0.4435498376591498,0.5662270920125653,0.6368206652177303,10.313083073847604,-3.657944571047414,0.5322738839856626,-4.899360097634619,0.5797714582449064,0.7064352159975426,0,0,0,0,0,0,6.728021596464676,6.794050994154719,6.791365656012791,6.780013293339066,0,0,0,0,0,0,1565.8488440610515
1.3332700894570142,0.9738696386343098,2.6365281949348165,0.9976338217673392,0.26108314300348634,-0.45475665363131557,0.5593447308809175,0.6420011296354727,10.203536291266545,-4.001131456695752,0.6267689190851481,-4.679595901931405,0.6062687751178223,0.707989198441484,0,0,0,0,0,0,6.727542467787392,6.79422619959277,6.791495404396589,6.780613345705766,0,0,0,0,0,0,1565.8488440610515
1.3422106171928865,1.0645441132874254,2.599240511981451,1.003656214425238,0.24492647720855856,-0.4651289942305024,0.5526930708695426,0.646681072013958,10.077758360807909,-4.339265025526473,0.7202604384424366,-4.457357621540922,0.6327067320853837,0.7095610192199976,0,0,0,0,0,0,6.72792457587777,6.794395703804594,6.791657896705846,6.781107697383887,0,0,0,0,0,0,1565.8488440610515
1.3511511449287588,1.154025072686887,2.558953708094748,1.0105093491346677,0.2292413054743912,-0.4746855118076119,0.5463066305379839,0.6509002643835514,9.936705106086972,-4.671982423852272,0.8125829341120757,-4.2361949370202465,0.6588641643968172,0.7111249501274163,0,0,0,0,0,0,6.728972041945438,6.794559921866658,6.7918459285203125,6.781519198986071,0,0,0,0,0,0,1565.8488440610515
1.360091672664631,1.2421801867398714,2.5157175326546293,1.018182220351488,0.21404143973363268,-0.4834528649147691,0.5402106639772357,0.6546999526559705,9.781321981206931,-4.998999373066482,0.9036202665773535,-4.018697025853583,0.6845828097583736,0.7126623343293154,0,0,0,0,0,0,6.730456539826129,6.7947192915035055,6.792052194601693,6.781868273736179,0,0,0,0,0,0,1565.8488440610515
1.3690322004005033,1.3288854814507236,2.4695839590283026,1.0266629838228103,0.19933248994809594,-0.4914625101136646,0.5344229429286221,0.6581210205390642,9.612531009875262,-5.320101177812015,0.9933000515107909,-3.806451224295163,0.7097723858227994,0.7141619196924082,0,0,0,0,0,0,6.732157013049863,6.794874225736885,6.792269753151692,6.782173640278942,0,0,0,0,0,0,1565.8488440610515
1.3779727281363756,1.4140250883916714,2.420606600995377,1.0359393243118515,0.1851146164042422,-0.4987478069019925,0.5289558038701093,0.661202662922715,9.431222319149382,-5.635134235435938,1.0815885218813106,-3.6001309586321955,0.7344044152211379,0.7156192032590057,0,0,0,0,0,0,6.733885195863939,6.795025073960753,6.792492354693145,6.782452723953085,0,0,0,0,0,0,1565.8488440610515
1.386913255872248,1.497490936747652,2.368840200899954,1.0459987808958526,0.17138503519067208,-0.50534167147848,0.5238181402467317,0.6639815665577496,9.238249633459432,-5.9439985387376275,1.1684862150193134,-3.3996600827989543,0.7584995109391152,0.717035194472302,0,0,0,0,0,0,6.735498296355156,6.7951720822067605,6.792714656192888,6.78272166197934,0,0,0,0,0,0,1565.8488440610515
1.3958537836081202,1.5791824196214115,2.314340179462307,1.0568290380051082,0.15814007240835937,-0.5112748699932601,0.5190171217192341,0.6664915244579903,9.034428872243135,-6.246641400555538,1.2540246330255922,-3.204415004335781,0.7821116827838731,0.7184148947711587,0,0,0,0,0,0,6.736904412506485,6.79531534743227,6.792932351625111,6.782994831380955,0,0,0,0,0,0,1565.8488440610515
1.4047943113439925,1.6590060581944106,2.2571622360538406,1.0684181909838486,0.14537664582288254,-0.5165749654606712,0.5145594938290815,0.668763383581184,8.820538914661155,-6.543052432512439,1.3382638710470458,-3.0134500307756493,0.8053112034743531,0.7197656041824999,0,0,0,0,0,0,6.738067050252103,6.795454764641032,6.793142250698132,6.783283890092386,0,0,0,0,0,0,1565.8488440610515
1.4137348390798647,1.7368751788546446,2.1973619886742157,1.0807549943161707,0.1330930700128013,-0.5212659269842405,0.510452331643353,0.6708252270149748,8.597323573582269,-6.83325965114647,1.4212910772903293,-2.8257547739514135,0.8281655477020038,0.7210949832552425,0,0,0,0,0,0,6.739014167497638,6.79558996890744,6.7933423326555005,6.783596425743274,0,0,0,0,0,0,1565.8488440610515
1.422675366815737,1.8127096097245614,2.1349946447045323,1.0938290988288326,0.12128903959499032,-0.5253684589597786,0.5067030913693469,0.6727027043212326,8.365493790389735,-7.117326424138948,1.503219466147494,-2.6405691081770803,0.8507163896524872,0.7224086688728242,0,0,0,0,0,0,6.739854971043199,6.795720276614208,6.793531794175759,6.783934433911289,0,0,0,0,0,0,1565.8488440610515
1.4316158945516093,1.8864353939107135,2.0701146969597364,1.107631280868483,0.10996457247742868,-0.5289011819963666,0.5033187468643329,0.6744194329477914,8.1257289971864,-7.395348760996884,1.5841874099546525,-2.4577827030947743,0.8729503357376961,0.7237072309791845,0,0,0,0,0,0,6.740802532358451,6.795844631298212,6.793711099175327,6.784292947511653,0,0,0,0,0,0,1565.8488440610515
1.4405564222874816,1.9579845071164177,2.0027756452802605,1.1221536609926102,0.09911765737657932,-0.5318828383350622,0.5003037718327041,0.67599739065383,7.878676550883969,-7.667452147181522,1.664356847191765,-2.2784134963896827,0.8947636608012611,0.724982513691174,0,0,0,0,0,0,6.7421883968307315,6.795961559359043,6.793882021870509,6.784659140613114,0,0,0,0,0,0,1565.8488440610515
1.4494969500233539,2.0272945579281854,1.933029752839287,1.1373899012632869,0.08874048460158208,-0.5343355871756752,0.4976568561978282,0.6774572017106298,7.624948308858252,-7.933786713878142,1.7439098735819654,-2.105063614368065,0.9159293903756481,0.7262141566798224,0,0,0,0,0,0,6.7444353692582375,6.796069139370648,6.794047651051526,6.785012078313793,0,0,0,0,0,0,1565.8488440610515
1.4584374777592262,2.094308443176738,1.8609278587719618,1.1533353586487962,0.07881464330145814,-0.5362890377877974,0.49536670126725096,0.678818201896137,7.365114060285095,-8.194519215968924,1.8230421019154408,-1.9420918661655953,0.936088758497587,0.7273683434930978,0,0,0,0,0,0,6.747942306082655,6.796164985343546,6.794212295100052,6.785322978881775,0,0,0,0,0,0,1565.8488440610515
1.4673780054950984,2.1589739332402273,1.7865192816052289,1.1699871600836036,0.06930659599063572,-0.5377839042362873,0.49340806731045417,0.6800981893885093,7.0996927141443305,-8.449820637642215,1.9019516770965514,-1.795142073471121,0.9547978582268691,0.7284016051947859,0,0,0,0,0,0,6.7528763475773435,6.7962462378281145,6.7943812047119065,6.7855554494635415,0,0,0,0,0,0,1565.8488440610515
1.4763185332309707,2.2212431758985822,1.709851851897447,1.1873441604980937,0.06016557502046842,-0.5388734999144432,0.4917399846584382,0.6813128812524639,6.829143292479599,-8.69984999016943,1.9808243322781356,-1.6698911628550686,0.9716414239444722,0.72927073707047,0,0,0,0,0,0,6.758988695870627,6.7963095455952605,6.79456003659781,6.785664698288374,0,0,0,0,0,0,1565.8488440610515
1.485259060966843,2.281072120391608,1.6309720889394548,1.2054067635995869,0.051326666056447,-0.5396208601657009,0.49030853457620593,0.682475231453342,6.553855768150026,-8.944739897315204,2.0598189195309278,-1.5694498438983244,0.986423555514727,0.7299551751928687,0,0,0,0,0,0,6.765395860803473,6.7965112211529,6.794974946107902,6.785932108505621,0,0,0,0,0,0,1565.8488440610515
1.4951443464211387,2.344333554286176,1.5412365989853292,1.2262013731760795,0.04183428023801832,-0.5401147405691118,0.48894219427711577,0.6837115551695812,6.244407197025717,-9.209591129266842,2.1474153380856493,-1.4747946289167517,1.0021355507691783,0.7305957393361608,0,0,0,0,0,0,6.764665133772594,6.796586351724174,6.79520235084164,6.784250484029631,0,0,0,0,0,0,1565.8488440610515
1.5050296318754344,2.4045115716204446,1.448913604827324,1.2478635419757527,0.03260860286221456,-0.5402806476500931,0.48778355225113423,0.6849092691352885,5.9300880344729885,-9.46825350251974,2.23536122881678,-1.3845833034987358,1.019772779240242,0.731209849008365,0,0,0,0,0,0,6.761264939495641,6.796447645949938,6.795153017970972,6.7800225174172315,0,0,0,0,0,0,1565.8488440610515
1.51491491732973,2.461560056448198,1.35406402185262,1.270397276752292,0.023624226372502673,-0.5401276298215754,0.48681857669263,0.6860843336052718,5.611297519516801,-9.720783235751796,2.323772664271977,-1.3042829161237723,1.040650768862613,0.7317522068767702,0,0,0,0,0,0,6.758072532662866,6.796290137620275,6.7950817437326085,6.7733275763247445,0,0,0,0,0,0,1565.8488440610515
1.5248002027840257,2.515436582523838,1.256748249090009,1.2938077768005825,0.014817535668960187,-0.5396850562493872,0.4860042489727504,0.687255666166695,5.288390079269891,-9.9672141314499,2.4127646570071315,-1.2479834858978909,1.0661204578479624,0.7321109069608245,0,0,0,0,0,0,6.754276832805936,6.796118539085073,6.794969213169736,6.762267743514082,0,0,0,0,0,0,1565.8488440610515
1.5346854882383214,2.5661020726816477,1.1570267847108484,1.3181011304780825,0.006058524087442789,-0.5390177708264566,0.48524738759397706,0.6884461561025527,4.96168464391358,-10.207480700281925,2.5023928420609662,-1.2396312333990875,1.0989720428584606,0.7320950675225021,0,0,0,0,0,0,6.749137230149216,6.795934649910772,6.79480047573017,6.74266732139347,0,0,0,0,0,0,1565.8488440610515
1.544570773692617,2.6135203685783157,1.0549616555558166,1.343283370310684,-0.002916270505429291,-0.5382615798253761,0.4843548571797308,0.6896856815801179,4.631448580960306,-10.441312856657724,2.5925689992910668,-1.33302258823826,1.1450864090036965,0.731277950254091,0,0,0,0,0,0,6.742022886527094,6.795736945203183,6.794562312471829,6.703730630243564,0,0,0,0,0,0,1565.8488440610515
1.5544560591469128,2.657657850437619,0.9506195954894537,1.3693580982984948,-0.012714739471372105,-0.5377408888245397,0.4828747462250616,0.6910174030691639,4.297933798544705,-10.667949213359417,2.682823260845084,-1.6821372049249945,1.2194219172506495,0.7284438162205311,0,0,0,0,0,0,6.732374690334641,6.795521046722171,6.794239618327617,6.6094923554561795,0,0,0,0,0,0,1565.8488440610515
1.5643413446012084,2.6984852944688007,0.8440810682119656,1.3963191477223391,-0.025132746231483705,-0.5384412942556741,0.47945674066812366,0.6925103259410927,3.9618963259114692,-10.885039317167871,2.7713601900507534,-2.885867467145045,1.3759521992375343,0.718875445370473,0,0,0,0,0,0,6.7189131918577,6.795283128691227,6.793806929172022,6.2917658113121435,0,0,0,0,0,0,1565.8488440610515
1.5742266300555041,2.7359816826167425,0.735465368577867,1.424129142875793,-0.045358630216386385,-0.543174969539759,0.47012838556909387,0.6941778217521591,3.623879423831312,-11.086752383233595,2.853358382548903,-6.194609921654745,1.7285140560982315,0.692724220981322,0,0,0,0,0,0,6.693019387282797,6.7950304026102915,6.793201468449085,5.612539220040246,0,0,0,0,0,0,1565.8488440610515
1.5841119155097998,2.770080502397497,0.6249563298842722,1.4526976936101306,-0.0789934666487107,-0.5544788854010096,0.45023371435386444,0.6954155594537671,3.270492907277674,-11.26817407860551,2.9250418025387304,-9.16651664838451,2.0977913296407484,0.6691700641956992,0,0,0,0,0,0,6.5976130157763055,6.794778538832135,6.79229704656299,6.322606025643406,0,0,0,0,0,0,1565.8488440610515
1.5939972009640955,2.800561774008319,0.5127793439817756,1.4819048179561778,-0.11860647943153804,-0.5671841140953983,0.4248692817052655,0.6955003790206918,2.893596649677958,-11.422159155630665,2.9808148383952475,-9.803022222008863,2.3891361530880424,0.6639225169169533,0,0,0,0,0,0,6.367136835131476,6.7944324299796275,6.791157474967422,6.347011125465167,0,0,0,0,0,0,1565.8488440610515
1.6038824864183912,2.8272436831778966,0.3992487910310721,1.511557309325715,-0.15955436737073883,-0.577840116548935,0.3975046839030234,0.6947180937868208,2.5032202453325896,-11.541356512594426,3.0146835659172355,-9.879323350375394,2.8220694394133936,0.6630108775400896,0,0,0,0,0,0,6.095800687427405,6.793971385774924,6.789690552608592,6.073695452352046,0,0,0,0,0,0,1565.8488440610515
1.6137677718726868,2.8500273245978804,0.28472178570864975,1.5414325611242146,-0.20135011878810405,-0.5853139776107392,0.3684931636104658,0.6935982018790577,2.1054039609380912,-11.623605593970867,3.0260644406579367,-9.924957670667371,3.4416146542414476,0.6622409028766958,0,0,0,0,0,0,5.8666835354134035,6.793416748824107,6.787572945932193,5.857934889371338,0,0,0,0,0,0,1565.8488440610515
1.6236530573269825,2.868833596783928,0.16956670827234252,1.571318938311922,-0.24386441977270754,-0.5890333894883439,0.337764187603886,0.6924486727614406,1.6969175469442697,-11.668371996965622,3.0175564045595324,-9.943696937608232,4.060400533277375,0.6615260761867263,0,0,0,0,0,0,6.090465882519515,6.792749082938617,6.784318193848647,6.076442359746926,0,0,0,0,0,0,1565.8488440610515
1.6335383427812782,2.8835269735025335,0.05416192910298551,1.601032248771064,-0.28662552582177414,-0.5893401665023218,0.3054030911175985,0.6908349499194602,1.273463371130815,-11.67357545438031,2.9910539464792154,-9.95756078039812,4.468839292014645,0.6605863233531819,0,0,0,0,0,0,6.419201341139788,6.79194518892614,6.778790592685807,6.405361596128254,0,0,0,0,0,0,1565.8488440610515
1.6434236282355739,2.8939796474850645,-0.0610863544223988,1.6303916384502113,-0.32903395716334566,-0.5869134320989893,0.2717047915995271,0.6880739673008074,0.8406012719628551,-11.636354016134117,2.945678597257527,-9.964621497948956,4.681435843318701,0.6591849472494665,0,0,0,0,0,0,6.6039537568280835,6.790962678619693,6.767815472997118,6.578308727647708,0,0,0,0,0,0,1565.8488440610515
1.6533089136898695,2.9001460202965315,-0.17575203167870054,1.6592032767886338,-0.3706961116890052,-0.5822352872830947,0.2369239914873248,0.6837057007797571,0.40770192629330987,-11.555698229721989,2.8800565190539587,-9.970527724804894,4.787450095467116,0.6565254356172853,0,0,0,0,0,0,6.697933529140505,6.789672249249299,6.739980575828757,6.648082429407471,0,0,0,0,0,0,1565.8488440610515
1.6631941991441652,2.9020678596011535,-0.28940856419026334,1.6872625295385542,-0.4113363973265045,-0.5755705811264393,0.2012740379891006,0.6775024988941274,-0.01679898986176696,-11.432458479559278,2.7933644576832193,-9.974285830770492,4.836751468689865,0.6503884166978354,0,0,0,0,0,0,6.7496418284206765,6.787473891819129,6.663371511759313,6.624018541199487,0,0,0,0,0,0,1565.8488440610515
1.673079484598461,2.899873264946196,-0.4016479330392852,1.7143594666531596,-0.4507553205183247,-0.5670902052298571,0.16490530666529063,0.669353852599959,-0.42331604273203927,-11.269749314063962,2.685396067510755,-9.976499944581496,4.855903030659276,0.6332425111735193,0,0,0,0,0,0,6.771005166056674,6.783525469847503,6.415312936533254,6.403334914331639,0,0,0,0,0,0,1565.8488440610515
1.6829647700527566,2.8939795348134334,-0.5122040482521535,1.740302359600388,-0.4886224155373061,-0.5570315950875522,0.12777659130909438,0.6592701114278838,-0.745190637944009,-11.10379209915634,2.5622088433378645,-9.97732222600718,4.859224305973132,0.4580003050550557,0,0,0,0,0,0,6.7802352930314775,6.776572547345713,2.08270594017877,2.0854774689844087,0,0,0,0,0,0,1565.8488440610515
1.6928500555070523,2.8854685919376286,-0.6212496586593704,1.7649967799072837,-0.5242185074811943,-0.5460175153767475,0.08931459228125857,0.647365996111647,-0.9671926375612466,-10.959421730216453,2.432884290377293,-9.977903972035758,4.849545951335928,0.08064797440281417,0,0,0,0,0,0,6.785051683946888,6.763177662714592,0.5533291675550798,0.57584205175403,0,0,0,0,0,0,1565.8488440610515
1.702735340961348,2.8749774779797934,-0.728862888115325,1.7883745041380679,-0.5571173693148117,-0.5344896403271658,0.04931758430919912,0.6336472497127922,-1.1525856729111241,-10.81011680116579,2.295067054442007,-9.977908946893516,4.819973585771823,-0.34850258499820663,0,0,0,0,0,0,6.787934816812879,6.7317014635884425,0.5405782770561508,0.5961646876054107,0,0,0,0,0,0,1565.8488440610515
1.7126206264156436,2.8626831710698286,-0.834862106971323,1.8103183032575318,-0.5872522602986685,-0.522651025317869,0.008033747026935247,0.6179855559938212,-1.3371048827866816,-10.627267352770433,2.140913763957194,-9.977830049675813,4.731960653392311,-0.7212206108313702,0,0,0,0,0,0,6.789823358966751,6.61354464065616,2.0347245544537054,2.211662711465832,0,0,0,0,0,0,1565.8488440610515
1.7225059118699393,2.848437146717123,-0.9387040124518378,1.830590620916065,-0.614891269991686,-0.5106509489029288,-0.033587738723808706,0.6000134984148031,-1.5529617879176065,-10.363467433393255,1.9528077110065654,-9.976266193261495,4.38404430477214,-0.8879706320746347,0,0,0,0,0,0,6.790982117831394,6.049070303474328,5.81059704254094,6.552526202225707,0,0,0,0,0,0,1565.8488440610515
1.732391197324235,2.831958321412105,-1.0395117201329684,1.8488094708031153,-0.6406442331996468,-0.49867763148184896,-0.07394411950489592,0.5791613363462165,-1.7762392380595775,-10.026769814961193,1.729580736274004,-9.974408399175763,3.9533399680553254,-0.8992972824606121,0,0,0,0,0,0,6.791705758787387,6.396989067604284,6.310046452297096,6.705557112737773,0,0,0,0,0,0,1565.8488440610515
1.7422764827785306,2.81342751185261,-1.1368497471377212,1.8647155897726158,-0.6646601710452523,-0.4862078694022945,-0.11312643575776721,0.555905724282563,-1.9668850934243671,-9.662990663918421,1.485251242772777,-9.97096772165732,3.7510712584953927,-0.9041174881558631,0,0,0,0,0,0,6.792250289771634,6.65353049665984,6.602574188498409,6.74203323091657,0,0,0,0,0,0,1565.8488440610515
1.7521617682328263,2.793200854181164,-1.2304957790892368,1.8781135517161334,-0.6868668740317775,-0.4727477592453635,-0.15157692952068158,0.5307992915626248,-2.1184410755361904,-9.281375622369914,1.222720175862436,-9.96613663785925,3.675265471705007,-0.9071412692978787,0,0,0,0,0,0,6.792630348225127,6.731960233245976,6.696549488809847,6.7586466348727985,0,0,0,0,0,0,1565.8488440610515
1.762047053687122,2.771686306487035,-1.3203140360711296,1.888839941409167,-0.707181676626795,-0.45812718485217235,-0.18942088559641668,0.5041163425664832,-2.2270621589378745,-8.88950290282872,0.9451845717134529,-9.957794125193944,3.640016020715946,-0.9093045889702147,0,0,0,0,0,0,6.792856787052607,6.761961380590552,6.735045316518828,6.768276799720776,0,0,0,0,0,0,1565.8488440610515
1.7719323391414177,2.7493180224915625,-1.4062297516176299,1.896759647130702,-0.7255345347271741,-0.4423214743562292,-0.22663117039381997,0.47601435361497463,-2.2909617359476866,-8.492600331492875,0.655297902624099,-9.945294884173558,3.6209620114731047,-0.9109599082902461,0,0,0,0,0,0,6.7929369191458235,6.7759506357779005,6.754260566260923,6.774563904562801,0,0,0,0,0,0,1565.8488440610515
1.7818176245957134,2.726543133433867,-1.4882162680679867,1.901763472195186,-0.7418467245512844,-0.42536656207492257,-0.26311394964772683,0.4466517375336911,-2.3092414902670764,-8.095291888170307,0.3556877615390652,-9.90067638479349,3.607927664946307,-0.9124099800613289,0,0,0,0,0,0,6.792568159229623,6.784860375023885,6.756561299515712,6.7812083776187,0,0,0,0,0,0,1565.8488440610515
1.791702910050009,2.703813925137909,-1.5662918435929991,1.9037689778556577,-0.7559515228909633,-0.40740922751274855,-0.29864173961913215,0.4163749845194322,-2.2817843153755772,-7.70207912688415,0.04917107019231057,-9.746221078734605,3.5914775438305573,-0.9142374095684648,0,0,0,0,0,0,6.791317832751474,6.790289496054241,6.73269715135049,6.786980320750417,0,0,0,0,0,0,1565.8488440610515
1.8015881955043047,2.6815785627153943,-1.6405198926838214,1.9027237100503642,-0.7674970402949253,-0.3888815690660183,-0.3327023848416846,0.3860421499006774,-2.2096780374836094,-7.3176463476869955,-0.2609231576655362,-9.253362478504958,3.5502599556119363,-0.9182966571449558,0,0,0,0,0,0,6.789145967988201,6.79301724620307,6.623209108678797,6.790133576215079,0,0,0,0,0,0,1565.8488440610515
1.8114734809586004,2.6602615614688454,-1.7110181300422607,1.898616565038402,-0.7752797850985604,-0.37151575652325486,-0.3635233316048931,0.3588427021013004,-2.0974191218261784,-6.948776948547892,-0.5690227456565032,-7.152906208368344,3.3741029817902883,-0.9346456933336915,0,0,0,0,0,0,6.786075537583294,6.794441456263534,6.015916742207124,6.791706446409805,0,0,0,0,0,0,1565.8488440610515
1.821358766412896,2.6402150008442478,-1.7779443373105293,1.8914907045769576,-0.7770893298253215,-0.3593565131551942,-0.38753104175586606,0.3417817455631398,-1.9539658970063296,-6.592777149501262,-0.8719530071896234,-3.9399043983797286,3.105732777336683,-0.9593817671828057,0,0,0,0,0,0,6.781737919515991,6.7952947041068095,6.129507609376076,6.792570944893943,0,0,0,0,0,0,1565.8488440610515
1.8312440518671917,2.6217018391946265,-1.8413640783334704,1.8813936616720435,-0.7741269922851227,-0.35260036646117554,-0.40559290203686515,0.3345067700426228,-1.7884647885807166,-6.237842781356472,-1.1700958711242255,-1.9541368353425665,2.9477460418978123,-0.9740171399780346,0,0,0,0,0,0,6.775072725186656,6.795872832766924,6.587729288077162,6.793119505983757,0,0,0,0,0,0,1565.8488440610515
1.8411293373214874,2.6049028366754285,-1.9012612007026093,1.8683807046969982,-0.7689822526012418,-0.3484041769221895,-0.42098485164074534,0.33174173595812645,-1.6083967376910642,-5.880421897985259,-1.4612044596087044,-1.1711070041354819,2.9006867257682094,-0.9785165912222625,0,0,0,0,0,0,6.763364332766019,6.796297053488911,6.696657175778054,6.7935159349915,0,0,0,0,0,0,1565.8488440610515
1.851014622775783,2.5899350050473573,-1.9576191988542306,1.8525367597858673,-0.762651245556165,-0.3454797343984165,-0.4350773733648482,0.33123180698352983,-1.4185137608872531,-5.521774200935105,-1.7426326959623477,-0.6339697452849032,2.8887129338297446,-0.9798094844760732,0,0,0,0,0,0,6.739097723012669,6.796618300931419,6.736944985032635,6.793818927130321,0,0,0,0,0,0,1565.8488440610515
1.8608999082300788,2.576881265048021,-2.010425350061669,1.8339636684045852,-0.7552409202554615,-0.3436450895416708,-0.4481391304396576,0.33270185538161384,-1.2215884004057522,-5.16175197996341,-2.013184902625194,-0.036932530255162375,2.9045176467965717,-0.9785631938448063,0,0,0,0,0,0,6.676979794344094,6.796861069469642,6.756904055286958,6.7940479860005585,0,0,0,0,0,0,1565.8488440610515
1.8707851936843745,2.56579701298599,-2.0596649055556604,1.8127747664382143,-0.7463275851925011,-0.3433465342048283,-0.45993559415601704,0.33699783717201287,-1.0206774071699065,-4.800109505520247,-2.2716144331699115,0.9558462672691903,2.9663766132869065,-0.9731077193546848,0,0,0,0,0,0,6.527981720210066,6.797035480482805,6.768930738460414,6.794196653230629,0,0,0,0,0,0,1565.8488440610515
1.8806704791386701,2.5567029385788254,-2.1053141493546015,1.789096141813387,-0.7349906475898337,-0.3455683561514732,-0.4698329110312753,0.3458732352960015,-0.8195625399895977,-4.434720677116942,-2.516772928608422,2.3379469733514937,3.0683121602796666,-0.9639982725424829,0,0,0,0,0,0,6.482642154929313,6.796842789072621,6.773780290423652,6.793610981542317,0,0,0,0,0,0,1565.8488440610515
1.8887969113845107,2.5507041852397574,-2.140115725748359,1.7678623564895983,-0.7233398677439262,-0.3497432909650614,-0.4762001568886114,0.3573408411256535,-0.6576833415368195,-4.129492600634918,-2.7072983072637125,3.7423498761557,3.177443525581284,-0.9542214215075785,0,0,0,0,0,0,6.371856857580604,6.7964623555609265,6.774384571714631,6.792436009303174,0,0,0,0,0,0,1565.8488440610515
1.8969233436303512,2.5459968234573593,-2.1724095502205,1.745123610329758,-0.709147021764267,-0.35630371997173943,-0.4806788275094901,0.3729692017328943,-0.5020096309836498,-3.816659476262474,-2.887182161166915,4.957008061522836,3.2718537073252967,-0.9458194211984713,0,0,0,0,0,0,6.581817529113192,6.796352318956451,6.777143736508929,6.791699923214638,0,0,0,0,0,0,1565.8488440610515
1.9050497758761917,2.5425206854111058,-2.202119627198227,1.7209681003599413,-0.6930807467968527,-0.36425929034320687,-0.48378150683154597,0.3910367009194651,-0.355223741519897,-3.493670584002677,-3.055764034350509,5.564702548339526,3.3161734405349454,-0.9420244957245086,0,0,0,0,0,0,6.700195772571785,6.796199034746885,6.779802878681681,6.790770498000671,0,0,0,0,0,0,1565.8488440610515
1.9131762081220323,2.540192076338762,-2.2291663759327087,1.6954920622487226,-0.6757902821897918,-0.3727509890085973,-0.485988857396835,0.4100963608434889,-0.21994240672027593,-3.161375521792169,-3.2120496294510072,5.86400788228634,3.3361252435790183,-0.9405007386683292,0,0,0,0,0,0,6.744950756569152,6.7960011001161815,6.7821288042186065,6.78961240735305,0,0,0,0,0,0,1565.8488440610515
1.9213026403678728,2.5389103842322425,-2.253478816271173,1.668797907586696,-0.6575802955537488,-0.3813776565766726,-0.48752151954044487,0.4294904026267709,-0.09777588998963148,-2.820896910009135,-3.355493517512336,6.032594650606783,3.346965201394504,-0.9398687503363515,0,0,0,0,0,0,6.765137810713696,6.795753063314567,6.784102930882626,6.788163619015853,0,0,0,0,0,0,1565.8488440610515
1.9294290726137133,2.5385645341129366,-2.2749946717491065,1.6409912343123574,-0.6386003632245149,-0.38994299699823964,-0.48848433184066525,0.4489065523332528,0.010230724268811513,-2.473281353100152,-3.485818738081188,6.131976951997374,3.3539943935147596,-0.9396612092589324,0,0,0,0,0,0,6.775760975149313,6.795446870654856,6.785760574159262,6.786334533835192,0,0,0,0,0,0,1565.8488440610515
1.9375555048595539,2.5390362003532947,-2.2936603186580853,1.6121793126030357,-0.6189470344586191,-0.3983275026957147,-0.4889423797166519,0.46816142349417667,0.10331264947276167,-2.119615838574322,-3.6028792875037454,6.186617292413619,3.3594132076115386,-0.9396991534875572,0,0,0,0,0,0,6.781995517956883,6.795072102416835,6.78714684063286,6.784001283073584,0,0,0,0,0,0,1565.8488440610515
1.9456819371053944,2.540201639281905,-2.3094311939363457,1.5824702246711893,-0.5986983485506228,-0.4064446732182337,-0.48894691895153974,0.4871282433847138,0.18089244337277616,-1.7610416965681344,-3.7066173627032577,6.207076687355766,3.3643425766278234,-0.9399096885775201,0,0,0,0,0,0,6.7859515158580495,6.794615863723144,6.788304631542172,6.78099607320231,0,0,0,0,0,0,1565.8488440610515
1.953808369351235,2.541933056720937,-2.3222721980020697,1.5519722217380152,-0.5779281803023815,-0.41422291427153757,-0.4885464106755984,0.5057082165841901,0.24254765028076972,-1.398744017580931,-3.797047476840644,6.197423318479372,3.369490579958906,-0.9402678315688727,0,0,0,0,0,0,6.788610917952241,6.794062597149763,6.789271931320268,6.777097146816068,0,0,0,0,0,0,1565.8488440610515
1.9619348015970755,2.544099818891817,-2.3321579877974803,1.520793169743595,-0.5567140925648718,-0.42159620790779073,-0.487792780151855,0.523817010270921,0.2880013799946312,-1.0339360472591754,-3.8742490146830497,6.157939209562967,3.375417506413579,-0.940775380666209,0,0,0,0,0,0,6.790479238602956,6.79339399841555,6.790081701882443,6.772024565941496,0,0,0,0,0,0,1565.8488440610515
1.970061233842916,2.5465696367483908,-2.33907313628081,1.489040041986856,-0.5351430193091271,-0.4284981725086522,-0.48674607405403325,0.5413774325130687,0.3171240658017578,-0.6678419276106822,-3.938361590169402,6.086213451792523,3.382658302501285,-0.9414524560216077,0,0,0,0,0,0,6.791837934201938,6.792589266395833,6.79076243389721,6.765456446533655,0,0,0,0,0,0,1565.8488440610515
1.9781876660887565,2.549209794218861,-2.3430121442274126,1.456818446275274,-0.5133162067105581,-0.4348576763025425,-0.48547851283513865,0.5583152217738819,0.3299420133393567,-0.30167738087444884,-3.989580923106068,5.977728912453665,3.391776336300123,-0.9423330206776012,0,0,0,0,0,0,6.792853763026538,6.791626068940706,6.791338774957067,6.757094290996732,0,0,0,0,0,0,1565.8488440610515
1.986314098334597,2.551888465102156,-2.3439792816315137,1.4242321883854738,-0.49135346226336113,-0.44059569986715663,-0.48407784697934975,0.5745570837125022,0.3266502436950438,0.063373226653749,-4.028153802981108,5.826560540725448,3.4033583651556985,-0.9434595828835254,0,0,0,0,0,0,6.793630603217921,6.7904828948425004,6.791832034534897,6.74681836832993,0,0,0,0,0,0,1565.8488440610515
1.9944405305804376,2.554476142043397,-2.341988222032817,1.3913828848016492,-0.469395564171162,-0.4456242201613285,-0.48264895140790964,0.590031226671004,0.30762655752535684,0.4261851540854411,-4.054370756318676,5.626706197153691,3.417932909892556,-0.9448731031918645,0,0,0,0,0,0,6.79423582486728,6.789143966922939,6.792260473338406,6.734953875643076,0,0,0,0,0,0,1565.8488440610515
2.002566962826278,2.5568471681415876,-2.337061423795549,1.3583696491228296,-0.4476024980498946,-0.44984873470715153,-0.48131167748186904,0.6046711409861215,0.2734416416874832,0.7857270844810197,-4.068555045093163,5.374376328262822,3.435797826598382,-0.9465957497925293,0,0,0,0,0,0,6.794714502736882,6.787608648876302,6.792639343330534,6.722561668597332,0,0,0,0,0,0,1565.8488440610515
2.010693395072119,2.558881309811312,-2.3292292259673157,1.325288885234119,-0.4261448107098049,-0.45317604338886297,-0.48019285566559455,0.6184229098046428,0.22485781732227333,1.1410964187076873,-4.071047435783134,5.070907267341123,3.456795272436635,-0.9486094769762218,0,0,0,0,0,0,6.795097439244975,6.7859079666619,6.792980722109758,6.711488616159099,0,0,0,0,0,0,1565.8488440610515
2.0188198273179596,2.560465247724135,-2.3185286820449407,1.2922342170258603,-0.40518717414081973,-0.45552714235295794,-0.47941210742283574,0.6312546298823642,0.1628092778654158,1.4915464968526422,-4.062188329089747,4.724985160885347,3.480155092931862,-0.9508412131132074,0,0,0,0,0,0,6.795405877825389,6.784129954632275,6.793293279190711,6.703906454264862,0,0,0,0,0,0,1565.8488440610515
2.0269462595638004,2.5614938204862248,-2.305002243469701,1.2592965610171958,-0.38486729827243765,-0.45685193604561064,-0.4790646097981187,0.6431644975360722,0.08836121809938582,1.8364948266513623,-4.042301272221489,4.352624719177779,3.5045463066329896,-0.953167266915728,0,0,0,0,0,0,6.7956543824432405,6.782449128633914,6.793582171713097,6.701483657895699,0,0,0,0,0,0,1565.8488440610515
2.035072691809641,2.561870863228898,-2.288696471775801,1.226564311927249,-0.36527671552251884,-0.4571405188682178,-0.47920652082348414,0.6541839019008562,0.0026522576213978168,2.1755080000467064,-4.011682238547005,3.9745760712159486,3.528361685955228,-0.9554391491593915,0,0,0,0,0,0,6.795852669753262,6.781138744222153,6.793849237347752,6.704754230680652,0,0,0,0,0,0,1565.8488440610515
2.043199124055482,2.5615095424702865,-2.2696609536564996,1.1941235835132256,-0.34644953216374075,-0.4564270935677309,-0.47984790268171174,0.6643741567917896,-0.09317022928822608,2.508268318478026,-3.9705968331428387,3.612343024761426,3.5501103987736484,-0.9575193368216726,0,0,0,0,0,0,6.796006815100462,6.780524338520659,6.794093530874232,6.713018906476306,0,0,0,0,0,0,1565.8488440610515
2.0513255563013226,2.5603321742481193,-2.2479475295868125,1.1620584409794967,-0.32836193221252946,-0.45478568532934416,-0.48095477770734985,0.6738181681237503,-0.19801092174872906,2.8345316006053425,-3.919284904224148,3.2842417721610224,3.5687510455453677,-0.9593116303172137,0,0,0,0,0,0,6.796120049247993,6.780851859686235,6.794312102586436,6.724647958671759,0,0,0,0,0,0,1565.8488440610515
2.0594519885471634,2.558269596091736,-2.2236098683445573,1.1304510733609954,-0.3109420131399924,-0.45231913599095375,-0.4824590888007371,0.6826094720368362,-0.31087431380878766,3.154085736006969,-3.8579702041246065,3.002439074576129,3.5838505703812022,-0.9607756198243397,0,0,0,0,0,0,6.79619324418298,6.782132543546924,6.794500819485915,6.737609971500074,0,0,0,0,0,0,1565.8488440610515
2.067578420793004,2.5552602238645568,-2.1967033455731366,1.0993818789114178,-0.2940869573308584,-0.4491443297785314,-0.48427336404802085,0.6908411839412041,-0.43089404553129923,3.4667185867346597,-3.7868714568760287,2.771721007008423,3.595534535121016,-0.9619220922902082,0,0,0,0,0,0,6.7962251120456605,6.784107411798644,6.794655021496981,6.750092954425785,0,0,0,0,0,0,1565.8488440610515
2.075704853038845,2.5512489489716925,-2.167285125804872,1.068929467655089,-0.27768230222840345,-0.44537767625744434,-0.48630563865638043,0.6985972304065216,-0.5573431353343808,3.772200382414689,-3.7062111693131214,2.5903656539315287,3.6042876173568112,-0.9627947409576281,0,0,0,0,0,0,6.7962120849303895,6.786383836677004,6.794769870506507,6.760946855416088,0,0,0,0,0,0,1565.8488440610515
2.0838312852846856,2.5461860193066475,-2.1354143303998883,1.0391706081254866,-0.2616177583443969,-0.44112452001485697,-0.48847065023655,0.7059473990447143,-0.6896284875359663,4.070279431431456,-3.616220528415143,2.4525065895307754,3.6107252515619854,-0.9634492062548492,0,0,0,0,0,0,6.796147782181147,6.7886180056561285,6.794840343956631,6.769746199810305,0,0,0,0,0,0,1565.8488440610515
2.0919577175305264,2.540025974488817,-2.101152130635973,1.0101801939357713,-0.24579177919034553,-0.4364775100797502,-0.49069253372381494,0.7129478394838775,-0.8272895369220742,4.3607123063181685,-3.5171242666113804,2.3557911248730226,3.6152437621923217,-0.9639165630366614,0,0,0,0,0,0,6.796527403592611,6.791910605852072,6.795521241330166,6.779241475109137,0,0,0,0,0,0,1565.8488440610515
2.1027243445457624,2.5301033389243304,-2.0521838094416918,0.9730788804133259,-0.22503649900277112,-0.42984991451476573,-0.4936118132910305,0.7217582717834036,-1.0173365126961937,4.733211249023445,-3.3722553890024445,2.2697489362244476,3.6196049476090266,-0.964368571962966,0,0,0,0,0,0,6.796601214258511,6.793915283311077,6.795806323000215,6.78344032535416,0,0,0,0,0,0,1565.8488440610515
2.1134909715609984,2.5180903317884056,-1.999283479558614,0.9376178978827502,-0.20443183288562775,-0.4227712267798492,-0.4964346148690665,0.7300854666885829,-1.2154935999000973,5.090999972956554,-3.212527459767434,2.205645063128236,3.6234843416624822,-0.9647623532749114,0,0,0,0,0,0,6.796008680576775,6.794800120546569,6.795391832231778,6.784861630951176,0,0,0,0,0,0,1565.8488440610515
2.1242575985762344,2.5039026954783843,-1.9426132517891739,0.9039536990782527,-0.183925004704101,-0.41529558477116996,-0.49911897699996005,0.7379575981807368,-1.4212103949678616,5.433396703422955,-3.038594141852986,2.1570419670321965,3.6272815998774224,-0.9651281944991037,0,0,0,0,0,0,6.79513453019522,6.795482349378115,6.794890736611349,6.7859615318150155,0,0,0,0,0,0,1565.8488440610515
2.1350242255914704,2.4874616258069264,-1.8823423146981708,0.8722356873944656,-0.1634708109920412,-0.40746869593883916,-0.5016296352585756,0.7453953748272488,-1.6340156774960701,5.75975812736787,-2.8511185338551956,2.1230044776834003,3.6312071137258957,-0.9654641021799967,0,0,0,0,0,0,6.793835939444323,6.7959763880229405,6.794330433628682,6.786531393456494,0,0,0,0,0,0,1565.8488440610515
2.1457908526067064,2.468693092552307,-1.8186467504544672,0.8426059487531464,-0.14302502829640087,-0.39933240964862593,-0.5039338737226069,0.7524148581733109,-1.8534929804138016,6.069446899355032,-2.6507971928080565,2.102847537458403,3.635634265717728,-0.9657654758511199,0,0,0,0,0,0,6.791860807487688,6.796319973273552,6.793752806107434,6.786506454831064,0,0,0,0,0,0,1565.8488440610515
2.1565574796219424,2.4475272809305046,-1.7517094804821405,0.8151988747365522,-0.12254102480113493,-0.3909261197992408,-0.5059998207147641,0.759028752772926,-2.0792749733522586,6.3618289813297935,-2.4383637703465926,2.0971779027045594,3.641148502957068,-0.9660166882522555,0,0,0,0,0,0,6.788749469649014,6.7965470420130245,6.793210597259903,6.785801910223489,0,0,0,0,0,0,1565.8488440610515
2.1673241066371784,2.4238980822643397,-1.6817202703021654,0.7901407243252279,-0.10196187562746427,-0.382290382056046,-0.5077926042048813,0.7652480060874362,-2.3110405657846274,6.636264873903189,-2.2145972383527037,2.1090104594296473,3.648703360737289,-0.966181537562051,0,0,0,0,0,0,6.783626218075284,6.7966828352934225,6.792753158608777,6.784215344887823,0,0,0,0,0,0,1565.8488440610515
2.1780907336524145,2.3977425886683226,-1.608875878428278,0.7675490534212032,-0.0812050400354483,-0.3734737786703497,-0.5092673039311151,0.7710835825416498,-2.548517652792584,6.892090499519463,-1.980339414151621,2.146010174056577,3.6599531088813504,-0.9661860005315708,0,0,0,0,0,0,6.774741176958078,6.796745147924056,6.792406057432431,6.781296576431322,0,0,0,0,0,0,1565.8488440610515
2.1888573606676505,2.3690005124238893,-1.5333805079294887,0.7475318581219271,-0.06013118294670967,-0.3645467456497829,-0.5103551849936515,0.7765484506607928,-2.7914953659096597,7.128577604041616,-1.7365334530973235,2.22536149468122,3.677975095399919,-0.9658817581669811,0,0,0,0,0,0,6.758439323561906,6.796746736550168,6.792156167589817,6.776046540281911,0,0,0,0,0,0,1565.8488440610515
2.1996239876828865,2.3376133982683087,-1.455446884935843,0.7301860761239015,-0.03847906721852311,-0.3556299254422899,-0.5109358016467533,0.7816593401933436,-3.0398517588652414,7.344851569659292,-1.4843114033291478,2.383935373394626,3.708920389030994,-0.9649687595532289,0,0,0,0,0,0,6.726840974862576,6.79669766243602,6.791950857929897,6.766058852314298,0,0,0,0,0,0,1565.8488440610515
2.2103906146981225,2.30352344210737,-1.3752986467148594,0.7155945957050073,-0.015731926355077704,-0.34694901846320986,-0.5107812049900871,0.786435913288202,-3.293598833356405,7.539719185814962,-1.225200886759995,2.6973870975599707,3.7660032430544574,-0.9628472293067236,0,0,0,0,0,0,6.662634145695581,6.796607266581484,6.791707662323512,6.7445836574866656,0,0,0,0,0,0,1565.8488440610515
2.2211572417133585,2.2666719550279013,-1.2931755227023594,0.7038195563901439,0.009136246118782897,-0.33892005349092114,-0.5094527859994377,0.7908903749483741,-3.552880612599053,7.7112965383773915,-0.9616598365189368,3.3071228500008725,3.880657602111763,-0.95840691851046,0,0,0,0,0,0,6.525276603170853,6.7964852711199395,6.791322961980011,6.68775811152887,0,0,0,0,0,0,1565.8488440610515
2.2319238687285945,2.2270002059898824,-1.2093448741272992,0.6948847353335409,0.03802314743506624,-0.3321508680839212,-0.5061624297768246,0.7950029155749369,-3.817341792041035,7.856133116742295,-0.6987921257245308,4.395549463081694,4.144231389255399,-0.9502222780772515,0,0,0,0,0,0,6.201596508691262,6.796340701698682,6.790672074071985,6.482598672517533,0,0,0,0,0,0,1565.8488440610515
2.2426904957438305,2.1844605116937292,-1.1241229594107915,0.68873593427966,0.07322151038148224,-0.32658619415524304,-0.4999871647232584,0.7987445795225443,-4.084993185371555,7.968699122127674,-0.44603365076353785,5.612085323747772,4.748718682083385,-0.9410680214584642,0,0,0,0,0,0,5.672162851489713,6.796176469393176,6.7896071004856235,5.886711590706307,0,0,0,0,0,0,1565.8488440610515
2.2534571227590665,2.1389892649450686,-1.0378743032965694,0.6852698227322837,0.11452563037268475,-0.3202753874256969,-0.4909182292592491,0.8020641173734321,-4.365866322792988,8.047276690398947,-0.19613128705268698,6.392053190829217,5.383025686828197,-0.9354176199802476,0,0,0,0,0,0,6.220065764586525,6.795982157311339,6.787959258311105,6.31646875135388,0,0,0,0,0,0,1565.8488440610515
2.2642237497743025,2.0903639878224927,-0.950972439143698,0.6845347902297751,0.15891755609733324,-0.3126736839666134,-0.47972108121734414,0.8042686503615937,-4.670305698752006,8.088925276626778,0.059983626210933075,6.592087099991423,5.674885522822416,-0.9344520363437816,0,0,0,0,0,0,6.622470628017107,6.795729353131845,6.785572496600385,6.591342675278291,0,0,0,0,0,0,1565.8488440610515
2.2749903767895385,2.0383584309668517,-0.8638432192711021,0.68655136961175,0.2033636041662664,-0.30354013829651744,-0.46734742117326705,0.8050422453922118,-4.992451456008446,8.089055982528897,0.3133443254394204,6.439541774017575,5.786778480615131,-0.9364447287271359,0,0,0,0,0,0,6.729098469064649,6.7953738037861235,6.782374620182775,6.673344170908879,0,0,0,0,0,0,1565.8488440610515
2.2857570038047745,1.9828201355162427,-0.7769415826487411,0.6912467316630602,0.2467602466594524,-0.29291886777003845,-0.4541775973931616,0.8043821402785246,-5.325765623310074,8.04666585533526,0.5568638577404595,6.23551714519393,5.844313968993107,-0.939078712849798,0,0,0,0,0,0,6.764056482429076,6.794857412375621,6.778459797761726,6.705197634954506,0,0,0,0,0,0,1565.8488440610515
2.2965236308200105,1.92365245372752,-0.6907229591867897,0.69849404924166,0.28887898192508743,-0.2809816334306652,-0.44030250480146177,0.8023290844423622,-5.666028829142235,7.962330135023217,0.786900413880542,6.043290748330224,5.879912832232886,-0.9418833558106414,0,0,0,0,0,0,6.778519762238715,6.794098067334093,6.774158387619604,6.720749453310176,0,0,0,0,0,0,1565.8488440610515
2.3072902578352465,1.8607996677501422,-0.6056333120099965,0.708133142392157,0.32969234988734863,-0.2679009283161423,-0.4257482088204587,0.7989183373282143,-6.009766555595727,7.837161416021236,1.0007464713412269,5.8770250409184595,5.903609677145323,-0.9447344287812706,0,0,0,0,0,0,6.785589733193589,6.792963834587707,6.769966141018416,6.730967346158646,0,0,0,0,0,0,1565.8488440610515
2.3180568848504826,1.7942413320544497,-0.5221048756167292,0.7199768495183124,0.3692372301629118,-0.25384205901759177,-0.4105214589533929,0.7941663608300896,-6.353876994985138,7.672576733357534,1.1960551551878476,5.744410650845269,5.918703403082575,-0.9475139827361333,0,0,0,0,0,0,6.789472151830908,6.791223172315606,6.766202042423793,6.740667363719271,0,0,0,0,0,0,1565.8488440610515
2.3288235118657186,1.7239889191239586,-0.4405533485531788,0.7338137727327582,0.40759078335255616,-0.23897323865264344,-0.3946185228545582,0.7880594939178152,-6.695521873051529,7.470224370420214,1.3706494848050423,5.652566184851607,5.925861797498557,-0.9500801825189898,0,0,0,0,0,0,6.7917856989652226,6.7884379351737865,6.7626271841649945,6.75136886714209,0,0,0,0,0,0,1565.8488440610515
2.3395901388809546,1.6500833046204424,-0.3613755131124499,0.749409468381259,0.44485348983593115,-0.22346582327430056,-0.37803255030590593,0.7805509524165255,-7.03206906346163,7.231972192592325,1.5224116125021854,5.603996093654387,5.924634970979763,-0.952320786438851,0,0,0,0,0,0,6.7932451071277375,6.783708776313524,6.758318665726284,6.7621354833724165,0,0,0,0,0,0,1565.8488440610515
2.3503567658961906,1.5725928016751825,-0.2849467323602956,0.7665067299510857,0.4811141967132653,-0.20748141550620627,-0.36076674202892833,0.7715749800157617,-7.361047080950898,6.959939368967416,1.649228101482297,5.591912226280447,5.913722688024537,-0.9541846748174085,0,0,0,0,0,0,6.7942014972288,6.775000935180203,6.75158360327283,6.771408703759944,0,0,0,0,0,0,1565.8488440610515
2.3611233929114266,1.491611687618584,-0.21161789200377737,0.7848256446544537,0.5164025622851406,-0.1911570679382161,-0.3428519912361196,0.7610781044991597,-7.680095002410618,6.656569796303358,1.749002998805161,5.597266867320258,5.889679967321258,-0.9556303984169074,0,0,0,0,0,0,6.7948433933039185,6.757132864967167,6.739205702939164,6.778476244113295,0,0,0,0,0,0,1565.8488440610515
2.3718900199266626,1.4072594920974208,-0.1417111162006802,0.8040641170748861,0.5506182976312249,-0.17459499958362684,-0.3243758334223548,0.7490770288332423,-7.986858232269529,6.324804614699467,1.8197322717546995,5.576653602299163,5.842679141178268,-0.9564580174065926,0,0,0,0,0,0,6.795281102016034,6.715034619899384,6.713451623757236,6.783482926814885,0,0,0,0,0,0,1565.8488440610515
2.3826566469418986,1.3196822943502307,-0.0755121197135607,0.8238995924145752,0.5833494450612408,-0.1578444071324942,-0.3055588413722836,0.735814081506301,-8.278684064657998,5.968599946149657,1.8596712669425697,5.412539471159544,5.743394406565254,-0.9558696151663658,0,0,0,0,0,0,6.795585952368587,6.60123993773568,6.650888634813005,6.786892760044867,0,0,0,0,0,0,1565.8488440610515
2.3934232739571346,1.2290587613115724,-0.013253639476436676,0.843994443952413,0.613486429119248,-0.14089618719184183,-0.2869371762052179,0.7221147572461671,-8.55207345241246,5.594095770287814,1.8679185786517338,4.88291950060778,5.515077851862504,-0.9522183240034507,0,0,0,0,0,0,6.795809115579192,6.326623442779886,6.482760132432618,6.789156691796808,0,0,0,0,0,0,1565.8488440610515
2.4041899009723706,1.1355997099657513,0.04489840295930189,0.864015703423376,0.6396122235281101,-0.12391951929516037,-0.2693568177910385,0.709215807043645,-8.805620795558559,5.206067437158041,1.846621337573724,4.217432945970549,5.139101592537134,-0.9473837261171679,0,0,0,0,0,0,6.7959867638585765,6.215482380200649,6.325180547577332,6.790630126118558,0,0,0,0,0,0,1565.8488440610515
2.4149565279876066,1.0395014061959587,0.09879033042416528,0.8836685492166185,0.6619555379512677,-0.10733705020522967,-0.25312889758602464,0.6972943314238055,-9.043441045427773,4.801363478440101,1.80028992493934,3.55535402924092,4.807769693725751,-0.9425082254472046,0,0,0,0,0,0,6.796140955587195,6.435810379337072,6.592595496534642,6.791562853806974,0,0,0,0,0,0,1565.8488440610515
2.4257231550028426,0.9409146153693587,0.1482228302866168,0.9027038561744392,0.6805252226628478,-0.09059694107056569,-0.23790398414417854,0.6870802790916535,-9.267398710995305,4.378632727695005,1.7322914276155623,2.810817701010748,4.630204174216958,-0.9369495301117567,0,0,0,0,0,0,6.7962858405127395,6.571106834403334,6.716394997938919,6.792100934281297,0,0,0,0,0,0,1565.8488440610515
2.4364897820180786,0.8400032595524747,0.1930293720200556,0.9209027729904302,0.6956841127623543,-0.07338313514417855,-0.22329111866033938,0.6788074889494673,-9.474884597122806,3.9427363855556448,1.645425283977244,2.134815080633164,4.526835622675611,-0.9319202286809235,0,0,0,0,0,0,6.79643007711631,6.63014761093128,6.758790358608155,6.792319373914846,0,0,0,0,0,0,1565.8488440610515
2.4472564090333147,0.7369548527909081,0.23308688591124196,0.9380784602311005,0.7078622474813026,-0.05567430003424758,-0.2090703495699111,0.6723994347388543,-9.664169706322628,3.496827860831059,1.5427233486710519,1.5182010719475514,4.453187441526884,-0.9273700203953223,0,0,0,0,0,0,6.796575871084131,6.655775045540955,6.77613075779419,6.792250394218048,0,0,0,0,0,0,1565.8488440610515
2.4580230360485507,0.6319713224914357,0.2682980293772198,0.9540764353471141,0.7173168681810381,-0.037508523939214077,-0.19512628124514106,0.6678138630054714,-9.834208591002437,3.042712614841652,1.4271401263232826,0.9305222458429157,4.392816316333443,-0.9230801292626585,0,0,0,0,0,0,6.796719284275561,6.668619604351313,6.784473350043375,6.791898905999152,0,0,0,0,0,0,1565.8488440610515
2.4687896630637867,0.5252641630868693,0.2985810738611496,0.968773489490955,0.7242131466932423,-0.01893477624010041,-0.18138025480685016,0.6650248082377169,-9.984238025185242,2.5815391650826975,1.3015280265556426,0.37731087590455115,4.341127838522869,-0.9191144148814043,0,0,0,0,0,0,6.796851166927652,6.684257206749412,6.788962838228967,6.791264209111908,0,0,0,0,0,0,1565.8488440610515
2.4795562900790227,0.4170522584210898,0.32386433664882713,0.9820762704257832,0.7287963299444239,-2.584621211889082e-05,-0.1677522924068024,0.6638637489604133,-10.113633978077466,2.114060280023199,1.1685516782118603,-0.09071162173489787,4.300330831422593,-0.9158893395131826,0,0,0,0,0,0,6.796958034999921,6.713006168666174,6.791554096216501,6.790393302948315,0,0,0,0,0,0,1565.8488440610515
2.4903229170942587,0.30756091751989206,0.344083861188804,0.9939180075285784,0.7314647864519518,0.01912212902631699,-0.15415814299416036,0.6639494538825176,-10.22180464296114,1.6410657686976906,1.0304581357385545,-0.4521969611619933,4.271257584582831,-0.9136011662540716,0,0,0,0,0,0,6.796843902592697,6.73487468875467,6.792582566402257,6.788732070788591,0,0,0,0,0,0,1565.8488440610515
2.4999949850114027,0.20830048152440234,0.3578856850575727,1.0032724050325692,0.7324798060003763,0.03646710868142071,-0.1419241336770326,0.6648315757137988,-10.300402629279402,1.2123789236570952,0.90349775288149,-0.7401512834797305,4.250465578703316,-0.9119814797721438,0,0,0,0,0,0,6.796576829346459,6.735521226755406,6.792724325232226,6.78575909141274,0,0,0,0,0,0,1565.8488440610515
2.5096670529285467,0.10836639976199003,0.3675272122021599,1.011390250435806,0.7322260537038947,0.05392429104154496,-0.12963930703793666,0.6664314122125482,-10.361051400072544,0.7808792795715429,0.7749400464920684,-1.0199975654730884,4.232752060057116,-0.9106177171837353,0,0,0,0,0,0,6.796413403442888,6.744618997070405,6.792951785088374,6.782694315181528,0,0,0,0,0,0,1565.8488440610515
2.519339120845691,0.007933776363675924,0.37298387798030735,1.0182611961423016,0.7307684061951881,0.07147022700564061,-0.11727574376257634,0.6686672887794357,-10.403439178569332,0.3471355543090959,0.645827530720085,-1.2696137160463647,4.22029617119909,-0.9097115360071956,0,0,0,0,0,0,6.796200462488048,6.75633784229302,6.793063576221588,6.77895275750117,0,0,0,0,0,0,1565.8488440610515
2.529011188762835,-0.09281927140424831,0.3742372673317841,1.0238844648756624,0.7282009946012699,0.08908209065992895,-0.10480788240053239,0.6714186476201667,-10.42725943720283,-0.08815119990835404,0.5170893260567213,-1.4912730951860833,4.2134026447858695,-0.9092939067979167,0,0,0,0,0,0,6.795939196999793,6.765632779825196,6.793094070555739,6.774339567950128,0,0,0,0,0,0,1565.8488440610515
2.538683256679979,-0.1937117688360184,0.3712762367089773,1.0282676943315343,0.7245828419941723,0.10674418505216902,-0.0922118672153847,0.6745979214241984,-10.43222950810355,-0.5241904603357076,0.3895409286134169,-1.6998911442028732,4.211464236240495,-0.9093108402888687,0,0,0,0,0,0,6.795629371997551,6.77215232178415,6.793062106875087,6.768625760012891,0,0,0,0,0,0,1565.8488440610515
2.548355324597123,-0.2945601223525069,0.3640975130434067,1.0314260614911621,0.7199207141903796,0.12444746675556612,-0.07946146752581863,0.6781687610590591,-10.41808892190709,-0.9601481368018903,0.26393552580428625,-1.9106661184254823,4.214035255480735,-0.9097221821069842,0,0,0,0,0,0,6.795270647013113,6.776616741330995,6.792978520962281,6.761569223593519,0,0,0,0,0,0,1565.8488440610515
2.558027392514267,-0.3951782799089553,0.3527060649255854,1.0333819649466123,0.7141721768949922,0.14218705725102948,-0.06652407635728622,0.6821403739437876,-10.384587633514505,-1.395153420271406,0.1410224946500603,-2.1368313762641473,4.221009377121887,-0.9105182948061715,0,0,0,0,0,0,6.794863949248237,6.779677572713128,6.792849849403298,6.75297126490256,0,0,0,0,0,0,1565.8488440610515
2.567699460431411,-0.4953777699728059,0.3371154868183825,1.0341652429545858,0.7072503624219789,0.15995967213134954,-0.053357532075765234,0.6865586660412889,-10.331473371537905,-1.8282917583136082,0.02159869094635328,-2.389789078352383,4.232525375109465,-0.9117118076935774,0,0,0,0,0,0,6.794413009907727,6.781773925869988,6.792680128143606,6.742806078480864,0,0,0,0,0,0,1565.8488440610515
2.577371528348555,-0.594967623213695,0.3173484742761987,1.0338138465055613,0.6990285536241185,0.17776077141186145,-0.039908174473696545,0.6914965849340182,-10.258480231331184,-2.258593742290942,-0.09344892999132436,-2.6786248427566313,4.248783623331145,-0.9133212423377092,0,0,0,0,0,0,6.793925965585398,6.783182461551929,6.792471562454751,6.731478248436072,0,0,0,0,0,0,1565.8488440610515
2.587043596265699,-0.6937541950141232,0.2934374136814485,1.0323748752742785,0.6893487695931788,0.19558086692605306,-0.026111525559498496,0.6970398744589722,-10.165319935741305,-2.685022888894496,-0.2031117391958502,-3.0079604832112845,4.269758197966862,-0.9153451776894771,0,0,0,0,0,0,6.793416613355932,6.784074878007415,6.792224343405444,6.720233384633279,0,0,0,0,0,0,1565.8488440610515
2.596715664182843,-0.7915409295561284,0.26542509096966643,1.0299058355252497,0.6780411665958757,0.21340076098962563,-0.011898261341699693,0.7032629117104052,-10.051679340876596,-3.106463344984904,-0.3062470069791371,-3.373940960879644,4.294783634644885,-0.9177250343183392,0,0,0,0,0,0,6.792904580934747,6.78455740941357,6.791935692234104,6.711517778599162,0,0,0,0,0,0,1565.8488440610515
2.606387732099987,-0.8881281609696542,0.23336552955670198,1.0264758688043547,0.6649596893393451,0.23118662966157907,0.0027918352954254297,0.7101926213888204,-9.917232263018498,-3.5217044475688817,-0.40159879557479056,-3.7602240437049805,4.322166338849084,-0.9203101108759134,0,0,0,0,0,0,6.792413623287504,6.784695858741988,6.791598221806757,6.708548835846109,0,0,0,0,0,0,1565.8488440610515
2.616059800017131,-0.983313149617124,0.19732502367440766,1.0221665568935994,0.6500282372349231,0.2488876910861479,0.0179895491819829,0.7177705651134586,-9.761678380486588,-3.929413928478038,-0.48786570573270327,-4.1390145515757295,4.349247795427096,-0.9228637922833857,0,0,0,0,0,0,6.791967888011384,6.784531751390947,6.7911978475175365,6.713350193944314,0,0,0,0,0,0,1565.8488440610515
2.625731867934275,-1.0768906575728074,0.15738348586292997,1.0170718473528522,0.6332729410123001,0.26643964418246213,0.03367980052371482,0.7258381150271991,-9.584815414780735,-4.328101784795375,-0.5638120335344758,-4.480772844727966,4.373228152893397,-0.9251390790699227,0,0,0,0,0,0,6.7915873053008715,6.784093095416615,6.790711585782784,6.724646333970299,0,0,0,0,0,0,1565.8488440610515
2.635403935851419,-1.168654312888138,0.11363607993242236,1.0112968219771552,0.614814487831844,0.28377346539702514,0.04980200737429031,0.7341631466847964,-9.386624192966277,-4.716105045033825,-0.6283888661889971,-4.766767222018122,4.392244450111076,-0.9269773386169509,0,0,0,0,0,0,6.791284295728783,6.783401228970648,6.790105362529928,6.7386165559360665,0,0,0,0,0,0,1565.8488440610515
2.645076003768563,-1.258398695596727,0.06619476804973327,1.0049554435156163,0.5948253917248262,0.30082438924499405,0.0662675556642542,0.7424931321305731,-9.167326410053011,-5.0916234870531465,-0.680817797938388,-4.993750812486802,4.405775671276933,-0.9283457147912839,0,0,0,0,0,0,6.791063472004583,6.7824740804339045,6.789331317324421,6.751781970453808,0,0,0,0,0,0,1565.8488440610515
2.6547480716857073,-1.3459217537028685,0.015189301758544112,0.9981677809011554,0.5734842571445303,0.3175364490471372,0.08298098890396029,0.7506001370999357,-8.92739511522184,-5.452792161429981,-0.7206142737526459,-5.169142784463704,4.4142300568158035,-0.9293001930546486,0,0,0,0,0,0,6.790924104698942,6.7813257189753315,6.788323343742429,6.762523128444389,0,0,0,0,0,0,1565.8488440610515
2.6644201396028513,-1.4310271432307673,-0.03923250661393942,0.991057251328238,0.5509497519083377,0.333862542167906,0.09985357680975647,0.758300360680135,-8.667532693657654,-5.797751468317719,-0.7475647634169058,-5.303822269002158,4.418322639269869,-0.9299300865830143,0,0,0,0,0,0,6.79086355865797,6.779961868276852,6.7869890563990545,6.770670058785433,0,0,0,0,0,0,1565.8488440610515
2.6740922075199953,-1.513526297247876,-0.096905085708227,0.9837481909508161,0.5273544440541893,0.349762495776703,0.11680779803325941,0.765453738120711,-8.388639968205394,-6.12469485064207,-0.7616858650888993,-5.407614989385844,4.418677445787997,-0.9303239369225372,0,0,0,0,0,0,6.790879821137306,6.778370972907495,6.785195767375474,6.776658327709209,0,0,0,0,0,0,1565.8488440610515
2.6837642754371394,-1.5932402090732125,-0.1576457683451939,0.9763638246126444,0.5028093885347066,0.3652010797959603,0.1337762819936006,0.7719551777747125,-8.091789041156492,-6.4318974964179425,-0.7631849190706008,-5.487658496354795,4.415668049768842,-0.9305585389761531,0,0,0,0,0,0,6.790972159071331,6.776510507704737,6.782746733821072,6.781023395987947,0,0,0,0,0,0,1565.8488440610515
2.6934363433542834,-1.6700009839553611,-0.22125567947947003,0.9690245752012268,0.47741246051524905,0.38014672698710156,0.15069840178637758,0.7777247586420285,-7.778202592682924,-6.71773559604479,-0.752429805568367,-5.548183359531835,4.40936813941046,-0.9307001416347176,0,0,0,0,0,0,6.7911399471358544,6.7742879438543175,6.779341227064746,6.784216827844583,0,0,0,0,0,0,1565.8488440610515
2.7031084112714274,-1.7436532181085231,-0.2875207945215506,0.9618466150158363,0.4512575940757688,0.3945710975877538,0.1675159675410933,0.7826995805263445,-7.449238649703611,-6.980703217817057,-0.7299290843583977,-5.590618059255675,4.399514203489663,-0.9308102689776622,0,0,0,0,0,0,6.791380404458201,6.771533822141286,6.774507186641235,6.7865749148613155,0,0,0,0,0,0,1565.8488440610515
2.7127804791885715,-1.8140552508836376,-0.3562131676941522,0.9549405621039281,0.4244447943736001,0.40844951944134794,0.1841681615352275,0.7868276144582235,-7.10637937637716,-7.2194312078983325,-0.6963217722379584,-5.613473730317622,4.385425140163184,-0.9309535728832344,0,0,0,0,0,0,6.791686334076699,6.76795911818424,6.767487828718156,6.788336650053053,0,0,0,0,0,0,1565.8488440610515
2.7224525471057155,-1.8810803237364428,-0.4270923673596788,0.9484102304667241,0.39709225084391303,0.4217624758300743,0.2005850497111963,0.7900631595852056,-6.751222884695448,-7.4327117274351195,-0.6523764808886275,-5.61173844735175,4.36583648013733,-0.9312079291436202,0,0,0,0,0,0,6.79204493875219,6.763078101097881,6.75705491768259,6.789669870289478,0,0,0,0,0,0,1565.8488440610515
2.7321246150228595,-1.9446176724322857,-0.49990719328884825,0.9423513397308337,0.36935275093947895,0.4344985289421724,0.21667844428918356,0.7923635690142163,-6.385477550971169,-7.619532918817462,-0.5990009531185937,-5.575640364678413,4.338594994120613,-0.9316778338104971,0,0,0,0,0,0,6.7924383387948915,6.756054922559079,6.741220538824583,6.790693324025384,0,0,0,0,0,0,1565.8488440610515
2.7417966829400036,-2.0045735751284393,-0.57439780399153,0.9368500728697551,0.3414368203781357,0.44665913375377836,0.23232865202565484,0.7936875413992178,-6.0109585008923245,-7.779130345882932,-0.5372643879364517,-5.488916664804454,4.300132577464607,-0.932510471977306,0,0,0,0,0,0,6.79284568878579,6.74537922628478,6.716853326004457,6.791492681922337,0,0,0,0,0,0,1565.8488440610515
2.7514687508571476,-2.0608723752968436,-0.6502984588005233,0.9319813448443915,0.3136430970112679,0.4582650455502544,0.24736661023628695,0.7939967983967019,-5.62958587744861,-7.911064189917215,-0.4684350601444255,-5.327652763532411,4.244599436101239,-0.9339065544027612,0,0,0,0,0,0,6.7932461674809375,6.72814431260632,6.679302624478292,6.792131269880012,0,0,0,0,0,0,1565.8488440610515
2.7611408187742916,-2.113457503936015,-0.7273411656744124,0.9278066320665025,0.28638872534993165,0.46936067876541293,0.2615553317042788,0.7932659451144849,-5.243387540842376,-8.015329830655434,-0.394032587001123,-5.062906587689604,4.162432034911892,-0.936101005820524,0,0,0,0,0,0,6.793621946849887,6.698370989167377,6.622146481477438,6.792656609012698,0,0,0,0,0,0,1565.8488440610515
2.7708128866914357,-2.1622926240346874,-0.8052605508295451,0.9243712515201379,0.26021479054167385,0.4800036237363996,0.2745853965152541,0.7915097245162808,-4.854528591258433,-8.092496765847384,-0.31588677979005064,-4.673378177675243,4.037725166324256,-0.9392645585484648,0,0,0,0,0,0,6.7939605198696045,6.6431293774388545,6.5365616132221644,6.793103666630627,0,0,0,0,0,0,1565.8488440610515
2.7804849546085797,-2.2073634182279696,-0.8838001002980301,0.9217011357725554,0.2357134969425433,0.49020866324501616,0.286118097229613,0.7888415863000362,-4.465429599391558,-8.143844646062746,-0.23617521295678492,-4.177547144080263,3.8432199025725886,-0.9432523932941459,0,0,0,0,0,0,6.794256117704835,6.535466543790965,6.410049607460551,6.793495868303605,0,0,0,0,0,0,1565.8488440610515
2.7901570225257237,-2.2486806047383734,-0.962719478739945,0.9197999595984723,0.21329004174164048,0.4998000083894679,0.29593672450686437,0.7855754354585468,-4.078845318706394,-8.171434863960556,-0.1572620974041472,-3.6926783528469542,3.537481698212648,-0.9471417993928818,0,0,0,0,0,0,6.794509944181342,6.341143212557672,6.2398599385980456,6.7938456328007995,0,0,0,0,0,0,1565.8488440610515
2.7998290904428678,-2.2862785442991247,-1.0418015075555769,0.9186517098595942,0.19276299938545988,0.5082344302095922,0.30421717100768,0.7822992412635565,-3.696432442343619,-8.17792619344293,-0.0805403668061532,-3.420018117699435,3.1034443402266763,-0.9493504234132046,0,0,0,0,0,0,6.794728350922588,6.1406119841236695,6.113989268515508,6.794157064438223,0,0,0,0,0,0,1565.8488440610515
2.809501158360012,-2.320189732970349,-1.1208541662429339,0.9182398083391641,0.173399860767784,0.5148666906545217,0.31152303984444446,0.779614119155272,-3.3155325396192654,-8.165668575608931,-0.004438152728741577,-3.3432702722278203,2.634285003610047,-0.9500081480067735,0,0,0,0,0,0,6.794918153142941,6.201313083014673,6.191240045683677,6.794432147192734,0,0,0,0,0,0,1565.8488440610515
2.819173226277156,-2.3504057732725094,-1.1997030444866457,0.9185735484582717,0.15491444368245608,0.5197843732562841,0.31811992992853905,0.7775766397207343,-2.931857938433235,-8.135938933456632,0.07401943418341582,-3.2115002608919334,2.265111917413993,-0.9510899271790556,0,0,0,0,0,0,6.795082188026234,6.423432274667115,6.37140336235469,6.794675841304647,0,0,0,0,0,0,1565.8488440610515
2.8288452941943,-2.3768939133273603,-1.2781836646523856,0.9196821942827182,0.13760933890547195,0.523692750399584,0.323838431347599,0.7758467911947853,-2.545024564871769,-8.089719969823136,0.1556915813728106,-2.9418234687972578,2.0257664773637196,-0.953248198093072,0,0,0,0,0,0,6.795220065146067,6.583830128094312,6.509833152563291,6.794894691963034,0,0,0,0,0,0,1565.8488440610515
2.838517362111444,-2.3996335186720468,-1.3561429408301808,0.9215925209908907,0.12168037816329062,0.5271859867235235,0.32855478263586335,0.7741579785673494,-2.157069149977212,-8.028381203782882,0.2395853030602485,-2.6276985432916984,1.8740025939170233,-0.9557481567494528,0,0,0,0,0,0,6.795332021132724,6.670243059791164,6.597725611439762,6.795092737220423,0,0,0,0,0,0,1565.8488440610515
2.848189430028588,-2.4186217711751574,-1.433441766066186,0.9243201184261431,0.10704492212636053,0.5305582403087614,0.3323279613120791,0.7724036926488566,-1.7694864751923576,-7.953381118496884,0.3245136228743899,-2.3430320406023153,1.7736245450750883,-0.958008796213347,0,0,0,0,0,0,6.795421056429946,6.715795603694271,6.655660603173377,6.795270046755,0,0,0,0,0,0,1565.8488440610515
2.857861497945732,-2.4338662603126626,-1.5099543294132984,0.9278702515653761,0.09347025850363336,0.5339113194843927,0.335318923271859,0.7705603372854718,-1.38300866069732,-7.86598548980034,0.40953785213413213,-2.1182158689655686,1.704560439804455,-0.9597916933776838,0,0,0,0,0,0,6.795492896084406,6.740968248164659,6.6964312426513,6.795423703619147,0,0,0,0,0,0,1565.8488440610515
2.867533565862876,-2.4453795789012895,-1.5855657678676018,0.9322403119904386,0.08068331130442051,0.5372550324022677,0.33771661533054215,0.7686317201137843,-0.9979942521062386,-7.767188912777858,0.49396077937384786,-1.958432492065997,1.6558353018384655,-0.9610573126039588,0,0,0,0,0,0,6.795555112078873,6.755685911457485,6.725914879870486,6.795549343092607,0,0,0,0,0,0,1565.8488440610515
2.87720563378002,-2.4531770236122608,-1.660169550720444,0.9374218902036029,0.06843051810937029,0.5405628048043434,0.33969704139793466,0.7666257485362951,-0.6146692847171807,-7.657724545764435,0.5772723379670079,-1.8562633128265198,1.6208291796849685,-0.9618659823997372,0,0,0,0,0,0,6.795615984674667,6.76471345638532,6.747043611459896,6.795642335445043,0,0,0,0,0,0,1565.8488440610515
2.886877701697164,-2.4572758826570813,-1.7336651362612,0.9434023534959813,0.05650460211024422,0.5437993042219437,0.3414047933049237,0.7645471298595761,-0.23322875016532743,-7.538105271802873,0.6591028257602418,-1.7996815571554141,1.5951710950802511,-0.9623150412680066,0,0,0,0,0,0,6.795683255799452,6.770438962325353,6.761871995075567,6.795698400379607,0,0,0,0,0,0,1565.8488440610515
2.896549769614308,-2.457695331585474,-1.8059560771288097,0.9501660147376247,0.04474908548595218,0.5469319615562845,0.3429497636607992,0.7623964902735111,0.14612933789671861,-7.408672728214433,0.7391848683821417,-1.7769769610643158,1.5758655340051015,-0.9625000108083697,0,0,0,0,0,0,6.795762893215902,6.774124893317322,6.772121312231293,6.795713778388069,0,0,0,0,0,0,1565.8488440610515
2.906221837531452,-2.4544565181867046,-1.8769485871278386,0.9576949696159642,0.03305060753418859,0.549933890021983,0.34441226748652065,0.7601714043238565,0.5231944114465326,-7.269642319409821,0.8173229816321331,-1.7789206685771088,1.5608566887720805,-0.9624973949006607,0,0,0,0,0,0,6.795858057367021,6.776476386563538,6.779174779209146,6.795685222048045,0,0,0,0,0,0,1565.8488440610515
2.915893905448596,-2.447582699893297,-1.9465505011557658,0.9659696753897076,0.02132757649588744,0.5527831490823704,0.3458507729820151,0.757867513091261,0.8977405076800659,-7.121138989203956,0.8933706319907634,-1.7990502460970992,1.548743470993981,-0.9623622037464948,0,0,0,0,0,0,6.795968495283603,6.777914692556585,6.784052268096552,6.79561010939299,0,0,0,0,0,0,1565.8488440610515
2.92556597336574,-2.4370994003905566,-2.0146705327492893,0.9749693415857074,0.009520007204511117,0.5554611113923036,0.347308882430391,0.7554792276287985,1.2695247757769432,-6.963223089807407,0.9672141438906465,-1.8331003549578104,1.5385766650910437,-0.962132148761654,0,0,0,0,0,0,6.7960905044726365,6.778723142734428,6.78745933099485,6.795487020305325,0,0,0,0,0,0,1565.8488440610515
2.9352380412828842,-2.423034578574249,-2.081217740652418,0.9846721922520819,-0.0024177001368560136,0.557951175474086,0.3488202940160463,0.7530000285495964,1.6382864046740686,-6.795908112378753,1.0387619512803714,-1.8781917354692372,1.5297238035978769,-0.961833680089763,0,0,0,0,0,0,6.796217421444186,6.7791404751569635,6.789866771527934,6.795317223218402,0,0,0,0,0,0,1565.8488440610515
2.9449101092000283,-2.4054188046222045,-2.1461011379282953,0.9950556426972883,-0.014520742739636558,0.5602383485986291,0.35041146370655685,0.7504225122507978,2.003746330524245,-6.619172884829469,1.107937356179319,-1.9319851158906056,1.5217918677305196,-0.9614881869069731,0,0,0,0,0,0,6.796340381507977,6.779432906716094,6.791583414538223,6.795107679423876,0,0,0,0,0,0,1565.8488440610515
2.9545821771171723,-2.38428548369459,-2.20922943009043,1.0060963926658653,-0.026817806377749297,0.562308104978688,0.3521043985086963,0.7477385190607686,2.365591979468813,-6.432978677421765,1.17466625862844,-1.9945363696198661,1.5143011307228658,-0.9610994143094055,0,0,0,0,0,0,6.796281930741255,6.77835762398146,6.7924013491748045,6.794629655173673,0,0,0,0,0,0,1565.8488440610515
2.963511608381121,-2.3616836943468207,-2.265873180487079,1.016852163787838,-0.0383772203123007,0.5640053234490903,0.35378480952114477,0.7451587029849922,2.6961277155031653,-6.252645440488132,1.2340309979271247,-2.067565661090106,1.5068404555013777,-0.9606516037714373,0,0,0,0,0,0,6.796094604687423,6.773746143336279,6.792591307598734,6.793865449670311,0,0,0,0,0,0,1565.8488440610515
2.97244103964507,-2.3361467505281728,-2.3208702641852286,1.028128238514775,-0.050197565131206545,0.5654582044604495,0.3556282030067197,0.742472763601113,3.0229495473347767,-6.064143187599007,1.2911996316891965,-2.1640665487104123,1.4980128619464383,-0.9600557537188997,0,0,0,0,0,0,6.796014153134115,6.768185844454146,6.792879534018061,6.793198140893263,0,0,0,0,0,0,1565.8488440610515
2.9813704709090185,-2.3077093553030825,-2.374147195395263,1.0399049455346092,-0.062357623701160055,0.5666158602209875,0.35769810661105295,0.7396688841902456,3.3457002224417507,-5.867342386274993,1.3461621042458094,-2.2883627523957615,1.4874501986931996,-0.9592802906102722,0,0,0,0,0,0,6.795911749865379,6.761494510193908,6.793089910799315,6.792442920919841,0,0,0,0,0,0,1565.8488440610515
2.9902999021729673,-2.2764097418174245,-2.4256290910721043,1.0521626300589955,-0.07494897940177643,0.5674170488131224,0.3600687077547299,0.73672998371091,3.6639450951688577,-5.662057683919711,1.3989329774958004,-2.444960151399278,1.4747765492159055,-0.958294071078263,0,0,0,0,0,0,6.795786722745725,6.753656142337112,6.793232668963121,6.791595746770099,0,0,0,0,0,0,1565.8488440610515
2.999229333436916,-2.2422904111282405,-2.475239127573599,1.0648818888747338,-0.08807583473329361,0.5677893457920659,0.36282468425204206,0.7336321657605106,3.9771601633850366,-5.4480387045030385,1.4495540973356065,-2.6382973979866713,1.4596303639398203,-0.957066646360088,0,0,0,0,0,0,6.795638677054447,6.7447443736319475,6.793316284367238,6.790654507256848,0,0,0,0,0,0,1565.8488440610515
3.0081587647008647,-2.2053990065954716,-2.5228979347459273,1.0780438128706324,-0.10185374575335587,0.5676486914157794,0.36606005871725805,0.7303429406942203,4.284714598808008,-5.2249648760249725,1.498094001863432,-2.8724409698477804,1.4416876791628104,-0.9555705103711052,0,0,0,0,0,0,6.795467447458086,6.7348883031412194,6.793347341914047,6.7896204094176635,0,0,0,0,0,0,1565.8488440610515
3.0170881959648135,-2.165789353500851,-2.568522959884424,1.0916302138783298,-0.11640756833422133,0.5668990992650851,0.369876291250347,0.7268192474459089,4.585851151493046,-4.992444136232996,1.544644897872692,-3.1510118892947228,1.4206640483536452,-0.9537814056886303,0,0,0,0,0,0,6.795273042190722,6.7241860744331685,6.793330502016843,6.788500302158583,0,0,0,0,0,0,1565.8488440610515
3.026017627228762,-2.1235226843701023,-2.6120278428061185,1.105623812174782,-0.13186953644733526,0.5654319082094245,0.3743803688018338,0.723005201911865,4.879664068315354,-4.750016871889531,1.5893168671589415,-3.47747917630926,1.3962827911206714,-0.9516755526653259,0,0,0,0,0,0,6.795055558763404,6.712600459348258,6.7932684361733635,6.787310367379589,0,0,0,0,0,0,1565.8488440610515
3.034947058492711,-2.078669074508999,-2.6533218511550873,1.1200083608066762,-0.14837847873322207,0.5631238304298832,0.37968375163065754,0.7188293451150001,5.165074001355079,-4.497165448029521,1.6322296054010341,-3.8557544879129955,1.3682141389138307,-0.9492242216873128,0,0,0,0,0,0,6.794815049928653,6.699902216161532,6.793161658129651,6.786081441977306,0,0,0,0,0,0,1565.8488440610515
3.0438764897566597,-2.031309117141581,-2.692309423568855,1.1347686879904648,-0.16608048258789626,0.5598333727286158,0.38590246367166137,0.714201061756993,5.440799394293329,-4.2333287049111155,1.6735024699466765,-4.29074152363257,1.3360140258805409,-0.9463882779079091,0,0,0,0,0,0,6.794551312448379,6.685736708537794,6.793008181094085,6.78486562966392,0,0,0,0,0,0,1565.8488440610515
3.0528059210206084,-1.9815358696101193,-2.7288898606019285,1.149890646244033,-0.18512968657854728,0.5553961717262668,0.39315721835979117,0.7090059895591345,5.705324615950355,-3.9579204525911393,1.7132436343926838,-4.788144354503448,1.2991220083690935,-0.9431181368927826,0,0,0,0,0,0,6.794263559677227,6.669915982144909,6.792802897654404,6.783742492706781,0,0,0,0,0,0,1565.8488440610515
3.061735352284557,-1.9294570891057579,-2.7629571959946992,1.1653609624422177,-0.2056850411370751,0.5496217933319877,0.40157001944036574,0.7031010365755649,5.956868017917295,-3.6703514096044523,1.7515387355107706,-5.352285661527545,1.2570273196287414,-0.9393690968451095,0,0,0,0,0,0,6.793949931589951,6.6531179474647555,6.792536519805706,6.78282075957825,0,0,0,0,0,0,1565.8488440610515
3.070664783548506,-1.8751977224301069,-2.794400282437803,1.1811669824632343,-0.22789450363750763,0.5422983095143822,0.41124994313340923,0.6963118001171781,6.19335949493881,-3.3700557672970293,1.7884383941906483,-5.980095152730771,1.2097664937010302,-0.9351469939882741,0,0,0,0,0,0,6.793606821023183,6.638118682188453,6.792193848252283,6.782228809248126,0,0,0,0,0,0,1565.8488440610515
3.0795942148124547,-1.818902492261017,-2.8231031651021876,1.1972962862898673,-0.251854904695881,0.5332154479302502,0.4222582162973606,0.6884390981332645,6.412444770212373,-3.056531461092102,1.8239407181087175,-6.650907578123782,1.158792997859022,-0.9305879200860193,0,0,0,0,0,0,6.793228106998967,6.63070038954884,6.791751089729366,6.782087188823208,0,0,0,0,0,0,1565.8488440610515
3.0885236460764034,-1.7607382549042934,-2.8489459843110776,1.2137360849999754,-0.2775458804073705,0.5222136464566632,0.4345519089175549,0.6792833209931197,6.611533589353737,-2.7294254868041685,1.8579576050779592,-7.319478207035035,1.107591794716093,-0.9260148316822641,0,0,0,0,0,0,6.7928046425954545,6.63718764080216,6.79117191994409,6.7824645685271046,0,0,0,0,0,0,1565.8488440610515
3.097453077340352,-1.7008956867722091,-2.8718070002155023,1.2304722023394021,-0.3047724200539776,0.5092412225687215,0.44793704582200383,0.6686849423991928,6.787900877970722,-2.3887051684706972,1.8902547628218604,-7.927311866797881,1.0607423635945767,-0.9218528135813214,0,0,0,0,0,0,6.79232472230461,6.657769429766137,6.790401903097627,6.783336304474418,0,0,0,0,0,0,1565.8488440610515
3.106382508604301,-1.6395898148075416,-2.891566431068225,1.2474874723055123,-0.3331764537710192,0.4943732784869227,0.46208327606359895,0.6565573532852947,6.93884637171136,-2.0348755068297777,1.9203885710905393,-8.430990778785556,1.0215297673178416,-0.9184122926372182,0,0,0,0,0,0,6.791776594515301,6.684659439098589,6.789360516023826,6.784577121615471,0,0,0,0,0,0,1565.8488440610515
3.1153119398682496,-1.5770589317908872,-2.908111912784469,1.2647597543648001,-0.3623239846129133,0.47777168944017495,0.4766036432669182,0.6428876341697689,7.0618922433161355,-1.669097446155613,1.947692118720266,-8.819449063367763,0.9904900536693081,-0.9157584064771107,0,0,0,0,0,0,6.791154274386172,6.709454408636766,6.7879295107502475,6.786001915853368,0,0,0,0,0,0,1565.8488440610515
3.1242413711321984,-1.5135618221207972,-2.9213442255859032,1.282260121377877,-0.39179798234435587,0.4596251244931059,0.49113696216036773,0.627712968135496,7.154949105623807,-1.2931330765279032,1.9713239509496896,-9.105846015778276,0.9660985222115104,-0.9137773678412631,0,0,0,0,0,0,6.790467822638041,6.728444560173257,6.785936789435347,6.787429495419217,0,0,0,0,0,0,1565.8488440610515
3.133170802396147,-1.449373863958573,-2.931182028932645,1.2999516232857835,-0.4212438801618009,0.4401114990379069,0.5053869062787015,0.6110969945948679,7.21639676935541,-0.9091992918604023,1.990340131063445,-9.310772339353361,0.9461550318491269,-0.9123082943285129,0,0,0,0,0,0,6.789757605947508,6.741545856851701,6.783138633160826,6.788729102635825,0,0,0,0,0,0,1565.8488440610515
3.142100233660096,-1.3847827538280009,-2.937565269690461,1.3177886590684642,-0.4503731772403627,0.4193877573030463,0.5191240649736527,0.593117286387754,7.245094846823042,-0.5198266286045483,2.0037556329106363,-9.452246962140515,0.9285553785546733,-0.911220559888819,0,0,0,0,0,0,6.789105626596051,6.749891384076409,6.779212945353926,6.789833451772687,0,0,0,0,0,0,1565.8488440610515
3.1510296649240446,-1.3200842929670613,-2.940457476125075,1.3357168210620234,-0.4789499633527291,0.39759362933069164,0.5321735903903068,0.5738619243434419,7.240364726840863,-0.127750641940611,2.0105893971047823,-9.542912340872034,0.9114486459695759,-0.9104344593148544,0,0,0,0,0,0,6.788625592944496,6.7546361601047895,6.773787628198664,6.790729356536568,0,0,0,0,0,0,1565.8488440610515
3.1599590961879933,-1.255578362393288,-2.9398471962836883,1.3536730895998212,-0.5067755131655252,0.3748593193815038,0.544401891519308,0.5534308000453662,7.201967816463652,0.26417331777697894,2.0098987561837625,-9.590215206231429,0.8931765898799553,-0.9099173686457603,0,0,0,0,0,0,6.788414794785359,6.756706203458047,6.766501548417311,6.791441873312338,0,0,0,0,0,0,1565.8488440610515
3.168888527451942,-1.1915650784955096,-2.935748734227181,1.3715863073378698,-0.5336753683528277,0.35131398068110603,0.5557061285985894,0.5319396458522692,7.130087351427027,0.653043565512437,2.0008082419800344,-9.596743649413364,0.872219142014731,-0.9096762846828326,0,0,0,0,0,0,6.788493128473831,6.756918878341608,6.756968263717517,6.792017648448956,0,0,0,0,0,0,1565.8488440610515
3.177817958715891,-1.1283410880254638,-2.9282022600892814,1.389377895967467,-0.5594877627651393,0.327096467152742,0.5660057160332639,0.5095280894218952,7.025315904827562,1.0359793241385211,1.9825354087570146,-9.559177092970195,0.8471353154534212,-0.9097602371509261,0,0,0,0,0,0,6.788795501238954,6.756129638267873,6.744414437351931,6.79250621917015,0,0,0,0,0,0,1565.8488440610515
3.1867473899798395,-1.0661959288579577,-2.9172733375779916,1.4069627991167613,-0.58405003961372,0.30237256968402,0.5752341599077083,0.48637644022420284,6.8886547097917346,1.410184618589555,1.954416292678006,-9.465251593244565,0.816343639083771,-0.9102809904017092,0,0,0,0,0,0,6.789229366464541,6.755165959467764,6.727037331510561,6.7929428120818525,0,0,0,0,0,0,1565.8488440610515
3.1956768212437883,-1.0054083039044985,-2.90305186317527,1.424250671076228,-0.6071808790275343,0.2773628571793863,0.5833315113879393,0.4627370456560623,6.721535483917533,1.7730189411819424,1.9159363277240553,-9.289604107909113,0.7776434047747764,-0.9114468041763827,0,0,0,0,0,0,6.789729431060423,6.754530718387156,6.701584403924254,6.793341811051662,0,0,0,0,0,0,1565.8488440610515
3.204606252507737,-0.9462420413444256,-2.8856502457565756,1.4411474014801902,-0.6286611432851564,0.25238064778697866,0.5902411105893443,0.43898132866476525,6.525867355978635,2.122103078376323,1.8667763178656842,-8.991477577097136,0.7277168426406192,-0.913583491877738,0,0,0,0,0,0,6.790265172236942,6.754237179536877,6.664186605934826,6.793703458195323,0,0,0,0,0,0,1565.8488440610515
3.2135356837716857,-0.888941628770296,-2.8652002958727074,1.4575571499111306,-0.6482268549036126,0.22786568105044325,0.5959175258520849,0.41564585690647543,6.304073739752432,2.455511763582219,1.8068806050264974,-8.52345860793393,0.6626100683069882,-0.9170677346608135,0,0,0,0,0,0,6.790819961676986,6.754043559353132,6.615179150911626,6.794025354917484,0,0,0,0,0,0,1565.8488440610515
3.2224651150356345,-0.8337278206240125,-2.8418478529132636,1.4733850455055706,-0.6656085430629014,0.20436374053570414,0.6003544990637497,0.3934147994291156,6.059014179744303,2.7720863483129388,1.7365311253392548,-7.86833017548746,0.5808557184493344,-0.9220375980104525,0,0,0,0,0,0,6.7913746793897944,6.753822521839903,6.569091417113997,6.794309383702966,0,0,0,0,0,0,1565.8488440610515
3.2313945462995832,-0.7807948298821108,-2.8157445992485903,1.4885403386105387,-0.6806476508603158,0.18238205283338746,0.6036282080277329,0.3729457717361078,5.79371108295175,3.07169865088838,1.6563606758194522,-7.087469255732122,0.48777991138708077,-0.9280115972202827,0,0,0,0,0,0,6.791907045520073,6.753727272735967,6.551027746244715,6.7945619897394085,0,0,0,0,0,0,1565.8488440610515
3.240323977563532,-0.7303103673102359,-2.7870391455710517,1.5029391227157698,-0.6934167280521878,0.16217762589934273,0.6059125602826241,0.35460066018946823,5.511047607719086,3.355090309994191,1.5672426202878702,-6.300789977395043,0.3939398346800893,-0.934046428760524,0,0,0,0,0,0,6.7923985997465,6.754110892545063,6.565908339111777,6.794791125791163,0,0,0,0,0,0,1565.8488440610515
3.2492534088274807,-0.682417599294706,-2.755871555258781,1.5165056961975047,-0.7041939660117347,0.14370285604487779,0.6074302322780862,0.3383620255167525,5.213636917976418,3.623343363553881,1.470116011976655,-5.600119957894763,0.307722573989452,-0.9394185788175115,0,0,0,0,0,0,6.792839200838722,6.755315450778569,6.595414901179097,6.79500348166598,0,0,0,0,0,0,1565.8488440610515
3.2581828400914294,-0.6372377131667183,-2.722372276842787,1.529172540802404,-0.7133223342460809,0.12674549886461944,0.6083858426930236,0.32399613021451407,4.903776331669202,3.8775001994618052,1.365861396811239,-5.009557524023144,0.2318522666133146,-0.9439365353560233,0,0,0,0,0,0,6.793226406270451,6.757484562372093,6.624285532434863,6.795203521431697,0,0,0,0,0,0,1565.8488440610515
3.267112271355378,-0.5948729373045311,-2.68666297192562,1.5408795589842705,-0.7211038035355111,0.11107668534264163,0.608936106141581,0.3112363943002807,4.583408912635505,4.118488683814039,1.255257229674114,-4.51252292549374,0.16556090239065516,-0.9477284278372163,0,0,0,0,0,0,6.793562447247832,6.760509170874513,6.647349808220801,6.795393861526694,0,0,0,0,0,0,1565.8488440610515
3.276041702619327,-0.5554096871206502,-2.648857395965004,1.5515731582022905,-0.7277687913582835,0.09651665241763843,0.609192579734969,0.2998691763533713,4.254141059874217,4.347157723469913,1.138984463713166,-4.082399706210511,0.10707849051964091,-0.9510013141048015,0,0,0,0,0,0,6.793851523927348,6.764104252995397,6.664330032405676,6.7955759829084155,0,0,0,0,0,0,1565.8488440610515
3.2849711338832757,-0.5189213098371285,-2.6090619227944405,1.5612054731252674,-0.7334835913578116,0.08294492555652479,0.6092344878525218,0.2897504087043628,3.9173052505150845,4.564317078288943,1.0176490129156774,-3.695213404545578,0.05464637744466316,-0.9539416121976443,0,0,0,0,0,0,6.794098293992449,6.767932963892151,6.676205253567217,6.795750721640517,0,0,0,0,0,0,1565.8488440610515
3.2939005651472244,-0.4854702269126862,-2.5673757477500527,1.5697338073120204,-0.7383660262774931,0.07029131899450576,0.609120458177846,0.2807970960362806,3.574026266633437,4.770769537932163,0.8918066333873242,-3.3323158033546894,0.00674525601982691,-0.956694058560839,0,0,0,0,0,0,6.79430738712362,6.771701154651505,6.684038142042432,6.795918436839157,0,0,0,0,0,0,1565.8488440610515
3.302829996411173,-0.45510954846885604,-2.5238908273721012,1.5771202850771475,-0.7424992400844189,0.05852360431216071,0.6088968149747203,0.2729735059049051,3.225271838012298,4.967337648638548,0.7619845403523058,-2.9802193087597373,-0.03787588961409815,-0.9593630620747384,0,0,0,0,0,0,6.794483576633829,6.77519813153563,6.6888494032512265,6.796078945146409,0,0,0,0,0,0,1565.8488440610515
3.311759427675122,-0.427884319041141,-2.4786916031055473,1.5833316749302229,-0.7459426526422976,0.04763512597451744,0.608602782046209,0.2662763741453216,2.8718846001407767,5.154885026941598,0.6286979713312913,-2.6306536233790383,-0.0801377647252591,-0.9620123351814878,0,0,0,0,0,0,6.7946323401502715,6.778297309878636,6.691895685668511,6.796231340459974,0,0,0,0,0,0,1565.8488440610515
3.3206888589390706,-0.403832559194704,-2.4318545677102903,1.5883393327439992,-0.7487420678812321,0.03763017410105428,0.6082731401153725,0.26071646053950137,2.514595937527471,5.334329442107203,0.49246002085404994,-2.2821485443538476,-0.12044372019440747,-0.96465257207681,0,0,0,0,0,0,6.7947606448217925,6.780938051927249,6.695140572608696,6.796373794248167,0,0,0,0,0,0,1565.8488440610515
3.3296182902030194,-0.3829862579145711,-2.383447779382932,1.5921191912998276,-0.7509415700177029,0.028503000052167462,0.6079384409839695,0.2562912198678569,2.154023832759216,5.506639575357698,0.35378154011013585,-1.9430845011421733,-0.15838076440919416,-0.967217641129846,0,0,0,0,0,0,6.794877787230322,6.783103005894645,6.701479537431431,6.796503401932421,0,0,0,0,0,0,1565.8488440610515
3.338547721466968,-0.36537241980178686,-2.3335305343890966,1.5946516902586265,-0.7525977501536659,0.020210026203149094,0.6076227710885965,0.25294811594301936,1.79066608990795,5.672800049859922,0.2131576796963503,-1.6329145996055507,-0.19259342075375607,-0.9695552047987553,0,0,0,0,0,0,6.794995964258342,6.784797249249994,6.713549517270979,6.796616113152572,0,0,0,0,0,0,1565.8488440610515
3.347477152730917,-0.35101411030868035,-2.282153543787886,1.5959215266836138,-0.7537903663920839,0.012647747065237433,0.6073402863938493,0.25055517267001043,1.424912297053198,5.833733484349317,0.07104231307238532,-1.3754521642536026,-0.22135454578965658,-0.9714797519777955,0,0,0,0,0,0,6.795130004612504,6.786030200505522,6.730886417197626,6.796706739862413,0,0,0,0,0,0,1565.8488440610515
3.3564065839948656,-0.33993126653279354,-2.229359928591808,1.5959171562120966,-0.754617219438305,0.005662219263659884,0.6070939639496814,0.24891305778539283,1.057082243351503,5.990203623361147,-0.07217984554698088,-1.1813601205357918,-0.24397089061450086,-0.9729134797377816,0,0,0,0,0,0,6.79561932618606,6.78743475718998,6.747840280317744,6.7969972253946835,0,0,0,0,0,0,1565.8488440610515
3.366834781601282,-0.3311568444288166,-2.1659616108846302,1.5942879937425969,-0.7552219986061609,-0.0019353839369814726,0.6068509799814918,0.24772540282707325,0.6254256764917079,6.167969072809257,-0.2404112562721858,-0.9876332427629162,-0.26759674982030657,-0.974341910815255,0,0,0,0,0,0,6.795920774586522,6.786701462489534,6.745395936556388,6.797138214977051,0,0,0,0,0,0,1565.8488440610515
3.377262979207698,-0.32689302846285273,-2.1007346627429517,1.5909009329408805,-0.7554509904337812,-0.008942725986014068,0.6066725261151783,0.24731007816420758,0.1920753406519796,6.341039176672121,-0.40924716807299866,-0.7833402577785283,-0.29385063543610174,-0.9758630884493791,0,0,0,0,0,0,6.795895989122217,6.783423236419921,6.73901229669115,6.7970114645378175,0,0,0,0,0,0,1565.8488440610515
3.3876911768141142,-0.3271554919421311,-2.0337239131842484,1.5857520894277364,-0.755289643055145,-0.015336329399155323,0.6065849364749049,0.24770358684510002,-0.24261295466793273,6.510219818759952,-0.5782203624643555,-0.5770715490714805,-0.32368752348432034,-0.9774079780669487,0,0,0,0,0,0,6.7958661564037275,6.778119000468822,6.735740165099774,6.796862042297699,0,0,0,0,0,0,1565.8488440610515
3.3981193744205305,-0.3319566466523376,-1.9649656102222868,1.5788425890456013,-0.754741472826984,-0.02114620677206342,0.6066133023770892,0.24887436290881815,-0.6783360448131551,6.676326079460552,-0.7468352311176869,-0.3869488968328285,-0.35771761830745225,-0.9788342230068126,0,0,0,0,0,0,6.7958080882755105,6.769375600597867,6.731697158304647,6.7966976594622555,0,0,0,0,0,0,1565.8488440610515
3.4085475720269467,-0.34130550322261183,-1.8944880260359112,1.5701788327492974,-0.7538194099920998,-0.02644734747180846,0.6067854037917653,0.25073553532782783,-1.1147441008159427,6.840060507418188,-0.9145788426841854,-0.22336571784807635,-0.39887932190323794,-0.980058346186377,0,0,0,0,0,0,6.7957056759065475,6.754407503024844,6.7232881310561305,6.79652327976805,0,0,0,0,0,0,1565.8488440610515
3.418975769633363,-0.3552070686348318,-1.822312985661806,1.5597726277322788,-0.7525328162189264,-0.03135119394185081,0.6071420235458728,0.25316008057483097,-1.5514104453105364,7.001944176474682,-1.080926595348199,-0.09666230455981986,-0.45343929168070546,-0.9809960159660032,0,0,0,0,0,0,6.795546777655245,6.727657110113771,6.7057767966742965,6.796340323365096,0,0,0,0,0,0,1565.8488440610515
3.429403967239779,-0.3736610816132104,-1.7484582433051212,1.5476413763941819,-0.7508757522862659,-0.03601623422644764,0.6077543584086782,0.25597475527078,-1.9877246104433708,7.162215487209131,-1.245324007476461,-0.017592585151926948,-0.5339761655667974,-0.9815588510279798,0,0,0,0,0,0,6.795320452814435,6.678779404887114,6.668196535162655,6.796145804939449,0,0,0,0,0,0,1565.8488440610515
3.4398321648461954,-0.39665879026700124,-1.672941288704217,1.5338086714116668,-0.7487689641702477,-0.040595408684769324,0.6087650367571815,0.2590408869486794,-2.422591326010605,7.32066717213618,-1.4071099086053236,0.0636950812790049,-0.6671993167913587,-0.9821347229891257,0,0,0,0,0,0,6.79501467421027,6.5958078250534715,6.573094043518314,6.795931569150314,0,0,0,0,0,0,1565.8488440610515
3.4502603624526116,-0.42417211440999913,-1.595785379437777,1.5183070075377074,-0.745630928039573,-0.04448749273527585,0.6105461912183057,0.2632275261628128,-2.852950742195386,7.47647460090742,-1.5650415128857114,0.7681750889832235,-0.9282371987244714,-0.9876038635917336,0,0,0,0,0,0,6.794615762578758,6.492643601338644,6.213714633642776,6.795682361570666,0,0,0,0,0,0,1565.8488440610515
3.460688560059028,-0.4561017486943815,-1.517025880786781,1.5011940380261346,-0.738023790480362,-0.042132753632922154,0.6144210344185842,0.27573992859269303,-3.2659083364081583,7.6285377609896,-1.714602290715795,5.262246373478828,-1.6131813044187908,-1.022873218756509,0,0,0,0,0,0,6.794117538687127,6.35120664308356,4.695566763794033,6.795364019340199,0,0,0,0,0,0,1565.8488440610515
3.471116757665444,-0.49222163719155954,-1.4366407246502213,1.4826119073876398,-0.718890199384263,-0.023761984863577442,0.6222780054262717,0.3088726813224164,-3.659954255207286,7.792155663894944,-1.8452720455709346,9.431066800275117,-2.6394320940518634,-1.0556001083848152,0,0,0,0,0,0,6.79348919140188,5.567899235823064,5.429506742719505,6.794923485228113,0,0,0,0,0,0,1565.8488440610515
3.4815449552718603,-0.5323366629693881,-1.3544369771841256,1.462813435012422,-0.6914750095919618,-0.0016621211053058937,0.6332021341747839,0.3477277753354293,-4.026137812940299,7.975218527504283,-1.9464762047856012,9.836573334941486,-4.0823654675558965,-1.0587390779371075,0,0,0,0,0,0,6.792559226331634,4.496417235884909,4.4632314457447775,6.7943446158319585,0,0,0,0,0,0,1565.8488440610515
3.4919731528782765,-0.5760452076364548,-1.2702788277594101,1.442129018293297,-0.6554975640812291,0.017806535338375565,0.6486930632813032,0.3862682752097789,-4.350058783218201,8.166067513706674,-2.0148888141685464,9.907479646922408,-6.257339765112256,-1.0592520898899875,0,0,0,0,0,0,6.791172197851843,3.662240710243472,3.6689577178563635,6.793526185254887,0,0,0,0,0,0,1565.8488440610515
3.5024013504846927,-0.6230173193412908,-1.1840602978631358,1.4209324568013966,-0.6093765180995219,0.032777554344829124,0.6694089522293329,0.42364790309324274,-4.660487296009477,8.37490832199046,-2.0418505796913586,9.945049155326545,-8.333182159297788,-1.059492177581316,0,0,0,0,0,0,6.788936345875211,4.7336090651401905,4.7163573969652655,6.792309676789133,0,0,0,0,0,0,1565.8488440610515
3.512829548091109,-0.6732873178660024,-1.095496885434681,1.3997529035726195,-0.5547808618239911,0.04425902665295284,0.6921816892909759,0.4595039095849501,-4.982564120971863,8.615887152772963,-2.0087289967110338,9.96174456986508,-9.419411803805977,-1.0594872073928328,0,0,0,0,0,0,6.784856657213907,6.127031381122723,6.145887873334178,6.790369040344989,0,0,0,0,0,0,1565.8488440610515
3.523257745697525,-0.7269116250628901,-1.0042988976538454,1.379271975824823,-0.495035472255671,0.05392853009240157,0.7133473944800465,0.4931197518242466,-5.297862252387188,8.875644922779108,-1.9088622167408082,9.972439684096354,-9.775563231152834,-1.0591530901803023,0,0,0,0,0,0,6.775511329922655,6.545241480539654,6.5386638454789985,6.786978865705819,0,0,0,0,0,0,1565.8488440610515
3.5336859433039414,-0.7836711959422505,-0.9103877670350432,1.3601480771187553,-0.43172565973422244,0.06285342180665852,0.7313115683223186,0.5242573720341902,-5.58148309220256,9.134059411813832,-1.749651502925298,9.97755149689096,-9.91468008594691,-1.057685361276374,0,0,0,0,0,0,6.744171444070092,6.628074498970691,6.679340956909012,6.779689608905743,0,0,0,0,0,0,1565.8488440610515
3.5441141409103576,-0.8431656095149165,-0.8138448498315525,1.342951325344791,-0.36578413826406747,0.07111485386555691,0.7455628492133467,0.5525221078173891,-5.8204730348727844,9.378297251163719,-1.5415011687894573,9.98127352552263,-9.97026424571737,-1.0450164551226422,0,0,0,0,0,0,6.441212710673758,6.419603433999491,6.720258964227834,6.759314820392189,0,0,0,0,0,0,1565.8488440610515
3.554542338516774,-0.9047357857593762,-0.7150479328800957,1.3278494678592543,-0.2976182619529571,0.07918188781484738,0.7560886753788432,0.5774803146065194,-5.966653117064774,9.549334894804717,-1.3775657964754675,9.983271656101559,-9.980984877514535,-0.7966632399383008,0,0,0,0,0,0,0.20250348845199004,0.19821774222132918,6.7072292770747985,6.695015572107454,0,0,0,0,0,0,1565.8488440610515
3.56497053612319,-0.9673536718865353,-0.6149158127619058,1.313982303247516,-0.22773225126491728,0.08731844473117897,0.7637248907710354,0.5976937360892373,-6.0377111298866915,9.651850301158849,-1.2804920834076225,9.984552479354203,-9.981556692653568,-0.324332638803387,0,0,0,0,0,0,0.09544630268048909,0.09886500925635262,6.536267289927103,6.5499503027062405,0,0,0,0,0,0,1565.8488440610515
3.5753987337296063,-1.0305190016689827,-0.513888020625205,1.3009700871955312,-0.15633034498944484,0.09559763103876495,0.7685326823889161,0.6130085091378054,-6.069282428824609,9.714002693469277,-1.2336444734757332,9.98464547139108,-9.980828911694466,0.008833702133683358,0,0,0,0,0,0,0.07605246709253395,0.07454374895533696,2.770990293842117,2.755449473538603,0,0,0,0,0,0,1565.8488440610515
3.5858269313360225,-1.093845039683589,-0.41246570879923766,1.287935823735273,-0.08406750624573106,0.10345038540296585,0.7698757210477544,0.6241170133034365,-6.073849326057809,9.733060913206419,-1.2775652061569576,9.985293060137494,-9.980753466353482,0.12719753978086915,0,0,0,0,0,0,0.0715031660240172,0.07329864528267162,0.6253639261673702,0.640889823437817,0,0,0,0,0,0,1565.8488440610515
3.5962551289424387,-1.1571713291089902,-0.3109085162104569,1.2743270804035502,-0.01120532448489704,0.11088522506066227,0.7673331106116786,0.6314893545622443,-6.069361433926429,9.74627171456609,-1.320536605015913,9.98497550228364,-9.980745617196568,0.24356905271563087,0,0,0,0,0,0,0.08528579012408849,0.08335266249167321,2.725441486757191,2.709900873959406,0,0,0,0,0,0,1565.8488440610515
3.606683326548855,-1.220337974087165,-0.2091594911239916,1.260744942833405,0.061744064880249375,0.11761732409393352,0.7613490446520865,0.6345876359750492,-6.037806598519293,9.768845526207844,-1.2628783374759145,9.985212352996875,-9.979569431647906,0.5733378149575433,0,0,0,0,0,0,0.13111570167470596,0.1358443695929036,6.534492591318771,6.547305162574477,0,0,0,0,0,0,1565.8488440610515
3.617111524155271,-1.2829390678763626,-0.1071964639802684,1.2482636304236128,0.13470178334843627,0.12367649336219604,0.7525783242012609,0.6326021028219898,-5.961481336318956,9.783227829425229,-1.1259830626310972,9.983888442215182,-9.979257835920372,1.0111578066660676,0,0,0,0,0,0,1.108701140051794,1.1040566253658566,6.70692962376886,6.693390800745703,0,0,0,0,0,0,1565.8488440610515
3.6275397217616874,-1.34440638920798,-0.005201696542894634,1.2375931728848613,0.20700413126640868,0.12876125356387644,0.7409001344772791,0.6258089324632947,-5.8071486277146604,9.772118160511155,-0.8943521424539734,9.982444130765835,-9.943386333530121,1.2175332270762422,0,0,0,0,0,0,6.613055906808428,6.706535796114354,6.7640270448379525,6.6880051765534745,0,0,0,0,0,0,1565.8488440610515
3.6379679193681036,-1.4037475636307049,0.09647246949693791,1.2298154706474913,0.27803414721589986,0.13341606418083451,0.7254975280913024,0.6152645801066664,-5.566151401671512,9.721547836458218,-0.602997081013723,9.978788499371387,-9.830374844374552,1.2198390155338823,0,0,0,0,0,0,6.580907687198826,6.768720821666817,6.780897085061265,6.573941990318935,0,0,0,0,0,0,1565.8488440610515
3.64839611697452,-1.460358120963767,0.19743381197748894,1.2248697333500138,0.3467498130725313,0.13784456136268414,0.7065173793243943,0.6013290586272076,-5.285544679411093,9.636362144303533,-0.35380302777958067,9.974316539210353,-9.526344712553877,1.2202062413464585,0,0,0,0,0,0,6.211522878154483,6.782677456940809,6.787102996330893,6.233056637515937,0,0,0,0,0,0,1565.8488440610515
3.658824314580936,-1.5139565243273505,0.297379845705654,1.2221852082629594,0.41125733217977944,0.14375908441797366,0.6851548491662182,0.5837495739096461,-4.997126900001605,9.530977784418795,-0.17613855291904154,9.96483504971818,-8.238455547102586,1.2201866314663048,0,0,0,0,0,0,4.140057211509929,6.787993880898678,6.790271452356312,4.121041231641991,0,0,0,0,0,0,1565.8488440610515
3.6692525121873523,-1.5646507943732981,0.3962113590748819,1.2209187607622944,0.46644864341707615,0.15512638760866254,0.6651892381190723,0.5620362483082603,-4.728798236001512,9.42451308124321,-0.07810811924501213,9.956092482591073,-5.467348716066015,1.2201059330706772,0,0,0,0,0,0,2.5090086202572186,6.790721766587277,6.7921109742679215,2.5278471441110466,0,0,0,0,0,0,1565.8488440610515
3.6796807097937685,-1.612455653339138,0.4938982683101585,1.2204635538752047,0.5101527899984358,0.17431994994106065,0.6496945105294972,0.5359605665505578,-4.423325274715131,9.30536451349631,-0.007968163196272651,9.930287939343428,-3.1313817723815762,1.2199015159191797,0,0,0,0,0,0,5.2366051981223976,6.792343133241266,6.793281129564206,5.208927365173832,0,0,0,0,0,0,1565.8488440610515
3.6901089074001847,-1.6566376190880792,0.5902269736324134,1.220715588928324,0.547153906401556,0.19689696541777052,0.6361345305429451,0.5071361225250056,-4.041154595173546,9.168359616968731,0.051774798117541876,9.892924804122881,-2.327234071165574,1.2196109959759058,0,0,0,0,0,0,6.346129642148679,6.793397708536696,6.794067058800831,6.359282826564195,0,0,0,0,0,0,1565.8488440610515
3.700537105006601,-1.6966022660070215,0.6851257462785092,1.2214211705452078,0.5806816472390292,0.2197585707847206,0.6222480909462668,0.476783292954096,-3.6197010339169586,9.033526281264077,0.0766607439496957,9.478564432940248,-2.057498142354152,1.2163545139532002,0,0,0,0,0,0,6.6564072185761605,6.7940428566500914,6.7946707685380945,6.465944913284139,0,0,0,0,0,0,1565.8488440610515
3.710965302613017,-1.7321026809154185,0.7786813115907629,1.2221620432579854,0.6076027492082119,0.237254597012944,0.6097202985860006,0.4503002474383584,-3.1903598733699807,8.911699388104951,0.05909135758225443,5.575685929694887,-1.6442626005005567,1.1856781771795164,0,0,0,0,0,0,6.739766618219516,6.794368674644446,6.795188024911864,5.249579135965421,0,0,0,0,0,0,1565.8488440610515
3.7213935002194334,-1.7631199354250418,0.8710126221275836,1.2225627732632678,0.620414163410462,0.2397234466529609,0.6041994587119307,0.4388188111928793,-2.754647091458165,8.795832184759764,0.015339094781511735,1.2627139046689186,-1.2362355057905012,1.1518061338474872,0,0,0,0,0,0,6.75816038203977,6.79468872779109,6.795501713428044,6.3911453466610295,0,0,0,0,0,0,1565.8488440610515
3.7318216978258496,-1.789511208975437,0.9621128743110223,1.2224583638458908,0.6269009788181458,0.23526473951338367,0.6022522158895157,0.4346699133304704,-2.3061095369928757,8.675372660884182,-0.0362769667181563,0.16576076777283627,-1.116063345678049,1.1432331708994818,0,0,0,0,0,0,6.767311222374259,6.794979544206024,6.795714434856279,6.663093307196961,0,0,0,0,0,0,1565.8488440610515
3.742249895432266,-1.8112093733194377,1.0519327488937196,1.2217944881060832,0.6316193447812437,0.22894748777393148,0.6013024207854418,0.43252219584396495,-1.8552920678489946,8.550189543571127,-0.0915124845564773,-0.19361838197209746,-1.0656248116675848,1.1404581289534643,0,0,0,0,0,0,6.7741466214371995,6.795207299035337,6.7958878821070945,6.724882323556809,0,0,0,0,0,0,1565.8488440610515
3.752678093038682,-1.8282069686459217,1.1404217606163671,1.2205425344775216,0.6355809344284405,0.22189319808041877,0.6007493301559069,0.4311618336007299,-1.4047635110283878,8.420074802093152,-0.14888261800236804,-0.3842664906295952,-1.0345107112654728,1.1390089211291425,0,0,0,0,0,0,6.779662911934642,6.79536395527658,6.7960483980377004,6.748115282159605,0,0,0,0,0,0,1565.8488440610515
3.7631062906450983,-1.840511113535457,1.2275271551658777,1.2186846917892455,0.63905966665354,0.21439154126551876,0.600422871998832,0.43026896735778636,-0.9552191819767866,8.284790795903481,-0.20760895543923555,-0.5184081541920846,-1.012111151782767,1.138007201455986,0,0,0,0,0,0,6.784006249335509,6.795452069571197,6.79620741511777,6.759170344937958,0,0,0,0,0,0,1565.8488440610515
3.7735344882515145,-1.848134065037706,1.3131939612970684,1.2162096973532055,0.6421569001135019,0.20654043455270338,0.6002544198391299,0.42973270296195526,-0.5070161846559278,8.144138778842754,-0.26716710508462443,-0.6313273688576416,-0.9945517389869751,1.1371801292474195,0,0,0,0,0,0,6.787305289420031,6.795478188133517,6.796367814958298,6.765109581405158,0,0,0,0,0,0,1565.8488440610515
3.7839626858579307,-1.8510912080795523,1.3973652146258082,1.2131111329394426,0.6449136269913995,0.1983734710337931,0.6002106316430961,0.4295131864953606,-0.060413799819215894,7.997930264099274,-0.3271360527659544,-0.7364377602799467,-0.9799627331449815,1.1364263427156414,0,0,0,0,0,0,6.789748297622282,6.795451997733715,6.796526829832026,6.768597524668964,0,0,0,0,0,0,1565.8488440610515
3.794390883464347,-1.8494004233339814,1.4799819663650102,1.2093867029837715,0.6473464824541943,0.1899004475431904,0.6002721252134494,0.42959716871600384,0.3843632229950074,7.8459712469654574,-0.3871398462936142,-0.8385866671745802,-0.9673552236305908,1.13571064023692,0,0,0,0,0,0,6.791528649348282,6.795388422674374,6.7966780105169855,6.771009398376219,0,0,0,0,0,0,1565.8488440610515
3.804819081070763,-1.8430818550916566,1.5609831912269172,1.2050379000705185,0.649464107400564,0.1811254295572986,0.6004240243058332,0.42997784012953627,0.8271036777429775,7.688057304886195,-0.44682613842532926,-0.937866376588909,-0.9562758925906149,1.135033245507968,0,0,0,0,0,0,6.792807070618499,6.795311615886729,6.79681264917467,6.773319202660467,0,0,0,0,0,0,1565.8488440610515
3.8152472786771794,-1.8321579436331337,1.6403057392166527,1.2000697672087206,0.6512722225154045,0.17205211736375595,0.6006530961520353,0.43064883510055796,1.267564681944165,7.523990090934434,-0.5058664140976281,-1.0373677051109642,-0.9460188376973035,1.1343735996561057,0,0,0,0,0,0,6.793062539433921,6.794822856233054,6.796641603299034,6.7729770470329305,0,0,0,0,0,0,1565.8488440610515
3.8240699750329203,-1.819338134862008,1.70605686543814,1.1953889886087259,0.6525479212586892,0.16412858334741368,0.6009051722741756,0.43145798465607077,1.6382057406470598,7.380239532049376,-0.5550777398953252,-1.1331747229633087,-0.9367285591465858,1.1337468426684976,0,0,0,0,0,0,6.792723804121193,6.794083304873896,6.796316750482166,6.768046705498999,0,0,0,0,0,0,1565.8488440610515
3.8328926713886613,-1.8032571003150064,1.770519193657894,1.1902778717199527,0.6535540264891476,0.15593774297659133,0.6012196948950855,0.4325337365402256,2.006825096889795,7.2318041287622075,-0.6033777173515548,-1.2453574103686125,-0.9262874559575277,1.1330109882877044,0,0,0,0,0,0,6.792800129555821,6.79379781152084,6.796249520383578,6.765005753106877,0,0,0,0,0,0,1565.8488440610515
3.8417153677444023,-1.7839333046487755,1.8336505445179865,1.1847456047248643,0.6542586469021213,0.14744558155736273,0.6016018085912866,0.43391322557938844,2.373271288805903,7.078489455183596,-0.6505012129640374,-1.3684989815266833,-0.9151203018577312,1.1322013003734692,0,0,0,0,0,0,6.792814475022586,6.793535765324726,6.7961639436104475,6.76294964561294,0,0,0,0,0,0,1565.8488440610515
3.850538064100143,-1.7613867467865176,1.8954069558604085,1.1788038262793925,0.654638605229723,0.13862936306860799,0.6020509511739133,0.43562007349141,2.737352896787468,6.920085608636904,-0.6961598336184609,-1.4985736338480224,-0.9035237111091373,1.1313471181528558,0,0,0,0,0,0,6.792784353442684,6.79329265430195,6.796063549581231,6.7617774958272605,0,0,0,0,0,0,1565.8488440610515
3.859360760455884,-1.7356392270943528,1.9557425546757579,1.1724667807123816,0.6546776103027163,0.12947546036049645,0.6025620939479731,0.4376668306712269,3.098852869557509,6.756370775344024,-0.7400531908940818,-1.6323507529446288,-0.8917389618293032,1.1304720104893324,0,0,0,0,0,0,6.792721991070566,6.793063611657498,6.795951297157567,6.761230716217376,0,0,0,0,0,0,1565.8488440610515
3.868183456811625,-1.7067145740144283,2.0146094877237513,1.165751377632587,0.6543642167673082,0.11997689797040863,0.6031269648957511,0.4400578143648233,3.4575286321127563,6.587118960283146,-0.7818788633526277,-1.7677407239951342,-0.8799191069856249,1.1295910203705888,0,0,0,0,0,0,6.792635841893137,6.79284428719147,6.7958296618211325,6.761021985534999,0,0,0,0,0,0,1565.8488440610515
3.877006153167366,-1.6746388657682634,2.071957909884026,1.1586771784984893,0.6536894916000935,0.1101305824182016,0.603735243086959,0.44279234370364823,3.8131129185164556,6.412105316364378,-0.8213389509950481,-1.903736894566247,-0.8681311985016948,1.128711045124662,0,0,0,0,0,0,6.792531472786317,6.79263142185975,6.795700679725514,6.760913092198607,0,0,0,0,0,0,1565.8488440610515
3.885828849523107,-1.6394406449561798,2.1277360095952056,1.1512663395548628,0.6526450070215071,0.0999349574585972,0.6043754478874558,0.4458674882501334,4.165314412295506,6.231109308350731,-0.8581435151803986,-2.0401632262075133,-0.8563754389151793,1.1278327192244257,0,0,0,0,0,0,6.792412132571342,6.7924231585752715,6.795565970916515,6.760736711243669,0,0,0,0,0,0,1565.8488440610515
3.894651545878848,-1.601151130516503,2.1818900549954776,1.143543535150558,0.6512213695674849,0.08938833435582332,0.6050354671146498,0.44928002073662093,4.5138176525507605,6.043916351505484,-0.8920117319354174,-2.177397332912701,-0.8446066351014196,1.1269524782830487,0,0,0,0,0,0,6.7922791595609535,6.7922191554842035,6.795426755892992,6.760387757651712,0,0,0,0,0,0,1565.8488440610515
3.903474242234589,-1.5598044343341577,2.234364450177041,1.1355358777342721,0.6494072449330912,0.0784878492281875,0.6057027835233534,0.4530276214360522,4.858282078911433,5.850318558334451,-0.9226716219933266,-2.316145251103102,-0.8327514070081989,1.1260642141076,0,0,0,0,0,0,6.792132300521482,6.79202056082321,6.795283874588719,6.759806354094813,0,0,0,0,0,0,1565.8488440610515
3.91229693859033,-1.5154377897546119,2.2851017959454754,1.12727284390934,0.6471887554499742,0.06722889993041059,0.6063644864595173,0.45710950481689433,5.198340314441617,5.650115081020196,-0.9498590443514613,-2.4572804005211584,-0.8207201102782606,1.1251604306549365,0,0,0,0,0,0,6.791969970370232,6.791829886616586,6.795137813082653,6.758962939247064,0,0,0,0,0,0,1565.8488440610515
3.921119634946071,-1.4680917980021104,2.334042953128257,1.118786210772116,0.6445491348902391,0.05560492264836493,0.6070071426886604,0.461526634133353,5.533595853366333,5.443112395189557,-0.973316438640617,-2.601732874630624,-0.8084146926649313,1.1242330162831065,0,0,0,0,0,0,6.791789459201653,6.79165079830211,6.7949887402368265,6.757848387690439,0,0,0,0,0,0,1565.8488440610515
3.929942331301812,-1.417810697013432,2.3811271090605435,1.1101100031981543,0.6414685628143928,0.04360741093191931,0.6076165789267314,0.4662816419783514,5.863620318662774,5.229124772195976,-0.9927916473051117,-2.7504101799720835,-0.7957341293085297,1.1232737864807294,0,0,0,0,0,0,6.7915870827555045,6.79148782624032,6.7948365539856335,6.7564688087675595,0,0,0,0,0,0,1565.8488440610515
3.9387650276575528,-1.364642655804082,2.426291849778182,1.1012804502868259,0.6379241394158691,0.03122612315322048,0.6081776114863576,0.47137852567771044,6.187950441703901,5.00797512945256,-1.008037051421273,-2.9041334527000053,-0.7825788233385027,1.1222749279263924,0,0,0,0,0,0,6.791358268889166,6.791346004634949,6.794680935310917,6.754843850198634,0,0,0,0,0,0,1565.8488440610515
3.9475877240132937,-1.308640096151892,2.4694732419746845,1.0923359473688004,0.6338899931157224,0.018449457756148934,0.6086737487297873,0.47682214896487496,6.506084916923944,4.779496418959846,-1.0188092019655874,-3.06357774624408,-0.768854952909921,1.1212294380476655,0,0,0,0,0,0,6.791097572263773,6.791230452029215,6.794521407134027,6.753007315149321,0,0,0,0,0,0,1565.8488440610515
3.9564104203690347,-1.2498600419568968,2.5106059301256964,1.0833170184925671,0.6293375360519387,0.0052649977966773035,0.609086889133793,0.4826175576992555,6.817481305160026,4.5435337009788475,-1.0248691057709256,-3.229209352789488,-0.7544793498568668,1.1201316184096997,0,0,0,0,0,0,6.790798609714961,6.791145921345958,6.794357395414675,6.751008995631198,0,0,0,0,0,0,1565.8488440610515
3.9652331167247756,-1.1883644949437093,2.54962325544838,1.0742662729403327,0.6242358973829274,-0.008339762388374063,0.609397040322488,0.48876910707207044,7.121553198400647,4.29994704262391,-1.0259833179823523,-3.401217314297281,-0.7393851050373597,1.1189776449958513,0,0,0,0,0,0,6.7904539080653565,6.791096360968033,6.794188290541724,6.748916593512083,0,0,0,0,0,0,1565.8488440610515
3.9740558130805166,-1.124220833271801,2.5864574045556146,1.0652283480040716,0.6185525700873699,-0.02237649544060994,0.6095820907816313,0.4952794010338012,7.417667910970183,4.0486153705497845,-1.0219259876580198,-3.5794408123608936,-0.723527667889535,1.1177661999201394,0,0,0,0,0,0,6.790054653658326,6.791084535848806,6.79401350846164,6.74681643648597,0,0,0,0,0,0,1565.8488440610515
3.9828785094362575,-1.0575022270275152,2.621039596712223,1.0562498290149445,0.612254301221552,-0.03685492386504361,0.6096176739856941,0.5021480626138899,7.705145019445054,3.789441382885952,-1.012481987626155,-3.763299283645512,-0.7068907225387856,1.116499105634835,0,0,0,0,0,0,6.789590328390548,6.791111754901803,6.793832552731713,6.744811533844906,0,0,0,0,0,0,1565.8488440610515
3.9917012057919985,-0.9882880614950967,2.653300319336103,1.0473791366119463,0.6053082353504077,-0.05178153389000049,0.6094771712222956,0.5093703865791993,7.983256123994349,3.5223575771063222,-0.9974512210043066,-3.95173742905196,-0.6894906254424281,1.1151818585546602,0,0,0,0,0,0,6.789048210496255,6.791177737136797,6.793645080596254,6.743015605041207,0,0,0,0,0,0,1565.8488440610515
4.00052390214774,-0.916664355669284,2.683169621546534,1.038666370716074,0.5976832848003456,-0.06715818584462797,0.6091319003078576,0.5169359700888163,8.251226231930033,3.2473333668137094,-0.9766541233506456,-4.143201218522319,-0.6713778186977977,1.1138239269929604,0,0,0,0,0,0,6.788412709865963,6.791280627450478,6.793450977960419,6.741542356789634,0,0,0,0,0,0,1565.8488440610515
4.009346598503481,-0.8427241599531134,2.710577474799882,1.030163100985012,0.5893516521606927,-0.08298073128103751,0.6085515282632372,0.5248274628675643,8.508237152505833,2.9643831348316847,-0.9499382648329106,-4.3356610163275375,-0.6526336079796384,1.1124386785012272,0,0,0,0,0,0,6.787664497382073,6.791417149807067,6.793250449283489,6.74049066281769,0,0,0,0,0,0,1565.8488440610515
4.018169294859223,-0.7665679138066034,2.7354542076085586,1.0219220950127321,0.5802903813503492,-0.0992377832308828,0.6077047242980836,0.5330196091678775,8.753433224464457,2.6735749068926293,-0.9171858057768838,-4.526691593507537,-0.6333612251107054,1.111042853383472,0,0,0,0,0,0,6.786779375988327,6.791582867203814,6.793044128166481,6.739928192959711,0,0,0,0,0,0,1565.8488440610515
4.026991991214964,-0.6883037418114433,2.757731017766734,1.0139969784486305,0.5704827817292375,-0.1159097953063734,0.6065600370752754,0.5414787498376518,8.985929566185437,2.375039152297063,-0.8783213928433397,-4.713605562648074,-0.6136712195967183,1.109655607650545,0,0,0,0,0,0,6.785726829259095,6.791772508348473,6.792833211738283,6.739877648213399,0,0,0,0,0,0,1565.8488440610515
4.0358146875707055,-0.6080476657412915,2.7773405604513783,1.0064418255163918,0.5599195739991033,-0.13296857308937338,0.6050869451842834,0.5501629013217726,9.204822849471826,2.068977068045222,-0.8333199400428385,-4.893619906059311,-0.5936626568247226,1.108297283760658,0,0,0,0,0,0,6.784468174783986,6.791980320730146,6.7926196157255525,6.740309979367813,0,0,0,0,0,0,1565.8488440610515
4.044637383926447,-0.52592371117176,2.7942176045072924,0.9993106837103539,0.5485996560890996,-0.15037726641449686,0.6032570044175782,0.5590224339914769,9.409204380324208,1.7556676332226846,-0.7822136638721531,-5.064021452153423,-0.5734027676563357,1.1069881778988582,0,0,0,0,0,0,6.782954253785946,6.792200416068971,6.792406136506665,6.741147165986906,0,0,0,0,0,0,1565.8488440610515
4.053460080282188,-0.4420638899815058,2.808299743051783,0.9926570419759781,0.536530472910984,-0.16809079183993952,0.6010450112157795,0.5680012604115958,9.598175071951792,1.4354727681374242,-0.7250977675339596,-5.222293231190033,-0.5529080173914499,1.1057476039051333,0,0,0,0,0,0,6.781122624918266,6.792427083231541,6.7921965916629645,6.7422738937796725,0,0,0,0,0,0,1565.8488440610515
4.06228277663793,-0.35660804436861876,2.819528139308048,0.9865332565240118,0.5237280700350455,-0.18605654231708552,0.5984301226250903,0.5770383523244329,9.77086177194268,1.1088400951531399,-0.6621342959657451,-5.3661721944254195,-0.5321288537357812,1.1045934856766164,0,0,0,0,0,0,6.7788943391761345,6.792655052648053,6.791995893626166,6.743554447240469,0,0,0,0,0,0,1565.8488440610515
4.071105472993671,-0.2697035428853659,2.827848285119332,0.980989951833225,0.5102169871945359,-0.20421518593312554,0.5953969131770644,0.5860693641469865,9.926434395559125,0.7763030254578109,-0.593553873924892,-5.493626284559577,-0.5109390321389724,1.1035425697439247,0,0,0,0,0,0,6.776170628851752,6.7928797037226785,6.791809996948752,6.7448499134585695,0,0,0,0,0,0,1565.8488440610515
4.0799281693494125,-0.181504823442602,2.833210748146823,0.9760754160624737,0.49603018151687334,-0.2225013527130352,0.5919363944582303,0.5950281606621638,10.06412342160592,0.43847811042956103,-0.5196552325210959,-5.602758351603303,-0.4891291443813837,1.1026111929257363,0,0,0,0,0,0,6.772830372320396,6.793097212579475,6.791645656790046,6.746031748504509,0,0,0,0,0,0,1565.8488440610515
4.088750865705154,-0.09217278139878009,2.835571883867041,0.9718350102683193,0.48120915616080295,-0.24084405545130755,0.588047057735982,0.6038481157284754,10.183237483991217,0.0960597261258297,-0.44080256590880584,-5.691660637538192,-0.4664034938588847,1.1018164091120037,0,0,0,0,0,0,6.768730178397647,6.793304641947126,6.791509954696966,6.7469899876833725,0,0,0,0,0,0,1565.8488440610515
4.097573562060895,-0.0018740024030706821,2.8348944892119197,0.9683106101930512,0.46580441046866217,-0.2591667769249639,0.5837360090203073,0.612463145584542,10.28318096557713,-0.25018783415752144,-0.35742080284616706,-5.758256264638865,-0.44238015422041105,1.1011771778588917,0,0,0,0,0,0,6.763710538946789,6.793499977958812,6.7914095954188545,6.74763658865041,0,0,0,0,0,0,1565.8488440610515
4.106396258416637,0.08922015995901897,2.831148374932297,0.9655400988189012,0.4498762228806349,-0.2773872756641338,0.5790202348308476,0.6208085462062466,10.363471576977654,-0.5994408975935921,-0.26998882242417394,-5.800177402775968,-0.4165959563541947,1.1007152156070732,0,0,0,0,0,0,6.75761362459211,6.793682119714545,6.79135005284272,6.747905768290501,0,0,0,0,0,0,1565.8488440610515
4.115218954772378,0.18093466114982223,2.8243108326393886,0.9635569281484069,0.4334956179520969,-0.2954173189738857,0.5739279488956491,0.6288218081007088,10.423757777119508,-0.9508298016501546,-0.1790305172191732,-5.814747160424773,-0.3885209680325918,1.1004549808103155,0,0,0,0,0,0,6.7503199167564825,6.793850826391834,6.791334724186908,6.747753618923644,0,0,0,0,0,0,1565.8488440610515
4.1240416511281195,0.2730919938184138,2.8143669697992872,0.962389770127629,0.416745143699854,-0.31316274534386396,0.5684998098949463,0.6364436709408713,10.463835462279397,-1.303455502168474,-0.08510347815609985,-5.7991490117016395,-0.35758981326866535,1.1004221436819195,0,0,0,0,0,0,6.741808984934667,6.794006624092407,6.791364302670327,6.747159041123145,0,0,0,0,0,0,1565.8488440610515
4.132864347483861,0.3655135553412136,2.8013098828541194,0.962062278805129,0.39971881981709145,-0.330524452303328,0.5627895764239658,0.643619720162574,10.48366256594054,-1.656409677655547,0.0112149328920991,-5.750861727432735,-0.32325769339012117,1.100639949710231,0,0,0,0,0,0,6.732239132299026,6.794150672315716,6.791436561844564,6.746127366278065,0,0,0,0,0,0,1565.8488440610515
4.141687043839602,0.45802112659620065,2.7851406382822783,0.9625929869029948,0.38252042682481613,-0.34740098307581624,0.5568635527267,0.6503027476985737,10.483369198330541,-2.0087980322134853,0.1093440700312091,-5.668369935434544,-0.2850836082798022,1.1011234284956946,0,0,0,0,0,0,6.722018045653514,6.794284590798977,6.791546645795742,6.744697001490249,0,0,0,0,0,0,1565.8488440610515
4.150509740195344,0.5504384089602099,2.765868038896705,0.9639953566954145,0.36525942363639335,-0.3636931470354266,0.5507981542209492,0.6564558184303593,10.463260165502879,-2.3597652983050463,0.20871828629884628,-5.552004474542105,-0.24282953523324646,1.1018726266853949,0,0,0,0,0,0,6.711811970864441,6.794410253904797,6.791687807746176,6.74294789832887,0,0,0,0,0,0,1565.8488440610515
4.159332436551085,0.6425925384620546,2.743508172561922,0.9662779940016694,0.3480444387091329,-0.37931040735966953,0.5446753025627029,0.6620555100069134,10.423806895849696,-2.7085189444773308,0.30880524726205943,-5.404577330099759,-0.1965466064401026,1.1028675239715295,0,0,0,0,0,0,6.7024453107022035,6.794529571293695,6.791852400073761,6.741008652503826,0,0,0,0,0,0,1565.8488440610515
4.1681551329068265,0.7343154763496728,2.7180837715324344,0.9694450147475203,0.3309754032662968,-0.3941777764437177,0.5385761791861174,0.6670943428060846,10.3656275409919,-3.0543477668040855,0.40912176114341364,-5.23141934125939,-0.1466118084939818,1.1040677199825053,0,0,0,0,0,0,6.694702171928553,6.7946442850855915,6.792032856352903,6.739057177516822,0,0,0,0,0,0,1565.8488440610515
4.176977829262568,0.8254451770702161,2.689623442103663,0.9734965312642866,0.314136377641065,-0.408241283777878,0.5325747452949515,0.6715813659832723,10.28945696745486,-3.3966323690603937,0.5092447826883083,-5.039652402811968,-0.09369460953124334,1.1054182047797663,0,0,0,0,0,0,6.689122309361927,6.794755817141803,6.792222445005711,6.7373095705230055,0,0,0,0,0,0,1565.8488440610515
4.185800525618309,0.9158264628292375,2.6581608410424695,0.9784292095617287,0.29759116540599834,-0.4214703541505386,0.5267327406957658,0.6755404197556552,10.196111130926784,-3.734846879984627,0.6088164530204564,-4.836936365148083,-0.038665560687133414,1.1068593014885775,0,0,0,0,0,0,6.68589963188263,6.7948651907368545,6.792415683982462,6.735994691236493,0,0,0,0,0,0,1565.8488440610515
4.194623221974051,1.00531158003278,2.6237338696519585,0.9842368457541737,0.2813827270425122,-0.43385661819235183,0.5210973024627988,0.679006477980004,10.086451475141336,-4.068553687656301,0.7075435865811638,-4.630201469777098,0.017517248953145374,1.1083367380479783,0,0,0,0,0,0,6.684914515781754,6.7949730318022965,6.792608425642908,6.735318348369274,0,0,0,0,0,0,1565.8488440610515
4.203445918329792,1.093760460137115,2.5863839343157466,0.9909109186608908,0.2655359216762876,-0.44540998074830884,0.5157012898819036,0.6820211162152213,9.96135415275016,-4.397394130854562,0.8051930667634863,-4.424798767469312,0.07390983500708058,1.1098084257730554,0,0,0,0,0,0,6.685843267817885,6.795079635014964,6.7927977009769815,6.735427827331934,0,0,0,0,0,0,1565.8488440610515
4.2122686146855335,1.1810407411336654,2.546155296664829,0.9984410902507851,0.2500621694533523,-0.45615340456151654,0.5105655663904501,0.6846282095645922,9.821686814170645,-4.721077869720062,0.9015849034036704,-4.224195513577446,0.12965644330905962,1.111246932586928,0,0,0,0,0,0,6.688269032466805,6.795185067406233,6.792981437865958,6.736389508939506,0,0,0,0,0,0,1565.8488440610515
4.221091311041275,1.2670276204589184,2.5030945160329527,1.0068156403933886,0.23496457658303424,-0.4661176976719587,0.5057022407477355,0.6868705725031955,9.66829357078498,-5.039372833198683,0.9965845095639742,-4.030081294841235,0.18403640792452608,1.1126387015014216,0,0,0,0,0,0,6.691756344744773,6.795289279580898,6.793158153554311,6.738186676026021,0,0,0,0,0,0,1565.8488440610515
4.229914007397016,1.3516036083108904,2.4572499737478495,1.0160218345706777,0.22024256746200005,-0.4753370364223775,0.5011180776984641,0.6887877651982023,9.501987238221755,-5.352096852515932,1.0900953951495838,-3.8426722968938467,0.2364893393328758,1.1139816875540682,0,0,0,0,0,0,6.6958913133524804,6.795392199637365,6.793326689965614,6.740734730713457,0,0,0,0,0,0,1565.8488440610515
4.238736703752758,1.4346582388597364,2.408671461680177,1.0260462321159003,0.20589562030209776,-0.48384545864312895,0.49681762218199116,0.6904149592674446,9.323547266459597,-5.659111514801078,1.1820530993778502,-3.661062173304867,0.28662325117443493,1.1152826104649216,0,0,0,0,0,0,6.7003038923423714,6.795493793163414,6.7934860291480295,6.743904089646,0,0,0,0,0,0,1565.8488440610515
4.247559400108499,1.5160877819649095,2.3574098146739177,1.0368749482294282,0.19192602541801806,-0.49167430893765307,0.49280581475342816,0.6917826274510898,9.133721650134483,-5.960318353682293,1.2724208316492853,-3.4835625582665277,0.33420865773389247,1.1165542785845297,0,0,0,0,0,0,6.704684514136632,6.795594080889493,6.793635202635107,6.747541116280053,0,0,0,0,0,0,1565.8488440610515
4.2563820964642405,1.5957949835130358,2.3035165669235425,1.0484938857483266,0.17834067207366247,-0.49885056701314995,0.4890899661091304,0.6929168215062634,8.933231262411816,-6.2556571736169495,1.3611869765807478,-3.308036689443557,0.3791612204496007,1.1178129651114999,0,0,0,0,0,0,6.708799534634815,6.795693112341426,6.793773293832245,6.751482696820408,0,0,0,0,0,0,1565.8488440610515
4.265204792819982,1.6736888495647797,2.2470436152879247,1.060888952812438,0.16515183900168426,-0.5053960254068689,0.48568096497313756,0.6938398430762414,8.72277523345225,-6.54510606164082,1.4483643538597695,-3.1322468142767956,0.4215151425974602,1.1190756818477288,0,0,0,0,0,0,6.712506544765977,6.795790899262987,6.793899524920411,6.755565581495538,0,0,0,0,0,0,1565.8488440610515
4.274027489175723,1.7496844778775618,2.1880428772936975,1.0740462806013156,0.15237691469994655,-0.5113273288788021,0.482593578026171,0.6945711461442181,8.50303610484745,-6.828682463441846,1.5339909022345741,-2.9542333379046473,0.4613882005594837,1.1203572161225899,0,0,0,0,0,0,6.715771689384511,6.795887317245056,6.794013417023116,6.759633915895851,0,0,0,0,0,0,1565.8488440610515
4.282850185531465,1.8237029294093243,2.126565937703765,1.0879524515033498,0.14003693207056164,-0.5166569321051032,0.47984568123709903,0.6951283294199081,8.274683533894754,-7.10644456122546,1.6181312538158314,-2.772743950332003,0.4989373593035532,1.1216667929757538,0,0,0,0,0,0,6.718692682402701,6.795981988117883,6.794115012246138,6.763547181441264,0,0,0,0,0,0,1565.8488440610515
4.291672881887206,1.8956711216449968,2.0626636849239985,1.1025947423850722,0.12815375152269876,-0.5213950895302341,0.4774562303438296,0.6955280905112873,8.038375332775907,-7.378492029101964,1.700878432396367,-2.58773485561447,0.5343029870054951,1.1230041925257845,0,0,0,0,0,0,6.721527603794493,6.796074158816803,6.794205145446557,6.767188069486708,0,0,0,0,0,0,1565.8488440610515
4.3004955782429475,1.965521715045997,1.99638594776291,1.1179613795159797,0.11674569276427663,-0.5255530357814184,0.4754417615043655,0.6957870228881466,7.794754690917345,-7.644964971954839,1.782354584188881,-2.4009409037370584,0.567542782829069,1.124355349626222,0,0,0,0,0,0,6.724713811687303,6.796162593731381,6.794285747079483,6.770468019242654,0,0,0,0,0,0,1565.8488440610515
4.309318274598689,2.0331929548767187,1.9277811553856778,1.134041790158269,0.10582156329072247,-0.5291474107598636,0.47381135464388013,0.695922132597729,7.544442761240414,-7.906039427613782,1.8627092013620246,-2.216396083188739,0.598567921158552,1.1256883673592206,0,0,0,0,0,0,6.728829616990855,6.796245495968319,6.7943601394611495,6.77332833818137,0,0,0,0,0,0,1565.8488440610515
4.31814097095443,2.0986284270318016,1.856896059434541,1.1508268203242573,0.09537367794290354,-0.5322054791260263,0.47256056455764534,0.6959509338802842,7.288026750510493,-8.161917448216897,1.9421129079654837,-2.040555624365145,0.6271146012817459,1.126952682487465,0,0,0,0,0,0,6.734426311321653,6.796320467451223,6.794433252348018,6.775736358097904,0,0,0,0,0,0,1565.8488440610515
4.326963667310172,2.161776694731201,1.7837755734453962,1.1683088718149361,0.08537175950272573,-0.5347696731703343,0.4716659624732964,0.6958909966229205,7.026045320837641,-8.412810329083278,2.0207452217937654,-1.8815033000776054,0.6527984544110071,1.1280854338879713,0,0,0,0,0,0,6.741718112839267,6.796384507056998,6.7945116352139845,6.77767753352248,0,0,0,0,0,0,1565.8488440610515
4.335786363665913,2.222590806287892,1.7084627873516334,1.1864819053120073,0.07576079093537239,-0.5368990563376588,0.4710829830888982,0.6957589589108021,6.758974562649604,-8.65891622063368,2.098776774093412,-1.7470617912641302,0.6752696407401597,1.1290264485738966,0,0,0,0,0,0,6.750315190396594,6.796434028798242,6.794603109964087,6.779144754173287,0,0,0,0,0,0,1565.8488440610515
4.3446090600216545,2.2810276729625434,1.6309991671014799,1.205341288247472,0.06646600575618396,-0.5386653887674479,0.4707498208219405,0.6955691735686279,6.4872106619242365,-8.900403976361627,2.1763543397673617,-1.6417569083633239,0.6943486615445061,1.1297452623338902,0,0,0,0,0,0,6.759479388062379,6.796688372578434,6.795038357659715,6.780819352461115,0,0,0,0,0,0,1565.8488440610515
4.354744026193375,2.3451710580219363,1.5394115046492018,1.2278481851266465,0.056089785047005375,-0.5403275766555906,0.47060166630977,0.6952942669009616,6.169730888982158,-9.172194734994878,2.2649983674797376,-1.5407728204526148,0.7148522160771501,1.1304243338363604,0,0,0,0,0,0,6.758769702852815,6.796814811952691,6.795278096697899,6.779031870137517,0,0,0,0,0,0,1565.8488440610515
4.364878992365095,2.406070370681409,1.4450995910941682,1.2512511141232052,0.04600080619211734,-0.541621749473237,0.47068080297836423,0.6949743794089589,5.84711950572228,-9.438007835903631,2.3531876061488934,-1.4450733089898182,0.7379176864476412,1.131066323838559,0,0,0,0,0,0,6.7540570980475385,6.796683550422347,6.795157670483851,6.7731779588472225,0,0,0,0,0,0,1565.8488440610515
4.375013958536815,2.463675977254857,1.3481236550012898,1.2755459566348557,0.036163022471818365,-0.5425573156022897,0.47096819141669644,0.6946313826525736,5.5198277762023435,-9.697917745497039,2.441026369593034,-1.3631729164001651,0.765629788713475,1.1316004052788464,0,0,0,0,0,0,6.749593465792772,6.796534548794644,6.79501357146839,6.763752370182034,0,0,0,0,0,0,1565.8488440610515
4.385148924708536,2.5179424279245555,1.2485432394118445,1.3007297482279905,0.026481655930746865,-0.5431734315205126,0.4714006468627138,0.6942930039448847,5.188240857829272,-9.951962610972048,2.5286228230691705,-1.3158596208280013,0.8000080892463881,1.1318617588078266,0,0,0,0,0,0,6.744258908679221,6.796371628454826,6.794825504068009,6.748022086405116,0,0,0,0,0,0,1565.8488440610515
4.395283890880256,2.5688279411593937,1.146418203140006,1.3268002717296878,0.01676026787102307,-0.5435617582713466,0.4718380241190748,0.6939946594616281,4.8526905043863,-10.200023589242605,2.616002687432924,-1.3389923720442092,0.8451806203175407,1.1315655158992766,0,0,0,0,0,0,6.737090884680562,6.796195431912123,6.7945771032856195,6.71991332101144,0,0,0,0,0,0,1565.8488440610515
4.405418857051976,2.616293728937931,1.0418110436029744,1.3537546731763912,0.006594354849632184,-0.5439218584801436,0.4719828581586518,0.6937850589022609,4.5134287464566585,-10.441656104136813,2.7029819234402166,-1.5153873212856723,0.909937125823832,1.130056324998819,0,0,0,0,0,0,6.727459514548086,6.796003218018892,6.7942535870948495,6.663055133455407,0,0,0,0,0,0,1565.8488440610515
4.415553823223696,2.6603034869447635,0.9347921894584971,1.381585780303932,-0.004983725439875249,-0.5447546716825817,0.47110853479165304,0.6937393304456684,4.170708607545149,-10.67560084642165,2.788782231186871,-2.0972258878661116,1.0180207308739784,1.1253454683124695,0,0,0,0,0,0,6.715042414856222,6.795789985865156,6.793836872255839,6.517735666610461,0,0,0,0,0,0,1565.8488440610515
4.425688789395417,2.70082745104266,0.8254559153637943,1.4102698609565245,-0.021021632118032745,-0.547684794054275,0.4668854560595586,0.6939866196583899,3.8258056692865434,-10.897797298927935,2.8704108312523595,-4.129870790133468,1.2624864015125605,1.1092022814786686,0,0,0,0,0,0,6.697589371448275,6.795553314548156,6.793290573790031,5.989308897329828,0,0,0,0,0,0,1565.8488440610515
4.435823755567137,2.737828765213499,0.7139530597493695,1.4397405877186238,-0.04784075747198396,-0.5559214927287791,0.45430446145092274,0.6944566308650958,3.4736677188803275,-11.102331158404326,2.9434204615666077,-7.518241649076371,1.648116153718957,1.0823555746694813,0,0,0,0,0,0,6.651664676800831,6.795307747115907,6.792506839708156,5.8523122619216394,0,0,0,0,0,0,1565.8488440610515
4.445958721738857,2.7711693487792424,0.6004945370576563,1.4698869431947204,-0.08600175701868498,-0.5688728516094744,0.4323669691242305,0.6942954562012708,3.1014286868996006,-11.282772341310995,3.003073485655732,-9.572229470928864,2.00837871524202,1.065938539578531,0,0,0,0,0,0,6.4663558259908385,6.795040886571769,6.791373230271675,6.348410151342783,0,0,0,0,0,0,1565.8488440610515
4.4560936879105775,2.800624745300773,0.48536356062022884,1.5005442846641235,-0.12802420878932333,-0.5813303405029072,0.40649686386480643,0.693127071208966,2.709000163093008,-11.43066561950751,3.042926200796919,-9.842533823222862,2.3966545811365654,1.0634727542657865,0,0,0,0,0,0,6.1833828380361044,6.794666784095687,6.7899638967186196,6.173111600543729,0,0,0,0,0,0,1565.8488440610515
4.466228654082298,2.8260478073932593,0.36892436028742753,1.5314870812694696,-0.17111231374971222,-0.5907729859765087,0.37887656217007565,0.6914914357834122,2.3069235356758298,-11.540517249471474,3.059291852413072,-9.896746788104684,2.996996167858616,1.062605442726303,0,0,0,0,0,0,5.87175449456243,6.794208123003528,6.787977125544043,5.847076514160215,0,0,0,0,0,0,1565.8488440610515
4.476363620254018,2.8473541599000636,0.2515687831324478,1.5624827396248007,-0.21521829770034814,-0.596321763182532,0.34943829261066844,0.6899089206171938,1.8954262862247484,-11.611580983913209,3.053981769054221,-9.933490478160195,3.6990690863827154,1.061719089724735,0,0,0,0,0,0,5.9166456069833755,6.793660581562461,6.784936080315404,5.910105984016601,0,0,0,0,0,0,1565.8488440610515
4.486498586425738,2.8644130868724087,0.1336932370027803,1.5933279227999333,-0.2598748620998665,-0.5979336169723631,0.31825003927061535,0.6882276936066833,1.4676924210414652,-11.642713322644012,3.0299035707892967,-9.948462028931397,4.227643738917503,1.0607448672294086,0,0,0,0,0,0,6.312296347823014,6.793003880915257,6.779829561915252,6.290336020440913,0,0,0,0,0,0,1565.8488440610515
4.496633552597459,2.8770552450070306,0.015718192331774985,1.6238351173522254,-0.30446164392250114,-0.596396782069917,0.285517394181833,0.6856338697411849,1.0254969024574145,-11.630638504127624,2.9869796841373994,-9.960365057446435,4.507454559285461,1.0592981390920564,0,0,0,0,0,0,6.554824473169873,6.792215054462254,6.769717810787599,6.535876572778859,0,0,0,0,0,0,1565.8488440610515
4.506768518769179,2.885185338290422,-0.10190554341288291,1.6538043333934067,-0.34839511075198476,-0.5923255115049436,0.2515907502703859,0.6815228753335457,0.5790153231235281,-11.573246533605564,2.9234910282040674,-9.966429445628346,4.643033400719203,1.0566986870338133,0,0,0,0,0,0,6.6804388726524,6.791194297837634,6.744341753718232,6.627391306484884,0,0,0,0,0,0,1565.8488440610515
4.516903484940899,2.88881047260608,-0.21871824437921766,1.6830204826302826,-0.39139412775596244,-0.5860957331903105,0.21665736619232173,0.6755457156764951,0.1380383567772099,-11.470799704751174,2.8382275023013275,-9.972052918706524,4.704457184955823,1.0503719320953797,0,0,0,0,0,0,6.742966736674327,6.7895822906515795,6.661968387857511,6.619098430684609,0,0,0,0,0,0,1565.8488440610515
4.527038451112619,2.888042574615442,-0.3342762566237901,1.7112596842584782,-0.43316044305815987,-0.5779038682458377,0.18093075014508658,0.667580117505077,-0.28545278367623284,-11.326549785791775,2.730715232559202,-9.974492840630559,4.729345637955666,1.0295345470618618,0,0,0,0,0,0,6.7692639962677585,6.786679110136256,6.330074536850628,6.307876026692639,0,0,0,0,0,0,1565.8488440610515
4.53717341728434,2.8833852964751037,-0.4483053880587343,1.7383188427041745,-0.4733303539423433,-0.5680566928500206,0.14425794810330442,0.6576166163914489,-0.6028288762573565,-11.183242820495302,2.6082495378502264,-9.975784271398833,4.736859337453017,0.8007780542252996,0,0,0,0,0,0,6.779729391344854,6.781832158817644,0.7925404903187628,0.7946887661251076,0,0,0,0,0,0,1565.8488440610515
4.54730838345606,2.8761746427883246,-0.5610286066475709,1.7641099269395017,-0.5109449520591292,-0.5572949433580957,0.10593220270892285,0.6458606432521082,-0.8156289751907333,-11.058997491484808,2.479514841556266,-9.976200703045594,4.733020182925684,0.36008139087612206,0,0,0,0,0,0,6.784994220592094,6.773202756492324,0.34161709117406475,0.3489976648023078,0,0,0,0,0,0,1565.8488440610515
4.55744334962778,2.8669255043774142,-0.6724195055984875,1.788541701270068,-0.5457016797835932,-0.5459898562102473,0.06580329635030463,0.6322773756717158,-1.0067834106138107,-10.919561103026417,2.3398612137934096,-9.976479623965886,4.715854539020997,-0.09710559037149424,0,0,0,0,0,0,6.7880715835008685,6.755682056600535,0.30148828620260953,0.338170611475975,0,0,0,0,0,0,1565.8488440610515
4.5675783157995005,2.8558190653793605,-0.7823036508872452,1.8114986285700103,-0.577463879840366,-0.5343269362679901,0.024110900735227904,0.6168053640524783,-1.1825588289940225,-10.761235408783858,2.1883173082776244,-9.976308422582573,4.671469950135768,-0.5474569241998601,0,0,0,0,0,0,6.790076549450789,6.708101727943795,0.4691107243848255,0.5468550239563399,0,0,0,0,0,0,1565.8488440610515
4.577713281971221,2.8428302115328288,-0.8902853631968386,1.8327856501623425,-0.6063963519647656,-0.5223925431588157,-0.018607407448217362,0.5992021858804799,-1.3941682638501376,-10.524121449457807,2.0027185540571746,-9.975454170035565,4.508068208876027,-0.8042975684745514,0,0,0,0,0,0,6.791432487168425,6.452661964595408,5.453524324863862,5.796874941504916,0,0,0,0,0,0,1565.8488440610515
4.587848248142941,2.8274744515160046,-0.9953151402260764,1.8519489117756363,-0.6331343048692193,-0.5099806614784836,-0.06084147490137431,0.5791018838231873,-1.6319330483219388,-10.19555375146808,1.774807359970587,-9.972383333082545,4.177784429370886,-0.8440310307977407,0,0,0,0,0,0,6.7921923993831825,6.281103384333957,6.161933147995245,6.669771393074164,0,0,0,0,0,0,1565.8488440610515
4.597983214314661,2.8098548860575803,-1.0968351763156188,1.8686828032332354,-0.6580216629163981,-0.49706236759573375,-0.10188808421593754,0.5563769514885282,-1.8390499086655274,-9.833486072000818,1.5238517988685167,-9.970040424222894,3.9051058066606026,-0.850547369177166,0,0,0,0,0,0,6.79272890677476,6.60206233348267,6.539318368451517,6.734244046648695,0,0,0,0,0,0,1565.8488440610515
4.6081181804863816,2.7903311801040167,-1.1945649008705572,1.8827712972131254,-0.6810046807574283,-0.4831902606066792,-0.1420399992272404,0.5315867149025154,-2.0065204293742394,-9.449419362623294,1.2534463675462635,-9.963395191998242,3.799762520459637,-0.8540740228503161,0,0,0,0,0,0,6.793124436869047,6.7137018590352495,6.677756828170165,6.755837687451154,0,0,0,0,0,0,1565.8488440610515
4.618253146658102,2.7693339218830677,-1.2883301588147944,1.894036750762862,-0.7020212424802637,-0.4681016630119188,-0.18153283824969585,0.5050671607112788,-2.129314137133894,-9.052298523892393,0.9672902749119211,-9.956221173532324,3.7537781479425916,-0.8564422123942097,0,0,0,0,0,0,6.793354290346732,6.755591183252611,6.725347075123897,6.767604224306024,0,0,0,0,0,0,1565.8488440610515
4.628388112829822,2.7473290585009145,-1.3780308274001747,1.9023351829293682,-0.7209726503987497,-0.4517510677801399,-0.2203467348177726,0.4770395440544231,-2.205098121928435,-8.64820696641499,0.6684170217088898,-9.94043553316016,3.7298188565723596,-0.8582413118233166,0,0,0,0,0,0,6.793484255635057,6.772662395778342,6.750828808969201,6.774127989231219,0,0,0,0,0,0,1565.8488440610515
4.638523079001542,2.724799517460866,-1.4636225151371498,1.9075522959175233,-0.7377800226672124,-0.4341674389999686,-0.2583947983452536,0.44767331979189,-2.232741068662184,-8.24227251255978,0.3597247252269006,-9.889233116614447,3.713812260438689,-0.85982140443388,0,0,0,0,0,0,6.793165409067576,6.783725360965006,6.7517860427117435,6.7814259030585164,0,0,0,0,0,0,1565.8488440610515
4.648658045173263,2.7022351402852673,-1.5451117238398777,1.9096039864281613,-0.7522372767647673,-0.4155276325561493,-0.2953998269382214,0.41739047458306655,-2.2120413746783543,-7.839453821052683,0.04430873676249599,-9.70212130538257,3.6932739134214665,-0.8619607158900736,0,0,0,0,0,0,6.792156205193208,6.7898081859663595,6.722041955246002,6.787136808768673,0,0,0,0,0,0,1565.8488440610515
4.658793011344983,2.6801212393081904,-1.6225561299849842,1.90844017089903,-0.7639013710429009,-0.3963738796706295,-0.3307127460660496,0.3872615684819273,-2.144276225517925,-7.444973514985599,-0.2741003416087032,-9.085673120399,3.6402775944526544,-0.8670686944375,0,0,0,0,0,0,6.790513180144478,6.792736274505719,6.581817645339247,6.790185051071617,0,0,0,0,0,0,1565.8488440610515
4.668927977516703,2.658914498437813,-1.696073531604835,1.9040575639907618,-0.7713712078035602,-0.37874360477540936,-0.36223058660831986,0.36101072524067485,-2.034630029747763,-7.065775450651245,-0.5895508667915685,-6.7429931291793626,3.441763919445141,-0.8854450967749,0,0,0,0,0,0,6.788352187637151,6.794249682948668,5.969360129019428,6.791712819210198,0,0,0,0,0,0,1565.8488440610515
4.6790629436884235,2.638988194051781,-1.7658165195300668,1.8965091556681535,-0.7724852174577853,-0.3667625810705719,-0.3863358417633874,0.3456825354347908,-1.8929407768589943,-6.69752229480957,-0.8993137979565476,-3.595435887748193,3.176784723157247,-0.9098619182435943,0,0,0,0,0,0,6.78544168916887,6.795169437545242,6.234802558454586,6.792591945365432,0,0,0,0,0,0,1565.8488440610515
4.689197909860144,2.620617895636885,-1.831830296480385,1.885848228718587,-0.769046687541702,-0.3598539290919918,-0.40473506737797743,0.3395023819249811,-1.7291385403082196,-6.3289878609074375,-1.2033633289695902,-1.7867609867048226,3.030537127273797,-0.9234189855032108,0,0,0,0,0,0,6.781061640724433,6.795807042916326,6.573423755511608,6.793198176446885,0,0,0,0,0,0,1565.8488440610515
4.699332876031864,2.603985781610933,-1.894095721266149,1.8721460409387676,-0.7633757897623343,-0.3555405671942111,-0.4203722164504688,0.33783947122926816,-1.5510819282315127,-5.957963223008297,-1.4989078628677954,-0.9374925314979163,2.971991114822148,-0.9289597046494188,0,0,0,0,0,0,6.773487729043304,6.796282616154957,6.674402543431942,6.793673584716652,0,0,0,0,0,0,1565.8488440610515
4.709467842203584,2.5892093799143634,-1.952590521089394,1.8555017699315308,-0.7563923824871048,-0.35267975176133987,-0.43449897162476053,0.33867122710686026,-1.3635198923467267,-5.584828349768844,-1.7837240880571705,-0.3582094515451225,2.9459170781835917,-0.9315294497558739,0,0,0,0,0,0,6.758151372334706,6.796645282367832,6.717759552405957,6.7940598525666545,0,0,0,0,0,0,1565.8488440610515
4.7196028083753045,2.576369381866947,-2.0072913312015297,1.836030039001388,-0.7483067426154172,-0.3509684328432499,-0.44748357922363796,0.34149176333999504,-1.1694169335212492,-5.209185891953586,-2.0567084898651817,0.19042901873774484,2.9434266104892743,-0.9319399084401316,0,0,0,0,0,0,6.720191017708611,6.796918244606674,6.7426123458013345,6.794361681354712,0,0,0,0,0,0,1565.8488440610515
4.729737774547025,2.5655179832963384,-2.058170961278489,1.8138558581050914,-0.7389117044579019,-0.3505785193192063,-0.45928094334396136,0.34664853942884616,-0.9716498242526923,-4.830714894498189,-2.3168129703608438,0.9586978817144861,2.9759476875015642,-0.9291475782697048,0,0,0,0,0,0,6.619773873252012,6.797111428659577,6.759710658218404,6.7945630048044094,0,0,0,0,0,0,1565.8488440610515
4.739872740718745,2.5566748167453373,-2.10519687044909,1.7891157199681609,-0.7274951992591209,-0.35222117316369045,-0.4694335263536824,0.35541967385792295,-0.7737963284709304,-4.448402991081705,-2.5628665841090807,2.123357124075837,3.0522824248936207,-0.922360144314529,0,0,0,0,0,0,6.519465838495324,6.7968993470052945,6.767161370255207,6.793984633814599,0,0,0,0,0,0,1565.8488440610515
4.7479860336571535,2.551029129340588,-2.1400335471396366,1.7675616454229073,-0.7161913999448037,-0.35567652854654186,-0.4758898296633063,0.3661870501659126,-0.6187714783881728,-4.138510052796691,-2.7486268485312717,3.4860130454812635,3.1536855556934107,-0.9132710759263309,0,0,0,0,0,0,6.37033984461677,6.796481167881608,6.768395561483621,6.792819067122038,0,0,0,0,0,0,1565.8488440610515
4.756099326595562,2.5466183215278586,-2.1723324577279586,1.7445433638426258,-0.7023296670865427,-0.36152845573786596,-0.48042592196835393,0.3810789261068595,-0.4696300833049659,-3.821870436358876,-2.923851998367853,4.722895233453978,3.2465210094533616,-0.9049915427170521,0,0,0,0,0,0,6.581267048986451,6.796374820053389,6.7726905263803605,6.7921662015539015,0,0,0,0,0,0,1565.8488440610515
4.7642126195339705,2.5433852953334224,-2.2020234570268786,1.7201477112328811,-0.686576726344956,-0.36882010228360573,-0.4835568816049518,0.3984430614848861,-0.32899436852394864,-3.4957021710970326,-3.0879507789979614,5.343958824100505,3.2893329584855313,-0.9013079797329766,0,0,0,0,0,0,6.701455093619993,6.796223783470563,6.7766721849219405,6.791333470379963,0,0,0,0,0,0,1565.8488440610515
4.772325912472379,2.541249635828076,-2.2290321834662445,1.6944692474519312,-0.6696110929518445,-0.3766806821208319,-0.48578841320915306,0.4168240222258719,-0.19946838519565094,-3.160855820023244,-3.239951275593373,5.650564649243028,3.307901845866422,-0.8998781941010372,0,0,0,0,0,0,6.745948584620818,6.796027397197066,6.779981152667803,6.790290837370435,0,0,0,0,0,0,1565.8488440610515
4.780439205410787,2.5401141883934386,-2.2532928220344237,1.667608535345057,-0.6517478565717925,-0.3847049282420728,-0.4873515500561938,0.4355632173383803,-0.08263778879486039,-2.818435115699018,-3.3793268346992784,5.825188091090403,3.317688110940871,-0.8993027861837021,0,0,0,0,0,0,6.765797668943808,6.795780834903466,6.782649504797029,6.788984210761269,0,0,0,0,0,0,1565.8488440610515
4.788552498349196,2.5398715749775773,-2.274747953115306,1.6396691781032366,-0.6331389324848627,-0.39269596925560435,-0.48835493200891317,0.4543505566023877,0.020480352599559506,-2.4694384486683583,-3.5058158521530802,5.930214497716112,3.3238915409995817,-0.8991218285008867,0,0,0,0,0,0,6.77618893604796,6.795476653634482,6.784787853966873,6.787335103237077,0,0,0,0,0,0,1565.8488440610515
4.796665791287604,2.5404073966247607,-2.293348360960143,1.6107563417896513,-0.6138806172272704,-0.40053464544647666,-0.4888649799752796,0.4730048804647796,0.10914654739278017,-2.1148950270917246,-3.6192833191317124,5.990550189378275,3.3286092426313236,-0.8991632180845323,0,0,0,0,0,0,6.782273952339225,6.795105127855541,6.786504735272751,6.785234839832021,0,0,0,0,0,0,1565.8488440610515
4.804779084226013,2.5416020328915834,-2.309053385543715,1.580975930348655,-0.5940491561929971,-0.40813555373594873,-0.4889326975764822,0.4914018590152289,0.1828040645539628,-1.7558835215439648,-3.719678428387018,6.017187823399272,3.3328808556012666,-0.8993579386338966,0,0,0,0,0,0,6.786132609876404,6.794654261384977,6.787889732678703,6.782535872356652,0,0,0,0,0,0,1565.8488440610515
4.812892377164421,2.5433319632109637,-2.321831293669647,1.5504339753965195,-0.5737152633096588,-0.4154290005560688,-0.4886049067489056,0.5094455684795068,0.24104490290830258,-1.393523424245254,-3.807018828760582,6.014671552824473,3.337347154151001,-0.8996823499708267,0,0,0,0,0,0,6.788727003807247,6.794109767282168,6.789013459341139,6.779042043648571,0,0,0,0,0,0,1565.8488440610515
4.82100567010283,2.5454709179788857,-2.3316595537453093,1.5192361139481794,-0.5529518861114574,-0.42235175772135036,-0.4879304764740094,0.5270550773148039,0.28359860582292473,-1.0289609210634485,-3.881383228153646,5.983827923919446,3.3425068852213418,-0.9001375878677674,0,0,0,0,0,0,6.79055058545659,6.793455226216542,6.7899311328361645,6.7745022111400175,0,0,0,0,0,0,1565.8488440610515
4.829118963041238,2.5478909883783722,-2.338524989435688,1.4874871125163949,-0.531839682040217,-0.42884122444927797,-0.4869648375974888,0.5441571498784668,0.31033215208353937,-0.6633532263340376,-3.9429068391805613,5.922865712334134,3.348834889635684,-0.9007415980156639,0,0,0,0,0,0,6.791877484016298,6.79267268715008,6.790686221261872,6.768618028169277,0,0,0,0,0,0,1565.8488440610515
4.837232255979647,2.55046376460557,-2.3424238003510336,1.4552904244315088,-0.5104717402360698,-0.43483109829843775,-0.48577388449737835,0.5606819521914904,0.3212565888431466,-0.2978512926381325,-3.991777490154497,5.827917577064728,3.356837982392989,-0.9015254269048669,0,0,0,0,0,0,6.792869928787673,6.791744112081733,6.791313373837316,6.761088230705915,0,0,0,0,0,0,1565.8488440610515
4.845345548918055,2.5530615476116636,-2.343361431745285,1.4227477804848252,-0.48895779847697385,-0.4402480934682926,-0.4844373599240663,0.5765607789434565,0.3165381663760748,0.06642039376597401,-4.028231102351918,5.693585433940987,3.3670626864765354,-0.9025294605250609,0,0,0,0,0,0,6.793628947437687,6.7906542942419605,6.7918405679598255,6.751725246112407,0,0,0,0,0,0,1565.8488440610515
4.8534588418564635,2.555558661715367,-2.341352262907649,1.389958822915008,-0.46742715853546163,-0.44501021428595333,-0.48305096822376903,0.5917258848003132,0.2965115381127036,0.42838856318737567,-4.052545314223693,5.513964723396045,3.380040504991225,-0.9037960257642537,0,0,0,0,0,0,6.7942200975688865,6.789396205808746,6.792290558080585,6.740675629415355,0,0,0,0,0,0,1565.8488440610515
4.861572134794872,2.5578328695656163,-2.336419072993474,1.3570208030452162,-0.44602837332347645,-0.44902794654675826,-0.48172557063545873,0.6061130818637367,0.2616908895444058,0.7870612499494913,-4.0650299570080834,5.2845374902976285,3.3961505177006543,-0.9053554965329994,0,0,0,0,0,0,6.794687305876844,6.787980088617127,6.792681733816347,6.728708348337443,0,0,0,0,0,0,1565.8488440610515
4.86968542773328,2.559766847815425,-2.3285922473249725,1.3240283721802435,-0.4249230444048179,-0.45221008909873495,-0.48058134566236943,0.6196676624226906,0.21277256011849435,1.1415609137881788,-4.066013540806902,5.004885400689553,3.415411815181189,-0.9072065640589504,0,0,0,0,0,0,6.7950606617748095,6.78644759896569,6.793028517649288,6.717380359703413,0,0,0,0,0,0,1565.8488440610515
4.877798720671689,2.5612496241842315,-2.317908726040616,1.2910734963934452,-0.4042719574802524,-0.4544749249223717,-0.4797357675856438,0.6323530029270857,0.15062185892319582,1.4911531351953615,-4.05582657391939,4.68128979295296,3.4372920690593145,-0.909298305616434,0,0,0,0,0,0,6.795360976129637,6.784890725683882,6.793341483289807,6.708788263322798,0,0,0,0,0,0,1565.8488440610515
4.885912013610097,2.5621778261050814,-2.304410774446119,1.258245509127472,-0.38421508231316776,-0.45576471729979395,-0.47928716179362385,0.6441592268434393,0.0762396119463397,1.8352600559299672,-4.034785020160516,4.3276417848497974,3.4606707948638973,-0.9115265706985766,0,0,0,0,0,0,6.7956025456604845,6.783469593902942,6.793627423008742,6.704851287160264,0,0,0,0,0,0,1565.8488440610515
4.894025306548506,2.5624565794310197,-2.2881447339978886,1.2256312817862782,-0.364851021867675,-0.45605877518563115,-0.4792988242637869,0.6551082066938614,-0.009289731144647947,2.1734511898271394,-4.00317848976242,3.963682758644499,3.4840366049995066,-0.9137518490671945,0,0,0,0,0,0,6.795794897116751,6.782412097432417,6.793889578976522,6.7065368277646,0,0,0,0,0,0,1565.8488440610515
4.902138599486914,2.5619999376146176,-2.26915993748814,1.1933154591107145,-0.3462229135981678,-0.45538011984669025,-0.47978939695774964,0.665252414587823,-0.10486028327299882,2.505413255098364,-3.9612663536410966,3.611124546192074,3.5058521903427047,-0.9158325222738664,0,0,0,0,0,0,6.795943931362166,6.781969071884209,6.7941281521860475,6.713509183419253,0,0,0,0,0,0,1565.8488440610515
4.910251892425323,2.560730802829383,-2.2475079246942604,1.1613806922395353,-0.3283154388408822,-0.4537933198660506,-0.48073272849606347,0.6746677991548119,-0.20940594752512434,2.8309081363651183,-3.909281971102046,3.289175915036674,3.5249252949254495,-0.9176586966810348,0,0,0,0,0,0,6.79605268356466,6.782315676830429,6.7943410508147855,6.7242985417838135,0,0,0,0,0,0,1565.8488440610515
4.918365185363731,2.5585803907827254,-2.2232420080657973,1.1299078124027517,-0.3110635408667094,-0.45139425933705407,-0.48206684032132285,0.6834429439562848,-0.32195024862049254,3.149730504343421,-3.8474425046130984,3.0109918915271607,3.540636864893718,-0.9191730043720777,0,0,0,0,0,0,6.796121792050057,6.7834474354422625,6.794524715030481,6.7368485773783755,0,0,0,0,0,0,1565.8488440610515
4.92647847830214,2.5554873616456355,-2.1964171481729466,1.098975916101299,-0.29436954863151105,-0.4482951403071803,-0.48370856936795215,0.6916675906354547,-0.4416381862841555,3.46167523056572,-3.775960174924396,2.7821631972900303,3.552955012054415,-0.9203718376050353,0,0,0,0,0,0,6.79614968961461,6.78516112053225,6.79467481437874,6.749224235962212,0,0,0,0,0,0,1565.8488440610515
4.934591771240548,2.551396771773439,-2.1670900337555,1.068662366831761,-0.2781227244906388,-0.4446094063262366,-0.4855688394801107,0.6994234254398936,-0.5677487474460484,3.7665198165424036,-3.6950510751235766,2.6015703043745697,3.56226894133368,-0.9212901199955991,0,0,0,0,0,0,6.796132473324329,6.787149974688639,6.794786660265848,6.760138903129332,0,0,0,0,0,0,1565.8488440610515
4.9427050641789565,2.546258992533174,-2.1353192469390296,1.0390427415716341,-0.2622153129248002,-0.44044063869834593,-0.4875642163139295,0.706778825673864,-0.6996912197170871,4.064020147670984,-3.6049399720900692,2.4637969272641147,3.5691588687733917,-0.9219801949440077,0,0,0,0,0,0,6.79606334748255,6.789133987772014,6.79485526673973,6.769065380966631,0,0,0,0,0,0,1565.8488440610515
4.950818357117365,2.5400286705121773,-2.101165353991464,1.0101907980158231,-0.2465473265798259,-0.43588053301425506,-0.48961990445159204,0.7137891326297731,-0.8370052086803939,4.353940608550414,-3.5058450179503136,2.3668091875534127,3.574007502684511,-0.9224721183990198,0,0,0,0,0,0,6.796448614006067,6.792194276475582,6.795535509942295,6.7787528456820905,0,0,0,0,0,0,1565.8488440610515
4.9615714811349045,2.530016140631583,-2.0523336969819064,0.9732568071806839,-0.2259967238700087,-0.42936869730205857,-0.49232625469129104,0.7226222121681579,-1.02665411027785,4.726008236245217,-3.361098829298902,2.280086696338038,3.5786841853105895,-0.9229455735435376,0,0,0,0,0,0,6.796519970059355,6.794082332253481,6.795824991029699,6.783023384190507,0,0,0,0,0,0,1565.8488440610515
4.972324605152444,2.5179201833252454,-1.9995788852947052,0.9379588112157765,-0.205600978305351,-0.42240822010184026,-0.494944037830021,0.7309787498462542,-1.2244042638335682,5.083501314033032,-3.201669466079875,2.215071819428565,3.58283330077318,-0.923355207028391,0,0,0,0,0,0,6.7959061276504285,6.794905159144465,6.7954204581432345,6.784457301936863,0,0,0,0,0,0,1565.8488440610515
4.983077729169984,2.503656777309055,-1.9430612824763775,0.9044512621331724,-0.18530786804690602,-0.41505257517173616,-0.4974319336273202,0.7388868826085667,-1.429698605216997,5.4257538997256045,-3.0281942027887454,2.1654209223444,3.5868902816955397,-0.9237330802116481,0,0,0,0,0,0,6.794999208195794,6.7955463562164535,6.794933360329538,6.785568459042183,0,0,0,0,0,0,1565.8488440610515
4.993830853187523,2.48714742178038,-1.8829481522983607,0.8728817552137612,-0.16507226163328745,-0.40734699463787305,-0.49975505746809734,0.74636750795692,-1.6420588520994928,5.7521380436069975,-2.841318424190409,2.130299833195074,3.5910838873329256,-0.9240774497129648,0,0,0,0,0,0,6.793648823655252,6.796013927939029,6.794391172537166,6.786134784907359,0,0,0,0,0,0,1565.8488440610515
5.004583977205063,2.468318460917867,-1.8194134842813419,0.8433907737389049,-0.14484961539581398,-0.39933296209123664,-0.5018808746105367,0.7534370325430565,-1.8610613368462152,6.062030589071268,-2.6417198956352093,2.1090993419633954,3.5958118405017188,-0.9243837472088969,0,0,0,0,0,0,6.791588609492964,6.79633999690196,6.793834717663042,6.786083791016543,0,0,0,0,0,0,1565.8488440610515
5.0153371012226025,2.4471005260918353,-1.7526379542197177,0.8161113237492553,-0.12459251682741028,-0.39104959987253524,-0.5037774847482259,0.7601086508196658,-2.0863316414977198,6.35481006950935,-2.430112511037565,2.1025467736693595,3.6016933350495175,-0.9246358150083807,0,0,0,0,0,0,6.788330741285307,6.796554844459158,6.79331413666362,6.785320951965419,0,0,0,0,0,0,1565.8488440610515
5.026090225240142,2.4234280247543483,-1.6828089502507078,0.79116850499765,-0.10424239367440866,-0.3825374311835514,-0.505409603160357,0.7663940045027816,-2.3175419441798044,6.629847138167623,-2.2072549000630595,2.1139142896390393,3.6097364302346153,-0.9247958635489963,0,0,0,0,0,0,6.782941074763358,6.796681500811182,6.792875056299551,6.783624916142542,0,0,0,0,0,0,1565.8488440610515
5.036843349257682,2.397238629924043,-1.6101207550879808,0.7686789429791953,-0.08371321811130127,-0.37384560898492925,-0.5067310941556389,0.7723050925456638,-2.554414193785485,6.8864838639630035,-1.9739689298913472,2.151426720879853,3.6216975222505727,-0.9247860374794495,0,0,0,0,0,0,6.773542565267357,6.796736441978629,6.792539598629757,6.780504100218138,0,0,0,0,0,0,1565.8488440610515
5.047596473275221,2.3684726882287523,-1.5347750556678774,0.7487499179192737,-0.06285819994116984,-0.3650465055058252,-0.5076703096906415,0.777856511303177,-2.7967331218121645,7.12399081549993,-1.7311806212424607,2.2334771186199824,3.6408670920613795,-0.9244491887669961,0,0,0,0,0,0,6.756193550246782,6.7967316465823036,6.792292990346581,6.774860173203014,0,0,0,0,0,0,1565.8488440610515
5.058349597292761,2.3370724114314414,-1.4569821325895829,0.7314778097649981,-0.04140012451631172,-0.35626555794105513,-0.5081003239326807,0.7830676488876857,-3.044374927038449,7.341477708175051,-1.4800138086381167,2.3994779005225046,3.673875018619872,-0.9234659303670096,0,0,0,0,0,0,6.722362166938613,6.796676743503569,6.792083186724348,6.764014750159246,0,0,0,0,0,0,1565.8488440610515
5.0691027213103,2.3029806695478943,-1.3769634748457167,0.7169449419061976,-0.0187889107926546,-0.3477382836924495,-0.5077796469589301,0.787962494678598,-3.297351603703865,7.537705451311186,-1.2220128105385835,2.7298370969923664,3.7350846410965075,-0.9211995985336572,0,0,0,0,0,0,6.653268077621185,6.796580866384889,6.791829746415934,6.74031725043888,0,0,0,0,0,0,1565.8488440610515
5.07985584532784,2.266139502958236,-1.294957448317312,0.7052124061652908,0.0060629665928278184,-0.3398933441087813,-0.5062453044658987,0.7925600587796949,-3.5557905554571,7.7106782365502085,-0.9597253798232781,3.371072632885663,3.8590488337865225,-0.9164999827126267,0,0,0,0,0,0,6.504910554401199,6.7964536101446065,6.791431515799657,6.676068038482759,0,0,0,0,0,0,1565.8488440610515
5.0906089693453795,2.2264915816701993,-1.2112318849071488,0.6963010379449859,0.03510089299745232,-0.33330178588539194,-0.5026947807100596,0.7968536906379079,-3.819187024434352,7.856700702875424,-0.6985568254365447,4.475642805988581,4.146426443251511,-0.9081770660860282,0,0,0,0,0,0,6.159688588739252,6.796303642018691,6.790766892598657,6.439606386047898,0,0,0,0,0,0,1565.8488440610515
5.101362093362919,2.183989430186373,-1.126104597478882,0.6901554142142702,0.07047841042917652,-0.3277711300372514,-0.49626574857636685,0.8008240673003141,-4.086340225291341,7.970478050245298,-0.4467535022458321,5.6638654379092745,4.756090044036966,-0.899234359403561,0,0,0,0,0,0,5.705197593953284,6.796132971180408,6.789692837454144,5.909897271026878,0,0,0,0,0,0,1565.8488440610515
5.112115217380459,2.1385579593713073,-1.0399374403279296,0.6866889261169866,0.11174356300693658,-0.32144712906173234,-0.4870254774710604,0.8043576963258142,-4.367858818793145,8.050474137357913,-0.1960773534533978,6.40998070935693,5.350269737605906,-0.893839139224775,0,0,0,0,0,0,6.289233181673187,6.795929750790925,6.788049067683777,6.382018467980275,0,0,0,0,0,0,1565.8488440610515
5.122868341397998,2.0899689504020174,-0.9531027022518374,0.6859609967831585,0.15591150277356514,-0.3139649230021701,-0.4757294479245534,0.8067212175246972,-4.6727026480441864,8.09349122519253,0.06088929918360109,6.614089179017836,5.606756358333345,-0.8928290401292247,0,0,0,0,0,0,6.63721955316313,6.795664177840328,6.785690007933107,6.611844576021341,0,0,0,0,0,0,1565.8488440610515
5.133621465415538,2.038004618574209,-0.8660261479994908,0.6879861962964191,0.20017190101461677,-0.30509060195286924,-0.46326067825303385,0.8076140653980524,-4.994470284296501,8.095042856430139,0.31449814062978665,6.489641753854379,5.708454946152227,-0.8945837415228003,0,0,0,0,0,0,6.732770246198279,6.795290713151638,6.782548609089528,6.683369338297564,0,0,0,0,0,0,1565.8488440610515
5.1443745894330775,1.9825170368323533,-0.7791608249241366,0.6926893123354622,0.24349567485198084,-0.2948346618514776,-0.44997359345114313,0.8070354042394725,-5.3272719478172395,8.054216282011952,0.5582587835754453,6.313694538364022,5.761450081031835,-0.8969726123013386,0,0,0,0,0,0,6.765227094140013,6.794748890744772,6.778711739210155,6.7122635504022,0,0,0,0,0,0,1565.8488440610515
5.155127713450617,1.9234097926831684,-0.6929602850636474,0.6999440881525791,0.28565505479851594,-0.2833469675634471,-0.43595694248553546,0.8050200183469474,-5.667108412671876,7.971538481236527,0.7885894159456225,6.147565543912553,5.79401218761413,-0.8995391596152604,0,0,0,0,0,0,6.778956716139265,6.793951927922974,6.774479143300863,6.726928292212487,0,0,0,0,0,0,1565.8488440610515
5.165880837468157,1.860625686828357,-0.6078692375642627,0.709590863916945,0.32661715523693885,-0.27078763560999847,-0.42123683312025095,0.8015951725955553,-6.010612783574964,7.848062948710887,1.0027278285396026,6.006484355848135,5.8151343156397335,-0.9021523590526281,0,0,0,0,0,0,6.7857619726176965,6.792759068163221,6.770289787168967,6.736834946132905,0,0,0,0,0,0,1565.8488440610515
5.176633961485696,1.7941418489021919,-0.5243192820083389,0.7214422255162455,0.36641341413293355,-0.25731335983302384,-0.40582025504345504,0.7967690790883851,-6.35474670379339,7.685155412945635,1.1982362842368675,5.897939451609972,5.827846953970273,-0.9047007568939056,0,0,0,0,0,0,6.789532756654741,6.790921369326234,6.766406950425975,6.74606131108445,0,0,0,0,0,0,1565.8488440610515
5.187387085503236,1.723966767405525,-0.442725982559054,0.735285482056577,0.4051104350418346,-0.24308201203989035,-0.38970544762836906,0.7905228237891849,-6.696706181192423,7.484427033488128,1.3728323015300987,5.8273995486144115,5.832824475026092,-0.9070614954175177,0,0,0,0,0,0,6.791792924625408,6.787963774473623,6.762565411470646,6.75582120772278,0,0,0,0,0,0,1565.8488440610515
5.198140209520775,1.650138061987378,-0.3634863178020131,0.7508837942377888,0.4427899879871318,-0.22825077713566774,-0.37288997988553507,0.7828101124642455,-7.033869309815347,7.247725845616594,1.5242960088336868,5.795608936098186,5.8296373737128215,-0.9091393132886122,0,0,0,0,0,0,6.793223739650583,6.782901287695667,6.7578230445233824,6.765384021515989,0,0,0,0,0,0,1565.8488440610515
5.208893333538315,1.5727207645520407,-0.28697598998659213,0.7679765793807393,0.4795167962931881,-0.21296563357771123,-0.35538309190676154,0.773571030335516,-7.363752751897097,6.977169433953314,1.6504299394801332,5.795062607613788,5.816811156891897,-0.9108842978066091,0,0,0,0,0,0,6.79416297326553,6.773478735119172,6.750402089300397,6.773571816551905,0,0,0,0,0,0,1565.8488440610515
5.2196464575558545,1.4918060919905087,-0.21354615773488503,0.7862797956932556,0.5152944625985632,-0.19735012694418855,-0.3372230030024667,0.7627615554394237,-7.683959473419909,6.675222808525155,1.7490771266223137,5.806224978565944,5.790367710642196,-0.9122360821935221,0,0,0,0,0,0,6.7947933819030535,6.753883357589158,6.736809493981365,6.779851893686532,0,0,0,0,0,0,1565.8488440610515
5.230399581573394,1.4075110379246398,-0.14351883395789475,0.8054867156736912,0.5499896155278704,-0.18149591852237262,-0.3185092604541258,0.7504148888289673,-7.992065248068347,6.344889011619147,1.8181970098612026,5.782063388630482,5.739191647780928,-0.9129448641968226,0,0,0,0,0,0,6.795222793271225,6.707155874246235,6.7085586104657855,6.784347246807568,0,0,0,0,0,0,1565.8488440610515
5.241152705590934,1.3199800846310805,-0.07717864510724103,0.825270007760497,0.5831297977121419,-0.16544244801623734,-0.2994896015209448,0.7368136901520063,-8.285306018786624,5.990258032347179,1.8560580739945685,5.594200357023302,5.631324807331875,-0.9121101010243037,0,0,0,0,0,0,6.795521729750841,6.582866605980682,6.641069629920944,6.787436995574709,0,0,0,0,0,0,1565.8488440610515
5.251905829608473,1.2293904511957698,-0.014756974816803797,0.8452884971218853,0.6135705379910125,-0.14918275785114385,-0.28072888930438267,0.7228187811473039,-8.560372054790852,5.617239518505975,1.8620026366255404,5.058563237196531,5.398949656049344,-0.9083717854224069,0,0,0,0,0,0,6.795741237780777,6.33292595797179,6.484316475271992,6.789499053447083,0,0,0,0,0,0,1565.8488440610515
5.262658953626013,1.1359448572366717,0.043572176850146166,0.8652092103888233,0.6399639496361845,-0.13281673873026525,-0.26300278333696947,0.7096727365737808,-8.816969984865475,5.228885367200066,1.838587015571323,4.321603617838303,5.071862870081267,-0.9029479534005808,0,0,0,0,0,0,6.795917606939614,6.311392054023746,6.456742147793597,6.790837692542517,0,0,0,0,0,0,1565.8488440610515
5.2734120776435525,1.039825550552145,0.09763421594714602,0.8847401668955217,0.6622676682124234,-0.11643173522548828,-0.24649601908555627,0.6979146790602948,-9.05818471619317,4.823034167671547,1.7902029431271618,3.5688246945649196,4.810342355003235,-0.8973415210388698,0,0,0,0,0,0,6.796073485035466,6.4889843566606755,6.648821490514299,6.791668826571306,0,0,0,0,0,0,1565.8488440610515
5.284165201661092,0.9411914632160354,0.1472376457468591,0.9036324026571695,0.6807450435600247,-0.09967842917011412,-0.230882962644345,0.6879996031882639,-9.284269028098944,4.400437087358837,1.7202497552072729,2.826564817449349,4.663421672512593,-0.8917904714021477,0,0,0,0,0,0,6.796222633717724,6.5918811773601735,6.733811153896329,6.792120992976096,0,0,0,0,0,0,1565.8488440610515
5.294918325678632,0.8402179690863464,0.1922258990533968,0.9216698243107424,0.6958767220182595,-0.08241272938184457,-0.21584498763852542,0.6799813755539793,-9.492999113951658,3.965207644780487,1.6317298583660877,2.164004868629393,4.571192801428282,-0.8868631129873513,0,0,0,0,0,0,6.796372329486635,6.638591135812287,6.765406527034876,6.792258505670048,0,0,0,0,0,0,1565.8488440610515
5.305671449696171,0.7371000513402974,0.23247874483174882,0.9386692135680126,0.7080661453838492,-0.06465509931045187,-0.2012013909029402,0.6737804183805993,-9.682935080206487,3.5200234893085955,1.527686574526476,1.5532577303995663,4.502151421293683,-0.8823618890775499,0,0,0,0,0,0,6.796523410162618,6.659235957920135,6.779190589652757,6.792102961193836,0,0,0,0,0,0,1565.8488440610515
5.316424573713711,0.6320450645916451,0.26789875928219986,0.9544795733806694,0.7175393179890321,-0.046451757739686225,-0.18685264595171053,0.6693770611871703,-9.853150298495777,3.0665630346520256,1.4110642432553522,0.9667239889082793,4.443992456008783,-0.8780913659937947,0,0,0,0,0,0,6.796670890592045,6.670325696859025,6.78611023876228,6.791647140329985,0,0,0,0,0,0,1565.8488440610515
5.32717769773125,0.5252689176839508,0.2984033642921693,0.9689811105983679,0.724452245801654,-0.027855576382757874,-0.17272504891250023,0.6667526287128523,-10.002957512133946,2.6059434112088233,1.284718274431723,0.41588083130048703,4.393854906074504,-0.8741638636725988,0,0,0,0,0,0,6.796804859081401,6.686412426867455,6.789942241825401,6.790877443614605,0,0,0,0,0,0,1565.8488440610515
5.33793082174879,0.41699416377446713,0.32391988221897033,0.982083867045737,0.7290623562556039,-0.008942020310264675,-0.1587366537661649,0.6657257661491844,-10.13179382909519,2.138923590518067,1.1513099394145028,-0.04501829339490577,4.354730018550616,-0.8710259030758263,0,0,0,0,0,0,6.796911229179114,6.716058320400094,6.7921973942754335,6.789835567255192,0,0,0,0,0,0,1565.8488440610515
5.3486839457663296,0.3074491804147671,0.3443835526115204,0.993724288062131,0.7317854422887486,0.0101940419732851,-0.14479804152475967,0.66589764613873,-10.239118010893243,1.6663188166179659,1.0130612165561161,-0.3946979982020376,4.327687611111008,-0.8688736974989573,0,0,0,0,0,0,6.796825646638651,6.7389715395123,6.793166945588945,6.788049516471573,0,0,0,0,0,0,1565.8488440610515
5.358574803276928,0.2057679814365805,0.3586981807171333,1.0031033222048786,0.7329022636868399,0.02793099668170957,-0.13196488987945587,0.6668278632047219,-10.318384796639583,1.2276562870800078,0.8830999580358202,-0.6712930518326506,4.309050640215168,-0.8674143115875392,0,0,0,0,0,0,6.796586313116657,6.742405106234437,6.79335697773231,6.784791893178116,0,0,0,0,0,0,1565.8488440610515
5.368465660787526,0.10339646125462958,0.36865898130637986,1.0111885087721781,0.7327574121090218,0.04577156055295772,-0.11908733140588995,0.6684233289932809,-10.378656528926594,0.7860472798394029,0.7516135784004879,-0.933843837485678,4.294392839213023,-0.8662923577053688,0,0,0,0,0,0,6.796402808392293,6.7522235929084315,6.793547052333557,6.7811365956247585,0,0,0,0,0,0,1565.8488440610515
5.378356518298124,0.0005239751314202105,0.3742400555571306,1.0179699318351936,0.7314236211317968,0.06369382288215422,-0.10613568897321826,0.6705951080221858,-10.41963364832356,0.3421689815500185,0.6196327941499459,-1.1685871424714835,4.285323847187918,-0.8656584202424575,0,0,0,0,0,0,6.796161070793922,6.763028053372347,6.793625282570775,6.776647788270781,0,0,0,0,0,0,1565.8488440610515
5.388247375808722,-0.10265718572846014,0.37542279789990896,1.023447335635259,0.728980205046749,0.08167946840222626,-0.09308213002000945,0.6732399588278073,-10.441025693676343,-0.10318522009506528,0.48807713877006653,-1.3827401071787218,4.281851798509389,-0.865515627572043,0,0,0,0,0,0,6.795860596011987,6.771112298870223,6.793624314200912,6.771139203733338,0,0,0,0,0,0,1565.8488440610515
5.39813823331932,-0.20595195870381355,0.37219685621387655,1.0276290777363126,0.7254609161419255,0.09971727743214785,-0.07989942662044398,0.6762980151957881,-10.442563364745022,-0.5491499588037309,0.3577758951056546,-1.5922938119805916,4.2833914391388666,-0.8658111644590711,0,0,0,0,0,0,6.795499400552504,6.776621009056993,6.793562842258661,6.7644206188358975,0,0,0,0,0,0,1565.8488440610515
5.408029090829918,-0.3091627059250272,0.36456062308573617,1.0305315174766754,0.7208446229236719,0.11780130332192544,-0.06655675080342717,0.6797617828770427,-10.42399336533143,-0.9948238554195955,0.2295283117978434,-1.8120457316110206,4.28960323627039,-0.866513589178633,0,0,0,0,0,0,6.795075705465811,6.780324369320374,6.793452416372106,6.75633625091648,0,0,0,0,0,0,1565.8488440610515
5.417919948340516,-0.412089313381625,0.3525215741478981,1.0321790232824646,0.7150612496175535,0.13592790648649486,-0.05301589668111579,0.6836668254586287,-10.385066241366644,-1.4392703284898507,0.10416387876088307,-2.0542611608471217,4.300449566946006,-0.8676184129392432,0,0,0,0,0,0,6.794589879379229,6.782821813505744,6.793300690564303,6.7468406752084595,0,0,0,0,0,0,1565.8488440610515
5.427810805851114,-0.5145291701245971,0.3360966627590649,1.0326045267464472,0.7079984410237227,0.15409279235621193,-0.039228737261374304,0.6880804640626863,-10.325524833867906,-1.881507373683775,-0.01740805988153403,-2.32871298553913,4.316049132534225,-0.8691352410076066,0,0,0,0,0,0,6.79404678402407,6.784497247108516,6.793112878080943,6.736146618634894,0,0,0,0,0,0,1565.8488440610515
5.437701663361712,-0.6162770448841762,0.3153128353611807,1.0318505096805874,0.6995091354181303,0.17228772617278534,-0.02513654483874559,0.6930887843489901,-10.245095344458598,-2.320493894329138,-0.13416070288838322,-2.641771001067658,4.3364560926405264,-0.8710681446719356,0,0,0,0,0,0,6.793458298689528,6.785586099039645,6.792892095192648,6.724993445085985,0,0,0,0,0,0,1565.8488440610515
5.44759252087231,-0.7171248951135316,0.2902076890757467,1.0299702896529868,0.689425064707819,0.19049656041944088,-0.010672805915101346,0.6987776698170032,-10.143483095728055,-2.7551149368164,-0.2449282089001504,-2.993803541465313,4.361338831784594,-0.8733870151847299,0,0,0,0,0,0,6.792845221069805,6.786231493301385,6.792638846266508,6.715026585889042,0,0,0,0,0,0,1565.8488440610515
5.457483378382908,-0.8168616749588548,0.2608302781010952,1.0270294002299367,0.6775828215130584,0.20869080047239283,0.004227827817950613,0.70520337156067,-10.020377558605588,-3.184166302069242,-0.34841026606425674,-3.375175476149423,4.389571919766497,-0.8759910870265037,0,0,0,0,0,0,6.792237157889535,6.7865199711082065,6.792349780846724,6.708964060629325,0,0,0,0,0,0,1565.8488440610515
5.467374235893506,-0.9152732752542424,0.22724209046739008,1.023106734448119,0.6638651384708246,0.22682626508346618,0.01961284432587807,0.7123540269619082,-9.875475806467342,-3.6063341440760626,-0.44321750871615717,-3.763718178549261,4.418978007952063,-0.8786860988338394,0,0,0,0,0,0,6.791669069757283,6.786503395376542,6.792015918232072,6.709696890680119,0,0,0,0,0,0,1565.8488440610515
5.477265093404104,-1.0121428360805989,0.18951827869881807,1.018294991407861,0.6482450091392472,0.2448437934876975,0.03549185363625631,0.7201182217122919,-9.708535970283588,-4.020162924230493,-0.5279666524691179,-4.129053359631453,4.446677550254483,-0.8812167253890899,0,0,0,0,0,0,6.791174570609743,6.786212827787183,6.79162066630881,6.718024612207829,0,0,0,0,0,0,1565.8488440610515
5.487155950914702,-1.1072517384993257,0.1477492287709087,1.0126999878550127,0.6308036144519228,0.2626758009894379,0.051825823250549206,0.7282872425172294,-9.519458784518728,-4.424023558603675,-0.6014098206361932,-4.4446954483958665,4.470122752903918,-0.883361191822438,0,0,0,0,0,0,6.790778551504757,6.785667582133794,6.791137928949444,6.7313443209223385,0,0,0,0,0,0,1565.8488440610515
5.4970468084253,-1.2003814234056507,0.10204229912672401,1.006438706405246,0.6117039306357699,0.2802558038424663,0.06853552142287637,0.7365988514521705,-9.3083661193119,-4.816118433264585,-0.6625526209701046,-4.698718046628853,4.488017952695486,-0.8850153535653223,0,0,0,0,0,0,6.79049299206543,6.784880752788541,6.790530165754152,6.745584116531016,0,0,0,0,0,0,1565.8488440610515
5.506937665935898,-1.2913158073157502,0.0525232395749004,0.9996364305943358,0.5911394623510011,0.29752523467343106,0.08552308207094741,0.7447943831803345,-9.075638673144134,-5.194539671734698,-0.7107157858738924,-4.8940811126747255,4.500353608844548,-0.8861959580959116,0,0,0,0,0,0,6.790318007445368,6.783861514377059,6.7897455306922145,6.757952020813618,0,0,0,0,0,0,1565.8488440610515
5.516828523446496,-1.379843830883438,-0.0006631162989838042,0.992423595980879,0.5692927031403782,0.3144350843636176,0.1026916327536443,0.752655847273345,-8.82190764392181,-5.557349406011447,-0.7455327703147848,-5.041508712619864,4.507796734291403,-0.8869856061939676,0,0,0,0,0,0,6.790246685009463,6.782613994793233,6.788712566137017,6.767568611397691,0,0,0,0,0,0,1565.8488440610515
5.526719380957094,-1.4657617912025511,-0.05735289657862127,0.9849328770857267,0.546317476118959,0.33094419457991797,0.11995516694145876,0.7600157322614494,-8.548023777305032,-5.902644429643293,-0.7669096099397367,-5.152747633416621,4.511107781419132,-0.8874809422254224,0,0,0,0,0,0,6.790270396301037,6.781132114563643,6.787330446351283,6.774662706375369,0,0,0,0,0,0,1565.8488440610515
5.536610238467692,-1.5488753499195673,-0.1173637482559296,0.9772967321626546,0.5223388580523941,0.3470168080693823,0.13724019252555228,0.7667506647153349,-8.255025057907398,-6.2285958229682405,-0.7749763621211034,-5.237293426729712,4.510847119034057,-0.8877684668382183,0,0,0,0,0,0,6.790382018322086,6.779389497726025,6.785451919615995,6.779797061123697,0,0,0,0,0,0,1565.8488440610515
5.54650109597829,-1.6290012521210904,-0.180495695642939,0.9696453999624898,0.497460719557122,0.36262071728555473,0.15448324157279722,0.7727703254953449,-7.944110990975417,-6.533472139156185,-0.7700458428553123,-5.301574885107452,4.507281972881443,-0.8879203613811387,0,0,0,0,0,0,6.790576306110392,6.777323407042594,6.782854106611407,6.783509056000382,0,0,0,0,0,0,1565.8488440610515
5.556391953488888,-1.7059688259571568,-0.24653218816178404,0.9621052479629548,0.471775234367699,0.3777263212514773,0.17162687064036167,0.7780071797517842,-7.616623796645324,-6.815655828796261,-0.7525840697813029,-5.349052889956232,4.500357521422511,-0.8879988652875616,0,0,0,0,0,0,6.790848069061717,6.774810834972168,6.779188291189443,6.786213632573147,0,0,0,0,0,0,1565.8488440610515
5.566282810999486,-1.779621323939502,-0.3152413035796641,0.954797355761265,0.44537277821173243,0.39230656918575796,0.18861500918799584,0.7824084754849447,-7.274034949668153,-7.073659021067208,-0.7231921238510696,-5.380345341644791,4.4896489145995835,-0.8880635209116426,0,0,0,0,0,0,6.791189488603605,6.771631658916105,6.773892484458704,6.7882071084179785,0,0,0,0,0,0,1565.8488440610515
5.5761736685100844,-1.8498171519937743,-0.3863771208047813,0.9478362254311524,0.41835290500526534,0.40633783882785374,0.205387377571973,0.7859302976374384,-6.917935790080405,-7.306142638299418,-0.6825985478106159,-5.392960794707845,4.474243481363296,-0.8881802137479325,0,0,0,0,0,0,6.791588019115675,6.767405481293464,6.766038052110975,6.789695580797475,0,0,0,0,0,0,1565.8488440610515
5.5860645260206825,-1.9164310235633208,-0.4596813138427907,0.9413285142742568,0.39083840028402855,0.41980203378567393,0.22187193113287154,0.7885330959878625,-6.550031742706003,-7.51194276142889,-0.6316626363319766,-5.380386590894311,4.45249826751016,-0.888433262974955,0,0,0,0,0,0,6.792025921195848,6.761470089148775,6.754063427686234,6.790822313716741,0,0,0,0,0,0,1565.8488440610515
5.5959553835312805,-1.979355076205722,-0.5348850643666933,0.9353716719984033,0.362995443940233,0.4326904572798093,0.2379736051370031,0.7901783590530181,-6.172140668915625,-7.690109873792025,-0.5713910700309888,-5.330342602860394,4.421582274459437,-0.8889424311899036,0,0,0,0,0,0,6.792481694080169,6.752625738447254,6.735331070406763,6.79168839047534,0,0,0,0,0,0,1565.8488440610515
5.605846241041879,-2.038499999455968,-0.6117114612993773,0.930052327915274,0.3350633624448728,0.44501001610952395,0.2535572208814122,0.7908270129732747,-5.786197226556234,-7.839969906874232,-0.5029727634902282,-5.2223465174274875,4.376641752168053,-0.8898842667091831,0,0,0,0,0,0,6.79293284624152,6.738557390825734,6.705454830337388,6.7923669052448234,0,0,0,0,0,0,1565.8488440610515
5.615737098552477,-2.093796254606767,-0.6898786636506132,0.9254442157611837,0.307394935099818,0.45679085021458576,0.2684236424103358,0.7904424211986492,-5.394268437526184,-7.961219726670141,-0.42783836449427154,-5.026112233670708,4.309287015786862,-0.8915062692406578,0,0,0,0,0,0,6.793359025716861,6.714439725557733,6.6573957856451536,6.7929120694259195,0,0,0,0,0,0,1565.8488440610515
5.625627956063075,-2.145195571795329,-0.7691042314862836,0.9216053624019618,0.2804964886307536,0.4680881108089946,0.28228496759403093,0.789005980620883,-4.998599609329359,-8.054068768303265,-0.3477494477585728,-4.705982908445925,4.204725509791428,-0.8940933083473908,0,0,0,0,0,0,6.79374470775166,6.669396375966506,6.580181202509301,6.793364360576024,0,0,0,0,0,0,1565.8488440610515
5.635518813573673,-2.1926732810214107,-0.8491110891786197,0.9185742539521272,0.25502443480000686,0.47895161831793653,0.29476454274129177,0.7865632519435956,-4.601753958992035,-8.119423358254146,-0.26491236761926445,-4.244557402855762,4.035964177361784,-0.8977831082604221,0,0,0,0,0,0,6.794081116702017,6.577954472549893,6.456823357986671,6.793752589535011,0,0,0,0,0,0,1565.8488440610515
5.645409671084271,-2.236232598800434,-0.9296354113628927,0.9163651156720454,0.231617310203517,0.4892961509529094,0.3054993337960221,0.783334446661796,-4.206857981856973,-8.159076602193732,-0.18200666200643265,-3.7159647127842814,3.7557156345965854,-0.9019916453862046,0,0,0,0,0,0,6.794367248374636,6.391255131685994,6.271624997556644,6.794094174879223,0,0,0,0,0,0,1565.8488440610515
5.655300528594869,-2.2759073380450023,-1.0104358608089155,0.9149664614483244,0.21037565342434128,0.4986281744874882,0.31447784948693186,0.7798818565883113,-3.8165893593875064,-8.175747115787962,-0.10125540218691344,-3.3751051399640613,3.3232165979952955,-0.9047136095905008,0,0,0,0,0,0,6.794609091815679,6.134292209695222,6.098579575682647,6.794396314767019,0,0,0,0,0,0,1565.8488440610515
5.665191386105467,-2.311738866622634,-1.0912995032198152,0.9143585411169133,0.19049049647943642,0.5061117549234406,0.32230498358134485,0.776970887381221,-3.428642788498222,-8.172252065229575,-0.021505235613099985,-3.30362420820787,2.8248762856821843,-0.9053082668085941,0,0,0,0,0,0,6.794814874818451,6.156854821978833,6.159745662869197,6.794661634746089,0,0,0,0,0,0,1565.8488440610515
5.675082243616065,-2.343721327788091,-1.172035953139105,0.9145498078324209,0.17145867917117397,0.5116796365674369,0.3293993820426181,0.7747786251369057,-3.037508378813324,-8.150199823761236,0.06087320235818192,-3.192286129370781,2.4305668457688303,-0.9062090362619252,0,0,0,0,0,0,6.794988657388623,6.418110990419818,6.364402890095172,6.79489512485361,0,0,0,0,0,0,1565.8488440610515
5.684973101126663,-2.371812588171574,-1.2524665615018373,0.9155756155642653,0.15367801855528046,0.5161789219215369,0.33554282647140327,0.7728864074237719,-2.642266639617778,-8.110615488890527,0.1470910976111359,-2.9013475783948217,2.186912725397444,-0.9085150501426659,0,0,0,0,0,0,6.795130195699522,6.595335886419616,6.516741002153257,6.795103782611973,0,0,0,0,0,0,1565.8488440610515
5.694863958637261,-2.3959847886820684,-1.332424846542241,0.9174678549290036,0.13739155660042815,0.5203109463147833,0.3405878490435236,0.7709734083636298,-2.245455107254737,-8.054956253912476,0.2358052176257533,-2.5665242438828235,2.039583829880271,-0.9111587229625712,0,0,0,0,0,0,6.795240084672926,6.682403237722007,6.608897554668964,6.795291617153585,0,0,0,0,0,0,1565.8488440610515
5.704754816147859,-2.4162321632154686,-1.4117595817425335,0.9202435923205525,0.1224634891271096,0.5243775550542521,0.3446323275937319,0.7689339583887981,-1.8488284182953938,-7.984769534579677,0.325531880865649,-2.277019620429461,1.9454228270172407,-0.9134384856199828,0,0,0,0,0,0,6.795322595248788,6.725474957538539,6.667633635645474,6.795457953322665,0,0,0,0,0,0,1565.8488440610515
5.714645673658457,-2.432561040224135,-1.490333749370493,0.9239071125534688,0.10859879229203752,0.5284576032022708,0.34788019169183493,0.7667582644868425,-1.4531930920297977,-7.901354191528861,0.4151692090772586,-2.059397764736033,1.8824028991527042,-0.9151459454702362,0,0,0,0,0,0,6.795385333477345,6.748361808078301,6.707680937670722,6.795598920701511,0,0,0,0,0,0,1565.8488440610515
5.724536531169055,-2.4449833756109047,-1.568021626998015,0.9284534260647522,0.095486778442939,0.5325397769874706,0.3505459137427038,0.7644613943339567,-1.058947868119875,-7.805695480061926,0.5039290852325728,-1.9119041649824404,1.8390077571072418,-0.9162962411055956,0,0,0,0,0,0,6.795437996853237,6.761425190955867,6.7355855288858955,6.795709310591854,0,0,0,0,0,0,1565.8488440610515
5.734427388679653,-2.4535142840110025,-1.6447058098337337,0.9338709171696387,0.08286146844764157,0.5365848928710507,0.35281382099705144,0.7620584213186834,-0.6663589780322816,-7.6984982323254565,0.5912484125696872,-1.821880011593251,1.8084659984814702,-0.9169912248956236,0,0,0,0,0,0,6.795490955036348,6.769316119650258,6.754828164804285,6.795783764442711,0,0,0,0,0,0,1565.8488440610515
5.744318246190251,-2.4581713160559464,-1.720274718550284,0.9401432344582068,0.07051921819429913,0.5405520758868905,0.3548259957651551,0.7595584281995063,-0.275661331164176,-7.5802454185651715,0.6767239504520999,-1.7747084042851404,1.7864393954145086,-0.9173491054246555,0,0,0,0,0,0,6.795553737811683,6.774266413862119,6.767890799661162,6.795817210710113,0,0,0,0,0,0,1565.8488440610515
5.754209103700849,-2.4589743341816597,-1.7946206985118816,0.9472506214834967,0.058313841474687024,0.5444071957766579,0.3566853791992828,0.7569648877884132,0.11290997034256725,-7.451256590979663,0.7600635954497531,-1.7580921091142208,1.7700635015059263,-0.9174706965896176,0,0,0,0,0,0,6.795633526017727,6.777421595595824,6.77669621100927,6.795804797863936,0,0,0,0,0,0,1565.8488440610515
5.764099961211447,-2.455945569766667,-1.8676386512422973,0.9551708287713351,0.04614298185121883,0.5481234037127645,0.35846492569145116,0.7542774400558685,0.4991101459978468,-7.311736032378953,0.8410503220290878,-1.7632132342800368,1.7574409852883983,-0.917430105432594,0,0,0,0,0,0,6.795733892996381,6.77940759665161,6.782653581844114,6.795741651386015,0,0,0,0,0,0,1565.8488440610515
5.773990818722045,-2.4491097397414476,-1.9392250790170775,0.9638797239187089,0.03393419192923532,0.55167910287646,0.36021708239640016,0.751493374300372,0.8826809323945547,-7.1618080574824114,0.9195169985661745,-1.7843253778972514,1.7473142937143167,-0.917277688567099,0,0,0,0,0,0,6.79585411682531,6.78059121288032,6.78672941197778,6.795622786461983,0,0,0,0,0,0,1565.8488440610515
5.783881676232643,-2.4384941926555257,-2.0092774205661343,0.9733516973816406,0.021634138737169784,0.5550557555727272,0.36198120728601435,0.7486084943536571,1.2633481331972771,-7.001540963941711,0.9953298796282979,-1.817876500996124,1.7388478275065402,-0.9170466602924332,0,0,0,0,0,0,6.795989266441529,6.781214532023596,6.789559231582684,6.795443575877694,0,0,0,0,0,0,1565.8488440610515
5.793772533743241,-2.4241290760575662,-2.077693579579843,0.983559937259289,0.009201493013802103,0.558236379005735,0.36378846800591275,0.745617481170334,1.6408197363524737,-6.830962577352345,1.0683782076475266,-1.8616247577908014,1.7314921826267877,-0.9167597078485884,0,0,0,0,0,0,6.79613098126344,6.781479457781243,6.791552900593967,6.795201410413918,0,0,0,0,0,0,1565.8488440610515
5.803663391253839,-2.4060475189302464,-2.144371577933378,0.9944766214958074,-0.003396826931346297,0.5612050255723183,0.36566436366624955,0.742513941945691,2.014784843574984,-6.650070409385305,1.1385675457142725,-1.9138179382974891,1.7249105475886664,-0.9164349737036973,0,0,0,0,0,0,6.796268568189768,6.7816145808230806,6.792973335744612,6.794899641870977,0,0,0,0,0,0,1565.8488440610515
5.813554248764437,-2.3842858818917567,-2.209209327390875,1.0060730256013934,-0.016189921157690412,0.563945209058815,0.36763186177961227,0.739290539528928,2.3848941060992663,-6.458848573782617,1.2058067399025407,-1.9754873278939589,1.718645939873853,-0.916071541130033,0,0,0,0,0,0,6.796139803329134,6.780169073593282,6.7935182246277215,6.794180031690667,0,0,0,0,0,0,1565.8488440610515
5.822297742797994,-2.3620161636186228,-2.264911460568894,1.016866531160407,-0.02769624110165466,0.5661549234062159,0.36947569733979535,0.7363349984939008,2.708532341094926,-6.281190689614416,1.2627151453045558,-2.045699364482333,1.7125780310337182,-0.91567110100991,0,0,0,0,0,0,6.7958558778821265,6.7755836309359605,6.793569210626835,6.793045453167194,0,0,0,0,0,0,1565.8488440610515
5.83104123683155,-2.336932398161248,-2.319024724310604,1.0281470576902263,-0.039447849450598,0.5681260426225319,0.37146658492023954,0.7332729663334647,3.0285332872558377,-6.095393662260155,1.317206196511946,-2.138202303458558,1.70540410021459,-0.9151482262357141,0,0,0,0,0,0,6.795772669685321,6.770769563256188,6.793855744973192,6.7920918899996146,0,0,0,0,0,0,1565.8488440610515
5.839784730865106,-2.309067811946637,-2.371477524267208,1.0398934282330075,-0.05151485299210388,0.5698116232194282,0.37366186107477445,0.7300943415363376,3.3445583352530437,-5.901353191135917,1.369273434282694,-2.2559248891450605,1.696930731341168,-0.9144856177159933,0,0,0,0,0,0,6.795666141652326,6.76503072932761,6.79407343042449,6.790949361038634,0,0,0,0,0,0,1565.8488440610515
5.848528224898662,-2.2784589195921723,-2.422197177297859,1.05208449746292,-0.06397755652305123,0.571156137402166,0.3761275253749834,0.7267844409620152,3.6561949751605294,-5.698922048289548,1.4189320633474973,-2.4029685232126066,1.686900939760986,-0.9136623083460385,0,0,0,0,0,0,6.795535380013131,6.75834711888613,6.7942320307356265,6.789581640584612,0,0,0,0,0,0,1565.8488440610515
5.8572717189322185,-2.2451461747577914,-2.4711094823536137,1.0646993700403824,-0.07692772243745247,0.5720939794204856,0.3789392306206804,0.7233226553399432,3.9629522759627833,-5.487899320531251,1.4662242179860434,-2.583569819371318,1.675078077677885,-0.9126586026308214,0,0,0,0,0,0,6.795379680024421,6.75076287875952,6.794339407384548,6.787947324293781,0,0,0,0,0,0,1565.8488440610515
5.866015212965775,-2.2091747224392027,-2.5181382287260545,1.077717638371165,-0.09046822304723,0.5725487184203136,0.38218187226784905,0.7196808196442187,4.264245305873253,-5.268025603634373,1.5112192478997097,-2.801896293371174,1.6612648607408302,-0.9114579384464871,0,0,0,0,0,0,6.795198508815447,6.74236765844511,6.794401607384539,6.78600221117182,0,0,0,0,0,0,1565.8488440610515
5.874758706999331,-2.1705952966704265,-2.5632046723120863,1.0911196156709781,-0.10471210902360507,0.5724324334515889,0.38594857782005626,0.7158213315033278,4.55937740448593,-5.038980700351049,1.5540122734592643,-3.0619649270531166,1.6453088405320717,-0.9100475022635,0,0,0,0,0,0,6.794991466514337,6.733243175318213,6.794422980809244,6.783705979531264,0,0,0,0,0,0,1565.8488440610515
5.883502201032887,-2.129465283555163,-2.6062270068908475,1.104886547414554,-0.11978155111793501,0.5716447584317448,0.3903394743390104,0.7116949802703674,4.847520039027623,-4.800384937586072,1.594720657544981,-3.3677604137599144,1.627083449653456,-0.9084166051014014,0,0,0,0,0,0,6.79475822288235,6.723392345133161,6.794406247936164,6.781037256425631,0,0,0,0,0,0,1565.8488440610515
5.8922456950664435,-2.0858499720258403,-2.6471198652365304,1.119000782875635,-0.1358071214670778,0.5700711905828878,0.3954606552212723,0.7072383852692083,5.127689975317159,-4.551804741293548,1.6334784438854273,-3.723497164517165,1.606441754704427,-0.9065525598360844,0,0,0,0,0,0,6.794498403176508,6.712691589743698,6.7943524746782975,6.778023078622176,0,0,0,0,0,0,1565.8488440610515
5.9009891891,-2.039824016349305,-2.6857938881475967,1.1334458905285214,-0.15292736332862594,0.5675804640842711,0.4014233593746269,0.7023709311208907,5.398723722207479,-4.292762611984794,1.6704291505574642,-4.133765879042341,1.5831537586288273,-0.9044350520653522,0,0,0,0,0,0,6.794211389648874,6.700918795091567,6.794260920800244,6.774788014116613,0,0,0,0,0,0,1565.8488440610515
5.909732683133556,-1.9914731319048415,-2.7221554000084285,1.1482067049030575,-0.17128745031141254,0.5640215064661067,0.40834240948853756,0.6969912669629471,5.659250000829584,-4.022751585082714,1.7057173389926406,-4.6030753896239505,1.5568580594058348,-0.9020318193233159,0,0,0,0,0,0,6.793895995452802,6.687923091873427,6.794128711776102,6.77161714336313,0,0,0,0,0,0,1565.8488440610515
5.918476177167112,-1.940896031655528,-2.756106232603669,1.163269294766358,-0.19103399359592005,0.5592218422928057,0.41633144135074657,0.690974004819461,5.907662989351787,-3.7412549223920575,1.7394789904494181,-5.134058601894949,1.5270943138643367,-0.8993017081737614,0,0,0,0,0,0,6.79354996386135,6.674038728496817,6.793950259829886,6.768994379295117,0,0,0,0,0,0,1565.8488440610515
5.927219671200668,-1.8882065713200282,-2.787543751666722,1.1786208392779336,-0.21230096513569272,0.5529914752947277,0.4254905767310736,0.6841684716258651,6.142102951655431,-3.4477733513052113,1.7718298365181822,-5.723474186011295,1.4935359027803865,-0.896216016515241,0,0,0,0,0,0,6.793169267910621,6.660833952940168,6.793716329423701,6.7675317180021715,0,0,0,0,0,0,1565.8488440610515
5.935963165234225,-1.8335359912595437,-2.8163611751320268,1.1942493840700699,-0.23518065833854523,0.5451387273023516,0.4358811603885544,0.6764033116099802,6.3604558614229445,-3.141865884020067,1.8028489532243681,-6.355865228982767,1.4565300094917486,-0.892807926478196,0,0,0,0,0,0,6.792747269883115,6.651880181958369,6.793412614388303,6.767722417738779,0,0,0,0,0,0,1565.8488440610515
5.944706659267781,-1.777035026629489,-2.842448359103309,1.2101434118907817,-0.2596784473125751,0.5355035369563486,0.4474864105352234,0.6675020436634423,6.5603857084940165,-2.8232191645136577,1.8325515514032187,-6.998155408486513,1.4177435163440604,-0.8892316610947532,0,0,0,0,0,0,6.79227398709293,6.6520562520096895,6.793017667262088,6.76962741552466,0,0,0,0,0,0,1565.8488440610515
5.953450153301337,-1.718875550983675,-2.8656933973639545,1.2262911012958155,-0.2856675515482097,0.524001751219487,0.46017254281497844,0.6573107678644544,6.739408854996205,-2.4917677911721903,1.8608440663360917,-7.603571981700887,1.3801384265847838,-0.8857605655162177,0,0,0,0,0,0,6.791736004982348,6.6638458427683505,6.792499958909963,6.772787176523353,0,0,0,0,0,0,1565.8488440610515
5.962193647334893,-1.6592513695934128,-2.88598548886013,1.2426791347362398,-0.31288001852284214,0.5106535762450986,0.4736829719022849,0.6457270795057743,6.895014255162625,-2.1478580283871196,1.8874692226652396,-8.129058225867162,1.3467255995893554,-0.8826739203971955,0,0,0,0,0,0,6.79111791436511,6.683928973128493,6.79181365188049,6.776481187675428,0,0,0,0,0,0,1565.8488440610515
5.9709371413684496,-1.5983777913958406,-2.9032191639598777,1.2592910939234205,-0.3409548492492685,0.49557052871152985,0.487684019569296,0.6327115763937925,7.024821205650604,-1.7923764729649898,1.9119732360598891,-8.553185166194803,1.319066088151799,-0.880121207200269,0,0,0,0,0,0,6.790406466181886,6.705713965593779,6.790892271831731,6.780083407850622,0,0,0,0,0,0,1565.8488440610515
5.979680635402006,-1.536489793092139,-2.917299154742084,1.2761057714559252,-0.36951303101143196,0.47891165827481325,0.5018339900565997,0.6182769524291568,7.126734984028875,-1.426760898748645,1.933720860174156,-8.87819651655926,1.2969573039107107,-0.8780954134892152,0,0,0,0,0,0,6.7895989360454125,6.72443063371716,6.7896389753463655,6.783234071765972,0,0,0,0,0,0,1565.8488440610515
5.988424129435562,-1.4738390198184097,-2.928144855340743,1.293095789808006,-0.3982118983435997,0.4608429937179229,0.5158323032716273,0.6024683012907628,7.199049595551819,-1.052907131255493,1.9519455281071465,-9.119118491975746,1.2791764617808332,-0.8765042851061153,0,0,0,0,0,0,6.788716970765132,6.7385385394498565,6.787911831555164,6.785813188864426,0,0,0,0,0,0,1565.8488440610515
5.997167623469118,-1.4106901797961031,-2.9356937872519744,1.310226700047102,-0.4267640042580299,0.44151759310155353,0.5294358351900189,0.5853480982014979,7.240485200591938,-0.6730463244002928,1.965804751344506,-9.293041112344863,1.2642388949848684,-0.8752449891791363,0,0,0,0,0,0,6.787824305250583,6.74835105219625,6.785502840245941,6.787842432589884,0,0,0,0,0,0,1565.8488440610515
6.0059111175026745,-1.3473173125712414,-2.9399040504407266,1.3274565241591374,-0.4549334238048663,0.42107204158109307,0.542454912182654,0.5669890509990658,7.250184975524133,-0.28963906878355855,1.9744252924354138,-9.413991130323595,1.250718813652834,-0.8742411833613436,0,0,0,0,0,0,6.78703788793624,6.754697822270813,6.782110764918524,6.789403167832049,0,0,0,0,0,0,1565.8488440610515
6.014654611536231,-1.284000161052801,-2.9407559550566185,1.3447356426267218,-0.48252434548861955,0.39963035100240807,0.554742879173193,0.5474725349961473,7.227698058243289,0.09470690229410739,1.9769374673097309,-9.491669893490064,1.237260135493122,-0.8734533850244794,0,0,0,0,0,0,6.786510024661648,6.758337645935313,6.777309415965696,6.7905907930469915,0,0,0,0,0,0,1565.8488440610515
6.023398105569787,-1.2210206997195143,-2.938253011576815,1.3620069480223105,-0.5093691116110564,0.37731024442786915,0.566185952398582,0.5268904581531683,7.172962313179256,0.47730247929771297,1.9725023117508693,-9.531416427794317,1.2224793896728265,-0.8728792479974579,0,0,0,0,0,0,6.78636634369248,6.759828815377292,6.7705072839114795,6.791495413479207,0,0,0,0,0,0,1565.8488440610515
6.032141599603343,-1.1586597938762477,-2.9324223904746387,1.3792062178185496,-0.5353171758006715,0.354231042898031,0.5766948678983883,0.5053502932420507,7.086292184971895,0.8554338373025245,1.9603350564097755,-9.533878118561402,1.2048605371323635,-0.8725528000772386,0,0,0,0,0,0,6.786632660175025,6.759574633361253,6.760862567995241,6.79219509791009,0,0,0,0,0,0,1565.8488440610515
6.040885093636899,-1.0971939313563581,-2.9233149036861894,1.396262686580527,-0.560224048293589,0.3305248489179656,0.5861978448803908,0.48298491344852995,6.9683748740713485,1.226416176662491,1.9397277184924062,-9.493678967275402,1.1826348602890393,-0.872549232416959,0,0,0,0,0,0,6.787222055979227,6.7579049630844485,6.7470560906690675,6.792752717635809,0,0,0,0,0,0,1565.8488440610515
6.049628587670456,-1.036891935055991,-2.911004506272289,1.4130998222992162,-0.5839385591915319,0.3063541311991832,0.5946342189914676,0.4599707066661081,6.820279561956933,1.587650951715523,1.9100737852311718,-9.396615847839538,1.1535568854802583,-0.8730029562717041,0,0,0,0,0,0,6.787997625798098,6.755112711886418,6.726824393513769,6.793213557849512,0,0,0,0,0,0,1565.8488440610515
6.058372081704012,-0.9780115127826179,-2.8955872470424713,1.4296363432080568,-0.6062867765748166,0.2819397456158346,0.6019488493213082,0.43655916803263933,6.643486614320767,1.936697052266567,1.8708994915025865,-9.215244792922247,1.1144916772967253,-0.8741424578856501,0,0,0,0,0,0,6.788842952942287,6.751401706689997,6.696448020446083,6.793605516641018,0,0,0,0,0,0,1565.8488440610515
6.067115575737568,-0.9207954524201885,-2.877179451745111,1.4457875632703667,-0.6270535517618366,0.2576013688736271,0.6080894609654562,0.4131253870679462,6.439938204678584,2.2713808889354152,1.8219090727000253,-8.90530185300917,1.0609968949778679,-0.8763213245902729,0,0,0,0,0,0,6.789685985473768,6.746803225550743,6.6514670229077515,6.793943650899672,0,0,0,0,0,0,1565.8488440610515
6.075859069771124,-0.8654673832721864,-2.855914587029275,1.4614672237110682,-0.6459746670435481,0.23379608810059613,0.6130139766925933,0.3902178662060059,6.212074418718083,2.5899983997166443,1.763050803818818,-8.414698902138701,0.9879687853229119,-0.8799503975018853,0,0,0,0,0,0,6.790486890563734,6.741213605474456,6.592383105137061,6.794237025272986,0,0,0,0,0,0,1565.8488440610515
6.084602563804681,-0.812227670068679,-2.8319377855056005,1.476589956454355,-0.6627781542046838,0.21109511655061158,0.6167201345074619,0.36853798416257477,5.962738681516154,2.89164682323167,1.694589061807188,-7.7264698975660275,0.8933224517190191,-0.8851617660012321,0,0,0,0,0,0,6.791221922034589,6.734654802800169,6.536747313118392,6.794493827088825,0,0,0,0,0,0,1565.8488440610515
6.093346057838237,-0.7612510880952998,-2.805397486214888,1.4910741745678124,-0.6773084031709484,0.190015322985246,0.6192944176574811,0.34874335589816496,5.69487266417938,3.1764910789073597,1.6171159029502256,-6.913719335883114,0.7829444507865464,-0.8913776306491986,0,0,0,0,0,0,6.791877041020942,6.727700583953561,6.513957594344546,6.794722763437092,0,0,0,0,0,0,1565.8488440610515
6.102089551871793,-0.7126875032415659,-2.776436565598679,1.5048445348437893,-0.6896497607855324,0.170780883429789,0.6209299162735852,0.33115424862120857,5.411206020548265,3.4455513987725115,1.531441425270094,-6.112472927581731,0.6688235762624264,-0.8975246376445954,0,0,0,0,0,0,6.792447492331624,6.721789145357718,6.529006636482967,6.794931809861151,0,0,0,0,0,0,1565.8488440610515
6.110833045905349,-0.6666643316314639,-2.7451874086254255,1.5178331009637673,-0.7000925765910201,0.1532774797023257,0.6218703122848122,0.315679763553257,5.114147357658817,3.7001098860074744,1.4384259675561402,-5.421428533255729,0.5608883423949128,-0.9028228886472237,0,0,0,0,0,0,6.792936733579554,6.718922720373294,6.561169835225013,6.795126741057475,0,0,0,0,0,0,1565.8488440610515
6.1195765399389055,-0.6232894040604066,-2.711771669052914,1.529979229211995,-0.7089840055860586,0.13722602688118576,0.622333135380751,0.302013519526388,4.805757696692077,3.941310515865144,1.3388653428212536,-4.859643244597983,0.4633634349889488,-0.907119022682704,0,0,0,0,0,0,6.793353124982544,6.720559279197467,6.593691977105215,6.795310936926426,0,0,0,0,0,0,1565.8488440610515
6.128320033972462,-0.582654111896009,-2.6763018979257103,1.5412287984740252,-0.7166204204356508,0.12235687342541697,0.6224750983361869,0.28984257881053666,4.487735579141055,4.170096389174047,1.2334535013833123,-4.399616442016635,0.376898856359201,-0.910626174296025,0,0,0,0,0,0,6.793706381259019,6.726559648823746,6.620702309658393,6.795486175069651,0,0,0,0,0,0,1565.8488440610515
6.137063528006018,-0.5448364124361215,-2.638883060827611,1.551533334187745,-0.7232193596037039,0.10848223276818353,0.6223965352515067,0.2789407033312958,4.161468692697984,4.387269971265535,1.1227911309882705,-4.004467539548844,0.30075438666765625,-0.9136316289677376,0,0,0,0,0,0,6.794005389221301,6.735345817426417,6.641517076929244,6.7956534981131576,0,0,0,0,0,0,1565.8488440610515
6.145807022039574,-0.5099031697076045,-2.5996134587140323,1.5608492972125594,-0.7289315731645458,0.09549786026232458,0.6221596157539191,0.26917714028890694,3.8281210258359875,4.593563765648497,1.0074108807605726,-3.644254869035422,0.23360992444965584,-0.9163684552099414,0,0,0,0,0,0,6.79425749469245,6.74499984998103,6.656876446882606,6.795813677479502,0,0,0,0,0,0,1565.8488440610515
6.15455051607313,-0.4779117833979893,-2.5585850704114934,1.5691376026948216,-0.7338609925076264,0.08336045499400181,0.6218053136038703,0.26049420376067367,3.4887025739090927,4.789700053110028,0.8878028080940731,-3.298845214651184,0.17387429668275176,-0.9189928898188584,0,0,0,0,0,0,6.794468725717826,6.754124399380507,6.667754703873607,6.795967262279816,0,0,0,0,0,0,1565.8488440610515
6.163294010106687,-0.4489113427793329,-2.5158834403065176,1.5763633388070053,-0.7380809268437964,0.07206445188728552,0.6213646961274155,0.2528817403650807,3.1441087973170476,4.976434196492284,0.7644341751463841,-2.9561700295667808,0.11994469841531016,-0.921598031878414,0,0,0,0,0,0,6.794644460288436,6.762021446528666,6.675216903856234,6.796114379869177,0,0,0,0,0,0,1565.8488440610515
6.172037504140243,-0.42294354096700726,-2.4715872626845985,1.5824956307002664,-0.7416455416273668,0.06162367411732089,0.6208649835221928,0.2463556080313972,2.79513751484536,5.154580710786138,0.6377628363481026,-2.610708196069834,0.07047942080230286,-0.9242258097003453,0,0,0,0,0,0,6.794790268538928,6.76849655681366,6.680659673785868,6.796254451553374,0,0,0,0,0,0,1565.8488440610515
6.180780998173799,-0.40004351212950556,-2.4257678099478426,1.587507592781588,-0.7445993178329324,0.05205448566604339,0.6203319335321259,0.2409366693657682,2.442490358048426,5.325022808584853,0.5082438499573749,-2.2640571312679643,0.024704027052996298,-0.9268625886563806,0,0,0,0,0,0,6.794912815286578,6.773619443354829,6.686206410647184,6.79638593411358,0,0,0,0,0,0,1565.8488440610515
6.189524492207355,-0.3802407072823689,-2.3784883616979493,1.5913763026289056,-0.7469874784664203,0.04335498172684929,0.6197896074001416,0.23662395299847008,2.0867633815078963,5.488701465045638,0.3763273938571934,-1.927206461346329,-0.017271467225706202,-0.9294214519177788,0,0,0,0,0,0,6.795020726769762,6.777560347312982,6.694781996654798,6.796506151134913,0,0,0,0,0,0,1565.8488440610515
6.198267986240912,-0.363559863370804,-2.3298038595586026,1.5940827097117745,-0.7488678380443532,0.03547957411182698,0.6192580820830794,0.23336149797772116,1.728438303071055,5.646572752670249,0.2424459145941913,-1.6208880775868955,-0.054385962318046134,-0.93173965799783,0,0,0,0,0,0,6.795125198135053,6.780501905453962,6.708795851285188,6.796611242656103,0,0,0,0,0,0,1565.8488440610515
6.207011480274468,-0.3500219747263612,-2.2797611047278967,1.5956113882707936,-0.7503187219337583,0.028321190381963852,0.6187502840429423,0.23101474344253092,1.3678945236454065,5.7995271269661215,0.10699237982036855,-1.3685065353236328,-0.08524356170096273,-0.9336344656856312,0,0,0,0,0,0,6.795239907529456,6.782597322062787,6.727514499394342,6.796696215176942,0,0,0,0,0,0,1565.8488440610515
6.215754974308024,-0.33964505167618275,-2.2283997460737566,1.5959500879684942,-0.751433020232748,0.021724236766970082,0.618270466103289,0.22938636486331346,1.0054420445919172,5.948297932257542,-0.029702516984640066,-1.1797909201145025,-0.10939324222952194,-0.9350349405250952,0,0,0,0,0,0,6.795733225461197,6.784770279882827,6.745579446764985,6.797008789999962,0,0,0,0,0,0,1565.8488440610515
6.226119110041317,-0.331459340187133,-2.16585736885135,1.5947972207288028,-0.7524154732062435,0.014459003218121099,0.617739126677193,0.2281671849277679,0.5738945475118461,6.11988832412654,-0.19295805537482166,-0.988288537048416,-0.13503639930568803,-0.9364534959431513,0,0,0,0,0,0,6.796036003684156,6.78392918309212,6.74248353001501,6.797169518097307,0,0,0,0,0,0,1565.8488440610515
6.23648324577461,-0.3277543389741801,-2.1015606449226834,1.5919471930199893,-0.753039645617824,0.007788449888113201,0.617265573408161,0.2277143914231526,0.14086256104728573,6.286966721646304,-0.35713885562390585,-0.7828063978739377,-0.16400329529781144,-0.9379899306193794,0,0,0,0,0,0,6.795989495158374,6.779700449378393,6.734228724404974,6.797046684205772,0,0,0,0,0,0,1565.8488440610515
6.246847381507903,-0.32854331443743284,-2.0355521812410786,1.587392644001478,-0.7532846362512347,0.001746352438970839,0.61687883228134,0.22807830524671696,-0.2932736864871095,6.450351405994338,-0.5218107013443313,-0.5726439773014459,-0.1977893724210523,-0.9395692551159965,0,0,0,0,0,0,6.7959354949187745,6.77272272181252,6.72908035089223,6.796902151026221,0,0,0,0,0,0,1565.8488440610515
6.257211517241196,-0.33383607173016505,-1.967865846671504,1.5811308914022757,-0.7531475984172351,-0.0036965743174141217,0.6166100823193181,0.22923140430322994,-0.7281879043171169,6.610881795690002,-0.6865021863973807,-0.3800639178551019,-0.23745915411067692,-0.9410164186443258,0,0,0,0,0,0,6.795853308067952,6.760951524157245,6.722936381800241,6.796742843286789,0,0,0,0,0,0,1565.8488440610515
6.2675756529744895,-0.3436387035794941,-1.8985273862343142,1.5731643061871847,-0.75263750212165,-0.008632369077547717,0.6164970259034167,0.23107074599878363,-1.1634872965501015,6.769268854153528,-0.8507125489465656,-0.2219618907338722,-0.2869774186943581,-0.9421968923541163,0,0,0,0,0,0,6.795728159535,6.740258663526084,6.711445200385196,6.7965727853812234,0,0,0,0,0,0,1565.8488440610515
6.277939788707783,-0.35795270191782713,-1.8275562953504405,1.563500569198208,-0.7517635857335313,-0.013217856791084866,0.6165967550664112,0.23342073829993348,-1.598664345237617,6.925986190577755,-1.0139173324855109,-0.11953920121796828,-0.3548911419773628,-0.9429411619277257,0,0,0,0,0,0,6.795548688433327,6.702278266804855,6.688362007806211,6.796392390628846,0,0,0,0,0,0,1565.8488440610515
6.288303924441076,-0.3767731455636227,-1.7549690775728115,1.5521529797218803,-0.7505236463177453,-0.017701985732731282,0.6170094991185078,0.23600884308975018,-2.032954177751292,7.081103031706882,-1.1755504171220998,-0.09827313482629885,-0.45856818747817435,-0.9430453861183923,0,0,0,0,0,0,6.7953044194650305,6.6322236660104785,6.638651698854585,6.796197882932583,0,0,0,0,0,0,1565.8488440610515
6.298668060174369,-0.40008450520542593,-1.6807847178178543,1.5391411798327295,-0.7488197165672226,-0.022328671823639422,0.6179306898102378,0.23860453701767811,-2.464985388550291,7.23405630457918,-1.334917928301909,-0.07284857690357617,-0.6335561270472982,-0.9431767233763879,0,0,0,0,0,0,6.794983106763386,6.523122773405361,6.507556295685138,6.795981057191812,0,0,0,0,0,0,1565.8488440610515
6.309032195907662,-0.42784559946798056,-1.605032940245298,1.524494770565195,-0.7457494028351201,-0.025895503698090735,0.6198505032902787,0.24284275700558194,-2.890419695570706,7.3835234470332525,-1.4904808271127974,1.1186136614846043,-0.9872074471724267,-0.9524703359630088,0,0,0,0,0,0,6.794569872687112,6.434631006070057,5.935671909504765,6.795727734106726,0,0,0,0,0,0,1565.8488440610515
6.319396331640955,-0.4599421092579935,-1.5277461112421709,1.5082740709730973,-0.7373996683030112,-0.021419489942894835,0.6240457808157795,0.2575845455053921,-3.299371239673034,7.531412113327553,-1.6373203980357496,5.819016116163659,-1.7291297094548521,-0.9893586595460155,0,0,0,0,0,0,6.794066149631186,6.305861149721626,4.768982483450344,6.795399977787214,0,0,0,0,0,0,1565.8488440610515
6.329760467374248,-0.49618638625742834,-1.4488624692874843,1.4906197413574618,-0.7183891097236508,-0.0015304244287821663,0.6314524274576562,0.2918605432211788,-3.693983421144314,7.695549899500498,-1.7657034067511008,9.570005178288344,-2.674284449168469,-1.0187957538370043,0,0,0,0,0,0,6.793426410780131,5.71634304300639,5.62945807896787,6.794956213632002,0,0,0,0,0,0,1565.8488440610515
6.340124603107541,-0.5364386299828144,-1.3681383300681749,1.4717730193890806,-0.6921572751622374,0.021623905952231546,0.6410087009963137,0.330996311729262,-4.067799506233006,7.8850936674127245,-1.866097444428712,9.854145584693821,-3.8265392045638853,-1.0209721458672416,0,0,0,0,0,0,6.7924962466018215,5.031396209754667,4.99844516294344,6.794376628328167,0,0,0,0,0,0,1565.8488440610515
6.350488738840834,-0.5803684557198767,-1.2853735484663757,1.4520465313586126,-0.6587331537886221,0.04276962754446775,0.6537618415633918,0.3699146463375649,-4.402240727073162,8.087347492444616,-1.9352672693364543,9.918928426646804,-5.596614232032533,-1.0214214300771713,0,0,0,0,0,0,6.791134003209637,4.11142500626966,4.120555429892906,6.793568627666469,0,0,0,0,0,0,1565.8488440610515
6.360852874574127,-0.6275874970356874,-1.2004611794420192,1.4317801427210102,-0.6161895493474611,0.06000673104918908,0.6709796250712936,0.40803918223983027,-4.707026624447114,8.301372477651077,-1.968859694974054,9.949469248499323,-7.67650666347129,-1.021587895332183,0,0,0,0,0,0,6.788992002197251,4.24065453888757,4.2240507918230215,6.7923890113772805,0,0,0,0,0,0,1565.8488440610515
6.37121701030742,-0.677934998529286,-1.1132032312455922,1.4114117708412885,-0.5645150409540185,0.07325966078282431,0.6912408116904439,0.4451313636357302,-5.010919157300092,8.54364182144518,-1.9511850033983995,9.964491204088974,-9.108206547196215,-1.0215664724277684,0,0,0,0,0,0,6.785220157425992,5.7336844591807425,5.752421174727345,6.790548344378202,0,0,0,0,0,0,1565.8488440610515
6.3815811460407135,-0.7314466337032067,-1.0232720258771337,1.3915594443896915,-0.506761961785041,0.08396926808973666,0.710915887617722,0.4803541160820392,-5.312420462515109,8.813207741566014,-1.8693004517822447,9.973922318460396,-9.667475101248742,-1.021270632036466,0,0,0,0,0,0,6.777126676541847,6.423526123799429,6.416224072260306,6.787409534907335,0,0,0,0,0,0,1565.8488440610515
6.391945281774007,-0.7879567434612593,-0.930499089096634,1.372872651764144,-0.44501327680689073,0.09349766900488339,0.727826106210749,0.5133132849190117,-5.586386442627397,9.089068933954238,-1.727496340434682,9.978995274480623,-9.873732267177877,-1.0200975916720036,0,0,0,0,0,0,6.752295438990011,6.588361894409704,6.632441945046964,6.78108024052485,0,0,0,0,0,0,1565.8488440610515
6.4023094175073,-0.8470960667106389,-0.834902161890508,1.3559270820040275,-0.38043626948122056,0.10209642303964953,0.7412152891561269,0.543548029512499,-5.818009304627035,9.356058866979504,-1.5350380370704155,9.982286019876225,-9.95696811393461,-1.0116744917814686,0,0,0,0,0,0,6.554330163091043,6.509990489924412,6.703008028854666,6.764160668557975,0,0,0,0,0,0,1565.8488440610515
6.412673553240593,-0.9082359550214206,-0.736828821951548,1.3409256373415206,-0.31350819877378766,0.11027733499060427,0.7509705041399233,0.5706091662432482,-5.959575957699788,9.547281180571561,-1.381311818215885,9.984071003461692,-9.978361739627633,-0.7705017957226115,0,0,0,0,0,0,0.2565941046165445,0.24794982314869302,6.708749967428026,6.701438588486531,0,0,0,0,0,0,1565.8488440610515
6.423037688973886,-0.9703795627076051,-0.6372574692266332,1.3270710428502308,-0.24471186902789466,0.11837613638567751,0.7578892335329594,0.5930489871723053,-6.027491093591159,9.664373448406435,-1.290769147122443,9.985474544351934,-9.979852514261324,-0.30265971537693054,0,0,0,0,0,0,0.10378224140615931,0.10925381731399293,6.551092243440402,6.562233098579193,0,0,0,0,0,0,1565.8488440610515
6.433401824707179,-1.0330381794704535,-0.5366586700830593,1.3140063586522805,-0.17426468768267897,0.12648392294808433,0.7620304727001398,0.6106907519677395,-6.056922575538224,9.737134954361897,-1.2481645970444655,9.985393664952381,-9.978556214967542,0.028787564979122035,0,0,0,0,0,0,0.08045074599101706,0.07828319230810664,2.779362950007465,2.7648932457878748,0,0,0,0,0,0,1565.8488440610515
6.443765960440472,-1.0958423329526161,-0.43559584381805533,1.3008903890133632,-0.10283458471473396,0.1340274629297972,0.7627830302213243,0.6241984749849394,-6.060731131631471,9.759817856535946,-1.294363717987201,9.986145355467352,-9.978782831476876,0.14356489231961117,0,0,0,0,0,0,0.0735334923879957,0.0752425496035578,0.5438251638743875,0.5590704030753469,0,0,0,0,0,0,1565.8488440610515
6.454130096173765,-1.1586477421421781,-0.33439666111492317,1.2870964672246588,-0.030714864663934565,0.1409921251604853,0.7596622609993393,0.6341065107257441,-6.058037265644307,9.769679826536589,-1.3634293583881463,9.985682645080058,-9.978540727835767,0.2036046264241372,0,0,0,0,0,0,0.08483144915764204,0.08354436626457164,1.275922756702623,1.260039702035229,0,0,0,0,0,0,1565.8488440610515
6.464494231907058,-1.2213322189981923,-0.23302162423791972,1.2729714848232139,0.04157681317468555,0.1471149254640134,0.752955630346003,0.6400674855374304,-6.029864680041718,9.797414881604986,-1.333517354399801,9.986089576431771,-9.97774998279404,0.4768523355020704,0,0,0,0,0,0,0.12404616870335669,0.12725324482757763,6.473268084890948,6.487379901544483,0,0,0,0,0,0,1565.8488440610515
6.474858367640351,-1.283472659294774,-0.13131063584387745,1.2597784423044762,0.11403875736527713,0.15245298774141108,0.7435078586342285,0.6410532836640372,-5.955924660968942,9.827027887283032,-1.2100247246849931,9.984755882696355,-9.977024710217723,0.9301672732136271,0,0,0,0,0,0,0.5427057547777947,0.5406725413738296,6.697481879025207,6.681554635624259,0,0,0,0,0,0,1565.8488440610515
6.485222503373644,-1.344528235485634,-0.029382851946188695,1.2482247561911202,0.18602337205164973,0.15671324097441927,0.7313485500372028,0.6371542697905336,-5.80511077232889,9.838358207617164,-0.9904176310075918,9.983651080699582,-9.931671343543705,1.1560903098767783,0,0,0,0,0,0,6.570261588393495,6.685657720162724,6.76296605018365,6.664954604204743,0,0,0,0,0,0,1565.8488440610515
6.4955866391069375,-1.4034881758687423,0.07249556215117191,1.2394879089034978,0.25680961585489837,0.16047382241244199,0.7156084743791495,0.6294453788229332,-5.565273934830337,9.814891830472298,-0.7008314113258638,9.980350085422632,-9.784288663898204,1.159195097094937,0,0,0,0,0,0,6.51134469991697,6.765606144941803,6.780293237816018,6.507112907327089,0,0,0,0,0,0,1565.8488440610515
6.5059507748402305,-1.4597627069506498,0.17393515800076012,1.2335517111277705,0.32516405786301816,0.1641347242779467,0.6964997353441914,0.618236400113848,-5.289697203024507,9.754713908982412,-0.45331549099746143,9.976574910694627,-9.344509176583124,1.159697594608508,0,0,0,0,0,0,5.92995263178372,6.781223202745844,6.786725135236677,5.952636279776048,0,0,0,0,0,0,1565.8488440610515
6.516314910573524,-1.5131432432456005,0.27461788587358493,1.2298206001876457,0.3885766930683878,0.17007204315795335,0.6755547118789832,0.6030833151383143,-5.017080026623505,9.673317575908106,-0.2833920192865762,9.968782957222937,-7.612994288250803,1.1597612133707014,0,0,0,0,0,0,3.2823311286671024,6.7870763156072,6.79000295677772,3.2646068509525024,0,0,0,0,0,0,1565.8488440610515
6.526679046306817,-1.5637880835703797,0.3744170206493577,1.2274501347299969,0.44169318761511733,0.1827781199424972,0.6567318632033237,0.5832688460205756,-4.7525188388037485,9.58319926919121,-0.17979646721586368,9.961751760987712,-4.8028363296486285,1.1597501447218803,0,0,0,0,0,0,3.2236190180303868,6.790058420959731,6.791915091787603,3.243012807593638,0,0,0,0,0,0,1565.8488440610515
6.53704318204011,-1.6114584103221967,0.4731939482041405,1.2260542571691841,0.48493199897910216,0.20243148919744686,0.641296553979349,0.5591074837646588,-4.430725611697478,9.473315626063467,-0.08840933582108959,9.940465139240475,-3.007002037777373,1.1596197676334938,0,0,0,0,0,0,5.843254946014056,6.791826641731163,6.793136915196667,5.817758291441782,0,0,0,0,0,0,1565.8488440610515
6.547407317773403,-1.6553922846642883,0.570730721737194,1.2255666950273152,0.5231529954311163,0.2242895156305176,0.6265513695746764,0.532389460671204,-4.040693374424258,9.348104302600289,-0.011361208059566964,9.911627951041318,-2.4954581986629893,1.1594199323758154,0,0,0,0,0,0,6.460777923509485,6.792976909174091,6.793958649268017,6.47603318303442,0,0,0,0,0,0,1565.8488440610515
6.557771453506696,-1.6951078259401833,0.6669679943001716,1.2256834994994028,0.5586622874296664,0.24620054157793755,0.6109729224535668,0.5039780054319148,-3.6197604076228362,9.223902648384104,0.026715327529876192,9.677667494232256,-2.2968994489755024,1.1575996376416144,0,0,0,0,0,0,6.677368586805782,6.793673806169325,6.79459405136286,6.562534077350897,0,0,0,0,0,0,1565.8488440610515
6.568135589239989,-1.7303911682868258,0.7619562384765397,1.2259624132256866,0.5888484106803045,0.26417770901178816,0.5960579763636489,0.47768459899167154,-3.1897498259027466,9.107955764321948,0.020186366506882724,6.716833845393831,-1.9776853863473178,1.1343500161385989,0,0,0,0,0,0,6.749250738823862,6.793965600291108,6.795170776969621,5.5822300302936405,0,0,0,0,0,0,1565.8488440610515
6.578499724973282,-1.7612137610218168,0.8557788183844811,1.2259897023385553,0.6064396494886035,0.2698272550809941,0.5872611633189624,0.4631938363156996,-2.7562284945457707,8.997198790275123,-0.018466469947418143,2.3621121667904346,-1.5733553686036186,1.100172853433445,0,0,0,0,0,0,6.765696107774662,6.7942510948441015,6.7955276120652135,6.046766482034993,0,0,0,0,0,0,1565.8488440610515
6.588863860706575,-1.7874880183963573,0.9484386301974684,1.2255377400119845,0.61510999410374,0.26636534846276777,0.5836510298594827,0.4583019437401182,-2.3123322143180274,8.882685456024733,-0.070067904708919,0.3665205694173998,-1.3815418462116147,1.084563783876313,0,0,0,0,0,0,6.773047745853936,6.7945377384644114,6.795753142704461,6.629071599281123,0,0,0,0,0,0,1565.8488440610515
6.599227996439868,-1.8091276155182927,1.0398792026982633,1.2245231974595272,0.620888331693565,0.25998420322676186,0.58176103066653,0.45657419642063,-1.863450049759282,8.761929436078482,-0.12629759322107026,-0.11439405455640206,-1.3250769995838758,1.0808673248952467,0,0,0,0,0,0,6.778410736691557,6.794759979532715,6.795929827892173,6.7162115513006615,0,0,0,0,0,0,1565.8488440610515
6.609592132173161,-1.8261150672339816,1.1300374702637883,1.2229110664894454,0.6256908904891727,0.2526759706481794,0.58040844320503,0.455841861254734,-1.4148238661732477,8.635185481485433,-0.1851480842422551,-0.3501607239808019,-1.2934521923182647,1.0790989549386012,0,0,0,0,0,0,6.782762897129649,6.794900682719426,6.796089267255502,6.745068179342347,0,0,0,0,0,0,1565.8488440610515
6.6199562679064545,-1.8384585948894934,1.2188502339002423,1.2206798443338935,0.6299120259416536,0.24483983887346905,0.5793415966849099,0.45566172455569964,-0.9673862779249809,8.502247431304303,-0.24563525823593071,-0.5077571578135286,-1.27160046809202,1.0779501621351286,0,0,0,0,0,0,6.7862491732459285,6.794958116186081,6.796245273079269,6.758065897701423,0,0,0,0,0,0,1565.8488440610515
6.630320403639748,-1.8461728918133646,1.3062523221264377,1.2178160341797188,0.6336923914987668,0.2366114336893785,0.5784652780428436,0.4558803620500076,-0.5215616266386751,8.362933544767486,-0.30712939033493153,-0.6345530901079595,-1.254848780473183,1.0770540301326244,0,0,0,0,0,0,6.788950006543391,6.794936236965826,6.7964020476723865,6.764889273161127,0,0,0,0,0,0,1565.8488440610515
6.640684539373041,-1.8492762553187498,1.3921767852589788,1.2143117928576301,0.6370908524223036,0.2280434863299211,0.5777343688032889,0.45643664752710567,-0.0776437797375758,8.217077828708797,-0.3691469026205913,-0.7483553967925913,-1.24114690079214,1.076275895475427,0,0,0,0,0,0,6.790987125866696,6.794842997227081,6.7965576281448135,6.76886613389469,0,0,0,0,0,0,1565.8488440610515
6.651048675106334,-1.8477897624257775,1.4765549715405168,1.210163897741361,0.6401334229633537,0.21915704452249177,0.5771234446070953,0.4573050626509922,0.36411777847505056,8.06451575999357,-0.43127099767270305,-0.8561874850765376,-1.2294665677155565,1.0755648169498686,0,0,0,0,0,0,6.792495489751433,6.794693513788337,6.796706048295685,6.771570581236798,0,0,0,0,0,0,1565.8488440610515
6.661412810839627,-1.8417369749334065,1.5593165022372568,1.2053732471606613,0.6428337892250412,0.20996266345177364,0.5766142660539414,0.4584717958281482,0.803490612334888,7.905078068573515,-0.49312018877122743,-0.9595475159269936,-1.219338624670234,1.074911188364512,0,0,0,0,0,0,6.793593637598301,6.7945170925971885,6.7968388822868295,6.77401921389957,0,0,0,0,0,0,1565.8488440610515
6.67177694657292,-1.831143929227843,1.6403892628294567,1.199944538218845,0.6452004114275731,0.20046754507866754,0.5761915120944647,0.45992666138648375,1.2402177800020997,7.738602875407358,-0.5543420690110973,-1.0619431506777814,-1.2101584640233634,1.0742935311012416,0,0,0,0,0,0,6.793903004753211,6.793929707147338,6.796718130564536,6.774172292578798,0,0,0,0,0,0,1565.8488440610515
6.680826325584928,-1.8182044502759636,1.7097387228215237,1.194689089576105,0.6469832402822858,0.19192009216215708,0.5758895597949198,0.46144401603825874,1.6191360237792194,7.587374546875144,-0.6070197264801777,-1.1615114685572179,-1.2018417314389918,1.073709954303663,0,0,0,0,0,0,6.79374971936164,6.7930227716963065,6.796463846420688,6.7702475937151725,0,0,0,0,0,0,1565.8488440610515
6.689875704596935,-1.8018469611430983,1.7776944117270854,1.1889612088877541,0.6484658636245081,0.18309707682336573,0.5756585989846397,0.46323283733723086,1.9956049899514026,7.43053925692793,-0.6587077466721406,-1.2760229895363744,-1.1927174161539802,1.0730439364758482,0,0,0,0,0,0,6.7938636709719,6.792513074406042,6.796402535129467,6.767812532445645,0,0,0,0,0,0,1565.8488440610515
6.698925083608943,-1.7820944042932372,1.844204835576606,1.1827711700912216,0.6496164428389012,0.17396784733927145,0.5755033091872837,0.4653274184914945,2.3694450005240975,7.267927960099148,-0.7091095330810372,-1.4004790893310572,-1.1831469061453253,1.072327326566834,0,0,0,0,0,0,6.793922328932785,6.792018195678627,6.796323897409443,6.766345944355135,0,0,0,0,0,0,1565.8488440610515
6.7079744626209505,-1.7589715277145153,1.9092169113141924,1.1761320500426922,0.6504121616199751,0.16451232079520295,0.5754222275433969,0.4677488389856279,2.74043997480741,7.099358697127119,-0.7579044554771682,-1.530992452652945,-1.1734223821799985,1.0715888399010705,0,0,0,0,0,0,6.793940972295174,6.791536620844587,6.796231629189874,6.7656871371132254,0,0,0,0,0,0,1565.8488440610515
6.717023841632958,-1.7325051558866578,1.9726758648255418,1.1690598879233478,0.650837210616875,0.1547187329307838,0.57540915489592,0.4705075381103917,3.108346986590287,6.9246409768489645,-0.8047604182896785,-1.6646312454059558,-1.1637639009342546,1.0708500122920606,0,0,0,0,0,0,6.793929843019274,6.791065855557475,6.796128846036051,6.765558601218027,0,0,0,0,0,0,1565.8488440610515
6.726073220644966,-1.7027244328499762,2.0345251857822886,1.1615737404070068,0.6508803631983247,0.1445810192752545,0.5754546215612716,0.47360644019261283,3.4728964359795573,6.743582496706309,-0.8493439892151314,-1.7996268716540114,-1.154298775023082,1.0701235548172565,0,0,0,0,0,0,6.793895687051963,6.790603758757365,6.796018184495538,6.765687496492852,0,0,0,0,0,0,1565.8488440610515
6.7351225996569735,-1.6696610602263313,2.094706633157867,1.15369566245143,0.6505324989675176,0.13409619564302394,0.5755471934260445,0.47704413447871674,3.8337928039536795,6.555993643943444,-0.8913267231595491,-1.9352178644631828,-1.1450722865835574,1.0694144960044376,0,0,0,0,0,0,6.793842680776108,6.790149707989137,6.795901854077045,6.765865002614729,0,0,0,0,0,0,1565.8488440610515
6.744171978668981,-1.6333495292929272,2.153160272946668,1.1454506460126554,0.6497846329392455,0.12326232459910164,0.5756743784621218,0.4808173666920585,4.1907150936703434,6.36169021362946,-0.9303882820533702,-2.071357541405316,-1.1360699443630455,1.068722331919963,0,0,0,0,0,0,6.79377302949491,6.789705500356167,6.795781663328467,6.765954166507167,0,0,0,0,0,0,1565.8488440610515
6.753221357680989,-1.5938273522575022,2.2098245349406205,1.1368665411957204,0.648626573579563,0.11207719128663282,0.5758231289593698,0.48492266950017526,4.5433165355751575,6.160495007126276,-0.966217363927975,-2.2084346825677192,-1.1272384439198282,1.0680430269993186,0,0,0,0,0,0,6.793687377997827,6.789275950394781,6.7956590353858255,6.765875138916837,0,0,0,0,0,0,1565.8488440610515
6.762270736692996,-1.551135299722656,2.2646362811354743,1.127973975270378,0.6470461134576009,0.10053757998243658,0.5759800348261432,0.4893572534992851,4.891223533326516,5.952238884711198,-0.9985113837658379,-2.3470601124458965,-1.1185008932318672,1.067370469900737,0,0,0,0,0,0,6.793585101684678,6.788869147023713,6.795535023409728,6.765587084271785,0,0,0,0,0,0,1565.8488440610515
6.771320115705004,-1.5053176505508783,2.317530882811398,1.1188062774632677,0.6450286068219249,0.0886389906734627,0.5761313137726525,0.4941193529951585,5.234034011158914,5.736761686841084,-1.0269756145179212,-2.487918565103439,-1.1097665453441252,1.066697413243737,0,0,0,0,0,0,6.793464510600407,6.788496305941449,6.795410332602181,6.765074270964426,0,0,0,0,0,0,1565.8488440610515
6.780369494717012,-1.456422458631427,2.368442306466829,1.10939941207488,0.6425568148241994,0.0763756618745356,0.5762626813306602,0.49920819314370657,5.571315365067664,5.513913309004272,-1.0513222724063451,-2.631668145146166,-1.1009368151631134,1.0660160651289718,0,0,0,0,0,0,6.793322980360281,6.78817113858284,6.795285352350587,6.764337510250042,0,0,0,0,0,0,1565.8488440610515
6.789418873729019,-1.4045018392483914,2.4173032109458883,1.099791918870013,0.6396109422150366,0.0637408091299369,0.5763591578710403,0.504623694438182,5.902602210596739,5.283555128927303,-1.071269868443691,-2.7788697148309427,-1.0919094070365387,1.0653185043959545,0,0,0,0,0,0,6.79315701467554,6.787908687077435,6.795160199474234,6.763389919380895,0,0,0,0,0,0,1565.8488440610515
6.798468252741027,-1.3496122760703881,2.464045059631281,1.0900248572813636,0.6361688259764261,0.0507270240060936,0.5764048509818546,0.5103659879496742,6.227394107073218,5.045561929591125,-1.086543045060977,-2.9299334365751246,-1.0825819625505337,1.064597053336484,0,0,0,0,0,0,6.792962239305136,6.787723665688628,6.795034771728799,6.762255615017757,0,0,0,0,0,0,1565.8488440610515
6.807517631753035,-1.2918149481688728,2.508598252689383,1.0801417492890943,0.6322062617288129,0.03732680136636922,0.5763827405675775,0.516434786692806,6.5451534374616225,4.799824422724559,-1.0968730549001835,-3.0850745914545015,-1.0728561367499048,1.0638446958471772,0,0,0,0,0,0,6.792733323975307,6.787628494377223,6.79490880976383,6.760970069180614,0,0,0,0,0,0,1565.8488440610515
6.816567010765042,-1.2311760748037466,2.550892285152324,1.070188514602336,0.6276974690552839,0.023533175322525128,0.5762744891056025,0.5228286432540846,6.8553036352387595,4.546252444950283,-1.101999000883412,-3.2442745935124497,-1.0626424982343576,1.0630555823964165,0,0,0,0,0,0,6.7924638254382055,6.787631362954801,6.794781965579728,6.7595809704221095,0,0,0,0,0,0,1565.8488440610515
6.82561638977705,-1.1677672738943086,2.5908559371298665,1.0602133908185132,0.6226157036572493,0.009340449002627982,0.5760602988122507,0.5295441187513633,7.157227970081852,4.284778866334871,-1.1016699292711984,-3.407246209941186,-1.051866111710669,1.062225614630503,0,0,0,0,0,0,6.792145940356532,6.787734749381205,6.794653876004805,6.758148429175048,0,0,0,0,0,0,1565.8488440610515
6.8346657687890575,-1.1016659280757422,2.628417502643465,1.050266830526695,0.6169340225029696,-0.005254998809570613,0.575718839363605,0.5365748921330932,7.450269126129103,4.015364214802011,-1.095647840059942,-3.5734050396862727,-1.0404721130051096,1.0613530532046695,0,0,0,0,0,0,6.791770150436169,6.787934765662406,6.7945242405254875,6.756743349223517,0,0,0,0,0,0,1565.8488440610515
6.843715147801065,-1.032955550045911,2.663505063415,1.0404013668949093,0.6106261965872896,-0.020253856282327967,0.575227272305187,0.543910851650682,7.733729822487519,3.7380019760723076,-1.0837116422715067,-3.7418524918384604,-1.0284301056473655,1.0604390498835325,0,0,0,0,0,0,6.791324733647362,6.788221508758193,6.7943929036152815,6.755442964506946,0,0,0,0,0,0,1565.8488440610515
6.852764526813073,-0.9617261366273374,2.6960468133358804,1.030671439264971,0.6036677439507433,-0.035653012490310804,0.5745613986470103,0.5515372306549913,8.006874727011578,3.4527244730848103,-1.0656620266295147,-3.911378051893503,-1.015735938615302,1.0594879823825094,0,0,0,0,0,0,6.7907951039163,6.788580320173518,6.794259942133963,6.754323133088687,0,0,0,0,0,0,1565.8488440610515
6.86181390582508,-0.8880744987775314,2.7259714381619866,1.0211331708673879,0.5960370261184575,-0.051444744162732904,0.5736959512548593,0.5594338721490488,8.268933892236415,3.1596091574628153,-1.0413271489580112,-4.080488777301187,-1.0024095290963269,1.0585074828091625,0,0,0,0,0,0,6.790162926695186,6.788993622075951,6.794125757958439,6.7534480593219675,0,0,0,0,0,0,1565.8488440610515
6.870863284837088,-0.8121045529266502,2.7532085530851025,1.0118440921798222,0.5877163227503862,-0.06761603125769379,0.5726050414315342,0.5675747200298067,8.519107889034395,2.858785059977026,-1.0105689164568799,-4.247469938101614,-0.9884879642178672,1.0575081064880225,0,0,0,0,0,0,6.789404938760647,6.789442894357671,6.793991174253239,6.752859414586885,0,0,0,0,0,0,1565.8488440610515
6.879912663849096,-0.7339275578049862,2.777689198139513,1.0028628058278162,0.5786927853278663,-0.08414807621097922,0.5712627505059691,0.5759276268454416,8.756574726121315,2.5504390594133954,-0.9732895605782259,-4.410472299490571,-0.9740140681413794,1.056502679952012,0,0,0,0,0,0,6.788491377502391,6.789910406801287,6.793857530211097,6.752567715781675,0,0,0,0,0,0,1565.8488440610515
6.888962042861103,-0.6536622806302803,2.799346387997982,0.9942485922152771,0.5689591835203193,-0.10101607647135998,0.5696438374573481,0.584454530506087,8.980498528778696,2.2348215639750646,-0.9294380918208407,-4.567611216108792,-0.9590216512832616,1.0555054672347177,0,0,0,0,0,0,6.7873838999530856,6.790380471386138,6.79372676346022,6.752548621657688,0,0,0,0,0,0,1565.8488440610515
6.898011421873111,-0.5714350773209725,2.8181157089241085,0.9860609589506378,0.5585144013276089,-0.11818925147821073,0.5677245206147421,0.5931119902998456,9.190039828557815,1.91225118419662,-0.879016194402819,-4.717054955882524,-0.9435193395523381,1.0545313630728823,0,0,0,0,0,0,6.786032852275541,6.790840151223293,6.793601462033045,6.752745347446267,0,0,0,0,0,0,1565.8488440610515
6.907060800885119,-0.4873798732083513,2.833935952017316,0.9783591410379288,0.5473637052380722,-0.1356310655702146,0.5654832925083283,0.6018520035143835,9.384367219682533,1.58311802686499,-0.8220831521351147,-4.857078391935094,-0.9274748955405936,1.053595330183197,0,0,0,0,0,0,6.78437375596234,6.791279492643161,6.793484860291716,6.753076312926939,0,0,0,0,0,0,1565.8488440610515
6.916110179897126,-0.4016380331490626,2.8467497689813372,0.9712015620905883,0.5355188750280603,-0.15329953565847462,0.5629017445194063,0.6106229711307837,9.56267010161807,1.2478853451467407,-0.7587594963761749,-4.986064125432148,-0.910801297735328,1.0527122431053333,0,0,0,0,0,0,6.782322953379958,6.791691412495365,6.793380748419966,6.753445520749061,0,0,0,0,0,0,1565.8488440610515
6.925159558909134,-0.3143581123383597,2.8565043348152086,0.96464526902117,0.5229983405213269,-0.17114748241788894,0.5599654084259241,0.6193706615915422,9.724172271979407,0.9070894039225823,-0.6892292024804288,-5.1024435231219165,-0.8933448962927836,1.0518972086160534,0,0,0,0,0,0,6.779772600774367,6.792071382468487,6.793293267278456,6.753752790926848,0,0,0,0,0,0,1565.8488440610515
6.934208937921142,-0.2256954807561375,2.863152001007479,0.9587453536342142,0.5098274929715365,-0.18912258325029363,0.5566646570151068,0.6280390398258274,9.86814625608005,0.5613375111067785,-0.6137403878211424,-5.204581367551516,-0.874875249553398,1.0511663349574492,0,0,0,0,0,0,6.7765858059788195,6.792417028467359,6.79322657413819,6.753901838861508,0,0,0,0,0,0,1565.8488440610515
6.943258316933149,-0.13581181446177235,2.866650922504983,0.9535543745867899,0.49603933350028157,-0.20716711457106984,0.5529957351497848,0.6365708783529471,9.993928427715723,0.21130417998373752,-0.5326045383091125,-5.290618412761105,-0.8550762736000742,1.0505378324644423,0,0,0,0,0,0,6.772594024941949,6.79272772679673,6.7931843925492394,6.753805657959906,0,0,0,0,0,0,1565.8488440610515
6.952307695945157,-0.04487444571135753,2.8669656410762503,0.9491217929187152,0.4816755781481539,-0.22521733194626478,0.5489620032172756,0.6449081406140906,10.100935132756517,-0.14227470564687855,-0.44619427825867974,-5.358298905302012,-0.8335395330412725,1.0500332258437308,0,0,0,0,0,0,6.767601347771532,6.793004243390884,6.793169498518939,6.753390087274489,0,0,0,0,0,0,1565.8488440610515
6.9613570749571645,0.04694443842486248,2.864067605662476,0.945493434669348,0.46678824157970145,-0.24320254254083487,0.5445754475423,0.6529922225866918,10.18868008462776,-0.49861006211802317,-0.3549395806757337,-5.404831504321027,-0.809763261909133,1.0496782929029327,0,0,0,0,0,0,6.761404371369343,6.793248433247587,6.793183234652517,6.7525974765594805,0,0,0,0,0,0,1565.8488440610515
6.970406453969172,0.13946876114922094,2.857935605923471,0.9427109959729074,0.45144153094104666,-0.26104410312030135,0.5398584159560247,0.6607642628722995,10.256793124590965,-0.8568707530045843,-0.2593220899986433,-5.426867933952102,-0.7831652659909953,1.0495030684921167,0,0,0,0,0,0,6.7538410381821326,6.79346299546757,6.793225166874694,6.751392977094243,0,0,0,0,0,0,1565.8488440610515
6.97945583298118,0.23251969546319473,2.848556088022655,0.9408116102830477,0.4357135521808948,-0.27865485452751343,0.534845331278478,0.668165880679171,10.305039841781362,-1.2161986358558967,-0.1598669415482281,-5.420728359910988,-0.75312343733377,1.0495399091471433,0,0,0,0,0,0,6.744882206290461,6.793651264284554,6.793292988040012,6.749776137953353,0,0,0,0,0,0,1565.8488440610515
6.988505211993187,0.3259169793504323,2.8359233130756207,0.9398275039934069,0.41969687329304683,-0.29593984706483567,0.5295838059661215,0.6751408252547905,10.333340350206283,-1.575728403525604,-0.057131269148622855,-5.383017335918658,-0.7190604193112164,1.0498185039084276,0,0,0,0,0,0,6.734763914346257,6.793817008731633,6.793382722715065,6.747799685076956,0,0,0,0,0,0,1565.8488440610515
6.997554591005195,0.4194803848204386,2.8200393136035418,0.9397857734516717,0.40349660039096247,-0.3127994244101747,0.5241342259245206,0.6816379733965111,10.341783795442828,-1.9346122630749207,0.04831116788534545,-5.311672978682817,-0.680580510449081,1.050357515324897,0,0,0,0,0,0,6.724112833426089,6.79396421594436,6.793489208505355,6.745594397805057,0,0,0,0,0,0,1565.8488440610515
7.006603970017203,0.5130312804507335,2.8009136114782165,0.9407083173936159,0.38722479927934766,-0.3291354010195637,0.5185668059568972,0.6876156705445432,10.330633651851766,-2.292047391652545,0.15588873086154054,-5.207195201430862,-0.6376383312567906,1.0511548656565926,0,0,0,0,0,0,6.713956330886805,6.794096848908367,6.793606747938084,6.743392409213705,0,0,0,0,0,0,1565.8488440610515
7.01565334902921,0.6063941814584568,2.7785626922376276,0.9426119461395567,0.3709913990262111,-0.34485980651711856,0.5129557913766747,0.693046500453382,10.300319108132502,-2.6473012981201567,0.26505164436651046,-5.073412473590733,-0.5906769099151725,1.0521817120089998,0,0,0,0,0,0,6.705509111717308,6.794218596962549,6.793729773280327,6.741531609337794,0,0,0,0,0,0,1565.8488440610515
7.024702728041218,0.6993981514597482,2.753009283099149,0.9455086593123365,0.35489395167392707,-0.35990381217843825,0.5073719589325765,0.6979206432923529,10.251411144981867,-2.999728854570465,0.37528877518889703,-4.917082224722398,-0.5406533123599524,1.053385646581124,0,0,0,0,0,0,6.69977228831021,6.794332663920644,6.793853368945608,6.7404178723823,0,0,0,0,0,0,1565.8488440610515
7.033752107053226,0.7918779320436334,2.7242815311064357,0.949406047422267,0.33901020141807164,-0.374223416926423,0.501875968318591,0.7022459896522498,10.184587437362097,-3.3487770886575343,0.4861377901328745,-4.746227930041403,-0.4889101724462953,1.0547038652619352,0,0,0,0,0,0,6.697176080197309,6.794441644600548,6.793973554570721,6.7404331683908305,0,0,0,0,0,0,1565.8488440610515
7.042801486065233,0.88367473576833,2.6924121904378513,0.9543077497139596,0.3233964848186128,-0.38779961509830285,0.49651506424377934,0.7060445900334968,10.10059456366074,-3.693979063981932,0.5971875424695867,-4.568024012919966,-0.436933861739917,1.0560799013506825,0,0,0,0,0,0,6.697497997561966,6.794547515869627,6.794087320153752,6.741813364224565,0,0,0,0,0,0,1565.8488440610515
7.051850865077241,0.9746367186387928,2.6574378942257844,0.9602139045123892,0.3080918272717011,-0.40063353950899766,0.4913238699922571,0.7093469163707616,10.000216069910824,-4.034942422091904,0.7080745404630165,-4.387343007750938,-0.38609581819643474,1.057475139901954,0,0,0,0,0,0,6.700060733073507,6.79465172590696,6.7941924804844405,6.744557397365711,0,0,0,0,0,0,1565.8488440610515
7.0609002440892485,1.0646192094315317,2.6193985308364423,0.967121553587134,0.2931248192363272,-0.41273924570761117,0.4863279704286655,0.7121862541351929,9.884250992494216,-4.371338579606031,0.8184768889259573,-4.206480939747321,-0.3374632503496675,1.058871044419501,0,0,0,0,0,0,6.704027110551026,6.794755331803485,6.794287448866289,6.748425183606178,0,0,0,0,0,0,1565.8488440610515
7.069949623101256,1.1534847923499352,2.578336700781918,0.9750249922582948,0.27851997723870786,-0.4241369370026902,0.48154819087947054,0.7145948648077697,9.753502586252356,-4.702895996118309,0.9281087444061336,-4.025759848508363,-0.2917151883823341,1.060264462776435,0,0,0,0,0,0,6.7086268970549,6.794859128141106,6.794371018986647,6.753025126675711,0,0,0,0,0,0,1565.8488440610515
7.078999002113264,1.241103322119381,2.534297213760015,0.9839160785079548,0.264301842299805,-0.43484811351970204,0.47700405771358734,0.7166022489847894,9.608774074806345,-5.029397900175241,1.0367169378840957,-3.8443851312965087,-0.2491531140867573,1.0616609123687804,0,0,0,0,0,0,6.71326608485462,6.794963724893165,6.794442210171327,6.757935567290153,0,0,0,0,0,0,1565.8488440610515
7.0880483811252715,1.327351918606498,2.487326591190112,0.9937845226931982,0.2504967822031886,-0.4448927662528217,0.47271594459029315,0.7182349367524996,9.450867871201352,-5.350683038870592,1.1440800146687464,-3.6611297696506844,-0.20977164444862242,1.0630692188924102,0,0,0,0,0,0,6.717547789566117,6.795069557439732,6.794500198610009,6.762799180957329,0,0,0,0,0,0,1565.8488440610515
7.097097760137279,1.4121149603037217,2.4374725552538883,1.0046181774395373,0.23713327186242386,-0.4542880837949327,0.4687060774302885,0.7195170333478301,9.280585810324206,-5.666647631349722,1.250009105692828,-3.4747437986555285,-0.17335292697715748,1.0644983175377567,0,0,0,0,0,0,6.721251407771005,6.795176832412661,6.794544337883402,6.7673650895190836,0,0,0,0,0,0,1565.8488440610515
7.106147139149287,1.4952840794994708,2.384783500123289,1.0164033406628765,0.2242413760561635,-0.46304812066064044,0.46499873061291,0.720470973562065,9.098729149939473,-5.977247185278372,1.3543498341133546,-3.284184705923562,-0.13955986189162384,1.0659554727171086,0,0,0,0,0,0,6.724305439528535,6.795285425958418,6.794574267201542,6.771487948921556,0,0,0,0,0,0,1565.8488440610515
7.115196518161294,1.5767581541488291,2.329307950185705,1.029125077969171,0.21185173631437085,-0.4711841381756695,0.4616197939075116,0.7211182396979184,8.906097754565726,-6.282497480642894,1.45698460088378,-3.088815458521457,-0.10801827447580326,1.0674447701045822,0,0,0,0,0,0,6.72677453506936,6.79539475674011,6.794590110036233,6.77510534303276,0,0,0,0,0,0,1565.8488440610515
7.124245897173302,1.6564432867687213,2.2710940144057314,1.0427675655919657,0.19999391895790608,-0.47870562852097526,0.45859563222780425,0.7214800064477026,8.70348792758526,-6.582474393313829,1.5578347649841562,-2.888698291516494,-0.07838986503965847,1.068964879807867,0,0,0,0,0,0,6.728869374865752,6.795503656799979,6.794592772275515,6.778210508681225,0,0,0,0,0,0,1565.8488440610515
7.13329527618531,1.7342527545412518,2.2101888489167423,1.0573144507868055,0.18869365095626098,-0.48562227122309226,0.45595091771385804,0.7215777687933664,8.491688032379606,-6.877312156755055,1.6568622244546196,-2.6850662975567987,-0.050442677998767255,1.0705054512935266,0,0,0,0,0,0,6.730973531635498,6.795610260627552,6.79458434931875,6.78082899228338,0,0,0,0,0,0,1565.8488440610515
7.142344655197317,1.810106905278998,2.1466381456981,1.0727492209684641,0.17796836347014683,-0.49194716268076916,0.45370500345686593,0.721434002922169,8.271470692061298,-7.167199117846497,1.7540695939342408,-2.4809520694132727,-0.024120804700653777,1.0720423080651151,0,0,0,0,0,0,6.7336531825306425,6.795711926822132,6.7945686342464136,6.7830016707624665,0,0,0,0,0,0,1565.8488440610515
7.151394034209325,1.883932962968462,2.0804856776451652,1.0890555629908212,0.1678208547245171,-0.49770139683849823,0.4518666747892685,0.7210728038966868,8.043580511701242,-7.452369148924571,1.8494975618054175,-2.2817238807398548,0.0004040100694523985,1.0735334065990139,0,0,0,0,0,0,6.737572119161863,6.795805197438197,6.794551669024577,6.784773551803394,0,0,0,0,0,0,1565.8488440610515
7.160443413221333,1.9556647017332653,2.0117729502763004,1.1062176784231037,0.15823215708823893,-0.5029191781378564,0.4504280912588305,0.7205202421370777,7.808717530757288,-7.733086291673217,1.9432174848940789,-2.094961129638031,0.022744326643109592,1.0749200244848516,0,0,0,0,0,0,6.7432293516903075,6.795885786396191,6.794542184799236,6.786186786896257,0,0,0,0,0,0,1565.8488440610515
7.16949279223334,2.0252419589138633,1.9405390282482595,1.1242205048010676,0.1491566407317049,-0.507651265749417,0.4493603036683368,0.7198040055430007,7.567518862828014,-8.0096215694273,2.035317970069119,-1.9290788224976794,0.042420869670145404,1.0761378028153699,0,0,0,0,0,0,6.7505882899007625,6.7959485674099644,6.794551646749131,6.787276243113873,0,0,0,0,0,0,1565.8488440610515
7.178542171245348,2.092609989255336,1.8668205961128987,1.1430497931510812,0.14052320888216954,-0.5119639832253783,0.4486135009251635,0.7189520390353805,7.3205425923549186,-8.282225461821065,2.1258871433678013,-1.790920773584629,0.05907773823860389,1.0771358802000262,0,0,0,0,0,0,6.758928138523564,6.79598750015719,6.794593522572951,6.788066096904875,0,0,0,0,0,0,1565.8488440610515
7.1875915502573555,2.157718697983722,1.790652257030569,1.1626920246811674,0.13224381588717463,-0.5159329545922685,0.4481231953317121,0.7179905022568109,7.068257367378551,-8.551104426218156,2.214995897035426,-1.6837364271898565,0.07266628537677111,1.0778929391035454,0,0,0,0,0,0,6.767177888314276,6.795995390348368,6.794681468979544,6.788565871061898,0,0,0,0,0,0,1565.8488440610515
7.196640929269363,2.2205218118745496,1.7120669952554712,1.1831342017792212,0.12422563564121415,-0.5196342796895752,0.4478196521359331,0.7169419544020873,6.811039109336847,-8.816408920033512,2.3026874747643995,-1.6069476890657013,0.08347689666771616,1.0784190530100577,0,0,0,0,0,0,6.774464554109574,6.795963325594104,6.7948265080829175,6.788763785309456,0,0,0,0,0,0,1565.8488440610515
7.205690308281371,2.280976029287455,1.6310966684000174,1.2043635945532836,0.11638041112254864,-0.5231379397545124,0.4476354185771117,0.7158245790217354,6.549166946904481,-9.078240518307627,2.3889793506765074,-1.5582150839045124,0.09192377281799728,1.0787409387941886,0,0,0,0,0,0,6.781054807756528,6.796088148376479,6.795293765807975,6.789028319600649,0,0,0,0,0,0,1565.8488440610515
7.215885509590406,2.346219777160276,1.5370557505952207,1.229208162920943,0.10765172830535309,-0.5269226298594791,0.4474956918344097,0.714500702116159,6.248827908225897,-9.369103563165625,2.484489191134119,-1.530031277685823,0.09986858359446356,1.0789202234174133,0,0,0,0,0,0,6.784420107229121,6.7960063073938555,6.795620844515036,6.787692034631215,0,0,0,0,0,0,1565.8488440610515
7.226080710899442,2.408373796971731,1.4400718176643925,1.255016910369386,0.09895183312393517,-0.530595161385398,0.44736138661194763,0.7131234810356843,5.9430818063172905,-9.655563825939188,2.578107004966958,-1.5281008973389474,0.10778225485160144,1.0789262352192426,0,0,0,0,0,0,6.786386035311661,6.795552264581445,6.795689266164206,6.783717628553391,0,0,0,0,0,0,1565.8488440610515
7.236275912208478,2.4673836907419964,1.3401901726647967,1.2817699983905906,0.09016799226548423,-0.5342232695621051,0.4471483480348982,0.7117117297606155,5.632052863824975,-9.937526256980558,2.6697181146400952,-1.5634082330237136,0.11711884804942119,1.078680936128732,0,0,0,0,0,0,6.787953625383964,6.794973728191106,6.795754039848236,6.775975792430497,0,0,0,0,0,0,1565.8488440610515
7.246471113517513,2.523195838910555,1.237457682251248,1.3094460903130518,0.08111513010663844,-0.5379088300512502,0.44671873463730344,0.7102934593143349,5.315772494947308,-10.214756702952043,2.7591296667246277,-1.6657549280830664,0.13071439506519159,1.0779569668774975,0,0,0,0,0,0,6.788988909964736,6.794279468218143,6.795780006389244,6.758130979704162,0,0,0,0,0,0,1565.8488440610515
7.256666314826549,2.575756793959007,1.1319252552618455,1.3380208916944178,0.07137320536922494,-0.5418701148139958,0.44576040178798726,0.7089289868700542,4.994253734505549,-10.486621552634626,2.845908799903637,-1.9470523053013165,0.15855742049510588,1.075876746272755,0,0,0,0,0,0,6.789475666023621,6.793516729782867,6.795735782373136,6.700049379442709,0,0,0,0,0,0,1565.8488440610515
7.2668615161355845,2.6250199541551065,1.0236602009752578,1.3674592263894882,0.05880968732865001,-0.5471903946186516,0.44269049934884935,0.7079189321523031,4.669257394226799,-10.74966539742901,2.9278011510715447,-3.47178847735517,0.29278687462190933,1.06406160012492,0,0,0,0,0,0,6.789336220003043,6.792805429697001,6.795581766473231,6.211605767653062,0,0,0,0,0,0,1565.8488440610515
7.27705671744462,2.6709465575812854,0.9127855425966843,1.3976914157935734,0.03645123186404343,-0.5572786144318126,0.43220915657441483,0.7080304361860345,4.338394433398183,-10.997384514382967,3.00101953599718,-7.062847822288014,0.6050266766109004,1.0360138805533772,0,0,0,0,0,0,6.7881747029162405,6.792373535910737,6.795236418175396,5.7884907178209035,0,0,0,0,0,0,1565.8488440610515
7.287251918753656,2.7134000139438488,0.7994864089439281,1.4286162853725586,0.0006326474977234976,-0.5733075044921334,0.41102055357058126,0.7087878452630795,3.9838115493151465,-11.225424895348421,3.0640111348761967,-9.575766920385536,0.8259094534827349,1.0164162034383692,0,0,0,0,0,0,6.784866821342882,6.792381832241985,6.794563658159189,6.68182448679746,0,0,0,0,0,0,1565.8488440610515
7.297447120062691,2.7520676599858587,0.6839895050967034,1.4601165870228479,-0.039335290814228804,-0.5899679195955099,0.3856737419862327,0.7082699721766008,3.597390085230139,-11.426190554245384,3.1122803635878213,-9.875569480033262,0.8608068182012772,1.0141489766505891,0,0,0,0,0,0,6.776445967141053,6.792611918477216,6.793441323237896,6.750344358734072,0,0,0,0,0,0,1565.8488440610515
7.307642321371727,2.786672342189024,0.5666194835636416,1.4920079828352626,-0.07984697564441834,-0.6053425773985854,0.3588339108251659,0.7059908277809239,3.187529297256626,-11.592406857989351,3.14031270084213,-9.948196694830573,0.8847707891406591,1.0135849648516506,0,0,0,0,0,0,6.762739304918703,6.792359113118701,6.792222554532897,6.757525232617874,0,0,0,0,0,0,1565.8488440610515
7.317837522680763,2.816998648128786,0.44774027790282256,1.5240730082902259,-0.12033006632408334,-0.6191093483734352,0.3309297420920733,0.7019328997090364,2.758854228585459,-11.721989973521573,3.146061191972223,-9.96397969478846,0.9140748897523713,1.0134236966196146,0,0,0,0,0,0,6.74915944322486,6.7915205897277575,6.791123795956461,6.74689068184337,0,0,0,0,0,0,1565.8488440610515
7.328032723989798,2.8428785190258647,0.32773220876356995,1.5560766442561051,-0.16059506929662912,-0.6311443496026176,0.30209850230115864,0.6961339875266087,2.316073225076794,-11.813688493718521,3.1280551673813637,-9.973412470886178,0.9553771738174514,1.0132947215279362,0,0,0,0,0,0,6.728661194250879,6.7903816610529,6.789770620230189,6.725772343959077,0,0,0,0,0,0,1565.8488440610515
7.338227925298834,2.8641936145915405,0.20698595179965268,1.5877706793612902,-0.20054429615136593,-0.641347673078659,0.27240166264168203,0.6886599173088194,1.8642655225322877,-11.866702401076505,3.0851696878731856,-9.978431106326626,1.0190501996147883,1.0131781337596408,0,0,0,0,0,0,6.688360117228335,6.7889358818896595,6.787942743631368,6.687441376796552,0,0,0,0,0,0,1565.8488440610515
7.3484231266078694,2.8808809872967998,0.08589808823774221,1.6188973274528768,-0.24008982277903204,-0.6495645861151513,0.24188769330295476,0.6796418684068551,1.409325353761057,-11.880684625053142,3.0166709261205202,-9.982221659157867,1.1311180557496063,1.0130353814727824,0,0,0,0,0,0,6.601204190896605,6.78702601466501,6.78545912373675,6.597901640360329,0,0,0,0,0,0,1565.8488440610515
7.358618327916905,2.8929493109739823,-0.03513453255752174,1.6491941657170803,-0.27921950608015955,-0.6554814560046542,0.2105054252652151,0.66937881217759,0.9599680260857081,-11.856016417010407,2.9224645585639526,-9.984340794451162,1.3810754908890763,1.012844293105173,0,0,0,0,0,0,6.330741431104991,6.784511269310108,6.7818912078507045,6.328934122966412,0,0,0,0,0,0,1565.8488440610515
7.368813529225941,2.9005711876832816,-0.15573377833641106,1.6784071419968551,-0.3181358890128874,-0.6578969746157605,0.1778043974542884,0.6590498639399955,0.544706091593959,-11.797066607585798,2.804973785179614,-9.986039260649425,2.3219378110942026,1.0125383014696216,0,0,0,0,0,0,4.827355860900146,6.7811245154616735,6.776536309434384,4.821222125421936,0,0,0,0,0,0,1565.8488440610515
7.379008730534976,2.9042668697278677,-0.27559609392225975,1.7063363565124279,-0.35754741472941826,-0.6532662228060985,0.14203222591177156,0.6520965688941399,0.1914167314299194,-11.712863718203552,2.672341056181882,-9.986839308954101,4.522737121174678,1.011997587084509,0,0,0,0,0,0,3.098647676241293,6.776484510593311,6.767969940415538,3.091356066368761,0,0,0,0,0,0,1565.8488440610515
7.389203931844012,2.9044536894270174,-0.39441540121232865,1.7328497535388185,-0.3974717359968384,-0.6390195468552378,0.10169488255906291,0.6506369100211611,-0.1674317101929901,-11.58380333858096,2.52522300476387,-9.987639004499771,6.258110125381666,1.010975554486616,0,0,0,0,0,0,6.0070689565454884,6.769938706907536,6.753146606091596,5.988752100372416,0,0,0,0,0,0,1565.8488440610515
7.3993991331530475,2.9007409378240503,-0.5115654684915066,1.7577753490084564,-0.436481165407196,-0.6194864594669315,0.059199850250446655,0.6497815760024492,-0.5594940146120004,-11.388422133251911,2.3628276860897928,-9.987974462083528,6.6301389096102845,1.0090128252300912,0,0,0,0,0,0,6.570450835587557,6.759938458182342,6.725470444362361,6.537418545057397,0,0,0,0,0,0,1565.8488440610515
7.409594334462083,2.893109227330599,-0.6264534692780721,1.781001568090442,-0.4739093380291407,-0.5969660750632889,0.01604113520906164,0.6471353232002702,-0.93286659388827,-11.141367743444743,2.1923762936740467,-9.9882898010587,6.716236329391484,1.0057476350570953,0,0,0,0,0,0,6.707671563624031,6.738918818652328,6.685735241799054,6.652973777526737,0,0,0,0,0,0,1565.8488440610515
7.419789535771119,2.8818309986072363,-0.7385906788350589,1.8024585213159472,-0.5095460180161289,-0.5720873348686218,-0.027271863896146845,0.6421333056667083,-1.273458637572186,-10.849742198753553,2.015941978825731,-9.987962508151933,6.702078349484043,1.0022999949352387,0,0,0,0,0,0,6.749353391679956,6.682452778764458,6.642749336970951,6.711369043618847,0,0,0,0,0,0,1565.8488440610515
7.429984737080154,2.867280331862105,-0.8475549294148695,1.8220909094270346,-0.5432505168742836,-0.5452490606444874,-0.07032373420439167,0.6345367681936782,-1.573680738382756,-10.520185669644432,1.8346224886161686,-9.987500143910156,6.5888476557338125,1.0002485017792944,0,0,0,0,0,0,6.764982223587143,6.542755285767719,6.528633033029464,6.749404594913568,0,0,0,0,0,0,1565.8488440610515
7.44017993838919,2.849906107754408,-0.9530083296281133,1.8398557392611359,-0.5750070042273364,-0.5170347616701557,-0.11255021402573885,0.6239987577206783,-1.826063288763442,-10.163317860780408,1.6498760195139186,-9.986519360389629,6.261446765821667,0.9993474877422089,0,0,0,0,0,0,6.773746486676853,6.158950937777007,6.151259535236613,6.768000792516997,0,0,0,0,0,0,1565.8488440610515
7.450375139698226,2.8302406046698203,-1.0547688731781082,1.855731607457816,-0.6050175416924902,-0.48876538140334,-0.15267010168119619,0.6097163408001105,-2.021589198985199,-9.800681442964141,1.4647268162672986,-9.985377629187193,5.352303636556007,0.9989430007338816,0,0,0,0,0,0,6.779609470052089,5.068882840511244,5.068314485452887,6.777651510085224,0,0,0,0,0,0,1565.8488440610515
7.460570341007261,2.8088574380132383,-1.1528401496594887,1.8697108609926316,-0.6339425197138232,-0.46255551664151096,-0.18859147142677715,0.5904172529901859,-2.166192007688172,-9.43555623975436,1.2761162705949527,-9.9834932400144,4.016063317020685,0.9987479993762963,0,0,0,0,0,0,6.783698542109922,5.076226933515773,5.0735669554706435,6.783300925801675,0,0,0,0,0,0,1565.8488440610515
7.470765542316297,2.7861964234001335,-1.2470696619770727,1.88170139821472,-0.6620643443942372,-0.43856423905719205,-0.2200528984066668,0.5664882470138635,-2.273584487540458,-9.042657345482084,1.0726007633504566,-9.981174388865425,3.079676807728164,0.9986533927328421,0,0,0,0,0,0,6.78663034967214,6.0991191362659425,6.100586653310768,6.7868889829853165,0,0,0,0,0,0,1565.8488440610515
7.4809607436253325,2.7626293176130385,-1.337127328767698,1.8915132871043334,-0.688966808207193,-0.415116516886347,-0.24880320049574894,0.5395368217462198,-2.342486897015517,-8.62142511779007,0.8491915012209138,-9.97704169970797,2.6923046799888595,0.9985903959466422,0,0,0,0,0,0,6.788775262618523,6.486490380594786,6.483965392832648,6.789306666721022,0,0,0,0,0,0,1565.8488440610515
7.491155944934368,2.738581610205681,-1.4228334935615903,1.8989575291707221,-0.7142529538975422,-0.39126025863212416,-0.2758994325656316,0.510526817095558,-2.367472034586603,-8.191204311197076,0.6084471977436399,-9.97144163051749,2.5096743097700096,0.9985344375283173,0,0,0,0,0,0,6.790379419597511,6.627072699850952,6.628260535677267,6.7910028228214285,0,0,0,0,0,0,1565.8488440610515
7.501351146243404,2.714509171428464,-1.504154037787388,1.9038665034913664,-0.7377380994770087,-0.3666860265455334,-0.3017217398673598,0.4798414802908486,-2.3473047332195485,-7.762371112718424,0.3520697891022941,-9.960469581729365,2.4065678487379065,0.9984442598772014,0,0,0,0,0,0,6.791575341848375,6.693955362279955,6.689208773815255,6.792252053905777,0,0,0,0,0,0,1565.8488440610515
7.511546347552439,2.690871837674887,-1.5811391792649212,1.9060878506263064,-0.7592755195164261,-0.34133170810417635,-0.3263719288337795,0.4477440279613623,-2.282228071157576,-7.341711098264262,0.08143704476197647,-9.944431464723003,2.3406393474935885,0.998316995375285,0,0,0,0,0,0,6.792514278540311,6.725452012657492,6.7244348909727485,6.793165270916837,0,0,0,0,0,0,1565.8488440610515
7.521741548861475,2.6681230256030997,-1.6539012856433957,1.9054834178789604,-0.77876208342231,-0.3152209962471623,-0.3498660395913247,0.4144382888795039,-2.173228957286485,-6.934802888839548,-0.20200882997426084,-9.880351617628554,2.2935318350101492,0.9978228793536008,0,0,0,0,0,0,6.793055409468192,6.754181073217492,6.728529377051716,6.79400489564769,0,0,0,0,0,0,1565.8488440610515
7.531936750170511,2.646701870392281,-1.7226075888954924,1.9019315656869937,-0.7958859613469759,-0.28867250538001105,-0.3719728687238754,0.3806177953035804,-2.0222479207143342,-6.546945772480725,-0.4963669908090651,-9.556821121164457,2.2427829409849744,0.9953278160226617,0,0,0,0,0,0,6.7931350836392115,6.773933897428561,6.659606318844948,6.794849606986719,0,0,0,0,0,0,1565.8488440610515
7.542131951479546,2.6270148884994184,-1.7874850937770472,1.8953387787247387,-0.8095919625087327,-0.26324292805291033,-0.3915851815455711,0.3491776921072009,-1.834561572743007,-6.184890276639022,-0.7974771990523905,-7.854643942307687,2.0838451611529876,0.9820401007327384,0,0,0,0,0,0,6.793219647991698,6.781350751379102,6.149210928293511,6.795433139514041,0,0,0,0,0,0,1565.8488440610515
7.552327152788582,2.60938871704483,-1.8488077779521612,1.8856630479626069,-0.8176022130723375,-0.24327785550705744,-0.40597785701389505,0.32790926460456843,-1.619563373239915,-5.848181257972473,-1.1006839243906454,-4.34399403017719,1.773101441653761,0.9545647628043563,0,0,0,0,0,0,6.79347498865795,6.784325344288582,5.873364075034902,6.795787911605014,0,0,0,0,0,0,1565.8488440610515
7.562522354097617,2.594055796091823,-1.906767039831971,1.8728914171857591,-0.8197715693411692,-0.23104920112233787,-0.4144757679140123,0.3206254490409894,-1.3853489481557797,-5.521939341538517,-1.4051542204212017,-1.4463863030174333,1.5169440507808933,0.9319302721430432,0,0,0,0,0,0,6.793740621100215,6.7862545944485,6.424464366950113,6.796051324329993,0,0,0,0,0,0,1565.8488440610515
7.572717555406653,2.581178482211034,-1.9614019214395222,1.8570152055526152,-0.8188784121180063,-0.22336240380879033,-0.41980998482647985,0.32141399996241965,-1.139696711102105,-5.19591198012083,-1.7086585771506273,0.015197031255345519,1.3858242817505706,0.9206001529703354,0,0,0,0,0,0,6.793903788214209,6.788080271726513,6.510245191899859,6.7962941230266365,0,0,0,0,0,0,1565.8488440610515
7.582912756715689,2.5708290594898706,-2.0127111350657003,1.8380692627886883,-0.8158912745095478,-0.21888146127483632,-0.4230236204066202,0.32781603174258267,-0.8904665037313789,-4.869111944863057,-2.0068449382913665,1.4545029210935096,1.2579419859806662,0.9094584507752981,0,0,0,0,0,0,6.793957027079316,6.789783864062105,6.4380746734908225,6.796526969411292,0,0,0,0,0,0,1565.8488440610515
7.593107958024724,2.5630151705772533,-2.0606711451030533,1.8161214991683448,-0.8103671852430308,-0.21816948297688835,-0.42379097896477463,0.34074669173296895,-0.6432090265956476,-4.53812165461732,-2.2971337661502718,3.2856929959295442,1.0974991763081732,0.8952514638686843,0,0,0,0,0,0,6.7939683938850015,6.791139352753786,6.340921047423741,6.796729704194639,0,0,0,0,0,0,1565.8488440610515
7.60330315933376,2.5576902933601624,-2.1052088290768354,1.7912630324514602,-0.8016206514548306,-0.22180035381464372,-0.42165547989974556,0.3611309879799118,-0.40286428764443216,-4.196443659951212,-2.5776224810458706,5.057053997801893,0.9428364170729628,0.8815463592684858,0,0,0,0,0,0,6.7928817327289375,6.7902331701761005,6.465689357448371,6.7962409477114445,0,0,0,0,0,0,1565.8488440610515
7.610258832300569,2.555436381769884,-2.1335639864047287,1.772690549298386,-0.7936182499499621,-0.22662810872119643,-0.41850126443307933,0.37903359396196956,-0.24678748669218428,-3.9558721849089924,-2.761258663720145,6.611063493551934,0.8073073586169393,0.8695142615057305,0,0,0,0,0,0,6.79109983965687,6.7872783330569995,6.1152355076586655,6.79527835384799,0,0,0,0,0,0,1565.8488440610515
7.617214505267378,2.5542363517993287,-2.1602212209997873,1.7528676600264872,-0.7830405710390812,-0.23416358160024667,-0.4132995837862712,0.40149512475375015,-0.09972183447456591,-3.707041366752961,-2.93733907295424,8.306101873367345,0.6589059680920877,0.8563886121302171,0,0,0,0,0,0,6.791091266368324,6.785659175050382,6.370611312842032,6.795070402804918,0,0,0,0,0,0,1565.8488440610515
7.624170178234187,2.554025011943673,-2.1851046700552157,1.731846773171514,-0.7701628185252939,-0.2435546792595645,-0.4064001853370022,0.4270471174589478,0.03704400239587563,-3.445693099928982,-3.105457851064992,9.204270583871015,0.5780171961124846,0.8495149822645773,0,0,0,0,0,0,6.791243248641269,6.783128873329006,6.62534741899113,6.794787838578793,0,0,0,0,0,0,1565.8488440610515
7.631125851200996,2.554721639251862,-2.208127635631695,1.709688971660127,-0.7557022779638022,-0.2536211431300785,-0.3984468707735115,0.4536854350852686,0.16092976093719844,-3.1724162408352456,-3.2639519208561674,9.570633915110603,0.5411507768797955,0.8467992984679525,0,0,0,0,0,0,6.791470334343085,6.779308368587166,6.706875041215574,6.79443950853671,0,0,0,0,0,0,1565.8488440610515
7.638081524167805,2.5562297308021718,-2.2292137146240973,1.686466126595774,-0.7400314929639795,-0.26381362786768886,-0.389749011177176,0.48047004845172797,0.27016880789584397,-2.8890130902028046,-3.4115437173542453,9.746529064849142,0.5181126135749781,0.8455531136814416,0,0,0,0,0,0,6.791673993386265,6.7738771965118545,6.738000414951062,6.794052725853587,0,0,0,0,0,0,1565.8488440610515
7.645037197134614,2.558443888671937,-2.248297567134828,1.6622568384828456,-0.7233184784430295,-0.27390969868809084,-0.3804319406158638,0.5070063059437309,0.36382744487115204,-2.5969396457933964,-3.547486955429245,9.834369455206234,0.49943681731598344,0.8449740836828618,0,0,0,0,0,0,6.791753307863983,6.767499350886295,6.750926148249064,6.7936861945503635,0,0,0,0,0,0,1565.8488440610515
7.651992870101423,2.5612535373674925,-2.2653238084069276,1.6371440481956496,-0.7056663920873008,-0.2837976254094145,-0.3705621973368879,0.5330830224227059,0.44131302907062026,-2.297612517183491,-3.6712575437577883,9.875615210281827,0.4817311427878078,0.8447455475783351,0,0,0,0,0,0,6.791663259057661,6.762449031564431,6.75603119219367,6.793393845901203,0,0,0,0,0,0,1565.8488440610515
7.658948543068232,2.564544713819285,-2.280246908134866,1.6112138415230846,-0.6871446553080331,-0.2934173387383159,-0.3601804295760835,0.5585772517384834,0.5022295976177479,-1.992448033042723,-3.782466605635436,9.89414856340794,0.46415832052976075,0.8446904115726054,0,0,0,0,0,0,6.791445178668515,6.7603505810787645,6.758247041238659,6.793172060211687,0,0,0,0,0,0,1565.8488440610515
7.665904216035041,2.5682011823250104,-2.293031204048176,1.5845546650866162,-0.6677980610241545,-0.3027368260073756,-0.34931328000022255,0.583417857360268,0.5463115101470081,-1.6828694794725194,-3.8808188923250846,9.90337817113965,0.4470342180837721,0.8447101384306136,0,0,0,0,0,0,6.7911724686839605,6.760634771786843,6.760307372675707,6.7929817834066935,0,0,0,0,0,0,1565.8488440610515
7.67285988900185,2.5721052066576613,-2.3036509941274157,1.5572567655540548,-0.6476582294842159,-0.31173606547430954,-0.33798188886966946,0.6075587922662781,0.5733895836266972,-1.3703187236017342,-3.9660896855831447,9.908450832758476,0.43095251382792277,0.8447667485859094,0,0,0,0,0,0,6.790889949450945,6.762361466503794,6.763125266202336,6.792798049100918,0,0,0,0,0,0,1565.8488440610515
7.679815561968659,2.5761381743535097,-2.3120906838087825,1.5294117336761568,-0.6267529120307821,-0.32039829062103814,-0.32620690188319895,0.6309633743663865,0.5833803995408404,-1.0562597574996575,-4.038116665400081,9.910677352512252,0.4164063681420367,0.8448500051929848,0,0,0,0,0,0,6.790618614291521,6.764920218637385,6.766615530866247,6.792611500187813,0,0,0,0,0,0,1565.8488440610515
7.686771234935468,2.5801811887310593,-2.3183449279953616,1.5011120755367453,-0.6051102136431891,-0.3287071628422073,-0.3140100456649609,0.6535984406823582,0.5762859222829109,-0.7421745353159018,-4.096799099748952,9.910008716947077,0.403681715546245,0.8449587700950344,0,0,0,0,0,0,6.790382922849647,6.767750396650911,6.770505094853076,6.792411123942523,0,0,0,0,0,0,1565.8488440610515
7.693726907902277,2.584115670493916,-2.322418729820385,1.4724507791705352,-0.5827615674225584,-0.3366457589506917,-0.30141490327309634,0.6754314507043523,0.5521960199602242,-0.42955501069722896,-4.14209959422735,9.904925874944745,0.3928427648283702,0.8451004099759142,0,0,0,0,0,0,6.790240372255308,6.770188113668917,6.774666699635917,6.792164219935461,0,0,0,0,0,0,1565.8488440610515
7.700682580869086,2.5878239829877216,-2.3243274775050478,1.4435208624653308,-0.5597468752405764,-0.34419528192216725,-0.2884487778255189,0.6964268419093959,0.5112928373448622,-0.1198936385211197,-4.174047817163451,9.891471652213992,0.38372627003935206,0.8452945417424447,0,0,0,0,0,0,6.790304350037686,6.771427488927913,6.779048803599648,6.79178995627994,0,0,0,0,0,0,1565.8488440610515
7.707638253835895,2.59119009863338,-2.3240969137719945,1.4144148846317317,-0.5361222029151445,-0.35133373007128466,-0.27514577183058125,0.7165419721826239,0.4538584893312244,0.18532645711509976,-4.192747461202565,9.863040910589636,0.3758961484280946,0.8455709278560788,0,0,0,0,0,0,6.79068230297594,6.770616687634359,6.783317736865329,6.791151529151047,0,0,0,0,0,0,1565.8488440610515
7.714593926802704,2.594100331768119,-2.3217630298142264,1.3852243961618513,-0.5119675251691781,-0.3580358575499258,-0.26154977918772787,0.735725010372413,0.38028628299924244,0.48464420860488444,-4.198386876907326,9.81103903704977,0.3685934068948051,0.8459657201737513,0,0,0,0,0,0,6.791339953581122,6.766827193825492,6.786932506699348,6.790079103665534,0,0,0,0,0,0,1565.8488440610515
7.721549599769513,2.59644415565505,-2.3173718482981247,1.3560393059566944,-0.487394433650233,-0.3642741951695818,-0.2477174193911143,0.7539144891236199,0.2910934114521134,0.7766403447422154,-4.191252070467117,9.724182152908226,0.3607133686983514,0.8465322643494745,0,0,0,0,0,0,6.792107532151003,6.758618541134744,6.789640921220904,6.788376599350444,0,0,0,0,0,0,1565.8488440610515
7.728505272736322,2.5981151135798846,-2.310979045750353,1.3269471486504907,-0.4625601710511061,-0.3700190605499429,-0.233723908722643,0.7710363917989337,0.18693607326474915,1.0599631006136105,-4.171743070961124,9.5846183035068,0.3506711645997499,0.8473721048008842,0,0,0,0,0,0,6.792828306477831,6.7431823091105985,6.791549073095288,6.785772434829303,0,0,0,0,0,0,1565.8488440610515
7.735460945703131,2.5990118633901567,-2.3026493786369326,1.2980322091518413,-0.4376976651351186,-0.3752362918648987,-0.21967598135733923,0.786994880807643,0.0686342719612826,1.3333597756586553,-4.140400018517831,9.360996112764305,0.3359984078227356,0.8486809050808102,0,0,0,0,0,0,6.793430508310703,6.715424410762229,6.792877200685401,6.781815914214498,0,0,0,0,0,0,1565.8488440610515
7.74241661866994,2.59903943234825,-2.292455793139126,1.2693744256704471,-0.4131647693898859,-0.37988423791655673,-0.2057331386673693,0.8016587271224784,-0.0627953204555223,1.595745137061545,-4.097938588320722,9.005388079163245,0.31324204743662076,0.8507560925953693,0,0,0,0,0,0,6.793903290605207,6.671309564591964,6.793813176105303,6.775701973398978,0,0,0,0,0,0,1565.8488440610515
7.749372291636749,2.598110548437721,-2.2804776073025153,1.2410481626250278,-0.389458278775098,-0.3839199682546101,-0.1921148237999303,0.8148739789349265,-0.20617628486685188,1.8464274054831453,-4.0452295404165906,8.493127801660927,0.2816455888965187,0.853656460563929,0,0,0,0,0,0,6.794260306035814,6.632505868896955,6.794486112463646,6.765952702712109,0,0,0,0,0,0,1565.8488440610515
7.756327964603558,2.596146180514292,-2.266796685626362,1.2131215855529145,-0.3670305135476206,-0.3873299743308671,-0.1790262821101419,0.8265674100904535,-0.3603621350714002,2.0854014172864215,-3.9831444273852856,7.904418598863328,0.250669608720914,0.8565124183155001,0,0,0,0,0,0,6.794520956686666,6.649576978210268,6.7949799821316965,6.749821602162326,0,0,0,0,0,0,1565.8488440610515
7.763283637570367,2.5930749173112697,-2.2514932226613404,1.1856570473911114,-0.34600124268854776,-0.39015060801866286,-0.16654081782246938,0.8368570959964858,-0.5242611593837221,2.3130118714354397,-3.9125188410780916,7.346842693572264,0.23426114664319775,0.8580474969987226,0,0,0,0,0,0,6.794704718099625,6.697665778951579,6.795350312304736,6.722217883840489,0,0,0,0,0,0,1565.8488440610515
7.770239310537176,2.5888333295844728,-2.2346456330804645,1.1587108129990675,-0.32632756925319684,-0.39241408880690526,-0.15467274056307406,0.8459301648350498,-0.6966459993470984,2.5293910933082056,-3.8342837791368036,6.801136700141096,0.23918076422851917,0.8576428890020509,0,0,0,0,0,0,6.794829851443078,6.733732436838449,6.795635120270287,6.674299831098218,0,0,0,0,0,0,1565.8488440610515
7.777194983503985,2.5833671565360343,-2.2163319725705204,1.1323322622763823,-0.3081887364346735,-0.3940906107606939,-0.14354296138388548,0.8538780425108768,-0.8761271899850622,2.734585752550366,-3.74946919727312,6.146130944152522,0.2687309983221204,0.8549961356895377,0,0,0,0,0,0,6.794912744075923,6.754962292408844,6.795860955532009,6.595016534222116,0,0,0,0,0,0,1565.8488440610515
7.784150656470794,2.5766321476186724,-2.1966289235891647,1.1065634780255449,-0.2921437102353733,-0.39507905471912985,-0.13344924161274596,0.8606717684490018,-1.061227796599691,2.9290119281243934,-3.6591321720370438,5.259549520698481,0.3271630973470059,0.8497183157654637,0,0,0,0,0,0,6.79496688892823,6.767405676601145,6.796046061043793,6.491543145285823,0,0,0,0,0,0,1565.8488440610515
7.791106329437603,2.568594023359929,-2.1756075176660477,1.0814396305110023,-0.2789591396349347,-0.39525942919619533,-0.12477931913192582,0.8662458678473497,-1.2506394766660687,3.1139653345697145,-3.5641344893518125,4.164241033797928,0.4089190770410905,0.8423161165900915,0,0,0,0,0,0,6.795000629532271,6.775133144334715,6.79620155934476,6.4404064870825914,0,0,0,0,0,0,1565.8488440610515
7.798062002404412,2.5592259699325237,-2.1533261540647337,1.0569914276029277,-0.26897558535745764,-0.3946285228334957,-0.11769624441684683,0.8706710386236792,-1.4435554309127558,3.291719101083942,-3.464876318289525,3.1252574405125344,0.48923890341419823,0.8350496172499803,0,0,0,0,0,0,6.795014196743377,6.780309076051284,6.796331793426015,6.515367512303634,0,0,0,0,0,0,1565.8488440610515
7.805017675371221,2.5485056314253565,-2.1298267662908184,1.033247728580683,-0.261632006739582,-0.3933729853794083,-0.11191138774298039,0.8742323654021003,-1.6393441051338289,3.4644741335299574,-3.361633896979066,2.39070801236886,0.5457048384289828,0.8299656569687313,0,0,0,0,0,0,6.794998281719497,6.784058637730593,6.796435329456778,6.628421904091248,0,0,0,0,0,0,1565.8488440610515
7.81197334833803,2.536415857985977,-2.105139336038441,1.0102345079462736,-0.2559971314098735,-0.3917294710103007,-0.10695844148567071,0.8772533169198408,-1.8371548559741104,3.6334435295614544,-3.254952946442616,1.9488116450179642,0.5789291323533776,0.8270063020495657,0,0,0,0,0,0,6.79536651531873,6.788066047295577,6.796823107320757,6.697551160494454,0,0,0,0,0,0,1565.8488440610515
7.820412515385458,2.5198937999978535,-2.0736266298849104,0.9833244734253473,-0.2506031494070642,-0.3894159935454947,-0.10164422882847975,0.880466749073524,-2.0785614314632483,3.8339716251616816,-3.121879319973861,1.5558365958595897,0.6087963381146935,0.8243738884705941,0,0,0,0,0,0,6.795419570757935,6.7903373118933095,6.797038202735651,6.699413596736749,0,0,0,0,0,0,1565.8488440610515
7.828851682432886,2.5013315205232534,-2.04044009049724,0.9575516590120043,-0.24660041874146404,-0.3868061476358308,-0.09699458061096371,0.8832673938053899,-2.320570108486958,4.030298102578374,-2.9855063849462184,1.1846374232829373,0.6380320481367882,0.82181620513442,0,0,0,0,0,0,6.794858635902591,6.791419739946669,6.796918922275124,6.705382619520004,0,0,0,0,0,0,1565.8488440610515
7.837290849480315,2.4807261889231302,-2.005610764016269,0.9329424609782523,-0.2438726295453593,-0.3839344532654546,-0.09294864902228304,0.8857093342622743,-2.562675526270542,4.223466625205344,-2.846156033113562,0.8648873023195238,0.6639047129276121,0.8195957370633388,0,0,0,0,0,0,6.794106081879601,6.792341677323085,6.796770042120037,6.723227597987154,0,0,0,0,0,0,1565.8488440610515
7.845730016527743,2.458078796779999,-1.9691613120617377,0.9095208429917411,-0.242187801744681,-0.38085264540777125,-0.08939225838617776,0.8878656178232156,-2.8044441320763527,4.414379402493695,-2.704113557701718,0.6136298057167581,0.6849746132085717,0.8178554135441409,0,0,0,0,0,0,6.7931074419290995,6.793071763192729,6.796597821346677,6.738135049981868,0,0,0,0,0,0,1565.8488440610515
7.854169183575172,2.4333939469797077,-1.9311078193435338,0.8873082764031007,-0.2413211426186816,-0.37760597486666797,-0.08621693083043643,0.8898002442730543,-3.0454711396635576,4.603706650060365,-2.5596678201725953,0.41627946399449833,0.7025675757526852,0.8164900988611089,0,0,0,0,0,0,6.791778195401363,6.793629087821199,6.796407152187543,6.747958459868976,0,0,0,0,0,0,1565.8488440610515
7.8626083506226,2.406679340097935,-1.891461375587288,0.8663239854296243,-0.24110610401271163,-0.37422500384876656,-0.08334342398358545,0.8915589530596922,-3.2854276678464034,4.791972068378102,-2.4130605762762563,0.25695475547706526,0.7182062136015116,0.8153832777707796,0,0,0,0,0,0,6.789987832936437,6.794043376720172,6.796202070872084,6.753899208186686,0,0,0,0,0,0,1565.8488440610515
7.8710475176700285,2.3779451636953555,-1.850229080775941,0.8465853542655436,-0.241424210752538,-0.3707285732696563,-0.08071633484707169,0.8931738625333899,-3.524049378531522,4.979603044260443,-2.264488401337852,0.12492095563738474,0.7330966993779814,0.8144574487422711,0,0,0,0,0,0,6.787530703705042,6.794341597048225,6.795985896425909,6.757111416372867,0,0,0,0,0,0,1565.8488440610515
7.879486684717457,2.3472036387370476,-1.8074147398354914,0.8281082531635328,-0.24218712232886938,-0.367127361027183,-0.0782954617767152,0.8946690557007372,-3.7611154415718993,5.166956064896857,-2.114115574745773,0.014000411584698176,0.7482433471436953,0.8136696969670522,0,0,0,0,0,0,6.784070719589514,6.794544856771686,6.795761108882447,6.758283880128376,0,0,0,0,0,0,1565.8488440610515
7.887925851764885,2.314468726241094,-1.7630194024600443,0.8109072652494986,-0.24332180034603004,-0.36342608522393366,-0.07604901759292029,0.8960650249721416,-3.9964319553730423,5.354328770487043,-1.9620841930297197,-0.078318330050315,0.764642134432225,0.8130049735651832,0,0,0,0,0,0,6.779029868498315,6.794668591220879,6.795529070892232,6.75773348956411,0,0,0,0,0,0,1565.8488440610515
7.896365018812314,2.2797559550554007,-1.7170418455426173,0.7949958438985635,-0.24475702311577613,-0.35962453237462033,-0.07394793290426362,0.8973828049216376,-4.229819396274382,5.541961468544637,-1.8085206932624336,-0.15075428231255725,0.783502091696423,0.8124773235703983,0,0,0,0,0,0,6.771343822753968,6.794723498557847,6.79528968713206,6.7554958672287695,0,0,0,0,0,0,1565.8488440610515
7.904804185859742,2.2430823491852614,-1.6694790944953977,0.7803864247398272,-0.24640616585112515,-0.3557176630263067,-0.07195921419691294,0.898649440623992,-4.46110098833983,5.730025417238944,-1.653540360761811,-0.1963098223953895,0.8065849174265327,0.8121451851082885,0,0,0,0,0,0,6.758863931522324,6.794716389716583,6.795041092395984,6.751347417902646,0,0,0,0,0,0,1565.8488440610515
7.913243352907171,2.2044664683410553,-1.6203271343827097,0.7670904962473033,-0.24813565415353306,-0.3516947501222452,-0.07003444024892304,0.8999081492315033,-4.690086272644393,5.918586319404911,-1.4972533175852747,-0.19611603536775793,0.8369221904582648,0.8121599144335712,0,0,0,0,0,0,6.736662980304898,6.794650662796002,6.79477947041816,6.7447422010065505,0,0,0,0,0,0,1565.8488440610515
7.921682519954599,2.163928665463442,-1.569582149508686,0.7551185678576028,-0.2496884478169861,-0.3475368779143158,-0.06808241842314493,0.9012427984832778,-4.916531633717649,6.107504579408303,-1.3397860495030665,-0.09959200875542161,0.8808043460698661,0.8129219626963277,0,0,0,0,0,0,6.691154624577424,6.794526161572931,6.794499173203948,6.734588539957743,0,0,0,0,0,0,1565.8488440610515
7.9301216870020275,2.1214920594550843,-1.5172433301797768,0.744479625666051,-0.25044038060910634,-0.34320978048936174,-0.06588259562192367,0.9028544433799549,-5.139985964977428,6.296115257985551,-1.1814022895046885,0.25610069304648986,0.9553082703369239,0.8157146622394901,0,0,0,0,0,0,6.572688717937296,6.794337809307988,6.7941935650669345,6.718518776838805,0,0,0,0,0,0,1565.8488440610515
7.938560854049456,2.0771873876913793,-1.4633219493175658,0.7351769946540702,-0.24827087931731232,-0.3386332189881981,-0.06268529250403969,0.9054058027119014,-5.358832253151475,6.481749015253354,-1.0234197595903456,1.6267104211778658,1.1315518821879944,0.8264857198233027,0,0,0,0,0,0,6.105979725131606,6.79407105327377,6.793857453565944,6.689734455015818,0,0,0,0,0,0,1565.8488440610515
7.947000021096884,2.0310668418173563,-1.4078703481755708,0.7271966069784053,-0.23621508869705057,-0.3335402767874727,-0.0560534531143316,0.9109398037336717,-5.569649302410967,6.656797571307423,-0.8684821190240515,5.758152717733873,1.5792599203159097,0.8589760660701884,0,0,0,0,0,0,4.997837514387393,6.793687472395072,6.793490972356977,6.613933011120437,0,0,0,0,0,0,1565.8488440610515
7.955439188144313,1.9831874659408215,-1.3510159965879438,0.7205362677202171,-0.20631407152400605,-0.32713339429818394,-0.04334427344283057,0.921162048819777,-5.778057304152397,6.814231291244952,-0.7072624565973104,9.29531198615414,2.1477533964868036,0.8868134899728467,0,0,0,0,0,0,5.890124645864466,6.793147099592642,6.793052197402801,6.157510124947809,0,0,0,0,0,0,1565.8488440610515
7.963878355191741,1.9335729985346137,-1.2929491910993955,0.7152578761239761,-0.169494143343621,-0.3178251123927805,-0.028782522620356153,0.9324325711258361,-5.975474703884977,6.940060234327482,-0.54693740669409,9.78483241911239,3.173295203182205,0.8906979203267417,0,0,0,0,0,0,4.395454550719905,6.792521341063142,6.792349606056623,4.388523120418095,0,0,0,0,0,0,1565.8488440610515
7.97231752223917,1.8824199175303469,-1.2339932090070165,0.711236834189449,-0.131500478509003,-0.3016995275296285,-0.01502888898794813,0.9441711453630058,-6.141308477965639,7.025586360408322,-0.4107539299615668,9.836665743848714,5.343764389342757,0.8911606152734262,0,0,0,0,0,0,2.4660288341181404,6.7916748435575,6.791365236149597,2.5001166725093964,0,0,0,0,0,0,1565.8488440610515
7.980756689286598,1.829961895340594,-1.1744404365362109,0.7083306945075917,-0.09273486359244479,-0.2750083939335996,-0.0025041691571287745,0.9569557761346057,-6.291306234734819,7.085207013443001,-0.2722631356771329,9.898464442680334,7.829609198959286,0.8917337307404396,0,0,0,0,0,0,3.415866825287949,6.790475228221977,6.78995827126036,3.413917266894788,0,0,0,0,0,0,1565.8488440610515
7.989195856334026,1.7762076005006948,-1.1144493573784655,0.7067918536716614,-0.05357413395054263,-0.23936735701702974,0.00923646886439084,0.9694058841419565,-6.450281531411596,7.129398593111829,-0.08032407853996514,9.920563567564646,9.241002827020733,0.8920124210513302,0,0,0,0,0,0,5.794939602458512,6.788702807880035,6.787831822753517,5.807339834844911,0,0,0,0,0,0,1565.8488440610515
7.997635023381455,1.7211024165374342,-1.0541729397117512,0.7071230907692495,-0.014134030883030186,-0.19956900888947637,0.020766154149467406,0.9795617421600898,-6.605939601608349,7.150857412031032,0.16390254213624694,9.944848742676312,9.674529461031273,0.8922922097034028,0,0,0,0,0,0,6.43348631889442,6.785918988734424,6.784367829121502,6.431673432597076,0,0,0,0,0,0,1565.8488440610515
8.006074190428883,1.6647787799388039,-0.9938371398960503,0.709623662860986,0.025377212508421752,-0.1579450762461867,0.03221080658451077,0.9865960743455572,-6.737420668554374,7.143150879994909,0.43128090246285383,9.954755205153726,9.842052409034029,0.8923953952227934,0,0,0,0,0,0,6.61351179452302,6.781182408115729,6.777997001871474,6.6159422756966135,0,0,0,0,0,0,1565.8488440610515
8.014513357476313,1.6074727358878218,-0.9336926312238546,0.714435043304645,0.06483933553602297,-0.11527380253868486,0.04356208553947327,0.9902576208840662,-6.838126034311493,7.105563984303501,0.710236126132518,9.963892069582403,9.923511970929095,0.892320656419878,0,0,0,0,0,0,6.685667749660911,6.771858249354336,6.764412835975485,6.677551707028199,0,0,0,0,0,0,1565.8488440610515
8.022952524523742,1.5494575286553987,-0.8739892166481903,0.7216232526487206,0.10407663869009183,-0.07194599696255655,0.05477504151622489,0.9904501611019767,-6.905135256791591,7.0388047568700385,0.9934424784066787,9.968109681473855,9.964653203047142,0.8916559661281146,0,0,0,0,0,0,6.709427717118642,6.751157580341262,6.729272677221676,6.69053934017101,0,0,0,0,0,0,1565.8488440610515
8.031391691571171,1.4910249374023052,-0.8149668650296232,0.7311945283178641,0.14296588007456673,-0.028246059581063344,0.06580119465721594,0.9871337903416796,-6.9368687365344295,6.944519166221629,1.273746923256032,9.972326348872858,9.979716450789065,0.8892815404061164,0,0,0,0,0,0,6.699987996824619,6.705566999899242,6.640218076383044,6.633968039406974,0,0,0,0,0,0,1565.8488440610515
8.0398308586186,1.4324750868771194,-0.7568440102877941,0.7430826766909707,0.1813504992093216,0.015587711052025067,0.07657070615372331,0.9803091077103224,-6.933042056948689,6.8265936419435835,1.5401117417760715,9.974550076279742,9.981488718179452,0.8761346755809875,0,0,0,0,0,0,6.630732101025206,6.630849203213893,6.244781627111437,6.246599166758625,0,0,0,0,0,0,1565.8488440610515
8.04827002566603,1.3740793045194217,-0.6997167084572603,0.7569298679388575,0.21909468044945946,0.059429486213505155,0.08676813268730423,0.9700190453373101,-6.904632143243053,6.719604407768577,1.7148715525964031,9.975995383776786,9.981655631339775,0.6935034654837509,0,0,0,0,0,0,6.433492825987407,6.433932799570149,0.6307733402515447,0.6292412491761327,0,0,0,0,0,0,1565.8488440610515
8.056709192713459,1.315955810889079,-0.643352696297986,0.7717528656312911,0.255981154176972,0.10332843321093299,0.09549457073083074,0.9563878243460304,-6.868284467308457,6.638772021539387,1.7919189367785497,9.976415276022353,9.982017263116875,0.3648271589395118,0,0,0,0,0,0,5.632546449001199,5.633113013954184,0.3028659499189442,0.3036623910363528,0,0,0,0,0,0,1565.8488440610515
8.065148359760888,1.2581701007163362,-0.5876390143563258,0.7870585008247333,0.2918365129313804,0.1471887252034162,0.10265315947006226,0.9394835058391711,-6.826344033851417,6.567306662959349,1.8278593221228336,9.9768039685299,9.981732902799159,0.0950846189923866,0,0,0,0,0,0,4.085987728201081,4.084551411306523,0.2766593484542918,0.2769596232385441,0,0,0,0,0,0,1565.8488440610515
8.073587526808318,1.2007793660897146,-0.5325329139930419,0.8025869144009006,0.326492678234327,0.19084108751438664,0.10843313586909634,0.9193609005288926,-6.769172717811407,6.486449984302103,1.8571489252555353,9.976634980289454,9.98183642622857,-0.1791665562058831,0,0,0,0,0,0,5.878137249559279,5.879862895144048,0.39713353425877307,0.3964509012275039,0,0,0,0,0,0,1565.8488440610515
8.082026693855747,1.1440647150777117,-0.4783141744294089,0.8185351769303274,0.359773230280323,0.23419876553797309,0.1127511216623727,0.8961034234718827,-6.659389619583926,6.3501546344966115,1.9325217251089586,9.976216975251951,9.98123856146175,-0.4138487966527276,0,0,0,0,0,0,6.487972429936759,6.484419266546689,4.016241031664609,4.018500634064732,0,0,0,0,0,0,1565.8488440610515
8.090465860903176,1.0885775347519973,-0.4255380537757026,0.8353075134612289,0.39162401150633463,0.27694792411084157,0.11609296125545251,0.8697430110609236,-6.47975198029272,6.148239271661283,2.0446770408539954,9.974612213559949,9.981033251522792,-0.4893822459559423,0,0,0,0,0,0,6.646149669985547,6.64883708837126,6.554533225495912,6.552243166924569,0,0,0,0,0,0,1565.8488440610515
8.098905027950606,1.034830193784239,-0.3746333753205619,0.8530124705179746,0.42205210297526136,0.3187557649872445,0.11891815800294916,0.840312594430633,-6.253329720766797,5.914058953054153,2.145487245837221,9.972208308822033,9.977211314982895,-0.4925824718019322,0,0,0,0,0,0,6.716635724299743,6.701701992866036,6.682633899276214,6.6958459641134,0,0,0,0,0,0,1565.8488440610515
8.107344194998035,0.9831004593100252,-0.3257380498309828,0.8714156542370018,0.45097229837649166,0.35939572326717373,0.12130191724719304,0.807926076486237,-6.002523702961932,5.672970601221979,2.2093489440658702,9.968377282985438,9.957439370448848,-0.4931563410910752,0,0,0,0,0,0,6.755256961336549,6.708260673355797,6.703262752695387,6.749896274999876,0,0,0,0,0,0,1565.8488440610515
8.115783362045464,0.933571375910453,-0.27888853037905176,0.8901882817879573,0.47830155089739596,0.39865724588511114,0.12320104103178453,0.7727363911458606,-5.732624302986749,5.4299442411417465,2.2326208853454994,9.963305237622684,9.913764135739035,-0.4931468261294723,0,0,0,0,0,0,6.773250381835013,6.684096986615595,6.68512994409681,6.771900870159129,0,0,0,0,0,0,1565.8488440610515
8.124222529092894,0.8863828162348946,-0.2340833206391169,0.9089789236337431,0.503954692318087,0.43631830088026524,0.12455854278800023,0.7349429759009001,-5.44869968318051,5.189154603817161,2.2134076833573406,9.95504682524996,9.835532564909599,-0.49295900143212573,0,0,0,0,0,0,6.781573525376735,6.626908937794868,6.628834293034492,6.781439450905601,0,0,0,0,0,0,1565.8488440610515
8.132661696140323,0.8416301298904438,-0.1912862678628072,0.9274252344598628,0.527877495568037,0.4721235681172692,0.12527199182611212,0.6948032917056122,-5.156355823123981,4.954735277980619,2.150999974828705,9.942773091340221,9.693465954289428,-0.49269502419944317,0,0,0,0,0,0,6.786031249643605,6.498483186709973,6.503229203544711,6.7862568805517345,0,0,0,0,0,0,1565.8488440610515
8.141100863187752,0.7993550508942817,-0.15042373987654328,0.945164533994674,0.5500484763804384,0.5057052045162322,0.12513306360833137,0.6527255442747337,-4.862985147039561,4.731609304832677,2.04614640083455,9.92174945313355,9.407679836130194,-0.49235124241638617,0,0,0,0,0,0,6.7886965207976395,6.187439541629717,6.194521415760884,6.789060026979986,0,0,0,0,0,0,1565.8488440610515
8.149540030235181,0.7595177626437428,-0.11137021693315406,0.9618521604777008,0.570556014558729,0.5363758441250847,0.123595703532259,0.6095005251501661,-4.581454810314821,4.527684671881436,1.9028973552742177,9.88803807419227,8.741561820816424,-0.49190966459220337,0,0,0,0,0,0,6.790427671859468,5.3238282126167755,5.335529787722077,6.790853856329704,0,0,0,0,0,0,1565.8488440610515
8.15797919728261,0.7219325494134625,-0.07391485043520728,0.9772064902818685,0.5897402275367923,0.5626793096752246,0.11922441339704391,0.5669073978511799,-4.333722810886249,4.355197797305952,1.7330544384222513,9.830417829675874,7.183119135149096,-0.49129543608101917,0,0,0,0,0,0,6.7916204430145495,3.425664842126409,3.4455743683733684,6.792083352856667,0,0,0,0,0,0,1565.8488440610515
8.16641836433004,0.6862619326448455,-0.037778250635362956,0.9910615069856731,0.608243222998128,0.5825124055360354,0.10951838621217759,0.527944317286351,-4.125028526827162,4.2123054985714,1.548228761365406,9.748270345898886,4.66935245382935,-0.4905218763758384,0,0,0,0,0,0,6.792481266755014,2.3662780494766165,2.3910969868970793,6.7929717654612265,0,0,0,0,0,0,1565.8488440610515
8.17485753137747,0.6522471727472067,-0.0027847894567725674,1.0032958134442598,0.6264779972831064,0.594940621168447,0.09280122312684674,0.4949332371037652,-3.9383292028430517,4.081260968383347,1.3482312224852815,9.572079265791347,1.779543401782971,-0.4890533904016724,0,0,0,0,0,0,6.7931268136727505,2.239718701520581,2.309751840161619,6.7936414410972255,0,0,0,0,0,0,1565.8488440610515
8.183296698424899,0.6197642879698545,0.031096699248950404,1.013762080279186,0.6441981003298577,0.6002572864671536,0.06904962578580592,0.4689692386002861,-3.7606145112107288,3.9466867028620616,1.1285038380197194,9.19397536888324,-0.9923360754998186,-0.48604242528036856,0,0,0,0,0,0,6.793623795208421,2.678195241195127,2.8105804937994567,6.794162065809149,0,0,0,0,0,0,1565.8488440610515
8.191735865472328,0.5887698524309398,0.0637820877607565,1.022272039228562,0.6597211053461316,0.5993179713554152,0.04086095862077474,0.4515710513661159,-3.584250283116375,3.7956080086210817,0.8837041642822043,6.995608824126823,-3.269539684197379,-0.4687499778455989,0,0,0,0,0,0,6.794014798652333,3.2850146879829816,4.324482596269075,6.794572001437762,0,0,0,0,0,0,1565.8488440610515
8.200175032519757,0.5592704186500768,0.09509284994985763,1.0286120030372996,0.6669027273544391,0.5932679188788439,0.017995638262187835,0.4504998176247273,-3.406186665695473,3.6207721832690605,0.616257507100814,0.33790373740781954,-4.9202861546612375,-0.41638068866774164,0,0,0,0,0,0,6.794340890522391,3.427866929188776,5.935140104403295,6.794898738697158,0,0,0,0,0,0,1565.8488440610515
8.208614199567187,0.5313095051599733,0.12481911893951347,1.0326458536032492,0.659379238786615,0.5835030343080655,0.010545711977683952,0.47395360149422705,-3.2171243150041398,3.419189792133891,0.3391168007297222,-6.481704017561042,-5.940402179050569,-0.36267689671691916,0,0,0,0,0,0,6.79461433615047,5.19174403091467,6.317441183057823,6.795179982291925,0,0,0,0,0,0,1565.8488440610515
8.217053366614616,0.5050294174750174,0.15273569378488205,1.0343641993112218,0.6418526851179078,0.5711352073393016,0.012557148280748744,0.5115388778690045,-3.0079235134686857,3.1937421562796646,0.07145392554764816,-9.383871104675732,-6.476718872595882,-0.3397310368265403,0,0,0,0,0,0,6.794831160417886,5.966935726034316,6.387959126580805,6.795420918327634,0,0,0,0,0,0,1565.8488440610515
8.225492533662045,0.4805906126690386,0.1786850053066134,1.03392892948384,0.619498085198439,0.5564190080506403,0.01731194381552157,0.5534621093776315,-2.7815240434477526,2.954361041191204,-0.16931372628975067,-9.778037454211693,-6.861669546143796,-0.3364843614266835,0,0,0,0,0,0,6.794969863658665,6.327811273667865,6.117926795415306,6.795621081408726,0,0,0,0,0,0,1565.8488440610515
8.233931700709475,0.4581136389161369,0.2025804803206986,1.0316029686275512,0.5958145167450772,0.5393876622842079,0.02079515869343035,0.5946709785976799,-2.54393461876925,2.7079107033826886,-0.3758700161495927,-9.908573060577595,-7.2787974835885905,-0.33530403510929185,0,0,0,0,0,0,6.79508019901659,5.937920795788325,6.218603694232937,6.795730461220589,0,0,0,0,0,0,1565.8488440610515
8.242370867756904,0.4376691718070261,0.22438377583700603,1.027690092942365,0.5695651937546294,0.5196635189468288,0.023959871331327293,0.6363735080161935,-2.300720319719184,2.4592195762070443,-0.5450654238767424,-9.939571762555854,-7.824262406707984,-0.3348919811585464,0,0,0,0,0,0,6.795083949139331,5.95771365314472,5.694876428202585,6.795793235854263,0,0,0,0,0,0,1565.8488440610515
8.250810034804333,0.4192872837546208,0.24408730502434908,1.022510967777583,0.5425825012446251,0.4968365395463569,0.024890198660272273,0.6768590402184049,-2.055405467410423,2.210268477637111,-0.6759176149731241,-9.964512462414497,-8.499213503898295,-0.3345180271937618,0,0,0,0,0,0,6.795003116986741,5.539197041054192,5.816765298140385,6.7957670149159,0,0,0,0,0,0,1565.8488440610515
8.259249201851762,0.402989803569715,0.26167655845402105,1.016390840634028,0.5129991175047501,0.47054814165131154,0.02497781943216267,0.7174903904333905,-1.8056648886844897,1.9567559770866363,-0.7678861429678984,-9.973425948887257,-9.100275353724395,-0.3342485571491694,0,0,0,0,0,0,6.794768253521792,6.19006709347862,5.918870847208889,6.795655782510472,0,0,0,0,0,0,1565.8488440610515
8.267688368899192,0.38882634695817125,0.27709279353951416,1.0096669347258223,0.4828115568416941,0.44133170813999756,0.02326989163018107,0.7560276688811404,-1.5503437363172023,1.695731127169897,-0.8184686970329234,-9.98202697747615,-9.45789186407604,-0.3339718930091922,0,0,0,0,0,0,6.794381937366653,6.29119655956449,6.568825304575844,6.795374365308644,0,0,0,0,0,0,1565.8488440610515
8.276127535946621,0.37682028667571416,0.2902916094549153,1.0026988633238418,0.4499162383406409,0.4097641714021643,0.021610742925989832,0.7932223383785232,-1.2958119780969595,1.4325741735984838,-0.8256572714957647,-9.984769408886313,-9.64691831490761,-0.3337082794804312,0,0,0,0,0,0,6.7933820785161485,6.711378785806791,6.437842419065613,6.795050085134814,0,0,0,0,0,0,1565.8488440610515
8.28456670299405,0.366932988243385,0.30128523583748124,0.9958524113598866,0.4166294893814899,0.37631618771225156,0.01898685338347221,0.8273122112250195,-1.0491629564641807,1.1740395700281558,-0.7898328702802292,-9.9902988979645,-9.774054451516495,-0.33342452875750106,0,0,0,0,0,0,6.792701142095621,6.480092066220794,6.7592456100184295,6.7937347568032305,0,0,0,0,0,0,1565.8488440610515
8.29300587004148,0.35907625751396866,0.310133984069099,0.989484659567121,0.3806901035841928,0.34112842691355355,0.01666090931440012,0.8593188322650437,-0.8152624603089887,0.9249321833237647,-0.7125081457881474,-9.987788941648684,-9.877872513591528,-0.3330049721171974,0,0,0,0,0,0,6.785415262936988,6.7776290120130644,6.506289351103731,6.793561555785068,0,0,0,0,0,0,1565.8488440610515
8.301445037088909,0.35312600544243744,0.31693402528205467,0.9839372095041007,0.34467813479771364,0.30441588038666717,0.013609497317602007,0.8878866688623847,-0.5979557895164319,0.689144192627484,-0.5958518364154638,-9.994797355600756,-9.97112893768436,-0.33263919983683243,0,0,0,0,0,0,6.787278466129411,6.504787344423075,6.784795262981289,6.7840978244063095,0,0,0,0,0,0,1565.8488440610515
8.309884204136338,0.3489273137681941,0.3218132758593381,0.9795304084320544,0.3061281308653073,0.2663400864763054,0.010882754460589984,0.9139092359113447,-0.40068235413841863,0.4702932949710508,-0.44271379992434223,-9.987122896078986,-9.993634548296443,-0.32593935910987165,0,0,0,0,0,0,6.561619311070241,6.77644284741701,6.715396904614515,6.787878612074716,0,0,0,0,0,0,1565.8488440610515
8.318323371183768,0.34629553726639584,0.3249322151694632,0.9765529830010239,0.2678798078522592,0.22738223919676492,0.007756898123651705,0.9362038006622282,-0.2273944998998138,0.2728904246938024,-0.2583433277624048,-9.996533042885416,-9.972657551344918,-0.3177270900731384,0,0,0,0,0,0,6.596623814482155,6.44400410443898,6.779979560679782,6.640311453098571,0,0,0,0,0,0,1565.8488440610515
8.326762538231197,0.3449136269437524,0.32660751685299555,0.9750412319398286,0.2272975962099617,0.18751831054540422,0.005244044066459682,0.9555863048250532,-0.1154757803363225,0.14144401367615758,-0.12077786328320529,-9.989295772662649,-9.99730732389011,-0.1191502951743485,0,0,0,0,0,0,0.038037367705765886,0.1162787781165602,6.495525587668229,6.713448684343068,0,0,0,0,0,0,1565.8488440610515
8.335201705278626,0.34412275281639904,0.3275781622228138,0.9741249293362609,0.18760640076331384,0.14666958478468037,0.003449247105701243,0.9712260159129429,-0.08298082426009944,0.10178949604180679,-0.12141368765884576,-9.997039286482847,-9.983642174556012,0.07775533993154578,0,0,0,0,0,0,0.054431112249629356,0.01637307265623806,0.2999719617850737,0.03774061851469708,0,0,0,0,0,0,1565.8488440610515
8.343640872326056,0.34345990160568046,0.3283881211675209,0.9728877669703002,0.14576075522097096,0.10690208674315822,0.002438715200747087,0.9835241729390998,-0.07101502556232885,0.08594988685302851,-0.15782569739684998,-9.987078552319502,-8.86024530023011,0.07750882099448275,0,0,0,0,0,0,0.00803577147643038,3.521398797915498,3.221217351791156,0.013441598508489742,0,0,0,0,0,0,1565.8488440610515
8.352080039373485,0.34295919975748257,0.32897688705971784,0.9717093403955992,0.10501578879206239,0.0758411922909953,0.002516006530196386,0.991571211445452,-0.04624691693906807,0.05169875959610577,-0.10618302762404559,-9.997443834127681,-5.628809058821696,0.07784193887652029,0,0,0,0,0,0,0.0059246152620912465,6.478774466227987,6.788845239495578,0.004882880431352948,0,0,0,0,0,0,1565.8488440610515
8.360519206420914,0.3426715173708441,0.3292797308847172,0.971183192224787,0.06891533740563621,0.060530510636882584,0.0038963002610760264,0.9957768587372279,-0.02358265289726577,0.02287828778970755,-0.023766988264604157,-5.29236647643615,-1.7427197079900951,0.04099210755023932,0,0,0,0,0,0,0.002496113559343922,6.795135878429776,3.9827515935150237,0.00696876939973171,0,0,0,0,0,0,1565.8488440610515
8.368958373468343,0.34253707052026666,0.329402138167995,0.9711681148331738,0.06150923364957333,0.0580525131542503,0.004234041532322166,0.9964078446021088,-0.009772636908985157,0.008007010081650225,0.00894491181664048,-0.000286350577528682,-0.000841075793149388,-0.0004723547722176941,0,0,0,0,0,0,1.470437672373111,1.471436123945781,1.4706973305388693,1.4712040224954521,0,0,0,0,0,0,1565.8488440610515
