t,p_x,p_y,p_z,q_x,q_y,q_z,q_w,v_x,v_y,v_z,w_x,w_y,w_z,a_lin_x,a_lin_y,a_lin_z,a_rot_x,a_rot_y,a_rot_z,u_1,u_2,u_3,u_4,jerk_x,jerk_y,jerk_z,snap_x,snap_y,snap_z,thrust
0,-2.5,-3.5,1,0,0,0,1,0,0,0,0,0,0,0,0,0,0,0,0,1.467,1.4749,1.4762,1.4658,0,0,0,99.296,11.876,1.6327,9.8066
0.01,-2.5,-3.5,1,-2.9868e-05,0.00024932,0,1,1.6362e-05,1.9593e-06,2.6837e-07,-0.011866,0.098971,-2.3944e-09,0.0048901,0.00058581,8.0139e-05,0,0,0,1.4672,1.4748,1.4759,1.4661,0.97058,0.11636,0.015879,94.834,11.398,1.5433,9.8067
0.02,-2.5,-3.5,1,-0.00011785,0.00098218,0,1,0.00012941,1.5516e-05,2.1172e-06,-0.023247,0.19342,-3.7799e-08,0.019264,0.0023115,0.00031463,0,0,0,1.4674,1.4746,1.4757,1.4663,1.8969,0.22799,0.030873,90.453,10.928,1.4558,9.8069
0.03,-2.5,-3.5,1,-0.00026154,0.0021761,0,1,0.0004318,5.1832e-05,7.0462e-06,-0.034151,0.28343,-1.8878e-07,0.042684,0.0051301,0.00069471,0,0,0,1.4677,1.4745,1.4756,1.4666,2.7799,0.33496,0.045001,86.155,10.467,1.3702,9.8074
0.04,-2.5,-3.5,1,-0.00045857,0.0038092,0,0.99999,0.0010118,0.00012161,1.6468e-05,-0.044585,0.36906,-5.8858e-07,0.074721,0.0089954,0.0012118,0,0,0,1.468,1.4745,1.4755,1.4669,3.6203,0.43736,0.058283,81.937,10.014,1.2865,9.8081
0.05,-2.5,-3.5,1,-0.00070661,0.0058595,0,0.99998,0.0019535,0.00023508,3.1712e-05,-0.054554,0.45038,-1.4174e-06,0.11495,0.013862,0.0018576,0,0,0,1.4683,1.4744,1.4754,1.4673,4.4189,0.53526,0.070738,77.801,9.5687,1.2047,9.8091
0.06,-2.4999,-3.5,1,-0.0010033,0.0083057,0,0.99997,0.0033368,0.00040204,5.4022e-05,-0.064064,0.52744,-2.8986e-06,0.16296,0.019686,0.0026239,0,0,0,1.4687,1.4745,1.4754,1.4678,5.1766,0.62876,0.082384,73.744,9.1318,1.1248,9.8106
0.07,-2.4999,-3.5,1,-0.0013465,0.011127,0,0.99994,0.0052374,0.00063184,8.4564e-05,-0.07312,0.6003,-5.2954e-06,0.21835,0.026423,0.0035027,0,0,0,1.4691,1.4746,1.4755,1.4683,5.8941,0.71792,0.093239,69.766,8.703,1.0467,9.8126
0.08,-2.4998,-3.5,1,-0.0017337,0.014301,0,0.9999,0.007727,0.0009334,0.00012442,-0.081726,0.66902,-8.9069e-06,0.28071,0.03403,0.0044861,0,0,0,1.4697,1.4749,1.4757,1.4689,6.5722,0.80284,0.10332,65.867,8.2822,0.97039,9.8152
0.09,-2.4998,-3.5,1,-0.0021629,0.017809,0,0.99984,0.010874,0.0013152,0.00017461,-0.089886,0.73362,-1.4064e-05,0.34966,0.042466,0.0055666,0,0,0,1.4704,1.4752,1.476,1.4696,7.2117,0.8836,0.11265,62.047,7.8693,0.89594,9.8185
0.1,-2.4996,-3.5,1,-0.0026317,0.02163,0,0.99976,0.014741,0.0017853,0.00023606,-0.097602,0.79415,-2.1128e-05,0.42482,0.051689,0.0067367,0,0,0,1.4711,1.4757,1.4764,1.4704,7.8134,0.96026,0.12125,58.304,7.4643,0.82329,9.8227
0.11,-2.4995,-3.4999,1,-0.003138,0.025742,0,0.99966,0.019389,0.0023515,0.00030962,-0.10488,0.85066,-3.0482e-05,0.50581,0.061658,0.0079892,0,0,0,1.4721,1.4763,1.477,1.4714,8.378,1.0329,0.12912,54.637,7.0671,0.75242,9.8278
0.12,-2.4992,-3.4999,1,-0.0036794,0.030127,0,0.99954,0.024875,0.0030209,0.00039609,-0.11172,0.90317,-4.2532e-05,0.59226,0.072334,0.0093169,0,0,0,1.4732,1.477,1.4777,1.4725,8.9064,1.1016,0.1363,51.048,6.6777,0.68332,9.834
0.13,-2.499,-3.4999,1,-0.0042539,0.034763,0,0.99939,0.031252,0.0038004,0.00049618,-0.11812,0.95171,-5.77e-05,0.68382,0.083677,0.010713,0,0,0,1.4744,1.478,1.4786,1.4738,9.3992,1.1665,0.1428,47.533,6.296,0.61597,9.8415
0.14,-2.4986,-3.4998,1,-0.0048592,0.039631,0,0.9992,0.038568,0.0046965,0.00061055,-0.12409,0.99634,-7.6422e-05,0.78013,0.095651,0.012171,0,0,0,1.4759,1.4792,1.4797,1.4753,9.8573,1.2276,0.14863,44.094,5.922,0.55036,9.8502
0.15,-2.4982,-3.4998,1,-0.0054931,0.044712,0,0.99898,0.046869,0.0057154,0.00073978,-0.12962,1.0371,-9.9142e-05,0.88085,0.10822,0.013683,0,0,0,1.4776,1.4805,1.4811,1.477,10.281,1.285,0.15381,40.73,5.5555,0.48646,9.8603
0.16,-2.4977,-3.4997,1,-0.0061534,0.049985,0,0.99873,0.056198,0.0068627,0.00088438,-0.13474,1.074,-0.00012631,0.98565,0.12134,0.015245,0,0,0,1.4795,1.4821,1.4826,1.479,10.672,1.3387,0.15836,37.439,5.1965,0.42427,9.8719
0.17,-2.4971,-3.4996,1,-0.006838,0.055432,0,0.99844,0.066594,0.0081438,0.0010448,-0.13942,1.1071,-0.00015837,1.0942,0.13498,0.016849,0,0,0,1.4816,1.4839,1.4844,1.4811,11.03,1.3889,0.1623,34.222,4.845,0.36376,9.8851
0.18,-2.4963,-3.4996,1.0001,-0.0075448,0.061032,0,0.99811,0.078093,0.0095639,0.0012215,-0.14369,1.1364,-0.00019579,1.2061,0.1491,0.018489,0,0,0,1.484,1.486,1.4864,1.4836,11.357,1.4356,0.16564,31.077,4.501,0.30493,9.9
0.19,-2.4955,-3.4994,1.0001,-0.0082716,0.066768,0,0.99773,0.090728,0.011127,0.0014147,-0.14754,1.1621,-0.00023899,1.3212,0.16368,0.020159,0,0,0,1.4866,1.4884,1.4887,1.4862,11.652,1.479,0.16841,28.005,4.1642,0.24775,9.9165
0.2,-2.4945,-3.4993,1.0001,-0.0090164,0.072621,0,0.99732,0.10453,0.012839,0.0016247,-0.15099,1.1842,-0.0002884,1.4391,0.17867,0.021855,0,0,0,1.4895,1.491,1.4913,1.4892,11.917,1.5189,0.1706,25.004,3.8348,0.19221,9.9349
0.21,-2.4934,-3.4992,1.0001,-0.009777,0.078572,0,0.99686,0.11952,0.014702,0.0018519,-0.15403,1.2027,-0.00034446,1.5595,0.19405,0.02357,0,0,0,1.4926,1.4939,1.4941,1.4924,12.152,1.5557,0.17225,22.073,3.5125,0.13829,9.955
0.22,-2.4921,-3.499,1.0001,-0.010551,0.084604,0,0.99636,0.13572,0.016721,0.0020962,-0.15668,1.2178,-0.00040757,1.682,0.20978,0.025298,0,0,0,1.4961,1.497,1.4973,1.4958,12.359,1.5892,0.17337,19.213,3.1975,0.085974,9.9769
0.23,-2.4907,-3.4989,1.0001,-0.011338,0.0907,0,0.99581,0.15316,0.018899,0.0023579,-0.15894,1.2295,-0.0004781,1.8065,0.22582,0.027035,0,0,0,1.4998,1.5005,1.5007,1.4996,12.537,1.6196,0.17398,16.423,2.8895,0.035249,10.001
0.24,-2.489,-3.4987,1.0002,-0.012134,0.096842,0,0.99523,0.17186,0.021238,0.0026369,-0.16083,1.2379,-0.00055642,1.9327,0.24216,0.028776,0,0,0,1.5037,1.5042,1.5044,1.5036,12.688,1.647,0.17408,13.702,2.5886,-0.013902,10.026
0.25,-2.4872,-3.4984,1.0002,-0.012938,0.10302,0,0.9946,0.19182,0.023743,0.0029334,-0.16235,1.2432,-0.00064288,2.0602,0.25875,0.030516,0,0,0,1.508,1.5082,1.5083,1.5078,12.811,1.6714,0.17371,11.049,2.2946,-0.061495,10.054
0.26,-2.4852,-3.4982,1.0002,-0.013749,0.1092,0,0.99392,0.21307,0.026414,0.0032472,-0.16352,1.2455,-0.0007378,2.1888,0.27558,0.032249,0,0,0,1.5125,1.5125,1.5126,1.5124,12.909,1.6929,0.17286,8.4645,2.0076,-0.10755,10.083
0.27,-2.483,-3.4979,1.0003,-0.014564,0.11539,0,0.99321,0.2356,0.029255,0.0035783,-0.16435,1.2448,-0.00084148,2.3183,0.2926,0.033971,0,0,0,1.5173,1.517,1.5171,1.5172,12.981,1.7116,0.17156,5.9469,1.7275,-0.15208,10.114
0.28,-2.4805,-3.4976,1.0003,-0.015382,0.12156,0,0.99246,0.25944,0.032267,0.0039266,-0.16486,1.2413,-0.00095417,2.4484,0.3098,0.035679,0,0,0,1.5223,1.5218,1.5218,1.5222,13.028,1.7275,0.16982,3.4959,1.4542,-0.1951,10.147
0.29,-2.4778,-3.4973,1.0003,-0.016201,0.1277,0,0.99168,0.28457,0.035451,0.0042918,-0.16505,1.2352,-0.0010761,2.5788,0.32714,0.037366,0,0,0,1.5275,1.5269,1.5269,1.5275,13.051,1.7407,0.16766,1.111,1.1876,-0.23662,10.181
0.3,-2.4748,-3.4969,1.0004,-0.017019,0.13381,0,0.99086,0.31101,0.03881,0.0046738,-0.16494,1.2265,-0.0012076,2.7093,0.34461,0.03903,0,0,0,1.533,1.5322,1.5322,1.5331,13.05,1.7513,0.1651,-1.2084,0.92767,-0.27667,10.217
0.31,-2.4715,-3.4965,1.0004,-0.017836,0.13985,0,0.99001,0.33876,0.042344,0.0050723,-0.16455,1.2154,-0.0013487,2.8397,0.36216,0.040667,0,0,0,1.5388,1.5377,1.5377,1.5388,13.027,1.7593,0.16214,-3.4631,0.67439,-0.31526,10.255
0.32,-2.468,-3.496,1.0005,-0.01865,0.14583,0,0.98913,0.3678,0.046054,0.0054871,-0.16389,1.202,-0.0014997,2.9698,0.37978,0.042272,0,0,0,1.5447,1.5435,1.5434,1.5448,12.981,1.7648,0.1588,-5.6535,0.42768,-0.35241,10.294
0.33,-2.4642,-3.4956,1.0005,-0.019459,0.15174,0,0.98823,0.39815,0.04994,0.0059177,-0.16298,1.1866,-0.0016607,3.0993,0.39745,0.043842,0,0,0,1.5508,1.5494,1.5493,1.5509,12.914,1.7679,0.15509,-7.7802,0.18748,-0.38813,10.334
0.34,-2.46,-3.495,1.0006,-0.020262,0.15756,0,0.9873,0.42979,0.054003,0.0063638,-0.16184,1.1692,-0.0018318,3.228,0.41513,0.045373,0,0,0,1.5571,1.5556,1.5554,1.5572,12.826,1.7686,0.15104,-9.844,-0.046281,-0.42243,10.376
0.35,-2.4556,-3.4945,1.0007,-0.021059,0.16328,0,0.98636,0.46271,0.058242,0.006825,-0.16047,1.1499,-0.0020132,3.3557,0.43281,0.046861,0,0,0,1.5636,1.5619,1.5617,1.5637,12.717,1.767,0.14665,-11.845,-0.27365,-0.45535,10.418
0.36,-2.4508,-3.4939,1.0007,-0.021848,0.1689,0,0.98539,0.4969,0.062659,0.0073008,-0.1589,1.1289,-0.0022049,3.4823,0.45046,0.048304,0,0,0,1.5702,1.5684,1.5682,1.5703,12.589,1.7631,0.14194,-13.785,-0.49469,-0.48688,10.462
0.37,-2.4456,-3.4932,1.0008,-0.022629,0.1744,0,0.98441,0.53235,0.067251,0.0077909,-0.15715,1.1064,-0.002407,3.6074,0.46807,0.049699,0,0,0,1.5769,1.575,1.5748,1.5771,12.442,1.7571,0.13691,-15.663,-0.70947,-0.51705,10.506
0.38,-2.4401,-3.4925,1.0009,-0.023399,0.17978,0,0.98343,0.56904,0.07202,0.0082946,-0.15521,1.0825,-0.0026196,3.731,0.4856,0.051042,0,0,0,1.5837,1.5817,1.5815,1.5839,12.276,1.749,0.1316,-17.481,-0.91803,-0.54587,10.551
0.39,-2.4343,-3.4918,1.001,-0.024159,0.18504,0,0.98243,0.60696,0.076963,0.0088115,-0.15312,1.0572,-0.0028427,3.8529,0.50304,0.05233,0,0,0,1.5906,1.5885,1.5883,1.5908,12.093,1.7388,0.126,-19.239,-1.1205,-0.57336,10.597
0.4,-2.428,-3.491,1.0011,-0.024909,0.19017,0,0.98144,0.64609,0.08208,0.009341,-0.15088,1.0307,-0.0030764,3.9728,0.52037,0.053561,0,0,0,1.5976,1.5954,1.5951,1.5978,11.892,1.7266,0.12014,-20.937,-1.3168,-0.59954,10.643
0.41,-2.4213,-3.4901,1.0012,-0.025646,0.19516,0,0.98044,0.68641,0.08737,0.0098826,-0.14852,1.0032,-0.0033207,4.0907,0.53756,0.054732,0,0,0,1.6046,1.6023,1.602,1.6048,11.674,1.7124,0.11402,-22.576,-1.5071,-0.62442,10.69
0.42,-2.4143,-3.4892,1.0013,-0.026371,0.2,0,0.97944,0.7279,0.092831,0.010435,-0.14603,0.97473,-0.0035757,4.2063,0.55461,0.05584,0,0,0,1.6116,1.6093,1.609,1.6119,11.44,1.6964,0.10765,-24.158,-1.6914,-0.64801,10.736
0.43,-2.4068,-3.4883,1.0014,-0.027083,0.2047,0,0.97845,0.77053,0.098462,0.010999,-0.14344,0.94538,-0.0038413,4.3194,0.57149,0.056884,0,0,0,1.6187,1.6163,1.616,1.6189,11.191,1.6786,0.10106,-25.682,-1.8699,-0.67035,10.783
0.44,-2.3988,-3.4873,1.0015,-0.027782,0.20925,0,0.97747,0.81428,0.10426,0.011573,-0.14076,0.91528,-0.0041177,4.43,0.58818,0.057861,0,0,0,1.6257,1.6232,1.6229,1.6259,10.927,1.6591,0.094249,-27.148,-2.0424,-0.69143,10.83
0.45,-2.3905,-3.4862,1.0016,-0.028468,0.21364,0,0.9765,0.85912,0.11022,0.012156,-0.13799,0.88452,-0.0044047,4.5379,0.60466,0.058768,0,0,0,1.6327,1.6301,1.6298,1.6329,10.648,1.6378,0.087235,-28.559,-2.2092,-0.71127,10.876
0.46,-2.3817,-3.4851,1.0017,-0.029139,0.21788,0,0.97554,0.90503,0.11635,0.012748,-0.13515,0.85316,-0.0047025,4.6429,0.62093,0.059605,0,0,0,1.6396,1.637,1.6367,1.6398,10.356,1.6149,0.080028,-29.913,-2.3703,-0.7299,10.922
0.47,-2.3724,-3.4839,1.0019,-0.029796,0.22197,0,0.9746,0.95197,0.12264,0.013348,-0.13225,0.82131,-0.0050111,4.745,0.63696,0.060368,0,0,0,1.6464,1.6438,1.6435,1.6466,10.05,1.5904,0.072641,-31.213,-2.5257,-0.74733,10.967
0.48,-2.3626,-3.4826,1.002,-0.030439,0.22589,0,0.97368,0.99992,0.12909,0.013955,-0.1293,0.78901,-0.0053306,4.8439,0.65273,0.061057,0,0,0,1.6531,1.6505,1.6501,1.6534,9.7317,1.5644,0.065085,-32.458,-2.6755,-0.76358,11.012
0.49,-2.3524,-3.4813,1.0021,-0.031067,0.22965,0,0.97278,1.0488,0.1357,0.014569,-0.1263,0.75635,-0.0056609,4.9396,0.66824,0.06167,0,0,0,1.6597,1.6571,1.6567,1.66,9.4012,1.5369,0.057373,-33.649,-2.8197,-0.77865,11.056
0.5,-2.3416,-3.4799,1.0023,-0.031681,0.23324,0,0.9719,1.0987,0.14245,0.015188,-0.12326,0.72338,-0.0060021,5.0319,0.68346,0.062204,0,0,0,1.6662,1.6635,1.6631,1.6664,9.0589,1.508,0.049516,-34.786,-2.9584,-0.79258,11.099
0.51,-2.3304,-3.4784,1.0024,-0.032279,0.23667,0,0.97105,1.1495,0.14936,0.015813,-0.1202,0.69015,-0.0063543,5.1207,0.69839,0.062659,0,0,0,1.6725,1.6698,1.6694,1.6727,8.7056,1.4778,0.041525,-35.871,-3.0918,-0.80536,11.141
0.52,-2.3186,-3.4769,1.0026,-0.032863,0.23994,0,0.97023,1.2011,0.15642,0.016441,-0.11711,0.65671,-0.0067176,5.206,0.71302,0.063034,0,0,0,1.6786,1.6759,1.6755,1.6788,8.3417,1.4462,0.033413,-36.904,-3.2197,-0.81703,11.181
0.53,-2.3064,-3.4753,1.0028,-0.033431,0.24304,0,0.96944,1.2536,0.16362,0.017073,-0.114,0.6231,-0.0070921,5.2875,0.72731,0.063327,0,0,0,1.6845,1.6818,1.6814,1.6847,7.9677,1.4134,0.025189,-37.885,-3.3423,-0.82759,11.221
0.54,-2.2936,-3.4736,1.003,-0.033985,0.24598,0,0.96868,1.3068,0.17097,0.017708,-0.11087,0.58935,-0.0074777,5.3653,0.74128,0.063538,0,0,0,1.6902,1.6875,1.6871,1.6904,7.5842,1.3794,0.016864,-38.816,-3.4597,-0.83706,11.259
0.55,-2.2802,-3.4719,1.0031,-0.034524,0.24875,0,0.96795,1.3609,0.17845,0.018344,-0.10774,0.55551,-0.0078747,5.4392,0.7549,0.063664,0,0,0,1.6957,1.6929,1.6925,1.6959,7.1916,1.3442,0.0084508,-39.695,-3.5719,-0.84546,11.295
0.56,-2.2664,-3.4701,1.0033,-0.035048,0.25135,0,0.96726,1.4156,0.18606,0.018981,-0.1046,0.52158,-0.0082832,5.5091,0.76816,0.063706,0,0,0,1.7009,1.6981,1.6977,1.7011,6.7904,1.308,-4.1426e-05,-40.526,-3.679,-0.85281,11.33
0.57,-2.2519,-3.4682,1.0035,-0.035556,0.25379,0,0.9666,1.471,0.19381,0.019617,-0.10146,0.4876,-0.0087032,5.575,0.78105,0.063663,0,0,0,1.7058,1.7031,1.7027,1.7061,6.3812,1.2707,-0.0086019,-41.307,-3.781,-0.85912,11.363
0.58,-2.2369,-3.4662,1.0037,-0.03605,0.25606,0,0.96599,1.5271,0.20168,0.020253,-0.098319,0.45358,-0.0091349,5.6367,0.79357,0.063534,0,0,0,1.7105,1.7078,1.7074,1.7107,5.9644,1.2324,-0.01722,-42.039,-3.8779,-0.8644,11.394
0.59,-2.2214,-3.4641,1.0039,-0.03653,0.25817,0,0.96541,1.5837,0.20968,0.020888,-0.095179,0.41953,-0.0095785,5.6942,0.8057,0.063319,0,0,0,1.7149,1.7121,1.7117,1.7151,5.5406,1.1931,-0.025887,-42.724,-3.97,-0.86868,11.423
0.6,-2.2053,-3.462,1.0041,-0.036994,0.26011,0,0.96487,1.641,0.2178,0.02152,-0.092044,0.38547,-0.010034,5.7475,0.81743,0.063016,0,0,0,1.719,1.7162,1.7158,1.7192,5.1101,1.153,-0.034591,-43.362,-4.0571,-0.87197,11.45
0.61,-2.1886,-3.4598,1.0043,-0.037444,0.26189,0,0.96437,1.6987,0.22603,0.022148,-0.088915,0.3514,-0.010502,5.7964,0.82875,0.062627,0,0,0,1.7227,1.72,1.7196,1.723,4.6735,1.112,-0.043323,-43.952,-4.1394,-0.87428,11.475
0.62,-2.1713,-3.4575,1.0046,-0.037879,0.2635,0,0.96392,1.7569,0.23437,0.022772,-0.085792,0.31733,-0.010982,5.8409,0.83967,0.06215,0,0,0,1.7262,1.7234,1.723,1.7264,4.2312,1.0702,-0.052073,-44.497,-4.217,-0.87563,11.498
0.63,-2.1534,-3.4551,1.0048,-0.0383,0.26494,0,0.9635,1.8155,0.24282,0.023391,-0.082676,0.28325,-0.011475,5.881,0.85016,0.061585,0,0,0,1.7293,1.7265,1.7261,1.7295,3.7837,1.0277,-0.060832,-44.996,-4.2898,-0.87604,11.519
0.64,-2.135,-3.4526,1.005,-0.038706,0.26622,0,0.96313,1.8745,0.25137,0.024003,-0.079567,0.24915,-0.01198,5.9166,0.86022,0.060933,0,0,0,1.7321,1.7293,1.7289,1.7323,3.3314,0.98442,-0.069591,-45.45,-4.358,-0.87553,11.538
0.65,-2.1159,-3.4501,1.0053,-0.039098,0.26734,0,0.96281,1.9338,0.26002,0.024609,-0.076465,0.21505,-0.012499,5.9476,0.86984,0.060194,0,0,0,1.7345,1.7317,1.7313,1.7347,2.8749,0.94052,-0.07834,-45.86,-4.4215,-0.8741,11.554
0.66,-2.0963,-3.4474,1.0055,-0.039476,0.26829,0,0.96253,1.9934,0.26877,0.025207,-0.07337,0.18093,-0.01303,5.9741,0.87903,0.059366,0,0,0,1.7365,1.7337,1.7333,1.7367,2.4144,0.896,-0.08707,-46.226,-4.4806,-0.87178,11.567
0.67,-2.0761,-3.4447,1.0058,-0.039839,0.26907,0,0.9623,2.0533,0.2776,0.025796,-0.070282,0.14677,-0.013575,5.9959,0.88776,0.058452,0,0,0,1.7382,1.7354,1.735,1.7384,1.9505,0.85092,-0.095772,-46.55,-4.5352,-0.86859,11.578
0.68,-2.0552,-3.4419,1.006,-0.040189,0.26969,0,0.96211,2.1133,0.28652,0.026376,-0.067199,0.11258,-0.014134,6.0131,0.89604,0.057451,0,0,0,1.7395,1.7367,1.7363,1.7397,1.4835,0.80532,-0.10444,-46.83,-4.5853,-0.86453,11.587
0.69,-2.0338,-3.439,1.0063,-0.040524,0.27015,0,0.96197,2.1735,0.29552,0.026945,-0.064119,0.078334,-0.014707,6.0256,0.90387,0.056364,0,0,0,1.7404,1.7376,1.7372,1.7406,1.014,0.75923,-0.11306,-47.069,-4.6312,-0.85962,11.593
0.7,-2.0118,-3.436,1.0066,-0.040845,0.27044,0,0.96187,2.2338,0.3046,0.027503,-0.061043,0.044021,-0.015294,6.0333,0.91123,0.05519,0,0,0,1.741,1.7382,1.7378,1.7412,0.54229,0.71271,-0.12163,-47.267,-4.6727,-0.85389,11.597
0.71,-1.9891,-3.4329,1.0069,-0.041152,0.27057,0,0.96182,2.2942,0.31374,0.028048,-0.057968,0.0096256,-0.015895,6.0364,0.91812,0.053931,0,0,0,1.7411,1.7383,1.7379,1.7413,0.068804,0.66579,-0.13014,-47.424,-4.71,-0.84733,11.598
0.72,-1.9659,-3.4297,1.0071,-0.041446,0.27053,0,0.96182,2.3545,0.32296,0.028581,-0.054892,-0.024868,-0.016511,6.0347,0.92454,0.052588,0,0,0,1.7409,1.7381,1.7377,1.7411,-0.40605,0.61852,-0.13857,-47.541,-4.7431,-0.83998,11.596
0.73,-1.942,-3.4264,1.0074,-0.041725,0.27032,0,0.96187,2.4148,0.33223,0.0291,-0.051814,-0.059476,-0.017142,6.0283,0.93049,0.05116,0,0,0,1.7403,1.7375,1.7371,1.7405,-0.88188,0.57094,-0.14693,-47.618,-4.7721,-0.83184,11.592
0.74,-1.9176,-3.423,1.0077,-0.04199,0.26995,0,0.96196,2.4751,0.34157,0.029604,-0.048731,-0.094218,-0.017788,6.0171,0.93596,0.049649,0,0,0,1.7393,1.7365,1.7361,1.7395,-1.3583,0.52309,-0.15521,-47.657,-4.7971,-0.82294,11.586
0.75,-1.8925,-3.4196,1.008,-0.042242,0.26941,0,0.9621,2.5352,0.35095,0.030092,-0.045641,-0.12911,-0.018449,6.0011,0.94095,0.048056,0,0,0,1.7379,1.7351,1.7347,1.7381,-1.8349,0.47501,-0.16339,-47.657,-4.818,-0.81327,11.576
0.76,-1.8669,-3.416,1.0083,-0.042479,0.2687,0,0.96229,2.5951,0.36038,0.030565,-0.042542,-0.16418,-0.019126,5.9804,0.94546,0.046382,0,0,0,1.7362,1.7333,1.7329,1.7364,-2.3113,0.42675,-0.17147,-47.62,-4.8351,-0.80287,11.565
0.77,-1.8406,-3.4124,1.0086,-0.042703,0.26782,0,0.96252,2.6548,0.36986,0.03102,-0.039432,-0.19943,-0.01982,5.9549,0.94948,0.044627,0,0,0,1.734,1.7312,1.7307,1.7342,-2.7872,0.37833,-0.17944,-47.546,-4.8482,-0.79175,11.55
0.78,-1.8138,-3.4086,1.009,-0.042912,0.26677,0,0.9628,2.7142,0.37937,0.031457,-0.036307,-0.23489,-0.020529,5.9246,0.95302,0.042793,0,0,0,1.7315,1.7286,1.7282,1.7317,-3.2621,0.32979,-0.1873,-47.435,-4.8576,-0.77992,11.533
0.79,-1.7863,-3.4048,1.0093,-0.043107,0.26555,0,0.96313,2.7732,0.38892,0.031875,-0.033165,-0.27059,-0.021255,5.8896,0.95608,0.040882,0,0,0,1.7286,1.7257,1.7253,1.7288,-3.7357,0.28119,-0.19504,-47.289,-4.8632,-0.7674,11.514
0.8,-1.7583,-3.4008,1.0096,-0.043288,0.26415,0,0.96351,2.8319,0.39849,0.032274,-0.030003,-0.30653,-0.021997,5.8499,0.95865,0.038893,0,0,0,1.7254,1.7225,1.722,1.7256,-4.2078,0.23254,-0.20265,-47.107,-4.8651,-0.75419,11.492
0.81,-1.7297,-3.3968,1.0099,-0.043454,0.26258,0,0.96393,2.8902,0.40809,0.032653,-0.026818,-0.34273,-0.022756,5.8055,0.96073,0.036829,0,0,0,1.7218,1.7188,1.7184,1.722,-4.6778,0.1839,-0.21012,-46.89,-4.8634,-0.74033,11.468
0.82,-1.7005,-3.3927,1.0102,-0.043606,0.26084,0,0.9644,2.948,0.4177,0.033011,-0.023608,-0.37922,-0.023532,5.7564,0.96233,0.034691,0,0,0,1.7178,1.7148,1.7144,1.718,-5.1455,0.13529,-0.21745,-46.64,-4.8581,-0.72582,11.442
0.83,-1.6707,-3.3885,1.0106,-0.043743,0.25892,0,0.96491,3.0053,0.42733,0.033347,-0.020368,-0.41602,-0.024325,5.7026,0.96344,0.03248,0,0,0,1.7135,1.7105,1.71,1.7137,-5.6105,0.086747,-0.22464,-46.356,-4.8493,-0.71068,11.413
0.84,-1.6404,-3.3841,1.0109,-0.043865,0.25681,0,0.96547,3.0621,0.43697,0.03366,-0.017097,-0.45313,-0.025135,5.6442,0.96406,0.030199,0,0,0,1.7089,1.7059,1.7054,1.7091,-6.0725,0.038312,-0.23166,-46.04,-4.8371,-0.69493,11.382
0.85,-1.6095,-3.3797,1.0112,-0.043973,0.25453,0,0.96606,3.1182,0.44661,0.03395,-0.013792,-0.49057,-0.025963,5.5812,0.9642,0.027848,0,0,0,1.7039,1.7009,1.7004,1.7041,-6.5311,-0.0099827,-0.23853,-45.691,-4.8214,-0.67858,11.349
0.86,-1.578,-3.3752,1.0116,-0.044065,0.25206,0,0.96671,3.1737,0.45625,0.034217,-0.010448,-0.52836,-0.026808,5.5136,0.96386,0.025429,0,0,0,1.6987,1.6956,1.6951,1.6988,-6.9862,-0.058105,-0.24523,-45.311,-4.8025,-0.66164,11.314
0.87,-1.546,-3.3706,1.0119,-0.044141,0.24941,0,0.96739,3.2285,0.46589,0.034459,-0.0070634,-0.56651,-0.02767,5.4414,0.96304,0.022944,0,0,0,1.6931,1.69,1.6895,1.6933,-7.4373,-0.10602,-0.25176,-44.899,-4.7802,-0.64413,11.276
0.88,-1.5135,-3.3659,1.0123,-0.044202,0.24657,0,0.96812,3.2825,0.47551,0.034675,-0.0036348,-0.60503,-0.02855,5.3648,0.96174,0.020394,0,0,0,1.6872,1.6841,1.6836,1.6874,-7.8841,-0.1537,-0.25811,-44.457,-4.7548,-0.62607,11.237
0.89,-1.4804,-3.3611,1.0126,-0.044247,0.24354,0,0.96888,3.3357,0.48512,0.034866,-0.00015937,-0.64392,-0.029446,5.2838,0.95997,0.017782,0,0,0,1.6811,1.678,1.6774,1.6813,-8.3263,-0.20111,-0.26428,-43.986,-4.7262,-0.60747,11.196
0.9,-1.4468,-3.3562,1.013,-0.044275,0.24032,0,0.96968,3.3882,0.49471,0.035031,0.0033659,-0.6832,-0.03036,5.1983,0.95772,0.015109,0,0,0,1.6747,1.6716,1.671,1.6749,-8.7637,-0.24821,-0.27026,-43.485,-4.6945,-0.58835,11.154
0.91,-1.4126,-3.3512,1.0133,-0.044287,0.2369,0,0.97052,3.4397,0.50427,0.035168,0.0069438,-0.72286,-0.03129,5.1085,0.955,0.012377,0,0,0,1.6681,1.6649,1.6644,1.6683,-9.1959,-0.29499,-0.27605,-42.956,-4.6598,-0.56872,11.11
0.92,-1.378,-3.3461,1.0137,-0.044282,0.23329,0,0.9714,3.4903,0.51381,0.035278,0.010577,-0.7629,-0.032237,5.0144,0.95182,0.0095888,0,0,0,1.6613,1.658,1.6575,1.6615,-9.6227,-0.3414,-0.28163,-42.399,-4.6222,-0.5486,11.064
0.93,-1.3428,-3.3409,1.014,-0.044259,0.22947,0,0.97231,3.54,0.52331,0.03536,0.014268,-0.80333,-0.0332,4.9161,0.94818,0.0067453,0,0,0,1.6542,1.651,1.6504,1.6544,-10.044,-0.38742,-0.28702,-41.814,-4.5816,-0.528,11.017
0.94,-1.3072,-3.3356,1.0144,-0.044219,0.22546,0,0.97325,3.5886,0.53277,0.035413,0.018019,-0.84413,-0.034178,4.8136,0.94408,0.0038491,0,0,0,1.647,1.6437,1.6431,1.6472,-10.459,-0.43302,-0.29219,-41.203,-4.5382,-0.50694,10.968
0.95,-1.2711,-3.3303,1.0147,-0.044161,0.22124,0,0.97422,3.6362,0.54219,0.035437,0.021832,-0.88528,-0.035171,4.7069,0.93952,0.00090218,0,0,0,1.6396,1.6363,1.6357,1.6398,-10.868,-0.47817,-0.29716,-40.565,-4.492,-0.48544,10.919
0.96,-1.2345,-3.3248,1.0151,-0.044084,0.21682,0,0.97522,3.6827,0.55156,0.035431,0.025709,-0.92678,-0.036179,4.5962,0.93451,-0.0020933,0,0,0,1.6321,1.6287,1.6281,1.6323,-11.27,-0.52285,-0.3019,-39.902,-4.443,-0.46351,10.869
0.97,-1.1974,-3.3192,1.0154,-0.043988,0.21219,0,0.97624,3.7281,0.56088,0.035395,0.029651,-0.9686,-0.037199,4.4816,0.92906,-0.0051351,0,0,0,1.6244,1.621,1.6204,1.6246,-11.666,-0.56703,-0.30642,-39.214,-4.3914,-0.44116,10.817
0.98,-1.1599,-3.3136,1.0158,-0.043873,0.20735,0,0.97728,3.7724,0.57014,0.035328,0.033659,-1.0107,-0.038232,4.3629,0.92317,-0.008221,0,0,0,1.6166,1.6132,1.6126,1.6168,-12.054,-0.61067,-0.31072,-38.502,-4.3372,-0.41841,10.765
0.99,-1.122,-3.3078,1.0162,-0.043738,0.20229,0,0.97835,3.8154,0.57934,0.03523,0.037735,-1.0531,-0.039277,4.2405,0.91685,-0.011349,0,0,0,1.6087,1.6054,1.6047,1.609,-12.436,-0.65376,-0.31479,-37.765,-4.2804,-0.39528,10.713
1,-1.0836,-3.302,1.0165,-0.043583,0.19703,0,0.97943,3.8572,0.58847,0.035101,0.041878,-1.0957,-0.040332,4.1143,0.9101,-0.014516,0,0,0,1.6008,1.5974,1.5968,1.6011,-12.81,-0.69627,-0.31863,-37.006,-4.2212,-0.37178,10.66
1.01,-1.0448,-3.2961,1.0169,-0.043408,0.19154,0,0.98052,3.8977,0.59754,0.03494,0.046089,-1.1384,-0.041395,3.9843,0.90293,-0.017721,0,0,0,1.5929,1.5895,1.5888,1.5931,-13.176,-0.73818,-0.32223,-36.224,-4.1595,-0.34793,10.607
1.02,-1.0056,-3.29,1.0172,-0.043211,0.18584,0,0.98163,3.9368,0.60653,0.034746,0.050365,-1.1813,-0.042466,3.8508,0.89534,-0.02096,0,0,0,1.5849,1.5815,1.5808,1.5852,-13.534,-0.77945,-0.32558,-35.421,-4.0955,-0.32374,10.554
1.03,-0.96609,-3.2839,1.0176,-0.042992,0.17993,0,0.98274,3.9747,0.61545,0.03452,0.054706,-1.2243,-0.043542,3.7137,0.88734,-0.024231,0,0,0,1.577,1.5736,1.5729,1.5772,-13.884,-0.82008,-0.3287,-34.595,-4.0291,-0.29923,10.501
1.04,-0.92616,-3.2777,1.0179,-0.042751,0.17379,0,0.98385,4.0111,0.62428,0.034262,0.059109,-1.2672,-0.044622,3.5731,0.87894,-0.027533,0,0,0,1.569,1.5657,1.565,1.5693,-14.226,-0.86003,-0.33157,-33.75,-3.9606,-0.27441,10.448
1.05,-0.88587,-3.2714,1.0182,-0.042488,0.16744,0,0.98497,4.0461,0.63302,0.03397,0.063572,-1.3101,-0.045704,3.4292,0.87014,-0.030862,0,0,0,1.5612,1.5579,1.5572,1.5615,-14.559,-0.89928,-0.33419,-32.884,-3.8898,-0.2493,10.396
1.06,-0.84524,-3.2651,1.0186,-0.042201,0.16087,0,0.98607,4.0797,0.64168,0.033644,0.068091,-1.3527,-0.046785,3.282,0.86096,-0.034216,0,0,0,1.5535,1.5501,1.5494,1.5538,-14.883,-0.93782,-0.33655,-31.998,-3.8169,-0.22392,10.345
1.07,-0.80428,-3.2586,1.0189,-0.041891,0.15408,0,0.98717,4.1117,0.65024,0.033285,0.072661,-1.3951,-0.047863,3.1315,0.85139,-0.037592,0,0,0,1.5458,1.5425,1.5418,1.5462,-15.199,-0.97561,-0.33866,-31.094,-3.7419,-0.19827,10.294
1.08,-0.76301,-3.2521,1.0192,-0.041558,0.14708,0,0.98825,4.1423,0.65871,0.032892,0.077277,-1.4372,-0.048936,2.978,0.84145,-0.040988,0,0,0,1.5383,1.5351,1.5344,1.5387,-15.505,-1.0127,-0.34052,-30.171,-3.665,-0.17238,10.244
1.09,-0.72144,-3.2454,1.0196,-0.0412,0.13986,0,0.98931,4.1713,0.66707,0.032465,0.081931,-1.4788,-0.050001,2.8215,0.83114,-0.044402,0,0,0,1.531,1.5279,1.5271,1.5314,-15.802,-1.0489,-0.34211,-29.231,-3.586,-0.14626,10.196
1.1,-0.67959,-3.2387,1.0199,-0.040817,0.13243,0,0.99035,4.1987,0.67533,0.032004,0.086618,-1.5198,-0.051055,2.662,0.82047,-0.04783,0,0,0,1.5239,1.5208,1.5201,1.5243,-16.09,-1.0844,-0.34344,-28.273,-3.5052,-0.11993,10.149
1.11,-0.63747,-3.2319,1.0202,-0.040409,0.12479,0,0.99136,4.2245,0.68348,0.031509,0.091327,-1.5601,-0.052095,2.4997,0.80945,-0.05127,0,0,0,1.5171,1.514,1.5133,1.5174,-16.368,-1.119,-0.34451,-27.3,-3.4226,-0.093396,10.103
1.12,-0.59511,-3.225,1.0205,-0.039976,0.11694,0,0.99233,4.2487,0.69152,0.030979,0.09605,-1.5995,-0.053118,2.3347,0.79809,-0.054719,0,0,0,1.5104,1.5075,1.5068,1.5108,-16.636,-1.1528,-0.34531,-26.31,-3.3382,-0.066681,10.059
1.13,-0.5525,-3.2181,1.0208,-0.039518,0.1089,0,0.99327,4.2712,0.69944,0.030414,0.10078,-1.638,-0.05412,2.167,0.7864,-0.058175,0,0,0,1.5041,1.5013,1.5005,1.5045,-16.894,-1.1858,-0.34584,-25.305,-3.2522,-0.039798,10.017
1.14,-0.50969,-3.2111,1.0211,-0.039034,0.10066,0,0.99416,4.292,0.70724,0.029815,0.10549,-1.6753,-0.055099,1.9968,0.77438,-0.061635,0,0,0,1.4981,1.4953,1.4946,1.4985,-17.142,-1.2178,-0.34611,-24.285,-3.1644,-0.012763,9.9775
1.15,-0.46667,-3.2039,1.0214,-0.038525,0.092223,0,0.99499,4.3111,0.71492,0.029182,0.11019,-1.7114,-0.05605,1.8242,0.76205,-0.065096,0,0,0,1.4924,1.4898,1.4891,1.4928,-17.379,-1.249,-0.3461,-23.251,-3.0751,0.014409,9.9401
1.16,-0.42347,-3.1968,1.0217,-0.03799,0.083608,0,0.99577,4.3285,0.72248,0.028513,0.11485,-1.7461,-0.05697,1.6493,0.7494,-0.068556,0,0,0,1.4871,1.4846,1.4839,1.4875,-17.607,-1.2793,-0.34582,-22.203,-2.9843,0.041702,9.9051
1.17,-0.38011,-3.1895,1.022,-0.037429,0.074817,0,0.99649,4.3441,0.72991,0.027811,0.11947,-1.7791,-0.057856,1.4721,0.73646,-0.072012,0,0,0,1.4822,1.4798,1.4791,1.4826,-17.823,-1.3087,-0.34526,-21.143,-2.892,0.069102,9.8728
1.18,-0.33659,-3.1822,1.0223,-0.036843,0.06586,0,0.99715,4.3579,0.73721,0.027073,0.12402,-1.8105,-0.058704,1.2929,0.72323,-0.07546,0,0,0,1.4776,1.4755,1.4748,1.4781,-18.03,-1.3372,-0.34443,-20.071,-2.7983,0.096591,9.8433
1.19,-0.29295,-3.1748,1.0225,-0.036231,0.056745,0,0.99773,4.37,0.74438,0.026301,0.12849,-1.84,-0.05951,1.1116,0.70972,-0.078899,0,0,0,1.4736,1.4716,1.4709,1.474,-18.225,-1.3647,-0.34333,-18.987,-2.7032,0.12416,9.8167
1.2,-0.2492,-3.1673,1.0228,-0.035594,0.047483,0,0.99824,4.3802,0.7514,0.025495,0.13287,-1.8675,-0.060271,0.92839,0.69594,-0.082326,0,0,0,1.47,1.4681,1.4675,1.4704,-18.409,-1.3912,-0.34195,-17.891,-2.6069,0.15178,9.7933
1.21,-0.20536,-3.1597,1.023,-0.034933,0.038085,0,0.99866,4.3885,0.75829,0.024655,0.13713,-1.8929,-0.060983,0.74343,0.6819,-0.085737,0,0,0,1.4668,1.4652,1.4646,1.4673,-18.583,-1.4168,-0.34029,-16.786,-2.5093,0.17945,9.7731
1.22,-0.16144,-3.1521,1.0233,-0.034248,0.028563,0,0.99901,4.395,0.76504,0.023781,0.14126,-1.9159,-0.061644,0.55678,0.66761,-0.089131,0,0,0,1.4642,1.4628,1.4622,1.4646,-18.745,-1.4414,-0.33836,-15.67,-2.4106,0.20715,9.7563
1.23,-0.11746,-3.1444,1.0235,-0.03354,0.018928,0,0.99926,4.3997,0.77164,0.022872,0.14525,-1.9366,-0.062249,0.36856,0.65308,-0.092504,0,0,0,1.4621,1.4609,1.4603,1.4625,-18.896,-1.465,-0.33615,-14.545,-2.3108,0.23486,9.743
1.24,-0.073449,-3.1367,1.0237,-0.032809,0.0091952,0,0.99942,4.4024,0.7781,0.021931,0.14908,-1.9547,-0.062797,0.1789,0.63831,-0.095853,0,0,0,1.4605,1.4595,1.459,1.461,-19.036,-1.4876,-0.33366,-13.412,-2.2099,0.26257,9.7333
1.25,-0.029419,-3.1289,1.024,-0.032056,-0.00062301,0,0.99949,4.4032,0.78441,0.020955,0.15273,-1.9702,-0.063284,-0.012114,0.62333,-0.099176,0,0,0,1.4595,1.4587,1.4582,1.46,-19.164,-1.5092,-0.3309,-12.27,-2.1081,0.29026,9.7274
1.26,0.014609,-3.121,1.0242,-0.031282,-0.010512,0,0.99946,4.4021,0.79057,0.019947,0.15619,-1.983,-0.063708,-0.20435,0.60813,-0.10247,0,0,0,1.4591,1.4585,1.458,1.4595,-19.281,-1.5298,-0.32786,-11.121,-2.0053,0.31792,9.7253
1.27,0.058617,-3.1131,1.0244,-0.030489,-0.020457,0,0.99933,4.3991,0.79657,0.018906,0.15944,-1.993,-0.064067,-0.3977,0.59273,-0.10573,0,0,0,1.4592,1.4589,1.4584,1.4597,-19.387,-1.5493,-0.32454,-9.9657,-1.9017,0.34553,9.7271
1.28,0.10259,-3.1051,1.0245,-0.029676,-0.030442,0,0.9991,4.3942,0.80242,0.017833,0.16246,-2.0001,-0.06436,-0.59205,0.57715,-0.10896,0,0,0,1.46,1.4599,1.4595,1.4604,-19.48,-1.5678,-0.32095,-8.8038,-1.7973,0.37307,9.7328
1.29,0.14649,-3.097,1.0247,-0.028846,-0.040454,0,0.99876,4.3873,0.80811,0.016727,0.16526,-2.0044,-0.064585,-0.78727,0.56138,-0.11215,0,0,0,1.4613,1.4615,1.4611,1.4617,-19.563,-1.5853,-0.31708,-7.6362,-1.6921,0.40054,9.7426
1.3,0.19032,-3.0889,1.0249,-0.028,-0.050475,0,0.99833,4.3784,0.81365,0.01559,0.1678,-2.0058,-0.064741,-0.98326,0.54545,-0.1153,0,0,0,1.4632,1.4636,1.4633,1.4636,-19.633,-1.6017,-0.31294,-6.4636,-1.5863,0.42791,9.7563
1.31,0.23406,-3.0807,1.025,-0.027139,-0.060491,0,0.9978,4.3676,0.81902,0.014421,0.1701,-2.0043,-0.064827,-1.1799,0.52935,-0.11841,0,0,0,1.4658,1.4664,1.4661,1.4662,-19.692,-1.617,-0.30852,-5.2865,-1.4798,0.45517,9.7741
1.32,0.27767,-3.0725,1.0252,-0.026264,-0.070487,0,0.99717,4.3548,0.82424,0.013222,0.17213,-2,-0.064844,-1.3771,0.51311,-0.12147,0,0,0,1.469,1.4698,1.4695,1.4693,-19.739,-1.6313,-0.30384,-4.1057,-1.3728,0.48231,9.796
1.33,0.32115,-3.0642,1.0253,-0.025377,-0.080446,0,0.99644,4.3401,0.82928,0.011992,0.17389,-1.9928,-0.064791,-1.5746,0.49673,-0.12448,0,0,0,1.4727,1.4738,1.4736,1.4731,-19.774,-1.6444,-0.29888,-2.9216,-1.2652,0.50931,9.8219
1.34,0.36447,-3.0559,1.0254,-0.02448,-0.090355,0,0.99561,4.3233,0.83417,0.010732,0.17538,-1.9828,-0.064669,-1.7725,0.48022,-0.12745,0,0,0,1.4771,1.4784,1.4782,1.4774,-19.797,-1.6566,-0.29365,-1.735,-1.1573,0.53615,9.8518
1.35,0.40761,-3.0476,1.0255,-0.023573,-0.1002,0,0.99469,4.3046,0.83889,0.0094432,0.1766,-1.9701,-0.06448,-1.9705,0.4636,-0.13036,0,0,0,1.4821,1.4836,1.4834,1.4824,-19.809,-1.6676,-0.28816,-0.54632,-1.0489,0.56282,9.8857
1.36,0.45055,-3.0392,1.0256,-0.022659,-0.10996,0,0.99368,4.2839,0.84344,0.0081253,0.17754,-1.9549,-0.064224,-2.1686,0.44688,-0.13321,0,0,0,1.4876,1.4893,1.4892,1.4879,-19.808,-1.6775,-0.28239,0.64373,-0.94025,0.5893,9.9236
1.37,0.49328,-3.0307,1.0257,-0.021739,-0.11963,0,0.99258,4.2613,0.84783,0.0067792,0.1782,-1.9371,-0.063904,-2.3667,0.43005,-0.136,0,0,0,1.4938,1.4957,1.4956,1.4941,-19.796,-1.6864,-0.27637,1.8346,-0.83131,0.61558,9.9653
1.38,0.53577,-3.0222,1.0257,-0.020814,-0.1292,0,0.9914,4.2366,0.85204,0.0054055,0.1786,-1.9169,-0.06352,-2.5645,0.41315,-0.13874,0,0,0,1.5005,1.5026,1.5026,1.5008,-19.772,-1.6942,-0.27008,3.0256,-0.72218,0.64164,10.011
1.39,0.57801,-3.0137,1.0258,-0.019887,-0.13865,0,0.99014,4.21,0.85609,0.0040047,0.17872,-1.8945,-0.063077,-2.7621,0.39617,-0.1414,0,0,0,1.5078,1.51,1.5101,1.508,-19.735,-1.7008,-0.26354,4.2162,-0.6129,0.66747,10.06
1.4,0.61996,-3.0051,1.0258,-0.018958,-0.14797,0,0.98881,4.1814,0.85997,0.0025776,0.17859,-1.8699,-0.062575,-2.9592,0.37914,-0.14401,0,0,0,1.5156,1.518,1.5181,1.5159,-19.687,-1.7064,-0.25673,5.4058,-0.50354,0.69306,10.113
1.41,0.66163,-2.9965,1.0258,-0.018029,-0.15715,0,0.98741,4.1508,0.86367,0.0011248,0.1782,-1.8434,-0.062018,-3.1558,0.36205,-0.14654,0,0,0,1.524,1.5265,1.5266,1.5242,-19.627,-1.7109,-0.24968,6.5938,-0.39416,0.71838,10.169
1.42,0.70297,-2.9878,1.0258,-0.017101,-0.16618,0,0.98595,4.1183,0.86721,-0.00035292,0.17757,-1.815,-0.061409,-3.3517,0.34492,-0.149,0,0,0,1.5329,1.5355,1.5357,1.533,-19.555,-1.7143,-0.24237,7.7796,-0.28482,0.74343,10.228
1.43,0.74398,-2.9791,1.0258,-0.016176,-0.17505,0,0.98443,4.0838,0.87057,-0.0018549,0.1767,-1.7849,-0.060751,-3.5468,0.32777,-0.15138,0,0,0,1.5422,1.545,1.5452,1.5424,-19.472,-1.7166,-0.23481,8.9625,-0.17557,0.76818,10.291
1.44,0.78464,-2.9704,1.0258,-0.015256,-0.18375,0,0.98285,4.0473,0.87376,-0.0033803,0.17561,-1.7533,-0.060047,-3.7411,0.31059,-0.15369,0,0,0,1.552,1.5549,1.5551,1.5522,-19.376,-1.7178,-0.22701,10.142,-0.066477,0.79263,10.357
1.45,0.82492,-2.9616,1.0258,-0.01434,-0.19229,0,0.98123,4.0089,0.87678,-0.0049285,0.17431,-1.7203,-0.059301,-3.9343,0.29341,-0.15592,0,0,0,1.5623,1.5653,1.5655,1.5624,-19.269,-1.7179,-0.21896,11.317,0.042399,0.81675,10.426
1.46,0.86481,-2.9529,1.0257,-0.013432,-0.20064,0,0.97957,3.9686,0.87963,-0.0064986,0.17281,-1.6861,-0.058515,-4.1264,0.27624,-0.15807,0,0,0,1.573,1.5761,1.5763,1.5731,-19.15,-1.717,-0.21067,12.488,0.151,0.84054,10.498
1.47,0.90429,-2.944,1.0256,-0.012531,-0.20881,0,0.97788,3.9264,0.88231,-0.0080897,0.17111,-1.6508,-0.057693,-4.3173,0.25908,-0.16014,0,0,0,1.5841,1.5872,1.5875,1.5842,-19.019,-1.7149,-0.20215,13.654,0.25926,0.86397,10.572
1.48,0.94334,-2.9352,1.0255,-0.011638,-0.21679,0,0.97615,3.8823,0.88481,-0.009701,0.16925,-1.6146,-0.056838,-4.5068,0.24194,-0.16211,0,0,0,1.5955,1.5987,1.599,1.5956,-18.877,-1.7118,-0.19339,14.813,0.36713,0.88704,10.648
1.49,0.98193,-2.9264,1.0254,-0.010756,-0.22458,0,0.9744,3.8363,0.88715,-0.011332,0.16722,-1.5776,-0.055954,-4.6948,0.22485,-0.164,0,0,0,1.6073,1.6106,1.6109,1.6074,-18.723,-1.7076,-0.18441,15.967,0.47455,0.90972,10.727
1.5,1.0201,-2.9175,1.0253,-0.0098836,-0.23217,0,0.97263,3.7884,0.88931,-0.012981,0.16504,-1.5399,-0.055044,-4.8812,0.2078,-0.1658,0,0,0,1.6195,1.6228,1.6231,1.6195,-18.557,-1.7023,-0.1752,17.113,0.58145,0.932,10.808
1.51,1.0577,-2.9086,1.0252,-0.0090229,-0.23956,0,0.97084,3.7387,0.8913,-0.014647,0.16273,-1.5017,-0.054111,-5.0659,0.1908,-0.16751,0,0,0,1.6319,1.6352,1.6355,1.6319,-18.381,-1.696,-0.16577,18.251,0.68777,0.95387,10.891
1.52,1.0948,-2.8996,1.025,-0.0081744,-0.24675,0,0.96904,3.6871,0.89312,-0.016331,0.16029,-1.4631,-0.053157,-5.2488,0.17388,-0.16912,0,0,0,1.6446,1.6479,1.6483,1.6446,-18.192,-1.6885,-0.15612,19.382,0.79347,0.97531,10.975
1.53,1.1314,-2.8907,1.0248,-0.0073387,-0.25374,0,0.96724,3.6337,0.89478,-0.018029,0.15774,-1.4242,-0.052186,-5.4297,0.15704,-0.17063,0,0,0,1.6575,1.6608,1.6612,1.6575,-17.993,-1.6801,-0.14627,20.503,0.89847,0.99631,11.062
1.54,1.1675,-2.8818,1.0247,-0.0065165,-0.26053,0,0.96544,3.5785,0.89627,-0.019743,0.15509,-1.3851,-0.051201,-5.6086,0.14028,-0.17204,0,0,0,1.6706,1.6739,1.6743,1.6706,-17.782,-1.6706,-0.1362,21.615,1.0027,1.0168,11.149
1.55,1.203,-2.8728,1.0244,-0.0057082,-0.26712,0,0.96365,3.5215,0.89759,-0.02147,0.15235,-1.3459,-0.050204,-5.7853,0.12363,-0.17335,0,0,0,1.6839,1.6872,1.6876,1.6839,-17.561,-1.66,-0.12593,22.717,1.1061,1.0369,11.238
1.56,1.2379,-2.8638,1.0242,-0.0049144,-0.2735,0,0.96186,3.4628,0.89874,-0.02321,0.14954,-1.3067,-0.049197,-5.9598,0.10709,-0.17456,0,0,0,1.6973,1.7006,1.7011,1.6973,-17.328,-1.6485,-0.11546,23.808,1.2087,1.0565,11.327
1.57,1.2722,-2.8548,1.024,-0.0041354,-0.27969,0,0.96008,3.4023,0.89973,-0.024961,0.14666,-1.2675,-0.048184,-6.1318,0.090663,-0.17566,0,0,0,1.7109,1.7142,1.7146,1.7109,-17.085,-1.6359,-0.1048,24.888,1.3103,1.0756,11.418
1.58,1.306,-2.8458,1.0237,-0.0033717,-0.28568,0,0.95832,3.3402,0.90055,-0.026722,0.14372,-1.2285,-0.047165,-6.3014,0.074372,-0.17665,0,0,0,1.7246,1.7278,1.7283,1.7245,-16.83,-1.6223,-0.093954,25.956,1.411,1.0941,11.509
1.59,1.339,-2.8368,1.0234,-0.0026234,-0.29146,0,0.95658,3.2763,0.90122,-0.028493,0.14074,-1.1896,-0.046144,-6.4684,0.058222,-0.17754,0,0,0,1.7383,1.7415,1.742,1.7383,-16.566,-1.6076,-0.082922,27.011,1.5105,1.1121,11.6
1.6,1.3715,-2.8278,1.0232,-0.001891,-0.29706,0,0.95486,3.2108,0.90172,-0.030273,0.13771,-1.151,-0.045121,-6.6327,0.042222,-0.17831,0,0,0,1.7521,1.7553,1.7557,1.752,-16.29,-1.592,-0.071713,28.054,1.609,1.1296,11.692
1.61,1.4033,-2.8188,1.0228,-0.0011745,-0.30246,0,0.95316,3.1437,0.90206,-0.032059,0.13465,-1.1128,-0.044099,-6.7942,0.026384,-0.17897,0,0,0,1.7658,1.769,1.7695,1.7658,-16.005,-1.5755,-0.060332,29.083,1.7063,1.1465,11.784
1.62,1.4343,-2.8097,1.0225,-0.00047419,-0.30766,0,0.95149,3.0749,0.90225,-0.033852,0.13157,-1.0748,-0.04308,-6.9527,0.010716,-0.17952,0,0,0,1.7796,1.7828,1.7832,1.7796,-15.709,-1.5579,-0.048785,30.097,1.8024,1.1628,11.875
1.63,1.4647,-2.8007,1.0222,0.00020989,-0.31268,0,0.94986,3.0046,0.90228,-0.035649,0.12848,-1.0373,-0.042064,-7.1083,-0.0047715,-0.17995,0,0,0,1.7933,1.7964,1.7969,1.7933,-15.403,-1.5394,-0.037078,31.096,1.8972,1.1785,11.967
1.64,1.4944,-2.7917,1.0218,0.00087764,-0.31752,0,0.94825,2.9328,0.90215,-0.03745,0.12537,-1.0001,-0.041053,-7.2608,-0.020069,-0.18026,0,0,0,1.807,1.8101,1.8105,1.8069,-15.087,-1.52,-0.025217,32.08,1.9906,1.1937,12.058
1.65,1.5234,-2.7827,1.0214,0.001529,-0.32217,0,0.94668,2.8594,0.90187,-0.039254,0.12225,-0.96341,-0.040048,-7.41,-0.035168,-0.18045,0,0,0,1.8206,1.8236,1.8241,1.8205,-14.761,-1.4996,-0.013207,33.048,2.0826,1.2081,12.148
1.66,1.5516,-2.7737,1.021,0.002164,-0.32664,0,0.94515,2.7846,0.90145,-0.041059,0.11914,-0.92716,-0.03905,-7.556,-0.050059,-0.18052,0,0,0,1.834,1.837,1.8375,1.834,-14.426,-1.4783,-0.0010558,33.999,2.1732,1.222,12.237
1.67,1.5791,-2.7646,1.0206,0.0027826,-0.33093,0,0.94365,2.7083,0.90087,-0.042864,0.11603,-0.89138,-0.038061,-7.6985,-0.064732,-0.18047,0,0,0,1.8474,1.8503,1.8508,1.8473,-14.081,-1.4562,0.011231,34.933,2.2622,1.2352,12.326
1.68,1.6058,-2.7556,1.0202,0.0033848,-0.33505,0,0.94219,2.6306,0.90015,-0.044668,0.11292,-0.85608,-0.03708,-7.8375,-0.079179,-0.1803,0,0,0,1.8605,1.8634,1.8639,1.8604,-13.727,-1.4331,0.023646,35.849,2.3496,1.2477,12.414
1.69,1.6317,-2.7466,1.0197,0.0039708,-0.339,0,0.94078,2.5516,0.89929,-0.04647,0.10983,-0.82126,-0.03611,-7.973,-0.093391,-0.18,0,0,0,1.8735,1.8763,1.8768,1.8734,-13.364,-1.4092,0.036183,36.746,2.4354,1.2595,12.5
1.7,1.6568,-2.7377,1.0192,0.0045406,-0.34278,0,0.93941,2.4712,0.89829,-0.048268,0.10675,-0.78694,-0.035149,-8.1048,-0.10736,-0.17957,0,0,0,1.8862,1.889,1.8895,1.8862,-12.992,-1.3844,0.048834,37.625,2.5195,1.2707,12.585
1.71,1.6811,-2.7287,1.0187,0.0050942,-0.34639,0,0.93808,2.3895,0.89714,-0.050061,0.10369,-0.7531,-0.0342,-8.2328,-0.12108,-0.17902,0,0,0,1.8988,1.9015,1.902,1.8987,-12.612,-1.3588,0.061594,38.483,2.6018,1.2811,12.668
1.72,1.7046,-2.7197,1.0182,0.0056318,-0.34984,0,0.93679,2.3066,0.89587,-0.051848,0.10065,-0.71976,-0.033262,-8.357,-0.13453,-0.17834,0,0,0,1.911,1.9138,1.9142,1.911,-12.223,-1.3324,0.074454,39.321,2.6822,1.2908,12.75
1.73,1.7272,-2.7108,1.0177,0.0061535,-0.35313,0,0.93555,2.2224,0.89446,-0.053627,0.097636,-0.68689,-0.032335,-8.4773,-0.14772,-0.17753,0,0,0,1.9231,1.9257,1.9262,1.923,-11.825,-1.3052,0.087407,40.139,2.7608,1.2997,12.83
1.74,1.749,-2.7018,1.0172,0.0066595,-0.35626,0,0.93436,2.137,0.89291,-0.055398,0.094641,-0.6545,-0.031421,-8.5935,-0.16063,-0.17659,0,0,0,1.9348,1.9374,1.9378,1.9347,-11.42,-1.2772,0.10045,40.934,2.8375,1.3079,12.908
1.75,1.77,-2.6929,1.0166,0.0071498,-0.35925,0,0.93322,2.0505,0.89124,-0.057159,0.091671,-0.62257,-0.030519,-8.7056,-0.17326,-0.17552,0,0,0,1.9462,1.9488,1.9492,1.9461,-11.007,-1.2484,0.11356,41.708,2.9121,1.3153,12.984
1.76,1.79,-2.684,1.016,0.0076246,-0.36207,0,0.93212,1.9629,0.88945,-0.058908,0.088726,-0.59109,-0.02963,-8.8136,-0.1856,-0.17432,0,0,0,1.9572,1.9598,1.9602,1.9571,-10.586,-1.2189,0.12675,42.458,2.9847,1.3219,13.057
1.77,1.8092,-2.6751,1.0154,0.0080842,-0.36475,0,0.93107,1.8743,0.88753,-0.060645,0.085808,-0.56005,-0.028753,-8.9173,-0.19764,-0.17299,0,0,0,1.968,1.9705,1.9709,1.9679,-10.158,-1.1887,0.14,43.186,3.0551,1.3277,13.129
1.78,1.8275,-2.6663,1.0148,0.0085285,-0.36729,0,0.93007,1.7846,0.8855,-0.062367,0.082917,-0.52943,-0.02789,-9.0167,-0.20937,-0.17152,0,0,0,1.9783,1.9808,1.9812,1.9782,-9.7223,-1.1578,0.1533,43.889,3.1234,1.3327,13.198
1.79,1.8449,-2.6574,1.0142,0.0089578,-0.36968,0,0.92912,1.6939,0.88335,-0.064075,0.080054,-0.49921,-0.027039,-9.1118,-0.22079,-0.16992,0,0,0,1.9883,1.9908,1.9912,1.9882,-9.28,-1.1263,0.16665,44.568,3.1894,1.3368,13.264
1.8,1.8614,-2.6486,1.0135,0.0093723,-0.37192,0,0.92822,1.6024,0.88108,-0.065765,0.077218,-0.46939,-0.026201,-9.2023,-0.23189,-0.16819,0,0,0,1.9979,2.0003,2.0007,1.9978,-8.8311,-1.094,0.18003,45.222,3.2531,1.3401,13.328
1.81,1.877,-2.6398,1.0128,0.0097721,-0.37403,0,0.92736,1.5099,0.87871,-0.067438,0.074409,-0.43993,-0.025376,-9.2884,-0.24267,-0.16632,0,0,0,2.0071,2.0095,2.0099,2.007,-8.3757,-1.0612,0.19345,45.85,3.3144,1.3426,13.389
1.82,1.8916,-2.631,1.0122,0.010157,-0.376,0,0.92656,1.4166,0.87623,-0.069091,0.071628,-0.41082,-0.024563,-9.3698,-0.25312,-0.16432,0,0,0,2.0159,2.0182,2.0186,2.0157,-7.9142,-1.0278,0.20688,46.451,3.3733,1.3441,13.447
1.83,1.9053,-2.6223,1.0115,0.010528,-0.37784,0,0.92581,1.3225,0.87365,-0.070724,0.068875,-0.38204,-0.023764,-9.4466,-0.26322,-0.16218,0,0,0,2.0242,2.0265,2.0269,2.0241,-7.4468,-0.99375,0.22033,47.026,3.4298,1.3447,13.503
1.84,1.918,-2.6135,1.0108,0.010885,-0.37954,0,0.92511,1.2277,0.87097,-0.072334,0.066147,-0.35356,-0.022977,-9.5187,-0.27299,-0.15991,0,0,0,2.032,2.0343,2.0347,2.0319,-6.9737,-0.95918,0.23377,47.572,3.4836,1.3445,13.555
1.85,1.9298,-2.6048,1.01,0.011227,-0.3811,0,0.92446,1.1322,0.86819,-0.073922,0.063446,-0.32538,-0.022204,-9.5861,-0.28241,-0.15751,0,0,0,2.0394,2.0417,2.0421,2.0393,-6.4954,-0.92409,0.24721,48.091,3.5349,1.3433,13.604
1.86,1.9407,-2.5962,1.0093,0.011556,-0.38254,0,0.92387,1.036,0.86532,-0.075484,0.06077,-0.29745,-0.021442,-9.6486,-0.29147,-0.15497,0,0,0,2.0464,2.0486,2.049,2.0463,-6.012,-0.88849,0.26064,48.581,3.5835,1.3411,13.65
1.87,1.9506,-2.5875,1.0085,0.011871,-0.38385,0,0.92332,0.93922,0.86236,-0.077021,0.058119,-0.26977,-0.020693,-9.7063,-0.30017,-0.1523,0,0,0,2.0528,2.055,2.0554,2.0527,-5.5239,-0.85243,0.27403,49.042,3.6294,1.338,13.693
1.88,1.9595,-2.5789,1.0077,0.012172,-0.38503,0,0.92282,0.84189,0.85932,-0.07853,0.055491,-0.24231,-0.019956,-9.7591,-0.30852,-0.14949,0,0,0,2.0588,2.061,2.0614,2.0587,-5.0313,-0.81591,0.28739,49.472,3.6725,1.3339,13.733
1.89,1.9674,-2.5703,1.0069,0.01246,-0.38608,0,0.92238,0.74405,0.85619,-0.08001,0.052886,-0.21505,-0.019232,-9.8069,-0.31649,-0.14655,0,0,0,2.0642,2.0664,2.0668,2.0641,-4.5345,-0.77898,0.30071,49.872,3.7128,1.3289,13.769
1.9,1.9743,-2.5618,1.0061,0.012734,-0.38701,0,0.92199,0.64576,0.85299,-0.08146,0.050303,-0.18796,-0.018519,-9.8498,-0.3241,-0.14347,0,0,0,2.0692,2.0713,2.0717,2.069,-4.0339,-0.74167,0.31397,50.241,3.7502,1.3228,13.802
1.91,1.9803,-2.5533,1.0053,0.012995,-0.38782,0,0.92165,0.54707,0.84971,-0.082879,0.047741,-0.16101,-0.017819,-9.8876,-0.33132,-0.14027,0,0,0,2.0736,2.0758,2.0761,2.0735,-3.5298,-0.70399,0.32716,50.578,3.7846,1.3157,13.832
1.92,1.9853,-2.5448,1.0045,0.013243,-0.38849,0,0.92136,0.44803,0.84636,-0.084265,0.045199,-0.1342,-0.017129,-9.9203,-0.33817,-0.13693,0,0,0,2.0775,2.0796,2.08,2.0774,-3.0225,-0.66598,0.34028,50.882,3.816,1.3076,13.857
1.93,1.9893,-2.5364,1.0036,0.013478,-0.38905,0,0.92112,0.34868,0.84295,-0.085617,0.042676,-0.10749,-0.016452,-9.948,-0.34464,-0.13346,0,0,0,2.0808,2.083,2.0834,2.0807,-2.5123,-0.62768,0.35331,51.154,3.8443,1.2984,13.88
1.94,1.9923,-2.528,1.0028,0.0137,-0.38948,0,0.92093,0.24909,0.83947,-0.086934,0.04017,-0.080862,-0.015786,-9.9706,-0.35073,-0.12987,0,0,0,2.0837,2.0858,2.0862,2.0836,-1.9995,-0.58911,0.36624,51.391,3.8694,1.2882,13.899
1.95,1.9943,-2.5196,1.0019,0.01391,-0.38979,0,0.9208,0.14929,0.83594,-0.088214,0.03768,-0.054289,-0.015131,-9.988,-0.35642,-0.12614,0,0,0,2.086,2.0881,2.0885,2.0858,-1.4846,-0.5503,0.37907,51.595,3.8914,1.2768,13.914
1.96,1.9952,-2.5112,1.001,0.014106,-0.38998,0,0.92072,0.049344,0.83234,-0.089456,0.035206,-0.02775,-0.014487,-10,-0.36173,-0.12228,0,0,0,2.0877,2.0898,2.0902,2.0876,-0.96776,-0.51129,0.39178,51.764,3.9101,1.2644,13.926
1.97,1.9952,-2.5029,1.0001,0.01429,-0.39005,0,0.92068,-0.050699,0.8287,-0.090659,0.032746,-0.0012205,-0.013854,-10.007,-0.36665,-0.1183,0,0,0,2.0889,2.091,2.0914,2.0888,-0.44943,-0.47211,0.40435,51.897,3.9254,1.2509,13.934
1.98,1.9942,-2.4947,0.99919,0.014462,-0.38999,0,0.92071,-0.15079,0.82501,-0.091822,0.030299,0.025322,-0.013232,-10.009,-0.37117,-0.1142,0,0,0,2.0896,2.0917,2.0921,2.0894,0.070055,-0.4328,0.41679,51.994,3.9375,1.2363,13.938
1.99,1.9922,-2.4864,0.99826,0.014621,-0.38981,0,0.92078,-0.25087,0.82128,-0.092943,0.027864,0.051901,-0.01262,-10.006,-0.3753,-0.10997,0,0,0,2.0897,2.0918,2.0922,2.0895,0.59033,-0.39338,0.42907,52.056,3.9461,1.2205,13.939
2,1.9892,-2.4782,0.99733,0.014768,-0.38951,0,0.9209,-0.35089,0.81751,-0.094021,0.025439,0.07854,-0.012019,-9.9974,-0.37904,-0.10562,0,0,0,2.0892,2.0914,2.0917,2.0891,1.1111,-0.35388,0.4412,52.082,3.9514,1.2036,13.936
2.01,1.9852,-2.4701,0.99638,0.014902,-0.38909,0,0.92108,-0.4508,0.8137,-0.095055,0.023024,0.10526,-0.011429,-9.9837,-0.38238,-0.10115,0,0,0,2.0882,2.0904,2.0907,2.0881,1.6319,-0.31436,0.45314,52.073,3.9535,1.1857,13.929
2.02,1.9802,-2.462,0.99543,0.015024,-0.38854,0,0.92131,-0.55054,0.80986,-0.096043,0.020617,0.13209,-0.010849,-9.9648,-0.38533,-0.096555,0,0,0,2.0867,2.0888,2.0892,2.0865,2.1524,-0.27483,0.46491,52.03,3.9524,1.1667,13.919
2.03,1.9742,-2.4539,0.99446,0.015134,-0.38787,0,0.92159,-0.65008,0.806,-0.096985,0.018216,0.15906,-0.010279,-9.9407,-0.38788,-0.091848,0,0,0,2.0846,2.0868,2.0871,2.0844,2.6723,-0.23532,0.47647,51.953,3.9481,1.1467,13.905
2.04,1.9672,-2.4458,0.99349,0.015232,-0.38707,0,0.92192,-0.74934,0.80211,-0.09788,0.015821,0.18618,-0.0097186,-9.9114,-0.39003,-0.087026,0,0,0,2.0819,2.0841,2.0845,2.0818,3.1914,-0.19587,0.48784,51.843,3.9407,1.1257,13.887
2.05,1.9592,-2.4378,0.9925,0.015318,-0.38615,0,0.92231,-0.84829,0.7982,-0.098726,0.01343,0.21349,-0.0091684,-9.8769,-0.3918,-0.082092,0,0,0,2.0788,2.081,2.0813,2.0786,3.7091,-0.15652,0.49899,51.7,3.9303,1.1037,13.866
2.06,1.9502,-2.4299,0.99151,0.015391,-0.3851,0,0.92275,-0.94686,0.79427,-0.099521,0.011041,0.241,-0.0086278,-9.8372,-0.39317,-0.077047,0,0,0,2.0751,2.0773,2.0776,2.0749,4.2252,-0.11728,0.50991,51.525,3.9168,1.0808,13.842
2.07,1.9403,-2.422,0.99051,0.015453,-0.38392,0,0.92324,-1.045,0.79033,-0.10027,0.0086535,0.26875,-0.0080967,-9.7924,-0.39414,-0.071894,0,0,0,2.0708,2.0731,2.0734,2.0707,4.7395,-0.07819,0.5206,51.318,3.9005,1.0569,13.813
2.08,1.9293,-2.4141,0.98951,0.015502,-0.38262,0,0.92378,-1.1427,0.78639,-0.10096,0.0062655,0.29675,-0.007575,-9.7424,-0.39473,-0.066636,0,0,0,2.0661,2.0684,2.0687,2.0659,5.2515,-0.039279,0.53104,51.08,3.8812,1.032,13.782
2.09,1.9174,-2.4062,0.9885,0.01554,-0.38118,0,0.92437,-1.2398,0.78244,-0.1016,0.0038756,0.32504,-0.0070625,-9.6873,-0.39493,-0.061274,0,0,0,2.0608,2.0631,2.0635,2.0607,5.761,-0.00057584,0.54123,50.811,3.8591,1.0063,13.747
2.1,1.9045,-2.3984,0.98748,0.015565,-0.37961,0,0.92502,-1.3364,0.77849,-0.10218,0.0014824,0.35365,-0.0065591,-9.6272,-0.39474,-0.055812,0,0,0,2.055,2.0574,2.0577,2.0549,6.2676,0.037893,0.55117,50.512,3.8342,0.9797,13.708
2.11,1.8907,-2.3907,0.98645,0.015578,-0.37791,0,0.92571,-1.4324,0.77455,-0.10271,-0.00091546,0.38259,-0.0060646,-9.562,-0.39417,-0.050252,0,0,0,2.0487,2.0511,2.0515,2.0486,6.7711,0.076098,0.56083,50.183,3.8065,0.95225,13.667
2.12,1.8759,-2.3829,0.98542,0.01558,-0.37607,0,0.92646,-1.5276,0.77061,-0.10319,-0.0033195,0.41189,-0.0055789,-9.4918,-0.39322,-0.044596,0,0,0,2.042,2.0444,2.0447,2.0418,7.2712,0.11401,0.57021,49.825,3.7762,0.92395,13.621
2.13,1.8601,-2.3752,0.98439,0.015569,-0.37409,0,0.92726,-1.6222,0.76668,-0.10361,-0.005731,0.44158,-0.0051019,-9.4166,-0.39189,-0.038849,0,0,0,2.0347,2.0372,2.0375,2.0346,7.7675,0.15161,0.5793,49.438,3.7432,0.89485,13.573
2.14,1.8435,-2.3676,0.98335,0.015545,-0.37197,0,0.92811,-1.716,0.76277,-0.10397,-0.0081515,0.47168,-0.0046334,-9.3364,-0.39019,-0.033011,0,0,0,2.027,2.0295,2.0298,2.0269,8.2599,0.18887,0.5881,49.024,3.7077,0.86495,13.522
2.15,1.8258,-2.36,0.98231,0.01551,-0.36971,0,0.92902,-1.8089,0.75888,-0.10427,-0.010582,0.50222,-0.0041734,-9.2514,-0.38812,-0.027088,0,0,0,2.0188,2.0214,2.0217,2.0187,8.7479,0.22576,0.5966,48.581,3.6696,0.83429,13.468
2.16,1.8073,-2.3524,0.98127,0.015463,-0.3673,0,0.92997,-1.901,0.75501,-0.10451,-0.013024,0.53322,-0.0037217,-9.1615,-0.38568,-0.02108,0,0,0,2.0102,2.0128,2.0131,2.0101,9.2314,0.26225,0.60479,48.111,3.629,0.80287,13.41
2.17,1.7878,-2.3449,0.98022,0.015403,-0.36475,0,0.93098,-1.9921,0.75117,-0.10469,-0.01548,0.56472,-0.0032783,-9.0668,-0.38287,-0.014993,0,0,0,2.0012,2.0038,2.0041,2.001,9.7101,0.29833,0.61265,47.615,3.586,0.77073,13.35
2.18,1.7674,-2.3374,0.97917,0.01533,-0.36205,0,0.93203,-2.0823,0.74736,-0.10481,-0.017949,0.59672,-0.002843,-8.9673,-0.37971,-0.0088284,0,0,0,1.9917,1.9944,1.9947,1.9916,10.184,0.33397,0.6202,47.093,3.5407,0.73788,13.287
2.19,1.7462,-2.3299,0.97812,0.015246,-0.35919,0,0.93314,-2.1714,0.74358,-0.10486,-0.020433,0.62926,-0.0024158,-8.8631,-0.3762,-0.0025901,0,0,0,1.9819,1.9846,1.9849,1.9817,10.652,0.36914,0.62741,46.545,3.493,0.70435,13.222
2.2,1.724,-2.3225,0.97707,0.015148,-0.35617,0,0.9343,-2.2595,0.73983,-0.10486,-0.022933,0.66235,-0.0019966,-8.7543,-0.37233,0.0037186,0,0,0,1.9716,1.9744,1.9747,1.9715,11.114,0.40382,0.63428,45.972,3.443,0.67016,13.154
2.21,1.701,-2.3151,0.97603,0.015038,-0.353,0,0.9355,-2.3465,0.73613,-0.10479,-0.02545,0.69602,-0.0015854,-8.6409,-0.36812,0.010094,0,0,0,1.961,1.9638,1.9642,1.9608,11.571,0.43799,0.64081,45.374,3.3909,0.63532,13.083
2.22,1.6771,-2.3078,0.97498,0.014916,-0.34966,0,0.93676,-2.4323,0.73247,-0.10466,-0.027986,0.73028,-0.0011821,-8.5229,-0.36357,0.016534,0,0,0,1.9501,1.9529,1.9533,1.9499,12.022,0.47163,0.64699,44.752,3.3365,0.59987,13.01
2.23,1.6523,-2.3005,0.97393,0.01478,-0.34615,0,0.93806,-2.517,0.72886,-0.10446,-0.03054,0.76516,-0.00078673,-8.4004,-0.35869,0.023033,0,0,0,1.9388,1.9417,1.942,1.9386,12.466,0.50471,0.65281,44.107,3.28,0.56382,12.935
2.24,1.6268,-2.2932,0.97289,0.014632,-0.34248,0,0.93941,-2.6003,0.7253,-0.1042,-0.033113,0.80067,-0.00039926,-8.2736,-0.35348,0.029589,0,0,0,1.9272,1.9301,1.9305,1.927,12.904,0.53722,0.65826,43.439,3.2215,0.52719,12.858
2.25,1.6003,-2.286,0.97185,0.014471,-0.33863,0,0.94081,-2.6824,0.72179,-0.10387,-0.035705,0.83682,-1.9685e-05,-8.1424,-0.34795,0.036197,0,0,0,1.9153,1.9183,1.9186,1.9151,13.335,0.56914,0.66335,42.748,3.161,0.49001,12.779
2.26,1.5731,-2.2788,0.97081,0.014296,-0.33461,0,0.94225,-2.7632,0.71834,-0.10347,-0.038317,0.87363,0.00035197,-8.0069,-0.3421,0.042854,0,0,0,1.9031,1.9062,1.9065,1.9029,13.759,0.60044,0.66806,42.035,3.0985,0.4523,12.698
2.27,1.5451,-2.2716,0.96978,0.014108,-0.3304,0,0.94374,-2.8425,0.71495,-0.10301,-0.04095,0.91111,0.00071569,-7.8672,-0.33594,0.049557,0,0,0,1.8907,1.8939,1.8942,1.8905,14.175,0.6311,0.67239,41.301,3.0341,0.41407,12.615
2.28,1.5163,-2.2645,0.96875,0.013907,-0.32601,0,0.94527,-2.9205,0.71162,-0.10248,-0.043601,0.94925,0.0010714,-7.7234,-0.32948,0.056301,0,0,0,1.8781,1.8813,1.8816,1.8779,14.585,0.66111,0.67634,40.546,2.9678,0.37535,12.531
2.29,1.4867,-2.2574,0.96773,0.013693,-0.32142,0,0.94684,-2.997,0.70836,-0.10188,-0.046272,0.98807,0.0014191,-7.5756,-0.32272,0.063082,0,0,0,1.8652,1.8685,1.8688,1.865,14.986,0.69045,0.6799,39.77,2.8997,0.33617,12.446
2.3,1.4563,-2.2503,0.96672,0.013465,-0.31665,0,0.94845,-3.072,0.70517,-0.10122,-0.048961,1.0276,0.0017587,-7.4237,-0.31567,0.069897,0,0,0,1.8522,1.8555,1.8559,1.852,15.38,0.7191,0.68306,38.975,2.8299,0.29654,12.359
2.31,1.4252,-2.2433,0.96571,0.013223,-0.31168,0,0.9501,-3.1455,0.70205,-0.10048,-0.051668,1.0677,0.0020901,-7.268,-0.30834,0.076742,0,0,0,1.8391,1.8424,1.8428,1.8389,15.766,0.74704,0.68583,38.159,2.7584,0.25648,12.272
2.32,1.3934,-2.2363,0.96471,0.012967,-0.3065,0,0.95178,-3.2173,0.699,-0.099683,-0.054391,1.1085,0.0024132,-7.1084,-0.30073,0.083613,0,0,0,1.8258,1.8292,1.8295,1.8256,16.143,0.77426,0.68819,37.325,2.6852,0.21602,12.183
2.33,1.3609,-2.2293,0.96371,0.012698,-0.30113,0,0.9535,-3.2876,0.69604,-0.098813,-0.057128,1.1499,0.0027279,-6.9452,-0.29286,0.090505,0,0,0,1.8124,1.8159,1.8162,1.8122,16.512,0.80074,0.69015,36.473,2.6104,0.17518,12.094
2.34,1.3277,-2.2224,0.96273,0.012414,-0.29554,0,0.95525,-3.3562,0.69315,-0.097873,-0.059877,1.192,0.003034,-6.7782,-0.28472,0.097414,0,0,0,1.7989,1.8025,1.8028,1.7987,16.873,0.82647,0.69169,35.602,2.5341,0.13397,12.005
2.35,1.2938,-2.2154,0.96176,0.012117,-0.28974,0,0.95703,-3.4232,0.69034,-0.096864,-0.062636,1.2346,0.0033315,-6.6077,-0.27633,0.10434,0,0,0,1.7854,1.789,1.7893,1.7852,17.224,0.85142,0.69282,34.715,2.4563,0.092429,11.915
2.36,1.2592,-2.2086,0.96079,0.011805,-0.28372,0,0.95883,-3.4884,0.68762,-0.095786,-0.065401,1.2778,0.0036201,-6.4338,-0.2677,0.11127,0,0,0,1.7719,1.7755,1.7759,1.7717,17.567,0.87559,0.69354,33.81,2.377,0.050568,11.825
2.37,1.224,-2.2017,0.95984,0.011479,-0.27749,0,0.96066,-3.5518,0.68499,-0.094639,-0.06817,1.3215,0.0038997,-6.2564,-0.25882,0.11821,0,0,0,1.7584,1.7621,1.7624,1.7582,17.9,0.89896,0.69383,32.889,2.2964,0.0084103,11.735
2.38,1.1882,-2.1949,0.9589,0.011139,-0.27103,0,0.96251,-3.6135,0.68245,-0.093422,-0.070939,1.3656,0.0041702,-6.0758,-0.24972,0.12514,0,0,0,1.7449,1.7487,1.749,1.7447,18.225,0.92151,0.69371,31.952,2.2144,-0.034022,11.645
2.39,1.1518,-2.188,0.95797,0.010785,-0.26434,0,0.96437,-3.6733,0.68,-0.092136,-0.073702,1.4102,0.0044313,-5.892,-0.2404,0.13208,0,0,0,1.7316,1.7353,1.7356,1.7313,18.539,0.94324,0.69315,31,2.1311,-0.076707,11.556
2.4,1.1147,-2.1813,0.95706,0.010417,-0.25743,0,0.96624,-3.7313,0.67764,-0.09078,-0.076455,1.455,0.0046829,-5.705,-0.23086,0.13901,0,0,0,1.7183,1.7221,1.7224,1.7181,18.845,0.96413,0.69217,30.033,2.0466,-0.11962,11.468
2.41,1.0771,-2.1745,0.95616,0.010034,-0.25028,0,0.96812,-3.7874,0.67538,-0.089356,-0.079192,1.5001,0.0049248,-5.5151,-0.22112,0.14592,0,0,0,1.7052,1.709,1.7093,1.705,19.14,0.98417,0.69076,29.052,1.9609,-0.16275,11.381
2.42,1.039,-2.1677,0.95527,0.0096379,-0.2429,0,0.97,-3.8416,0.67322,-0.087862,-0.081907,1.5453,0.0051567,-5.3223,-0.21118,0.15282,0,0,0,1.6922,1.696,1.6963,1.692,19.426,1.0033,0.68892,28.057,1.8741,-0.20607,11.294
2.43,1.0003,-2.161,0.9544,0.0092275,-0.23529,0,0.97188,-3.8939,0.67116,-0.086299,-0.084594,1.5906,0.0053786,-5.1266,-0.20105,0.1597,0,0,0,1.6795,1.6833,1.6836,1.6793,19.701,1.0216,0.68664,27.048,1.7862,-0.24955,11.209
2.44,0.96112,-2.1543,0.95355,0.0088032,-0.22745,0,0.97375,-3.9441,0.6692,-0.084668,-0.087244,1.6358,0.0055901,-4.9283,-0.19075,0.16655,0,0,0,1.667,1.6708,1.6711,1.6668,19.966,1.0391,0.68392,26.027,1.6973,-0.29318,11.126
2.45,0.92143,-2.1476,0.95271,0.0083653,-0.21937,0,0.97561,-3.9924,0.66734,-0.082969,-0.089849,1.6807,0.0057912,-4.7273,-0.18027,0.17338,0,0,0,1.6547,1.6585,1.6588,1.6546,20.222,1.0556,0.68077,24.994,1.6074,-0.33693,11.044
2.46,0.88127,-2.141,0.95189,0.007914,-0.21105,0,0.97744,-4.0387,0.66559,-0.081201,-0.092402,1.7254,0.0059816,-4.5239,-0.16964,0.18017,0,0,0,1.6428,1.6466,1.6469,1.6426,20.466,1.0712,0.67719,23.948,1.5166,-0.38078,10.965
2.47,0.84066,-2.1343,0.95108,0.0074496,-0.2025,0,0.97925,-4.0829,0.66395,-0.079365,-0.094893,1.7696,0.0061613,-4.3181,-0.15885,0.18692,0,0,0,1.6313,1.635,1.6353,1.6311,20.7,1.0859,0.67316,22.892,1.4249,-0.42471,10.888
2.48,0.79962,-2.1277,0.9503,0.0069724,-0.19372,0,0.98103,-4.125,0.66242,-0.077463,-0.097312,1.8131,0.00633,-4.1099,-0.14792,0.19363,0,0,0,1.6201,1.6237,1.624,1.6199,20.924,1.0997,0.66869,21.825,1.3324,-0.46871,10.813
2.49,0.75817,-2.1211,0.94953,0.0064828,-0.18472,0,0.98277,-4.1651,0.66099,-0.075493,-0.099649,1.8558,0.0064877,-3.8996,-0.13686,0.20029,0,0,0,1.6093,1.6129,1.6131,1.6091,21.137,1.1126,0.66378,20.747,1.2391,-0.51273,10.741
2.5,0.71633,-2.1145,0.94879,0.0059812,-0.17549,0,0.98446,-4.203,0.65968,-0.073457,-0.10189,1.8976,0.0066343,-3.6872,-0.12567,0.2069,0,0,0,1.599,1.6025,1.6027,1.5988,21.339,1.1245,0.65844,19.66,1.1452,-0.55678,10.672
2.51,0.67412,-2.1079,0.94807,0.0054682,-0.16604,0,0.9861,-4.2388,0.65848,-0.071355,-0.10404,1.9381,0.0067697,-3.4729,-0.11437,0.21346,0,0,0,1.5891,1.5925,1.5927,1.5889,21.53,1.1355,0.65265,18.564,1.0505,-0.60082,10.605
2.52,0.63156,-2.1013,0.94736,0.0049443,-0.15638,0,0.98769,-4.2725,0.65739,-0.069188,-0.10606,1.9773,0.006894,-3.2567,-0.10297,0.21995,0,0,0,1.5797,1.583,1.5832,1.5796,21.71,1.1455,0.64642,17.459,0.95531,-0.64483,10.543
2.53,0.58868,-2.0947,0.94668,0.0044101,-0.14651,0,0.9892,-4.3039,0.65642,-0.066956,-0.10796,2.015,0.0070072,-3.0387,-0.091468,0.22638,0,0,0,1.5709,1.5741,1.5743,1.5708,21.879,1.1546,0.63975,16.346,0.85954,-0.68879,10.483
2.54,0.54549,-2.0882,0.94602,0.0038663,-0.13645,0,0.99064,-4.3332,0.65556,-0.064661,-0.10973,2.0509,0.0071095,-2.8191,-0.079881,0.23275,0,0,0,1.5627,1.5657,1.5659,1.5626,22.037,1.1627,0.63265,15.226,0.76327,-0.73267,10.428
2.55,0.50202,-2.0816,0.94539,0.0033136,-0.1262,0,0.992,-4.3603,0.65482,-0.062302,-0.11135,2.0848,0.0072008,-2.598,-0.068217,0.23904,0,0,0,1.555,1.5578,1.558,1.5549,22.184,1.1698,0.6251,14.098,0.66657,-0.77647,10.376
2.56,0.45829,-2.0751,0.94478,0.0027529,-0.11577,0,0.99327,-4.3852,0.6542,-0.05988,-0.1128,2.1166,0.0072816,-2.3755,-0.056487,0.24525,0,0,0,1.548,1.5506,1.5508,1.5479,22.319,1.176,0.61712,12.963,0.56947,-0.82015,10.329
2.57,0.41432,-2.0685,0.94419,0.0021851,-0.10518,0,0.99445,-4.4078,0.65369,-0.057397,-0.11409,2.146,0.0073519,-2.1516,-0.0447,0.25138,0,0,0,1.5416,1.544,1.5442,1.5415,22.443,1.1812,0.6087,11.823,0.47204,-0.86369,10.286
2.58,0.37014,-2.062,0.94363,0.0016109,-0.094434,0,0.99553,-4.4282,0.6533,-0.054853,-0.11521,2.1729,0.0074122,-1.9266,-0.032866,0.25742,0,0,0,1.5359,1.5381,1.5382,1.5358,22.556,1.1855,0.59984,10.677,0.37433,-0.90707,10.247
2.59,0.32576,-2.0555,0.94309,0.0010315,-0.083551,0,0.9965,-4.4464,0.65304,-0.052249,-0.11613,2.1971,0.0074628,-1.7006,-0.020994,0.26337,0,0,0,1.5309,1.5329,1.533,1.5308,22.657,1.1887,0.59056,9.5255,0.27639,-0.95028,10.213
2.6,0.28122,-2.0489,0.94259,0.00044776,-0.072545,0,0.99737,-4.4622,0.65289,-0.049586,-0.11686,2.2185,0.0075043,-1.4736,-0.009095,0.26923,0,0,0,1.5266,1.5283,1.5284,1.5266,22.746,1.191,0.58084,8.3698,0.17828,-0.99328,10.183
2.61,0.23653,-2.0424,0.9421,-0.00013917,-0.06143,0,0.99811,-4.4758,0.65285,-0.046865,-0.11739,2.2368,0.007537,-1.2457,0.0028221,0.27499,0,0,0,1.523,1.5245,1.5245,1.523,22.824,1.1923,0.57069,7.2099,0.080042,-1.0361,10.158
2.62,0.19171,-2.0359,0.94165,-0.00072821,-0.050225,0,0.99874,-4.4871,0.65294,-0.044086,-0.11771,2.2519,0.0075616,-1.0171,0.014747,0.28064,0,0,0,1.5201,1.5214,1.5214,1.5202,22.89,1.1926,0.56012,6.0466,-0.01826,-1.0786,10.138
2.63,0.14679,-2.0294,0.94122,-0.0013182,-0.038945,0,0.99924,-4.4962,0.65315,-0.041252,-0.11783,2.2638,0.0075788,-0.78793,0.02667,0.28619,0,0,0,1.518,1.519,1.519,1.5181,22.945,1.1919,0.54912,4.8802,-0.11658,-1.1209,10.124
2.64,0.10179,-2.0228,0.94082,-0.0019081,-0.02761,0,0.99962,-4.5029,0.65347,-0.038363,-0.11772,2.2724,0.0075893,-0.55826,0.038582,0.29162,0,0,0,1.5167,1.5174,1.5174,1.5168,22.988,1.1902,0.5377,3.7113,-0.21486,-1.1628,10.114
2.65,0.056742,-2.0163,0.94045,-0.0024967,-0.016236,0,0.99987,-4.5073,0.65392,-0.03542,-0.1174,2.2776,0.0075937,-0.32821,0.050472,0.29694,0,0,0,1.5162,1.5165,1.5165,1.5162,23.019,1.1876,0.52586,2.5405,-0.31304,-1.2045,10.109
2.66,0.011656,-2.0097,0.94012,-0.0030829,-0.0048428,0,0.99998,-4.5095,0.65448,-0.032425,-0.11687,2.2793,0.0075929,-0.097914,0.062331,0.30214,0,0,0,1.5164,1.5164,1.5164,1.5165,23.039,1.184,0.51361,1.3681,-0.41108,-1.2458,10.109
2.67,-0.03344,-2.0032,0.93981,-0.0036654,0.0065509,0,0.99997,-4.5093,0.65517,-0.029378,-0.11612,2.2776,0.0075878,0.13252,0.074149,0.30721,0,0,0,1.5173,1.5171,1.517,1.5175,23.046,1.1794,0.50095,0.19477,-0.50893,-1.2868,10.115
2.68,-0.078522,-1.9966,0.93953,-0.0042432,0.017927,0,0.99983,-4.5068,0.65597,-0.026281,-0.11517,2.2725,0.0075792,0.36298,0.085915,0.31216,0,0,0,1.5191,1.5186,1.5185,1.5192,23.042,1.1738,0.48788,-0.97903,-0.60652,-1.3274,10.126
2.69,-0.12357,-1.9901,0.93928,-0.0048151,0.029266,0,0.99956,-4.502,0.65688,-0.023135,-0.114,2.2639,0.007568,0.59333,0.097622,0.31697,0,0,0,1.5216,1.5208,1.5207,1.5218,23.027,1.1673,0.4744,-2.1528,-0.7038,-1.3676,10.141
2.7,-0.16856,-1.9835,0.93907,-0.0053802,0.04055,0,0.99916,-4.4949,0.65792,-0.019942,-0.11264,2.2521,0.0075551,0.82347,0.10926,0.32164,0,0,0,1.5249,1.5238,1.5237,1.525,22.999,1.1597,0.46053,-3.3259,-0.80073,-1.4074,10.162
2.71,-0.21346,-1.9769,0.93888,-0.0059372,0.051762,0,0.99864,-4.4856,0.65907,-0.016703,-0.11109,2.237,0.0075415,1.0533,0.12081,0.32618,0,0,0,1.5289,1.5275,1.5274,1.5291,22.96,1.1512,0.44626,-4.498,-0.89725,-1.4468,10.188
2.72,-0.25826,-1.9703,0.93873,-0.0064853,0.062884,0,0.998,-4.4739,0.66034,-0.013419,-0.10935,2.2188,0.007528,1.2826,0.13228,0.33057,0,0,0,1.5336,1.532,1.5319,1.5338,22.909,1.1418,0.43159,-5.6685,-0.9933,-1.4856,10.219
2.73,-0.30293,-1.9637,0.93861,-0.0070235,0.0739,0,0.99724,-4.4599,0.66171,-0.010092,-0.10744,2.1976,0.0075156,1.5114,0.14365,0.33481,0,0,0,1.5391,1.5372,1.537,1.5393,22.847,1.1314,0.41654,-6.8369,-1.0888,-1.524,10.254
2.74,-0.34745,-1.9571,0.93853,-0.0075509,0.084795,0,0.99637,-4.4437,0.66321,-0.0067232,-0.10536,2.1735,0.0075051,1.7395,0.1549,0.3389,0,0,0,1.5452,1.5432,1.543,1.5455,22.773,1.12,0.40111,-8.0027,-1.1838,-1.5619,10.295
2.75,-0.3918,-1.9504,0.93848,-0.0080667,0.095553,0,0.99539,-4.4251,0.66481,-0.0033144,-0.10314,2.1469,0.0074974,1.9668,0.16604,0.34283,0,0,0,1.5521,1.5498,1.5496,1.5523,22.687,1.1077,0.38531,-9.1653,-1.2781,-1.5993,10.34
2.76,-0.43594,-1.9438,0.93846,-0.0085701,0.10616,0,0.99431,-4.4043,0.66653,0.00013285,-0.10077,2.1177,0.0074934,2.1932,0.17705,0.3466,0,0,0,1.5596,1.5571,1.5568,1.5598,22.589,1.0945,0.36913,-10.324,-1.3718,-1.6361,10.389
2.77,-0.47987,-1.9371,0.93848,-0.0090605,0.11661,0,0.99314,-4.3813,0.66835,0.003617,-0.098276,2.0862,0.0074938,2.4186,0.18793,0.35021,0,0,0,1.5677,1.565,1.5648,1.568,22.48,1.0803,0.35259,-11.479,-1.4647,-1.6724,10.442
2.78,-0.52356,-1.9304,0.93854,-0.0095372,0.12688,0,0.99187,-4.356,0.67029,0.0071365,-0.095666,2.0526,0.0074994,2.6428,0.19866,0.35365,0,0,0,1.5764,1.5736,1.5733,1.5767,22.36,1.0652,0.33568,-12.629,-1.5569,-1.708,10.5
2.79,-0.56699,-1.9237,0.93863,-0.0099997,0.13696,0,0.99053,-4.3284,0.67233,0.01069,-0.092951,2.0171,0.0075109,2.8658,0.20923,0.35692,0,0,0,1.5858,1.5828,1.5825,1.5861,22.228,1.0491,0.31843,-13.774,-1.6482,-1.7431,10.562
2.8,-0.61012,-1.917,0.93875,-0.010447,0.14685,0,0.9891,-4.2986,0.67447,0.014274,-0.090145,1.9799,0.007529,3.0873,0.21964,0.36002,0,0,0,1.5956,1.5925,1.5923,1.596,22.084,1.0322,0.30082,-14.914,-1.7386,-1.7775,10.627
2.81,-0.65295,-1.9102,0.93891,-0.01088,0.15654,0,0.98761,-4.2667,0.67672,0.017889,-0.087259,1.9412,0.0075543,3.3074,0.22987,0.36294,0,0,0,1.6061,1.6028,1.6025,1.6064,21.93,1.0144,0.28288,-16.047,-1.828,-1.8112,10.696
2.82,-0.69545,-1.9034,0.93911,-0.011297,0.16602,0,0.98606,-4.2325,0.67907,0.021533,-0.084305,1.9012,0.0075873,3.5259,0.23992,0.36568,0,0,0,1.617,1.6136,1.6133,1.6173,21.764,0.99565,0.2646,-17.173,-1.9165,-1.8443,10.769
2.83,-0.73759,-1.8966,0.93934,-0.011699,0.17529,0,0.98445,-4.1962,0.68152,0.025202,-0.081295,1.86,0.0076286,3.7426,0.24978,0.36823,0,0,0,1.6283,1.6249,1.6246,1.6287,21.586,0.97605,0.246,-18.292,-2.0039,-1.8767,10.844
2.84,-0.77936,-1.8898,0.93961,-0.012084,0.18434,0,0.98279,-4.1577,0.68406,0.028896,-0.078238,1.818,0.0076786,3.9576,0.25944,0.37059,0,0,0,1.6401,1.6366,1.6363,1.6405,21.398,0.95557,0.22707,-19.403,-2.0902,-1.9083,10.923
2.85,-0.82074,-1.883,0.93992,-0.012453,0.19316,0,0.98109,-4.117,0.6867,0.032613,-0.075146,1.7751,0.0077376,4.1706,0.26889,0.37277,0,0,0,1.6524,1.6488,1.6485,1.6527,21.198,0.93425,0.20783,-20.506,-2.1754,-1.9392,11.004
2.86,-0.8617,-1.8761,0.94026,-0.012806,0.20175,0,0.97935,-4.0742,0.68944,0.036351,-0.072026,1.7317,0.0078062,4.3815,0.27812,0.37475,0,0,0,1.6649,1.6613,1.661,1.6653,20.988,0.91207,0.18829,-21.601,-2.2593,-1.9693,11.088
2.87,-0.90222,-1.8692,0.94065,-0.013143,0.21012,0,0.97759,-4.0294,0.69227,0.040108,-0.068888,1.6878,0.0078846,4.5903,0.28713,0.37653,0,0,0,1.6778,1.6742,1.6739,1.6782,20.766,0.88906,0.16845,-22.686,-2.342,-1.9987,11.174
2.88,-0.94228,-1.8622,0.94107,-0.013463,0.21825,0,0.9758,-3.9825,0.69518,0.043881,-0.065741,1.6436,0.007973,4.7968,0.2959,0.37812,0,0,0,1.6911,1.6874,1.6871,1.6914,20.534,0.86523,0.14832,-23.761,-2.4234,-2.0272,11.262
2.89,-0.98186,-1.8553,0.94152,-0.013767,0.22616,0,0.97399,-3.9335,0.69818,0.047669,-0.06259,1.5992,0.0080717,5.0009,0.30443,0.3795,0,0,0,1.7046,1.7009,1.7006,1.7049,20.291,0.8406,0.12791,-24.826,-2.5034,-2.0549,11.352
2.9,-1.0209,-1.8483,0.94202,-0.014055,0.23383,0,0.97218,-3.8824,0.70127,0.051471,-0.059443,1.5548,0.0081808,5.2026,0.31271,0.38068,0,0,0,1.7183,1.7146,1.7143,1.7186,20.037,0.81517,0.10722,-25.88,-2.582,-2.0818,11.443
2.91,-1.0595,-1.8412,0.94255,-0.014326,0.24127,0,0.97035,-3.8294,0.70444,0.055282,-0.056306,1.5105,0.0083006,5.4016,0.32073,0.38164,0,0,0,1.7322,1.7286,1.7283,1.7326,19.773,0.78897,0.086276,-26.923,-2.659,-2.1077,11.536
2.92,-1.0975,-1.8342,0.94313,-0.014581,0.24849,0,0.96853,-3.7744,0.70768,0.059103,-0.053184,1.4664,0.0084312,5.598,0.32849,0.3824,0,0,0,1.7463,1.7427,1.7424,1.7467,19.499,0.762,0.065073,-27.953,-2.7346,-2.1328,11.63
2.93,-1.135,-1.8271,0.94374,-0.01482,0.25548,0,0.9667,-3.7175,0.711,0.06293,-0.05008,1.4225,0.0085726,5.7916,0.33597,0.38294,0,0,0,1.7606,1.757,1.7567,1.7609,19.214,0.73428,0.043623,-28.972,-2.8086,-2.1569,11.725
2.94,-1.1719,-1.82,0.94438,-0.015043,0.26224,0,0.96489,-3.6586,0.7144,0.066761,-0.047,1.379,0.008725,5.9823,0.34317,0.38327,0,0,0,1.7749,1.7714,1.7711,1.7753,18.92,0.70583,0.021937,-29.978,-2.8809,-2.1802,11.821
2.95,-1.2081,-1.8128,0.94507,-0.015251,0.26878,0,0.96308,-3.5978,0.71787,0.070594,-0.043947,1.3358,0.0088883,6.1699,0.35008,0.38338,0,0,0,1.7894,1.7858,1.7856,1.7897,18.615,0.67667,2.3414e-05,-30.97,-2.9516,-2.2024,11.917
2.96,-1.2438,-1.8056,0.9458,-0.015443,0.27511,0,0.96129,-3.5352,0.7214,0.074428,-0.040923,1.2932,0.0090627,6.3545,0.3567,0.38327,0,0,0,1.8039,1.8004,1.8001,1.8042,18.3,0.6468,-0.022108,-31.948,-3.0205,-2.2236,12.014
2.97,-1.2788,-1.7984,0.94656,-0.015619,0.28122,0,0.95952,-3.4708,0.725,0.078259,-0.03793,1.251,0.0092481,6.5359,0.36302,0.38294,0,0,0,1.8184,1.8149,1.8146,1.8187,17.976,0.61626,-0.044446,-32.912,-3.0877,-2.2439,12.111
2.98,-1.3132,-1.7911,0.94736,-0.015781,0.28712,0,0.95777,-3.4045,0.72866,0.082086,-0.034971,1.2095,0.0094445,6.714,0.36902,0.38238,0,0,0,1.8328,1.8294,1.8292,1.8332,17.642,0.58506,-0.066982,-33.861,-3.1529,-2.2631,12.208
2.99,-1.3469,-1.7838,0.9482,-0.015927,0.2928,0,0.95604,-3.3365,0.73238,0.085906,-0.032047,1.1685,0.009652,6.8887,0.37472,0.3816,0,0,0,1.8473,1.8439,1.8437,1.8476,17.299,0.55321,-0.089704,-34.794,-3.2163,-2.2812,12.304
3,-1.3799,-1.7764,0.94908,-0.016059,0.29829,0,0.95434,-3.2667,0.73615,0.089717,-0.029158,1.1282,0.0098706,7.06,0.38009,0.38059,0,0,0,1.8617,1.8584,1.8581,1.862,16.946,0.52074,-0.1126,-35.712,-3.2778,-2.2983,12.4
3.01,-1.4123,-1.7691,0.95,-0.016176,0.30357,0,0.95267,-3.1953,0.73998,0.093517,-0.026305,1.0885,0.0101,7.2276,0.38513,0.37935,0,0,0,1.8759,1.8727,1.8724,1.8763,16.585,0.48766,-0.13567,-36.613,-3.3372,-2.3142,12.496
3.02,-1.4438,-1.7616,0.95095,-0.016279,0.30866,0,0.95103,-3.1222,0.74386,0.097303,-0.02349,1.0495,0.010341,7.3916,0.38984,0.37787,0,0,0,1.8901,1.8869,1.8867,1.8904,16.214,0.454,-0.15888,-37.497,-3.3946,-2.3291,12.59
3.03,-1.4747,-1.7542,0.95194,-0.016368,0.31356,0,0.94943,-3.0475,0.74778,0.10107,-0.02071,1.0112,0.010592,7.5519,0.39421,0.37617,0,0,0,1.9041,1.901,1.9007,1.9044,15.835,0.41977,-0.18224,-38.364,-3.4499,-2.3427,12.684
3.04,-1.5048,-1.7467,0.95297,-0.016442,0.31827,0,0.94786,-2.9712,0.75174,0.10483,-0.017967,0.97352,0.010855,7.7083,0.39823,0.37423,0,0,0,1.9179,1.9148,1.9146,1.9182,15.447,0.38501,-0.20573,-39.212,-3.503,-2.3552,12.776
3.05,-1.5341,-1.7392,0.95404,-0.016503,0.32279,0,0.94633,-2.8933,0.75574,0.10856,-0.015259,0.93656,0.011128,7.8608,0.4019,0.37205,0,0,0,1.9315,1.9285,1.9283,1.9319,15.051,0.34972,-0.22934,-40.042,-3.5539,-2.3665,12.867
3.06,-1.5627,-1.7316,0.95514,-0.016551,0.32713,0,0.94483,-2.814,0.75978,0.11227,-0.012587,0.90028,0.011413,8.0093,0.40522,0.36964,0,0,0,1.9449,1.942,1.9417,1.9452,14.646,0.31394,-0.25306,-40.853,-3.6026,-2.3766,12.956
3.07,-1.5904,-1.724,0.95628,-0.016585,0.3313,0,0.94338,-2.7332,0.76384,0.11595,-0.0099488,0.86468,0.011708,8.1537,0.40818,0.36699,0,0,0,1.9581,1.9551,1.9549,1.9584,14.234,0.27768,-0.27687,-41.645,-3.6489,-2.3855,13.044
3.08,-1.6173,-1.7163,0.95746,-0.016606,0.33529,0,0.94197,-2.6509,0.76794,0.1196,-0.0073436,0.82975,0.012014,8.2939,0.41078,0.3641,0,0,0,1.9709,1.9681,1.9679,1.9712,13.813,0.24097,-0.30077,-42.416,-3.6929,-2.3931,13.13
3.09,-1.6434,-1.7086,0.95868,-0.016614,0.33912,0,0.9406,-2.5673,0.77206,0.12323,-0.0047704,0.79548,0.012331,8.4299,0.413,0.36098,0,0,0,1.9835,1.9807,1.9805,1.9838,13.385,0.20383,-0.32473,-43.167,-3.7344,-2.3994,13.214
3.1,-1.6687,-1.7009,0.95993,-0.016609,0.34278,0,0.93927,-2.4823,0.7762,0.12682,-0.0022279,0.76184,0.012659,8.5616,0.41485,0.35761,0,0,0,1.9957,1.993,1.9928,1.9961,12.95,0.16629,-0.34875,-43.897,-3.7735,-2.4044,13.296
3.11,-1.693,-1.6931,0.96121,-0.016592,0.34628,0,0.93799,-2.3961,0.78035,0.13038,0.00028531,0.72884,0.012997,8.6889,0.41632,0.354,0,0,0,2.0077,2.005,2.0048,2.008,12.507,0.12837,-0.37281,-44.605,-3.81,-2.408,13.376
3.12,-1.7166,-1.6853,0.96253,-0.016562,0.34962,0,0.93675,-2.3086,0.78452,0.1339,0.0027707,0.69644,0.013347,8.8117,0.41742,0.35015,0,0,0,2.0192,2.0166,2.0164,2.0195,12.058,0.090097,-0.39691,-45.291,-3.844,-2.4103,13.453
3.13,-1.7392,-1.6774,0.96389,-0.016519,0.3528,0,0.93555,-2.2199,0.7887,0.13738,0.0052298,0.66463,0.013708,8.93,0.41812,0.34606,0,0,0,2.0304,2.0278,2.0276,2.0307,11.602,0.051498,-0.42101,-45.954,-3.8753,-2.4112,13.528
3.14,-1.761,-1.6695,0.96528,-0.016464,0.35584,0,0.9344,-2.13,0.79288,0.14082,0.0076641,0.63339,0.014079,9.0437,0.41845,0.34173,0,0,0,2.0412,2.0387,2.0385,2.0415,11.139,0.0126,-0.44513,-46.594,-3.9039,-2.4108,13.6
3.15,-1.7818,-1.6615,0.96671,-0.016397,0.35873,0,0.9333,-2.039,0.79707,0.14422,0.010075,0.6027,0.014462,9.1528,0.41838,0.33716,0,0,0,2.0516,2.0491,2.0489,2.0519,10.67,-0.026572,-0.46922,-47.211,-3.9299,-2.4089,13.669
3.16,-1.8017,-1.6535,0.96816,-0.016318,0.36147,0,0.93224,-1.9469,0.80125,0.14757,0.012465,0.57252,0.014855,9.2571,0.41791,0.33235,0,0,0,2.0615,2.0591,2.0589,2.0618,10.195,-0.065988,-0.4933,-47.803,-3.953,-2.4055,13.736
3.17,-1.8207,-1.6455,0.96966,-0.016228,0.36407,0,0.93123,-1.8539,0.80542,0.15086,0.014835,0.54285,0.015259,9.3567,0.41706,0.32729,0,0,0,2.071,2.0686,2.0685,2.0714,9.7139,-0.10562,-0.51733,-48.371,-3.9733,-2.4007,13.799
3.18,-1.8388,-1.6374,0.97118,-0.016125,0.36653,0,0.93027,-1.7598,0.80959,0.15411,0.017187,0.51365,0.015675,9.4514,0.4158,0.322,0,0,0,2.0801,2.0777,2.0776,2.0804,9.2275,-0.14544,-0.54131,-48.914,-3.9906,-2.3944,13.86
3.19,-1.8559,-1.6293,0.97274,-0.01601,0.36885,0,0.92935,-1.6649,0.81374,0.1573,0.019522,0.48491,0.016102,9.5412,0.41415,0.31647,0,0,0,2.0887,2.0863,2.0862,2.089,8.7357,-0.18542,-0.56521,-49.43,-4.0051,-2.3866,13.917
3.2,-1.8721,-1.6212,0.97433,-0.015884,0.37104,0,0.92848,-1.569,0.81787,0.16044,0.021842,0.45658,0.01654,9.6261,0.41209,0.3107,0,0,0,2.0968,2.0945,2.0943,2.0971,8.2389,-0.22554,-0.58903,-49.921,-4.0165,-2.3772,13.971
3.21,-1.8873,-1.613,0.97595,-0.015746,0.37309,0,0.92766,-1.4724,0.82198,0.16352,0.02415,0.42866,0.016989,9.7059,0.40963,0.30469,0,0,0,2.1044,2.1021,2.1019,2.1047,7.7374,-0.26575,-0.61275,-50.385,-4.0249,-2.3663,14.022
3.22,-1.9016,-1.6047,0.9776,-0.015597,0.37502,0,0.92689,-1.3749,0.82606,0.16653,0.026446,0.40111,0.017449,9.7808,0.40678,0.29844,0,0,0,2.1114,2.1092,2.1091,2.1118,7.2313,-0.30602,-0.63635,-50.821,-4.0302,-2.3538,14.069
3.23,-1.9148,-1.5964,0.97928,-0.015436,0.37681,0,0.92616,-1.2768,0.83011,0.16948,0.028732,0.37391,0.017921,9.8506,0.40351,0.29196,0,0,0,2.118,2.1158,2.1157,2.1183,6.721,-0.34634,-0.65982,-51.23,-4.0324,-2.3397,14.113
3.24,-1.9271,-1.5881,0.98099,-0.015263,0.37848,0,0.92548,-1.1779,0.83413,0.17237,0.03101,0.34703,0.018405,9.9152,0.39985,0.28525,0,0,0,2.124,2.1219,2.1217,2.1244,6.2068,-0.38666,-0.68314,-51.611,-4.0313,-2.3239,14.153
3.25,-1.9384,-1.5798,0.98273,-0.015079,0.38003,0,0.92485,-1.0785,0.83811,0.17519,0.033281,0.32044,0.0189,9.9747,0.39578,0.2783,0,0,0,2.1295,2.1274,2.1272,2.1299,5.6889,-0.42695,-0.7063,-51.963,-4.0269,-2.3066,14.19
3.26,-1.9487,-1.5714,0.98449,-0.014883,0.38145,0,0.92427,-0.97844,0.84205,0.17794,0.035548,0.29413,0.019407,10.029,0.39131,0.27112,0,0,0,2.1345,2.1323,2.1322,2.1348,5.1677,-0.46719,-0.72927,-52.285,-4.0193,-2.2875,14.223
3.27,-1.9579,-1.5629,0.98628,-0.014676,0.38275,0,0.92374,-0.8779,0.84593,0.18061,0.037811,0.26805,0.019926,10.078,0.38644,0.26371,0,0,0,2.1388,2.1367,2.1366,2.1392,4.6433,-0.50733,-0.75204,-52.578,-4.0083,-2.2667,14.252
3.28,-1.9662,-1.5544,0.9881,-0.014458,0.38393,0,0.92325,-0.7769,0.84977,0.18321,0.040071,0.24219,0.020456,10.122,0.38116,0.25608,0,0,0,2.1427,2.1406,2.1404,2.143,4.1162,-0.54734,-0.7746,-52.84,-3.9939,-2.2442,14.278
3.29,-1.9735,-1.5459,0.98995,-0.014228,0.38499,0,0.92281,-0.67548,0.85356,0.18573,0.042332,0.21652,0.020999,10.16,0.37549,0.24822,0,0,0,2.1459,2.1438,2.1437,2.1462,3.5866,-0.58719,-0.79692,-53.071,-3.9759,-2.22,14.299
3.3,-1.9797,-1.5374,0.99182,-0.013986,0.38593,0,0.92242,-0.57371,0.85728,0.18817,0.044593,0.19101,0.021554,10.194,0.36942,0.24014,0,0,0,2.1486,2.1465,2.1464,2.1489,3.0549,-0.62685,-0.81899,-53.272,-3.9545,-2.194,14.317
3.31,-1.9849,-1.5288,0.99371,-0.013733,0.38675,0,0.92208,-0.47163,0.86094,0.19053,0.046857,0.16564,0.02212,10.221,0.36296,0.23184,0,0,0,2.1506,2.1486,2.1485,2.151,2.5213,-0.66627,-0.84079,-53.44,-3.9295,-2.1663,14.331
3.32,-1.9892,-1.5201,0.99563,-0.013469,0.38746,0,0.92179,-0.3693,0.86454,0.19281,0.049124,0.14038,0.0227,10.244,0.3561,0.22333,0,0,0,2.1521,2.1501,2.15,2.1525,1.9862,-0.70543,-0.86231,-53.576,-3.9009,-2.1367,14.341
3.33,-1.9923,-1.5115,0.99757,-0.013193,0.38805,0,0.92154,-0.26677,0.86806,0.195,0.051396,0.1152,0.023291,10.261,0.34885,0.2146,0,0,0,2.153,2.151,2.1509,2.1534,1.4499,-0.74428,-0.88352,-53.679,-3.8686,-2.1052,14.347
3.34,-1.9945,-1.5028,0.99953,-0.012905,0.38852,0,0.92135,-0.16409,0.87151,0.1971,0.053674,0.090077,0.023896,10.273,0.34121,0.20566,0,0,0,2.1533,2.1513,2.1512,2.1537,0.91274,-0.78279,-0.90441,-53.748,-3.8325,-2.072,14.349
3.35,-1.9956,-1.494,1.0015,-0.012605,0.38888,0,0.9212,-0.061328,0.87489,0.19911,0.055959,0.064987,0.024512,10.279,0.33319,0.19651,0,0,0,2.153,2.151,2.1509,2.1534,0.37505,-0.82092,-0.92495,-53.784,-3.7927,-2.0368,14.347
3.36,-1.9957,-1.4853,1.0035,-0.012294,0.38913,0,0.9211,0.041476,0.87818,0.20103,0.058252,0.0399,0.025142,10.28,0.3248,0.18716,0,0,0,2.1521,2.1501,2.15,2.1525,-0.16283,-0.85863,-0.94514,-53.786,-3.7491,-1.9998,14.341
3.37,-1.9948,-1.4765,1.0055,-0.011971,0.38925,0,0.92105,0.14426,0.88138,0.20285,0.060555,0.014792,0.025784,10.276,0.31602,0.17761,0,0,0,2.1506,2.1486,2.1485,2.151,-0.70056,-0.89589,-0.96494,-53.755,-3.7018,-1.9609,14.331
3.38,-1.9928,-1.4677,1.0076,-0.011636,0.38927,0,0.92105,0.24698,0.8845,0.20458,0.062867,-0.010364,0.026439,10.266,0.30688,0.16786,0,0,0,2.1485,2.1465,2.1464,2.1489,-1.2378,-0.93265,-0.98435,-53.69,-3.651,-1.9203,14.317
3.39,-1.9898,-1.4588,1.0096,-0.011289,0.38916,0,0.9211,0.34958,0.88752,0.20621,0.065191,-0.035598,0.027107,10.251,0.29737,0.15792,0,0,0,2.1459,2.1438,2.1437,2.1462,-1.7743,-0.96889,-1.0033,-53.594,-3.5965,-1.8779,14.299
3.4,-1.9858,-1.4499,1.0117,-0.01093,0.38894,0,0.9212,0.45199,0.89044,0.20774,0.067527,-0.060935,0.027788,10.231,0.2875,0.1478,0,0,0,2.1426,2.1405,2.1404,2.1429,-2.3096,-1.0046,-1.0219,-53.465,-3.5386,-1.8339,14.277
3.41,-1.9808,-1.441,1.0138,-0.010559,0.3886,0,0.92134,0.55418,0.89327,0.20917,0.069877,-0.086404,0.028482,10.205,0.27728,0.13749,0,0,0,2.1387,2.1366,2.1365,2.1391,-2.8435,-1.0397,-1.04,-53.305,-3.4773,-1.7881,14.252
3.42,-1.9748,-1.432,1.0159,-0.010175,0.38815,0,0.92154,0.65608,0.89599,0.21049,0.07224,-0.11203,0.02919,10.174,0.26671,0.127,0,0,0,2.1342,2.1322,2.1321,2.1346,-3.3756,-1.0741,-1.0577,-53.114,-3.4127,-1.7407,14.222
3.43,-1.9677,-1.4231,1.018,-0.0097795,0.38757,0,0.92179,0.75764,0.8986,0.21171,0.074619,-0.13785,0.029912,10.138,0.2558,0.11634,0,0,0,2.1292,2.1271,2.127,2.1296,-3.9056,-1.1079,-1.0748,-52.893,-3.3449,-1.6918,14.188
3.44,-1.9596,-1.4141,1.0201,-0.0093714,0.38688,0,0.92208,0.85881,0.9011,0.21281,0.077013,-0.16389,0.030647,10.096,0.24456,0.1055,0,0,0,2.1236,2.1215,2.1214,2.124,-4.4333,-1.141,-1.0915,-52.642,-3.2739,-1.6413,14.151
3.45,-1.9505,-1.405,1.0222,-0.0089508,0.38606,0,0.92243,0.95954,0.90349,0.21382,0.079425,-0.19018,0.031396,10.049,0.23298,0.094508,0,0,0,2.1174,2.1152,2.1151,2.1178,-4.9584,-1.1734,-1.1076,-52.361,-3.1997,-1.5893,14.109
3.46,-1.9404,-1.396,1.0244,-0.0085175,0.38513,0,0.92282,1.0598,0.90576,0.2147,0.081854,-0.21675,0.03216,9.9969,0.22109,0.083353,0,0,0,2.1106,2.1084,2.1084,2.111,-5.4805,-1.205,-1.1233,-52.051,-3.1226,-1.5358,14.064
3.47,-1.9293,-1.3869,1.0265,-0.0080715,0.38407,0,0.92327,1.1595,0.90791,0.21548,0.084301,-0.24363,0.032938,9.9395,0.20889,0.072045,0,0,0,2.1033,2.1011,2.101,2.1037,-5.9993,-1.2358,-1.1384,-51.713,-3.0425,-1.4809,14.015
3.48,-1.9172,-1.3778,1.0287,-0.0076127,0.38288,0,0.92377,1.2586,0.90994,0.21614,0.086766,-0.27084,0.033731,9.8769,0.19638,0.060588,0,0,0,2.0954,2.0932,2.0931,2.0958,-6.5146,-1.2658,-1.1529,-51.347,-2.9595,-1.4247,13.963
3.49,-1.9041,-1.3687,1.0309,-0.0071408,0.38157,0,0.92431,1.357,0.91184,0.21669,0.089252,-0.29843,0.034539,9.8092,0.18357,0.048989,0,0,0,2.087,2.0847,2.0847,2.0874,-7.0261,-1.295,-1.1668,-50.953,-2.8737,-1.367,13.906
3.5,-1.8901,-1.3596,1.033,-0.0066559,0.38012,0,0.92491,1.4547,0.91361,0.21712,0.091757,-0.32643,0.035361,9.7364,0.17048,0.037253,0,0,0,2.0781,2.0758,2.0757,2.0785,-7.5336,-1.3233,-1.1802,-50.532,-2.7852,-1.3081,13.847
3.51,-1.8751,-1.3505,1.0352,-0.0061577,0.37855,0,0.92556,1.5517,0.91525,0.21744,0.094282,-0.35486,0.0362,9.6585,0.15711,0.025386,0,0,0,2.0686,2.0662,2.0662,2.069,-8.0367,-1.3507,-1.193,-50.085,-2.694,-1.2479,13.783
3.52,-1.8591,-1.3413,1.0374,-0.0056461,0.37684,0,0.92626,1.6479,0.91675,0.21763,0.096827,-0.38376,0.037054,9.5757,0.14347,0.013395,0,0,0,2.0586,2.0562,2.0561,2.059,-8.5352,-1.3772,-1.2052,-49.611,-2.6002,-1.1865,13.717
3.53,-1.8421,-1.3321,1.0396,-0.0051211,0.375,0,0.92701,1.7432,0.91811,0.21771,0.099393,-0.41316,0.037924,9.4878,0.12957,0.0012847,0,0,0,2.0481,2.0457,2.0456,2.0485,-9.0288,-1.4027,-1.2167,-49.112,-2.504,-1.1239,13.647
3.54,-1.8242,-1.3229,1.0417,-0.0045825,0.37301,0,0.92782,1.8376,0.91934,0.21766,0.10198,-0.4431,0.03881,9.3951,0.11542,-0.010938,0,0,0,2.0372,2.0347,2.0346,2.0376,-9.5174,-1.4272,-1.2277,-48.588,-2.4053,-1.0602,13.573
3.55,-1.8054,-1.3137,1.0439,-0.0040302,0.37089,0,0.92867,1.9311,0.92042,0.21749,0.10458,-0.4736,0.039713,9.2975,0.10103,-0.023266,0,0,0,2.0257,2.0232,2.0231,2.0261,-10.001,-1.4508,-1.2379,-48.04,-2.3042,-0.9953,13.497
3.56,-1.7856,-1.3045,1.0461,-0.0034639,0.36861,0,0.92958,2.0235,0.92136,0.21719,0.10721,-0.50471,0.040632,9.1951,0.086408,-0.035694,0,0,0,2.0138,2.0112,2.0112,2.0142,-10.478,-1.4733,-1.2476,-47.467,-2.2008,-0.92939,13.417
3.57,-1.7649,-1.2953,1.0482,-0.0028837,0.36619,0,0.93053,2.115,0.92215,0.21677,0.10985,-0.53645,0.041568,9.088,0.071567,-0.048215,0,0,0,2.0015,1.9988,1.9988,2.0019,-10.95,-1.4948,-1.2565,-46.87,-2.0953,-0.86244,13.335
3.58,-1.7433,-1.2861,1.0504,-0.0022895,0.36362,0,0.93154,2.2053,0.92279,0.21623,0.11251,-0.56887,0.042521,8.9761,0.056516,-0.060822,0,0,0,1.9887,1.986,1.9859,1.9891,-11.415,-1.5152,-1.2648,-46.251,-1.9875,-0.79451,13.25
3.59,-1.7208,-1.2769,1.0526,-0.001681,0.36089,0,0.93261,2.2945,0.92328,0.21556,0.11519,-0.60199,0.043492,8.8597,0.041267,-0.073509,0,0,0,1.9755,1.9728,1.9727,1.976,-11.875,-1.5345,-1.2724,-45.608,-1.8778,-0.72564,13.162
3.6,-1.6974,-1.2676,1.0547,-0.0010582,0.35801,0,0.93372,2.3825,0.92361,0.21476,0.11789,-0.63584,0.044479,8.7387,0.025829,-0.086268,0,0,0,1.962,1.9591,1.9591,1.9624,-12.327,-1.5528,-1.2793,-44.944,-1.766,-0.65585,13.071
3.61,-1.6731,-1.2584,1.0569,-0.00042098,0.35496,0,0.93488,2.4692,0.9238,0.21383,0.12059,-0.67046,0.045484,8.6131,0.010215,-0.099093,0,0,0,1.948,1.9451,1.9451,1.9485,-12.774,-1.5698,-1.2855,-44.258,-1.6523,-0.58521,12.978
3.62,-1.648,-1.2491,1.059,0.00023069,0.35174,0,0.9361,2.5547,0.92382,0.21277,0.12331,-0.70589,0.046507,8.4832,-0.0055639,-0.11198,0,0,0,1.9337,1.9307,1.9307,1.9342,-13.213,-1.5858,-1.291,-43.55,-1.5367,-0.51373,12.882
3.63,-1.622,-1.2399,1.0611,0.00089692,0.34835,0,0.93737,2.6389,0.92368,0.21159,0.12603,-0.74214,0.047548,8.3489,-0.021497,-0.12491,0,0,0,1.9191,1.916,1.916,1.9195,-13.644,-1.6006,-1.2958,-42.822,-1.4194,-0.44147,12.784
3.64,-1.5952,-1.2307,1.0632,0.0015777,0.34478,0,0.93868,2.7217,0.92339,0.21028,0.12877,-0.77926,0.048606,8.2103,-0.037571,-0.13789,0,0,0,1.9041,1.901,1.901,1.9046,-14.069,-1.6142,-1.2998,-42.073,-1.3004,-0.36847,12.684
3.65,-1.5676,-1.2214,1.0653,0.0022732,0.34103,0,0.94005,2.8031,0.92293,0.20883,0.1315,-0.81727,0.049681,8.0676,-0.053776,-0.1509,0,0,0,1.8889,1.8857,1.8856,1.8893,-14.486,-1.6266,-1.3032,-41.305,-1.1797,-0.29476,12.583
3.66,-1.5392,-1.2122,1.0674,0.0029833,0.33709,0,0.94147,2.883,0.92231,0.20726,0.13423,-0.8562,0.050774,7.9207,-0.070099,-0.16395,0,0,0,1.8734,1.8701,1.8701,1.8738,-14.895,-1.6378,-1.3057,-40.518,-1.0575,-0.22038,12.479
3.67,-1.51,-1.203,1.0695,0.0037081,0.33297,0,0.94293,2.9615,0.92153,0.20555,0.13695,-0.89607,0.051884,7.7697,-0.086527,-0.17702,0,0,0,1.8576,1.8542,1.8542,1.8581,-15.296,-1.6477,-1.3076,-39.711,-0.93381,-0.14537,12.374
3.68,-1.48,-1.1938,1.0715,0.0044474,0.32864,0,0.94444,3.0384,0.92058,0.20372,0.13966,-0.9369,0.053011,7.6148,-0.10305,-0.1901,0,0,0,1.8416,1.8381,1.8381,1.8421,-15.689,-1.6564,-1.3086,-38.887,-0.80871,-0.069784,12.267
3.69,-1.4492,-1.1846,1.0735,0.0052013,0.32411,0,0.946,3.1138,0.91947,0.20175,0.14236,-0.97871,0.054155,7.4559,-0.11965,-0.20319,0,0,0,1.8255,1.8219,1.8219,1.8259,-16.074,-1.6639,-1.309,-38.044,-0.68229,0.006353,12.159
3.7,-1.4177,-1.1754,1.0756,0.0059696,0.31938,0,0.94761,3.1875,0.91819,0.19965,0.14503,-1.0215,0.055315,7.2933,-0.13632,-0.21628,0,0,0,1.8091,1.8054,1.8055,1.8096,-16.45,-1.6701,-1.3085,-37.184,-0.5546,0.082996,12.049
3.71,-1.3855,-1.1662,1.0775,0.0067522,0.31443,0,0.94926,3.2596,0.91674,0.19743,0.14767,-1.0653,0.05649,7.127,-0.15305,-0.22935,0,0,0,1.7926,1.7888,1.7889,1.7931,-16.817,-1.675,-1.3073,-36.307,-0.42573,0.16011,11.939
3.72,-1.3525,-1.1571,1.0795,0.0075489,0.30926,0,0.95095,3.33,0.91513,0.19507,0.15026,-1.1101,0.05768,6.957,-0.16982,-0.24242,0,0,0,1.776,1.7721,1.7722,1.7765,-17.176,-1.6786,-1.3053,-35.414,-0.29574,0.23764,11.828
3.73,-1.3189,-1.1479,1.0814,0.0083595,0.30386,0,0.95268,3.3987,0.91334,0.19258,0.15281,-1.156,0.058884,6.7835,-0.18662,-0.25546,0,0,0,1.7593,1.7553,1.7554,1.7598,-17.526,-1.6809,-1.3025,-34.505,-0.16472,0.31557,11.716
3.74,-1.2845,-1.1388,1.0834,0.0091836,0.29824,0,0.95445,3.4657,0.91139,0.18996,0.15531,-1.2028,0.060102,6.6065,-0.20343,-0.26847,0,0,0,1.7426,1.7385,1.7386,1.743,-17.866,-1.6819,-1.299,-33.581,-0.032732,0.39384,11.604
3.75,-1.2496,-1.1297,1.0852,0.010021,0.29238,0,0.95625,3.5309,0.90928,0.18721,0.15773,-1.2506,0.061331,6.4262,-0.22025,-0.28144,0,0,0,1.7258,1.7216,1.7217,1.7262,-18.197,-1.6815,-1.2947,-32.642,0.10015,0.47241,11.492
3.76,-1.2139,-1.1206,1.0871,0.010871,0.28627,0,0.95809,3.5942,0.90699,0.18433,0.16007,-1.2993,0.062571,6.2426,-0.23706,-0.29436,0,0,0,1.709,1.7048,1.7049,1.7095,-18.519,-1.6799,-1.2895,-31.688,0.23384,0.55126,11.38
3.77,-1.1777,-1.1116,1.0889,0.011733,0.27992,0,0.95995,3.6557,0.90454,0.18132,0.16231,-1.349,0.063819,6.0558,-0.25384,-0.30722,0,0,0,1.6923,1.6879,1.6881,1.6927,-18.831,-1.6769,-1.2836,-30.72,0.36829,0.63033,11.268
3.78,-1.1408,-1.1025,1.0907,0.012608,0.27331,0,0.96184,3.7153,0.90191,0.17818,0.16445,-1.3996,0.065075,5.866,-0.27059,-0.32003,0,0,0,1.6757,1.6712,1.6713,1.676,-19.133,-1.6725,-1.2769,-29.739,0.5034,0.70958,11.157
3.79,-1.1034,-1.0935,1.0925,0.013493,0.26645,0,0.96375,3.773,0.89912,0.17492,0.16647,-1.4509,0.066337,5.6732,-0.28729,-0.33276,0,0,0,1.6591,1.6545,1.6547,1.6595,-19.426,-1.6668,-1.2694,-28.745,0.63911,0.78899,11.046
3.8,-1.0654,-1.0845,1.0942,0.014388,0.25932,0,0.96568,3.8288,0.89617,0.17153,0.16835,-1.503,0.067602,5.4775,-0.30392,-0.34541,0,0,0,1.6427,1.638,1.6382,1.643,-19.708,-1.6597,-1.2612,-27.738,0.77534,0.8685,10.937
3.81,-1.0268,-1.0756,1.0959,0.015294,0.25192,0,0.96763,3.8825,0.89305,0.16801,0.17007,-1.5558,0.068868,5.2791,-0.32048,-0.35798,0,0,0,1.6264,1.6217,1.6219,1.6268,-19.98,-1.6513,-1.2521,-26.719,0.91202,0.94808,10.828
3.82,-0.98772,-1.0667,1.0976,0.016207,0.24425,0,0.96958,3.9343,0.88976,0.16437,0.17162,-1.6092,0.070132,5.078,-0.33694,-0.37045,0,0,0,1.6104,1.6056,1.6059,1.6107,-20.242,-1.6415,-1.2422,-25.689,1.0491,1.0277,10.721
3.83,-0.94813,-1.0578,1.0992,0.017128,0.23631,0,0.97153,3.9841,0.88631,0.1606,0.17298,-1.6629,0.071392,4.8743,-0.3533,-0.38282,0,0,0,1.5946,1.5898,1.59,1.5949,-20.494,-1.6303,-1.2315,-24.648,1.1864,1.1073,10.616
3.84,-0.90805,-1.049,1.1008,0.018056,0.22808,0,0.97347,4.0318,0.88269,0.15671,0.17412,-1.717,0.072644,4.6681,-0.36954,-0.39508,0,0,0,1.5791,1.5742,1.5745,1.5794,-20.735,-1.6177,-1.22,-23.596,1.324,1.1868,10.512
3.85,-0.8675,-1.0401,1.1023,0.018989,0.21958,0,0.97541,4.0775,0.87892,0.1527,0.17503,-1.7713,0.073885,4.4596,-0.38565,-0.40722,0,0,0,1.564,1.559,1.5593,1.5642,-20.966,-1.6038,-1.2078,-22.534,1.4618,1.2663,10.411
3.86,-0.8265,-1.0314,1.1038,0.019925,0.21079,0,0.97733,4.121,0.87498,0.14857,0.17569,-1.8255,0.075111,4.2488,-0.40162,-0.41923,0,0,0,1.5491,1.5442,1.5445,1.5493,-21.186,-1.5885,-1.1947,-21.462,1.5996,1.3456,10.312
3.87,-0.78509,-1.0226,1.1053,0.020864,0.20172,0,0.97922,4.1624,0.87088,0.14432,0.17608,-1.8795,0.076319,4.0359,-0.41742,-0.43111,0,0,0,1.5347,1.5298,1.5301,1.5349,-21.395,-1.5718,-1.1809,-20.382,1.7374,1.4248,10.216
3.88,-0.74326,-1.014,1.1067,0.021803,0.19237,0,0.98108,4.2017,0.86663,0.13995,0.17617,-1.9331,0.077504,3.8209,-0.43305,-0.44285,0,0,0,1.5207,1.5158,1.5162,1.5208,-21.594,-1.5538,-1.1662,-19.292,1.8751,1.5038,10.123
3.89,-0.70106,-1.0053,1.1081,0.02274,0.18274,0,0.9829,4.2388,0.86222,0.13546,0.17595,-1.9861,0.078663,3.6041,-0.44849,-0.45443,0,0,0,1.5072,1.5023,1.5027,1.5073,-21.781,-1.5343,-1.1508,-18.195,2.0127,1.5825,10.033
3.9,-0.65849,-0.99672,1.1094,0.023675,0.17284,0,0.98467,4.2738,0.85766,0.13086,0.17539,-2.0382,0.07979,3.3854,-0.46373,-0.46586,0,0,0,1.4942,1.4893,1.4898,1.4942,-21.957,-1.5135,-1.1346,-17.09,2.1501,1.661,9.9461
3.91,-0.61559,-0.98816,1.1107,0.024605,0.16266,0,0.98638,4.3065,0.85295,0.12615,0.17447,-2.0891,0.080882,3.165,-0.47875,-0.47712,0,0,0,1.4818,1.477,1.4775,1.4817,-22.123,-1.4913,-1.1176,-15.977,2.2872,1.7391,9.8633
3.92,-0.57237,-0.97966,1.112,0.025527,0.15221,0,0.98802,4.3371,0.84809,0.12132,0.17318,-2.1386,0.081933,2.9429,-0.49355,-0.48821,0,0,0,1.4699,1.4652,1.4658,1.4698,-22.277,-1.4678,-1.0998,-14.858,2.4238,1.8169,9.7845
3.93,-0.52886,-0.9712,1.1131,0.02644,0.14151,0,0.98958,4.3654,0.84308,0.11638,0.17149,-2.1864,0.08294,2.7195,-0.50811,-0.49912,0,0,0,1.4587,1.4541,1.4547,1.4585,-22.42,-1.4428,-1.0812,-13.733,2.5601,1.8944,9.7099
3.94,-0.48507,-0.9628,1.1143,0.027341,0.13056,0,0.99106,4.3915,0.83793,0.11134,0.1694,-2.2322,0.083896,2.4946,-0.5224,-0.50983,0,0,0,1.4481,1.4436,1.4443,1.4479,-22.552,-1.4166,-1.0619,-12.602,2.6958,1.9714,9.6398
3.95,-0.44103,-0.95444,1.1154,0.028227,0.11937,0,0.99245,4.4153,0.83263,0.10619,0.16689,-2.2757,0.084799,2.2685,-0.53643,-0.52035,0,0,0,1.4382,1.4339,1.4346,1.4379,-22.672,-1.3889,-1.0418,-11.466,2.8309,2.0479,9.5743
3.96,-0.39677,-0.94614,1.1164,0.029097,0.10795,0,0.99373,4.4368,0.8272,0.10093,0.16395,-2.3166,0.085642,2.0412,-0.55018,-0.53067,0,0,0,1.429,1.4249,1.4256,1.4287,-22.781,-1.36,-1.021,-10.325,2.9654,2.1239,9.5138
3.97,-0.35231,-0.9379,1.1174,0.029948,0.096326,0,0.9949,4.4561,0.82163,0.095573,0.16058,-2.3545,0.086423,1.8129,-0.56363,-0.54077,0,0,0,1.4206,1.4167,1.4175,1.4202,-22.879,-1.3296,-0.99934,-9.1803,3.0991,2.1994,9.4583
3.98,-0.30766,-0.92971,1.1183,0.030777,0.084506,0,0.99595,4.4731,0.81593,0.090116,0.15676,-2.3893,0.087137,1.5836,-0.57677,-0.55065,0,0,0,1.4129,1.4093,1.4101,1.4125,-22.965,-1.298,-0.97697,-8.0315,3.232,2.2743,9.4081
3.99,-0.26285,-0.92158,1.1192,0.031582,0.072509,0,0.99687,4.4878,0.8101,0.084561,0.15251,-2.4206,0.08778,1.3536,-0.58958,-0.56031,0,0,0,1.4061,1.4028,1.4036,1.4056,-23.039,-1.265,-0.95385,-6.8793,3.364,2.3486,9.3634
4,-0.21791,-0.91351,1.12,0.03236,0.060355,0,0.99765,4.5001,0.80414,0.078911,0.14783,-2.4481,0.08835,1.1229,-0.60206,-0.56973,0,0,0,1.4001,1.3971,1.3979,1.3995,-23.102,-1.2307,-0.93,-5.7243,3.495,2.4222,9.3243
4.01,-0.17286,-0.9055,1.1208,0.03311,0.048065,0,0.9983,4.5102,0.79806,0.073167,0.14272,-2.4716,0.088844,0.89162,-0.61419,-0.5789,0,0,0,1.3949,1.3922,1.3931,1.3943,-23.154,-1.1951,-0.90541,-4.5669,3.6249,2.4952,9.291
4.02,-0.12771,-0.89755,1.1215,0.033827,0.03566,0,0.99879,4.518,0.79185,0.067333,0.1372,-2.4909,0.089261,0.65987,-0.62596,-0.58783,0,0,0,1.3907,1.3883,1.3892,1.39,-23.193,-1.1582,-0.8801,-3.4078,3.7538,2.5674,9.2635
4.03,-0.082505,-0.88966,1.1221,0.034511,0.023163,0,0.99914,4.5234,0.78554,0.061411,0.13129,-2.5058,0.089598,0.42779,-0.63735,-0.5965,0,0,0,1.3873,1.3853,1.3862,1.3865,-23.222,-1.12,-0.85407,-2.2473,3.8814,2.6389,9.242
4.04,-0.037253,-0.88184,1.1227,0.035159,0.0106,0,0.99933,4.5265,0.77911,0.055404,0.125,-2.5163,0.089855,0.19547,-0.64836,-0.60491,0,0,0,1.3848,1.3831,1.3841,1.384,-23.238,-1.0806,-0.82732,-1.0859,4.0078,2.7096,9.2266
4.05,0.0080181,-0.87408,1.1232,0.035769,-0.0020054,0,0.99936,4.5273,0.77257,0.049314,0.11837,-2.5221,0.090032,-0.036945,-0.65896,-0.61305,0,0,0,1.3832,1.3819,1.3829,1.3823,-23.243,-1.0399,-0.79988,0.075864,4.1328,2.7794,9.2172
4.06,0.053286,-0.86639,1.1237,0.03634,-0.014628,0,0.99923,4.5258,0.76593,0.043144,0.11142,-2.5232,0.09013,-0.26936,-0.66915,-0.62091,0,0,0,1.3825,1.3817,1.3826,1.3816,-23.237,-0.99793,-0.77174,1.2375,4.2564,2.8483,9.214
4.07,0.098526,-0.85876,1.1241,0.036869,-0.027242,0,0.99895,4.5219,0.75919,0.036897,0.10418,-2.5196,0.090151,-0.50164,-0.67891,-0.62848,0,0,0,1.3827,1.3823,1.3833,1.3818,-23.219,-0.95475,-0.74291,2.3986,4.3785,2.9163,9.2169
4.08,0.14372,-0.85121,1.1244,0.037355,-0.039822,0,0.99851,4.5158,0.75235,0.030576,0.09669,-2.5114,0.090096,-0.73369,-0.68824,-0.63576,0,0,0,1.3839,1.3839,1.3848,1.3829,-23.189,-0.91036,-0.71341,3.5586,4.499,2.9834,9.2258
4.09,0.18883,-0.84372,1.1247,0.037798,-0.052344,0,0.99791,4.5073,0.74543,0.024183,0.08898,-2.4985,0.08997,-0.96538,-0.69712,-0.64275,0,0,0,1.386,1.3863,1.3873,1.385,-23.148,-0.86478,-0.68325,4.717,4.6179,3.0495,9.2409
4.1,0.23385,-0.8363,1.1249,0.038196,-0.064781,0,0.99717,4.4965,0.73841,0.017722,0.081088,-2.4812,0.089774,-1.1966,-0.70553,-0.64942,0,0,0,1.3889,1.3897,1.3907,1.3879,-23.095,-0.81801,-0.65243,5.8735,4.735,3.1146,9.2619
4.11,0.27876,-0.82895,1.1251,0.038548,-0.077112,0,0.99628,4.4833,0.73132,0.011195,0.073052,-2.4596,0.089514,-1.4272,-0.71347,-0.65579,0,0,0,1.3928,1.3939,1.3949,1.3917,-23.03,-0.77008,-0.62096,7.0273,4.8504,3.1785,9.2889
4.12,0.32351,-0.82167,1.1251,0.038854,-0.089313,0,0.99525,4.4679,0.72415,0.0046069,0.06491,-2.4339,0.089193,-1.6572,-0.72093,-0.66184,0,0,0,1.3975,1.399,1.4,1.3965,-22.954,-0.72101,-0.58886,8.1782,4.9639,3.2414,9.3216
4.13,0.36811,-0.81447,1.1251,0.039114,-0.10136,0,0.99408,4.4502,0.7169,-0.0020404,0.056697,-2.4042,0.088818,-1.8863,-0.72789,-0.66757,0,0,0,1.4031,1.4049,1.4059,1.402,-22.867,-0.67081,-0.55614,9.3256,5.0754,3.3032,9.36
4.14,0.41251,-0.80733,1.1251,0.039328,-0.11324,0,0.99279,4.4302,0.70959,-0.0087433,0.04845,-2.3709,0.088394,-2.1145,-0.73434,-0.67296,0,0,0,1.4096,1.4117,1.4126,1.4085,-22.768,-0.61951,-0.5228,10.469,5.1849,3.3637,9.4039
4.15,0.4567,-0.80027,1.125,0.039495,-0.12493,0,0.99138,4.4079,0.70222,-0.015499,0.040203,-2.3342,0.087925,-2.3416,-0.74028,-0.67802,0,0,0,1.4168,1.4192,1.4202,1.4157,-22.657,-0.56712,-0.48887,11.608,5.2923,3.4231,9.4531
4.16,0.50066,-0.79329,1.1248,0.039617,-0.13641,0,0.98986,4.3834,0.69479,-0.022303,0.031987,-2.2944,0.087419,-2.5676,-0.74568,-0.68274,0,0,0,1.4248,1.4275,1.4285,1.4237,-22.535,-0.51367,-0.45434,12.742,5.3975,3.4811,9.5075
4.17,0.54436,-0.78638,1.1245,0.039693,-0.14767,0,0.98824,4.3566,0.6873,-0.029152,0.023832,-2.2518,0.086882,-2.7923,-0.75055,-0.68711,0,0,0,1.4336,1.4366,1.4375,1.4325,-22.402,-0.45918,-0.41925,13.87,5.5005,3.5379,9.5669
4.18,0.58778,-0.77954,1.1242,0.039724,-0.15869,0,0.98653,4.3275,0.67978,-0.036044,0.015764,-2.2066,0.086318,-3.0156,-0.75486,-0.69112,0,0,0,1.4431,1.4463,1.4472,1.442,-22.258,-0.40367,-0.38359,14.993,5.6012,3.5934,9.631
4.19,0.63091,-0.77278,1.1238,0.039712,-0.16947,0,0.98473,4.2963,0.67221,-0.042973,0.0078083,-2.1593,0.085735,-3.2374,-0.75862,-0.69478,0,0,0,1.4533,1.4567,1.4575,1.4522,-22.103,-0.34716,-0.34738,16.109,5.6995,3.6475,9.6996
4.2,0.6737,-0.7661,1.1233,0.039656,-0.17999,0,0.98287,4.2628,0.66461,-0.049938,-1.5574e-05,-2.1101,0.085138,-3.4576,-0.7618,-0.69807,0,0,0,1.4641,1.4677,1.4685,1.4631,-21.936,-0.28969,-0.31064,17.219,5.7953,3.7002,9.7724
4.21,0.71615,-0.75949,1.1228,0.039559,-0.19024,0,0.98094,4.2271,0.65698,-0.056933,-0.0076891,-2.0592,0.084534,-3.6761,-0.76441,-0.70099,0,0,0,1.4756,1.4793,1.4801,1.4746,-21.758,-0.23126,-0.27339,18.32,5.8885,3.7514,9.8494
4.22,0.75824,-0.75296,1.1222,0.03942,-0.20022,0,0.97896,4.1893,0.64932,-0.063956,-0.015197,-2.007,0.083926,-3.8927,-0.76642,-0.70353,0,0,0,1.4877,1.4915,1.4923,1.4866,-21.569,-0.17192,-0.23562,19.415,5.9791,3.8012,9.9301
4.23,0.79993,-0.7465,1.1215,0.039242,-0.20992,0,0.97693,4.1493,0.64165,-0.071003,-0.022528,-1.9538,0.083322,-4.1074,-0.76784,-0.7057,0,0,0,1.5002,1.5042,1.505,1.4992,-21.37,-0.11169,-0.19737,20.5,6.0671,3.8494,10.014
4.24,0.84122,-0.74013,1.1208,0.039026,-0.21934,0,0.97487,4.1071,0.63397,-0.078069,-0.029671,-1.8997,0.082725,-4.3201,-0.76865,-0.70748,0,0,0,1.5133,1.5174,1.5181,1.5123,-21.16,-0.050592,-0.15864,21.577,6.1522,3.8961,10.102
4.25,0.88207,-0.73383,1.12,0.038772,-0.22847,0,0.97278,4.0629,0.62628,-0.085151,-0.036621,-1.8451,0.08214,-4.5306,-0.76885,-0.70887,0,0,0,1.5269,1.531,1.5317,1.5259,-20.938,0.011344,-0.11945,22.645,6.2345,3.9412,10.192
4.26,0.92247,-0.7276,1.1191,0.038482,-0.23732,0,0.97067,4.0165,0.61859,-0.092245,-0.043372,-1.7901,0.081572,-4.7388,-0.76842,-0.70987,0,0,0,1.5408,1.545,1.5457,1.5399,-20.707,0.074089,-0.079819,23.703,6.3139,3.9847,10.286
4.27,0.96239,-0.72145,1.1181,0.038158,-0.24588,0,0.96855,3.9681,0.61091,-0.099347,-0.049922,-1.7349,0.081025,-4.9447,-0.76737,-0.71046,0,0,0,1.5552,1.5594,1.5601,1.5543,-20.464,0.13761,-0.039762,24.75,6.3903,4.0264,10.382
4.28,1.0018,-0.71538,1.1171,0.0378,-0.25415,0,0.96643,3.9176,0.60325,-0.10645,-0.056271,-1.6798,0.080502,-5.1481,-0.76567,-0.71066,0,0,0,1.5699,1.5741,1.5748,1.569,-20.212,0.20189,0.00070401,25.787,6.4636,4.0665,10.48
4.29,1.0407,-0.70939,1.116,0.03741,-0.26214,0,0.9643,3.8651,0.5956,-0.11356,-0.06242,-1.6249,0.080006,-5.3489,-0.76333,-0.71045,0,0,0,1.5849,1.5891,1.5898,1.5841,-19.949,0.26687,0.041562,26.812,6.5338,4.1049,10.58
4.3,1.0791,-0.70347,1.1148,0.036989,-0.26985,0,0.96219,3.8107,0.58798,-0.12066,-0.068371,-1.5703,0.079541,-5.547,-0.76033,-0.70983,0,0,0,1.6002,1.6044,1.605,1.5994,-19.675,0.33255,0.082795,27.826,6.6007,4.1414,10.682
4.31,1.1169,-0.69763,1.1136,0.036538,-0.27728,0,0.96009,3.7542,0.5804,-0.12775,-0.074128,-1.5162,0.07911,-5.7423,-0.75667,-0.70879,0,0,0,1.6157,1.6199,1.6205,1.6149,-19.392,0.39888,0.12438,28.828,6.6644,4.1761,10.785
4.32,1.1542,-0.69186,1.1123,0.036058,-0.28444,0,0.95802,3.6958,0.57285,-0.13483,-0.079697,-1.4626,0.078713,-5.9348,-0.75235,-0.70734,0,0,0,1.6314,1.6356,1.6361,1.6307,-19.099,0.46583,0.16631,29.816,6.7247,4.209,10.89
4.33,1.1909,-0.68617,1.1109,0.035551,-0.29133,0,0.95596,3.6355,0.56535,-0.1419,-0.085084,-1.4097,0.078355,-6.1243,-0.74735,-0.70546,0,0,0,1.6473,1.6514,1.6519,1.6466,-18.796,0.53336,0.20856,30.792,6.7815,4.24,10.995
4.34,1.2269,-0.68056,1.1094,0.035017,-0.29795,0,0.95394,3.5734,0.55791,-0.14894,-0.090294,-1.3576,0.078035,-6.3107,-0.74168,-0.70317,0,0,0,1.6633,1.6673,1.6679,1.6626,-18.483,0.60144,0.25111,31.754,6.8348,4.269,11.102
4.35,1.2623,-0.67501,1.1079,0.034457,-0.30431,0,0.95195,3.5093,0.55052,-0.15596,-0.095336,-1.3062,0.077757,-6.4939,-0.73532,-0.70044,0,0,0,1.6793,1.6833,1.6839,1.6787,-18.161,0.67004,0.29393,32.702,6.8845,4.2961,11.209
4.36,1.2971,-0.66954,1.1063,0.033873,-0.31041,0,0.95,3.4435,0.5432,-0.16295,-0.10022,-1.2558,0.077521,-6.6739,-0.72828,-0.69729,0,0,0,1.6955,1.6994,1.6999,1.6948,-17.829,0.73912,0.33702,33.635,6.9306,4.3212,11.316
4.37,1.3312,-0.66415,1.1046,0.033265,-0.31626,0,0.94809,3.3759,0.53596,-0.16991,-0.10494,-1.2062,0.077328,-6.8505,-0.72054,-0.6937,0,0,0,1.7116,1.7155,1.716,1.711,-17.488,0.80864,0.38035,34.553,6.9729,4.3442,11.423
4.38,1.3646,-0.65883,1.1029,0.032634,-0.32187,0,0.94622,3.3065,0.52879,-0.17682,-0.10953,-1.1575,0.077179,-7.0236,-0.7121,-0.68968,0,0,0,1.7277,1.7315,1.732,1.7271,-17.138,0.87857,0.4239,35.455,7.0114,4.3651,11.531
4.39,1.3973,-0.65357,1.1011,0.03198,-0.32724,0,0.9444,3.2354,0.52172,-0.1837,-0.11397,-1.1099,0.077076,-7.1932,-0.70297,-0.68522,0,0,0,1.7438,1.7475,1.748,1.7433,-16.779,0.94886,0.46764,36.342,7.046,4.3839,11.638
4.4,1.4293,-0.64839,1.0992,0.031305,-0.33238,0,0.94263,3.1626,0.51474,-0.19053,-0.11829,-1.0632,0.077018,-7.3592,-0.69313,-0.68033,0,0,0,1.7598,1.7635,1.764,1.7593,-16.411,1.0195,0.51157,37.211,7.0766,4.4006,11.744
4.41,1.4605,-0.64328,1.0973,0.03061,-0.33729,0,0.9409,3.0882,0.50786,-0.1973,-0.12248,-1.0174,0.077006,-7.5214,-0.68258,-0.67499,0,0,0,1.7757,1.7793,1.7798,1.7752,-16.035,1.0904,0.55565,38.064,7.1032,4.4151,11.85
4.42,1.4911,-0.63823,1.0953,0.029893,-0.34198,0,0.93923,3.0122,0.50109,-0.20402,-0.12657,-0.97265,0.077041,-7.6798,-0.67132,-0.66921,0,0,0,1.7915,1.795,1.7955,1.791,-15.65,1.1615,0.59986,38.899,7.1257,4.4273,11.955
4.43,1.5208,-0.63326,1.0932,0.029157,-0.34645,0,0.93761,2.9346,0.49443,-0.21069,-0.13055,-0.92885,0.077122,-7.8344,-0.65935,-0.66299,0,0,0,1.8071,1.8106,1.811,1.8067,-15.257,1.2329,0.64419,39.716,7.144,4.4372,12.059
4.44,1.5497,-0.62834,1.0911,0.028402,-0.35071,0,0.93605,2.8555,0.4879,-0.21728,-0.13443,-0.88601,0.07725,-7.985,-0.64666,-0.65633,0,0,0,1.8226,1.8259,1.8264,1.8221,-14.856,1.3044,0.6886,40.515,7.158,4.4449,12.162
4.45,1.5779,-0.6235,1.0889,0.027628,-0.35477,0,0.93455,2.775,0.4815,-0.22381,-0.13822,-0.8441,0.077425,-8.1315,-0.63326,-0.64922,0,0,0,1.8378,1.8411,1.8415,1.8374,-14.447,1.376,0.73308,41.294,7.1677,4.4502,12.263
4.46,1.6052,-0.61871,1.0866,0.026836,-0.35862,0,0.9331,2.6929,0.47524,-0.23027,-0.14193,-0.80312,0.077647,-8.2739,-0.61914,-0.64167,0,0,0,1.8528,1.856,1.8565,1.8524,-14.03,1.4477,0.7776,42.054,7.173,4.4531,12.363
4.47,1.6317,-0.61399,1.0843,0.026026,-0.36228,0,0.9317,2.6095,0.46912,-0.23664,-0.14556,-0.76303,0.077916,-8.4121,-0.6043,-0.63367,0,0,0,1.8675,1.8707,1.8711,1.8671,-13.606,1.5195,0.82213,42.794,7.1738,4.4536,12.461
4.48,1.6574,-0.60933,1.0819,0.025198,-0.36575,0,0.93037,2.5247,0.46316,-0.24294,-0.14913,-0.72382,0.078231,-8.546,-0.58875,-0.62522,0,0,0,1.882,1.8851,1.8855,1.8816,-13.174,1.5912,0.86666,43.514,7.17,4.4517,12.557
4.49,1.6822,-0.60473,1.0794,0.024352,-0.36904,0,0.92909,2.4386,0.45735,-0.24915,-0.15263,-0.68545,0.078593,-8.6755,-0.57248,-0.61633,0,0,0,1.8961,1.8992,1.8996,1.8958,-12.736,1.6629,0.91116,44.212,7.1616,4.4472,12.651
4.5,1.7062,-0.60018,1.0769,0.02349,-0.37214,0,0.92788,2.3512,0.45171,-0.25526,-0.15608,-0.6479,0.079002,-8.8007,-0.55549,-0.607,0,0,0,1.91,1.9129,1.9134,1.9097,-12.29,1.7344,0.9556,44.889,7.1485,4.4402,12.743
4.51,1.7293,-0.59569,1.0743,0.02261,-0.37507,0,0.92672,2.2626,0.44624,-0.26128,-0.15948,-0.61113,0.079457,-8.9213,-0.53779,-0.59722,0,0,0,1.9235,1.9264,1.9269,1.9232,-11.838,1.8058,0.99995,45.545,7.1306,4.4307,12.833
4.52,1.7514,-0.59126,1.0717,0.021714,-0.37783,0,0.92562,2.1728,0.44095,-0.26721,-0.16283,-0.57511,0.079957,-9.0374,-0.51938,-0.587,0,0,0,1.9366,1.9395,1.94,1.9364,-11.379,1.877,1.0442,46.178,7.1078,4.4185,12.921
4.53,1.7727,-0.58687,1.069,0.020801,-0.38041,0,0.92458,2.0819,0.43586,-0.27302,-0.16615,-0.53982,0.080504,-9.1489,-0.50025,-0.57634,0,0,0,1.9494,1.9522,1.9527,1.9491,-10.914,1.9479,1.0883,46.788,7.0801,4.4037,13.006
4.54,1.7931,-0.58254,1.0662,0.019871,-0.38284,0,0.9236,1.9898,0.43095,-0.27873,-0.16942,-0.50521,0.081096,-9.2557,-0.48042,-0.56524,0,0,0,1.9618,1.9645,1.965,1.9616,-10.444,2.0186,1.1323,47.374,7.0474,4.3862,13.088
4.55,1.8125,-0.57825,1.0634,0.018925,-0.3851,0,0.92268,1.8968,0.42625,-0.28433,-0.17267,-0.47126,0.081734,-9.3577,-0.45988,-0.55369,0,0,0,1.9738,1.9765,1.977,1.9735,-9.9671,2.0889,1.176,47.937,7.0096,4.366,13.168
4.56,1.831,-0.57401,1.0605,0.017963,-0.3872,0,0.92182,1.8027,0.42176,-0.2898,-0.17589,-0.43793,0.082416,-9.455,-0.43864,-0.54172,0,0,0,1.9854,1.988,1.9885,1.9851,-9.485,2.1588,1.2196,48.476,6.9667,4.343,13.245
4.57,1.8486,-0.56982,1.0576,0.016985,-0.38915,0,0.92102,1.7077,0.41748,-0.29516,-0.1791,-0.40519,0.083144,-9.5474,-0.41671,-0.5293,0,0,0,1.9965,1.9991,1.9996,1.9963,-8.9976,2.2282,1.2629,48.989,6.9185,4.3172,13.319
4.58,1.8652,-0.56566,1.0546,0.01599,-0.39095,0,0.92027,1.6118,0.41342,-0.30039,-0.18228,-0.37299,0.083916,-9.6349,-0.39408,-0.51646,0,0,0,2.0072,2.0097,2.0102,2.007,-8.5053,2.2971,1.3059,49.477,6.8651,4.2886,13.39
4.59,1.8808,-0.56155,1.0516,0.014979,-0.3926,0,0.91959,1.515,0.4096,-0.30549,-0.18545,-0.34132,0.084732,-9.7175,-0.37077,-0.50319,0,0,0,2.0174,2.0199,2.0204,2.0172,-8.0082,2.3655,1.3486,49.94,6.8062,4.2572,13.458
4.6,1.8954,-0.55747,1.0485,0.013952,-0.3941,0,0.91896,1.4174,0.40601,-0.31045,-0.1886,-0.31014,0.085592,-9.7951,-0.34677,-0.48949,0,0,0,2.0271,2.0296,2.0301,2.027,-7.5066,2.4332,1.391,50.376,6.7419,4.2228,13.523
4.61,1.9091,-0.55343,1.0454,0.012909,-0.39546,0,0.91839,1.3191,0.40267,-0.31527,-0.19175,-0.2794,0.086496,-9.8676,-0.32211,-0.47537,0,0,0,2.0364,2.0388,2.0393,2.0362,-7.0007,2.5003,1.4331,50.786,6.6721,4.1855,13.585
4.62,1.9218,-0.54942,1.0422,0.011849,-0.39668,0,0.91788,1.2201,0.39957,-0.31996,-0.1949,-0.24909,0.087444,-9.9351,-0.29677,-0.46083,0,0,0,2.0452,2.0476,2.0481,2.045,-6.4909,2.5666,1.4747,51.168,6.5967,4.1452,13.643
4.63,1.9335,-0.54544,1.039,0.010773,-0.39776,0,0.91743,1.1204,0.39673,-0.32449,-0.19804,-0.21917,0.088434,-9.9974,-0.27078,-0.44587,0,0,0,2.0535,2.0558,2.0564,2.0533,-5.9775,2.6322,1.516,51.522,6.5155,4.1018,13.698
4.64,1.9442,-0.54148,1.0357,0.0096805,-0.3987,0,0.91703,1.0202,0.39416,-0.32887,-0.20118,-0.1896,0.089468,-10.055,-0.24413,-0.43051,0,0,0,2.0613,2.0636,2.0641,2.0611,-5.4606,2.6969,1.5568,51.849,6.4287,4.0554,13.75
4.65,1.9539,-0.53755,1.0324,0.0085715,-0.3995,0,0.91669,0.91935,0.39185,-0.3331,-0.20432,-0.16035,0.090544,-10.107,-0.21684,-0.41474,0,0,0,2.0685,2.0708,2.0714,2.0684,-4.9406,2.7608,1.5971,52.146,6.336,4.006,13.798
4.66,1.9626,-0.53364,1.029,0.0074458,-0.40018,0,0.91641,0.81805,0.38982,-0.33717,-0.20746,-0.1314,0.091663,-10.153,-0.18892,-0.39857,0,0,0,2.0753,2.0775,2.0781,2.0751,-4.4177,2.8236,1.6369,52.415,6.2374,3.9533,13.843
4.67,1.9703,-0.52975,1.0257,0.0063034,-0.40072,0,0.91618,0.7163,0.38808,-0.34107,-0.21061,-0.10272,0.092823,-10.195,-0.16037,-0.382,0,0,0,2.0815,2.0837,2.0843,2.0814,-3.8924,2.8855,1.6761,52.654,6.1328,3.8976,13.885
4.68,1.9769,-0.52588,1.0222,0.0051442,-0.40112,0,0.91601,0.61417,0.38662,-0.3448,-0.21377,-0.074267,0.094026,-10.231,-0.13121,-0.36505,0,0,0,2.0872,2.0894,2.09,2.0871,-3.3648,2.9463,1.7148,52.862,6.0222,3.8386,13.923
4.69,1.9826,-0.52202,1.0188,0.0039681,-0.4014,0,0.91589,0.5117,0.38545,-0.34837,-0.21692,-0.04602,0.095269,-10.262,-0.10145,-0.34771,0,0,0,2.0923,2.0945,2.0951,2.0922,-2.8352,3.0059,1.7529,53.04,5.9055,3.7763,13.957
4.7,1.9872,-0.51817,1.0153,0.002775,-0.40155,0,0.91583,0.40894,0.38459,-0.35176,-0.22009,-0.01795,0.096554,-10.288,-0.071096,-0.32999,0,0,0,2.0969,2.0991,2.0997,2.0968,-2.3041,3.0644,1.7903,53.187,5.7826,3.7108,13.988
4.71,1.9908,-0.51433,1.0117,0.0015647,-0.40157,0,0.91583,0.30595,0.38403,-0.35497,-0.22326,0.0099707,0.097879,-10.308,-0.040166,-0.31191,0,0,0,2.101,2.1032,2.1038,2.1009,-1.7716,3.1215,1.8271,53.302,5.6534,3.642,14.015
4.72,1.9933,-0.51049,1.0082,0.00033716,-0.40146,0,0.91588,0.20279,0.38379,-0.35799,-0.22645,0.03777,0.099245,-10.323,-0.0086699,-0.29345,0,0,0,2.1045,2.1067,2.1073,2.1045,-1.2381,3.1774,1.8632,53.385,5.5178,3.5698,14.038
4.73,1.9948,-0.50665,1.0046,-0.00090773,-0.40122,0,0.91598,0.099505,0.38386,-0.36083,-0.22963,0.065474,0.10065,-10.333,0.023378,-0.27464,0,0,0,2.1075,2.1097,2.1103,2.1074,-0.70401,3.2319,1.8985,53.436,5.3758,3.4942,14.058
4.74,1.9953,-0.50281,1.0009,-0.0021701,-0.40086,0,0.91614,-0.003852,0.38426,-0.36349,-0.23283,0.093108,0.10209,-10.337,0.055963,-0.25549,0,0,0,2.1099,2.1121,2.1127,2.1099,-0.16954,3.2849,1.933,53.453,5.2274,3.4152,14.074
4.75,1.9947,-0.49896,0.9973,-0.00345,-0.40037,0,0.91635,-0.10723,0.38498,-0.36594,-0.23602,0.1207,0.10358,-10.336,0.089071,-0.23599,0,0,0,2.1118,2.114,2.1146,2.1118,0.36494,3.3364,1.9668,53.437,5.0723,3.3327,14.087
4.76,1.9931,-0.49511,0.99363,-0.0047476,-0.39975,0,0.91661,-0.21056,0.38604,-0.3682,-0.23923,0.14827,0.1051,-10.33,0.12269,-0.21615,0,0,0,2.1132,2.1154,2.116,2.1132,0.8991,3.3863,1.9997,53.388,4.9108,3.2467,14.096
4.77,1.9905,-0.49124,0.98993,-0.006063,-0.399,0,0.91693,-0.31381,0.38744,-0.37027,-0.24243,0.17584,0.10666,-10.319,0.15679,-0.196,0,0,0,2.114,2.1162,2.1168,2.114,1.4326,3.4346,2.0317,53.305,4.7429,3.1574,14.102
4.78,1.9869,-0.48736,0.98622,-0.0073961,-0.39813,0,0.9173,-0.41692,0.38918,-0.37212,-0.24563,0.20344,0.10825,-10.302,0.19137,-0.17552,0,0,0,2.1143,2.1165,2.1171,2.1143,1.9651,3.4812,2.0628,53.191,4.5689,3.0649,14.104
4.79,1.9822,-0.48346,0.98249,-0.0087472,-0.39713,0,0.91772,-0.51982,0.39127,-0.37377,-0.24884,0.2311,0.10988,-10.279,0.22641,-0.15474,0,0,0,2.1141,2.1163,2.1169,2.1141,2.4963,3.526,2.093,53.044,4.3888,2.9692,14.102
4.8,1.9765,-0.47953,0.97875,-0.010116,-0.396,0,0.91819,-0.62248,0.39371,-0.37522,-0.25204,0.25883,0.11155,-10.252,0.26189,-0.13367,0,0,0,2.1133,2.1155,2.1161,2.1133,3.0259,3.5689,2.1222,52.866,4.2029,2.8703,14.097
4.81,1.9697,-0.47558,0.97499,-0.011503,-0.39474,0,0.91872,-0.72484,0.39651,-0.37645,-0.25523,0.28665,0.11325,-10.219,0.29778,-0.1123,0,0,0,2.112,2.1143,2.1149,2.1121,3.5535,3.61,2.1504,52.656,4.0114,2.7685,14.089
4.82,1.962,-0.4716,0.97122,-0.012908,-0.39335,0,0.9193,-0.82684,0.39967,-0.37746,-0.25842,0.3146,0.11499,-10.181,0.33408,-0.090662,0,0,0,2.1102,2.1125,2.1131,2.1103,4.0789,3.6491,2.1775,52.417,3.8143,2.6637,14.077
4.83,1.9532,-0.46759,0.96744,-0.014331,-0.39183,0,0.91992,-0.92843,0.40319,-0.37826,-0.26159,0.34269,0.11676,-10.137,0.37076,-0.068755,0,0,0,2.1079,2.1102,2.1108,2.108,4.6017,3.6863,2.2036,52.147,3.6118,2.5561,14.061
4.84,1.9434,-0.46354,0.96365,-0.015772,-0.39018,0,0.9206,-1.0296,0.40708,-0.37884,-0.26475,0.37094,0.11856,-10.089,0.4078,-0.046592,0,0,0,2.1051,2.1074,2.108,2.1052,5.1217,3.7214,2.2287,51.848,3.4042,2.4457,14.043
4.85,1.9326,-0.45945,0.95986,-0.017231,-0.3884,0,0.92133,-1.1302,0.41135,-0.37919,-0.26789,0.39938,0.1204,-10.035,0.44518,-0.024185,0,0,0,2.1018,2.1041,2.1048,2.1019,5.6386,3.7543,2.2526,51.52,3.1916,2.3326,14.021
4.86,1.9208,-0.45531,0.95607,-0.018708,-0.38648,0,0.92211,-1.2302,0.41599,-0.37932,-0.271,0.42803,0.12227,-9.9757,0.48288,-0.0015451,0,0,0,2.098,2.1004,2.101,2.0981,6.1521,3.7852,2.2753,51.164,2.9741,2.217,13.996
4.87,1.908,-0.45112,0.95228,-0.020202,-0.38443,0,0.92293,-1.3297,0.42101,-0.37922,-0.27409,0.4569,0.12417,-9.9117,0.52087,0.021317,0,0,0,2.0938,2.0962,2.0968,2.0939,6.6618,3.8138,2.2969,50.78,2.7519,2.0988,13.968
4.88,1.8942,-0.44689,0.94849,-0.021715,-0.38224,0,0.92381,-1.4285,0.42641,-0.37889,-0.27715,0.48601,0.1261,-9.8425,0.55915,0.044389,0,0,0,2.0891,2.0915,2.0921,2.0892,7.1676,3.8402,2.3173,50.368,2.5252,1.9782,13.937
4.89,1.8794,-0.4426,0.9447,-0.023245,-0.37991,0,0.92473,-1.5265,0.43219,-0.37833,-0.28017,0.51539,0.12806,-9.7683,0.59767,0.067658,0,0,0,2.0839,2.0864,2.087,2.0841,7.6691,3.8643,2.3364,49.93,2.2941,1.8553,13.902
4.9,1.8637,-0.43824,0.94092,-0.024792,-0.37744,0,0.9257,-1.6238,0.43836,-0.37754,-0.28315,0.54505,0.13005,-9.6892,0.63642,0.091113,0,0,0,2.0784,2.0809,2.0815,2.0785,8.1661,3.8861,2.3544,49.465,2.0589,1.7301,13.865
4.91,1.847,-0.43383,0.93715,-0.026357,-0.37483,0,0.92672,-1.7203,0.44492,-0.37651,-0.28608,0.575,0.13207,-9.605,0.67538,0.11474,0,0,0,2.0724,2.0749,2.0755,2.0726,8.6583,3.9055,2.371,48.974,1.8196,1.6027,13.826
4.92,1.8293,-0.42934,0.93339,-0.027938,-0.37208,0,0.92778,-1.8159,0.45187,-0.37524,-0.28896,0.60527,0.13411,-9.516,0.71452,0.13853,0,0,0,2.066,2.0685,2.0691,2.0662,9.1455,3.9224,2.3864,48.458,1.5765,1.4733,13.783
4.93,1.8107,-0.42479,0.92965,-0.029537,-0.36918,0,0.92889,-1.9106,0.45921,-0.37374,-0.29177,0.63586,0.13618,-9.4221,0.75382,0.16247,0,0,0,2.0592,2.0618,2.0624,2.0594,9.6274,3.937,2.4005,47.917,1.3297,1.3419,13.738
4.94,1.7911,-0.42016,0.92592,-0.031151,-0.36613,0,0.93004,-2.0043,0.46695,-0.37199,-0.29452,0.66679,0.13828,-9.3235,0.79326,0.18654,0,0,0,2.052,2.0546,2.0552,2.0522,10.104,3.949,2.4132,47.352,1.0794,1.2085,13.69
4.95,1.7706,-0.41545,0.92221,-0.032782,-0.36294,0,0.93124,-2.097,0.47508,-0.37001,-0.29719,0.69807,0.1404,-9.2201,0.8328,0.21073,0,0,0,2.0444,2.0471,2.0477,2.0447,10.574,3.9585,2.4247,46.763,0.82565,1.0733,13.64
4.96,1.7491,-0.41065,0.91852,-0.034428,-0.35959,0,0.93248,-2.1887,0.4836,-0.36778,-0.29977,0.72972,0.14254,-9.112,0.87242,0.23502,0,0,0,2.0366,2.0393,2.0399,2.0368,11.039,3.9655,2.4347,46.15,0.56875,0.93641,13.588
4.97,1.7268,-0.40577,0.91485,-0.036089,-0.35608,0,0.93376,-2.2793,0.49252,-0.36531,-0.30225,0.76173,0.1447,-8.9993,0.9121,0.25942,0,0,0,2.0283,2.0311,2.0317,2.0286,11.497,3.9699,2.4434,45.515,0.30882,0.79781,13.533
4.98,1.7036,-0.4008,0.91121,-0.037765,-0.35242,0,0.93508,-2.3687,0.50184,-0.36259,-0.30463,0.79412,0.14688,-8.8821,0.95181,0.28389,0,0,0,2.0198,2.0227,2.0232,2.0201,11.949,3.9717,2.4507,44.857,0.046025,0.65764,13.476
4.99,1.6794,-0.39574,0.9076,-0.039455,-0.3486,0,0.93644,-2.4569,0.51156,-0.35963,-0.30689,0.82688,0.14908,-8.7604,0.99152,0.30842,0,0,0,2.011,2.0139,2.0145,2.0114,12.394,3.9708,2.4565,44.178,-0.21947,0.51598,13.418
5,1.6544,-0.39057,0.90402,-0.041159,-0.34462,0,0.93784,-2.5439,0.52167,-0.35642,-0.30903,0.86003,0.1513,-8.6342,1.0312,0.33301,0,0,0,2.0019,2.0049,2.0054,2.0023,12.833,3.9673,2.461,43.477,-0.4875,0.37291,13.358
5.01,1.6286,-0.3853,0.90048,-0.042875,-0.34047,0,0.93928,-2.6296,0.53218,-0.35297,-0.31103,0.89355,0.15353,-8.5037,1.0709,0.35764,0,0,0,1.9926,1.9956,1.9961,1.993,13.264,3.9611,2.464,42.755,-0.75789,0.22851,13.296
5.02,1.6018,-0.37993,0.89696,-0.044603,-0.33616,0,0.94075,-2.7139,0.54309,-0.34927,-0.31287,0.92746,0.15577,-8.369,1.1104,0.38229,0,0,0,1.983,1.9861,1.9866,1.9835,13.688,3.9521,2.4655,42.013,-1.0305,0.082877,13.232
5.03,1.5743,-0.37444,0.89349,-0.046341,-0.33167,0,0.94225,-2.7969,0.55439,-0.34532,-0.31455,0.96173,0.15802,-8.23,1.1499,0.40694,0,0,0,1.9733,1.9764,1.9769,1.9737,14.104,3.9405,2.4656,41.251,-1.3051,-0.063914,13.167
5.04,1.5459,-0.36884,0.89006,-0.04809,-0.32702,0,0.94379,-2.8785,0.56609,-0.34113,-0.31606,0.99636,0.16028,-8.0869,1.1892,0.4316,0,0,0,1.9633,1.9665,1.9669,1.9638,14.513,3.926,2.4643,40.47,-1.5816,-0.21177,13.101
5.05,1.5167,-0.36312,0.88667,-0.049848,-0.32219,0,0.94536,-2.9587,0.57818,-0.33669,-0.31737,1.0313,0.16255,-7.9398,1.2284,0.45622,0,0,0,1.9532,1.9564,1.9569,1.9537,14.913,3.9088,2.4614,39.67,-1.8599,-0.36062,13.034
5.06,1.4867,-0.35727,0.88333,-0.051614,-0.31719,0,0.94696,-3.0373,0.59066,-0.33201,-0.31847,1.0666,0.16481,-7.7887,1.2674,0.48082,0,0,0,1.9429,1.9462,1.9466,1.9435,15.306,3.8888,2.457,38.852,-2.1396,-0.51037,12.965
5.07,1.456,-0.3513,0.88003,-0.053386,-0.31201,0,0.94858,-3.1144,0.60352,-0.32707,-0.31935,1.1023,0.16708,-7.6337,1.3062,0.50536,0,0,0,1.9325,1.9359,1.9363,1.9331,15.69,3.866,2.4512,38.016,-2.4207,-0.66093,12.896
5.08,1.4245,-0.3452,0.87678,-0.055164,-0.30664,0,0.95022,-3.19,0.61678,-0.3219,-0.31999,1.1382,0.16934,-7.4749,1.3447,0.52984,0,0,0,1.9221,1.9255,1.9258,1.9227,16.066,3.8404,2.4438,37.163,-2.7031,-0.81223,12.827
5.09,1.3922,-0.33896,0.87359,-0.056946,-0.3011,0,0.95189,-3.2639,0.63042,-0.31648,-0.32037,1.1743,0.17159,-7.3124,1.383,0.55423,0,0,0,1.9115,1.915,1.9153,1.9122,16.434,3.812,2.4349,36.293,-2.9865,-0.96417,12.757
5.1,1.3592,-0.33259,0.87046,-0.05873,-0.29537,0,0.95358,-3.3362,0.64444,-0.31081,-0.32047,1.2107,0.17383,-7.1463,1.4209,0.57853,0,0,0,1.9009,1.9045,1.9047,1.9016,16.792,3.7807,2.4245,35.406,-3.2707,-1.1167,12.686
5.11,1.3255,-0.32607,0.86738,-0.060515,-0.28945,0,0.95528,-3.4068,0.65883,-0.30491,-0.32029,1.2472,0.17606,-6.9766,1.4586,0.60272,0,0,0,1.8903,1.8939,1.8941,1.891,17.142,3.7465,2.4126,34.504,-3.5557,-1.2697,12.616
5.12,1.291,-0.31941,0.86436,-0.062298,-0.28335,0,0.95699,-3.4757,0.67361,-0.29876,-0.3198,1.2839,0.17827,-6.8035,1.4959,0.62678,0,0,0,1.8797,1.8834,1.8835,1.8805,17.482,3.7095,2.3991,33.587,-3.8412,-1.423,12.545
5.13,1.256,-0.3126,0.8614,-0.064079,-0.27705,0,0.95872,-3.5429,0.68875,-0.29237,-0.31897,1.3207,0.18045,-6.627,1.5328,0.6507,0,0,0,1.8691,1.8728,1.873,1.8699,17.813,3.6697,2.3841,32.654,-4.1271,-1.5767,12.475
5.14,1.2202,-0.30564,0.85851,-0.065856,-0.27057,0,0.96045,-3.6082,0.70426,-0.28575,-0.3178,1.3575,0.18261,-6.4472,1.5692,0.67446,0,0,0,1.8586,1.8624,1.8625,1.8595,18.135,3.627,2.3676,31.708,-4.4132,-1.7307,12.405
5.15,1.1838,-0.29851,0.85569,-0.067625,-0.26389,0,0.96218,-3.6718,0.72013,-0.27888,-0.31627,1.3943,0.18474,-6.2643,1.6053,0.69804,0,0,0,1.8482,1.852,1.852,1.8491,18.447,3.5814,2.3495,30.748,-4.6994,-1.8847,12.336
5.16,1.1468,-0.29123,0.85293,-0.069385,-0.25703,0,0.96391,-3.7335,0.73636,-0.27179,-0.31435,1.4309,0.18683,-6.0783,1.6409,0.72144,0,0,0,1.8379,1.8417,1.8417,1.8388,18.75,3.533,2.3299,29.775,-4.9855,-2.0388,12.267
5.17,1.1091,-0.28379,0.85025,-0.071135,-0.24997,0,0.96564,-3.7934,0.75295,-0.26446,-0.31203,1.4674,0.18887,-5.8893,1.6759,0.74464,0,0,0,1.8277,1.8316,1.8315,1.8287,19.043,3.4817,2.3088,28.788,-5.2713,-2.1929,12.199
5.18,1.0709,-0.27617,0.84765,-0.07287,-0.24272,0,0.96735,-3.8513,0.76988,-0.25689,-0.30929,1.5037,0.19088,-5.6975,1.7105,0.76761,0,0,0,1.8177,1.8216,1.8215,1.8187,19.326,3.4276,2.2861,27.79,-5.5566,-2.3469,12.133
5.19,1.0321,-0.26839,0.84512,-0.074589,-0.23529,0,0.96906,-3.9073,0.78716,-0.2491,-0.30612,1.5396,0.19283,-5.5029,1.7445,0.79035,0,0,0,1.8079,1.8118,1.8116,1.809,19.599,3.3706,2.2618,26.78,-5.8413,-2.5006,12.067
5.2,0.99277,-0.26043,0.84267,-0.076289,-0.22766,0,0.97075,-3.9613,0.80477,-0.24109,-0.30249,1.575,0.19472,-5.3055,1.7779,0.81284,0,0,0,1.7984,1.8023,1.802,1.7994,19.861,3.3108,2.236,25.759,-6.1253,-2.6541,12.003
5.21,0.95289,-0.25229,0.8403,-0.077968,-0.21985,0,0.97241,-4.0134,0.82271,-0.23285,-0.2984,1.61,0.19655,-5.1057,1.8107,0.83507,0,0,0,1.789,1.7929,1.7926,1.7902,20.114,3.2481,2.2087,24.727,-6.4083,-2.8072,11.941
5.22,0.91251,-0.24397,0.83801,-0.079622,-0.21185,0,0.97405,-4.0634,0.84098,-0.22439,-0.29383,1.6443,0.19832,-4.9033,1.8428,0.85701,0,0,0,1.78,1.7839,1.7834,1.7811,20.356,3.1826,2.1799,23.684,-6.6902,-2.9598,11.881
5.23,0.87163,-0.23547,0.83581,-0.081249,-0.20368,0,0.97566,-4.1115,0.85957,-0.21571,-0.28876,1.6779,0.20001,-4.6986,1.8743,0.87866,0,0,0,1.7712,1.7751,1.7746,1.7724,20.587,3.1143,2.1495,22.633,-6.9708,-3.1119,11.822
5.24,0.83028,-0.22678,0.8337,-0.082846,-0.19532,0,0.97723,-4.1574,0.87847,-0.20682,-0.28319,1.7107,0.20163,-4.4916,1.9051,0.9,0,0,0,1.7628,1.7666,1.7661,1.764,20.808,3.0432,2.1177,21.571,-7.2501,-3.2634,11.766
5.25,0.78849,-0.2179,0.83167,-0.084409,-0.18679,0,0.97877,-4.2013,0.89767,-0.19771,-0.27711,1.7425,0.20316,-4.2824,1.9352,0.92101,0,0,0,1.7547,1.7585,1.7579,1.756,21.019,2.9693,2.0843,20.502,-7.5277,-3.4141,11.712
5.26,0.74627,-0.20883,0.82974,-0.085936,-0.1781,0,0.98025,-4.2431,0.91717,-0.1884,-0.27051,1.7733,0.2046,-4.0713,1.9645,0.94168,0,0,0,1.747,1.7508,1.75,1.7483,21.218,2.8926,2.0494,19.424,-7.8035,-3.564,11.66
5.27,0.70364,-0.19956,0.82791,-0.087424,-0.16924,0,0.98169,-4.2827,0.93695,-0.17888,-0.26338,1.8028,0.20596,-3.8581,1.993,0.96199,0,0,0,1.7396,1.7434,1.7426,1.7411,21.407,2.8132,2.013,18.338,-8.0775,-3.7131,11.611
5.28,0.66062,-0.19009,0.82617,-0.088869,-0.16022,0,0.98307,-4.3202,0.95702,-0.16916,-0.25573,1.8311,0.20721,-3.6431,2.0207,0.98193,0,0,0,1.7328,1.7365,1.7356,1.7342,21.585,2.7311,1.9751,17.245,-8.3493,-3.8611,11.565
5.29,0.61724,-0.18041,0.82452,-0.090269,-0.15105,0,0.9844,-4.3556,0.97737,-0.15924,-0.24756,1.858,0.20837,-3.4264,2.0476,1.0015,0,0,0,1.7263,1.7299,1.729,1.7278,21.752,2.6463,1.9358,16.146,-8.6189,-4.0081,11.522
5.3,0.57351,-0.17054,0.82298,-0.09162,-0.14174,0,0.98565,-4.3887,0.99797,-0.14913,-0.23887,1.8834,0.20942,-3.2081,2.0737,1.0206,0,0,0,1.7203,1.7239,1.7228,1.7218,21.908,2.5587,1.895,15.04,-8.8861,-4.154,11.481
5.31,0.52947,-0.16045,0.82154,-0.092919,-0.1323,0,0.98684,-4.4197,1.0188,-0.13883,-0.22967,1.9071,0.21036,-2.9883,2.0988,1.0394,0,0,0,1.7148,1.7183,1.7171,1.7164,22.053,2.4686,1.8527,13.929,-9.1507,-4.2986,11.444
5.32,0.48513,-0.15016,0.8202,-0.094164,-0.12273,0,0.98796,-4.4485,1.0399,-0.12834,-0.21996,1.9291,0.21119,-2.7671,2.123,1.0577,0,0,0,1.7098,1.7131,1.7119,1.7114,22.187,2.3757,1.809,12.812,-9.4125,-4.4418,11.41
5.33,0.44051,-0.13965,0.81897,-0.095351,-0.11305,0,0.989,-4.4751,1.0613,-0.11768,-0.20976,1.9493,0.21191,-2.5446,2.1463,1.0756,0,0,0,1.7053,1.7085,1.7072,1.7069,22.309,2.2803,1.7639,11.691,-9.6715,-4.5837,11.38
5.34,0.39563,-0.12893,0.81785,-0.096477,-0.10325,0,0.98996,-4.4994,1.0829,-0.10683,-0.1991,1.9675,0.21251,-2.321,2.1686,1.093,0,0,0,1.7013,1.7044,1.7031,1.703,22.42,2.1823,1.7173,10.566,-9.9273,-4.7241,11.353
5.35,0.35053,-0.118,0.81684,-0.09754,-0.093367,0,0.99084,-4.5215,1.1047,-0.095819,-0.18797,1.9837,0.21299,-2.0963,2.1899,1.1099,0,0,0,1.6979,1.7009,1.6994,1.6996,22.52,2.0818,1.6694,9.437,-10.18,-4.8629,11.33
5.36,0.30521,-0.10684,0.81594,-0.098538,-0.083395,0,0.99163,-4.5413,1.1267,-0.084638,-0.17642,1.9978,0.21336,-1.8706,2.2103,1.1263,0,0,0,1.695,1.6978,1.6963,1.6967,22.609,1.9787,1.6201,8.305,-10.429,-5,11.31
5.37,0.25971,-0.095461,0.81515,-0.099467,-0.07335,0,0.99233,-4.5589,1.1489,-0.073294,-0.16446,2.0098,0.21361,-1.6441,2.2295,1.1423,0,0,0,1.6927,1.6954,1.6938,1.6944,22.687,1.8732,1.5694,7.1704,-10.675,-5.1353,11.294
5.38,0.21404,-0.083861,0.81447,-0.10033,-0.063243,0,0.99294,-4.5742,1.1713,-0.061793,-0.15212,2.0195,0.21374,-1.4169,2.2477,1.1577,0,0,0,1.691,1.6935,1.6918,1.6927,22.753,1.7652,1.5174,6.0336,-10.917,-5.2688,11.282
5.39,0.16823,-0.072036,0.81391,-0.10111,-0.053087,0,0.99346,-4.5872,1.1938,-0.050141,-0.13942,2.027,0.21375,-1.1891,2.2648,1.1726,0,0,0,1.6898,1.6921,1.6904,1.6916,22.807,1.6549,1.464,4.8953,-11.155,-5.4004,11.273
5.4,0.12231,-0.059984,0.81347,-0.10182,-0.042894,0,0.99388,-4.598,1.2165,-0.038342,-0.12641,2.0322,0.21365,-0.9608,2.2808,1.187,0,0,0,1.6892,1.6914,1.6896,1.691,22.85,1.5422,1.4094,3.7558,-11.389,-5.53,11.269
5.41,0.076282,-0.047704,0.81314,-0.10246,-0.032676,0,0.9942,-4.6064,1.2394,-0.026403,-0.11312,2.035,0.21344,-0.73213,2.2956,1.2008,0,0,0,1.6892,1.6912,1.6894,1.691,22.882,1.4271,1.3534,2.6158,-11.618,-5.6575,11.268
5.42,0.030184,-0.035195,0.81294,-0.10302,-0.022447,0,0.99443,-4.6126,1.2625,-0.014328,-0.099576,2.0356,0.21312,-0.50319,2.3093,1.2141,0,0,0,1.6898,1.6916,1.6897,1.6916,22.903,1.3098,1.2962,1.4756,-11.844,-5.7828,11.271
5.43,-0.015963,-0.022455,0.81286,-0.1035,-0.012219,0,0.99455,-4.6165,1.2856,-0.0021231,-0.085819,2.0338,0.2127,-0.27411,2.3218,1.2267,0,0,0,1.691,1.6926,1.6907,1.6927,22.912,1.1903,1.2378,0.3359,-12.064,-5.9058,11.278
5.44,-0.062138,-0.0094826,0.8129,-0.1039,-0.0020037,0,0.99459,-4.6181,1.3089,0.010205,-0.071885,2.0298,0.21218,-0.044996,2.3331,1.2388,0,0,0,1.6927,1.6941,1.6922,1.6945,22.909,1.0685,1.1781,-0.80291,-12.281,-6.0264,11.289
5.45,-0.10832,0.0037231,0.81306,-0.10422,0.0081853,0,0.99452,-4.6174,1.3323,0.022651,-0.057811,2.0234,0.21156,0.18404,2.3432,1.2503,0,0,0,1.6951,1.6962,1.6943,1.6968,22.896,0.94467,1.1173,-1.9403,-12.492,-6.1446,11.304
5.46,-0.15448,0.017163,0.81335,-0.10445,0.018336,0,0.99436,-4.6144,1.3557,0.035209,-0.043633,2.0149,0.21085,0.41288,2.352,1.2612,0,0,0,1.6979,1.6989,1.6969,1.6997,22.871,0.81872,1.0552,-3.0758,-12.698,-6.2603,11.322
5.47,-0.2006,0.030838,0.81377,-0.10461,0.028437,0,0.99411,-4.6091,1.3793,0.047873,-0.02939,2.0042,0.21007,0.64142,2.3596,1.2714,0,0,0,1.7014,1.7022,1.7002,1.7031,22.834,0.69073,0.99207,-4.2088,-12.899,-6.3734,11.345
5.48,-0.24665,0.044749,0.81431,-0.10469,0.038476,0,0.99376,-4.6016,1.4029,0.060635,-0.015115,1.9914,0.2092,0.86953,2.3658,1.281,0,0,0,1.7054,1.706,1.7039,1.707,22.787,0.56076,0.92779,-5.3389,-13.094,-6.4837,11.37
5.49,-0.29262,0.058897,0.81498,-0.10468,0.048443,0,0.99333,-4.5918,1.4266,0.073491,-0.00084323,1.9766,0.20827,1.0971,2.3708,1.29,0,0,0,1.7099,1.7103,1.7083,1.7115,22.727,0.42887,0.86241,-6.4655,-13.284,-6.5913,11.4
5.5,-0.33848,0.073282,0.81578,-0.10459,0.058325,0,0.9928,-4.5796,1.4503,0.086432,0.013392,1.9599,0.20727,1.324,2.3744,1.2982,0,0,0,1.7149,1.7151,1.7131,1.7165,22.657,0.2951,0.79597,-7.5882,-13.468,-6.6959,11.433
5.51,-0.38421,0.087904,0.81671,-0.10443,0.068114,0,0.9922,-4.5653,1.4741,0.099453,0.02756,1.9414,0.20622,1.5502,2.3767,1.3059,0,0,0,1.7204,1.7205,1.7185,1.722,22.576,0.15952,0.7285,-8.7064,-13.647,-6.7977,11.469
5.52,-0.42978,0.10276,0.81777,-0.10418,0.0778,0,0.99151,-4.5486,1.4979,0.11255,0.041632,1.9211,0.20512,1.7755,2.3776,1.3128,0,0,0,1.7264,1.7263,1.7243,1.728,22.483,0.02218,0.66003,-9.8197,-13.819,-6.8963,11.509
5.53,-0.47517,0.11786,0.81896,-0.10386,0.087373,0,0.99075,-4.5298,1.5216,0.12571,0.055579,1.8992,0.20398,1.9998,2.3771,1.3191,0,0,0,1.7329,1.7327,1.7307,1.7345,22.379,-0.11685,0.59058,-10.927,-13.985,-6.9919,11.551
5.54,-0.52037,0.1332,0.82028,-0.10345,0.096825,0,0.98991,-4.5086,1.5454,0.13893,0.069379,1.8757,0.20281,2.2231,2.3752,1.3246,0,0,0,1.7399,1.7394,1.7374,1.7414,22.265,-0.25751,0.5202,-12.029,-14.145,-7.0842,11.597
5.55,-0.56534,0.14877,0.82174,-0.10297,0.10615,0,0.989,-4.4853,1.5691,0.1522,0.083007,1.8509,0.20162,2.4451,2.372,1.3295,0,0,0,1.7472,1.7466,1.7447,1.7487,22.139,-0.39973,0.44891,-13.125,-14.298,-7.1732,11.645
5.56,-0.61007,0.16458,0.82333,-0.10242,0.11534,0,0.98803,-4.4598,1.5928,0.16551,0.096445,1.8248,0.20041,2.6658,2.3672,1.3336,0,0,0,1.755,1.7543,1.7523,1.7565,22.002,-0.54345,0.37675,-14.213,-14.445,-7.2588,11.697
5.57,-0.65453,0.18063,0.82505,-0.10179,0.12438,0,0.987,-4.432,1.6165,0.17887,0.10967,1.7974,0.19919,2.8851,2.3611,1.337,0,0,0,1.7632,1.7623,1.7604,1.7646,21.855,-0.68861,0.30375,-15.294,-14.585,-7.3409,11.751
5.58,-0.6987,0.19691,0.82691,-0.10109,0.13328,0,0.98591,-4.4021,1.6401,0.19225,0.12268,1.7691,0.19797,3.1029,2.3535,1.3397,0,0,0,1.7717,1.7707,1.7688,1.7731,21.696,-0.83512,0.22994,-16.367,-14.717,-7.4194,11.807
5.59,-0.74256,0.21343,0.82889,-0.10032,0.14202,0,0.98477,-4.3699,1.6636,0.20566,0.13545,1.7398,0.19676,3.319,2.3444,1.3416,0,0,0,1.7805,1.7794,1.7776,1.7819,21.527,-0.98293,0.15537,-17.431,-14.843,-7.4943,11.866
5.6,-0.78609,0.23018,0.83102,-0.099475,0.15061,0,0.98358,-4.3357,1.6869,0.21908,0.14798,1.7096,0.19556,3.5334,2.3338,1.3428,0,0,0,1.7897,1.7885,1.7867,1.791,21.348,-1.132,0.08007,-18.486,-14.961,-7.5655,11.926
5.61,-0.82927,0.24717,0.83328,-0.098567,0.15903,0,0.98234,-4.2993,1.7102,0.23251,0.16025,1.6787,0.19438,3.7459,2.3217,1.3432,0,0,0,1.7991,1.7979,1.7961,1.8004,21.158,-1.2821,0.0040755,-19.532,-15.072,-7.6328,11.989
5.62,-0.87207,0.26438,0.83567,-0.097592,0.16729,0,0.98107,-4.2608,1.7334,0.24594,0.17227,1.6472,0.19323,3.9565,2.3082,1.3429,0,0,0,1.8089,1.8075,1.8057,1.8101,20.957,-1.4334,-0.072573,-20.568,-15.174,-7.6962,12.054
5.63,-0.91447,0.28183,0.8382,-0.096554,0.17538,0,0.97976,-4.2202,1.7564,0.25937,0.18402,1.6151,0.19211,4.165,2.2931,1.3417,0,0,0,1.8188,1.8174,1.8157,1.8201,20.746,-1.5856,-0.14984,-21.593,-15.27,-7.7556,12.12
5.64,-0.95646,0.29951,0.84086,-0.095453,0.1833,0,0.97841,-4.1775,1.7792,0.27277,0.19551,1.5827,0.19103,4.3714,2.2764,1.3399,0,0,0,1.829,1.8275,1.8258,1.8302,20.525,-1.7387,-0.22767,-22.607,-15.357,-7.811,12.187
5.65,-0.99802,0.31742,0.84365,-0.094292,0.19104,0,0.97704,-4.1327,1.8019,0.28616,0.20673,1.5498,0.18999,4.5755,2.2583,1.3372,0,0,0,1.8394,1.8378,1.8361,1.8405,20.294,-1.8927,-0.30604,-23.61,-15.435,-7.8621,12.256
5.66,-1.0391,0.33555,0.84658,-0.093071,0.19862,0,0.97565,-4.086,1.8244,0.29952,0.2177,1.5167,0.189,4.7772,2.2386,1.3337,0,0,0,1.8499,1.8482,1.8467,1.8511,20.053,-2.0474,-0.3849,-24.601,-15.506,-7.909,12.326
5.67,-1.0797,0.3539,0.84964,-0.091793,0.20602,0,0.97423,-4.0372,1.8467,0.31283,0.2284,1.4835,0.18807,4.9765,2.2173,1.3295,0,0,0,1.8606,1.8589,1.8573,1.8617,19.802,-2.2028,-0.46421,-25.579,-15.568,-7.9516,12.397
5.68,-1.1199,0.37248,0.85284,-0.090459,0.21324,0,0.9728,-3.9865,1.8687,0.3261,0.23885,1.4501,0.1872,5.1732,2.1945,1.3244,0,0,0,1.8713,1.8696,1.8681,1.8724,19.542,-2.3587,-0.54392,-26.544,-15.621,-7.9897,12.469
5.69,-1.1595,0.39128,0.85616,-0.08907,0.22029,0,0.97136,-3.9337,1.8906,0.33932,0.24906,1.4166,0.18638,5.3673,2.1702,1.3186,0,0,0,1.8822,1.8804,1.879,1.8833,19.271,-2.5152,-0.62398,-27.495,-15.666,-8.0233,12.541
5.7,-1.1985,0.41029,0.85962,-0.087629,0.22717,0,0.9699,-3.8791,1.9121,0.35247,0.25902,1.3832,0.18564,5.5586,2.1442,1.312,0,0,0,1.8931,1.8913,1.8899,1.8942,18.992,-2.672,-0.70437,-28.433,-15.701,-8.0523,12.614
5.71,-1.237,0.42952,0.86321,-0.086137,0.23387,0,0.96844,-3.8226,1.9334,0.36556,0.26875,1.3499,0.18497,5.7471,2.1167,1.3045,0,0,0,1.9041,1.9023,1.9009,1.9051,18.703,-2.8292,-0.78501,-29.355,-15.728,-8.0766,12.687
5.72,-1.275,0.44896,0.86693,-0.084595,0.2404,0,0.96698,-3.7642,1.9545,0.37856,0.27826,1.3167,0.18437,5.9327,2.0876,1.2963,0,0,0,1.9151,1.9132,1.9119,1.9161,18.405,-2.9865,-0.86588,-30.263,-15.745,-8.0961,12.76
5.73,-1.3123,0.46861,0.87078,-0.083003,0.24676,0,0.96552,-3.7039,1.9752,0.39148,0.28755,1.2836,0.18384,6.1152,2.057,1.2872,0,0,0,1.926,1.9242,1.9229,1.927,18.098,-3.144,-0.94692,-31.155,-15.752,-8.1108,12.834
5.74,-1.349,0.48846,0.87476,-0.081365,0.25295,0,0.96405,-3.6419,1.9956,0.4043,0.29663,1.2508,0.1834,6.2946,2.0248,1.2773,0,0,0,1.9369,1.9351,1.9338,1.938,17.782,-3.3016,-1.0281,-32.031,-15.75,-8.1205,12.906
5.75,-1.3851,0.50852,0.87887,-0.07968,0.25897,0,0.96259,-3.5781,2.0157,0.41702,0.30552,1.2182,0.18304,6.4708,1.991,1.2666,0,0,0,1.9478,1.9459,1.9447,1.9488,17.457,-3.459,-1.1093,-32.891,-15.738,-8.1252,12.979
5.76,-1.4206,0.52877,0.8831,-0.07795,0.26482,0,0.96114,-3.5125,2.0354,0.42963,0.31422,1.1859,0.18276,6.6437,1.9556,1.2551,0,0,0,1.9586,1.9567,1.9556,1.9596,17.124,-3.6163,-1.1906,-33.733,-15.716,-8.1248,13.051
5.77,-1.4554,0.54923,0.88746,-0.076176,0.27051,0,0.9597,-3.4452,2.0548,0.44212,0.32275,1.1539,0.18257,6.8132,1.9186,1.2428,0,0,0,1.9693,1.9674,1.9663,1.9703,16.782,-3.7733,-1.2718,-34.558,-15.683,-8.1191,13.122
5.78,-1.4895,0.56987,0.89194,-0.074359,0.27604,0,0.95827,-3.3762,2.0738,0.45449,0.33111,1.1223,0.18246,6.9793,1.8801,1.2297,0,0,0,1.9798,1.978,1.9769,1.9808,16.433,-3.9299,-1.3529,-35.364,-15.641,-8.1082,13.193
5.79,-1.5229,0.5907,0.89655,-0.0725,0.2814,0,0.95685,-3.3056,2.0924,0.46671,0.33932,1.0909,0.18245,7.1419,1.84,1.2158,0,0,0,1.9903,1.9884,1.9874,1.9912,16.075,-4.0861,-1.4339,-36.152,-15.588,-8.0919,13.262
5.8,-1.5556,0.61171,0.90128,-0.070599,0.28661,0,0.95544,-3.2334,2.1106,0.4788,0.34738,1.06,0.18253,7.3008,1.7984,1.201,0,0,0,2.0005,1.9987,1.9977,2.0015,15.71,-4.2416,-1.5148,-36.921,-15.524,-8.0701,13.331
5.81,-1.5876,0.63291,0.90613,-0.068658,0.29166,0,0.95406,-3.1596,2.1283,0.49073,0.35531,1.0294,0.1827,7.456,1.7552,1.1855,0,0,0,2.0106,2.0087,2.0078,2.0115,15.337,-4.3965,-1.5953,-37.671,-15.45,-8.0427,13.398
5.82,-1.6188,0.65428,0.91109,-0.066677,0.29655,0,0.95269,-3.0843,2.1457,0.5025,0.36311,0.99918,0.18296,7.6075,1.7105,1.1691,0,0,0,2.0204,2.0186,2.0177,2.0214,14.956,-4.5506,-1.6756,-38.4,-15.364,-8.0098,13.464
5.83,-1.6492,0.67582,0.91617,-0.064657,0.3013,0,0.95134,-3.0075,2.1625,0.51411,0.3708,0.96936,0.18332,7.7551,1.6642,1.152,0,0,0,2.03,2.0283,2.0274,2.031,14.569,-4.7037,-1.7555,-39.108,-15.267,-7.9711,13.528
5.84,-1.6789,0.69753,0.92137,-0.062597,0.3059,0,0.95001,-2.9292,2.1789,0.52554,0.37838,0.93993,0.18377,7.8989,1.6164,1.134,0,0,0,2.0394,2.0377,2.0368,2.0404,14.174,-4.8559,-1.835,-39.795,-15.159,-7.9265,13.59
5.85,-1.7078,0.7194,0.92669,-0.0605,0.31034,0,0.9487,-2.8495,2.1949,0.53679,0.38587,0.91089,0.18432,8.0386,1.5671,1.1153,0,0,0,2.0486,2.0468,2.046,2.0495,13.773,-5.0069,-1.914,-40.461,-15.04,-7.8761,13.651
5.86,-1.7359,0.74143,0.93211,-0.058365,0.31465,0,0.94741,-2.7685,2.2103,0.54784,0.39328,0.88225,0.18496,8.1743,1.5163,1.0957,0,0,0,2.0574,2.0557,2.0549,2.0584,13.365,-5.1566,-1.9925,-41.104,-14.908,-7.8197,13.711
5.87,-1.7632,0.7636,0.93764,-0.056192,0.31881,0,0.94615,-2.686,2.2252,0.5587,0.4006,0.85399,0.1857,8.3059,1.464,1.0754,0,0,0,2.0659,2.0642,2.0635,2.067,12.951,-5.305,-2.0704,-41.725,-14.765,-7.7572,13.768
5.88,-1.7896,0.78593,0.94328,-0.053982,0.32283,0,0.94491,-2.6023,2.2396,0.56935,0.40786,0.82611,0.18654,8.4333,1.4102,1.0543,0,0,0,2.0742,2.0725,2.0718,2.0752,12.531,-5.4519,-2.1476,-42.323,-14.61,-7.6886,13.823
5.89,-1.8152,0.80839,0.94903,-0.051736,0.32672,0,0.9437,-2.5174,2.2534,0.57978,0.41506,0.7986,0.18748,8.5565,1.3549,1.0325,0,0,0,2.0821,2.0804,2.0797,2.0831,12.105,-5.5972,-2.2241,-42.896,-14.443,-7.6137,13.876
5.9,-1.84,0.83099,0.95488,-0.049453,0.33047,0,0.94252,-2.4312,2.2667,0.59,0.42221,0.77146,0.18851,8.6754,1.2982,1.0099,0,0,0,2.0897,2.088,2.0874,2.0907,11.673,-5.7407,-2.2999,-43.446,-14.264,-7.5325,13.926
5.91,-1.8639,0.85372,0.96083,-0.047134,0.33408,0,0.94136,-2.3439,2.2793,0.59998,0.42931,0.74468,0.18964,8.7899,1.2401,0.98648,0,0,0,2.0969,2.0953,2.0946,2.098,11.236,-5.8824,-2.3748,-43.971,-14.072,-7.4449,13.975
5.92,-1.8869,0.87658,0.96688,-0.044778,0.33757,0,0.94024,-2.2554,2.2914,0.60972,0.43637,0.71824,0.19087,8.9001,1.1806,0.96236,0,0,0,2.1038,2.1022,2.1015,2.1048,10.794,-6.0221,-2.4487,-44.471,-13.867,-7.3508,14.021
5.93,-1.909,0.89955,0.97302,-0.042387,0.34092,0,0.93914,-2.1659,2.303,0.61922,0.44339,0.69214,0.1922,9.0058,1.1197,0.93751,0,0,0,2.1103,2.1087,2.1081,2.1113,10.346,-6.1597,-2.5218,-44.945,-13.65,-7.2501,14.064
5.94,-1.9302,0.92263,0.97926,-0.039959,0.34415,0,0.93806,-2.0753,2.3138,0.62847,0.45039,0.66635,0.19362,9.107,1.0574,0.91193,0,0,0,2.1164,2.1148,2.1142,2.1174,9.8947,-6.2951,-2.5937,-45.393,-13.419,-7.1427,14.105
5.95,-1.9505,0.94583,0.98559,-0.037495,0.34725,0,0.93702,-1.9838,2.3241,0.63746,0.45737,0.64088,0.19514,9.2036,0.99378,0.88563,0,0,0,2.1221,2.1205,2.12,2.1231,9.4387,-6.4281,-2.6646,-45.814,-13.176,-7.0286,14.143
5.96,-1.9698,0.96911,0.99201,-0.034995,0.35023,0,0.93601,-1.8913,2.3337,0.64618,0.46434,0.61569,0.19676,9.2957,0.92884,0.85864,0,0,0,2.1273,2.1258,2.1253,2.1284,8.9785,-6.5586,-2.7343,-46.208,-12.919,-6.9076,14.178
5.97,-1.9883,0.9925,0.99851,-0.03246,0.35308,0,0.93503,-1.7979,2.3427,0.65463,0.47129,0.59078,0.19848,9.3832,0.86262,0.83095,0,0,0,2.1322,2.1307,2.1302,2.1333,8.5146,-6.6864,-2.8027,-46.574,-12.649,-6.7796,14.211
5.98,-2.0058,1.016,1.0051,-0.029888,0.35582,0,0.93408,-1.7036,2.351,0.6628,0.47823,0.56613,0.20029,9.466,0.79513,0.80259,0,0,0,2.1367,2.1352,2.1347,2.1378,8.0472,-6.8115,-2.8698,-46.912,-12.365,-6.6447,14.241
5.99,-2.0224,1.0395,1.0118,-0.02728,0.35843,0,0.93316,-1.6086,2.3586,0.67068,0.48517,0.54173,0.20219,9.5441,0.7264,0.77356,0,0,0,2.1407,2.1392,2.1387,2.1418,7.5765,-6.9337,-2.9356,-47.222,-12.067,-6.5028,14.267
6,-2.038,1.0631,1.0185,-0.024636,0.36093,0,0.93227,-1.5128,2.3655,0.67827,0.4921,0.51755,0.20419,9.6175,0.65646,0.74388,0,0,0,2.1442,2.1428,2.1423,2.1454,7.1028,-7.0528,-2.9999,-47.503,-11.757,-6.3542,14.291
6.01,-2.0526,1.0868,1.0253,-0.021955,0.36331,0,0.93141,-1.4163,2.3717,0.68556,0.49903,0.49359,0.20629,9.6862,0.58535,0.71357,0,0,0,2.1474,2.1459,2.1455,2.1485,6.6265,-7.1687,-3.0626,-47.758,-11.433,-6.1989,14.312
6.02,-2.0663,1.1106,1.0322,-0.019238,0.36557,0,0.93058,-1.3191,2.3772,0.69254,0.50597,0.46981,0.20848,9.7501,0.5131,0.68263,0,0,0,2.15,2.1486,2.1482,2.1512,6.1478,-7.2814,-3.1238,-47.984,-11.097,-6.0373,14.33
6.03,-2.079,1.1344,1.0392,-0.016485,0.36772,0,0.92979,-1.2213,2.3819,0.69921,0.51292,0.44621,0.21076,9.8091,0.43974,0.6511,0,0,0,2.1522,2.1508,2.1504,2.1534,5.6669,-7.3906,-3.1834,-48.184,-10.75,-5.8696,14.345
6.04,-2.0907,1.1582,1.0462,-0.013694,0.36976,0,0.92903,-1.1229,2.386,0.70556,0.51987,0.42275,0.21314,9.8634,0.3653,0.61897,0,0,0,2.154,2.1526,2.1522,2.1552,5.1842,-7.4964,-3.2412,-48.357,-10.39,-5.6958,14.357
6.05,-2.1014,1.1821,1.0533,-0.010867,0.37168,0,0.9283,-1.024,2.3893,0.71158,0.52683,0.39944,0.21561,9.9128,0.28982,0.58628,0,0,0,2.1553,2.1538,2.1535,2.1565,4.6998,-7.5984,-3.2973,-48.504,-10.02,-5.5162,14.365
6.06,-2.1112,1.206,1.0604,-0.0080022,0.37349,0,0.9276,-0.92466,2.3918,0.71728,0.53381,0.37623,0.21818,9.9574,0.21334,0.55303,0,0,0,2.1561,2.1547,2.1544,2.1573,4.2142,-7.6967,-3.3515,-48.624,-9.6381,-5.3309,14.371
6.07,-2.1199,1.2299,1.0676,-0.0051002,0.37519,0,0.92694,-0.82488,2.3935,0.72264,0.54079,0.35312,0.22083,9.9971,0.1359,0.51925,0,0,0,2.1564,2.155,2.1547,2.1577,3.7274,-7.7911,-3.4039,-48.719,-9.246,-5.1403,14.373
6.08,-2.1277,1.2539,1.0749,-0.0021608,0.37677,0,0.9263,-0.72473,2.3945,0.72766,0.54779,0.33008,0.22358,10.032,0.057533,0.48496,0,0,0,2.1563,2.1549,2.1546,2.1576,3.2399,-7.8816,-3.4543,-48.788,-8.8438,-4.9443,14.372
6.09,-2.1344,1.2778,1.0822,0.00081646,0.37825,0,0.9257,-0.62426,2.3947,0.73234,0.55481,0.30709,0.22643,10.062,-0.021719,0.45018,0,0,0,2.1557,2.1543,2.154,2.157,2.7518,-7.968,-3.5027,-48.833,-8.4318,-4.7434,14.368
6.1,-2.1402,1.3017,1.0895,0.0038316,0.37961,0,0.92514,-0.52351,2.394,0.73667,0.56184,0.28414,0.22936,10.087,-0.10181,0.41491,0,0,0,2.1546,2.1532,2.1529,2.1559,2.2633,-8.0502,-3.5492,-48.852,-8.0104,-4.5375,14.361
6.11,-2.1449,1.3257,1.0969,0.006885,0.38087,0,0.9246,-0.42254,2.3926,0.74064,0.56889,0.26119,0.23239,10.107,-0.18271,0.3792,0,0,0,2.153,2.1516,2.1514,2.1543,1.7748,-8.1282,-3.5935,-48.847,-7.58,-4.327,14.351
6.12,-2.1486,1.3496,1.1043,0.0099768,0.38201,0,0.9241,-0.32139,2.3904,0.74425,0.57595,0.23822,0.23552,10.122,-0.26436,0.34305,0,0,0,2.151,2.1495,2.1494,2.1523,1.2865,-8.2018,-3.6357,-48.818,-7.1409,-4.112,14.337
6.13,-2.1513,1.3735,1.1118,0.013107,0.38305,0,0.92364,-0.22011,2.3873,0.7475,0.58303,0.21522,0.23874,10.133,-0.34673,0.30649,0,0,0,2.1485,2.147,2.1469,2.1498,0.79853,-8.271,-3.6757,-48.764,-6.6935,-3.8927,14.32
6.14,-2.153,1.3973,1.1193,0.016276,0.38397,0,0.9232,-0.11874,2.3835,0.75038,0.59012,0.19216,0.24205,10.138,-0.42977,0.26955,0,0,0,2.1455,2.144,2.1439,2.1469,0.31125,-8.3356,-3.7135,-48.688,-6.2382,-3.6693,14.3
6.15,-2.1537,1.4211,1.1268,0.019485,0.38478,0,0.9228,-0.017353,2.3787,0.75289,0.59722,0.16903,0.24545,10.139,-0.51343,0.23223,0,0,0,2.142,2.1405,2.1404,2.1434,-0.17515,-8.3957,-3.7491,-48.588,-5.7754,-3.442,14.277
6.16,-2.1534,1.4449,1.1343,0.022732,0.38548,0,0.92244,0.084021,2.3732,0.75502,0.60434,0.14578,0.24896,10.135,-0.59766,0.19457,0,0,0,2.1381,2.1366,2.1365,2.1395,-0.66043,-8.4511,-3.7823,-48.465,-5.3054,-3.211,14.251
6.17,-2.152,1.4686,1.1419,0.026019,0.38607,0,0.9221,0.18533,2.3668,0.75678,0.61146,0.12241,0.25256,10.126,-0.68243,0.15659,0,0,0,2.1337,2.1322,2.1321,2.1351,-1.1444,-8.5018,-3.8133,-48.319,-4.8286,-2.9764,14.222
6.18,-2.1497,1.4922,1.1495,0.029345,0.38654,0,0.9218,0.28652,2.3595,0.75815,0.6186,0.098896,0.25625,10.112,-0.76768,0.11831,0,0,0,2.1289,2.1273,2.1273,2.1303,-1.6267,-8.5477,-3.8419,-48.152,-4.3454,-2.7384,14.19
6.19,-2.1463,1.5158,1.1571,0.032712,0.3869,0,0.92154,0.38755,2.3514,0.75914,0.62573,0.075205,0.26004,10.093,-0.85337,0.079762,0,0,0,2.1236,2.122,2.122,2.125,-2.1073,-8.5887,-3.868,-47.962,-3.8562,-2.4973,14.154
6.2,-2.1419,1.5393,1.1647,0.036118,0.38715,0,0.92131,0.48837,2.3425,0.75975,0.63287,0.051316,0.26393,10.07,-0.93944,0.040961,0,0,0,2.1178,2.1162,2.1162,2.1193,-2.5859,-8.6248,-3.8918,-47.75,-3.3613,-2.2533,14.116
6.21,-2.1365,1.5626,1.1723,0.039564,0.38728,0,0.92111,0.58894,2.3326,0.75996,0.64001,0.027206,0.26792,10.042,-1.0258,0.0019342,0,0,0,2.1116,2.11,2.11,2.1131,-3.0623,-8.6559,-3.9131,-47.518,-2.8611,-2.0064,14.075
6.22,-2.1301,1.5859,1.1799,0.043051,0.3873,0,0.92095,0.68919,2.3219,0.75978,0.64713,0.0028516,0.27201,10.009,-1.1125,-0.037293,0,0,0,2.105,2.1033,2.1034,2.1065,-3.5362,-8.682,-3.9319,-47.264,-2.3559,-1.757,14.03
6.23,-2.1227,1.6091,1.1875,0.046578,0.38719,0,0.92082,0.78909,2.3104,0.75921,0.65425,-0.021772,0.2762,9.971,-1.1995,-0.076696,0,0,0,2.0979,2.0962,2.0963,2.0994,-4.0075,-8.703,-3.9482,-46.989,-1.8462,-1.5051,13.983
6.24,-2.1144,1.6321,1.195,0.050145,0.38697,0,0.92073,0.8886,2.298,0.75825,0.66134,-0.04669,0.28049,9.9285,-1.2866,-0.11625,0,0,0,2.0904,2.0887,2.0888,2.092,-4.4759,-8.7189,-3.962,-46.694,-1.3323,-1.2511,13.933
6.25,-2.105,1.655,1.2026,0.053752,0.38662,0,0.92067,0.98765,2.2847,0.75689,0.66841,-0.071927,0.28489,9.8814,-1.3738,-0.15593,0,0,0,2.0825,2.0808,2.0809,2.0841,-4.9413,-8.7296,-3.9732,-46.379,-0.81461,-0.99498,13.88
6.26,-2.0946,1.6778,1.2102,0.0574,0.38615,0,0.92065,1.0862,2.2705,0.75513,0.67545,-0.097507,0.28938,9.8297,-1.4612,-0.19571,0,0,0,2.0742,2.0724,2.0726,2.0758,-5.4034,-8.7352,-3.9819,-46.044,-0.29347,-0.73706,13.825
6.27,-2.0832,1.7004,1.2177,0.061088,0.38555,0,0.92066,1.1842,2.2554,0.75297,0.68244,-0.12346,0.29399,9.7734,-1.5485,-0.23556,0,0,0,2.0655,2.0636,2.0639,2.067,-5.8621,-8.7355,-3.988,-45.69,0.23073,-0.4775,13.767
6.28,-2.0709,1.7229,1.2252,0.064816,0.38483,0,0.92071,1.2817,2.2395,0.75042,0.68939,-0.1498,0.29869,9.7125,-1.6359,-0.27546,0,0,0,2.0564,2.0545,2.0547,2.058,-6.3172,-8.7305,-3.9915,-45.317,0.75762,-0.21648,13.706
6.29,-2.0576,1.7452,1.2327,0.068585,0.38398,0,0.92079,1.3785,2.2227,0.74747,0.69628,-0.17656,0.30351,9.6471,-1.7231,-0.31538,0,0,0,2.0469,2.0449,2.0452,2.0485,-6.7684,-8.7203,-3.9923,-44.924,1.2868,0.045804,13.643
6.3,-2.0434,1.7674,1.2402,0.072393,0.383,0,0.92091,1.4746,2.205,0.74411,0.7031,-0.20376,0.30843,9.5771,-1.8102,-0.35529,0,0,0,2.037,2.035,2.0353,2.0386,-7.2156,-8.7048,-3.9905,-44.514,1.818,0.30917,13.577
6.31,-2.0281,1.7893,1.2476,0.076241,0.38188,0,0.92106,1.57,2.1865,0.74036,0.70984,-0.23144,0.31346,9.5028,-1.8972,-0.39518,0,0,0,2.0268,2.0247,2.0251,2.0284,-7.6586,-8.6839,-3.9861,-44.085,2.3507,0.57341,13.508
6.32,-2.012,1.8111,1.255,0.080128,0.38063,0,0.92125,1.6646,2.1671,0.73621,0.71648,-0.25961,0.3186,9.424,-1.9839,-0.43501,0,0,0,2.0163,2.0141,2.0145,2.0178,-8.0972,-8.6578,-3.9791,-43.638,2.8846,0.83836,13.438
6.33,-1.9948,1.8327,1.2623,0.084054,0.37923,0,0.92148,1.7585,2.1468,0.73166,0.72302,-0.2883,0.32386,9.3408,-2.0703,-0.47475,0,0,0,2.0054,2.0031,2.0036,2.0069,-8.5313,-8.6262,-3.9694,-43.173,3.4194,1.1038,13.365
6.34,-1.9768,1.854,1.2696,0.088018,0.3777,0,0.92174,1.8514,2.1257,0.72671,0.72944,-0.31754,0.32922,9.2534,-2.1564,-0.51439,0,0,0,1.9941,1.9918,1.9923,1.9957,-8.9606,-8.5894,-3.957,-42.692,3.9546,1.3696,13.29
6.35,-1.9578,1.8752,1.2769,0.092021,0.37601,0,0.92203,1.9435,2.1037,0.72137,0.73572,-0.34734,0.3347,9.1616,-2.2421,-0.55388,0,0,0,1.9826,1.9802,1.9807,1.9842,-9.3851,-8.5472,-3.942,-42.193,4.4899,1.6355,13.213
6.36,-1.9379,1.8961,1.2841,0.09606,0.37418,0,0.92237,2.0346,2.0809,0.71564,0.74184,-0.37774,0.34029,9.0657,-2.3273,-0.59322,0,0,0,1.9707,1.9682,1.9688,1.9723,-9.8044,-8.4996,-3.9243,-41.678,5.0248,1.9014,13.134
6.37,-1.9171,1.9168,1.2912,0.10014,0.3722,0,0.92273,2.1248,2.0572,0.70951,0.74779,-0.40876,0.34599,8.9656,-2.4121,-0.63236,0,0,0,1.9586,1.956,1.9567,1.9602,-10.219,-8.4467,-3.9039,-41.146,5.5592,2.167,13.052
6.38,-1.8954,1.9372,1.2982,0.10425,0.37007,0,0.92314,2.2139,2.0326,0.70299,0.75354,-0.44043,0.35181,8.8613,-2.4962,-0.67129,0,0,0,1.9462,1.9435,1.9442,1.9478,-10.627,-8.3884,-3.8809,-40.599,6.0924,2.4321,12.97
6.39,-1.8728,1.9574,1.3052,0.10839,0.36777,0,0.92358,2.302,2.0072,0.69608,0.75907,-0.47275,0.35775,8.753,-2.5798,-0.70997,0,0,0,1.9335,1.9307,1.9315,1.9351,-11.03,-8.3248,-3.8553,-40.036,6.6243,2.6967,12.885
6.4,-1.8494,1.9774,1.3122,0.11257,0.36531,0,0.92405,2.389,1.981,0.68879,0.76437,-0.50577,0.3638,8.6407,-2.6627,-0.74838,0,0,0,1.9206,1.9177,1.9186,1.9222,-11.428,-8.2559,-3.827,-39.457,7.1543,2.9604,12.799
6.41,-1.8251,1.9971,1.319,0.11679,0.36268,0,0.92457,2.4748,1.954,0.68112,0.76939,-0.53949,0.36996,8.5245,-2.7449,-0.7865,0,0,0,1.9075,1.9045,1.9054,1.909,-11.82,-8.1817,-3.7961,-38.864,7.6822,3.2232,12.711
6.42,-1.7999,2.0165,1.3258,0.12103,0.35989,0,0.92511,2.5595,1.9261,0.67306,0.77413,-0.57394,0.37624,8.4044,-2.8263,-0.8243,0,0,0,1.8942,1.891,1.892,1.8957,-12.205,-8.1023,-3.7625,-38.255,8.2076,3.4847,12.622
6.43,-1.7739,2.0356,1.3325,0.1253,0.35692,0,0.92569,2.6429,1.8975,0.66463,0.77854,-0.60913,0.38263,8.2804,-2.9069,-0.86174,0,0,0,1.8807,1.8774,1.8785,1.8821,-12.585,-8.0176,-3.7264,-37.633,8.73,3.7449,12.531
6.44,-1.747,2.0544,1.3391,0.1296,0.35377,0,0.92631,2.7251,1.868,0.65583,0.7826,-0.64509,0.38914,8.1527,-2.9867,-0.89881,0,0,0,1.8669,1.8635,1.8647,1.8684,-12.958,-7.9277,-3.6877,-36.996,9.2491,4.0035,12.439
6.45,-1.7194,2.0729,1.3456,0.13393,0.35044,0,0.92696,2.8059,1.8377,0.64666,0.78628,-0.68182,0.39576,8.0213,-3.0655,-0.93549,0,0,0,1.8531,1.8495,1.8508,1.8545,-13.325,-7.8326,-3.6463,-36.345,9.7646,4.2603,12.346
6.46,-1.6909,2.0912,1.352,0.13828,0.34692,0,0.92765,2.8855,1.8067,0.63712,0.78953,-0.71935,0.40249,7.8862,-3.1433,-0.97173,0,0,0,1.8391,1.8354,1.8367,1.8404,-13.685,-7.7324,-3.6025,-35.681,10.276,4.5152,12.253
6.47,-1.6617,2.1091,1.3583,0.14265,0.34321,0,0.92837,2.9637,1.7749,0.62722,0.79232,-0.75767,0.40933,7.7476,-3.2201,-1.0075,0,0,0,1.8249,1.8211,1.8225,1.8263,-14.038,-7.6271,-3.556,-35.004,10.783,4.7679,12.158
6.48,-1.6317,2.1267,1.3645,0.14703,0.3393,0,0.92912,3.0404,1.7423,0.61697,0.79462,-0.79679,0.41628,7.6055,-3.2958,-1.0428,0,0,0,1.8107,1.8067,1.8082,1.812,-14.385,-7.5168,-3.5071,-34.314,11.285,5.0184,12.063
6.49,-1.6009,2.1439,1.3707,0.15144,0.33519,0,0.9299,3.1158,1.709,0.60637,0.79637,-0.83672,0.42332,7.4599,-3.3704,-1.0777,0,0,0,1.7964,1.7922,1.7939,1.7976,-14.724,-7.4014,-3.4557,-33.611,11.783,5.2663,11.967
6.5,-1.5694,2.1608,1.3767,0.15586,0.33087,0,0.93071,3.1896,1.6749,0.59542,0.79755,-0.87746,0.43047,7.311,-3.4439,-1.112,0,0,0,1.782,1.7777,1.7794,1.7832,-15.057,-7.2811,-3.4018,-32.897,12.274,5.5115,11.87
6.51,-1.5371,2.1774,1.3826,0.16029,0.32635,0,0.93156,3.262,1.6401,0.58413,0.79809,-0.919,0.43772,7.1588,-3.516,-1.1457,0,0,0,1.7676,1.7631,1.7649,1.7687,-15.382,-7.156,-3.3455,-32.17,12.76,5.7538,11.774
6.52,-1.5041,2.1936,1.3884,0.16472,0.32161,0,0.93243,3.3328,1.6046,0.57251,0.79796,-0.96134,0.44506,7.0034,-3.587,-1.1789,0,0,0,1.7531,1.7485,1.7504,1.7541,-15.7,-7.026,-3.2867,-31.432,13.239,5.9931,11.677
6.53,-1.4704,2.2095,1.394,0.16916,0.31665,0,0.93334,3.402,1.5683,0.56056,0.7971,-1.0045,0.45248,6.8448,-3.6565,-1.2114,0,0,0,1.7387,1.7339,1.7359,1.7396,-16.011,-6.8912,-3.2256,-30.682,13.712,6.229,11.58
6.54,-1.4361,2.225,1.3996,0.17359,0.31147,0,0.93427,3.4697,1.5314,0.54828,0.79546,-1.0483,0.45998,6.6832,-3.7248,-1.2434,0,0,0,1.7243,1.7193,1.7215,1.7251,-16.314,-6.7518,-3.1622,-29.922,14.178,6.4616,11.483
6.55,-1.4011,2.2401,1.405,0.17802,0.30606,0,0.93522,3.5357,1.4939,0.53569,0.79299,-1.0929,0.46755,6.5186,-3.7916,-1.2747,0,0,0,1.7099,1.7047,1.707,1.7106,-16.609,-6.6077,-3.0964,-29.151,14.636,6.6904,11.387
6.56,-1.3654,2.2549,1.4103,0.18244,0.30041,0,0.9362,3.6,1.4556,0.52279,0.78964,-1.1382,0.47519,6.3511,-3.8569,-1.3053,0,0,0,1.6955,1.6902,1.6926,1.6962,-16.897,-6.4591,-3.0284,-28.37,15.087,6.9155,11.291
6.57,-1.3291,2.2692,1.4154,0.18684,0.29453,0,0.9372,3.6627,1.4167,0.50959,0.78533,-1.1842,0.48288,6.1807,-3.9207,-1.3352,0,0,0,1.6813,1.6758,1.6784,1.6818,-17.177,-6.306,-2.9581,-27.578,15.529,7.1365,11.195
6.58,-1.2921,2.2832,1.4205,0.19122,0.28841,0,0.93822,3.7236,1.3772,0.49609,0.78002,-1.2307,0.49062,6.0076,-3.983,-1.3644,0,0,0,1.6672,1.6614,1.6642,1.6676,-17.448,-6.1485,-2.8856,-26.777,15.963,7.3532,11.101
6.59,-1.2546,2.2968,1.4254,0.19557,0.28205,0,0.93926,3.7828,1.3371,0.4823,0.77365,-1.2779,0.49839,5.8317,-4.0437,-1.3929,0,0,0,1.6532,1.6473,1.6502,1.6535,-17.712,-5.9867,-2.811,-25.967,16.388,7.5656,11.007
6.6,-1.2165,2.3099,1.4301,0.19989,0.27543,0,0.94031,3.8403,1.2963,0.46823,0.76616,-1.3255,0.50618,5.6533,-4.1027,-1.4206,0,0,0,1.6394,1.6333,1.6363,1.6395,-17.968,-5.8208,-2.7343,-25.148,16.804,7.7734,10.914
6.61,-1.1778,2.3227,1.4347,0.20417,0.26857,0,0.94137,3.8959,1.255,0.45389,0.75749,-1.3735,0.51399,5.4724,-4.1601,-1.4476,0,0,0,1.6257,1.6194,1.6226,1.6257,-18.215,-5.6507,-2.6556,-24.32,17.21,7.9764,10.823
6.62,-1.1386,2.335,1.4392,0.2084,0.26145,0,0.94245,3.9497,1.2131,0.43928,0.74758,-1.4218,0.52178,5.2891,-4.2157,-1.4737,0,0,0,1.6123,1.6058,1.6092,1.6121,-18.454,-5.4766,-2.5748,-23.483,17.606,8.1745,10.732
6.63,-1.0988,2.347,1.4435,0.21257,0.25408,0,0.94353,4.0017,1.1707,0.42442,0.73638,-1.4703,0.52955,5.1034,-4.2696,-1.4991,0,0,0,1.5991,1.5924,1.596,1.5987,-18.685,-5.2986,-2.4921,-22.639,17.992,8.3674,10.644
6.64,-1.0585,2.3585,1.4477,0.21669,0.24646,0,0.94462,4.0518,1.1278,0.40931,0.72382,-1.519,0.53729,4.9154,-4.3217,-1.5236,0,0,0,1.5862,1.5793,1.583,1.5856,-18.907,-5.1168,-2.4075,-21.786,18.367,8.5549,10.557
6.65,-1.0178,2.3695,1.4517,0.22073,0.23857,0,0.94571,4.1,1.0843,0.39395,0.70986,-1.5676,0.54497,4.7253,-4.3719,-1.5472,0,0,0,1.5735,1.5665,1.5704,1.5728,-19.12,-4.9313,-2.321,-20.926,18.73,8.7369,10.472
6.66,-0.97654,2.3801,1.4556,0.2247,0.23043,0,0.94679,4.1463,1.0403,0.37836,0.69445,-1.6161,0.55257,4.533,-4.4203,-1.57,0,0,0,1.5612,1.554,1.558,1.5602,-19.325,-4.7423,-2.2328,-20.059,19.083,8.9132,10.389
6.67,-0.93486,2.3903,1.4593,0.22858,0.22203,0,0.94787,4.1906,0.99588,0.36255,0.67755,-1.6644,0.56007,4.3388,-4.4668,-1.5919,0,0,0,1.5491,1.5418,1.546,1.548,-19.522,-4.5497,-2.1428,-19.185,19.423,9.0835,10.308
6.68,-0.89274,2.4001,1.4628,0.23236,0.21337,0,0.94894,4.233,0.95099,0.34653,0.6591,-1.7122,0.56745,4.1426,-4.5113,-1.6129,0,0,0,1.5375,1.53,1.5344,1.5361,-19.709,-4.3538,-2.0511,-18.305,19.752,9.2478,10.23
6.69,-0.8502,2.4093,1.4662,0.23604,0.20446,0,0.94999,4.2735,0.90567,0.3303,0.63909,-1.7594,0.5747,3.9446,-4.5538,-1.6329,0,0,0,1.5262,1.5186,1.5231,1.5246,-19.888,-4.1547,-1.9579,-17.418,20.067,9.4058,10.154
6.7,-0.80728,2.4182,1.4694,0.2396,0.1953,0,0.95102,4.3119,0.85992,0.31387,0.61748,-1.8059,0.58178,3.7449,-4.5944,-1.652,0,0,0,1.5153,1.5076,1.5123,1.5135,-20.057,-3.9525,-1.863,-16.526,20.37,9.5573,10.081
6.71,-0.76397,2.4265,1.4725,0.24304,0.1859,0,0.95204,4.3484,0.81378,0.29726,0.59426,-1.8513,0.58867,3.5435,-4.6329,-1.6702,0,0,0,1.5049,1.497,1.5019,1.5028,-20.218,-3.7474,-1.7667,-15.627,20.659,9.7021,10.011
6.72,-0.72032,2.4344,1.4754,0.24635,0.17625,0,0.95302,4.3828,0.76727,0.28048,0.56942,-1.8957,0.59534,3.3406,-4.6693,-1.6873,0,0,0,1.4949,1.487,1.492,1.4926,-20.37,-3.5394,-1.669,-14.724,20.935,9.84,9.9441
6.73,-0.67632,2.4419,1.4781,0.24952,0.16636,0,0.95397,4.4152,0.72041,0.26352,0.54296,-1.9387,0.60177,3.1361,-4.7037,-1.7035,0,0,0,1.4854,1.4774,1.4826,1.4828,-20.513,-3.3287,-1.57,-13.816,21.197,9.971,9.8803
6.74,-0.63202,2.4488,1.4806,0.25253,0.15625,0,0.95489,4.4455,0.67321,0.24641,0.5149,-1.9802,0.60794,2.9303,-4.7359,-1.7187,0,0,0,1.4764,1.4683,1.4737,1.4735,-20.646,-3.1155,-1.4696,-12.902,21.444,10.095,9.8198
6.75,-0.58742,2.4553,1.483,0.25538,0.14592,0,0.95577,4.4738,0.6257,0.22915,0.48526,-2.0199,0.61382,2.7233,-4.766,-1.7329,0,0,0,1.4679,1.4598,1.4653,1.4648,-20.771,-2.8999,-1.3681,-11.985,21.676,10.211,9.7629
6.76,-0.54255,2.4614,1.4852,0.25806,0.13538,0,0.9566,4.5,0.57789,0.21175,0.45408,-2.0577,0.61938,2.515,-4.7939,-1.7461,0,0,0,1.4599,1.4519,1.4575,1.4566,-20.886,-2.682,-1.2654,-11.064,21.893,10.32,9.7097
6.77,-0.49743,2.4669,1.4872,0.26056,0.12465,0,0.95738,4.5241,0.52983,0.19423,0.42141,-2.0933,0.62459,2.3056,-4.8196,-1.7582,0,0,0,1.4525,1.4445,1.4502,1.4489,-20.992,-2.4621,-1.1617,-10.138,22.095,10.42,9.6602
6.78,-0.45208,2.472,1.4891,0.26287,0.11372,0,0.95811,4.5461,0.48151,0.17659,0.38731,-2.1266,0.62944,2.0952,-4.8431,-1.7693,0,0,0,1.4457,1.4378,1.4436,1.4418,-21.089,-2.2402,-1.0571,-9.2097,22.28,10.513,9.6147
6.79,-0.40652,2.4765,1.4908,0.26498,0.10262,0,0.95878,4.566,0.43297,0.15885,0.35186,-2.1573,0.63389,1.8838,-4.8644,-1.7794,0,0,0,1.4395,1.4316,1.4375,1.4354,-21.176,-2.0165,-0.95149,-8.278,22.45,10.598,9.5733
6.8,-0.36077,2.4806,1.4923,0.26689,0.091361,0,0.95939,4.5837,0.38423,0.14101,0.31516,-2.1853,0.63793,1.6717,-4.8834,-1.7883,0,0,0,1.4338,1.4262,1.4321,1.4295,-21.254,-1.7912,-0.84512,-7.3436,22.602,10.674,9.536
6.81,-0.31485,2.4842,1.4936,0.26859,0.079958,0,0.95993,4.5994,0.33531,0.12308,0.27731,-2.2103,0.64153,1.4588,-4.9002,-1.7963,0,0,0,1.4289,1.4213,1.4273,1.4243,-21.323,-1.5645,-0.73803,-6.4067,22.738,10.742,9.5029
6.82,-0.26878,2.4873,1.4947,0.27007,0.068426,0,0.96041,4.6129,0.28623,0.10509,0.23842,-2.2322,0.64468,1.2452,-4.9147,-1.8031,0,0,0,1.4245,1.4172,1.4231,1.4197,-21.382,-1.3365,-0.63031,-5.4676,22.856,10.801,9.4742
6.83,-0.2226,2.4899,1.4957,0.27132,0.056784,0,0.96081,4.6243,0.23702,0.087026,0.19862,-2.2509,0.64736,1.0312,-4.9269,-1.8089,0,0,0,1.4208,1.4137,1.4197,1.4158,-21.432,-1.1075,-0.52204,-4.5267,22.956,10.851,9.45
6.84,-0.17631,2.4921,1.4965,0.27234,0.045049,0,0.96115,4.6335,0.1877,0.068913,0.15806,-2.2663,0.64955,0.81662,-4.9369,-1.8135,0,0,0,1.4178,1.4109,1.4169,1.4126,-21.473,-0.87747,-0.41332,-3.5842,23.039,10.892,9.4302
6.85,-0.12993,2.4937,1.4971,0.27313,0.033239,0,0.9614,4.6406,0.13829,0.050759,0.11689,-2.2782,0.65125,0.60173,-4.9445,-1.8171,0,0,0,1.4154,1.4088,1.4147,1.4101,-21.504,-0.64675,-0.30423,-2.6406,23.102,10.924,9.415
6.86,-0.083501,2.4948,1.4975,0.27368,0.021374,0,0.96158,4.6456,0.08882,0.032574,0.075248,-2.2865,0.65243,0.38658,-4.9498,-1.8196,0,0,0,1.4137,1.4074,1.4133,1.4082,-21.526,-0.41549,-0.19488,-1.696,23.147,10.946,9.4043
6.87,-0.037029,2.4955,1.4977,0.27399,0.0094738,0,0.96169,4.6484,0.039306,0.01437,0.03331,-2.2912,0.6531,0.17125,-4.9528,-1.821,0,0,0,1.4127,1.4067,1.4125,1.4071,-21.538,-0.18387,-0.085352,-0.7509,23.172,10.958,9.3983
6.88,0.009459,2.4956,1.4978,0.27406,-0.0024426,0,0.96171,4.649,-0.010228,-0.0038429,-0.0087608,-2.2923,0.65325,-0.044148,-4.9535,-1.8213,0,0,0,1.4124,1.4067,1.4124,1.4066,-21.541,0.047897,0.02425,0.19451,23.178,10.961,9.397
6.89,0.055943,2.4953,1.4976,0.27389,-0.014355,0,0.96165,4.6475,-0.059756,-0.022053,-0.050796,-2.2897,0.65289,-0.25953,-4.9518,-1.8205,0,0,0,1.4127,1.4075,1.413,1.4069,-21.534,0.27963,0.13383,1.1399,23.164,10.953,9.4003
6.9,0.1024,2.4944,1.4973,0.27348,-0.026243,0,0.96152,4.6438,-0.10926,-0.04025,-0.092629,-2.2835,0.652,-0.4748,-4.9479,-1.8187,0,0,0,1.4138,1.4089,1.4143,1.4079,-21.518,0.51112,0.24328,2.0849,23.131,10.936,9.4082
6.91,0.14881,2.4931,1.4968,0.27283,-0.038087,0,0.96131,4.638,-0.15871,-0.058423,-0.13409,-2.2737,0.6506,-0.68985,-4.9416,-1.8157,0,0,0,1.4155,1.411,1.4163,1.4096,-21.492,0.74218,0.35252,3.0292,23.078,10.909,9.4207
6.92,0.19515,2.4912,1.4962,0.27194,-0.049868,0,0.96102,4.63,-0.20808,-0.07656,-0.17503,-2.2603,0.6487,-0.90461,-4.933,-1.8116,0,0,0,1.4179,1.4139,1.4189,1.412,-21.457,0.97262,0.46144,3.9725,23.007,10.873,9.4379
6.93,0.2414,2.4889,1.4953,0.27082,-0.061567,0,0.96066,4.6199,-0.25736,-0.094651,-0.21529,-2.2436,0.6463,-1.119,-4.9222,-1.8064,0,0,0,1.421,1.4174,1.4223,1.415,-21.413,1.2023,0.56995,4.9146,22.917,10.828,9.4595
6.94,0.28754,2.4861,1.4943,0.26948,-0.073166,0,0.96022,4.6076,-0.30652,-0.11269,-0.25472,-2.2235,0.64342,-1.3328,-4.909,-1.8002,0,0,0,1.4248,1.4216,1.4262,1.4188,-21.359,1.4309,0.67796,5.855,22.809,10.773,9.4856
6.95,0.33355,2.4828,1.4931,0.26791,-0.084646,0,0.95972,4.5932,-0.35553,-0.13065,-0.29319,-2.2003,0.64008,-1.5461,-4.8935,-1.7929,0,0,0,1.4292,1.4264,1.4308,1.4232,-21.296,1.6584,0.78539,6.7934,22.684,10.71,9.5161
6.96,0.3794,2.479,1.4917,0.26613,-0.095992,0,0.95915,4.5767,-0.40438,-0.14854,-0.33058,-2.174,0.63629,-1.7587,-4.8758,-1.7845,0,0,0,1.4343,1.4319,1.4361,1.4284,-21.223,1.8845,0.89213,7.7296,22.541,10.638,9.551
6.97,0.42508,2.4747,1.4901,0.26413,-0.10719,0,0.95851,4.5581,-0.45304,-0.16634,-0.36677,-2.1449,0.63207,-1.9705,-4.8559,-1.7751,0,0,0,1.4399,1.438,1.442,1.4341,-21.141,2.1092,0.99812,8.6632,22.382,10.557,9.59
6.98,0.47056,2.4699,1.4883,0.26193,-0.11822,0,0.95782,4.5373,-0.50149,-0.18404,-0.40166,-2.1131,0.62745,-2.1815,-4.8336,-1.7645,0,0,0,1.4462,1.4447,1.4484,1.4405,-21.05,2.3321,1.1033,9.5939,22.206,10.469,9.6332
6.99,0.51582,2.4647,1.4864,0.25954,-0.12907,0,0.95707,4.5144,-0.54971,-0.20163,-0.43517,-2.0789,0.62245,-2.3915,-4.8092,-1.753,0,0,0,1.4532,1.452,1.4555,1.4475,-20.949,2.5532,1.2075,10.521,22.013,10.372,9.6803
7,0.56084,2.4589,1.4843,0.25697,-0.13972,0,0.95627,4.4895,-0.59767,-0.21909,-0.46723,-2.0423,0.61709,-2.6005,-4.7826,-1.7404,0,0,0,1.4606,1.4599,1.4631,1.4551,-20.839,2.7723,1.3107,11.445,21.805,10.267,9.7314
7.01,0.6056,2.4527,1.482,0.25422,-0.15018,0,0.95542,4.4624,-0.64535,-0.23643,-0.49778,-2.0037,0.61139,-2.8083,-4.7538,-1.7268,0,0,0,1.4687,1.4683,1.4713,1.4633,-20.72,2.9893,1.4128,12.366,21.582,10.155,9.7861
7.02,0.65008,2.446,1.4796,0.2513,-0.16042,0,0.95452,4.4333,-0.69273,-0.25363,-0.52676,-1.9632,0.60539,-3.0148,-4.7228,-1.7121,0,0,0,1.4773,1.4773,1.48,1.472,-20.592,3.2039,1.5137,13.282,21.343,10.035,9.8445
7.03,0.69426,2.4389,1.477,0.24822,-0.17044,0,0.95359,4.4021,-0.7398,-0.27067,-0.55415,-1.9211,0.59911,-3.2201,-4.6897,-1.6965,0,0,0,1.4864,1.4868,1.4893,1.4813,-20.455,3.4161,1.6134,14.193,21.09,9.9074,9.9064
7.04,0.73811,2.4312,1.4742,0.245,-0.18022,0,0.95263,4.3689,-0.78652,-0.28755,-0.57994,-1.8775,0.59257,-3.4239,-4.6545,-1.6799,0,0,0,1.4961,1.4968,1.499,1.4911,-20.308,3.6257,1.7119,15.1,20.823,9.773,9.9715
7.05,0.78163,2.4231,1.4712,0.24163,-0.18977,0,0.95163,4.3337,-0.83288,-0.30426,-0.6041,-1.8326,0.5858,-3.6262,-4.6172,-1.6623,0,0,0,1.5062,1.5072,1.5092,1.5014,-20.153,3.8325,1.8089,16.001,20.541,9.6317,10.04
7.06,0.82478,2.4146,1.4681,0.23814,-0.19908,0,0.95061,4.2964,-0.87886,-0.3208,-0.62664,-1.7867,0.57883,-3.8269,-4.5779,-1.6437,0,0,0,1.5168,1.518,1.5198,1.5121,-19.988,4.0364,1.9045,16.898,20.246,9.4835,10.111
7.07,0.86755,2.4056,1.4648,0.23453,-0.20813,0,0.94957,4.2571,-0.92443,-0.33714,-0.64758,-1.7399,0.57168,-4.026,-4.5365,-1.6242,0,0,0,1.5278,1.5293,1.5308,1.5233,-19.815,4.2374,1.9985,17.788,19.938,9.3289,10.185
7.08,0.90992,2.3961,1.4613,0.2308,-0.21694,0,0.94851,4.2159,-0.96958,-0.35328,-0.66694,-1.6925,0.56437,-4.2232,-4.4931,-1.6037,0,0,0,1.5392,1.541,1.5423,1.5348,-19.633,4.4352,2.091,18.672,19.617,9.1678,10.262
7.09,0.95186,2.3862,1.4577,0.22698,-0.22549,0,0.94744,4.1727,-1.0143,-0.36921,-0.68474,-1.6445,0.55693,-4.4186,-4.4478,-1.5824,0,0,0,1.5509,1.553,1.5541,1.5468,-19.441,4.6297,2.1819,19.55,19.284,9.0005,10.341
7.1,0.99336,2.3758,1.454,0.22306,-0.23378,0,0.94636,4.1275,-1.0585,-0.38492,-0.70101,-1.5961,0.54939,-4.612,-4.4005,-1.5601,0,0,0,1.5631,1.5654,1.5662,1.5591,-19.242,4.8208,2.271,20.422,18.938,8.8273,10.423
7.11,1.0344,2.365,1.45,0.21906,-0.24182,0,0.94527,4.0804,-1.1023,-0.40041,-0.71581,-1.5475,0.54175,-4.8034,-4.3514,-1.537,0,0,0,1.5756,1.5781,1.5787,1.5718,-19.033,5.0084,2.3584,21.286,18.581,8.6482,10.507
7.12,1.075,2.3538,1.4459,0.21499,-0.2496,0,0.94418,4.0315,-1.1456,-0.41566,-0.72918,-1.4989,0.53405,-4.9926,-4.3004,-1.513,0,0,0,1.5884,1.591,1.5915,1.5847,-18.816,5.1924,2.444,22.143,18.213,8.4636,10.593
7.13,1.115,2.3421,1.4417,0.21085,-0.25712,0,0.9431,3.9806,-1.1883,-0.43066,-0.74116,-1.4502,0.52629,-5.1797,-4.2476,-1.4881,0,0,0,1.6014,1.6042,1.6046,1.5979,-18.59,5.3726,2.5277,22.992,17.833,8.2735,10.68
7.14,1.1546,2.33,1.4373,0.20665,-0.26438,0,0.94202,3.9279,-1.2305,-0.44542,-0.75182,-1.4018,0.51851,-5.3644,-4.1929,-1.4624,0,0,0,1.6147,1.6177,1.6179,1.6114,-18.356,5.549,2.6094,23.834,17.443,8.0782,10.77
7.15,1.1936,2.3175,1.4328,0.2024,-0.2714,0,0.94095,3.8733,-1.2721,-0.45991,-0.76121,-1.3536,0.51071,-5.5468,-4.1366,-1.4359,0,0,0,1.6283,1.6314,1.6314,1.6251,-18.114,5.7215,2.6892,24.667,17.043,7.8778,10.86
7.16,1.232,2.3046,1.4281,0.1981,-0.27815,0,0.93989,3.8169,-1.3132,-0.47413,-0.76938,-1.3057,0.50291,-5.7266,-4.0785,-1.4086,0,0,0,1.642,1.6453,1.6451,1.639,-17.863,5.8898,2.767,25.491,16.633,7.6726,10.952
7.17,1.2699,2.2912,1.4233,0.19377,-0.28466,0,0.93884,3.7588,-1.3537,-0.48808,-0.77639,-1.2583,0.49512,-5.904,-4.0188,-1.3806,0,0,0,1.656,1.6593,1.659,1.6531,-17.604,6.0541,2.8426,26.307,16.213,7.4627,11.046
7.18,1.3072,2.2775,1.4184,0.18941,-0.29093,0,0.93781,3.6989,-1.3936,-0.50174,-0.78231,-1.2115,0.48736,-6.0787,-3.9575,-1.3518,0,0,0,1.6701,1.6735,1.673,1.6674,-17.337,6.2141,2.9162,27.113,15.784,7.2483,11.14
7.19,1.3439,2.2633,1.4133,0.18502,-0.29695,0,0.9368,3.6372,-1.4329,-0.51511,-0.78719,-1.1651,0.47964,-6.2507,-3.8945,-1.3223,0,0,0,1.6843,1.6878,1.6872,1.6817,-17.061,6.3697,2.9876,27.91,15.347,7.0296,11.235
7.2,1.3799,2.2488,1.4081,0.18061,-0.30273,0,0.93581,3.5739,-1.4715,-0.52818,-0.7911,-1.1195,0.47197,-6.4199,-3.8301,-1.292,0,0,0,1.6986,1.7021,1.7015,1.6962,-16.778,6.521,3.0568,28.697,14.901,6.8069,11.331
7.21,1.4154,2.2339,1.4027,0.17619,-0.30828,0,0.93484,3.5088,-1.5095,-0.54095,-0.79408,-1.0745,0.46436,-6.5862,-3.7641,-1.2611,0,0,0,1.713,1.7166,1.7158,1.7107,-16.488,6.6677,3.1237,29.474,14.447,6.5802,11.427
7.22,1.4501,2.2186,1.3973,0.17176,-0.3136,0,0.93389,3.4421,-1.5468,-0.5534,-0.7962,-1.0302,0.45682,-6.7496,-3.6967,-1.2296,0,0,0,1.7274,1.7311,1.7302,1.7253,-16.189,6.8099,3.1884,30.24,13.986,6.3499,11.523
7.23,1.4842,2.203,1.3917,0.16732,-0.31869,0,0.93298,3.3738,-1.5834,-0.56554,-0.79751,-0.9866,0.44935,-6.91,-3.628,-1.1974,0,0,0,1.7419,1.7456,1.7447,1.7399,-15.883,6.9474,3.2507,30.996,13.517,6.116,11.62
7.24,1.5176,2.187,1.3859,0.16288,-0.32355,0,0.93208,3.304,-1.6193,-0.57735,-0.79806,-0.94382,0.44196,-7.0673,-3.5578,-1.1646,0,0,0,1.7564,1.7601,1.7591,1.7545,-15.569,7.0802,3.3107,31.74,13.042,5.8787,11.717
7.25,1.5503,2.1706,1.3801,0.15845,-0.32821,0,0.93122,3.2325,-1.6545,-0.58883,-0.7979,-0.90182,0.43467,-7.2213,-3.4864,-1.1312,0,0,0,1.7709,1.7747,1.7735,1.7691,-15.248,7.2082,3.3683,32.473,12.56,5.6383,11.814
7.26,1.5822,2.1539,1.3742,0.15403,-0.33264,0,0.93039,3.1595,-1.689,-0.59997,-0.79709,-0.86061,0.42746,-7.3722,-3.4137,-1.0972,0,0,0,1.7854,1.7891,1.788,1.7837,-14.92,7.3314,3.4234,33.195,12.072,5.3949,11.91
7.27,1.6135,2.1368,1.3681,0.14962,-0.33687,0,0.92959,3.0851,-1.7228,-0.61077,-0.79567,-0.82021,0.42035,-7.5197,-3.3398,-1.0627,0,0,0,1.7998,1.8035,1.8023,1.7982,-14.584,7.4497,3.4761,33.904,11.578,5.1488,12.006
7.28,1.6439,2.1194,1.362,0.14522,-0.3409,0,0.92882,3.0092,-1.7558,-0.62122,-0.79369,-0.78062,0.41335,-7.6639,-3.2647,-1.0277,0,0,0,1.8142,1.8179,1.8166,1.8127,-14.242,7.5629,3.5264,34.601,11.078,4.9,12.102
7.29,1.6736,2.1017,1.3557,0.14084,-0.34472,0,0.92808,2.9318,-1.7881,-0.63132,-0.79118,-0.74184,0.40645,-7.8045,-3.1885,-0.99219,0,0,0,1.8284,1.8321,1.8308,1.827,-13.892,7.6712,3.5741,35.285,10.574,4.6489,12.197
7.3,1.7026,2.0837,1.3493,0.13647,-0.34836,0,0.92737,2.8531,-1.8196,-0.64107,-0.78819,-0.70386,0.39966,-7.9417,-3.1113,-0.95622,0,0,0,1.8425,1.8462,1.8449,1.8412,-13.536,7.7744,3.6194,35.956,10.065,4.3955,12.291
7.31,1.7307,2.0653,1.3429,0.13214,-0.3518,0,0.9267,2.773,-1.8503,-0.65045,-0.78476,-0.66667,0.39297,-8.0752,-3.033,-0.91981,0,0,0,1.8565,1.8602,1.8588,1.8553,-13.173,7.8725,3.662,36.614,9.5521,4.1402,12.385
7.32,1.758,2.0467,1.3363,0.12782,-0.35506,0,0.92607,2.6916,-1.8803,-0.65946,-0.78093,-0.63027,0.3864,-8.2051,-2.9538,-0.88299,0,0,0,1.8704,1.8741,1.8726,1.8693,-12.804,7.9654,3.7022,37.259,9.0351,3.8829,12.477
7.33,1.7845,2.0277,1.3297,0.12353,-0.35813,0,0.92546,2.6089,-1.9094,-0.6681,-0.77672,-0.59464,0.37994,-8.3313,-2.8737,-0.84577,0,0,0,1.8841,1.8877,1.8862,1.883,-12.428,8.0532,3.7397,37.889,8.5145,3.6241,12.568
7.34,1.8102,2.0085,1.323,0.11927,-0.36103,0,0.9249,2.525,-1.9377,-0.67637,-0.77217,-0.55976,0.3736,-8.4537,-2.7928,-0.8082,0,0,0,1.8976,1.9012,1.8997,1.8966,-12.046,8.1357,3.7746,38.505,7.9909,3.3638,12.658
7.35,1.835,1.989,1.3162,0.11504,-0.36376,0,0.92436,2.4398,-1.9652,-0.68427,-0.76731,-0.52562,0.36737,-8.5722,-2.711,-0.77029,0,0,0,1.9109,1.9145,1.9129,1.91,-11.658,8.213,3.807,39.107,7.4645,3.1022,12.747
7.36,1.859,1.9692,1.3093,0.11084,-0.36631,0,0.92387,2.3535,-1.9919,-0.69178,-0.76217,-0.4922,0.36125,-8.6868,-2.6286,-0.73207,0,0,0,1.9239,1.9275,1.926,1.9231,-11.264,8.285,3.8367,39.694,6.9357,2.8395,12.834
7.37,1.8821,1.9491,1.3023,0.10668,-0.3687,0,0.92341,2.2661,-2.0178,-0.69891,-0.75678,-0.45948,0.35525,-8.7974,-2.5454,-0.69357,0,0,0,1.9368,1.9403,1.9388,1.936,-10.864,8.3517,3.8638,40.265,6.4049,2.5759,12.92
7.38,1.9043,1.9288,1.2953,0.10255,-0.37094,0,0.92298,2.1776,-2.0428,-0.70565,-0.75116,-0.42744,0.34937,-8.9041,-2.4615,-0.6548,0,0,0,1.9494,1.9529,1.9513,1.9487,-10.459,8.4131,3.8882,40.821,5.8724,2.3116,13.004
7.39,1.9256,1.9083,1.2882,0.098449,-0.37301,0,0.92259,2.0881,-2.067,-0.712,-0.74532,-0.39605,0.3436,-9.0066,-2.3771,-0.61581,0,0,0,1.9617,1.9652,1.9636,1.961,-10.048,8.4691,3.91,41.362,5.3387,2.0468,13.086
7.4,1.9461,1.8875,1.2811,0.094388,-0.37493,0,0.92224,1.9975,-2.0904,-0.71797,-0.7393,-0.36529,0.33795,-9.105,-2.2922,-0.57661,0,0,0,1.9737,1.9772,1.9756,1.9731,-9.6315,8.5199,3.9291,41.886,4.8041,1.7817,13.166
7.41,1.9656,1.8665,1.2739,0.090364,-0.3767,0,0.92192,1.906,-2.1129,-0.72353,-0.73312,-0.33515,0.3324,-9.1992,-2.2067,-0.53724,0,0,0,1.9855,1.9889,1.9873,1.9849,-9.2101,8.5652,3.9456,42.394,4.269,1.5164,13.244
7.42,1.9842,1.8452,1.2666,0.086377,-0.37832,0,0.92164,1.8135,-2.1345,-0.72871,-0.72678,-0.30559,0.32698,-9.2892,-2.1209,-0.49771,0,0,0,1.9969,2.0003,1.9987,1.9964,-8.7837,8.6052,3.9595,42.885,3.7338,1.2512,13.321
7.43,2.0018,1.8238,1.2593,0.082429,-0.3798,0,0.92139,1.7202,-2.1553,-0.73349,-0.72032,-0.27658,0.32166,-9.3749,-2.0347,-0.45806,0,0,0,2.0081,2.0114,2.0098,2.0076,-8.3524,8.6399,3.9706,43.359,3.1987,0.98619,13.395
7.44,2.0186,1.8021,1.2519,0.078519,-0.38113,0,0.92118,1.626,-2.1752,-0.73787,-0.71374,-0.24812,0.31645,-9.4562,-1.9481,-0.41831,0,0,0,2.0189,2.0222,2.0206,2.0184,-7.9165,8.6692,3.9792,43.816,2.6643,0.72162,13.467
7.45,2.0344,1.7803,1.2445,0.074648,-0.38233,0,0.921,1.5311,-2.1943,-0.74185,-0.70706,-0.22016,0.31136,-9.5332,-1.8613,-0.37848,0,0,0,2.0293,2.0326,2.031,2.0289,-7.4762,8.6932,3.9851,44.255,2.1309,0.45766,13.536
7.46,2.0492,1.7583,1.2371,0.070816,-0.3834,0,0.92087,1.4354,-2.2124,-0.74544,-0.70028,-0.19268,0.30638,-9.6057,-1.7743,-0.33861,0,0,0,2.0394,2.0427,2.0411,2.0391,-7.0315,8.7118,3.9883,44.676,1.5988,0.1945,13.604
7.47,2.0631,1.736,1.2296,0.067025,-0.38432,0,0.92076,1.339,-2.2297,-0.74863,-0.69344,-0.16567,0.3015,-9.6738,-1.6871,-0.29872,0,0,0,2.0491,2.0524,2.0508,2.0488,-6.5827,8.7252,3.989,45.079,1.0685,-0.067675,13.669
7.48,2.076,1.7137,1.2221,0.063273,-0.38512,0,0.92069,1.2419,-2.2462,-0.75141,-0.68653,-0.13909,0.29673,-9.7374,-1.5998,-0.25884,0,0,0,2.0585,2.0617,2.0601,2.0582,-6.13,8.7332,3.987,45.463,0.5402,-0.32867,13.731
7.49,2.0879,1.6911,1.2146,0.059561,-0.38579,0,0.92066,1.1443,-2.2617,-0.7538,-0.67956,-0.11292,0.29207,-9.7964,-1.5124,-0.21899,0,0,0,2.0674,2.0706,2.0691,2.0672,-5.6735,8.736,3.9824,45.828,0.014419,-0.58831,13.791
7.5,2.0989,1.6684,1.207,0.05589,-0.38634,0,0.92066,1.046,-2.2764,-0.75579,-0.67255,-0.087126,0.28751,-9.8508,-1.4251,-0.1792,0,0,0,2.076,2.0792,2.0776,2.0758,-5.2135,8.7335,3.9752,46.174,-0.50852,-0.84639,13.848
7.51,2.1088,1.6456,1.1995,0.052259,-0.38676,0,0.9207,0.94726,-2.2902,-0.75739,-0.6655,-0.061694,0.28306,-9.9006,-1.3378,-0.1395,0,0,0,2.0842,2.0873,2.0858,2.084,-4.7501,8.7258,3.9655,46.5,-1.0282,-1.1027,13.902
7.52,2.1178,1.6226,1.1919,0.048668,-0.38705,0,0.92077,0.84802,-2.3032,-0.75858,-0.65842,-0.036595,0.27871,-9.9458,-1.2506,-0.099901,0,0,0,2.0919,2.095,2.0935,2.0918,-4.2836,8.713,3.9532,46.807,-1.5444,-1.3572,13.954
7.53,2.1258,1.5995,1.1843,0.045117,-0.38723,0,0.92088,0.74836,-2.3153,-0.75939,-0.65132,-0.011804,0.27446,-9.9863,-1.1635,-0.060442,0,0,0,2.0992,2.1023,2.1008,2.0991,-3.814,8.695,3.9383,47.093,-2.0565,-1.6095,14.002
7.54,2.1328,1.5763,1.1767,0.041607,-0.38729,0,0.92102,0.64831,-2.3265,-0.75979,-0.64421,0.012704,0.27031,-10.022,-1.0767,-0.021143,0,0,0,2.1061,2.1092,2.1077,2.106,-3.3418,8.6718,3.921,47.359,-2.5644,-1.8595,14.048
7.55,2.1387,1.553,1.1691,0.038137,-0.38723,0,0.9212,0.54793,-2.3368,-0.75981,-0.63708,0.036953,0.26627,-10.053,-0.99011,0.01797,0,0,0,2.1126,2.1156,2.1141,2.1125,-2.8669,8.6437,3.9012,47.604,-3.0675,-2.107,14.091
7.56,2.1437,1.5296,1.1615,0.034707,-0.38705,0,0.92141,0.44726,-2.3463,-0.75944,-0.62994,0.060967,0.26232,-10.079,-0.90383,0.056872,0,0,0,2.1186,2.1216,2.1201,2.1186,-2.3897,8.6105,3.8789,47.828,-3.5655,-2.3518,14.132
7.57,2.1477,1.5061,1.1539,0.031317,-0.38676,0,0.92165,0.34636,-2.3549,-0.75867,-0.62281,0.08477,0.25847,-10.101,-0.81792,0.095539,0,0,0,2.1241,2.1272,2.1257,2.1242,-1.9104,8.5724,3.8541,48.031,-4.0581,-2.5938,14.169
7.58,2.1506,1.4825,1.1463,0.027967,-0.38635,0,0.92193,0.24526,-2.3626,-0.75753,-0.61568,0.10839,0.25472,-10.118,-0.7324,0.13395,0,0,0,2.1293,2.1323,2.1308,2.1293,-1.4292,8.5294,3.827,48.212,-4.5449,-2.8328,14.203
7.59,2.1526,1.4588,1.1388,0.024657,-0.38583,0,0.92224,0.14402,-2.3695,-0.75599,-0.60855,0.13184,0.25107,-10.129,-0.64734,0.17207,0,0,0,2.1339,2.1369,2.1355,2.134,-0.94627,8.4815,3.7975,48.37,-5.0254,-3.0685,14.234
7.6,2.1535,1.4351,1.1312,0.021386,-0.3852,0,0.92259,0.042688,-2.3756,-0.75408,-0.60143,0.15515,0.24751,-10.137,-0.56279,0.20989,0,0,0,2.1381,2.1411,2.1397,2.1382,-0.46187,8.4289,3.7656,48.506,-5.4994,-3.3008,14.262
7.61,2.1534,1.4113,1.1237,0.018155,-0.38445,0,0.92297,-0.058692,-2.3808,-0.7518,-0.59432,0.17835,0.24405,-10.139,-0.47878,0.24738,0,0,0,2.1418,2.1448,2.1434,2.1419,0.023782,8.3715,3.7315,48.62,-5.9665,-3.5295,14.287
7.62,2.1524,1.3875,1.1162,0.014963,-0.38359,0,0.92338,-0.16007,-2.3851,-0.74914,-0.58722,0.20145,0.24068,-10.136,-0.39537,0.28451,0,0,0,2.1451,2.148,2.1467,2.1452,0.51045,8.3096,3.6951,48.71,-6.4262,-3.7544,14.308
7.63,2.1502,1.3636,1.1087,0.011809,-0.38263,0,0.92383,-0.2614,-2.3887,-0.74611,-0.58014,0.22449,0.23741,-10.129,-0.31261,0.32127,0,0,0,2.1478,2.1508,2.1494,2.148,0.99791,8.243,3.6564,48.778,-6.8783,-3.9753,14.327
7.64,2.1471,1.3397,1.1013,0.0086948,-0.38155,0,0.92431,-0.36262,-2.3914,-0.74271,-0.57307,0.24747,0.23423,-10.116,-0.23053,0.35763,0,0,0,2.1502,2.1531,2.1518,2.1503,1.4859,8.172,3.6156,48.821,-7.3222,-4.192,14.342
7.65,2.143,1.3158,1.0939,0.0056187,-0.38036,0,0.92482,-0.4637,-2.3933,-0.73896,-0.56601,0.27043,0.23115,-10.099,-0.14918,0.39357,0,0,0,2.152,2.1549,2.1536,2.1522,1.9743,8.0966,3.5726,48.841,-7.7578,-4.4044,14.354
7.66,2.1379,1.2919,1.0865,0.0025809,-0.37906,0,0.92537,-0.56458,-2.3944,-0.73484,-0.55897,0.29338,0.22815,-10.077,-0.068609,0.42908,0,0,0,2.1533,2.1563,2.155,2.1536,2.4627,8.0169,3.5275,48.836,-8.1845,-4.6122,14.364
7.67,2.1317,1.2679,1.0792,-0.00041878,-0.37765,0,0.92595,-0.66522,-2.3947,-0.73038,-0.55195,0.31635,0.22526,-10.05,0.011144,0.46412,0,0,0,2.1542,2.1572,2.1559,2.1545,2.9509,7.933,3.4804,48.807,-8.6021,-4.8153,14.369
7.68,2.1245,1.244,1.0719,-0.0033806,-0.37613,0,0.92656,-0.76556,-2.3942,-0.72556,-0.54494,0.33936,0.22245,-10.018,0.090037,0.49868,0,0,0,2.1546,2.1576,2.1563,2.1549,3.4387,7.8449,3.4312,48.752,-9.0101,-5.0135,14.372
7.69,2.1164,1.22,1.0647,-0.0063048,-0.3745,0,0.92721,-0.86555,-2.3929,-0.72041,-0.53795,0.36243,0.21974,-9.9808,0.16803,0.53274,0,0,0,2.1545,2.1575,2.1562,2.1548,3.9259,7.7528,3.3801,48.673,-9.4082,-5.2066,14.372
7.7,2.1072,1.1961,1.0575,-0.0091915,-0.37276,0,0.92788,-0.96516,-2.3908,-0.71491,-0.53097,0.38557,0.21712,-9.9391,0.24508,0.56627,0,0,0,2.154,2.1569,2.1557,2.1543,4.4121,7.6568,3.3271,48.568,-9.796,-5.3945,14.368
7.71,2.0971,1.1722,1.0504,-0.012041,-0.3709,0,0.92859,-1.0643,-2.388,-0.70908,-0.524,0.40883,0.2146,-9.8925,0.32115,0.59927,0,0,0,2.1529,2.1559,2.1547,2.1533,4.8971,7.5569,3.2722,48.437,-10.173,-5.5768,14.361
7.72,2.086,1.1484,1.0433,-0.014853,-0.36893,0,0.92934,-1.163,-2.3844,-0.70293,-0.51704,0.4322,0.21216,-9.8411,0.39621,0.63171,0,0,0,2.1514,2.1544,2.1532,2.1518,5.3807,7.4533,3.2156,48.279,-10.539,-5.7535,14.351
7.73,2.0738,1.1245,1.0363,-0.017629,-0.36685,0,0.93011,-1.2611,-2.3801,-0.69645,-0.51009,0.45571,0.20983,-9.7849,0.47021,0.66358,0,0,0,2.1495,2.1525,2.1513,2.1498,5.8626,7.3462,3.1572,48.096,-10.894,-5.9243,14.338
7.74,2.0607,1.1008,1.0294,-0.020367,-0.36466,0,0.93092,-1.3587,-2.375,-0.68966,-0.50315,0.47939,0.20758,-9.7239,0.54312,0.69485,0,0,0,2.147,2.1501,2.1489,2.1474,6.3425,7.2355,3.0971,47.885,-11.237,-6.089,14.322
7.75,2.0467,1.077,1.0225,-0.02307,-0.36235,0,0.93176,-1.4556,-2.3692,-0.68256,-0.49621,0.50324,0.20543,-9.6581,0.61491,0.72551,0,0,0,2.1441,2.1472,2.146,2.1446,6.8202,7.1215,3.0354,47.648,-11.568,-6.2476,14.303
7.76,2.0316,1.0534,1.0157,-0.025735,-0.35992,0,0.93263,-1.5518,-2.3627,-0.67515,-0.48928,0.5273,0.20337,-9.5875,0.68554,0.75555,0,0,0,2.1408,2.1439,2.1427,2.1413,7.2954,7.0042,2.9722,47.382,-11.886,-6.3997,14.281
7.77,2.0156,1.0298,1.009,-0.028365,-0.35738,0,0.93353,-1.6473,-2.3555,-0.66745,-0.48234,0.55157,0.20141,-9.5122,0.75498,0.78495,0,0,0,2.137,2.1401,2.139,2.1375,7.7678,6.8838,2.9075,47.09,-12.191,-6.5453,14.256
7.78,1.9987,1.0063,1.0024,-0.030958,-0.35471,0,0.93446,-1.742,-2.3476,-0.65945,-0.4754,0.57608,0.19954,-9.4322,0.8232,0.8137,0,0,0,2.1328,2.1359,2.1348,2.1333,8.2371,6.7604,2.8413,46.769,-12.483,-6.6841,14.228
7.79,1.9808,0.98284,0.99582,-0.033515,-0.35193,0,0.93543,-1.836,-2.339,-0.65117,-0.46846,0.60083,0.19777,-9.3475,0.89018,0.84177,0,0,0,2.1281,2.1313,2.1302,2.1286,8.7031,6.6342,2.7738,46.419,-12.762,-6.8159,14.197
7.8,1.962,0.95949,0.98935,-0.036036,-0.34903,0,0.93642,-1.929,-2.3298,-0.64262,-0.4615,0.62586,0.1961,-9.2581,0.95588,0.86917,0,0,0,2.123,2.1262,2.1251,2.1236,9.1654,6.5052,2.705,46.042,-13.026,-6.9408,14.163
7.81,1.9422,0.93624,0.98297,-0.038521,-0.346,0,0.93744,-2.0211,-2.3199,-0.63379,-0.45453,0.65116,0.19452,-9.1642,1.0203,0.89587,0,0,0,2.1175,2.1207,2.1197,2.1181,9.6238,6.3737,2.635,45.637,-13.278,-7.0588,14.127
7.82,1.9215,0.9131,0.97667,-0.04097,-0.34285,0,0.9385,-2.1123,-2.3094,-0.6247,-0.44754,0.67677,0.19304,-9.0656,1.0833,0.92187,0,0,0,2.1116,2.1149,2.1138,2.1122,10.078,6.2397,2.5639,45.205,-13.516,-7.1701,14.088
7.83,1.9,0.89006,0.97047,-0.043383,-0.33957,0,0.93958,-2.2024,-2.2983,-0.61536,-0.44053,0.70268,0.19165,-8.9626,1.1451,0.94714,0,0,0,2.1053,2.1086,2.1075,2.106,10.528,6.1034,2.4916,44.747,-13.741,-7.2747,14.046
7.84,1.8775,0.86713,0.96437,-0.04576,-0.33616,0,0.94069,-2.2915,-2.2865,-0.60576,-0.43348,0.72893,0.19037,-8.8551,1.2054,0.97169,0,0,0,2.0987,2.102,2.1009,2.0993,10.973,5.9649,2.4184,44.263,-13.954,-7.3727,14.001
7.85,1.8541,0.84433,0.95836,-0.048101,-0.33262,0,0.94183,-2.3795,-2.2742,-0.59593,-0.4264,0.75551,0.18918,-8.7432,1.2644,0.99551,0,0,0,2.0916,2.0949,2.0939,2.0923,11.413,5.8244,2.3442,43.753,-14.153,-7.4642,13.954
7.86,1.8299,0.82165,0.95245,-0.050405,-0.32895,0,0.943,-2.4663,-2.2612,-0.58586,-0.41928,0.78244,0.18808,-8.6269,1.3219,1.0186,0,0,0,2.0842,2.0875,2.0865,2.0849,11.848,5.6819,2.2691,43.218,-14.34,-7.5493,13.905
7.87,1.8048,0.79911,0.94664,-0.052673,-0.32515,0,0.94419,-2.552,-2.2477,-0.57556,-0.41211,0.80973,0.18709,-8.5062,1.378,1.0409,0,0,0,2.0764,2.0798,2.0788,2.0771,12.277,5.5376,2.1932,42.659,-14.515,-7.6281,13.854
7.88,1.7789,0.7767,0.94094,-0.054905,-0.32121,0,0.94542,-2.6364,-2.2337,-0.56504,-0.40489,0.83739,0.18619,-8.3813,1.4326,1.0624,0,0,0,2.0683,2.0718,2.0708,2.0691,12.701,5.3917,2.1166,42.075,-14.677,-7.7006,13.8
7.89,1.7521,0.75444,0.93534,-0.057099,-0.31713,0,0.94666,-2.7196,-2.2191,-0.55431,-0.3976,0.86542,0.18539,-8.2522,1.4858,1.0832,0,0,0,2.0599,2.0634,2.0624,2.0607,13.119,5.2441,2.0392,41.469,-14.827,-7.7669,13.744
7.9,1.7245,0.73232,0.92985,-0.059256,-0.31291,0,0.94793,-2.8015,-2.204,-0.54338,-0.39024,0.89384,0.18469,-8.119,1.5375,1.1032,0,0,0,2.0512,2.0547,2.0537,2.052,13.53,5.0952,1.9613,40.839,-14.965,-7.8272,13.686
7.91,1.6961,0.71036,0.92448,-0.061376,-0.30855,0,0.94923,-2.882,-2.1883,-0.53225,-0.3828,0.92265,0.18409,-7.9816,1.5877,1.1224,0,0,0,2.0422,2.0458,2.0448,2.043,13.935,4.9449,1.8827,40.187,-15.092,-7.8814,13.626
7.92,1.6669,0.68855,0.91921,-0.063458,-0.30404,0,0.95054,-2.9611,-2.1722,-0.52093,-0.37526,0.95185,0.18358,-7.8403,1.6364,1.1409,0,0,0,2.0329,2.0365,2.0355,2.0338,14.334,4.7934,1.8036,39.512,-15.207,-7.9298,13.564
7.93,1.6369,0.66692,0.91406,-0.065501,-0.29938,0,0.95188,-3.0388,-2.1556,-0.50944,-0.36763,0.98144,0.18316,-7.695,1.6836,1.1585,0,0,0,2.0233,2.027,2.0261,2.0243,14.726,4.6408,1.7241,38.817,-15.31,-7.9723,13.501
7.94,1.6061,0.64544,0.90902,-0.067505,-0.29457,0,0.95324,-3.115,-2.1385,-0.49777,-0.35989,1.0114,0.18284,-7.5458,1.7292,1.1754,0,0,0,2.0136,2.0173,2.0163,2.0145,15.11,4.4872,1.6442,38.1,-15.403,-8.0091,13.436
7.95,1.5746,0.62415,0.9041,-0.06947,-0.28962,0,0.95462,-3.1897,-2.121,-0.48593,-0.35204,1.0418,0.18262,-7.3928,1.7733,1.1914,0,0,0,2.0036,2.0074,2.0064,2.0046,15.488,4.3328,1.564,37.363,-15.484,-8.0402,13.37
7.96,1.5423,0.60303,0.8993,-0.071395,-0.2845,0,0.95601,-3.2628,-2.1031,-0.47394,-0.34405,1.0725,0.18248,-7.2361,1.8159,1.2066,0,0,0,1.9934,1.9972,1.9963,1.9944,15.857,4.1776,1.4834,36.606,-15.554,-8.0657,13.302
7.97,1.5093,0.58209,0.89462,-0.073278,-0.27923,0,0.95742,-3.3344,-2.0847,-0.4618,-0.33593,1.1036,0.18244,-7.0757,1.8569,1.2211,0,0,0,1.983,1.9869,1.986,1.9841,16.22,4.0217,1.4027,35.83,-15.613,-8.0858,13.233
7.98,1.4756,0.56133,0.89007,-0.07512,-0.2738,0,0.95885,-3.4043,-2.0659,-0.44952,-0.32765,1.1351,0.18249,-6.9117,1.8963,1.2347,0,0,0,1.9725,1.9765,1.9755,1.9736,16.574,3.8653,1.3217,35.035,-15.662,-8.1004,13.164
7.99,1.4412,0.54077,0.88563,-0.076919,-0.26821,0,0.96029,-3.4726,-2.0468,-0.43711,-0.31922,1.1669,0.18263,-6.7442,1.9342,1.2475,0,0,0,1.9619,1.9659,1.9649,1.963,16.92,3.7085,1.2407,34.221,-15.701,-8.1098,13.093
8,1.4062,0.5204,0.88133,-0.078675,-0.26245,0,0.96173,-3.5392,-2.0273,-0.42457,-0.31062,1.199,0.18285,-6.5733,1.9705,1.2595,0,0,0,1.9511,1.9551,1.9541,1.9523,17.258,3.5513,1.1596,33.389,-15.729,-8.1139,13.021
8.01,1.3705,0.50022,0.87714,-0.080386,-0.25653,0,0.96319,-3.6041,-2.0074,-0.41192,-0.30184,1.2314,0.18317,-6.3991,2.0052,1.2707,0,0,0,1.9402,1.9443,1.9433,1.9415,17.588,3.394,1.0784,32.54,-15.747,-8.1128,12.949
8.02,1.3341,0.48025,0.87309,-0.082052,-0.25044,0,0.96465,-3.6672,-1.9872,-0.39916,-0.29286,1.2641,0.18356,-6.2216,2.0383,1.2811,0,0,0,1.9293,1.9335,1.9324,1.9306,17.909,3.2364,0.99732,31.674,-15.755,-8.1067,12.876
8.03,1.2971,0.46048,0.86916,-0.083671,-0.24419,0,0.96611,-3.7285,-1.9666,-0.3863,-0.28369,1.297,0.18404,-6.041,2.0699,1.2906,0,0,0,1.9183,1.9225,1.9215,1.9196,18.221,3.0789,0.9163,30.792,-15.753,-8.0956,12.803
8.04,1.2595,0.44092,0.86536,-0.085241,-0.23776,0,0.96758,-3.788,-1.9458,-0.37335,-0.27431,1.3302,0.18459,-5.8572,2.0999,1.2994,0,0,0,1.9074,1.9116,1.9105,1.9087,18.525,2.9214,0.83543,29.894,-15.742,-8.0796,12.73
8.05,1.2214,0.42157,0.86169,-0.086763,-0.23116,0,0.96904,-3.8456,-1.9246,-0.36032,-0.26471,1.3634,0.18522,-5.6705,2.1284,1.3073,0,0,0,1.8964,1.9006,1.8996,1.8977,18.819,2.7641,0.75473,28.98,-15.721,-8.0588,12.657
8.06,1.1826,0.40243,0.85816,-0.088234,-0.22439,0,0.9705,-3.9014,-1.9032,-0.34721,-0.25488,1.3968,0.18592,-5.4809,2.1552,1.3145,0,0,0,1.8854,1.8897,1.8886,1.8868,19.104,2.607,0.67427,28.051,-15.691,-8.0332,12.584
8.07,1.1433,0.3835,0.85475,-0.089653,-0.21744,0,0.97195,-3.9552,-1.8815,-0.33403,-0.24481,1.4302,0.18669,-5.2884,2.1805,1.3208,0,0,0,1.8745,1.8788,1.8777,1.876,19.38,2.4503,0.59408,27.109,-15.652,-8.0031,12.512
8.08,1.1035,0.3648,0.85148,-0.091019,-0.21032,0,0.97339,-4.0071,-1.8596,-0.3208,-0.2345,1.4636,0.18753,-5.0933,2.2042,1.3264,0,0,0,1.8637,1.868,1.8669,1.8652,19.646,2.294,0.51422,26.152,-15.604,-7.9683,12.44
8.09,1.0632,0.34631,0.84833,-0.09233,-0.20302,0,0.97481,-4.0571,-1.8375,-0.30751,-0.22394,1.497,0.18842,-4.8955,2.2264,1.3311,0,0,0,1.8529,1.8573,1.8562,1.8545,19.903,2.1382,0.43473,25.182,-15.547,-7.9291,12.368
8.1,1.0224,0.32805,0.84533,-0.093584,-0.19555,0,0.97622,-4.105,-1.8151,-0.29418,-0.21312,1.5302,0.18938,-4.6953,2.247,1.3351,0,0,0,1.8423,1.8467,1.8456,1.8439,20.15,1.9831,0.35565,24.199,-15.482,-7.8855,12.298
8.11,0.98111,0.31001,0.84245,-0.09478,-0.18791,0,0.9776,-4.151,-1.7925,-0.28081,-0.20205,1.5632,0.19039,-4.4926,2.266,1.3382,0,0,0,1.8319,1.8363,1.8351,1.8335,20.387,1.8286,0.27703,23.203,-15.408,-7.8376,12.228
8.12,0.93938,0.2922,0.83971,-0.095917,-0.18009,0,0.97896,-4.1949,-1.7698,-0.26741,-0.19071,1.5958,0.19144,-4.2875,2.2836,1.3406,0,0,0,1.8216,1.826,1.8248,1.8233,20.614,1.675,0.19891,22.196,-15.325,-7.7855,12.16
8.13,0.89722,0.27462,0.8371,-0.096991,-0.1721,0,0.98029,-4.2367,-1.7469,-0.254,-0.17911,1.6282,0.19254,-4.0803,2.2995,1.3422,0,0,0,1.8116,1.816,1.8147,1.8133,20.831,1.5222,0.12133,21.178,-15.235,-7.7293,12.093
8.14,0.85465,0.25726,0.83463,-0.098003,-0.16394,0,0.98159,-4.2765,-1.7238,-0.24057,-0.16724,1.66,0.19367,-3.871,2.314,1.343,0,0,0,1.8018,1.8062,1.8049,1.8035,21.038,1.3703,0.04434,20.148,-15.137,-7.669,12.027
8.15,0.81169,0.24014,0.83229,-0.09895,-0.15562,0,0.98285,-4.3141,-1.7006,-0.22714,-0.15512,1.6913,0.19483,-3.6596,2.327,1.3431,0,0,0,1.7922,1.7966,1.7953,1.794,21.234,1.2194,-0.032031,19.109,-15.03,-7.6047,11.963
8.16,0.76837,0.22325,0.83009,-0.09983,-0.14713,0,0.98407,-4.3497,-1.6773,-0.21371,-0.14274,1.7219,0.19602,-3.4463,2.3384,1.3424,0,0,0,1.7829,1.7873,1.7859,1.7848,21.42,1.0697,-0.10774,18.059,-14.917,-7.5366,11.901
8.17,0.72471,0.2066,0.82802,-0.10064,-0.13848,0,0.98524,-4.3831,-1.6538,-0.2003,-0.13011,1.7517,0.19722,-3.2312,2.3483,1.3409,0,0,0,1.774,1.7783,1.7769,1.7758,21.595,0.92114,-0.18275,17,-14.795,-7.4646,11.842
8.18,0.68072,0.19018,0.82608,-0.10138,-0.12967,0,0.98636,-4.4143,-1.6303,-0.1869,-0.11723,1.7806,0.19844,-3.0145,2.3568,1.3387,0,0,0,1.7653,1.7696,1.7682,1.7672,21.76,0.77382,-0.25702,15.933,-14.667,-7.389,11.784
8.19,0.63643,0.17399,0.82428,-0.10206,-0.12072,0,0.98743,-4.4433,-1.6067,-0.17352,-0.10413,1.8086,0.19965,-2.7961,2.3638,1.3358,0,0,0,1.7571,1.7612,1.7598,1.759,21.914,0.62783,-0.33052,14.857,-14.531,-7.3097,11.729
8.2,0.59186,0.15804,0.82261,-0.10265,-0.11161,0,0.98844,-4.4702,-1.583,-0.16018,-0.090812,1.8354,0.20087,-2.5762,2.3694,1.3321,0,0,0,1.7492,1.7533,1.7518,1.7511,22.057,0.48322,-0.4032,13.773,-14.388,-7.2269,11.676
8.21,0.54703,0.14233,0.82107,-0.10318,-0.10237,0,0.98938,-4.4949,-1.5593,-0.14688,-0.077293,1.861,0.20207,-2.355,2.3735,1.3277,0,0,0,1.7417,1.7457,1.7442,1.7437,22.189,0.34008,-0.47504,12.682,-14.239,-7.1406,11.626
8.22,0.50197,0.12686,0.81967,-0.10362,-0.092996,0,0.99026,-4.5173,-1.5356,-0.13363,-0.06359,1.8853,0.20325,-2.1325,2.3762,1.3226,0,0,0,1.7347,1.7386,1.737,1.7367,22.31,0.19847,-0.54601,11.584,-14.083,-7.051,11.578
8.23,0.45669,0.11162,0.8184,-0.104,-0.083495,0,0.99107,-4.5375,-1.5118,-0.12043,-0.049727,1.9081,0.20441,-1.9088,2.3775,1.3168,0,0,0,1.7281,1.7318,1.7303,1.7301,22.421,0.058449,-0.61605,10.48,-13.92,-6.9581,11.534
8.24,0.41123,0.096621,0.81726,-0.10429,-0.073876,0,0.9918,-4.5555,-1.488,-0.1073,-0.035725,1.9293,0.20553,-1.6841,2.3774,1.3103,0,0,0,1.7219,1.7256,1.724,1.7239,22.52,-0.079911,-0.68516,9.3704,-13.751,-6.862,11.492
8.25,0.36559,0.08186,0.81626,-0.1045,-0.064148,0,0.99245,-4.5712,-1.4642,-0.094228,-0.021611,1.9489,0.20661,-1.4584,2.3759,1.3031,0,0,0,1.7163,1.7198,1.7182,1.7183,22.608,-0.21655,-0.75328,8.2553,-13.576,-6.7627,11.454
8.26,0.31981,0.067336,0.81538,-0.10463,-0.054321,0,0.99303,-4.5846,-1.4405,-0.081235,-0.0074129,1.9667,0.20764,-1.232,2.373,1.2953,0,0,0,1.7111,1.7145,1.7128,1.7131,22.685,-0.35141,-0.8204,7.1354,-13.395,-6.6605,11.419
8.27,0.27391,0.05305,0.81463,-0.10469,-0.044404,0,0.99351,-4.5958,-1.4168,-0.068325,0.0068398,1.9827,0.20861,-1.0048,2.3689,1.2867,0,0,0,1.7065,1.7097,1.708,1.7085,22.751,-0.48443,-0.88648,6.0112,-13.208,-6.5552,11.388
8.28,0.2279,0.039001,0.81401,-0.10466,-0.034408,0,0.99391,-4.6047,-1.3931,-0.055503,0.021115,1.9967,0.20952,-0.77699,2.3634,1.2775,0,0,0,1.7024,1.7054,1.7037,1.7044,22.805,-0.61555,-0.9515,4.8833,-13.015,-6.4472,11.36
8.29,0.18182,0.025187,0.81352,-0.10455,-0.024344,0,0.99422,-4.6114,-1.3695,-0.042776,0.035379,2.0086,0.21035,-0.54871,2.3566,1.2677,0,0,0,1.6988,1.7017,1.7,1.7008,22.849,-0.74472,-1.0154,3.7521,-12.817,-6.3363,11.336
8.3,0.13568,0.01161,0.81316,-0.10436,-0.014222,0,0.99444,-4.6157,-1.346,-0.030151,0.049597,2.0184,0.21111,-0.32005,2.3485,1.2572,0,0,0,1.6959,1.6985,1.6968,1.6978,22.88,-0.87188,-1.0782,2.6182,-12.614,-6.2228,11.315
8.31,0.089513,-0.0017328,0.81292,-0.10409,-0.0040554,0,0.99456,-4.6178,-1.3226,-0.017634,0.063733,2.026,0.21178,-0.091137,2.3391,1.2461,0,0,0,1.6934,1.6958,1.6941,1.6954,22.901,-0.99698,-1.1399,1.4821,-12.405,-6.1067,11.298
8.32,0.043335,-0.014842,0.8128,-0.10373,0.0061445,0,0.99459,-4.6175,-1.2992,-0.0052301,0.07775,2.0314,0.21236,0.13793,2.3285,1.2344,0,0,0,1.6916,1.6938,1.692,1.6935,22.91,-1.12,-1.2003,0.34417,-12.192,-5.988,11.285
8.33,-0.0028299,-0.027717,0.81281,-0.1033,0.016365,0,0.99452,-4.615,-1.276,0.0070532,0.091612,2.0346,0.21284,0.36703,2.3167,1.2221,0,0,0,1.6903,1.6923,1.6905,1.6922,22.908,-1.2408,-1.2596,-0.79494,-11.974,-5.867,11.275
8.34,-0.048958,-0.040362,0.81294,-0.10279,0.026594,0,0.99435,-4.6102,-1.2529,0.019211,0.10528,2.0354,0.21322,0.59604,2.3037,1.2092,0,0,0,1.6896,1.6913,1.6896,1.6914,22.894,-1.3594,-1.3177,-1.9348,-11.751,-5.7435,11.27
8.35,-0.095026,-0.052776,0.8132,-0.1022,0.036819,0,0.99408,-4.6031,-1.2299,0.031236,0.11872,2.0339,0.21349,0.82487,2.2896,1.1958,0,0,0,1.6895,1.691,1.6892,1.6913,22.869,-1.4758,-1.3745,-3.0748,-11.523,-5.6179,11.268
8.36,-0.14101,-0.064961,0.81357,-0.10153,0.047027,0,0.99372,-4.5937,-1.2071,0.043125,0.1319,2.0301,0.21366,1.0534,2.2742,1.1818,0,0,0,1.69,1.6912,1.6895,1.6917,22.833,-1.5899,-1.43,-4.2146,-11.291,-5.49,11.271
8.37,-0.18689,-0.076918,0.81406,-0.10079,0.057206,0,0.99326,-4.582,-1.1844,0.05487,0.14478,2.024,0.21371,1.2815,2.2578,1.1672,0,0,0,1.691,1.692,1.6903,1.6927,22.785,-1.7016,-1.4843,-5.3535,-11.055,-5.3601,11.277
8.38,-0.23264,-0.08865,0.81466,-0.09997,0.067342,0,0.99271,-4.5681,-1.1619,0.066467,0.15732,2.0156,0.21365,1.509,2.2402,1.1521,0,0,0,1.6926,1.6934,1.6917,1.6942,22.726,-1.811,-1.5372,-6.4912,-10.815,-5.2281,11.287
8.39,-0.27825,-0.10016,0.81539,-0.099082,0.077424,0,0.99206,-4.5518,-1.1396,0.07791,0.16951,2.005,0.21347,1.736,2.2215,1.1365,0,0,0,1.6948,1.6954,1.6937,1.6964,22.655,-1.9179,-1.5888,-7.627,-10.572,-5.0942,11.3
8.4,-0.32367,-0.11144,0.81622,-0.098124,0.08744,0,0.99133,-4.5334,-1.1175,0.089194,0.1813,1.9921,0.21318,1.9621,2.2018,1.1203,0,0,0,1.6976,1.6979,1.6962,1.6991,22.573,-2.0224,-1.6391,-8.7606,-10.324,-4.9585,11.318
8.41,-0.36891,-0.12251,0.81717,-0.097099,0.097378,0,0.9905,-4.5126,-1.0956,0.10031,0.19267,1.9772,0.21276,2.1874,2.1811,1.1037,0,0,0,1.7009,1.701,1.6993,1.7023,22.48,-2.1244,-1.688,-9.8913,-10.073,-4.8211,11.339
8.42,-0.41392,-0.13336,0.81823,-0.096009,0.10723,0,0.98959,-4.4896,-1.0739,0.11127,0.2036,1.9601,0.21223,2.4117,2.1594,1.0866,0,0,0,1.7048,1.7046,1.7029,1.7061,22.375,-2.2238,-1.7355,-11.019,-9.8188,-4.6819,11.364
8.43,-0.45869,-0.14399,0.81939,-0.094857,0.11698,0,0.98859,-4.4644,-1.0524,0.12204,0.21407,1.9411,0.21158,2.6348,2.1366,1.069,0,0,0,1.7091,1.7087,1.7071,1.7104,22.259,-2.3207,-1.7816,-12.142,-9.5613,-4.5412,11.392
8.44,-0.5032,-0.15441,0.82067,-0.093646,0.12661,0,0.98752,-4.4369,-1.0312,0.13264,0.22406,1.9202,0.21082,2.8568,2.113,1.0509,0,0,0,1.714,1.7134,1.7118,1.7152,22.132,-2.4151,-1.8263,-13.261,-9.3008,-4.3991,11.424
8.45,-0.54742,-0.16461,0.82205,-0.092379,0.13613,0,0.98637,-4.4072,-1.0102,0.14306,0.23356,1.8975,0.20994,3.0775,2.0883,1.0324,0,0,0,1.7194,1.7186,1.717,1.7205,21.994,-2.5067,-1.8696,-14.376,-9.0375,-4.2555,11.459
8.46,-0.59134,-0.17461,0.82353,-0.091058,0.14552,0,0.98516,-4.3754,-0.98941,0.15329,0.24255,1.8731,0.20896,3.2967,2.0628,1.0135,0,0,0,1.7253,1.7243,1.7228,1.7263,21.845,-2.5958,-1.9114,-15.485,-8.7716,-4.1105,11.498
8.47,-0.63492,-0.1844,0.82511,-0.089686,0.15477,0,0.98387,-4.3413,-0.96891,0.16333,0.25102,1.8471,0.20786,3.5143,2.0364,0.99422,0,0,0,1.7317,1.7304,1.7289,1.7326,21.685,-2.6822,-1.9518,-16.588,-8.5031,-3.9644,11.539
8.48,-0.67816,-0.19399,0.82679,-0.088267,0.16388,0,0.98252,-4.3051,-0.94868,0.17317,0.25897,1.8197,0.20667,3.7303,2.0092,0.97451,0,0,0,1.7384,1.737,1.7356,1.7393,21.513,-2.7658,-1.9907,-17.685,-8.2323,-3.8171,11.584
8.49,-0.72102,-0.20338,0.82857,-0.086804,0.17283,0,0.98112,-4.2667,-0.92873,0.18282,0.2664,1.7909,0.20537,3.9445,1.9811,0.95441,0,0,0,1.7456,1.744,1.7426,1.7464,21.331,-2.8468,-2.0281,-18.775,-7.9593,-3.6687,11.631
8.5,-0.76348,-0.21256,0.83045,-0.0853,0.18162,0,0.97966,-4.2262,-0.90906,0.19226,0.2733,1.7608,0.20398,4.1569,1.9523,0.93395,0,0,0,1.7532,1.7514,1.7501,1.7539,21.138,-2.925,-2.0641,-19.857,-7.6843,-3.5194,11.681
8.51,-0.80553,-0.22156,0.83242,-0.083757,0.19025,0,0.97816,-4.1836,-0.88968,0.2015,0.27968,1.7296,0.2025,4.3673,1.9226,0.91314,0,0,0,1.7612,1.7593,1.758,1.7618,20.934,-3.0005,-2.0985,-20.932,-7.4074,-3.3691,11.734
8.52,-0.84715,-0.23036,0.83448,-0.08218,0.19871,0,0.97661,-4.1389,-0.87061,0.21052,0.28554,1.6974,0.20093,4.5755,1.8923,0.89199,0,0,0,1.7695,1.7675,1.7662,1.7701,20.719,-3.0732,-2.1315,-21.998,-7.1289,-3.218,11.789
8.53,-0.8883,-0.23897,0.83663,-0.08057,0.20699,0,0.97502,-4.0921,-0.85184,0.21934,0.2909,1.6643,0.19929,4.7816,1.8612,0.87051,0,0,0,1.7782,1.776,1.7748,1.7787,20.494,-3.1431,-2.1629,-23.056,-6.8489,-3.0663,11.846
8.54,-0.92898,-0.2474,0.83887,-0.078932,0.2151,0,0.9734,-4.0432,-0.83339,0.22793,0.29576,1.6304,0.19756,4.9854,1.8294,0.84873,0,0,0,1.7872,1.7848,1.7836,1.7876,20.258,-3.2101,-2.1928,-24.104,-6.5675,-2.9138,11.905
8.55,-0.96916,-0.25564,0.84119,-0.077267,0.22302,0,0.97175,-3.9924,-0.81526,0.23631,0.30012,1.5958,0.19577,5.1867,1.797,0.82666,0,0,0,1.7964,1.7939,1.7928,1.7967,20.012,-3.2744,-2.2212,-25.142,-6.285,-2.7609,11.967
8.56,-1.0088,-0.2637,0.84359,-0.07558,0.23076,0,0.97007,-3.9395,-0.79745,0.24446,0.30402,1.5607,0.19391,5.3856,1.7639,0.80431,0,0,0,1.8059,1.8033,1.8023,1.8062,19.755,-3.3358,-2.248,-26.17,-6.0014,-2.6074,12.029
8.57,-1.0479,-0.27159,0.84608,-0.073872,0.23831,0,0.96838,-3.8847,-0.77998,0.25239,0.30745,1.525,0.192,5.5818,1.7303,0.78171,0,0,0,1.8156,1.813,1.8119,1.8158,19.488,-3.3944,-2.2733,-27.186,-5.717,-2.4536,12.094
8.58,-1.0865,-0.2793,0.84864,-0.072146,0.24567,0,0.96667,-3.8279,-0.76285,0.2601,0.31044,1.489,0.19002,5.7753,1.6961,0.75885,0,0,0,1.8256,1.8228,1.8218,1.8257,19.211,-3.4502,-2.2971,-28.192,-5.4319,-2.2995,12.16
8.59,-1.1245,-0.28685,0.85128,-0.070405,0.25284,0,0.96494,-3.7692,-0.74606,0.26757,0.313,1.4527,0.188,5.966,1.6613,0.73577,0,0,0,1.8357,1.8328,1.8319,1.8357,18.925,-3.5031,-2.3193,-29.185,-5.1463,-2.1451,12.227
8.6,-1.1619,-0.29423,0.85399,-0.068651,0.25982,0,0.96322,-3.7086,-0.72962,0.27481,0.31514,1.4161,0.18594,6.1538,1.626,0.71247,0,0,0,1.8459,1.843,1.8421,1.8459,18.628,-3.5531,-2.34,-30.166,-4.8603,-1.9907,12.295
8.61,-1.1987,-0.30144,0.85677,-0.066887,0.2666,0,0.96148,-3.6461,-0.71354,0.28182,0.3169,1.3794,0.18383,6.3385,1.5902,0.68898,0,0,0,1.8563,1.8533,1.8525,1.8562,18.321,-3.6003,-2.3591,-31.134,-4.5742,-1.8362,12.364
8.62,-1.2348,-0.3085,0.85962,-0.065115,0.2732,0,0.95975,-3.5818,-0.69782,0.28859,0.31828,1.3426,0.18169,6.5202,1.554,0.6653,0,0,0,1.8667,1.8637,1.8629,1.8666,18.005,-3.6446,-2.3767,-32.089,-4.288,-1.6817,12.433
8.63,-1.2703,-0.3154,0.86254,-0.063337,0.27961,0,0.95802,-3.5157,-0.68246,0.29513,0.3193,1.3059,0.17952,6.6986,1.5174,0.64145,0,0,0,1.8773,1.8742,1.8734,1.8771,17.68,-3.686,-2.3927,-33.03,-4.002,-1.5274,12.503
8.64,-1.3051,-0.32215,0.86553,-0.061554,0.28583,0,0.9563,-3.4479,-0.66747,0.30142,0.31998,1.2691,0.17733,6.8737,1.4803,0.61745,0,0,0,1.8878,1.8848,1.884,1.8877,17.345,-3.7246,-2.4073,-33.956,-3.7163,-1.3732,12.574
8.65,-1.3392,-0.32875,0.86857,-0.05977,0.29185,0,0.95459,-3.3783,-0.65286,0.30747,0.32034,1.2325,0.17511,7.0455,1.4429,0.59331,0,0,0,1.8984,1.8953,1.8946,1.8982,17.001,-3.7604,-2.4202,-34.867,-3.4311,-1.2194,12.644
8.66,-1.3727,-0.33521,0.87167,-0.057986,0.2977,0,0.9529,-3.307,-0.63862,0.31329,0.3204,1.196,0.17288,7.2137,1.4051,0.56905,0,0,0,1.909,1.9059,1.9052,1.9087,16.647,-3.7933,-2.4316,-35.763,-3.1465,-1.066,12.715
8.67,-1.4054,-0.34152,0.87484,-0.056203,0.30335,0,0.95122,-3.234,-0.62476,0.31885,0.32017,1.1597,0.17063,7.3784,1.367,0.54468,0,0,0,1.9196,1.9164,1.9158,1.9193,16.285,-3.8233,-2.4415,-36.643,-2.8627,-0.91308,12.785
8.68,-1.4373,-0.3477,0.87805,-0.054423,0.30882,0,0.94956,-3.1594,-0.61128,0.32418,0.31968,1.1237,0.16837,7.5394,1.3286,0.52022,0,0,0,1.9301,1.9269,1.9263,1.9297,15.915,-3.8505,-2.4499,-37.506,-2.5799,-0.76071,12.855
8.69,-1.4686,-0.35375,0.88132,-0.052648,0.31411,0,0.94792,-3.0832,-0.59818,0.32926,0.31893,1.0879,0.16611,7.6966,1.29,0.49569,0,0,0,1.9405,1.9373,1.9367,1.9401,15.535,-3.8749,-2.4568,-38.353,-2.2982,-0.60899,12.924
8.7,-1.499,-0.35967,0.88464,-0.050879,0.31922,0,0.94631,-3.0055,-0.58548,0.33409,0.31796,1.0524,0.16384,7.8501,1.2512,0.47109,0,0,0,1.9508,1.9476,1.9471,1.9504,15.148,-3.8965,-2.4621,-39.182,-2.0178,-0.45801,12.993
8.71,-1.5287,-0.36546,0.888,-0.049117,0.32416,0,0.94473,-2.9262,-0.57316,0.33868,0.31677,1.0173,0.16158,7.9996,1.2121,0.44645,0,0,0,1.9609,1.9578,1.9573,1.9605,14.752,-3.9153,-2.4659,-39.993,-1.7389,-0.30785,13.061
8.72,-1.5575,-0.37113,0.89141,-0.047363,0.32892,0,0.94317,-2.8455,-0.56124,0.34302,0.31537,0.98244,0.15932,8.1451,1.1729,0.42178,0,0,0,1.971,1.9678,1.9673,1.9705,14.348,-3.9313,-2.4682,-40.785,-1.4616,-0.15861,13.128
8.73,-1.5856,-0.37669,0.89486,-0.045618,0.3335,0,0.94165,-2.7633,-0.5497,0.34712,0.31379,0.94796,0.15706,8.2865,1.1335,0.39709,0,0,0,1.9808,1.9777,1.9772,1.9803,13.936,-3.9445,-2.4691,-41.558,-1.186,-0.010372,13.193
8.74,-1.6128,-0.38213,0.89835,-0.043885,0.33791,0,0.94015,-2.6798,-0.53857,0.35096,0.31204,0.91384,0.15481,8.4238,1.094,0.3724,0,0,0,1.9905,1.9873,1.9869,1.99,13.517,-3.955,-2.4685,-42.312,-0.91249,0.13678,13.258
8.75,-1.6392,-0.38746,0.90188,-0.042162,0.34216,0,0.9387,-2.5949,-0.52782,0.35456,0.31013,0.8801,0.15257,8.5568,1.0544,0.34773,0,0,0,1.9999,1.9968,1.9964,1.9994,13.09,-3.9628,-2.4664,-43.046,-0.64105,0.28276,13.321
8.76,-1.6647,-0.39269,0.90544,-0.040452,0.34624,0,0.93727,-2.5087,-0.51748,0.35792,0.30807,0.84673,0.15035,8.6855,1.0147,0.32308,0,0,0,2.0091,2.006,2.0056,2.0086,12.656,-3.9678,-2.4628,-43.76,-0.37189,0.42748,13.382
8.77,-1.6893,-0.39781,0.90903,-0.038754,0.35016,0,0.93589,-2.4212,-0.50753,0.36103,0.30588,0.81374,0.14814,8.8099,0.97505,0.29847,0,0,0,2.018,2.0149,2.0146,2.0175,12.215,-3.9702,-2.4578,-44.452,-0.10519,0.57085,13.442
8.78,-1.7131,-0.40284,0.91266,-0.03707,0.35392,0,0.93454,-2.3325,-0.49798,0.36389,0.30356,0.78114,0.14595,8.9298,0.93534,0.27393,0,0,0,2.0267,2.0236,2.0233,2.0261,11.767,-3.9699,-2.4514,-45.123,0.15891,0.71279,13.499
8.79,-1.736,-0.40777,0.91631,-0.035401,0.35751,0,0.93324,-2.2426,-0.48882,0.3665,0.30114,0.74891,0.14377,9.0452,0.89566,0.24945,0,0,0,2.035,2.032,2.0317,2.0344,11.312,-3.967,-2.4436,-45.772,0.42022,0.8532,13.555
8.8,-1.7579,-0.41262,0.91999,-0.033746,0.36096,0,0.93197,-2.1516,-0.48006,0.36888,0.29861,0.71705,0.14162,9.156,0.85601,0.22506,0,0,0,2.0431,2.04,2.0397,2.0425,10.851,-3.9615,-2.4343,-46.398,0.67859,0.99201,13.609
8.81,-1.779,-0.41737,0.92369,-0.032107,0.36424,0,0.93075,-2.0595,-0.4717,0.37101,0.29599,0.68555,0.13948,9.2622,0.81643,0.20077,0,0,0,2.0508,2.0477,2.0475,2.0502,10.384,-3.9535,-2.4237,-47.001,0.93385,1.1291,13.66
8.82,-1.7991,-0.42205,0.92741,-0.030483,0.36738,0,0.92957,-1.9664,-0.46374,0.37289,0.29329,0.65441,0.13737,9.3637,0.77695,0.17659,0,0,0,2.0581,2.0551,2.0549,2.0575,9.9115,-3.9429,-2.4118,-47.581,1.1858,1.2645,13.709
8.83,-1.8183,-0.42665,0.93115,-0.028876,0.37037,0,0.92844,-1.8722,-0.45616,0.37454,0.29052,0.62362,0.13529,9.4604,0.73759,0.15254,0,0,0,2.0651,2.0621,2.0619,2.0645,9.4329,-3.9298,-2.3984,-48.136,1.4344,1.3979,13.756
8.84,-1.8366,-0.43118,0.9349,-0.027285,0.37321,0,0.92734,-1.7772,-0.44898,0.37594,0.28768,0.59316,0.13323,9.5523,0.69836,0.12863,0,0,0,2.0717,2.0687,2.0685,2.0711,8.9489,-3.9142,-2.3838,-48.667,1.6794,1.5294,13.8
8.85,-1.8539,-0.43563,0.93866,-0.025711,0.37591,0,0.9263,-1.6812,-0.4422,0.37711,0.28478,0.56302,0.1312,9.6394,0.65931,0.10487,0,0,0,2.0779,2.075,2.0748,2.0773,8.4597,-3.8962,-2.3679,-49.173,1.9205,1.6589,13.842
8.86,-1.8702,-0.44002,0.94244,-0.024154,0.37846,0,0.9253,-1.5844,-0.4358,0.37804,0.28183,0.53319,0.12919,9.7215,0.62045,0.081272,0,0,0,2.0837,2.0808,2.0806,2.0831,7.9655,-3.8758,-2.3506,-49.654,2.1578,1.7862,13.88
8.87,-1.8856,-0.44435,0.94622,-0.022615,0.38087,0,0.92435,-1.4868,-0.42979,0.37874,0.27883,0.50365,0.12721,9.7987,0.5818,0.057858,0,0,0,2.0891,2.0862,2.086,2.0885,7.4667,-3.853,-2.3321,-50.108,2.391,1.9113,13.916
8.88,-1.8999,-0.44862,0.95001,-0.021092,0.38315,0,0.92345,-1.3884,-0.42416,0.3792,0.27579,0.47438,0.12526,9.8708,0.54339,0.034634,0,0,0,2.094,2.0911,2.091,2.0934,6.9634,-3.828,-2.3124,-50.536,2.6199,2.0342,13.949
8.89,-1.9133,-0.45283,0.95381,-0.019588,0.38528,0,0.92259,-1.2894,-0.41892,0.37943,0.27272,0.44536,0.12335,9.9379,0.50525,0.011613,0,0,0,2.0985,2.0956,2.0955,2.0979,6.456,-3.8007,-2.2915,-50.936,2.8443,2.1546,13.979
8.9,-1.9257,-0.457,0.9576,-0.018101,0.38728,0,0.92178,-1.1897,-0.41405,0.37943,0.26962,0.41658,0.12146,9.9999,0.46739,-0.011192,0,0,0,2.1025,2.0996,2.0995,2.1019,5.9448,-3.7711,-2.2693,-51.309,3.0642,2.2725,14.006
8.91,-1.9371,-0.46111,0.96139,-0.016632,0.38914,0,0.92103,-1.0894,-0.40957,0.37921,0.26649,0.38802,0.1196,10.057,0.42983,-0.03377,0,0,0,2.1061,2.1032,2.1031,2.1054,5.4299,-3.7394,-2.246,-51.654,3.2794,2.3879,14.03
8.92,-1.9475,-0.46519,0.96518,-0.015181,0.39087,0,0.92032,-0.98859,-0.40546,0.37876,0.26334,0.35966,0.11778,10.109,0.39261,-0.056109,0,0,0,2.1091,2.1063,2.1062,2.1085,4.9118,-3.7055,-2.2216,-51.971,3.4896,2.5006,14.05
8.93,-1.9569,-0.46923,0.96897,-0.013748,0.39247,0,0.91966,-0.88726,-0.40172,0.37809,0.26018,0.33147,0.11599,10.155,0.35573,-0.078198,0,0,0,2.1117,2.1089,2.1088,2.1111,4.3906,-3.6696,-2.196,-52.258,3.6947,2.6106,14.067
8.94,-1.9652,-0.47323,0.97275,-0.012333,0.39394,0,0.91905,-0.7855,-0.39834,0.37719,0.257,0.30343,0.11423,10.196,0.31922,-0.10003,0,0,0,2.1138,2.111,2.1109,2.1132,3.8667,-3.6317,-2.1694,-52.515,3.8946,2.7178,14.081
8.95,-1.9726,-0.47719,0.97651,-0.010936,0.39527,0,0.9185,-0.68335,-0.39533,0.37609,0.25382,0.27553,0.11251,10.232,0.2831,-0.12158,0,0,0,2.1154,2.1125,2.1125,2.1147,3.3404,-3.5917,-2.1417,-52.743,4.0891,2.8221,14.092
8.96,-1.9789,-0.48113,0.98027,-0.0095572,0.39648,0,0.91799,-0.58087,-0.39268,0.37476,0.25062,0.24774,0.11082,10.263,0.24739,-0.14286,0,0,0,2.1164,2.1136,2.1136,2.1158,2.812,-3.5499,-2.1129,-52.94,4.278,2.9233,14.099
8.97,-1.9842,-0.48505,0.98401,-0.0081962,0.39756,0,0.91754,-0.47811,-0.39038,0.37323,0.24742,0.22004,0.10917,10.289,0.21211,-0.16384,0,0,0,2.117,2.1141,2.1141,2.1163,2.2817,-3.5062,-2.0832,-53.105,4.4612,3.0215,14.103
8.98,-1.9885,-0.48894,0.98773,-0.006853,0.39851,0,0.91714,-0.37512,-0.38843,0.37149,0.24422,0.1924,0.10755,10.309,0.17728,-0.18452,0,0,0,2.117,2.1142,2.1141,2.1164,1.75,-3.4607,-2.0525,-53.239,4.6384,3.1165,14.103
8.99,-1.9917,-0.49282,0.99144,-0.0055277,0.39933,0,0.91679,-0.27195,-0.38683,0.36954,0.24101,0.16481,0.10597,10.324,0.1429,-0.20488,0,0,0,2.1164,2.1136,2.1136,2.1158,1.2171,-3.4135,-2.0209,-53.341,4.8096,3.2083,14.099
9,-1.9939,-0.49668,0.99512,-0.0042202,0.40003,0,0.91649,-0.16866,-0.38557,0.36739,0.23781,0.13723,0.10443,10.333,0.10901,-0.22493,0,0,0,2.1154,2.1126,2.1126,2.1148,0.68328,-3.3645,-1.9884,-53.41,4.9746,3.2967,14.092
9.01,-1.9951,-0.50053,0.99878,-0.0029304,0.40059,0,0.91625,-0.065307,-0.38465,0.36504,0.23461,0.10965,0.10293,10.337,0.075618,-0.24465,0,0,0,2.1138,2.111,2.111,2.1132,0.14897,-3.314,-1.955,-53.446,5.1331,3.3817,14.082
9.02,-1.9952,-0.50437,1.0024,-0.0016582,0.40103,0,0.91606,0.038064,-0.38406,0.3625,0.23142,0.082038,0.10146,10.336,0.042737,-0.26403,0,0,0,2.1117,2.1089,2.1089,2.1111,-0.38553,-3.2619,-1.9208,-53.449,5.2851,3.4631,14.068
9.03,-1.9943,-0.50821,1.006,-0.00040351,0.40135,0,0.91593,0.1414,-0.38379,0.35976,0.22823,0.054371,0.10003,10.33,0.010385,-0.28306,0,0,0,2.109,2.1062,2.1062,2.1084,-0.9199,-3.2083,-1.8857,-53.418,5.4306,3.5411,14.05
9.04,-1.9924,-0.51205,1.0096,0.00083375,0.40153,0,0.91584,0.24464,-0.38385,0.35684,0.22505,0.026624,0.098644,10.318,-0.021424,-0.30174,0,0,0,2.1058,2.103,2.103,2.1052,-1.4538,-3.1533,-1.8499,-53.354,5.5697,3.6156,14.028
9.05,-1.9894,-0.51589,1.0132,0.0020537,0.40159,0,0.91582,0.34773,-0.38422,0.35373,0.22187,-0.0012296,0.097296,10.3,-0.052676,-0.32006,0,0,0,2.1021,2.0992,2.0993,2.1015,-1.9869,-3.0969,-1.8134,-53.258,5.7023,3.6867,14.003
9.06,-1.9854,-0.51974,1.0167,0.0032565,0.40152,0,0.91584,0.45063,-0.3849,0.35044,0.21871,-0.029216,0.095988,10.278,-0.083358,-0.33801,0,0,0,2.0978,2.0949,2.095,2.0972,-2.5188,-3.0393,-1.7762,-53.13,5.8287,3.7544,13.975
9.07,-1.9804,-0.52359,1.0202,0.0044422,0.40132,0,0.91593,0.55327,-0.38589,0.34697,0.21554,-0.057362,0.09472,10.25,-0.11346,-0.35558,0,0,0,2.093,2.0901,2.0902,2.0924,-3.0494,-2.9804,-1.7384,-52.971,5.9488,3.8187,13.943
9.08,-1.9744,-0.52745,1.0236,0.0056109,0.40099,0,0.91607,0.65561,-0.38717,0.34333,0.21239,-0.085697,0.093495,10.217,-0.14296,-0.37277,0,0,0,2.0876,2.0847,2.0848,2.0871,-3.5781,-2.9203,-1.6999,-52.78,6.0627,3.8797,13.907
9.09,-1.9673,-0.53133,1.027,0.0067627,0.40053,0,0.91626,0.7576,-0.38874,0.33952,0.20924,-0.11425,0.09231,10.179,-0.17186,-0.38958,0,0,0,2.0817,2.0788,2.0789,2.0812,-4.1049,-2.8591,-1.6608,-52.56,6.1706,3.9375,13.868
9.1,-1.9592,-0.53523,1.0304,0.0078978,0.39994,0,0.91651,0.85917,-0.3906,0.33554,0.2061,-0.14305,0.091168,10.135,-0.20014,-0.40599,0,0,0,2.0753,2.0724,2.0725,2.0748,-4.6292,-2.7969,-1.6211,-52.309,6.2725,3.992,13.825
9.11,-1.9501,-0.53915,1.0338,0.0090163,0.39921,0,0.91682,0.96028,-0.39274,0.3314,0.20296,-0.17212,0.090067,10.086,-0.2278,-0.422,0,0,0,2.0684,2.0654,2.0655,2.0678,-5.151,-2.7337,-1.5809,-52.029,6.3684,4.0434,13.779
9.12,-1.94,-0.54309,1.037,0.010118,0.39835,0,0.91718,1.0609,-0.39516,0.3271,0.19982,-0.2015,0.08901,10.032,-0.25481,-0.4376,0,0,0,2.0609,2.0579,2.0581,2.0604,-5.6697,-2.6696,-1.5403,-51.719,6.4585,4.0915,13.729
9.13,-1.9289,-0.54705,1.0403,0.011204,0.39735,0,0.9176,1.1609,-0.39784,0.32265,0.19668,-0.23122,0.087995,9.9726,-0.28118,-0.4528,0,0,0,2.053,2.0499,2.0501,2.0525,-6.1852,-2.6046,-1.4991,-51.382,6.5428,4.1366,13.676
9.14,-1.9168,-0.55104,1.0435,0.012273,0.39622,0,0.91807,1.2603,-0.40078,0.31805,0.19355,-0.26131,0.087023,9.9082,-0.3069,-0.46758,0,0,0,2.0445,2.0414,2.0416,2.044,-6.6973,-2.5387,-1.4575,-51.016,6.6214,4.1786,13.619
9.15,-1.9037,-0.55507,1.0467,0.013325,0.39494,0,0.91861,1.359,-0.40397,0.3133,0.1904,-0.29179,0.086094,9.8387,-0.33196,-0.48195,0,0,0,2.0356,2.0324,2.0326,2.0351,-7.2055,-2.4722,-1.4156,-50.623,6.6943,4.2176,13.559
9.16,-1.8896,-0.55912,1.0498,0.014362,0.39352,0,0.9192,1.4571,-0.40742,0.30841,0.18726,-0.32272,0.085209,9.7641,-0.35634,-0.49589,0,0,0,2.0261,2.023,2.0231,2.0256,-7.7096,-2.4049,-1.3732,-50.202,6.7617,4.2535,13.496
9.17,-1.8746,-0.56322,1.0528,0.015382,0.39196,0,0.91985,1.5543,-0.4111,0.30338,0.1841,-0.3541,0.084368,9.6845,-0.38005,-0.50941,0,0,0,2.0162,2.013,2.0132,2.0157,-8.2094,-2.3369,-1.3305,-49.756,6.8236,4.2865,13.43
9.18,-1.8585,-0.56735,1.0558,0.016386,0.39025,0,0.92056,1.6507,-0.41502,0.29822,0.18093,-0.38599,0.083571,9.5999,-0.40308,-0.5225,0,0,0,2.0058,2.0026,2.0028,2.0054,-8.7046,-2.2684,-1.2875,-49.283,6.8801,4.3166,13.361
9.19,-1.8416,-0.57152,1.0588,0.017374,0.38839,0,0.92133,1.7463,-0.41916,0.29293,0.17774,-0.41841,0.082819,9.5104,-0.42542,-0.53516,0,0,0,1.995,1.9917,1.9919,1.9945,-9.195,-2.1994,-1.2442,-48.784,6.9313,4.3437,13.289
9.2,-1.8236,-0.57573,1.0617,0.018345,0.38638,0,0.92216,1.8409,-0.42352,0.28752,0.17454,-0.4514,0.082111,9.416,-0.44706,-0.54739,0,0,0,1.9838,1.9804,1.9806,1.9833,-9.6802,-2.1298,-1.2006,-48.26,6.9772,4.3681,13.213
9.21,-1.8047,-0.57999,1.0645,0.0193,0.38422,0,0.92304,1.9346,-0.4281,0.28199,0.17131,-0.48498,0.081448,9.3168,-0.46801,-0.55917,0,0,0,1.9721,1.9686,1.9689,1.9716,-10.16,-2.0598,-1.1568,-47.712,7.0179,4.3896,13.135
9.22,-1.7849,-0.58429,1.0673,0.020239,0.38189,0,0.92399,2.0272,-0.43288,0.27634,0.16805,-0.51921,0.08083,9.2128,-0.48826,-0.57052,0,0,0,1.96,1.9565,1.9567,1.9595,-10.634,-1.9895,-1.1128,-47.14,7.0535,4.4083,13.055
9.23,-1.7642,-0.58865,1.0701,0.021162,0.3794,0,0.92499,2.1188,-0.43786,0.27058,0.16477,-0.55409,0.080258,9.1042,-0.5078,-0.58143,0,0,0,1.9475,1.9439,1.9442,1.947,-11.103,-1.9188,-1.0687,-46.544,7.084,4.4244,12.971
9.24,-1.7426,-0.59305,1.0727,0.022068,0.37675,0,0.92605,2.2093,-0.44303,0.26471,0.16144,-0.58969,0.079732,8.9908,-0.52663,-0.59189,0,0,0,1.9346,1.931,1.9313,1.9341,-11.565,-1.8478,-1.0244,-45.924,7.1096,4.4377,12.885
9.25,-1.72,-0.59751,1.0754,0.022957,0.37392,0,0.92718,2.2986,-0.44839,0.25874,0.15808,-0.62601,0.079251,8.8729,-0.54476,-0.60192,0,0,0,1.9214,1.9177,1.918,1.9209,-12.021,-1.7766,-0.97992,-45.282,7.1303,4.4484,12.797
9.26,-1.6966,-0.60202,1.0779,0.02383,0.37092,0,0.92836,2.3868,-0.45393,0.25267,0.15466,-0.6631,0.078816,8.7504,-0.56217,-0.61149,0,0,0,1.9078,1.904,1.9043,1.9073,-12.471,-1.7052,-0.93539,-44.618,7.1462,4.4564,12.706
9.27,-1.6723,-0.60659,1.0804,0.024685,0.36775,0,0.9296,2.4736,-0.45963,0.24651,0.1512,-0.70099,0.078428,8.6235,-0.57886,-0.62062,0,0,0,1.8939,1.89,1.8904,1.8934,-12.914,-1.6337,-0.8908,-43.932,7.1574,4.4619,12.613
9.28,-1.6471,-0.61121,1.0828,0.025524,0.36439,0,0.9309,2.5592,-0.4655,0.24026,0.14768,-0.7397,0.078087,8.4922,-0.59484,-0.62931,0,0,0,1.8797,1.8757,1.8761,1.8792,-13.349,-1.5621,-0.84616,-43.225,7.1639,4.4649,12.518
9.29,-1.6211,-0.6159,1.0852,0.026344,0.36084,0,0.93226,2.6435,-0.47153,0.23393,0.14409,-0.77928,0.077792,8.3565,-0.6101,-0.63755,0,0,0,1.8651,1.8611,1.8615,1.8647,-13.778,-1.4904,-0.80151,-42.497,7.1658,4.4653,12.421
9.3,-1.5943,-0.62064,1.0875,0.027147,0.3571,0,0.93367,2.7263,-0.4777,0.22751,0.14043,-0.81973,0.077544,8.2166,-0.62465,-0.64534,0,0,0,1.8504,1.8463,1.8467,1.8499,-14.199,-1.4188,-0.75687,-41.749,7.1631,4.4633,12.322
9.31,-1.5666,-0.62545,1.0898,0.027932,0.35316,0,0.93515,2.8078,-0.48402,0.22102,0.13669,-0.86109,0.077342,8.0726,-0.63848,-0.65268,0,0,0,1.8354,1.8311,1.8316,1.8349,-14.613,-1.3472,-0.71225,-40.981,7.1561,4.4589,12.222
9.32,-1.5381,-0.63032,1.0919,0.028699,0.34902,0,0.93667,2.8878,-0.49047,0.21446,0.13287,-0.90338,0.077188,7.9244,-0.65159,-0.65958,0,0,0,1.8201,1.8158,1.8163,1.8197,-15.019,-1.2757,-0.6677,-40.194,7.1446,4.452,12.12
9.33,-1.5088,-0.63526,1.0941,0.029446,0.34468,0,0.93826,2.9663,-0.49705,0.20783,0.12895,-0.94661,0.077081,7.7722,-0.66399,-0.66604,0,0,0,1.8047,1.8003,1.8007,1.8042,-15.417,-1.2043,-0.62322,-39.388,7.1289,4.4429,12.017
9.34,-1.4788,-0.64027,1.0961,0.030174,0.34012,0,0.9399,3.0432,-0.50374,0.20114,0.12494,-0.99081,0.07702,7.6161,-0.67568,-0.67205,0,0,0,1.7891,1.7846,1.7851,1.7886,-15.807,-1.1331,-0.57885,-38.564,7.109,4.4314,11.912
9.35,-1.448,-0.64534,1.0981,0.030882,0.33534,0,0.94159,3.1186,-0.51056,0.19439,0.12082,-1.036,0.077006,7.4561,-0.68665,-0.67762,0,0,0,1.7733,1.7687,1.7692,1.7729,-16.188,-1.0621,-0.5346,-37.722,7.0849,4.4177,11.807
9.36,-1.4164,-0.65048,1.1,0.03157,0.33034,0,0.94334,3.1923,-0.51748,0.18759,0.11658,-1.0821,0.077038,7.2924,-0.69692,-0.68274,0,0,0,1.7575,1.7528,1.7533,1.757,-16.561,-0.99143,-0.4905,-36.862,7.0567,4.4017,11.701
9.37,-1.3841,-0.65569,1.1018,0.032236,0.3251,0,0.94513,3.2644,-0.52449,0.18074,0.11222,-1.1292,0.077116,7.1249,-0.70648,-0.68743,0,0,0,1.7415,1.7367,1.7372,1.741,-16.925,-0.92102,-0.44657,-35.986,7.0246,4.3835,11.594
9.38,-1.3511,-0.66097,1.1036,0.032881,0.31964,0,0.94697,3.3348,-0.5316,0.17384,0.10772,-1.1773,0.077239,6.9539,-0.71534,-0.69167,0,0,0,1.7255,1.7206,1.7211,1.725,-17.281,-0.85095,-0.40284,-35.093,6.9885,4.3632,11.487
9.39,-1.3174,-0.66632,1.1053,0.033503,0.31393,0,0.94886,3.4035,-0.5388,0.16691,0.10309,-1.2263,0.077408,6.7793,-0.7235,-0.69548,0,0,0,1.7094,1.7044,1.705,1.7089,-17.627,-0.78126,-0.35932,-34.184,6.9486,4.3408,11.38
9.4,-1.2831,-0.67174,1.1069,0.034102,0.30797,0,0.95078,3.4704,-0.54607,0.15994,0.098309,-1.2763,0.07762,6.6014,-0.73097,-0.69886,0,0,0,1.6934,1.6882,1.6889,1.6928,-17.964,-0.71199,-0.31603,-33.26,6.9049,4.3163,11.272
9.41,-1.248,-0.67724,1.1085,0.034676,0.30177,0,0.95275,3.5355,-0.55341,0.15293,0.093371,-1.3271,0.077874,6.4201,-0.73775,-0.7018,0,0,0,1.6773,1.6721,1.6728,1.6768,-18.292,-0.64317,-0.273,-32.321,6.8575,4.2897,11.165
9.42,-1.2124,-0.68281,1.11,0.035226,0.2953,0,0.95475,3.5988,-0.56082,0.1459,0.088268,-1.3788,0.078171,6.2356,-0.74384,-0.70432,0,0,0,1.6614,1.6561,1.6568,1.6608,-18.611,-0.57485,-0.23024,-31.368,6.8065,4.2612,11.058
9.43,-1.1761,-0.68846,1.1114,0.03575,0.28857,0,0.95679,3.6602,-0.56829,0.13885,0.082993,-1.4312,0.078508,6.0479,-0.74924,-0.70641,0,0,0,1.6455,1.6401,1.6408,1.6449,-18.919,-0.50706,-0.18778,-30.4,6.752,4.2307,10.952
9.44,-1.1392,-0.69418,1.1128,0.036246,0.28158,0,0.95885,3.7197,-0.57581,0.13177,0.07754,-1.4844,0.078883,5.8572,-0.75398,-0.70808,0,0,0,1.6298,1.6243,1.625,1.6292,-19.219,-0.43982,-0.14564,-29.419,6.6939,4.1982,10.847
9.45,-1.1017,-0.69997,1.1141,0.036715,0.27431,0,0.96094,3.7773,-0.58337,0.12469,0.071902,-1.5382,0.079296,5.6636,-0.75804,-0.70932,0,0,0,1.6142,1.6086,1.6094,1.6136,-19.508,-0.37319,-0.10382,-28.425,6.6325,4.1639,10.743
9.46,-1.0636,-0.70585,1.1153,0.037154,0.26676,0,0.96305,3.833,-0.59096,0.11759,0.066074,-1.5925,0.079742,5.4671,-0.76144,-0.71015,0,0,0,1.5988,1.5932,1.594,1.5982,-19.787,-0.30718,-0.062363,-27.419,6.5677,4.1278,10.64
9.47,-1.025,-0.71179,1.1164,0.037564,0.25894,0,0.96516,3.8866,-0.59859,0.11049,0.06005,-1.6473,0.080221,5.2679,-0.76419,-0.71057,0,0,0,1.5837,1.578,1.5788,1.583,-20.056,-0.24184,-0.021274,-26.4,6.4997,4.0898,10.539
9.48,-0.98591,-0.71782,1.1175,0.037941,0.25084,0,0.96729,3.9383,-0.60625,0.10338,0.053827,-1.7023,0.080729,5.066,-0.76628,-0.71058,0,0,0,1.5688,1.563,1.5639,1.5681,-20.315,-0.1772,0.019427,-25.37,6.4286,4.0501,10.44
9.49,-0.94627,-0.72392,1.1185,0.038286,0.24244,0,0.96941,3.988,-0.61392,0.096275,0.047403,-1.7574,0.081263,4.8616,-0.76774,-0.71019,0,0,0,1.5542,1.5485,1.5494,1.5535,-20.563,-0.11328,0.059721,-24.329,6.3543,4.0086,10.343
9.5,-0.90615,-0.7301,1.1194,0.038598,0.23377,0,0.97153,4.0355,-0.6216,0.089177,0.040778,-1.8125,0.08182,4.6548,-0.76855,-0.70939,0,0,0,1.54,1.5342,1.5352,1.5393,-20.801,-0.050125,0.099593,-23.277,6.277,3.9654,10.248
9.51,-0.86557,-0.73635,1.1203,0.038873,0.2248,0,0.97363,4.081,-0.62929,0.082088,0.033952,-1.8674,0.082396,4.4456,-0.76874,-0.7082,0,0,0,1.5262,1.5204,1.5214,1.5254,-21.029,0.012246,0.13902,-22.215,6.1967,3.9206,10.156
9.52,-0.82454,-0.74268,1.121,0.039113,0.21555,0,0.97571,4.1244,-0.63697,0.075014,0.02693,-1.9218,0.082987,4.2342,-0.76831,-0.70661,0,0,0,1.5127,1.507,1.508,1.512,-21.246,0.073801,0.178,-21.144,6.1136,3.8742,10.066
9.53,-0.78309,-0.74909,1.1218,0.039315,0.20602,0,0.97776,4.1657,-0.64465,0.067958,0.019716,-1.9755,0.083588,4.0207,-0.76727,-0.70464,0,0,0,1.4998,1.4941,1.4951,1.499,-21.452,0.13451,0.2165,-20.063,6.0277,3.8262,9.98
9.54,-0.74123,-0.75557,1.1224,0.039477,0.19621,0,0.97977,4.2049,-0.65231,0.060923,0.012318,-2.0284,0.084195,3.8052,-0.76562,-0.70228,0,0,0,1.4873,1.4817,1.4827,1.4865,-21.647,0.19434,0.25452,-18.974,5.939,3.7767,9.8972
9.55,-0.699,-0.76214,1.123,0.0396,0.18612,0,0.98173,4.2418,-0.65996,0.053913,0.0047474,-2.08,0.084803,3.5878,-0.76338,-0.69955,0,0,0,1.4754,1.4699,1.4709,1.4746,-21.831,0.25328,0.29203,-17.877,5.8477,3.7257,9.818
9.56,-0.6564,-0.76877,1.1235,0.039682,0.17576,0,0.98363,4.2766,-0.66758,0.046933,-0.0029833,-2.1302,0.085405,3.3686,-0.76056,-0.69644,0,0,0,1.4641,1.4587,1.4597,1.4632,-22.004,0.31129,0.32903,-16.772,5.7538,3.6732,9.7427
9.57,-0.61347,-0.77549,1.1239,0.039721,0.16513,0,0.98547,4.3092,-0.67517,0.039986,-0.010858,-2.1787,0.085997,3.1478,-0.75716,-0.69297,0,0,0,1.4533,1.4481,1.4491,1.4524,-22.167,0.36835,0.36549,-15.66,5.6574,3.6193,9.6716
9.58,-0.57023,-0.78228,1.1243,0.039716,0.15425,0,0.98723,4.3396,-0.68272,0.033075,-0.018857,-2.2252,0.086573,2.9253,-0.7532,-0.68913,0,0,0,1.4432,1.4381,1.4392,1.4423,-22.318,0.42443,0.40141,-14.541,5.5585,3.564,9.6048
9.59,-0.52669,-0.78914,1.1246,0.039668,0.14313,0,0.98891,4.3677,-0.69023,0.026204,-0.026958,-2.2693,0.087127,2.7014,-0.74868,-0.68494,0,0,0,1.4338,1.4289,1.43,1.4329,-22.457,0.47951,0.43677,-13.416,5.4573,3.5074,9.5427
9.6,-0.48288,-0.79608,1.1248,0.039574,0.13178,0,0.99049,4.3936,-0.69769,0.019377,-0.035137,-2.3108,0.087652,2.4762,-0.74361,-0.6804,0,0,0,1.4251,1.4204,1.4216,1.4241,-22.586,0.53357,0.47155,-12.285,5.3538,3.4494,9.4854
9.61,-0.43883,-0.8031,1.125,0.039435,0.12021,0,0.99196,4.4172,-0.7051,0.012597,-0.043365,-2.3494,0.088144,2.2498,-0.73801,-0.67551,0,0,0,1.4171,1.4127,1.4139,1.4161,-22.703,0.58658,0.50575,-11.149,5.2481,3.3902,9.4331
9.62,-0.39454,-0.81018,1.1251,0.03925,0.10845,0,0.99333,4.4386,-0.71245,0.0058679,-0.051613,-2.3847,0.088595,2.0222,-0.73188,-0.67029,0,0,0,1.4099,1.4058,1.4069,1.4089,-22.809,0.63852,0.53935,-10.008,5.1402,3.3298,9.386
9.63,-0.35006,-0.81734,1.1251,0.039018,0.096498,0,0.99457,4.4576,-0.71974,-0.00080743,-0.059847,-2.4166,0.088999,1.7936,-0.72524,-0.66473,0,0,0,1.4035,1.3998,1.4009,1.4025,-22.903,0.68938,0.57234,-8.8632,5.0303,3.2682,9.3444
9.64,-0.3054,-0.82458,1.125,0.03874,0.084385,0,0.99568,4.4744,-0.72695,-0.0074256,-0.068033,-2.4447,0.089353,1.5642,-0.7181,-0.65884,0,0,0,1.3979,1.3945,1.3956,1.3969,-22.986,0.73912,0.60471,-7.7144,4.9184,3.2054,9.3083
9.65,-0.26058,-0.83188,1.1249,0.038416,0.072129,0,0.99666,4.4889,-0.7341,-0.013983,-0.076134,-2.4688,0.089649,1.3339,-0.71046,-0.65264,0,0,0,1.3932,1.3902,1.3912,1.3922,-23.058,0.78774,0.63645,-6.5622,4.8046,3.1416,9.2779
9.66,-0.21563,-0.83926,1.1248,0.038047,0.059753,0,0.99749,4.5011,-0.74116,-0.020477,-0.084115,-2.4886,0.089883,1.1031,-0.70235,-0.64612,0,0,0,1.3893,1.3867,1.3877,1.3883,-23.117,0.83521,0.66754,-5.4072,4.6889,3.0766,9.2534
9.67,-0.17057,-0.84671,1.1245,0.037631,0.047279,0,0.99817,4.511,-0.74814,-0.026905,-0.091937,-2.5041,0.090051,0.87163,-0.69376,-0.63929,0,0,0,1.3863,1.3841,1.3851,1.3853,-23.166,0.88151,0.69798,-4.2499,4.5715,3.0106,9.2348
9.68,-0.12542,-0.85422,1.1242,0.037172,0.034732,0,0.99871,4.5185,-0.75504,-0.033262,-0.099564,-2.5151,0.090149,0.63978,-0.68472,-0.63216,0,0,0,1.3842,1.3825,1.3834,1.3832,-23.202,0.92663,0.72775,-3.0908,4.4524,2.9437,9.2222
9.69,-0.080203,-0.86181,1.1239,0.036669,0.022136,0,0.99908,4.5238,-0.76184,-0.039547,-0.10696,-2.5214,0.090173,0.40762,-0.67523,-0.62474,0,0,0,1.383,1.3817,1.3826,1.382,-23.228,0.97055,0.75685,-1.9303,4.3316,2.8757,9.2157
9.7,-0.034949,-0.86946,1.1234,0.036124,0.0095164,0,0.9993,4.5267,-0.76854,-0.045756,-0.11409,-2.5231,0.09012,0.17527,-0.66531,-0.61702,0,0,0,1.3827,1.3819,1.3828,1.3818,-23.241,1.0133,0.78526,-0.76888,4.2093,2.8069,9.2153
9.71,0.010323,-0.87718,1.1229,0.035538,-0.0031014,0,0.99936,4.5273,-0.77514,-0.051886,-0.12091,-2.5201,0.08999,-0.057159,-0.65497,-0.60903,0,0,0,1.3834,1.383,1.3838,1.3824,-23.243,1.0547,0.81298,0.39291,4.0855,2.7371,9.221
9.72,0.05559,-0.88496,1.1224,0.034913,-0.015692,0,0.99927,4.5256,-0.78164,-0.057935,-0.12741,-2.5124,0.08978,-0.28955,-0.64422,-0.60077,0,0,0,1.3849,1.385,1.3858,1.384,-23.233,1.095,0.84,1.5546,3.9604,2.6666,9.2329
9.73,0.10083,-0.89281,1.1218,0.034251,-0.02823,0,0.99901,4.5215,-0.78802,-0.063901,-0.13355,-2.5001,0.08949,-0.52178,-0.63308,-0.59223,0,0,0,1.3874,1.3879,1.3886,1.3865,-23.212,1.1339,0.86631,2.7157,3.8339,2.5952,9.2508
9.74,0.14601,-0.90072,1.1211,0.033554,-0.040691,0,0.99861,4.5151,-0.7943,-0.069779,-0.13931,-2.4834,0.089121,-0.75375,-0.62155,-0.58344,0,0,0,1.3908,1.3917,1.3924,1.3899,-23.179,1.1716,0.8919,3.8758,3.7061,2.5231,9.2748
9.75,0.19112,-0.9087,1.1204,0.032824,-0.053051,0,0.99805,4.5064,-0.80045,-0.075569,-0.14467,-2.4623,0.088673,-0.98532,-0.60965,-0.5744,0,0,0,1.3951,1.3964,1.397,1.3942,-23.134,1.2081,0.91677,5.0343,3.5772,2.4502,9.3046
9.76,0.23613,-0.91673,1.1196,0.032064,-0.065288,0,0.99735,4.4954,-0.80649,-0.081266,-0.14961,-2.4372,0.088148,-1.2164,-0.59739,-0.56511,0,0,0,1.4002,1.402,1.4025,1.3994,-23.078,1.2432,0.9409,6.1907,3.4472,2.3767,9.3403
9.77,0.28102,-0.92482,1.1188,0.031276,-0.07738,0,0.99651,4.4821,-0.8124,-0.08687,-0.15413,-2.4081,0.087547,-1.4468,-0.58479,-0.55558,0,0,0,1.4063,1.4084,1.4089,1.4055,-23.01,1.277,0.9643,7.3447,3.3161,2.3025,9.3817
9.78,0.32577,-0.93298,1.1179,0.030461,-0.089306,0,0.99554,4.4665,-0.81818,-0.092377,-0.15821,-2.3754,0.086875,-1.6766,-0.57186,-0.54583,0,0,0,1.4131,1.4156,1.4161,1.4124,-22.931,1.3095,0.98695,8.4957,3.1841,2.2277,9.4287
9.79,0.37034,-0.94119,1.1169,0.029624,-0.10105,0,0.99444,4.4486,-0.82384,-0.097786,-0.16185,-2.3394,0.086134,-1.9054,-0.5586,-0.53585,0,0,0,1.4208,1.4237,1.424,1.4201,-22.841,1.3407,1.0089,9.6431,3.0513,2.1523,9.481
9.8,0.41473,-0.94945,1.1159,0.028766,-0.11259,0,0.99323,4.4284,-0.82936,-0.10309,-0.16506,-2.3002,0.085328,-2.1333,-0.54505,-0.52565,0,0,0,1.4293,1.4325,1.4328,1.4286,-22.738,1.3705,1.03,10.787,2.9176,2.0764,9.5386
9.81,0.4589,-0.95777,1.1149,0.027889,-0.12391,0,0.9919,4.4059,-0.83474,-0.1083,-0.16783,-2.2582,0.08446,-2.3602,-0.5312,-0.51525,0,0,0,1.4385,1.442,1.4422,1.4379,-22.625,1.399,1.0504,11.926,2.7831,2,9.6011
9.82,0.50284,-0.96615,1.1138,0.026997,-0.13501,0,0.99048,4.3812,-0.83998,-0.1134,-0.17018,-2.2138,0.083536,-2.5858,-0.51707,-0.50465,0,0,0,1.4485,1.4522,1.4524,1.4479,-22.5,1.4262,1.07,13.06,2.648,1.9232,9.6685
9.83,0.54652,-0.97457,1.1126,0.026092,-0.14586,0,0.98896,4.3542,-0.84508,-0.11839,-0.17211,-2.1671,0.08256,-2.8101,-0.50268,-0.49385,0,0,0,1.4592,1.4632,1.4633,1.4586,-22.364,1.452,1.0888,14.188,2.5124,1.8459,9.7405
9.84,0.58992,-0.98305,1.1114,0.025175,-0.15646,0,0.98736,4.325,-0.85003,-0.12327,-0.17364,-2.1186,0.081535,-3.033,-0.48804,-0.48287,0,0,0,1.4706,1.4747,1.4748,1.47,-22.216,1.4764,1.1069,15.311,2.3762,1.7682,9.8168
9.85,0.63301,-0.99157,1.1101,0.02425,-0.1668,0,0.98569,4.2935,-0.85484,-0.12805,-0.17479,-2.0685,0.080468,-3.2544,-0.47315,-0.47172,0,0,0,1.4825,1.4869,1.4869,1.482,-22.057,1.4995,1.1242,16.428,2.2396,1.6903,9.8972
9.86,0.67578,-1.0001,1.1088,0.023319,-0.17687,0,0.98396,4.2599,-0.85949,-0.13271,-0.17557,-2.0171,0.079362,-3.4741,-0.45805,-0.46039,0,0,0,1.4951,1.4996,1.4996,1.4947,-21.888,1.5212,1.1407,17.537,2.1026,1.612,9.9815
9.87,0.7182,-1.0088,1.1075,0.022383,-0.18666,0,0.98217,4.2241,-0.864,-0.13725,-0.176,-1.9647,0.078222,-3.6921,-0.44274,-0.4489,0,0,0,1.5083,1.5128,1.5128,1.5078,-21.707,1.5416,1.1564,18.639,1.9653,1.5335,10.069
9.88,0.76026,-1.0174,1.1061,0.021445,-0.19618,0,0.98033,4.1861,-0.86835,-0.14169,-0.17611,-1.9114,0.077054,-3.9082,-0.42722,-0.43727,0,0,0,1.5219,1.5266,1.5265,1.5215,-21.515,1.5605,1.1714,19.733,1.8278,1.4547,10.161
9.89,0.80192,-1.0261,1.1046,0.020506,-0.20542,0,0.97846,4.1459,-0.87254,-0.146,-0.1759,-1.8576,0.07586,-4.1224,-0.41153,-0.42548,0,0,0,1.536,1.5408,1.5406,1.5357,-21.312,1.5781,1.1855,20.819,1.6902,1.3758,10.255
9.9,0.84317,-1.0349,1.1032,0.019569,-0.21437,0,0.97656,4.1036,-0.87658,-0.15019,-0.17541,-1.8035,0.074645,-4.3345,-0.39567,-0.41356,0,0,0,1.5506,1.5554,1.5552,1.5503,-21.099,1.5943,1.1989,21.896,1.5525,1.2967,10.352
9.91,0.88398,-1.0437,1.1016,0.018634,-0.22304,0,0.97463,4.0592,-0.88045,-0.15427,-0.17466,-1.7493,0.073414,-4.5443,-0.37965,-0.4015,0,0,0,1.5656,1.5704,1.5702,1.5652,-20.874,1.6092,1.2115,22.964,1.4148,1.2175,10.452
9.92,0.92434,-1.0525,1.1001,0.017703,-0.23143,0,0.97269,4.0127,-0.88417,-0.15822,-0.17366,-1.6951,0.072169,-4.7519,-0.36349,-0.38933,0,0,0,1.5809,1.5857,1.5855,1.5806,-20.639,1.6226,1.2232,24.022,1.2772,1.1382,10.555
9.93,0.96423,-1.0613,1.0985,0.016778,-0.23954,0,0.97074,3.9642,-0.88772,-0.16206,-0.17243,-1.6411,0.070915,-4.9571,-0.3472,-0.37704,0,0,0,1.5965,1.6014,1.6011,1.5963,-20.394,1.6347,1.2342,25.07,1.1397,1.0589,10.659
9.94,1.0036,-1.0702,1.0968,0.01586,-0.24738,0,0.96879,3.9136,-0.89111,-0.16577,-0.171,-1.5875,0.069654,-5.1597,-0.3308,-0.36465,0,0,0,1.6124,1.6173,1.617,1.6122,-20.138,1.6454,1.2444,26.107,1.0025,0.97964,10.765
9.95,1.0425,-1.0792,1.0952,0.014949,-0.25494,0,0.96684,3.861,-0.89434,-0.16935,-0.16939,-1.5344,0.068391,-5.3598,-0.3143,-0.35216,0,0,0,1.6286,1.6334,1.6331,1.6284,-19.872,1.6548,1.2538,27.133,0.86559,0.90041,10.873
9.96,1.0808,-1.0881,1.0934,0.014048,-0.26222,0,0.9649,3.8064,-0.8974,-0.17281,-0.16761,-1.4819,0.067126,-5.5571,-0.29771,-0.33957,0,0,0,1.645,1.6498,1.6494,1.6448,-19.595,1.6627,1.2624,28.147,0.72905,0.82127,10.982
9.97,1.1186,-1.0971,1.0917,0.013156,-0.26925,0,0.96298,3.7499,-0.90029,-0.17614,-0.16569,-1.4301,0.065864,-5.7517,-0.28105,-0.32691,0,0,0,1.6615,1.6663,1.6659,1.6614,-19.309,1.6693,1.2703,29.149,0.59295,0.74225,11.092
9.98,1.1558,-1.1061,1.0899,0.012275,-0.27601,0,0.96108,3.6914,-0.90302,-0.17935,-0.16363,-1.3791,0.064605,-5.9433,-0.26432,-0.31417,0,0,0,1.6782,1.6829,1.6825,1.678,-19.012,1.6746,1.2773,30.138,0.45739,0.66339,11.203
9.99,1.1924,-1.1152,1.0881,0.011406,-0.28251,0,0.9592,3.631,-0.90558,-0.18242,-0.16145,-1.3289,0.063353,-6.1319,-0.24756,-0.30137,0,0,0,1.6949,1.6996,1.6992,1.6948,-18.706,1.6785,1.2835,31.113,0.32242,0.58474,11.314
10,1.2284,-1.1242,1.0863,0.010548,-0.28876,0,0.95734,3.5688,-0.90797,-0.18537,-0.15917,-1.2796,0.062109,-6.3174,-0.23076,-0.2885,0,0,0,1.7118,1.7163,1.7159,1.7117,-18.39,1.681,1.289,32.076,0.18813,0.50632,11.426
10.01,1.2638,-1.1333,1.0844,0.0097025,-0.29477,0,0.95552,3.5047,-0.91019,-0.18819,-0.1568,-1.2312,0.060875,-6.4997,-0.21394,-0.27559,0,0,0,1.7286,1.7331,1.7327,1.7285,-18.065,1.6823,1.2936,33.024,0.054595,0.42818,11.538
10.02,1.2985,-1.1424,1.0825,0.0088702,-0.30053,0,0.95373,3.4388,-0.91225,-0.19088,-0.15436,-1.1838,0.059652,-6.6786,-0.19712,-0.26263,0,0,0,1.7455,1.7499,1.7495,1.7454,-17.73,1.6821,1.2975,33.957,-0.078118,0.35035,11.65
10.03,1.3326,-1.1516,1.0806,0.0080512,-0.30607,0,0.95198,3.3711,-0.91414,-0.19345,-0.15185,-1.1374,0.058441,-6.8542,-0.1803,-0.24964,0,0,0,1.7623,1.7666,1.7662,1.7622,-17.386,1.6807,1.3007,34.876,-0.20993,0.27288,11.762
10.04,1.3659,-1.1607,1.0786,0.0072459,-0.31137,0,0.95026,3.3017,-0.91586,-0.19588,-0.14929,-1.092,0.057243,-7.0263,-0.16351,-0.23662,0,0,0,1.779,1.7833,1.7828,1.779,-17.032,1.6779,1.303,35.778,-0.34077,0.1958,11.874
10.05,1.3986,-1.1699,1.0767,0.0064544,-0.31645,0,0.94859,3.2306,-0.91741,-0.19818,-0.14668,-1.0476,0.05606,-7.1948,-0.14675,-0.22358,0,0,0,1.7957,1.7998,1.7994,1.7956,-16.67,1.6739,1.3046,36.665,-0.47056,0.11914,11.984
10.06,1.4305,-1.1791,1.0747,0.0056772,-0.32131,0,0.94696,3.1578,-0.91879,-0.20035,-0.14403,-1.0042,0.054892,-7.3597,-0.13004,-0.21053,0,0,0,1.8122,1.8163,1.8158,1.8122,-16.299,1.6685,1.3054,37.535,-0.59922,0.042951,12.094
10.07,1.4618,-1.1883,1.0727,0.0049142,-0.32596,0,0.94537,3.0834,-0.92001,-0.20239,-0.14136,-0.96184,0.05374,-7.5208,-0.11338,-0.19748,0,0,0,1.8286,1.8325,1.8321,1.8285,-15.919,1.6619,1.3054,38.388,-0.72668,-0.032733,12.203
10.08,1.4922,-1.1975,1.0706,0.0041657,-0.33041,0,0.94383,3.0074,-0.92106,-0.2043,-0.13866,-0.92043,0.052603,-7.6781,-0.096802,-0.18443,0,0,0,1.8447,1.8486,1.8482,1.8447,-15.531,1.654,1.3047,39.223,-0.85287,-0.10788,12.31
10.09,1.5219,-1.2067,1.0686,0.0034317,-0.33466,0,0.94233,2.9299,-0.92194,-0.20608,-0.13595,-0.88,0.051484,-7.8314,-0.080307,-0.17139,0,0,0,1.8607,1.8645,1.8641,1.8607,-15.135,1.6449,1.3033,40.041,-0.97771,-0.18244,12.417
10.1,1.5508,-1.2159,1.0665,0.0027123,-0.33871,0,0.94089,2.8508,-0.92267,-0.20773,-0.13322,-0.84052,0.050381,-7.9807,-0.063909,-0.15837,0,0,0,1.8764,1.8802,1.8797,1.8765,-14.731,1.6345,1.3011,40.84,-1.1011,-0.25638,12.521
10.11,1.5789,-1.2251,1.0644,0.0020076,-0.34257,0,0.93949,2.7703,-0.92322,-0.20925,-0.1305,-0.80197,0.049296,-8.126,-0.047622,-0.14537,0,0,0,1.8919,1.8956,1.8951,1.8919,-14.318,1.6228,1.2982,41.619,-1.223,-0.32967,12.624
10.12,1.6062,-1.2344,1.0623,0.0013175,-0.34624,0,0.93814,2.6883,-0.92362,-0.21063,-0.12777,-0.76433,0.048228,-8.2671,-0.031457,-0.1324,0,0,0,1.9071,1.9107,1.9103,1.9071,-13.898,1.61,1.2945,42.38,-1.3434,-0.40227,12.725
10.13,1.6327,-1.2436,1.0602,0.00064196,-0.34974,0,0.93685,2.6049,-0.92385,-0.21189,-0.12504,-0.72757,0.047178,-8.4039,-0.015426,-0.11948,0,0,0,1.922,1.9255,1.9251,1.922,-13.471,1.596,1.2901,43.12,-1.4621,-0.47413,12.824
10.14,1.6583,-1.2529,1.0581,-1.8981e-05,-0.35306,0,0.9356,2.5202,-0.92393,-0.21302,-0.12232,-0.69165,0.046145,-8.5365,0.00045894,-0.1066,0,0,0,1.9366,1.94,1.9396,1.9366,-13.036,1.5808,1.285,43.84,-1.5791,-0.54523,12.921
10.15,1.6831,-1.2621,1.056,-0.00066541,-0.35621,0,0.9344,2.4342,-0.92384,-0.21403,-0.11961,-0.65655,0.04513,-8.6646,0.016186,-0.093783,0,0,0,1.9508,1.9542,1.9537,1.9508,-12.594,1.5644,1.2792,44.539,-1.6942,-0.61551,13.016
10.16,1.707,-1.2713,1.0538,-0.0012974,-0.3592,0,0.93326,2.347,-0.9236,-0.2149,-0.11691,-0.62225,0.044132,-8.7883,0.031743,-0.081023,0,0,0,1.9647,1.968,1.9675,1.9647,-12.145,1.5469,1.2727,45.217,-1.8075,-0.68495,13.108
10.17,1.73,-1.2806,1.0517,-0.001915,-0.36202,0,0.93217,2.2585,-0.92321,-0.21565,-0.11423,-0.58869,0.043152,-8.9075,0.04712,-0.068331,0,0,0,1.9781,1.9814,1.9809,1.9782,-11.69,1.5283,1.2655,45.873,-1.9189,-0.75351,13.198
10.18,1.7521,-1.2898,1.0495,-0.0025184,-0.36469,0,0.93113,2.1688,-0.92266,-0.21627,-0.11156,-0.55586,0.042188,-9.0221,0.062304,-0.055715,0,0,0,1.9912,1.9944,1.9939,1.9913,-11.228,1.5085,1.2576,46.506,-2.0282,-0.82115,13.285
10.19,1.7734,-1.299,1.0473,-0.0031077,-0.3672,0,0.93014,2.0781,-0.92196,-0.21676,-0.1089,-0.52372,0.041242,-9.132,0.077286,-0.043181,0,0,0,2.0039,2.007,2.0065,2.0039,-10.76,1.4877,1.2491,47.116,-2.1355,-0.88782,13.369
10.2,1.7937,-1.3082,1.0452,-0.0036828,-0.36956,0,0.9292,1.9862,-0.92112,-0.21713,-0.10627,-0.49224,0.040313,-9.2373,0.092055,-0.030735,0,0,0,2.0161,2.0191,2.0187,2.0161,-10.286,1.4658,1.2399,47.703,-2.2406,-0.9535,13.45
10.21,1.8131,-1.3174,1.043,-0.0042441,-0.37177,0,0.92832,1.8933,-0.92012,-0.21738,-0.10365,-0.46138,0.0394,-9.3377,0.1066,-0.018385,0,0,0,2.0278,2.0308,2.0304,2.0279,-9.8057,1.4429,1.23,48.266,-2.3434,-1.0181,13.528
10.22,1.8316,-1.3266,1.0408,-0.0047916,-0.37384,0,0.92748,1.7995,-0.91899,-0.2175,-0.10105,-0.4311,0.038504,-9.4334,0.12091,-0.0061368,0,0,0,2.0391,2.0421,2.0417,2.0392,-9.3203,1.419,1.2195,48.805,-2.4439,-1.0817,13.603
10.23,1.8491,-1.3358,1.0386,-0.0053253,-0.37577,0,0.9267,1.7047,-0.91771,-0.2175,-0.098475,-0.40138,0.037624,-9.5241,0.13497,0.0060033,0,0,0,2.0499,2.0528,2.0524,2.05,-8.8297,1.394,1.2084,49.319,-2.542,-1.1442,13.675
10.24,1.8657,-1.345,1.0365,-0.0058455,-0.37756,0,0.92597,1.609,-0.91629,-0.21738,-0.095917,-0.37218,0.03676,-9.6099,0.14879,0.018029,0,0,0,2.0603,2.0631,2.0627,2.0603,-8.334,1.3681,1.1966,49.808,-2.6376,-1.2055,13.744
10.25,1.8813,-1.3541,1.0343,-0.0063523,-0.37921,0,0.92529,1.5125,-0.91473,-0.21714,-0.09338,-0.34347,0.035912,-9.6908,0.16233,0.029934,0,0,0,2.0701,2.0729,2.0725,2.0701,-7.8336,1.3413,1.1843,50.271,-2.7307,-1.2656,13.809
10.26,1.8959,-1.3633,1.0321,-0.0068458,-0.38073,0,0.92466,1.4152,-0.91304,-0.21678,-0.090862,-0.31522,0.035079,-9.7666,0.17561,0.041713,0,0,0,2.0794,2.0821,2.0817,2.0794,-7.3287,1.3135,1.1713,50.708,-2.8212,-1.3245,13.871
10.27,1.9096,-1.3724,1.03,-0.0073261,-0.38213,0,0.92408,1.3172,-0.91122,-0.2163,-0.088365,-0.28739,0.034262,-9.8373,0.1886,0.053359,0,0,0,2.0881,2.0908,2.0905,2.0882,-6.8195,1.2849,1.1578,51.118,-2.909,-1.3822,13.929
10.28,1.9222,-1.3815,1.0278,-0.0077933,-0.38339,0,0.92355,1.2185,-0.90927,-0.21571,-0.085886,-0.25994,0.03346,-9.903,0.2013,0.064867,0,0,0,2.0963,2.099,2.0986,2.0964,-6.3064,1.2553,1.1437,51.5,-2.994,-1.4385,13.984
10.29,1.9339,-1.3906,1.0256,-0.0082476,-0.38452,0,0.92308,1.1191,-0.9072,-0.21501,-0.083427,-0.23286,0.032672,-9.9635,0.21371,0.076231,0,0,0,2.104,2.1067,2.1063,2.1041,-5.7896,1.225,1.129,51.855,-3.0762,-1.4935,14.035
10.3,1.9446,-1.3996,1.0235,-0.0086891,-0.38554,0,0.92265,1.0192,-0.905,-0.21419,-0.080986,-0.20611,0.031899,-10.019,0.2258,0.087446,0,0,0,2.1111,2.1138,2.1134,2.1112,-5.2694,1.1938,1.1138,52.182,-3.1554,-1.5471,14.083
10.31,1.9543,-1.4087,1.0214,-0.0091179,-0.38642,0,0.92228,0.91878,-0.90268,-0.21326,-0.078562,-0.17965,0.031141,-10.069,0.23758,0.098506,0,0,0,2.1177,2.1203,2.1199,2.1178,-4.7461,1.1619,1.0981,52.48,-3.2317,-1.5993,14.126
10.32,1.963,-1.4177,1.0192,-0.009534,-0.38719,0,0.92195,0.81786,-0.90025,-0.21222,-0.076156,-0.15346,0.030396,-10.114,0.24904,0.10941,0,0,0,2.1237,2.1263,2.1259,2.1238,-4.2199,1.1292,1.0819,52.749,-3.3048,-1.6501,14.166
10.33,1.9707,-1.4267,1.0171,-0.0099377,-0.38784,0,0.92168,0.71652,-0.8977,-0.21107,-0.073766,-0.12751,0.029666,-10.153,0.26016,0.12014,0,0,0,2.1291,2.1316,2.1313,2.1292,-3.6912,1.0958,1.0651,52.988,-3.3749,-1.6993,14.202
10.34,1.9773,-1.4357,1.015,-0.010329,-0.38836,0,0.92145,0.61481,-0.89505,-0.20982,-0.071392,-0.10176,0.028949,-10.187,0.27095,0.13071,0,0,0,2.1339,2.1364,2.1361,2.134,-3.1602,1.0617,1.0479,53.197,-3.4417,-1.7471,14.234
10.35,1.983,-1.4446,1.0129,-0.010708,-0.38877,0,0.92127,0.51279,-0.89228,-0.20846,-0.069032,-0.076191,0.028245,-10.216,0.28139,0.1411,0,0,0,2.1381,2.1407,2.1403,2.1382,-2.6274,1.027,1.0302,53.376,-3.5052,-1.7933,14.262
10.36,1.9876,-1.4535,1.0108,-0.011075,-0.38906,0,0.92115,0.4105,-0.88942,-0.207,-0.066686,-0.050771,0.027555,-10.24,0.29149,0.15131,0,0,0,2.1418,2.1443,2.1439,2.1419,-2.0928,0.99163,1.012,53.523,-3.5654,-1.8378,14.286
10.37,1.9912,-1.4624,1.0088,-0.01143,-0.38924,0,0.92107,0.30801,-0.88645,-0.20543,-0.064352,-0.025471,0.026879,-10.258,0.30122,0.16134,0,0,0,2.1448,2.1473,2.147,2.1449,-1.557,0.95569,0.99342,53.639,-3.6221,-1.8808,14.307
10.38,1.9937,-1.4712,1.0067,-0.011772,-0.38929,0,0.92104,0.20536,-0.8834,-0.20377,-0.06203,-0.00026388,0.026215,-10.271,0.3106,0.17118,0,0,0,2.1473,2.1498,2.1494,2.1474,-1.0202,0.9192,0.9744,53.722,-3.6753,-1.922,14.323
10.39,1.9953,-1.48,1.0047,-0.012103,-0.38923,0,0.92106,0.1026,-0.88024,-0.20201,-0.059719,0.024878,0.025564,-10.279,0.31961,0.18082,0,0,0,2.1491,2.1516,2.1513,2.1492,-0.48266,0.88219,0.95498,53.774,-3.725,-1.9615,14.335
10.4,1.9958,-1.4888,1.0027,-0.012422,-0.38906,0,0.92113,-0.00019918,-0.877,-0.20015,-0.057418,0.049983,0.024926,-10.281,0.32824,0.19027,0,0,0,2.1504,2.1529,2.1525,2.1505,0.055195,0.84471,0.93518,53.791,-3.7709,-1.9993,14.344
10.41,1.9953,-1.4976,1.0007,-0.012729,-0.38877,0,0.92125,-0.103,-0.87368,-0.19821,-0.055125,0.075076,0.0243,-10.278,0.3365,0.19952,0,0,0,2.151,2.1535,2.1532,2.1511,0.59306,0.80679,0.915,53.776,-3.8131,-2.0353,14.348
10.42,1.9937,-1.5063,0.99873,-0.013024,-0.38837,0,0.92141,-0.20573,-0.87028,-0.19616,-0.05284,0.10019,0.023688,-10.269,0.34438,0.20857,0,0,0,2.1511,2.1535,2.1532,2.1512,1.1306,0.76846,0.89448,53.726,-3.8515,-2.0694,14.348
10.43,1.9912,-1.515,0.99678,-0.013308,-0.38785,0,0.92163,-0.30836,-0.86679,-0.19403,-0.050562,0.12534,0.023088,-10.255,0.35187,0.21741,0,0,0,2.1505,2.153,2.1527,2.1506,1.6675,0.72977,0.87362,53.643,-3.8861,-2.1018,14.345
10.44,1.9876,-1.5236,0.99485,-0.01358,-0.38721,0,0.92189,-0.41081,-0.86324,-0.19182,-0.048289,0.15055,0.0225,-10.236,0.35897,0.22604,0,0,0,2.1494,2.1519,2.1515,2.1495,2.2034,0.69075,0.85245,53.527,-3.917,-2.1323,14.337
10.45,1.983,-1.5323,0.99294,-0.01384,-0.38645,0,0.9222,-0.51305,-0.85962,-0.18951,-0.046021,0.17587,0.021924,-10.211,0.36568,0.23446,0,0,0,2.1476,2.1501,2.1498,2.1477,2.7379,0.65144,0.83098,53.378,-3.9442,-2.161,14.325
10.46,1.9773,-1.5408,0.99106,-0.014089,-0.38558,0,0.92257,-0.61501,-0.85593,-0.18713,-0.043755,0.2013,0.021361,-10.181,0.372,0.24266,0,0,0,2.1453,2.1478,2.1475,2.1454,3.2708,0.61188,0.80923,53.196,-3.9678,-2.188,14.31
10.47,1.9707,-1.5494,0.9892,-0.014326,-0.38459,0,0.92297,-0.71665,-0.85218,-0.18466,-0.041491,0.22688,0.02081,-10.145,0.37792,0.25064,0,0,0,2.1424,2.1449,2.1446,2.1425,3.8017,0.5721,0.78722,52.983,-3.9878,-2.2133,14.291
10.48,1.963,-1.5579,0.98737,-0.014552,-0.38349,0,0.92343,-0.81791,-0.84837,-0.18212,-0.039228,0.25263,0.020272,-10.105,0.38344,0.25841,0,0,0,2.1389,2.1414,2.1411,2.139,4.3304,0.53213,0.76497,52.739,-4.0043,-2.2368,14.267
10.49,1.9543,-1.5663,0.98556,-0.014766,-0.38226,0,0.92394,-0.91873,-0.84451,-0.17949,-0.036963,0.27859,0.019745,-10.059,0.38856,0.26594,0,0,0,2.1348,2.1374,2.1371,2.135,4.8564,0.49202,0.74249,52.465,-4.0173,-2.2587,14.24
10.5,1.9446,-1.5748,0.98378,-0.014969,-0.38091,0,0.92449,-1.0191,-0.8406,-0.1768,-0.034696,0.30477,0.01923,-10.008,0.39328,0.27326,0,0,0,2.1302,2.1328,2.1325,2.1303,5.3796,0.4518,0.7198,52.16,-4.0269,-2.2788,14.21
10.51,1.9339,-1.5832,0.98202,-0.01516,-0.37944,0,0.92509,-1.1189,-0.83665,-0.17403,-0.032425,0.3312,0.018727,-9.9513,0.3976,0.28034,0,0,0,2.125,2.1276,2.1273,2.1251,5.8995,0.4115,0.69692,51.825,-4.0331,-2.2974,14.175
10.52,1.9222,-1.5915,0.9803,-0.01534,-0.37784,0,0.92574,-1.2181,-0.83265,-0.17119,-0.030149,0.35791,0.018236,-9.8897,0.40151,0.28719,0,0,0,2.1193,2.1219,2.1216,2.1194,6.416,0.37115,0.67386,51.462,-4.036,-2.3143,14.137
10.53,1.9096,-1.5998,0.9786,-0.015508,-0.37612,0,0.92644,-1.3166,-0.82862,-0.16829,-0.027865,0.38493,0.017756,-9.823,0.40502,0.29382,0,0,0,2.113,2.1157,2.1153,2.1131,6.9286,0.33079,0.65064,51.07,-4.0357,-2.3296,14.095
10.54,1.8959,-1.6081,0.97693,-0.015665,-0.37427,0,0.92719,-1.4145,-0.82455,-0.16532,-0.025572,0.41227,0.017288,-9.7512,0.40812,0.30021,0,0,0,2.1062,2.1089,2.1086,2.1063,7.4373,0.29044,0.62728,50.649,-4.0322,-2.3433,14.05
10.55,1.8813,-1.6163,0.97529,-0.01581,-0.37229,0,0.92798,-1.5116,-0.82046,-0.16228,-0.023269,0.43998,0.016831,-9.6743,0.41083,0.30636,0,0,0,2.0988,2.1016,2.1013,2.099,7.9415,0.25015,0.60378,50.202,-4.0255,-2.3554,14.001
10.56,1.8657,-1.6245,0.97369,-0.015943,-0.37018,0,0.92882,-1.608,-0.81634,-0.15919,-0.020954,0.46807,0.016386,-9.5924,0.41313,0.31228,0,0,0,2.091,2.0938,2.0935,2.0912,8.4412,0.20994,0.58017,49.727,-4.0158,-2.366,13.949
10.57,1.8491,-1.6326,0.97211,-0.016065,-0.36794,0,0.92971,-1.7035,-0.81219,-0.15604,-0.018626,0.49657,0.015952,-9.5055,0.41503,0.31796,0,0,0,2.0827,2.0855,2.0852,2.0828,8.936,0.16985,0.55647,49.225,-4.003,-2.375,13.894
10.58,1.8316,-1.6407,0.97057,-0.016175,-0.36556,0,0.93065,-1.7981,-0.80804,-0.15283,-0.016282,0.52551,0.015529,-9.4136,0.41653,0.32341,0,0,0,2.0739,2.0767,2.0764,2.074,9.4256,0.12989,0.53268,48.698,-3.9872,-2.3826,13.835
10.59,1.8132,-1.6488,0.96905,-0.016273,-0.36305,0,0.93163,-1.8917,-0.80387,-0.14957,-0.013921,0.5549,0.015118,-9.317,0.41763,0.32862,0,0,0,2.0646,2.0675,2.0672,2.0647,9.9099,0.090114,0.50882,48.145,-3.9684,-2.3887,13.773
10.6,1.7938,-1.6568,0.96758,-0.01636,-0.36039,0,0.93266,-1.9844,-0.79969,-0.14626,-0.011541,0.58478,0.014717,-9.2155,0.41833,0.33359,0,0,0,2.0548,2.0578,2.0575,2.055,10.388,0.050535,0.48491,47.567,-3.9468,-2.3933,13.709
10.61,1.7735,-1.6648,0.96613,-0.016434,-0.35759,0,0.93373,-2.076,-0.7955,-0.1429,-0.0091408,0.61517,0.014328,-9.1092,0.41864,0.33832,0,0,0,2.0447,2.0477,2.0473,2.0448,10.861,0.011186,0.46096,46.965,-3.9224,-2.3965,13.641
10.62,1.7523,-1.6727,0.96472,-0.016496,-0.35464,0,0.93486,-2.1666,-0.79131,-0.13949,-0.0067186,0.64609,0.013949,-8.9983,0.41855,0.34281,0,0,0,2.0341,2.0371,2.0368,2.0342,11.328,-0.027904,0.43698,46.339,-3.8952,-2.3983,13.57
10.63,1.7301,-1.6806,0.96334,-0.016546,-0.35155,0,0.93602,-2.256,-0.78713,-0.13605,-0.0042727,0.67757,0.013582,-8.8827,0.41808,0.34705,0,0,0,2.0231,2.0262,2.0258,2.0232,11.788,-0.066709,0.413,45.689,-3.8653,-2.3987,13.497
10.64,1.7071,-1.6885,0.962,-0.016584,-0.3483,0,0.93724,-2.3442,-0.78295,-0.13255,-0.0018016,0.70962,0.013226,-8.7625,0.41722,0.35107,0,0,0,2.0117,2.0148,2.0145,2.0119,12.241,-0.1052,0.38901,45.016,-3.8327,-2.3977,13.421
10.65,1.6833,-1.6963,0.96069,-0.016609,-0.34489,0,0.93849,-2.4312,-0.77879,-0.12902,0.00069637,0.74227,0.01288,-8.6379,0.41598,0.35484,0,0,0,1.9999,2.0031,2.0028,2.0001,12.688,-0.14336,0.36505,44.321,-3.7975,-2.3953,13.343
10.66,1.6585,-1.704,0.95942,-0.016622,-0.34133,0,0.9398,-2.517,-0.77464,-0.12546,0.0032226,0.77553,0.012546,-8.5088,0.41435,0.35837,0,0,0,1.9878,1.9911,1.9907,1.988,13.128,-0.18114,0.34111,43.604,-3.7598,-2.3917,13.263
10.67,1.6329,-1.7118,0.95818,-0.016622,-0.3376,0,0.94114,-2.6014,-0.7705,-0.12186,0.0057786,0.80943,0.012223,-8.3754,0.41236,0.36166,0,0,0,1.9753,1.9787,1.9784,1.9755,13.56,-0.21854,0.31722,42.866,-3.7195,-2.3867,13.18
10.68,1.6065,-1.7194,0.95698,-0.016609,-0.33371,0,0.94253,-2.6844,-0.76639,-0.11823,0.0083656,0.84397,0.01191,-8.2376,0.40998,0.36471,0,0,0,1.9626,1.966,1.9657,1.9628,13.985,-0.25553,0.29338,42.106,-3.6768,-2.3804,13.095
10.69,1.5792,-1.7271,0.95582,-0.016582,-0.32964,0,0.94396,-2.7661,-0.7623,-0.11456,0.010985,0.87918,0.011608,-8.0957,0.40725,0.36753,0,0,0,1.9496,1.953,1.9527,1.9498,14.402,-0.29207,0.26962,41.327,-3.6317,-2.3729,13.008
10.7,1.5512,-1.7347,0.95469,-0.016543,-0.32541,0,0.94543,-2.8463,-0.75825,-0.11088,0.013638,0.91506,0.011318,-7.9496,0.40414,0.3701,0,0,0,1.9363,1.9398,1.9395,1.9365,14.811,-0.32815,0.24593,40.527,-3.5842,-2.3641,12.92
10.71,1.5223,-1.7423,0.9536,-0.01649,-0.32099,0,0.94694,-2.9251,-0.75422,-0.10716,0.016325,0.95161,0.011038,-7.7995,0.40068,0.37244,0,0,0,1.9227,1.9263,1.926,1.9229,15.213,-0.36375,0.22234,39.708,-3.5345,-2.3541,12.83
10.72,1.4927,-1.7498,0.95255,-0.016424,-0.31639,0,0.94849,-3.0023,-0.75023,-0.10343,0.019047,0.98886,0.010769,-7.6454,0.39687,0.37455,0,0,0,1.9089,1.9126,1.9123,1.9092,15.606,-0.39883,0.19885,38.871,-3.4825,-2.3429,12.738
10.73,1.4623,-1.7573,0.95153,-0.016344,-0.31161,0,0.95007,-3.078,-0.74628,-0.099673,0.021805,1.0268,0.010512,-7.4874,0.39271,0.37642,0,0,0,1.895,1.8987,1.8984,1.8952,15.99,-0.43339,0.17548,38.015,-3.4284,-2.3305,12.646
10.74,1.4311,-1.7647,0.95055,-0.016249,-0.30663,0,0.95169,-3.1521,-0.74238,-0.095901,0.0246,1.0654,0.010265,-7.3256,0.38821,0.37806,0,0,0,1.8809,1.8847,1.8843,1.8811,16.366,-0.46739,0.15225,37.141,-3.3721,-2.3169,12.552
10.75,1.3992,-1.7721,0.94961,-0.016141,-0.30147,0,0.95334,-3.2245,-0.73852,-0.092113,0.027431,1.1047,0.010029,-7.1601,0.38336,0.37947,0,0,0,1.8666,1.8705,1.8701,1.8669,16.733,-0.50082,0.12915,36.25,-3.3137,-2.3023,12.457
10.76,1.3666,-1.7795,0.94871,-0.016018,-0.2961,0,0.95502,-3.2952,-0.73471,-0.088312,0.030298,1.1446,0.0098045,-6.991,0.37819,0.38064,0,0,0,1.8522,1.8561,1.8558,1.8525,17.091,-0.53366,0.1062,35.342,-3.2533,-2.2865,12.361
10.77,1.3333,-1.7868,0.94785,-0.015881,-0.29053,0,0.95673,-3.3643,-0.73096,-0.084501,0.033201,1.1852,0.0095909,-6.8183,0.37269,0.38159,0,0,0,1.8378,1.8417,1.8414,1.838,17.44,-0.56588,0.083424,34.418,-3.1909,-2.2696,12.265
10.78,1.2994,-1.7941,0.94702,-0.015728,-0.28476,0,0.95847,-3.4316,-0.72726,-0.080681,0.03614,1.2264,0.0093884,-6.6422,0.36688,0.38231,0,0,0,1.8232,1.8273,1.8269,1.8235,17.779,-0.59747,0.060817,33.478,-3.1266,-2.2516,12.168
10.79,1.2647,-1.8013,0.94623,-0.015561,-0.27877,0,0.96023,-3.4971,-0.72362,-0.076855,0.039112,1.2682,0.009197,-6.4628,0.36075,0.38281,0,0,0,1.8087,1.8128,1.8124,1.809,18.109,-0.62841,0.038395,32.523,-3.0605,-2.2326,12.072
10.8,1.2294,-1.8086,0.94548,-0.015378,-0.27258,0,0.96201,-3.5608,-0.72005,-0.073026,0.042117,1.3106,0.0090167,-6.2801,0.35431,0.38308,0,0,0,1.7942,1.7983,1.798,1.7944,18.429,-0.65868,0.016168,31.553,-2.9925,-2.2126,11.975
10.81,1.1935,-1.8157,0.94477,-0.01518,-0.26616,0,0.96381,-3.6227,-0.71654,-0.069194,0.045153,1.3534,0.0088475,-6.0942,0.34757,0.38313,0,0,0,1.7796,1.7838,1.7835,1.7799,18.74,-0.68826,-0.0058527,30.569,-2.9228,-2.1915,11.878
10.82,1.157,-1.8229,0.9441,-0.014967,-0.25953,0,0.96562,-3.6827,-0.7131,-0.065364,0.048217,1.3967,0.0086893,-5.9053,0.34055,0.38297,0,0,0,1.7652,1.7694,1.7691,1.7655,19.041,-0.71713,-0.027658,29.571,-2.8514,-2.1695,11.782
10.83,1.1199,-1.83,0.94346,-0.014737,-0.25267,0,0.96744,-3.7408,-0.70973,-0.061536,0.051306,1.4404,0.008542,-5.7134,0.33323,0.38258,0,0,0,1.7509,1.7551,1.7548,1.7511,19.331,-0.74528,-0.049238,28.56,-2.7784,-2.1464,11.686
10.84,1.0822,-1.8371,0.94287,-0.014492,-0.24559,0,0.96926,-3.797,-0.70643,-0.057713,0.054416,1.4844,0.0084057,-5.5187,0.32564,0.38198,0,0,0,1.7366,1.7409,1.7406,1.7369,19.612,-0.77269,-0.070584,27.536,-2.7037,-2.1225,11.592
10.85,1.0439,-1.8441,0.94231,-0.01423,-0.23828,0,0.97109,-3.8512,-0.70322,-0.053897,0.057545,1.5286,0.0082802,-5.3212,0.31778,0.38117,0,0,0,1.7226,1.7269,1.7265,1.7229,19.882,-0.79935,-0.091685,26.501,-2.6275,-2.0976,11.498
10.86,1.0052,-1.8512,0.94179,-0.013953,-0.23075,0,0.97291,-3.9034,-0.70008,-0.05009,0.060686,1.573,0.0081655,-5.1211,0.30966,0.38015,0,0,0,1.7087,1.713,1.7127,1.709,20.142,-0.82524,-0.11253,25.453,-2.5498,-2.0718,11.406
10.87,0.96586,-1.8581,0.94131,-0.013659,-0.22298,0,0.97473,-3.9536,-0.69702,-0.046295,0.063834,1.6174,0.0080613,-4.9184,0.30128,0.37892,0,0,0,1.6951,1.6994,1.699,1.6954,20.391,-0.85034,-0.13312,24.395,-2.4707,-2.0452,11.315
10.88,0.92609,-1.8651,0.94086,-0.013348,-0.21498,0,0.97653,-4.0018,-0.69405,-0.042512,0.066983,1.6617,0.0079675,-4.7133,0.29265,0.37749,0,0,0,1.6817,1.686,1.6857,1.682,20.63,-0.87464,-0.15343,23.325,-2.3902,-2.0176,11.226
10.89,0.88584,-1.872,0.94046,-0.013022,-0.20675,0,0.97831,-4.0479,-0.69117,-0.038746,0.070127,1.7057,0.0078839,-4.5059,0.28379,0.37585,0,0,0,1.6686,1.6729,1.6726,1.6689,20.858,-0.89814,-0.17347,22.246,-2.3083,-1.9893,11.138
10.9,0.84514,-1.8789,0.94009,-0.012679,-0.19829,0,0.98006,-4.0919,-0.68838,-0.034996,0.073257,1.7495,0.0078102,-4.2962,0.27469,0.37402,0,0,0,1.6559,1.6601,1.6598,1.6562,21.075,-0.92081,-0.19322,21.157,-2.2252,-1.9601,11.053
10.91,0.80401,-1.8858,0.93976,-0.012319,-0.18961,0,0.98178,-4.1338,-0.68568,-0.031266,0.076366,1.7927,0.0077461,-4.0844,0.26538,0.37199,0,0,0,1.6435,1.6477,1.6474,1.6438,21.281,-0.94264,-0.21267,20.059,-2.1409,-1.9301,10.971
10.92,0.76247,-1.8926,0.93946,-0.011944,-0.18069,0,0.98347,-4.1735,-0.68307,-0.027557,0.079445,1.8352,0.0076914,-3.8706,0.25584,0.36977,0,0,0,1.6315,1.6357,1.6353,1.6318,21.476,-0.96362,-0.23182,18.953,-2.0554,-1.8994,10.891
10.93,0.72054,-1.8994,0.93921,-0.011552,-0.17156,0,0.98511,-4.2112,-0.68056,-0.023871,0.082484,1.877,0.0076455,-3.6549,0.24611,0.36735,0,0,0,1.62,1.624,1.6237,1.6203,21.66,-0.98374,-0.25065,17.838,-1.9687,-1.8679,10.813
10.94,0.67825,-1.9062,0.93899,-0.011144,-0.1622,0,0.98669,-4.2466,-0.67815,-0.02021,0.085472,1.9177,0.0076082,-3.4375,0.23617,0.36475,0,0,0,1.6089,1.6128,1.6125,1.6092,21.832,-1.003,-0.26917,16.716,-1.881,-1.8357,10.739
10.95,0.63562,-1.913,0.9388,-0.010721,-0.15264,0,0.98822,-4.2799,-0.67584,-0.016577,0.088399,1.9572,0.0075789,-3.2183,0.22605,0.36197,0,0,0,1.5983,1.6021,1.6018,1.5986,21.994,-1.0214,-0.28737,15.587,-1.7923,-1.8028,10.668
10.96,0.59266,-1.9198,0.93865,-0.010282,-0.14286,0,0.98969,-4.311,-0.67363,-0.012972,0.091254,1.9953,0.007557,-2.9976,0.21575,0.35901,0,0,0,1.5883,1.5919,1.5916,1.5885,22.144,-1.0388,-0.30523,14.451,-1.7026,-1.7692,10.601
10.97,0.5494,-1.9265,0.93854,-0.0098287,-0.13289,0,0.99108,-4.3399,-0.67152,-0.0093971,0.094025,2.0318,0.0075421,-2.7755,0.20528,0.35587,0,0,0,1.5788,1.5823,1.5819,1.579,22.283,-1.0554,-0.32275,13.31,-1.612,-1.7349,10.537
10.98,0.50587,-1.9332,0.93847,-0.0093606,-0.12273,0,0.9924,-4.3665,-0.66952,-0.0058548,0.096699,2.0665,0.0075334,-2.552,0.19464,0.35255,0,0,0,1.5698,1.5732,1.5729,1.5701,22.41,-1.0711,-0.33992,12.163,-1.5206,-1.7,10.477
10.99,0.46208,-1.9399,0.93843,-0.0088785,-0.11239,0,0.99362,-4.3909,-0.66763,-0.0023466,0.099265,2.0993,0.0075303,-2.3273,0.18386,0.34907,0,0,0,1.5615,1.5647,1.5644,1.5618,22.526,-1.0858,-0.35674,11.011,-1.4283,-1.6644,10.421
11,0.41806,-1.9465,0.93842,-0.008383,-0.10187,0,0.99476,-4.4131,-0.66585,0.001126,0.10171,2.1298,0.007532,-2.1015,0.17293,0.34542,0,0,0,1.5539,1.5568,1.5565,1.5541,22.631,-1.0996,-0.37321,9.8541,-1.3353,-1.6283,10.369
11.01,0.37383,-1.9532,0.93845,-0.0078746,-0.091203,0,0.9958,-4.4329,-0.66417,0.0045613,0.10402,2.158,0.0075379,-1.8747,0.16187,0.34161,0,0,0,1.5469,1.5495,1.5493,1.5471,22.723,-1.1125,-0.38931,8.6936,-1.2416,-1.5916,10.321
11.02,0.32941,-1.9598,0.93851,-0.0073542,-0.080388,0,0.99674,-4.4505,-0.66261,0.0079576,0.10619,2.1836,0.007547,-1.6471,0.15068,0.33764,0,0,0,1.5405,1.5429,1.5427,1.5407,22.804,-1.1245,-0.40504,7.5297,-1.1472,-1.5543,10.278
11.03,0.28482,-1.9664,0.93861,-0.0068226,-0.069443,0,0.99756,-4.4659,-0.66116,0.011313,0.1082,2.2065,0.0075585,-1.4187,0.13938,0.33351,0,0,0,1.5349,1.5371,1.5368,1.5351,22.874,-1.1355,-0.42039,6.3628,-1.0522,-1.5165,10.24
11.04,0.2401,-1.973,0.93874,-0.0062804,-0.058382,0,0.99827,-4.4789,-0.65982,0.014627,0.11004,2.2265,0.0075716,-1.1897,0.12798,0.32923,0,0,0,1.53,1.5319,1.5317,1.5302,22.932,-1.1455,-0.43537,5.1935,-0.95669,-1.4782,10.206
11.05,0.19525,-1.9796,0.9389,-0.0057287,-0.047221,0,0.99887,-4.4897,-0.6586,0.017898,0.11171,2.2434,0.0075854,-0.9601,0.11648,0.3248,0,0,0,1.5259,1.5274,1.5272,1.526,22.978,-1.1546,-0.44995,4.0224,-0.86068,-1.4394,10.177
11.06,0.15031,-1.9862,0.93909,-0.0051685,-0.035978,0,0.99934,-4.4981,-0.65749,0.021123,0.11319,2.2572,0.0075989,-0.73014,0.10489,0.32023,0,0,0,1.5224,1.5237,1.5235,1.5226,23.012,-1.1627,-0.46415,2.8498,-0.76423,-1.4001,10.154
11.07,0.1053,-1.9928,0.93932,-0.0046007,-0.02467,0,0.99969,-4.5043,-0.6565,0.024302,0.11448,2.2677,0.0076112,-0.49989,0.093225,0.31552,0,0,0,1.5198,1.5207,1.5206,1.5199,23.035,-1.1699,-0.47795,1.6764,-0.66739,-1.3604,10.135
11.08,0.060236,-1.9994,0.93958,-0.0040263,-0.013314,0,0.9999,-4.5081,-0.65563,0.027433,0.11556,2.2749,0.0076215,-0.26948,0.081494,0.31067,0,0,0,1.5179,1.5185,1.5184,1.518,23.046,-1.1761,-0.49136,0.50261,-0.57021,-1.3202,10.121
11.09,0.015145,-2.0059,0.93987,-0.0034466,-0.0019292,0,0.99999,-4.5097,-0.65487,0.030515,0.11644,2.2786,0.0076288,-0.039019,0.069707,0.30569,0,0,0,1.5168,1.517,1.5169,1.5168,23.045,-1.1813,-0.50436,-0.67103,-0.47274,-1.2796,10.113
11.1,-0.02995,-2.0125,0.94019,-0.0028625,0.009466,0,0.99995,-4.5089,-0.65424,0.033546,0.1171,2.2789,0.0076322,0.19138,0.057872,0.30059,0,0,0,1.5164,1.5164,1.5163,1.5165,23.032,-1.1855,-0.51695,-1.844,-0.37504,-1.2387,10.109
11.11,-0.075025,-2.019,0.94054,-0.0022753,0.020853,0,0.99978,-4.5058,-0.65372,0.036526,0.11755,2.2758,0.007631,0.42159,0.046,0.29536,0,0,0,1.5168,1.5164,1.5164,1.5169,23.008,-1.1888,-0.52913,-3.0158,-0.27717,-1.1974,10.111
11.12,-0.12006,-2.0255,0.94092,-0.001686,0.032213,0,0.99948,-4.5005,-0.65332,0.039453,0.11779,2.2692,0.0076242,0.6515,0.0341,0.29001,0,0,0,1.518,1.5173,1.5172,1.518,22.972,-1.1911,-0.5409,-4.1859,-0.17916,-1.1558,10.118
11.13,-0.16503,-2.0321,0.94133,-0.0010959,0.043527,0,0.99905,-4.4928,-0.65303,0.042326,0.11781,2.2593,0.0076111,0.88099,0.022182,0.28454,0,0,0,1.52,1.5189,1.5189,1.5199,22.924,-1.1924,-0.55224,-5.3538,-0.081076,-1.1138,10.13
11.14,-0.20991,-2.0386,0.94177,-0.00050614,0.054778,0,0.9985,-4.4828,-0.65287,0.045143,0.11762,2.246,0.007591,1.1099,0.010256,0.27896,0,0,0,1.5227,1.5213,1.5213,1.5226,22.865,-1.1927,-0.56317,-6.5189,0.017031,-1.0716,10.146
11.15,-0.25468,-2.0451,0.94223,8.2233e-05,0.065948,0,0.99782,-4.4706,-0.65283,0.047905,0.11721,2.2296,0.0075632,1.3382,-0.0016687,0.27328,0,0,0,1.5261,1.5244,1.5244,1.526,22.794,-1.192,-0.57367,-7.6809,0.11511,-1.0291,10.168
11.16,-0.29931,-2.0516,0.94273,0.00066807,0.07702,0,0.99703,-4.4561,-0.65291,0.050609,0.11661,2.21,0.007527,1.5658,-0.013582,0.26749,0,0,0,1.5303,1.5283,1.5283,1.5302,22.711,-1.1904,-0.58375,-8.8391,0.21311,-0.98628,10.195
11.17,-0.34379,-2.0582,0.94324,0.0012503,0.087977,0,0.99612,-4.4393,-0.6531,0.053254,0.1158,2.1875,0.007482,1.7924,-0.025473,0.2616,0,0,0,1.5351,1.5329,1.5329,1.535,22.617,-1.1878,-0.5934,-9.993,0.31097,-0.94327,10.227
11.18,-0.38809,-2.0647,0.94379,0.0018278,0.098805,0,0.99511,-4.4202,-0.65342,0.05584,0.11481,2.1622,0.0074276,2.0181,-0.037333,0.25562,0,0,0,1.5407,1.5382,1.5382,1.5405,22.511,-1.1842,-0.60262,-11.142,0.40865,-0.90006,10.263
11.19,-0.43219,-2.0712,0.94436,0.0023997,0.10949,0,0.99399,-4.3989,-0.65385,0.058366,0.11363,2.1343,0.0073634,2.2426,-0.049153,0.24955,0,0,0,1.5469,1.5441,1.5442,1.5467,22.394,-1.1796,-0.6114,-12.286,0.5061,-0.85666,10.303
11.2,-0.47606,-2.0778,0.94496,0.002965,0.12001,0,0.99277,-4.3754,-0.6544,0.060831,0.11227,2.1038,0.0072891,2.4659,-0.060922,0.2434,0,0,0,1.5537,1.5508,1.5509,1.5536,22.266,-1.174,-0.61975,-13.424,0.60325,-0.81309,10.348
11.21,-0.51969,-2.0843,0.94558,0.0035228,0.13037,0,0.99146,-4.3496,-0.65507,0.063234,0.11075,2.0712,0.0072043,2.6879,-0.072631,0.23716,0,0,0,1.5612,1.558,1.5582,1.561,22.126,-1.1675,-0.62766,-14.556,0.70006,-0.76938,10.397
11.22,-0.56305,-2.0909,0.94622,0.0040722,0.14055,0,0.99007,-4.3216,-0.65585,0.065574,0.10908,2.0364,0.0071088,2.9084,-0.084269,0.23085,0,0,0,1.5693,1.5659,1.5661,1.5691,21.975,-1.16,-0.63514,-15.681,0.79648,-0.72555,10.451
11.23,-0.60611,-2.0974,0.94689,0.0046125,0.15053,0,0.98859,-4.2915,-0.65675,0.067851,0.10727,1.9998,0.0070024,3.1274,-0.095828,0.22446,0,0,0,1.578,1.5744,1.5745,1.5777,21.812,-1.1516,-0.64217,-16.799,0.89245,-0.68162,10.508
11.24,-0.64887,-2.104,0.94758,0.005143,0.16031,0,0.98705,-4.2591,-0.65777,0.070063,0.10532,1.9615,0.006885,3.3446,-0.1073,0.218,0,0,0,1.5871,1.5834,1.5836,1.5869,21.639,-1.1422,-0.64877,-17.908,0.98792,-0.6376,10.568
11.25,-0.69129,-2.1106,0.94829,0.0056629,0.16989,0,0.98545,-4.2246,-0.6589,0.072211,0.10325,1.9217,0.0067565,3.5601,-0.11867,0.21149,0,0,0,1.5968,1.593,1.5931,1.5966,21.454,-1.1318,-0.65492,-19.01,1.0828,-0.59354,10.633
11.26,-0.73335,-2.1172,0.94902,0.0061717,0.17925,0,0.98378,-4.1879,-0.66014,0.074293,0.10107,1.8807,0.006617,3.7737,-0.12993,0.20491,0,0,0,1.607,1.603,1.6032,1.6067,21.259,-1.1205,-0.66064,-20.102,1.1772,-0.54943,10.7
11.27,-0.77504,-2.1238,0.94978,0.0066689,0.18839,0,0.98207,-4.1491,-0.66149,0.076309,0.098793,1.8385,0.0064663,3.9852,-0.14108,0.19827,0,0,0,1.6176,1.6135,1.6137,1.6173,21.052,-1.1083,-0.66591,-21.186,1.2708,-0.50532,10.77
11.28,-0.81633,-2.1304,0.95055,0.007154,0.1973,0,0.98032,-4.1082,-0.66296,0.078258,0.096427,1.7955,0.0063046,4.1947,-0.15209,0.19159,0,0,0,1.6286,1.6245,1.6247,1.6283,20.835,-1.0951,-0.67074,-22.259,1.3638,-0.46121,10.844
11.29,-0.8572,-2.1371,0.95134,0.0076265,0.20599,0,0.97853,-4.0652,-0.66454,0.08014,0.093983,1.7517,0.0061319,4.4019,-0.16298,0.18486,0,0,0,1.64,1.6358,1.636,1.6397,20.607,-1.081,-0.67514,-23.322,1.456,-0.41713,10.919
11.3,-0.89762,-2.1437,0.95215,0.0080861,0.21444,0,0.9767,-4.0202,-0.66622,0.081955,0.091471,1.7073,0.0059484,4.6068,-0.17371,0.17809,0,0,0,1.6518,1.6475,1.6477,1.6515,20.368,-1.066,-0.67909,-24.374,1.5474,-0.3731,10.998
11.31,-0.93759,-2.1504,0.95298,0.0085325,0.22266,0,0.97486,-3.9731,-0.66801,0.083702,0.088901,1.6625,0.0057542,4.8092,-0.18429,0.17128,0,0,0,1.6639,1.6596,1.6598,1.6636,20.119,-1.0501,-0.6826,-25.414,1.6379,-0.32914,11.078
11.32,-0.97708,-2.1571,0.95382,0.0089655,0.23065,0,0.973,-3.924,-0.66991,0.085381,0.086281,1.6174,0.0055494,5.0091,-0.19471,0.16444,0,0,0,1.6762,1.6719,1.6721,1.6759,19.86,-1.0333,-0.68567,-26.443,1.7275,-0.28528,11.16
11.33,-1.0161,-2.1638,0.95469,0.0093848,0.2384,0,0.97112,-3.8729,-0.6719,0.086991,0.08362,1.5722,0.0053342,5.2064,-0.20496,0.15757,0,0,0,1.6888,1.6845,1.6847,1.6885,19.591,-1.0155,-0.6883,-27.459,1.8161,-0.24154,11.244
11.34,-1.0545,-2.1705,0.95556,0.0097902,0.24591,0,0.96924,-3.8199,-0.674,0.088532,0.080925,1.5269,0.0051088,5.4009,-0.21502,0.15067,0,0,0,1.7017,1.6973,1.6975,1.7013,19.311,-0.99693,-0.6905,-28.462,1.9037,-0.19794,11.33
11.35,-1.0925,-2.1773,0.95646,0.010182,0.2532,0,0.96736,-3.7649,-0.6762,0.090004,0.078204,1.4818,0.0048733,5.5926,-0.22489,0.14376,0,0,0,1.7147,1.7103,1.7106,1.7143,19.021,-0.97746,-0.69226,-29.452,1.9903,-0.15449,11.417
11.36,-1.1298,-2.184,0.95736,0.010559,0.26025,0,0.96548,-3.708,-0.6785,0.091407,0.075464,1.4368,0.004628,5.7813,-0.23456,0.13683,0,0,0,1.7278,1.7235,1.7237,1.7275,18.722,-0.95713,-0.69359,-30.427,2.0757,-0.11123,11.504
11.37,-1.1666,-2.1908,0.95828,0.010922,0.26707,0,0.96362,-3.6493,-0.68089,0.092741,0.07271,1.3921,0.0043731,5.967,-0.24403,0.12989,0,0,0,1.7411,1.7368,1.7371,1.7408,18.413,-0.93595,-0.69449,-31.388,2.1599,-0.068171,11.593
11.38,-1.2028,-2.1977,0.95922,0.011271,0.27366,0,0.96176,-3.5887,-0.68338,0.094005,0.069947,1.3477,0.0041086,6.1495,-0.25328,0.12294,0,0,0,1.7545,1.7503,1.7505,1.7542,18.094,-0.91394,-0.69496,-32.334,2.2429,-0.025341,11.682
11.39,-1.2384,-2.2045,0.96016,0.011606,0.28003,0,0.95992,-3.5263,-0.68596,0.095199,0.067181,1.3038,0.0038349,6.3288,-0.26231,0.11599,0,0,0,1.7679,1.7637,1.7639,1.7676,17.766,-0.8911,-0.695,-33.265,2.3246,0.017239,11.772
11.4,-1.2733,-2.2114,0.96112,0.011927,0.28618,0,0.9581,-3.4621,-0.68863,0.096325,0.064416,1.2603,0.003552,6.5048,-0.2711,0.10904,0,0,0,1.7814,1.7772,1.7775,1.7811,17.429,-0.86745,-0.69461,-34.18,2.405,0.059549,11.862
11.41,-1.3076,-2.2183,0.96209,0.012234,0.29211,0,0.95631,-3.3962,-0.69138,0.09738,0.061655,1.2173,0.0032602,6.6774,-0.27965,0.1021,0,0,0,1.7949,1.7908,1.791,1.7945,17.083,-0.843,-0.69381,-35.077,2.484,0.10156,11.952
11.42,-1.3412,-2.2252,0.96307,0.012526,0.29782,0,0.95454,-3.3286,-0.69422,0.098367,0.058902,1.1749,0.0029595,6.8465,-0.28796,0.095169,0,0,0,1.8083,1.8043,1.8045,1.808,16.728,-0.81778,-0.69258,-35.958,2.5615,0.14326,12.042
11.43,-1.3742,-2.2322,0.96406,0.012805,0.30332,0,0.9528,-3.2593,-0.69714,0.099284,0.056159,1.1331,0.0026502,7.0119,-0.29601,0.088251,0,0,0,1.8217,1.8177,1.8179,1.8214,16.364,-0.79178,-0.69094,-36.822,2.6375,0.18463,12.131
11.44,-1.4064,-2.2392,0.96506,0.013069,0.30862,0,0.9511,-3.1884,-0.70014,0.10013,0.053429,1.0919,0.0023324,7.1737,-0.30379,0.081351,0,0,0,1.835,1.831,1.8312,1.8347,15.991,-0.76503,-0.68889,-37.667,2.712,0.22563,12.22
11.45,-1.4379,-2.2462,0.96606,0.01332,0.31371,0,0.94943,-3.1158,-0.70321,0.10091,0.050714,1.0514,0.0020061,7.3317,-0.3113,0.074474,0,0,0,1.8482,1.8443,1.8445,1.8478,15.61,-0.73754,-0.68643,-38.493,2.7849,0.26625,12.308
11.46,-1.4687,-2.2532,0.96707,0.013557,0.3186,0,0.94779,-3.0418,-0.70636,0.10162,0.048015,1.0115,0.0016715,7.4859,-0.31854,0.067624,0,0,0,1.8612,1.8574,1.8576,1.8609,15.221,-0.70934,-0.68357,-39.301,2.8561,0.30646,12.395
11.47,-1.4988,-2.2603,0.96809,0.013781,0.3233,0,0.9462,-2.9661,-0.70958,0.10226,0.045333,0.97231,0.0013287,7.6361,-0.32549,0.060804,0,0,0,1.8741,1.8703,1.8705,1.8738,14.824,-0.68043,-0.6803,-40.088,2.9256,0.34625,12.481
11.48,-1.5281,-2.2674,0.96912,0.01399,0.3278,0,0.94464,-2.889,-0.71287,0.10284,0.04267,0.93377,0.00097769,7.7823,-0.33215,0.054019,0,0,0,1.8868,1.8831,1.8833,1.8865,14.42,-0.65083,-0.67664,-40.856,2.9934,0.38559,12.566
11.49,-1.5566,-2.2746,0.97015,0.014187,0.33212,0,0.94313,-2.8105,-0.71623,0.10334,0.040026,0.89591,0.00061864,7.9245,-0.3385,0.047273,0,0,0,1.8993,1.8956,1.8958,1.899,14.007,-0.62057,-0.67259,-41.603,3.0593,0.42446,12.65
11.5,-1.5843,-2.2817,0.97118,0.01437,0.33625,0,0.94166,-2.7306,-0.71964,0.10378,0.037402,0.85871,0.00025155,8.0625,-0.34455,0.040569,0,0,0,1.9115,1.908,1.9081,1.9112,13.588,-0.58965,-0.66816,-42.329,3.1234,0.46283,12.731
11.51,-1.6112,-2.2889,0.97222,0.01454,0.34021,0,0.94024,-2.6493,-0.72312,0.10416,0.034797,0.82217,-0.00012354,8.1962,-0.35029,0.033911,0,0,0,1.9235,1.92,1.9202,1.9232,13.161,-0.5581,-0.66334,-43.033,3.1855,0.50069,12.812
11.52,-1.6372,-2.2962,0.97327,0.014697,0.34398,0,0.93886,-2.5667,-0.72665,0.10446,0.032211,0.78628,-0.00050661,8.3257,-0.35571,0.027303,0,0,0,1.9352,1.9318,1.932,1.9349,12.727,-0.52595,-0.65814,-43.714,3.2457,0.53801,12.89
11.53,-1.6625,-2.3035,0.97431,0.014841,0.34759,0,0.93753,-2.4828,-0.73023,0.1047,0.029645,0.75103,-0.00089766,8.4507,-0.36081,0.020749,0,0,0,1.9467,1.9433,1.9434,1.9463,12.287,-0.4932,-0.65258,-44.373,3.3038,0.57477,12.966
11.54,-1.6869,-2.3108,0.97536,0.014972,0.35103,0,0.93625,-2.3977,-0.73386,0.10488,0.027097,0.71641,-0.0012967,8.5714,-0.36558,0.014253,0,0,0,1.9578,1.9544,1.9546,1.9574,11.84,-0.45988,-0.64665,-45.009,3.3598,0.61095,13.04
11.55,-1.7104,-2.3182,0.97641,0.01509,0.3543,0,0.93501,-2.3114,-0.73754,0.10499,0.024567,0.68239,-0.0017037,8.6875,-0.37001,0.0078173,0,0,0,1.9685,1.9652,1.9654,1.9682,11.387,-0.42601,-0.64036,-45.621,3.4137,0.64652,13.112
11.56,-1.7331,-2.3256,0.97746,0.015195,0.35741,0,0.93382,-2.2239,-0.74126,0.10503,0.022055,0.64896,-0.0021188,8.7991,-0.3741,0.0014466,0,0,0,1.9789,1.9757,1.9759,1.9786,10.927,-0.39161,-0.63372,-46.209,3.4655,0.68147,13.182
11.57,-1.7549,-2.333,0.97851,0.015288,0.36036,0,0.93269,-2.1354,-0.74502,0.10502,0.019559,0.61609,-0.0025419,8.906,-0.37784,-0.004856,0,0,0,1.989,1.9858,1.986,1.9886,10.463,-0.35671,-0.62674,-46.772,3.5149,0.71577,13.249
11.58,-1.7758,-2.3405,0.97956,0.015369,0.36316,0,0.9316,-2.0458,-0.74882,0.10494,0.017078,0.58378,-0.0029731,9.0083,-0.38123,-0.011087,0,0,0,1.9986,1.9955,1.9957,1.9983,9.9921,-0.32132,-0.61941,-47.31,3.5621,0.7494,13.313
11.59,-1.7958,-2.348,0.98061,0.015437,0.3658,0,0.93057,-1.9552,-0.75264,0.10479,0.014612,0.55198,-0.0034126,9.1059,-0.38426,-0.017243,0,0,0,2.0079,2.0048,2.0049,2.0075,9.5164,-0.28547,-0.61175,-47.822,3.607,0.78234,13.375
11.6,-1.8149,-2.3555,0.98166,0.015492,0.36829,0,0.92958,-1.8637,-0.7565,0.10459,0.012159,0.52069,-0.0038603,9.1986,-0.38694,-0.023321,0,0,0,2.0167,2.0136,2.0138,2.0164,9.0357,-0.24919,-0.60377,-48.307,3.6494,0.81456,13.434
11.61,-1.8331,-2.3631,0.9827,0.015535,0.37064,0,0.92865,-1.7713,-0.76038,0.10433,0.0097185,0.48988,-0.0043164,9.2866,-0.38924,-0.029317,0,0,0,2.0251,2.0221,2.0222,2.0247,8.5504,-0.21249,-0.59546,-48.766,3.6894,0.84604,13.49
11.62,-1.8503,-2.3707,0.98374,0.015566,0.37285,0,0.92776,-1.678,-0.76428,0.10401,0.0072885,0.45952,-0.0047809,9.3696,-0.39118,-0.035229,0,0,0,2.033,2.0301,2.0302,2.0327,8.0605,-0.17541,-0.58685,-49.198,3.7268,0.87676,13.543
11.63,-1.8667,-2.3784,0.98478,0.015585,0.37491,0,0.92693,-1.5839,-0.7682,0.10362,0.0048681,0.42959,-0.005254,9.4478,-0.39275,-0.041053,0,0,0,2.0405,2.0376,2.0377,2.0402,7.5665,-0.13796,-0.57793,-49.601,3.7618,0.90671,13.593
11.64,-1.882,-2.3861,0.98582,0.015592,0.37683,0,0.92615,-1.4891,-0.77214,0.10318,0.0024558,0.40006,-0.0057358,9.5209,-0.39394,-0.046787,0,0,0,2.0475,2.0446,2.0448,2.0472,7.0686,-0.10018,-0.56872,-49.976,3.7941,0.93584,13.64
11.65,-1.8964,-2.3938,0.98685,0.015586,0.37861,0,0.92542,-1.3935,-0.77608,0.10269,5.0226e-05,0.3709,-0.0062264,9.5891,-0.39475,-0.052427,0,0,0,2.0541,2.0512,2.0514,2.0537,6.5671,-0.062092,-0.55921,-50.323,3.8237,0.96415,13.684
11.66,-1.9099,-2.4016,0.98787,0.015569,0.38026,0,0.92475,-1.2973,-0.78003,0.10214,-0.0023499,0.3421,-0.0067259,9.6523,-0.39518,-0.05797,0,0,0,2.0601,2.0573,2.0574,2.0598,6.0622,-0.023719,-0.54944,-50.639,3.8506,0.99162,13.724
11.67,-1.9224,-2.4094,0.98889,0.015539,0.38178,0,0.92412,-1.2005,-0.78398,0.10153,-0.0047462,0.31363,-0.0072344,9.7104,-0.39523,-0.063414,0,0,0,2.0657,2.0629,2.063,2.0653,5.5544,0.01491,-0.53939,-50.926,3.8747,1.0182,13.761
11.68,-1.9339,-2.4173,0.9899,0.015497,0.38316,0,0.92355,-1.1031,-0.78793,0.10087,-0.0071399,0.28546,-0.0077522,9.7634,-0.39488,-0.068757,0,0,0,2.0707,2.0679,2.0681,2.0704,5.0438,0.053767,-0.52907,-51.183,3.8961,1.0439,13.795
11.69,-1.9444,-2.4252,0.9909,0.015443,0.38442,0,0.92303,-1.0052,-0.79188,0.10015,-0.0095326,0.25756,-0.0082793,9.8112,-0.39415,-0.073995,0,0,0,2.0752,2.0725,2.0726,2.0749,4.5308,0.092822,-0.51851,-51.409,3.9145,1.0687,13.825
11.7,-1.954,-2.4331,0.9919,0.015377,0.38554,0,0.92256,-0.9069,-0.79582,0.099389,-0.011926,0.2299,-0.0088159,9.854,-0.39303,-0.079126,0,0,0,2.0792,2.0765,2.0766,2.0789,4.0157,0.13205,-0.5077,-51.603,3.93,1.0925,13.852
11.71,-1.9626,-2.4411,0.99289,0.015299,0.38654,0,0.92215,-0.80817,-0.79974,0.098573,-0.014321,0.20248,-0.0093621,9.8915,-0.39151,-0.084148,0,0,0,2.0827,2.08,2.0801,2.0823,3.4989,0.17141,-0.49666,-51.765,3.9425,1.1154,13.875
11.72,-1.9702,-2.4491,0.99387,0.015209,0.38741,0,0.92178,-0.70909,-0.80364,0.097707,-0.016719,0.17525,-0.0099181,9.9239,-0.3896,-0.089059,0,0,0,2.0856,2.0829,2.0831,2.0853,2.9805,0.21089,-0.4854,-51.895,3.952,1.1373,13.895
11.73,-1.9768,-2.4572,0.99485,0.015107,0.38816,0,0.92147,-0.60971,-0.80753,0.096792,-0.019121,0.14819,-0.010484,9.9511,-0.38729,-0.093856,0,0,0,2.088,2.0854,2.0855,2.0877,2.4611,0.25044,-0.47392,-51.991,3.9584,1.1582,13.911
11.74,-1.9824,-2.4653,0.99581,0.014992,0.38878,0,0.92121,-0.51008,-0.81139,0.09583,-0.02153,0.12128,-0.01106,9.9732,-0.38459,-0.098536,0,0,0,2.0899,2.0872,2.0874,2.0895,1.9408,0.29004,-0.46224,-52.054,3.9616,1.1781,13.923
11.75,-1.987,-2.4734,0.99676,0.014865,0.38928,0,0.921,-0.41026,-0.81522,0.094822,-0.023946,0.094492,-0.011646,9.99,-0.38149,-0.1031,0,0,0,2.0912,2.0885,2.0887,2.0908,1.4201,0.32966,-0.45036,-52.084,3.9617,1.1969,13.932
11.76,-1.9906,-2.4816,0.99771,0.014726,0.38965,0,0.92085,-0.3103,-0.81902,0.093768,-0.026371,0.067802,-0.012243,10.002,-0.378,-0.10754,0,0,0,2.092,2.0893,2.0894,2.0916,0.89928,0.36927,-0.4383,-52.078,3.9585,1.2147,13.937
11.77,-1.9932,-2.4898,0.99864,0.014575,0.3899,0,0.92074,-0.21025,-0.82278,0.092671,-0.028806,0.041188,-0.01285,10.008,-0.37411,-0.11187,0,0,0,2.0922,2.0895,2.0897,2.0918,0.37867,0.40882,-0.42607,-52.038,3.952,1.2314,13.939
11.78,-1.9948,-2.498,0.99956,0.014411,0.39003,0,0.92069,-0.11016,-0.8265,0.091531,-0.031252,0.014623,-0.013468,10.009,-0.36982,-0.11606,0,0,0,2.0919,2.0892,2.0893,2.0915,-0.14136,0.44829,-0.41368,-51.962,3.9421,1.2469,13.936
11.79,-1.9954,-2.5063,1.0005,0.014235,0.39004,0,0.92069,-0.010083,-0.83017,0.09035,-0.03371,-0.011915,-0.014097,10.005,-0.36514,-0.12014,0,0,0,2.091,2.0883,2.0885,2.0906,-0.66044,0.48765,-0.40113,-51.85,3.9288,1.2613,13.931
11.8,-1.995,-2.5146,1.0014,0.014046,0.38992,0,0.92074,0.089927,-0.8338,0.089129,-0.036182,-0.038449,-0.014736,9.9959,-0.36007,-0.12409,0,0,0,2.0896,2.0869,2.087,2.0892,-1.1782,0.52686,-0.38845,-51.702,3.9122,1.2746,13.921
11.81,-1.9936,-2.523,1.0023,0.013844,0.38969,0,0.92084,0.18982,-0.83737,0.087869,-0.038669,-0.065003,-0.015387,9.9816,-0.3546,-0.12791,0,0,0,2.0876,2.085,2.0851,2.0872,-1.6944,0.56589,-0.37565,-51.519,3.8922,1.2868,13.908
11.82,-1.9912,-2.5314,1.0031,0.01363,0.38933,0,0.921,0.28954,-0.84089,0.086571,-0.041171,-0.0916,-0.016049,9.962,-0.34875,-0.1316,0,0,0,2.0851,2.0824,2.0826,2.0847,-2.2085,0.60469,-0.36272,-51.301,3.869,1.2979,13.891
11.83,-1.9878,-2.5398,1.004,0.013402,0.38885,0,0.92121,0.38904,-0.84435,0.085237,-0.043691,-0.11826,-0.016721,9.9374,-0.34251,-0.13516,0,0,0,2.082,2.0794,2.0795,2.0817,-2.7203,0.64325,-0.34969,-51.05,3.8426,1.3078,13.871
11.84,-1.9834,-2.5483,1.0048,0.013162,0.38824,0,0.92146,0.48827,-0.84774,0.083869,-0.046228,-0.14502,-0.017406,9.9076,-0.33589,-0.13859,0,0,0,2.0785,2.0758,2.0759,2.0781,-3.2294,0.68153,-0.33657,-50.765,3.813,1.3167,13.847
11.85,-1.978,-2.5568,1.0057,0.012909,0.38751,0,0.92177,0.58718,-0.85106,0.082466,-0.048785,-0.17188,-0.018102,9.8728,-0.32888,-0.14189,0,0,0,2.0744,2.0717,2.0718,2.074,-3.7355,0.7195,-0.32336,-50.447,3.7803,1.3246,13.82
11.86,-1.9716,-2.5653,1.0065,0.012642,0.38666,0,0.92214,0.68571,-0.85432,0.081031,-0.051362,-0.19888,-0.01881,9.833,-0.3215,-0.14506,0,0,0,2.0698,2.0671,2.0672,2.0694,-4.2382,0.75713,-0.31008,-50.097,3.7447,1.3314,13.789
11.87,-1.9643,-2.5738,1.0073,0.012362,0.38568,0,0.92255,0.78382,-0.85749,0.079565,-0.05396,-0.22605,-0.019529,9.7881,-0.31374,-0.14809,0,0,0,2.0646,2.0619,2.062,2.0642,-4.7373,0.79439,-0.29674,-49.715,3.706,1.3372,13.755
11.88,-1.956,-2.5824,1.0081,0.012069,0.38457,0,0.92302,0.88146,-0.86059,0.07807,-0.05658,-0.25339,-0.020261,9.7382,-0.30561,-0.15099,0,0,0,2.059,2.0563,2.0564,2.0586,-5.2324,0.83124,-0.28334,-49.303,3.6645,1.342,13.717
11.89,-1.9467,-2.591,1.0088,0.011762,0.38334,0,0.92353,0.97857,-0.8636,0.076546,-0.059224,-0.28095,-0.021005,9.6834,-0.29712,-0.15376,0,0,0,2.0529,2.0501,2.0502,2.0525,-5.7232,0.86767,-0.2699,-48.86,3.6201,1.3458,13.676
11.9,-1.9364,-2.5997,1.0096,0.011441,0.38198,0,0.9241,1.0751,-0.86653,0.074995,-0.061892,-0.30873,-0.021761,9.6238,-0.28826,-0.15639,0,0,0,2.0462,2.0435,2.0436,2.0458,-6.2095,0.90363,-0.25643,-48.387,3.5729,1.3486,13.632
11.91,-1.9252,-2.6084,1.0103,0.011107,0.38049,0,0.92472,1.171,-0.86937,0.073419,-0.064585,-0.33676,-0.02253,9.5593,-0.27905,-0.15889,0,0,0,2.0391,2.0363,2.0364,2.0387,-6.6909,0.93912,-0.24293,-47.885,3.5231,1.3504,13.584
11.92,-1.913,-2.6171,1.0111,0.010758,0.37887,0,0.92539,1.2663,-0.87211,0.071818,-0.067303,-0.36506,-0.023311,9.49,-0.26948,-0.16125,0,0,0,2.0316,2.0287,2.0289,2.0311,-7.1671,0.97409,-0.22942,-47.355,3.4705,1.3513,13.534
11.93,-1.8998,-2.6258,1.0118,0.010396,0.37712,0,0.92611,1.3608,-0.87476,0.070194,-0.070047,-0.39367,-0.024105,9.4159,-0.25957,-0.16348,0,0,0,2.0235,2.0207,2.0208,2.0231,-7.6379,1.0085,-0.21591,-46.796,3.4154,1.3512,13.48
11.94,-1.8858,-2.6346,1.0125,0.010019,0.37523,0,0.92688,1.4546,-0.8773,0.068549,-0.072819,-0.42258,-0.024911,9.3372,-0.24931,-0.16557,0,0,0,2.0151,2.0122,2.0123,2.0147,-8.1029,1.0424,-0.2024,-46.211,3.3578,1.3503,13.424
11.95,-1.8708,-2.6434,1.0131,0.0096273,0.3732,0,0.9277,1.5475,-0.87974,0.066883,-0.075617,-0.45184,-0.025731,9.2539,-0.23872,-0.16752,0,0,0,2.0062,2.0033,2.0034,2.0057,-8.562,1.0757,-0.18891,-45.598,3.2976,1.3484,13.364
11.96,-1.8548,-2.6522,1.0138,0.0092212,0.37104,0,0.92857,1.6396,-0.88207,0.065199,-0.078443,-0.48145,-0.026563,9.166,-0.2278,-0.16935,0,0,0,1.9969,1.9939,1.994,1.9964,-9.0148,1.1083,-0.17543,-44.96,3.2351,1.3457,13.302
11.97,-1.838,-2.661,1.0145,0.0088003,0.36873,0,0.92949,1.7308,-0.8843,0.063497,-0.081296,-0.51144,-0.027408,9.0736,-0.21656,-0.17103,0,0,0,1.9871,1.9842,1.9843,1.9867,-9.4611,1.1404,-0.162,-44.296,3.1701,1.3421,13.237
11.98,-1.8202,-2.6699,1.0151,0.0083645,0.36628,0,0.93047,1.8211,-0.8864,0.061778,-0.084177,-0.54182,-0.028266,8.9768,-0.20499,-0.17259,0,0,0,1.977,1.974,1.9741,1.9766,-9.9006,1.1717,-0.1486,-43.607,3.1029,1.3376,13.17
11.99,-1.8016,-2.6787,1.0157,0.0079135,0.36369,0,0.93149,1.9104,-0.88839,0.060045,-0.087085,-0.57261,-0.029137,8.8756,-0.19312,-0.17401,0,0,0,1.9666,1.9635,1.9636,1.9661,-10.333,1.2024,-0.13525,-42.893,3.0335,1.3323,13.1
12,-1.782,-2.6876,1.0163,0.0074472,0.36095,0,0.93255,1.9986,-0.89027,0.058299,-0.09002,-0.60384,-0.030021,8.7702,-0.18095,-0.17529,0,0,0,1.9557,1.9526,1.9527,1.9553,-10.758,1.2324,-0.12195,-42.156,2.9619,1.3261,13.027
12.01,-1.7616,-2.6965,1.0169,0.0069656,0.35806,0,0.93367,2.0858,-0.89201,0.05654,-0.092981,-0.6355,-0.030917,8.6605,-0.16848,-0.17645,0,0,0,1.9446,1.9414,1.9415,1.9441,-11.176,1.2616,-0.10873,-41.396,2.8881,1.3192,12.953
12.02,-1.7403,-2.7055,1.0174,0.0064684,0.35502,0,0.93484,2.1718,-0.89363,0.05477,-0.095967,-0.66762,-0.031826,8.5467,-0.15572,-0.17747,0,0,0,1.9331,1.9299,1.93,1.9326,-11.586,1.2901,-0.095573,-40.613,2.8124,1.3114,12.876
12.03,-1.7181,-2.7144,1.0179,0.0059554,0.35182,0,0.93605,2.2567,-0.89513,0.052991,-0.098977,-0.70021,-0.032747,8.4288,-0.14268,-0.17836,0,0,0,1.9213,1.9181,1.9181,1.9208,-11.988,1.3179,-0.082501,-39.808,2.7346,1.3029,12.797
12.04,-1.6952,-2.7234,1.0185,0.0054266,0.34847,0,0.93731,2.3404,-0.89649,0.051203,-0.10201,-0.73328,-0.033679,8.3069,-0.12936,-0.17912,0,0,0,1.9092,1.9059,1.906,1.9087,-12.382,1.3448,-0.069518,-38.982,2.6549,1.2936,12.717
12.05,-1.6713,-2.7323,1.019,0.0048819,0.34495,0,0.93861,2.4228,-0.89771,0.049409,-0.10506,-0.76682,-0.034624,8.1812,-0.11578,-0.17975,0,0,0,1.8969,1.8936,1.8936,1.8964,-12.768,1.371,-0.056632,-38.136,2.5733,1.2836,12.634
12.06,-1.6467,-2.7413,1.0195,0.004321,0.34127,0,0.93996,2.504,-0.8988,0.047609,-0.10814,-0.80086,-0.035579,8.0516,-0.10195,-0.18025,0,0,0,1.8843,1.8809,1.881,1.8838,-13.145,1.3963,-0.043849,-37.269,2.4899,1.2728,12.55
12.07,-1.6213,-2.7503,1.0199,0.003744,0.33742,0,0.94135,2.5838,-0.89975,0.045804,-0.11122,-0.83539,-0.036545,7.9183,-0.08786,-0.18062,0,0,0,1.8715,1.8681,1.8682,1.871,-13.513,1.4208,-0.031178,-36.383,2.4048,1.2613,12.465
12.08,-1.595,-2.7593,1.0204,0.0031507,0.33341,0,0.94278,2.6623,-0.90056,0.043997,-0.11433,-0.87041,-0.037521,7.7814,-0.073534,-0.18087,0,0,0,1.8585,1.855,1.8551,1.858,-13.873,1.4444,-0.018626,-35.478,2.3179,1.2491,12.378
12.09,-1.568,-2.7683,1.0208,0.002541,0.32922,0,0.94425,2.7394,-0.90122,0.042187,-0.11744,-0.90591,-0.038507,7.6409,-0.058976,-0.181,0,0,0,1.8453,1.8418,1.8419,1.8448,-14.223,1.4671,-0.0061983,-34.554,2.2295,1.2362,12.29
12.1,-1.5403,-2.7773,1.0212,0.001915,0.32485,0,0.94576,2.8151,-0.90174,0.040377,-0.12055,-0.94189,-0.039501,7.4969,-0.044195,-0.181,0,0,0,1.832,1.8284,1.8285,1.8315,-14.564,1.489,0.0060968,-33.613,2.1394,1.2227,12.201
12.11,-1.5117,-2.7864,1.0216,0.0012726,0.32031,0,0.94731,2.8894,-0.9021,0.038568,-0.12367,-0.97833,-0.040503,7.3496,-0.029199,-0.18088,0,0,0,1.8185,1.8149,1.815,1.818,-14.895,1.5099,0.018253,-32.655,2.0479,1.2085,12.111
12.12,-1.4825,-2.7954,1.022,0.0006137,0.31558,0,0.9489,2.9621,-0.90232,0.03676,-0.12679,-1.0152,-0.041511,7.1991,-0.014,-0.18063,0,0,0,1.8049,1.8013,1.8014,1.8045,-15.217,1.5299,0.030264,-31.68,1.9549,1.1936,12.02
12.13,-1.4525,-2.8044,1.0223,-6.1546e-05,0.31067,0,0.95052,3.0333,-0.90238,0.034956,-0.1299,-1.0525,-0.042526,7.0453,0.0013957,-0.18027,0,0,0,1.7913,1.7876,1.7877,1.7908,-15.529,1.549,0.042123,-30.69,1.8605,1.1781,11.929
12.14,-1.4218,-2.8134,1.0227,-0.00075311,0.30558,0,0.95217,3.103,-0.90229,0.033155,-0.13299,-1.0903,-0.043544,6.8885,0.016977,-0.17979,0,0,0,1.7776,1.7739,1.774,1.7771,-15.83,1.5671,0.053825,-29.684,1.7648,1.1621,11.838
12.15,-1.3904,-2.8225,1.023,-0.0014609,0.30029,0,0.95385,3.1711,-0.90204,0.03136,-0.13607,-1.1283,-0.044566,6.7288,0.032735,-0.1792,0,0,0,1.7638,1.7601,1.7602,1.7634,-16.122,1.5843,0.065363,-28.663,1.6678,1.1454,11.746
12.16,-1.3584,-2.8315,1.0233,-0.0021848,0.29481,0,0.95555,3.2376,-0.90164,0.029572,-0.13912,-1.1668,-0.045589,6.5661,0.04866,-0.17849,0,0,0,1.7501,1.7464,1.7464,1.7496,-16.404,1.6005,0.076731,-27.629,1.5696,1.1281,11.654
12.17,-1.3257,-2.8405,1.0236,-0.0029246,0.28914,0,0.95728,3.3024,-0.90107,0.027791,-0.14213,-1.2055,-0.046612,6.4007,0.064741,-0.17766,0,0,0,1.7363,1.7326,1.7326,1.7359,-16.675,1.6157,0.087923,-26.581,1.4703,1.1103,11.562
12.18,-1.2924,-2.8495,1.0239,-0.00368,0.28327,0,0.95903,3.3656,-0.90034,0.026019,-0.1451,-1.2444,-0.047633,6.2327,0.08097,-0.17673,0,0,0,1.7227,1.7189,1.7189,1.7222,-16.935,1.6299,0.098935,-25.52,1.3699,1.0919,11.471
12.19,-1.2584,-2.8585,1.0241,-0.0044509,0.2772,0,0.9608,3.4271,-0.89945,0.024257,-0.14802,-1.2835,-0.04865,6.0621,0.097335,-0.17568,0,0,0,1.709,1.7053,1.7053,1.7086,-17.185,1.6431,0.10976,-24.447,1.2685,1.073,11.38
12.2,-1.2238,-2.8675,1.0244,-0.0052369,0.27094,0,0.96258,3.4868,-0.89839,0.022505,-0.15087,-1.3227,-0.049662,5.889,0.11383,-0.17453,0,0,0,1.6955,1.6918,1.6918,1.6951,-17.424,1.6552,0.12039,-23.362,1.166,1.0536,11.29
12.21,-1.1887,-2.8765,1.0246,-0.0060376,0.26447,0,0.96438,3.5448,-0.89717,0.020766,-0.15366,-1.3619,-0.050665,5.7136,0.13044,-0.17328,0,0,0,1.6821,1.6784,1.6784,1.6817,-17.652,1.6664,0.13083,-22.267,1.0627,1.0337,11.201
12.22,-1.1529,-2.8854,1.0248,-0.0068526,0.2578,0,0.96617,3.6011,-0.89578,0.01904,-0.15636,-1.4011,-0.051658,5.536,0.14715,-0.17192,0,0,0,1.6689,1.6652,1.6652,1.6685,-17.869,1.6765,0.14107,-21.161,0.95858,1.0133,11.113
12.23,-1.1166,-2.8944,1.025,-0.0076813,0.25093,0,0.96797,3.6555,-0.89423,0.017328,-0.15897,-1.4402,-0.052638,5.3563,0.16396,-0.17046,0,0,0,1.6558,1.6522,1.6521,1.6555,-18.075,1.6856,0.15109,-20.045,0.85364,0.99238,11.026
12.24,-1.0798,-2.9033,1.0251,-0.0085233,0.24386,0,0.96977,3.7082,-0.8925,0.015632,-0.16147,-1.479,-0.053602,5.1745,0.18086,-0.1689,0,0,0,1.643,1.6393,1.6393,1.6426,-18.27,1.6936,0.16091,-18.919,0.74797,0.97103,10.94
12.25,-1.0425,-2.9122,1.0253,-0.0093778,0.23658,0,0.97157,3.759,-0.89061,0.013951,-0.16386,-1.5174,-0.054548,4.9909,0.19783,-0.16724,0,0,0,1.6304,1.6268,1.6267,1.63,-18.454,1.7005,0.17051,-17.786,0.64165,0.94925,10.857
12.26,-1.0046,-2.9211,1.0254,-0.010244,0.22911,0,0.97335,3.808,-0.88855,0.012287,-0.16612,-1.5554,-0.055472,4.8055,0.21487,-0.16549,0,0,0,1.618,1.6145,1.6144,1.6177,-18.626,1.7064,0.1799,-16.644,0.53472,0.92704,10.775
12.27,-0.96633,-2.93,1.0255,-0.011122,0.22144,0,0.97511,3.8551,-0.88631,0.010641,-0.16824,-1.5928,-0.056372,4.6184,0.23196,-0.16364,0,0,0,1.606,1.6025,1.6024,1.6057,-18.787,1.7112,0.18905,-15.495,0.42725,0.90442,10.694
12.28,-0.92755,-2.9388,1.0256,-0.012009,0.21357,0,0.97685,3.9004,-0.88391,0.0090146,-0.1702,-1.6295,-0.057244,4.4298,0.24909,-0.16171,0,0,0,1.5942,1.5909,1.5908,1.594,-18.936,1.7149,0.19798,-14.339,0.31929,0.88141,10.616
12.29,-0.88833,-2.9477,1.0257,-0.012906,0.20551,0,0.97857,3.9437,-0.88133,0.0074075,-0.172,-1.6654,-0.058086,4.2397,0.26625,-0.15968,0,0,0,1.5829,1.5796,1.5795,1.5826,-19.073,1.7176,0.20668,-13.176,0.21092,0.85801,10.541
12.3,-0.84868,-2.9565,1.0258,-0.013811,0.19727,0,0.98025,3.9852,-0.87858,0.0058212,-0.17361,-1.7002,-0.058893,4.0484,0.28344,-0.15757,0,0,0,1.5718,1.5687,1.5685,1.5716,-19.199,1.7192,0.21514,-12.008,0.10218,0.83425,10.468
12.31,-0.80863,-2.9652,1.0258,-0.014724,0.18884,0,0.9819,4.0247,-0.87566,0.0042564,-0.17503,-1.734,-0.059663,3.8558,0.30063,-0.15538,0,0,0,1.5612,1.5582,1.558,1.561,-19.314,1.7196,0.22336,-10.836,-0.0068549,0.81014,10.397
12.32,-0.7682,-2.974,1.0258,-0.015642,0.18024,0,0.9835,4.0623,-0.87257,0.0027139,-0.17624,-1.7664,-0.060392,3.6621,0.31782,-0.15311,0,0,0,1.551,1.5481,1.5479,1.5508,-19.416,1.719,0.23134,-9.6584,-0.11613,0.7857,10.33
12.33,-0.72739,-2.9827,1.0259,-0.016565,0.17146,0,0.98505,4.0979,-0.86931,0.0011945,-0.17724,-1.7974,-0.061078,3.4675,0.33501,-0.15075,0,0,0,1.5412,1.5385,1.5383,1.5411,-19.507,1.7173,0.23908,-8.4774,-0.22559,0.76094,10.265
12.34,-0.68624,-2.9914,1.0259,-0.017492,0.16252,0,0.98655,4.1316,-0.86587,-0.00030096,-0.17801,-1.8268,-0.061715,3.272,0.35217,-0.14833,0,0,0,1.5319,1.5293,1.5291,1.5318,-19.586,1.7145,0.24656,-7.2932,-0.33516,0.73588,10.204
12.35,-0.64477,-3,1.0259,-0.018421,0.15343,0,0.98799,4.1634,-0.86226,-0.0017718,-0.17854,-1.8544,-0.062303,3.0758,0.36929,-0.14582,0,0,0,1.523,1.5207,1.5205,1.523,-19.653,1.7106,0.25379,-6.1065,-0.44479,0.71053,10.145
12.36,-0.60298,-3.0086,1.0258,-0.019351,0.14419,0,0.98936,4.1931,-0.85849,-0.0032172,-0.17881,-1.8802,-0.062837,2.879,0.38638,-0.14325,0,0,0,1.5147,1.5126,1.5123,1.5147,-19.708,1.7056,0.26077,-4.9178,-0.55443,0.68491,10.091
12.37,-0.56091,-3.0172,1.0258,-0.020281,0.13482,0,0.99066,4.2209,-0.85454,-0.0046366,-0.17884,-1.9039,-0.063315,2.6817,0.4034,-0.14061,0,0,0,1.5069,1.505,1.5047,1.5069,-19.751,1.6995,0.26749,-3.7277,-0.66399,0.65903,10.039
12.38,-0.51857,-3.0257,1.0257,-0.021208,0.12532,0,0.99189,4.2468,-0.85042,-0.0060292,-0.1786,-1.9254,-0.063733,2.484,0.42036,-0.1379,0,0,0,1.4996,1.4979,1.4977,1.4997,-19.782,1.6923,0.27395,-2.5368,-0.77344,0.63291,9.9915
12.39,-0.47598,-3.0342,1.0257,-0.022132,0.11571,0,0.99304,4.2706,-0.84613,-0.0073944,-0.17808,-1.9446,-0.064091,2.2861,0.43724,-0.13513,0,0,0,1.4929,1.4915,1.4912,1.493,-19.802,1.6841,0.28015,-1.3458,-0.8827,0.60656,9.9476
12.4,-0.43317,-3.0426,1.0256,-0.02305,0.106,0,0.9941,4.2925,-0.84167,-0.0087316,-0.1773,-1.9614,-0.064384,2.088,0.45404,-0.1323,0,0,0,1.4868,1.4856,1.4853,1.4869,-19.809,1.6747,0.28608,-0.15528,-0.99172,0.58,9.9075
12.41,-0.39014,-3.051,1.0255,-0.023962,0.096205,0,0.99507,4.3124,-0.83705,-0.01004,-0.17624,-1.9756,-0.064613,1.89,0.47073,-0.12941,0,0,0,1.4812,1.4803,1.4799,1.4814,-19.805,1.6642,0.29175,1.0342,-1.1004,0.55325,9.8712
12.42,-0.34692,-3.0594,1.0254,-0.024865,0.086333,0,0.99596,4.3303,-0.83226,-0.01132,-0.1749,-1.9872,-0.064774,1.692,0.48732,-0.12647,0,0,0,1.4762,1.4755,1.4752,1.4764,-19.789,1.6527,0.29715,2.2221,-1.2088,0.52632,9.839
12.43,-0.30354,-3.0677,1.0253,-0.025759,0.076402,0,0.99674,4.3462,-0.8273,-0.012569,-0.17329,-1.996,-0.064867,1.4942,0.50378,-0.12347,0,0,0,1.4718,1.4714,1.4711,1.4721,-19.76,1.64,0.30227,3.4077,-1.3167,0.49922,9.8107
12.44,-0.26001,-3.0759,1.0251,-0.026642,0.066427,0,0.99744,4.3602,-0.82218,-0.013789,-0.17141,-2.002,-0.06489,1.2968,0.52012,-0.12042,0,0,0,1.468,1.4679,1.4676,1.4683,-19.72,1.6263,0.30713,4.5904,-1.4242,0.47197,9.7864
12.45,-0.21634,-3.0841,1.025,-0.027512,0.056421,0,0.99803,4.3722,-0.8169,-0.014978,-0.16926,-2.0052,-0.064844,1.0999,0.53631,-0.11733,0,0,0,1.4648,1.465,1.4647,1.4652,-19.669,1.6116,0.31171,5.7697,-1.5311,0.44459,9.7662
12.46,-0.17257,-3.0922,1.0248,-0.028367,0.046401,0,0.99852,4.3822,-0.81146,-0.016135,-0.16686,-2.0055,-0.064729,0.90349,0.55235,-0.11419,0,0,0,1.4623,1.4628,1.4624,1.4627,-19.605,1.5957,0.31602,6.9449,-1.6373,0.41709,9.7501
12.47,-0.12871,-3.1003,1.0247,-0.029207,0.036382,0,0.99891,4.3902,-0.80585,-0.017261,-0.1642,-2.0029,-0.064544,0.70781,0.56822,-0.11101,0,0,0,1.4603,1.4611,1.4607,1.4607,-19.53,1.5788,0.32005,8.1154,-1.743,0.38949,9.738
12.48,-0.084772,-3.1084,1.0245,-0.03003,0.02638,0,0.9992,4.3963,-0.80009,-0.018355,-0.1613,-1.9975,-0.064291,0.51294,0.58392,-0.10779,0,0,0,1.459,1.46,1.4596,1.4594,-19.443,1.5609,0.32381,9.2806,-1.8479,0.3618,9.7299
12.49,-0.040786,-3.1163,1.0243,-0.030835,0.016409,0,0.99939,4.4005,-0.79418,-0.019417,-0.15817,-1.9891,-0.06397,0.31899,0.59943,-0.10453,0,0,0,1.4582,1.4595,1.4591,1.4587,-19.344,1.5419,0.32729,10.44,-1.952,0.33404,9.7258
12.5,0.0032318,-3.1242,1.0241,-0.031621,0.0064859,0,0.99948,4.4027,-0.78811,-0.020446,-0.15483,-1.978,-0.063584,0.12609,0.61475,-0.10124,0,0,0,1.458,1.4596,1.4592,1.4585,-19.234,1.5218,0.33049,11.593,-2.0553,0.30622,9.7256
12.51,0.047262,-3.1321,1.0239,-0.032387,-0.0033754,0,0.99947,4.403,-0.78188,-0.021442,-0.15128,-1.9641,-0.063133,-0.065646,0.62987,-0.097923,0,0,0,1.4584,1.4603,1.4599,1.459,-19.112,1.5008,0.33341,12.739,-2.1576,0.27837,9.7293
12.52,0.091286,-3.1399,1.0237,-0.033131,-0.01316,0,0.99936,4.4014,-0.77551,-0.022404,-0.14755,-1.9475,-0.062621,-0.25611,0.64476,-0.094575,0,0,0,1.4594,1.4615,1.4611,1.46,-18.979,1.4787,0.33606,13.877,-2.259,0.25049,9.7368
12.53,0.13528,-3.1476,1.0235,-0.033853,-0.022854,0,0.99917,4.3979,-0.76899,-0.023333,-0.14364,-1.9283,-0.062049,-0.44519,0.65944,-0.091203,0,0,0,1.461,1.4633,1.4629,1.4616,-18.835,1.4556,0.33842,15.006,-2.3594,0.2226,9.7479
12.54,0.17924,-3.1553,1.0232,-0.034552,-0.032444,0,0.99888,4.3925,-0.76232,-0.024228,-0.13958,-1.9067,-0.06142,-0.63277,0.67387,-0.087808,0,0,0,1.4631,1.4656,1.4652,1.4637,-18.679,1.4315,0.34051,16.127,-2.4587,0.19471,9.7627
12.55,0.22313,-3.1629,1.023,-0.035227,-0.041917,0,0.9985,4.3853,-0.75551,-0.025089,-0.13538,-1.8827,-0.060738,-0.81874,0.68806,-0.084393,0,0,0,1.4657,1.4685,1.468,1.4663,-18.512,1.4064,0.34232,17.239,-2.5569,0.16685,9.7809
12.56,0.26694,-3.1704,1.0227,-0.035878,-0.05126,0,0.99804,4.3761,-0.74856,-0.025916,-0.13106,-1.8565,-0.060005,-1.003,0.702,-0.080962,0,0,0,1.4688,1.4718,1.4714,1.4695,-18.334,1.3804,0.34385,18.34,-2.6538,0.13903,9.8024
12.57,0.31064,-3.1778,1.0224,-0.036504,-0.060463,0,0.9975,4.3652,-0.74147,-0.026708,-0.12664,-1.8281,-0.059225,-1.1854,0.71567,-0.077517,0,0,0,1.4724,1.4756,1.4752,1.4731,-18.145,1.3533,0.3451,19.431,-2.7495,0.11125,9.8271
12.58,0.35423,-3.1852,1.0222,-0.037105,-0.069514,0,0.99689,4.3524,-0.73425,-0.027466,-0.12213,-1.7978,-0.058401,-1.3659,0.72906,-0.074061,0,0,0,1.4765,1.4798,1.4794,1.4772,-17.946,1.3254,0.34607,20.51,-2.8439,0.083553,9.8549
12.59,0.39769,-3.1925,1.0219,-0.037681,-0.078404,0,0.99621,4.3379,-0.72689,-0.028189,-0.11754,-1.7657,-0.057537,-1.5443,0.74217,-0.070597,0,0,0,1.481,1.4845,1.4841,1.4817,-17.735,1.2965,0.34677,21.577,-2.9369,0.055935,9.8856
12.6,0.44099,-3.1997,1.0216,-0.038231,-0.087123,0,0.99546,4.3216,-0.71941,-0.028878,-0.1129,-1.732,-0.056636,-1.7205,0.75499,-0.067127,0,0,0,1.4859,1.4896,1.4892,1.4867,-17.514,1.2666,0.34719,22.632,-3.0284,0.028417,9.919
12.61,0.48411,-3.2069,1.0213,-0.038755,-0.095664,0,0.99466,4.3035,-0.71179,-0.029532,-0.10821,-1.6967,-0.055703,-1.8945,0.7675,-0.063654,0,0,0,1.4913,1.4951,1.4947,1.492,-17.283,1.2359,0.34734,23.674,-3.1185,0.001015,9.9551
12.62,0.52705,-3.214,1.021,-0.039254,-0.10402,0,0.9938,4.2837,-0.70406,-0.030151,-0.1035,-1.6601,-0.05474,-2.0661,0.7797,-0.060181,0,0,0,1.497,1.5009,1.5005,1.4977,-17.041,1.2043,0.34721,24.702,-3.207,-0.026256,9.9935
12.63,0.56978,-3.221,1.0207,-0.039727,-0.11218,0,0.99289,4.2622,-0.6962,-0.030736,-0.09877,-1.6223,-0.053751,-2.2353,0.79158,-0.056711,0,0,0,1.503,1.507,1.5066,1.5038,-16.789,1.1718,0.34681,25.715,-3.2938,-0.05338,10.034
12.64,0.61229,-3.2279,1.0204,-0.040174,-0.12015,0,0.99194,4.239,-0.68823,-0.031285,-0.094038,-1.5834,-0.05274,-2.4019,0.80313,-0.053246,0,0,0,1.5094,1.5135,1.5131,1.5101,-16.527,1.1384,0.34614,26.714,-3.379,-0.080342,10.077
12.65,0.65455,-3.2347,1.0201,-0.040596,-0.12791,0,0.99095,4.2141,-0.68014,-0.031801,-0.089313,-1.5436,-0.05171,-2.5658,0.81435,-0.049789,0,0,0,1.516,1.5202,1.5198,1.5168,-16.254,1.1042,0.34521,27.697,-3.4625,-0.10713,10.121
12.66,0.69657,-3.2415,1.0198,-0.040993,-0.13546,0,0.98993,4.1877,-0.67194,-0.032281,-0.084607,-1.503,-0.050664,-2.7269,0.82522,-0.046342,0,0,0,1.5229,1.5272,1.5268,1.5237,-15.973,1.0692,0.344,28.664,-3.5442,-0.13372,10.168
12.67,0.7383,-3.2482,1.0194,-0.041365,-0.14281,0,0.98889,4.1596,-0.66364,-0.032727,-0.079928,-1.4618,-0.049605,-2.8852,0.83573,-0.04291,0,0,0,1.5301,1.5343,1.534,1.5308,-15.681,1.0333,0.34253,29.615,-3.624,-0.1601,10.215
12.68,0.77975,-3.2548,1.0191,-0.041713,-0.14994,0,0.98782,4.13,-0.65523,-0.033139,-0.075284,-1.42,-0.048536,-3.0405,0.84588,-0.039493,0,0,0,1.5374,1.5417,1.5414,1.5381,-15.38,0.99669,0.3408,30.548,-3.7018,-0.18625,10.264
12.69,0.8209,-3.2613,1.0188,-0.042036,-0.15685,0,0.98673,4.0988,-0.64672,-0.033517,-0.070683,-1.3778,-0.047461,-3.1928,0.85566,-0.036094,0,0,0,1.5449,1.5492,1.5489,1.5456,-15.07,0.95929,0.33881,31.463,-3.7777,-0.21217,10.314
12.7,0.86172,-3.2677,1.0184,-0.042336,-0.16355,0,0.98563,4.0661,-0.63812,-0.033861,-0.066129,-1.3353,-0.046381,-3.3419,0.86506,-0.032717,0,0,0,1.5526,1.5569,1.5566,1.5533,-14.751,0.92114,0.33656,32.359,-3.8516,-0.23783,10.366
12.71,0.90222,-3.274,1.0181,-0.042613,-0.17003,0,0.98452,4.032,-0.62942,-0.034172,-0.061629,-1.2925,-0.045299,-3.4878,0.87408,-0.029364,0,0,0,1.5603,1.5647,1.5644,1.561,-14.423,0.88226,0.33405,33.236,-3.9234,-0.26322,10.417
12.72,0.94236,-3.2803,1.0178,-0.042866,-0.1763,0,0.9834,3.9964,-0.62064,-0.034449,-0.057187,-1.2496,-0.044218,-3.6303,0.88271,-0.026037,0,0,0,1.5682,1.5726,1.5723,1.5689,-14.087,0.84268,0.3313,34.094,-3.993,-0.28832,10.47
12.73,0.98214,-3.2865,1.0174,-0.043097,-0.18234,0,0.98229,3.9594,-0.61177,-0.034693,-0.052806,-1.2067,-0.043139,-3.7695,0.89093,-0.022739,0,0,0,1.5761,1.5805,1.5802,1.5768,-13.741,0.80241,0.32829,34.931,-4.0604,-0.31312,10.523
12.74,1.0215,-3.2925,1.0171,-0.043306,-0.18817,0,0.98118,3.921,-0.60282,-0.034904,-0.048489,-1.1638,-0.042065,-3.9051,0.89875,-0.019472,0,0,0,1.5841,1.5884,1.5881,1.5848,-13.388,0.76148,0.32503,35.747,-4.1255,-0.3376,10.576
12.75,1.0606,-3.2985,1.0167,-0.043494,-0.19378,0,0.98008,3.8813,-0.59379,-0.035082,-0.044237,-1.1209,-0.040997,-4.0372,0.90616,-0.016239,0,0,0,1.5921,1.5964,1.5961,1.5927,-13.027,0.71991,0.32154,36.542,-4.1883,-0.36175,10.629
12.76,1.0992,-3.3044,1.0164,-0.043661,-0.19917,0,0.97899,3.8403,-0.5847,-0.035229,-0.040053,-1.0782,-0.039937,-4.1657,0.91315,-0.013042,0,0,0,1.6,1.6043,1.6041,1.6007,-12.657,0.67772,0.3178,37.314,-4.2487,-0.38554,10.682
12.77,1.1374,-3.3102,1.016,-0.043807,-0.20435,0,0.97792,3.798,-0.57553,-0.035343,-0.035936,-1.0357,-0.038887,-4.2903,0.91971,-0.0098838,0,0,0,1.6079,1.6122,1.6119,1.6086,-12.28,0.63494,0.31383,38.064,-4.3067,-0.40898,10.734
12.78,1.1751,-3.3159,1.0157,-0.043933,-0.20932,0,0.97686,3.7545,-0.5663,-0.035426,-0.031886,-0.99346,-0.037847,-4.4112,0.92584,-0.0067664,0,0,0,1.6158,1.62,1.6198,1.6164,-11.896,0.5916,0.30962,38.79,-4.3621,-0.43203,10.787
12.79,1.2124,-3.3215,1.0153,-0.044039,-0.21407,0,0.97582,3.7098,-0.55702,-0.035479,-0.027904,-0.95147,-0.036818,-4.5282,0.93154,-0.0036921,0,0,0,1.6236,1.6278,1.6275,1.6242,-11.505,0.54771,0.30519,39.492,-4.4149,-0.45468,10.838
12.8,1.2493,-3.3271,1.015,-0.044126,-0.21862,0,0.97481,3.6639,-0.54767,-0.0355,-0.023988,-0.90978,-0.035803,-4.6413,0.9368,-0.00066334,0,0,0,1.6312,1.6354,1.6351,1.6318,-11.106,0.50331,0.30053,40.17,-4.4652,-0.47693,10.889
12.81,1.2857,-3.3325,1.0146,-0.044195,-0.22296,0,0.97383,3.617,-0.53828,-0.035492,-0.020137,-0.86843,-0.034801,-4.7503,0.94161,0.0023178,0,0,0,1.6387,1.6429,1.6426,1.6393,-10.701,0.45841,0.29565,40.823,-4.5127,-0.49874,10.939
12.82,1.3216,-3.3378,1.0142,-0.044245,-0.22709,0,0.97287,3.5689,-0.52884,-0.035454,-0.016349,-0.82742,-0.033814,-4.8553,0.94596,0.005249,0,0,0,1.6461,1.6502,1.65,1.6467,-10.29,0.41306,0.29056,41.449,-4.5575,-0.52012,10.988
12.83,1.3571,-3.3431,1.0139,-0.044277,-0.23103,0,0.97194,3.5199,-0.51936,-0.035387,-0.012623,-0.78678,-0.032842,-4.9561,0.94987,0.0081282,0,0,0,1.6533,1.6573,1.6571,1.6539,-9.8724,0.36727,0.28525,42.05,-4.5994,-0.54103,11.036
12.84,1.392,-3.3482,1.0135,-0.044292,-0.23476,0,0.97104,3.4698,-0.50985,-0.035292,-0.0089565,-0.74652,-0.031885,-5.0527,0.95331,0.010953,0,0,0,1.6603,1.6643,1.6641,1.6609,-9.449,0.32108,0.27974,42.623,-4.6385,-0.56147,11.083
12.85,1.4265,-3.3533,1.0132,-0.044289,-0.23829,0,0.97018,3.4188,-0.5003,-0.035168,-0.0053468,-0.70664,-0.030945,-5.1451,0.95629,0.013722,0,0,0,1.6671,1.671,1.6708,1.6676,-9.0201,0.27451,0.27402,43.169,-4.6747,-0.58142,11.128
12.86,1.4604,-3.3582,1.0128,-0.04427,-0.24163,0,0.96936,3.3669,-0.49072,-0.035018,-0.0017916,-0.66714,-0.030021,-5.2331,0.9588,0.016433,0,0,0,1.6736,1.6776,1.6774,1.6742,-8.5858,0.2276,0.26811,43.686,-4.7078,-0.60087,11.171
12.87,1.4938,-3.3631,1.0125,-0.044234,-0.24477,0,0.96857,3.3142,-0.48112,-0.03484,0.001712,-0.62802,-0.029114,-5.3168,0.96084,0.019084,0,0,0,1.68,1.6838,1.6836,1.6805,-8.1464,0.18037,0.26201,44.175,-4.738,-0.61979,11.213
12.88,1.5267,-3.3678,1.0121,-0.044182,-0.24772,0,0.96782,3.2606,-0.47151,-0.034636,0.0051667,-0.58929,-0.028224,-5.396,0.9624,0.021673,0,0,0,1.686,1.6898,1.6896,1.6865,-7.7024,0.13285,0.25572,44.634,-4.765,-0.63818,11.253
12.89,1.559,-3.3725,1.0118,-0.044114,-0.25049,0,0.96711,3.2063,-0.46188,-0.034407,0.0085755,-0.55093,-0.027352,-5.4708,0.96349,0.024198,0,0,0,1.6918,1.6956,1.6954,1.6923,-7.2539,0.085078,0.24925,45.063,-4.7888,-0.65601,11.292
12.9,1.5908,-3.3771,1.0114,-0.044031,-0.25306,0,0.96645,3.1512,-0.45224,-0.034152,0.011941,-0.51294,-0.026496,-5.5411,0.9641,0.026657,0,0,0,1.6973,1.701,1.7008,1.6978,-6.8012,0.037084,0.2426,45.462,-4.8094,-0.67328,11.328
12.91,1.6221,-3.3816,1.0111,-0.043932,-0.25546,0,0.96582,3.0955,-0.4426,-0.033874,0.015267,-0.4753,-0.025658,-5.6068,0.96423,0.029049,0,0,0,1.7024,1.7062,1.706,1.7029,-6.3447,-0.0111,0.23578,45.829,-4.8267,-0.68997,11.362
12.92,1.6527,-3.3859,1.0108,-0.043818,-0.25767,0,0.96524,3.0391,-0.43296,-0.033572,0.018557,-0.438,-0.024837,-5.668,0.96388,0.031372,0,0,0,1.7073,1.711,1.7108,1.7078,-5.8847,-0.05944,0.2288,46.165,-4.8407,-0.70605,11.395
12.93,1.6828,-3.3902,1.0104,-0.043689,-0.2597,0,0.9647,2.9821,-0.42332,-0.033247,0.021812,-0.40102,-0.024033,-5.7245,0.96305,0.033624,0,0,0,1.7118,1.7155,1.7153,1.7123,-5.4215,-0.1079,0.22166,46.468,-4.8513,-0.72152,11.425
12.94,1.7124,-3.3944,1.0101,-0.043545,-0.26155,0,0.96421,2.9246,-0.4137,-0.032899,0.025037,-0.36436,-0.023247,-5.7764,0.96172,0.035805,0,0,0,1.716,1.7196,1.7195,1.7165,-4.9555,-0.15645,0.21437,46.738,-4.8584,-0.73636,11.453
12.95,1.7413,-3.3985,1.0098,-0.043387,-0.26322,0,0.96376,2.8666,-0.40409,-0.032531,0.028234,-0.328,-0.022477,-5.8236,0.95992,0.037911,0,0,0,1.7199,1.7235,1.7233,1.7203,-4.4869,-0.20506,0.20694,46.974,-4.8619,-0.75056,11.478
12.96,1.7697,-3.4025,1.0095,-0.043214,-0.26472,0,0.96336,2.8082,-0.3945,-0.032141,0.031406,-0.29191,-0.021724,-5.8661,0.95762,0.039943,0,0,0,1.7234,1.7269,1.7267,1.7238,-4.0161,-0.25368,0.19936,47.177,-4.8619,-0.76409,11.501
12.97,1.7975,-3.4064,1.0091,-0.043027,-0.26604,0,0.963,2.7493,-0.38494,-0.031732,0.034557,-0.25608,-0.020988,-5.9039,0.95484,0.041898,0,0,0,1.7265,1.73,1.7298,1.727,-3.5435,-0.30228,0.19166,47.344,-4.8583,-0.77695,11.522
12.98,1.8247,-3.4102,1.0088,-0.042825,-0.26719,0,0.96269,2.6901,-0.37541,-0.031304,0.037689,-0.22049,-0.020269,-5.937,0.95158,0.043776,0,0,0,1.7293,1.7328,1.7326,1.7297,-3.0693,-0.35083,0.18383,47.476,-4.8509,-0.78911,11.541
12.99,1.8513,-3.4139,1.0085,-0.04261,-0.26817,0,0.96243,2.6306,-0.36591,-0.030857,0.040804,-0.18512,-0.019566,-5.9653,0.94783,0.045574,0,0,0,1.7316,1.7351,1.7349,1.7321,-2.5941,-0.39929,0.17588,47.572,-4.8397,-0.80057,11.556
13,1.8773,-3.4175,1.0082,-0.04238,-0.26898,0,0.96221,2.5708,-0.35645,-0.030392,0.043907,-0.14995,-0.018879,-5.9889,0.94359,0.047293,0,0,0,1.7336,1.7371,1.7369,1.7341,-2.118,-0.44762,0.16782,47.631,-4.8248,-0.8113,11.57
13.01,1.9027,-3.421,1.0079,-0.042137,-0.26962,0,0.96204,2.5108,-0.34704,-0.029911,0.046998,-0.11497,-0.018207,-6.0077,0.93887,0.048931,0,0,0,1.7353,1.7387,1.7385,1.7357,-1.6416,-0.49577,0.15965,47.653,-4.8059,-0.8213,11.58
13.02,1.9275,-3.4244,1.0076,-0.041879,-0.2701,0,0.96192,2.4507,-0.33767,-0.029414,0.050081,-0.080142,-0.017551,-6.0217,0.93368,0.050486,0,0,0,1.7365,1.7399,1.7398,1.7369,-1.1651,-0.54372,0.1514,47.637,-4.7831,-0.83053,11.589
13.03,1.9517,-3.4278,1.0073,-0.041608,-0.2704,0,0.96185,2.3904,-0.32837,-0.028902,0.053158,-0.045464,-0.016911,-6.031,0.928,0.051958,0,0,0,1.7374,1.7408,1.7406,1.7378,-0.68897,-0.59142,0.14305,47.583,-4.7563,-0.839,11.594
13.04,1.9753,-3.431,1.007,-0.041322,-0.27054,0,0.96182,2.3301,-0.31912,-0.028375,0.056231,-0.010911,-0.016286,-6.0355,0.92185,0.053346,0,0,0,1.7378,1.7412,1.741,1.7382,-0.21358,-0.63883,0.13462,47.489,-4.7255,-0.84668,11.597
13.05,1.9983,-3.4341,1.0067,-0.041023,-0.27051,0,0.96184,2.2697,-0.30993,-0.027835,0.059303,0.023533,-0.015675,-6.0353,0.91522,0.05465,0,0,0,1.7379,1.7413,1.7411,1.7383,0.26068,-0.68592,0.12612,47.356,-4.6905,-0.85357,11.598
13.06,2.0207,-3.4372,1.0065,-0.040709,-0.27032,0,0.96191,2.2094,-0.30081,-0.027283,0.062374,0.057886,-0.015079,-6.0303,0.90813,0.055869,0,0,0,1.7376,1.741,1.7408,1.738,0.73341,-0.73263,0.11755,47.182,-4.6513,-0.85963,11.596
13.07,2.0425,-3.4402,1.0062,-0.040382,-0.26996,0,0.96202,2.1491,-0.29177,-0.026718,0.065448,0.092164,-0.014497,-6.0206,0.90057,0.057001,0,0,0,1.7369,1.7403,1.7401,1.7373,1.2042,-0.77893,0.10893,46.968,-4.6079,-0.86486,11.591
13.08,2.0637,-3.443,1.0059,-0.04004,-0.26944,0,0.96218,2.089,-0.2828,-0.026143,0.068524,0.12638,-0.01393,-6.0062,0.89255,0.058047,0,0,0,1.7358,1.7392,1.739,1.7362,1.6726,-0.82477,0.10025,46.712,-4.5602,-0.86924,11.584
13.09,2.0843,-3.4458,1.0057,-0.039685,-0.26875,0,0.96239,2.029,-0.27392,-0.025557,0.071605,0.16055,-0.013376,-5.9871,0.88408,0.059006,0,0,0,1.7344,1.7377,1.7375,1.7348,2.1383,-0.87012,0.091544,46.414,-4.5081,-0.87276,11.574
13.1,2.1043,-3.4485,1.0054,-0.039315,-0.2679,0,0.96264,1.9693,-0.26512,-0.024963,0.074692,0.19468,-0.012835,-5.9635,0.87515,0.059878,0,0,0,1.7325,1.7359,1.7357,1.7329,2.6008,-0.91492,0.082802,46.074,-4.4516,-0.8754,11.562
13.11,2.1237,-3.4511,1.0052,-0.038932,-0.26688,0,0.96294,1.9098,-0.25642,-0.02436,0.077785,0.22879,-0.012309,-5.9351,0.86578,0.060662,0,0,0,1.7303,1.7337,1.7335,1.7308,3.0596,-0.95913,0.074039,45.69,-4.3906,-0.87714,11.547
13.12,2.1425,-3.4536,1.0049,-0.038533,-0.2657,0,0.96328,1.8506,-0.24781,-0.02375,0.080885,0.26288,-0.011795,-5.9023,0.85597,0.061358,0,0,0,1.7278,1.7312,1.731,1.7282,3.5144,-1.0027,0.065263,45.262,-4.3251,-0.87798,11.53
13.13,2.1607,-3.4561,1.0047,-0.038121,-0.26436,0,0.96367,1.7917,-0.2393,-0.023133,0.083992,0.29696,-0.011294,-5.8649,0.84573,0.061967,0,0,0,1.7249,1.7283,1.7281,1.7253,3.9647,-1.0456,0.056483,44.79,-4.2549,-0.87788,11.511
13.14,2.1783,-3.4584,1.0045,-0.037694,-0.26285,0,0.9641,1.7333,-0.2309,-0.022511,0.087106,0.33103,-0.010805,-5.823,0.83506,0.062488,0,0,0,1.7217,1.725,1.7248,1.7221,4.4101,-1.0878,0.047708,44.272,-4.1801,-0.87685,11.489
13.15,2.1954,-3.4607,1.0043,-0.037253,-0.26117,0,0.96457,1.6753,-0.2226,-0.021884,0.090227,0.3651,-0.01033,-5.7767,0.82398,0.062921,0,0,0,1.7181,1.7215,1.7212,1.7185,4.85,-1.1292,0.038949,43.709,-4.1006,-0.87486,11.465
13.16,2.2118,-3.4629,1.004,-0.036797,-0.25933,0,0.96509,1.6178,-0.21442,-0.021253,0.093354,0.39916,-0.009866,-5.726,0.81248,0.063267,0,0,0,1.7142,1.7176,1.7173,1.7146,5.2841,-1.1698,0.030214,43.1,-4.0163,-0.8719,11.439
13.17,2.2277,-3.465,1.0038,-0.036326,-0.25732,0,0.96564,1.5608,-0.20635,-0.020619,0.096487,0.43321,-0.0094146,-5.671,0.80059,0.063526,0,0,0,1.71,1.7134,1.7131,1.7104,5.7119,-1.2095,0.021514,42.444,-3.9272,-0.86796,11.411
13.18,2.243,-3.467,1.0036,-0.035841,-0.25515,0,0.96624,1.5044,-0.19841,-0.019983,0.099622,0.46724,-0.0089752,-5.6118,0.7883,0.063698,0,0,0,1.7055,1.7089,1.7086,1.7059,6.1328,-1.2483,0.012858,41.74,-3.8331,-0.86301,11.381
13.19,2.2578,-3.469,1.0034,-0.035341,-0.25281,0,0.96687,1.4486,-0.19059,-0.019345,0.10276,0.50124,-0.0085475,-5.5484,0.77562,0.063783,0,0,0,1.7007,1.7041,1.7038,1.7011,6.5465,-1.2862,0.0042573,40.988,-3.7341,-0.85704,11.349
13.2,2.272,-3.4708,1.0032,-0.034826,-0.2503,0,0.96754,1.3934,-0.1829,-0.018707,0.1059,0.53519,-0.0081315,-5.4809,0.76258,0.063783,0,0,0,1.6956,1.699,1.6988,1.696,6.9524,-1.323,-0.004279,40.187,-3.6301,-0.85004,11.316
13.21,2.2857,-3.4726,1.0031,-0.034296,-0.24763,0,0.96825,1.339,-0.17534,-0.01807,0.10903,0.56908,-0.007727,-5.4094,0.74917,0.063698,0,0,0,1.6903,1.6937,1.6935,1.6907,7.3501,-1.3587,-0.01274,39.337,-3.521,-0.842,11.28
13.22,2.2988,-3.4743,1.0029,-0.033751,-0.2448,0,0.96899,1.2852,-0.16791,-0.017434,0.11215,0.60289,-0.007334,-5.3339,0.7354,0.063528,0,0,0,1.6848,1.6881,1.6879,1.6852,7.739,-1.3934,-0.021116,38.437,-3.4068,-0.83289,11.243
13.23,2.3114,-3.476,1.0027,-0.033191,-0.24179,0,0.96976,1.2323,-0.16063,-0.016799,0.11527,0.63657,-0.0069522,-5.2546,0.7213,0.063276,0,0,0,1.679,1.6823,1.6821,1.6794,8.1186,-1.4269,-0.029394,37.486,-3.2873,-0.82271,11.205
13.24,2.3234,-3.4775,1.0025,-0.032616,-0.23863,0,0.97056,1.1802,-0.15349,-0.016168,0.11836,0.67011,-0.0065817,-5.1716,0.70687,0.062941,0,0,0,1.673,1.6763,1.6761,1.6734,8.4885,-1.4591,-0.037566,36.484,-3.1626,-0.81143,11.165
13.25,2.335,-3.479,1.0024,-0.032027,-0.23529,0,0.9714,1.1289,-0.14649,-0.015541,0.12144,0.70347,-0.0062222,-5.0849,0.69212,0.062525,0,0,0,1.6669,1.6702,1.6699,1.6672,8.8481,-1.4901,-0.045619,35.431,-3.0326,-0.79904,11.124
13.26,2.346,-3.4805,1.0022,-0.031422,-0.2318,0,0.97226,1.0785,-0.13965,-0.014918,0.12449,0.73659,-0.0058738,-4.9947,0.67707,0.062029,0,0,0,1.6605,1.6638,1.6636,1.6609,9.197,-1.5198,-0.053543,34.325,-2.8972,-0.78553,11.081
13.27,2.3566,-3.4818,1.0021,-0.030803,-0.22813,0,0.97314,1.029,-0.13295,-0.014301,0.12751,0.76944,-0.0055364,-4.901,0.66173,0.061455,0,0,0,1.654,1.6573,1.657,1.6544,9.5345,-1.548,-0.061326,33.166,-2.7563,-0.77089,11.038
13.28,2.3666,-3.4831,1.0019,-0.030169,-0.22431,0,0.97405,0.98046,-0.12641,-0.013689,0.13048,0.80196,-0.0052099,-4.804,0.64612,0.060803,0,0,0,1.6474,1.6506,1.6504,1.6478,9.8601,-1.5749,-0.068957,31.954,-2.61,-0.75508,10.994
13.29,2.3762,-3.4844,1.0018,-0.02952,-0.22032,0,0.97498,0.93292,-0.12003,-0.013085,0.13341,0.83407,-0.0048943,-4.7038,0.63024,0.060076,0,0,0,1.6407,1.6439,1.6436,1.641,10.173,-1.6002,-0.076424,30.688,-2.4581,-0.73811,10.949
13.3,2.3853,-3.4855,1.0017,-0.028857,-0.21618,0,0.97593,0.8864,-0.11381,-0.012488,0.13628,0.86573,-0.0045895,-4.6006,0.61412,0.059275,0,0,0,1.6339,1.637,1.6368,1.6342,10.474,-1.624,-0.083715,29.366,-2.3005,-0.71996,10.903
13.31,2.3939,-3.4866,1.0016,-0.02818,-0.21188,0,0.97689,0.84092,-0.10775,-0.0119,0.13909,0.89685,-0.0042955,-4.4944,0.59777,0.058402,0,0,0,1.627,1.6301,1.6298,1.6273,10.761,-1.6462,-0.090819,27.99,-2.1373,-0.7006,10.857
13.32,2.4021,-3.4877,1.0014,-0.027489,-0.20742,0,0.97787,0.79652,-0.10186,-0.01132,0.14182,0.92735,-0.0040122,-4.3854,0.5812,0.057459,0,0,0,1.6201,1.6231,1.6228,1.6204,11.033,-1.6667,-0.097723,26.557,-1.9684,-0.68003,10.811
13.33,2.4098,-3.4887,1.0013,-0.026785,-0.20281,0,0.97885,0.75322,-0.096127,-0.010751,0.14446,0.95715,-0.0037397,-4.2738,0.56444,0.056448,0,0,0,1.6131,1.616,1.6158,1.6134,11.291,-1.6855,-0.10442,25.068,-1.7936,-0.65823,10.764
13.34,2.4172,-3.4896,1.0012,-0.026068,-0.19805,0,0.97984,0.71105,-0.090567,-0.010191,0.14701,0.98616,-0.0034779,-4.1596,0.5475,0.055372,0,0,0,1.6062,1.609,1.6088,1.6065,11.534,-1.7026,-0.11088,23.521,-1.613,-0.63518,10.717
13.35,2.4241,-3.4905,1.0011,-0.025338,-0.19315,0,0.98084,0.67003,-0.085178,-0.0096433,0.14944,1.0143,-0.0032268,-4.0431,0.53039,0.054232,0,0,0,1.5992,1.602,1.6018,1.5995,11.762,-1.7178,-0.11711,21.917,-1.4265,-0.61087,10.671
13.36,2.4306,-3.4913,1.001,-0.024596,-0.18811,0,0.98184,0.63019,-0.07996,-0.009107,0.15175,1.0414,-0.0029863,-3.9245,0.51315,0.05303,0,0,0,1.5923,1.5949,1.5948,1.5926,11.973,-1.7311,-0.1231,20.254,-1.2339,-0.58529,10.624
13.37,2.4367,-3.4921,1.0009,-0.023843,-0.18293,0,0.98284,0.59155,-0.074915,-0.0085829,0.15393,1.0673,-0.0027565,-3.8037,0.49578,0.051771,0,0,0,1.5855,1.588,1.5878,1.5857,12.167,-1.7424,-0.12882,18.533,-1.0354,-0.55842,10.578
13.38,2.4424,-3.4928,1.0009,-0.023078,-0.17762,0,0.98383,0.55413,-0.070045,-0.0080718,0.15595,1.0921,-0.0025372,-3.6812,0.4783,0.050455,0,0,0,1.5787,1.5811,1.5809,1.579,12.343,-1.7518,-0.13426,16.752,-0.83073,-0.53024,10.533
13.39,2.4478,-3.4935,1.0008,-0.022304,-0.17219,0,0.98481,0.51793,-0.065349,-0.007574,0.15781,1.1155,-0.0023284,-3.5569,0.46075,0.049086,0,0,0,1.5721,1.5743,1.5741,1.5723,12.501,-1.759,-0.13942,14.91,-0.61992,-0.50074,10.488
13.4,2.4528,-3.4941,1.0007,-0.021521,-0.16664,0,0.98578,0.48299,-0.06083,-0.0070902,0.15949,1.1374,-0.0021302,-3.4312,0.44313,0.047668,0,0,0,1.5656,1.5676,1.5675,1.5657,12.641,-1.7642,-0.14427,13.008,-0.40288,-0.4699,10.444
13.41,2.4574,-3.4947,1.0006,-0.020729,-0.16098,0,0.98674,0.44931,-0.056487,-0.0066208,0.16098,1.1577,-0.0019423,-3.3042,0.42547,0.046202,0,0,0,1.5592,1.5611,1.5609,1.5593,12.761,-1.7671,-0.14881,11.044,-0.17957,-0.43771,10.401
13.42,2.4617,-3.4953,1.0006,-0.019929,-0.15522,0,0.98768,0.41691,-0.052321,-0.0061663,0.16225,1.1762,-0.0017647,-3.1761,0.4078,0.044692,0,0,0,1.5529,1.5546,1.5545,1.5531,12.862,-1.7677,-0.15302,9.0184,0.050088,-0.40415,10.359
13.43,2.4658,-3.4958,1.0005,-0.019124,-0.14936,0,0.9886,0.3858,-0.048331,-0.0057271,0.1633,1.1929,-0.0015974,-3.047,0.39012,0.043143,0,0,0,1.5469,1.5484,1.5483,1.547,12.942,-1.7661,-0.15689,6.9301,0.28614,-0.36921,10.318
13.44,2.4695,-3.4962,1.0005,-0.018313,-0.14343,0,0.98949,0.35597,-0.044518,-0.0053036,0.16411,1.2075,-0.0014402,-2.9173,0.37248,0.041556,0,0,0,1.541,1.5423,1.5423,1.5411,13,-1.762,-0.1604,4.7785,0.52866,-0.33287,10.278
13.45,2.4729,-3.4966,1.0004,-0.017498,-0.13742,0,0.99036,0.32745,-0.040881,-0.0048961,0.16466,1.2199,-0.0012929,-2.7871,0.35489,0.039936,0,0,0,1.5354,1.5365,1.5364,1.5354,13.037,-1.7555,-0.16354,2.5632,0.77769,-0.29512,10.24
13.46,2.476,-3.497,1.0004,-0.016681,-0.13135,0,0.9912,0.30023,-0.03742,-0.004505,0.16493,1.2301,-0.0011555,-2.6566,0.33738,0.038286,0,0,0,1.53,1.5308,1.5308,1.53,13.051,-1.7464,-0.1663,0.28333,1.0333,-0.25595,10.203
13.47,2.4789,-3.4974,1.0003,-0.015862,-0.12523,0,0.992,0.27432,-0.034133,-0.0041304,0.16492,1.2377,-0.0010276,-2.5261,0.31997,0.036611,0,0,0,1.5248,1.5254,1.5254,1.5248,13.042,-1.7348,-0.16866,-2.0615,1.2956,-0.21532,10.167
13.48,2.4815,-3.4977,1.0003,-0.015044,-0.11908,0,0.99277,0.24971,-0.03102,-0.0037728,0.1646,1.2428,-0.00090924,-2.3959,0.3027,0.034915,0,0,0,1.5199,1.5202,1.5202,1.5198,13.01,-1.7205,-0.1706,-4.4721,1.5645,-0.17324,10.133
13.49,2.4839,-3.498,1.0002,-0.014228,-0.1129,0,0.9935,0.2264,-0.028079,-0.0034322,0.16397,1.2452,-0.00080002,-2.266,0.28557,0.033201,0,0,0,1.5152,1.5152,1.5153,1.5151,12.953,-1.7035,-0.17212,-6.9488,1.8402,-0.12969,10.101
13.5,2.486,-3.4983,1.0002,-0.013415,-0.10671,0,0.9942,0.20439,-0.025308,-0.0031088,0.163,1.2447,-0.00069973,-2.1369,0.26864,0.031474,0,0,0,1.5108,1.5105,1.5106,1.5107,12.871,-1.6836,-0.17319,-9.4924,2.1227,-0.084646,10.071
13.51,2.488,-3.4985,1.0002,-0.012607,-0.10053,0,0.99485,0.18366,-0.022705,-0.0028028,0.16169,1.2413,-0.0006081,-2.0087,0.25191,0.029738,0,0,0,1.5067,1.5061,1.5062,1.5065,12.763,-1.661,-0.1738,-12.104,2.4122,-0.038098,10.043
13.52,2.4897,-3.4987,1.0002,-0.011806,-0.094366,0,0.99547,0.16421,-0.020269,-0.0025141,0.16002,1.2348,-0.00052481,-1.8817,0.23543,0.027999,0,0,0,1.5028,1.5019,1.5021,1.5026,12.628,-1.6354,-0.17395,-14.783,2.7085,0.0099689,10.016
13.53,2.4913,-3.4989,1.0001,-0.011014,-0.088242,0,0.99604,0.14602,-0.017996,-0.0022428,0.15798,1.225,-0.00044954,-1.7562,0.21921,0.026261,0,0,0,1.4993,1.498,1.4982,1.499,12.467,-1.6068,-0.1736,-17.53,3.0119,0.059571,9.9909
13.54,2.4926,-3.4991,1.0001,-0.010233,-0.08217,0,0.99657,0.12908,-0.015884,-0.0019888,0.15556,1.212,-0.00038193,-1.6325,0.2033,0.024529,0,0,0,1.496,1.4944,1.4946,1.4957,12.277,-1.5751,-0.17275,-20.348,3.3223,0.11072,9.9678
13.55,2.4939,-3.4992,1.0001,-0.0094643,-0.076169,0,0.99705,0.11336,-0.013929,-0.0017522,0.15276,1.1955,-0.00032161,-1.5108,0.18772,0.022808,0,0,0,1.493,1.491,1.4913,1.4927,12.06,-1.5403,-0.17138,-23.235,3.6398,0.16344,9.9466
13.56,2.4949,-3.4994,1.0001,-0.0087103,-0.070256,0,0.99749,0.098854,-0.012128,-0.0015326,0.14956,1.1756,-0.00026819,-1.3914,0.1725,0.021103,0,0,0,1.4902,1.4879,1.4883,1.4899,11.812,-1.5023,-0.16947,-26.192,3.9645,0.21774,9.9272
13.57,2.4958,-3.4995,1.0001,-0.007973,-0.064449,0,0.99789,0.085526,-0.010477,-0.00133,0.14595,1.1521,-0.00022124,-1.2746,0.15769,0.01942,0,0,0,1.4878,1.4851,1.4855,1.4874,11.535,-1.461,-0.16702,-29.22,4.2964,0.27363,9.9096
13.58,2.4966,-3.4996,1.0001,-0.0072545,-0.058766,0,0.99825,0.073351,-0.0089728,-0.0011441,0.14193,1.1249,-0.00018036,-1.1608,0.1433,0.017765,0,0,0,1.4856,1.4825,1.483,1.4851,11.228,-1.4163,-0.164,-32.321,4.6357,0.33113,9.8937
13.59,2.4973,-3.4997,1,-0.0065568,-0.053226,0,0.99856,0.062299,-0.0076098,-0.00097462,0.1375,1.0941,-0.0001451,-1.0502,0.12937,0.016142,0,0,0,1.4836,1.4802,1.4807,1.4832,10.889,-1.3683,-0.16039,-35.493,4.9823,0.39026,9.8796
13.6,2.4979,-3.4997,1,-0.0058821,-0.047847,0,0.99884,0.052336,-0.0063837,-0.00082115,0.13265,1.0595,-0.00011501,-0.94312,0.11594,0.014559,0,0,0,1.482,1.4782,1.4787,1.4814,10.518,-1.3167,-0.15619,-38.739,5.3363,0.45104,9.867
13.61,2.4984,-3.4998,1,-0.0052325,-0.04265,0,0.99908,0.043424,-0.0052892,-0.0006833,0.12737,1.0211,-8.9644e-05,-0.83994,0.10305,0.013021,0,0,0,1.4805,1.4763,1.4769,1.4799,10.114,-1.2615,-0.15136,-42.057,5.6978,0.51346,9.856
13.62,2.4988,-3.4998,1,-0.0046103,-0.037653,0,0.99928,0.035523,-0.0043208,-0.00056057,0.12166,0.97877,-6.8553e-05,-0.74096,0.090724,0.011534,0,0,0,1.4793,1.4747,1.4753,1.4787,9.6763,-1.2027,-0.14591,-45.45,6.0668,0.57756,9.8465
13.63,2.4991,-3.4999,1,-0.0040175,-0.032876,0,0.99945,0.02859,-0.0034727,-0.00045243,0.11552,0.9326,-5.1286e-05,-0.64653,0.079007,0.010105,0,0,0,1.4782,1.4733,1.4739,1.4776,9.2045,-1.1402,-0.13981,-48.918,6.4435,0.64335,9.8383
13.64,2.4993,-3.4999,1,-0.0034564,-0.028339,0,0.99959,0.022576,-0.0027386,-0.00035827,0.10895,0.88248,-3.7401e-05,-0.55699,0.067934,0.0087397,0,0,0,1.4774,1.472,1.4727,1.4767,8.6977,-1.0738,-0.13304,-52.461,6.8277,0.71084,9.8314
13.65,2.4995,-3.4999,1,-0.0029291,-0.024061,0,0.99971,0.017432,-0.0021117,-0.0002774,0.10194,0.82839,-2.6468e-05,-0.47269,0.057544,0.007446,0,0,0,1.4767,1.471,1.4717,1.476,8.1551,-1.0036,-0.12559,-56.08,7.2198,0.78005,9.8256
13.66,2.4997,-3.5,1,-0.0024379,-0.020064,0,0.9998,0.013104,-0.0015853,-0.00020909,0.094499,0.77029,-1.8069e-05,-0.39401,0.047876,0.0062303,0,0,0,1.4762,1.47,1.4708,1.4754,7.5758,-0.92938,-0.11743,-59.776,7.6195,0.85099,9.8209
13.67,2.4998,-3.5,1,-0.0019851,-0.016367,0,0.99986,0.0095324,-0.0011517,-0.00015251,0.086611,0.70815,-1.1806e-05,-0.3213,0.03897,0.0050998,0,0,0,1.4759,1.4693,1.4701,1.475,6.9593,-0.85115,-0.10856,-63.548,8.0272,0.92367,9.817
13.68,2.4999,-3.5,1,-0.0015727,-0.01299,0,0.99991,0.0066567,-0.0008032,-0.00010678,0.07828,0.64193,-7.3039e-06,-0.25495,0.030866,0.0040616,0,0,0,1.4756,1.4686,1.4695,1.4747,6.3046,-0.76881,-0.098953,-67.398,8.4427,0.99812,9.814
13.69,2.4999,-3.5,1,-0.0012031,-0.0099548,0,0.99995,0.004411,-0.00053156,-7.0945e-05,0.069501,0.57158,-4.2132e-06,-0.19534,0.023607,0.0031232,0,0,0,1.4755,1.468,1.4689,1.4746,5.6111,-0.68227,-0.088592,-71.327,8.8662,1.0744,9.8117
13.7,2.5,-3.5,1,-0.00087847,-0.0072815,0,0.99997,0.0027262,-0.0003281,-4.396e-05,0.060272,0.49706,-2.2144e-06,-0.14286,0.017235,0.0022923,0,0,0,1.4754,1.4676,1.4685,1.4745,4.8778,-0.59146,-0.07746,-75.335,9.2977,1.1524,9.8099
13.71,2.5,-3.5,1,-0.00060114,-0.0049913,0,0.99999,0.0015287,-0.00018376,-2.4715e-05,0.050587,0.41833,-1.0223e-06,-0.097915,0.011793,0.0015767,0,0,0,1.4754,1.4672,1.4682,1.4744,4.1041,-0.49629,-0.065538,-79.422,9.7372,1.2322,9.8087
13.72,2.5,-3.5,1,-0.00037337,-0.0031054,0,1,0.0007414,-8.9007e-05,-1.2016e-05,0.040442,0.33532,-3.8886e-07,-0.060914,0.0073239,0.00098425,0,0,0,1.4755,1.4668,1.4679,1.4745,3.2891,-0.39669,-0.052809,-83.589,10.185,1.3139,9.8078
13.73,2.5,-3.5,1,-0.0001975,-0.0016454,0,1,0.00028261,-3.3886e-05,-4.5919e-06,0.02983,0.24797,-1.0728e-07,-0.032273,0.0038738,0.00052323,0,0,0,1.4756,1.4665,1.4676,1.4746,2.4321,-0.29257,-0.039255,-87.837,10.641,1.3974,9.8072
13.74,2.5,-3.5,1,-7.5859e-05,-0.00063302,0,1,6.6663e-05,-7.9835e-06,-1.0858e-06,0.018746,0.15623,-1.5609e-08,-0.012416,0.0014879,0.00020197,0,0,0,1.4758,1.4662,1.4674,1.4747,1.5321,-0.18385,-0.024856,-92.166,11.105,1.4827,9.8068
13.75,2.5,-3.5,1,-1.0836e-05,-9.0565e-05,0,1,3.5663e-06,-4.2658e-07,-5.8232e-08,0.0071828,0.060006,-3.1406e-10,-0.0017763,0.00021252,2.8989e-05,0,0,0,1.476,1.466,1.4672,1.4748,0.58846,-0.070439,-0.0095944,-96.578,11.578,1.5699,9.8066
13.756,2.5,-3.5,1,-0,-2.7171e-16,0,1,-2.5535e-15,1.3878e-17,-3.1225e-17,-1.9925e-15,-1.6665e-14,5.4139e-31,-5.3291e-15,0,-8.3267e-17,0,0,0,1.4762,1.4658,1.467,1.4749,-1.6342e-13,1.954e-14,2.4425e-15,-99.268,11.865,1.6232,9.8066
