t,p_x,p_y,p_z,q_x,q_y,q_z,q_w,v_x,v_y,v_z,w_x,w_y,w_z,a_lin_x,a_lin_y,a_lin_z,a_rot_x,a_rot_y,a_rot_z,u_1,u_2,u_3,u_4,jerk_x,jerk_y,jerk_z,snap_x,snap_y,snap_z,thrust
0,-2.5,-3.5,1,0,0,0,1,0,0,0,0,0,0,0,0,0,0,0,0,1.4051,1.5369,1.5373,1.4047,0,0,0,99.381,3.8828,14.691,9.8066
0.01,-2.5,-3.5,1,-9.9869e-06,0.00024872,0,1,1.6337e-05,6.5151e-07,2.4212e-06,-0.0040121,0.098566,-1.3546e-08,0.0048786,0.00019589,0.00072363,0,0,0,1.4088,1.5333,1.5338,1.4084,0.96674,0.039351,0.14364,93.988,3.9867,14.039,9.8073
0.02,-2.5,-3.5,1,-4.0289e-05,0.00097646,0,1,0.0001289,5.2466e-06,1.9153e-05,-0.0081246,0.19161,-2.1361e-07,0.019157,0.00079042,0.0028513,0,0,0,1.4128,1.5301,1.5305,1.4123,1.8802,0.079721,0.28083,88.717,4.0866,13.4,9.8095
0.03,-2.5,-3.5,1,-9.1388e-05,0.0021557,0,1,0.00042905,1.7822e-05,6.3914e-05,-0.01233,0.27919,-1.0655e-06,0.042308,0.0017936,0.0063191,0,0,0,1.4168,1.5271,1.5275,1.4164,2.7415,0.12107,0.41168,83.566,4.1824,12.772,9.813
0.04,-2.5,-3.5,1,-0.00016373,0.0037593,0,0.99999,0.0010029,4.2512e-05,0.00014979,-0.01662,0.36135,-3.3165e-06,0.073817,0.0032149,0.011064,0,0,0,1.4211,1.5243,1.5248,1.4206,3.5519,0.16336,0.53632,78.534,4.2741,12.157,9.8179
0.05,-2.5,-3.5,1,-0.00025772,0.0057603,0,0.99998,0.0019316,8.3545e-05,0.00028925,-0.020988,0.43817,-7.9715e-06,0.11318,0.0050637,0.017025,0,0,0,1.4255,1.5218,1.5223,1.425,4.3125,0.20654,0.65485,73.62,4.3619,11.552,9.8243
0.06,-2.4999,-3.5,1,-0.00037372,0.0081321,0,0.99997,0.0032911,0.00014524,0.00049414,-0.025425,0.50971,-1.6268e-05,0.15991,0.0073486,0.024141,0,0,0,1.4301,1.5195,1.52,1.4296,5.0247,0.25058,0.7674,68.823,4.4456,10.959,9.832
0.07,-2.4999,-3.5,1,-0.00051206,0.010849,0,0.99994,0.0051526,0.000232,0.00077573,-0.029923,0.57605,-2.9651e-05,0.21352,0.010078,0.032353,0,0,0,1.4349,1.5176,1.518,1.4343,5.6894,0.29544,0.87408,64.143,4.5253,10.378,9.8413
0.08,-2.4998,-3.5,1,-0.00067302,0.013884,0,0.9999,0.0075828,0.00034831,0.0011447,-0.034474,0.63727,-4.9745e-05,0.27354,0.01326,0.041604,0,0,0,1.4398,1.5159,1.5163,1.4392,6.3079,0.34107,0.975,59.577,4.6012,9.8079,9.852
0.09,-2.4998,-3.5,1,-0.00085685,0.017212,0,0.99985,0.010643,0.00049873,0.0016111,-0.039071,0.69345,-7.8335e-05,0.33952,0.016902,0.051835,0,0,0,1.445,1.5145,1.5148,1.4443,6.8813,0.38745,1.0703,55.124,4.6731,9.249,9.8643
0.1,-2.4996,-3.5,1.0001,-0.0010637,0.020809,0,0.99978,0.014392,0.0006879,0.0021844,-0.043705,0.74468,-0.00011733,0.41102,0.021011,0.062991,0,0,0,1.4503,1.5134,1.5137,1.4495,7.4108,0.43452,1.16,50.784,4.7411,8.7013,9.8782
0.11,-2.4995,-3.5,1.0001,-0.0012939,0.024649,0,0.9997,0.018881,0.00092053,0.0028738,-0.048367,0.79105,-0.00016875,0.4876,0.025595,0.075017,0,0,0,1.4558,1.5126,1.5128,1.4549,7.8974,0.48226,1.2443,46.556,4.8052,8.1647,9.8937
0.12,-2.4992,-3.5,1.0001,-0.0015473,0.028709,0,0.99959,0.024159,0.0012014,0.0036875,-0.05305,0.83267,-0.00023469,0.56883,0.030658,0.08786,0,0,0,1.4615,1.5122,1.5123,1.4605,8.3422,0.53061,1.3233,42.438,4.8655,7.639,9.9108
0.13,-2.499,-3.5,1.0002,-0.0018242,0.032965,0,0.99945,0.030271,0.0015353,0.0046335,-0.057746,0.86965,-0.00031731,0.6543,0.036209,0.10147,0,0,0,1.4674,1.5121,1.5121,1.4663,8.7465,0.57955,1.3972,38.429,4.922,7.1243,9.9297
0.14,-2.4986,-3.4999,1.0002,-0.0021246,0.037393,0,0.9993,0.037258,0.0019272,0.0057192,-0.062446,0.90209,-0.00041878,0.74363,0.042251,0.11579,0,0,0,1.4735,1.5123,1.5122,1.4722,9.1112,0.62904,1.4659,34.529,4.9746,6.6203,9.9503
0.15,-2.4982,-3.4999,1.0003,-0.0024484,0.041972,0,0.99912,0.045155,0.002382,0.0069514,-0.067144,0.93012,-0.00054131,0.8364,0.048791,0.13077,0,0,0,1.4797,1.5129,1.5126,1.4783,9.4374,0.67903,1.5296,30.735,5.0235,6.127,9.9726
0.16,-2.4977,-3.4999,1.0003,-0.0027957,0.046679,0,0.99891,0.053996,0.0029047,0.0083366,-0.071831,0.95387,-0.00068707,0.93225,0.055833,0.14636,0,0,0,1.4862,1.5139,1.5134,1.4846,9.7263,0.7295,1.5884,27.048,5.0687,5.6443,9.9967
0.17,-2.4971,-3.4999,1.0004,-0.0031662,0.051493,0,0.99867,0.063809,0.0035004,0.0098805,-0.076502,0.97348,-0.00085821,1.0308,0.063383,0.16252,0,0,0,1.4928,1.5152,1.5145,1.491,9.9787,0.78039,1.6425,23.465,5.1101,5.1722,10.022
0.18,-2.4965,-3.4998,1.0005,-0.0035601,0.056394,0,0.9984,0.07462,0.0041741,0.011589,-0.081149,0.98908,-0.0010568,1.1317,0.071443,0.1792,0,0,0,1.4996,1.5169,1.5159,1.4976,10.196,0.83169,1.6919,19.986,5.1478,4.7105,10.05
0.19,-2.4957,-3.4998,1.0007,-0.003977,0.061362,0,0.99811,0.08645,0.0049309,0.013466,-0.085767,1.0008,-0.001285,1.2346,0.080017,0.19634,0,0,0,1.5066,1.5189,1.5177,1.5043,10.379,0.88334,1.7368,16.61,5.1819,4.2592,10.079
0.2,-2.4947,-3.4997,1.0008,-0.0044168,0.066377,0,0.99778,0.099318,0.0057761,0.015517,-0.09035,1.0089,-0.0015446,1.3392,0.08911,0.21392,0,0,0,1.5137,1.5213,1.5199,1.5112,10.528,0.93531,1.7771,13.335,5.2123,3.8181,10.11
0.21,-2.4937,-3.4997,1.001,-0.0048794,0.071422,0,0.99743,0.11324,0.0067149,0.017746,-0.094894,1.0134,-0.0018375,1.4451,0.098725,0.23187,0,0,0,1.5209,1.5241,1.5223,1.5182,10.646,0.98757,1.8132,10.16,5.239,3.3872,10.142
0.22,-2.4925,-3.4996,1.0012,-0.0053646,0.076479,0,0.99706,0.12822,0.0077524,0.020156,-0.099394,1.0145,-0.0021655,1.552,0.10886,0.25017,0,0,0,1.5283,1.5272,1.5251,1.5253,10.732,1.0401,1.8449,7.0853,5.2622,2.9664,10.176
0.23,-2.4911,-3.4995,1.0014,-0.005872,0.081532,0,0.99665,0.14428,0.0088939,0.02275,-0.10385,1.0125,-0.0025302,1.6596,0.11953,0.26876,0,0,0,1.5358,1.5306,1.5283,1.5325,10.788,1.0928,1.8725,4.1084,5.2818,2.5555,10.212
0.24,-2.4896,-3.4994,1.0016,-0.0064016,0.086565,0,0.99623,0.16142,0.010145,0.025532,-0.10825,1.0074,-0.0029332,1.7676,0.13072,0.2876,0,0,0,1.5434,1.5343,1.5317,1.5397,10.814,1.1457,1.8961,1.2286,5.2978,2.1546,10.249
0.25,-2.4879,-3.4993,1.0019,-0.0069529,0.091563,0,0.99578,0.17963,0.01151,0.028503,-0.1126,0.9994,-0.0033759,1.8758,0.14244,0.30666,0,0,0,1.5511,1.5384,1.5354,1.5471,10.813,1.1987,1.9156,-1.5553,5.3103,1.7635,10.287
0.26,-2.486,-3.4992,1.0022,-0.0075259,0.096512,0,0.9953,0.19893,0.012995,0.031665,-0.1169,0.98876,-0.0038595,1.9838,0.15469,0.3259,0,0,0,1.5589,1.5428,1.5394,1.5545,10.784,1.2519,1.9314,-4.2443,5.3194,1.3822,10.326
0.27,-2.4839,-3.499,1.0025,-0.0081201,0.1014,0,0.99481,0.21931,0.014606,0.035021,-0.12115,0.97559,-0.0043853,2.0914,0.16748,0.34528,0,0,0,1.5667,1.5474,1.5437,1.562,10.728,1.3051,1.9433,-6.8395,5.3249,1.0105,10.366
0.28,-2.4816,-3.4989,1.0029,-0.0087354,0.10621,0,0.99431,0.24076,0.016347,0.038571,-0.12534,0.96008,-0.0049543,2.1983,0.1808,0.36476,0,0,0,1.5745,1.5524,1.5483,1.5695,10.647,1.3584,1.9516,-9.342,5.327,0.64828,10.408
0.29,-2.4791,-3.4987,1.0033,-0.0093716,0.11094,0,0.99378,0.26327,0.018223,0.042317,-0.12948,0.94238,-0.0055675,2.3043,0.19465,0.3843,0,0,0,1.5824,1.5575,1.553,1.577,10.542,1.4117,1.9563,-11.753,5.3256,0.29558,10.45
0.3,-2.4763,-3.4985,1.0037,-0.010028,0.11557,0,0.99325,0.28684,0.020241,0.046257,-0.13356,0.92267,-0.0062257,2.409,0.20903,0.40387,0,0,0,1.5903,1.5629,1.558,1.5845,10.412,1.4649,1.9575,-14.074,5.3208,-0.047753,10.493
0.31,-2.4733,-3.4983,1.0042,-0.010705,0.1201,0,0.9927,0.31145,0.022406,0.050394,-0.1376,0.90109,-0.0069296,2.5124,0.22394,0.42344,0,0,0,1.5982,1.5684,1.5632,1.592,10.26,1.5181,1.9554,-16.305,5.3127,-0.3818,10.536
0.32,-2.4701,-3.4981,1.0048,-0.011402,0.12452,0,0.99215,0.33708,0.024722,0.054726,-0.14158,0.87781,-0.0076799,2.6142,0.23939,0.44297,0,0,0,1.6061,1.5742,1.5685,1.5995,10.087,1.5711,1.9499,-18.448,5.3012,-0.70664,10.58
0.33,-2.4666,-3.4978,1.0053,-0.012119,0.12881,0,0.9916,0.36372,0.027195,0.059253,-0.14551,0.85297,-0.0084771,2.7141,0.25537,0.46243,0,0,0,1.6139,1.5801,1.574,1.6069,9.8918,1.6241,1.9413,-20.503,5.2864,-1.0224,10.625
0.34,-2.4628,-3.4975,1.0059,-0.012856,0.13297,0,0.99104,0.39136,0.029831,0.063974,-0.14941,0.82672,-0.0093217,2.8119,0.27187,0.48178,0,0,0,1.6216,1.5861,1.5796,1.6143,9.6769,1.6768,1.9295,-22.473,5.2683,-1.3291,10.669
0.35,-2.4587,-3.4972,1.0066,-0.013612,0.137,0,0.99048,0.41996,0.032635,0.068888,-0.15325,0.79917,-0.010214,2.9076,0.2889,0.50101,0,0,0,1.6293,1.5922,1.5852,1.6215,9.4426,1.7294,1.9147,-24.358,5.2468,-1.6269,10.714
0.36,-2.4544,-3.4969,1.0073,-0.014388,0.14088,0,0.98992,0.4495,0.035611,0.073994,-0.15707,0.77047,-0.011155,3.0007,0.30646,0.52007,0,0,0,1.6369,1.5983,1.591,1.6287,9.19,1.7818,1.897,-26.159,5.2222,-1.9158,10.758
0.37,-2.4498,-3.4965,1.0081,-0.015183,0.14462,0,0.98937,0.47996,0.038766,0.079289,-0.16084,0.74072,-0.012144,3.0913,0.32454,0.53894,0,0,0,1.6444,1.6045,1.5967,1.6358,8.9197,1.8339,1.8764,-27.877,5.1943,-2.196,10.802
0.38,-2.4448,-3.4961,1.0089,-0.015997,0.14821,0,0.98883,0.51132,0.042103,0.084772,-0.16458,0.71005,-0.013181,3.1791,0.34314,0.55759,0,0,0,1.6518,1.6107,1.6025,1.6427,8.6327,1.8856,1.8531,-29.514,5.1631,-2.4675,10.846
0.39,-2.4395,-3.4957,1.0098,-0.01683,0.15164,0,0.98829,0.54353,0.04563,0.09044,-0.1683,0.67855,-0.014268,3.2639,0.36225,0.57599,0,0,0,1.659,1.617,1.6083,1.6495,8.3297,1.9371,1.8271,-31.07,5.1288,-2.7304,10.89
0.4,-2.4339,-3.4952,1.0107,-0.017682,0.15491,0,0.98777,0.57658,0.04935,0.096291,-0.17199,0.64632,-0.015404,3.3456,0.38188,0.59412,0,0,0,1.6661,1.6231,1.614,1.6561,8.0116,1.9882,1.7985,-32.547,5.0914,-2.9849,10.932
0.41,-2.428,-3.4947,1.0117,-0.018553,0.15802,0,0.98726,0.61043,0.053269,0.10232,-0.17566,0.61345,-0.016588,3.4241,0.40201,0.61195,0,0,0,1.673,1.6292,1.6197,1.6626,7.6791,2.0389,1.7675,-33.945,5.0508,-3.2309,10.974
0.42,-2.4217,-3.4941,1.0128,-0.019442,0.16096,0,0.98677,0.64505,0.057392,0.10853,-0.17932,0.58002,-0.017822,3.4992,0.42265,0.62946,0,0,0,1.6797,1.6353,1.6253,1.6689,7.3329,2.0892,1.734,-35.266,5.0071,-3.4687,11.015
0.43,-2.4151,-3.4935,1.0139,-0.020351,0.16374,0,0.98629,0.68041,0.061724,0.11491,-0.18296,0.54611,-0.019106,3.5707,0.4438,0.64662,0,0,0,1.6862,1.6412,1.6308,1.6749,6.974,2.1391,1.6981,-36.512,4.9603,-3.6982,11.055
0.44,-2.4081,-3.4929,1.0151,-0.021278,0.16634,0,0.98584,0.71646,0.06627,0.12146,-0.18659,0.51177,-0.020438,3.6386,0.46543,0.66342,0,0,0,1.6925,1.647,1.6361,1.6808,6.6029,2.1884,1.66,-37.682,4.9104,-3.9196,11.094
0.45,-2.4008,-3.4922,1.0163,-0.022224,0.16878,0,0.9854,0.75317,0.071034,0.12818,-0.19022,0.47708,-0.021821,3.7027,0.48756,0.67982,0,0,0,1.6986,1.6526,1.6413,1.6864,6.2206,2.2373,1.6197,-38.778,4.8575,-4.1329,11.132
0.46,-2.393,-3.4915,1.0176,-0.023189,0.17104,0,0.98499,0.7905,0.076023,0.13505,-0.19384,0.44208,-0.023253,3.763,0.51018,0.69581,0,0,0,1.7044,1.6581,1.6463,1.6918,5.8276,2.2856,1.5774,-39.802,4.8016,-4.3383,11.168
0.47,-2.3849,-3.4907,1.019,-0.024173,0.17313,0,0.9846,0.82841,0.081239,0.14209,-0.19747,0.40682,-0.024734,3.8192,0.53327,0.71136,0,0,0,1.71,1.6634,1.6512,1.697,5.4248,2.3333,1.533,-40.754,4.7427,-4.5358,11.203
0.48,-2.3765,-3.4898,1.0205,-0.025176,0.17504,0,0.98424,0.86687,0.08669,0.14928,-0.2011,0.37135,-0.026265,3.8714,0.55684,0.72646,0,0,0,1.7154,1.6685,1.6558,1.7018,5.0128,2.3804,1.4867,-41.635,4.6808,-4.7255,11.236
0.49,-2.3676,-3.4889,1.022,-0.026199,0.17678,0,0.9839,0.90583,0.092378,0.15662,-0.20474,0.3357,-0.027846,3.9195,0.58088,0.74109,0,0,0,1.7204,1.6733,1.6602,1.7065,4.5923,2.4269,1.4385,-42.447,4.616,-4.9076,11.267
0.5,-2.3583,-3.488,1.0236,-0.02724,0.17834,0,0.98359,0.94524,0.098309,0.1641,-0.20839,0.2999,-0.029477,3.9633,0.60538,0.75522,0,0,0,1.7252,1.6779,1.6644,1.7108,4.1641,2.4727,1.3886,-43.19,4.5483,-5.082,11.297
0.51,-2.3487,-3.487,1.0253,-0.028301,0.17972,0,0.98331,0.98508,0.10449,0.17172,-0.21205,0.26399,-0.031157,4.0027,0.63033,0.76885,0,0,0,1.7297,1.6823,1.6683,1.7148,3.7287,2.5178,1.3369,-43.867,4.4777,-5.2489,11.325
0.52,-2.3386,-3.4859,1.027,-0.029381,0.18092,0,0.98306,1.0253,0.11092,0.17948,-0.21572,0.22799,-0.032888,4.0378,0.65573,0.78196,0,0,0,1.7339,1.6864,1.6719,1.7186,3.287,2.5623,1.2836,-44.477,4.4042,-5.4084,11.351
0.53,-2.3282,-3.4848,1.0289,-0.030481,0.18195,0,0.98284,1.0658,0.1176,0.18736,-0.21942,0.19191,-0.034668,4.0684,0.68157,0.79452,0,0,0,1.7378,1.6902,1.6752,1.722,2.8394,2.6059,1.2288,-45.022,4.3279,-5.5606,11.375
0.54,-2.3173,-3.4835,1.0308,-0.031601,0.1828,0,0.98264,1.1066,0.12455,0.19536,-0.22313,0.15577,-0.036498,4.0946,0.70785,0.80653,0,0,0,1.7414,1.6937,1.6783,1.7251,2.3867,2.6488,1.1724,-45.503,4.2488,-5.7055,11.398
0.55,-2.3061,-3.4823,1.0328,-0.032741,0.18347,0,0.98248,1.1477,0.13176,0.20349,-0.22686,0.11959,-0.038378,4.1162,0.73454,0.81796,0,0,0,1.7447,1.6969,1.681,1.7279,1.9296,2.6909,1.1147,-45.922,4.1669,-5.8433,11.418
0.56,-2.2944,-3.4809,1.0349,-0.0339,0.18396,0,0.98235,1.1889,0.13924,0.21172,-0.23061,0.083381,-0.040309,4.1332,0.76166,0.82882,0,0,0,1.7477,1.6999,1.6835,1.7304,1.4685,2.7321,1.0556,-46.279,4.0822,-5.974,11.436
0.57,-2.2823,-3.4795,1.037,-0.03508,0.18427,0,0.98225,1.2303,0.147,0.22006,-0.23439,0.047144,-0.042289,4.1455,0.78918,0.83907,0,0,0,1.7503,1.7025,1.6856,1.7326,1.0042,2.7725,0.99522,-46.575,3.9948,-6.0977,11.452
0.58,-2.2698,-3.478,1.0393,-0.036281,0.18441,0,0.98218,1.2718,0.15503,0.2285,-0.23819,0.010888,-0.044318,4.1532,0.81711,0.84872,0,0,0,1.7526,1.7047,1.6874,1.7344,0.53721,2.812,0.93365,-46.811,3.9048,-6.2145,11.465
0.59,-2.2568,-3.4764,1.0416,-0.037501,0.18436,0,0.98214,1.3134,0.16334,0.23703,-0.24201,-0.025382,-0.046398,4.1563,0.84542,0.85774,0,0,0,1.7546,1.7067,1.6889,1.7359,0.068162,2.8506,0.87095,-46.989,3.8121,-6.3244,11.477
0.6,-2.2435,-3.4747,1.044,-0.038743,0.18414,0,0.98214,1.355,0.17194,0.24565,-0.24585,-0.061662,-0.048527,4.1546,0.87412,0.86613,0,0,0,1.7562,1.7083,1.6901,1.7371,-0.40238,2.8883,0.80719,-47.109,3.7169,-6.4277,11.486
0.61,-2.2297,-3.4729,1.0465,-0.040005,0.18374,0,0.98216,1.3965,0.18082,0.25435,-0.24972,-0.097952,-0.050706,4.1482,0.90318,0.87388,0,0,0,1.7575,1.7096,1.6909,1.738,-0.87383,2.9249,0.74242,-47.173,3.6192,-6.5242,11.493
0.62,-2.2156,-3.4711,1.0491,-0.041289,0.18316,0,0.98222,1.4379,0.19,0.26313,-0.2536,-0.13425,-0.052934,4.1371,0.93261,0.88098,0,0,0,1.7585,1.7106,1.6914,1.7385,-1.3457,2.9606,0.67672,-47.181,3.5191,-6.6142,11.498
0.63,-2.201,-3.4691,1.0518,-0.042593,0.1824,0,0.9823,1.4792,0.19948,0.27197,-0.25751,-0.17055,-0.055211,4.1213,0.96239,0.88741,0,0,0,1.7592,1.7112,1.6916,1.7387,-1.8173,2.9953,0.61016,-47.135,3.4165,-6.6977,11.501
0.64,-2.186,-3.4671,1.0545,-0.043919,0.18146,0,0.98242,1.5203,0.20925,0.28088,-0.26143,-0.20687,-0.057537,4.1008,0.99251,0.89318,0,0,0,1.7595,1.7115,1.6914,1.7385,-2.2882,3.0289,0.54279,-47.036,3.3116,-6.7748,11.502
0.65,-2.1706,-3.4649,1.0574,-0.045266,0.18034,0,0.98256,1.5612,0.21933,0.28983,-0.26537,-0.24319,-0.059911,4.0755,1.023,0.89826,0,0,0,1.7595,1.7115,1.6909,1.7381,-2.7578,3.0615,0.47468,-46.885,3.2044,-6.8455,11.5
0.66,-2.1548,-3.4627,1.0603,-0.046635,0.17904,0,0.98274,1.6018,0.22971,0.29884,-0.26932,-0.27951,-0.062332,4.0456,1.0537,0.90267,0,0,0,1.7592,1.7112,1.6901,1.7373,-3.2257,3.093,0.4059,-46.682,3.0949,-6.91,11.496
0.67,-2.1385,-3.4603,1.0634,-0.048024,0.17757,0,0.98294,1.6421,0.2404,0.30788,-0.27329,-0.31585,-0.0648,4.011,1.0848,0.90638,0,0,0,1.7586,1.7105,1.689,1.7362,-3.6913,3.1234,0.3365,-46.429,2.9833,-6.9684,11.491
0.68,-2.1219,-3.4579,1.0665,-0.049436,0.17591,0,0.98316,1.682,0.25141,0.31696,-0.27725,-0.35219,-0.067315,3.9718,1.1162,0.9094,0,0,0,1.7576,1.7096,1.6876,1.7348,-4.1541,3.1527,0.26655,-46.127,2.8695,-7.0206,11.483
0.69,-2.1049,-3.4553,1.0697,-0.050869,0.17407,0,0.98342,1.7215,0.26273,0.32607,-0.28122,-0.38853,-0.069875,3.928,1.1479,0.91171,0,0,0,1.7564,1.7083,1.6859,1.7332,-4.6137,3.1808,0.19611,-45.777,2.7536,-7.0669,11.473
0.7,-2.0875,-3.4526,1.073,-0.052323,0.17205,0,0.9837,1.7606,0.27437,0.3352,-0.28519,-0.42487,-0.072479,3.8795,1.1798,0.91332,0,0,0,1.7548,1.7068,1.6839,1.7312,-5.0695,3.2078,0.12524,-45.38,2.6357,-7.1073,11.461
0.71,-2.0697,-3.4498,1.0764,-0.053799,0.16985,0,0.984,1.7991,0.28633,0.34433,-0.28914,-0.46121,-0.075126,3.8266,1.212,0.91421,0,0,0,1.753,1.7049,1.6817,1.7289,-5.5211,3.2335,0.053985,-44.937,2.5158,-7.1418,11.448
0.72,-2.0515,-3.4469,1.0799,-0.055296,0.16747,0,0.98432,1.8371,0.29861,0.35348,-0.29308,-0.49753,-0.077815,3.7691,1.2445,0.9144,0,0,0,1.7509,1.7028,1.6792,1.7264,-5.9681,3.2581,-0.017581,-44.449,2.3939,-7.1705,11.432
0.73,-2.033,-3.4439,1.0835,-0.056814,0.16491,0,0.98467,1.8745,0.31122,0.36262,-0.297,-0.53384,-0.080544,3.7072,1.2772,0.91386,0,0,0,1.7485,1.7005,1.6764,1.7237,-6.41,3.2814,-0.089406,-43.917,2.2702,-7.1936,11.415
0.74,-2.014,-3.4407,1.0871,-0.058353,0.16217,0,0.98504,1.9112,0.32415,0.37175,-0.3009,-0.57011,-0.083311,3.641,1.3101,0.91261,0,0,0,1.7459,1.6979,1.6734,1.7206,-6.8463,3.3035,-0.16143,-43.343,2.1446,-7.2111,11.396
0.75,-1.9947,-3.4374,1.0909,-0.059913,0.15925,0,0.98542,1.9473,0.33742,0.38087,-0.30475,-0.60635,-0.086115,3.5703,1.3432,0.91063,0,0,0,1.743,1.695,1.6702,1.7174,-7.2767,3.3243,-0.23361,-42.727,2.0172,-7.2231,11.376
0.76,-1.9751,-3.4339,1.0948,-0.061493,0.15614,0,0.98582,1.9826,0.35102,0.38996,-0.30857,-0.64252,-0.088953,3.4954,1.3766,0.90793,0,0,0,1.7398,1.692,1.6668,1.7139,-7.7007,3.3438,-0.30588,-42.07,1.8881,-7.2297,11.354
0.77,-1.9551,-3.4304,1.0987,-0.063094,0.15286,0,0.98623,2.0172,0.36495,0.39903,-0.31233,-0.67863,-0.091823,3.4163,1.4101,0.90451,0,0,0,1.7364,1.6887,1.6632,1.7102,-8.1179,3.362,-0.37819,-41.373,1.7573,-7.2309,11.331
0.78,-1.9347,-3.4266,1.1027,-0.064714,0.14939,0,0.98666,2.0509,0.37922,0.40805,-0.31602,-0.71463,-0.094722,3.3331,1.4438,0.90037,0,0,0,1.7329,1.6852,1.6594,1.7063,-8.528,3.3789,-0.45048,-40.638,1.6249,-7.2269,11.306
0.79,-1.9141,-3.4228,1.1069,-0.066353,0.14575,0,0.98709,2.0838,0.39383,0.41703,-0.31965,-0.75052,-0.097647,3.2458,1.4777,0.89551,0,0,0,1.7291,1.6816,1.6555,1.7023,-8.9306,3.3945,-0.52271,-39.865,1.4909,-7.2177,11.281
0.8,-1.8931,-3.4188,1.1111,-0.068011,0.14192,0,0.98754,2.1158,0.40878,0.42596,-0.32319,-0.78627,-0.1006,3.1545,1.5117,0.88992,0,0,0,1.7251,1.6778,1.6514,1.6981,-9.3252,3.4088,-0.59482,-39.056,1.3553,-7.2035,11.254
0.81,-1.8718,-3.4146,1.1154,-0.069687,0.13791,0,0.98799,2.1469,0.42406,0.43483,-0.32663,-0.82184,-0.10356,3.0593,1.5459,0.88361,0,0,0,1.7209,1.6739,1.6473,1.6937,-9.7116,3.4216,-0.66676,-38.211,1.2183,-7.1842,11.226
0.82,-1.8501,-3.4103,1.1198,-0.071381,0.13373,0,0.98844,2.177,0.43969,0.44363,-0.32997,-0.8572,-0.10655,2.9603,1.5801,0.87658,0,0,0,1.7166,1.6699,1.643,1.6892,-10.089,3.4331,-0.73849,-37.332,1.0798,-7.16,11.198
0.83,-1.8282,-3.4058,1.1242,-0.073091,0.12937,0,0.9889,2.2061,0.45567,0.45236,-0.33319,-0.89232,-0.10954,2.8576,1.6145,0.86884,0,0,0,1.7121,1.6657,1.6387,1.6846,-10.458,3.4432,-0.80994,-36.42,0.94001,-7.1309,11.169
0.84,-1.806,-3.4012,1.1288,-0.074817,0.12482,0,0.98935,2.2341,0.47198,0.461,-0.33628,-0.92715,-0.11254,2.7512,1.649,0.86039,0,0,0,1.7075,1.6615,1.6344,1.6799,-10.818,3.4519,-0.88109,-35.475,0.79885,-7.0971,11.139
0.85,-1.7835,-3.3964,1.1335,-0.076558,0.12011,0,0.9898,2.2611,0.48865,0.46956,-0.33922,-0.96165,-0.11554,2.6413,1.6836,0.85122,0,0,0,1.7027,1.6572,1.63,1.6751,-11.167,3.4592,-0.95187,-34.499,0.65641,-7.0586,11.109
0.86,-1.7608,-3.3914,1.1382,-0.078313,0.11522,0,0.99025,2.2869,0.50566,0.47802,-0.34201,-0.99578,-0.11854,2.5279,1.7182,0.84135,0,0,0,1.6979,1.6529,1.6257,1.6703,-11.507,3.465,-1.0222,-33.493,0.51275,-7.0155,11.078
0.87,-1.7378,-3.3862,1.143,-0.080081,0.11016,0,0.99068,2.3116,0.52301,0.48639,-0.34462,-1.0295,-0.12154,2.4111,1.7529,0.83078,0,0,0,1.6929,1.6486,1.6213,1.6654,-11.837,3.4694,-1.0922,-32.458,0.36792,-6.9679,11.047
0.88,-1.7146,-3.3809,1.1479,-0.081861,0.10492,0,0.99111,2.3351,0.54071,0.49464,-0.34705,-1.0627,-0.12451,2.2912,1.7876,0.81951,0,0,0,1.6879,1.6443,1.6171,1.6605,-12.157,3.4724,-1.1616,-31.395,0.22196,-6.9159,11.016
0.89,-1.6911,-3.3754,1.1529,-0.083651,0.099522,0,0.99151,2.3574,0.55876,0.50277,-0.34927,-1.0954,-0.12747,2.168,1.8223,0.80755,0,0,0,1.6829,1.64,1.6129,1.6556,-12.465,3.4739,-1.2305,-30.304,0.074925,-6.8595,10.986
0.9,-1.6674,-3.3697,1.158,-0.08545,0.093957,0,0.9919,2.3785,0.57716,0.51079,-0.35128,-1.1274,-0.1304,2.0419,1.857,0.7949,0,0,0,1.6777,1.6357,1.6088,1.6507,-12.763,3.4739,-1.2988,-29.188,-0.073128,-6.7988,10.955
0.91,-1.6435,-3.3639,1.1631,-0.087257,0.088229,0,0.99227,2.3983,0.5959,0.51867,-0.35306,-1.1588,-0.1333,1.9128,1.8918,0.78157,0,0,0,1.6726,1.6315,1.6048,1.6459,-13.049,3.4724,-1.3664,-28.047,-0.22215,-6.734,10.925
0.92,-1.6195,-3.3578,1.1684,-0.089071,0.082343,0,0.99262,2.4167,0.61499,0.52642,-0.3546,-1.1895,-0.13615,1.781,1.9265,0.76757,0,0,0,1.6675,1.6274,1.601,1.6411,-13.323,3.4694,-1.4334,-26.882,-0.37209,-6.665,10.895
0.93,-1.5952,-3.3516,1.1737,-0.090889,0.076302,0,0.99293,2.4339,0.63443,0.53402,-0.35588,-1.2194,-0.13896,1.6464,1.9612,0.75291,0,0,0,1.6623,1.6233,1.5973,1.6364,-13.586,3.465,-1.4997,-25.694,-0.5229,-6.5921,10.866
0.94,-1.5708,-3.3451,1.179,-0.09271,0.07011,0,0.99322,2.4497,0.65422,0.54147,-0.35689,-1.2483,-0.14171,1.5093,1.9958,0.73758,0,0,0,1.6572,1.6194,1.5938,1.6318,-13.837,3.459,-1.5653,-24.484,-0.67453,-6.5152,10.837
0.95,-1.5462,-3.3385,1.1845,-0.094532,0.063773,0,0.99348,2.4641,0.67435,0.54877,-0.35762,-1.2764,-0.14441,1.3697,2.0303,0.7216,0,0,0,1.6521,1.6157,1.5905,1.6272,-14.076,3.4515,-1.63,-23.254,-0.82692,-6.4345,10.809
0.96,-1.5215,-3.3316,1.19,-0.096354,0.057295,0,0.9937,2.4771,0.69482,0.5559,-0.35806,-1.3033,-0.14702,1.2278,2.0648,0.70498,0,0,0,1.6471,1.6121,1.5875,1.6229,-14.302,3.4424,-1.6939,-22.004,-0.98002,-6.35,10.783
0.97,-1.4967,-3.3246,1.1956,-0.098174,0.050682,0,0.99388,2.4886,0.71564,0.56287,-0.35819,-1.3292,-0.14957,1.0837,2.0992,0.68773,0,0,0,1.6422,1.6087,1.5847,1.6186,-14.516,3.4319,-1.757,-20.736,-1.1338,-6.2618,10.757
0.98,-1.4717,-3.3173,1.2013,-0.099989,0.04394,0,0.99402,2.4987,0.73681,0.56965,-0.35801,-1.3539,-0.15202,0.93752,2.1334,0.66985,0,0,0,1.6373,1.6054,1.5822,1.6146,-14.717,3.4198,-1.8192,-19.45,-1.2882,-6.17,10.732
0.99,-1.4467,-3.3099,1.207,-0.1018,0.037074,0,0.99411,2.5074,0.75831,0.57626,-0.3575,-1.3774,-0.15438,0.7894,2.1676,0.65135,0,0,0,1.6326,1.6024,1.5799,1.6107,-14.905,3.4061,-1.8804,-18.147,-1.4431,-6.0746,10.709
1,-1.4216,-3.3022,1.2128,-0.1036,0.030092,0,0.99416,2.5145,0.78016,0.58268,-0.35666,-1.3995,-0.15664,0.63947,2.2015,0.63224,0,0,0,1.628,1.5996,1.578,1.607,-15.08,3.3909,-1.9406,-16.829,-1.5986,-5.9759,10.688
1.01,-1.3964,-3.2943,1.2187,-0.10539,0.023001,0,0.99416,2.5201,0.80234,0.5889,-0.35549,-1.4202,-0.15878,0.48785,2.2354,0.61254,0,0,0,1.6235,1.5971,1.5763,1.6036,-15.241,3.3741,-1.9999,-15.496,-1.7545,-5.8737,10.667
1.02,-1.3712,-3.2861,1.2246,-0.10717,0.015808,0,0.99412,2.5243,0.82486,0.59493,-0.35397,-1.4395,-0.16081,0.33468,2.269,0.59225,0,0,0,1.6192,1.5948,1.575,1.6003,-15.39,3.3558,-2.0581,-14.151,-1.9108,-5.7683,10.649
1.03,-1.346,-3.2778,1.2306,-0.10893,0.008521,0,0.99401,2.5268,0.84772,0.60075,-0.35212,-1.4572,-0.16271,0.1801,2.3025,0.57138,0,0,0,1.615,1.5927,1.574,1.5973,-15.524,3.3359,-2.1152,-12.793,-2.0675,-5.6597,10.632
1.04,-1.3207,-3.2692,1.2366,-0.11068,0.0011488,0,0.99386,2.5279,0.87091,0.60635,-0.34991,-1.4733,-0.16448,0.024243,2.3357,0.54995,0,0,0,1.6111,1.5909,1.5734,1.5946,-15.645,3.3145,-2.1713,-11.423,-2.2245,-5.548,10.617
1.05,-1.2954,-3.2603,1.2427,-0.11241,-0.0063003,0,0.99364,2.5273,0.89444,0.61174,-0.34737,-1.4877,-0.16611,-0.13276,2.3688,0.52796,0,0,0,1.6073,1.5894,1.5731,1.5922,-15.753,3.2914,-2.2262,-10.044,-2.3817,-5.4333,10.603
1.06,-1.2701,-3.2513,1.2488,-0.11412,-0.013817,0,0.99337,2.5252,0.91829,0.61691,-0.34448,-1.5004,-0.16759,-0.29077,2.4016,0.50543,0,0,0,1.6038,1.5882,1.5731,1.59,-15.846,3.2668,-2.2799,-8.655,-2.5391,-5.3156,10.592
1.07,-1.2449,-3.242,1.255,-0.11581,-0.021393,0,0.99304,2.5215,0.94247,0.62185,-0.34125,-1.5114,-0.16891,-0.44964,2.4341,0.48236,0,0,0,1.6005,1.5873,1.5735,1.5881,-15.926,3.2406,-2.3325,-7.2582,-2.6967,-5.1951,10.583
1.08,-1.2197,-3.2324,1.2613,-0.11748,-0.029019,0,0.99265,2.5162,0.96697,0.62656,-0.33769,-1.5206,-0.17008,-0.60924,2.4664,0.45878,0,0,0,1.5975,1.5867,1.5743,1.5865,-15.991,3.2129,-2.3838,-5.8544,-2.8544,-5.0718,10.575
1.09,-1.1946,-3.2226,1.2675,-0.11911,-0.036684,0,0.9922,2.5093,0.99179,0.63102,-0.33382,-1.5279,-0.17108,-0.76942,2.4984,0.43469,0,0,0,1.5947,1.5864,1.5754,1.5852,-16.043,3.1836,-2.4339,-4.4446,-3.0122,-4.9458,10.57
1.1,-1.1695,-3.2126,1.2739,-0.12072,-0.044379,0,0.99169,2.5008,1.0169,0.63525,-0.32962,-1.5333,-0.17191,-0.93005,2.53,0.41011,0,0,0,1.5922,1.5864,1.5769,1.5843,-16.08,3.1526,-2.4827,-3.0299,-3.1699,-4.8171,10.566
1.11,-1.1446,-3.2023,1.2803,-0.12231,-0.052094,0,0.99112,2.4907,1.0424,0.63922,-0.32513,-1.5369,-0.17257,-1.091,2.5614,0.38504,0,0,0,1.59,1.5867,1.5787,1.5837,-16.104,3.1202,-2.5303,-1.6113,-3.3276,-4.686,10.565
1.12,-1.1197,-3.1917,1.2867,-0.12386,-0.059819,0,0.9905,2.479,1.0682,0.64295,-0.32035,-1.5386,-0.17305,-1.2521,2.5924,0.35951,0,0,0,1.5881,1.5873,1.5808,1.5834,-16.113,3.0861,-2.5765,-0.1899,-3.4852,-4.5524,10.566
1.13,-1.095,-3.1809,1.2931,-0.12537,-0.067545,0,0.98981,2.4657,1.0942,0.64641,-0.3153,-1.5384,-0.17335,-1.4132,2.6231,0.33352,0,0,0,1.5865,1.5882,1.5833,1.5834,-16.107,3.0504,-2.6213,1.2333,-3.6426,-4.4163,10.569
1.14,-1.0704,-3.1699,1.2996,-0.12686,-0.075261,0,0.98906,2.4507,1.1206,0.64962,-0.30999,-1.5363,-0.17347,-1.5742,2.6534,0.30709,0,0,0,1.5852,1.5893,1.586,1.5837,-16.088,3.0132,-2.6648,2.6573,-3.7997,-4.278,10.574
1.15,-1.046,-3.1585,1.3061,-0.12831,-0.082957,0,0.98826,2.4342,1.1473,0.65255,-0.30444,-1.5324,-0.1734,-1.7349,2.6834,0.28023,0,0,0,1.5842,1.5908,1.5891,1.5844,-16.054,2.9745,-2.7069,4.081,-3.9566,-4.1375,10.581
1.16,-1.0217,-3.1469,1.3126,-0.12972,-0.090624,0,0.9874,2.416,1.1743,0.65522,-0.29867,-1.5266,-0.17315,-1.8952,2.7129,0.25295,0,0,0,1.5835,1.5926,1.5925,1.5854,-16.006,2.9341,-2.7475,5.5034,-4.1131,-3.9948,10.59
1.17,-0.99767,-3.135,1.3192,-0.1311,-0.098251,0,0.98649,2.3963,1.2016,0.65761,-0.29269,-1.5189,-0.17271,-2.055,2.7421,0.22528,0,0,0,1.5831,1.5946,1.5962,1.5867,-15.944,2.8922,-2.7867,6.9234,-4.2692,-3.85,10.601
1.18,-0.97382,-3.1229,1.3258,-0.13244,-0.10583,0,0.98552,2.3749,1.2291,0.65972,-0.28654,-1.5095,-0.17209,-2.214,2.7708,0.19722,0,0,0,1.5831,1.5969,1.6001,1.5883,-15.868,2.8487,-2.8245,8.34,-4.4248,-3.7032,10.614
1.19,-0.95018,-3.1104,1.3324,-0.13374,-0.11335,0,0.98451,2.352,1.257,0.66155,-0.28022,-1.4983,-0.17128,-2.3723,2.799,0.1688,0,0,0,1.5834,1.5994,1.6043,1.5902,-15.777,2.8037,-2.8608,9.7521,-4.5798,-3.5544,10.629
1.2,-0.92678,-3.0977,1.339,-0.13501,-0.12081,0,0.98345,2.3275,1.2851,0.6631,-0.27376,-1.4855,-0.17029,-2.5295,2.8268,0.14001,0,0,0,1.5839,1.6022,1.6087,1.5924,-15.673,2.7571,-2.8956,11.159,-4.7343,-3.4038,10.645
1.21,-0.90363,-3.0847,1.3457,-0.13623,-0.12819,0,0.98235,2.3014,1.3135,0.66435,-0.26718,-1.471,-0.16913,-2.6857,2.8542,0.11089,0,0,0,1.5848,1.6052,1.6133,1.5949,-15.554,2.709,-2.9289,12.559,-4.8882,-3.2515,10.664
1.22,-0.88076,-3.0715,1.3523,-0.13741,-0.13549,0,0.9812,2.2738,1.3422,0.66532,-0.2605,-1.4549,-0.16778,-2.8406,2.881,0.08144,0,0,0,1.586,1.6085,1.6181,1.5977,-15.422,2.6594,-2.9606,13.951,-5.0413,-3.0974,10.684
1.23,-0.85816,-3.0579,1.359,-0.13856,-0.14269,0,0.98002,2.2446,1.3711,0.66598,-0.25373,-1.4373,-0.16626,-2.9941,2.9073,0.051681,0,0,0,1.5875,1.6119,1.6231,1.6007,-15.275,2.6082,-2.9908,15.335,-5.1936,-2.9417,10.705
1.24,-0.83587,-3.044,1.3656,-0.13966,-0.1498,0,0.9788,2.2139,1.4003,0.66635,-0.24691,-1.4182,-0.16458,-3.146,2.9332,0.021629,0,0,0,1.5893,1.6155,1.6282,1.604,-15.115,2.5555,-3.0194,16.709,-5.3451,-2.7845,10.728
1.25,-0.81389,-3.0299,1.3723,-0.14073,-0.1568,0,0.97755,2.1817,1.4298,0.66641,-0.24004,-1.3978,-0.16272,-3.2963,2.9584,-0.0087024,0,0,0,1.5913,1.6193,1.6335,1.6075,-14.941,2.5013,-3.0465,18.073,-5.4958,-2.6258,10.753
1.26,-0.79224,-3.0154,1.379,-0.14175,-0.16369,0,0.97627,2.148,1.4595,0.66617,-0.23315,-1.3761,-0.16071,-3.4448,2.9832,-0.039296,0,0,0,1.5936,1.6233,1.6388,1.6112,-14.754,2.4456,-3.072,19.424,-5.6454,-2.4656,10.778
1.27,-0.77094,-3.0007,1.3856,-0.14274,-0.17046,0,0.97497,2.1128,1.4895,0.66563,-0.22625,-1.3531,-0.15854,-3.5914,3.0074,-0.070136,0,0,0,1.5961,1.6273,1.6443,1.6151,-14.553,2.3884,-3.0958,20.763,-5.7941,-2.3042,10.805
1.28,-0.74999,-2.9857,1.3923,-0.14369,-0.17711,0,0.97365,2.0762,1.5196,0.66477,-0.21936,-1.329,-0.15623,-3.7358,3.0309,-0.10121,0,0,0,1.5988,1.6316,1.6499,1.6191,-14.338,2.3297,-3.118,22.088,-5.9417,-2.1415,10.832
1.29,-0.72942,-2.9703,1.3989,-0.1446,-0.18362,0,0.9723,2.0381,1.5501,0.6636,-0.2125,-1.3037,-0.15376,-3.8781,3.0539,-0.13249,0,0,0,1.6017,1.6359,1.6555,1.6233,-14.111,2.2696,-3.1386,23.398,-6.0881,-1.9777,10.861
1.3,-0.70923,-2.9546,1.4055,-0.14547,-0.19,0,0.97095,1.9986,1.5807,0.66212,-0.20567,-1.2775,-0.15116,-4.018,3.0763,-0.16397,0,0,0,1.6048,1.6402,1.6611,1.6277,-13.87,2.208,-3.1576,24.692,-6.2334,-1.8127,10.89
1.31,-0.68945,-2.9387,1.4121,-0.14631,-0.19625,0,0.96958,1.9577,1.6116,0.66032,-0.1989,-1.2504,-0.14842,-4.1554,3.0981,-0.19564,0,0,0,1.6081,1.6447,1.6668,1.6321,-13.617,2.1449,-3.1749,25.97,-6.3774,-1.6467,10.92
1.32,-0.67008,-2.9224,1.4187,-0.14711,-0.20234,0,0.9682,1.9155,1.6427,0.65821,-0.19219,-1.2223,-0.14556,-4.2903,3.1192,-0.22747,0,0,0,1.6115,1.6492,1.6724,1.6367,-13.351,2.0804,-3.1905,27.229,-6.5201,-1.4798,10.95
1.33,-0.65114,-2.9058,1.4253,-0.14788,-0.20829,0,0.96682,1.8719,1.674,0.65577,-0.18555,-1.1935,-0.14257,-4.4224,3.1397,-0.25944,0,0,0,1.615,1.6537,1.6781,1.6413,-13.073,2.0145,-3.2045,28.469,-6.6615,-1.312,10.98
1.34,-0.63265,-2.8889,1.4319,-0.14861,-0.21409,0,0.96544,1.8271,1.7055,0.65302,-0.179,-1.1639,-0.13947,-4.5517,3.1595,-0.29155,0,0,0,1.6187,1.6582,1.6837,1.6459,-12.782,1.9472,-3.2168,29.689,-6.8014,-1.1434,11.011
1.35,-0.61461,-2.8717,1.4384,-0.14931,-0.21974,0,0.96407,1.7809,1.7372,0.64994,-0.17253,-1.1337,-0.13626,-4.678,3.1786,-0.32377,0,0,0,1.6223,1.6628,1.6892,1.6506,-12.479,1.8785,-3.2273,30.888,-6.9398,-0.97416,11.041
1.36,-0.59703,-2.8542,1.4449,-0.14997,-0.22522,0,0.9627,1.7335,1.769,0.64654,-0.16617,-1.1029,-0.13294,-4.8012,3.1971,-0.35609,0,0,0,1.6261,1.6672,1.6946,1.6552,-12.164,1.8084,-3.2362,32.064,-7.0767,-0.80423,11.072
1.37,-0.57994,-2.8363,1.4513,-0.15061,-0.23055,0,0.96133,1.6849,1.8011,0.64282,-0.1599,-1.0715,-0.12953,-4.9213,3.2148,-0.38849,0,0,0,1.6298,1.6716,1.6999,1.6598,-11.838,1.7369,-3.2434,33.218,-7.212,-0.63373,11.102
1.38,-0.56334,-2.8182,1.4577,-0.15121,-0.23572,0,0.95998,1.6351,1.8333,0.63877,-0.15375,-1.0397,-0.12602,-5.038,3.2318,-0.42095,0,0,0,1.6336,1.676,1.7051,1.6644,-11.5,1.6642,-3.2489,34.347,-7.3456,-0.46275,11.132
1.39,-0.54724,-2.7997,1.4641,-0.15179,-0.24072,0,0.95865,1.5842,1.8657,0.6344,-0.1477,-1.0074,-0.12242,-5.1512,3.2481,-0.45346,0,0,0,1.6373,1.6802,1.7102,1.6689,-11.151,1.59,-3.2527,35.45,-7.4775,-0.29135,11.161
1.4,-0.53166,-2.7809,1.4704,-0.15233,-0.24556,0,0.95734,1.5321,1.8983,0.6297,-0.14177,-0.97472,-0.11873,-5.2609,3.2636,-0.486,0,0,0,1.6409,1.6844,1.7151,1.6732,-10.791,1.5146,-3.2547,36.528,-7.6076,-0.11962,11.189
1.41,-0.51661,-2.7617,1.4767,-0.15285,-0.25024,0,0.95604,1.4789,1.931,0.62468,-0.13595,-0.94168,-0.11497,-5.367,3.2784,-0.51855,0,0,0,1.6445,1.6884,1.7198,1.6775,-10.42,1.4379,-3.2551,37.578,-7.7359,0.05237,11.217
1.42,-0.50209,-2.7422,1.4829,-0.15335,-0.25474,0,0.95477,1.4248,1.9639,0.61933,-0.13024,-0.90834,-0.11114,-5.4693,3.2924,-0.5511,0,0,0,1.648,1.6922,1.7243,1.6816,-10.039,1.3599,-3.2537,38.599,-7.8623,0.22455,11.244
1.43,-0.48811,-2.7224,1.4891,-0.15381,-0.25908,0,0.95353,1.3696,1.9969,0.61366,-0.12464,-0.87472,-0.10724,-5.5678,3.3056,-0.58362,0,0,0,1.6513,1.6959,1.7287,1.6855,-9.6485,1.2807,-3.2506,39.591,-7.9867,0.39683,11.269
1.44,-0.4747,-2.7023,1.4952,-0.15426,-0.26325,0,0.95232,1.3134,2.03,0.60766,-0.11915,-0.84086,-0.10327,-5.6622,3.318,-0.6161,0,0,0,1.6545,1.6994,1.7327,1.6893,-9.2477,1.2002,-3.2457,40.553,-8.109,0.56915,11.293
1.45,-0.46185,-2.6818,1.5012,-0.15468,-0.26725,0,0.95113,1.2563,2.0632,0.60133,-0.11377,-0.80678,-0.099234,-5.7527,3.3296,-0.64853,0,0,0,1.6575,1.7026,1.7366,1.6928,-8.8375,1.1185,-3.2392,41.483,-8.2293,0.74143,11.316
1.46,-0.44957,-2.661,1.5072,-0.15507,-0.27107,0,0.94998,1.1984,2.0966,0.59469,-0.10849,-0.77251,-0.095145,-5.839,3.3403,-0.68088,0,0,0,1.6603,1.7057,1.7402,1.6961,-8.4182,1.0356,-3.2309,42.38,-8.3475,0.91358,11.337
1.47,-0.43788,-2.6399,1.5131,-0.15545,-0.27473,0,0.94887,1.1396,2.13,0.58772,-0.10331,-0.73806,-0.091002,-5.921,3.3503,-0.71314,0,0,0,1.6629,1.7084,1.7435,1.6992,-7.99,0.95154,-3.2209,43.243,-8.4634,1.0855,11.357
1.48,-0.42678,-2.6184,1.5189,-0.15581,-0.27822,0,0.9478,1.08,2.1636,0.58043,-0.098224,-0.70346,-0.086807,-5.9987,3.3594,-0.74529,0,0,0,1.6652,1.711,1.7465,1.702,-7.5534,0.86633,-3.2092,44.072,-8.5771,1.2572,11.374
1.49,-0.41629,-2.5966,1.5247,-0.15614,-0.28153,0,0.94676,1.0196,2.1972,0.57281,-0.093223,-0.66872,-0.082564,-6.0721,3.3676,-0.77732,0,0,0,1.6673,1.7132,1.7492,1.7045,-7.1087,0.78,-3.1958,44.865,-8.6885,1.4286,11.39
1.5,-0.40639,-2.5745,1.5304,-0.15646,-0.28468,0,0.94577,0.95855,2.2309,0.56488,-0.088303,-0.63384,-0.078275,-6.1409,3.375,-0.8092,0,0,0,1.6691,1.7152,1.7515,1.7067,-6.6562,0.69257,-3.1806,45.621,-8.7975,1.5995,11.404
1.51,-0.39712,-2.552,1.536,-0.15675,-0.28765,0,0.94482,0.89681,2.2647,0.55663,-0.083456,-0.59884,-0.073943,-6.2052,3.3814,-0.84093,0,0,0,1.6706,1.7168,1.7536,1.7085,-6.1964,0.60406,-3.1638,46.34,-8.904,1.7699,11.416
1.52,-0.38846,-2.5292,1.5415,-0.15703,-0.29045,0,0.94392,0.83446,2.2985,0.54806,-0.078674,-0.56371,-0.069571,-6.2648,3.387,-0.87247,0,0,0,1.6717,1.7181,1.7553,1.71,-5.7296,0.5145,-3.1452,47.019,-9.0081,1.9398,11.425
1.53,-0.38043,-2.506,1.547,-0.15729,-0.29308,0,0.94306,0.77153,2.3324,0.53918,-0.073949,-0.52845,-0.065159,-6.3197,3.3917,-0.90383,0,0,0,1.6726,1.7191,1.7566,1.7112,-5.2562,0.42391,-3.125,47.659,-9.1096,2.109,11.433
1.54,-0.37303,-2.4825,1.5523,-0.15754,-0.29554,0,0.94225,0.70808,2.3664,0.52999,-0.069272,-0.49308,-0.060712,-6.3699,3.3955,-0.93497,0,0,0,1.673,1.7197,1.7576,1.712,-4.7765,0.33232,-3.1031,48.257,-9.2085,2.2774,11.437
1.55,-0.36627,-2.4587,1.5576,-0.15777,-0.29782,0,0.94149,0.64415,2.4003,0.52048,-0.064634,-0.45757,-0.056229,-6.4152,3.3984,-0.96588,0,0,0,1.6731,1.72,1.7582,1.7124,-4.2912,0.23975,-3.0795,48.814,-9.3047,2.4451,11.44
1.56,-0.36015,-2.4345,1.5627,-0.15798,-0.29993,0,0.94079,0.57979,2.4343,0.51067,-0.060024,-0.42192,-0.051713,-6.4557,3.4003,-0.99655,0,0,0,1.6728,1.7199,1.7584,1.7124,-3.8004,0.14623,-3.0542,49.327,-9.3981,2.6119,11.439
1.57,-0.35468,-2.41,1.5678,-0.15818,-0.30187,0,0.94013,0.51506,2.4683,0.50055,-0.055433,-0.38612,-0.047165,-6.4912,3.4013,-1.027,0,0,0,1.6721,1.7194,1.7582,1.712,-3.3048,0.051794,-3.0272,49.797,-9.4888,2.7777,11.436
1.58,-0.34985,-2.3852,1.5727,-0.15836,-0.30364,0,0.93954,0.44999,2.5024,0.49013,-0.050848,-0.35016,-0.042587,-6.5218,3.4013,-1.0571,0,0,0,1.671,1.7185,1.7576,1.7111,-2.8046,-0.043536,-2.9986,50.221,-9.5766,2.9425,11.431
1.59,-0.34568,-2.36,1.5776,-0.15852,-0.30523,0,0.93899,0.38464,2.5364,0.47941,-0.046259,-0.31403,-0.037979,-6.5473,3.4004,-1.0869,0,0,0,1.6695,1.7173,1.7566,1.7099,-2.3005,-0.13973,-2.9684,50.599,-9.6615,3.1063,11.422
1.6,-0.34216,-2.3344,1.5823,-0.15868,-0.30665,0,0.9385,0.31906,2.5704,0.46839,-0.041653,-0.27771,-0.033344,-6.5678,3.3985,-1.1165,0,0,0,1.6675,1.7156,1.7551,1.7082,-1.7928,-0.23676,-2.9365,50.929,-9.7435,3.2688,11.411
1.61,-0.3393,-2.3086,1.5869,-0.15881,-0.30789,0,0.93807,0.2533,2.6043,0.45708,-0.037018,-0.24118,-0.028681,-6.5832,3.3957,-1.1457,0,0,0,1.6652,1.7135,1.7533,1.706,-1.2821,-0.33459,-2.903,51.212,-9.8223,3.43,11.397
1.62,-0.33709,-2.2824,1.5915,-0.15894,-0.30896,0,0.9377,0.18741,2.6383,0.44548,-0.032341,-0.20443,-0.023993,-6.5934,3.3918,-1.1745,0,0,0,1.6623,1.7109,1.751,1.7034,-0.76875,-0.43319,-2.8679,51.445,-9.8981,3.59,11.379
1.63,-0.33555,-2.2558,1.5959,-0.15904,-0.30984,0,0.93739,0.12145,2.6722,0.43359,-0.027608,-0.16742,-0.01928,-6.5985,3.387,-1.203,0,0,0,1.659,1.708,1.7482,1.7003,-0.25334,-0.53254,-2.8312,51.628,-9.9708,3.7485,11.359
1.64,-0.33466,-2.2289,1.6001,-0.15913,-0.31056,0,0.93714,0.055457,2.706,0.42142,-0.022805,-0.13015,-0.014543,-6.5985,3.3812,-1.2311,0,0,0,1.6553,1.7046,1.7451,1.6968,0.26364,-0.6326,-2.7929,51.759,-10.04,3.9055,11.336
1.65,-0.33444,-2.2017,1.6043,-0.15921,-0.31109,0,0.93695,-0.010506,2.7398,0.40897,-0.017917,-0.092587,-0.0097839,-6.5932,3.3744,-1.2589,0,0,0,1.6511,1.7008,1.7414,1.6928,0.78166,-0.73333,-2.7531,51.838,-10.106,4.061,11.31
1.66,-0.33487,-2.1741,1.6083,-0.15927,-0.31144,0,0.93682,-0.07639,2.7735,0.39625,-0.012929,-0.054707,-0.0050028,-6.5828,3.3665,-1.2862,0,0,0,1.6464,1.6966,1.7374,1.6883,1.3002,-0.83472,-2.7117,51.866,-10.169,4.2149,11.281
1.67,-0.33597,-2.1462,1.6122,-0.15932,-0.31161,0,0.93676,-0.14215,2.8071,0.38325,-0.0078246,-0.016486,-0.00020095,-6.5672,3.3577,-1.3131,0,0,0,1.6413,1.6919,1.7329,1.6834,1.8188,-0.93671,-2.6688,51.843,-10.229,4.3671,11.249
1.68,-0.33772,-2.118,1.616,-0.15934,-0.31159,0,0.93676,-0.20772,2.8406,0.36999,-0.0025877,0.022106,0.0046211,-6.5465,3.3478,-1.3396,0,0,0,1.6356,1.6868,1.728,1.678,2.3369,-1.0393,-2.6244,51.771,-10.286,4.5177,11.214
1.69,-0.34012,-2.0894,1.6196,-0.15935,-0.31139,0,0.93683,-0.27306,2.8741,0.35646,0.0027987,0.061099,0.0094627,-6.5205,3.3369,-1.3656,0,0,0,1.6296,1.6813,1.7226,1.6721,2.8541,-1.1424,-2.5785,51.65,-10.339,4.6664,11.176
1.7,-0.34318,-2.0605,1.6231,-0.15935,-0.311,0,0.93696,-0.33811,2.9074,0.34268,0.0083521,0.10052,0.014324,-6.4894,3.3249,-1.3911,0,0,0,1.623,1.6754,1.7168,1.6657,3.3698,-1.2461,-2.5311,51.481,-10.389,4.8135,11.135
1.71,-0.34688,-2.0313,1.6265,-0.15932,-0.31043,0,0.93715,-0.40283,2.9406,0.32864,0.014091,0.14041,0.019203,-6.4531,3.312,-1.4162,0,0,0,1.616,1.669,1.7106,1.6589,3.8836,-1.3502,-2.4822,51.266,-10.436,4.9586,11.091
1.72,-0.35123,-2.0017,1.6297,-0.15927,-0.30966,0,0.93741,-0.46716,2.9736,0.31435,0.020033,0.1808,0.024102,-6.4117,3.2979,-1.4408,0,0,0,1.6086,1.6623,1.704,1.6516,4.3949,-1.4548,-2.4319,51.004,-10.481,5.1019,11.044
1.73,-0.35622,-1.9718,1.6327,-0.15921,-0.30869,0,0.93774,-0.53105,3.0065,0.29983,0.026199,0.22172,0.029018,-6.3652,3.2829,-1.4648,0,0,0,1.6007,1.6551,1.6969,1.6439,4.9035,-1.5598,-2.3802,50.698,-10.522,5.2433,10.994
1.74,-0.36185,-1.9416,1.6357,-0.15912,-0.30753,0,0.93814,-0.59444,3.0393,0.28506,0.032608,0.26321,0.033953,-6.3137,3.2667,-1.4884,0,0,0,1.5924,1.6476,1.6895,1.6358,5.4087,-1.6652,-2.327,50.347,-10.56,5.3827,10.942
1.75,-0.36811,-1.911,1.6384,-0.15901,-0.30617,0,0.9386,-0.6573,3.0718,0.27006,0.039282,0.3053,0.038906,-6.2571,3.2496,-1.5114,0,0,0,1.5836,1.6397,1.6817,1.6272,5.9103,-1.771,-2.2725,49.953,-10.595,5.5201,10.887
1.76,-0.37499,-1.8801,1.6411,-0.15887,-0.3046,0,0.93914,-0.71957,3.1043,0.25483,0.046241,0.34803,0.043876,-6.1955,3.2313,-1.5338,0,0,0,1.5744,1.6313,1.6735,1.6181,6.4077,-1.8771,-2.2166,49.517,-10.627,5.6555,10.829
1.77,-0.3825,-1.8489,1.6435,-0.1587,-0.30283,0,0.93974,-0.78119,3.1365,0.23939,0.053507,0.39144,0.048864,-6.1289,3.212,-1.5557,0,0,0,1.5648,1.6227,1.6649,1.6087,6.9005,-1.9835,-2.1594,49.039,-10.656,5.7887,10.768
1.78,-0.39062,-1.8174,1.6459,-0.15851,-0.30084,0,0.94041,-0.84213,3.1685,0.22372,0.061104,0.43556,0.053869,-6.0575,3.1916,-1.577,0,0,0,1.5548,1.6137,1.6559,1.5989,7.3883,-2.0902,-2.1009,48.521,-10.682,5.9198,10.705
1.79,-0.39934,-1.7855,1.648,-0.15829,-0.29865,0,0.94115,-0.90233,3.2003,0.20785,0.069055,0.48042,0.05889,-5.9812,3.1702,-1.5977,0,0,0,1.5444,1.6043,1.6467,1.5886,7.8708,-2.1971,-2.041,47.964,-10.705,6.0488,10.64
1.8,-0.40866,-1.7534,1.65,-0.15804,-0.29623,0,0.94195,-0.96174,3.2319,0.19177,0.077384,0.52607,0.063926,-5.9001,3.1477,-1.6178,0,0,0,1.5337,1.5947,1.637,1.578,8.3475,-2.3043,-1.9799,47.367,-10.726,6.1754,10.572
1.81,-0.41857,-1.7209,1.6518,-0.15775,-0.29359,0,0.94283,-1.0203,3.2632,0.17549,0.086115,0.57252,0.068978,-5.8143,3.1241,-1.6373,0,0,0,1.5226,1.5847,1.6271,1.5671,8.818,-2.4116,-1.9175,46.733,-10.744,6.2998,10.503
1.82,-0.42906,-1.6881,1.6535,-0.15743,-0.29072,0,0.94377,-1.078,3.2944,0.15903,0.095273,0.61982,0.074042,-5.7237,3.0995,-1.6561,0,0,0,1.5112,1.5745,1.6169,1.5558,9.282,-2.5191,-1.8539,46.062,-10.758,6.4219,10.431
1.83,-0.44013,-1.655,1.655,-0.15707,-0.28762,0,0.94478,-1.1348,3.3252,0.14237,0.10489,0.66798,0.079119,-5.6286,3.0737,-1.6744,0,0,0,1.4995,1.564,1.6064,1.5442,9.7391,-2.6268,-1.7891,45.356,-10.771,6.5416,10.357
1.84,-0.45176,-1.6216,1.6564,-0.15666,-0.28428,0,0.94585,-1.1906,3.3558,0.12554,0.11498,0.71703,0.084206,-5.529,3.0469,-1.6919,0,0,0,1.4875,1.5532,1.5956,1.5324,10.189,-2.7345,-1.7231,44.614,-10.78,6.6588,10.281
1.85,-0.46394,-1.5879,1.6575,-0.15622,-0.2807,0,0.947,-1.2453,3.3862,0.10854,0.12557,0.76699,0.089302,-5.4249,3.019,-1.7088,0,0,0,1.4753,1.5422,1.5845,1.5202,10.631,-2.8424,-1.6559,43.838,-10.787,6.7737,10.204
1.86,-0.47666,-1.5539,1.6585,-0.15572,-0.27688,0,0.9482,-1.299,3.4162,0.091368,0.1367,0.81787,0.094403,-5.3164,2.9901,-1.725,0,0,0,1.4629,1.5311,1.5733,1.5078,11.066,-2.9503,-1.5876,43.029,-10.791,6.886,10.125
1.87,-0.48991,-1.5196,1.6594,-0.15518,-0.2728,0,0.94947,-1.3517,3.446,0.074039,0.14839,0.86969,0.099507,-5.2036,2.96,-1.7406,0,0,0,1.4503,1.5197,1.5618,1.4952,11.492,-3.0582,-1.5182,42.187,-10.792,6.9957,10.045
1.88,-0.50369,-1.485,1.66,-0.15459,-0.26846,0,0.9508,-1.4031,3.4754,0.056559,0.16066,0.92243,0.10461,-5.0866,2.9289,-1.7554,0,0,0,1.4375,1.5082,1.5501,1.4824,11.909,-3.1661,-1.4477,41.314,-10.791,7.1028,9.9636
1.89,-0.51797,-1.4501,1.6605,-0.15393,-0.26387,0,0.9522,-1.4534,3.5045,0.038934,0.17353,0.9761,0.10971,-4.9654,2.8967,-1.7695,0,0,0,1.4246,1.4966,1.5382,1.4694,12.318,-3.274,-1.3762,40.411,-10.787,7.2073,9.8814
1.9,-0.53275,-1.4149,1.6608,-0.15322,-0.259,0,0.95365,-1.5024,3.5333,0.021171,0.18704,1.0307,0.1148,-4.8403,2.8634,-1.7829,0,0,0,1.4116,1.4848,1.5262,1.4564,12.717,-3.3818,-1.3036,39.478,-10.78,7.3092,9.7983
1.91,-0.54802,-1.3794,1.6609,-0.15245,-0.25386,0,0.95515,-1.5502,3.5618,0.0032777,0.20121,1.0861,0.11987,-4.7111,2.8291,-1.7956,0,0,0,1.3986,1.473,1.514,1.4432,13.107,-3.4896,-1.23,38.517,-10.771,7.4082,9.7147
1.92,-0.56375,-1.3437,1.6609,-0.1516,-0.24844,0,0.95671,-1.5966,3.5899,-0.014738,0.21605,1.1424,0.12493,-4.5781,2.7936,-1.8075,0,0,0,1.3856,1.4611,1.5017,1.4299,13.488,-3.5972,-1.1554,37.528,-10.76,7.5045,9.6306
1.93,-0.57994,-1.3076,1.6606,-0.15069,-0.24274,0,0.95832,-1.6417,3.6177,-0.03287,0.23159,1.1995,0.12996,-4.4414,2.7571,-1.8187,0,0,0,1.3727,1.4492,1.4893,1.4167,13.858,-3.7048,-1.0799,36.512,-10.745,7.598,9.5464
1.94,-0.59658,-1.2713,1.6602,-0.1497,-0.23675,0,0.95997,-1.6854,3.6451,-0.05111,0.24784,1.2574,0.13495,-4.301,2.7195,-1.8291,0,0,0,1.3598,1.4373,1.4768,1.4034,14.218,-3.8121,-1.0035,35.47,-10.729,7.6886,9.4623
1.95,-0.61365,-1.2347,1.6596,-0.14863,-0.23047,0,0.96166,-1.7277,3.6721,-0.06945,0.26481,1.3159,0.13991,-4.1571,2.6809,-1.8388,0,0,0,1.3471,1.4254,1.4643,1.3902,14.567,-3.9193,-0.92615,34.403,-10.71,7.7763,9.3784
1.96,-0.63113,-1.1979,1.6588,-0.14747,-0.22389,0,0.96339,-1.7686,3.6987,-0.087882,0.28251,1.3749,0.14481,-4.0097,2.6412,-1.8476,0,0,0,1.3346,1.4136,1.4517,1.3772,14.906,-4.0263,-0.84796,33.312,-10.689,7.861,9.2951
1.97,-0.64901,-1.1607,1.6578,-0.14623,-0.217,0,0.96516,-1.8079,3.7249,-0.1064,0.30095,1.4344,0.14965,-3.859,2.6004,-1.8557,0,0,0,1.3223,1.4019,1.4391,1.3642,15.233,-4.1331,-0.76894,32.198,-10.665,7.9427,9.2125
1.98,-0.66728,-1.1234,1.6567,-0.14489,-0.20982,0,0.96694,-1.8457,3.7507,-0.12499,0.32013,1.4942,0.15442,-3.7051,2.5585,-1.863,0,0,0,1.3103,1.3903,1.4265,1.3515,15.55,-4.2396,-0.68911,31.061,-10.639,8.0214,9.1309
1.99,-0.68592,-1.0857,1.6553,-0.14345,-0.20233,0,0.96875,-1.882,3.776,-0.14366,0.34003,1.5541,0.15911,-3.548,2.5156,-1.8695,0,0,0,1.2987,1.3788,1.4139,1.339,15.855,-4.3459,-0.60852,29.904,-10.61,8.097,9.0507
2,-0.70492,-1.0478,1.6538,-0.14192,-0.19454,0,0.97057,-1.9167,3.801,-0.16238,0.36064,1.614,0.16371,-3.388,2.4716,-1.8752,0,0,0,1.2875,1.3674,1.4014,1.3268,16.148,-4.4518,-0.52718,28.726,-10.579,8.1695,8.9719
2.01,-0.72425,-1.0097,1.6521,-0.14027,-0.18644,0,0.9724,-1.9497,3.8255,-0.18116,0.38195,1.6737,0.1682,-3.2251,2.4265,-1.88,0,0,0,1.2768,1.3563,1.3889,1.3149,16.429,-4.5574,-0.44514,27.528,-10.546,8.2388,8.8949
2.02,-0.74391,-0.97134,1.6502,-0.13851,-0.17803,0,0.97423,-1.9812,3.8495,-0.19998,0.4039,1.7329,0.17257,-3.0595,2.3804,-1.8841,0,0,0,1.2666,1.3454,1.3765,1.3035,16.698,-4.6627,-0.36242,26.312,-10.51,8.3049,8.8201
2.03,-0.76387,-0.93272,1.6481,-0.13664,-0.16932,0,0.97604,-2.0109,3.8731,-0.21884,0.42648,1.7914,0.17681,-2.8912,2.3333,-1.8873,0,0,0,1.257,1.3347,1.3643,1.2924,16.955,-4.7676,-0.27905,25.078,-10.472,8.3679,8.7475
2.04,-0.78412,-0.89388,1.6458,-0.13465,-0.1603,0,0.97784,-2.039,3.8962,-0.23772,0.44962,1.8489,0.18089,-2.7204,2.2851,-1.8897,0,0,0,1.2481,1.3243,1.3522,1.2819,17.2,-4.8722,-0.19507,23.828,-10.431,8.4276,8.6776
2.05,-0.80464,-0.8548,1.6433,-0.13253,-0.15099,0,0.97961,-2.0653,3.9188,-0.25663,0.47326,1.9052,0.18482,-2.5473,2.2358,-1.8912,0,0,0,1.2399,1.3143,1.3402,1.272,17.432,-4.9762,-0.11051,22.563,-10.387,8.4841,8.6105
2.06,-0.82542,-0.8155,1.6407,-0.13029,-0.1414,0,0.98134,-2.0899,3.9409,-0.27554,0.49734,1.9599,0.18856,-2.3718,2.1856,-1.8919,0,0,0,1.2324,1.3045,1.3285,1.2626,17.651,-5.0799,-0.0254,21.282,-10.34,8.5372,8.5467
2.07,-0.84643,-0.77598,1.6378,-0.12792,-0.13152,0,0.98303,-2.1128,3.9625,-0.29446,0.52175,2.0128,0.19211,-2.1943,2.1342,-1.8917,0,0,0,1.2257,1.2951,1.317,1.2539,17.857,-5.183,0.060225,19.988,-10.291,8.5871,8.4862
2.08,-0.86767,-0.73625,1.6348,-0.12541,-0.12137,0,0.98465,-2.1338,3.9836,-0.31337,0.54642,2.0633,0.19546,-2.0147,2.0819,-1.8907,0,0,0,1.2199,1.2861,1.3057,1.2459,18.051,-5.2857,0.14633,18.681,-10.239,8.6336,8.4294
2.09,-0.8891,-0.69631,1.6316,-0.12278,-0.11096,0,0.98621,-2.153,4.0041,-0.33227,0.57124,2.1114,0.19858,-1.8333,2.0285,-1.8888,0,0,0,1.215,1.2775,1.2948,1.2387,18.231,-5.3878,0.23289,17.362,-10.184,8.6768,8.3766
2.1,-0.91072,-0.65617,1.6281,-0.12,-0.10031,0,0.98769,-2.1705,4.0241,-0.35115,0.59608,2.1564,0.20146,-1.6502,1.9742,-1.886,0,0,0,1.211,1.2694,1.2842,1.2323,18.398,-5.4894,0.31985,16.032,-10.126,8.7165,8.328
2.11,-0.93251,-0.61583,1.6245,-0.11709,-0.089425,0,0.98909,-2.186,4.0436,-0.36999,0.62083,2.1982,0.2041,-1.4654,1.9188,-1.8824,0,0,0,1.2079,1.2618,1.2739,1.2267,18.551,-5.5903,0.4072,14.693,-10.066,8.7528,8.2839
2.12,-0.95444,-0.5753,1.6207,-0.11404,-0.078332,0,0.99038,-2.1998,4.0625,-0.38879,0.64535,2.2364,0.20648,-1.2792,1.8623,-1.8779,0,0,0,1.2059,1.2546,1.2642,1.2219,18.692,-5.6907,0.4949,13.344,-10.002,8.7857,8.2444
2.13,-0.9765,-0.53458,1.6168,-0.11086,-0.067048,0,0.99157,-2.2116,4.0808,-0.40754,0.6695,2.2705,0.20858,-1.0916,1.8049,-1.8725,0,0,0,1.2048,1.248,1.2549,1.2181,18.818,-5.7904,0.58291,11.987,-9.9351,8.815,8.2097
2.14,-0.99866,-0.49369,1.6126,-0.10755,-0.055594,0,0.99264,-2.2216,4.0986,-0.42624,0.69314,2.3004,0.21041,-0.90285,1.7465,-1.8662,0,0,0,1.2047,1.242,1.2462,1.2152,18.931,-5.8894,0.67119,10.624,-9.8652,8.8409,8.1802
2.15,-1.0209,-0.45261,1.6082,-0.1041,-0.043994,0,0.99359,-2.2297,4.1158,-0.44486,0.71614,2.3258,0.21196,-0.71303,1.6872,-1.859,0,0,0,1.2056,1.2366,1.2381,1.2132,19.031,-5.9877,0.75971,9.2538,-9.7922,8.8632,8.1559
2.16,-1.0433,-0.41137,1.6037,-0.10052,-0.032273,0,0.99441,-2.2359,4.1323,-0.46342,0.73833,2.3463,0.21322,-0.52228,1.6268,-1.851,0,0,0,1.2074,1.2319,1.2307,1.2122,19.116,-6.0852,0.84844,7.8787,-9.7159,8.8819,8.137
2.17,-1.0656,-0.36997,1.599,-0.096827,-0.020458,0,0.99509,-2.2401,4.1483,-0.48188,0.75959,2.3617,0.21419,-0.33075,1.5655,-1.8421,0,0,0,1.2103,1.2278,1.2239,1.2121,19.188,-6.182,0.93734,6.4994,-9.6364,8.897,8.1237
2.18,-1.088,-0.32841,1.5941,-0.093011,-0.0085739,0,0.99563,-2.2425,4.1637,-0.50025,0.77978,2.372,0.21488,-0.13856,1.5032,-1.8323,0,0,0,1.214,1.2245,1.218,1.213,19.246,-6.2779,1.0264,5.1167,-9.5536,8.9085,8.116
2.19,-1.1105,-0.2867,1.589,-0.089084,0.0033492,0,0.99602,-2.2429,4.1784,-0.51852,0.79878,2.3769,0.21528,0.054134,1.4399,-1.8215,0,0,0,1.2186,1.2219,1.213,1.2149,19.291,-6.373,1.1155,3.7318,-9.4675,8.9164,8.114
2.2,-1.1329,-0.24484,1.5837,-0.08505,0.015283,0,0.99626,-2.2414,4.1924,-0.53668,0.81648,2.3765,0.21541,0.2472,1.3757,-1.8099,0,0,0,1.2241,1.2202,1.2088,1.2177,19.321,-6.4673,1.2047,2.3454,-9.3779,8.9205,8.1179
2.21,-1.1553,-0.20285,1.5782,-0.080919,0.027199,0,0.99635,-2.2379,4.2059,-0.55472,0.83277,2.3706,0.21527,0.44051,1.3106,-1.7974,0,0,0,1.2304,1.2192,1.2056,1.2214,19.338,-6.5606,1.2939,0.9586,-9.2849,8.921,8.1276
2.22,-1.1777,-0.16073,1.5726,-0.076697,0.039068,0,0.99629,-2.2326,4.2187,-0.57263,0.84757,2.3594,0.21487,0.63391,1.2445,-1.7841,0,0,0,1.2374,1.2191,1.2034,1.226,19.34,-6.6529,1.3831,-0.4277,-9.1885,8.9177,8.1432
2.23,-1.1999,-0.11848,1.5668,-0.072394,0.050861,0,0.99608,-2.2253,4.2308,-0.5904,0.86082,2.343,0.21424,0.82727,1.1775,-1.7698,0,0,0,1.2452,1.2199,1.2023,1.2315,19.329,-6.7443,1.4722,-1.8126,-9.0884,8.9106,8.1646
2.24,-1.2222,-0.076116,1.5608,-0.068017,0.062551,0,0.99572,-2.216,4.2422,-0.60802,0.87247,2.3214,0.21338,1.0204,1.1096,-1.7546,0,0,0,1.2536,1.2215,1.2022,1.2378,19.304,-6.8347,1.5613,-3.195,-8.9848,8.8997,8.1919
2.25,-1.2443,-0.03364,1.5546,-0.063576,0.074112,0,0.99522,-2.2049,4.253,-0.62549,0.88249,2.2949,0.21232,1.2133,1.0408,-1.7386,0,0,0,1.2626,1.2241,1.2033,1.245,19.265,-6.924,1.6502,-4.5741,-8.8776,8.885,8.2249
2.26,-1.2662,0.0089408,1.5483,-0.05908,0.085518,0,0.99458,-2.1918,4.263,-0.64279,0.89088,2.2637,0.21107,1.4057,0.97113,-1.7216,0,0,0,1.2722,1.2276,1.2055,1.2529,19.213,-7.0122,1.739,-5.9489,-8.7667,8.8664,8.2635
2.27,-1.2881,0.051618,1.5418,-0.054538,0.096744,0,0.99381,-2.1767,4.2724,-0.65992,0.89763,2.2282,0.20966,1.5975,0.90057,-1.7038,0,0,0,1.2823,1.2319,1.2088,1.2616,19.146,-7.0993,1.8275,-7.3184,-8.652,8.8439,8.3077
2.28,-1.3098,0.094386,1.5351,-0.049959,0.10777,0,0.99292,-2.1598,4.281,-0.67686,0.90277,2.1886,0.2081,1.7886,0.82915,-1.6851,0,0,0,1.2929,1.2373,1.2133,1.271,19.066,-7.1853,1.9158,-8.6818,-8.5336,8.8176,8.3574
2.29,-1.3313,0.13724,1.5282,-0.045353,0.11857,0,0.99191,-2.141,4.289,-0.69361,0.90635,2.1452,0.20643,1.9788,0.75687,-1.6655,0,0,0,1.304,1.2435,1.2189,1.281,18.973,-7.27,2.0039,-10.038,-8.4113,8.7873,8.4123
2.3,-1.3526,0.18016,1.5212,-0.040727,0.12913,0,0.99079,-2.1202,4.2962,-0.71017,0.90841,2.0984,0.20466,2.168,0.68375,-1.645,0,0,0,1.3154,1.2506,1.2256,1.2917,18.865,-7.3535,2.0916,-11.386,-8.2851,8.753,8.4723
2.31,-1.3737,0.22316,1.514,-0.036091,0.13944,0,0.98957,-2.0976,4.3026,-0.72651,0.90904,2.0486,0.20281,2.356,0.6098,-1.6236,0,0,0,1.3273,1.2586,1.2334,1.3031,18.745,-7.4357,2.1789,-12.725,-8.155,8.7147,8.5372
2.32,-1.3945,0.26621,1.5067,-0.031451,0.14948,0,0.98826,-2.0731,4.3084,-0.74264,0.9083,1.9962,0.20091,2.5428,0.53504,-1.6014,0,0,0,1.3395,1.2674,1.2423,1.315,18.611,-7.5166,2.2659,-14.054,-8.021,8.6723,8.6068
2.33,-1.4151,0.30932,1.4992,-0.026817,0.15923,0,0.98688,-2.0468,4.3133,-0.75854,0.90628,1.9414,0.19898,2.7282,0.45948,-1.5783,0,0,0,1.352,1.277,1.2521,1.3274,18.464,-7.5961,2.3523,-15.372,-7.883,8.626,8.6809
2.34,-1.4355,0.35248,1.4915,-0.022193,0.16869,0,0.98542,-2.0186,4.3175,-0.7742,0.90307,1.8847,0.19704,2.9121,0.38312,-1.5544,0,0,0,1.3648,1.2875,1.263,1.3403,18.304,-7.6742,2.4384,-16.678,-7.741,8.5756,8.7594
2.35,-1.4555,0.39567,1.4837,-0.017587,0.17784,0,0.9839,-1.9885,4.321,-0.78962,0.89878,1.8264,0.1951,3.0942,0.306,-1.5296,0,0,0,1.378,1.2986,1.2747,1.3538,18.13,-7.7509,2.5238,-17.972,-7.5952,8.5211,8.8418
2.36,-1.4752,0.43889,1.4757,-0.013005,0.18669,0,0.98233,-1.9567,4.3237,-0.80479,0.8935,1.7668,0.1932,3.2746,0.22811,-1.5039,0,0,0,1.3914,1.3105,1.2873,1.3677,17.944,-7.8261,2.6088,-19.251,-7.4455,8.4626,8.9281
2.37,-1.4946,0.48214,1.4676,-0.0084509,0.19522,0,0.98072,-1.923,4.3255,-0.8197,0.88733,1.7063,0.19133,3.4531,0.14948,-1.4774,0,0,0,1.405,1.323,1.3007,1.3819,17.745,-7.8998,2.6931,-20.516,-7.2919,8.4001,9.0179
2.38,-1.5137,0.5254,1.4593,-0.0039303,0.20344,0,0.97908,-1.8876,4.3266,-0.83433,0.88037,1.6452,0.18953,3.6295,0.07012,-1.45,0,0,0,1.419,1.3362,1.3148,1.3966,17.534,-7.9719,2.7768,-21.764,-7.1344,8.3334,9.111
2.39,-1.5324,0.56867,1.4509,0.00055303,0.21134,0,0.97741,-1.8505,4.3269,-0.84869,0.87272,1.5836,0.1878,3.8037,-0.0099537,-1.4219,0,0,0,1.4331,1.3499,1.3296,1.4117,17.31,-8.0425,2.8597,-22.997,-6.9731,8.2627,9.2072
2.4,-1.5507,0.61194,1.4424,0.0049956,0.21892,0,0.97573,-1.8116,4.3264,-0.86277,0.86447,1.5219,0.18616,3.9757,-0.090724,-1.3928,0,0,0,1.4474,1.3642,1.3451,1.427,17.074,-8.1114,2.942,-24.211,-6.808,8.1879,9.3062
2.41,-1.5686,0.6552,1.4337,0.0093946,0.22618,0,0.97404,-1.771,4.3251,-0.87655,0.85571,1.4602,0.18462,4.1452,-0.17218,-1.363,0,0,0,1.462,1.3789,1.3611,1.4427,16.826,-8.1786,3.0235,-25.407,-6.6392,8.1091,9.4078
2.42,-1.5861,0.69844,1.4248,0.013747,0.23312,0,0.97235,-1.7287,4.323,-0.89003,0.84653,1.3988,0.18318,4.3121,-0.25429,-1.3324,0,0,0,1.4767,1.3941,1.3775,1.4586,16.566,-8.2441,3.1042,-26.583,-6.4665,8.0261,9.5117
2.43,-1.6032,0.74165,1.4159,0.018052,0.23975,0,0.97067,-1.6847,4.32,-0.90319,0.83699,1.3379,0.18186,4.4764,-0.33705,-1.3009,0,0,0,1.4916,1.4097,1.3945,1.4748,16.294,-8.3079,3.184,-27.738,-6.2901,7.939,9.6176
2.44,-1.6198,0.78484,1.4068,0.022307,0.24608,0,0.96899,-1.6392,4.3163,-0.91604,0.82719,1.2775,0.18066,4.638,-0.42044,-1.2687,0,0,0,1.5067,1.4256,1.4118,1.4912,16.011,-8.3699,3.2629,-28.872,-6.11,7.8478,9.7254
2.45,-1.6359,0.82798,1.3975,0.026512,0.25209,0,0.96734,-1.592,4.3116,-0.92856,0.81718,1.2178,0.17959,4.7966,-0.50445,-1.2357,0,0,0,1.5219,1.4418,1.4294,1.5078,15.717,-8.4301,3.3409,-29.984,-5.9262,7.7525,9.8348
2.46,-1.6516,0.87107,1.3882,0.030665,0.25781,0,0.96571,-1.5432,4.3062,-0.94075,0.80703,1.159,0.17865,4.9523,-0.58904,-1.2019,0,0,0,1.5372,1.4582,1.4474,1.5245,15.412,-8.4884,3.418,-31.071,-5.7387,7.6531,9.9455
2.47,-1.6668,0.9141,1.3787,0.034766,0.26323,0,0.96411,-1.4929,4.2998,-0.9526,0.7968,1.1011,0.17785,5.1048,-0.67421,-1.1673,0,0,0,1.5526,1.4749,1.4655,1.5414,15.096,-8.5449,3.494,-32.135,-5.5475,7.5495,10.057
2.48,-1.6815,0.95706,1.3691,0.038815,0.26837,0,0.96253,-1.4411,4.2927,-0.9641,0.78653,1.0441,0.17719,5.2542,-0.75993,-1.132,0,0,0,1.5681,1.4917,1.4839,1.5584,14.769,-8.5994,3.5689,-33.173,-5.3527,7.4418,10.17
2.49,-1.6956,0.99995,1.3594,0.042812,0.27322,0,0.961,-1.3879,4.2846,-0.97524,0.77626,0.9882,0.17667,5.4002,-0.84619,-1.0959,0,0,0,1.5837,1.5087,1.5023,1.5754,14.432,-8.6519,3.6428,-34.185,-5.1542,7.33,10.284
2.5,-1.7092,1.0427,1.3496,0.046758,0.27779,0,0.9595,-1.3332,4.2757,-0.98601,0.76605,0.93337,0.1763,5.5428,-0.93296,-1.0592,0,0,0,1.5993,1.5258,1.5209,1.5925,14.085,-8.7025,3.7155,-35.169,-4.9522,7.214,10.398
2.51,-1.7223,1.0855,1.3397,0.050652,0.28209,0,0.95805,-1.277,4.266,-0.99642,0.75592,0.87966,0.17607,5.6819,-1.0202,-1.0216,0,0,0,1.615,1.543,1.5395,1.6096,13.729,-8.751,3.7871,-36.125,-4.7465,7.0939,10.512
2.52,-1.7348,1.1281,1.3297,0.054497,0.28613,0,0.95664,-1.2195,4.2553,-1.0064,0.7459,0.82709,0.17598,5.8173,-1.108,-0.98342,0,0,0,1.6306,1.5602,1.5582,1.6268,13.363,-8.7974,3.8574,-37.052,-4.5373,6.9696,10.626
2.53,-1.7467,1.1706,1.3196,0.058292,0.28991,0,0.95528,-1.1607,4.2438,-1.0161,0.73603,0.77567,0.17604,5.9491,-1.1962,-0.9445,0,0,0,1.6463,1.5773,1.5768,1.6439,12.988,-8.8417,3.9265,-37.948,-4.3246,6.8411,10.741
2.54,-1.758,1.2129,1.3094,0.062039,0.29344,0,0.95396,-1.1006,4.2314,-1.0253,0.72631,0.7254,0.17624,6.0771,-1.2848,-0.90489,0,0,0,1.6619,1.5945,1.5954,1.6609,12.604,-8.8839,3.9942,-38.814,-4.1083,6.7085,10.855
2.55,-1.7687,1.2552,1.2991,0.065738,0.29672,0,0.9527,-1.0392,4.2181,-1.0342,0.71677,0.67628,0.17658,6.2011,-1.3738,-0.86462,0,0,0,1.6775,1.6116,1.6139,1.6779,12.212,-8.9238,4.0606,-39.647,-3.8885,6.5716,10.968
2.56,-1.7787,1.2973,1.2887,0.069392,0.29977,0,0.95148,-0.97655,4.2039,-1.0426,0.70743,0.6283,0.17706,6.3213,-1.4633,-0.82368,0,0,0,1.693,1.6286,1.6322,1.6948,11.811,-8.9616,4.1256,-40.447,-3.6653,6.4306,11.081
2.57,-1.7882,1.3393,1.2782,0.073,0.30258,0,0.95032,-0.91275,4.1889,-1.0507,0.69829,0.58144,0.17767,6.4373,-1.5531,-0.78211,0,0,0,1.7085,1.6455,1.6505,1.7116,11.403,-8.9971,4.1892,-41.213,-3.4385,6.2854,11.193
2.58,-1.797,1.3811,1.2677,0.076566,0.30517,0,0.94922,-0.84781,4.1729,-1.0583,0.68936,0.53569,0.17842,6.5493,-1.6432,-0.7399,0,0,0,1.7238,1.6623,1.6685,1.7282,10.987,-9.0304,4.2513,-41.944,-3.2084,6.136,11.305
2.59,-1.8051,1.4227,1.2571,0.080089,0.30753,0,0.94816,-0.78178,4.156,-1.0654,0.68066,0.49102,0.17929,6.6571,-1.7337,-0.69709,0,0,0,1.739,1.679,1.6864,1.7447,10.564,-9.0613,4.3119,-42.639,-2.9748,5.9823,11.415
2.6,-1.8126,1.4642,1.2464,0.083571,0.30968,0,0.94716,-0.71469,4.1382,-1.0722,0.67217,0.44741,0.1803,6.7606,-1.8244,-0.65367,0,0,0,1.754,1.6954,1.7041,1.761,10.135,-9.0899,4.3709,-43.297,-2.7378,5.8245,11.524
2.61,-1.8194,1.5055,1.2356,0.087014,0.31162,0,0.94621,-0.64658,4.1195,-1.0785,0.66392,0.40483,0.18142,6.8597,-1.9155,-0.60967,0,0,0,1.769,1.7117,1.7215,1.7772,9.6985,-9.116,4.4284,-43.917,-2.4974,5.6624,11.632
2.62,-1.8256,1.5466,1.2248,0.090419,0.31335,0,0.94532,-0.57751,4.0999,-1.0844,0.65589,0.36324,0.18267,6.9545,-2.0067,-0.56511,0,0,0,1.7837,1.7277,1.7387,1.7931,9.2564,-9.1398,4.4842,-44.498,-2.2536,5.4961,11.739
2.63,-1.831,1.5875,1.2139,0.093787,0.31489,0,0.94448,-0.50751,4.0794,-1.0898,0.64808,0.32264,0.18403,7.0448,-2.0982,-0.52,0,0,0,1.7983,1.7436,1.7557,1.8088,8.8086,-9.1611,4.5383,-45.039,-2.0066,5.3256,11.844
2.64,-1.8357,1.6282,1.203,0.09712,0.31623,0,0.9437,-0.43662,4.0579,-1.0948,0.64049,0.28297,0.18551,7.1307,-2.19,-0.47435,0,0,0,1.8126,1.7591,1.7723,1.8242,8.3557,-9.1799,4.5907,-45.54,-1.7562,5.1508,11.947
2.65,-1.8397,1.6686,1.1921,0.10042,0.31738,0,0.94297,-0.36491,4.0356,-1.0993,0.63312,0.24422,0.18709,7.2119,-2.2818,-0.42819,0,0,0,1.8268,1.7745,1.7887,1.8394,7.898,-9.1962,4.6413,-45.999,-1.5024,4.9717,12.049
2.66,-1.843,1.7089,1.181,0.10368,0.31835,0,0.94229,-0.2924,4.0123,-1.1034,0.62596,0.20635,0.18877,7.2886,-2.3739,-0.38153,0,0,0,1.8407,1.7895,1.8047,1.8543,7.4359,-9.21,4.6901,-46.416,-1.2455,4.7885,12.149
2.67,-1.8456,1.7489,1.17,0.10692,0.31913,0,0.94166,-0.21915,3.9881,-1.1069,0.619,0.16933,0.19056,7.3606,-2.466,-0.33439,0,0,0,1.8543,1.8043,1.8204,1.869,6.9698,-9.2211,4.7371,-46.792,-0.98546,4.6012,12.247
2.68,-1.8474,1.7886,1.1589,0.11012,0.31974,0,0.94108,-0.1452,3.963,-1.11,0.61225,0.13313,0.19244,7.428,-2.5583,-0.28679,0,0,0,1.8678,1.8188,1.8358,1.8833,6.5002,-9.2297,4.7821,-47.127,-0.72239,4.4099,12.343
2.69,-1.8485,1.8281,1.1478,0.1133,0.32017,0,0.94056,-0.070606,3.9369,-1.1127,0.60568,0.097727,0.19441,7.4906,-2.6506,-0.23876,0,0,0,1.881,1.833,1.8509,1.8974,6.0274,-9.2355,4.8252,-47.422,-0.45639,4.2147,12.437
2.7,-1.8488,1.8674,1.1366,0.11644,0.32044,0,0.94008,0.0045937,3.91,-1.1148,0.59929,0.063082,0.19646,7.5485,-2.743,-0.1903,0,0,0,1.8939,1.8469,1.8656,1.9111,5.5519,-9.2388,4.8664,-47.678,-0.18759,4.0157,12.529
2.71,-1.8484,1.9063,1.1255,0.11956,0.32054,0,0.93966,0.080349,3.8821,-1.1165,0.59307,0.029168,0.1986,7.6017,-2.8354,-0.14143,0,0,0,1.9065,1.8605,1.8799,1.9245,5.074,-9.2393,4.9055,-47.894,0.083918,3.8131,12.619
2.72,-1.8472,1.945,1.1143,0.12265,0.32048,0,0.93928,0.15661,3.8532,-1.1176,0.58702,-0.0040451,0.20082,7.65,-2.9278,-0.092192,0,0,0,1.9188,1.8737,1.8939,1.9376,4.5941,-9.2371,4.9426,-48.073,0.35803,3.6068,12.707
2.73,-1.8452,1.9834,1.1031,0.12572,0.32026,0,0.93895,0.23333,3.8235,-1.1183,0.58112,-0.036585,0.20311,7.6935,-3.0201,-0.042589,0,0,0,1.9309,1.8867,1.9075,1.9504,4.1126,-9.2321,4.9777,-48.214,0.63465,3.3971,12.792
2.74,-1.8425,2.0215,1.092,0.12876,0.31988,0,0.93867,0.31047,3.7928,-1.1185,0.57537,-0.068478,0.20547,7.7323,-3.1124,0.0073543,0,0,0,1.9427,1.8993,1.9208,1.9628,3.63,-9.2244,5.0106,-48.317,0.91366,3.184,12.876
2.75,-1.839,2.0592,1.0808,0.13178,0.31935,0,0.93843,0.38796,3.7613,-1.1182,0.56974,-0.099752,0.20789,7.7661,-3.2046,0.057616,0,0,0,1.9541,1.9115,1.9336,1.9749,3.1464,-9.2138,5.0413,-48.385,1.195,2.9676,12.957
2.76,-1.8348,2.0967,1.0696,0.13477,0.31867,0,0.93824,0.46577,3.7288,-1.1173,0.56424,-0.13043,0.21038,7.7952,-3.2967,0.10817,0,0,0,1.9653,1.9234,1.9462,1.9867,2.6624,-9.2005,5.0699,-48.416,1.4784,2.748,13.036
2.77,-1.8297,2.1338,1.0584,0.13774,0.31784,0,0.93808,0.54385,3.6953,-1.116,0.55886,-0.16054,0.21293,7.8194,-3.3886,0.15901,0,0,0,1.9761,1.935,1.9583,1.9981,2.1782,-9.1843,5.0963,-48.411,1.764,2.5254,13.113
2.78,-1.8239,2.1706,1.0473,0.14069,0.31687,0,0.93798,0.62214,3.661,-1.1142,0.55357,-0.19011,0.21553,7.8388,-3.4803,0.21009,0,0,0,1.9867,1.9462,1.97,2.0092,1.6943,-9.1652,5.1204,-48.372,2.0516,2.2997,13.187
2.79,-1.8173,2.207,1.0361,0.14362,0.31576,0,0.93791,0.70061,3.6257,-1.1118,0.54838,-0.21914,0.21818,7.8533,-3.5719,0.26141,0,0,0,1.9969,1.9571,1.9814,2.0199,1.2109,-9.1432,5.1423,-48.298,2.341,2.0712,13.259
2.8,-1.8099,2.2431,1.025,0.14652,0.3145,0,0.93788,0.77919,3.5895,-1.1089,0.54327,-0.24768,0.22087,7.863,-3.6632,0.31293,0,0,0,2.0068,1.9677,1.9924,2.0302,0.72842,-9.1184,5.1618,-48.191,2.6322,1.8399,13.329
2.81,-1.8017,2.2788,1.014,0.14941,0.31311,0,0.93789,0.85785,3.5525,-1.1055,0.53824,-0.27573,0.22361,7.8678,-3.7542,0.36464,0,0,0,2.0164,1.9779,2.003,2.0403,0.24718,-9.0906,5.1791,-48.051,2.9251,1.6059,13.396
2.82,-1.7927,2.3142,1.0029,0.15227,0.31158,0,0.93794,0.93653,3.5145,-1.1016,0.53326,-0.30331,0.22639,7.8679,-3.845,0.4165,0,0,0,2.0257,1.9878,2.0133,2.0499,-0.23249,-9.0599,5.1939,-47.878,3.2195,1.3694,13.461
2.83,-1.783,2.3491,0.99194,0.15511,0.30992,0,0.93802,1.0152,3.4756,-1.0972,0.52833,-0.33044,0.2292,7.8632,-3.9354,0.46851,0,0,0,2.0346,1.9973,2.0232,2.0592,-0.71027,-9.0262,5.2064,-47.673,3.5154,1.1303,13.524
2.84,-1.7724,2.3837,0.98099,0.15794,0.30813,0,0.93814,1.0938,3.4358,-1.0923,0.52344,-0.35714,0.23205,7.8537,-4.0255,0.52062,0,0,0,2.0433,2.0065,2.0327,2.0682,-1.1859,-8.9895,5.2165,-47.437,3.8126,0.88893,13.584
2.85,-1.7611,2.4178,0.97009,0.16074,0.30621,0,0.9383,1.1723,3.3951,-1.0868,0.51858,-0.38341,0.23492,7.8395,-4.1152,0.57283,0,0,0,2.0516,2.0154,2.0418,2.0768,-1.6589,-8.9499,5.2242,-47.17,4.1111,0.64524,13.643
2.86,-1.749,2.4516,0.95926,0.16352,0.30416,0,0.93848,1.2506,3.3535,-1.0808,0.51375,-0.40928,0.23781,7.8206,-4.2045,0.6251,0,0,0,2.0597,2.0239,2.0506,2.0851,-2.1291,-8.9073,5.2294,-46.872,4.4108,0.39937,13.699
2.87,-1.7361,2.4849,0.94848,0.16628,0.30198,0,0.9387,1.3286,3.311,-1.0743,0.50892,-0.43475,0.24073,7.7969,-4.2933,0.67741,0,0,0,2.0674,2.0322,2.0591,2.093,-2.5963,-8.8617,5.2322,-46.545,4.7115,0.15142,13.753
2.88,-1.7224,2.5178,0.93777,0.16902,0.29968,0,0.93895,1.4065,3.2676,-1.0673,0.50409,-0.45983,0.24366,7.7686,-4.3817,0.72974,0,0,0,2.0748,2.0401,2.0672,2.1006,-3.06,-8.8131,5.2325,-46.189,5.0131,-0.098506,13.805
2.89,-1.7079,2.5502,0.92714,0.17175,0.29725,0,0.93923,1.484,3.2233,-1.0597,0.49924,-0.48454,0.2466,7.7357,-4.4696,0.78205,0,0,0,2.082,2.0477,2.075,2.1079,-3.5199,-8.7614,5.2302,-45.805,5.3156,-0.3503,13.854
2.9,-1.6927,2.5822,0.91658,0.17445,0.2947,0,0.93953,1.5612,3.1782,-1.0516,0.49438,-0.50887,0.24956,7.6983,-4.5569,0.83433,0,0,0,2.0888,2.055,2.0824,2.1148,-3.976,-8.7068,5.2254,-45.392,5.6188,-0.60388,13.902
2.91,-1.6767,2.6138,0.90611,0.17713,0.29203,0,0.93986,1.638,3.1322,-1.043,0.48949,-0.53284,0.25251,7.6562,-4.6437,0.88655,0,0,0,2.0954,2.062,2.0895,2.1214,-4.4277,-8.6491,5.2181,-44.952,5.9226,-0.85912,13.947
2.92,-1.66,2.6449,0.89572,0.17978,0.28925,0,0.94022,1.7143,3.0853,-1.0339,0.48456,-0.55646,0.25547,7.6097,-4.7299,0.93869,0,0,0,2.1017,2.0688,2.0963,2.1277,-4.8749,-8.5883,5.2083,-44.485,6.2269,-1.1159,13.991
2.93,-1.6424,2.6755,0.88543,0.18242,0.28634,0,0.9406,1.7901,3.0376,-1.0242,0.47958,-0.57971,0.25843,7.5587,-4.8155,0.99071,0,0,0,2.1077,2.0752,2.1027,2.1337,-5.3173,-8.5245,5.1958,-43.992,6.5317,-1.3742,14.032
2.94,-1.6242,2.7056,0.87524,0.18504,0.28332,0,0.941,1.8654,2.989,-1.0141,0.47454,-0.60262,0.26138,7.5034,-4.9004,1.0426,0,0,0,2.1134,2.0814,2.1089,2.1394,-5.7547,-8.4577,5.1808,-43.473,6.8368,-1.6339,14.072
2.95,-1.6051,2.7353,0.86515,0.18763,0.28019,0,0.94143,1.9402,2.9396,-1.0034,0.46944,-0.62518,0.26431,7.4437,-4.9846,1.0943,0,0,0,2.1189,2.0874,2.1148,2.1448,-6.1867,-8.3878,5.1631,-42.93,7.1421,-1.8948,14.11
2.96,-1.5854,2.7644,0.85517,0.1902,0.27694,0,0.94188,2.0143,2.8893,-0.99219,0.46426,-0.64738,0.26724,7.3797,-5.0681,1.1458,0,0,0,2.1242,2.093,2.1203,2.1499,-6.6132,-8.3148,5.1429,-42.361,7.4475,-2.1569,14.146
2.97,-1.5648,2.7931,0.84531,0.19274,0.27358,0,0.94234,2.0878,2.8382,-0.98047,0.459,-0.66923,0.27014,7.3114,-5.1509,1.1972,0,0,0,2.1291,2.0985,2.1256,2.1547,-7.0338,-8.2388,5.12,-41.769,7.7529,-2.4201,14.18
2.98,-1.5436,2.8212,0.83556,0.19526,0.27011,0,0.94282,2.1605,2.7863,-0.96825,0.45365,-0.69074,0.27302,7.239,-5.2329,1.2482,0,0,0,2.1339,2.1037,2.1307,2.1593,-7.4485,-8.1598,5.0945,-41.154,8.0582,-2.6843,14.213
2.99,-1.5216,2.8488,0.82594,0.19775,0.26654,0,0.94332,2.2325,2.7336,-0.95551,0.4482,-0.71188,0.27588,7.1625,-5.3141,1.299,0,0,0,2.1384,2.1086,2.1355,2.1636,-7.8568,-8.0777,5.0663,-40.515,8.3633,-2.9493,14.243
3,-1.4989,2.8758,0.81646,0.20022,0.26285,0,0.94383,2.3038,2.68,-0.94227,0.44265,-0.73267,0.2787,7.0819,-5.3944,1.3496,0,0,0,2.1427,2.1134,2.14,2.1676,-8.2587,-7.9925,5.0355,-39.855,8.6681,-3.2151,14.273
3.01,-1.4756,2.9024,0.8071,0.20266,0.25907,0,0.94436,2.3742,2.6257,-0.92852,0.43698,-0.75309,0.28149,6.9973,-5.4739,1.3997,0,0,0,2.1468,2.1179,2.1443,2.1714,-8.6539,-7.9043,5.002,-39.173,8.9725,-3.4815,14.301
3.02,-1.4515,2.9284,0.79789,0.20508,0.25517,0,0.9449,2.4437,2.5706,-0.91427,0.43119,-0.77315,0.28425,6.9088,-5.5525,1.4496,0,0,0,2.1507,2.1223,2.1483,2.1749,-9.0421,-7.8131,4.9658,-38.469,9.2764,-3.7486,14.327
3.03,-1.4267,2.9538,0.78882,0.20746,0.25118,0,0.94545,2.5123,2.5146,-0.89953,0.42528,-0.79283,0.28696,6.8165,-5.6302,1.4991,0,0,0,2.1544,2.1265,2.1521,2.1782,-9.4232,-7.7188,4.927,-37.746,9.5797,-4.016,14.352
3.04,-1.4012,2.9787,0.7799,0.20982,0.24708,0,0.94601,2.58,2.458,-0.88429,0.41923,-0.81212,0.28962,6.7204,-5.7069,1.5481,0,0,0,2.1579,2.1305,2.1558,2.1813,-9.7969,-7.6215,4.8855,-37.002,9.8822,-4.2839,14.376
3.05,-1.3751,3.0029,0.77113,0.21214,0.24289,0,0.94657,2.6467,2.4005,-0.86857,0.41305,-0.83103,0.29224,6.6206,-5.7826,1.5968,0,0,0,2.1612,2.1343,2.1592,2.1842,-10.163,-7.5211,4.8413,-36.239,10.184,-4.552,14.398
3.06,-1.3483,3.0267,0.76253,0.21444,0.2386,0,0.94715,2.7124,2.3423,-0.85236,0.40672,-0.84953,0.2948,6.5172,-5.8573,1.6449,0,0,0,2.1644,2.138,2.1624,2.1868,-10.522,-7.4178,4.7945,-35.458,10.485,-4.8203,14.419
3.07,-1.3208,3.0498,0.75409,0.2167,0.23421,0,0.94773,2.7771,2.2834,-0.83567,0.40025,-0.86763,0.2973,6.4102,-5.9309,1.6926,0,0,0,2.1674,2.1415,2.1655,2.1893,-10.872,-7.3115,4.7449,-34.658,10.784,-5.0887,14.439
3.08,-1.2928,3.0723,0.74582,0.21893,0.22973,0,0.94831,2.8406,2.2237,-0.81851,0.39363,-0.8853,0.29974,6.2997,-6.0035,1.7398,0,0,0,2.1703,2.1449,2.1683,2.1916,-11.215,-7.2021,4.6927,-33.841,11.083,-5.357,14.459
3.09,-1.264,3.0943,0.73772,0.22112,0.22516,0,0.9489,2.903,2.1633,-0.80088,0.38685,-0.90255,0.30211,6.1859,-6.075,1.7865,0,0,0,2.173,2.1482,2.1711,2.1937,-11.549,-7.0898,4.6378,-33.006,11.38,-5.6252,14.477
3.1,-1.2347,3.1156,0.7298,0.22328,0.2205,0,0.94949,2.9643,2.1022,-0.78278,0.37992,-0.91935,0.30442,6.0688,-6.1453,1.8326,0,0,0,2.1756,2.1513,2.1736,2.1957,-11.875,-6.9745,4.5802,-32.155,11.676,-5.8931,14.494
3.11,-1.2048,3.1363,0.72207,0.2254,0.21575,0,0.95008,3.0244,2.0404,-0.76423,0.37282,-0.9357,0.30665,5.9485,-6.2145,1.8781,0,0,0,2.178,2.1544,2.1761,2.1974,-12.192,-6.8563,4.5199,-31.288,11.971,-6.1607,14.51
3.12,-1.1742,3.1564,0.71452,0.22748,0.21092,0,0.95067,3.0833,1.9779,-0.74522,0.36556,-0.95159,0.30881,5.825,-6.2824,1.923,0,0,0,2.1804,2.1573,2.1783,2.1991,-12.501,-6.7351,4.457,-30.406,12.264,-6.4279,14.525
3.13,-1.1431,3.1759,0.70716,0.22953,0.206,0,0.95125,3.1409,1.9148,-0.72577,0.35814,-0.967,0.31088,5.6985,-6.3492,1.9672,0,0,0,2.1826,2.1602,2.1805,2.2006,-12.8,-6.611,4.3914,-29.51,12.555,-6.6945,14.54
3.14,-1.1114,3.1947,0.7,0.23153,0.20101,0,0.95184,3.1972,1.8509,-0.70588,0.35055,-0.98192,0.31288,5.569,-6.4146,2.0108,0,0,0,2.1848,2.163,2.1826,2.2019,-13.091,-6.484,4.3231,-28.599,12.845,-6.9605,14.554
3.15,-1.0792,3.2129,0.69305,0.23349,0.19593,0,0.95241,3.2523,1.7865,-0.68556,0.3428,-0.99634,0.31478,5.4367,-6.4788,2.0537,0,0,0,2.1868,2.1657,2.1845,2.2032,-13.372,-6.3541,4.2522,-27.674,13.132,-7.2257,14.567
3.16,-1.0464,3.2304,0.68629,0.23541,0.19078,0,0.95299,3.306,1.7214,-0.66481,0.33488,-1.0103,0.3166,5.3016,-6.5417,2.0958,0,0,0,2.1888,2.1683,2.1864,2.2043,-13.644,-6.2214,4.1786,-26.737,13.418,-7.49,14.58
3.17,-1.013,3.2473,0.67975,0.23729,0.18556,0,0.95355,3.3583,1.6556,-0.64364,0.3268,-1.0236,0.31832,5.1638,-6.6032,2.1372,0,0,0,2.1907,2.1709,2.1882,2.2054,-13.907,-6.0858,4.1024,-25.787,13.702,-7.7532,14.592
3.18,-0.9792,3.2635,0.67342,0.23912,0.18027,0,0.95411,3.4092,1.5893,-0.62207,0.31856,-1.0365,0.31995,5.0235,-6.6634,2.1779,0,0,0,2.1925,2.1734,2.1899,2.2063,-14.16,-5.9473,4.0235,-24.825,13.983,-8.0151,14.604
3.19,-0.94486,3.2791,0.66731,0.2409,0.17491,0,0.95466,3.4587,1.5224,-0.60009,0.31015,-1.0488,0.32148,4.8807,-6.7222,2.2177,0,0,0,2.1943,2.1759,2.1915,2.2072,-14.403,-5.8061,3.9421,-23.852,14.263,-8.2757,14.615
3.2,-0.91003,3.294,0.66142,0.24264,0.16948,0,0.9552,3.5068,1.4549,-0.57772,0.30159,-1.0605,0.3229,4.7355,-6.7795,2.2567,0,0,0,2.196,2.1784,2.1931,2.2079,-14.637,-5.6621,3.858,-22.868,14.539,-8.5347,14.626
3.21,-0.87473,3.3082,0.65576,0.24433,0.164,0,0.95572,3.5534,1.3868,-0.55496,0.29286,-1.0717,0.32423,4.588,-6.8354,2.2948,0,0,0,2.1976,2.1808,2.1946,2.2087,-14.861,-5.5153,3.7714,-21.873,14.814,-8.792,14.636
3.22,-0.83897,3.3217,0.65032,0.24597,0.15845,0,0.95624,3.5986,1.3182,-0.53182,0.28399,-1.0823,0.32545,4.4383,-6.8898,2.3321,0,0,0,2.1992,2.1832,2.1961,2.2093,-15.074,-5.3658,3.6822,-20.87,15.086,-9.0475,14.646
3.23,-0.80276,3.3345,0.64512,0.24756,0.15285,0,0.95674,3.6422,1.249,-0.50832,0.27496,-1.0923,0.32656,4.2865,-6.9427,2.3685,0,0,0,2.2008,2.1856,2.1975,2.2099,-15.278,-5.2136,3.5904,-19.857,15.355,-9.301,14.656
3.24,-0.76613,3.3467,0.64016,0.2491,0.14719,0,0.95723,3.6843,1.1793,-0.48446,0.2658,-1.1017,0.32756,4.1328,-6.9941,2.4039,0,0,0,2.2024,2.1879,2.1989,2.2104,-15.471,-5.0587,3.4962,-18.835,15.621,-9.5524,14.666
3.25,-0.72908,3.3581,0.63544,0.25059,0.14149,0,0.9577,3.7249,1.1091,-0.46024,0.25649,-1.1105,0.32845,3.9771,-7.0439,2.4384,0,0,0,2.2039,2.1903,2.2002,2.2109,-15.655,-4.9012,3.3994,-17.806,15.884,-9.8014,14.676
3.26,-0.69164,3.3689,0.63096,0.25202,0.13573,0,0.95816,3.7638,1.0384,-0.43569,0.24704,-1.1186,0.32922,3.8197,-7.0921,2.4719,0,0,0,2.2054,2.1926,2.2016,2.2114,-15.827,-4.7411,3.3002,-16.769,16.145,-10.048,14.685
3.27,-0.65381,3.3789,0.62672,0.2534,0.12994,0,0.9586,3.8012,0.96728,-0.41081,0.23747,-1.1262,0.32989,3.6606,-7.1387,2.5044,0,0,0,2.2069,2.1949,2.2029,2.2118,-15.99,-4.5783,3.1985,-15.725,16.402,-10.292,14.694
3.28,-0.61562,3.3882,0.62274,0.25472,0.1241,0,0.95902,3.837,0.89567,-0.38561,0.22778,-1.1331,0.33044,3.4999,-7.1837,2.5358,0,0,0,2.2084,2.1973,2.2042,2.2123,-16.142,-4.413,3.0943,-14.675,16.656,-10.533,14.703
3.29,-0.57707,3.3968,0.61901,0.25599,0.11823,0,0.95942,3.8712,0.82362,-0.3601,0.21797,-1.1394,0.33087,3.3378,-7.2269,2.5663,0,0,0,2.2098,2.1996,2.2055,2.2127,-16.283,-4.2452,2.9878,-13.62,16.907,-10.772,14.712
3.3,-0.5382,3.4047,0.61554,0.25721,0.11233,0,0.95981,3.9038,0.75114,-0.33429,0.20805,-1.145,0.33119,3.1743,-7.2686,2.5956,0,0,0,2.2113,2.2019,2.2067,2.213,-16.414,-4.0749,2.8789,-12.559,17.155,-11.007,14.721
3.31,-0.499,3.4118,0.61233,0.25836,0.10639,0,0.96017,3.9347,0.67825,-0.30819,0.19803,-1.15,0.33139,3.0096,-7.3084,2.6238,0,0,0,2.2127,2.2042,2.208,2.2134,-16.535,-3.9021,2.7677,-11.493,17.399,-11.239,14.73
3.32,-0.45951,3.4182,0.60938,0.25946,0.10043,0,0.96052,3.964,0.60497,-0.28181,0.18791,-1.1544,0.33147,2.8437,-7.3466,2.6509,0,0,0,2.2141,2.2065,2.2093,2.2138,-16.644,-3.7269,2.6541,-10.424,17.639,-11.468,14.739
3.33,-0.41973,3.4239,0.60669,0.2605,0.094445,0,0.96084,3.9916,0.53133,-0.25517,0.1777,-1.1581,0.33144,2.6767,-7.383,2.6769,0,0,0,2.2155,2.2088,2.2105,2.2141,-16.743,-3.5494,2.5383,-9.351,17.876,-11.693,14.748
3.34,-0.37968,3.4289,0.60427,0.26148,0.08844,0,0.96115,4.0175,0.45732,-0.22828,0.16742,-1.1611,0.3313,2.5088,-7.4176,2.7017,0,0,0,2.2169,2.2111,2.2118,2.2145,-16.831,-3.3694,2.4203,-8.2751,18.109,-11.915,14.757
3.35,-0.33939,3.4331,0.60213,0.2624,0.082419,0,0.96143,4.0418,0.38298,-0.20114,0.15706,-1.1636,0.33104,2.3401,-7.4503,2.7253,0,0,0,2.2184,2.2133,2.213,2.2148,-16.909,-3.1872,2.3,-7.197,18.337,-12.132,14.766
3.36,-0.29885,3.4365,0.60025,0.26326,0.076386,0,0.9617,4.0643,0.30832,-0.17378,0.14664,-1.1654,0.33066,2.1707,-7.4813,2.7477,0,0,0,2.2197,2.2156,2.2143,2.2152,-16.975,-3.0027,2.1776,-6.117,18.562,-12.346,14.775
3.37,-0.2581,3.4392,0.59865,0.26406,0.070343,0,0.96194,4.0852,0.23336,-0.14619,0.13616,-1.1665,0.33018,2.0007,-7.5104,2.7688,0,0,0,2.2211,2.2179,2.2155,2.2156,-17.031,-2.816,2.0531,-5.0358,18.783,-12.556,14.783
3.38,-0.21716,3.4412,0.59733,0.26481,0.064294,0,0.96216,4.1043,0.15812,-0.1184,0.12563,-1.167,0.32958,1.8301,-7.5376,2.7887,0,0,0,2.2225,2.2201,2.2168,2.2159,-17.076,-2.627,1.9265,-3.954,19,-12.761,14.792
3.39,-0.17602,3.4424,0.59628,0.26549,0.058243,0,0.96235,4.1218,0.082614,-0.090422,0.11506,-1.1669,0.32887,1.6592,-7.5629,2.8074,0,0,0,2.2239,2.2223,2.218,2.2163,-17.11,-2.436,1.7979,-2.872,19.212,-12.962,14.801
3.4,-0.13473,3.4428,0.59552,0.2661,0.052193,0,0.96253,4.1375,0.0068663,-0.06226,0.10446,-1.1661,0.32806,1.4879,-7.5863,2.8247,0,0,0,2.2252,2.2245,2.2192,2.2167,-17.133,-2.2428,1.6673,-1.7906,19.42,-13.159,14.809
3.41,-0.093279,3.4425,0.59504,0.26666,0.046147,0,0.96268,4.1515,-0.069106,-0.033932,0.093832,-1.1648,0.32714,1.3165,-7.6078,2.8407,0,0,0,2.2265,2.2267,2.2204,2.217,-17.146,-2.0476,1.5348,-0.71011,19.623,-13.35,14.818
3.42,-0.051701,3.4415,0.59484,0.26716,0.040108,0,0.96282,4.1638,-0.14528,-0.0054504,0.083185,-1.1628,0.32612,1.1451,-7.6273,2.8554,0,0,0,2.2278,2.2288,2.2216,2.2174,-17.147,-1.8504,1.4003,0.36875,19.822,-13.537,14.826
3.43,-0.010008,3.4396,0.59493,0.26759,0.03408,0,0.96293,4.1744,-0.22164,0.023171,0.072527,-1.1603,0.325,0.97363,-7.6448,2.8687,0,0,0,2.2291,2.2309,2.2228,2.2178,-17.138,-1.6512,1.264,1.4455,20.016,-13.719,14.834
3.44,0.031782,3.437,0.59531,0.26797,0.028067,0,0.96302,4.1833,-0.29817,0.051919,0.061863,-1.1571,0.32378,0.80234,-7.6603,2.8807,0,0,0,2.2303,2.2329,2.2239,2.2181,-17.119,-1.4501,1.126,2.5195,20.205,-13.896,14.842
3.45,0.073653,3.4337,0.59597,0.26828,0.022071,0,0.96309,4.1905,-0.37484,0.08078,0.051201,-1.1534,0.32247,0.6313,-7.6738,2.8912,0,0,0,2.2315,2.2349,2.2251,2.2185,-17.088,-1.2471,0.98614,3.5902,20.389,-14.067,14.85
3.46,0.11559,3.4295,0.59692,0.26853,0.016094,0,0.96314,4.1959,-0.45164,0.10974,0.040546,-1.1491,0.32107,0.46061,-7.6852,2.9004,0,0,0,2.2327,2.2368,2.2262,2.2188,-17.047,-1.0423,0.84464,4.6571,20.569,-14.233,14.857
3.47,0.15757,3.4246,0.59816,0.26872,0.010142,0,0.96316,4.1997,-0.52854,0.13878,0.029905,-1.1443,0.31958,0.2904,-7.6946,2.9081,0,0,0,2.2338,2.2387,2.2272,2.2191,-16.995,-0.83573,0.7015,5.7196,20.743,-14.393,14.865
3.48,0.19957,3.419,0.5997,0.26885,0.0042151,0,0.96317,4.2018,-0.60553,0.1679,0.019282,-1.1389,0.318,0.12075,-7.7019,2.9144,0,0,0,2.2348,2.2405,2.2282,2.2194,-16.932,-0.62745,0.5568,6.7772,20.912,-14.547,14.871
3.49,0.2416,3.4125,0.60152,0.26892,-0.0016824,0,0.96316,4.2021,-0.68257,0.19707,0.0086826,-1.1331,0.31635,-0.048217,-7.7072,2.9192,0,0,0,2.2358,2.2422,2.2292,2.2196,-16.859,-0.41751,0.41057,7.8292,21.075,-14.696,14.878
3.5,0.28361,3.4053,0.60364,0.26893,-0.007548,0,0.96313,4.2008,-0.75966,0.22628,-0.0018894,-1.1267,0.31461,-0.2164,-7.7103,2.9226,0,0,0,2.2367,2.2438,2.23,2.2198,-16.776,-0.20597,0.2629,8.8751,21.233,-14.838,14.884
3.51,0.32561,3.3973,0.60605,0.26888,-0.013379,0,0.96308,4.1978,-0.83677,0.25551,-0.01243,-1.1198,0.31281,-0.3837,-7.7113,2.9245,0,0,0,2.2375,2.2453,2.2309,2.22,-16.682,0.0071313,0.11383,9.9144,21.386,-14.974,14.889
3.52,0.36756,3.3886,0.60875,0.26877,-0.019173,0,0.96301,4.1931,-0.91388,0.28476,-0.022936,-1.1124,0.31093,-0.55001,-7.7101,2.9249,0,0,0,2.2382,2.2467,2.2316,2.2201,-16.578,0.22173,-0.036569,10.947,21.532,-15.104,14.894
3.53,0.40946,3.379,0.61174,0.2686,-0.024927,0,0.96293,4.1868,-0.99097,0.31401,-0.033404,-1.1046,0.30899,-0.71522,-7.7068,2.9238,0,0,0,2.2389,2.2479,2.2323,2.2201,-16.463,0.43776,-0.18823,11.971,21.674,-15.227,14.899
3.54,0.45129,3.3688,0.61503,0.26837,-0.030639,0,0.96283,4.1788,-1.068,0.34323,-0.043833,-1.0964,0.30699,-0.87923,-7.7014,2.9211,0,0,0,2.2394,2.2491,2.2329,2.2201,-16.338,0.65518,-0.3411,12.987,21.809,-15.344,14.902
3.55,0.49303,3.3577,0.61861,0.26808,-0.036306,0,0.96271,4.1692,-1.145,0.37242,-0.05422,-1.0877,0.30493,-1.0419,-7.6937,2.9169,0,0,0,2.2398,2.2501,2.2333,2.22,-16.203,0.87392,-0.49509,13.994,21.938,-15.454,14.905
3.56,0.53467,3.3459,0.62248,0.26774,-0.041927,0,0.96258,4.158,-1.2219,0.40157,-0.064565,-1.0786,0.30282,-1.2033,-7.6839,2.9112,0,0,0,2.2401,2.2509,2.2337,2.2198,-16.058,1.0939,-0.65015,14.992,22.061,-15.556,14.907
3.57,0.57619,3.3332,0.62664,0.26734,-0.047498,0,0.96243,4.1452,-1.2987,0.43064,-0.074867,-1.0691,0.30066,-1.3631,-7.6718,2.9039,0,0,0,2.2402,2.2516,2.2339,2.2195,-15.903,1.3151,-0.80619,15.979,22.179,-15.652,14.909
3.58,0.61757,3.3199,0.63109,0.26688,-0.053019,0,0.96227,4.1307,-1.3753,0.45964,-0.085126,-1.0592,0.29845,-1.5213,-7.6576,2.8951,0,0,0,2.2402,2.2522,2.2341,2.2191,-15.739,1.5375,-0.96316,16.956,22.289,-15.74,14.909
3.59,0.6588,3.3057,0.63583,0.26636,-0.058487,0,0.9621,4.1147,-1.4518,0.48854,-0.095344,-1.049,0.29621,-1.6778,-7.6411,2.8847,0,0,0,2.2401,2.2525,2.234,2.2186,-15.564,1.7609,-1.121,17.922,22.394,-15.821,14.909
3.6,0.69986,3.2908,0.64086,0.26578,-0.0639,0,0.96191,4.0972,-1.5281,0.51733,-0.10552,-1.0384,0.29393,-1.8326,-7.6224,2.8727,0,0,0,2.2398,2.2527,2.2339,2.218,-15.38,1.9853,-1.2796,18.876,22.492,-15.894,14.907
3.61,0.74073,3.2752,0.64618,0.26516,-0.069256,0,0.96172,4.0781,-1.6042,0.54599,-0.11566,-1.0275,0.29162,-1.9854,-7.6014,2.8591,0,0,0,2.2393,2.2527,2.2335,2.2172,-15.187,2.2107,-1.4388,19.818,22.583,-15.96,14.904
3.62,0.78141,3.2588,0.65178,0.26447,-0.074554,0,0.96151,4.0575,-1.6801,0.5745,-0.12576,-1.0163,0.28928,-2.1363,-7.5781,2.8439,0,0,0,2.2386,2.2524,2.233,2.2163,-14.984,2.437,-1.5987,20.748,22.668,-16.017,14.901
3.63,0.82188,3.2416,0.65767,0.26373,-0.079792,0,0.96129,4.0354,-1.7558,0.60286,-0.13583,-1.0047,0.28692,-2.2851,-7.5526,2.8271,0,0,0,2.2377,2.252,2.2324,2.2152,-14.772,2.6641,-1.7591,21.663,22.746,-16.067,14.895
3.64,0.86212,3.2236,0.66384,0.26294,-0.084968,0,0.96106,4.0118,-1.8312,0.63104,-0.14587,-0.99292,0.28455,-2.4317,-7.5249,2.8087,0,0,0,2.2366,2.2513,2.2315,2.2139,-14.551,2.8919,-1.92,22.565,22.818,-16.108,14.889
3.65,0.90211,3.205,0.67029,0.26209,-0.090082,0,0.96083,3.9867,-1.9063,0.65903,-0.15588,-0.98083,0.28216,-2.576,-7.4948,2.7887,0,0,0,2.2353,2.2504,2.2305,2.2125,-14.321,3.1204,-2.0813,23.452,22.882,-16.141,14.881
3.66,0.94185,3.1855,0.67702,0.26118,-0.095132,0,0.96059,3.9603,-1.9811,0.68681,-0.16588,-0.96849,0.27976,-2.7181,-7.4624,2.7671,0,0,0,2.2338,2.2492,2.2292,2.2109,-14.082,3.3495,-2.2428,24.325,22.939,-16.166,14.872
3.67,0.98131,3.1653,0.68402,0.26023,-0.10012,0,0.96034,3.9324,-2.0555,0.71436,-0.17585,-0.95591,0.27736,-2.8576,-7.4278,2.7438,0,0,0,2.232,2.2478,2.2277,2.2091,-13.834,3.5791,-2.4046,25.181,22.989,-16.182,14.861
3.68,1.0205,3.1444,0.6913,0.25922,-0.10503,0,0.96009,3.9031,-2.1296,0.74168,-0.18583,-0.94309,0.27496,-2.9947,-7.3909,2.719,0,0,0,2.23,2.2461,2.226,2.2071,-13.578,3.8092,-2.5664,26.021,23.031,-16.189,14.849
3.69,1.0594,3.1227,0.69886,0.25815,-0.10988,0,0.95983,3.8725,-2.2033,0.76874,-0.1958,-0.93006,0.27256,-3.1292,-7.3516,2.6925,0,0,0,2.2277,2.2441,2.2241,2.2048,-13.314,4.0397,-2.7283,26.845,23.066,-16.188,14.835
3.7,1.0979,3.1003,0.70668,0.25704,-0.11466,0,0.95957,3.8405,-2.2766,0.79552,-0.20577,-0.91682,0.27018,-3.261,-7.3101,2.6644,0,0,0,2.2252,2.2419,2.2219,2.2024,-13.041,4.2705,-2.8902,27.651,23.094,-16.177,14.819
3.71,1.1362,3.0772,0.71477,0.25587,-0.11937,0,0.95931,3.8073,-2.3495,0.82202,-0.21576,-0.90339,0.2678,-3.39,-7.2662,2.6347,0,0,0,2.2223,2.2393,2.2194,2.1996,-12.761,4.5016,-3.0518,28.439,23.114,-16.158,14.801
3.72,1.1741,3.0534,0.72312,0.25465,-0.12401,0,0.95905,3.7728,-2.422,0.84821,-0.22577,-0.88977,0.26545,-3.5162,-7.22,2.6034,0,0,0,2.2192,2.2365,2.2167,2.1967,-12.473,4.7328,-3.2133,29.208,23.126,-16.13,14.782
3.73,1.2116,3.0288,0.73173,0.25338,-0.12858,0,0.95878,3.737,-2.4939,0.87408,-0.23581,-0.87598,0.26312,-3.6394,-7.1716,2.5704,0,0,0,2.2158,2.2333,2.2137,2.1934,-12.177,4.9641,-3.3744,29.959,23.13,-16.092,14.76
3.74,1.2488,3.0035,0.7406,0.25205,-0.13308,0,0.95852,3.7,-2.5654,0.89962,-0.24589,-0.86201,0.26081,-3.7597,-7.1208,2.5359,0,0,0,2.212,2.2298,2.2104,2.1899,-11.874,5.1954,-3.5351,30.69,23.126,-16.045,14.737
3.75,1.2856,2.9775,0.74972,0.25067,-0.1375,0,0.95826,3.6618,-2.6363,0.9248,-0.25602,-0.84789,0.25854,-3.8769,-7.0676,2.4997,0,0,0,2.208,2.226,2.2069,2.1861,-11.563,5.4266,-3.6953,31.4,23.114,-15.988,14.711
3.76,1.322,2.9508,0.75909,0.24924,-0.14185,0,0.958,3.6225,-2.7067,0.94961,-0.26621,-0.83362,0.2563,-3.9909,-7.0122,2.462,0,0,0,2.2036,2.2218,2.203,2.182,-11.246,5.6576,-3.8548,32.09,23.094,-15.922,14.684
3.77,1.3581,2.9233,0.76871,0.24776,-0.14613,0,0.95774,3.582,-2.7766,0.97403,-0.27648,-0.81921,0.25411,-4.1018,-6.9545,2.4226,0,0,0,2.1988,2.2172,2.1988,2.1776,-10.921,5.8884,-4.0137,32.758,23.065,-15.845,14.654
3.78,1.3937,2.8952,0.77857,0.24622,-0.15033,0,0.95748,3.5404,-2.8458,0.99805,-0.28682,-0.80466,0.25195,-4.2093,-6.8945,2.3817,0,0,0,2.1937,2.2123,2.1943,2.1729,-10.591,6.1189,-4.1717,33.405,23.028,-15.759,14.622
3.79,1.4289,2.8664,0.78867,0.24463,-0.15445,0,0.95724,3.4978,-2.9144,1.0217,-0.29727,-0.78997,0.24985,-4.3135,-6.8321,2.3392,0,0,0,2.1883,2.2071,2.1895,2.1679,-10.253,6.3489,-4.3288,34.028,22.983,-15.663,14.588
3.8,1.4636,2.8369,0.799,0.24299,-0.1585,0,0.95699,3.4542,-2.9824,1.0448,-0.30782,-0.77516,0.2478,-4.4144,-6.7675,2.2951,0,0,0,2.1824,2.2014,2.1843,2.1625,-9.9101,6.5785,-4.4849,34.629,22.928,-15.557,14.551
3.81,1.498,2.8068,0.80957,0.24129,-0.16247,0,0.95675,3.4095,-3.0498,1.0676,-0.3185,-0.76022,0.24581,-4.5117,-6.7005,2.2495,0,0,0,2.1763,2.1954,2.1788,2.1568,-9.5609,6.8075,-4.6399,35.206,22.865,-15.441,14.512
3.82,1.5318,2.7759,0.82035,0.23954,-0.16637,0,0.95653,3.3639,-3.1165,1.0898,-0.32931,-0.74516,0.24389,-4.6056,-6.6313,2.2024,0,0,0,2.1697,2.189,2.173,2.1508,-9.206,7.0358,-4.7937,35.759,22.793,-15.314,14.471
3.83,1.5652,2.7445,0.83136,0.23774,-0.17018,0,0.9563,3.3174,-3.1824,1.1116,-0.34027,-0.72997,0.24203,-4.6958,-6.5598,2.1537,0,0,0,2.1627,2.1822,2.1668,2.1444,-8.8458,7.2633,-4.9462,36.287,22.712,-15.177,14.427
3.84,1.5982,2.7123,0.84258,0.23588,-0.17392,0,0.95609,3.27,-3.2476,1.1329,-0.35141,-0.71467,0.24024,-4.7825,-6.4861,2.1034,0,0,0,2.1553,2.175,2.1602,2.1376,-8.4804,7.49,-5.0972,36.79,22.622,-15.029,14.38
3.85,1.6306,2.6795,0.85402,0.23396,-0.17758,0,0.95589,3.2218,-3.3121,1.1537,-0.36272,-0.69925,0.23853,-4.8654,-6.41,2.0517,0,0,0,2.1475,2.1674,2.1533,2.1305,-8.1101,7.7157,-5.2467,37.266,22.523,-14.87,14.331
3.86,1.6626,2.6461,0.86565,0.23199,-0.18117,0,0.9557,3.1727,-3.3758,1.1739,-0.37424,-0.6837,0.2369,-4.9447,-6.3318,1.9985,0,0,0,2.1393,2.1593,2.146,2.123,-7.7352,7.9404,-5.3946,37.716,22.414,-14.7,14.279
3.87,1.6941,2.612,0.87749,0.22995,-0.18467,0,0.95552,3.1229,-3.4388,1.1936,-0.38597,-0.66804,0.23536,-5.0201,-6.2512,1.9438,0,0,0,2.1307,2.1509,2.1383,2.1151,-7.3559,8.164,-5.5407,38.139,22.296,-14.52,14.225
3.88,1.7251,2.5773,0.88952,0.22786,-0.18809,0,0.95535,3.0724,-3.5009,1.2128,-0.39794,-0.65225,0.23391,-5.0918,-6.1685,1.8877,0,0,0,2.1217,2.142,2.1303,2.1069,-6.9725,8.3863,-5.6849,38.535,22.168,-14.328,14.168
3.89,1.7555,2.542,0.90175,0.22571,-0.19143,0,0.9552,3.0211,-3.5621,1.2314,-0.41016,-0.63633,0.23256,-5.1595,-6.0835,1.8301,0,0,0,2.1122,2.1327,2.1219,2.0982,-6.5852,8.6073,-5.8272,38.902,22.031,-14.125,14.108
3.9,1.7855,2.506,0.91415,0.2235,-0.19469,0,0.95506,2.9692,-3.6225,1.2494,-0.42266,-0.62028,0.23132,-5.2234,-5.9963,1.7712,0,0,0,2.1023,2.123,2.1131,2.0892,-6.1945,8.8269,-5.9674,39.24,21.884,-13.911,14.046
3.91,1.8149,2.4695,0.92673,0.22123,-0.19787,0,0.95494,2.9166,-3.682,1.2668,-0.43545,-0.60409,0.23017,-5.2834,-5.907,1.7108,0,0,0,2.0919,2.1128,2.1039,2.0797,-5.8005,9.045,-6.1054,39.549,21.726,-13.685,13.981
3.92,1.8438,2.4324,0.93948,0.21889,-0.20097,0,0.95483,2.8635,-3.7406,1.2836,-0.44856,-0.58775,0.22915,-5.3394,-5.8154,1.6491,0,0,0,2.0811,2.1022,2.0943,2.0699,-5.4036,9.2614,-6.2411,39.828,21.559,-13.448,13.913
3.93,1.8722,2.3947,0.9524,0.21648,-0.20399,0,0.95474,2.8099,-3.7983,1.2998,-0.462,-0.57127,0.22824,-5.3915,-5.7218,1.586,0,0,0,2.0699,2.0912,2.0844,2.0597,-5.0041,9.4761,-6.3743,40.076,21.382,-13.199,13.842
3.94,1.9,2.3564,0.96548,0.21401,-0.20692,0,0.95466,2.7557,-3.8551,1.3153,-0.47581,-0.55462,0.22746,-5.4395,-5.6259,1.5216,0,0,0,2.0582,2.0797,2.074,2.0491,-4.6022,9.689,-6.505,40.294,21.194,-12.938,13.768
3.95,1.9273,2.3176,0.97871,0.21147,-0.20977,0,0.95461,2.7011,-3.9108,1.3302,-0.48999,-0.5378,0.22681,-5.4835,-5.528,1.4559,0,0,0,2.046,2.0678,2.0633,2.0381,-4.1983,9.9,-6.633,40.479,20.996,-12.665,13.692
3.96,1.954,2.2782,0.99208,0.20885,-0.21253,0,0.95457,2.6461,-3.9656,1.3444,-0.50459,-0.52081,0.22629,-5.5235,-5.4279,1.3889,0,0,0,2.0335,2.0554,2.0522,2.0266,-3.7927,10.109,-6.7583,40.632,20.788,-12.38,13.613
3.97,1.9802,2.2383,1.0056,0.20617,-0.21521,0,0.95456,2.5906,-4.0194,1.358,-0.51962,-0.50362,0.22593,-5.5594,-5.3258,1.3207,0,0,0,2.0204,2.0426,2.0407,2.0148,-3.3858,10.316,-6.8806,40.753,20.568,-12.083,13.531
3.98,2.0058,2.1978,1.0192,0.20341,-0.2178,0,0.95456,2.5349,-4.0721,1.3708,-0.53511,-0.48623,0.22571,-5.5912,-5.2216,1.2513,0,0,0,2.0069,2.0294,2.0289,2.0026,-2.9778,10.52,-6.9999,40.84,20.339,-11.773,13.446
3.99,2.0309,2.1569,1.033,0.20057,-0.22031,0,0.95459,2.4788,-4.1238,1.383,-0.55108,-0.46863,0.22565,-5.6189,-5.1154,1.1807,0,0,0,1.9929,2.0157,2.0167,1.99,-2.5691,10.722,-7.116,40.893,20.098,-11.451,13.359
4,2.0554,2.1154,1.0469,0.19765,-0.22273,0,0.95463,2.4225,-4.1744,1.3944,-0.56758,-0.45079,0.22576,-5.6426,-5.0072,1.109,0,0,0,1.9785,2.0016,2.0041,1.977,-2.16,10.922,-7.2288,40.912,19.846,-11.117,13.269
4.01,2.0794,2.0734,1.0609,0.19465,-0.22506,0,0.9547,2.366,-4.224,1.4052,-0.58461,-0.4327,0.22604,-5.6621,-4.897,1.0362,0,0,0,1.9637,1.9871,1.9912,1.9636,-1.751,11.119,-7.3383,40.895,19.584,-10.769,13.176
4.02,2.1027,2.0309,1.075,0.19156,-0.2273,0,0.9548,2.3093,-4.2724,1.4152,-0.60222,-0.41436,0.2265,-5.6776,-4.7848,0.96227,0,0,0,1.9484,1.9721,1.9779,1.9499,-1.3422,11.314,-7.4442,40.843,19.31,-10.409,13.08
4.03,2.1255,1.9879,1.0892,0.18838,-0.22945,0,0.95492,2.2524,-4.3197,1.4244,-0.62043,-0.39572,0.22715,-5.689,-4.6707,0.88731,0,0,0,1.9326,1.9568,1.9643,1.9358,-0.93423,11.505,-7.5464,40.755,19.025,-10.036,12.982
4.04,2.1478,1.9445,1.1035,0.18511,-0.23151,0,0.95506,2.1955,-4.3658,1.4329,-0.63928,-0.37679,0.22799,-5.6963,-4.5547,0.81135,0,0,0,1.9164,1.941,1.9503,1.9213,-0.52728,11.694,-7.6449,40.63,18.728,-9.6498,12.882
4.05,2.1694,1.9006,1.1178,0.18175,-0.23347,0,0.95523,2.1385,-4.4107,1.4406,-0.65879,-0.35754,0.22904,-5.6995,-4.4368,0.73443,0,0,0,1.8998,1.9248,1.936,1.9064,-0.12176,11.88,-7.7394,40.467,18.421,-9.2505,12.778
4.06,2.1905,1.8563,1.1323,0.17828,-0.23534,0,0.95542,2.0815,-4.4545,1.4476,-0.67901,-0.33794,0.23031,-5.6987,-4.3171,0.65658,0,0,0,1.8827,1.9082,1.9214,1.8912,0.28194,12.063,-7.8298,40.266,18.101,-8.8378,12.672
4.07,2.2111,1.8115,1.1468,0.17472,-0.23711,0,0.95564,2.0246,-4.4971,1.4538,-0.69996,-0.31798,0.23181,-5.6939,-4.1956,0.57784,0,0,0,1.8652,1.8912,1.9065,1.8756,0.68344,12.242,-7.9161,40.027,17.77,-8.4116,12.564
4.08,2.231,1.7664,1.1614,0.17104,-0.23878,0,0.95589,1.9677,-4.5384,1.4591,-0.72169,-0.29762,0.23353,-5.6851,-4.0723,0.49827,0,0,0,1.8473,1.8738,1.8913,1.8597,1.0823,12.418,-7.998,39.749,17.427,-7.9719,12.454
4.09,2.2504,1.7208,1.176,0.16726,-0.24035,0,0.95617,1.9109,-4.5785,1.4637,-0.74421,-0.27685,0.2355,-5.6723,-3.9473,0.4179,0,0,0,1.829,1.856,1.8759,1.8435,1.4783,12.59,-8.0755,39.431,17.071,-7.5185,12.341
4.1,2.2693,1.6748,1.1906,0.16336,-0.24182,0,0.95647,1.8542,-4.6174,1.4675,-0.76758,-0.25564,0.23773,-5.6555,-3.8205,0.33678,0,0,0,1.8103,1.8379,1.8601,1.827,1.8708,12.759,-8.1483,39.073,16.704,-7.0513,12.226
4.11,2.2875,1.6284,1.2053,0.15934,-0.24319,0,0.9568,1.7978,-4.6549,1.4705,-0.79182,-0.23396,0.24021,-5.6349,-3.6921,0.25495,0,0,0,1.7913,1.8195,1.8442,1.8102,2.2596,12.925,-8.2165,38.674,16.325,-6.5702,12.109
4.12,2.3052,1.5817,1.22,0.1552,-0.24444,0,0.95716,1.7416,-4.6912,1.4726,-0.81697,-0.21178,0.24298,-5.6103,-3.562,0.17246,0,0,0,1.7718,1.8007,1.8279,1.7932,2.6442,13.086,-8.2797,38.234,15.934,-6.0752,11.989
4.13,2.3224,1.5346,1.2348,0.15092,-0.24559,0,0.95755,1.6856,-4.7262,1.4739,-0.84306,-0.18907,0.24602,-5.582,-3.4304,0.08937,0,0,0,1.752,1.7816,1.8115,1.7758,3.0241,13.243,-8.3379,37.754,15.53,-5.5668,11.868
4.14,2.3389,1.4872,1.2495,0.14652,-0.24662,0,0.95797,1.6299,-4.7598,1.4744,-0.87013,-0.1658,0.24937,-5.5499,-3.2972,0.0057211,0,0,0,1.7318,1.7623,1.7949,1.7582,3.3991,13.396,-8.391,37.235,15.115,-5.0457,11.745
4.15,2.3549,1.4394,1.2643,0.14197,-0.24754,0,0.95842,1.5746,-4.7921,1.474,-0.89821,-0.14194,0.25302,-5.514,-3.1625,-0.078432,0,0,0,1.7114,1.7426,1.7781,1.7404,3.7687,13.545,-8.4388,36.678,14.689,-4.5123,11.621
4.16,2.3704,1.3913,1.279,0.13728,-0.24834,0,0.9589,1.5197,-4.823,1.4728,-0.92734,-0.11744,0.25698,-5.4745,-3.0263,-0.16304,0,0,0,1.6906,1.7227,1.7612,1.7223,4.1326,13.69,-8.4812,36.084,14.251,-3.9674,11.495
4.17,2.3853,1.343,1.2937,0.13244,-0.24902,0,0.9594,1.4651,-4.8526,1.4708,-0.95753,-0.092281,0.26127,-5.4314,-2.8887,-0.24804,0,0,0,1.6695,1.7025,1.7441,1.7041,4.4903,13.83,-8.5181,35.455,13.803,-3.4114,11.367
4.18,2.3997,1.2943,1.3084,0.12744,-0.24957,0,0.95993,1.411,-4.8808,1.4679,-0.98883,-0.066415,0.2659,-5.3847,-2.7497,-0.33338,0,0,0,1.6481,1.6822,1.7269,1.6857,4.8415,13.966,-8.5494,34.791,13.345,-2.845,11.238
4.19,2.4136,1.2454,1.3231,0.12228,-0.24999,0,0.96049,1.3574,-4.9076,1.4641,-1.0213,-0.039804,0.27087,-5.3346,-2.6094,-0.41901,0,0,0,1.6265,1.6616,1.7097,1.6671,5.186,14.097,-8.575,34.093,12.877,-2.2687,11.108
4.2,2.4269,1.1962,1.3377,0.11695,-0.25028,0,0.96108,1.3044,-4.933,1.4595,-1.0548,-0.012408,0.2762,-5.281,-2.4678,-0.50486,0,0,0,1.6047,1.641,1.6923,1.6484,5.5233,14.224,-8.5947,33.363,12.398,-1.6832,10.977
4.21,2.4397,1.1467,1.3523,0.11145,-0.25043,0,0.9617,1.2518,-4.957,1.454,-1.0895,0.015814,0.28189,-5.2241,-2.3249,-0.59088,0,0,0,1.5827,1.6201,1.6749,1.6296,5.8531,14.345,-8.6086,32.601,11.911,-1.089,10.846
4.22,2.4519,1.097,1.3668,0.10577,-0.25044,0,0.96234,1.1999,-4.9795,1.4477,-1.1254,0.044904,0.28796,-5.164,-2.1809,-0.67701,0,0,0,1.5605,1.5992,1.6575,1.6107,6.1752,14.462,-8.6165,31.81,11.414,-0.48666,10.713
4.23,2.4637,1.0471,1.3812,0.099898,-0.25031,0,0.963,1.1486,-5.0006,1.4405,-1.1625,0.074901,0.2944,-5.1007,-2.0357,-0.76319,0,0,0,1.5382,1.5782,1.6401,1.5917,6.4892,14.573,-8.6183,30.989,10.908,0.12315,10.58
4.24,2.4749,0.99701,1.3956,0.093834,-0.25001,0,0.96368,1.0979,-5.0202,1.4324,-1.2008,0.10585,0.30122,-5.0342,-1.8894,-0.84936,0,0,0,1.5158,1.5572,1.6227,1.5727,6.7949,14.68,-8.614,30.14,10.394,0.73989,10.447
4.25,2.4856,0.94672,1.4099,0.087571,-0.24957,0,0.96439,1.0479,-5.0384,1.4235,-1.2402,0.13778,0.30843,-4.9648,-1.7421,-0.93545,0,0,0,1.4933,1.5362,1.6054,1.5536,7.0919,14.781,-8.6035,29.263,9.8718,1.363,10.314
4.26,2.4958,0.89625,1.424,0.081102,-0.24895,0,0.96511,0.99861,-5.055,1.4137,-1.2807,0.17073,0.31603,-4.8924,-1.5938,-1.0214,0,0,0,1.4708,1.5152,1.5881,1.5346,7.3801,14.877,-8.5867,28.361,9.3416,1.9918,10.181
4.27,2.5056,0.84562,1.4381,0.074421,-0.24817,0,0.96585,0.95005,-5.0702,1.403,-1.3224,0.20474,0.32401,-4.8172,-1.4446,-1.1072,0,0,0,1.4483,1.4943,1.5709,1.5156,7.6591,14.968,-8.5636,27.435,8.8037,2.6258,10.049
4.28,2.5149,0.79485,1.4521,0.067523,-0.24722,0,0.9666,0.90227,-5.0839,1.3915,-1.3651,0.23983,0.33239,-4.7393,-1.2945,-1.1927,0,0,0,1.4259,1.4735,1.5538,1.4966,7.9287,15.053,-8.5342,26.484,8.2586,3.2644,9.9165
4.29,2.5236,0.74395,1.4659,0.060402,-0.24608,0,0.96737,0.85528,-5.0961,1.3792,-1.4089,0.27604,0.34115,-4.6587,-1.1435,-1.2778,0,0,0,1.4036,1.4529,1.5369,1.4778,8.1887,15.133,-8.4983,25.511,7.7065,3.9069,9.7852
4.3,2.532,0.69293,1.4797,0.053053,-0.24475,0,0.96813,0.8091,-5.1068,1.366,-1.4536,0.31336,0.35029,-4.5755,-0.99182,-1.3626,0,0,0,1.3814,1.4325,1.5201,1.4591,8.4388,15.208,-8.456,24.516,7.1477,4.5529,9.6551
4.31,2.5398,0.64182,1.4933,0.045471,-0.24323,0,0.9689,0.76378,-5.1159,1.3519,-1.4991,0.35183,0.3598,-4.4899,-0.83939,-1.4469,0,0,0,1.3594,1.4124,1.5034,1.4405,8.6789,15.276,-8.4073,23.5,6.5825,5.2017,9.5262
4.32,2.5472,0.59062,1.5067,0.037652,-0.2415,0,0.96967,0.71931,-5.1236,1.337,-1.5453,0.39142,0.36966,-4.402,-0.68631,-1.5307,0,0,0,1.3378,1.3925,1.487,1.4221,8.9088,15.339,-8.352,22.465,6.0113,5.8527,9.3989
4.33,2.5542,0.53935,1.52,0.029593,-0.23957,0,0.97043,0.67574,-5.1297,1.3213,-1.5921,0.43214,0.37985,-4.3118,-0.53263,-1.6139,0,0,0,1.3164,1.373,1.4707,1.4039,9.1282,15.396,-8.2902,21.412,5.4344,6.5054,9.2733
4.34,2.5608,0.48803,1.5331,0.021292,-0.23742,0,0.97117,0.63308,-5.1342,1.3048,-1.6393,0.47396,0.39036,-4.2195,-0.3784,-1.6965,0,0,0,1.2955,1.354,1.4546,1.3859,9.3369,15.448,-8.2219,20.342,4.852,7.1592,9.1499
4.35,2.5669,0.43667,1.5461,0.012746,-0.23505,0,0.9719,0.59136,-5.1372,1.2874,-1.6868,0.51683,0.40115,-4.1251,-0.22369,-1.7784,0,0,0,1.275,1.3353,1.4387,1.3682,9.5349,15.493,-8.147,19.255,4.2645,7.8134,9.0288
4.36,2.5726,0.38529,1.5589,0.0039554,-0.23244,0,0.9726,0.55059,-5.1387,1.2692,-1.7343,0.5607,0.41219,-4.0288,-0.068556,-1.8594,0,0,0,1.2551,1.3172,1.423,1.3508,9.722,15.533,-8.0656,18.153,3.6722,8.4676,8.9103
4.37,2.5779,0.3339,1.5715,-0.005079,-0.22961,0,0.97327,0.51079,-5.1386,1.2502,-1.7815,0.60549,0.42345,-3.9307,0.086949,-1.9397,0,0,0,1.2359,1.2997,1.4076,1.3337,9.898,15.567,-7.9777,17.038,3.0754,9.121,8.7947
4.38,2.5828,0.28252,1.5839,-0.014355,-0.22653,0,0.9739,0.47198,-5.137,1.2304,-1.8283,0.65111,0.43486,-3.8309,0.24276,-2.019,0,0,0,1.2173,1.2828,1.3923,1.317,10.063,15.595,-7.8832,15.909,2.4743,9.7732,8.6823
4.39,2.5873,0.23117,1.5961,-0.023869,-0.2232,0,0.97448,0.43418,-5.1338,1.2098,-1.8744,0.69742,0.4464,-3.7295,0.39882,-2.0973,0,0,0,1.1996,1.2665,1.3772,1.3007,10.216,15.616,-7.7822,14.769,1.8694,10.423,8.5733
4.4,2.5915,0.17985,1.6081,-0.033614,-0.21962,0,0.97501,0.3974,-5.129,1.1885,-1.9193,0.7443,0.45799,-3.6266,0.55507,-2.1746,0,0,0,1.1827,1.251,1.3623,1.2848,10.358,15.632,-7.6747,13.618,1.2609,11.071,8.4681
4.41,2.5953,0.12859,1.6199,-0.043585,-0.21579,0,0.97547,0.36165,-5.1227,1.1663,-1.9628,0.79156,0.46957,-3.5224,0.71144,-2.2508,0,0,0,1.1669,1.2363,1.3475,1.2693,10.488,15.642,-7.5608,12.457,0.64911,11.716,8.3668
4.42,2.5987,0.077405,1.6314,-0.053771,-0.2117,0,0.97586,0.32695,-5.1148,1.1435,-2.0045,0.839,0.48107,-3.4169,0.86788,-2.3258,0,0,0,1.1521,1.2225,1.333,1.2544,10.607,15.645,-7.4404,11.288,0.034293,12.357,8.2699
4.43,2.6018,0.026303,1.6427,-0.06416,-0.20734,0,0.97616,0.29332,-5.1053,1.1198,-2.044,0.8864,0.49241,-3.3103,1.0243,-2.3996,0,0,0,1.1385,1.2095,1.3186,1.24,10.714,15.642,-7.3137,10.111,-0.58324,12.994,8.1775
4.44,2.6046,-0.024696,1.6538,-0.074739,-0.20273,0,0.97638,0.26075,-5.0943,1.0955,-2.0809,0.9335,0.50352,-3.2026,1.1807,-2.472,0,0,0,1.1261,1.1974,1.3043,1.2261,10.809,15.633,-7.1806,8.9274,-1.2032,13.627,8.0899
4.45,2.607,-0.075577,1.6646,-0.085492,-0.19785,0,0.9765,0.22927,-5.0817,1.0704,-2.1148,0.98003,0.51429,-3.0941,1.337,-2.5431,0,0,0,1.1151,1.1864,1.2902,1.2128,10.893,15.618,-7.0412,7.7388,-1.8253,14.253,8.0074
4.46,2.6092,-0.12632,1.6752,-0.096401,-0.19272,0,0.97651,0.19887,-5.0675,1.0446,-2.1453,1.0257,0.52464,-2.9848,1.493,-2.6128,0,0,0,1.1054,1.1763,1.2762,1.2001,10.964,15.597,-6.8955,6.5458,-2.4492,14.874,7.9302
4.47,2.611,-0.17692,1.6855,-0.10744,-0.18733,0,0.9764,0.16957,-5.0518,1.0181,-2.1719,1.0701,0.53447,-2.8749,1.6489,-2.681,0,0,0,1.0973,1.1673,1.2624,1.1881,11.024,15.569,-6.7437,5.3496,-3.0747,15.489,7.8586
4.48,2.6126,-0.22736,1.6956,-0.1186,-0.1817,0,0.97618,0.14138,-5.0346,0.991,-2.1944,1.113,0.54368,-2.7644,1.8044,-2.7477,0,0,0,1.0907,1.1594,1.2487,1.1768,11.071,15.535,-6.5858,4.1513,-3.7014,16.096,7.7927
4.49,2.6139,-0.27761,1.7053,-0.12985,-0.17583,0,0.97582,0.11429,-5.0157,0.9632,-2.2123,1.154,0.55218,-2.6535,1.9596,-2.8127,0,0,0,1.0856,1.1526,1.2352,1.1662,11.107,15.495,-6.4218,2.9519,-4.3291,16.695,7.7327
4.5,2.6149,-0.32766,1.7148,-0.14115,-0.16972,0,0.97533,0.088308,-4.9954,0.93475,-2.2253,1.1928,0.55986,-2.5423,2.1143,-2.8761,0,0,0,1.0821,1.1469,1.222,1.1564,11.13,15.449,-6.2519,1.7525,-4.9575,17.286,7.6789
4.51,2.6156,-0.37751,1.724,-0.15249,-0.16341,0,0.9747,0.063442,-4.9734,0.90568,-2.2331,1.2289,0.56664,-2.4309,2.2685,-2.9377,0,0,0,1.0803,1.1423,1.2089,1.1473,11.142,15.396,-6.0761,0.55414,-5.5862,17.869,7.6313
4.52,2.6161,-0.42713,1.7329,-0.16383,-0.15689,0,0.97393,0.039689,-4.95,0.876,-2.2355,1.2622,0.57242,-2.3195,2.4222,-2.9976,0,0,0,1.08,1.1388,1.1962,1.1391,11.141,15.337,-5.8945,-0.64205,-6.2151,18.441,7.5901
4.53,2.6164,-0.4765,1.7415,-0.17515,-0.15018,0,0.97302,0.017051,-4.925,0.84574,-2.2323,1.2921,0.57713,-2.2081,2.5752,-3.0556,0,0,0,1.0813,1.1364,1.1838,1.1317,11.129,15.272,-5.7073,-1.835,-6.8437,19.004,7.5554
4.54,2.6165,-0.52562,1.7498,-0.18641,-0.14331,0,0.97196,-0.0044738,-4.8985,0.8149,-2.2233,1.3185,0.58068,-2.097,2.7276,-3.1117,0,0,0,1.0842,1.1351,1.1718,1.1252,11.105,15.2,-5.5145,-3.0237,-7.4718,19.556,7.5272
4.55,2.6163,-0.57447,1.7578,-0.19758,-0.13629,0,0.97077,-0.024889,-4.8705,0.78351,-2.2086,1.341,0.58302,-1.9861,2.8792,-3.1659,0,0,0,1.0885,1.1349,1.1603,1.1196,11.068,15.122,-5.3162,-4.207,-8.0992,20.097,7.5056
4.56,2.616,-0.62303,1.7655,-0.20863,-0.12915,0,0.96943,-0.044197,-4.8409,0.75159,-2.1882,1.3594,0.58409,-1.8756,3.03,-3.218,0,0,0,1.0942,1.1357,1.1494,1.1149,11.02,15.038,-5.1126,-5.3838,-8.7255,20.626,7.4905
4.57,2.6155,-0.67128,1.7729,-0.21954,-0.1219,0,0.96796,-0.062403,-4.8099,0.71916,-2.1622,1.3737,0.58386,-1.7657,3.18,-3.2681,0,0,0,1.1013,1.1376,1.1392,1.1112,10.961,14.948,-4.9037,-6.5532,-9.3504,21.143,7.4821
4.58,2.6148,-0.71922,1.7799,-0.23027,-0.11458,0,0.96636,-0.079513,-4.7773,0.68623,-2.1307,1.3835,0.58229,-1.6565,3.329,-3.3161,0,0,0,1.1096,1.1404,1.1297,1.1084,10.889,14.851,-4.6898,-7.7139,-9.9736,21.646,7.4801
4.59,2.6139,-0.76682,1.7866,-0.24079,-0.1072,0,0.96464,-0.095535,-4.7433,0.65284,-2.094,1.3888,0.57938,-1.548,3.477,-3.3619,0,0,0,1.119,1.1441,1.1211,1.1066,10.806,14.748,-4.4709,-8.865,-10.595,22.136,7.4846
4.6,2.6128,-0.81408,1.793,-0.25108,-0.099794,0,0.96281,-0.11048,-4.7078,0.619,-2.0524,1.3897,0.57513,-1.4404,3.6239,-3.4055,0,0,0,1.1294,1.1488,1.1134,1.1057,10.712,14.639,-4.2471,-10.005,-11.214,22.612,7.4954
4.61,2.6117,-0.86097,1.799,-0.26112,-0.092385,0,0.96088,-0.12435,-4.6708,0.58474,-2.0062,1.3861,0.56955,-1.3338,3.7697,-3.4468,0,0,0,1.1407,1.1543,1.1068,1.1058,10.606,14.524,-4.0187,-11.134,-11.831,23.073,7.5124
4.62,2.6104,-0.90749,1.8046,-0.27088,-0.084997,0,0.95885,-0.13715,-4.6324,0.55007,-1.9559,1.378,0.56267,-1.2283,3.9144,-3.4859,0,0,0,1.1527,1.1605,1.1012,1.1068,10.489,14.403,-3.7857,-12.25,-12.444,23.519,7.5354
4.63,2.6089,-0.95362,1.81,-0.28034,-0.077655,0,0.95675,-0.14892,-4.5925,0.51503,-1.9018,1.3657,0.55454,-1.124,4.0578,-3.5225,0,0,0,1.1654,1.1676,1.0967,1.1088,10.361,14.275,-3.5483,-13.351,-13.055,23.949,7.5643
4.64,2.6074,-0.99934,1.8149,-0.2895,-0.070384,0,0.95459,-0.15964,-4.5512,0.47963,-1.8444,1.3493,0.5452,-1.0211,4.1998,-3.5568,0,0,0,1.1787,1.1753,1.0935,1.1118,10.223,14.142,-3.3068,-14.438,-13.662,24.362,7.5988
4.65,2.6057,-1.0446,1.8196,-0.29833,-0.063204,0,0.95237,-0.16934,-4.5085,0.4439,-1.7842,1.329,0.53472,-0.91959,4.3406,-3.5887,0,0,0,1.1925,1.1837,1.0914,1.1156,10.073,14.002,-3.0611,-15.508,-14.265,24.758,7.6387
4.66,2.604,-1.0895,1.8238,-0.30682,-0.056138,0,0.95011,-0.17804,-4.4644,0.40786,-1.7216,1.305,0.52316,-0.81966,4.4799,-3.618,0,0,0,1.2066,1.1926,1.0906,1.1204,9.9124,13.856,-2.8117,-16.562,-14.865,25.137,7.6837
4.67,2.6022,-1.1339,1.8277,-0.31498,-0.049206,0,0.94782,-0.18574,-4.4189,0.37155,-1.657,1.2776,0.51059,-0.72138,4.6177,-3.6449,0,0,0,1.2209,1.2022,1.0911,1.126,9.7416,13.705,-2.5585,-17.597,-15.46,25.497,7.7337
4.68,2.6003,-1.1779,1.8313,-0.32278,-0.042427,0,0.94552,-0.19247,-4.3721,0.33498,-1.591,1.2471,0.4971,-0.62486,4.7539,-3.6692,0,0,0,1.2355,1.2122,1.0928,1.1325,9.5605,13.547,-2.3018,-18.613,-16.051,25.839,7.7883
4.69,2.5983,-1.2214,1.8344,-0.33023,-0.035816,0,0.94322,-0.19824,-4.3239,0.29817,-1.5238,1.2137,0.48277,-0.5302,4.8886,-3.6909,0,0,0,1.2502,1.2227,1.0958,1.1397,9.3694,13.384,-2.0418,-19.608,-16.636,26.161,7.8474
4.7,2.5963,-1.2644,1.8372,-0.33733,-0.02939,0,0.94093,-0.20308,-4.2743,0.26117,-1.456,1.1777,0.46769,-0.43751,5.0216,-3.71,0,0,0,1.265,1.2337,1.0999,1.1477,9.1684,13.214,-1.7786,-20.583,-17.217,26.463,7.9105
4.71,2.5943,-1.3068,1.8396,-0.34407,-0.023161,0,0.93866,-0.207,-4.2234,0.22398,-1.3879,1.1395,0.45193,-0.34687,5.1529,-3.7265,0,0,0,1.2798,1.245,1.1052,1.1565,8.9578,13.039,-1.5126,-21.535,-17.792,26.744,7.9775
4.72,2.5922,-1.3488,1.8417,-0.35046,-0.017142,0,0.93642,-0.21003,-4.1713,0.18665,-1.3197,1.0993,0.43558,-0.25838,5.2824,-3.7402,0,0,0,1.2946,1.2567,1.1116,1.1659,8.7378,12.859,-1.2438,-22.463,-18.361,27.004,8.048
4.73,2.5901,-1.3903,1.8434,-0.3565,-0.011344,0,0.93423,-0.21218,-4.1178,0.14919,-1.2519,1.0574,0.41872,-0.17214,5.41,-3.7513,0,0,0,1.3094,1.2687,1.1191,1.1759,8.5086,12.672,-0.97258,-23.368,-18.925,27.242,8.1218
4.74,2.588,-1.4312,1.8447,-0.3622,-0.0057735,0,0.93208,-0.21348,-4.0631,0.11163,-1.1846,1.0142,0.40143,-0.088239,5.5358,-3.7597,0,0,0,1.3241,1.281,1.1275,1.1866,8.2705,12.48,-0.69906,-24.247,-19.482,27.458,8.1986
4.75,2.5858,-1.4715,1.8456,-0.36757,-0.00043908,0,0.93,-0.21395,-4.0071,0.074002,-1.1181,0.96971,0.38379,-0.0067607,5.6596,-3.7653,0,0,0,1.3387,1.2935,1.1369,1.1978,8.0238,12.282,-0.4235,-25.099,-20.032,27.65,8.2782
4.76,2.5837,-1.5113,1.8462,-0.37261,0.0046538,0,0.92798,-0.21362,-3.9499,0.036332,-1.0525,0.92434,0.36587,0.072208,5.7814,-3.7682,0,0,0,1.3532,1.3062,1.1472,1.2095,7.7686,12.079,-0.14614,-25.925,-20.576,27.819,8.3602
4.77,2.5815,-1.5505,1.8463,-0.37732,0.0095006,0,0.92603,-0.21251,-3.8915,-0.0013522,-0.98813,0.87828,0.34773,0.14859,5.9012,-3.7682,0,0,0,1.3676,1.3192,1.1582,1.2217,7.5054,11.871,0.1328,-26.722,-21.112,27.964,8.4444
4.78,2.5794,-1.5891,1.8461,-0.38173,0.014098,0,0.92417,-0.21066,-3.8319,-0.039023,-0.92499,0.83174,0.32944,0.22229,6.0188,-3.7655,0,0,0,1.3819,1.3322,1.17,1.2343,7.2343,11.657,0.41306,-27.489,-21.641,28.084,8.5306
4.79,2.5773,-1.6271,1.8456,-0.38583,0.018444,0,0.92239,-0.20808,-3.7711,-0.076653,-0.86321,0.78489,0.31105,0.29325,6.1343,-3.76,0,0,0,1.396,1.3454,1.1824,1.2472,6.9557,11.438,0.6944,-28.226,-22.162,28.179,8.6184
4.8,2.5753,-1.6645,1.8446,-0.38963,0.022538,0,0.92069,-0.2048,-3.7092,-0.11421,-0.80288,0.73792,0.29263,0.36138,6.2476,-3.7516,0,0,0,1.41,1.3587,1.1954,1.2605,6.6699,11.214,0.97655,-28.932,-22.675,28.247,8.7078
4.81,2.5732,-1.7013,1.8433,-0.39316,0.026378,0,0.91909,-0.20086,-3.6462,-0.15168,-0.74406,0.69097,0.27422,0.42662,6.3586,-3.7404,0,0,0,1.4239,1.3721,1.2089,1.2741,6.3772,10.985,1.2592,-29.605,-23.18,28.289,8.7984
4.82,2.5713,-1.7375,1.8416,-0.3964,0.029967,0,0.91759,-0.19628,-3.582,-0.18901,-0.68678,0.64418,0.25586,0.4889,6.4672,-3.7264,0,0,0,1.4376,1.3856,1.2229,1.288,6.0779,10.75,1.5422,-30.245,-23.676,28.304,8.89
4.83,2.5693,-1.773,1.8395,-0.39938,0.033304,0,0.91618,-0.19109,-3.5168,-0.22619,-0.63108,0.59767,0.2376,0.54816,6.5735,-3.7096,0,0,0,1.4512,1.399,1.2372,1.302,5.7724,10.511,1.8252,-30.851,-24.163,28.29,8.9825
4.84,2.5674,-1.8078,1.837,-0.40211,0.036392,0,0.91487,-0.18533,-3.4506,-0.26319,-0.57695,0.55155,0.21947,0.60433,6.6774,-3.6899,0,0,0,1.4646,1.4125,1.252,1.3163,5.461,10.267,2.1079,-31.421,-24.641,28.249,9.0756
4.85,2.5656,-1.842,1.8342,-0.40459,0.039233,0,0.91366,-0.17901,-3.3833,-0.29998,-0.52439,0.50591,0.20151,0.65736,6.7789,-3.6674,0,0,0,1.4779,1.426,1.267,1.3307,5.1441,10.018,2.3901,-31.954,-25.11,28.178,9.1692
4.86,2.5639,-1.8755,1.831,-0.40682,0.041831,0,0.91255,-0.17219,-3.315,-0.33653,-0.47339,0.46084,0.18375,0.70719,6.8778,-3.6421,0,0,0,1.491,1.4394,1.2822,1.3452,4.822,9.765,2.6714,-32.45,-25.568,28.078,9.2631
4.87,2.5622,-1.9083,1.8275,-0.40883,0.044188,0,0.91154,-0.16488,-3.2457,-0.37282,-0.42392,0.41641,0.16621,0.75378,6.9742,-3.614,0,0,0,1.5039,1.4528,1.2977,1.3598,4.4952,9.5071,2.9516,-32.907,-26.017,27.948,9.3571
4.88,2.5606,-1.9404,1.8236,-0.41062,0.046307,0,0.91063,-0.15712,-3.1755,-0.4088,-0.37595,0.37267,0.14893,0.79708,7.0679,-3.5831,0,0,0,1.5167,1.4662,1.3133,1.3745,4.164,9.2447,3.2303,-33.325,-26.455,27.787,9.4511
4.89,2.559,-1.9718,1.8193,-0.41219,0.048194,0,0.90982,-0.14895,-3.1044,-0.44447,-0.32946,0.32968,0.13191,0.83705,7.159,-3.5494,0,0,0,1.5293,1.4795,1.329,1.3892,3.8288,8.978,3.5072,-33.703,-26.883,27.594,9.5449
4.9,2.5576,-2.0025,1.8147,-0.41355,0.049852,0,0.90911,-0.14039,-3.0323,-0.47978,-0.28439,0.28749,0.11518,0.87365,7.2475,-3.513,0,0,0,1.5417,1.4926,1.3448,1.4039,3.4901,8.7071,3.782,-34.039,-27.299,27.37,9.6384
4.91,2.5562,-2.0324,1.8097,-0.41472,0.051286,0,0.9085,-0.13149,-2.9594,-0.51472,-0.2407,0.24612,0.098764,0.90684,7.3332,-3.4738,0,0,0,1.5539,1.5057,1.3607,1.4186,3.1482,8.4321,4.0545,-34.332,-27.705,27.113,9.7315
4.92,2.555,-2.0616,1.8044,-0.41569,0.052499,0,0.90799,-0.12227,-2.8857,-0.54925,-0.19836,0.20562,0.082668,0.9366,7.4161,-3.4319,0,0,0,1.566,1.5186,1.3765,1.4333,2.8036,8.153,4.3242,-34.582,-28.098,26.822,9.8241
4.93,2.5538,-2.0901,1.7987,-0.41648,0.053498,0,0.90757,-0.11277,-2.8111,-0.58335,-0.15731,0.16601,0.066908,0.96291,7.4962,-3.3873,0,0,0,1.5778,1.5315,1.3924,1.4479,2.4567,7.8701,4.5908,-34.787,-28.48,26.498,9.916
4.94,2.5527,-2.1179,1.7927,-0.41709,0.054286,0,0.90724,-0.10302,-2.7358,-0.61699,-0.11752,0.12731,0.051498,0.98573,7.5735,-3.3401,0,0,0,1.5895,1.5441,1.4082,1.4624,2.108,7.5835,4.854,-34.947,-28.85,26.14,10.007
4.95,2.5517,-2.1448,1.7864,-0.41752,0.054869,0,0.90701,-0.093066,-2.6597,-0.65014,-0.078929,0.089549,0.036447,1.0051,7.6479,-3.2902,0,0,0,1.601,1.5567,1.424,1.4769,1.7579,7.2932,5.1135,-35.06,-29.208,25.747,10.098
4.96,2.5508,-2.1711,1.7797,-0.41778,0.055252,0,0.90686,-0.082933,-2.5828,-0.68278,-0.041501,0.052733,0.021765,1.0209,7.7193,-3.2378,0,0,0,1.6123,1.569,1.4397,1.4913,1.407,6.9994,5.3689,-35.129,-29.553,25.321,10.187
4.97,2.5501,-2.1965,1.7728,-0.41789,0.05544,0,0.90681,-0.07266,-2.5053,-0.71489,-0.0051889,0.016876,0.0074599,1.0332,7.7878,-3.1829,0,0,0,1.6234,1.5813,1.4553,1.5055,1.0555,6.7022,5.6198,-35.154,-29.886,24.863,10.276
4.98,2.5494,-2.2212,1.7654,-0.41783,0.055438,0,0.90683,-0.062281,-2.4271,-0.74643,0.030051,-0.018014,-0.0064628,1.042,7.8534,-3.1254,0,0,0,1.6343,1.5933,1.4708,1.5196,0.70402,6.4017,5.866,-35.136,-30.206,24.373,10.363
4.99,2.5488,-2.245,1.7578,-0.41762,0.055252,0,0.90694,-0.051831,-2.3482,-0.77739,0.064262,-0.051933,-0.019999,1.0473,7.9159,-3.0656,0,0,0,1.645,1.6052,1.4862,1.5336,0.35294,6.0981,6.1072,-35.075,-30.514,23.854,10.45
5,2.5483,-2.2681,1.7499,-0.41726,0.054885,0,0.90713,-0.041347,-2.2688,-0.80773,0.097486,-0.084879,-0.033144,1.0491,7.9753,-3.0033,0,0,0,1.6555,1.6169,1.5014,1.5474,0.0026673,5.7914,6.343,-34.973,-30.809,23.305,10.535
5.01,2.548,-2.2904,1.7417,-0.41675,0.054345,0,0.90739,-0.030862,-2.1887,-0.83745,0.12976,-0.11685,-0.045898,1.0473,8.0317,-2.9387,0,0,0,1.6658,1.6284,1.5164,1.561,-0.34638,5.4819,6.5732,-34.83,-31.091,22.728,10.619
5.02,2.5477,-2.3119,1.7332,-0.41611,0.053636,0,0.90773,-0.020412,-2.1082,-0.8665,0.16114,-0.14786,-0.058258,1.0421,8.0849,-2.8719,0,0,0,1.6759,1.6397,1.5313,1.5745,-0.6938,5.1697,6.7975,-34.647,-31.361,22.124,10.702
5.03,2.5476,-2.3326,1.7243,-0.41532,0.052762,0,0.90814,-0.010031,-2.0271,-0.89488,0.19164,-0.1779,-0.070224,1.0335,8.1351,-2.8028,0,0,0,1.6859,1.6509,1.546,1.5878,-1.0392,4.8548,7.0156,-34.426,-31.618,21.494,10.784
5.04,2.5475,-2.3524,1.7153,-0.4144,0.05173,0,0.90862,0.0002464,-1.9455,-0.92255,0.22131,-0.20697,-0.081797,1.0214,8.182,-2.7316,0,0,0,1.6956,1.6619,1.5605,1.6009,-1.3822,4.5373,7.2273,-34.167,-31.862,20.839,10.865
5.05,2.5476,-2.3715,1.7059,-0.41336,0.050544,0,0.90917,0.010385,-1.8634,-0.9495,0.25018,-0.2351,-0.092979,1.0058,8.2258,-2.6583,0,0,0,1.7052,1.6727,1.5748,1.6138,-1.7224,4.2176,7.4323,-33.871,-32.094,20.161,10.944
5.06,2.5477,-2.3897,1.6963,-0.41218,0.04921,0,0.90977,0.020352,-1.781,-0.97571,0.27827,-0.26227,-0.10377,0.98692,8.2664,-2.5829,0,0,0,1.7146,1.6833,1.5889,1.6265,-2.0595,3.8955,7.6304,-33.539,-32.312,19.459,11.022
5.07,2.548,-2.4071,1.6864,-0.41088,0.047732,0,0.91044,0.030113,-1.6981,-1.0012,0.30564,-0.2885,-0.11418,0.96466,8.3037,-2.5057,0,0,0,1.7238,1.6937,1.6028,1.6391,-2.3931,3.5714,7.8214,-33.172,-32.517,18.735,11.099
5.08,2.5483,-2.4237,1.6762,-0.40945,0.046116,0,0.91117,0.039634,-1.6149,-1.0258,0.33229,-0.3138,-0.1242,0.93907,8.3378,-2.4265,0,0,0,1.7328,1.7039,1.6165,1.6514,-2.7228,3.2452,8.005,-32.77,-32.709,17.991,11.174
5.09,2.5488,-2.4394,1.6659,-0.40791,0.044366,0,0.91195,0.048883,-1.5314,-1.0497,0.35825,-0.33818,-0.13383,0.91022,8.3686,-2.3456,0,0,0,1.7416,1.714,1.63,1.6635,-3.0484,2.9172,8.1811,-32.335,-32.888,17.227,11.248
5.1,2.5493,-2.4543,1.6553,-0.40624,0.042488,0,0.91278,0.057827,-1.4475,-1.0727,0.38356,-0.36163,-0.1431,0.87812,8.3961,-2.2629,0,0,0,1.7503,1.7239,1.6433,1.6754,-3.3694,2.5875,8.3495,-31.867,-33.054,16.444,11.321
5.11,2.5499,-2.4683,1.6444,-0.40447,0.040485,0,0.91366,0.066435,-1.3634,-1.0949,0.40823,-0.38418,-0.15199,0.84284,8.4204,-2.1786,0,0,0,1.7588,1.7336,1.6563,1.6871,-3.6856,2.2562,8.51,-31.368,-33.207,15.643,11.393
5.12,2.5506,-2.4816,1.6334,-0.40258,0.038364,0,0.91458,0.074674,-1.2791,-1.1163,0.43228,-0.40584,-0.16051,0.80443,8.4413,-2.0928,0,0,0,1.7671,1.7431,1.6691,1.6986,-3.9967,1.9234,8.6623,-30.838,-33.346,14.826,11.463
5.13,2.5514,-2.4939,1.6221,-0.40058,0.036129,0,0.91555,0.082513,-1.1946,-1.1368,0.45574,-0.4266,-0.16866,0.76293,8.4588,-2.0054,0,0,0,1.7752,1.7524,1.6817,1.7099,-4.3023,1.5893,8.8064,-30.278,-33.472,13.993,11.532
5.14,2.5523,-2.5055,1.6106,-0.39847,0.033785,0,0.91656,0.089922,-1.11,-1.1564,0.47862,-0.44648,-0.17646,0.7184,8.473,-1.9167,0,0,0,1.7832,1.7616,1.6941,1.721,-4.6021,1.254,8.9421,-29.689,-33.585,13.146,11.6
5.15,2.5532,-2.5161,1.599,-0.39625,0.031335,0,0.91761,0.096871,-1.0252,-1.1751,0.50094,-0.46549,-0.18391,0.67091,8.4839,-1.8266,0,0,0,1.7911,1.7706,1.7063,1.7319,-4.8959,0.91763,9.0693,-29.071,-33.684,12.285,11.666
5.16,2.5542,-2.526,1.5871,-0.39393,0.028786,0,0.91869,0.10333,-0.94031,-1.1929,0.52271,-0.48364,-0.191,0.6205,8.4914,-1.7353,0,0,0,1.7987,1.7794,1.7183,1.7426,-5.1835,0.58035,9.1878,-28.427,-33.77,11.412,11.732
5.17,2.5553,-2.5349,1.5751,-0.3915,0.026141,0,0.91981,0.10927,-0.85537,-1.2098,0.54395,-0.50094,-0.19776,0.56726,8.4955,-1.6429,0,0,0,1.8063,1.7881,1.73,1.7531,-5.4644,0.24228,9.2975,-27.756,-33.842,10.527,11.796
5.18,2.5564,-2.5431,1.5629,-0.38898,0.023406,0,0.92095,0.11467,-0.77041,-1.2258,0.56467,-0.51739,-0.20418,0.51124,8.4962,-1.5494,0,0,0,1.8136,1.7966,1.7416,1.7634,-5.7385,-0.096443,9.3983,-27.06,-33.9,9.6317,11.859
5.19,2.5576,-2.5503,1.5506,-0.38635,0.020584,0,0.92212,0.11949,-0.68546,-1.2408,0.58488,-0.53302,-0.21027,0.45251,8.4936,-1.4549,0,0,0,1.8209,1.805,1.7529,1.7735,-6.0055,-0.43568,9.4901,-26.34,-33.945,8.727,11.92
5.2,2.5588,-2.5568,1.5381,-0.38363,0.01768,0,0.92332,0.12371,-0.60055,-1.2549,0.6046,-0.54781,-0.21603,0.39115,8.4875,-1.3596,0,0,0,1.828,1.8132,1.764,1.7834,-6.2652,-0.77529,9.5728,-25.596,-33.976,7.814,11.981
5.21,2.5601,-2.5624,1.5255,-0.38081,0.014698,0,0.92454,0.1273,-0.51572,-1.268,0.62383,-0.5618,-0.22148,0.32723,8.4781,-1.2635,0,0,0,1.8349,1.8213,1.7749,1.7931,-6.5174,-1.1152,9.6464,-24.83,-33.993,6.8936,12.04
5.22,2.5613,-2.5671,1.5128,-0.37789,0.011644,0,0.92578,0.13024,-0.431,-1.2801,0.64259,-0.57498,-0.22662,0.26083,8.4652,-1.1667,0,0,0,1.8417,1.8292,1.7856,1.8026,-6.7618,-1.4551,9.7107,-24.043,-33.997,5.9669,12.099
5.23,2.5627,-2.571,1.4999,-0.37488,0.0085202,0,0.92703,0.13251,-0.34642,-1.2913,0.66088,-0.58737,-0.23146,0.19202,8.449,-1.0693,0,0,0,1.8484,1.837,1.7961,1.8119,-6.9982,-1.795,9.7657,-23.236,-33.987,5.0348,12.156
5.24,2.564,-2.574,1.4869,-0.37179,0.0053322,0,0.9283,0.13408,-0.26203,-1.3015,0.67872,-0.59898,-0.23599,0.12089,8.4293,-0.97145,0,0,0,1.855,1.8446,1.8064,1.8211,-7.2264,-2.1348,9.8113,-22.409,-33.963,4.0983,12.212
5.25,2.5653,-2.5762,1.4739,-0.3686,0.0020838,0,0.92959,0.13492,-0.17785,-1.3107,0.6961,-0.60982,-0.24025,0.047524,8.4063,-0.87314,0,0,0,1.8615,1.8521,1.8165,1.83,-7.4463,-2.4743,9.8476,-21.565,-33.926,3.1586,12.267
5.26,2.5667,-2.5776,1.4607,-0.36532,-0.0012208,0,0.93088,0.13502,-0.093915,-1.319,0.71304,-0.6199,-0.24421,-0.028003,8.3798,-0.77452,0,0,0,1.8678,1.8595,1.8264,1.8388,-7.6576,-2.8133,9.8745,-20.703,-33.874,2.2165,12.321
5.27,2.568,-2.5781,1.4475,-0.36196,-0.0045776,0,0.93218,0.13435,-0.010263,-1.3262,0.72955,-0.62924,-0.24791,-0.1056,8.35,-0.67568,0,0,0,1.874,1.8667,1.836,1.8474,-7.8603,-3.1517,9.892,-19.826,-33.809,1.2732,12.374
5.28,2.5694,-2.5778,1.4342,-0.35851,-0.0079824,0,0.93349,0.1329,0.073074,-1.3325,0.74563,-0.63784,-0.25134,-0.18518,8.3168,-0.57672,0,0,0,1.8802,1.8738,1.8455,1.8558,-8.0541,-3.4894,9.9,-18.933,-33.73,0.32955,12.426
5.29,2.5707,-2.5766,1.4209,-0.35498,-0.011432,0,0.93481,0.13064,0.15606,-1.3378,0.76129,-0.64572,-0.25451,-0.26665,8.2802,-0.47772,0,0,0,1.8862,1.8808,1.8548,1.864,-8.2389,-3.8263,9.8985,-18.027,-33.638,-0.61335,12.476
5.3,2.572,-2.5747,1.4075,-0.35136,-0.014921,0,0.93612,0.12756,0.23867,-1.3421,0.77654,-0.65289,-0.25743,-0.34993,8.2403,-0.37878,0,0,0,1.8921,1.8877,1.8639,1.8721,-8.4146,-4.1621,9.8877,-17.108,-33.531,-1.5545,12.526
5.31,2.5732,-2.5719,1.394,-0.34767,-0.018447,0,0.93744,0.12364,0.32086,-1.3453,0.79138,-0.65936,-0.26011,-0.43491,8.197,-0.27999,0,0,0,1.8979,1.8944,1.8728,1.88,-8.581,-4.4968,9.8675,-16.177,-33.411,-2.4929,12.575
5.32,2.5745,-2.5682,1.3806,-0.3439,-0.022005,0,0.93875,0.11886,0.4026,-1.3477,0.80582,-0.66515,-0.26256,-0.52152,8.1503,-0.18146,0,0,0,1.9036,1.901,1.8815,1.8877,-8.7381,-4.8303,9.8379,-15.235,-33.277,-3.4275,12.623
5.33,2.5756,-2.5638,1.3671,-0.34005,-0.025592,0,0.94006,0.1132,0.48385,-1.349,0.81988,-0.67027,-0.26478,-0.60964,8.1004,-0.083267,0,0,0,1.9092,1.9075,1.8901,1.8952,-8.8857,-5.1623,9.7989,-14.284,-33.129,-4.3573,12.67
5.34,2.5767,-2.5586,1.3536,-0.33612,-0.029205,0,0.94137,0.10666,0.56459,-1.3493,0.83354,-0.67474,-0.26678,-0.6992,8.0471,0.014489,0,0,0,1.9147,1.9139,1.8984,1.9026,-9.0238,-5.4928,9.7507,-13.324,-32.967,-5.2813,12.716
5.35,2.5777,-2.5525,1.3401,-0.33212,-0.03284,0,0.94266,0.099216,0.64478,-1.3487,0.84683,-0.67857,-0.26858,-0.79009,7.9905,0.11172,0,0,0,1.9201,1.9202,1.9065,1.9098,-9.1522,-5.8216,9.6933,-12.356,-32.791,-6.1985,12.761
5.36,2.5787,-2.5457,1.3266,-0.32805,-0.036493,0,0.94395,0.090856,0.72439,-1.3471,0.85976,-0.68177,-0.27017,-0.88221,7.9307,0.20833,0,0,0,1.9255,1.9264,1.9145,1.9168,-9.2709,-6.1486,9.6268,-11.382,-32.601,-7.1079,12.805
5.37,2.5796,-2.538,1.3131,-0.32391,-0.040161,0,0.94524,0.081568,0.80339,-1.3445,0.87232,-0.68436,-0.27158,-0.97547,7.8676,0.30422,0,0,0,1.9307,1.9324,1.9222,1.9237,-9.3798,-6.4736,9.5512,-10.402,-32.397,-8.0084,12.848
5.38,2.5803,-2.5296,1.2997,-0.3197,-0.04384,0,0.9465,0.071343,0.88173,-1.341,0.88453,-0.68635,-0.2728,-1.0698,7.8012,0.39932,0,0,0,1.9358,1.9383,1.9297,1.9304,-9.4789,-6.7965,9.4667,-9.4177,-32.18,-8.8991,12.89
5.39,2.581,-2.5204,1.2863,-0.31542,-0.047528,0,0.94776,0.06017,0.9594,-1.3365,0.8964,-0.68776,-0.27384,-1.165,7.7316,0.49353,0,0,0,1.9409,1.9441,1.9371,1.9369,-9.5681,-7.1171,9.3733,-8.43,-31.948,-9.7789,12.932
5.4,2.5815,-2.5104,1.273,-0.31107,-0.051221,0,0.949,0.04804,1.0364,-1.3311,0.90794,-0.6886,-0.27472,-1.2611,7.6589,0.58676,0,0,0,1.9458,1.9498,1.9443,1.9432,-9.6475,-7.4354,9.2711,-7.4398,-31.702,-10.647,12.972
5.41,2.5819,-2.4997,1.2597,-0.30666,-0.054916,0,0.95023,0.034945,1.1126,-1.3248,0.91915,-0.6889,-0.27544,-1.3579,7.5829,0.67892,0,0,0,1.9507,1.9554,1.9512,1.9494,-9.7169,-7.7511,9.1604,-6.4483,-31.443,-11.502,13.011
5.42,2.5822,-2.4882,1.2465,-0.30219,-0.058611,0,0.95144,0.020879,1.188,-1.3176,0.93005,-0.68865,-0.27602,-1.4554,7.5039,0.76993,0,0,0,1.9554,1.9608,1.958,1.9554,-9.7764,-8.0642,9.0411,-5.4563,-31.169,-12.343,13.049
5.43,2.5824,-2.4759,1.2334,-0.29765,-0.062302,0,0.95264,0.0058351,1.2626,-1.3094,0.94064,-0.68789,-0.27645,-1.5534,7.4217,0.85972,0,0,0,1.9601,1.9662,1.9646,1.9612,-9.826,-8.3745,8.9136,-4.4648,-30.881,-13.169,13.087
5.44,2.5823,-2.4629,1.2203,-0.29306,-0.065986,0,0.95382,-0.010191,1.3364,-1.3004,0.95094,-0.68663,-0.27675,-1.6519,7.3364,0.94818,0,0,0,1.9646,1.9714,1.971,1.9669,-9.8657,-8.6818,8.7778,-3.4747,-30.579,-13.98,13.123
5.45,2.5821,-2.4492,1.2074,-0.2884,-0.069661,0,0.95497,-0.027204,1.4093,-1.2905,0.96095,-0.68487,-0.27693,-1.7507,7.248,1.0352,0,0,0,1.9691,1.9765,1.9771,1.9724,-9.8956,-8.986,8.634,-2.487,-30.263,-14.773,13.158
5.46,2.5818,-2.4347,1.1945,-0.28369,-0.073324,0,0.95611,-0.045206,1.4814,-1.2797,0.9707,-0.68264,-0.27699,-1.8498,7.1567,1.1208,0,0,0,1.9734,1.9814,1.9831,1.9777,-9.9155,-9.287,8.4824,-1.5028,-29.933,-15.549,13.193
5.47,2.5812,-2.4196,1.1818,-0.27892,-0.076973,0,0.95723,-0.0642,1.5525,-1.268,0.98018,-0.67995,-0.27694,-1.949,7.0623,1.2049,0,0,0,1.9777,1.9863,1.9889,1.9828,-9.9256,-9.5846,8.3231,-0.52279,-29.588,-16.306,13.226
5.48,2.5805,-2.4037,1.1692,-0.27409,-0.080604,0,0.95832,-0.084186,1.6226,-1.2556,0.98941,-0.67682,-0.2768,-2.0483,6.965,1.2873,0,0,0,1.9818,1.991,1.9944,1.9877,-9.926,-9.8787,8.1563,0.45191,-29.23,-17.043,13.258
5.49,2.5795,-2.3871,1.1567,-0.26921,-0.084217,0,0.95939,-0.10516,1.6918,-1.2423,0.9984,-0.67326,-0.27656,-2.1475,6.8647,1.368,0,0,0,1.9858,1.9955,1.9998,1.9925,-9.9166,-10.169,7.9823,1.4204,-28.857,-17.759,13.289
5.5,2.5784,-2.3699,1.1443,-0.26428,-0.087807,0,0.96044,-0.12714,1.7599,-1.2282,1.0072,-0.66928,-0.27624,-2.2466,6.7616,1.4469,0,0,0,1.9897,2,2.005,1.997,-9.8976,-10.456,7.8012,2.3817,-28.47,-18.454,13.319
5.51,2.577,-2.3519,1.1321,-0.2593,-0.091374,0,0.96147,-0.1501,1.827,-1.2134,1.0157,-0.6649,-0.27585,-2.3454,6.6556,1.524,0,0,0,1.9935,2.0043,2.0099,2.0014,-9.869,-10.739,7.6133,3.3348,-28.068,-19.126,13.348
5.52,2.5754,-2.3333,1.12,-0.25426,-0.094915,0,0.96247,-0.17404,1.893,-1.1978,1.0241,-0.66013,-0.27538,-2.4439,6.5469,1.5991,0,0,0,1.9971,2.0084,2.0146,2.0056,-9.8309,-11.017,7.4188,4.2789,-27.652,-19.774,13.376
5.53,2.5735,-2.3141,1.1081,-0.24918,-0.098427,0,0.96344,-0.19897,1.9579,-1.1814,1.0322,-0.65499,-0.27486,-2.542,6.4353,1.6723,0,0,0,2.0006,2.0124,2.0191,2.0096,-9.7835,-11.292,7.2179,5.213,-27.222,-20.397,13.403
5.54,2.5714,-2.2942,1.0964,-0.24405,-0.10191,0,0.96439,-0.22488,2.0217,-1.1643,1.0402,-0.64949,-0.27428,-2.6395,6.321,1.7435,0,0,0,2.004,2.0163,2.0235,2.0134,-9.7267,-11.562,7.0109,6.136,-26.777,-20.994,13.429
5.55,2.569,-2.2736,1.0849,-0.23887,-0.10536,0,0.96532,-0.25176,2.0843,-1.1465,1.048,-0.64363,-0.27365,-2.7365,6.2041,1.8125,0,0,0,2.0073,2.02,2.0275,2.017,-9.6608,-11.827,6.7981,7.0471,-26.318,-21.565,13.453
5.56,2.5664,-2.2525,1.0735,-0.23364,-0.10878,0,0.96622,-0.27961,2.1458,-1.1281,1.0556,-0.63744,-0.27298,-2.8327,6.0845,1.8794,0,0,0,2.0104,2.0235,2.0314,2.0204,-9.5858,-12.088,6.5797,7.9453,-25.845,-22.108,13.476
5.57,2.5634,-2.2307,1.0623,-0.22837,-0.11216,0,0.96709,-0.30841,2.206,-1.109,1.0631,-0.63092,-0.27228,-2.9282,5.9624,1.9441,0,0,0,2.0134,2.0269,2.0351,2.0236,-9.5019,-12.344,6.356,8.8296,-25.357,-22.622,13.498
5.58,2.5602,-2.2084,1.0513,-0.22306,-0.1155,0,0.96794,-0.33817,2.265,-1.0892,1.0705,-0.62409,-0.27156,-3.0227,5.8377,2.0065,0,0,0,2.0162,2.0301,2.0385,2.0266,-9.4093,-12.595,6.1274,9.6991,-24.854,-23.106,13.519
5.59,2.5567,-2.1854,1.0405,-0.2177,-0.1188,0,0.96876,-0.36886,2.3228,-1.0688,1.0778,-0.61696,-0.27081,-3.1163,5.7105,2.0666,0,0,0,2.0189,2.0332,2.0417,2.0294,-9.308,-12.841,5.894,10.553,-24.337,-23.56,13.539
5.6,2.5528,-2.1619,1.0299,-0.21229,-0.12206,0,0.96955,-0.40049,2.3792,-1.0479,1.0849,-0.60953,-0.27005,-3.2089,5.5809,2.1244,0,0,0,2.0214,2.0361,2.0447,2.032,-9.1983,-13.082,5.6563,11.39,-23.806,-23.982,13.557
5.61,2.5486,-2.1379,1.0196,-0.20685,-0.12528,0,0.97032,-0.43304,2.4344,-1.0264,1.0919,-0.60181,-0.26927,-3.3003,5.4489,2.1797,0,0,0,2.0237,2.0388,2.0475,2.0344,-9.0802,-13.317,5.4145,12.209,-23.26,-24.372,13.574
5.62,2.5441,-2.1132,1.0094,-0.20136,-0.12846,0,0.97106,-0.46649,2.4882,-1.0043,1.0988,-0.59382,-0.2685,-3.3904,5.3145,2.2327,0,0,0,2.0259,2.0413,2.0501,2.0366,-8.9541,-13.547,5.169,13.01,-22.699,-24.727,13.59
5.63,2.5393,-2.0881,0.99948,-0.19583,-0.13159,0,0.97177,-0.50084,2.5406,-0.98171,1.1057,-0.58556,-0.26773,-3.4793,5.1779,2.2831,0,0,0,2.028,2.0437,2.0524,2.0385,-8.8201,-13.771,4.9201,13.791,-22.123,-25.048,13.604
5.64,2.5341,-2.0624,0.98978,-0.19027,-0.13467,0,0.97245,-0.53607,2.5917,-0.95863,1.1124,-0.57703,-0.26696,-3.5668,5.0391,2.3311,0,0,0,2.0298,2.0459,2.0545,2.0403,-8.6784,-13.989,4.6681,14.553,-21.533,-25.335,13.618
5.65,2.5286,-2.0363,0.98031,-0.18466,-0.13771,0,0.97311,-0.57217,2.6414,-0.93509,1.1191,-0.56826,-0.2662,-3.6529,4.8982,2.3765,0,0,0,2.0315,2.048,2.0564,2.0418,-8.5291,-14.202,4.4135,15.294,-20.93,-25.588,13.629
5.66,2.5227,-2.0096,0.97108,-0.17901,-0.14069,0,0.97374,-0.60913,2.6897,-0.91111,1.1257,-0.55923,-0.26546,-3.7374,4.7551,2.4193,0,0,0,2.0331,2.0498,2.0581,2.0431,-8.3726,-14.408,4.1565,16.016,-20.312,-25.807,13.64
5.67,2.5164,-1.9825,0.96209,-0.17332,-0.14363,0,0.97434,-0.64692,2.7365,-0.88672,1.1323,-0.54996,-0.26475,-3.8203,4.61,2.4596,0,0,0,2.0344,2.0515,2.0595,2.0443,-8.2089,-14.608,3.8974,16.719,-19.682,-25.993,13.649
5.68,2.5097,-1.9549,0.95335,-0.1676,-0.14651,0,0.97491,-0.68553,2.7819,-0.86193,1.1388,-0.54045,-0.26405,-3.9015,4.463,2.4973,0,0,0,2.0356,2.053,2.0608,2.0452,-8.0382,-14.801,3.6367,17.402,-19.039,-26.148,13.657
5.69,2.5027,-1.9268,0.94485,-0.16183,-0.14934,0,0.97545,-0.72494,2.8258,-0.83678,1.1452,-0.5307,-0.26338,-3.981,4.314,2.5323,0,0,0,2.0366,2.0543,2.0618,2.0459,-7.8609,-14.988,3.3746,18.066,-18.384,-26.27,13.664
5.7,2.4952,-1.8984,0.93661,-0.15603,-0.15211,0,0.97597,-0.76514,2.8682,-0.81129,1.1516,-0.52071,-0.26274,-4.0587,4.1633,2.5647,0,0,0,2.0374,2.0554,2.0626,2.0464,-7.677,-15.169,3.1114,18.711,-17.717,-26.362,13.67
5.71,2.4874,-1.8695,0.92863,-0.15019,-0.15483,0,0.97646,-0.80611,2.909,-0.78549,1.158,-0.5105,-0.26214,-4.1346,4.0107,2.5945,0,0,0,2.038,2.0563,2.0632,2.0466,-7.4867,-15.343,2.8475,19.337,-17.039,-26.423,13.674
5.72,2.4791,-1.8402,0.9209,-0.14432,-0.15749,0,0.97692,-0.84783,2.9484,-0.75941,1.1643,-0.50004,-0.26157,-4.2084,3.8564,2.6217,0,0,0,2.0385,2.0571,2.0636,2.0467,-7.2903,-15.51,2.583,19.944,-16.35,-26.455,13.676
5.73,2.4704,-1.8105,0.91344,-0.13841,-0.16009,0,0.97735,-0.89027,2.9862,-0.73307,1.1705,-0.48936,-0.26104,-4.2803,3.7005,2.6462,0,0,0,2.0387,2.0577,2.0638,2.0466,-7.0879,-15.67,2.3185,20.532,-15.651,-26.457,13.678
5.74,2.4613,-1.7805,0.90624,-0.13246,-0.16264,0,0.97775,-0.93343,3.0224,-0.7065,1.1768,-0.47844,-0.26055,-4.3502,3.543,2.6681,0,0,0,2.0388,2.0581,2.0638,2.0463,-6.8797,-15.823,2.054,21.101,-14.941,-26.43,13.678
5.75,2.4518,-1.7501,0.89931,-0.12648,-0.16512,0,0.97813,-0.97727,3.057,-0.67972,1.1829,-0.46729,-0.26011,-4.4179,3.3841,2.6873,0,0,0,2.0387,2.0583,2.0636,2.0457,-6.6659,-15.969,1.79,21.651,-14.222,-26.376,13.677
5.76,2.4418,-1.7193,0.89265,-0.12046,-0.16754,0,0.97848,-1.0218,3.09,-0.65276,1.189,-0.4559,-0.25971,-4.4835,3.2237,2.7039,0,0,0,2.0385,2.0583,2.0632,2.045,-6.4468,-16.107,1.5266,22.183,-13.494,-26.293,13.675
5.77,2.4313,-1.6883,0.88626,-0.11441,-0.16989,0,0.9788,-1.0669,3.1215,-0.62565,1.1951,-0.44428,-0.25936,-4.5468,3.062,2.7178,0,0,0,2.038,2.0582,2.0626,2.0441,-6.2223,-16.238,1.2642,22.697,-12.757,-26.184,13.672
5.78,2.4204,-1.6569,0.88013,-0.10832,-0.17218,0,0.97909,-1.1127,3.1513,-0.59841,1.2011,-0.43241,-0.25905,-4.6079,2.899,2.7292,0,0,0,2.0374,2.0579,2.0619,2.043,-5.9929,-16.362,1.003,23.192,-12.012,-26.049,13.667
5.79,2.4091,-1.6253,0.87429,-0.1022,-0.1744,0,0.97936,-1.1591,3.1795,-0.57107,1.207,-0.42031,-0.2588,-4.6667,2.7347,2.7379,0,0,0,2.0366,2.0574,2.0609,2.0417,-5.7586,-16.479,0.74329,23.669,-11.259,-25.888,13.661
5.8,2.3972,-1.5933,0.86871,-0.096051,-0.17656,0,0.97959,-1.206,3.206,-0.54366,1.2128,-0.40796,-0.2586,-4.7231,2.5694,2.744,0,0,0,2.0356,2.0568,2.0597,2.0402,-5.5196,-16.587,0.48532,24.127,-10.498,-25.702,13.654
5.81,2.3849,-1.5611,0.86341,-0.089866,-0.17865,0,0.9798,-1.2535,3.2308,-0.5162,1.2186,-0.39536,-0.25845,-4.777,2.403,2.7476,0,0,0,2.0345,2.056,2.0584,2.0385,-5.2761,-16.689,0.22934,24.568,-9.7309,-25.491,13.646
5.82,2.3722,-1.5287,0.85839,-0.08365,-0.18067,0,0.97998,-1.3016,3.254,-0.48872,1.2243,-0.3825,-0.25836,-4.8286,2.2357,2.7486,0,0,0,2.0332,2.055,2.0569,2.0366,-5.0283,-16.782,-0.024414,24.991,-8.957,-25.256,13.636
5.83,2.3589,-1.4961,0.85364,-0.077402,-0.18261,0,0.98013,-1.3501,3.2755,-0.46124,1.2299,-0.3694,-0.25832,-4.8776,2.0674,2.7471,0,0,0,2.0317,2.0539,2.0553,2.0346,-4.7763,-16.868,-0.2757,25.395,-8.177,-24.998,13.626
5.84,2.3452,-1.4632,0.84916,-0.071123,-0.18449,0,0.98026,-1.3991,3.2954,-0.43378,1.2354,-0.35603,-0.25834,-4.9241,1.8983,2.7431,0,0,0,2.0301,2.0526,2.0534,2.0324,-4.5204,-16.945,-0.52429,25.782,-7.3913,-24.717,13.614
5.85,2.3309,-1.4302,0.84496,-0.064815,-0.18629,0,0.98036,-1.4486,3.3135,-0.40638,1.2409,-0.3424,-0.25842,-4.968,1.7285,2.7366,0,0,0,2.0283,2.0511,2.0514,2.03,-4.2607,-17.015,-0.76996,26.152,-6.6005,-24.413,13.602
5.86,2.3162,-1.397,0.84104,-0.058477,-0.18801,0,0.98042,-1.4985,3.3299,-0.37906,1.2461,-0.3285,-0.25856,-5.0093,1.5581,2.7277,0,0,0,2.0264,2.0496,2.0493,2.0275,-3.9974,-17.077,-1.0125,26.504,-5.8048,-24.089,13.588
5.87,2.3009,-1.3636,0.83738,-0.052112,-0.18966,0,0.98047,-1.5487,3.3447,-0.35184,1.2513,-0.31433,-0.25876,-5.0479,1.387,2.7164,0,0,0,2.0243,2.0478,2.047,2.0248,-3.7307,-17.132,-1.2517,26.838,-5.0048,-23.743,13.573
5.88,2.2852,-1.3301,0.834,-0.045718,-0.19123,0,0.98048,-1.5994,3.3577,-0.32474,1.2563,-0.29988,-0.25901,-5.0839,1.2155,2.7027,0,0,0,2.0221,2.046,2.0446,2.0219,-3.4607,-17.178,-1.4873,27.155,-4.2009,-23.376,13.558
5.89,2.269,-1.2964,0.83089,-0.039298,-0.19272,0,0.98047,-1.6504,3.369,-0.29779,1.2612,-0.28516,-0.25933,-5.1171,1.0435,2.6867,0,0,0,2.0197,2.044,2.042,2.0189,-3.1877,-17.216,-1.7191,27.455,-3.3934,-22.99,13.541
5.9,2.2522,-1.2627,0.82804,-0.032853,-0.19412,0,0.98043,-1.7017,3.3786,-0.27101,1.266,-0.27015,-0.25971,-5.1476,0.87117,2.6683,0,0,0,2.0172,2.0418,2.0392,2.0158,-2.9117,-17.245,-1.947,27.737,-2.583,-22.584,13.523
5.91,2.2349,-1.2289,0.82547,-0.026383,-0.19545,0,0.98036,-1.7534,3.3864,-0.24443,1.2705,-0.25485,-0.26015,-5.1754,0.6986,2.6477,0,0,0,2.0145,2.0396,2.0364,2.0125,-2.633,-17.267,-2.1707,28.003,-1.7699,-22.16,13.505
5.92,2.2171,-1.195,0.82315,-0.019889,-0.19669,0,0.98026,-1.8052,3.3925,-0.21807,1.2749,-0.23926,-0.26066,-5.2003,0.52585,2.6249,0,0,0,2.0118,2.0372,2.0334,2.0091,-2.3517,-17.281,-2.3901,28.251,-0.95466,-21.717,13.486
5.93,2.1988,-1.161,0.8211,-0.013373,-0.19785,0,0.98014,-1.8574,3.3969,-0.19194,1.279,-0.22338,-0.26122,-5.2224,0.35301,2.6,0,0,0,2.0089,2.0347,2.0303,2.0055,-2.068,-17.286,-2.605,28.483,-0.13766,-21.258,13.466
5.94,2.18,-1.127,0.81931,-0.0068366,-0.19891,0,0.97999,-1.9097,3.3996,-0.16607,1.283,-0.20719,-0.26186,-5.2416,0.18015,2.5729,0,0,0,2.0059,2.032,2.027,2.0018,-1.7821,-17.284,-2.8152,28.698,0.68065,-20.781,13.445
5.95,2.1606,-1.093,0.81778,-0.00028003,-0.19989,0,0.97982,-1.9622,3.4005,-0.14049,1.2867,-0.19071,-0.26255,-5.258,0.007366,2.5437,0,0,0,2.0028,2.0293,2.0237,1.998,-1.4941,-17.273,-3.0206,28.896,1.4998,-20.288,13.423
5.96,2.1407,-1.059,0.8165,0.0062949,-0.20078,0,0.97962,-2.0148,3.3997,-0.11521,1.2902,-0.17392,-0.26331,-5.2715,-0.16527,2.5125,0,0,0,1.9995,2.0265,2.0202,1.9941,-1.2042,-17.254,-3.2209,29.078,2.3195,-19.779,13.401
5.97,2.1203,-1.025,0.81548,0.012887,-0.20158,0,0.97939,-2.0676,3.3972,-0.090247,1.2934,-0.15682,-0.26414,-5.2821,-0.33768,2.4793,0,0,0,1.9962,2.0236,2.0167,1.9901,-0.91261,-17.226,-3.4161,29.243,3.1392,-19.256,13.377
5.98,2.0994,-0.99109,0.8147,0.019494,-0.20228,0,0.97913,-2.1205,3.393,-0.065628,1.2963,-0.13941,-0.26503,-5.2898,-0.50977,2.4442,0,0,0,1.9928,2.0205,2.013,1.986,-0.61943,-17.191,-3.606,29.392,3.9585,-18.718,13.354
5.99,2.0779,-0.95719,0.81416,0.026115,-0.20289,0,0.97885,-2.1734,3.387,-0.04137,1.2989,-0.12168,-0.26599,-5.2945,-0.68147,2.4072,0,0,0,1.9893,2.0174,2.0092,1.9817,-0.32484,-17.147,-3.7904,29.524,4.7769,-18.167,13.329
6,2.0559,-0.92336,0.81387,0.032748,-0.20341,0,0.97855,-2.2263,3.3794,-0.017491,1.3013,-0.10365,-0.26702,-5.2963,-0.85269,2.3684,0,0,0,1.9857,2.0142,2.0054,1.9774,-0.029005,-17.095,-3.9693,29.64,5.5941,-17.603,13.304
6.01,2.0334,-0.88961,0.81381,0.039391,-0.20382,0,0.97822,-2.2793,3.37,0.0059911,1.3033,-0.085298,-0.26811,-5.2951,-1.0233,2.3278,0,0,0,1.982,2.0109,2.0015,1.973,0.26791,-17.035,-4.1425,29.74,6.4096,-17.027,13.279
6.02,2.0103,-0.85597,0.81399,0.046042,-0.20413,0,0.97786,-2.3322,3.3589,0.029059,1.3049,-0.066633,-0.26927,-5.2909,-1.1934,2.2855,0,0,0,1.9782,2.0075,1.9974,1.9685,0.56574,-16.967,-4.3098,29.824,7.223,-16.439,13.253
6.03,1.9867,-0.82244,0.81439,0.0527,-0.20435,0,0.97748,-2.3851,3.3461,0.051696,1.3062,-0.047653,-0.2705,-5.2837,-1.3627,2.2416,0,0,0,1.9744,2.0041,1.9934,1.9639,0.86432,-16.891,-4.4712,29.891,8.0338,-15.841,13.226
6.04,1.9626,-0.78905,0.81502,0.059362,-0.20446,0,0.97707,-2.4379,3.3316,0.073886,1.3071,-0.028358,-0.27179,-5.2736,-1.5312,2.1961,0,0,0,1.9705,2.0006,1.9892,1.9593,1.1635,-16.806,-4.6266,29.943,8.8417,-15.232,13.199
6.05,1.938,-0.75581,0.81587,0.066027,-0.20446,0,0.97665,-2.4906,3.3155,0.095614,1.3076,-0.008751,-0.27316,-5.2605,-1.6988,2.1491,0,0,0,1.9666,1.997,1.985,1.9546,1.4631,-16.714,-4.7758,29.979,9.6461,-14.614,13.172
6.06,1.9128,-0.72274,0.81693,0.072691,-0.20436,0,0.97619,-2.5431,3.2977,0.11686,1.3077,0.011168,-0.27459,-5.2443,-1.8654,2.1006,0,0,0,1.9625,1.9934,1.9807,1.9498,1.763,-16.613,-4.9189,29.999,10.447,-13.987,13.144
6.07,1.8871,-0.68986,0.8182,0.079353,-0.20415,0,0.97572,-2.5954,3.2782,0.13762,1.3073,0.031395,-0.27609,-5.2252,-2.031,2.0508,0,0,0,1.9585,1.9897,1.9763,1.945,2.0631,-16.505,-5.0556,30.004,11.243,-13.352,13.116
6.08,1.8609,-0.65719,0.81968,0.08601,-0.20383,0,0.97522,-2.6476,3.257,0.15787,1.3065,0.051928,-0.27766,-5.2031,-2.1955,1.9995,0,0,0,1.9544,1.986,1.9719,1.9401,2.3631,-16.389,-5.1859,29.992,12.035,-12.709,13.087
6.09,1.8342,-0.62473,0.82136,0.092659,-0.20341,0,0.9747,-2.6995,3.2343,0.17761,1.3052,0.072763,-0.27931,-5.178,-2.3587,1.9471,0,0,0,1.9503,1.9822,1.9675,1.9352,2.6629,-16.264,-5.3097,29.966,12.821,-12.06,13.058
6.1,1.8069,-0.59251,0.82323,0.099299,-0.20287,0,0.97416,-2.7511,3.2099,0.19681,1.3035,0.093896,-0.28102,-5.1498,-2.5207,1.8934,0,0,0,1.9461,1.9784,1.963,1.9302,2.9623,-16.132,-5.427,29.924,13.602,-11.404,13.029
6.11,1.7792,-0.56054,0.82529,0.10593,-0.20221,0,0.9736,-2.8025,3.1839,0.21547,1.3012,0.11532,-0.2828,-5.1187,-2.6814,1.8385,0,0,0,1.9419,1.9745,1.9584,1.9252,3.2613,-15.992,-5.5378,29.866,14.377,-10.743,13
6.12,1.7509,-0.52883,0.82754,0.11254,-0.20144,0,0.97301,-2.8535,3.1563,0.23358,1.2984,0.13703,-0.28465,-5.0846,-2.8406,1.7826,0,0,0,1.9377,1.9706,1.9539,1.9202,3.5596,-15.845,-5.6419,29.793,15.146,-10.077,12.97
6.13,1.7221,-0.49742,0.82996,0.11913,-0.20056,0,0.97241,-2.9042,3.1271,0.25112,1.295,0.15903,-0.28657,-5.0475,-2.9982,1.7257,0,0,0,1.9334,1.9667,1.9493,1.9151,3.8571,-15.689,-5.7393,29.705,15.908,-9.407,12.941
6.14,1.6928,-0.4663,0.83256,0.1257,-0.19956,0,0.97179,-2.9544,3.0963,0.26809,1.2911,0.18129,-0.28857,-5.0075,-3.1543,1.6679,0,0,0,1.9291,1.9627,1.9446,1.91,4.1536,-15.527,-5.83,29.602,16.662,-8.7333,12.911
6.15,1.663,-0.4355,0.83532,0.13225,-0.19843,0,0.97115,-3.0043,3.064,0.28448,1.2866,0.20382,-0.29064,-4.9645,-3.3087,1.6091,0,0,0,1.9249,1.9587,1.94,1.9049,4.4491,-15.356,-5.914,29.484,17.409,-8.0569,12.881
6.16,1.6327,-0.40502,0.83825,0.13877,-0.19719,0,0.97049,-3.0537,3.0301,0.30027,1.2814,0.22661,-0.29277,-4.9185,-3.4614,1.5496,0,0,0,1.9206,1.9547,1.9353,1.8998,4.7433,-15.178,-5.9912,29.351,18.148,-7.3783,12.851
6.17,1.6019,-0.3749,0.84133,0.14527,-0.19583,0,0.96982,-3.1027,2.9948,0.31547,1.2757,0.24964,-0.29499,-4.8696,-3.6123,1.4893,0,0,0,1.9163,1.9506,1.9305,1.8947,5.036,-14.993,-6.0615,29.203,18.878,-6.6982,12.82
6.18,1.5707,-0.34513,0.84455,0.15172,-0.19434,0,0.96913,-3.1511,2.9579,0.33005,1.2693,0.27291,-0.29727,-4.8178,-3.7613,1.4284,0,0,0,1.912,1.9466,1.9258,1.8896,5.3273,-14.801,-6.1251,29.04,19.599,-6.0173,12.79
6.19,1.5389,-0.31575,0.84793,0.15814,-0.19273,0,0.96842,-3.199,2.9195,0.34403,1.2623,0.2964,-0.29963,-4.763,-3.9083,1.3669,0,0,0,1.9077,1.9425,1.9211,1.8844,5.6168,-14.601,-6.1819,28.863,20.311,-5.3363,12.76
6.2,1.5067,-0.28675,0.85143,0.16452,-0.191,0,0.9677,-3.2464,2.8797,0.35739,1.2547,0.32011,-0.30206,-4.7054,-4.0533,1.3048,0,0,0,1.9035,1.9384,1.9163,1.8793,5.9045,-14.395,-6.2318,28.671,21.013,-4.6557,12.729
6.21,1.474,-0.25816,0.85507,0.17086,-0.18914,0,0.96697,-3.2931,2.8385,0.37013,1.2463,0.34401,-0.30456,-4.645,-4.1962,1.2423,0,0,0,1.8992,1.9344,1.9116,1.8742,6.1902,-14.181,-6.275,28.464,21.705,-3.9764,12.699
6.22,1.4408,-0.22998,0.85883,0.17715,-0.18715,0,0.96623,-3.3392,2.7958,0.38223,1.2373,0.36811,-0.30714,-4.5816,-4.3369,1.1793,0,0,0,1.8949,1.9303,1.9068,1.8691,6.4737,-13.961,-6.3114,28.243,22.386,-3.2989,12.668
6.23,1.4072,-0.20224,0.86271,0.18339,-0.18504,0,0.96547,-3.3847,2.7518,0.39371,1.2275,0.39237,-0.30979,-4.5155,-4.4753,1.116,0,0,0,1.8907,1.9261,1.902,1.864,6.755,-13.733,-6.341,28.008,23.055,-2.6239,12.638
6.24,1.3731,-0.17495,0.86671,0.18957,-0.18279,0,0.9647,-3.4295,2.7063,0.40455,1.2171,0.4168,-0.31251,-4.4466,-4.6115,1.0525,0,0,0,1.8865,1.922,1.8972,1.859,7.0338,-13.5,-6.3639,27.758,23.714,-1.9521,12.608
6.25,1.3386,-0.14812,0.8708,0.1957,-0.18042,0,0.96392,-3.4737,2.6595,0.41476,1.2059,0.44137,-0.31531,-4.3748,-4.7453,0.98879,0,0,0,1.8823,1.9179,1.8925,1.8539,7.3101,-13.259,-6.38,27.494,24.36,-1.2839,12.578
6.26,1.3037,-0.12177,0.875,0.20177,-0.17792,0,0.96314,-3.517,2.6114,0.42433,1.1939,0.46606,-0.31819,-4.3004,-4.8767,0.92494,0,0,0,1.8781,1.9138,1.8877,1.8489,7.5836,-13.012,-6.3896,27.216,24.994,-0.61997,12.548
6.27,1.2683,-0.095898,0.87929,0.20776,-0.17529,0,0.96234,-3.5597,2.562,0.43326,1.1812,0.49086,-0.32114,-4.2232,-5.0055,0.86102,0,0,0,1.874,1.9097,1.8829,1.8439,7.8544,-12.759,-6.3925,26.924,25.615,0.03904,12.518
6.28,1.2325,-0.070531,0.88366,0.21369,-0.17253,0,0.96154,-3.6015,2.5113,0.44155,1.1678,0.51575,-0.32416,-4.1433,-5.1318,0.79711,0,0,0,1.8699,1.9056,1.8782,1.839,8.1221,-12.5,-6.3888,26.618,26.224,0.69255,12.488
6.29,1.1962,-0.045676,0.88812,0.21955,-0.16964,0,0.96074,-3.6425,2.4594,0.4492,1.1536,0.54072,-0.32725,-4.0607,-5.2555,0.73327,0,0,0,1.8658,1.9015,1.8734,1.8341,8.3867,-12.235,-6.3786,26.299,26.818,1.34,12.458
6.3,1.1596,-0.021347,0.89264,0.22533,-0.16662,0,0.95993,-3.6827,2.4062,0.45622,1.1386,0.56574,-0.33042,-3.9756,-5.3765,0.66956,0,0,0,1.8617,1.8974,1.8687,1.8292,8.648,-11.964,-6.362,25.966,27.399,1.9807,12.428
6.31,1.1226,0.002444,0.89724,0.23103,-0.16346,0,0.95912,-3.722,2.3519,0.46259,1.1228,0.59079,-0.33367,-3.8878,-5.4948,0.60605,0,0,0,1.8577,1.8933,1.864,1.8243,8.906,-11.687,-6.339,25.619,27.965,2.6141,12.399
6.32,1.0852,0.025686,0.90189,0.23664,-0.16018,0,0.9583,-3.7604,2.2963,0.46834,1.1062,0.61585,-0.33698,-3.7975,-5.6102,0.5428,0,0,0,1.8538,1.8892,1.8592,1.8196,9.1604,-11.405,-6.3098,25.259,28.517,3.2397,12.37
6.33,1.0474,0.048367,0.9066,0.24217,-0.15676,0,0.95749,-3.798,2.2397,0.47345,1.0889,0.64091,-0.34037,-3.7046,-5.7229,0.47987,0,0,0,1.8498,1.8851,1.8546,1.8148,9.4111,-11.117,-6.2743,24.885,29.053,3.8567,12.34
6.34,1.0092,0.070475,0.91136,0.2476,-0.15322,0,0.95667,-3.8345,2.1819,0.47794,1.0707,0.66593,-0.34383,-3.6092,-5.8326,0.41734,0,0,0,1.8459,1.881,1.8499,1.8101,9.658,-10.824,-6.2327,24.499,29.574,4.4647,12.312
6.35,0.9707,0.092001,0.91616,0.25294,-0.14954,0,0.95586,-3.8701,2.123,0.4818,1.0517,0.6909,-0.34737,-3.5114,-5.9393,0.35524,0,0,0,1.8421,1.8769,1.8452,1.8055,9.901,-10.525,-6.185,24.099,30.079,5.063,12.283
6.36,0.93182,0.11293,0.92099,0.25817,-0.14574,0,0.95504,-3.9047,2.0631,0.48504,1.032,0.7158,-0.35097,-3.4112,-6.043,0.29365,0,0,0,1.8383,1.8728,1.8406,1.8009,10.14,-10.222,-6.1314,23.686,30.567,5.6509,12.254
6.37,0.89261,0.13326,0.92586,0.2633,-0.1418,0,0.95423,-3.9383,2.0022,0.48767,1.0114,0.74059,-0.35464,-3.3087,-6.1437,0.23263,0,0,0,1.8345,1.8688,1.836,1.7964,10.375,-9.914,-6.072,23.26,31.039,6.228,12.226
6.38,0.85306,0.15297,0.93075,0.26833,-0.13774,0,0.95343,-3.9709,1.9402,0.4897,0.99,0.76526,-0.35839,-3.2038,-6.2413,0.17223,0,0,0,1.8308,1.8647,1.8314,1.792,10.605,-9.6013,-6.0069,22.821,31.493,6.7936,12.198
6.39,0.81319,0.17206,0.93565,0.27324,-0.13354,0,0.95263,-4.0024,1.8773,0.49112,0.96781,0.78978,-0.36219,-3.0966,-6.3357,0.11251,0,0,0,1.8271,1.8607,1.8269,1.7876,10.831,-9.2842,-5.9362,22.37,31.93,7.3471,12.17
6.4,0.77302,0.19052,0.94057,0.27803,-0.12922,0,0.95184,-4.0328,1.8135,0.49195,0.94482,0.81412,-0.36607,-2.9872,-6.427,0.053528,0,0,0,1.8235,1.8566,1.8224,1.7833,11.052,-8.9628,-5.86,21.905,32.348,7.888,12.143
6.41,0.73254,0.20833,0.94549,0.2827,-0.12478,0,0.95106,-4.0622,1.7488,0.49219,0.92103,0.83826,-0.37001,-2.8755,-6.515,-0.0046691,0,0,0,1.8199,1.8526,1.8179,1.779,11.269,-8.6373,-5.7785,21.429,32.748,8.4155,12.116
6.42,0.69178,0.22549,0.95041,0.28725,-0.1202,0,0.95028,-4.0903,1.6832,0.49186,0.89645,0.86217,-0.37401,-2.7618,-6.5997,-0.062025,0,0,0,1.8164,1.8486,1.8135,1.7749,11.481,-8.3079,-5.6917,20.94,33.13,8.9291,12.089
6.43,0.65074,0.24199,0.95532,0.29167,-0.11551,0,0.94952,-4.1174,1.6168,0.49096,0.87108,0.88582,-0.37807,-2.6459,-6.6811,-0.11849,0,0,0,1.8129,1.8446,1.809,1.7708,11.688,-7.9748,-5.5999,20.438,33.492,9.4283,12.062
6.44,0.60943,0.25782,0.96023,0.29595,-0.11069,0,0.94877,-4.1433,1.5496,0.48949,0.84494,0.90918,-0.38218,-2.528,-6.7592,-0.17401,0,0,0,1.8095,1.8406,1.8047,1.7668,11.89,-7.6381,-5.5032,19.924,33.835,9.9123,12.036
6.45,0.56788,0.27298,0.96511,0.30011,-0.10575,0,0.94803,-4.1679,1.4817,0.48748,0.81802,0.93223,-0.38636,-2.4082,-6.8339,-0.22854,0,0,0,1.8061,1.8366,1.8004,1.7629,12.086,-7.2982,-5.4017,19.398,34.157,10.381,12.01
6.46,0.52608,0.28745,0.96997,0.30412,-0.10069,0,0.9473,-4.1914,1.413,0.48493,0.79034,0.95494,-0.39058,-2.2863,-6.9052,-0.28203,0,0,0,1.8028,1.8326,1.7961,1.7591,12.278,-6.9551,-5.2957,18.86,34.459,10.833,11.984
6.47,0.48405,0.30124,0.97481,0.30798,-0.095519,0,0.94658,-4.2137,1.3436,0.48184,0.76191,0.97727,-0.39485,-2.1626,-6.973,-0.33443,0,0,0,1.7996,1.8287,1.7919,1.7554,12.463,-6.609,-5.1851,18.311,34.74,11.268,11.959
6.48,0.44181,0.31432,0.97961,0.3117,-0.090229,0,0.94589,-4.2347,1.2735,0.47824,0.73275,0.99919,-0.39917,-2.0371,-7.0373,-0.38572,0,0,0,1.7964,1.8247,1.7877,1.7518,12.644,-6.2603,-5.0704,17.749,35,11.686,11.934
6.49,0.39936,0.32671,0.98437,0.31527,-0.084825,0,0.9452,-4.2544,1.2028,0.47413,0.70288,1.0207,-0.40353,-1.9098,-7.0982,-0.43583,0,0,0,1.7932,1.8208,1.7836,1.7483,12.818,-5.9091,-4.9515,17.175,35.238,12.085,11.91
6.5,0.35673,0.33838,0.98909,0.31869,-0.07931,0,0.94454,-4.2728,1.1316,0.46953,0.67229,1.0417,-0.40792,-1.7807,-7.1555,-0.48473,0,0,0,1.7901,1.8169,1.7795,1.7449,12.987,-5.5556,-4.8287,16.59,35.454,12.466,11.886
6.51,0.31391,0.34934,0.99376,0.32195,-0.073686,0,0.94389,-4.29,1.0597,0.46444,0.64103,1.0622,-0.41235,-1.65,-7.2093,-0.53239,0,0,0,1.7871,1.8129,1.7755,1.7416,13.15,-5.2001,-4.7022,15.994,35.647,12.828,11.862
6.52,0.27093,0.35957,0.99838,0.32504,-0.067957,0,0.94325,-4.3058,0.98739,0.45888,0.6091,1.0822,-0.41681,-1.5178,-7.2595,-0.57877,0,0,0,1.7842,1.8091,1.7716,1.7384,13.307,-4.8428,-4.5722,15.386,35.818,13.17,11.839
6.53,0.2278,0.36908,1.0029,0.32797,-0.062125,0,0.94264,-4.3204,0.91456,0.45287,0.57653,1.1016,-0.42129,-1.3839,-7.3061,-0.62382,0,0,0,1.7813,1.8052,1.7677,1.7354,13.458,-4.4838,-4.4389,14.766,35.966,13.492,11.816
6.54,0.18453,0.37786,1.0074,0.33074,-0.056192,0,0.94205,-4.3335,0.84128,0.44641,0.54334,1.1204,-0.42578,-1.2486,-7.3492,-0.66753,0,0,0,1.7784,1.8013,1.764,1.7325,13.602,-4.1235,-4.3025,14.136,36.092,13.795,11.794
6.55,0.14113,0.38591,1.0119,0.33333,-0.050162,0,0.94147,-4.3453,0.76759,0.43952,0.50956,1.1386,-0.43029,-1.1119,-7.3886,-0.70986,0,0,0,1.7757,1.7975,1.7603,1.7297,13.741,-3.7621,-4.1631,13.496,36.195,14.078,11.772
6.56,0.097626,0.39321,1.0162,0.33575,-0.044039,0,0.94092,-4.3557,0.69352,0.43222,0.47521,1.1562,-0.4348,-0.97382,-7.4244,-0.75079,0,0,0,1.773,1.7937,1.7566,1.7271,13.872,-3.3997,-4.021,12.846,36.277,14.342,11.751
6.57,0.054022,0.39978,1.0205,0.33799,-0.037825,0,0.94039,-4.3648,0.61911,0.42451,0.44031,1.173,-0.43931,-0.83447,-7.4566,-0.79027,0,0,0,1.7704,1.7899,1.7531,1.7246,13.997,-3.0366,-3.8763,12.186,36.337,14.588,11.73
6.58,0.010335,0.40559,1.0247,0.34006,-0.031524,0,0.93988,-4.3724,0.5444,0.41642,0.4049,1.1891,-0.44381,-0.6939,-7.4851,-0.8283,0,0,0,1.7678,1.7861,1.7497,1.7222,14.116,-2.673,-3.7293,11.517,36.376,14.815,11.71
6.59,-0.033422,0.41066,1.0288,0.34194,-0.025141,0,0.93939,-4.3787,0.46942,0.40795,0.369,1.2045,-0.4483,-0.55217,-7.51,-0.86485,0,0,0,1.7654,1.7824,1.7464,1.72,14.228,-2.3092,-3.58,10.839,36.394,15.024,11.69
6.6,-0.077234,0.41498,1.0329,0.34363,-0.018678,0,0.93892,-4.3835,0.39421,0.39913,0.33265,1.219,-0.45277,-0.40937,-7.5313,-0.8999,0,0,0,1.763,1.7787,1.7431,1.718,14.333,-1.9452,-3.4288,10.152,36.391,15.215,11.671
6.61,-0.12109,0.41855,1.0368,0.34514,-0.012141,0,0.93847,-4.3868,0.31881,0.38996,0.29587,1.2327,-0.4572,-0.26554,-7.549,-0.93342,0,0,0,1.7607,1.775,1.74,1.7161,14.431,-1.5814,-3.2758,9.4573,36.368,15.389,11.653
6.62,-0.16497,0.42136,1.0407,0.34647,-0.0055327,0,0.93805,-4.3888,0.24325,0.38046,0.25869,1.2456,-0.4616,-0.12077,-7.5629,-0.96541,0,0,0,1.7584,1.7714,1.737,1.7143,14.522,-1.2179,-3.1211,8.7546,36.325,15.545,11.635
6.63,-0.20886,0.42341,1.0444,0.3476,0.0011415,0,0.93764,-4.3893,0.16756,0.37066,0.22116,1.2576,-0.46595,0.024871,-7.5733,-0.99584,0,0,0,1.7563,1.7678,1.7341,1.7128,14.606,-0.85498,-2.965,8.0446,36.262,15.684,11.618
6.64,-0.25275,0.42471,1.0481,0.34853,0.0078774,0,0.93726,-4.3883,0.091793,0.36055,0.1833,1.2687,-0.47024,0.17132,-7.5801,-1.0247,0,0,0,1.7543,1.7643,1.7313,1.7114,14.683,-0.49276,-2.8075,7.3275,36.18,15.805,11.602
6.65,-0.29662,0.42525,1.0516,0.34928,0.01467,0,0.9369,-4.3858,0.015974,0.35017,0.14515,1.2788,-0.47448,0.3185,-7.5832,-1.052,0,0,0,1.7523,1.7608,1.7287,1.7102,14.752,-0.13145,-2.6489,6.6036,36.079,15.911,11.587
6.66,-0.34046,0.42503,1.0551,0.34982,0.021515,0,0.93657,-4.3819,-0.059858,0.33952,0.10676,1.288,-0.47864,0.46634,-7.5827,-1.0777,0,0,0,1.7504,1.7574,1.7262,1.7092,14.815,0.22875,-2.4893,5.8735,35.958,15.999,11.572
6.67,-0.38425,0.42405,1.0584,0.35017,0.028406,0,0.93625,-4.3765,-0.13567,0.32862,0.068156,1.2962,-0.48273,0.61477,-7.5786,-1.1018,0,0,0,1.7487,1.754,1.7238,1.7083,14.87,0.58766,-2.329,5.1373,35.82,16.072,11.558
6.68,-0.42798,0.42231,1.0617,0.35032,0.035339,0,0.93596,-4.3696,-0.21142,0.31749,0.029384,1.3033,-0.48672,0.76371,-7.5709,-1.1243,0,0,0,1.747,1.7508,1.7216,1.7076,14.917,0.94508,-2.168,4.3956,35.663,16.128,11.545
6.69,-0.47164,0.41982,1.0648,0.35028,0.042308,0,0.93569,-4.3612,-0.28707,0.30614,-0.0095158,1.3095,-0.49062,0.9131,-7.5597,-1.1451,0,0,0,1.7454,1.7476,1.7195,1.7072,14.958,1.3009,-2.0065,3.6486,35.488,16.169,11.533
6.7,-0.5152,0.41657,1.0678,0.35003,0.049308,0,0.93544,-4.3513,-0.3626,0.29459,-0.048499,1.3145,-0.49442,1.0628,-7.5449,-1.1644,0,0,0,1.744,1.7444,1.7175,1.7069,14.99,1.6548,-1.8446,2.8967,35.295,16.195,11.521
6.71,-0.55866,0.41257,1.0707,0.34958,0.056333,0,0.93521,-4.34,-0.43796,0.28286,-0.087521,1.3184,-0.4981,1.2129,-7.5266,-1.182,0,0,0,1.7427,1.7414,1.7158,1.7068,15.016,2.0067,-1.6826,2.1404,35.085,16.206,11.511
6.72,-0.602,0.40781,1.0734,0.34893,0.063377,0,0.935,-4.3271,-0.51312,0.27096,-0.12654,1.3213,-0.50166,1.3631,-7.5048,-1.198,0,0,0,1.7414,1.7385,1.7142,1.7069,15.033,2.3564,-1.5206,1.3799,34.858,16.201,11.502
6.73,-0.6452,0.40231,1.0761,0.34808,0.070435,0,0.93482,-4.3127,-0.58805,0.2589,-0.1655,1.323,-0.50509,1.5135,-7.4795,-1.2124,0,0,0,1.7403,1.7356,1.7127,1.7072,15.043,2.7038,-1.3586,0.6156,34.614,16.182,11.493
6.74,-0.68825,0.39605,1.0786,0.34703,0.077501,0,0.93465,-4.2968,-0.6627,0.24671,-0.20436,1.3236,-0.50837,1.664,-7.4507,-1.2252,0,0,0,1.7394,1.7329,1.7115,1.7077,15.046,3.0487,-1.197,-0.15207,34.354,16.149,11.486
6.75,-0.73113,0.38906,1.081,0.34577,0.084568,0,0.9345,-4.2794,-0.73705,0.2344,-0.24307,1.323,-0.51151,1.8144,-7.4185,-1.2364,0,0,0,1.7385,1.7303,1.7104,1.7084,15.04,3.3908,-1.0357,-0.92278,34.078,16.101,11.479
6.76,-0.77383,0.38131,1.0833,0.34432,0.091631,0,0.93437,-4.2605,-0.81106,0.22199,-0.28158,1.3212,-0.5145,1.9647,-7.3829,-1.2459,0,0,0,1.7378,1.7278,1.7095,1.7093,15.027,3.7302,-0.87498,-1.6962,33.785,16.04,11.474
6.77,-0.81633,0.37284,1.0855,0.34267,0.098683,0,0.93426,-4.2401,-0.8847,0.20949,-0.31985,1.3183,-0.51732,2.1149,-7.3439,-1.2539,0,0,0,1.7372,1.7254,1.7087,1.7104,15.006,4.0665,-0.71495,-2.4719,33.478,15.965,11.47
6.78,-0.85863,0.36362,1.0875,0.34082,0.10572,0,0.93416,-4.2182,-0.95793,0.19692,-0.35782,1.3142,-0.51998,2.2648,-7.3016,-1.2602,0,0,0,1.7368,1.7232,1.7082,1.7117,14.978,4.3997,-0.55573,-3.2495,33.155,15.876,11.467
6.79,-0.90069,0.35368,1.0894,0.33878,0.11273,0,0.93409,-4.1948,-1.0307,0.18429,-0.39544,1.3089,-0.52245,2.4144,-7.256,-1.265,0,0,0,1.7365,1.7212,1.7079,1.7133,14.941,4.7295,-0.39746,-4.0287,32.816,15.775,11.465
6.8,-0.94252,0.34301,1.0912,0.33654,0.11971,0,0.93403,-4.1699,-1.103,0.17162,-0.43266,1.3025,-0.52475,2.5636,-7.207,-1.2682,0,0,0,1.7363,1.7192,1.7077,1.715,14.897,5.0559,-0.24027,-4.8091,32.464,15.661,11.464
6.81,-0.98409,0.33162,1.0928,0.33411,0.12666,0,0.93398,-4.1436,-1.1748,0.15893,-0.46944,1.2948,-0.52685,2.7124,-7.1548,-1.2698,0,0,0,1.7363,1.7175,1.7078,1.7169,14.845,5.3788,-0.084289,-5.5903,32.096,15.534,11.464
6.82,-1.0254,0.31951,1.0944,0.33149,0.13356,0,0.93396,-4.1157,-1.2461,0.14623,-0.50572,1.286,-0.52876,2.8605,-7.0995,-1.2699,0,0,0,1.7365,1.7159,1.708,1.719,14.785,5.6978,0.070364,-6.372,31.715,15.395,11.466
6.83,-1.0664,0.3067,1.0957,0.32868,0.14042,0,0.93394,-4.0864,-1.3168,0.13354,-0.54146,1.276,-0.53047,3.008,-7.0409,-1.2684,0,0,0,1.7368,1.7145,1.7085,1.7213,14.718,6.013,0.22357,-7.1538,31.32,15.243,11.468
6.84,-1.1071,0.29318,1.097,0.32569,0.14722,0,0.93394,-4.0555,-1.3869,0.12087,-0.5766,1.2648,-0.53198,3.1548,-6.9792,-1.2654,0,0,0,1.7372,1.7133,1.7091,1.7238,14.642,6.3242,0.37519,-7.9354,30.912,15.08,11.472
6.85,-1.1475,0.27896,1.0982,0.32251,0.15396,0,0.93396,-4.0233,-1.4564,0.10824,-0.6111,1.2525,-0.53327,3.3009,-6.9144,-1.2609,0,0,0,1.7378,1.7122,1.71,1.7264,14.559,6.6312,0.52513,-8.7163,30.49,14.906,11.478
6.86,-1.1876,0.26405,1.0992,0.31916,0.16064,0,0.93399,-3.9895,-1.5252,0.095658,-0.64492,1.2391,-0.53436,3.446,-6.8466,-1.2549,0,0,0,1.7386,1.7114,1.7111,1.7293,14.468,6.9339,0.67327,-9.4962,30.055,14.72,11.484
6.87,-1.2273,0.24846,1.1001,0.31563,0.16724,0,0.93403,-3.9543,-1.5933,0.083145,-0.678,1.2246,-0.53523,3.5902,-6.7758,-1.2474,0,0,0,1.7396,1.7108,1.7124,1.7324,14.369,7.2323,0.81949,-10.275,29.608,14.523,11.492
6.88,-1.2667,0.23219,1.1008,0.31194,0.17376,0,0.93408,-3.9177,-1.6607,0.070714,-0.71032,1.209,-0.53588,3.7334,-6.702,-1.2385,0,0,0,1.7407,1.7103,1.7139,1.7356,14.262,7.526,0.96369,-11.052,29.148,14.315,11.501
6.89,-1.3056,0.21525,1.1015,0.30807,0.1802,0,0.93414,-3.8797,-1.7274,0.058379,-0.74182,1.1923,-0.53631,3.8754,-6.6253,-1.2282,0,0,0,1.742,1.7101,1.7155,1.739,14.148,7.8152,1.1058,-11.826,28.677,14.097,11.511
6.9,-1.3442,0.19765,1.102,0.30404,0.18655,0,0.93421,-3.8402,-1.7932,0.046155,-0.77247,1.1746,-0.53653,4.0163,-6.5457,-1.2164,0,0,0,1.7434,1.7101,1.7175,1.7425,14.026,8.0995,1.2456,-12.599,28.193,13.868,11.522
6.91,-1.3824,0.17939,1.1024,0.29985,0.19281,0,0.9343,-3.7994,-1.8583,0.034056,-0.80223,1.1559,-0.53652,4.1559,-6.4633,-1.2033,0,0,0,1.745,1.7104,1.7196,1.7462,13.896,8.379,1.3831,-13.368,27.699,13.63,11.535
6.92,-1.4202,0.16048,1.1027,0.29551,0.19896,0,0.93439,-3.7571,-1.9225,0.022094,-0.83107,1.1362,-0.5363,4.2942,-6.3781,-1.1888,0,0,0,1.7468,1.7108,1.7219,1.7501,13.758,8.6535,1.5182,-14.134,27.193,13.381,11.549
6.93,-1.4576,0.14094,1.1029,0.29102,0.20501,0,0.93449,-3.7135,-1.9858,0.010285,-0.85896,1.1156,-0.53585,4.431,-6.2902,-1.1729,0,0,0,1.7488,1.7115,1.7244,1.7541,13.613,8.9228,1.6507,-14.897,26.677,13.124,11.565
6.94,-1.4945,0.12077,1.1029,0.28639,0.21094,0,0.9346,-3.6685,-2.0483,-0.0013596,-0.88587,1.0941,-0.53519,4.5664,-6.1997,-1.1558,0,0,0,1.7509,1.7125,1.7271,1.7583,13.461,9.187,1.7806,-15.656,26.15,12.857,11.581
6.95,-1.5309,0.099979,1.1028,0.28162,0.21676,0,0.93472,-3.6222,-2.1098,-0.012826,-0.91178,1.0717,-0.53432,4.7002,-6.1065,-1.1373,0,0,0,1.7532,1.7136,1.73,1.7626,13.3,9.4458,1.9078,-16.41,25.613,12.581,11.599
6.96,-1.5669,0.078577,1.1026,0.27671,0.22246,0,0.93485,-3.5745,-2.1704,-0.024102,-0.93665,1.0485,-0.53324,4.8324,-6.0108,-1.1176,0,0,0,1.7557,1.715,1.7331,1.767,13.132,9.6992,2.0322,-17.16,25.067,12.297,11.618
6.97,-1.6024,0.056574,1.1024,0.27168,0.22804,0,0.93498,-3.5255,-2.23,-0.035174,-0.96048,1.0245,-0.53194,4.9629,-5.9126,-1.0967,0,0,0,1.7583,1.7167,1.7364,1.7716,12.957,9.9471,2.1537,-17.905,24.511,12.005,11.638
6.98,-1.6374,0.03398,1.1019,0.26652,0.23349,0,0.93512,-3.4752,-2.2886,-0.046031,-0.98324,0.9998,-0.53045,5.0915,-5.8119,-1.0745,0,0,0,1.7611,1.7185,1.7399,1.7763,12.774,10.189,2.2723,-18.645,23.946,11.705,11.66
6.99,-1.6719,0.010805,1.1014,0.26124,0.2388,0,0.93527,-3.4237,-2.3462,-0.056661,-1.0049,0.97439,-0.52876,5.2183,-5.7088,-1.0512,0,0,0,1.7641,1.7207,1.7435,1.7811,12.584,10.426,2.3878,-19.379,23.373,11.397,11.682
7,-1.7059,-0.012941,1.1008,0.25586,0.24398,0,0.93542,-3.3709,-2.4028,-0.067052,-1.0255,0.94834,-0.52687,5.3432,-5.6034,-1.0268,0,0,0,1.7673,1.723,1.7474,1.786,12.387,10.657,2.5002,-20.107,22.791,11.082,11.706
7.01,-1.7393,-0.037247,1.1001,0.25037,0.24902,0,0.93558,-3.3168,-2.4583,-0.077193,-1.045,0.92169,-0.5248,5.466,-5.4957,-1.0012,0,0,0,1.7706,1.7256,1.7514,1.791,12.182,10.882,2.6094,-20.829,22.202,10.761,11.731
7.02,-1.7722,-0.062103,1.0993,0.24478,0.25391,0,0.93574,-3.2616,-2.5127,-0.087074,-1.0634,0.89448,-0.52255,5.5868,-5.3857,-0.97462,0,0,0,1.7741,1.7284,1.7555,1.7961,11.97,11.101,2.7154,-21.544,21.605,10.432,11.757
7.03,-1.8046,-0.087497,1.0984,0.23909,0.25867,0,0.93591,-3.2051,-2.566,-0.096682,-1.0807,0.86676,-0.52012,5.7054,-5.2737,-0.94695,0,0,0,1.7777,1.7315,1.7598,1.8012,11.751,11.314,2.818,-22.252,21,10.097,11.784
7.04,-1.8363,-0.11342,1.0973,0.23332,0.26327,0,0.93608,-3.1475,-2.6182,-0.10601,-1.0969,0.83857,-0.51752,5.8218,-5.1595,-0.91827,0,0,0,1.7815,1.7348,1.7643,1.8065,11.525,11.521,2.9173,-22.952,20.389,9.7561,11.812
7.05,-1.8675,-0.13986,1.0962,0.22746,0.26772,0,0.93626,-3.0887,-2.6692,-0.11504,-1.1121,0.80997,-0.51477,5.9359,-5.0433,-0.88862,0,0,0,1.7854,1.7383,1.7689,1.8118,11.292,11.722,3.0131,-23.645,19.772,9.4094,11.841
7.06,-1.8981,-0.1668,1.095,0.22153,0.27202,0,0.93644,-3.0288,-2.719,-0.12378,-1.1261,0.78099,-0.51187,6.0476,-4.9251,-0.85802,0,0,0,1.7895,1.742,1.7736,1.8172,11.052,11.916,3.1055,-24.329,19.148,9.0572,11.87
7.07,-1.9281,-0.19423,1.0938,0.21553,0.27617,0,0.93663,-2.9677,-2.7677,-0.1322,-1.1391,0.75168,-0.50882,6.1569,-4.805,-0.82652,0,0,0,1.7937,1.7459,1.7785,1.8226,10.806,12.105,3.1943,-25.005,18.518,8.6999,11.901
7.08,-1.9575,-0.22215,1.0924,0.20946,0.28016,0,0.93682,-2.9056,-2.8151,-0.14031,-1.151,0.72207,-0.50564,6.2637,-4.683,-0.79415,0,0,0,1.798,1.75,1.7835,1.8281,10.552,12.287,3.2795,-25.672,17.883,8.3378,11.933
7.09,-1.9862,-0.25053,1.091,0.20333,0.28399,0,0.93702,-2.8425,-2.8613,-0.14808,-1.1618,0.69223,-0.50233,6.3679,-4.5593,-0.76094,0,0,0,1.8025,1.7543,1.7885,1.8337,10.292,12.462,3.361,-26.33,17.243,7.9711,11.965
7.1,-2.0143,-0.27937,1.0894,0.19715,0.28767,0,0.93722,-2.7783,-2.9063,-0.15552,-1.1716,0.66217,-0.49891,6.4695,-4.4338,-0.72694,0,0,0,1.8071,1.7587,1.7937,1.8393,10.026,12.631,3.4389,-26.978,16.598,7.6002,11.998
7.11,-2.0418,-0.30865,1.0878,0.19092,0.29118,0,0.93742,-2.7131,-2.95,-0.16262,-1.1805,0.63195,-0.49538,6.5684,-4.3067,-0.69218,0,0,0,1.8118,1.7634,1.799,1.8449,9.7527,12.794,3.513,-27.616,15.948,7.2253,12.032
7.12,-2.0686,-0.33837,1.0862,0.18464,0.29454,0,0.93763,-2.6469,-2.9924,-0.16936,-1.1883,0.6016,-0.49175,6.6646,-4.1779,-0.65669,0,0,0,1.8167,1.7682,1.8044,1.8505,9.4734,12.95,3.5834,-28.244,15.294,6.8468,12.066
7.13,-2.0947,-0.3685,1.0845,0.17833,0.29773,0,0.93785,-2.5798,-3.0336,-0.17575,-1.1952,0.57116,-0.48804,6.7579,-4.0477,-0.62052,0,0,0,1.8216,1.7732,1.8098,1.8561,9.1878,13.1,3.6499,-28.862,14.637,6.4651,12.101
7.14,-2.1202,-0.39903,1.0827,0.17198,0.30076,0,0.93806,-2.5118,-3.0734,-0.18177,-1.2012,0.54066,-0.48424,6.8483,-3.9159,-0.58371,0,0,0,1.8266,1.7783,1.8153,1.8618,8.8962,13.243,3.7127,-29.468,13.976,6.0802,12.137
7.15,-2.1449,-0.42996,1.0808,0.16561,0.30364,0,0.93829,-2.4429,-3.1119,-0.18742,-1.2062,0.51013,-0.48037,6.9358,-3.7828,-0.54628,0,0,0,1.8317,1.7835,1.8208,1.8674,8.5985,13.38,3.7715,-30.063,13.312,5.6927,12.172
7.16,-2.169,-0.46127,1.0789,0.15921,0.30635,0,0.93851,-2.3731,-3.149,-0.1927,-1.2104,0.47961,-0.47644,7.0202,-3.6484,-0.50829,0,0,0,1.8369,1.7889,1.8264,1.873,8.2949,13.509,3.8265,-30.647,12.646,5.3028,12.209
7.17,-2.1924,-0.49294,1.077,0.15279,0.30889,0,0.93874,-2.3025,-3.1848,-0.19759,-1.2137,0.44912,-0.47246,7.1017,-3.5127,-0.46976,0,0,0,1.8422,1.7944,1.832,1.8787,7.9856,13.632,3.8776,-31.218,11.977,4.9108,12.245
7.18,-2.2151,-0.52496,1.075,0.14635,0.31128,0,0.93898,-2.231,-3.2193,-0.20209,-1.2162,0.4187,-0.46844,7.1799,-3.3757,-0.43075,0,0,0,1.8475,1.8,1.8376,1.8843,7.6706,13.749,3.9247,-31.777,11.306,4.517,12.282
7.19,-2.237,-0.55732,1.0729,0.13991,0.31351,0,0.93922,-2.1589,-3.2523,-0.2062,-1.2179,0.38835,-0.46438,7.255,-3.2377,-0.39128,0,0,0,1.8529,1.8056,1.8433,1.8898,7.3501,13.859,3.9679,-32.323,10.634,4.1216,12.319
7.2,-2.2582,-0.59,1.0709,0.13346,0.31558,0,0.93947,-2.086,-3.284,-0.20991,-1.2188,0.35812,-0.4603,7.3269,-3.0986,-0.3514,0,0,0,1.8583,1.8114,1.8489,1.8954,7.0242,13.962,4.0071,-32.856,9.9597,3.7251,12.357
7.21,-2.2787,-0.62299,1.0687,0.12701,0.31749,0,0.93972,-2.0123,-3.3143,-0.21323,-1.2191,0.32801,-0.4562,7.3955,-2.9585,-0.31115,0,0,0,1.8638,1.8172,1.8546,1.9009,6.693,14.058,4.0424,-33.375,9.2849,3.3277,12.394
7.22,-2.2985,-0.65628,1.0666,0.12056,0.31924,0,0.93997,-1.9381,-3.3432,-0.21614,-1.2186,0.29805,-0.45209,7.4608,-2.8175,-0.27057,0,0,0,1.8692,1.823,1.8602,1.9063,6.3567,14.147,4.0737,-33.881,8.6094,2.9297,12.431
7.23,-2.3175,-0.68985,1.0644,0.11411,0.32084,0,0.94023,-1.8631,-3.3707,-0.21864,-1.2174,0.26825,-0.44799,7.5226,-2.6756,-0.22969,0,0,0,1.8747,1.8289,1.8658,1.9117,6.0155,14.23,4.101,-34.372,7.9337,2.5315,12.469
7.24,-2.3357,-0.72369,1.0622,0.10768,0.32228,0,0.9405,-1.7876,-3.3967,-0.22073,-1.2157,0.23864,-0.44389,7.5811,-2.5329,-0.18856,0,0,0,1.8803,1.8348,1.8714,1.917,5.6693,14.306,4.1243,-34.849,7.2581,2.1332,12.506
7.25,-2.3532,-0.75778,1.06,0.10125,0.32356,0,0.94077,-1.7115,-3.4213,-0.22241,-1.2133,0.20921,-0.43981,7.636,-2.3895,-0.14722,0,0,0,1.8858,1.8408,1.8769,1.9223,5.3185,14.375,4.1437,-35.311,6.5829,1.7353,12.543
7.26,-2.37,-0.79211,1.0578,0.094839,0.32469,0,0.94105,-1.6349,-3.4445,-0.22367,-1.2104,0.17999,-0.43575,7.6874,-2.2454,-0.1057,0,0,0,1.8913,1.8467,1.8823,1.9275,4.9632,14.438,4.159,-35.758,5.9085,1.338,12.58
7.27,-2.3859,-0.82667,1.0555,0.088446,0.32567,0,0.94134,-1.5578,-3.4662,-0.22452,-1.2069,0.15099,-0.43173,7.7353,-2.1008,-0.064052,0,0,0,1.8968,1.8526,1.8877,1.9325,4.6034,14.493,4.1704,-36.189,5.2352,0.94165,12.616
7.28,-2.4011,-0.86143,1.0533,0.082073,0.32649,0,0.94163,-1.4802,-3.4865,-0.22495,-1.2029,0.1222,-0.42774,7.7795,-1.9556,-0.022307,0,0,0,1.9022,1.8585,1.893,1.9375,4.2394,14.542,4.1779,-36.604,4.5633,0.54653,12.652
7.29,-2.4155,-0.89639,1.051,0.075723,0.32717,0,0.94193,-1.4022,-3.5053,-0.22497,-1.1984,0.09364,-0.4238,7.82,-1.8099,0.019492,0,0,0,1.9076,1.8644,1.8982,1.9424,3.8714,14.585,4.1814,-37.003,3.8933,0.15295,12.688
7.3,-2.4292,-0.93153,1.0488,0.069399,0.3277,0,0.94223,-1.3238,-3.5227,-0.22456,-1.1935,0.065311,-0.41991,7.8569,-1.6639,0.061307,0,0,0,1.913,1.8702,1.9034,1.9472,3.4994,14.62,4.1809,-37.385,3.2254,-0.23883,12.723
7.31,-2.442,-0.96684,1.0465,0.063102,0.32808,0,0.94254,-1.2451,-3.5386,-0.22374,-1.1882,0.037217,-0.41608,7.89,-1.5175,0.1031,0,0,0,1.9183,1.876,1.9084,1.9519,3.1237,14.649,4.1766,-37.75,2.5601,-0.62854,12.758
7.32,-2.4541,-1.0023,1.0443,0.056835,0.32831,0,0.94286,-1.166,-3.553,-0.2225,-1.1825,0.009358,-0.41231,7.9193,-1.3709,0.14483,0,0,0,1.9236,1.8817,1.9133,1.9565,2.7445,14.671,4.1684,-38.098,1.8975,-1.0159,12.792
7.33,-2.4653,-1.0379,1.0421,0.0506,0.3284,0,0.94318,-1.0867,-3.566,-0.22084,-1.1764,-0.018264,-0.40862,7.9449,-1.2241,0.18645,0,0,0,1.9287,1.8873,1.9181,1.9609,2.3618,14.687,4.1563,-38.427,1.2381,-1.4008,12.825
7.34,-2.4758,-1.0736,1.0399,0.044398,0.32835,0,0.94351,-1.0072,-3.5775,-0.21877,-1.1699,-0.045651,-0.405,7.9666,-1.0772,0.22794,0,0,0,1.9338,1.8928,1.9227,1.9652,1.976,14.696,4.1404,-38.739,0.58221,-1.7827,12.858
7.35,-2.4855,-1.1094,1.0377,0.038232,0.32815,0,0.94385,-0.9274,-3.5876,-0.21629,-1.1632,-0.072804,-0.40146,7.9844,-0.93024,0.26925,0,0,0,1.9388,1.8982,1.9272,1.9694,1.5871,14.699,4.1206,-39.031,-0.069854,-2.1616,12.889
7.36,-2.4943,-1.1454,1.0356,0.032103,0.32781,0,0.9442,-0.84748,-3.5961,-0.21339,-1.1561,-0.099727,-0.39801,7.9983,-0.78327,0.31034,0,0,0,1.9437,1.9036,1.9316,1.9734,1.1954,14.695,4.0971,-39.305,-0.71775,-2.5371,12.92
7.37,-2.5024,-1.1814,1.0335,0.026011,0.32734,0,0.94455,-0.76744,-3.6032,-0.21008,-1.1488,-0.12642,-0.39465,8.0083,-0.63637,0.35118,0,0,0,1.9485,1.9088,1.9358,1.9773,0.80109,14.684,4.0699,-39.559,-1.3611,-2.909,12.951
7.38,-2.5097,-1.2174,1.0314,0.01996,0.32672,0,0.94491,-0.68733,-3.6089,-0.20637,-1.1413,-0.1529,-0.39139,8.0143,-0.4896,0.39173,0,0,0,1.9531,1.9139,1.9399,1.981,0.40431,14.668,4.039,-39.793,-1.9997,-3.277,12.98
7.39,-2.5162,-1.2535,1.0293,0.013949,0.32597,0,0.94528,-0.60717,-3.613,-0.20225,-1.1335,-0.17915,-0.38823,8.0164,-0.34304,0.43195,0,0,0,1.9577,1.9188,1.9438,1.9846,0.0052861,14.644,4.0044,-40.007,-2.633,-3.6409,13.008
7.4,-2.5218,-1.2897,1.0273,0.0079801,0.32508,0,0.94565,-0.52701,-3.6157,-0.19773,-1.1255,-0.2052,-0.38517,8.0144,-0.19674,0.4718,0,0,0,1.9621,1.9236,1.9475,1.988,-0.39577,14.615,3.9662,-40.201,-3.2609,-4.0004,13.035
7.41,-2.5267,-1.3258,1.0254,0.0020541,0.32406,0,0.94603,-0.44689,-3.617,-0.19281,-1.1173,-0.23104,-0.38222,8.0084,-0.050762,0.51126,0,0,0,1.9663,1.9282,1.951,1.9912,-0.79866,14.579,3.9244,-40.373,-3.8829,-4.3552,13.061
7.42,-2.5308,-1.362,1.0235,-0.0038282,0.32291,0,0.94642,-0.36686,-3.6167,-0.1875,-1.1089,-0.25669,-0.37939,7.9984,0.094825,0.55028,0,0,0,1.9705,1.9327,1.9543,1.9942,-1.2032,14.537,3.8791,-40.524,-4.4987,-4.7051,13.086
7.43,-2.534,-1.3982,1.0216,-0.0096659,0.32162,0,0.94682,-0.28694,-3.6151,-0.18181,-1.1004,-0.28215,-0.37667,7.9844,0.23996,0.58883,0,0,0,1.9744,1.937,1.9575,1.9971,-1.6091,14.489,3.8303,-40.653,-5.108,-5.0499,13.11
7.44,-2.5365,-1.4343,1.0198,-0.015458,0.3202,0,0.94722,-0.20718,-3.6119,-0.17573,-1.0917,-0.30743,-0.37407,7.9663,0.38459,0.62687,0,0,0,1.9782,1.9412,1.9605,1.9997,-2.0161,14.435,3.7781,-40.76,-5.7105,-5.3892,13.133
7.45,-2.5382,-1.4704,1.0181,-0.021205,0.31865,0,0.94764,-0.12763,-3.6074,-0.16927,-1.083,-0.33254,-0.37159,7.9441,0.52865,0.66438,0,0,0,1.9819,1.9451,1.9632,2.0022,-2.4242,14.375,3.7225,-40.844,-6.3057,-5.7228,13.154
7.46,-2.5391,-1.5065,1.0165,-0.026905,0.31697,0,0.94805,-0.048315,-3.6014,-0.16244,-1.0741,-0.35749,-0.36924,7.9178,0.67207,0.70131,0,0,0,1.9853,1.9489,1.9658,2.0045,-2.833,14.309,3.6637,-40.905,-6.8934,-6.0505,13.174
7.47,-2.5391,-1.5424,1.0149,-0.032558,0.31516,0,0.94848,0.030714,-3.5939,-0.15525,-1.065,-0.38228,-0.36701,7.8874,0.81481,0.73764,0,0,0,1.9886,1.9525,1.9681,2.0066,-3.2422,14.237,3.6016,-40.943,-7.4733,-6.3719,13.193
7.48,-2.5384,-1.5783,1.0133,-0.038163,0.31322,0,0.94891,0.10942,-3.5851,-0.14769,-1.0559,-0.40693,-0.36492,7.8529,0.9568,0.77333,0,0,0,1.9917,1.9558,1.9702,2.0085,-3.6517,14.16,3.5363,-40.957,-8.0449,-6.6869,13.211
7.49,-2.537,-1.6141,1.0119,-0.04372,0.31116,0,0.94935,0.18776,-3.5748,-0.13978,-1.0468,-0.43145,-0.36295,7.8144,1.098,0.80836,0,0,0,1.9947,1.959,1.9722,2.0102,-4.0613,14.076,3.4678,-40.947,-8.608,-6.9952,13.227
7.5,-2.5347,-1.6498,1.0106,-0.04923,0.30897,0,0.9498,0.26569,-3.5631,-0.13153,-1.0375,-0.45583,-0.36112,7.7717,1.2383,0.84268,0,0,0,1.9974,1.962,1.9739,2.0117,-4.4706,13.987,3.3964,-40.912,-9.1623,-7.2964,13.242
7.51,-2.5317,-1.6854,1.0093,-0.05469,0.30665,0,0.95025,0.34318,-3.55,-0.12293,-1.0282,-0.4801,-0.35943,7.7249,1.3777,0.87627,0,0,0,1.9999,1.9648,1.9753,2.013,-4.8794,13.893,3.3219,-40.853,-9.7073,-7.5905,13.255
7.52,-2.5278,-1.7208,1.0081,-0.060102,0.30421,0,0.95071,0.42018,-3.5356,-0.11401,-1.0188,-0.50426,-0.35787,7.6741,1.5161,0.90911,0,0,0,2.0023,1.9673,1.9766,2.0141,-5.2876,13.793,3.2446,-40.767,-10.243,-7.877,13.267
7.53,-2.5232,-1.7561,1.007,-0.065464,0.30164,0,0.95117,0.49665,-3.5197,-0.10475,-1.0093,-0.52831,-0.35645,7.6192,1.6536,0.94116,0,0,0,2.0044,1.9697,1.9777,2.0149,-5.6947,13.688,3.1644,-40.657,-10.768,-8.1557,13.278
7.54,-2.5179,-1.7912,1.006,-0.070777,0.29895,0,0.95164,0.57255,-3.5025,-0.095185,-0.99984,-0.55227,-0.35517,7.5602,1.7899,0.97239,0,0,0,2.0064,1.9718,1.9785,2.0156,-6.1006,13.578,3.0815,-40.52,-11.284,-8.4264,13.287
7.55,-2.5118,-1.8261,1.0051,-0.076041,0.29614,0,0.95211,0.64784,-3.4839,-0.085308,-0.99031,-0.57614,-0.35403,7.4972,1.9251,1.0028,0,0,0,2.0081,1.9737,1.9791,2.016,-6.505,13.463,2.9959,-40.356,-11.789,-8.6889,13.295
7.56,-2.5049,-1.8609,1.0043,-0.081255,0.2932,0,0.95259,0.72248,-3.464,-0.075132,-0.98073,-0.59993,-0.35303,7.4301,2.0591,1.0323,0,0,0,2.0096,1.9755,1.9795,2.0163,-6.9076,13.342,2.9078,-40.166,-12.283,-8.9428,13.301
7.57,-2.4974,-1.8954,1.0036,-0.086418,0.29013,0,0.95308,0.79643,-3.4428,-0.064665,-0.97111,-0.62365,-0.35217,7.359,2.1919,1.0609,0,0,0,2.011,1.9769,1.9797,2.0163,-7.3082,13.217,2.8171,-39.948,-12.765,-9.1878,13.307
7.58,-2.489,-1.9297,1.003,-0.091532,0.28695,0,0.95356,0.86965,-3.4202,-0.053917,-0.96145,-0.64729,-0.35146,7.284,2.3235,1.0886,0,0,0,2.0121,1.9782,1.9796,2.0162,-7.7065,13.087,2.724,-39.702,-13.236,-9.4239,13.31
7.59,-2.48,-1.9638,1.0025,-0.096595,0.28364,0,0.95405,0.94209,-3.3963,-0.042896,-0.95175,-0.67087,-0.35088,7.2049,2.4537,1.1154,0,0,0,2.013,1.9793,1.9794,2.0158,-8.1022,12.952,2.6286,-39.429,-13.696,-9.6506,13.312
7.6,-2.4702,-1.9976,1.0021,-0.10161,0.28021,0,0.95455,1.0137,-3.3711,-0.031612,-0.94201,-0.69438,-0.35044,7.1219,2.5825,1.1412,0,0,0,2.0137,1.9801,1.9789,2.0152,-8.495,12.813,2.531,-39.127,-14.143,-9.8677,13.313
7.61,-2.4597,-2.0312,1.0019,-0.10657,0.27666,0,0.95504,1.0845,-3.3446,-0.020075,-0.93223,-0.71783,-0.35015,7.035,2.7099,1.166,0,0,0,2.0142,1.9808,1.9783,2.0145,-8.8846,12.67,2.4313,-38.796,-14.577,-10.075,13.313
7.62,-2.4485,-2.0645,1.0017,-0.11148,0.27298,0,0.95554,1.1544,-3.3169,-0.0082953,-0.92241,-0.74122,-0.34999,6.9443,2.8359,1.1898,0,0,0,2.0145,1.9812,1.9774,2.0135,-9.2708,12.522,2.3296,-38.435,-14.999,-10.272,13.311
7.63,-2.4366,-2.0976,1.0017,-0.11634,0.26918,0,0.95604,1.2234,-3.2879,0.0037176,-0.91255,-0.76455,-0.34998,6.8496,2.9603,1.2126,0,0,0,2.0146,1.9814,1.9764,2.0124,-9.6532,12.37,2.2259,-38.045,-15.407,-10.459,13.308
7.64,-2.424,-2.1303,1.0018,-0.12115,0.26526,0,0.95653,1.2914,-3.2577,0.015953,-0.90264,-0.78782,-0.3501,6.7512,3.0832,1.2343,0,0,0,2.0145,1.9815,1.9752,2.0111,-10.032,12.214,2.1204,-37.625,-15.802,-10.635,13.304
7.65,-2.4108,-2.1627,1.002,-0.1259,0.26122,0,0.95703,1.3584,-3.2263,0.028401,-0.89267,-0.81102,-0.35035,6.649,3.2046,1.255,0,0,0,2.0142,1.9813,1.9738,2.0095,-10.406,12.054,2.0133,-37.175,-16.182,-10.8,13.298
7.66,-2.3969,-2.1948,1.0024,-0.1306,0.25706,0,0.95753,1.4244,-3.1936,0.04105,-0.88265,-0.83415,-0.35074,6.5431,3.3243,1.2746,0,0,0,2.0137,1.981,1.9722,2.0079,-10.775,11.89,1.9045,-36.693,-16.549,-10.955,13.291
7.67,-2.3823,-2.2266,1.0029,-0.13525,0.25278,0,0.95802,1.4893,-3.1598,0.053889,-0.87257,-0.85721,-0.35125,6.4335,3.4424,1.2931,0,0,0,2.013,1.9804,1.9705,2.006,-11.139,11.723,1.7942,-36.181,-16.901,-11.097,13.283
7.68,-2.3671,-2.258,1.0035,-0.13985,0.24837,0,0.95852,1.553,-3.1248,0.066907,-0.86242,-0.88017,-0.35189,6.3203,3.5587,1.3105,0,0,0,2.0121,1.9797,1.9687,2.004,-11.499,11.552,1.6826,-35.637,-17.238,-11.229,13.274
7.69,-2.3512,-2.2891,1.0042,-0.14439,0.24385,0,0.959,1.6156,-3.0886,0.080094,-0.8522,-0.90305,-0.35266,6.2036,3.6734,1.3267,0,0,0,2.011,1.9788,1.9666,2.0019,-11.852,11.378,1.5697,-35.063,-17.561,-11.349,13.264
7.7,-2.3348,-2.3198,1.0051,-0.14888,0.23921,0,0.95949,1.6771,-3.0513,0.093438,-0.8419,-0.92582,-0.35355,6.0833,3.7863,1.3419,0,0,0,2.0097,1.9778,1.9645,1.9996,-12.2,11.201,1.4556,-34.459,-17.87,-11.458,13.253
7.71,-2.3177,-2.3501,1.0061,-0.15332,0.23444,0,0.95996,1.7373,-3.0129,0.10693,-0.83151,-0.94848,-0.35455,5.9596,3.8974,1.3558,0,0,0,2.0083,1.9765,1.9622,1.9971,-12.541,11.021,1.3405,-33.826,-18.164,-11.556,13.24
7.72,-2.3,-2.38,1.0072,-0.1577,0.22956,0,0.96044,1.7963,-2.9734,0.12055,-0.82102,-0.971,-0.35567,5.8325,4.0067,1.3687,0,0,0,2.0067,1.9752,1.9599,1.9946,-12.876,10.838,1.2245,-33.166,-18.445,-11.643,13.227
7.73,-2.2818,-2.4096,1.0085,-0.16202,0.22455,0,0.9609,1.8539,-2.9328,0.1343,-0.81044,-0.99339,-0.35689,5.7021,4.1141,1.3803,0,0,0,2.0049,1.9737,1.9574,1.9919,-13.204,10.652,1.1077,-32.477,-18.712,-11.72,13.213
7.74,-2.263,-2.4387,1.0099,-0.16628,0.21943,0,0.96135,1.9103,-2.8911,0.14815,-0.79974,-1.0156,-0.35821,5.5685,4.2197,1.3908,0,0,0,2.003,1.972,1.9549,1.9891,-13.526,10.463,0.99017,-31.762,-18.966,-11.786,13.198
7.75,-2.2436,-2.4674,1.0114,-0.17049,0.2142,0,0.9618,1.9653,-2.8484,0.16211,-0.78892,-1.0377,-0.35963,5.4316,4.3234,1.4001,0,0,0,2.001,1.9703,1.9522,1.9862,-13.839,10.272,0.87202,-31.021,-19.206,-11.842,13.183
7.76,-2.2237,-2.4956,1.0131,-0.17464,0.20884,0,0.96223,2.0189,-2.8046,0.17615,-0.77797,-1.0595,-0.36115,5.2917,4.4252,1.4083,0,0,0,1.9987,1.9684,1.9495,1.9832,-14.146,10.079,0.75337,-30.254,-19.434,-11.888,13.167
7.77,-2.2032,-2.5235,1.015,-0.17873,0.20337,0,0.96265,2.0711,-2.7599,0.19027,-0.76688,-1.0811,-0.36274,5.1487,4.525,1.4152,0,0,0,1.9964,1.9664,1.9468,1.9802,-14.445,9.8839,0.63431,-29.463,-19.648,-11.923,13.15
7.78,-2.1822,-2.5508,1.0169,-0.18276,0.19778,0,0.96306,2.1219,-2.7141,0.20445,-0.75564,-1.1025,-0.36442,5.0028,4.6228,1.4209,0,0,0,1.9939,1.9643,1.944,1.9771,-14.735,9.6863,0.51493,-28.648,-19.85,-11.949,13.132
7.79,-2.1608,-2.5777,1.0191,-0.18673,0.19209,0,0.96345,2.1712,-2.6674,0.21869,-0.74425,-1.1237,-0.36616,4.8541,4.7187,1.4255,0,0,0,1.9913,1.9622,1.9412,1.9739,-15.017,9.4869,0.39535,-27.81,-20.039,-11.966,13.114
7.8,-2.1388,-2.6042,1.0213,-0.19064,0.18628,0,0.96383,2.219,-2.6198,0.23296,-0.73269,-1.1445,-0.36797,4.7025,4.8126,1.4288,0,0,0,1.9886,1.9599,1.9384,1.9707,-15.291,9.2856,0.27565,-26.95,-20.217,-11.973,13.096
7.81,-2.1164,-2.6301,1.0237,-0.19448,0.18035,0,0.96418,2.2652,-2.5712,0.24726,-0.72095,-1.165,-0.36984,4.5483,4.9044,1.431,0,0,0,1.9858,1.9576,1.9356,1.9675,-15.556,9.0826,0.15593,-26.068,-20.382,-11.97,13.078
7.82,-2.0935,-2.6556,1.0263,-0.19825,0.17432,0,0.96452,2.3099,-2.5217,0.26157,-0.70904,-1.1852,-0.37176,4.3914,4.9942,1.432,0,0,0,1.983,1.9553,1.9328,1.9642,-15.812,8.878,0.036271,-25.164,-20.535,-11.959,13.059
7.83,-2.0702,-2.6806,1.0289,-0.20196,0.16819,0,0.96484,2.353,-2.4713,0.27589,-0.69694,-1.205,-0.37372,4.232,5.082,1.4317,0,0,0,1.98,1.9529,1.9301,1.9609,-16.06,8.6719,-0.083225,-24.241,-20.677,-11.939,13.04
7.84,-2.0465,-2.705,1.0318,-0.20561,0.16194,0,0.96514,2.3945,-2.4201,0.2902,-0.68464,-1.2244,-0.37572,4.0702,5.1676,1.4303,0,0,0,1.9769,1.9504,1.9274,1.9577,-16.297,8.4645,-0.20247,-23.298,-20.807,-11.909,13.021
7.85,-2.0223,-2.729,1.0348,-0.20918,0.1556,0,0.96542,2.4344,-2.368,0.3045,-0.67214,-1.2434,-0.37774,3.9061,5.2513,1.4277,0,0,0,1.9738,1.948,1.9247,1.9544,-16.525,8.2558,-0.32139,-22.336,-20.926,-11.872,13.002
7.86,-1.9978,-2.7524,1.0379,-0.21268,0.14915,0,0.96567,2.4727,-2.315,0.31875,-0.65943,-1.2619,-0.37977,3.7398,5.3328,1.4239,0,0,0,1.9707,1.9455,1.9221,1.9512,-16.744,8.046,-0.43988,-21.356,-21.034,-11.825,12.983
7.87,-1.9729,-2.7753,1.0411,-0.21611,0.1426,0,0.9659,2.5092,-2.2613,0.33297,-0.64651,-1.2799,-0.38182,3.5713,5.4122,1.4189,0,0,0,1.9674,1.9431,1.9196,1.948,-16.953,7.8352,-0.55787,-20.359,-21.131,-11.771,12.964
7.88,-1.9476,-2.7976,1.0445,-0.21947,0.13596,0,0.9661,2.5441,-2.2068,0.34713,-0.63337,-1.2974,-0.38387,3.4008,5.4895,1.4127,0,0,0,1.9642,1.9407,1.9172,1.9449,-17.151,7.6234,-0.67527,-19.346,-21.218,-11.708,12.945
7.89,-1.922,-2.8194,1.0481,-0.22275,0.12923,0,0.96627,2.5772,-2.1515,0.36122,-0.62001,-1.3143,-0.3859,3.2283,5.5646,1.4054,0,0,0,1.9609,1.9382,1.9149,1.9418,-17.339,7.4109,-0.792,-18.316,-21.294,-11.638,12.927
7.9,-1.8961,-2.8406,1.0518,-0.22596,0.12241,0,0.96642,2.6086,-2.0955,0.37523,-0.60644,-1.3306,-0.38792,3.054,5.6377,1.3969,0,0,0,1.9577,1.9359,1.9128,1.9388,-17.517,7.1976,-0.90799,-17.271,-21.36,-11.559,12.908
7.91,-1.8698,-2.8613,1.0556,-0.22909,0.1155,0,0.96653,2.6383,-2.0388,0.38915,-0.59264,-1.3462,-0.38991,2.878,5.7086,1.3872,0,0,0,1.9544,1.9335,1.9107,1.9359,-17.685,6.9837,-1.0232,-16.212,-21.416,-11.473,12.891
7.92,-1.8433,-2.8814,1.0595,-0.23214,0.1085,0,0.96661,2.6662,-1.9814,0.40297,-0.57862,-1.3612,-0.39186,2.7003,5.7773,1.3764,0,0,0,1.9511,1.9312,1.9088,1.933,-17.841,6.7693,-1.1374,-15.139,-21.462,-11.38,12.874
7.93,-1.8165,-2.9009,1.0636,-0.23511,0.10143,0,0.96666,2.6923,-1.9233,0.41668,-0.56438,-1.3755,-0.39376,2.5212,5.844,1.3645,0,0,0,1.9478,1.929,1.907,1.9303,-17.987,6.5545,-1.2507,-14.052,-21.499,-11.279,12.857
7.94,-1.7895,-2.9199,1.0679,-0.23799,0.094281,0,0.96668,2.7166,-1.8645,0.43026,-0.54993,-1.389,-0.39561,2.3406,5.9084,1.3514,0,0,0,1.9446,1.9269,1.9054,1.9277,-18.123,6.3393,-1.363,-12.954,-21.526,-11.171,12.841
7.95,-1.7622,-2.9382,1.0722,-0.2408,0.087061,0,0.96666,2.7391,-1.8051,0.4437,-0.53527,-1.4018,-0.39739,2.1588,5.9708,1.3372,0,0,0,1.9414,1.9248,1.904,1.9252,-18.247,6.124,-1.4741,-11.844,-21.544,-11.056,12.826
7.96,-1.7347,-2.956,1.0767,-0.24351,0.079775,0,0.96661,2.7598,-1.7451,0.457,-0.5204,-1.4137,-0.3991,1.9757,6.0309,1.3219,0,0,0,1.9382,1.9228,1.9027,1.9228,-18.359,5.9085,-1.5841,-10.723,-21.553,-10.934,12.811
7.97,-1.707,-2.9731,1.0814,-0.24614,0.072426,0,0.96652,2.7786,-1.6845,0.47014,-0.50533,-1.4248,-0.40072,1.7916,6.0889,1.3055,0,0,0,1.9351,1.9209,1.9017,1.9206,-18.461,5.693,-1.6928,-9.5924,-21.553,-10.806,12.797
7.98,-1.6791,-2.9897,1.0861,-0.24869,0.065019,0,0.9664,2.7956,-1.6233,0.48311,-0.49008,-1.435,-0.40225,1.6066,6.1448,1.2881,0,0,0,1.9321,1.9191,1.9008,1.9185,-18.551,5.4775,-1.8002,-8.4522,-21.544,-10.671,12.784
7.99,-1.6511,-3.0056,1.091,-0.25114,0.057559,0,0.96624,2.8108,-1.5616,0.4959,-0.47464,-1.4443,-0.40368,1.4206,6.1985,1.2695,0,0,0,1.9291,1.9175,1.9001,1.9165,-18.63,5.2621,-1.9062,-7.3032,-21.527,-10.53,12.772
8,-1.6229,-3.0209,1.0961,-0.2535,0.050052,0,0.96604,2.824,-1.4993,0.50849,-0.45904,-1.4527,-0.40499,1.234,6.25,1.25,0,0,0,1.9262,1.9159,1.8996,1.9147,-18.697,5.047,-2.0108,-6.1463,-21.502,-10.383,12.761
8.01,-1.5946,-3.0356,1.1012,-0.25578,0.042501,0,0.9658,2.8354,-1.4366,0.52089,-0.44328,-1.4601,-0.40619,1.0467,6.2994,1.2293,0,0,0,1.9234,1.9145,1.8993,1.9131,-18.753,4.8321,-2.1138,-4.9822,-21.469,-10.23,12.75
8.02,-1.5662,-3.0496,1.1065,-0.25796,0.034913,0,0.96553,2.845,-1.3734,0.53308,-0.42738,-1.4665,-0.40726,0.85898,6.3467,1.2077,0,0,0,1.9207,1.9131,1.8992,1.9116,-18.797,4.6176,-2.2153,-3.8116,-21.428,-10.071,12.741
8.03,-1.5377,-3.063,1.1119,-0.26005,0.027293,0,0.96521,2.8526,-1.3097,0.54504,-0.41134,-1.4719,-0.4082,0.67084,6.3918,1.185,0,0,0,1.9181,1.912,1.8993,1.9103,-18.829,4.4036,-2.3152,-2.6352,-21.38,-9.9064,12.733
8.04,-1.5092,-3.0758,1.1174,-0.26204,0.019646,0,0.96486,2.8584,-1.2455,0.55678,-0.3952,-1.4763,-0.40899,0.48244,6.4347,1.1614,0,0,0,1.9156,1.9109,1.8996,1.9092,-18.85,4.19,-2.4135,-1.4538,-21.324,-9.7364,12.725
8.05,-1.4806,-3.0879,1.123,-0.26394,0.011979,0,0.96447,2.8623,-1.181,0.56827,-0.37896,-1.4796,-0.40963,0.29389,6.4756,1.1368,0,0,0,1.9132,1.91,1.9,1.9083,-18.858,3.9771,-2.5099,-0.26801,-21.261,-9.5611,12.719
8.06,-1.4519,-3.0994,1.1287,-0.26574,0.0042961,0,0.96403,2.8643,-1.116,0.57951,-0.36265,-1.4819,-0.41012,0.10531,6.5143,1.1112,0,0,0,1.9109,1.9092,1.9007,1.9075,-18.855,3.7649,-2.6047,0.9214,-21.19,-9.3805,12.714
8.07,-1.4233,-3.1103,1.1346,-0.26745,-0.0033956,0,0.96357,2.8644,-1.0507,0.59049,-0.34628,-1.4831,-0.41045,-0.08317,6.5509,1.0847,0,0,0,1.9088,1.9086,1.9016,1.9069,-18.84,3.5533,-2.6975,2.1137,-21.113,-9.195,12.71
8.08,-1.3946,-3.1204,1.1406,-0.26907,-0.011091,0,0.96306,2.8626,-0.98502,0.6012,-0.32986,-1.4833,-0.41061,-0.27144,6.5853,1.0573,0,0,0,1.9068,1.9081,1.9027,1.9065,-18.813,3.3426,-2.7885,3.3083,-21.029,-9.0045,12.707
8.09,-1.366,-3.13,1.1466,-0.27058,-0.018783,0,0.96251,2.8589,-0.91901,0.61163,-0.31343,-1.4823,-0.41059,-0.45938,6.6177,1.0289,0,0,0,1.9049,1.9078,1.904,1.9062,-18.774,3.1328,-2.8776,4.5044,-20.939,-8.8093,12.705
8.1,-1.3375,-3.1388,1.1528,-0.27201,-0.026467,0,0.96193,2.8534,-0.85267,0.62177,-0.297,-1.4803,-0.4104,-0.64687,6.648,0.99971,0,0,0,1.9032,1.9075,1.9054,1.9062,-18.722,2.9239,-2.9647,5.7014,-20.841,-8.6094,12.704
8.11,-1.309,-3.147,1.1591,-0.27333,-0.034136,0,0.96131,2.846,-0.78605,0.63162,-0.28059,-1.4771,-0.41003,-0.83379,6.6762,0.96963,0,0,0,1.9016,1.9075,1.9071,1.9063,-18.659,2.716,-3.0498,6.8984,-20.738,-8.405,12.704
8.12,-1.2806,-3.1545,1.1654,-0.27456,-0.041786,0,0.96066,2.8367,-0.71916,0.64116,-0.26422,-1.4729,-0.40947,-1.02,6.7023,0.93872,0,0,0,1.9002,1.9075,1.9089,1.9066,-18.585,2.5091,-3.1328,8.0949,-20.628,-8.1963,12.705
8.13,-1.2522,-3.1614,1.1719,-0.2757,-0.049408,0,0.95997,2.8256,-0.65201,0.65039,-0.24792,-1.4676,-0.40873,-1.2054,6.7264,0.90699,0,0,0,1.8989,1.9077,1.9108,1.907,-18.498,2.3034,-3.2137,9.2901,-20.512,-7.9833,12.707
8.14,-1.2241,-3.1676,1.1784,-0.27674,-0.056999,0,0.95925,2.8126,-0.58464,0.6593,-0.2317,-1.4612,-0.40779,-1.3899,6.7484,0.87445,0,0,0,1.8978,1.908,1.9129,1.9076,-18.399,2.0989,-3.2924,10.483,-20.39,-7.7663,12.711
8.15,-1.196,-3.1731,1.1851,-0.27769,-0.064552,0,0.9585,2.7978,-0.51705,0.66788,-0.21558,-1.4538,-0.40667,-1.5734,6.7684,0.84114,0,0,0,1.8968,1.9085,1.9151,1.9084,-18.288,1.8956,-3.369,11.674,-20.263,-7.5453,12.715
8.16,-1.1681,-3.1779,1.1918,-0.27855,-0.072061,0,0.95772,2.7812,-0.44928,0.67612,-0.1996,-1.4453,-0.40535,-1.7557,6.7863,0.80708,0,0,0,1.8959,1.909,1.9175,1.9093,-18.165,1.6937,-3.4433,12.861,-20.13,-7.3205,12.72
8.17,-1.1404,-3.1821,1.1986,-0.27931,-0.079521,0,0.9569,2.7627,-0.38133,0.68402,-0.18375,-1.4358,-0.40383,-1.9366,6.8023,0.77228,0,0,0,1.8952,1.9097,1.92,1.9103,-18.031,1.4931,-3.5154,14.044,-19.991,-7.092,12.725
8.18,-1.1129,-3.1855,1.2055,-0.27998,-0.086927,0,0.95606,2.7424,-0.31324,0.69156,-0.16807,-1.4253,-0.40212,-2.1162,6.8162,0.73678,0,0,0,1.8946,1.9105,1.9226,1.9115,-17.884,1.2939,-3.5852,15.222,-19.847,-6.86,12.732
8.19,-1.0855,-3.1883,1.2124,-0.28057,-0.094272,0,0.95519,2.7204,-0.24501,0.69875,-0.15257,-1.4138,-0.40022,-2.2943,6.8281,0.70059,0,0,0,1.8941,1.9113,1.9253,1.9128,-17.726,1.0961,-3.6526,16.395,-19.697,-6.6246,12.739
8.2,-1.0585,-3.1904,1.2194,-0.28106,-0.10155,0,0.9543,2.6966,-0.17668,0.70557,-0.13727,-1.4014,-0.39813,-2.4707,6.8381,0.66374,0,0,0,1.8938,1.9123,1.928,1.9142,-17.557,0.89994,-3.7177,17.562,-19.543,-6.3859,12.747
8.21,-1.0316,-3.1919,1.2265,-0.28147,-0.10876,0,0.95339,2.671,-0.10826,0.71202,-0.12219,-1.388,-0.39584,-2.6454,6.8461,0.62624,0,0,0,1.8936,1.9133,1.9309,1.9157,-17.375,0.70531,-3.7803,18.721,-19.383,-6.1441,12.756
8.22,-1.005,-3.1926,1.2337,-0.2818,-0.1159,0,0.95245,2.6436,-0.039765,0.7181,-0.10734,-1.3737,-0.39336,-2.8182,6.8522,0.58814,0,0,0,1.8935,1.9145,1.9337,1.9173,-17.182,0.5123,-3.8405,19.873,-19.219,-5.8993,12.765
8.23,-0.97875,-3.1927,1.2409,-0.28204,-0.12295,0,0.95149,2.6146,0.02878,0.72378,-0.092736,-1.3585,-0.3907,-2.989,6.8564,0.54944,0,0,0,1.8935,1.9156,1.9367,1.919,-16.978,0.32095,-3.8983,21.017,-19.05,-5.6517,12.775
8.24,-0.95275,-3.192,1.2481,-0.2822,-0.12992,0,0.95052,2.5839,0.097357,0.72908,-0.078394,-1.3424,-0.38785,-3.1577,6.8587,0.51018,0,0,0,1.8936,1.9169,1.9396,1.9207,-16.762,0.13132,-3.9535,22.152,-18.876,-5.4013,12.785
8.25,-0.92708,-3.1907,1.2555,-0.28228,-0.13681,0,0.94953,2.5515,0.16595,0.73399,-0.064325,-1.3256,-0.38481,-3.3242,6.859,0.47038,0,0,0,1.8938,1.9181,1.9426,1.9225,-16.535,-0.056553,-4.0063,23.277,-18.698,-5.1484,12.795
8.26,-0.90173,-3.1887,1.2628,-0.28229,-0.1436,0,0.94852,2.5174,0.23453,0.73849,-0.05054,-1.3079,-0.3816,-3.4883,6.8575,0.43006,0,0,0,1.894,1.9194,1.9455,1.9244,-16.296,-0.24263,-4.0565,24.391,-18.516,-4.893,12.806
8.27,-0.87673,-3.186,1.2702,-0.28221,-0.15029,0,0.94751,2.4817,0.30309,0.74259,-0.037048,-1.2895,-0.37821,-3.6501,6.8542,0.38926,0,0,0,1.8944,1.9207,1.9485,1.9262,-16.047,-0.42686,-4.1042,25.495,-18.33,-4.6353,12.816
8.28,-0.8521,-3.1827,1.2777,-0.28207,-0.15688,0,0.94648,2.4444,0.37161,0.74627,-0.02386,-1.2704,-0.37465,-3.8093,6.849,0.34799,0,0,0,1.8947,1.922,1.9514,1.9281,-15.786,-0.60921,-4.1492,26.586,-18.139,-4.3755,12.827
8.29,-0.82785,-3.1786,1.2852,-0.28185,-0.16337,0,0.94545,2.4055,0.44006,0.74954,-0.010981,-1.2506,-0.37092,-3.9658,6.842,0.30628,0,0,0,1.8951,1.9233,1.9543,1.93,-15.515,-0.78963,-4.1917,27.665,-17.945,-4.1136,12.838
8.3,-0.804,-3.1739,1.2927,-0.28157,-0.16975,0,0.94441,2.3651,0.50844,0.7524,0.0015826,-1.2301,-0.36702,-4.1195,6.8332,0.26416,0,0,0,1.8956,1.9246,1.9571,1.9318,-15.233,-0.9681,-4.2315,28.731,-17.747,-3.8498,12.848
8.31,-0.78055,-3.1684,1.3002,-0.28122,-0.17602,0,0.94336,2.3231,0.57672,0.75483,0.013825,-1.209,-0.36297,-4.2704,6.8226,0.22166,0,0,0,1.896,1.9259,1.9598,1.9336,-14.941,-1.1446,-4.2686,29.783,-17.546,-3.5843,12.859
8.32,-0.75754,-3.1623,1.3078,-0.2808,-0.18217,0,0.94232,2.2797,0.64489,0.75683,0.025744,-1.1872,-0.35876,-4.4183,6.8103,0.1788,0,0,0,1.8964,1.9271,1.9624,1.9354,-14.638,-1.319,-4.3032,30.82,-17.341,-3.3171,12.869
8.33,-0.73497,-3.1555,1.3153,-0.28032,-0.18821,0,0.94127,2.2348,0.71292,0.7584,0.037336,-1.1649,-0.3544,-4.5631,6.7963,0.13561,0,0,0,1.8969,1.9282,1.965,1.9371,-14.324,-1.4914,-4.335,31.842,-17.133,-3.0485,12.879
8.34,-0.71285,-3.1481,1.3229,-0.27978,-0.19413,0,0.94023,2.1885,0.78081,0.75954,0.048601,-1.1421,-0.34989,-4.7047,6.7805,0.092109,0,0,0,1.8972,1.9293,1.9674,1.9387,-14.001,-1.6617,-4.3641,32.848,-16.922,-2.7785,12.888
8.35,-0.6912,-3.1399,1.3305,-0.27919,-0.19993,0,0.93919,2.1407,0.84853,0.76024,0.059539,-1.1188,-0.34524,-4.8431,6.763,0.048333,0,0,0,1.8976,1.9303,1.9697,1.9403,-13.667,-1.8298,-4.3905,33.837,-16.708,-2.5073,12.896
8.36,-0.67004,-3.1311,1.3381,-0.27853,-0.2056,0,0.93816,2.0916,0.91606,0.76051,0.07015,-1.0949,-0.34045,-4.9781,6.7439,0.0043072,0,0,0,1.8978,1.9311,1.9718,1.9417,-13.324,-1.9958,-4.4143,34.809,-16.491,-2.2351,12.904
8.37,-0.64937,-3.1216,1.3457,-0.27783,-0.21115,0,0.93714,2.0412,0.9834,0.76033,0.080438,-1.0707,-0.33553,-5.1095,6.7231,-0.039943,0,0,0,1.898,1.9319,1.9738,1.943,-12.971,-2.1596,-4.4352,35.763,-16.272,-1.9618,12.911
8.38,-0.62922,-3.1114,1.3533,-0.27707,-0.21657,0,0.93613,1.9894,1.0505,0.75971,0.090406,-1.0459,-0.33049,-5.2375,6.7007,-0.084389,0,0,0,1.8981,1.9325,1.9755,1.9441,-12.609,-2.3212,-4.4535,36.697,-16.049,-1.6879,12.917
8.39,-0.60959,-3.1006,1.3609,-0.27627,-0.22185,0,0.93512,1.9364,1.1174,0.75864,0.10006,-1.0208,-0.32532,-5.3617,6.6767,-0.129,0,0,0,1.8981,1.933,1.9771,1.9451,-12.237,-2.4806,-4.469,37.613,-15.825,-1.4132,12.922
8.4,-0.59049,-3.0891,1.3685,-0.27542,-0.22701,0,0.93414,1.8822,1.1841,0.75713,0.1094,-0.9953,-0.32003,-5.4822,6.6511,-0.17376,0,0,0,1.8979,1.9333,1.9785,1.9459,-11.857,-2.6377,-4.4818,38.507,-15.598,-1.138,12.926
8.41,-0.57195,-3.0769,1.3761,-0.27452,-0.23203,0,0.93317,1.8268,1.2504,0.75516,0.11843,-0.96942,-0.31463,-5.5988,6.624,-0.21863,0,0,0,1.8976,1.9334,1.9797,1.9466,-11.467,-2.7926,-4.4918,39.381,-15.369,-0.86243,12.929
8.42,-0.55396,-3.0641,1.3836,-0.27358,-0.23692,0,0.93221,1.7702,1.3165,0.75275,0.12717,-0.94319,-0.30912,-5.7115,6.5953,-0.26359,0,0,0,1.8971,1.9333,1.9806,1.947,-11.069,-2.9451,-4.499,40.234,-15.138,-0.58663,12.93
8.43,-0.53655,-3.0506,1.3911,-0.2726,-0.24167,0,0.93128,1.7126,1.3823,0.74989,0.13562,-0.91664,-0.30351,-5.8202,6.5651,-0.3086,0,0,0,1.8964,1.9331,1.9813,1.9472,-10.663,-3.0953,-4.5035,41.064,-14.905,-0.31074,12.93
8.44,-0.51971,-3.0364,1.3986,-0.27158,-0.24628,0,0.93037,1.6538,1.4478,0.74658,0.14379,-0.88976,-0.29779,-5.9247,6.5334,-0.35365,0,0,0,1.8956,1.9326,1.9818,1.9471,-10.248,-3.2432,-4.5052,41.871,-14.671,-0.03494,12.928
8.45,-0.50347,-3.0216,1.4061,-0.27053,-0.25076,0,0.92948,1.5941,1.513,0.74282,0.15169,-0.86258,-0.29198,-6.0251,6.5002,-0.3987,0,0,0,1.8945,1.9319,1.9819,1.9469,-9.8253,-3.3887,-4.5042,42.654,-14.436,0.24063,12.925
8.46,-0.48784,-3.0062,1.4135,-0.26944,-0.25509,0,0.92862,1.5334,1.5778,0.73861,0.15932,-0.83511,-0.28608,-6.1212,6.4656,-0.44372,0,0,0,1.8932,1.9309,1.9818,1.9463,-9.395,-3.5319,-4.5004,43.412,-14.199,0.51581,12.92
8.47,-0.47281,-2.9901,1.4208,-0.26832,-0.25928,0,0.92778,1.4717,1.6423,0.73395,0.1667,-0.80735,-0.28008,-6.213,6.4296,-0.48869,0,0,0,1.8916,1.9297,1.9814,1.9455,-8.9572,-3.6727,-4.4939,44.146,-13.961,0.79045,12.914
8.48,-0.45841,-2.9733,1.4281,-0.26717,-0.26333,0,0.92697,1.4091,1.7064,0.72883,0.17384,-0.77932,-0.274,-6.3003,6.3922,-0.53359,0,0,0,1.8898,1.9282,1.9807,1.9443,-8.5122,-3.8111,-4.4846,44.854,-13.723,1.0644,12.905
8.49,-0.44463,-2.9559,1.4354,-0.26599,-0.26724,0,0.92619,1.3457,1.7701,0.72327,0.18076,-0.75102,-0.26784,-6.3832,6.3534,-0.57838,0,0,0,1.8877,1.9265,1.9796,1.9429,-8.0602,-3.9472,-4.4726,45.535,-13.484,1.3375,12.895
8.5,-0.43149,-2.9379,1.4426,-0.26478,-0.271,0,0.92545,1.2815,1.8335,0.71727,0.18746,-0.72246,-0.2616,-6.4615,6.3132,-0.62303,0,0,0,1.8854,1.9244,1.9783,1.9412,-7.6015,-4.0808,-4.4579,46.189,-13.245,1.6095,12.882
8.51,-0.419,-2.9193,1.4497,-0.26355,-0.27462,0,0.92473,1.2165,1.8964,0.71081,0.19395,-0.69362,-0.25528,-6.5352,6.2718,-0.66753,0,0,0,1.8827,1.922,1.9766,1.9391,-7.1365,-4.2121,-4.4404,46.815,-13.005,1.8804,12.867
8.52,-0.40717,-2.9,1.4568,-0.26229,-0.27809,0,0.92405,1.1508,1.9589,0.70392,0.20025,-0.66453,-0.24889,-6.6042,6.229,-0.71183,0,0,0,1.8797,1.9193,1.9745,1.9367,-6.6653,-4.3409,-4.4203,47.413,-12.766,2.15,12.85
8.53,-0.39599,-2.8801,1.4638,-0.261,-0.28141,0,0.92341,1.0844,2.021,0.69658,0.20638,-0.63516,-0.24243,-6.6685,6.185,-0.75592,0,0,0,1.8763,1.9163,1.9722,1.9339,-6.1883,-4.4674,-4.3974,47.981,-12.526,2.4181,12.831
8.54,-0.38548,-2.8596,1.4707,-0.2597,-0.28458,0,0.9228,1.0174,2.0826,0.6888,0.21234,-0.60553,-0.2359,-6.728,6.1397,-0.79977,0,0,0,1.8726,1.913,1.9694,1.9307,-5.7058,-4.5914,-4.3719,48.52,-12.288,2.6845,12.81
8.55,-0.37564,-2.8384,1.4776,-0.25837,-0.28761,0,0.92224,0.94987,2.1438,0.68058,0.21816,-0.57562,-0.2293,-6.7826,6.0931,-0.84335,0,0,0,1.8686,1.9092,1.9663,1.9272,-5.218,-4.7131,-4.3437,49.027,-12.049,2.9492,12.786
8.56,-0.36649,-2.8167,1.4844,-0.25703,-0.29048,0,0.92171,0.88179,2.2045,0.67193,0.22384,-0.54542,-0.22264,-6.8323,6.0454,-0.88664,0,0,0,1.8642,1.9052,1.9628,1.9233,-4.7254,-4.8324,-4.3129,49.504,-11.812,3.2119,12.759
8.57,-0.35801,-2.7944,1.491,-0.25566,-0.29321,0,0.92123,0.81324,2.2647,0.66285,0.22941,-0.51493,-0.21592,-6.8771,5.9965,-0.9296,0,0,0,1.8594,1.9008,1.9589,1.919,-4.2281,-4.9494,-4.2795,49.948,-11.576,3.4725,12.73
8.58,-0.35022,-2.7714,1.4976,-0.25428,-0.29578,0,0.92079,0.74427,2.3244,0.65334,0.23487,-0.48413,-0.20914,-6.9168,5.9464,-0.97222,0,0,0,1.8542,1.896,1.9546,1.9143,-3.7265,-5.064,-4.2435,50.359,-11.341,3.7308,12.698
8.59,-0.34313,-2.7479,1.5041,-0.25288,-0.2982,0,0.9204,0.67492,2.3836,0.64341,0.24025,-0.45301,-0.20231,-6.9516,5.8952,-1.0145,0,0,0,1.8487,1.8908,1.9499,1.9091,-3.221,-5.1762,-4.2049,50.737,-11.107,3.9868,12.664
8.6,-0.33672,-2.7237,1.5105,-0.25147,-0.30046,0,0.92005,0.60525,2.4423,0.63305,0.24556,-0.42156,-0.19541,-6.9813,5.8429,-1.0563,0,0,0,1.8427,1.8852,1.9448,1.9036,-2.7119,-5.2861,-4.1638,51.081,-10.875,4.2401,12.627
8.61,-0.33102,-2.699,1.5168,-0.25004,-0.30257,0,0.91975,0.53531,2.5004,0.62228,0.25081,-0.38975,-0.18846,-7.0058,5.7895,-1.0977,0,0,0,1.8363,1.8793,1.9393,1.8976,-2.1995,-5.3937,-4.1201,51.391,-10.644,4.4908,12.587
8.62,-0.32602,-2.6737,1.5229,-0.24859,-0.30452,0,0.9195,0.46515,2.5581,0.6111,0.25603,-0.35758,-0.18146,-7.0252,5.735,-1.1387,0,0,0,1.8295,1.8729,1.9334,1.8912,-1.6842,-5.499,-4.0739,51.664,-10.416,4.7385,12.545
8.63,-0.32172,-2.6479,1.529,-0.24713,-0.30631,0,0.91929,0.39482,2.6151,0.59951,0.26123,-0.32501,-0.17441,-7.0395,5.6795,-1.1792,0,0,0,1.8222,1.8662,1.9271,1.8844,-1.1663,-5.602,-4.0253,51.902,-10.19,4.9832,12.5
8.64,-0.31812,-2.6214,1.5349,-0.24566,-0.30793,0,0.91915,0.32438,2.6717,0.58752,0.26643,-0.29203,-0.16731,-7.0486,5.623,-1.2192,0,0,0,1.8145,1.8591,1.9203,1.8771,-0.64628,-5.7028,-3.9743,52.102,-9.9663,5.2247,12.452
8.65,-0.31523,-2.5944,1.5407,-0.24417,-0.3094,0,0.91905,0.25387,2.7276,0.57513,0.27166,-0.25861,-0.16016,-7.0524,5.5655,-1.2587,0,0,0,1.8064,1.8515,1.9132,1.8693,-0.12442,-5.8014,-3.9209,52.265,-9.7451,5.4629,12.401
8.66,-0.31305,-2.5669,1.5464,-0.24266,-0.3107,0,0.91901,0.18335,2.783,0.56235,0.27692,-0.22473,-0.15296,-7.051,5.507,-1.2976,0,0,0,1.7979,1.8436,1.9056,1.8612,0.39888,-5.8977,-3.865,52.389,-9.5268,5.6975,12.347
8.67,-0.31156,-2.5388,1.552,-0.24115,-0.31184,0,0.91902,0.11287,2.8377,0.54918,0.28224,-0.19035,-0.14571,-7.0444,5.4475,-1.336,0,0,0,1.7889,1.8352,1.8976,1.8525,0.92324,-5.9919,-3.8069,52.475,-9.3114,5.9285,12.29
8.68,-0.31079,-2.5101,1.5574,-0.23962,-0.3128,0,0.9191,0.042478,2.8919,0.53563,0.28764,-0.15546,-0.13842,-7.0326,5.3872,-1.3737,0,0,0,1.7794,1.8264,1.8892,1.8434,1.4483,-6.084,-3.7465,52.521,-9.0992,6.1557,12.231
8.69,-0.31071,-2.4809,1.5627,-0.23807,-0.3136,0,0.91923,-0.027767,2.9455,0.52171,0.29314,-0.12001,-0.13109,-7.0155,5.3259,-1.4109,0,0,0,1.7695,1.8173,1.8803,1.8339,1.9735,-6.1739,-3.6838,52.527,-8.8903,6.3789,12.168
8.7,-0.31134,-2.4512,1.5678,-0.23651,-0.31422,0,0.91942,-0.097814,2.9984,0.50741,0.29876,-0.08398,-0.12371,-6.9931,5.2637,-1.4474,0,0,0,1.7592,1.8077,1.8711,1.8239,2.4986,-6.2618,-3.6189,52.491,-8.685,6.5979,12.103
8.71,-0.31267,-2.421,1.5728,-0.23493,-0.31466,0,0.91967,-0.16761,3.0507,0.49276,0.30453,-0.047332,-0.11629,-6.9655,5.2006,-1.4833,0,0,0,1.7484,1.7978,1.8614,1.8134,3.0232,-6.3476,-3.5519,52.414,-8.4835,6.8127,12.035
8.72,-0.31469,-2.3902,1.5777,-0.23334,-0.31492,0,0.91999,-0.23711,3.1024,0.47775,0.31047,-0.010031,-0.10882,-6.9326,5.1367,-1.5184,0,0,0,1.7372,1.7874,1.8514,1.8025,3.5468,-6.4315,-3.4827,52.294,-8.286,7.023,11.964
8.73,-0.31741,-2.3589,1.5824,-0.23173,-0.315,0,0.92036,-0.30625,3.1535,0.46239,0.3166,0.027959,-0.10132,-6.8946,5.072,-1.5529,0,0,0,1.7256,1.7767,1.8409,1.7912,4.0689,-6.5133,-3.4114,52.131,-8.0926,7.2288,11.89
8.74,-0.32082,-2.3271,1.5869,-0.23011,-0.3149,0,0.92081,-0.37498,3.2039,0.4467,0.32295,0.066676,-0.093782,-6.8513,5.0065,-1.5867,0,0,0,1.7135,1.7656,1.83,1.7794,4.5893,-6.5933,-3.3381,51.924,-7.9036,7.4298,11.814
8.75,-0.32491,-2.2949,1.5913,-0.22847,-0.31461,0,0.92132,-0.44325,3.2536,0.43066,0.32955,0.10616,-0.086207,-6.8028,4.9402,-1.6197,0,0,0,1.701,1.7541,1.8188,1.7671,5.1073,-6.6714,-3.2628,51.673,-7.7191,7.6258,11.735
8.76,-0.32968,-2.2621,1.5955,-0.2268,-0.31412,0,0.9219,-0.51102,3.3027,0.4143,0.33641,0.14645,-0.078597,-6.7491,4.8731,-1.6519,0,0,0,1.6881,1.7423,1.8071,1.7545,5.6226,-6.7477,-3.1856,51.377,-7.5394,7.8168,11.653
8.77,-0.33513,-2.2288,1.5996,-0.22512,-0.31343,0,0.92254,-0.57822,3.3511,0.39763,0.34357,0.18758,-0.070956,-6.6903,4.8052,-1.6834,0,0,0,1.6747,1.7301,1.7951,1.7414,6.1347,-6.8222,-3.1065,51.034,-7.3647,8.0026,11.569
8.78,-0.34124,-2.1951,1.6035,-0.22341,-0.31255,0,0.92326,-0.64481,3.3988,0.38064,0.35106,0.2296,-0.063286,-6.6265,4.7366,-1.714,0,0,0,1.661,1.7176,1.7827,1.7279,6.6431,-6.895,-3.0256,50.646,-7.195,8.1831,11.482
8.79,-0.34802,-2.1608,1.6072,-0.22168,-0.31145,0,0.92404,-0.71073,3.4458,0.36335,0.35891,0.27254,-0.055589,-6.5575,4.6673,-1.7439,0,0,0,1.6469,1.7047,1.77,1.714,7.1474,-6.9662,-2.9429,50.212,-7.0302,8.3581,11.393
8.8,-0.35546,-2.1261,1.6108,-0.21992,-0.31015,0,0.9249,-0.77594,3.4921,0.34576,0.36714,0.31646,-0.047869,-6.4835,4.5973,-1.7729,0,0,0,1.6325,1.6916,1.7569,1.6997,7.6472,-7.0357,-2.8584,49.733,-6.8703,8.5279,11.301
8.81,-0.36354,-2.091,1.6141,-0.21813,-0.30863,0,0.92583,-0.84039,3.5377,0.32789,0.3758,0.36139,-0.040127,-6.4046,4.5266,-1.801,0,0,0,1.6177,1.6781,1.7435,1.685,8.1419,-7.1036,-2.7723,49.211,-6.7151,8.6922,11.207
8.82,-0.37226,-2.0554,1.6173,-0.21631,-0.30689,0,0.92684,-0.90402,3.5826,0.30975,0.38489,0.40737,-0.032366,-6.3207,4.4552,-1.8283,0,0,0,1.6025,1.6644,1.7297,1.6699,8.6313,-7.17,-2.6846,48.647,-6.5645,8.8512,11.111
8.83,-0.38162,-2.0193,1.6203,-0.21446,-0.30492,0,0.92792,-0.96678,3.6268,0.29133,0.39447,0.45446,-0.02459,-6.232,4.3832,-1.8547,0,0,0,1.587,1.6504,1.7157,1.6545,9.1147,-7.2349,-2.5953,48.041,-6.4183,9.0049,11.013
8.84,-0.39159,-1.9829,1.6231,-0.21258,-0.30272,0,0.92907,-1.0286,3.6703,0.27266,0.40456,0.5027,-0.0168,-6.1384,4.3105,-1.8802,0,0,0,1.5713,1.6362,1.7014,1.6388,9.5919,-7.2984,-2.5045,47.395,-6.2764,9.1532,10.913
8.85,-0.40218,-1.9459,1.6258,-0.21065,-0.30028,0,0.9303,-1.0895,3.7131,0.25373,0.4152,0.55211,-0.009,-6.0401,4.2372,-1.9048,0,0,0,1.5552,1.6217,1.6869,1.6228,10.062,-7.3604,-2.4123,46.709,-6.1387,9.2962,10.811
8.86,-0.41338,-1.9086,1.6282,-0.20869,-0.2976,0,0.9316,-1.1494,3.7551,0.23456,0.42641,0.60276,-0.0011933,-5.9372,4.1633,-1.9285,0,0,0,1.5389,1.6071,1.672,1.6065,10.526,-7.4211,-2.3186,45.984,-6.005,9.4338,10.707
8.87,-0.42517,-1.8708,1.6305,-0.20668,-0.29467,0,0.93298,-1.2083,3.7963,0.21516,0.43823,0.65467,0.0066168,-5.8296,4.0888,-1.9512,0,0,0,1.5223,1.5922,1.657,1.5899,10.982,-7.4805,-2.2236,45.223,-5.8752,9.566,10.602
8.88,-0.43754,-1.8327,1.6325,-0.20462,-0.29148,0,0.93444,-1.266,3.8368,0.19554,0.45069,0.70789,0.014426,-5.7176,4.0137,-1.9729,0,0,0,1.5056,1.5772,1.6418,1.573,11.43,-7.5387,-2.1273,44.425,-5.7491,9.6929,10.496
8.89,-0.45049,-1.7941,1.6344,-0.20251,-0.28802,0,0.93597,-1.3226,3.8766,0.17571,0.46382,0.76243,0.02223,-5.6011,3.9381,-1.9937,0,0,0,1.4887,1.5621,1.6263,1.556,11.87,-7.5955,-2.0298,43.591,-5.6266,9.8145,10.389
8.9,-0.46399,-1.7551,1.636,-0.20034,-0.28429,0,0.93757,-1.378,3.9156,0.15567,0.47765,0.81833,0.030024,-5.4802,3.8618,-2.0135,0,0,0,1.4716,1.5469,1.6107,1.5387,12.302,-7.6512,-1.9311,42.723,-5.5076,9.9307,10.28
8.91,-0.47804,-1.7158,1.6375,-0.19811,-0.28029,0,0.93925,-1.4322,3.9538,0.13544,0.49222,0.87561,0.037802,-5.3551,3.785,-2.0323,0,0,0,1.4545,1.5316,1.595,1.5213,12.725,-7.7057,-1.8312,41.821,-5.392,10.042,10.171
8.92,-0.49263,-1.6761,1.6387,-0.19582,-0.27599,0,0.941,-1.4851,3.9913,0.11503,0.50754,0.93427,0.045558,-5.2257,3.7077,-2.0502,0,0,0,1.4373,1.5162,1.5791,1.5038,13.138,-7.7591,-1.7302,40.887,-5.2796,10.147,10.061
8.93,-0.50774,-1.636,1.6398,-0.19346,-0.2714,0,0.94282,-1.5367,4.028,0.09444,0.52365,0.99431,0.053286,-5.0923,3.6299,-2.0669,0,0,0,1.4201,1.5008,1.5631,1.4862,13.542,-7.8113,-1.6283,39.921,-5.1702,10.247,9.9504
8.94,-0.52336,-1.5955,1.6406,-0.19103,-0.26651,0,0.94471,-1.5869,4.0639,0.073691,0.54056,1.0557,0.060976,-4.9549,3.5515,-2.0827,0,0,0,1.4029,1.4855,1.5471,1.4685,13.937,-7.8625,-1.5253,38.925,-5.0638,10.342,9.8399
8.95,-0.53947,-1.5547,1.6413,-0.18851,-0.26131,0,0.94667,-1.6358,4.099,0.05279,0.5583,1.1185,0.06862,-4.8136,3.4726,-2.0974,0,0,0,1.3858,1.4701,1.5309,1.4508,14.321,-7.9126,-1.4214,37.899,-4.9602,10.432,9.7294
8.96,-0.55607,-1.5135,1.6417,-0.18592,-0.25579,0,0.94869,-1.6832,4.1333,0.031746,0.57688,1.1826,0.076209,-4.6685,3.3932,-2.1111,0,0,0,1.3688,1.4548,1.5148,1.4332,14.695,-7.9617,-1.3167,36.845,-4.8593,10.516,9.6192
8.97,-0.57313,-1.472,1.6419,-0.18323,-0.24995,0,0.95076,-1.7291,4.1669,0.01057,0.59631,1.2479,0.083731,-4.5198,3.3134,-2.1238,0,0,0,1.352,1.4397,1.4986,1.4156,15.058,-8.0098,-1.2111,35.764,-4.7608,10.595,9.5096
8.98,-0.59065,-1.4302,1.6419,-0.18046,-0.24377,0,0.9529,-1.7736,4.1996,-0.010726,0.61659,1.3144,0.091174,-4.3674,3.2331,-2.1354,0,0,0,1.3354,1.4246,1.4824,1.3981,15.41,-8.0569,-1.1048,34.655,-4.6648,10.668,9.4008
8.99,-0.6086,-1.388,1.6417,-0.17758,-0.23726,0,0.95508,-1.8165,4.2315,-0.032133,0.63772,1.3819,0.098526,-4.2116,3.1523,-2.1459,0,0,0,1.3192,1.4097,1.4662,1.3808,15.751,-8.1031,-0.99779,33.522,-4.5711,10.737,9.2931
9,-0.62697,-1.3456,1.6412,-0.1746,-0.2304,0,0.9573,-1.8578,4.2626,-0.05364,0.65968,1.4504,0.10577,-4.0524,3.071,-2.1553,0,0,0,1.3033,1.395,1.45,1.3637,16.08,-8.1483,-0.8901,32.363,-4.4794,10.799,9.1867
9.01,-0.64575,-1.3028,1.6406,-0.17151,-0.22319,0,0.95957,-1.8975,4.2929,-0.075236,0.68245,1.5197,0.11289,-3.89,2.9893,-2.1637,0,0,0,1.2879,1.3805,1.4339,1.3469,16.398,-8.1927,-0.78182,31.182,-4.3898,10.857,9.082
9.02,-0.66492,-1.2597,1.6397,-0.1683,-0.21562,0,0.96186,-1.9356,4.3224,-0.09691,0.706,1.5896,0.11988,-3.7245,2.9071,-2.1709,0,0,0,1.273,1.3662,1.4179,1.3304,16.704,-8.2361,-0.67298,29.977,-4.302,10.909,8.9792
9.03,-0.68446,-1.2163,1.6387,-0.16497,-0.20769,0,0.96418,-1.972,4.3511,-0.11865,0.73028,1.6599,0.1267,-3.556,2.8246,-2.1771,0,0,0,1.2587,1.3523,1.402,1.3144,16.997,-8.2787,-0.56365,28.751,-4.2159,10.956,8.8788
9.04,-0.70435,-1.1727,1.6374,-0.16152,-0.19941,0,0.96651,-2.0067,4.3789,-0.14045,0.75523,1.7303,0.13335,-3.3846,2.7416,-2.1822,0,0,0,1.245,1.3386,1.3861,1.2987,17.279,-8.3205,-0.45388,27.505,-4.1314,10.998,8.7808
9.05,-0.72458,-1.1288,1.6359,-0.15794,-0.19075,0,0.96885,-2.0397,4.4059,-0.16229,0.78078,1.8006,0.1398,-3.2105,2.6582,-2.1862,0,0,0,1.2321,1.3253,1.3705,1.2837,17.547,-8.3614,-0.34371,26.239,-4.0483,11.034,8.6858
9.06,-0.74514,-1.0846,1.6341,-0.15422,-0.18174,0,0.97118,-2.0709,4.4321,-0.18417,0.80683,1.8704,0.14602,-3.0337,2.5743,-2.1891,0,0,0,1.22,1.3123,1.3549,1.2692,17.803,-8.4014,-0.23321,24.955,-3.9666,11.065,8.594
9.07,-0.766,-1.0401,1.6322,-0.15037,-0.17237,0,0.97349,-2.1003,4.4574,-0.20607,0.83328,1.9393,0.15201,-2.8545,2.4901,-2.1909,0,0,0,1.2088,1.2997,1.3396,1.2553,18.046,-8.4407,-0.12243,23.653,-3.886,11.091,8.5058
9.08,-0.78714,-0.99544,1.63,-0.14637,-0.16263,0,0.97577,-2.128,4.4819,-0.22798,0.86001,2.0071,0.15773,-2.6728,2.4055,-2.1915,0,0,0,1.1986,1.2875,1.3245,1.2423,18.276,-8.4792,-0.011417,22.334,-3.8066,11.111,8.4214
9.09,-0.80855,-0.9505,1.6276,-0.14223,-0.15255,0,0.97801,-2.1538,4.5055,-0.2499,0.88686,2.0731,0.16316,-2.489,2.3206,-2.1911,0,0,0,1.1894,1.2758,1.3096,1.23,18.493,-8.5168,0.099773,21,-3.7281,11.126,8.3412
9.1,-0.83021,-0.90533,1.625,-0.13794,-0.14213,0,0.98019,-2.1778,4.5283,-0.2718,0.91369,2.1371,0.16827,-2.303,2.2352,-2.1895,0,0,0,1.1813,1.2645,1.295,1.2186,18.696,-8.5537,0.21109,19.652,-3.6506,11.136,8.2656
9.11,-0.8521,-0.85994,1.6222,-0.13351,-0.13138,0,0.9823,-2.1998,4.5502,-0.29368,0.94031,2.1985,0.17305,-2.1151,2.1495,-2.1869,0,0,0,1.1743,1.2537,1.2807,1.2081,18.886,-8.5898,0.32248,18.29,-3.574,11.141,8.1948
9.12,-0.8742,-0.81433,1.6191,-0.12894,-0.12031,0,0.98433,-2.22,4.5713,-0.31554,0.96655,2.2568,0.17747,-1.9253,2.0634,-2.1831,0,0,0,1.1686,1.2435,1.2668,1.1986,19.062,-8.6252,0.43389,16.916,-3.4982,11.14,8.1291
9.13,-0.89649,-0.76851,1.6159,-0.12421,-0.10894,0,0.98626,-2.2383,4.5915,-0.33734,0.99219,2.3114,0.18152,-1.7339,1.977,-2.1782,0,0,0,1.1641,1.2338,1.2533,1.1902,19.224,-8.6598,0.54527,15.53,-3.4231,11.135,8.0689
9.14,-0.91896,-0.7225,1.6124,-0.11935,-0.097293,0,0.98807,-2.2547,4.6108,-0.3591,1.017,2.362,0.18516,-1.5409,1.8902,-2.1722,0,0,0,1.1609,1.2247,1.2403,1.1829,19.373,-8.6937,0.65657,14.134,-3.3486,11.125,8.0145
9.15,-0.94158,-0.6763,1.6087,-0.11435,-0.085389,0,0.98976,-2.2692,4.6293,-0.38078,1.0409,2.408,0.18839,-1.3465,1.8031,-2.1651,0,0,0,1.1589,1.2162,1.2278,1.1767,19.507,-8.7268,0.76774,12.729,-3.2748,11.109,7.966
9.16,-0.96434,-0.62992,1.6048,-0.10921,-0.073254,0,0.99132,-2.2816,4.6469,-0.40239,1.0634,2.4488,0.19119,-1.1508,1.7157,-2.1568,0,0,0,1.1583,1.2084,1.2159,1.1718,19.627,-8.7592,0.87874,11.316,-3.2014,11.089,7.9238
9.17,-0.98721,-0.58336,1.6006,-0.10395,-0.060915,0,0.99272,-2.2922,4.6636,-0.42392,1.0846,2.4841,0.19356,-0.954,1.6279,-2.1475,0,0,0,1.1589,1.2013,1.2047,1.168,19.733,-8.7908,0.9895,9.8956,-3.1284,11.063,7.8881
9.18,-1.0102,-0.53665,1.5963,-0.098564,-0.048403,0,0.99395,-2.3007,4.6794,-0.44534,1.104,2.5135,0.19548,-0.7562,1.5399,-2.137,0,0,0,1.1608,1.1949,1.1943,1.1655,19.825,-8.8217,1.1,8.4691,-3.0558,11.033,7.8591
9.19,-1.0332,-0.48978,1.5917,-0.09307,-0.03575,0,0.99502,-2.3073,4.6944,-0.46665,1.1217,2.5366,0.19696,-0.55755,1.4515,-2.1255,0,0,0,1.1639,1.1893,1.1848,1.1642,19.903,-8.8519,1.2101,7.0375,-2.9835,10.998,7.8369
9.2,-1.0563,-0.44276,1.587,-0.087477,-0.022992,0,0.9959,-2.3119,4.7085,-0.48785,1.1372,2.5531,0.198,-0.3582,1.3628,-2.1128,0,0,0,1.1681,1.1845,1.1762,1.1642,19.966,-8.8814,1.3199,5.6019,-2.9114,10.958,7.8217
9.21,-1.0794,-0.39561,1.582,-0.081794,-0.010163,0,0.9966,-2.3145,4.7216,-0.50891,1.1506,2.5628,0.1986,-0.15828,1.2739,-2.0991,0,0,0,1.1735,1.1806,1.1686,1.1654,20.015,-8.9102,1.4293,4.1632,-2.8394,10.913,7.8137
9.22,-1.1026,-0.34833,1.5768,-0.076034,0.0026987,0,0.9971,-2.315,4.7339,-0.52982,1.1617,2.5656,0.19878,0.042047,1.1846,-2.0843,0,0,0,1.1799,1.1777,1.1622,1.1678,20.049,-8.9382,1.5382,2.7227,-2.7674,10.864,7.8128
9.23,-1.1257,-0.30094,1.5714,-0.07021,0.015557,0,0.99741,-2.3136,4.7453,-0.55059,1.1704,2.5614,0.19856,0.24265,1.0951,-2.0683,0,0,0,1.1873,1.1757,1.157,1.1714,20.069,-8.9655,1.6466,1.2812,-2.6955,10.81,7.8191
9.24,-1.1489,-0.25343,1.5658,-0.064334,0.028373,0,0.99752,-2.3102,4.7558,-0.57119,1.1766,2.5503,0.19795,0.44338,1.0053,-2.0513,0,0,0,1.1956,1.1747,1.1531,1.1762,20.075,-8.9921,1.7544,-0.16019,-2.6234,10.751,7.8327
9.25,-1.1719,-0.20582,1.56,-0.058421,0.041112,0,0.99745,-2.3047,4.7654,-0.59161,1.1803,2.5325,0.19698,0.64409,0.91527,-2.0333,0,0,0,1.2046,1.1748,1.1506,1.1821,20.066,-9.018,1.8616,-1.6004,-2.5512,10.688,7.8535
9.26,-1.1949,-0.15812,1.5539,-0.052484,0.053737,0,0.99717,-2.2973,4.7741,-0.61185,1.1816,2.508,0.19568,0.84465,0.82497,-2.0141,0,0,0,1.2145,1.176,1.1494,1.189,20.043,-9.0431,1.9681,-3.0384,-2.4787,10.62,7.8814
9.27,-1.2179,-0.11034,1.5477,-0.046538,0.066213,0,0.99672,-2.2879,4.7819,-0.63189,1.1803,2.4774,0.19408,1.0449,0.73441,-1.9939,0,0,0,1.2249,1.1783,1.1497,1.1969,20.005,-9.0675,2.074,-4.4732,-2.4059,10.548,7.9164
9.28,-1.2407,-0.062488,1.5413,-0.040596,0.078509,0,0.99609,-2.2764,4.7888,-0.65172,1.1767,2.4408,0.19222,1.2447,0.64362,-1.9726,0,0,0,1.236,1.1816,1.1515,1.2058,19.953,-9.0912,2.179,-5.9037,-2.3327,10.471,7.9583
9.29,-1.2634,-0.014569,1.5347,-0.03467,0.090593,0,0.99528,-2.263,4.7948,-0.67134,1.1708,2.3987,0.19013,1.4439,0.55259,-1.9503,0,0,0,1.2476,1.1862,1.1547,1.2157,19.887,-9.1142,2.2834,-7.3288,-2.259,10.389,8.007
9.3,-1.286,0.033405,1.5279,-0.028775,0.10244,0,0.99432,-2.2475,4.7999,-0.69073,1.1628,2.3515,0.18785,1.6424,0.46134,-1.927,0,0,0,1.2597,1.1918,1.1595,1.2263,19.807,-9.1364,2.3868,-8.7476,-2.1848,10.304,8.0622
9.31,-1.3083,0.081425,1.5209,-0.02292,0.11402,0,0.99321,-2.2301,4.804,-0.70987,1.1527,2.2999,0.18541,1.84,0.36987,-1.9026,0,0,0,1.2723,1.1986,1.1656,1.2378,19.712,-9.1579,2.4894,-10.159,-2.1099,10.213,8.1238
9.32,-1.3305,0.12948,1.5137,-0.017117,0.12532,0,0.99197,-2.2107,4.8073,-0.72877,1.1409,2.2441,0.18285,2.0366,0.27818,-1.8772,0,0,0,1.2852,1.2064,1.1733,1.2501,19.604,-9.1786,2.5911,-11.562,-2.0344,10.119,8.1915
9.33,-1.3526,0.17757,1.5063,-0.011377,0.13631,0,0.9906,-2.1894,4.8096,-0.74741,1.1273,2.1849,0.18021,2.232,0.1863,-1.8508,0,0,0,1.2985,1.2153,1.1822,1.263,19.481,-9.1986,2.6918,-12.955,-1.9581,10.02,8.2651
9.34,-1.3743,0.22567,1.4987,-0.0057075,0.14698,0,0.98912,-2.1661,4.811,-0.76579,1.1123,2.1227,0.17752,2.4262,0.094214,-1.8233,0,0,0,1.3121,1.2253,1.1926,1.2767,19.344,-9.2178,2.7915,-14.338,-1.8809,9.9171,8.3443
9.35,-1.3959,0.27378,1.491,-0.00011673,0.15731,0,0.98755,-2.1409,4.8115,-0.78388,1.0959,2.058,0.17482,2.6189,0.0019432,-1.7949,0,0,0,1.326,1.2362,1.2041,1.2909,19.194,-9.2362,2.8901,-15.71,-1.8029,9.8098,8.4288
9.36,-1.4171,0.3219,1.4831,0.0053885,0.1673,0,0.98589,-2.1137,4.811,-0.80168,1.0785,1.9913,0.17213,2.81,-0.090508,-1.7655,0,0,0,1.3402,1.2481,1.2169,1.3058,19.03,-9.2538,2.9876,-17.069,-1.7238,9.6984,8.5184
9.37,-1.4381,0.37,1.475,0.010803,0.17693,0,0.98416,-2.0847,4.8097,-0.81919,1.0602,1.9231,0.16949,2.9994,-0.18313,-1.7352,0,0,0,1.3548,1.2609,1.2308,1.3212,18.853,-9.2707,3.0841,-18.414,-1.6436,9.5829,8.6127
9.38,-1.4588,0.41809,1.4667,0.016121,0.1862,0,0.98238,-2.0537,4.8074,-0.83638,1.0411,1.8538,0.16691,3.187,-0.27592,-1.7039,0,0,0,1.3695,1.2745,1.2457,1.337,18.662,-9.2867,3.1793,-19.744,-1.5622,9.4632,8.7113
9.39,-1.4792,0.46615,1.4582,0.02134,0.19511,0,0.98055,-2.0209,4.8042,-0.85326,1.0214,1.7838,0.16442,3.3726,-0.36886,-1.6716,0,0,0,1.3846,1.2889,1.2615,1.3534,18.458,-9.3019,3.2733,-21.059,-1.4794,9.3395,8.8141
9.4,-1.4992,0.51417,1.4496,0.026456,0.20366,0,0.97868,-1.9863,4.8,-0.86981,1.0013,1.7135,0.16205,3.5561,-0.46195,-1.6384,0,0,0,1.3999,1.3041,1.2783,1.3702,18.241,-9.3163,3.3661,-22.357,-1.3951,9.2117,8.9207
9.41,-1.5189,0.56214,1.4408,0.031469,0.21184,0,0.9768,-1.9498,4.7949,-0.88602,0.98094,1.6432,0.1598,3.7374,-0.55518,-1.6043,0,0,0,1.4155,1.3199,1.2957,1.3874,18.011,-9.3298,3.4575,-23.637,-1.3091,9.08,9.0307
9.42,-1.5382,0.61006,1.4319,0.036376,0.21966,0,0.9749,-1.9116,4.7889,-0.90189,0.96043,1.5732,0.1577,3.9163,-0.64855,-1.5693,0,0,0,1.4313,1.3362,1.3139,1.4049,17.768,-9.3425,3.5477,-24.898,-1.2214,8.9443,9.144
9.43,-1.5571,0.65792,1.4228,0.041178,0.22712,0,0.973,-1.8715,4.7819,-0.91741,0.9399,1.5037,0.15576,4.0927,-0.74203,-1.5333,0,0,0,1.4473,1.3532,1.3327,1.4228,17.513,-9.3542,3.6364,-26.139,-1.1318,8.8047,9.26
9.44,-1.5757,0.7057,1.4135,0.045875,0.23423,0,0.9711,-1.8297,4.7741,-0.93256,0.91946,1.435,0.15399,4.2665,-0.83563,-1.4965,0,0,0,1.4635,1.3706,1.3521,1.4409,17.246,-9.3651,3.7237,-27.359,-1.0401,8.6612,9.3786
9.45,-1.5937,0.7534,1.4041,0.050468,0.24099,0,0.96921,-1.7862,4.7652,-0.94733,0.89919,1.3672,0.15239,4.4376,-0.92933,-1.4589,0,0,0,1.48,1.3885,1.3719,1.4593,16.966,-9.375,3.8096,-28.557,-0.94629,8.5138,9.4995
9.46,-1.6114,0.801,1.3946,0.054958,0.24741,0,0.96735,-1.741,4.7555,-0.96173,0.87919,1.3005,0.15097,4.6058,-1.0231,-1.4203,0,0,0,1.4966,1.4067,1.3921,1.478,16.674,-9.384,3.894,-29.732,-0.8502,8.3627,9.6223
9.47,-1.6285,0.8485,1.3849,0.059347,0.25349,0,0.96552,-1.6941,4.7448,-0.97574,0.85951,1.2351,0.14974,4.771,-1.117,-1.381,0,0,0,1.5134,1.4253,1.4126,1.4968,16.371,-9.392,3.9768,-30.883,-0.75168,8.2077,9.7469
9.48,-1.6452,0.89589,1.3751,0.063637,0.25924,0,0.96371,-1.6456,4.7331,-0.98935,0.84022,1.171,0.1487,4.9332,-1.211,-1.3408,0,0,0,1.5304,1.4441,1.4334,1.5158,16.057,-9.399,4.0581,-32.009,-0.65062,8.0491,9.8728
9.49,-1.6615,0.94316,1.3651,0.067831,0.26468,0,0.96195,-1.5954,4.7206,-1.0026,0.82137,1.1082,0.14785,5.0921,-1.305,-1.2998,0,0,0,1.5475,1.4631,1.4544,1.5349,15.731,-9.405,4.1378,-33.108,-0.54687,7.8867,9.9999
9.5,-1.6772,0.9903,1.355,0.071931,0.26981,0,0.96022,-1.5437,4.707,-1.0153,0.803,1.047,0.1472,5.2478,-1.3991,-1.2581,0,0,0,1.5647,1.4823,1.4755,1.5542,15.395,-9.41,4.2159,-34.18,-0.44032,7.7207,10.128
9.51,-1.6923,1.0373,1.3448,0.07594,0.27463,0,0.95855,-1.4905,4.6926,-1.0277,0.78513,0.98722,0.14674,5.4,-1.4932,-1.2155,0,0,0,1.582,1.5017,1.4968,1.5735,15.048,-9.4138,4.2922,-35.223,-0.33082,7.551,10.257
9.52,-1.707,1.0842,1.3345,0.079861,0.27916,0,0.95692,-1.4357,4.6772,-1.0397,0.7678,0.92896,0.14646,5.5487,-1.5873,-1.1722,0,0,0,1.5993,1.5211,1.5181,1.5928,14.69,-9.4166,4.3669,-36.237,-0.21826,7.3778,10.386
9.53,-1.721,1.1308,1.324,0.083697,0.28341,0,0.95534,-1.3795,4.6608,-1.0512,0.75101,0.87223,0.14638,5.6938,-1.6815,-1.1282,0,0,0,1.6168,1.5406,1.5394,1.6121,14.323,-9.4182,4.4398,-37.221,-0.10249,7.201,10.515
9.54,-1.7345,1.1774,1.3135,0.087451,0.28738,0,0.95382,-1.3219,4.6435,-1.0622,0.73478,0.81702,0.14647,5.8351,-1.7757,-1.0834,0,0,0,1.6342,1.5601,1.5607,1.6314,13.946,-9.4186,4.5109,-38.173,0.016608,7.0207,10.644
9.55,-1.7475,1.2237,1.3028,0.091127,0.29107,0,0.95235,-1.2628,4.6253,-1.0728,0.71912,0.76331,0.14675,5.9727,-1.8699,-1.038,0,0,0,1.6516,1.5796,1.5819,1.6507,13.56,-9.4178,4.5802,-39.092,0.13917,6.8369,10.773
9.56,-1.7598,1.2699,1.292,0.094728,0.29451,0,0.95094,-1.2024,4.6061,-1.083,0.70402,0.7111,0.14721,6.1063,-1.964,-0.99184,0,0,0,1.6691,1.599,1.603,1.6699,13.164,-9.4158,4.6476,-39.978,0.26532,6.6497,10.902
9.57,-1.7715,1.3158,1.2811,0.098257,0.2977,0,0.94959,-1.1407,4.586,-1.0927,0.68949,0.66033,0.14783,6.2359,-2.0582,-0.94504,0,0,0,1.6864,1.6184,1.6239,1.689,12.76,-9.4125,4.7131,-40.829,0.39519,6.459,11.03
9.58,-1.7826,1.3616,1.2702,0.10172,0.30064,0,0.9483,-1.0777,4.565,-1.1019,0.67551,0.611,0.14862,6.3615,-2.1523,-0.89759,0,0,0,1.7038,1.6376,1.6447,1.708,12.348,-9.4079,4.7768,-41.644,0.52892,6.265,11.157
9.59,-1.7931,1.4071,1.2591,0.10511,0.30335,0,0.94707,-1.0135,4.543,-1.1106,0.66209,0.56305,0.14958,6.4829,-2.2463,-0.84951,0,0,0,1.721,1.6567,1.6653,1.7268,11.928,-9.4019,4.8384,-42.423,0.66662,6.0677,11.283
9.6,-1.8029,1.4524,1.2479,0.10844,0.30582,0,0.94589,-0.94809,4.5201,-1.1189,0.6492,0.51646,0.15068,6.6,-2.3403,-0.80082,0,0,0,1.7381,1.6756,1.6856,1.7455,11.5,-9.3945,4.8981,-43.163,0.80844,5.867,11.408
9.61,-1.812,1.4975,1.2367,0.11171,0.30807,0,0.94478,-0.88152,4.4962,-1.1266,0.63683,0.47117,0.15194,6.7128,-2.4342,-0.75155,0,0,0,1.7551,1.6943,1.7057,1.7639,11.064,-9.3857,4.9558,-43.865,0.95451,5.6631,11.532
9.62,-1.8205,1.5424,1.2254,0.11493,0.3101,0,0.94373,-0.81384,4.4714,-1.1339,0.62497,0.42714,0.15334,6.8213,-2.528,-0.70171,0,0,0,1.7719,1.7128,1.7256,1.7822,10.622,-9.3754,5.0114,-44.526,1.1049,5.456,11.654
9.63,-1.8283,1.5869,1.214,0.11809,0.31193,0,0.94274,-0.74511,4.4456,-1.1407,0.61361,0.38434,0.15488,6.9253,-2.6217,-0.65133,0,0,0,1.7886,1.7311,1.7451,1.8002,10.174,-9.3636,5.0649,-45.147,1.2599,5.2457,11.775
9.64,-1.8354,1.6313,1.2026,0.1212,0.31355,0,0.94181,-0.67535,4.4189,-1.1469,0.60272,0.34271,0.15655,7.0247,-2.7153,-0.60042,0,0,0,1.8051,1.7492,1.7643,1.818,9.7197,-9.3502,5.1163,-45.726,1.4195,5.0322,11.894
9.65,-1.8418,1.6753,1.1911,0.12426,0.31497,0,0.94093,-0.60463,4.3913,-1.1527,0.59228,0.30221,0.15835,7.1196,-2.8087,-0.54901,0,0,0,1.8214,1.7669,1.7832,1.8355,9.2597,-9.3352,5.1655,-46.261,1.5838,4.8156,12.012
9.66,-1.8475,1.7191,1.1795,0.12727,0.31619,0,0.94012,-0.53298,4.3628,-1.1579,0.58228,0.2628,0.16026,7.2099,-2.902,-0.49712,0,0,0,1.8374,1.7844,1.8018,1.8527,8.7946,-9.3185,5.2126,-46.754,1.7528,4.596,12.127
9.67,-1.8525,1.7626,1.1679,0.13024,0.31723,0,0.93936,-0.46045,4.3333,-1.1626,0.5727,0.22444,0.16229,7.2955,-2.9951,-0.44477,0,0,0,1.8532,1.8016,1.82,1.8696,8.3248,-9.3001,5.2574,-47.204,1.9264,4.3735,12.241
9.68,-1.8567,1.8058,1.1563,0.13316,0.31809,0,0.93866,-0.38708,4.3029,-1.1668,0.56352,0.18707,0.16443,7.3764,-3.088,-0.39198,0,0,0,1.8688,1.8185,1.8379,1.8862,7.8507,-9.28,5.3,-47.612,2.1045,4.1481,12.352
9.69,-1.8602,1.8486,1.1446,0.13605,0.31877,0,0.93802,-0.31293,4.2715,-1.1704,0.55472,0.15067,0.16666,7.4525,-3.1807,-0.33878,0,0,0,1.8841,1.8351,1.8554,1.9025,7.3727,-9.258,5.3404,-47.979,2.2869,3.9199,12.462
9.7,-1.8629,1.8912,1.1329,0.1389,0.31928,0,0.93743,-0.23805,4.2392,-1.1736,0.54627,0.11518,0.16899,7.5238,-3.2731,-0.28518,0,0,0,1.8991,1.8513,1.8725,1.9185,6.8912,-9.2342,5.3784,-48.305,2.4736,3.689,12.569
9.71,-1.865,1.9334,1.1211,0.14171,0.31962,0,0.93689,-0.16247,4.2061,-1.1761,0.53817,0.080562,0.17141,7.5903,-3.3654,-0.23122,0,0,0,1.9139,1.8672,1.8892,1.9341,6.4067,-9.2085,5.4141,-48.592,2.6643,3.4556,12.674
9.72,-1.8662,1.9753,1.1094,0.14449,0.31979,0,0.93641,-0.086257,4.1719,-1.1782,0.53039,0.046783,0.17391,7.652,-3.4573,-0.17691,0,0,0,1.9283,1.8827,1.9055,1.9493,5.9195,-9.1809,5.4475,-48.838,2.859,3.2197,12.776
9.73,-1.8667,2.0168,1.0976,0.14723,0.31981,0,0.93597,-0.00945,4.1369,-1.1797,0.52291,0.013801,0.1765,7.7087,-3.549,-0.12227,0,0,0,1.9424,1.8979,1.9213,1.9642,5.4301,-9.1514,5.4785,-49.046,3.0575,2.9814,12.877
9.74,-1.8664,2.058,1.0858,0.14995,0.31966,0,0.93559,0.0679,4.101,-1.1806,0.51571,-0.01842,0.17916,7.7606,-3.6403,-0.067343,0,0,0,1.9563,1.9127,1.9368,1.9788,4.9387,-9.1198,5.5071,-49.215,3.2598,2.7408,12.974
9.75,-1.8653,2.0989,1.074,0.15263,0.31937,0,0.93526,0.14574,4.0641,-1.181,0.50879,-0.049917,0.18188,7.8075,-3.7314,-0.012138,0,0,0,1.9697,1.9271,1.9519,1.9929,4.4459,-9.0861,5.5333,-49.347,3.4657,2.4979,13.069
9.76,-1.8635,2.1393,1.0622,0.15529,0.31892,0,0.93497,0.22403,4.0263,-1.1809,0.50211,-0.080723,0.18468,7.8495,-3.822,0.043316,0,0,0,1.9829,1.9412,1.9665,2.0067,3.9519,-9.0504,5.5571,-49.441,3.675,2.253,13.162
9.77,-1.8608,2.1794,1.0504,0.15792,0.31833,0,0.93474,0.30272,3.9877,-1.1802,0.49566,-0.11087,0.18753,7.8865,-3.9124,0.098996,0,0,0,1.9957,1.9549,1.9807,2.0201,3.4572,-9.0126,5.5784,-49.499,3.8877,2.006,13.252
9.78,-1.8574,2.2191,1.0386,0.16052,0.31759,0,0.93454,0.38175,3.9481,-1.1789,0.48943,-0.14039,0.19044,7.9186,-4.0023,0.15488,0,0,0,2.0082,1.9681,1.9945,2.0331,2.9621,-8.9727,5.5972,-49.521,4.1037,1.7571,13.34
9.79,-1.8532,2.2583,1.0268,0.1631,0.31671,0,0.9344,0.46107,3.9076,-1.1771,0.4834,-0.16932,0.1934,7.9458,-4.0918,0.21093,0,0,0,2.0203,1.981,2.0079,2.0458,2.4669,-8.9306,5.6135,-49.507,4.3227,1.5063,13.425
9.8,-1.8482,2.2972,1.015,0.16565,0.31569,0,0.93429,0.54065,3.8663,-1.1747,0.47755,-0.19767,0.19641,7.968,-4.1809,0.26714,0,0,0,2.0321,1.9935,2.0208,2.058,1.972,-8.8862,5.6273,-49.458,4.5447,1.2537,13.507
9.81,-1.8424,2.3357,1.0033,0.16818,0.31454,0,0.93423,0.62042,3.824,-1.1717,0.47187,-0.22548,0.19946,7.9852,-4.2695,0.32347,0,0,0,2.0435,2.0056,2.0333,2.0698,1.4778,-8.8396,5.6386,-49.375,4.7696,0.99954,13.587
9.82,-1.8358,2.3737,0.99159,0.17068,0.31325,0,0.93421,0.70033,3.7809,-1.1682,0.46635,-0.25277,0.20255,7.9975,-4.3577,0.3799,0,0,0,2.0545,2.0174,2.0454,2.0813,0.98465,-8.7908,5.6473,-49.258,4.9973,0.74376,13.664
9.83,-1.8284,2.4113,0.97993,0.17317,0.31183,0,0.93422,0.78035,3.7368,-1.1641,0.46096,-0.27956,0.20568,8.0049,-4.4453,0.43641,0,0,0,2.0652,2.0287,2.0571,2.0923,0.49279,-8.7397,5.6535,-49.108,5.2275,0.4865,13.739
9.84,-1.8202,2.4484,0.96831,0.17563,0.31028,0,0.93428,0.86042,3.692,-1.1595,0.45569,-0.30588,0.20884,8.0074,-4.5325,0.49296,0,0,0,2.0756,2.0397,2.0684,2.103,0.0025982,-8.6863,5.657,-48.925,5.4602,0.22784,13.811
9.85,-1.8112,2.4851,0.95674,0.17807,0.30861,0,0.93437,0.94048,3.6462,-1.1543,0.45054,-0.33174,0.21203,8.005,-4.6191,0.54954,0,0,0,2.0856,2.0502,2.0792,2.1132,-0.48561,-8.6305,5.658,-48.711,5.6953,-0.032112,13.88
9.86,-1.8014,2.5213,0.94522,0.1805,0.30681,0,0.9345,1.0205,3.5996,-1.1485,0.44548,-0.35717,0.21524,7.9977,-4.7051,0.60611,0,0,0,2.0952,2.0604,2.0896,2.1231,-0.97151,-8.5723,5.6564,-48.465,5.9327,-0.29328,13.947
9.87,-1.7908,2.5571,0.93377,0.1829,0.30488,0,0.93466,1.1004,3.5521,-1.1421,0.4405,-0.38218,0.21848,7.9855,-4.7905,0.66266,0,0,0,2.1045,2.0702,2.0996,2.1326,-1.4548,-8.5118,5.6522,-48.188,6.1722,-0.55556,14.012
9.88,-1.7794,2.5924,0.92238,0.18528,0.30284,0,0.93486,1.1802,3.5038,-1.1352,0.4356,-0.40678,0.22173,7.9686,-4.8753,0.71915,0,0,0,2.1134,2.0797,2.1092,2.1417,-1.9352,-8.4489,5.6453,-47.88,6.4137,-0.81887,14.073
9.89,-1.7672,2.6272,0.91107,0.18764,0.30067,0,0.93509,1.2598,3.4546,-1.1278,0.43075,-0.431,0.22499,7.9468,-4.9595,0.77556,0,0,0,2.122,2.0887,2.1185,2.1504,-2.4123,-8.3835,5.6358,-47.543,6.657,-1.0831,14.133
9.9,-1.7542,2.6615,0.89983,0.18998,0.29838,0,0.93535,1.3391,3.4046,-1.1197,0.42595,-0.45484,0.22827,7.9203,-5.043,0.83185,0,0,0,2.1302,2.0974,2.1273,2.1587,-2.8859,-8.3157,5.6236,-47.177,6.9021,-1.3482,14.189
9.91,-1.7404,2.6953,0.88868,0.19231,0.29598,0,0.93563,1.4182,3.3537,-1.1111,0.42118,-0.47831,0.23155,7.8891,-5.1258,0.88802,0,0,0,2.1381,2.1058,2.1357,2.1667,-3.3558,-8.2455,5.6088,-46.783,7.1489,-1.614,14.244
9.92,-1.7258,2.7285,0.87761,0.19461,0.29346,0,0.93595,1.4969,3.3021,-1.102,0.41644,-0.50143,0.23483,7.8532,-5.2079,0.94402,0,0,0,2.1457,2.1138,2.1438,2.1743,-3.8215,-8.1728,5.5913,-46.36,7.3971,-1.8805,14.296
9.93,-1.7104,2.7613,0.86664,0.19689,0.29083,0,0.9363,1.5752,3.2496,-1.0922,0.4117,-0.5242,0.23812,7.8127,-5.2892,0.99984,0,0,0,2.1529,2.1214,2.1514,2.1815,-4.2829,-8.0975,5.5712,-45.91,7.6468,-2.1476,14.346
9.94,-1.6943,2.7935,0.85577,0.19916,0.28809,0,0.93666,1.6531,3.1963,-1.082,0.40697,-0.54663,0.2414,7.7676,-5.3698,1.0554,0,0,0,2.1598,2.1288,2.1588,2.1884,-4.7396,-8.0198,5.5484,-45.433,7.8977,-2.4152,14.393
9.95,-1.6774,2.8252,0.845,0.2014,0.28523,0,0.93706,1.7306,3.1422,-1.0711,0.40223,-0.56873,0.24467,7.7179,-5.4496,1.1108,0,0,0,2.1664,2.1358,2.1657,2.1949,-5.1914,-7.9396,5.5229,-44.93,8.1497,-2.6831,14.438
9.96,-1.6597,2.8564,0.83435,0.20362,0.28227,0,0.93748,1.8075,3.0873,-1.0597,0.39746,-0.5905,0.24793,7.6638,-5.5286,1.1659,0,0,0,2.1726,2.1425,2.1723,2.2011,-5.6381,-7.8568,5.4947,-44.401,8.4028,-2.9513,14.481
9.97,-1.6412,2.887,0.82381,0.20583,0.27919,0,0.93792,1.8838,3.0316,-1.0478,0.39267,-0.61194,0.25118,7.6052,-5.6067,1.2207,0,0,0,2.1786,2.1488,2.1786,2.2069,-6.0794,-7.7715,5.4639,-43.847,8.6567,-3.2198,14.522
9.98,-1.622,2.917,0.81339,0.20801,0.27601,0,0.93838,1.9596,2.9752,-1.0353,0.38784,-0.63307,0.25441,7.5422,-5.684,1.2752,0,0,0,2.1842,2.1549,2.1845,2.2124,-6.515,-7.6837,5.4303,-43.269,8.9115,-3.4883,14.56
9.99,-1.602,2.9465,0.8031,0.21017,0.27272,0,0.93886,2.0346,2.9179,-1.0223,0.38296,-0.65387,0.25762,7.4749,-5.7604,1.3293,0,0,0,2.1896,2.1607,2.1901,2.2176,-6.9447,-7.5933,5.3941,-42.667,9.1668,-3.7569,14.597
10,-1.5813,2.9754,0.79295,0.21231,0.26933,0,0.93935,2.109,2.86,-1.0087,0.37802,-0.67436,0.2608,7.4034,-5.8359,1.383,0,0,0,2.1947,2.1662,2.1954,2.2225,-7.3682,-7.5004,5.3552,-42.041,9.4227,-4.0254,14.631
10.01,-1.5599,3.0037,0.78293,0.21442,0.26584,0,0.93987,2.1827,2.8012,-0.99465,0.37301,-0.69452,0.26395,7.3276,-5.9104,1.4364,0,0,0,2.1995,2.1714,2.2004,2.227,-7.7854,-7.4048,5.3136,-41.392,9.679,-4.2937,14.664
10.02,-1.5377,3.0314,0.77306,0.21651,0.26224,0,0.9404,2.2556,2.7418,-0.98002,0.36793,-0.71437,0.26707,7.2477,-5.984,1.4893,0,0,0,2.2041,2.1763,2.2051,2.2313,-8.196,-7.3068,5.2693,-40.722,9.9356,-4.5618,14.695
10.03,-1.5148,3.0585,0.76333,0.21858,0.25854,0,0.94095,2.3276,2.6816,-0.96487,0.36277,-0.73389,0.27016,7.1637,-6.0565,1.5417,0,0,0,2.2084,2.181,2.2095,2.2353,-8.5998,-7.2061,5.2223,-40.029,10.192,-4.8296,14.724
10.04,-1.4911,3.085,0.75376,0.22063,0.25474,0,0.9415,2.3988,2.6206,-0.94919,0.35752,-0.75308,0.27321,7.0757,-6.1281,1.5937,0,0,0,2.2124,2.1855,2.2137,2.2389,-8.9965,-7.1029,5.1727,-39.316,10.449,-5.0969,14.751
10.05,-1.4668,3.1109,0.74435,0.22264,0.25085,0,0.94208,2.4691,2.559,-0.93299,0.35218,-0.77194,0.27621,6.9838,-6.1986,1.6452,0,0,0,2.2162,2.1897,2.2175,2.2423,-9.386,-6.9971,5.1204,-38.582,10.706,-5.3637,14.776
10.06,-1.4417,3.1362,0.7351,0.22464,0.24686,0,0.94266,2.5385,2.4967,-0.91629,0.34673,-0.79047,0.27917,6.888,-6.268,1.6961,0,0,0,2.2198,2.1937,2.2211,2.2455,-9.7681,-6.8888,5.0654,-37.828,10.962,-5.6298,14.8
10.07,-1.416,3.1608,0.72603,0.2266,0.24277,0,0.94325,2.6069,2.4336,-0.89907,0.34117,-0.80865,0.28208,6.7884,-6.3363,1.7465,0,0,0,2.2231,2.1975,2.2245,2.2484,-10.143,-6.7779,5.0078,-37.055,11.218,-5.8953,14.822
10.08,-1.3896,3.1849,0.71712,0.22854,0.23859,0,0.94385,2.6743,2.3699,-0.88136,0.3355,-0.82649,0.28493,6.6852,-6.4036,1.7963,0,0,0,2.2263,2.2011,2.2276,2.251,-10.509,-6.6644,4.9475,-36.264,11.474,-6.1599,14.843
10.09,-1.3625,3.2082,0.7084,0.23045,0.23432,0,0.94445,2.7406,2.3056,-0.86315,0.32971,-0.84396,0.28773,6.5783,-6.4696,1.8454,0,0,0,2.2292,2.2045,2.2306,2.2534,-10.868,-6.5484,4.8846,-35.454,11.729,-6.4237,14.863
10.1,-1.3348,3.231,0.69986,0.23233,0.22996,0,0.94506,2.8058,2.2406,-0.84445,0.32379,-0.86107,0.29046,6.4678,-6.5345,1.894,0,0,0,2.2319,2.2077,2.2332,2.2556,-11.218,-6.4299,4.8191,-34.626,11.983,-6.6864,14.881
10.11,-1.3064,3.2531,0.69151,0.23417,0.22551,0,0.94568,2.8699,2.1749,-0.82527,0.31774,-0.87781,0.29314,6.3539,-6.5982,1.9418,0,0,0,2.2345,2.2107,2.2357,2.2576,-11.56,-6.3088,4.7509,-33.782,12.237,-6.9481,14.897
10.12,-1.2774,3.2745,0.68336,0.23599,0.22097,0,0.9463,2.9329,2.1086,-0.80562,0.31156,-0.89416,0.29574,6.2367,-6.6607,1.989,0,0,0,2.2368,2.2136,2.238,2.2593,-11.894,-6.1851,4.6801,-32.921,12.489,-7.2087,14.913
10.13,-1.2478,3.2952,0.6754,0.23778,0.21635,0,0.94692,2.9946,2.0417,-0.78549,0.30525,-0.91012,0.29828,6.1161,-6.7219,2.0354,0,0,0,2.2391,2.2163,2.2402,2.2609,-12.219,-6.059,4.6067,-32.044,12.741,-7.4679,14.927
10.14,-1.2175,3.3153,0.66765,0.23953,0.21164,0,0.94754,3.0552,1.9742,-0.76491,0.29879,-0.92568,0.30074,5.9923,-6.7819,2.0811,0,0,0,2.2411,2.2189,2.2421,2.2622,-12.535,-5.9303,4.5308,-31.152,12.991,-7.7259,14.941
10.15,-1.1867,3.3347,0.66011,0.24124,0.20686,0,0.94816,3.1145,1.906,-0.74387,0.29219,-0.94082,0.30312,5.8654,-6.8405,2.126,0,0,0,2.243,2.2213,2.2439,2.2634,-12.842,-5.7992,4.4522,-30.245,13.24,-7.9824,14.953
10.16,-1.1552,3.3534,0.65277,0.24292,0.20199,0,0.94878,3.1725,1.8374,-0.72239,0.28545,-0.95554,0.30543,5.7355,-6.8978,2.1701,0,0,0,2.2448,2.2236,2.2455,2.2645,-13.139,-5.6655,4.3711,-29.324,13.488,-8.2373,14.964
10.17,-1.1232,3.3714,0.64566,0.24457,0.19705,0,0.9494,3.2292,1.7681,-0.70048,0.27855,-0.96983,0.30765,5.6027,-6.9538,2.2134,0,0,0,2.2464,2.2258,2.247,2.2653,-13.428,-5.5294,4.2875,-28.389,13.734,-8.4905,14.974
10.18,-1.0907,3.3888,0.63877,0.24617,0.19203,0,0.95001,3.2845,1.6983,-0.67813,0.27152,-0.98366,0.30978,5.467,-7.0084,2.2559,0,0,0,2.2479,2.2279,2.2483,2.266,-13.707,-5.3908,4.2013,-27.442,13.978,-8.7419,14.984
10.19,-1.0575,3.4054,0.6321,0.24774,0.18694,0,0.95062,3.3385,1.6279,-0.65536,0.26433,-0.99704,0.31182,5.3286,-7.0616,2.2974,0,0,0,2.2493,2.2299,2.2495,2.2666,-13.977,-5.2498,4.1126,-26.482,14.221,-8.9914,14.992
10.2,-1.0239,3.4213,0.62566,0.24927,0.18178,0,0.95122,3.3911,1.5571,-0.63218,0.257,-1.0099,0.31377,5.1875,-7.1134,2.3381,0,0,0,2.2506,2.2318,2.2506,2.267,-14.237,-5.1064,4.0215,-25.51,14.462,-9.2388,15
10.21,-0.98972,3.4366,0.61946,0.25076,0.17655,0,0.95181,3.4423,1.4857,-0.6086,0.24951,-1.0224,0.31563,5.0439,-7.1637,2.3779,0,0,0,2.2518,2.2337,2.2516,2.2673,-14.487,-4.9606,3.9279,-24.526,14.701,-9.484,15.007
10.22,-0.95505,3.451,0.61349,0.2522,0.17126,0,0.9524,3.492,1.4138,-0.58463,0.24188,-1.0343,0.31739,4.8978,-7.2126,2.4167,0,0,0,2.2529,2.2354,2.2525,2.2675,-14.727,-4.8124,3.8318,-23.532,14.938,-9.7268,15.014
10.23,-0.91988,3.4648,0.60776,0.2536,0.1659,0,0.95297,3.5402,1.3414,-0.56027,0.23411,-1.0457,0.31905,4.7494,-7.26,2.4545,0,0,0,2.2539,2.2371,2.2533,2.2676,-14.958,-4.6619,3.7333,-22.528,15.173,-9.9673,15.02
10.24,-0.88425,3.4779,0.60228,0.25496,0.16049,0,0.95354,3.5869,1.2686,-0.53554,0.22619,-1.0567,0.3206,4.5987,-7.3058,2.4913,0,0,0,2.2548,2.2387,2.2541,2.2676,-15.178,-4.509,3.6325,-21.514,15.406,-10.205,15.025
10.25,-0.84815,3.4902,0.59705,0.25628,0.15501,0,0.95409,3.6322,1.1953,-0.51045,0.21813,-1.0671,0.32206,4.4458,-7.3501,2.5271,0,0,0,2.2557,2.2403,2.2547,2.2675,-15.388,-4.3538,3.5293,-20.491,15.636,-10.44,15.03
10.26,-0.81161,3.5018,0.59208,0.25754,0.14948,0,0.95463,3.6759,1.1216,-0.485,0.20993,-1.0769,0.3234,4.2909,-7.3929,2.5619,0,0,0,2.2565,2.2418,2.2553,2.2674,-15.588,-4.1963,3.4237,-19.459,15.864,-10.673,15.035
10.27,-0.77464,3.5126,0.58736,0.25876,0.1439,0,0.95516,3.718,1.0475,-0.45921,0.2016,-1.0862,0.32464,4.1341,-7.4341,2.5956,0,0,0,2.2572,2.2433,2.2558,2.2671,-15.777,-4.0365,3.3158,-18.42,16.09,-10.902,15.039
10.28,-0.73725,3.5227,0.58289,0.25993,0.13827,0,0.95568,3.7585,0.97292,-0.43309,0.19313,-1.095,0.32577,3.9754,-7.4736,2.6282,0,0,0,2.2579,2.2447,2.2563,2.2668,-15.956,-3.8745,3.2057,-17.372,16.313,-11.128,15.043
10.29,-0.69947,3.5321,0.57869,0.26106,0.13259,0,0.95617,3.7975,0.89799,-0.40665,0.18453,-1.1032,0.32678,3.815,-7.5115,2.6597,0,0,0,2.2586,2.2461,2.2567,2.2664,-16.124,-3.7102,3.0933,-16.318,16.533,-11.351,15.046
10.3,-0.66131,3.5407,0.57476,0.26213,0.12687,0,0.95666,3.8348,0.82269,-0.3799,0.17581,-1.1108,0.32769,3.653,-7.5478,2.6901,0,0,0,2.2592,2.2474,2.257,2.266,-16.282,-3.5438,2.9786,-15.258,16.751,-11.571,15.049
10.31,-0.62278,3.5485,0.5711,0.26316,0.1211,0,0.95712,3.8705,0.74704,-0.35286,0.16697,-1.1179,0.32848,3.4894,-7.5824,2.7193,0,0,0,2.2597,2.2488,2.2573,2.2655,-16.43,-3.3752,2.8619,-14.192,16.966,-11.787,15.052
10.32,-0.5839,3.5556,0.56771,0.26413,0.1153,0,0.95757,3.9046,0.67105,-0.32552,0.15802,-1.1243,0.32915,3.3244,-7.6153,2.7473,0,0,0,2.2602,2.2501,2.2576,2.2649,-16.566,-3.2045,2.7429,-13.121,17.178,-12,15.055
10.33,-0.5447,3.562,0.56459,0.26505,0.10947,0,0.958,3.937,0.59474,-0.29791,0.14896,-1.1302,0.32971,3.1581,-7.6465,2.7741,0,0,0,2.2607,2.2513,2.2579,2.2644,-16.692,-3.0317,2.6219,-12.045,17.387,-12.209,15.057
10.34,-0.50517,3.5675,0.56175,0.26592,0.1036,0,0.95841,3.9678,0.51812,-0.27004,0.13979,-1.1355,0.33016,2.9906,-7.6759,2.7997,0,0,0,2.2611,2.2526,2.2581,2.2638,-16.807,-2.8568,2.4987,-10.965,17.592,-12.414,15.059
10.35,-0.46535,3.5723,0.55919,0.26673,0.09771,0,0.95881,3.9968,0.44123,-0.24192,0.13053,-1.1402,0.33049,2.822,-7.7036,2.8241,0,0,0,2.2616,2.2538,2.2583,2.2631,-16.911,-2.6798,2.3736,-9.8815,17.795,-12.615,15.061
10.36,-0.42524,3.5763,0.55691,0.26749,0.091791,0,0.95918,4.0242,0.36406,-0.21357,0.12118,-1.1443,0.3307,2.6524,-7.7295,2.8472,0,0,0,2.262,2.255,2.2585,2.2625,-17.005,-2.5009,2.2464,-8.795,17.994,-12.812,15.063
10.37,-0.38487,3.5796,0.55492,0.2682,0.08585,0,0.95953,4.0499,0.28664,-0.18498,0.11174,-1.1478,0.3308,2.482,-7.7536,2.869,0,0,0,2.2623,2.2562,2.2586,2.2618,-17.087,-2.32,2.1174,-7.7061,18.19,-13.005,15.065
10.38,-0.34425,3.5821,0.55321,0.26885,0.079892,0,0.95986,4.0738,0.20899,-0.15619,0.10222,-1.1506,0.33079,2.3107,-7.7759,2.8895,0,0,0,2.2627,2.2573,2.2588,2.2611,-17.159,-2.1371,1.9864,-6.6153,18.382,-13.194,15.066
10.39,-0.3034,3.5838,0.55179,0.26944,0.073918,0,0.96018,4.0961,0.13113,-0.1272,0.09263,-1.1529,0.33066,2.1388,-7.7964,2.9087,0,0,0,2.263,2.2585,2.2589,2.2603,-17.219,-1.9523,1.8535,-5.5233,18.57,-13.378,15.068
10.4,-0.26233,3.5847,0.55067,0.26998,0.067932,0,0.96047,4.1166,0.05307,-0.09802,0.082975,-1.1546,0.33042,1.9664,-7.815,2.9266,0,0,0,2.2633,2.2596,2.259,2.2596,-17.269,-1.7657,1.7188,-4.4305,18.755,-13.557,15.069
10.41,-0.22107,3.5848,0.54983,0.27046,0.061937,0,0.96074,4.1354,-0.025165,-0.06867,0.07326,-1.1557,0.33007,1.7935,-7.8317,2.9431,0,0,0,2.2635,2.2606,2.259,2.2588,-17.308,-1.5772,1.5824,-3.3376,18.936,-13.732,15.07
10.42,-0.17963,3.5842,0.5493,0.27089,0.055937,0,0.96098,4.1525,-0.10356,-0.039162,0.063493,-1.1562,0.32961,1.6203,-7.8465,2.9582,0,0,0,2.2637,2.2617,2.2591,2.2581,-17.336,-1.387,1.4442,-2.245,19.114,-13.902,15.071
10.43,-0.13803,3.5828,0.54905,0.27126,0.049934,0,0.96121,4.1678,-0.18209,-0.0095101,0.05368,-1.1561,0.32904,1.4468,-7.8594,2.972,0,0,0,2.2639,2.2627,2.2591,2.2573,-17.353,-1.195,1.3043,-1.1534,19.287,-14.067,15.072
10.44,-0.096278,3.5806,0.54911,0.27157,0.043933,0,0.96142,4.1814,-0.26074,0.020273,0.043827,-1.1554,0.32836,1.2732,-7.8704,2.9843,0,0,0,2.2641,2.2637,2.2591,2.2565,-17.359,-1.0013,1.1629,-0.06323,19.456,-14.227,15.072
10.45,-0.054403,3.5775,0.54946,0.27182,0.037936,0,0.9616,4.1933,-0.33949,0.050172,0.033941,-1.1541,0.32758,1.0997,-7.8794,2.9952,0,0,0,2.2642,2.2646,2.2591,2.2557,-17.354,-0.80588,1.0198,1.0248,19.621,-14.381,15.073
10.46,-0.012418,3.5738,0.55011,0.27202,0.031946,0,0.96176,4.2034,-0.41832,0.080173,0.024026,-1.1523,0.32669,0.92619,-7.8865,3.0047,0,0,0,2.2643,2.2654,2.259,2.2548,-17.339,-0.60887,0.87525,2.1103,19.781,-14.531,15.073
10.47,0.029659,3.5692,0.55106,0.27216,0.025966,0,0.9619,4.2118,-0.49721,0.11026,0.01409,-1.1498,0.32571,0.75293,-7.8916,3.0127,0,0,0,2.2643,2.2663,2.259,2.254,-17.312,-0.41027,0.72922,3.1926,19.938,-14.674,15.072
10.48,0.071812,3.5638,0.55231,0.27224,0.02,0,0.96202,4.2185,-0.57615,0.14042,0.0041376,-1.1469,0.32463,0.57999,-7.8947,3.0193,0,0,0,2.2643,2.267,2.2588,2.2531,-17.275,-0.21013,0.58178,4.2712,20.089,-14.812,15.072
10.49,0.11402,3.5577,0.55387,0.27226,0.01405,0,0.96212,4.2234,-0.6551,0.17064,-0.0058262,-1.1433,0.32346,0.40747,-7.8958,3.0244,0,0,0,2.2643,2.2677,2.2587,2.2522,-17.227,-0.0084998,0.43299,5.3454,20.237,-14.945,15.071
10.5,0.15627,3.5507,0.55573,0.27223,0.0081201,0,0.9622,4.2266,-0.73406,0.2009,-0.015796,-1.1393,0.32219,0.23549,-7.8949,3.0279,0,0,0,2.2641,2.2683,2.2585,2.2512,-17.168,0.19458,0.28291,6.4148,20.379,-15.071,15.07
10.51,0.19855,3.543,0.55789,0.27214,0.0022121,0,0.96226,4.2281,-0.81299,0.2312,-0.025768,-1.1347,0.32084,0.064151,-7.8919,3.03,0,0,0,2.2639,2.2688,2.2582,2.2502,-17.098,0.39907,0.13158,7.4788,20.517,-15.192,15.069
10.52,0.24083,3.5345,0.56035,0.27199,-0.0036707,0,0.96229,4.2279,-0.89189,0.2615,-0.035737,-1.1296,0.31941,-0.10644,-7.8869,3.0306,0,0,0,2.2637,2.2693,2.2579,2.2492,-17.018,0.6049,-0.020912,8.5369,20.65,-15.306,15.067
10.53,0.2831,3.5251,0.56312,0.27178,-0.0095256,0,0.96231,4.226,-0.97072,0.2918,-0.0457,-1.124,0.31789,-0.27618,-7.8798,3.0296,0,0,0,2.2633,2.2696,2.2575,2.2481,-16.928,0.81205,-0.17452,9.5884,20.778,-15.415,15.064
10.54,0.32535,3.515,0.56619,0.27152,-0.01535,0,0.96231,4.2224,-1.0495,0.32209,-0.055653,-1.1179,0.3163,-0.44496,-7.8706,3.0271,0,0,0,2.2629,2.2699,2.257,2.247,-16.826,1.0204,-0.32918,10.633,20.901,-15.516,15.061
10.55,0.36754,3.5042,0.56956,0.2712,-0.021141,0,0.96229,4.2171,-1.1281,0.35234,-0.065595,-1.1113,0.31463,-0.61267,-7.8594,3.023,0,0,0,2.2624,2.27,2.2565,2.2459,-16.715,1.23,-0.48483,11.67,21.019,-15.612,15.058
10.56,0.40968,3.4925,0.57323,0.27082,-0.026896,0,0.96225,4.2101,-1.2067,0.38254,-0.075521,-1.1042,0.31289,-0.77922,-7.846,3.0174,0,0,0,2.2618,2.2701,2.2559,2.2446,-16.593,1.4408,-0.6414,12.698,21.131,-15.7,15.054
10.57,0.45174,3.48,0.57721,0.27039,-0.032613,0,0.9622,4.2015,-1.285,0.41268,-0.085431,-1.0968,0.31109,-0.9445,-7.8306,3.0102,0,0,0,2.2611,2.27,2.2552,2.2433,-16.461,1.6527,-0.79882,13.718,21.238,-15.782,15.049
10.58,0.49371,3.4668,0.58149,0.2699,-0.03829,0,0.96213,4.1913,-1.3633,0.44274,-0.095323,-1.0888,0.30923,-1.1084,-7.813,3.0014,0,0,0,2.2602,2.2697,2.2544,2.2419,-16.319,1.8656,-0.95702,14.729,21.34,-15.858,15.044
10.59,0.53556,3.4528,0.58606,0.26935,-0.043923,0,0.96204,4.1794,-1.4413,0.4727,-0.1052,-1.0805,0.30731,-1.2708,-7.7933,2.991,0,0,0,2.2593,2.2694,2.2535,2.2404,-16.166,2.0794,-1.1159,15.729,21.437,-15.926,15.038
10.6,0.57729,3.438,0.59094,0.26875,-0.049511,0,0.96194,4.1658,-1.5191,0.50256,-0.11505,-1.0717,0.30534,-1.4317,-7.7714,2.9791,0,0,0,2.2582,2.2688,2.2525,2.2389,-16.004,2.2943,-1.2755,16.719,21.527,-15.987,15.031
10.61,0.61887,3.4224,0.59612,0.26809,-0.055052,0,0.96182,4.1507,-1.5967,0.53228,-0.12489,-1.0625,0.30332,-1.5909,-7.7474,2.9655,0,0,0,2.2569,2.2681,2.2513,2.2372,-15.832,2.51,-1.4357,17.699,21.612,-16.04,15.023
10.62,0.6603,3.406,0.60159,0.26738,-0.060543,0,0.96169,4.134,-1.6741,0.56186,-0.1347,-1.053,0.30125,-1.7483,-7.7212,2.9504,0,0,0,2.2555,2.2673,2.2501,2.2354,-15.65,2.7265,-1.5963,18.666,21.691,-16.087,15.014
10.63,0.70155,3.3889,0.60735,0.26661,-0.065983,0,0.96154,4.1158,-1.7511,0.59128,-0.1445,-1.0431,0.29915,-1.9039,-7.6928,2.9336,0,0,0,2.254,2.2662,2.2487,2.2335,-15.459,2.9438,-1.7574,19.622,21.765,-16.126,15.004
10.64,0.74261,3.371,0.61341,0.26579,-0.07137,0,0.96138,4.096,-1.8279,0.62053,-0.15429,-1.0329,0.29701,-2.0575,-7.6623,2.9152,0,0,0,2.2522,2.265,2.2471,2.2315,-15.258,3.1618,-1.9188,20.565,21.832,-16.157,14.993
10.65,0.78346,3.3523,0.61976,0.26492,-0.076702,0,0.96122,4.0746,-1.9044,0.64958,-0.16407,-1.0223,0.29484,-2.209,-7.6296,2.8952,0,0,0,2.2503,2.2635,2.2454,2.2293,-15.048,3.3804,-2.0805,21.494,21.893,-16.18,14.981
10.66,0.8241,3.3329,0.6264,0.26399,-0.081977,0,0.96104,4.0518,-1.9805,0.67843,-0.17383,-1.0114,0.29265,-2.3584,-7.5947,2.8736,0,0,0,2.2482,2.2619,2.2435,2.227,-14.828,3.5996,-2.2424,22.41,21.948,-16.196,14.968
10.67,0.86449,3.3127,0.63333,0.26301,-0.087194,0,0.96085,4.0275,-2.0563,0.70705,-0.1836,-1.0002,0.29043,-2.5055,-7.5576,2.8504,0,0,0,2.2459,2.26,2.2414,2.2245,-14.599,3.8193,-2.4044,23.312,21.997,-16.203,14.953
10.68,0.90464,3.2918,0.64054,0.26197,-0.092351,0,0.96065,4.0017,-2.1316,0.73543,-0.19336,-0.98866,0.2882,-2.6503,-7.5183,2.8255,0,0,0,2.2434,2.2579,2.2391,2.2218,-14.362,4.0395,-2.5664,24.198,22.039,-16.203,14.937
10.69,0.94452,3.2701,0.64804,0.26089,-0.097446,0,0.96044,3.9745,-2.2066,0.76355,-0.20313,-0.97687,0.28596,-2.7927,-7.4768,2.799,0,0,0,2.2407,2.2556,2.2367,2.219,-14.116,4.2601,-2.7284,25.069,22.075,-16.194,14.92
10.7,0.98412,3.2477,0.65581,0.25974,-0.10248,0,0.96022,3.9458,-2.2812,0.7914,-0.2129,-0.96481,0.28371,-2.9326,-7.4331,2.771,0,0,0,2.2377,2.253,2.234,2.2159,-13.861,4.481,-2.8903,25.924,22.104,-16.177,14.901
10.71,1.0234,3.2245,0.66386,0.25855,-0.10745,0,0.96,3.9158,-2.3553,0.81897,-0.2227,-0.95249,0.28145,-3.0699,-7.3872,2.7412,0,0,0,2.2345,2.2502,2.2312,2.2127,-13.597,4.7021,-3.0519,26.762,22.126,-16.152,14.881
10.72,1.0624,3.2006,0.67219,0.2573,-0.11235,0,0.95978,3.8844,-2.4289,0.84622,-0.23251,-0.93993,0.2792,-3.2045,-7.3391,2.7099,0,0,0,2.2311,2.2471,2.2281,2.2093,-13.325,4.9235,-3.2133,27.583,22.141,-16.118,14.859
10.73,1.1011,3.1759,0.68079,0.25601,-0.11719,0,0.95955,3.8517,-2.502,0.87316,-0.24236,-0.92714,0.27696,-3.3364,-7.2887,2.677,0,0,0,2.2274,2.2437,2.2247,2.2056,-13.046,5.1449,-3.3742,28.386,22.149,-16.075,14.836
10.74,1.1395,3.1505,0.68965,0.25465,-0.12195,0,0.95931,3.8177,-2.5747,0.89976,-0.25224,-0.91413,0.27473,-3.4654,-7.2362,2.6424,0,0,0,2.2234,2.24,2.2211,2.2017,-12.758,5.3664,-3.5347,29.171,22.15,-16.024,14.81
10.75,1.1775,3.1244,0.69878,0.25325,-0.12665,0,0.95907,3.7824,-2.6468,0.926,-0.26217,-0.9009,0.27251,-3.5915,-7.1814,2.6063,0,0,0,2.2191,2.236,2.2173,2.1976,-12.462,5.5879,-3.6947,29.937,22.144,-15.963,14.783
10.76,1.2151,3.0976,0.70817,0.25179,-0.13128,0,0.95883,3.7459,-2.7183,0.95188,-0.27216,-0.88747,0.27032,-3.7146,-7.1244,2.5685,0,0,0,2.2146,2.2318,2.2132,2.1932,-12.159,5.8093,-3.854,30.683,22.13,-15.894,14.755
10.77,1.2524,3.07,0.71782,0.25029,-0.13584,0,0.95859,3.7082,-2.7892,0.97737,-0.28221,-0.87384,0.26815,-3.8347,-7.0652,2.5292,0,0,0,2.2097,2.2272,2.2089,2.1886,-11.849,6.0305,-4.0125,31.409,22.109,-15.816,14.724
10.78,1.2893,3.0418,0.72772,0.24872,-0.14033,0,0.95835,3.6692,-2.8596,1.0025,-0.29234,-0.86003,0.26601,-3.9516,-7.0038,2.4883,0,0,0,2.2045,2.2223,2.2042,2.1837,-11.531,6.2514,-4.1703,32.114,22.08,-15.728,14.691
10.79,1.3258,3.0129,0.73787,0.24711,-0.14475,0,0.95811,3.6291,-2.9293,1.0271,-0.30255,-0.84604,0.26391,-4.0653,-6.9402,2.4458,0,0,0,2.199,2.217,2.1993,2.1785,-11.206,6.4721,-4.3271,32.798,22.043,-15.631,14.657
10.8,1.3618,2.9832,0.74826,0.24544,-0.14909,0,0.95788,3.5879,-2.9984,1.0514,-0.31286,-0.83187,0.26185,-4.1757,-6.8744,2.4018,0,0,0,2.1932,2.2115,2.1941,2.173,-10.875,6.6923,-4.4829,33.46,21.999,-15.525,14.62
10.81,1.3975,2.9529,0.75889,0.24372,-0.15336,0,0.95764,3.5456,-3.0668,1.0752,-0.32328,-0.81754,0.25984,-4.2828,-6.8063,2.3562,0,0,0,2.1871,2.2056,2.1886,2.1673,-10.537,6.912,-4.6375,34.1,21.946,-15.409,14.581
10.82,1.4328,2.9219,0.76976,0.24195,-0.15755,0,0.95741,3.5023,-3.1345,1.0985,-0.33383,-0.80305,0.25788,-4.3864,-6.7361,2.309,0,0,0,2.1806,2.1993,2.1828,2.1612,-10.193,7.1312,-4.791,34.716,21.886,-15.283,14.54
10.83,1.4676,2.8902,0.78086,0.24012,-0.16167,0,0.95719,3.4579,-3.2015,1.1213,-0.34451,-0.7884,0.25597,-4.4866,-6.6637,2.2603,0,0,0,2.1737,2.1927,2.1766,2.1548,-9.843,7.3497,-4.9432,35.309,21.817,-15.148,14.496
10.84,1.5019,2.8579,0.79219,0.23824,-0.16571,0,0.95696,3.4126,-3.2678,1.1437,-0.35533,-0.7736,0.25412,-4.5833,-6.5891,2.2101,0,0,0,2.1665,2.1856,2.1702,2.1481,-9.487,7.5675,-5.0939,35.878,21.74,-15.002,14.451
10.85,1.5358,2.8248,0.80373,0.2363,-0.16968,0,0.95675,3.3663,-3.3333,1.1655,-0.36633,-0.75864,0.25234,-4.6763,-6.5124,2.1585,0,0,0,2.1589,2.1783,2.1634,2.1411,-9.1255,7.7845,-5.2432,36.423,21.654,-14.847,14.403
10.86,1.5692,2.7912,0.81549,0.2343,-0.17357,0,0.95654,3.3191,-3.398,1.1869,-0.3775,-0.74354,0.25063,-4.7658,-6.4334,2.1053,0,0,0,2.151,2.1705,2.1563,2.1338,-8.7587,8.0005,-5.3908,36.941,21.56,-14.681,14.353
10.87,1.6022,2.7569,0.82747,0.23225,-0.17738,0,0.95634,3.271,-3.4619,1.2076,-0.38887,-0.72829,0.24899,-4.8515,-6.3524,2.0507,0,0,0,2.1426,2.1624,2.1488,2.1261,-8.3868,8.2156,-5.5368,37.434,21.457,-14.506,14.3
10.88,1.6347,2.722,0.83965,0.23014,-0.18111,0,0.95616,3.222,-3.5251,1.2279,-0.40045,-0.71289,0.24744,-4.9335,-6.2691,1.9946,0,0,0,2.1339,2.1538,2.141,2.118,-8.0101,8.4296,-5.6809,37.901,21.345,-14.32,14.245
10.89,1.6666,2.6864,0.85202,0.22798,-0.18476,0,0.95598,3.1723,-3.5873,1.2475,-0.41225,-0.69734,0.24598,-5.0117,-6.1838,1.937,0,0,0,2.1247,2.1449,2.1329,2.1096,-7.6288,8.6425,-5.8231,38.34,21.224,-14.123,14.187
10.9,1.6981,2.6502,0.86459,0.22575,-0.18834,0,0.95581,3.1218,-3.6487,1.2666,-0.42431,-0.68164,0.2446,-5.086,-6.0963,1.8781,0,0,0,2.1152,2.1356,2.1244,2.1009,-7.2434,8.8541,-5.9633,38.752,21.094,-13.916,14.127
10.91,1.7291,2.6134,0.87735,0.22346,-0.19183,0,0.95565,3.0706,-3.7092,1.2851,-0.43663,-0.66579,0.24333,-5.1565,-6.0067,1.8178,0,0,0,2.1053,2.1258,2.1155,2.0918,-6.8539,9.0643,-6.1014,39.136,20.955,-13.698,14.064
10.92,1.7595,2.576,0.89029,0.22111,-0.19524,0,0.95551,3.0187,-3.7688,1.3029,-0.44924,-0.64978,0.24216,-5.2231,-5.915,1.7561,0,0,0,2.0949,2.1157,2.1063,2.0823,-6.4607,9.2731,-6.2373,39.49,20.807,-13.47,13.999
10.93,1.7894,2.538,0.90341,0.21869,-0.19857,0,0.95537,2.9661,-3.8275,1.3202,-0.46215,-0.6336,0.2411,-5.2857,-5.8212,1.693,0,0,0,2.0841,2.1051,2.0968,2.0725,-6.0642,9.4804,-6.3708,39.816,20.649,-13.23,13.931
10.94,1.8188,2.4995,0.9167,0.21621,-0.20182,0,0.95526,2.913,-3.8853,1.3368,-0.47539,-0.61726,0.24015,-5.3444,-5.7254,1.6287,0,0,0,2.0729,2.0942,2.0869,2.0623,-5.6645,9.6861,-6.5018,40.111,20.482,-12.979,13.86
10.95,1.8477,2.4603,0.93014,0.21367,-0.20499,0,0.95516,2.8593,-3.942,1.3528,-0.48898,-0.60075,0.23933,-5.399,-5.6275,1.563,0,0,0,2.0613,2.0828,2.0766,2.0517,-5.2621,9.89,-6.6303,40.376,20.305,-12.718,13.787
10.96,1.876,2.4206,0.94375,0.21105,-0.20807,0,0.95507,2.805,-3.9978,1.3681,-0.50294,-0.58405,0.23863,-5.4496,-5.5276,1.4961,0,0,0,2.0492,2.071,2.0659,2.0407,-4.8571,10.092,-6.7561,40.61,20.118,-12.445,13.711
10.97,1.9038,2.3804,0.9575,0.20837,-0.21107,0,0.955,2.7503,-4.0526,1.3827,-0.51729,-0.56716,0.23808,-5.4961,-5.4257,1.4279,0,0,0,2.0367,2.0587,2.055,2.0294,-4.45,10.292,-6.8792,40.813,19.921,-12.16,13.633
10.98,1.931,2.3396,0.9714,0.20561,-0.21399,0,0.95495,2.6951,-4.1063,1.3966,-0.53207,-0.55007,0.23766,-5.5386,-5.3218,1.3585,0,0,0,2.0238,2.0461,2.0436,2.0177,-4.041,10.491,-6.9993,40.983,19.714,-11.865,13.552
10.99,1.9577,2.2983,0.98543,0.20278,-0.21681,0,0.95492,2.6395,-4.159,1.4098,-0.54728,-0.53277,0.23739,-5.577,-5.2159,1.2879,0,0,0,2.0105,2.033,2.0319,2.0056,-3.6304,10.687,-7.1164,41.12,19.498,-11.557,13.468
11,1.9838,2.2564,0.99959,0.19987,-0.21955,0,0.95491,2.5836,-4.2106,1.4224,-0.56297,-0.51524,0.23728,-5.6112,-5.108,1.2162,0,0,0,1.9967,2.0195,2.0199,1.9932,-3.2187,10.88,-7.2304,41.224,19.27,-11.238,13.382
11.01,2.0094,2.2141,1.0139,0.19688,-0.22221,0,0.95492,2.5273,-4.2612,1.4342,-0.57916,-0.49748,0.23734,-5.6413,-4.9983,1.1433,0,0,0,1.9825,2.0056,2.0075,1.9804,-2.806,11.072,-7.3412,41.294,19.033,-10.907,13.293
11.02,2.0343,2.1712,1.0283,0.19381,-0.22477,0,0.95494,2.4708,-4.3106,1.4452,-0.59587,-0.47947,0.23756,-5.6673,-4.8866,1.0694,0,0,0,1.9678,1.9913,1.9947,1.9672,-2.3929,11.261,-7.4485,41.329,18.785,-10.564,13.202
11.03,2.0588,2.1279,1.0428,0.19065,-0.22725,0,0.95499,2.414,-4.3589,1.4556,-0.61314,-0.46119,0.23797,-5.6892,-4.7731,0.99437,0,0,0,1.9527,1.9765,1.9817,1.9536,-1.9796,11.448,-7.5524,41.33,18.526,-10.209,13.108
11.04,2.0826,2.084,1.0574,0.18741,-0.22963,0,0.95506,2.357,-4.406,1.4651,-0.63099,-0.44262,0.23857,-5.7069,-4.6577,0.91834,0,0,0,1.9372,1.9614,1.9683,1.9397,-1.5664,11.632,-7.6527,41.294,18.257,-9.8423,13.011
11.05,2.1059,2.0397,1.0721,0.18408,-0.23192,0,0.95516,2.2999,-4.452,1.4739,-0.64946,-0.42376,0.23936,-5.7205,-4.5404,0.84133,0,0,0,1.9212,1.9459,1.9546,1.9255,-1.1538,11.813,-7.7492,41.223,17.977,-9.4629,12.912
11.06,2.1286,1.995,1.0869,0.18065,-0.23412,0,0.95528,2.2426,-4.4968,1.4819,-0.66857,-0.40457,0.24036,-5.73,-4.4214,0.76337,0,0,0,1.9049,1.9299,1.9405,1.9109,-0.7421,11.991,-7.8419,41.114,17.686,-9.0712,12.81
11.07,2.1508,1.9498,1.1017,0.17713,-0.23622,0,0.95542,2.1853,-4.5405,1.4892,-0.68836,-0.38503,0.24157,-5.7354,-4.3006,0.6845,0,0,0,1.8881,1.9136,1.9262,1.896,-0.33165,12.166,-7.9306,40.968,17.383,-8.6669,12.706
11.08,2.1723,1.9042,1.1166,0.1735,-0.23822,0,0.95559,2.1279,-4.5829,1.4956,-0.70886,-0.36514,0.24301,-5.7366,-4.1781,0.60477,0,0,0,1.8709,1.8969,1.9116,1.8807,0.077143,12.339,-8.0152,40.784,17.07,-8.2501,12.6
11.09,2.1933,1.8581,1.1316,0.16977,-0.24013,0,0.95578,2.0706,-4.624,1.5013,-0.7301,-0.34485,0.24469,-5.7338,-4.0539,0.52421,0,0,0,1.8533,1.8798,1.8967,1.8651,0.48391,12.508,-8.0956,40.562,16.745,-7.8205,12.491
11.1,2.2137,1.8117,1.1467,0.16594,-0.24193,0,0.956,2.0133,-4.6639,1.5061,-0.75213,-0.32416,0.2466,-5.727,-3.928,0.44287,0,0,0,1.8353,1.8624,1.8815,1.8492,0.88825,12.674,-8.1716,40.3,16.409,-7.3781,12.381
11.11,2.2336,1.7649,1.1617,0.16198,-0.24364,0,0.95624,1.956,-4.7026,1.5101,-0.77496,-0.30302,0.24878,-5.7161,-3.8004,0.3608,0,0,0,1.8169,1.8446,1.8661,1.833,1.2898,12.836,-8.2431,39.999,16.061,-6.9227,12.268
11.12,2.2529,1.7177,1.1769,0.15792,-0.24523,0,0.95652,1.8989,-4.7399,1.5133,-0.79864,-0.28142,0.25122,-5.7012,-3.6713,0.27803,0,0,0,1.7981,1.8264,1.8504,1.8165,1.6881,12.995,-8.31,39.657,15.702,-6.4543,12.152
11.13,2.2716,1.6701,1.192,0.15373,-0.24672,0,0.95682,1.842,-4.776,1.5157,-0.8232,-0.25933,0.25394,-5.6823,-3.5405,0.19461,0,0,0,1.7789,1.8079,1.8345,1.7998,2.0828,13.15,-8.3721,39.275,15.33,-5.9727,12.035
11.14,2.2897,1.6221,1.2072,0.14941,-0.2481,0,0.95714,1.7853,-4.8107,1.5172,-0.84868,-0.23671,0.25694,-5.6595,-3.4083,0.1106,0,0,0,1.7594,1.7891,1.8184,1.7828,2.4735,13.301,-8.4294,38.851,14.947,-5.4778,11.916
11.15,2.3073,1.5739,1.2223,0.14497,-0.24937,0,0.9575,1.7289,-4.8441,1.5179,-0.8751,-0.21353,0.26024,-5.6329,-3.2745,0.026041,0,0,0,1.7396,1.7701,1.8021,1.7655,2.8597,13.449,-8.4816,38.386,14.552,-4.9697,11.795
11.16,2.3243,1.5253,1.2375,0.14038,-0.25053,0,0.95788,1.6727,-4.8762,1.5177,-0.90251,-0.18977,0.26386,-5.6024,-3.1393,-0.059015,0,0,0,1.7194,1.7507,1.7857,1.748,3.241,13.592,-8.5287,37.88,14.145,-4.449,11.673
11.17,2.3407,1.4763,1.2527,0.13566,-0.25156,0,0.95829,1.6168,-4.9069,1.5167,-0.93092,-0.16539,0.26779,-5.5681,-3.0027,-0.14452,0,0,0,1.6989,1.7311,1.7691,1.7303,3.6171,13.732,-8.5706,37.335,13.727,-3.9163,11.549
11.18,2.3566,1.4271,1.2679,0.13079,-0.25247,0,0.95872,1.5613,-4.9363,1.5148,-0.96038,-0.14034,0.27205,-5.53,-2.8647,-0.23041,0,0,0,1.6781,1.7112,1.7523,1.7124,3.9876,13.867,-8.607,36.752,13.298,-3.3721,11.423
11.19,2.372,1.3776,1.283,0.12576,-0.25326,0,0.95919,1.5062,-4.9642,1.5121,-0.9909,-0.1146,0.27666,-5.4883,-2.7254,-0.31664,0,0,0,1.657,1.6911,1.7354,1.6943,4.3521,13.998,-8.638,36.131,12.858,-2.8171,11.296
11.2,2.3867,1.3279,1.2981,0.12058,-0.25392,0,0.95968,1.4516,-4.9908,1.5085,-1.0225,-0.088131,0.28162,-5.443,-2.5848,-0.40315,0,0,0,1.6357,1.6708,1.7184,1.676,4.7101,14.124,-8.6633,35.475,12.408,-2.2518,11.168
11.21,2.401,1.2778,1.3132,0.11523,-0.25444,0,0.9602,1.3974,-5.0159,1.504,-1.0552,-0.060881,0.28694,-5.3941,-2.4429,-0.48988,0,0,0,1.6141,1.6504,1.7014,1.6576,5.0614,14.246,-8.683,34.784,11.948,-1.6768,11.039
11.22,2.4147,1.2275,1.3282,0.10971,-0.25483,0,0.96074,1.3437,-5.0396,1.4987,-1.0891,-0.032813,0.29263,-5.3418,-2.2999,-0.57679,0,0,0,1.5924,1.6298,1.6843,1.6391,5.4057,14.363,-8.6968,34.059,11.478,-1.0926,10.909
11.23,2.4279,1.177,1.3431,0.10402,-0.25508,0,0.96131,1.2906,-5.0619,1.4925,-1.1241,-0.0038873,0.2987,-5.2861,-2.1557,-0.6638,0,0,0,1.5704,1.6091,1.6672,1.6205,5.7425,14.475,-8.7048,33.302,10.999,-0.5,10.779
11.24,2.4405,1.1263,1.358,0.098145,-0.25518,0,0.9619,1.238,-5.0827,1.4854,-1.1603,0.02594,0.30515,-5.227,-2.0104,-0.75086,0,0,0,1.5483,1.5883,1.65,1.6018,6.0716,14.583,-8.7068,32.513,10.51,0.10057,10.647
11.25,2.4526,1.0754,1.3728,0.09208,-0.25513,0,0.96251,1.186,-5.1021,1.4775,-1.1976,0.05671,0.312,-5.1647,-1.864,-0.83792,0,0,0,1.5261,1.5675,1.6329,1.583,6.3927,14.685,-8.7028,31.694,10.013,0.70849,10.516
11.26,2.4642,1.0243,1.3876,0.08582,-0.25492,0,0.96315,1.1347,-5.12,1.4687,-1.236,0.088464,0.31925,-5.0992,-1.7167,-0.9249,0,0,0,1.5038,1.5467,1.6158,1.5643,6.7054,14.783,-8.6926,30.846,9.5075,1.3232,10.384
11.27,2.4753,0.97298,1.4022,0.079359,-0.25455,0,0.9638,1.0841,-5.1364,1.459,-1.2756,0.12124,0.3269,-5.0306,-1.5684,-1.0117,0,0,0,1.4814,1.5258,1.5988,1.5455,7.0095,14.876,-8.6763,29.969,8.9937,1.944,10.253
11.28,2.4859,0.92154,1.4167,0.072692,-0.25401,0,0.96447,1.0341,-5.1514,1.4484,-1.3162,0.15508,0.33496,-4.959,-1.4192,-1.0984,0,0,0,1.459,1.5051,1.5819,1.5267,7.3047,14.963,-8.6537,29.066,8.472,2.5705,10.121
11.29,2.496,0.86996,1.4312,0.065812,-0.25329,0,0.96515,0.98488,-5.1648,1.437,-1.3579,0.19001,0.34341,-4.8845,-1.2691,-1.1848,0,0,0,1.4367,1.4844,1.565,1.508,7.5907,15.045,-8.6248,28.137,7.9428,3.2019,9.9902
11.3,2.5056,0.81825,1.4455,0.058715,-0.2524,0,0.96584,0.93642,-5.1768,1.4247,-1.4006,0.22606,0.35227,-4.8072,-1.1183,-1.2709,0,0,0,1.4144,1.4639,1.5483,1.4893,7.8673,15.122,-8.5897,27.183,7.4064,3.8378,9.8599
11.31,2.5147,0.76643,1.4597,0.051394,-0.25131,0,0.96654,0.88875,-5.1872,1.4116,-1.4443,0.26325,0.36153,-4.7272,-0.96672,-1.3566,0,0,0,1.3923,1.4435,1.5317,1.4708,8.1343,15.193,-8.5481,26.205,6.863,4.4775,9.7306
11.32,2.5234,0.71451,1.4737,0.043845,-0.25004,0,0.96724,0.84189,-5.1961,1.3976,-1.4887,0.30161,0.37117,-4.6446,-0.81445,-1.4418,0,0,0,1.3703,1.4234,1.5153,1.4524,8.3914,15.259,-8.5001,25.205,6.3131,5.1204,9.6023
11.33,2.5316,0.66252,1.4876,0.036065,-0.24856,0,0.96795,0.79586,-5.2035,1.3828,-1.534,0.34114,0.38119,-4.5594,-0.66156,-1.5266,0,0,0,1.3486,1.4036,1.499,1.4341,8.6383,15.319,-8.4457,24.184,5.7569,5.766,9.4755
11.34,2.5393,0.61045,1.5014,0.028049,-0.24687,0,0.96864,0.75071,-5.2093,1.3671,-1.5798,0.38183,0.39157,-4.4718,-0.50808,-1.6107,0,0,0,1.3272,1.3841,1.4829,1.416,8.875,15.374,-8.3848,23.142,5.1948,6.4137,9.3503
11.35,2.5466,0.55833,1.515,0.019795,-0.24497,0,0.96933,0.70644,-5.2136,1.3506,-1.6261,0.42368,0.40228,-4.3819,-0.35409,-1.6942,0,0,0,1.3061,1.3649,1.467,1.3981,9.1011,15.423,-8.3174,22.082,4.6269,7.0628,9.227
11.36,2.5534,0.50618,1.5284,0.011301,-0.24284,0,0.97,0.66307,-5.2164,1.3332,-1.6726,0.46665,0.41331,-4.2898,-0.19964,-1.777,0,0,0,1.2855,1.3462,1.4513,1.3805,9.3166,15.467,-8.2435,21.003,4.0538,7.7129,9.1058
11.37,2.5599,0.45401,1.5416,0.0025666,-0.24048,0,0.97065,0.62065,-5.2176,1.315,-1.7193,0.51071,0.42462,-4.1956,-0.044779,-1.8591,0,0,0,1.2654,1.328,1.4358,1.3631,9.5211,15.504,-8.1631,19.908,3.4756,8.3632,8.9871
11.38,2.5659,0.40184,1.5547,-0.0064081,-0.23789,0,0.97127,0.57917,-5.2173,1.296,-1.7658,0.55578,0.43617,-4.0995,0.11043,-1.9403,0,0,0,1.2458,1.3103,1.4205,1.3461,9.7147,15.536,-8.0762,18.797,2.8927,9.0133,8.8711
11.39,2.5714,0.34967,1.5675,-0.015621,-0.23506,0,0.97186,0.53866,-5.2154,1.2762,-1.812,0.60178,0.44792,-4.0014,0.26592,-2.0206,0,0,0,1.2269,1.2933,1.4053,1.3293,9.897,15.562,-7.9829,17.671,2.3054,9.6625,8.7581
11.4,2.5766,0.29753,1.5802,-0.02507,-0.23197,0,0.9724,0.49915,-5.212,1.2556,-1.8575,0.64862,0.45983,-3.9016,0.42165,-2.0999,0,0,0,1.2088,1.2768,1.3904,1.3129,10.068,15.582,-7.883,16.531,1.7141,10.31,8.6483
11.41,2.5814,0.24544,1.5926,-0.034748,-0.22863,0,0.97289,0.46064,-5.207,1.2342,-1.902,0.69616,0.47184,-3.8001,0.57755,-2.1782,0,0,0,1.1916,1.2611,1.3756,1.2969,10.228,15.596,-7.7767,15.38,1.1189,10.956,8.542
11.42,2.5859,0.1934,1.6049,-0.04465,-0.22503,0,0.97333,0.42315,-5.2004,1.2121,-1.9452,0.74424,0.48388,-3.697,0.73356,-2.2554,0,0,0,1.1752,1.2461,1.361,1.2814,10.376,15.605,-7.6639,14.217,0.52034,11.599,8.4396
11.43,2.5899,0.14143,1.6169,-0.054767,-0.22117,0,0.9737,0.3867,-5.1923,1.1891,-1.9868,0.7927,0.49588,-3.5926,0.88962,-2.3315,0,0,0,1.1599,1.232,1.3466,1.2662,10.512,15.607,-7.5447,13.044,-0.081417,12.239,8.3412
11.44,2.5936,0.089557,1.6287,-0.065089,-0.21704,0,0.97399,0.3513,-5.1826,1.1654,-2.0264,0.84131,0.50778,-3.4868,1.0457,-2.4063,0,0,0,1.1457,1.2187,1.3323,1.2516,10.636,15.603,-7.4191,11.862,-0.68604,12.875,8.2472
11.45,2.5969,0.037786,1.6402,-0.075602,-0.21264,0,0.9742,0.31697,-5.1714,1.141,-2.0635,0.88985,0.51947,-3.3799,1.2017,-2.4798,0,0,0,1.1327,1.2063,1.3181,1.2375,10.749,15.593,-7.2872,10.671,-1.2932,13.507,8.1578
11.46,2.5999,-0.013866,1.6515,-0.086291,-0.20798,0,0.97432,0.28371,-5.1586,1.1158,-2.0979,0.93804,0.53089,-3.2719,1.3575,-2.552,0,0,0,1.121,1.1949,1.3041,1.2239,10.85,15.577,-7.149,9.4744,-1.9027,14.134,8.0732
11.47,2.6026,-0.065381,1.6625,-0.09714,-0.20305,0,0.97434,0.25153,-5.1442,1.09,-2.129,0.9856,0.54194,-3.1629,1.5132,-2.6228,0,0,0,1.1106,1.1845,1.2902,1.211,10.939,15.555,-7.0045,8.2715,-2.5142,14.755,7.9938
11.48,2.605,-0.11675,1.6733,-0.10813,-0.19785,0,0.97425,0.22045,-5.1283,1.0634,-2.1565,1.0322,0.55251,-3.0532,1.6686,-2.6921,0,0,0,1.1017,1.1751,1.2764,1.1986,11.015,15.527,-6.8539,7.0639,-3.1273,15.37,7.9197
11.49,2.607,-0.16794,1.6838,-0.11924,-0.1924,0,0.97405,0.19047,-5.1109,1.0361,-2.18,1.0776,0.56251,-2.9427,1.8237,-2.7599,0,0,0,1.0943,1.1668,1.2628,1.1869,11.08,15.492,-6.6972,5.8526,-3.7419,15.978,7.8512
11.5,2.6088,-0.21896,1.694,-0.13044,-0.18669,0,0.97372,0.1616,-5.0919,1.0082,-2.1992,1.1213,0.57184,-2.8316,1.9784,-2.826,0,0,0,1.0885,1.1595,1.2493,1.1759,11.132,15.452,-6.5344,4.6387,-4.3576,16.578,7.7885
11.51,2.6103,-0.26977,1.7039,-0.14171,-0.18073,0,0.97327,0.13384,-5.0713,0.97961,-2.2136,1.163,0.5804,-2.7201,2.1327,-2.8905,0,0,0,1.0842,1.1534,1.2359,1.1656,11.173,15.405,-6.3656,3.4233,-4.9741,17.171,7.7317
11.52,2.6115,-0.32038,1.7136,-0.15302,-0.17455,0,0.97269,0.1072,-5.0492,0.95039,-2.223,1.2025,0.58808,-2.6082,2.2865,-2.9533,0,0,0,1.0815,1.1483,1.2228,1.156,11.201,15.352,-6.191,2.2075,-5.5911,17.755,7.681
11.53,2.6124,-0.37075,1.7229,-0.16435,-0.16814,0,0.97197,0.081679,-5.0256,0.92055,-2.2271,1.2392,0.5948,-2.4961,2.4397,-3.0143,0,0,0,1.0805,1.1444,1.2099,1.1473,11.217,15.293,-6.0106,0.99241,-6.2083,18.33,7.6366
11.54,2.6131,-0.42089,1.732,-0.17566,-0.16153,0,0.97111,0.057279,-5.0004,0.89011,-2.2257,1.2729,0.60047,-2.3839,2.5924,-3.0735,0,0,0,1.081,1.1416,1.1972,1.1393,11.221,15.228,-5.8244,-0.22096,-6.8255,18.895,7.5985
11.55,2.6136,-0.47076,1.7407,-0.18692,-0.15473,0,0.97011,0.034001,-4.9737,0.85908,-2.2188,1.3032,0.60499,-2.2717,2.7443,-3.1308,0,0,0,1.0831,1.1398,1.185,1.1322,11.212,15.157,-5.6327,-1.4315,-7.4424,19.45,7.5669
11.56,2.6138,-0.52035,1.7492,-0.19811,-0.14777,0,0.96898,0.011844,-4.9455,0.8275,-2.2061,1.3299,0.60831,-2.1597,2.8955,-3.1861,0,0,0,1.0867,1.1392,1.1731,1.126,11.192,15.079,-5.4355,-2.6381,-8.0586,19.994,7.5418
11.57,2.6138,-0.56966,1.7573,-0.20919,-0.14065,0,0.96771,-0.0091939,-4.9158,0.79537,-2.1877,1.3526,0.61036,-2.0479,3.0459,-3.2395,0,0,0,1.0918,1.1396,1.1618,1.1207,11.16,14.996,-5.2329,-3.8398,-8.6738,20.526,7.5232
11.58,2.6136,-0.61867,1.7651,-0.22013,-0.13341,0,0.96631,-0.029116,-4.8846,0.76272,-2.1637,1.3712,0.61109,-1.9365,3.1954,-3.2908,0,0,0,1.0983,1.141,1.1511,1.1163,11.115,14.906,-5.025,-5.0353,-9.2878,21.046,7.5111
11.59,2.6132,-0.66735,1.7725,-0.2309,-0.12606,0,0.96478,-0.047926,-4.8519,0.72956,-2.1342,1.3855,0.61047,-1.8257,3.344,-3.34,0,0,0,1.1061,1.1434,1.141,1.1128,11.059,14.81,-4.812,-6.2237,-9.9003,21.554,7.5055
11.6,2.6126,-0.7157,1.7797,-0.24148,-0.11864,0,0.96313,-0.065631,-4.8177,0.69592,-2.0995,1.3954,0.60847,-1.7154,3.4915,-3.387,0,0,0,1.115,1.1468,1.1317,1.1103,10.991,14.708,-4.594,-7.4038,-10.511,22.048,7.5063
11.61,2.6119,-0.7637,1.7865,-0.25183,-0.11116,0,0.96137,-0.082237,-4.7821,0.66183,-2.0597,1.4007,0.60509,-1.6059,3.6381,-3.4318,0,0,0,1.1251,1.151,1.1233,1.1087,10.911,14.6,-4.3711,-8.5747,-11.12,22.528,7.5135
11.62,2.611,-0.81134,1.7929,-0.26194,-0.10366,0,0.9595,-0.097752,-4.745,0.62729,-2.0152,1.4015,0.60033,-1.4972,3.7835,-3.4744,0,0,0,1.1361,1.1561,1.1158,1.1081,10.819,14.486,-4.1434,-9.7351,-11.726,22.993,7.5268
11.63,2.61,-0.85859,1.799,-0.27179,-0.09615,0,0.95754,-0.11218,-4.7064,0.59235,-1.9664,1.3979,0.59421,-1.3895,3.9278,-3.5147,0,0,0,1.1479,1.1621,1.1093,1.1085,10.716,14.365,-3.9112,-10.884,-12.329,23.444,7.5463
11.64,2.6088,-0.90546,1.8047,-0.28134,-0.088665,0,0.9555,-0.12555,-4.6664,0.55701,-1.9137,1.3898,0.58678,-1.2829,4.0708,-3.5526,0,0,0,1.1605,1.1688,1.104,1.1098,10.602,14.239,-3.6746,-12.02,-12.93,23.878,7.5716
11.65,2.6074,-0.95192,1.8101,-0.29058,-0.081228,0,0.9534,-0.13785,-4.625,0.5213,-1.8574,1.3774,0.57806,-1.1775,4.2125,-3.5882,0,0,0,1.1737,1.1762,1.0998,1.112,10.476,14.107,-3.4337,-13.143,-13.527,24.297,7.6027
11.66,2.606,-0.99796,1.8152,-0.29951,-0.073862,0,0.95123,-0.1491,-4.5822,0.48525,-1.7982,1.3609,0.56812,-1.0735,4.3529,-3.6213,0,0,0,1.1874,1.1842,1.0967,1.1152,10.339,13.968,-3.1887,-14.251,-14.12,24.698,7.6393
11.67,2.6045,-1.0436,1.8198,-0.30811,-0.066589,0,0.94902,-0.15932,-4.538,0.44889,-1.7363,1.3405,0.55702,-0.9708,4.4919,-3.6519,0,0,0,1.2015,1.1929,1.095,1.1193,10.191,13.824,-2.9398,-15.343,-14.71,25.082,7.6811
11.68,2.6028,-1.0887,1.8241,-0.31636,-0.059431,0,0.94678,-0.16852,-4.4924,0.41222,-1.6724,1.3164,0.54484,-0.86968,4.6294,-3.6801,0,0,0,1.2159,1.2022,1.0944,1.1243,10.032,13.674,-2.6872,-16.418,-15.296,25.448,7.728
11.69,2.6011,-1.1334,1.8281,-0.32426,-0.052408,0,0.94451,-0.17672,-4.4454,0.37529,-1.6067,1.2889,0.53164,-0.7702,4.7654,-3.7057,0,0,0,1.2306,1.212,1.0951,1.1301,9.8626,13.518,-2.4309,-17.475,-15.877,25.795,7.7797
11.7,2.5993,-1.1776,1.8317,-0.33181,-0.045539,0,0.94225,-0.18393,-4.3971,0.33812,-1.5398,1.2583,0.51753,-0.67246,4.8997,-3.7287,0,0,0,1.2454,1.2222,1.0971,1.1368,9.6826,13.357,-2.1713,-18.514,-16.453,26.123,7.8359
11.71,2.5974,-1.2213,1.8348,-0.33901,-0.03884,0,0.93998,-0.19018,-4.3474,0.30073,-1.4721,1.2248,0.50257,-0.57658,5.0325,-3.7491,0,0,0,1.2603,1.233,1.1002,1.1443,9.4924,13.189,-1.9085,-19.532,-17.025,26.43,7.8963
11.72,2.5955,-1.2646,1.8377,-0.34584,-0.032327,0,0.93773,-0.19547,-4.2964,0.26315,-1.4039,1.1888,0.48685,-0.48265,5.1635,-3.7668,0,0,0,1.2753,1.2441,1.1046,1.1525,9.2921,13.016,-1.6428,-20.528,-17.591,26.718,7.9608
11.73,2.5935,-1.3073,1.8401,-0.35233,-0.026013,0,0.93551,-0.19984,-4.2441,0.2254,-1.3355,1.1506,0.47047,-0.39077,5.2928,-3.7819,0,0,0,1.2903,1.2555,1.1101,1.1614,9.0819,12.838,-1.3743,-21.503,-18.151,26.985,8.0289
11.74,2.5915,-1.3494,1.8422,-0.35846,-0.019909,0,0.93333,-0.20329,-4.1906,0.18752,-1.2674,1.1104,0.4535,-0.30104,5.4202,-3.7943,0,0,0,1.3052,1.2673,1.1167,1.171,8.8621,12.653,-1.1032,-22.454,-18.706,27.23,8.1005
11.75,2.5895,-1.3911,1.8439,-0.36425,-0.014026,0,0.9312,-0.20586,-4.1357,0.14952,-1.1996,1.0685,0.43603,-0.21356,5.5458,-3.804,0,0,0,1.3201,1.2794,1.1243,1.1812,8.6329,12.463,-0.82974,-23.38,-19.255,27.452,8.1752
11.76,2.5874,-1.4321,1.8452,-0.3697,-0.0083736,0,0.92911,-0.20757,-4.0796,0.11145,-1.1326,1.0252,0.41814,-0.12841,5.6695,-3.8109,0,0,0,1.3349,1.2918,1.133,1.192,8.3946,12.268,-0.5542,-24.281,-19.797,27.653,8.2528
11.77,2.5853,-1.4727,1.8461,-0.37481,-0.0029575,0,0.9271,-0.20844,-4.0223,0.073315,-1.0665,0.98074,0.3999,-0.045697,5.7912,-3.815,0,0,0,1.3496,1.3043,1.1425,1.2034,8.1474,12.068,-0.27677,-25.156,-20.332,27.83,8.333
11.78,2.5832,-1.5126,1.8466,-0.3796,0.0022159,0,0.92515,-0.20849,-3.9638,0.035155,-1.0015,0.93535,0.38139,0.034505,5.9108,-3.8164,0,0,0,1.3642,1.3171,1.1529,1.2152,7.8915,11.862,0.0023143,-26.002,-20.861,27.983,8.4155
11.79,2.5811,-1.5519,1.8468,-0.38407,0.0071423,0,0.92328,-0.20776,-3.9041,-0.0030042,-0.93773,0.88927,0.36267,0.11211,6.0284,-3.815,0,0,0,1.3786,1.33,1.164,1.2275,7.6274,11.65,0.28281,-26.82,-21.383,28.112,8.5002
11.8,2.5791,-1.5907,1.8466,-0.38823,0.011818,0,0.92149,-0.20626,-3.8433,-0.041135,-0.87529,0.8427,0.34381,0.18703,6.1438,-3.8108,0,0,0,1.3929,1.3431,1.1759,1.2402,7.3553,11.434,0.56447,-27.608,-21.897,28.216,8.5867
11.81,2.577,-1.6288,1.846,-0.3921,0.016242,0,0.91978,-0.20403,-3.7813,-0.07921,-0.81428,0.79581,0.32487,0.25919,6.2571,-3.8037,0,0,0,1.407,1.3563,1.1884,1.2533,7.0754,11.212,0.84704,-28.364,-22.403,28.294,8.6748
11.82,2.575,-1.6663,1.845,-0.39567,0.020412,0,0.91816,-0.20109,-3.7181,-0.1172,-0.75479,0.74878,0.3059,0.32851,6.368,-3.7938,0,0,0,1.421,1.3695,1.2014,1.2666,6.7881,10.986,1.1303,-29.089,-22.901,28.347,8.7643
11.83,2.573,-1.7032,1.8436,-0.39897,0.024327,0,0.91664,-0.19747,-3.6539,-0.15508,-0.69684,0.70177,0.28695,0.39492,6.4768,-3.7811,0,0,0,1.4348,1.3829,1.215,1.2803,6.4937,10.754,1.4139,-29.781,-23.391,28.373,8.855
11.84,2.571,-1.7394,1.8419,-0.40199,0.02799,0,0.91521,-0.1932,-3.5886,-0.19281,-0.64049,0.65491,0.26807,0.45836,6.5831,-3.7655,0,0,0,1.4485,1.3962,1.229,1.2942,6.1926,10.518,1.6976,-30.438,-23.873,28.371,8.9466
11.85,2.5691,-1.7749,1.8398,-0.40476,0.031399,0,0.91388,-0.18831,-3.5223,-0.23038,-0.58572,0.60831,0.2493,0.51875,6.6871,-3.7471,0,0,0,1.462,1.4096,1.2434,1.3083,5.8851,10.277,1.9812,-31.06,-24.346,28.342,9.039
11.86,2.5673,-1.8098,1.8373,-0.40727,0.034559,0,0.91265,-0.18283,-3.4549,-0.26775,-0.53256,0.56209,0.23067,0.57604,6.7886,-3.7259,0,0,0,1.4754,1.423,1.2582,1.3226,5.5715,10.031,2.2644,-31.645,-24.809,28.285,9.1319
11.87,2.5655,-1.844,1.8344,-0.40954,0.03747,0,0.91152,-0.1768,-3.3865,-0.30489,-0.48098,0.51634,0.21222,0.63016,6.8877,-3.7019,0,0,0,1.4885,1.4364,1.2732,1.337,5.2523,9.7809,2.5468,-32.193,-25.264,28.199,9.2253
11.88,2.5637,-1.8775,1.8312,-0.41158,0.040135,0,0.91049,-0.17024,-3.3171,-0.34177,-0.43097,0.47114,0.19398,0.68107,6.9842,-3.675,0,0,0,1.5016,1.4497,1.2885,1.3516,4.9278,9.526,2.8283,-32.703,-25.708,28.083,9.3188
11.89,2.5621,-1.9104,1.8276,-0.41339,0.042559,0,0.90956,-0.16319,-3.2468,-0.37838,-0.38249,0.42656,0.17597,0.7287,7.0782,-3.6453,0,0,0,1.5144,1.463,1.3039,1.3662,4.5983,9.2667,3.1084,-33.173,-26.143,27.938,9.4124
11.9,2.5605,-1.9425,1.8236,-0.41499,0.044744,0,0.90873,-0.15568,-3.1756,-0.41467,-0.33552,0.38267,0.15823,0.77302,7.1696,-3.6128,0,0,0,1.527,1.4762,1.3195,1.3808,4.2644,9.0032,3.3869,-33.602,-26.568,27.762,9.506
11.91,2.559,-1.9739,1.8193,-0.41637,0.046694,0,0.90799,-0.14774,-3.1034,-0.45062,-0.29,0.33951,0.14077,0.81398,7.2583,-3.5776,0,0,0,1.5395,1.4893,1.3352,1.3955,3.9264,8.7354,3.6635,-33.989,-26.982,27.555,9.5993
11.92,2.5575,-2.0045,1.8146,-0.41756,0.048414,0,0.90736,-0.13941,-3.0304,-0.48621,-0.24591,0.29713,0.12361,0.85154,7.3443,-3.5396,0,0,0,1.5518,1.5024,1.351,1.4102,3.5848,8.4636,3.9379,-34.333,-27.385,27.316,9.6922
11.93,2.5562,-2.0345,1.8096,-0.41855,0.049908,0,0.90682,-0.13072,-2.9566,-0.52141,-0.20319,0.25557,0.10678,0.88566,7.4275,-3.4988,0,0,0,1.5639,1.5153,1.3668,1.4249,3.2399,8.1878,4.2097,-34.633,-27.777,27.045,9.7847
11.94,2.5549,-2.0637,1.8042,-0.41935,0.05118,0,0.90638,-0.12171,-2.8819,-0.55618,-0.1618,0.21487,0.090275,0.91633,7.508,-3.4554,0,0,0,1.5758,1.5281,1.3826,1.4395,2.8923,7.9081,4.4787,-34.888,-28.158,26.741,9.8766
11.95,2.5537,-2.0921,1.7984,-0.41997,0.052235,0,0.90603,-0.11241,-2.8064,-0.59051,-0.12169,0.17505,0.074123,0.9435,7.5857,-3.4093,0,0,0,1.5875,1.5407,1.3984,1.4541,2.5423,7.6246,4.7444,-35.097,-28.528,26.404,9.9679
11.96,2.5527,-2.1198,1.7924,-0.42041,0.053079,0,0.90578,-0.10285,-2.7302,-0.62436,-0.082808,0.13613,0.058333,0.96717,7.6605,-3.3605,0,0,0,1.599,1.5532,1.4142,1.4686,2.1905,7.3376,5.0067,-35.259,-28.886,26.033,10.058
11.97,2.5517,-2.1467,1.786,-0.42069,0.053715,0,0.90561,-0.093074,-2.6532,-0.65771,-0.045118,0.098145,0.042916,0.98731,7.7324,-3.3091,0,0,0,1.6103,1.5656,1.4299,1.483,1.8373,7.047,5.265,-35.373,-29.232,25.628,10.148
11.98,2.5508,-2.1728,1.7792,-0.4208,0.05415,0,0.90554,-0.083115,-2.5755,-0.69053,-0.0085681,0.061102,0.027882,1.0039,7.8014,-3.2552,0,0,0,1.6214,1.5778,1.4456,1.4973,1.4832,6.753,5.5191,-35.441,-29.565,25.191,10.237
11.99,2.55,-2.1982,1.7721,-0.42075,0.054388,0,0.90554,-0.073008,-2.4972,-0.7228,0.026886,0.025015,0.013238,1.017,7.8675,-3.1988,0,0,0,1.6323,1.5898,1.4611,1.5115,1.1286,6.4557,5.7687,-35.464,-29.887,24.722,10.324
12,2.5494,-2.2228,1.7648,-0.42055,0.054434,0,0.90563,-0.062788,-2.4182,-0.7545,0.06129,-0.010108,-0.0010099,1.0265,7.9305,-3.1399,0,0,0,1.643,1.6016,1.4765,1.5255,0.77406,6.1553,6.0135,-35.442,-30.196,24.222,10.411
12.01,2.5488,-2.2466,1.7571,-0.4202,0.054294,0,0.90581,-0.05249,-2.3386,-0.78559,0.094688,-0.044261,-0.014857,1.0325,7.9906,-3.0785,0,0,0,1.6535,1.6133,1.4918,1.5394,0.41993,5.8518,6.253,-35.376,-30.493,23.693,10.497
12.02,2.5483,-2.2696,1.7491,-0.4197,0.053972,0,0.90606,-0.04215,-2.2584,-0.81606,0.12712,-0.077441,-0.0283,1.0349,8.0475,-3.0148,0,0,0,1.6638,1.6248,1.5069,1.5531,0.066674,5.5454,6.4872,-35.269,-30.778,23.134,10.581
12.03,2.5479,-2.2917,1.7407,-0.41907,0.053475,0,0.90638,-0.031804,-2.1776,-0.84588,0.15863,-0.10965,-0.041337,1.0338,8.1015,-2.9488,0,0,0,1.674,1.6362,1.5219,1.5667,-0.2853,5.2363,6.7156,-35.119,-31.051,22.549,10.665
12.04,2.5477,-2.3131,1.7321,-0.41829,0.052807,0,0.90678,-0.021486,-2.0964,-0.87503,0.18926,-0.14088,-0.053968,1.0292,8.1523,-2.8805,0,0,0,1.6839,1.6473,1.5367,1.5801,-0.63558,4.9245,6.9381,-34.929,-31.311,21.936,10.747
12.05,2.5475,-2.3337,1.7232,-0.41738,0.051974,0,0.90725,-0.011232,-2.0146,-0.90348,0.21903,-0.17115,-0.066191,1.0211,8.1999,-2.8101,0,0,0,1.6936,1.6583,1.5513,1.5933,-0.98376,4.6101,7.1543,-34.7,-31.558,21.298,10.827
12.06,2.5474,-2.3534,1.7141,-0.41634,0.05098,0,0.90778,-0.0010761,-1.9324,-0.93122,0.248,-0.20046,-0.078008,1.0095,8.2445,-2.7375,0,0,0,1.7032,1.669,1.5657,1.6063,-1.3295,4.2933,7.364,-34.432,-31.793,20.636,10.907
12.07,2.5475,-2.3723,1.7046,-0.41517,0.049831,0,0.90838,0.0089468,-1.8497,-0.95823,0.27619,-0.2288,-0.089421,0.99451,8.2858,-2.6628,0,0,0,1.7125,1.6796,1.5799,1.6191,-1.6723,3.9743,7.5669,-34.127,-32.015,19.95,10.985
12.08,2.5476,-2.3904,1.6949,-0.41387,0.048532,0,0.90904,0.018803,-1.7667,-0.98447,0.30363,-0.25619,-0.10043,0.97608,8.3239,-2.5861,0,0,0,1.7217,1.69,1.594,1.6317,-2.0119,3.6531,7.7629,-33.785,-32.225,19.241,11.062
12.09,2.5479,-2.4076,1.6849,-0.41246,0.047088,0,0.90976,0.028457,-1.6833,-1.0099,0.33035,-0.28264,-0.11104,0.95428,8.3588,-2.5076,0,0,0,1.7307,1.7003,1.6078,1.6442,-2.3479,3.3299,7.9517,-33.408,-32.421,18.511,11.138
12.1,2.5482,-2.4241,1.6747,-0.41092,0.045504,0,0.91053,0.037877,-1.5995,-1.0346,0.35638,-0.30815,-0.12126,0.92914,8.3905,-2.4271,0,0,0,1.7395,1.7103,1.6214,1.6564,-2.6799,3.0047,8.133,-32.996,-32.605,17.76,11.213
12.11,2.5486,-2.4396,1.6642,-0.40927,0.043785,0,0.91136,0.047029,-1.5155,-1.0585,0.38174,-0.33273,-0.13108,0.9007,8.4189,-2.3449,0,0,0,1.7481,1.7202,1.6347,1.6684,-3.0077,2.6778,8.3068,-32.55,-32.776,16.99,11.286
12.12,2.5491,-2.4544,1.6535,-0.4075,0.041937,0,0.91224,0.05588,-1.4311,-1.0815,0.40647,-0.35638,-0.14051,0.869,8.4441,-2.261,0,0,0,1.7566,1.7298,1.6479,1.6802,-3.3308,2.3492,8.4728,-32.072,-32.934,16.201,11.358
12.13,2.5497,-2.4683,1.6426,-0.40562,0.039963,0,0.91317,0.064398,-1.3466,-1.1037,0.43057,-0.37913,-0.14956,0.8341,8.4659,-2.1755,0,0,0,1.7648,1.7394,1.6608,1.6918,-3.649,2.0192,8.6308,-31.562,-33.078,15.395,11.428
12.14,2.5504,-2.4813,1.6315,-0.40363,0.03787,0,0.91414,0.072552,-1.2618,-1.125,0.45408,-0.40097,-0.15823,0.79604,8.4845,-2.0884,0,0,0,1.773,1.7487,1.6736,1.7032,-3.9619,1.6877,8.7806,-31.021,-33.21,14.572,11.497
12.15,2.5512,-2.4935,1.6201,-0.40153,0.035661,0,0.91515,0.080309,-1.1769,-1.1455,0.477,-0.42191,-0.16653,0.75488,8.4997,-1.9999,0,0,0,1.7809,1.7578,1.6861,1.7144,-4.2693,1.355,8.9221,-30.451,-33.329,13.734,11.565
12.16,2.552,-2.5048,1.6086,-0.39932,0.033342,0,0.9162,0.087639,-1.0919,-1.165,0.49937,-0.44197,-0.17446,0.71067,8.5115,-1.91,0,0,0,1.7887,1.7668,1.6984,1.7254,-4.5709,1.0212,9.0552,-29.853,-33.434,12.881,11.632
12.17,2.5529,-2.5153,1.5968,-0.39701,0.030916,0,0.91729,0.094512,-1.0067,-1.1837,0.52118,-0.46116,-0.18203,0.66348,8.5201,-1.8188,0,0,0,1.7964,1.7757,1.7104,1.7362,-4.8663,0.68638,9.1797,-29.226,-33.526,12.016,11.698
12.18,2.5539,-2.525,1.5849,-0.3946,0.02839,0,0.91841,0.1009,-0.92147,-1.2014,0.54247,-0.47947,-0.18924,0.61337,8.5253,-1.7265,0,0,0,1.8039,1.7843,1.7223,1.7467,-5.1553,0.35072,9.2955,-28.573,-33.604,11.137,11.762
12.19,2.5549,-2.5338,1.5728,-0.39209,0.025768,0,0.91957,0.10677,-0.8362,-1.2182,0.56323,-0.49693,-0.1961,0.5604,8.5271,-1.633,0,0,0,1.8112,1.7928,1.7339,1.7571,-5.4377,0.014339,9.4024,-27.895,-33.669,10.248,11.825
12.2,2.556,-2.5417,1.5605,-0.38947,0.023053,0,0.92075,0.1121,-0.75094,-1.234,0.58349,-0.51355,-0.20262,0.50464,8.5256,-1.5384,0,0,0,1.8184,1.8012,1.7454,1.7673,-5.7131,-0.32262,9.5004,-27.191,-33.721,9.3477,11.887
12.21,2.5572,-2.5488,1.5481,-0.38676,0.020252,0,0.92196,0.11685,-0.6657,-1.2489,0.60325,-0.52932,-0.2088,0.44616,8.5206,-1.443,0,0,0,1.8255,1.8094,1.7566,1.7773,-5.9814,-0.66003,9.5894,-26.464,-33.758,8.4384,11.948
12.22,2.5584,-2.555,1.5356,-0.38395,0.017367,0,0.92319,0.12101,-0.58054,-1.2629,0.62253,-0.54427,-0.21465,0.38503,8.5124,-1.3467,0,0,0,1.8324,1.8174,1.7676,1.7871,-6.2423,-0.99774,9.6692,-25.714,-33.783,7.5208,12.007
12.23,2.5596,-2.5604,1.5229,-0.38105,0.014404,0,0.92444,0.12455,-0.49547,-1.2759,0.64134,-0.5584,-0.22018,0.32134,8.5007,-1.2496,0,0,0,1.8392,1.8253,1.7784,1.7967,-6.4956,-1.3356,9.7398,-24.943,-33.794,6.596,12.066
12.24,2.5609,-2.5649,1.51,-0.37806,0.011367,0,0.92571,0.12743,-0.41053,-1.2879,0.65967,-0.57173,-0.22539,0.25515,8.4856,-1.1519,0,0,0,1.8458,1.8331,1.789,1.8061,-6.7411,-1.6736,9.8011,-24.151,-33.791,5.6649,12.123
12.25,2.5622,-2.5686,1.4971,-0.37497,0.008261,0,0.927,0.12964,-0.32577,-1.2989,0.67755,-0.58426,-0.2303,0.18654,8.4672,-1.0536,0,0,0,1.8524,1.8407,1.7994,1.8153,-6.9786,-2.0114,9.853,-23.339,-33.775,4.7286,12.18
12.26,2.5635,-2.5714,1.4841,-0.3718,0.0050892,0,0.9283,0.13115,-0.2412,-1.309,0.69499,-0.59601,-0.2349,0.1156,8.4454,-0.95488,0,0,0,1.8588,1.8482,1.8095,1.8243,-7.2078,-2.349,9.8956,-22.508,-33.745,3.7881,12.235
12.27,2.5648,-2.5734,1.4709,-0.36853,0.0018563,0,0.92961,0.13195,-0.15687,-1.318,0.71198,-0.60698,-0.23921,0.042414,8.4202,-0.85575,0,0,0,1.8651,1.8556,1.8195,1.8332,-7.4287,-2.6863,9.9288,-21.66,-33.702,2.8445,12.289
12.28,2.5661,-2.5746,1.4577,-0.36518,-0.0014335,0,0.93094,0.13199,-0.072807,-1.3261,0.72853,-0.6172,-0.24323,-0.032942,8.3917,-0.75634,0,0,0,1.8713,1.8628,1.8293,1.8418,-7.641,-3.023,9.9525,-20.795,-33.645,1.8987,12.342
12.29,2.5674,-2.5749,1.4444,-0.36175,-0.0047763,0,0.93226,0.13128,0.010953,-1.3331,0.74466,-0.62666,-0.24698,-0.11038,8.3598,-0.65674,0,0,0,1.8774,1.8699,1.8389,1.8503,-7.8445,-3.3591,9.9668,-19.915,-33.574,0.95174,12.394
12.3,2.5687,-2.5744,1.4311,-0.35823,-0.0081678,0,0.9336,0.12978,0.094377,-1.3392,0.76037,-0.63539,-0.25046,-0.1898,8.3245,-0.55704,0,0,0,1.8834,1.8769,1.8483,1.8586,-8.0392,-3.6945,9.9715,-19.019,-33.49,0.0047146,12.445
12.31,2.57,-2.573,1.4176,-0.35463,-0.011604,0,0.93494,0.12748,0.17743,-1.3443,0.77566,-0.64339,-0.25367,-0.27113,8.2859,-0.45734,0,0,0,1.8893,1.8838,1.8575,1.8668,-8.2249,-4.0289,9.9669,-18.11,-33.392,-0.94139,12.496
12.32,2.5713,-2.5708,1.4042,-0.35095,-0.015081,0,0.93627,0.12435,0.26008,-1.3484,0.79055,-0.65069,-0.25663,-0.35427,8.2439,-0.35773,0,0,0,1.8951,1.8905,1.8665,1.8747,-8.4014,-4.3623,9.9527,-17.188,-33.281,-1.8855,12.545
12.33,2.5725,-2.5678,1.3907,-0.34719,-0.018596,0,0.93761,0.12039,0.3423,-1.3514,0.80504,-0.65728,-0.25935,-0.43913,8.1987,-0.25831,0,0,0,1.9008,1.8971,1.8753,1.8825,-8.5686,-4.6944,9.9292,-16.255,-33.155,-2.8267,12.593
12.34,2.5737,-2.564,1.3771,-0.34335,-0.022143,0,0.93895,0.11556,0.42405,-1.3535,0.81914,-0.66319,-0.26183,-0.52561,8.1501,-0.15918,0,0,0,1.9063,1.9036,1.8839,1.8902,-8.7264,-5.0253,9.8962,-15.31,-33.016,-3.7639,12.64
12.35,2.5748,-2.5593,1.3636,-0.33944,-0.02572,0,0.94028,0.10987,0.50529,-1.3546,0.83285,-0.66843,-0.26408,-0.61362,8.0982,-0.06042,0,0,0,1.9118,1.91,1.8924,1.8976,-8.8748,-5.3547,9.8539,-14.356,-32.864,-4.696,12.686
12.36,2.5759,-2.5539,1.3501,-0.33545,-0.029324,0,0.9416,0.10329,0.586,-1.3547,0.84618,-0.673,-0.26612,-0.70307,8.043,0.037868,0,0,0,1.9172,1.9163,1.9006,1.9049,-9.0135,-5.6825,9.8023,-13.394,-32.698,-5.6222,12.732
12.37,2.5769,-2.5476,1.3365,-0.33139,-0.032949,0,0.94292,0.095803,0.66614,-1.3539,0.85914,-0.67694,-0.26794,-0.79386,7.9845,0.13559,0,0,0,1.9226,1.9225,1.9086,1.912,-9.1426,-6.0086,9.7415,-12.423,-32.518,-6.5412,12.776
12.38,2.5778,-2.5405,1.323,-0.32726,-0.036593,0,0.94422,0.087405,0.74568,-1.352,0.87174,-0.68025,-0.26956,-0.88589,7.9228,0.23267,0,0,0,1.9278,1.9285,1.9165,1.9189,-9.262,-6.3329,9.6715,-11.446,-32.324,-7.4521,12.82
12.39,2.5786,-2.5327,1.3095,-0.32306,-0.040253,0,0.94552,0.078081,0.82458,-1.3492,0.88398,-0.68294,-0.27098,-0.97907,7.8579,0.32899,0,0,0,1.9329,1.9345,1.9242,1.9257,-9.3715,-6.6551,9.5925,-10.463,-32.116,-8.354,12.862
12.4,2.5793,-2.524,1.296,-0.3188,-0.043925,0,0.9468,0.06782,0.90282,-1.3454,0.89588,-0.68503,-0.27222,-1.0733,7.7897,0.42449,0,0,0,1.9379,1.9403,1.9316,1.9323,-9.4712,-6.9751,9.5045,-9.4752,-31.895,-9.2456,12.904
12.41,2.58,-2.5146,1.2826,-0.31446,-0.047606,0,0.94808,0.056612,0.98037,-1.3407,0.90744,-0.68654,-0.27328,-1.1685,7.7184,0.51905,0,0,0,1.9429,1.946,1.9389,1.9388,-9.561,-7.2929,9.4076,-8.4838,-31.66,-10.126,12.944
12.42,2.5805,-2.5044,1.2692,-0.31006,-0.051292,0,0.94933,0.044448,1.0572,-1.3351,0.91867,-0.68748,-0.27418,-1.2645,7.6439,0.61261,0,0,0,1.9478,1.9516,1.946,1.9451,-9.6409,-7.6083,9.302,-7.4896,-31.411,-10.994,12.984
12.43,2.5808,-2.4935,1.2559,-0.3056,-0.054981,0,0.95057,0.03132,1.1332,-1.3285,0.92959,-0.68786,-0.27491,-1.3612,7.5662,0.70506,0,0,0,1.9525,1.9571,1.9529,1.9512,-9.7108,-7.9211,9.1877,-6.4936,-31.149,-11.85,13.023
12.44,2.5811,-2.4818,1.2426,-0.30108,-0.05867,0,0.95179,0.017221,1.2085,-1.321,0.94019,-0.6877,-0.27549,-1.4587,7.4854,0.79634,0,0,0,1.9572,1.9625,1.9596,1.9571,-9.7707,-8.2312,9.065,-5.4969,-30.872,-12.691,13.061
12.45,2.5812,-2.4693,1.2295,-0.29649,-0.062355,0,0.953,0.0021449,1.2829,-1.3126,0.95049,-0.68702,-0.27593,-1.5566,7.4016,0.88634,0,0,0,1.9618,1.9678,1.9661,1.9629,-9.8207,-8.5385,8.934,-4.5004,-30.582,-13.516,13.098
12.46,2.5811,-2.4561,1.2164,-0.29185,-0.066034,0,0.95418,-0.013913,1.3565,-1.3032,0.96051,-0.68583,-0.27624,-1.655,7.3147,0.97499,0,0,0,1.9662,1.9729,1.9725,1.9685,-9.8608,-8.8428,8.7948,-3.5052,-30.278,-14.326,13.133
12.47,2.5809,-2.4422,1.2034,-0.28715,-0.069705,0,0.95535,-0.030957,1.4292,-1.2931,0.97025,-0.68415,-0.27642,-1.7538,7.2247,1.0622,0,0,0,1.9706,1.9779,1.9786,1.9739,-9.8908,-9.144,8.6475,-2.5122,-29.959,-15.118,13.168
12.48,2.5805,-2.4275,1.1905,-0.28239,-0.073363,0,0.95649,-0.04899,1.501,-1.282,0.97972,-0.68199,-0.27649,-1.8528,7.1318,1.1479,0,0,0,1.9749,1.9828,1.9845,1.9791,-9.911,-9.442,8.4925,-1.5225,-29.627,-15.892,13.202
12.49,2.5799,-2.4122,1.1778,-0.27757,-0.077008,0,0.95761,-0.068014,1.5718,-1.2701,0.98893,-0.67936,-0.27644,-1.952,7.0359,1.232,0,0,0,1.9791,1.9876,1.9902,1.9842,-9.9213,-9.7365,8.3297,-0.53705,-29.28,-16.647,13.235
12.5,2.5791,-2.3961,1.1651,-0.2727,-0.080635,0,0.95871,-0.08803,1.6417,-1.2574,0.9979,-0.67629,-0.2763,-2.0512,6.9371,1.3145,0,0,0,1.9831,1.9922,1.9957,1.989,-9.9218,-10.028,8.1596,0.44317,-28.92,-17.382,13.267
12.51,2.5782,-2.3793,1.1526,-0.26778,-0.084244,0,0.95979,-0.10904,1.7106,-1.2438,1.0066,-0.67278,-0.27606,-2.1504,6.8354,1.3952,0,0,0,1.9871,1.9967,2.001,1.9937,-9.9125,-10.315,7.9822,1.4171,-28.545,-18.095,13.298
12.52,2.577,-2.3619,1.1402,-0.26281,-0.087831,0,0.96084,-0.13104,1.7784,-1.2295,1.0151,-0.66885,-0.27574,-2.2494,6.7308,1.4741,0,0,0,1.9909,2.0011,2.0062,1.9983,-9.8935,-10.598,7.7978,2.3839,-28.156,-18.786,13.327
12.53,2.5755,-2.3438,1.128,-0.25779,-0.091395,0,0.96187,-0.15403,1.8452,-1.2143,1.0235,-0.66451,-0.27534,-2.3482,6.6234,1.5511,0,0,0,1.9946,2.0053,2.0111,2.0026,-9.8648,-10.878,7.6065,3.3423,-27.753,-19.454,13.356
12.54,2.5739,-2.325,1.116,-0.25271,-0.094932,0,0.96287,-0.178,1.9109,-1.1985,1.0316,-0.65979,-0.27487,-2.4467,6.5133,1.6262,0,0,0,1.9982,2.0094,2.0157,2.0067,-9.8266,-11.153,7.4088,4.2915,-27.335,-20.097,13.384
12.55,2.572,-2.3056,1.1041,-0.24759,-0.098441,0,0.96385,-0.20296,1.9754,-1.1818,1.0395,-0.65468,-0.27434,-2.5447,6.4004,1.6993,0,0,0,2.0017,2.0134,2.0202,2.0107,-9.779,-11.425,7.2047,5.2305,-26.903,-20.716,13.41
12.56,2.5698,-2.2855,1.0923,-0.24243,-0.10192,0,0.9648,-0.22889,2.0389,-1.1645,1.0472,-0.64921,-0.27375,-2.6423,6.2848,1.7703,0,0,0,2.005,2.0172,2.0245,2.0144,-9.7221,-11.691,6.9945,6.1582,-26.457,-21.308,13.435
12.57,2.5674,-2.2648,1.0808,-0.23721,-0.10537,0,0.96573,-0.2558,2.1011,-1.1464,1.0548,-0.64338,-0.27312,-2.7391,6.1666,1.8392,0,0,0,2.0082,2.0208,2.0285,2.018,-9.6559,-11.954,6.7786,7.0737,-25.996,-21.873,13.459
12.58,2.5647,-2.2435,1.0694,-0.23195,-0.10878,0,0.96663,-0.28367,2.1622,-1.1277,1.0622,-0.63722,-0.27245,-2.8353,6.0457,1.9058,0,0,0,2.0113,2.0243,2.0324,2.0214,-9.5806,-12.211,6.5572,7.9759,-25.521,-22.409,13.482
12.59,2.5617,-2.2216,1.0582,-0.22665,-0.11216,0,0.9675,-0.31251,2.222,-1.1083,1.0695,-0.63072,-0.27174,-2.9307,5.9223,1.9703,0,0,0,2.0142,2.0277,2.036,2.0245,-9.4964,-12.464,6.3305,8.8639,-25.031,-22.916,13.504
12.6,2.5584,-2.199,1.0472,-0.2213,-0.1155,0,0.96834,-0.34229,2.2806,-1.0883,1.0767,-0.62391,-0.271,-3.0252,5.7965,2.0324,0,0,0,2.017,2.0309,2.0394,2.0275,-9.4034,-12.712,6.099,9.7366,-24.527,-23.393,13.525
12.61,2.5549,-2.1759,1.0365,-0.21591,-0.1188,0,0.96916,-0.37301,2.338,-1.0677,1.0837,-0.61679,-0.27025,-3.1188,5.6681,2.0922,0,0,0,2.0196,2.0339,2.0426,2.0302,-9.3018,-12.955,5.8628,10.593,-24.008,-23.839,13.544
12.62,2.551,-2.1523,1.0259,-0.21048,-0.12206,0,0.96995,-0.40466,2.394,-1.0465,1.0906,-0.60937,-0.26948,-3.2112,5.5374,2.1497,0,0,0,2.0221,2.0368,2.0455,2.0328,-9.1916,-13.192,5.6223,11.432,-23.474,-24.252,13.562
12.63,2.5468,-2.1281,1.0155,-0.205,-0.12528,0,0.97071,-0.43723,2.4487,-1.0247,1.0974,-0.60167,-0.2687,-3.3026,5.4043,2.2047,0,0,0,2.0244,2.0395,2.0483,2.0351,-9.0732,-13.424,5.3778,12.253,-22.926,-24.632,13.579
12.64,2.5422,-2.1033,1.0054,-0.19949,-0.12845,0,0.97145,-0.47071,2.5021,-1.0024,1.1042,-0.59368,-0.26791,-3.3927,5.2689,2.2572,0,0,0,2.0266,2.042,2.0508,2.0373,-8.9466,-13.65,5.1298,13.055,-22.363,-24.978,13.594
12.65,2.5373,-2.078,0.99548,-0.19393,-0.13158,0,0.97215,-0.50508,2.5541,-0.97956,1.1108,-0.58543,-0.26713,-3.4815,5.1313,2.3073,0,0,0,2.0286,2.0443,2.0531,2.0392,-8.8121,-13.871,4.8784,13.837,-21.785,-25.288,13.609
12.66,2.5321,-2.0522,0.98581,-0.18834,-0.13466,0,0.97283,-0.54033,2.6047,-0.95624,1.1174,-0.57691,-0.26636,-3.5689,4.9915,2.3548,0,0,0,2.0304,2.0465,2.0552,2.0409,-8.6699,-14.086,4.6241,14.598,-21.193,-25.565,13.622
12.67,2.5265,-2.0259,0.97636,-0.1827,-0.13769,0,0.97348,-0.57645,2.6539,-0.93247,1.1239,-0.56813,-0.2656,-3.6549,4.8496,2.3997,0,0,0,2.0321,2.0485,2.057,2.0424,-8.5202,-14.295,4.3672,15.34,-20.587,-25.807,13.633
12.68,2.5206,-1.9992,0.96716,-0.17703,-0.14067,0,0.9741,-0.61342,2.7017,-0.90826,1.1304,-0.55911,-0.26485,-3.7393,4.7056,2.4421,0,0,0,2.0336,2.0503,2.0587,2.0437,-8.3632,-14.498,4.1081,16.062,-19.967,-26.016,13.644
12.69,2.5143,-1.9719,0.9582,-0.17132,-0.14361,0,0.97469,-0.65123,2.748,-0.88364,1.1367,-0.54984,-0.26412,-3.8221,4.5597,2.4819,0,0,0,2.0349,2.052,2.0601,2.0448,-8.1991,-14.694,3.847,16.764,-19.335,-26.192,13.653
12.7,2.5076,-1.9442,0.94949,-0.16557,-0.14649,0,0.97526,-0.68986,2.7929,-0.85863,1.1431,-0.54032,-0.26342,-3.9032,4.4118,2.519,0,0,0,2.0361,2.0534,2.0613,2.0457,-8.028,-14.884,3.5844,17.447,-18.69,-26.336,13.661
12.71,2.5005,-1.9161,0.94103,-0.15979,-0.14931,0,0.97579,-0.72929,2.8362,-0.83326,1.1493,-0.53057,-0.26275,-3.9826,4.262,2.5536,0,0,0,2.0371,2.0547,2.0623,2.0464,-7.8502,-15.068,3.3204,18.111,-18.033,-26.448,13.667
12.72,2.493,-1.8875,0.93282,-0.15396,-0.15208,0,0.9763,-0.76951,2.8781,-0.80757,1.1556,-0.52058,-0.2621,-4.0602,4.1104,2.5855,0,0,0,2.0378,2.0558,2.0631,2.0468,-7.6658,-15.245,3.0555,18.755,-17.364,-26.53,13.673
12.73,2.4851,-1.8585,0.92488,-0.14811,-0.1548,0,0.97678,-0.81049,2.9184,-0.78156,1.1618,-0.51036,-0.26149,-4.1359,3.9571,2.6147,0,0,0,2.0385,2.0568,2.0637,2.0471,-7.4752,-15.415,2.7899,19.379,-16.684,-26.581,13.677
12.74,2.4768,-1.8291,0.91719,-0.14221,-0.15745,0,0.97723,-0.85222,2.9572,-0.75528,1.1679,-0.4999,-0.26092,-4.2097,3.8022,2.6413,0,0,0,2.0389,2.0575,2.0641,2.0472,-7.2783,-15.579,2.524,19.985,-15.993,-26.602,13.679
12.75,2.468,-1.7994,0.90977,-0.13628,-0.16005,0,0.97766,-0.89468,2.9945,-0.72875,1.174,-0.48921,-0.26039,-4.2815,3.6456,2.6652,0,0,0,2.0391,2.0581,2.0643,2.047,-7.0755,-15.735,2.258,20.572,-15.292,-26.594,13.681
12.76,2.4589,-1.7692,0.90262,-0.13032,-0.16259,0,0.97805,-0.93784,3.0301,-0.70199,1.18,-0.47828,-0.25989,-4.3512,3.4875,2.6864,0,0,0,2.0392,2.0584,2.0643,2.0467,-6.8669,-15.884,1.9922,21.139,-14.581,-26.558,13.681
12.77,2.4493,-1.7388,0.89573,-0.12432,-0.16507,0,0.97842,-0.98169,3.0642,-0.67503,1.186,-0.46712,-0.25944,-4.4188,3.3279,2.705,0,0,0,2.0391,2.0587,2.0641,2.0461,-6.6528,-16.027,1.7269,21.688,-13.861,-26.493,13.68
12.78,2.4392,-1.708,0.88912,-0.11829,-0.16748,0,0.97875,-1.0262,3.0967,-0.6479,1.1919,-0.45572,-0.25904,-4.4842,3.167,2.721,0,0,0,2.0388,2.0587,2.0636,2.0454,-6.4332,-16.162,1.4624,22.219,-13.131,-26.401,13.678
12.79,2.4287,-1.6768,0.88277,-0.11222,-0.16984,0,0.97906,-1.0714,3.1275,-0.62062,1.1978,-0.44409,-0.25868,-4.5474,3.0047,2.7343,0,0,0,2.0384,2.0586,2.063,2.0445,-6.2085,-16.289,1.199,22.73,-12.393,-26.282,13.674
12.8,2.4178,-1.6454,0.87671,-0.10612,-0.17212,0,0.97934,-1.1172,3.1568,-0.59322,1.2036,-0.43221,-0.25838,-4.6084,2.8412,2.7449,0,0,0,2.0378,2.0582,2.0623,2.0433,-5.9787,-16.41,0.93686,23.224,-11.647,-26.137,13.669
12.81,2.4064,-1.6137,0.87091,-0.099986,-0.17434,0,0.9796,-1.1635,3.1844,-0.56573,1.2094,-0.42009,-0.25812,-4.667,2.6765,2.753,0,0,0,2.037,2.0578,2.0613,2.042,-5.7441,-16.522,0.67632,23.699,-10.893,-25.967,13.663
12.82,2.3945,-1.5817,0.86539,-0.093821,-0.17649,0,0.97982,-1.2105,3.2103,-0.53817,1.2151,-0.40773,-0.25792,-4.7232,2.5108,2.7585,0,0,0,2.036,2.0571,2.0601,2.0405,-5.5048,-16.627,0.41761,24.156,-10.132,-25.771,13.656
12.83,2.3822,-1.5495,0.86015,-0.087625,-0.17858,0,0.98002,-1.258,3.2346,-0.51057,1.2207,-0.39511,-0.25777,-4.7771,2.344,2.7614,0,0,0,2.0348,2.0563,2.0588,2.0388,-5.261,-16.725,0.16098,24.594,-9.3636,-25.551,13.648
12.84,2.3694,-1.5171,0.85518,-0.081398,-0.18059,0,0.98018,-1.306,3.2572,-0.48295,1.2262,-0.38225,-0.25767,-4.8285,2.1763,2.7617,0,0,0,2.0335,2.0553,2.0573,2.037,-5.0129,-16.815,-0.093327,25.015,-8.5891,-25.307,13.639
12.85,2.3561,-1.4844,0.85049,-0.075141,-0.18253,0,0.98032,-1.3545,3.2781,-0.45534,1.2317,-0.36913,-0.25763,-4.8773,2.0078,2.7595,0,0,0,2.0321,2.0542,2.0557,2.035,-4.7608,-16.897,-0.34508,25.418,-7.8087,-25.04,13.628
12.86,2.3423,-1.4515,0.84607,-0.068854,-0.1844,0,0.98044,-1.4036,3.2973,-0.42777,1.237,-0.35575,-0.25765,-4.9237,1.8384,2.7548,0,0,0,2.0304,2.0529,2.0538,2.0327,-4.5047,-16.971,-0.59404,25.803,-7.0227,-24.75,13.617
12.87,2.328,-1.4184,0.84193,-0.062538,-0.1862,0,0.98052,-1.453,3.3149,-0.40025,1.2423,-0.3421,-0.25772,-4.9674,1.6684,2.7476,0,0,0,2.0287,2.0515,2.0518,2.0304,-4.2448,-17.037,-0.84,26.17,-6.2316,-24.438,13.604
12.88,2.3132,-1.3852,0.83807,-0.056193,-0.18792,0,0.98058,-1.5029,3.3307,-0.37282,1.2474,-0.32819,-0.25786,-5.0085,1.4977,2.738,0,0,0,2.0267,2.0499,2.0497,2.0278,-3.9813,-17.095,-1.0827,26.52,-5.4359,-24.104,13.59
12.89,2.2979,-1.3518,0.83448,-0.049822,-0.18956,0,0.9806,-1.5532,3.3448,-0.3455,1.2524,-0.31401,-0.25805,-5.047,1.3265,2.726,0,0,0,2.0246,2.0482,2.0474,2.0251,-3.7144,-17.146,-1.322,26.853,-4.636,-23.75,13.576
12.9,2.2821,-1.3183,0.83116,-0.043424,-0.19113,0,0.9806,-1.6038,3.3572,-0.31831,1.2572,-0.29955,-0.2583,-5.0828,1.1548,2.7116,0,0,0,2.0224,2.0463,2.045,2.0223,-3.4443,-17.188,-1.5577,27.168,-3.8323,-23.376,13.56
12.91,2.2659,-1.2847,0.82811,-0.037,-0.19261,0,0.98058,-1.6548,3.3679,-0.29128,1.2619,-0.28481,-0.25862,-5.1159,0.98276,2.6948,0,0,0,2.0201,2.0443,2.0424,2.0193,-3.1711,-17.222,-1.7895,27.466,-3.0253,-22.981,13.543
12.92,2.249,-1.251,0.82533,-0.030552,-0.19401,0,0.98052,-1.7061,3.3769,-0.26442,1.2664,-0.26978,-0.259,-5.1462,0.81039,2.6758,0,0,0,2.0176,2.0422,2.0396,2.0162,-2.8951,-17.249,-2.0172,27.746,-2.2154,-22.568,13.526
12.93,2.2317,-1.2172,0.82282,-0.02408,-0.19534,0,0.98044,-1.7577,3.3841,-0.23777,1.2708,-0.25447,-0.25943,-5.1738,0.63781,2.6545,0,0,0,2.0149,2.0399,2.0368,2.0129,-2.6163,-17.267,-2.2408,28.01,-1.4031,-22.136,13.508
12.94,2.2139,-1.1833,0.82058,-0.017586,-0.19657,0,0.98033,-1.8096,3.3896,-0.21134,1.275,-0.23887,-0.25994,-5.1985,0.46509,2.631,0,0,0,2.0122,2.0376,2.0338,2.0095,-2.3349,-17.277,-2.4599,28.257,-0.58875,-21.686,13.488
12.95,2.1955,-1.1494,0.81859,-0.011071,-0.19772,0,0.9802,-1.8617,3.3934,-0.18516,1.2789,-0.22297,-0.2605,-5.2205,0.29231,2.6053,0,0,0,2.0093,2.0351,2.0307,2.0059,-2.0512,-17.278,-2.6744,28.487,0.22717,-21.219,13.468
12.96,2.1767,-1.1154,0.81687,-0.0045355,-0.19879,0,0.98003,-1.914,3.3955,-0.15924,1.2827,-0.20678,-0.26113,-5.2396,0.11955,2.5775,0,0,0,2.0063,2.0325,2.0275,2.0023,-1.7652,-17.272,-2.8842,28.701,1.0442,-20.736,13.447
12.97,2.1573,-1.0815,0.81541,0.0020186,-0.19976,0,0.97984,-1.9665,3.3958,-0.13361,1.2862,-0.19028,-0.26183,-5.2558,-0.053109,2.5477,0,0,0,2.0032,2.0297,2.0241,1.9985,-1.4772,-17.258,-3.0891,28.898,1.862,-20.236,13.426
12.98,2.1373,-1.0475,0.8142,0.0085899,-0.20064,0,0.97963,-2.0191,3.3944,-0.10829,1.2895,-0.17348,-0.26259,-5.2691,-0.22558,2.5158,0,0,0,2,2.0269,2.0207,1.9946,-1.1873,-17.235,-3.2889,29.078,2.6801,-19.721,13.404
12.99,2.1169,-1.0136,0.81324,0.015177,-0.20144,0,0.97938,-2.0719,3.3913,-0.083302,1.2925,-0.15637,-0.26341,-5.2795,-0.39778,2.4819,0,0,0,1.9967,2.024,2.0171,1.9905,-0.8957,-17.204,-3.4835,29.242,3.498,-19.192,13.381
13,2.0959,-0.97969,0.81253,0.021778,-0.20213,0,0.97912,-2.1247,3.3865,-0.058661,1.2952,-0.13895,-0.2643,-5.287,-0.56963,2.4461,0,0,0,1.9933,2.021,2.0135,1.9864,-0.60253,-17.165,-3.6727,29.39,4.3153,-18.648,13.357
13.01,2.0744,-0.94586,0.81207,0.028392,-0.20274,0,0.97882,-2.1776,3.3799,-0.034386,1.2976,-0.12122,-0.26526,-5.2916,-0.74105,2.4085,0,0,0,1.9897,2.0179,2.0097,1.9822,-0.30796,-17.118,-3.8564,29.521,5.1316,-18.091,13.333
13.02,2.0523,-0.9121,0.81184,0.035017,-0.20325,0,0.9785,-2.2305,3.3716,-0.010497,1.2998,-0.10317,-0.26628,-5.2932,-0.91196,2.369,0,0,0,1.9862,2.0147,2.0059,1.9779,-0.012154,-17.062,-4.0345,29.637,5.9465,-17.522,13.308
13.03,2.0298,-0.87843,0.81185,0.041651,-0.20365,0,0.97816,-2.2834,3.3617,0.012988,1.3015,-0.084816,-0.26737,-5.2918,-1.0823,2.3278,0,0,0,1.9825,2.0114,2.002,1.9735,0.28472,-16.999,-4.2068,29.736,6.7595,-16.94,13.282
13.04,2.0067,-0.84487,0.8121,0.048292,-0.20396,0,0.97779,-2.3363,3.35,0.036053,1.303,-0.066144,-0.26853,-5.2875,-1.2519,2.2849,0,0,0,1.9788,2.008,1.998,1.969,0.58251,-16.927,-4.3732,29.819,7.5702,-16.348,13.256
13.05,1.983,-0.81144,0.81257,0.054938,-0.20417,0,0.97739,-2.3892,3.3366,0.058681,1.304,-0.047159,-0.26976,-5.2802,-1.4208,2.2404,0,0,0,1.9749,2.0046,1.9939,1.9644,0.88105,-16.847,-4.5337,29.886,8.3782,-15.744,13.23
13.06,1.9589,-0.77815,0.81327,0.061588,-0.20428,0,0.97697,-2.4419,3.3216,0.080855,1.3047,-0.02786,-0.27105,-5.2698,-1.5888,2.1942,0,0,0,1.9711,2.0011,1.9897,1.9598,1.1802,-16.76,-4.6881,29.938,9.183,-15.131,13.203
13.07,1.9342,-0.74501,0.81419,0.068238,-0.20428,0,0.97653,-2.4946,3.3049,0.10256,1.305,-0.0082485,-0.27241,-5.2565,-1.7559,2.1466,0,0,0,1.9671,1.9976,1.9855,1.9551,1.4798,-16.664,-4.8363,29.974,9.9842,-14.508,13.176
13.08,1.909,-0.71205,0.81532,0.074887,-0.20417,0,0.97607,-2.547,3.2865,0.12378,1.3049,0.011673,-0.27385,-5.2402,-1.9221,2.0975,0,0,0,1.9631,1.9939,1.9812,1.9503,1.7796,-16.56,-4.9782,29.994,10.781,-13.877,13.148
13.09,1.8833,-0.67929,0.81666,0.081533,-0.20396,0,0.97558,-2.5994,3.2664,0.14451,1.3043,0.031903,-0.27535,-5.221,-2.0871,2.0471,0,0,0,1.9591,1.9903,1.9769,1.9455,2.0796,-16.448,-5.1138,29.998,11.574,-13.238,13.12
13.1,1.857,-0.64673,0.81821,0.088173,-0.20363,0,0.97507,-2.6515,3.2447,0.16472,1.3033,0.052439,-0.27692,-5.1987,-2.251,1.9953,0,0,0,1.955,1.9865,1.9725,1.9406,2.3795,-16.328,-5.2429,29.987,12.362,-12.591,13.091
13.11,1.8302,-0.6144,0.81996,0.094804,-0.2032,0,0.97454,-2.7033,3.2214,0.18441,1.3018,0.073276,-0.27856,-5.1734,-2.4137,1.9422,0,0,0,1.9509,1.9828,1.9681,1.9357,2.6793,-16.201,-5.3656,29.961,13.144,-11.938,13.062
13.12,1.8029,-0.58231,0.8219,0.10142,-0.20265,0,0.97398,-2.7549,3.1965,0.20356,1.2998,0.09441,-0.28028,-5.1451,-2.575,1.888,0,0,0,1.9467,1.9789,1.9636,1.9308,2.9787,-16.066,-5.4817,29.919,13.921,-11.278,13.033
13.13,1.7751,-0.55048,0.82403,0.10803,-0.202,0,0.97341,-2.8062,3.1699,0.22216,1.2973,0.11584,-0.28206,-5.1138,-2.7349,1.8326,0,0,0,1.9425,1.9751,1.959,1.9258,3.2776,-15.922,-5.5911,29.862,14.692,-10.614,13.004
13.14,1.7468,-0.51892,0.82634,0.11462,-0.20122,0,0.97282,-2.8572,3.1418,0.24021,1.2942,0.13755,-0.28391,-5.0795,-2.8934,1.7762,0,0,0,1.9383,1.9712,1.9544,1.9207,3.5759,-15.772,-5.6939,29.79,15.456,-9.9443,12.974
13.15,1.718,-0.48764,0.82883,0.12119,-0.20033,0,0.9722,-2.9078,3.1121,0.25768,1.2907,0.15954,-0.28584,-5.0423,-3.0504,1.7188,0,0,0,1.934,1.9672,1.9498,1.9157,3.8734,-15.613,-5.79,29.703,16.213,-9.2709,12.945
13.16,1.6887,-0.45668,0.83149,0.12774,-0.19932,0,0.97157,-2.958,3.0808,0.27458,1.2865,0.18181,-0.28784,-5.0021,-3.2057,1.6604,0,0,0,1.9298,1.9633,1.9452,1.9106,4.1699,-15.447,-5.8793,29.601,16.962,-8.5943,12.915
13.17,1.6588,-0.42603,0.83432,0.13426,-0.1982,0,0.97092,-3.0078,3.0479,0.29089,1.2818,0.20434,-0.28992,-4.9589,-3.3593,1.6012,0,0,0,1.9255,1.9593,1.9405,1.9055,4.4653,-15.274,-5.9619,29.485,17.704,-7.9149,12.885
13.18,1.6285,-0.39573,0.83731,0.14076,-0.19695,0,0.97026,-3.0572,3.0136,0.3066,1.2765,0.22713,-0.29206,-4.9128,-3.5111,1.5412,0,0,0,1.9212,1.9553,1.9358,1.9003,4.7595,-15.093,-6.0376,29.353,18.437,-7.2335,12.854
13.19,1.5977,-0.36577,0.84045,0.14722,-0.19558,0,0.96957,-3.1061,2.9777,0.32171,1.2705,0.25017,-0.29428,-4.8637,-3.6611,1.4805,0,0,0,1.9169,1.9512,1.9311,1.8952,5.0523,-14.905,-6.1065,29.207,19.161,-6.5508,12.824
13.2,1.5664,-0.33618,0.84374,0.15365,-0.19409,0,0.96888,-3.1544,2.9404,0.33621,1.264,0.27345,-0.29657,-4.8117,-3.8092,1.4191,0,0,0,1.9126,1.9472,1.9263,1.8901,5.3436,-14.71,-6.1686,29.046,19.877,-5.8674,12.794
13.21,1.5346,-0.30697,0.84717,0.16004,-0.19248,0,0.96816,-3.2023,2.9016,0.35009,1.2568,0.29695,-0.29894,-4.7568,-3.9553,1.3571,0,0,0,1.9083,1.9431,1.9216,1.8849,5.6332,-14.508,-6.2239,28.87,20.582,-5.1839,12.763
13.22,1.5023,-0.27815,0.85074,0.16639,-0.19074,0,0.96744,-3.2496,2.8613,0.36335,1.2489,0.32067,-0.30139,-4.6991,-4.0993,1.2946,0,0,0,1.9041,1.939,1.9168,1.8798,5.921,-14.299,-6.2723,28.68,21.278,-4.5011,12.733
13.23,1.4696,-0.24974,0.85443,0.1727,-0.18887,0,0.9667,-3.2963,2.8196,0.37598,1.2404,0.34459,-0.3039,-4.6384,-4.2413,1.2317,0,0,0,1.8998,1.9349,1.912,1.8747,6.2068,-14.082,-6.3139,28.476,21.963,-3.8196,12.702
13.24,1.4364,-0.22176,0.85825,0.17896,-0.18688,0,0.96594,-3.3423,2.7765,0.38798,1.2311,0.3687,-0.3065,-4.5749,-4.381,1.1684,0,0,0,1.8955,1.9308,1.9072,1.8695,6.4905,-13.859,-6.3487,28.258,22.637,-3.1401,12.672
13.25,1.4028,-0.19422,0.86219,0.18516,-0.18476,0,0.96518,-3.3878,2.732,0.39935,1.2212,0.39298,-0.30917,-4.5086,-4.5184,1.1047,0,0,0,1.8913,1.9267,1.9024,1.8644,6.7719,-13.63,-6.3767,28.025,23.3,-2.4631,12.641
13.26,1.3687,-0.16713,0.86624,0.19132,-0.18252,0,0.96441,-3.4325,2.6861,0.41008,1.2106,0.41743,-0.31191,-4.4395,-4.6535,1.0409,0,0,0,1.887,1.9226,1.8976,1.8593,7.0509,-13.393,-6.398,27.778,23.951,-1.7894,12.611
13.27,1.3341,-0.1405,0.87039,0.19741,-0.18014,0,0.96363,-3.4765,2.6389,0.42017,1.1992,0.44203,-0.31473,-4.3676,-4.7863,0.97681,0,0,0,1.8828,1.9184,1.8928,1.8542,7.3274,-13.151,-6.4125,27.517,24.59,-1.1194,12.58
13.28,1.2991,-0.11435,0.87464,0.20344,-0.17763,0,0.96284,-3.5198,2.5904,0.42961,1.1871,0.46675,-0.31763,-4.293,-4.9165,0.91264,0,0,0,1.8786,1.9143,1.888,1.8492,7.6012,-12.902,-6.4204,27.242,25.217,-0.45386,12.55
13.29,1.2637,-0.088699,0.87898,0.2094,-0.175,0,0.96204,-3.5624,2.5406,0.43842,1.1743,0.49159,-0.32061,-4.2156,-5.0443,0.84843,0,0,0,1.8744,1.9101,1.8832,1.8441,7.8722,-12.646,-6.4216,26.954,25.83,0.20668,12.52
13.3,1.2279,-0.063548,0.88341,0.21529,-0.17223,0,0.96124,-3.6041,2.4895,0.44658,1.1607,0.51653,-0.32366,-4.1355,-5.1694,0.78423,0,0,0,1.8703,1.906,1.8784,1.8391,8.1402,-12.385,-6.4163,26.651,26.43,0.8616,12.49
13.31,1.1917,-0.038913,0.88791,0.22111,-0.16934,0,0.96043,-3.6451,2.4372,0.4541,1.1463,0.54154,-0.32678,-4.0528,-5.292,0.72012,0,0,0,1.8662,1.9019,1.8736,1.8342,8.4052,-12.118,-6.4044,26.335,27.017,1.5103,12.46
13.32,1.155,-0.014808,0.89249,0.22686,-0.16631,0,0.95962,-3.6852,2.3837,0.46099,1.1312,0.56661,-0.32999,-3.9674,-5.4118,0.65617,0,0,0,1.8621,1.8977,1.8688,1.8292,8.6669,-11.845,-6.3861,26.005,27.589,2.1522,12.43
13.33,1.118,0.0087564,0.89713,0.23252,-0.16315,0,0.95881,-3.7244,2.329,0.46723,1.1153,0.59173,-0.33327,-3.8795,-5.5288,0.59242,0,0,0,1.858,1.8936,1.864,1.8243,8.9252,-11.566,-6.3614,25.661,28.147,2.7866,12.4
13.34,1.0805,0.031768,0.90183,0.23809,-0.15986,0,0.958,-3.7628,2.2731,0.47283,1.0986,0.61686,-0.33662,-3.7889,-5.6431,0.52896,0,0,0,1.854,1.8895,1.8592,1.8195,9.18,-11.282,-6.3304,25.304,28.69,3.413,12.37
13.35,1.0427,0.054215,0.90658,0.24358,-0.15644,0,0.95718,-3.8002,2.2161,0.47781,1.0811,0.64199,-0.34006,-3.6959,-5.7545,0.46584,0,0,0,1.85,1.8853,1.8545,1.8147,9.4312,-10.992,-6.2932,24.933,29.218,4.0307,12.341
13.36,1.0045,0.076086,0.91138,0.24897,-0.15289,0,0.95637,-3.8367,2.158,0.48215,1.0628,0.66709,-0.34356,-3.6003,-5.8629,0.40312,0,0,0,1.8461,1.8812,1.8497,1.8099,9.6787,-10.698,-6.2498,24.549,29.73,4.6392,12.312
13.37,0.96597,0.097372,0.91622,0.25426,-0.14921,0,0.95556,-3.8722,2.0989,0.48587,1.0437,0.69215,-0.34714,-3.5023,-5.9684,0.34086,0,0,0,1.8422,1.8771,1.845,1.8052,9.9222,-10.398,-6.2004,24.152,30.226,5.2379,12.282
13.38,0.92707,0.11806,0.9211,0.25946,-0.14539,0,0.95475,-3.9067,2.0387,0.48897,1.0238,0.71714,-0.3508,-3.4019,-6.0709,0.27913,0,0,0,1.8383,1.873,1.8403,1.8005,10.162,-10.093,-6.1451,23.741,30.706,5.826,12.254
13.39,0.88784,0.13814,0.926,0.26455,-0.14145,0,0.95394,-3.9402,1.9775,0.49146,1.0031,0.74203,-0.35452,-3.2991,-6.1702,0.21798,0,0,0,1.8345,1.8689,1.8356,1.7959,10.397,-9.7838,-6.0839,23.317,31.168,6.4031,12.225
13.4,0.84827,0.15761,0.93093,0.26953,-0.13738,0,0.95314,-3.9727,1.9153,0.49333,0.98164,0.76681,-0.35832,-3.194,-6.2665,0.15747,0,0,0,1.8307,1.8648,1.831,1.7914,10.628,-9.4699,-6.0171,22.88,31.614,6.9686,12.196
13.41,0.80839,0.17644,0.93587,0.2744,-0.13317,0,0.95235,-4.0041,1.8521,0.49461,0.95936,0.79144,-0.36219,-3.0866,-6.3596,0.097655,0,0,0,1.827,1.8607,1.8264,1.7869,10.855,-9.1516,-5.9446,22.43,32.041,7.5217,12.168
13.42,0.76819,0.19465,0.94082,0.27915,-0.12884,0,0.95157,-4.0344,1.7881,0.49529,0.93627,0.8159,-0.36612,-2.9769,-6.4495,0.038594,0,0,0,1.8233,1.8566,1.8218,1.7826,11.077,-8.8291,-5.8667,21.968,32.451,8.062,12.14
13.43,0.7277,0.2122,0.94577,0.28378,-0.12439,0,0.95079,-4.0636,1.7232,0.49538,0.91239,0.84017,-0.37012,-2.865,-6.5362,-0.019661,0,0,0,1.8196,1.8525,1.8172,1.7782,11.294,-8.5026,-5.7834,21.492,32.842,8.5888,12.113
13.44,0.68692,0.22911,0.95072,0.28828,-0.11981,0,0.95002,-4.0917,1.6574,0.4949,0.88771,0.86421,-0.37419,-2.751,-6.6196,-0.077057,0,0,0,1.816,1.8484,1.8127,1.774,11.506,-8.1723,-5.6949,21.003,33.214,9.1015,12.085
13.45,0.64587,0.24535,0.95567,0.29266,-0.1151,0,0.94927,-4.1186,1.5908,0.49384,0.86226,0.888,-0.37832,-2.6349,-6.6996,-0.13354,0,0,0,1.8125,1.8443,1.8082,1.7698,11.714,-7.8384,-5.6014,20.502,33.567,9.5995,12.058
13.46,0.60456,0.26092,0.9606,0.2969,-0.11027,0,0.94852,-4.1444,1.5234,0.49223,0.83602,0.91151,-0.3825,-2.5168,-6.7763,-0.18907,0,0,0,1.809,1.8402,1.8038,1.7657,11.916,-7.501,-5.503,19.988,33.901,10.082,12.031
13.47,0.56299,0.27581,0.96551,0.30101,-0.10532,0,0.94779,-4.169,1.4553,0.49007,0.80902,0.9347,-0.38675,-2.3966,-6.8496,-0.24359,0,0,0,1.8055,1.8362,1.7993,1.7617,12.114,-7.1604,-5.3998,19.461,34.214,10.549,12.005
13.48,0.52118,0.29002,0.9704,0.30497,-0.10025,0,0.94707,-4.1923,1.3864,0.48736,0.78125,0.95756,-0.39105,-2.2745,-6.9195,-0.29705,0,0,0,1.8022,1.8321,1.795,1.7578,12.305,-6.8168,-5.2921,18.922,34.507,10.999,11.979
13.49,0.47915,0.30354,0.97525,0.3088,-0.095058,0,0.94637,-4.2145,1.3169,0.48413,0.75274,0.98004,-0.39539,-2.1505,-6.986,-0.34941,0,0,0,1.7988,1.8281,1.7907,1.754,12.492,-6.4704,-5.1799,18.37,34.779,11.432,11.953
13.5,0.4369,0.31636,0.98008,0.31247,-0.089753,0,0.94568,-4.2353,1.2467,0.48038,0.72349,1.0021,-0.39979,-2.0247,-7.0489,-0.40063,0,0,0,1.7955,1.8241,1.7864,1.7503,12.673,-6.1213,-5.0635,17.806,35.03,11.848,11.927
13.51,0.39444,0.32847,0.98486,0.316,-0.084333,0,0.94501,-4.2549,1.1759,0.47612,0.69353,1.0238,-0.40422,-1.8971,-7.1084,-0.45067,0,0,0,1.7923,1.82,1.7822,1.7467,12.848,-5.7699,-4.943,17.23,35.259,12.245,11.902
13.52,0.3518,0.33987,0.9896,0.31936,-0.078802,0,0.94435,-4.2733,1.1046,0.47137,0.66286,1.0449,-0.40869,-1.7678,-7.1643,-0.49948,0,0,0,1.7892,1.816,1.7781,1.7433,13.017,-5.4162,-4.8187,16.641,35.466,12.623,11.877
13.53,0.30898,0.35056,0.99429,0.32258,-0.073161,0,0.94371,-4.2903,1.0326,0.46614,0.63151,1.0656,-0.4132,-1.6368,-7.2167,-0.54703,0,0,0,1.786,1.812,1.774,1.7399,13.181,-5.0606,-4.6906,16.041,35.65,12.981,11.853
13.54,0.266,0.36053,0.99892,0.32563,-0.067414,0,0.94309,-4.306,0.96023,0.46043,0.59949,1.0857,-0.41773,-1.5042,-7.2655,-0.59328,0,0,0,1.783,1.808,1.77,1.7367,13.338,-4.7033,-4.5591,15.428,35.812,13.32,11.829
13.55,0.22287,0.36976,1.0035,0.32851,-0.061562,0,0.94249,-4.3204,0.88735,0.45427,0.56683,1.1053,-0.42229,-1.37,-7.3108,-0.6382,0,0,0,1.78,1.8041,1.766,1.7335,13.489,-4.3444,-4.4243,14.803,35.952,13.639,11.806
13.56,0.1796,0.37827,1.008,0.33123,-0.05561,0,0.94191,-4.3334,0.81403,0.44767,0.53355,1.1243,-0.42686,-1.2344,-7.3524,-0.68176,0,0,0,1.7771,1.8001,1.7622,1.7305,13.634,-3.9843,-4.2864,14.168,36.069,13.938,11.783
13.57,0.1362,0.38604,1.0124,0.33377,-0.04956,0,0.94135,-4.3451,0.74031,0.44064,0.49967,1.1426,-0.43144,-1.0974,-7.3904,-0.72392,0,0,0,1.7743,1.7962,1.7584,1.7277,13.773,-3.6231,-4.1456,13.521,36.164,14.217,11.761
13.58,0.0927,0.39308,1.0168,0.33614,-0.043415,0,0.94081,-4.3553,0.66623,0.4332,0.46523,1.1603,-0.43602,-0.95897,-7.4249,-0.76466,0,0,0,1.7715,1.7923,1.7547,1.725,13.905,-3.2611,-4.0021,12.864,36.237,14.478,11.739
13.59,0.049101,0.39937,1.0211,0.33834,-0.037179,0,0.94029,-4.3642,0.59183,0.42536,0.43023,1.1772,-0.4406,-0.81929,-7.4557,-0.80395,0,0,0,1.7688,1.7884,1.7511,1.7224,14.03,-2.8985,-3.8561,12.197,36.29,14.719,11.718
13.6,0.0054197,0.40491,1.0253,0.34035,-0.030856,0,0.93979,-4.3717,0.51713,0.41713,0.39472,1.1934,-0.44517,-0.67839,-7.4828,-0.84178,0,0,0,1.7662,1.7845,1.7476,1.72,14.148,-2.5354,-3.7078,11.52,36.321,14.942,11.697
13.61,-0.038329,0.40971,1.0294,0.34218,-0.02445,0,0.93931,-4.3778,0.44218,0.40852,0.35873,1.2089,-0.44972,-0.53634,-7.5064,-0.8781,0,0,0,1.7636,1.7807,1.7442,1.7177,14.26,-2.1721,-3.5573,10.833,36.331,15.147,11.677
13.62,-0.082131,0.41375,1.0335,0.34383,-0.017963,0,0.93886,-4.3824,0.36701,0.39957,0.32227,1.2235,-0.45425,-0.39321,-7.5263,-0.91291,0,0,0,1.7611,1.7769,1.7409,1.7156,14.365,-1.8088,-3.4049,10.138,36.321,15.334,11.657
13.63,-0.12597,0.41705,1.0374,0.34529,-0.011402,0,0.93843,-4.3857,0.29167,0.39027,0.28539,1.2373,-0.45874,-0.24906,-7.5425,-0.94619,0,0,0,1.7587,1.7731,1.7377,1.7137,14.463,-1.4458,-3.2507,9.4347,36.29,15.503,11.639
13.64,-0.16984,0.41959,1.0413,0.34656,-0.0047693,0,0.93802,-4.3874,0.21618,0.38065,0.24811,1.2503,-0.46319,-0.10397,-7.5552,-0.97792,0,0,0,1.7564,1.7694,1.7346,1.7119,14.554,-1.0831,-3.0949,8.7231,36.24,15.654,11.621
13.65,-0.21372,0.42137,1.0451,0.34764,0.0019297,0,0.93763,-4.3877,0.14058,0.37072,0.21048,1.2623,-0.46759,0.041988,-7.5642,-1.0081,0,0,0,1.7542,1.7657,1.7316,1.7103,14.637,-0.72103,-2.9377,8.0037,36.17,15.788,11.603
13.66,-0.25759,0.4224,1.0487,0.34852,0.0086906,0,0.93726,-4.3866,0.064903,0.36049,0.17252,1.2734,-0.47194,0.18875,-7.5696,-1.0367,0,0,0,1.7521,1.7621,1.7288,1.7089,14.714,-0.35976,-2.7792,7.2771,36.081,15.906,11.586
13.67,-0.30144,0.42267,1.0523,0.34921,0.015508,0,0.93691,-4.384,-0.010805,0.34999,0.13428,1.2836,-0.47621,0.33624,-7.5714,-1.0637,0,0,0,1.7501,1.7585,1.7261,1.7077,14.783,0.00052573,-2.6196,6.5437,35.973,16.006,11.571
13.68,-0.34526,0.42218,1.0557,0.34971,0.022378,0,0.93659,-4.3799,-0.086513,0.33923,0.095788,1.2928,-0.48041,0.48439,-7.5696,-1.0891,0,0,0,1.7481,1.755,1.7236,1.7066,14.845,0.35964,-2.4591,5.8038,35.846,16.09,11.555
13.69,-0.38904,0.42094,1.059,0.35,0.029295,0,0.93629,-4.3743,-0.16219,0.32821,0.057091,1.3009,-0.48452,0.63311,-7.5642,-1.1128,0,0,0,1.7463,1.7515,1.7211,1.7057,14.899,0.71739,-2.2979,5.0578,35.701,16.158,11.541
13.7,-0.43274,0.41894,1.0623,0.3501,0.036253,0,0.93601,-4.3672,-0.23779,0.31697,0.018229,1.308,-0.48854,0.78234,-7.5553,-1.135,0,0,0,1.7446,1.7482,1.7189,1.7051,14.946,1.0736,-2.136,4.3061,35.538,16.21,11.528
13.71,-0.47637,0.41618,1.0654,0.35,0.043246,0,0.93575,-4.3586,-0.31328,0.30552,-0.020756,1.3141,-0.49246,0.932,-7.5428,-1.1556,0,0,0,1.7429,1.7449,1.7168,1.7046,14.985,1.4281,-1.9737,3.5492,35.357,16.246,11.515
13.72,-0.51991,0.41267,1.0684,0.34969,0.050271,0,0.93551,-4.3485,-0.38863,0.29387,-0.059818,1.319,-0.49627,1.082,-7.5267,-1.1745,0,0,0,1.7414,1.7417,1.7148,1.7043,15.017,1.7807,-1.8112,2.7875,35.158,16.266,11.504
13.73,-0.56334,0.40841,1.0713,0.34919,0.05732,0,0.9353,-4.337,-0.4638,0.28203,-0.098913,1.3229,-0.49995,1.2323,-7.5072,-1.1918,0,0,0,1.7401,1.7386,1.713,1.7042,15.041,2.1312,-1.6485,2.0213,34.942,16.272,11.493
13.74,-0.60665,0.4034,1.074,0.34848,0.064388,0,0.9351,-4.3239,-0.53876,0.27004,-0.13799,1.3256,-0.50351,1.3828,-7.4841,-1.2075,0,0,0,1.7388,1.7356,1.7114,1.7043,15.057,2.4795,-1.4858,1.251,34.71,16.263,11.483
13.75,-0.64981,0.39764,1.0767,0.34757,0.071468,0,0.93493,-4.3093,-0.61347,0.25789,-0.17701,1.3272,-0.50693,1.5334,-7.4576,-1.2215,0,0,0,1.7376,1.7326,1.7099,1.7047,15.066,2.8253,-1.3233,0.47712,34.46,16.239,11.475
13.76,-0.69283,0.39113,1.0792,0.34646,0.078556,0,0.93477,-4.2932,-0.6879,0.24561,-0.21592,1.3276,-0.51021,1.6841,-7.4276,-1.2339,0,0,0,1.7366,1.7298,1.7086,1.7052,15.067,3.1686,-1.161,-0.30002,34.194,16.2,11.467
13.77,-0.73567,0.38388,1.0816,0.34515,0.085644,0,0.93463,-4.2756,-0.76201,0.23322,-0.25467,1.3268,-0.51333,1.8347,-7.3942,-1.2447,0,0,0,1.7358,1.7272,1.7075,1.7059,15.06,3.5092,-0.99929,-1.08,33.913,16.148,11.461
13.78,-0.77833,0.37589,1.0838,0.34364,0.092726,0,0.93451,-4.2565,-0.83577,0.22072,-0.29321,1.3249,-0.51629,1.9853,-7.3574,-1.2539,0,0,0,1.735,1.7246,1.7066,1.7068,15.045,3.8468,-0.83813,-1.8624,33.615,16.082,11.455
13.79,-0.8208,0.36717,1.086,0.34194,0.099797,0,0.93441,-4.2359,-0.90915,0.20815,-0.33149,1.3217,-0.51908,2.1356,-7.3173,-1.2615,0,0,0,1.7344,1.7222,1.7059,1.708,15.023,4.1814,-0.6777,-2.6469,33.302,16.002,11.451
13.8,-0.86305,0.35771,1.088,0.34003,0.10685,0,0.93433,-4.2138,-0.98211,0.1955,-0.36946,1.3174,-0.5217,2.2857,-7.2738,-1.2675,0,0,0,1.7339,1.72,1.7054,1.7093,14.992,4.5128,-0.51813,-3.433,32.974,15.909,11.448
13.81,-0.90507,0.34753,1.0899,0.33793,0.11388,0,0.93426,-4.1902,-1.0546,0.1828,-0.40707,1.3119,-0.52413,2.4354,-7.227,-1.2719,0,0,0,1.7336,1.7178,1.7051,1.7109,14.954,4.8409,-0.35956,-4.2203,32.632,15.803,11.446
13.82,-0.94685,0.33662,1.0917,0.33563,0.12087,0,0.93421,-4.1651,-1.1266,0.17007,-0.44426,1.3051,-0.52637,2.5847,-7.177,-1.2747,0,0,0,1.7335,1.7159,1.7049,1.7126,14.908,5.1654,-0.20211,-5.0084,32.274,15.684,11.445
13.83,-0.98837,0.32499,1.0933,0.33314,0.12783,0,0.93417,-4.1385,-1.1981,0.15731,-0.481,1.2972,-0.52842,2.7336,-7.1237,-1.2759,0,0,0,1.7334,1.7141,1.705,1.7146,14.854,5.4863,-0.045913,-5.797,31.903,15.553,11.445
13.84,-1.0296,0.31266,1.0948,0.33046,0.13475,0,0.93415,-4.1104,-1.2691,0.14455,-0.51722,1.2881,-0.53027,2.8818,-7.0673,-1.2756,0,0,0,1.7336,1.7125,1.7053,1.7167,14.792,5.8034,0.10891,-6.5856,31.517,15.409,11.447
13.85,-1.0706,0.29961,1.0962,0.3276,0.14162,0,0.93414,-4.0809,-1.3395,0.13181,-0.55288,1.2777,-0.53191,3.0294,-7.0077,-1.2737,0,0,0,1.7339,1.7111,1.7058,1.7191,14.722,6.1166,0.26223,-7.3738,31.118,15.254,11.45
13.86,-1.1112,0.28587,1.0974,0.32455,0.14843,0,0.93415,-4.0499,-1.4092,0.11908,-0.58793,1.2663,-0.53334,3.1762,-6.945,-1.2703,0,0,0,1.7343,1.7099,1.7064,1.7216,14.644,6.4257,0.41395,-8.1612,30.705,15.087,11.454
13.87,-1.1516,0.27143,1.0986,0.32131,0.15518,0,0.93417,-4.0174,-1.4784,0.1064,-0.62232,1.2536,-0.53456,3.3222,-6.8792,-1.2655,0,0,0,1.735,1.7088,1.7073,1.7243,14.559,6.7306,0.56393,-8.9474,30.279,14.908,11.459
13.88,-1.1916,0.25631,1.0996,0.3179,0.16185,0,0.93421,-3.9834,-1.5468,0.09378,-0.65601,1.2398,-0.53556,3.4674,-6.8104,-1.2591,0,0,0,1.7358,1.708,1.7085,1.7272,14.465,7.0313,0.71206,-9.7321,29.841,14.718,11.466
13.89,-1.2312,0.2405,1.1004,0.31432,0.16846,0,0.93425,-3.948,-1.6146,0.081228,-0.68895,1.225,-0.53635,3.6115,-6.7386,-1.2512,0,0,0,1.7367,1.7074,1.7098,1.7303,14.364,7.3274,0.85825,-10.515,29.39,14.517,11.474
13.9,-1.2705,0.22402,1.1012,0.31056,0.17498,0,0.93431,-3.9112,-1.6816,0.068761,-0.7211,1.209,-0.53691,3.7546,-6.6638,-1.2419,0,0,0,1.7379,1.707,1.7113,1.7336,14.255,7.619,1.0024,-11.295,28.927,14.306,11.483
13.91,-1.3094,0.20687,1.1018,0.30664,0.18142,0,0.93438,-3.8729,-1.7478,0.056394,-0.75242,1.1919,-0.53726,3.8966,-6.5862,-1.2312,0,0,0,1.7392,1.7068,1.7131,1.7371,14.138,7.9059,1.1443,-12.072,28.452,14.084,11.493
13.92,-1.348,0.18906,1.1023,0.30256,0.18776,0,0.93445,-3.8333,-1.8133,0.044142,-0.78288,1.1738,-0.53738,4.0374,-6.5057,-1.219,0,0,0,1.7407,1.7068,1.715,1.7407,14.014,8.188,1.284,-12.847,27.966,13.852,11.505
13.93,-1.3861,0.17061,1.1027,0.29832,0.19401,0,0.93454,-3.7922,-1.8779,0.032018,-0.81243,1.1548,-0.53728,4.1768,-6.4225,-1.2055,0,0,0,1.7423,1.7071,1.7172,1.7444,13.881,8.4652,1.4213,-13.617,27.468,13.61,11.518
13.94,-1.4238,0.15151,1.103,0.29393,0.20016,0,0.93464,-3.7497,-1.9417,0.020036,-0.84104,1.1347,-0.53696,4.315,-6.3364,-1.1906,0,0,0,1.7441,1.7076,1.7195,1.7484,13.741,8.7373,1.5562,-14.384,26.959,13.359,11.533
13.95,-1.4611,0.13177,1.1031,0.28939,0.20619,0,0.93474,-3.7059,-2.0047,0.0082099,-0.86869,1.1137,-0.53642,4.4516,-6.2477,-1.1744,0,0,0,1.7461,1.7084,1.7221,1.7524,13.594,9.0044,1.6885,-15.147,26.44,13.098,11.548
13.96,-1.4979,0.11142,1.1031,0.2847,0.21212,0,0.93485,-3.6607,-2.0667,-0.0034475,-0.89534,1.0918,-0.53566,4.5868,-6.1564,-1.1569,0,0,0,1.7483,1.7094,1.7249,1.7567,13.438,9.2661,1.8181,-15.905,25.91,12.829,11.565
13.97,-1.5343,0.090443,1.103,0.27988,0.21792,0,0.93497,-3.6142,-2.1278,-0.014923,-0.92096,1.0691,-0.53468,4.7204,-6.0624,-1.138,0,0,0,1.7507,1.7106,1.7278,1.761,13.276,9.5225,1.945,-16.658,25.371,12.551,11.584
13.98,-1.5702,0.068864,1.1028,0.27493,0.22361,0,0.9351,-3.5663,-2.1879,-0.026204,-0.94555,1.0455,-0.5335,4.8523,-5.9659,-1.118,0,0,0,1.7532,1.7121,1.731,1.7655,13.105,9.7735,2.0691,-17.406,24.822,12.264,11.603
13.99,-1.6056,0.046688,1.1025,0.26985,0.22917,0,0.93523,-3.5171,-2.2471,-0.037278,-0.96908,1.0212,-0.53211,4.9825,-5.867,-1.0967,0,0,0,1.7559,1.7138,1.7344,1.7701,12.928,10.019,2.1903,-18.148,24.264,11.969,11.624
14,-1.6405,0.023925,1.1021,0.26465,0.23459,0,0.93538,-3.4667,-2.3053,-0.048134,-0.99153,0.99614,-0.53052,5.1108,-5.7656,-1.0742,0,0,0,1.7588,1.7157,1.7379,1.7748,12.742,10.259,2.3085,-18.885,23.697,11.667,11.646
14.01,-1.675,0.00058629,1.1016,0.25933,0.23989,0,0.93552,-3.4149,-2.3624,-0.058758,-1.0129,0.9704,-0.52873,5.2373,-5.6618,-1.0505,0,0,0,1.7618,1.718,1.7416,1.7797,12.55,10.493,2.4236,-19.615,23.122,11.357,11.669
14.02,-1.7088,-0.023319,1.1009,0.25391,0.24504,0,0.93567,-3.3619,-2.4185,-0.06914,-1.0332,0.94403,-0.52675,5.3618,-5.5557,-1.0257,0,0,0,1.7651,1.7204,1.7455,1.7846,12.35,10.721,2.5356,-20.339,22.539,11.04,11.693
14.03,-1.7422,-0.04778,1.1002,0.24838,0.25006,0,0.93583,-3.3077,-2.4735,-0.079269,-1.0523,0.91707,-0.52458,5.4843,-5.4474,-0.99981,0,0,0,1.7684,1.7231,1.7496,1.7897,12.143,10.944,2.6444,-21.056,21.947,10.717,11.718
14.04,-1.775,-0.072785,1.0993,0.24275,0.25493,0,0.93599,-3.2522,-2.5274,-0.089133,-1.0704,0.88957,-0.52224,5.6046,-5.3369,-0.97284,0,0,0,1.772,1.726,1.7538,1.7948,11.929,11.16,2.7499,-21.766,21.349,10.386,11.744
14.05,-1.8072,-0.098324,1.0984,0.23703,0.25965,0,0.93616,-3.1956,-2.5802,-0.098722,-1.0873,0.86157,-0.51972,5.7228,-5.2242,-0.94482,0,0,0,1.7757,1.7291,1.7582,1.8,11.708,11.371,2.8521,-22.468,20.743,10.049,11.772
14.06,-1.8389,-0.12439,1.0974,0.23122,0.26422,0,0.93633,-3.1378,-2.6319,-0.10803,-1.1032,0.83312,-0.51704,5.8388,-5.1095,-0.9158,0,0,0,1.7795,1.7325,1.7627,1.8053,11.48,11.575,2.9509,-23.162,20.131,9.7068,11.8
14.07,-1.87,-0.15096,1.0962,0.22533,0.26865,0,0.93651,-3.0788,-2.6824,-0.11703,-1.1179,0.80427,-0.5142,5.9524,-4.9928,-0.88582,0,0,0,1.7835,1.7361,1.7674,1.8107,11.245,11.773,3.0462,-23.849,19.512,9.3584,11.83
14.08,-1.9005,-0.17803,1.095,0.21937,0.27291,0,0.93669,-3.0188,-2.7317,-0.12574,-1.1316,0.77505,-0.51122,6.0636,-4.8741,-0.85489,0,0,0,1.7877,1.7399,1.7722,1.8161,11.003,11.965,3.138,-24.526,18.887,9.0047,11.86
14.09,-1.9304,-0.20559,1.0937,0.21334,0.27703,0,0.93688,-2.9576,-2.7799,-0.13413,-1.1442,0.74552,-0.50809,6.1724,-4.7535,-0.82307,0,0,0,1.792,1.7439,1.7771,1.8216,10.754,12.151,3.2263,-25.195,18.256,8.6459,11.891
14.1,-1.9596,-0.23362,1.0923,0.20725,0.28098,0,0.93707,-2.8953,-2.8268,-0.1422,-1.1557,0.71572,-0.50484,6.2787,-4.6311,-0.79038,0,0,0,1.7964,1.7481,1.7822,1.8272,10.499,12.33,3.3109,-25.855,17.62,8.2823,11.923
14.11,-1.9883,-0.26212,1.0909,0.2011,0.28478,0,0.93726,-2.832,-2.8725,-0.14993,-1.1662,0.68568,-0.50146,6.3824,-4.5069,-0.75686,0,0,0,1.801,1.7525,1.7873,1.8328,10.237,12.503,3.3919,-26.505,16.979,7.9142,11.956
14.12,-2.0163,-0.29107,1.0893,0.19489,0.28842,0,0.93746,-2.7677,-2.9169,-0.15733,-1.1757,0.65546,-0.49797,6.4834,-4.381,-0.72255,0,0,0,1.8056,1.7571,1.7926,1.8384,9.9688,12.67,3.4692,-27.145,16.334,7.5419,11.989
14.13,-2.0436,-0.32046,1.0877,0.18864,0.29189,0,0.93766,-2.7023,-2.9601,-0.16438,-1.1841,0.62509,-0.49437,6.5817,-4.2535,-0.68749,0,0,0,1.8104,1.7619,1.7979,1.844,9.6942,12.83,3.5427,-27.776,15.684,7.1657,12.024
14.14,-2.0703,-0.35027,1.086,0.18235,0.29521,0,0.93787,-2.636,-3.002,-0.17108,-1.1916,0.5946,-0.49068,6.6773,-4.1244,-0.65171,0,0,0,1.8153,1.7668,1.8034,1.8497,9.4133,12.983,3.6125,-28.395,15.03,6.7859,12.059
14.15,-2.0963,-0.38049,1.0843,0.17602,0.29836,0,0.93808,-2.5688,-3.0426,-0.17741,-1.1981,0.56404,-0.48691,6.77,-3.9939,-0.61525,0,0,0,1.8203,1.7718,1.8088,1.8554,9.1263,13.13,3.6784,-29.004,14.372,6.4028,12.094
14.16,-2.1217,-0.41112,1.0825,0.16966,0.30136,0,0.9383,-2.5007,-3.0819,-0.18338,-1.2037,0.53343,-0.48306,6.8598,-3.8619,-0.57815,0,0,0,1.8254,1.7771,1.8144,1.8611,8.8332,13.271,3.7405,-29.602,13.711,6.0167,12.13
14.17,-2.1463,-0.44213,1.0806,0.16327,0.30419,0,0.93852,-2.4316,-3.1198,-0.18898,-1.2084,0.50281,-0.47914,6.9466,-3.7285,-0.54046,0,0,0,1.8306,1.7824,1.82,1.8667,8.5343,13.405,3.7988,-30.188,13.048,5.6279,12.166
14.18,-2.1703,-0.47351,1.0787,0.15686,0.30686,0,0.93874,-2.3617,-3.1564,-0.19419,-1.2122,0.47222,-0.47516,7.0305,-3.5938,-0.50219,0,0,0,1.8359,1.7879,1.8257,1.8724,8.2295,13.532,3.8531,-30.763,12.382,5.2366,12.203
14.19,-2.1936,-0.50525,1.0768,0.15043,0.30937,0,0.93897,-2.291,-3.1917,-0.19902,-1.2152,0.44167,-0.47114,7.1112,-3.4579,-0.46341,0,0,0,1.8412,1.7934,1.8313,1.8781,7.9191,13.652,3.9035,-31.325,11.713,4.8433,12.24
14.2,-2.2161,-0.53734,1.0747,0.14399,0.31172,0,0.9392,-2.2195,-3.2256,-0.20346,-1.2174,0.4112,-0.46708,7.1888,-3.3208,-0.42414,0,0,0,1.8466,1.7991,1.837,1.8837,7.6031,13.766,3.95,-31.875,11.043,4.4481,12.278
14.21,-2.238,-0.56976,1.0727,0.13754,0.3139,0,0.93944,-2.1473,-3.2581,-0.2075,-1.2187,0.38083,-0.46298,7.2632,-3.1826,-0.38442,0,0,0,1.8521,1.8049,1.8428,1.8893,7.2816,13.873,3.9925,-32.412,10.371,4.0514,12.315
14.22,-2.2591,-0.6025,1.0706,0.13109,0.31593,0,0.93968,-2.0743,-3.2892,-0.21114,-1.2194,0.35058,-0.45887,7.3344,-3.0433,-0.3443,0,0,0,1.8576,1.8107,1.8485,1.8949,6.9549,13.974,4.031,-32.936,9.6977,3.6535,12.353
14.23,-2.2794,-0.63554,1.0685,0.12464,0.3178,0,0.93993,-2.0006,-3.319,-0.21438,-1.2193,0.32047,-0.45474,7.4023,-2.9031,-0.30381,0,0,0,1.8631,1.8166,1.8542,1.9005,6.623,14.067,4.0655,-33.446,9.0237,3.2546,12.391
14.24,-2.2991,-0.66887,1.0663,0.11819,0.31951,0,0.94018,-1.9262,-3.3473,-0.21722,-1.2185,0.29052,-0.4506,7.4669,-2.762,-0.263,0,0,0,1.8687,1.8225,1.8599,1.9059,6.286,14.154,4.0961,-33.943,8.3493,2.8551,12.428
14.25,-2.318,-0.70248,1.0641,0.11174,0.32106,0,0.94044,-1.8513,-3.3742,-0.21964,-1.217,0.26074,-0.44647,7.528,-2.6201,-0.22191,0,0,0,1.8742,1.8285,1.8655,1.9114,5.9442,14.234,4.1226,-34.425,7.6748,2.4553,12.466
14.26,-2.3361,-0.73635,1.0619,0.10531,0.32246,0,0.94071,-1.7757,-3.3997,-0.22166,-1.215,0.23116,-0.44235,7.5857,-2.4773,-0.18056,0,0,0,1.8798,1.8345,1.8711,1.9167,5.5976,14.307,4.1452,-34.893,7.0004,2.0555,12.504
14.27,-2.3535,-0.77047,1.0597,0.098888,0.3237,0,0.94098,-1.6996,-3.4238,-0.22325,-1.2123,0.20178,-0.43825,7.64,-2.3339,-0.13902,0,0,0,1.8854,1.8405,1.8767,1.922,5.2463,14.374,4.1637,-35.347,6.3267,1.6559,12.541
14.28,-2.3701,-0.80482,1.0575,0.092483,0.32479,0,0.94125,-1.6229,-3.4464,-0.22444,-1.2091,0.17262,-0.43418,7.6907,-2.1899,-0.097303,0,0,0,1.891,1.8465,1.8822,1.9273,4.8907,14.434,4.1783,-35.785,5.6538,1.2568,12.578
14.29,-2.3859,-0.83939,1.0552,0.086098,0.32573,0,0.94153,-1.5458,-3.4676,-0.2252,-1.2054,0.14368,-0.43014,7.7378,-2.0453,-0.055464,0,0,0,1.8965,1.8525,1.8876,1.9324,4.5307,14.487,4.1889,-36.208,4.9821,0.85863,12.615
14.3,-2.401,-0.87417,1.053,0.079734,0.32652,0,0.94182,-1.4682,-3.4873,-0.22554,-1.2011,0.11497,-0.42614,7.7813,-1.9002,-0.013539,0,0,0,1.902,1.8585,1.893,1.9374,4.1666,14.534,4.1955,-36.615,4.3121,0.46159,12.652
14.31,-2.4153,-0.90913,1.0507,0.073395,0.32715,0,0.94212,-1.3901,-3.5056,-0.22547,-1.1964,0.086491,-0.42219,7.8211,-1.7546,0.028433,0,0,0,1.9075,1.8644,1.8983,1.9424,3.7985,14.573,4.1981,-37.005,3.644,0.065988,12.688
14.32,-2.4288,-0.94427,1.0484,0.067083,0.32764,0,0.94242,-1.3117,-3.5224,-0.22498,-1.1912,0.058255,-0.4183,7.8572,-1.6087,0.07041,0,0,0,1.9129,1.8703,1.9035,1.9472,3.4265,14.607,4.1968,-37.38,2.9781,-0.3279,12.723
14.33,-2.4415,-0.97957,1.0462,0.060799,0.32798,0,0.94272,-1.233,-3.5377,-0.22406,-1.1857,0.030261,-0.41446,7.8896,-1.4625,0.11236,0,0,0,1.9183,1.8762,1.9085,1.9519,3.0509,14.633,4.1916,-37.737,2.3149,-0.71981,12.758
14.34,-2.4535,-1.015,1.044,0.054546,0.32818,0,0.94304,-1.154,-3.5516,-0.22273,-1.1797,0.0025101,-0.41069,7.9182,-1.3161,0.15423,0,0,0,1.9236,1.8819,1.9135,1.9565,2.6718,14.653,4.1824,-38.077,1.6546,-1.1095,12.793
14.35,-2.4646,-1.0506,1.0417,0.048326,0.32823,0,0.94336,-1.0747,-3.5641,-0.22098,-1.1734,-0.024997,-0.407,7.943,-1.1695,0.19599,0,0,0,1.9288,1.8876,1.9183,1.961,2.2894,14.666,4.1694,-38.4,0.99755,-1.4966,12.826
14.36,-2.475,-1.0863,1.0395,0.042141,0.32814,0,0.94369,-0.99512,-3.575,-0.21881,-1.1668,-0.052263,-0.40338,7.964,-1.0228,0.2376,0,0,0,1.9339,1.8932,1.923,1.9653,1.9039,14.673,4.1525,-38.704,0.34411,-1.8809,12.859
14.37,-2.4845,-1.1221,1.0374,0.035993,0.32791,0,0.94402,-0.91539,-3.5845,-0.21623,-1.1598,-0.079289,-0.39984,7.9811,-0.87604,0.27903,0,0,0,1.939,1.8987,1.9276,1.9695,1.5154,14.673,4.1318,-38.99,-0.30539,-2.2621,12.891
14.38,-2.4933,-1.158,1.0352,0.029882,0.32754,0,0.94437,-0.83551,-3.5925,-0.21323,-1.1526,-0.10608,-0.3964,7.9943,-0.72933,0.32023,0,0,0,1.9439,1.904,1.932,1.9736,1.1241,14.667,4.1073,-39.257,-0.95064,-2.64,12.923
14.39,-2.5012,-1.1939,1.0331,0.02381,0.32703,0,0.94472,-0.75552,-3.5991,-0.20982,-1.1451,-0.13264,-0.39304,8.0036,-0.58272,0.36116,0,0,0,1.9487,1.9093,1.9362,1.9775,0.73032,14.654,4.079,-39.505,-1.5913,-3.0143,12.953
14.4,-2.5084,-1.23,1.031,0.017779,0.32638,0,0.94507,-0.67545,-3.6042,-0.20601,-1.1373,-0.15897,-0.38979,8.0089,-0.43627,0.40179,0,0,0,1.9535,1.9144,1.9403,1.9813,0.33411,14.635,4.047,-39.733,-2.227,-3.3847,12.982
14.41,-2.5147,-1.266,1.029,0.01179,0.32559,0,0.94544,-0.59535,-3.6078,-0.20179,-1.1294,-0.18508,-0.38664,8.0102,-0.29005,0.44209,0,0,0,1.958,1.9194,1.9443,1.9849,-0.064286,14.61,4.0113,-39.942,-2.8575,-3.751,13.011
14.42,-2.5203,-1.3021,1.027,0.0058428,0.32467,0,0.94581,-0.51526,-3.61,-0.19717,-1.1212,-0.21098,-0.38359,8.0076,-0.1441,0.48201,0,0,0,1.9625,1.9242,1.948,1.9883,-0.46466,14.578,3.972,-40.129,-3.4824,-4.1128,13.038
14.43,-2.525,-1.3382,1.025,-6.0238e-05,0.32362,0,0.94619,-0.43521,-3.6107,-0.19215,-1.1129,-0.23667,-0.38065,8.0009,0.0014893,0.52151,0,0,0,1.9668,1.9289,1.9516,1.9915,-0.8668,14.54,3.9291,-40.296,-4.1013,-4.4699,13.065
14.44,-2.529,-1.3743,1.0232,-0.0059188,0.32243,0,0.94657,-0.35525,-3.61,-0.18674,-1.1044,-0.26216,-0.37783,7.9903,0.14667,0.56058,0,0,0,1.9709,1.9334,1.9549,1.9946,-1.2705,14.496,3.8826,-40.442,-4.714,-4.822,13.09
14.45,-2.5321,-1.4104,1.0213,-0.011732,0.32112,0,0.94697,-0.27542,-3.6078,-0.18094,-1.0957,-0.28746,-0.37512,7.9755,0.29138,0.59915,0,0,0,1.9749,1.9378,1.9581,1.9975,-1.6756,14.446,3.8326,-40.566,-5.3201,-5.1689,13.114
14.46,-2.5345,-1.4465,1.0195,-0.017499,0.31967,0,0.94737,-0.19576,-3.6041,-0.17476,-1.0869,-0.31258,-0.37253,7.9567,0.43557,0.63722,0,0,0,1.9788,1.942,1.9611,2.0002,-2.0818,14.389,3.7792,-40.668,-5.9193,-5.5102,13.137
14.47,-2.5361,-1.4825,1.0178,-0.02322,0.31809,0,0.94778,-0.1163,-3.5991,-0.1682,-1.078,-0.33753,-0.37007,7.9339,0.57915,0.67473,0,0,0,1.9824,1.946,1.9639,2.0027,-2.4889,14.327,3.7224,-40.748,-6.5113,-5.8458,13.158
14.48,-2.5368,-1.5184,1.0162,-0.028893,0.31638,0,0.94819,-0.037092,-3.5926,-0.16126,-1.069,-0.36231,-0.36773,7.907,0.72209,0.71165,0,0,0,1.9859,1.9498,1.9665,2.005,-2.8966,14.259,3.6623,-40.805,-7.0957,-6.1753,13.179
14.49,-2.5368,-1.5543,1.0146,-0.034519,0.31455,0,0.94861,0.041826,-3.5846,-0.15397,-1.0599,-0.38694,-0.36552,7.876,0.86432,0.74796,0,0,0,1.9892,1.9534,1.9688,2.0071,-3.3049,14.185,3.599,-40.838,-7.6721,-6.4985,13.198
14.5,-2.536,-1.5901,1.0131,-0.040097,0.31259,0,0.94904,0.12041,-3.5753,-0.14631,-1.0507,-0.41142,-0.36344,7.8409,1.0058,0.78362,0,0,0,1.9924,1.9568,1.971,2.009,-3.7133,14.106,3.5324,-40.849,-8.2403,-6.8151,13.215
14.51,-2.5344,-1.6258,1.0117,-0.045626,0.3105,0,0.94948,0.19863,-3.5645,-0.1383,-1.0414,-0.43577,-0.36149,7.8017,1.1464,0.8186,0,0,0,1.9953,1.96,1.9729,2.0107,-4.1218,14.021,3.4627,-40.835,-8.8,-7.1247,13.232
14.52,-2.532,-1.6614,1.0103,-0.051107,0.30829,0,0.94992,0.27643,-3.5523,-0.12994,-1.032,-0.45999,-0.35968,7.7584,1.2862,0.85287,0,0,0,1.9981,1.963,1.9747,2.0122,-4.5299,13.93,3.3899,-40.797,-9.3507,-7.4273,13.247
14.53,-2.5289,-1.6969,1.0091,-0.056538,0.30595,0,0.95037,0.35378,-3.5388,-0.12124,-1.0226,-0.48409,-0.358,7.7111,1.425,0.88639,0,0,0,2.0006,1.9658,1.9762,2.0135,-4.9376,13.834,3.3142,-40.734,-9.8922,-7.7224,13.26
14.54,-2.5249,-1.7322,1.0079,-0.06192,0.30348,0,0.95082,0.43064,-3.5239,-0.11221,-1.0131,-0.50808,-0.35646,7.6597,1.5628,0.91914,0,0,0,2.003,1.9683,1.9774,2.0146,-5.3445,13.732,3.2355,-40.646,-10.424,-8.0098,13.272
14.55,-2.5202,-1.7674,1.0068,-0.067253,0.30089,0,0.95128,0.50696,-3.5075,-0.10286,-1.0036,-0.53197,-0.35506,7.6042,1.6996,0.95109,0,0,0,2.0052,1.9707,1.9785,2.0155,-5.7505,13.625,3.154,-40.532,-10.946,-8.2893,13.283
14.56,-2.5148,-1.8023,1.0058,-0.072536,0.29818,0,0.95175,0.58271,-3.4899,-0.093193,-0.99405,-0.55576,-0.35379,7.5447,1.8353,0.98221,0,0,0,2.0071,1.9728,1.9793,2.0162,-6.1551,13.513,3.0697,-40.393,-11.458,-8.5605,13.292
14.57,-2.5086,-1.8371,1.005,-0.077769,0.29535,0,0.95222,0.65784,-3.4708,-0.083219,-0.98445,-0.57947,-0.35267,7.4811,1.9699,1.0125,0,0,0,2.0089,1.9748,1.9799,2.0167,-6.5582,13.396,2.9828,-40.227,-11.959,-8.8232,13.3
14.58,-2.5016,-1.8718,1.0042,-0.082952,0.29239,0,0.95269,0.73232,-3.4505,-0.072947,-0.97481,-0.6031,-0.35169,7.4135,2.1032,1.0419,0,0,0,2.0104,1.9765,1.9803,2.0169,-6.9595,13.274,2.8933,-40.034,-12.449,-9.0772,13.307
14.59,-2.494,-1.9061,1.0035,-0.088084,0.28931,0,0.95317,0.8061,-3.4288,-0.062385,-0.96513,-0.62665,-0.35085,7.3419,2.2353,1.0703,0,0,0,2.0117,1.978,1.9805,2.017,-7.3588,13.147,2.8013,-39.815,-12.929,-9.3221,13.312
14.6,-2.4855,-1.9403,1.0029,-0.093166,0.28611,0,0.95366,0.87915,-3.4058,-0.051543,-0.95542,-0.65014,-0.35015,7.2663,2.3661,1.0979,0,0,0,2.0128,1.9792,1.9805,2.0168,-7.7557,13.015,2.7069,-39.568,-13.396,-9.5576,13.316
14.61,-2.4764,-1.9743,1.0025,-0.098197,0.28279,0,0.95414,0.95142,-3.3815,-0.040431,-0.94567,-0.67356,-0.34959,7.1868,2.4956,1.1245,0,0,0,2.0138,1.9803,1.9802,2.0164,-8.1501,12.879,2.6102,-39.293,-13.852,-9.7836,13.318
14.62,-2.4665,-2.0079,1.0021,-0.10318,0.27934,0,0.95463,1.0229,-3.3559,-0.029057,-0.93589,-0.69692,-0.34918,7.1034,2.6237,1.1501,0,0,0,2.0145,1.9811,1.9798,2.0159,-8.5415,12.738,2.5113,-38.989,-14.295,-9.9997,13.319
14.63,-2.4559,-2.0414,1.0019,-0.10811,0.27577,0,0.95512,1.0935,-3.329,-0.017432,-0.92607,-0.72022,-0.3489,7.016,2.7504,1.1747,0,0,0,2.015,1.9818,1.9791,2.0151,-8.9298,12.593,2.4102,-38.657,-14.726,-10.206,13.318
14.64,-2.4446,-2.0745,1.0018,-0.11298,0.27208,0,0.95562,1.1632,-3.3009,-0.0055668,-0.91621,-0.74346,-0.34877,6.9248,2.8756,1.1983,0,0,0,2.0153,1.9822,1.9783,2.0141,-9.3146,12.444,2.3072,-38.296,-15.144,-10.401,13.316
14.65,-2.4327,-2.1074,1.0018,-0.11781,0.26827,0,0.95611,1.232,-3.2715,0.0065295,-0.90632,-0.76665,-0.34877,6.8297,2.9992,1.2208,0,0,0,2.0153,1.9824,1.9772,2.013,-9.6956,12.291,2.2022,-37.906,-15.549,-10.586,13.313
14.66,-2.42,-2.1399,1.0019,-0.12259,0.26434,0,0.95661,1.2998,-3.2409,0.018846,-0.89638,-0.78977,-0.34891,6.7309,3.1214,1.2423,0,0,0,2.0152,1.9824,1.976,2.0116,-10.073,12.133,2.0955,-37.485,-15.94,-10.76,13.309
14.67,-2.4067,-2.1722,1.0022,-0.12731,0.26029,0,0.9571,1.3666,-3.2091,0.031372,-0.88638,-0.81284,-0.34918,6.6283,3.2419,1.2627,0,0,0,2.0149,1.9823,1.9746,2.0101,-10.445,11.972,1.9871,-37.035,-16.317,-10.923,13.303
14.68,-2.3927,-2.2041,1.0025,-0.13198,0.25612,0,0.95759,1.4323,-3.176,0.044097,-0.87634,-0.83584,-0.34958,6.522,3.3608,1.282,0,0,0,2.0144,1.9819,1.973,2.0084,-10.813,11.807,1.8771,-36.554,-16.68,-11.074,13.296
14.69,-2.378,-2.2357,1.003,-0.1366,0.25183,0,0.95808,1.497,-3.1419,0.057009,-0.86624,-0.85876,-0.35012,6.412,3.478,1.3003,0,0,0,2.0137,1.9813,1.9713,2.0066,-11.176,11.638,1.7656,-36.041,-17.029,-11.213,13.288
14.7,-2.3627,-2.267,1.0037,-0.14116,0.24741,0,0.95857,1.5605,-3.1065,0.070098,-0.85607,-0.88161,-0.35078,6.2985,3.5935,1.3174,0,0,0,2.0128,1.9806,1.9694,2.0046,-11.534,11.466,1.6528,-35.499,-17.363,-11.341,13.279
14.71,-2.3468,-2.2978,1.0045,-0.14567,0.24288,0,0.95906,1.6229,-3.07,0.083353,-0.84584,-0.90437,-0.35157,6.1814,3.7073,1.3333,0,0,0,2.0117,1.9797,1.9674,2.0024,-11.886,11.291,1.5388,-34.926,-17.683,-11.457,13.268
14.72,-2.3303,-2.3284,1.0054,-0.15012,0.23823,0,0.95954,1.6842,-3.0324,0.096761,-0.83552,-0.92703,-0.35248,6.0608,3.8193,1.3481,0,0,0,2.0104,1.9786,1.9652,2.0001,-12.232,11.113,1.4237,-34.324,-17.988,-11.562,13.257
14.73,-2.3131,-2.3585,1.0064,-0.15453,0.23346,0,0.96001,1.7441,-2.9936,0.11031,-0.82512,-0.94958,-0.3535,5.9368,3.9296,1.3618,0,0,0,2.0089,1.9773,1.9629,1.9976,-12.572,10.931,1.3076,-33.694,-18.28,-11.656,13.245
14.74,-2.2954,-2.3882,1.0076,-0.15887,0.22856,0,0.96048,1.8029,-2.9538,0.12399,-0.81462,-0.97201,-0.35463,5.8094,4.038,1.3743,0,0,0,2.0073,1.9759,1.9605,1.995,-12.906,10.747,1.1907,-33.036,-18.558,-11.739,13.231
14.75,-2.2771,-2.4176,1.0089,-0.16316,0.22356,0,0.96094,1.8603,-2.9129,0.13779,-0.80403,-0.9943,-0.35588,5.6787,4.1445,1.3856,0,0,0,2.0055,1.9744,1.958,1.9923,-13.233,10.56,1.0729,-32.35,-18.823,-11.811,13.217
14.76,-2.2582,-2.4465,1.0103,-0.16739,0.21843,0,0.96139,1.9164,-2.8709,0.1517,-0.79332,-1.0164,-0.35722,5.5447,4.2492,1.3957,0,0,0,2.0036,1.9727,1.9554,1.9895,-13.553,10.371,0.95447,-31.639,-19.074,-11.872,13.202
14.77,-2.2388,-2.475,1.0119,-0.17157,0.21319,0,0.96183,1.9712,-2.8279,0.1657,-0.78249,-1.0384,-0.35866,5.4076,4.3519,1.4047,0,0,0,2.0015,1.9709,1.9527,1.9866,-13.866,10.179,0.83549,-30.901,-19.312,-11.923,13.186
14.78,-2.2188,-2.503,1.0136,-0.17568,0.20783,0,0.96226,2.0246,-2.7838,0.17979,-0.77154,-1.0602,-0.3602,5.2674,4.4527,1.4124,0,0,0,1.9992,1.969,1.95,1.9836,-14.171,9.9845,0.71605,-30.138,-19.537,-11.964,13.17
14.79,-2.1983,-2.5306,1.0155,-0.17974,0.20235,0,0.96268,2.0765,-2.7388,0.19395,-0.76044,-1.0818,-0.36182,5.1242,4.5516,1.419,0,0,0,1.9969,1.967,1.9472,1.9805,-14.468,9.788,0.59625,-29.351,-19.75,-11.994,13.153
14.8,-2.1773,-2.5578,1.0175,-0.18374,0.19676,0,0.96308,2.1271,-2.6928,0.20817,-0.7492,-1.1031,-0.36351,4.9781,4.6485,1.4244,0,0,0,1.9943,1.9648,1.9444,1.9773,-14.758,9.5895,0.47619,-28.541,-19.95,-12.015,13.135
14.81,-2.1557,-2.5845,1.0197,-0.18767,0.19106,0,0.96347,2.1761,-2.6459,0.22243,-0.7378,-1.1242,-0.36528,4.8291,4.7434,1.4285,0,0,0,1.9917,1.9626,1.9415,1.9741,-15.039,9.3891,0.35598,-27.707,-20.137,-12.026,13.117
14.82,-2.1337,-2.6107,1.022,-0.19154,0.18525,0,0.96384,2.2236,-2.598,0.23673,-0.72623,-1.145,-0.36712,4.6773,4.8363,1.4315,0,0,0,1.989,1.9603,1.9387,1.9709,-15.312,9.1868,0.23571,-26.851,-20.312,-12.027,13.098
14.83,-2.1113,-2.6365,1.0244,-0.19535,0.17932,0,0.9642,2.2696,-2.5491,0.25106,-0.71449,-1.1655,-0.36901,4.5229,4.9271,1.4332,0,0,0,1.9861,1.958,1.9358,1.9676,-15.576,8.9828,0.11547,-25.973,-20.476,-12.019,13.079
14.84,-2.0883,-2.6617,1.027,-0.19909,0.17329,0,0.96454,2.3141,-2.4994,0.26539,-0.70257,-1.1856,-0.37096,4.3658,5.0159,1.4338,0,0,0,1.9832,1.9556,1.933,1.9643,-15.831,8.7773,-0.0046486,-25.074,-20.627,-12.002,13.06
14.85,-2.065,-2.6864,1.0297,-0.20277,0.16715,0,0.96486,2.3569,-2.4488,0.27973,-0.69046,-1.2054,-0.37294,4.2063,5.1026,1.4331,0,0,0,1.9802,1.9531,1.9302,1.961,-16.078,8.5703,-0.12455,-24.155,-20.767,-11.976,13.041
14.86,-2.0412,-2.7107,1.0326,-0.20638,0.1609,0,0.96515,2.3982,-2.3974,0.29405,-0.67815,-1.2248,-0.37496,4.0443,5.1873,1.4313,0,0,0,1.9771,1.9507,1.9274,1.9577,-16.314,8.362,-0.24414,-23.217,-20.896,-11.941,13.021
14.87,-2.017,-2.7344,1.0356,-0.20992,0.15455,0,0.96543,2.4378,-2.3451,0.30835,-0.66564,-1.2438,-0.37701,3.88,5.2699,1.4283,0,0,0,1.9739,1.9482,1.9247,1.9543,-16.542,8.1525,-0.36333,-22.259,-21.013,-11.897,13.002
14.88,-1.9925,-2.7576,1.0387,-0.21339,0.1481,0,0.96568,2.4758,-2.292,0.32261,-0.65292,-1.2623,-0.37908,3.7135,5.3504,1.424,0,0,0,1.9707,1.9456,1.922,1.9511,-16.76,7.9418,-0.48205,-21.283,-21.119,-11.845,12.982
14.89,-1.9675,-2.7802,1.042,-0.21678,0.14156,0,0.9659,2.5121,-2.2381,0.33683,-0.63999,-1.2804,-0.38115,3.5449,5.4287,1.4186,0,0,0,1.9675,1.9431,1.9194,1.9478,-16.967,7.7301,-0.6002,-20.29,-21.214,-11.784,12.963
14.9,-1.9422,-2.8023,1.0455,-0.22011,0.13491,0,0.9661,2.5467,-2.1834,0.35098,-0.62684,-1.2979,-0.38323,3.3742,5.505,1.412,0,0,0,1.9642,1.9406,1.917,1.9446,-17.165,7.5175,-0.71771,-19.28,-21.299,-11.716,12.944
14.91,-1.9166,-2.8239,1.0491,-0.22335,0.12817,0,0.96627,2.5796,-2.128,0.36507,-0.61347,-1.3148,-0.3853,3.2016,5.5791,1.4043,0,0,0,1.9609,1.9381,1.9146,1.9415,-17.353,7.3042,-0.83449,-18.254,-21.373,-11.639,12.925
14.92,-1.8906,-2.8449,1.0528,-0.22653,0.12135,0,0.96642,2.6107,-2.0719,0.37906,-0.59988,-1.3312,-0.38735,3.0272,5.651,1.3953,0,0,0,1.9575,1.9357,1.9124,1.9384,-17.53,7.0901,-0.95047,-17.212,-21.437,-11.555,12.907
14.93,-1.8644,-2.8653,1.0566,-0.22962,0.11443,0,0.96653,2.6401,-2.015,0.39297,-0.58606,-1.3469,-0.38937,2.851,5.7209,1.3853,0,0,0,1.9542,1.9333,1.9102,1.9354,-17.697,6.8755,-1.0656,-16.156,-21.491,-11.463,12.889
14.94,-1.8378,-2.8852,1.0606,-0.23264,0.10744,0,0.96661,2.6677,-1.9574,0.40677,-0.57202,-1.3619,-0.39135,2.6733,5.7885,1.374,0,0,0,1.9508,1.9309,1.9082,1.9325,-17.853,6.6603,-1.1797,-15.085,-21.535,-11.363,12.871
14.95,-1.811,-2.9045,1.0648,-0.23557,0.10036,0,0.96666,2.6936,-1.8992,0.42045,-0.55776,-1.3763,-0.39329,2.494,5.8541,1.3617,0,0,0,1.9475,1.9286,1.9064,1.9297,-17.999,6.4448,-1.2928,-14.001,-21.569,-11.257,12.854
14.96,-1.784,-2.9232,1.069,-0.23842,0.093207,0,0.96668,2.7176,-1.8404,0.434,-0.54328,-1.3899,-0.39518,2.3133,5.9174,1.3482,0,0,0,1.9442,1.9264,1.9047,1.927,-18.133,6.229,-1.4048,-12.904,-21.594,-11.143,12.837
14.97,-1.7567,-2.9413,1.0735,-0.24119,0.085984,0,0.96666,2.7398,-1.7809,0.44741,-0.52859,-1.4027,-0.397,2.1314,5.9786,1.3336,0,0,0,1.9409,1.9243,1.9032,1.9245,-18.257,6.013,-1.5156,-11.796,-21.609,-11.023,12.821
14.98,-1.7292,-2.9588,1.078,-0.24387,0.078692,0,0.96661,2.7602,-1.7208,0.46066,-0.5137,-1.4147,-0.39874,1.9482,6.0377,1.3179,0,0,0,1.9377,1.9222,1.9019,1.922,-18.369,5.7968,-1.6252,-10.676,-21.615,-10.895,12.806
14.99,-1.7015,-2.9757,1.0827,-0.24647,0.071338,0,0.96652,2.7788,-1.6601,0.47376,-0.4986,-1.4258,-0.4004,1.764,6.0946,1.3011,0,0,0,1.9345,1.9203,1.9007,1.9197,-18.47,5.5807,-1.7335,-9.5447,-21.613,-10.762,12.792
15,-1.6736,-2.992,1.0875,-0.24898,0.063926,0,0.9664,2.7955,-1.5989,0.48668,-0.48331,-1.4361,-0.40197,1.5789,6.1493,1.2832,0,0,0,1.9314,1.9184,1.8998,1.9175,-18.56,5.3646,-1.8405,-8.404,-21.601,-10.621,12.779
15.01,-1.6456,-3.0077,1.0924,-0.2514,0.05646,0,0.96624,2.8104,-1.5372,0.49942,-0.46784,-1.4455,-0.40344,1.3929,6.2019,1.2643,0,0,0,1.9284,1.9167,1.899,1.9155,-18.638,5.1487,-1.9459,-7.2539,-21.581,-10.475,12.766
15.02,-1.6174,-3.0227,1.0975,-0.25373,0.048946,0,0.96604,2.8234,-1.4749,0.51196,-0.4522,-1.454,-0.40479,1.2061,6.2523,1.2443,0,0,0,1.9254,1.915,1.8984,1.9136,-18.705,4.933,-2.0499,-6.0953,-21.553,-10.323,12.754
15.03,-1.5891,-3.0372,1.1026,-0.25596,0.041389,0,0.9658,2.8345,-1.4121,0.5243,-0.4364,-1.4615,-0.40603,1.0188,6.3005,1.2233,0,0,0,1.9225,1.9135,1.898,1.9119,-18.76,4.7177,-2.1524,-4.9287,-21.516,-10.165,12.743
15.04,-1.5607,-3.051,1.1079,-0.25811,0.033794,0,0.96552,2.8437,-1.3489,0.53643,-0.42045,-1.468,-0.40713,0.83096,6.3466,1.2013,0,0,0,1.9197,1.9121,1.8979,1.9104,-18.804,4.5027,-2.2532,-3.7549,-21.472,-10.001,12.734
15.05,-1.5323,-3.0641,1.1134,-0.26016,0.026167,0,0.96521,2.8511,-1.2852,0.54832,-0.40438,-1.4734,-0.40811,0.64276,6.3906,1.1782,0,0,0,1.917,1.9109,1.8979,1.909,-18.835,4.2883,-2.3524,-2.5745,-21.419,-9.8317,12.725
15.06,-1.5037,-3.0767,1.1189,-0.26212,0.018512,0,0.96486,2.8566,-1.2211,0.55999,-0.38819,-1.4779,-0.40894,0.4543,6.4324,1.1542,0,0,0,1.9145,1.9098,1.8981,1.9078,-18.855,4.0744,-2.4498,-1.3884,-21.359,-9.6573,12.717
15.07,-1.4751,-3.0886,1.1246,-0.26398,0.010837,0,0.96447,2.8602,-1.1566,0.57141,-0.37191,-1.4813,-0.40962,0.2657,6.4721,1.1292,0,0,0,1.912,1.9088,1.8986,1.9068,-18.863,3.8611,-2.5455,-0.19706,-21.292,-9.4776,12.71
15.08,-1.4465,-3.0998,1.1303,-0.26575,0.0031465,0,0.96404,2.8619,-1.0916,0.58257,-0.35555,-1.4836,-0.41014,0.077074,6.5096,1.1033,0,0,0,1.9097,1.9079,1.8992,1.906,-18.859,3.6485,-2.6394,0.99859,-21.217,-9.2929,12.705
15.09,-1.4179,-3.1104,1.1362,-0.26742,-0.0045535,0,0.96357,2.8617,-1.0264,0.59347,-0.33913,-1.4849,-0.4105,-0.11145,6.5451,1.0765,0,0,0,1.9074,1.9072,1.9,1.9053,-18.843,3.4368,-2.7313,2.1978,-21.135,-9.1034,12.7
15.1,-1.3893,-3.1203,1.1422,-0.269,-0.012257,0,0.96306,2.8597,-0.96075,0.6041,-0.32267,-1.485,-0.41068,-0.29975,6.5784,1.0487,0,0,0,1.9054,1.9067,1.9011,1.9048,-18.815,3.2259,-2.8214,3.3999,-21.046,-8.9091,12.697
15.11,-1.3607,-3.1296,1.1483,-0.27048,-0.019958,0,0.96252,2.8557,-0.89481,0.61444,-0.30619,-1.4841,-0.4107,-0.48771,6.6096,1.02,0,0,0,1.9034,1.9062,1.9023,1.9045,-18.775,3.0159,-2.9095,4.604,-20.95,-8.7102,12.694
15.12,-1.3322,-3.1382,1.1545,-0.27186,-0.027651,0,0.96194,2.8499,-0.82856,0.62449,-0.28971,-1.4821,-0.41053,-0.67521,6.6387,0.99051,0,0,0,1.9016,1.906,1.9037,1.9044,-18.723,2.8069,-2.9956,5.8095,-20.848,-8.5068,12.693
15.13,-1.3037,-3.1462,1.1608,-0.27315,-0.035329,0,0.96132,2.8422,-0.76204,0.63425,-0.27326,-1.4789,-0.41019,-0.86213,6.6657,0.96013,0,0,0,1.8999,1.9058,1.9053,1.9044,-18.659,2.5989,-3.0796,7.0155,-20.739,-8.299,12.692
15.14,-1.2753,-3.1535,1.1672,-0.27434,-0.042986,0,0.96067,2.8327,-0.69526,0.64369,-0.25685,-1.4747,-0.40965,-1.0483,6.6907,0.92892,0,0,0,1.8984,1.9058,1.907,1.9047,-18.583,2.3921,-3.1616,8.2214,-20.624,-8.087,12.693
15.15,-1.2471,-3.1601,1.1737,-0.27544,-0.050618,0,0.95998,2.8213,-0.62823,0.65282,-0.2405,-1.4694,-0.40892,-1.2337,6.7136,0.89691,0,0,0,1.897,1.9059,1.9089,1.905,-18.494,2.1865,-3.2414,9.4263,-20.502,-7.8709,12.695
15.16,-1.2189,-3.166,1.1802,-0.27645,-0.058217,0,0.95926,2.808,-0.56099,0.66163,-0.22424,-1.463,-0.40801,-1.4182,6.7344,0.8641,0,0,0,1.8958,1.9062,1.911,1.9056,-18.394,1.9821,-3.319,10.629,-20.375,-7.6509,12.698
15.17,-1.1909,-3.1713,1.1869,-0.27736,-0.065778,0,0.95851,2.7929,-0.49355,0.6701,-0.20809,-1.4555,-0.40689,-1.6016,6.7532,0.83053,0,0,0,1.8947,1.9065,1.9131,1.9063,-18.282,1.779,-3.3944,11.83,-20.241,-7.427,12.701
15.18,-1.1631,-3.1759,1.1936,-0.27817,-0.073295,0,0.95773,2.776,-0.42594,0.67824,-0.19207,-1.447,-0.40558,-1.7838,6.77,0.79622,0,0,0,1.8938,1.907,1.9155,1.9071,-18.158,1.5773,-3.4675,13.028,-20.102,-7.1994,12.706
15.19,-1.1354,-3.1798,1.2005,-0.2789,-0.080762,0,0.95692,2.7572,-0.35816,0.68602,-0.17619,-1.4374,-0.40407,-1.9647,6.7848,0.76119,0,0,0,1.893,1.9076,1.9179,1.9081,-18.021,1.377,-3.5383,14.221,-19.958,-6.9683,12.711
15.2,-1.1079,-3.1831,1.2073,-0.27953,-0.088175,0,0.95608,2.7367,-0.29025,0.69346,-0.16048,-1.4268,-0.40237,-2.1442,6.7975,0.72546,0,0,0,1.8923,1.9083,1.9205,1.9092,-17.873,1.1781,-3.6069,15.41,-19.807,-6.7337,12.717
15.21,-1.0807,-3.1856,1.2143,-0.28008,-0.095527,0,0.95521,2.7144,-0.22222,0.70053,-0.14496,-1.4152,-0.40047,-2.3221,6.8083,0.68906,0,0,0,1.8918,1.9091,1.9231,1.9105,-17.713,0.98085,-3.673,16.593,-19.652,-6.4958,12.724
15.22,-1.0537,-3.1875,1.2214,-0.28054,-0.10281,0,0.95432,2.6902,-0.15409,0.70724,-0.12964,-1.4027,-0.39837,-2.4984,6.8172,0.65201,0,0,0,1.8914,1.91,1.9258,1.9118,-17.541,0.78513,-3.7368,17.771,-19.491,-6.2547,12.732
15.23,-1.0269,-3.1887,1.2285,-0.28091,-0.11003,0,0.95341,2.6644,-0.085879,0.71357,-0.11454,-1.3892,-0.39608,-2.6729,6.824,0.61433,0,0,0,1.8911,1.911,1.9286,1.9133,-17.358,0.59104,-3.7981,18.941,-19.326,-6.0106,12.74
15.24,-1.0004,-3.1892,1.2356,-0.28119,-0.11717,0,0.95247,2.6368,-0.017613,0.71952,-0.099671,-1.3747,-0.39359,-2.8455,6.829,0.57606,0,0,0,1.8909,1.9121,1.9315,1.9148,-17.163,0.39863,-3.857,20.103,-19.156,-5.7636,12.749
15.25,-0.97415,-3.1891,1.2429,-0.2814,-0.12423,0,0.95152,2.6075,0.050694,0.72509,-0.085059,-1.3594,-0.39091,-3.0161,6.832,0.5372,0,0,0,1.8908,1.9132,1.9344,1.9165,-16.956,0.20794,-3.9134,21.257,-18.981,-5.5138,12.758
15.26,-0.94823,-3.1882,1.2501,-0.28152,-0.1312,0,0.95054,2.5765,0.11902,0.73026,-0.070711,-1.3432,-0.38804,-3.1846,6.8331,0.4978,0,0,0,1.8908,1.9143,1.9373,1.9182,-16.737,0.01903,-3.9672,22.401,-18.801,-5.2614,12.768
15.27,-0.92263,-3.1867,1.2575,-0.28156,-0.13809,0,0.94956,2.5438,0.18735,0.73504,-0.056641,-1.3262,-0.38499,-3.3508,6.8324,0.45787,0,0,0,1.8909,1.9155,1.9402,1.9199,-16.508,-0.16807,-4.0186,23.536,-18.617,-5.0064,12.778
15.28,-0.89736,-3.1845,1.2648,-0.28152,-0.14488,0,0.94855,2.5095,0.25566,0.73942,-0.042859,-1.3083,-0.38175,-3.5147,6.8298,0.41744,0,0,0,1.8911,1.9168,1.9431,1.9217,-16.267,-0.3533,-4.0674,24.66,-18.429,-4.7491,12.788
15.29,-0.87245,-3.1816,1.2722,-0.28141,-0.15157,0,0.94754,2.4735,0.32394,0.74339,-0.029375,-1.2897,-0.37834,-3.6761,6.8253,0.37653,0,0,0,1.8914,1.918,1.9461,1.9235,-16.015,-0.53664,-4.1136,25.772,-18.237,-4.4895,12.798
15.3,-0.8479,-3.178,1.2797,-0.28123,-0.15816,0,0.94652,2.436,0.39216,0.74695,-0.016199,-1.2704,-0.37475,-3.835,6.8191,0.33517,0,0,0,1.8917,1.9193,1.9489,1.9253,-15.751,-0.71804,-4.1571,26.872,-18.042,-4.2278,12.809
15.31,-0.82373,-3.1737,1.2872,-0.28098,-0.16465,0,0.94549,2.3968,0.46032,0.75009,-0.0033357,-1.2503,-0.37099,-3.9911,6.811,0.2934,0,0,0,1.892,1.9205,1.9518,1.9271,-15.477,-0.89746,-4.1981,27.959,-17.842,-3.9641,12.819
15.32,-0.79997,-3.1688,1.2947,-0.28065,-0.17102,0,0.94445,2.3561,0.52838,0.75282,0.0092072,-1.2296,-0.36706,-4.1445,6.8011,0.25122,0,0,0,1.8924,1.9218,1.9545,1.9289,-15.192,-1.0749,-4.2364,29.032,-17.639,-3.6986,12.829
15.33,-0.77661,-3.1632,1.3022,-0.28026,-0.17729,0,0.94341,2.3139,0.59633,0.75512,0.021426,-1.2083,-0.36297,-4.2949,6.7895,0.20868,0,0,0,1.8927,1.9229,1.9572,1.9307,-14.897,-1.2502,-4.2721,30.09,-17.432,-3.4313,12.839
15.34,-0.75369,-3.1568,1.3098,-0.27981,-0.18344,0,0.94237,2.2703,0.66416,0.75699,0.033316,-1.1863,-0.35872,-4.4424,6.7761,0.16579,0,0,0,1.8931,1.9241,1.9598,1.9324,-14.59,-1.4235,-4.305,31.133,-17.223,-3.1624,12.849
15.35,-0.73121,-3.1499,1.3174,-0.27929,-0.18947,0,0.94133,2.2251,0.73185,0.75843,0.044877,-1.1638,-0.35433,-4.5867,6.761,0.12258,0,0,0,1.8935,1.9252,1.9623,1.9341,-14.274,-1.5947,-4.3353,32.161,-17.01,-2.8921,12.858
15.36,-0.70919,-3.1422,1.325,-0.27871,-0.19538,0,0.94029,2.1785,0.79938,0.75944,0.056107,-1.1407,-0.34978,-4.7278,6.7442,0.079091,0,0,0,1.8938,1.9262,1.9647,1.9357,-13.947,-1.7637,-4.3629,33.171,-16.794,-2.6205,12.867
15.37,-0.68765,-3.1339,1.3326,-0.27808,-0.20117,0,0.93926,2.1306,0.86673,0.76001,0.067007,-1.1171,-0.34509,-4.8656,6.7258,0.035336,0,0,0,1.8941,1.9271,1.9669,1.9371,-13.611,-1.9305,-4.3877,34.164,-16.576,-2.3476,12.875
15.38,-0.66659,-3.1249,1.3402,-0.27739,-0.20683,0,0.93823,2.0812,0.93389,0.76014,0.077579,-1.093,-0.34026,-5,6.7056,-0.0086544,0,0,0,1.8943,1.9279,1.969,1.9385,-13.264,-2.0952,-4.4098,35.138,-16.355,-2.0737,12.883
15.39,-0.64603,-3.1152,1.3478,-0.27665,-0.21237,0,0.93721,2.0306,1.0008,0.75984,0.087824,-1.0685,-0.3353,-5.1309,6.6839,-0.052852,0,0,0,1.8944,1.9286,1.9709,1.9397,-12.908,-2.2576,-4.4292,36.093,-16.131,-1.7988,12.889
15.4,-0.62598,-3.1049,1.3554,-0.27586,-0.21778,0,0.9362,1.9786,1.0676,0.75909,0.097748,-1.0435,-0.33021,-5.2581,6.6605,-0.097229,0,0,0,1.8944,1.9292,1.9726,1.9408,-12.542,-2.4178,-4.4458,37.029,-15.905,-1.5232,12.895
15.41,-0.60646,-3.0939,1.3629,-0.27502,-0.22305,0,0.93521,1.9254,1.134,0.75789,0.10735,-1.0181,-0.325,-5.3817,6.6355,-0.14176,0,0,0,1.8943,1.9296,1.9742,1.9418,-12.167,-2.5757,-4.4596,37.943,-15.677,-1.2468,12.9
15.42,-0.58748,-3.0822,1.3705,-0.27413,-0.22819,0,0.93423,1.871,1.2003,0.75625,0.11665,-0.99233,-0.31967,-5.5014,6.609,-0.18641,0,0,0,1.8941,1.9298,1.9755,1.9425,-11.784,-2.7313,-4.4707,38.837,-15.447,-0.96997,12.903
15.43,-0.56904,-3.0698,1.3781,-0.2732,-0.2332,0,0.93326,1.8154,1.2662,0.75416,0.12564,-0.96618,-0.31423,-5.6173,6.5809,-0.23116,0,0,0,1.8937,1.9299,1.9766,1.9431,-11.391,-2.8847,-4.479,39.708,-15.215,-0.6927,12.905
15.44,-0.55117,-3.0569,1.3856,-0.27222,-0.23806,0,0.93232,1.7587,1.3319,0.75163,0.13433,-0.93968,-0.30868,-5.7292,6.5513,-0.27598,0,0,0,1.8932,1.9298,1.9775,1.9434,-10.989,-3.0356,-4.4846,40.557,-14.982,-0.41521,12.906
15.45,-0.53387,-3.0432,1.3931,-0.27121,-0.2428,0,0.93139,1.7008,1.3972,0.74864,0.14273,-0.91285,-0.30302,-5.8371,6.5202,-0.32085,0,0,0,1.8925,1.9295,1.9781,1.9436,-10.58,-3.1843,-4.4873,41.382,-14.747,-0.13767,12.906
15.46,-0.51716,-3.0289,1.4006,-0.27016,-0.24739,0,0.93049,1.6419,1.4623,0.74521,0.15086,-0.88571,-0.29727,-5.9408,6.4876,-0.36572,0,0,0,1.8915,1.9289,1.9785,1.9435,-10.162,-3.3306,-4.4873,42.183,-14.51,0.13975,12.904
15.47,-0.50104,-3.014,1.408,-0.26907,-0.25184,0,0.92961,1.582,1.527,0.74133,0.15871,-0.85826,-0.29142,-6.0403,6.4536,-0.41058,0,0,0,1.8904,1.9282,1.9786,1.9431,-9.7361,-3.4745,-4.4846,42.959,-14.273,0.41688,12.9
15.48,-0.48552,-2.9984,1.4154,-0.26795,-0.25615,0,0.92876,1.5212,1.5913,0.737,0.1663,-0.83051,-0.28547,-6.1355,6.4181,-0.4554,0,0,0,1.889,1.9271,1.9784,1.9425,-9.3028,-3.616,-4.479,43.711,-14.035,0.69353,12.895
15.49,-0.47062,-2.9821,1.4227,-0.2668,-0.26032,0,0.92793,1.4593,1.6553,0.73222,0.17365,-0.80249,-0.27945,-6.2263,6.3813,-0.50015,0,0,0,1.8874,1.9259,1.9779,1.9416,-8.862,-3.7552,-4.4707,44.436,-13.796,0.96955,12.888
15.5,-0.45634,-2.9653,1.43,-0.26561,-0.26434,0,0.92713,1.3966,1.719,0.727,0.18076,-0.77419,-0.27333,-6.3127,6.343,-0.54481,0,0,0,1.8856,1.9243,1.9771,1.9404,-8.4142,-3.8919,-4.4596,45.134,-13.556,1.2447,12.879
15.51,-0.44269,-2.9478,1.4373,-0.2644,-0.26822,0,0.92636,1.3331,1.7822,0.72133,0.18764,-0.74562,-0.26714,-6.3946,6.3034,-0.58934,0,0,0,1.8834,1.9225,1.976,1.9389,-7.9594,-4.0263,-4.4458,45.805,-13.316,1.5189,12.868
15.52,-0.42968,-2.9296,1.4445,-0.26316,-0.27196,0,0.92563,1.2688,1.845,0.71521,0.19431,-0.71679,-0.26087,-6.4719,6.2625,-0.63372,0,0,0,1.881,1.9204,1.9745,1.937,-7.4981,-4.1583,-4.4292,46.448,-13.076,1.792,12.855
15.53,-0.41731,-2.9109,1.4516,-0.26189,-0.27554,0,0.92493,1.2037,1.9074,0.70865,0.20078,-0.68769,-0.25453,-6.5445,6.2203,-0.67791,0,0,0,1.8782,1.9179,1.9727,1.9349,-7.0306,-4.2878,-4.41,47.062,-12.836,2.0637,12.84
15.54,-0.40561,-2.8915,1.4586,-0.2606,-0.27898,0,0.92426,1.1379,1.9694,0.70165,0.20706,-0.65833,-0.24812,-6.6125,6.1768,-0.72191,0,0,0,1.8752,1.9152,1.9706,1.9323,-6.557,-4.415,-4.388,47.647,-12.596,2.3339,12.822
15.55,-0.39456,-2.8715,1.4656,-0.25929,-0.28227,0,0.92363,1.0714,2.031,0.69421,0.21317,-0.6287,-0.24164,-6.6757,6.132,-0.76566,0,0,0,1.8718,1.9121,1.9681,1.9295,-6.0777,-4.5398,-4.3633,48.203,-12.357,2.6024,12.803
15.56,-0.38418,-2.8509,1.4725,-0.25795,-0.28542,0,0.92304,1.0044,2.0921,0.68634,0.21913,-0.5988,-0.23509,-6.734,6.086,-0.80916,0,0,0,1.868,1.9087,1.9653,1.9262,-5.5931,-4.6621,-4.3359,48.727,-12.118,2.869,12.78
15.57,-0.37447,-2.8296,1.4793,-0.25659,-0.28841,0,0.92249,0.93678,2.1527,0.67803,0.22494,-0.56862,-0.22849,-6.7875,6.0388,-0.85237,0,0,0,1.8639,1.9049,1.9621,1.9226,-5.1033,-4.7821,-4.3059,49.22,-11.88,3.1336,12.756
15.58,-0.36544,-2.8078,1.4861,-0.25522,-0.29125,0,0.92198,0.86866,2.2128,0.66929,0.23062,-0.53816,-0.22182,-6.8361,5.9904,-0.89527,0,0,0,1.8595,1.9008,1.9585,1.9186,-4.6087,-4.8997,-4.2733,49.682,-11.642,3.3961,12.729
15.59,-0.3571,-2.7854,1.4927,-0.25382,-0.29393,0,0.92151,0.80008,2.2725,0.66013,0.23619,-0.5074,-0.2151,-6.8797,5.9408,-0.93783,0,0,0,1.8546,1.8964,1.9545,1.9142,-4.1098,-5.015,-4.238,50.111,-11.406,3.6561,12.7
15.6,-0.34944,-2.7624,1.4993,-0.25241,-0.29647,0,0.92108,0.73108,2.3316,0.65054,0.24167,-0.47634,-0.20832,-6.9182,5.8901,-0.98002,0,0,0,1.8494,1.8915,1.9501,1.9094,-3.6066,-5.1279,-4.2001,50.506,-11.171,3.9135,12.667
15.61,-0.34248,-2.7388,1.5057,-0.25098,-0.29885,0,0.92071,0.66173,2.3903,0.64053,0.24706,-0.44496,-0.20148,-6.9518,5.8382,-1.0218,0,0,0,1.8438,1.8863,1.9453,1.9042,-3.0997,-5.2384,-4.1597,50.868,-10.938,4.1683,12.633
15.62,-0.33621,-2.7146,1.5121,-0.24953,-0.30107,0,0.92038,0.59206,2.4484,0.6301,0.25239,-0.41324,-0.1946,-6.9802,5.7853,-1.0632,0,0,0,1.8377,1.8807,1.9401,1.8986,-2.5894,-5.3466,-4.1168,51.196,-10.706,4.4201,12.595
15.63,-0.33064,-2.6898,1.5183,-0.24807,-0.30314,0,0.92009,0.52214,2.506,0.61927,0.25768,-0.38117,-0.18766,-7.0036,5.7313,-1.1042,0,0,0,1.8313,1.8747,1.9346,1.8925,-2.0759,-5.4525,-4.0713,51.488,-10.476,4.6689,12.555
15.64,-0.32577,-2.6644,1.5245,-0.24659,-0.30504,0,0.91986,0.45201,2.563,0.60802,0.26293,-0.34872,-0.18068,-7.0217,5.6763,-1.1446,0,0,0,1.8244,1.8683,1.9286,1.886,-1.5598,-5.5562,-4.0234,51.744,-10.248,4.9144,12.512
15.65,-0.3216,-2.6385,1.5305,-0.2451,-0.30679,0,0.91968,0.38172,2.6195,0.59638,0.26818,-0.31589,-0.17364,-7.0347,5.6202,-1.1846,0,0,0,1.8171,1.8615,1.9222,1.8791,-1.0412,-5.6575,-3.9731,51.964,-10.022,5.1565,12.466
15.66,-0.31813,-2.6121,1.5364,-0.24359,-0.30837,0,0.91955,0.31133,2.6754,0.58433,0.27343,-0.28264,-0.16657,-7.0426,5.5631,-1.2241,0,0,0,1.8094,1.8543,1.9153,1.8717,-0.5206,-5.7566,-3.9203,52.147,-9.7991,5.395,12.418
15.67,-0.31537,-2.585,1.5422,-0.24207,-0.30979,0,0.91947,0.24089,2.7308,0.5719,0.27871,-0.24894,-0.15944,-7.0452,5.5051,-1.263,0,0,0,1.8012,1.8467,1.9081,1.8639,0.001619,-5.8535,-3.8652,52.292,-9.5783,5.6297,12.367
15.68,-0.31332,-2.5574,1.5478,-0.24054,-0.31105,0,0.91945,0.17045,2.7855,0.55907,0.28403,-0.21479,-0.15228,-7.0425,5.4461,-1.3014,0,0,0,1.7926,1.8387,1.9004,1.8556,0.5251,-5.9482,-3.8077,52.398,-9.3602,5.8605,12.312
15.69,-0.31196,-2.5293,1.5534,-0.23899,-0.31213,0,0.91949,0.10006,2.8397,0.54587,0.28942,-0.18014,-0.14507,-7.0346,5.3861,-1.3392,0,0,0,1.7836,1.8303,1.8924,1.8469,1.0495,-6.0407,-3.748,52.466,-9.1451,6.0871,12.255
15.7,-0.31132,-2.5006,1.5587,-0.23742,-0.31305,0,0.91958,0.029772,2.8932,0.53229,0.29489,-0.14496,-0.13782,-7.0215,5.3252,-1.3763,0,0,0,1.7741,1.8215,1.8839,1.8378,1.5743,-6.1311,-3.686,52.493,-8.9331,6.3095,12.195
15.71,-0.31137,-2.4714,1.564,-0.23584,-0.31379,0,0.91973,-0.040356,2.9462,0.51835,0.30047,-0.10923,-0.13053,-7.0032,5.2635,-1.4129,0,0,0,1.7642,1.8123,1.875,1.8281,2.0992,-6.2194,-3.6218,52.481,-8.7244,6.5274,12.133
15.72,-0.31212,-2.4417,1.5691,-0.23425,-0.31436,0,0.91995,-0.11027,2.9985,0.50404,0.30619,-0.07292,-0.1232,-6.9795,5.2009,-1.4488,0,0,0,1.7538,1.8028,1.8657,1.8181,2.6238,-6.3056,-3.5555,52.427,-8.5192,6.7406,12.067
15.73,-0.31357,-2.4115,1.5741,-0.23264,-0.31475,0,0.92022,-0.17993,3.0502,0.48937,0.31205,-0.035986,-0.11583,-6.9507,5.1374,-1.484,0,0,0,1.743,1.7928,1.8559,1.8075,3.1476,-6.3898,-3.487,52.332,-8.3176,6.949,11.999
15.74,-0.31572,-2.3807,1.5789,-0.23101,-0.31496,0,0.92056,-0.24927,3.1013,0.47436,0.31808,0.0016022,-0.10843,-6.9166,5.0731,-1.5185,0,0,0,1.7318,1.7824,1.8458,1.7966,3.6702,-6.472,-3.4165,52.194,-8.1199,7.1525,11.928
15.75,-0.31856,-2.3495,1.5836,-0.22937,-0.31499,0,0.92096,-0.31824,3.1517,0.459,0.32432,0.039882,-0.10099,-6.8773,5.008,-1.5523,0,0,0,1.7201,1.7717,1.8353,1.7852,4.1913,-6.5522,-3.344,52.013,-7.9262,7.3508,11.854
15.76,-0.32208,-2.3177,1.5881,-0.22771,-0.31482,0,0.92143,-0.3868,3.2014,0.44332,0.33078,0.078891,-0.09352,-6.8328,4.942,-1.5854,0,0,0,1.708,1.7605,1.8243,1.7733,4.7104,-6.6305,-3.2695,51.789,-7.7367,7.5437,11.777
15.77,-0.32629,-2.2854,1.5924,-0.22603,-0.31447,0,0.92197,-0.45488,3.2505,0.4273,0.33748,0.11867,-0.086019,-6.7831,4.8754,-1.6177,0,0,0,1.6955,1.7491,1.813,1.761,5.2269,-6.7069,-3.1931,51.52,-7.5517,7.7312,11.698
15.78,-0.33118,-2.2527,1.5966,-0.22432,-0.31392,0,0.92257,-0.52244,3.2989,0.41096,0.34446,0.15925,-0.078489,-6.7282,4.8079,-1.6492,0,0,0,1.6826,1.7372,1.8013,1.7483,5.7406,-6.7816,-3.1149,51.206,-7.3712,7.9129,11.616
15.79,-0.33674,-2.2195,1.6006,-0.2226,-0.31318,0,0.92324,-0.58943,3.3467,0.39432,0.35175,0.20068,-0.070933,-6.6683,4.7397,-1.68,0,0,0,1.6693,1.7251,1.7893,1.7352,6.2509,-6.8544,-3.0349,50.847,-7.1955,8.0888,11.531
15.8,-0.34297,-2.1858,1.6045,-0.22085,-0.31223,0,0.92398,-0.65579,3.3937,0.37737,0.35936,0.24299,-0.063352,-6.6032,4.6708,-1.7099,0,0,0,1.6556,1.7126,1.7769,1.7216,6.7574,-6.9255,-2.9531,50.442,-7.0246,8.2588,11.444
15.81,-0.34985,-2.1516,1.6082,-0.21908,-0.31107,0,0.92479,-0.72148,3.4401,0.36012,0.36733,0.28623,-0.05575,-6.5332,4.6012,-1.739,0,0,0,1.6415,1.6997,1.7641,1.7077,7.2596,-6.9949,-2.8697,49.993,-6.8583,8.4229,11.355
15.82,-0.35739,-2.117,1.6117,-0.21728,-0.3097,0,0.92567,-0.78644,3.4857,0.34259,0.37569,0.33044,-0.048129,-6.4581,4.5309,-1.7673,0,0,0,1.6271,1.6866,1.751,1.6934,7.7571,-7.0627,-2.7847,49.5,-6.6967,8.5811,11.263
15.83,-0.36558,-2.0819,1.615,-0.21545,-0.30811,0,0.92663,-0.85062,3.5307,0.32478,0.38447,0.37566,-0.040492,-6.378,4.46,-1.7947,0,0,0,1.6123,1.6732,1.7376,1.6787,8.2495,-7.1288,-2.6981,48.964,-6.5395,8.7335,11.17
15.84,-0.3744,-2.0463,1.6182,-0.21359,-0.3063,0,0.92766,-0.91398,3.5749,0.3067,0.39369,0.42194,-0.032841,-6.2931,4.3884,-1.8213,0,0,0,1.5972,1.6595,1.7238,1.6636,8.7363,-7.1935,-2.6101,48.387,-6.3866,8.8801,11.074
15.85,-0.38386,-2.0104,1.6212,-0.2117,-0.30427,0,0.92876,-0.97647,3.6185,0.28836,0.40339,0.46931,-0.025179,-6.2033,4.3161,-1.8469,0,0,0,1.5818,1.6456,1.7098,1.6483,9.2171,-7.2566,-2.5205,47.768,-6.238,9.021,10.976
15.86,-0.39393,-1.974,1.624,-0.20977,-0.302,0,0.92994,-1.038,3.6613,0.26976,0.41361,0.51783,-0.017509,-6.1088,4.2432,-1.8717,0,0,0,1.5661,1.6314,1.6955,1.6325,9.6915,-7.3182,-2.4297,47.11,-6.0933,9.1563,10.876
15.87,-0.40461,-1.9372,1.6266,-0.2078,-0.29949,0,0.9312,-1.0986,3.7033,0.25093,0.42436,0.56752,-0.0098343,-6.0095,4.1697,-1.8955,0,0,0,1.5501,1.617,1.681,1.6165,10.159,-7.3785,-2.3374,46.414,-5.9527,9.2859,10.774
15.88,-0.4159,-1.8999,1.629,-0.20579,-0.29673,0,0.93252,-1.1582,3.7446,0.23186,0.43568,0.61843,-0.0021574,-5.9056,4.0957,-1.9184,0,0,0,1.5339,1.6024,1.6662,1.6003,10.62,-7.4373,-2.244,45.68,-5.8158,9.4099,10.671
15.89,-0.42777,-1.8623,1.6312,-0.20373,-0.29372,0,0.93393,-1.2167,3.7852,0.21256,0.4476,0.6706,0.0055176,-5.7971,4.021,-1.9404,0,0,0,1.5174,1.5877,1.6512,1.5837,11.073,-7.4948,-2.1493,44.908,-5.6826,9.5284,10.567
15.9,-0.44023,-1.8242,1.6332,-0.20162,-0.29045,0,0.93541,-1.2741,3.8251,0.19305,0.46015,0.72406,0.013187,-5.6842,3.9458,-1.9614,0,0,0,1.5008,1.5727,1.636,1.5669,11.518,-7.551,-2.0534,44.102,-5.553,9.6414,10.461
15.91,-0.45325,-1.7858,1.6351,-0.19946,-0.28692,0,0.93696,-1.3304,3.8641,0.17334,0.47336,0.77883,0.020845,-5.5668,3.87,-1.9814,0,0,0,1.484,1.5577,1.6206,1.5499,11.955,-7.6059,-1.9565,43.26,-5.4267,9.749,10.354
15.92,-0.46683,-1.7469,1.6367,-0.19725,-0.28311,0,0.93858,-1.3855,3.9025,0.15343,0.48726,0.83494,0.028489,-5.4451,3.7937,-2.0005,0,0,0,1.4671,1.5426,1.605,1.5328,12.383,-7.6595,-1.8584,42.385,-5.3038,9.8511,10.246
15.93,-0.48096,-1.7077,1.6381,-0.19497,-0.27902,0,0.94028,-1.4393,3.94,0.13333,0.50188,0.8924,0.036111,-5.3192,3.7168,-2.0186,0,0,0,1.4501,1.5274,1.5894,1.5155,12.802,-7.7119,-1.7594,41.476,-5.1841,9.948,10.137
15.94,-0.49561,-1.6681,1.6394,-0.19263,-0.27465,0,0.94205,-1.4918,3.9768,0.11306,0.51724,0.95122,0.043705,-5.1891,3.6394,-2.0357,0,0,0,1.433,1.5121,1.5735,1.498,13.212,-7.7632,-1.6595,40.536,-5.0674,10.039,10.028
15.95,-0.51079,-1.6282,1.6404,-0.19022,-0.26998,0,0.94389,-1.5431,4.0128,0.092619,0.53336,1.0114,0.051265,-5.055,3.5615,-2.0518,0,0,0,1.416,1.4969,1.5576,1.4805,13.613,-7.8133,-1.5587,39.566,-4.9536,10.126,9.9184
15.96,-0.52647,-1.5879,1.6412,-0.18773,-0.265,0,0.9458,-1.5929,4.048,0.072025,0.55026,1.0729,0.058783,-4.9169,3.4832,-2.0669,0,0,0,1.399,1.4816,1.5417,1.463,14.003,-7.8623,-1.457,38.565,-4.8426,10.207,9.8088
15.97,-0.54264,-1.5472,1.6418,-0.18517,-0.25972,0,0.94777,-1.6414,4.0825,0.051285,0.56797,1.1357,0.066249,-4.7749,3.4043,-2.0809,0,0,0,1.382,1.4664,1.5256,1.4455,14.384,-7.9102,-1.3546,37.535,-4.7343,10.283,9.6992
15.98,-0.55929,-1.5062,1.6422,-0.18252,-0.25411,0,0.9498,-1.6884,4.1161,0.03041,0.58648,1.1998,0.073655,-4.6292,3.325,-2.094,0,0,0,1.3653,1.4513,1.5095,1.4279,14.754,-7.957,-1.2514,36.478,-4.6285,10.353,9.5901
15.99,-0.57641,-1.4649,1.6424,-0.17978,-0.24818,0,0.95188,-1.7339,4.149,0.0094095,0.60581,1.2651,0.080988,-4.4799,3.2452,-2.106,0,0,0,1.3487,1.4363,1.4935,1.4105,15.113,-8.0027,-1.1475,35.394,-4.5251,10.419,9.4816
16,-0.59397,-1.4233,1.6424,-0.17695,-0.24192,0,0.95402,-1.778,4.181,-0.011706,0.62595,1.3315,0.088237,-4.327,3.1649,-2.1169,0,0,0,1.3324,1.4214,1.4774,1.3932,15.462,-8.0475,-1.043,34.284,-4.424,10.48,9.374
16.01,-0.61196,-1.3813,1.6422,-0.17402,-0.23532,0,0.95621,-1.8205,4.2123,-0.032925,0.64689,1.3989,0.095388,-4.1707,3.0842,-2.1268,0,0,0,1.3164,1.4067,1.4613,1.3761,15.799,-8.0912,-0.93793,33.149,-4.325,10.535,9.2675
16.02,-0.63037,-1.339,1.6418,-0.17099,-0.22838,0,0.95844,-1.8614,4.2427,-0.054239,0.66863,1.4672,0.10243,-4.0111,3.0031,-2.1357,0,0,0,1.3008,1.3921,1.4453,1.3593,16.125,-8.134,-0.83232,31.99,-4.2281,10.586,9.1625
16.03,-0.64918,-1.2964,1.6411,-0.16784,-0.22108,0,0.9607,-1.9007,4.2723,-0.075635,0.69112,1.5362,0.10934,-3.8482,2.9215,-2.1435,0,0,0,1.2857,1.3778,1.4293,1.3427,16.439,-8.1758,-0.72623,30.808,-4.133,10.632,9.0591
16.04,-0.66838,-1.2536,1.6403,-0.16459,-0.21344,0,0.96299,-1.9383,4.3011,-0.097104,0.71433,1.6057,0.11611,-3.6823,2.8396,-2.1502,0,0,0,1.2711,1.3637,1.4134,1.3265,16.741,-8.2167,-0.6197,29.604,-4.0398,10.673,8.9579
16.05,-0.68794,-1.2104,1.6392,-0.16121,-0.20543,0,0.9653,-1.9743,4.3291,-0.11864,0.73822,1.6755,0.12272,-3.5135,2.7572,-2.1559,0,0,0,1.2571,1.35,1.3977,1.3107,17.031,-8.2566,-0.51278,28.38,-3.9482,10.709,8.8589
16.06,-0.70786,-1.167,1.6379,-0.15771,-0.19706,0,0.96762,-2.0086,4.3563,-0.14022,0.76271,1.7453,0.12914,-3.3418,2.6745,-2.1604,0,0,0,1.2437,1.3365,1.382,1.2954,17.308,-8.2956,-0.40553,27.135,-3.858,10.74,8.7626
16.07,-0.72811,-1.1233,1.6364,-0.15408,-0.18834,0,0.96994,-2.0412,4.3826,-0.16184,0.78772,1.8149,0.13536,-3.1673,2.5913,-2.164,0,0,0,1.2311,1.3233,1.3665,1.2806,17.573,-8.3338,-0.29799,25.871,-3.7693,10.767,8.6693
16.08,-0.74868,-1.0793,1.6347,-0.15033,-0.17925,0,0.97225,-2.0719,4.4081,-0.18349,0.81317,1.8839,0.14136,-2.9903,2.5078,-2.1664,0,0,0,1.2194,1.3106,1.3512,1.2664,17.826,-8.371,-0.19021,24.59,-3.6819,10.789,8.5793
16.09,-0.76954,-1.0351,1.6327,-0.14643,-0.16981,0,0.97454,-2.101,4.4328,-0.20517,0.83894,1.952,0.14712,-2.8109,2.4239,-2.1678,0,0,0,1.2085,1.2982,1.3361,1.2529,18.065,-8.4074,-0.082226,23.291,-3.5956,10.807,8.4928
16.1,-0.79069,-0.99069,1.6305,-0.1424,-0.16002,0,0.97679,-2.1282,4.4566,-0.22685,0.86491,2.0187,0.15261,-2.6291,2.3396,-2.168,0,0,0,1.1987,1.2862,1.3212,1.2402,18.291,-8.4429,0.025907,21.976,-3.5103,10.819,8.4103
16.11,-0.8121,-0.94601,1.6282,-0.13823,-0.14988,0,0.97899,-2.1535,4.4795,-0.24852,0.89093,2.0837,0.15781,-2.4451,2.255,-2.1672,0,0,0,1.1898,1.2747,1.3065,1.2283,18.505,-8.4776,0.13414,20.647,-3.4261,10.828,8.3321
16.12,-0.83376,-0.9011,1.6256,-0.13391,-0.1394,0,0.98114,-2.177,4.5017,-0.27019,0.91683,2.1464,0.16269,-2.259,2.1701,-2.1654,0,0,0,1.1821,1.2636,1.2922,1.2172,18.704,-8.5115,0.24244,19.303,-3.3428,10.831,8.2584
16.13,-0.85564,-0.85598,1.6228,-0.12946,-0.1286,0,0.98321,-2.1987,4.5229,-0.29183,0.94246,2.2065,0.16725,-2.071,2.0848,-2.1624,0,0,0,1.1755,1.253,1.2781,1.2071,18.891,-8.5445,0.35075,17.947,-3.2603,10.83,8.1896
16.14,-0.87772,-0.81064,1.6197,-0.12486,-0.1175,0,0.98519,-2.2185,4.5434,-0.31343,0.96762,2.2633,0.17145,-1.8813,1.9992,-2.1584,0,0,0,1.1701,1.243,1.2645,1.198,19.063,-8.5767,0.45903,16.578,-3.1787,10.825,8.126
16.15,-0.9,-0.76511,1.6165,-0.12013,-0.1061,0,0.98707,-2.2363,4.5629,-0.33499,0.9921,2.3164,0.17527,-1.6898,1.9133,-2.1532,0,0,0,1.1659,1.2335,1.2513,1.19,19.222,-8.6081,0.56724,15.198,-3.0979,10.815,8.0679
16.16,-0.92244,-0.71939,1.613,-0.11526,-0.094428,0,0.98884,-2.2523,4.5816,-0.35649,1.0157,2.3654,0.17871,-1.4969,1.827,-2.147,0,0,0,1.163,1.2246,1.2386,1.1831,19.367,-8.6386,0.67532,13.809,-3.0177,10.8,8.0155
16.17,-0.94504,-0.67348,1.6094,-0.11025,-0.08251,0,0.99047,-2.2663,4.5995,-0.37793,1.0383,2.4097,0.18174,-1.3025,1.7405,-2.1397,0,0,0,1.1614,1.2164,1.2264,1.1773,19.498,-8.6684,0.78323,12.41,-2.9382,10.782,7.9691
16.18,-0.96776,-0.6274,1.6055,-0.10512,-0.070369,0,0.99197,-2.2783,4.6164,-0.39928,1.0595,2.4488,0.18436,-1.107,1.6537,-2.1313,0,0,0,1.161,1.2088,1.2149,1.1728,19.615,-8.6974,0.89093,11.003,-2.8592,10.758,7.929
16.19,-0.9906,-0.58116,1.6014,-0.099876,-0.058034,0,0.99331,-2.2884,4.6325,-0.42055,1.0792,2.4824,0.18655,-0.91027,1.5666,-2.1219,0,0,0,1.1619,1.2019,1.2041,1.1694,19.718,-8.7256,0.99838,9.5896,-2.7807,10.73,7.8954
16.2,-1.0135,-0.53475,1.5971,-0.094515,-0.045536,0,0.99448,-2.2965,4.6478,-0.44172,1.0973,2.51,0.18831,-0.71263,1.4792,-2.1114,0,0,0,1.164,1.1957,1.1941,1.1673,19.807,-8.753,1.1055,8.17,-2.7026,10.698,7.8684
16.21,-1.0365,-0.4882,1.5926,-0.089052,-0.032906,0,0.99548,-2.3026,4.6621,-0.46277,1.1135,2.5313,0.18964,-0.51418,1.3915,-2.0998,0,0,0,1.1673,1.1904,1.185,1.1664,19.882,-8.7796,1.2123,6.7453,-2.6249,10.662,7.8483
16.22,-1.0596,-0.44151,1.5878,-0.083497,-0.020179,0,0.9963,-2.3068,4.6756,-0.48371,1.1276,2.5461,0.19054,-0.31505,1.3036,-2.0871,0,0,0,1.1717,1.1859,1.1768,1.1667,19.942,-8.8055,1.3187,5.3166,-2.5475,10.62,7.8351
16.23,-1.0826,-0.39469,1.5829,-0.07786,-0.0073917,0,0.99694,-2.3089,4.6882,-0.50451,1.1396,2.5542,0.19103,-0.11538,1.2154,-2.0734,0,0,0,1.1772,1.1822,1.1697,1.1682,19.988,-8.8306,1.4247,3.8848,-2.4703,10.575,7.829
16.24,-1.1057,-0.34775,1.5777,-0.072154,0.0054208,0,0.99738,-2.3091,4.6999,-0.52517,1.1493,2.5554,0.19112,0.084666,1.127,-2.0586,0,0,0,1.1838,1.1795,1.1637,1.1709,20.02,-8.8549,1.5302,2.4511,-2.3933,10.525,7.83
16.25,-1.1288,-0.3007,1.5724,-0.066392,0.018221,0,0.99763,-2.3072,4.7107,-0.54568,1.1566,2.5498,0.19081,0.28496,1.0383,-2.0428,0,0,0,1.1912,1.1778,1.159,1.1748,20.037,-8.8785,1.6352,1.0163,-2.3164,10.471,7.8381
16.26,-1.1519,-0.25354,1.5668,-0.060586,0.030973,0,0.99768,-2.3034,4.7207,-0.56603,1.1615,2.5374,0.19015,0.48536,0.9494,-2.0259,0,0,0,1.1996,1.1771,1.1555,1.1799,20.04,-8.9012,1.7396,-0.4185,-2.2395,10.413,7.8534
16.27,-1.1749,-0.20629,1.5611,-0.05475,0.04364,0,0.99755,-2.2975,4.7297,-0.5862,1.1639,2.5184,0.18914,0.68572,0.86028,-2.008,0,0,0,1.2087,1.1775,1.1534,1.186,20.029,-8.9233,1.8435,-1.8523,-2.1626,10.35,7.8758
16.28,-1.1978,-0.15895,1.5551,-0.048897,0.056188,0,0.99722,-2.2897,4.7379,-0.60618,1.164,2.493,0.18782,0.88589,0.77094,-1.9891,0,0,0,1.2185,1.1789,1.1526,1.1931,20.003,-8.9445,1.9466,-3.2842,-2.0857,10.283,7.9052
16.29,-1.2207,-0.11153,1.5489,-0.043041,0.068582,0,0.99672,-2.2798,4.7451,-0.62598,1.1617,2.4615,0.18622,1.0857,0.68139,-1.9691,0,0,0,1.229,1.1814,1.1533,1.2012,19.963,-8.965,2.0491,-4.713,-2.0086,10.212,7.9416
16.3,-1.2434,-0.06405,1.5426,-0.037195,0.080791,0,0.99604,-2.268,4.7515,-0.64556,1.157,2.4242,0.18438,1.2851,0.59164,-1.9481,0,0,0,1.2401,1.185,1.1555,1.2103,19.909,-8.9847,2.1509,-6.138,-1.9312,10.136,7.9848
16.31,-1.266,-0.016507,1.536,-0.031372,0.092787,0,0.99519,-2.2541,4.757,-0.66493,1.1503,2.3816,0.18232,1.4839,0.5017,-1.9261,0,0,0,1.2517,1.1897,1.1591,1.2203,19.84,-9.0036,2.2518,-7.5579,-1.8536,10.057,8.0347
16.32,-1.2885,0.031086,1.5293,-0.025583,0.10454,0,0.99419,-2.2383,4.7615,-0.68408,1.1414,2.3341,0.18008,1.6819,0.41157,-1.9031,0,0,0,1.2638,1.1956,1.1641,1.2311,19.758,-9.0217,2.352,-8.9719,-1.7757,9.9728,8.091
16.33,-1.3108,0.078721,1.5223,-0.019839,0.11603,0,0.99305,-2.2205,4.7652,-0.70299,1.1307,2.2822,0.17771,1.879,0.32127,-1.879,0,0,0,1.2763,1.2025,1.1706,1.2427,19.661,-9.0391,2.4513,-10.379,-1.6973,9.8847,8.1535
16.34,-1.3329,0.12639,1.5152,-0.014151,0.12723,0,0.99177,-2.2007,4.768,-0.72166,1.1182,2.2265,0.17522,2.075,0.23079,-1.854,0,0,0,1.2892,1.2106,1.1785,1.255,19.55,-9.0557,2.5497,-11.778,-1.6185,9.7924,8.2221
16.35,-1.3548,0.17408,1.5079,-0.0085289,0.13813,0,0.99038,-2.179,4.7698,-0.74007,1.1042,2.1674,0.17267,2.2699,0.14016,-1.828,0,0,0,1.3024,1.2196,1.1877,1.268,19.425,-9.0715,2.6471,-13.168,-1.5391,9.6959,8.2964
16.36,-1.3765,0.22178,1.5004,-0.0029799,0.14871,0,0.98888,-2.1553,4.7708,-0.75822,1.0888,2.1054,0.17007,2.4635,0.049365,-1.8011,0,0,0,1.316,1.2297,1.1982,1.2817,19.287,-9.0865,2.7436,-14.548,-1.4591,9.5953,8.3761
16.37,-1.3979,0.26949,1.4927,0.0024883,0.15895,0,0.98728,-2.1297,4.7708,-0.77609,1.0721,2.041,0.16747,2.6556,-0.041571,-1.7732,0,0,0,1.3299,1.2408,1.2099,1.296,19.134,-9.1006,2.839,-15.917,-1.3785,9.4906,8.4611
16.38,-1.4191,0.31719,1.4849,0.0078694,0.16885,0,0.98561,-2.1022,4.7699,-0.79368,1.0545,1.9748,0.16489,2.8461,-0.13265,-1.7443,0,0,0,1.3441,1.2528,1.2228,1.3109,18.968,-9.114,2.9334,-17.274,-1.2971,9.3818,8.5509
16.39,-1.4399,0.36488,1.4769,0.013158,0.1784,0,0.98387,-2.0728,4.7681,-0.81097,1.036,1.9071,0.16235,3.0349,-0.22385,-1.7145,0,0,0,1.3586,1.2656,1.2368,1.3262,18.789,-9.1266,3.0266,-18.619,-1.2149,9.269,8.6454
16.4,-1.4605,0.41255,1.4687,0.018351,0.18759,0,0.98208,-2.0415,4.7655,-0.82796,1.0169,1.8384,0.15989,3.2219,-0.31517,-1.6838,0,0,0,1.3734,1.2793,1.2517,1.3421,18.596,-9.1383,3.1187,-19.949,-1.1317,9.1521,8.7441
16.41,-1.4808,0.46019,1.4603,0.023444,0.19643,0,0.98024,-2.0084,4.7618,-0.84464,0.99722,1.7691,0.15752,3.4068,-0.40661,-1.6521,0,0,0,1.3884,1.2937,1.2676,1.3584,18.39,-9.1492,3.2096,-21.264,-1.0475,9.0312,8.8468
16.42,-1.5007,0.50779,1.4518,0.028435,0.2049,0,0.97837,-1.9734,4.7573,-0.861,0.9772,1.6995,0.15526,3.5896,-0.49816,-1.6196,0,0,0,1.4036,1.3088,1.2843,1.3752,18.171,-9.1593,3.2993,-22.562,-0.96203,8.9064,8.9532
16.43,-1.5202,0.55533,1.4431,0.033322,0.21301,0,0.97648,-1.9366,4.7519,-0.87703,0.95697,1.6299,0.15313,3.7702,-0.5898,-1.5862,0,0,0,1.4191,1.3246,1.3018,1.3923,17.939,-9.1685,3.3878,-23.843,-0.87523,8.7777,9.063
16.44,-1.5394,0.60282,1.4342,0.038106,0.22076,0,0.97458,-1.898,4.7455,-0.89272,0.93663,1.5606,0.15115,3.9484,-0.68152,-1.5519,0,0,0,1.4349,1.341,1.3199,1.4097,17.694,-9.1768,3.4749,-25.106,-0.78698,8.6451,9.1758
16.45,-1.5582,0.65024,1.4252,0.042784,0.22816,0,0.97268,-1.8576,4.7383,-0.90807,0.91632,1.4919,0.14932,4.124,-0.77333,-1.5167,0,0,0,1.4508,1.3579,1.3386,1.4275,17.437,-9.1842,3.5606,-26.349,-0.69714,8.5087,9.2913
16.46,-1.5765,0.69758,1.4161,0.047359,0.23521,0,0.97079,-1.8155,4.7301,-0.92305,0.89612,1.4239,0.14765,4.297,-0.8652,-1.4806,0,0,0,1.467,1.3752,1.3578,1.4456,17.167,-9.1907,3.645,-27.572,-0.6056,8.3685,9.4093
16.47,-1.5945,0.74484,1.4068,0.051832,0.24192,0,0.96891,-1.7717,4.7209,-0.93768,0.87613,1.3569,0.14616,4.4673,-0.95714,-1.4438,0,0,0,1.4834,1.393,1.3775,1.4639,16.885,-9.1963,3.728,-28.773,-0.51222,8.2247,9.5294
16.48,-1.612,0.792,1.3973,0.056202,0.24829,0,0.96706,-1.7262,4.7109,-0.95193,0.85642,1.291,0.14485,4.6347,-1.0491,-1.4061,0,0,0,1.4999,1.4111,1.3975,1.4824,16.592,-9.2009,3.8095,-29.951,-0.41688,8.0771,9.6514
16.49,-1.629,0.83906,1.3877,0.060474,0.25432,0,0.96523,-1.679,4.7,-0.9658,0.83706,1.2263,0.14372,4.7991,-1.1412,-1.3676,0,0,0,1.5166,1.4295,1.4178,1.501,16.286,-9.2046,3.8895,-31.105,-0.31946,7.9258,9.775
16.5,-1.6455,0.886,1.378,0.064648,0.26004,0,0.96343,-1.6302,4.6881,-0.97928,0.8181,1.1629,0.14278,4.9604,-1.2332,-1.3283,0,0,0,1.5334,1.4482,1.4384,1.5199,15.97,-9.2073,3.968,-32.234,-0.21983,7.771,9.8999
16.51,-1.6616,0.93281,1.3682,0.068728,0.26544,0,0.96168,-1.5798,4.6753,-0.99236,0.79959,1.1008,0.14203,5.1185,-1.3253,-1.2882,0,0,0,1.5504,1.467,1.4592,1.5388,15.642,-9.209,4.0449,-33.337,-0.11787,7.6126,10.026
16.52,-1.6771,0.9795,1.3582,0.072716,0.27053,0,0.95996,-1.5279,4.6616,-1.005,0.78157,1.0402,0.14146,5.2732,-1.4174,-1.2474,0,0,0,1.5675,1.4861,1.4801,1.5579,15.303,-9.2097,4.1203,-34.413,-0.013451,7.4506,10.153
16.53,-1.6921,1.026,1.3481,0.076614,0.27532,0,0.95829,-1.4744,4.647,-1.0173,0.76406,0.98105,0.14108,5.4245,-1.5095,-1.2058,0,0,0,1.5846,1.5052,1.5011,1.577,14.954,-9.2093,4.1939,-35.461,0.093552,7.2852,10.28
16.54,-1.7066,1.0724,1.3378,0.080427,0.27982,0,0.95668,-1.4194,4.6314,-1.0292,0.74708,0.92337,0.14089,5.5722,-1.6016,-1.1635,0,0,0,1.6018,1.5245,1.5222,1.5961,14.594,-9.2078,4.266,-36.479,0.20326,7.1163,10.408
16.55,-1.7205,1.1187,1.3275,0.084157,0.28405,0,0.95511,-1.3629,4.6149,-1.0406,0.73065,0.86718,0.14088,5.7163,-1.6936,-1.1205,0,0,0,1.6191,1.5437,1.5432,1.6152,14.224,-9.2052,4.3363,-37.467,0.31581,6.9441,10.535
16.56,-1.7339,1.1647,1.317,0.087807,0.28799,0,0.9536,-1.3051,4.5975,-1.0516,0.71478,0.81248,0.14106,5.8567,-1.7857,-1.0768,0,0,0,1.6363,1.563,1.5642,1.6343,13.845,-9.2015,4.4048,-38.423,0.43131,6.7685,10.663
16.57,-1.7466,1.2106,1.3065,0.09138,0.29167,0,0.95214,-1.2458,4.5792,-1.0621,0.69948,0.75925,0.1414,5.9932,-1.8777,-1.0324,0,0,0,1.6535,1.5822,1.5851,1.6533,13.456,-9.1966,4.4716,-39.347,0.54989,6.5895,10.79
16.58,-1.7588,1.2563,1.2958,0.09488,0.29509,0,0.95075,-1.1852,4.56,-1.0722,0.68473,0.70747,0.14193,6.1258,-1.9696,-0.98739,0,0,0,1.6707,1.6014,1.6059,1.6723,13.058,-9.1905,4.5366,-40.237,0.67168,6.4073,10.917
16.59,-1.7703,1.3018,1.285,0.09831,0.29827,0,0.94941,-1.1233,4.5398,-1.0819,0.67055,0.65712,0.14262,6.2543,-2.0615,-0.94171,0,0,0,1.6879,1.6204,1.6265,1.6911,12.651,-9.1831,4.5998,-41.092,0.79681,6.2219,11.043
16.6,-1.7812,1.3471,1.2741,0.10167,0.30119,0,0.94813,-1.0601,4.5187,-1.091,0.65692,0.60815,0.14347,6.3788,-2.1533,-0.8954,0,0,0,1.705,1.6393,1.647,1.7098,12.236,-9.1745,4.661,-41.911,0.92539,6.0333,11.168
16.61,-1.7915,1.3922,1.2632,0.10497,0.30389,0,0.94691,-0.99575,4.4968,-1.0998,0.64383,0.56054,0.14448,6.499,-2.245,-0.84849,0,0,0,1.7219,1.6581,1.6672,1.7283,11.813,-9.1646,4.7204,-42.693,1.0575,5.8415,11.293
16.62,-1.8012,1.437,1.2521,0.10821,0.30635,0,0.94575,-0.93017,4.4738,-1.108,0.63127,0.51424,0.14565,6.615,-2.3365,-0.801,0,0,0,1.7388,1.6767,1.6873,1.7467,11.382,-9.1533,4.7778,-43.438,1.1934,5.6466,11.416
16.63,-1.8101,1.4817,1.241,0.11139,0.3086,0,0.94465,-0.86346,4.45,-1.1158,0.61923,0.46922,0.14696,6.7267,-2.428,-0.75294,0,0,0,1.7555,1.6951,1.707,1.7649,10.945,-9.1407,4.8333,-44.143,1.3331,5.4487,11.537
16.64,-1.8184,1.526,1.2298,0.11451,0.31062,0,0.94361,-0.79566,4.4253,-1.1231,0.60769,0.42543,0.14841,6.8339,-2.5194,-0.70434,0,0,0,1.772,1.7133,1.7265,1.7828,10.5,-9.1267,4.8868,-44.807,1.4768,5.2477,11.658
16.65,-1.826,1.5702,1.2186,0.11759,0.31244,0,0.94263,-0.7268,4.3996,-1.1299,0.59664,0.38284,0.15001,6.9366,-2.6105,-0.65521,0,0,0,1.7884,1.7312,1.7457,1.8005,10.049,-9.1112,4.9383,-45.431,1.6245,5.0438,11.776
16.66,-1.833,1.614,1.2072,0.12061,0.31406,0,0.94171,-0.65694,4.3731,-1.1362,0.58606,0.34138,0.15173,7.0348,-2.7016,-0.60558,0,0,0,1.8045,1.7489,1.7645,1.8179,9.5913,-9.0942,4.9877,-46.012,1.7765,4.8369,11.893
16.67,-1.8392,1.6576,1.1958,0.12358,0.31548,0,0.94085,-0.58612,4.3456,-1.142,0.57592,0.30103,0.15357,7.1284,-2.7924,-0.55547,0,0,0,1.8205,1.7663,1.783,1.8351,9.1284,-9.0756,5.035,-46.55,1.9327,4.6271,12.008
16.68,-1.8447,1.7009,1.1844,0.12651,0.3167,0,0.94005,-0.51438,4.3172,-1.1473,0.56622,0.26174,0.15554,7.2174,-2.8831,-0.50489,0,0,0,1.8362,1.7834,1.8012,1.8519,8.6604,-9.0555,5.0802,-47.043,2.0934,4.4145,12.121
16.69,-1.8495,1.744,1.1729,0.1294,0.31774,0,0.93931,-0.44179,4.2879,-1.1521,0.55693,0.22346,0.15761,7.3016,-2.9735,-0.45387,0,0,0,1.8516,1.8002,1.819,1.8685,8.1877,-9.0337,5.1233,-47.493,2.2583,4.1991,12.232
16.7,-1.8535,1.7867,1.1614,0.13224,0.3186,0,0.93862,-0.36837,4.2578,-1.1563,0.54803,0.18616,0.15979,7.3811,-3.0638,-0.40243,0,0,0,1.8668,1.8167,1.8365,1.8847,7.7107,-9.0103,5.1642,-47.901,2.4273,3.9811,12.341
16.71,-1.8568,1.8291,1.1498,0.13505,0.31928,0,0.93799,-0.29418,4.2267,-1.1601,0.53951,0.14979,0.16207,7.4558,-3.1537,-0.35059,0,0,0,1.8818,1.8329,1.8535,1.9006,7.2298,-8.9852,5.2029,-48.266,2.6004,3.7605,12.448
16.72,-1.8594,1.8712,1.1382,0.13782,0.31979,0,0.93741,-0.21927,4.1947,-1.1634,0.53134,0.11432,0.16445,7.5257,-3.2434,-0.29838,0,0,0,1.8964,1.8487,1.8702,1.9162,6.7455,-8.9583,5.2394,-48.59,2.7774,3.5375,12.552
16.73,-1.8612,1.913,1.1265,0.14056,0.32013,0,0.93689,-0.14368,4.1618,-1.1661,0.5235,0.079698,0.16692,7.5907,-3.3329,-0.24581,0,0,0,1.9107,1.8641,1.8865,1.9314,6.2582,-8.9296,5.2736,-48.872,2.9582,3.3121,12.654
16.74,-1.8623,1.9545,1.1148,0.14326,0.3203,0,0.93642,-0.067468,4.128,-1.1683,0.51598,0.045889,0.16947,7.6509,-3.422,-0.19291,0,0,0,1.9248,1.8792,1.9023,1.9462,5.7682,-8.8991,5.3056,-49.114,3.1428,3.0844,12.754
16.75,-1.8625,1.9956,1.1032,0.14593,0.32031,0,0.936,0.0093209,4.0934,-1.1699,0.50876,0.012856,0.1721,7.7061,-3.5109,-0.13971,0,0,0,1.9385,1.8939,1.9178,1.9607,5.276,-8.8668,5.3353,-49.317,3.3309,2.8545,12.851
16.76,-1.8621,2.0363,1.0914,0.14858,0.32017,0,0.93564,0.086637,4.0578,-1.1711,0.50182,-0.019437,0.17481,7.7564,-3.5994,-0.086215,0,0,0,1.9518,1.9083,1.9328,1.9748,4.782,-8.8325,5.3627,-49.48,3.5224,2.6225,12.946
16.77,-1.8608,2.0767,1.0797,0.15119,0.31987,0,0.93532,0.16443,4.0214,-1.1717,0.49514,-0.051026,0.17758,7.8017,-3.6875,-0.03246,0,0,0,1.9649,1.9222,1.9474,1.9885,4.2866,-8.7963,5.3878,-49.605,3.7174,2.3886,13.038
16.78,-1.8588,2.1167,1.068,0.15378,0.31943,0,0.93505,0.24266,3.9841,-1.1717,0.4887,-0.081944,0.18042,7.8421,-3.7753,0.021533,0,0,0,1.9776,1.9358,1.9615,2.0019,3.7901,-8.7581,5.4105,-49.691,3.9155,2.1527,13.128
16.79,-1.856,2.1564,1.0563,0.15634,0.31883,0,0.93483,0.32126,3.9459,-1.1712,0.48249,-0.11222,0.18333,7.8775,-3.8627,0.075741,0,0,0,1.9899,1.949,1.9753,2.0148,3.2929,-8.718,5.4308,-49.74,4.1168,1.915,13.215
16.8,-1.8524,2.1957,1.0446,0.15887,0.31809,0,0.93465,0.40019,3.9068,-1.1702,0.4765,-0.14189,0.18629,7.908,-3.9496,0.13014,0,0,0,2.0019,1.9618,1.9886,2.0274,2.7954,-8.6758,5.4488,-49.753,4.3212,1.6756,13.299
16.81,-1.848,2.2345,1.0329,0.16138,0.31721,0,0.93452,0.4794,3.8669,-1.1686,0.4707,-0.17098,0.1893,7.9334,-4.0362,0.18471,0,0,0,2.0136,1.9742,2.0014,2.0395,2.2979,-8.6315,5.4643,-49.729,4.5284,1.4346,13.381
16.82,-1.8428,2.273,1.0212,0.16387,0.31619,0,0.93444,0.55884,3.8261,-1.1665,0.46507,-0.19952,0.19236,7.9539,-4.1223,0.23942,0,0,0,2.0249,1.9862,2.0139,2.0513,1.8009,-8.5852,5.4774,-49.67,4.7384,1.192,13.46
16.83,-1.8368,2.311,1.0096,0.16634,0.31503,0,0.93439,0.63846,3.7844,-1.1638,0.45961,-0.22753,0.19546,7.9695,-4.2079,0.29425,0,0,0,2.0358,1.9978,2.0259,2.0626,1.3046,-8.5368,5.4882,-49.576,4.9511,0.94805,13.537
16.84,-1.83,2.3487,0.99794,0.16878,0.31374,0,0.93439,0.71821,3.7419,-1.1606,0.4543,-0.25503,0.19861,7.98,-4.293,0.34917,0,0,0,2.0464,2.009,2.0375,2.0736,0.8095,-8.4862,5.4964,-49.447,5.1664,0.70271,13.611
16.85,-1.8224,2.3859,0.98636,0.1712,0.31231,0,0.93442,0.79805,3.6986,-1.1569,0.44912,-0.28206,0.20179,7.9857,-4.3776,0.40417,0,0,0,2.0566,2.0198,2.0486,2.0841,0.31581,-8.4334,5.5022,-49.285,5.3841,0.45612,13.682
16.86,-1.814,2.4226,0.97481,0.17361,0.31076,0,0.9345,0.87791,3.6544,-1.1525,0.44406,-0.30863,0.205,7.9864,-4.4616,0.45921,0,0,0,2.0664,2.0302,2.0594,2.0943,-0.17609,-8.3785,5.5055,-49.09,5.6041,0.20837,13.75
16.87,-1.8049,2.459,0.96331,0.17599,0.30907,0,0.93461,0.95776,3.6093,-1.1477,0.43911,-0.33475,0.20825,7.9821,-4.5452,0.51427,0,0,0,2.0759,2.0403,2.0697,2.104,-0.66587,-8.3213,5.5064,-48.862,5.8264,-0.04045,13.816
16.88,-1.7949,2.4948,0.95186,0.17836,0.30726,0,0.93476,1.0375,3.5635,-1.1423,0.43424,-0.36046,0.21152,7.973,-4.6281,0.56933,0,0,0,2.085,2.0499,2.0796,2.1134,-1.1532,-8.262,5.5047,-48.602,6.0508,-0.29024,13.88
16.89,-1.7841,2.5302,0.94046,0.1807,0.30533,0,0.93495,1.1172,3.5168,-1.1363,0.42946,-0.38576,0.21481,7.9591,-4.7104,0.62436,0,0,0,2.0937,2.0592,2.0891,2.1224,-1.6378,-8.2003,5.5006,-48.311,6.2772,-0.5409,13.941
16.9,-1.7725,2.5652,0.92913,0.18303,0.30327,0,0.93516,1.1967,3.4693,-1.1298,0.42474,-0.41067,0.21812,7.9403,-4.7921,0.67933,0,0,0,2.1021,2.0681,2.0981,2.131,-2.1193,-8.1364,5.4939,-47.989,6.5055,-0.79235,13.999
16.91,-1.7602,2.5996,0.91787,0.18533,0.30109,0,0.93541,1.276,3.4209,-1.1227,0.42008,-0.43521,0.22144,7.9167,-4.8731,0.73423,0,0,0,2.1102,2.0766,2.1068,2.1392,-2.5975,-8.0702,5.4847,-47.637,6.7355,-1.0445,14.055
16.92,-1.747,2.6336,0.90668,0.18762,0.29879,0,0.93569,1.355,3.3718,-1.1151,0.41545,-0.45938,0.22478,7.8884,-4.9535,0.78902,0,0,0,2.1179,2.0847,2.1151,2.147,-3.072,-8.0017,5.473,-47.255,6.9672,-1.2972,14.108
16.93,-1.7331,2.667,0.89557,0.18989,0.29637,0,0.93601,1.4337,3.3219,-1.1069,0.41085,-0.4832,0.22812,7.8553,-5.0331,0.84368,0,0,0,2.1252,2.0925,2.123,2.1544,-3.5425,-7.9309,5.4588,-46.845,7.2005,-1.5505,14.159
16.94,-1.7183,2.7,0.88455,0.19214,0.29383,0,0.93635,1.5121,3.2712,-1.0982,0.40627,-0.50667,0.23146,7.8175,-5.1121,0.89818,0,0,0,2.1323,2.1,2.1305,2.1615,-4.0088,-7.8577,5.442,-46.406,7.4352,-1.8041,14.207
16.95,-1.7028,2.7325,0.87361,0.19438,0.29118,0,0.93671,1.5901,3.2196,-1.089,0.4017,-0.52981,0.23481,7.7751,-5.1903,0.95251,0,0,0,2.139,2.1071,2.1376,2.1682,-4.4705,-7.7821,5.4227,-45.94,7.6712,-2.0581,14.253
16.96,-1.6865,2.7644,0.86277,0.19659,0.28841,0,0.93711,1.6676,3.1673,-1.0792,0.39712,-0.55262,0.23815,7.7281,-5.2677,1.0066,0,0,0,2.1453,2.1139,2.1444,2.1745,-4.9275,-7.7042,5.4008,-45.446,7.9084,-2.3123,14.297
16.97,-1.6695,2.7958,0.85203,0.19879,0.28553,0,0.93753,1.7446,3.1143,-1.0688,0.39252,-0.57511,0.24149,7.6766,-5.3444,1.0605,0,0,0,2.1514,2.1203,2.1508,2.1805,-5.3793,-7.624,5.3764,-44.926,8.1467,-2.5666,14.338
16.98,-1.6516,2.8267,0.84139,0.20096,0.28254,0,0.93797,1.8211,3.0605,-1.0579,0.3879,-0.59729,0.24482,7.6206,-5.4202,1.1141,0,0,0,2.1571,2.1265,2.1569,2.1861,-5.8259,-7.5413,5.3495,-44.38,8.386,-2.821,14.378
16.99,-1.6331,2.857,0.83087,0.20312,0.27944,0,0.93843,1.897,3.0059,-1.0465,0.38324,-0.61914,0.24813,7.5601,-5.4952,1.1675,0,0,0,2.1625,2.1323,2.1626,2.1914,-6.2669,-7.4562,5.32,-43.809,8.6262,-3.0753,14.415
17,-1.6137,2.8868,0.82046,0.20525,0.27623,0,0.93892,1.9723,2.9506,-1.0346,0.37854,-0.64069,0.25142,7.4952,-5.5693,1.2205,0,0,0,2.1677,2.1378,2.168,2.1964,-6.702,-7.3688,5.288,-43.213,8.8671,-3.3295,14.45
17.01,-1.5936,2.916,0.81018,0.20736,0.27291,0,0.93943,2.0469,2.8945,-1.0221,0.37378,-0.66192,0.25469,7.4261,-5.6425,1.2733,0,0,0,2.1725,2.143,2.173,2.201,-7.131,-7.2789,5.2534,-42.593,9.1087,-3.5834,14.483
17.02,-1.5728,2.9447,0.80002,0.20946,0.26948,0,0.93995,2.1208,2.8377,-1.0091,0.36895,-0.68284,0.25794,7.3526,-5.7149,1.3256,0,0,0,2.1771,2.148,2.1778,2.2054,-7.5538,-7.1866,5.2163,-41.95,9.3507,-3.837,14.514
17.03,-1.5512,2.9728,0.79,0.21153,0.26595,0,0.94049,2.194,2.7802,-0.99562,0.36405,-0.70345,0.26116,7.275,-5.7863,1.3776,0,0,0,2.1813,2.1527,2.1823,2.2094,-7.97,-7.0919,5.1767,-41.284,9.5932,-4.0902,14.543
17.04,-1.5289,3.0003,0.78011,0.21357,0.26231,0,0.94105,2.2663,2.722,-0.98159,0.35907,-0.72374,0.26434,7.1933,-5.8567,1.4291,0,0,0,2.1854,2.1571,2.1864,2.2131,-8.3794,-6.9947,5.1345,-40.595,9.836,-4.3428,14.57
17.05,-1.5059,3.0272,0.77037,0.2156,0.25858,0,0.94162,2.3378,2.6631,-0.96704,0.35399,-0.74371,0.26749,7.1075,-5.9261,1.4803,0,0,0,2.1891,2.1613,2.1903,2.2166,-8.7818,-6.8952,5.0898,-39.885,10.079,-4.5949,14.595
17.06,-1.4821,3.0536,0.76077,0.2176,0.25474,0,0.94221,2.4084,2.6035,-0.95198,0.34882,-0.76336,0.2706,7.0177,-5.9946,1.5309,0,0,0,2.1927,2.1652,2.1939,2.2197,-9.177,-6.7932,5.0426,-39.154,10.322,-4.8462,14.619
17.07,-1.4577,3.0793,0.75133,0.21957,0.2508,0,0.94281,2.4781,2.5432,-0.93642,0.34355,-0.78268,0.27367,6.9239,-6.062,1.5811,0,0,0,2.196,2.1689,2.1973,2.2226,-9.5648,-6.6887,4.9929,-38.403,10.565,-5.0967,14.641
17.08,-1.4326,3.1044,0.74205,0.22152,0.24676,0,0.94342,2.5469,2.4822,-0.92036,0.33816,-0.80166,0.27668,6.8264,-6.1284,1.6308,0,0,0,2.199,2.1724,2.2004,2.2253,-9.945,-6.5819,4.9407,-37.631,10.808,-5.3463,14.662
17.09,-1.4068,3.1289,0.73293,0.22345,0.24262,0,0.94404,2.6147,2.4206,-0.90381,0.33265,-0.8203,0.27965,6.7251,-6.1936,1.6799,0,0,0,2.2019,2.1757,2.2032,2.2276,-10.317,-6.4726,4.886,-36.841,11.051,-5.595,14.681
17.1,-1.3803,3.1528,0.72397,0.22534,0.23839,0,0.94466,2.6814,2.3584,-0.88677,0.32702,-0.83859,0.28256,6.6201,-6.2578,1.7285,0,0,0,2.2046,2.1788,2.2059,2.2298,-10.682,-6.3608,4.8288,-36.032,11.293,-5.8425,14.698
17.11,-1.3532,3.1761,0.71519,0.22721,0.23406,0,0.9453,2.747,2.2955,-0.86924,0.32125,-0.85652,0.28542,6.5115,-6.3208,1.7765,0,0,0,2.207,2.1817,2.2083,2.2317,-11.038,-6.2467,4.7691,-35.204,11.535,-6.0889,14.715
17.12,-1.3254,3.1987,0.70659,0.22905,0.22964,0,0.94594,2.8116,2.232,-0.85124,0.31536,-0.87408,0.28821,6.3993,-6.3827,1.8239,0,0,0,2.2093,2.1845,2.2105,2.2334,-11.386,-6.1302,4.707,-34.36,11.776,-6.334,14.729
17.13,-1.2969,3.2207,0.69817,0.23085,0.22513,0,0.94658,2.875,2.1678,-0.83277,0.30932,-0.89126,0.29093,6.2838,-6.4434,1.8706,0,0,0,2.2114,2.1871,2.2125,2.2349,-11.725,-6.0112,4.6425,-33.498,12.016,-6.5777,14.743
17.14,-1.2679,3.2421,0.68994,0.23263,0.22054,0,0.94723,2.9373,2.1031,-0.81383,0.30313,-0.90806,0.29358,6.1649,-6.5029,1.9167,0,0,0,2.2133,2.1895,2.2144,2.2362,-12.056,-5.8898,4.5755,-32.621,12.256,-6.82,14.756
17.15,-1.2382,3.2628,0.68189,0.23437,0.21585,0,0.94788,2.9983,2.0378,-0.79444,0.2968,-0.92445,0.29617,6.0427,-6.5612,1.9621,0,0,0,2.2151,2.1918,2.216,2.2373,-12.377,-5.7661,4.5061,-31.727,12.494,-7.0608,14.767
17.16,-1.2079,3.2828,0.67405,0.23608,0.21108,0,0.94853,3.0581,1.9719,-0.77459,0.29031,-0.94043,0.29867,5.9173,-6.6183,2.0068,0,0,0,2.2167,2.194,2.2176,2.2382,-12.69,-5.64,4.4343,-30.819,12.732,-7.2999,14.777
17.17,-1.177,3.3022,0.6664,0.23776,0.20623,0,0.94918,3.1166,1.9054,-0.7543,0.28367,-0.95598,0.30109,5.7889,-6.674,2.0508,0,0,0,2.2182,2.196,2.2189,2.239,-12.994,-5.5114,4.3601,-29.897,12.968,-7.5373,14.787
17.18,-1.1456,3.3209,0.65896,0.2394,0.20129,0,0.94983,3.1739,1.8384,-0.73358,0.27688,-0.9711,0.30343,5.6575,-6.7285,2.094,0,0,0,2.2196,2.198,2.2201,2.2395,-13.288,-5.3806,4.2835,-28.96,13.204,-7.7728,14.795
17.19,-1.1136,3.339,0.65173,0.241,0.19628,0,0.95047,3.2298,1.7708,-0.71242,0.26992,-0.98577,0.30569,5.5232,-6.7816,2.1364,0,0,0,2.2208,2.1998,2.2212,2.24,-13.573,-5.2474,4.2046,-28.011,13.437,-8.0064,14.803
17.2,-1.081,3.3564,0.64472,0.24256,0.19118,0,0.95111,3.2843,1.7028,-0.69085,0.26281,-0.99997,0.30785,5.3861,-6.8334,2.1781,0,0,0,2.222,2.2016,2.2222,2.2403,-13.848,-5.1118,4.1234,-27.049,13.67,-8.238,14.81
17.21,-1.0479,3.373,0.63792,0.24408,0.18602,0,0.95175,3.3375,1.6342,-0.66887,0.25553,-1.0137,0.30992,5.2462,-6.8838,2.2189,0,0,0,2.223,2.2032,2.223,2.2405,-14.114,-4.974,4.0399,-26.074,13.9,-8.4675,14.816
17.22,-1.0142,3.389,0.63134,0.24557,0.18078,0,0.95237,3.3893,1.5651,-0.64648,0.24809,-1.0269,0.31189,5.1038,-6.9329,2.2589,0,0,0,2.224,2.2048,2.2238,2.2405,-14.37,-4.8338,3.9541,-25.088,14.129,-8.6948,14.822
17.23,-0.98009,3.4043,0.62499,0.24701,0.17547,0,0.95299,3.4396,1.4955,-0.62369,0.2405,-1.0397,0.31376,4.9589,-6.9805,2.298,0,0,0,2.2249,2.2064,2.2245,2.2405,-14.616,-4.6914,3.866,-24.091,14.357,-8.9198,14.827
17.24,-0.94545,3.419,0.61887,0.24841,0.1701,0,0.9536,3.4884,1.4255,-0.60052,0.23274,-1.0519,0.31553,4.8115,-7.0267,2.3362,0,0,0,2.2257,2.2078,2.225,2.2404,-14.852,-4.5467,3.7757,-23.084,14.582,-9.1424,14.831
17.25,-0.91033,3.4329,0.61298,0.24977,0.16466,0,0.9542,3.5358,1.355,-0.57697,0.22482,-1.0636,0.3172,4.6619,-7.0714,2.3735,0,0,0,2.2264,2.2093,2.2256,2.2401,-15.077,-4.3998,3.6831,-22.066,14.805,-9.3625,14.836
17.26,-0.87474,3.446,0.60733,0.25108,0.15916,0,0.95479,3.5817,1.2841,-0.55305,0.21675,-1.0747,0.31875,4.51,-7.1147,2.4098,0,0,0,2.2271,2.2107,2.226,2.2398,-15.293,-4.2506,3.5884,-21.04,15.026,-9.58,14.839
17.27,-0.8387,3.4585,0.60192,0.25234,0.1536,0,0.95537,3.626,1.2127,-0.52878,0.20853,-1.0854,0.3202,4.3561,-7.1564,2.4452,0,0,0,2.2277,2.212,2.2264,2.2394,-15.498,-4.0993,3.4916,-20.004,15.245,-9.7948,14.842
17.28,-0.80222,3.4703,0.59676,0.25356,0.14798,0,0.95593,3.6688,1.1409,-0.50415,0.20016,-1.0954,0.32154,4.2001,-7.1967,2.4797,0,0,0,2.2282,2.2133,2.2267,2.2389,-15.693,-3.9457,3.3925,-18.961,15.462,-10.007,14.845
17.29,-0.76533,3.4814,0.59184,0.25473,0.14231,0,0.95648,3.71,1.0688,-0.47919,0.19164,-1.1049,0.32276,4.0422,-7.2354,2.5131,0,0,0,2.2288,2.2146,2.227,2.2384,-15.877,-3.79,3.2914,-17.909,15.676,-10.216,14.848
17.3,-0.72803,3.4917,0.58717,0.25585,0.13659,0,0.95702,3.7496,0.99624,-0.45389,0.18297,-1.1137,0.32387,3.8826,-7.2725,2.5455,0,0,0,2.2293,2.2159,2.2273,2.2379,-16.051,-3.6322,3.1882,-16.851,15.888,-10.422,14.851
17.31,-0.69034,3.5013,0.58276,0.25693,0.13083,0,0.95754,3.7876,0.92334,-0.42828,0.17417,-1.122,0.32486,3.7213,-7.308,2.5768,0,0,0,2.2297,2.2172,2.2275,2.2372,-16.214,-3.4723,3.083,-15.785,16.097,-10.625,14.853
17.32,-0.65228,3.5101,0.57861,0.25795,0.12502,0,0.95804,3.824,0.85009,-0.40236,0.16524,-1.1297,0.32573,3.5583,-7.3419,2.6071,0,0,0,2.2302,2.2184,2.2277,2.2366,-16.367,-3.3103,2.9757,-14.714,16.304,-10.826,14.855
17.33,-0.61387,3.5183,0.57472,0.25892,0.11917,0,0.95852,3.8588,0.7765,-0.37614,0.15618,-1.1368,0.32648,3.394,-7.3742,2.6364,0,0,0,2.2306,2.2197,2.2279,2.2359,-16.508,-3.1462,2.8665,-13.638,16.508,-11.022,14.857
17.34,-0.57511,3.5257,0.57109,0.25983,0.11328,0,0.95899,3.8919,0.70261,-0.34964,0.14699,-1.1432,0.32711,3.2282,-7.4048,2.6645,0,0,0,2.231,2.2209,2.2281,2.2352,-16.639,-2.9801,2.7553,-12.556,16.708,-11.216,14.859
17.35,-0.53603,3.5323,0.56772,0.26069,0.10735,0,0.95943,3.9233,0.62841,-0.32286,0.13769,-1.149,0.32762,3.0612,-7.4338,2.6915,0,0,0,2.2314,2.2222,2.2282,2.2345,-16.76,-2.812,2.6422,-11.47,16.906,-11.406,14.86
17.36,-0.49665,3.5382,0.56463,0.2615,0.1014,0,0.95986,3.9531,0.55394,-0.29581,0.12828,-1.1542,0.328,2.8931,-7.4611,2.7173,0,0,0,2.2318,2.2234,2.2284,2.2338,-16.869,-2.642,2.5272,-10.38,17.101,-11.592,14.862
17.37,-0.45698,3.5434,0.56181,0.26226,0.095418,0,0.96027,3.9812,0.4792,-0.26851,0.11877,-1.1587,0.32827,2.7239,-7.4866,2.742,0,0,0,2.2322,2.2246,2.2285,2.233,-16.967,-2.47,2.4104,-9.2872,17.292,-11.775,14.864
17.38,-0.41703,3.5478,0.55926,0.26296,0.089413,0,0.96066,4.0076,0.40421,-0.24098,0.10916,-1.1627,0.32841,2.5538,-7.5105,2.7655,0,0,0,2.2325,2.2259,2.2287,2.2323,-17.055,-2.2962,2.2917,-8.1914,17.48,-11.954,14.866
17.39,-0.37683,3.5515,0.55699,0.2636,0.083387,0,0.96102,4.0323,0.32899,-0.21321,0.099466,-1.1659,0.32843,2.3828,-7.5325,2.7878,0,0,0,2.2329,2.2271,2.2288,2.2316,-17.131,-2.1205,2.1713,-7.0935,17.665,-12.13,14.867
17.4,-0.33639,3.5544,0.555,0.26419,0.077343,0,0.96137,4.0552,0.25357,-0.18522,0.089688,-1.1685,0.32833,2.2112,-7.5529,2.8089,0,0,0,2.2333,2.2283,2.229,2.2308,-17.196,-1.9429,2.0491,-5.9939,17.846,-12.301,14.869
17.41,-0.29573,3.5566,0.55329,0.26472,0.071286,0,0.96169,4.0765,0.17794,-0.15703,0.079836,-1.1705,0.32811,2.0389,-7.5714,2.8288,0,0,0,2.2336,2.2296,2.2291,2.2301,-17.251,-1.7636,1.9253,-4.8933,18.023,-12.468,14.871
17.42,-0.25487,3.558,0.55186,0.26519,0.065219,0,0.96199,4.096,0.10214,-0.12865,0.069917,-1.1718,0.32777,1.8662,-7.5881,2.8474,0,0,0,2.234,2.2308,2.2293,2.2293,-17.294,-1.5824,1.7998,-3.7922,18.197,-12.632,14.872
17.43,-0.21382,3.5586,0.55071,0.2656,0.059146,0,0.96227,4.1138,0.026187,-0.10009,0.059939,-1.1725,0.32732,1.6931,-7.603,2.8648,0,0,0,2.2343,2.232,2.2295,2.2286,-17.327,-1.3996,1.6727,-2.6912,18.367,-12.791,14.874
17.44,-0.1726,3.5585,0.54986,0.26596,0.053069,0,0.96252,4.1299,-0.04991,-0.07136,0.04991,-1.1725,0.32674,1.5197,-7.6161,2.8809,0,0,0,2.2347,2.2332,2.2296,2.2279,-17.348,-1.2151,1.544,-1.5907,18.533,-12.946,14.876
17.45,-0.13123,3.5576,0.54929,0.26626,0.046992,0,0.96276,4.1442,-0.12613,-0.042476,0.039836,-1.172,0.32606,1.3462,-7.6273,2.8957,0,0,0,2.235,2.2344,2.2298,2.2272,-17.359,-1.029,1.4138,-0.49143,18.695,-13.096,14.877
17.46,-0.089718,3.556,0.54901,0.2665,0.040919,0,0.96297,4.1568,-0.20245,-0.013451,0.029726,-1.1707,0.32526,1.1726,-7.6367,2.9091,0,0,0,2.2353,2.2356,2.23,2.2265,-17.358,-0.84124,1.2821,0.60615,18.853,-13.242,14.879
17.47,-0.048095,3.5536,0.54902,0.26668,0.034852,0,0.96316,4.1677,-0.27886,0.015702,0.019586,-1.1689,0.32434,0.99903,-7.6442,2.9213,0,0,0,2.2356,2.2368,2.2301,2.2258,-17.346,-0.65194,1.1489,1.7015,19.006,-13.384,14.881
17.48,-0.0063709,3.5504,0.54932,0.2668,0.028797,0,0.96332,4.1768,-0.35533,0.04497,0.0094243,-1.1664,0.32333,0.82567,-7.6497,2.9321,0,0,0,2.2359,2.2379,2.2303,2.2251,-17.324,-0.46113,1.0144,2.794,19.155,-13.52,14.882
17.49,0.035435,3.5464,0.54992,0.26686,0.022755,0,0.96347,4.1842,-0.43184,0.07434,-0.00075357,-1.1633,0.3222,0.65259,-7.6534,2.9416,0,0,0,2.2362,2.239,2.2304,2.2244,-17.291,-0.26885,0.87854,3.8831,19.3,-13.652,14.883
17.5,0.077307,3.5417,0.55081,0.26686,0.016729,0,0.96359,4.1898,-0.50839,0.1038,-0.010941,-1.1597,0.32098,0.47989,-7.6551,2.9497,0,0,0,2.2364,2.2401,2.2306,2.2238,-17.246,-0.075147,0.74137,4.9683,19.44,-13.78,14.885
17.51,0.11923,3.5363,0.55199,0.26681,0.010725,0,0.96369,4.1938,-0.58494,0.13333,-0.021131,-1.1554,0.31965,0.3077,-7.6549,2.9564,0,0,0,2.2366,2.2411,2.2307,2.2231,-17.191,0.11994,0.60296,6.049,19.576,-13.902,14.886
17.52,0.16118,3.53,0.55348,0.26669,0.0047432,0,0.96377,4.196,-0.66148,0.16292,-0.031318,-1.1506,0.31823,0.1361,-7.6527,2.9617,0,0,0,2.2368,2.2421,2.2308,2.2224,-17.125,0.31635,0.46335,7.1247,19.707,-14.019,14.887
17.53,0.20314,3.523,0.55525,0.26652,-0.0012118,0,0.96383,4.1965,-0.73799,0.19256,-0.041497,-1.1452,0.31671,-0.034775,-7.6485,2.9657,0,0,0,2.2369,2.243,2.2308,2.2217,-17.049,0.51405,0.3226,8.1948,19.832,-14.131,14.887
17.54,0.2451,3.5153,0.55733,0.26629,-0.0071372,0,0.96387,4.1953,-0.81444,0.22223,-0.051662,-1.1392,0.31511,-0.20483,-7.6424,2.9682,0,0,0,2.237,2.2438,2.2309,2.221,-16.961,0.71299,0.18075,9.2587,19.953,-14.238,14.888
17.55,0.28704,3.5068,0.5597,0.266,-0.01303,0,0.96388,4.1924,-0.89083,0.25192,-0.061809,-1.1327,0.31342,-0.37397,-7.6343,2.9693,0,0,0,2.237,2.2446,2.2308,2.2202,-16.864,0.9131,0.037863,10.316,20.069,-14.339,14.888
17.56,0.32894,3.4975,0.56236,0.26565,-0.018888,0,0.96388,4.1878,-0.96712,0.28161,-0.071935,-1.1257,0.31165,-0.54207,-7.6241,2.9689,0,0,0,2.237,2.2452,2.2308,2.2195,-16.755,1.1144,-0.10601,11.366,20.18,-14.435,14.887
17.57,0.37079,3.4874,0.56533,0.26525,-0.024707,0,0.96386,4.1816,-1.0433,0.31129,-0.082034,-1.1181,0.3098,-0.70904,-7.612,2.9672,0,0,0,2.2369,2.2458,2.2307,2.2186,-16.636,1.3167,-0.25083,12.408,20.286,-14.526,14.887
17.58,0.41257,3.4766,0.56859,0.26479,-0.030486,0,0.96382,4.1737,-1.1194,0.34095,-0.092104,-1.1101,0.30788,-0.87476,-7.5978,2.9639,0,0,0,2.2367,2.2463,2.2305,2.2178,-16.507,1.52,-0.39651,13.442,20.386,-14.611,14.885
17.59,0.45426,3.465,0.57215,0.26427,-0.036221,0,0.96377,4.1641,-1.1953,0.37057,-0.10214,-1.1016,0.30589,-1.0391,-7.5816,2.9592,0,0,0,2.2364,2.2467,2.2302,2.2169,-16.367,1.7244,-0.54302,14.467,20.48,-14.69,14.884
17.6,0.49585,3.4527,0.576,0.26369,-0.04191,0,0.9637,4.1529,-1.271,0.40013,-0.11215,-1.0926,0.30383,-1.2021,-7.5633,2.9531,0,0,0,2.236,2.247,2.2299,2.2159,-16.218,1.9296,-0.6903,15.483,20.569,-14.764,14.881
17.61,0.53731,3.4396,0.58015,0.26306,-0.04755,0,0.96361,4.14,-1.3465,0.42962,-0.12212,-1.0831,0.30172,-1.3635,-7.543,2.9454,0,0,0,2.2355,2.2471,2.2295,2.2149,-16.058,2.1358,-0.83827,16.488,20.653,-14.831,14.878
17.62,0.57864,3.4258,0.58459,0.26237,-0.05314,0,0.9635,4.1256,-1.4218,0.45903,-0.13205,-1.0733,0.29954,-1.5232,-7.5206,2.9363,0,0,0,2.2349,2.2471,2.229,2.2138,-15.888,2.3427,-0.9869,17.483,20.73,-14.893,14.875
17.63,0.61982,3.4112,0.58933,0.26163,-0.058677,0,0.96338,4.1096,-1.4969,0.48834,-0.14195,-1.063,0.29732,-1.6812,-7.4961,2.9257,0,0,0,2.2342,2.247,2.2284,2.2126,-15.708,2.5503,-1.1361,18.467,20.802,-14.948,14.87
17.64,0.66083,3.3958,0.59436,0.26083,-0.064158,0,0.96325,4.092,-1.5717,0.51754,-0.1518,-1.0523,0.29505,-1.8373,-7.4696,2.9136,0,0,0,2.2334,2.2467,2.2276,2.2114,-15.519,2.7587,-1.2858,19.439,20.868,-14.997,14.865
17.65,0.70165,3.3797,0.59968,0.25998,-0.069581,0,0.9631,4.0728,-1.6463,0.54661,-0.16163,-1.0412,0.29273,-1.9915,-7.441,2.9,0,0,0,2.2324,2.2463,2.2268,2.21,-15.319,2.9677,-1.436,20.399,20.928,-15.041,14.859
17.66,0.74228,3.3629,0.60529,0.25907,-0.074946,0,0.96295,4.0522,-1.7206,0.57553,-0.17142,-1.0297,0.29038,-2.1437,-7.4102,2.8848,0,0,0,2.2312,2.2456,2.2258,2.2085,-15.111,3.1772,-1.5866,21.346,20.981,-15.077,14.852
17.67,0.78269,3.3453,0.61119,0.25811,-0.080249,0,0.96278,4.03,-1.7945,0.6043,-0.18117,-1.0179,0.28799,-2.2937,-7.3774,2.8682,0,0,0,2.2299,2.2448,2.2246,2.2069,-14.893,3.3873,-1.7376,22.28,21.028,-15.107,14.844
17.68,0.82287,3.327,0.61738,0.25709,-0.085489,0,0.9626,4.0063,-1.8681,0.63289,-0.1909,-1.0057,0.28557,-2.4415,-7.3425,2.8501,0,0,0,2.2284,2.2438,2.2234,2.2052,-14.665,3.5978,-1.8888,23.2,21.069,-15.131,14.835
17.69,0.86281,3.308,0.62385,0.25603,-0.090664,0,0.96241,3.9812,-1.9413,0.6613,-0.2006,-0.99326,0.28313,-2.587,-7.3054,2.8304,0,0,0,2.2268,2.2426,2.2219,2.2033,-14.429,3.8086,-2.0402,24.105,21.103,-15.148,14.824
17.7,0.90249,3.2882,0.6306,0.25491,-0.095772,0,0.96221,3.9546,-2.0142,0.6895,-0.21028,-0.98046,0.28067,-2.7301,-7.2663,2.8093,0,0,0,2.2249,2.2412,2.2203,2.2012,-14.183,4.0198,-2.1917,24.996,21.131,-15.158,14.813
17.71,0.9419,3.2677,0.63764,0.25374,-0.10081,0,0.96201,3.9266,-2.0867,0.71748,-0.21994,-0.96736,0.2782,-2.8706,-7.2251,2.7866,0,0,0,2.2228,2.2395,2.2185,2.199,-13.929,4.2312,-2.3433,25.87,21.152,-15.162,14.8
17.72,0.98102,3.2465,0.64495,0.25251,-0.10578,0,0.96179,3.8972,-2.1587,0.74522,-0.22958,-0.95398,0.27571,-3.0086,-7.1817,2.7624,0,0,0,2.2205,2.2376,2.2165,2.1966,-13.666,4.4428,-2.4949,26.729,21.166,-15.158,14.785
17.73,1.0198,3.2245,0.65254,0.25124,-0.11068,0,0.96158,3.8664,-2.2303,0.77272,-0.23922,-0.94032,0.27322,-3.1439,-7.1362,2.7367,0,0,0,2.218,2.2355,2.2143,2.1941,-13.394,4.6545,-2.6464,27.57,21.174,-15.148,14.77
17.74,1.0583,3.2019,0.6604,0.24991,-0.11551,0,0.96135,3.8343,-2.3014,0.79995,-0.24885,-0.92641,0.27072,-3.2765,-7.0886,2.7095,0,0,0,2.2152,2.2331,2.2119,2.1913,-13.114,4.8663,-2.7978,28.394,21.174,-15.13,14.752
17.75,1.0965,3.1785,0.66854,0.24853,-0.12027,0,0.96113,3.8009,-2.3721,0.82691,-0.25849,-0.91224,0.26823,-3.4062,-7.0389,2.6808,0,0,0,2.2122,2.2304,2.2092,2.1883,-12.826,5.078,-2.949,29.201,21.167,-15.104,14.734
17.76,1.1344,3.1544,0.67694,0.2471,-0.12495,0,0.9609,3.7662,-2.4422,0.85356,-0.26815,-0.89784,0.26575,-3.533,-6.987,2.6505,0,0,0,2.209,2.2275,2.2064,2.1851,-12.53,5.2896,-3.0999,29.988,21.153,-15.072,14.713
17.77,1.1718,3.1296,0.68561,0.24562,-0.12955,0,0.96067,3.7302,-2.5118,0.87991,-0.27782,-0.88322,0.26328,-3.6568,-6.9331,2.6188,0,0,0,2.2054,2.2243,2.2032,2.1817,-12.227,5.501,-3.2504,30.756,21.132,-15.032,14.691
17.78,1.209,3.1042,0.69454,0.24409,-0.13408,0,0.96044,3.6931,-2.5808,0.90593,-0.28751,-0.86838,0.26083,-3.7775,-6.877,2.5855,0,0,0,2.2016,2.2208,2.1999,2.1781,-11.915,5.7122,-3.4005,31.504,21.103,-14.984,14.667
17.79,1.2457,3.078,0.70373,0.24251,-0.13853,0,0.96021,3.6547,-2.6493,0.93162,-0.29725,-0.85333,0.2584,-3.895,-6.8188,2.5508,0,0,0,2.1975,2.2169,2.1963,2.1741,-11.597,5.923,-3.5501,32.232,21.066,-14.929,14.641
17.8,1.282,3.0512,0.71317,0.24088,-0.1429,0,0.95998,3.6152,-2.7172,0.95694,-0.30703,-0.83809,0.256,-4.0094,-6.7586,2.5145,0,0,0,2.1931,2.2128,2.1924,2.17,-11.271,6.1335,-3.6991,32.939,21.023,-14.865,14.614
17.81,1.318,3.0237,0.72286,0.2392,-0.14719,0,0.95975,3.5745,-2.7845,0.9819,-0.31687,-0.82266,0.25363,-4.1204,-6.6962,2.4768,0,0,0,2.1884,2.2084,2.1882,2.1655,-10.938,6.3435,-3.8474,33.624,20.971,-14.794,14.584
17.82,1.3535,2.9955,0.73281,0.23746,-0.1514,0,0.95953,3.5328,-2.8511,1.0065,-0.32678,-0.80704,0.25129,-4.2281,-6.6317,2.4376,0,0,0,2.1834,2.2036,2.1837,2.1608,-10.598,6.5529,-3.9949,34.287,20.911,-14.715,14.553
17.83,1.3886,2.9667,0.74299,0.23568,-0.15553,0,0.9593,3.49,-2.9171,1.0306,-0.33676,-0.79125,0.24899,-4.3324,-6.5651,2.3969,0,0,0,2.178,2.1985,2.179,2.1558,-10.252,6.7617,-4.1416,34.927,20.844,-14.627,14.519
17.84,1.4233,2.9372,0.75342,0.23385,-0.15958,0,0.95909,3.4461,-2.9824,1.0544,-0.34683,-0.77528,0.24674,-4.4331,-6.4965,2.3547,0,0,0,2.1723,2.193,2.1739,2.1505,-9.9,6.9697,-4.2874,35.543,20.768,-14.531,14.483
17.85,1.4576,2.907,0.76408,0.23196,-0.16354,0,0.95888,3.4013,-3.047,1.0777,-0.35701,-0.75915,0.24453,-4.5304,-6.4257,2.3111,0,0,0,2.1663,2.1872,2.1685,2.1449,-9.5416,7.177,-4.4322,36.136,20.685,-14.427,14.445
17.86,1.4914,2.8762,0.77497,0.23002,-0.16742,0,0.95868,3.3555,-3.1109,1.1006,-0.3673,-0.74286,0.24238,-4.624,-6.3529,2.2661,0,0,0,2.1599,2.181,2.1628,2.139,-9.1774,7.3834,-4.5759,36.703,20.593,-14.315,14.405
17.87,1.5247,2.8448,0.78609,0.22803,-0.17122,0,0.95848,3.3089,-3.1741,1.1231,-0.37772,-0.7264,0.24029,-4.7139,-6.2781,2.2196,0,0,0,2.1531,2.1745,2.1568,2.1327,-8.8076,7.5888,-4.7185,37.246,20.493,-14.193,14.362
17.88,1.5575,2.8128,0.79743,0.22599,-0.17493,0,0.95829,3.2613,-3.2365,1.145,-0.38828,-0.70979,0.23827,-4.8001,-6.2011,2.1717,0,0,0,2.146,2.1676,2.1505,2.1261,-8.4325,7.7932,-4.8598,37.763,20.384,-14.063,14.317
17.89,1.5899,2.7801,0.80899,0.2239,-0.17856,0,0.95812,3.2129,-3.2981,1.1665,-0.399,-0.69301,0.23631,-4.8825,-6.1222,2.1224,0,0,0,2.1385,2.1603,2.1438,2.1192,-8.0524,7.9965,-4.9997,38.253,20.267,-13.925,14.27
17.9,1.6218,2.7468,0.82076,0.22175,-0.1821,0,0.95795,3.1636,-3.3589,1.1875,-0.40989,-0.67608,0.23442,-4.9611,-6.0412,2.0717,0,0,0,2.1306,2.1526,2.1368,2.1119,-7.6676,8.1985,-5.1382,38.717,20.141,-13.777,14.22
17.91,1.6532,2.7129,0.83274,0.21954,-0.18556,0,0.95779,3.1137,-3.4189,1.2079,-0.42097,-0.659,0.23261,-5.0359,-5.9582,2.0197,0,0,0,2.1223,2.1445,2.1294,2.1043,-7.2782,8.3993,-5.2752,39.152,20.006,-13.62,14.168
17.92,1.6841,2.6784,0.84492,0.21728,-0.18892,0,0.95765,3.0629,-3.4781,1.2278,-0.43225,-0.64175,0.23088,-5.1067,-5.8732,1.9662,0,0,0,2.1136,2.1361,2.1217,2.0963,-6.8846,8.5986,-5.4106,39.56,19.862,-13.454,14.113
17.93,1.7144,2.6433,0.85729,0.21497,-0.1922,0,0.95752,3.0115,-3.5364,1.2472,-0.44375,-0.62434,0.22924,-5.1735,-5.7863,1.9115,0,0,0,2.1045,2.1272,2.1136,2.088,-6.4871,8.7965,-5.5443,39.938,19.71,-13.279,14.056
17.94,1.7443,2.6077,0.86986,0.21259,-0.19539,0,0.95741,2.9595,-3.5938,1.2661,-0.45549,-0.60676,0.22769,-5.2364,-5.6973,1.8554,0,0,0,2.095,2.1179,2.1052,2.0793,-6.0859,8.9928,-5.6762,40.287,19.548,-13.095,13.996
17.95,1.7736,2.5715,0.88261,0.21016,-0.1985,0,0.9573,2.9068,-3.6503,1.2843,-0.46749,-0.58901,0.22624,-5.2952,-5.6064,1.7979,0,0,0,2.0851,2.1082,2.0964,2.0702,-5.6814,9.1874,-5.8062,40.607,19.377,-12.901,13.933
17.96,1.8024,2.5347,0.89554,0.20767,-0.20151,0,0.95722,2.8536,-3.7059,1.302,-0.47976,-0.57108,0.22489,-5.35,-5.5136,1.7392,0,0,0,2.0748,2.0981,2.0872,2.0608,-5.2739,9.3803,-5.9342,40.895,19.197,-12.697,13.868
17.97,1.8307,2.4974,0.90865,0.20511,-0.20443,0,0.95715,2.7998,-3.7606,1.3191,-0.49232,-0.55297,0.22365,-5.4007,-5.4188,1.6793,0,0,0,2.064,2.0876,2.0777,2.051,-4.8637,9.5713,-6.0601,41.152,19.008,-12.484,13.801
17.98,1.8584,2.4595,0.92192,0.2025,-0.20726,0,0.9571,2.7456,-3.8143,1.3356,-0.5052,-0.53467,0.22252,-5.4473,-5.3221,1.618,0,0,0,2.0528,2.0767,2.0678,2.0408,-4.451,9.7604,-6.1838,41.378,18.809,-12.261,13.73
17.99,1.8856,2.4211,0.93536,0.19982,-0.21,0,0.95707,2.6909,-3.867,1.3515,-0.51842,-0.51617,0.22152,-5.4897,-5.2236,1.5556,0,0,0,2.0412,2.0654,2.0576,2.0302,-4.0362,9.9475,-6.3053,41.571,18.6,-12.029,13.657
18,1.9122,2.3821,0.94895,0.19707,-0.21264,0,0.95705,2.6358,-3.9188,1.3667,-0.53199,-0.49746,0.22063,-5.528,-5.1232,1.4919,0,0,0,2.0292,2.0536,2.047,2.0193,-3.6197,10.132,-6.4243,41.731,18.382,-11.786,13.582
18.01,1.9383,2.3427,0.96269,0.19426,-0.21519,0,0.95706,2.5804,-3.9695,1.3813,-0.54595,-0.47853,0.21988,-5.5621,-5.021,1.4271,0,0,0,2.0167,2.0414,2.036,2.0079,-3.2017,10.315,-6.5409,41.858,18.154,-11.533,13.503
18.02,1.9638,2.3028,0.97658,0.19137,-0.21765,0,0.95708,2.5246,-4.0192,1.3953,-0.5603,-0.45937,0.21927,-5.592,-4.9169,1.3611,0,0,0,2.0038,2.0288,2.0247,1.9962,-2.7826,10.495,-6.655,41.95,17.916,-11.27,13.423
18.03,1.9888,2.2623,0.99059,0.18842,-0.22001,0,0.95713,2.4685,-4.0678,1.4085,-0.57508,-0.43996,0.2188,-5.6178,-4.8111,1.294,0,0,0,1.9905,2.0158,2.013,1.9841,-2.3628,10.673,-6.7663,42.007,17.668,-10.996,13.339
18.04,2.0132,2.2214,1.0047,0.18539,-0.22227,0,0.9572,2.4122,-4.1154,1.4211,-0.59031,-0.42029,0.21848,-5.6393,-4.7035,1.2258,0,0,0,1.9767,2.0024,2.001,1.9716,-1.9426,10.849,-6.8749,42.029,17.41,-10.712,13.253
18.05,2.037,2.18,1.019,0.18228,-0.22444,0,0.95729,2.3558,-4.1619,1.433,-0.60601,-0.40035,0.21831,-5.6566,-4.5941,1.1565,0,0,0,1.9625,1.9885,1.9886,1.9588,-1.5223,11.022,-6.9805,42.015,17.142,-10.418,13.164
18.06,2.0603,2.1382,1.0334,0.17909,-0.2265,0,0.9574,2.2991,-4.2073,1.4443,-0.62221,-0.38013,0.21831,-5.6697,-4.483,1.0862,0,0,0,1.9479,1.9743,1.9759,1.9456,-1.1024,11.192,-7.0832,41.965,16.863,-10.113,13.073
18.07,2.083,2.0959,1.0479,0.17583,-0.22847,0,0.95754,2.2424,-4.2515,1.4548,-0.63894,-0.35959,0.21848,-5.6787,-4.3703,1.0149,0,0,0,1.9328,1.9597,1.9628,1.932,-0.68318,11.359,-7.1827,41.877,16.574,-9.7972,12.979
18.08,2.1052,2.0531,1.0625,0.17247,-0.23033,0,0.95771,2.1856,-4.2947,1.4646,-0.65622,-0.33874,0.21882,-5.6834,-4.2559,0.94258,0,0,0,1.9174,1.9446,1.9494,1.9181,-0.265,11.523,-7.2791,41.751,16.274,-9.4705,12.882
18.09,2.1267,2.01,1.0772,0.16904,-0.23209,0,0.95789,2.1287,-4.3366,1.4736,-0.67408,-0.31754,0.21936,-5.684,-4.1398,0.86932,0,0,0,1.9015,1.9292,1.9357,1.9038,0.15172,11.684,-7.3721,41.587,15.964,-9.1329,12.784
18.1,2.1477,1.9664,1.092,0.16551,-0.23374,0,0.95811,2.0719,-4.3774,1.4819,-0.69255,-0.29597,0.22008,-5.6804,-4.0222,0.79514,0,0,0,1.8852,1.9133,1.9217,1.8892,0.56662,11.842,-7.4617,41.384,15.643,-8.7842,12.682
18.11,2.1682,1.9224,1.1068,0.16189,-0.23529,0,0.95835,2.0151,-4.4171,1.4895,-0.71165,-0.27403,0.22101,-5.6726,-3.903,0.72009,0,0,0,1.8685,1.8971,1.9074,1.8742,0.97928,11.997,-7.5478,41.142,15.311,-8.4243,12.579
18.12,2.188,1.8781,1.1218,0.15817,-0.23672,0,0.95862,1.9585,-4.4555,1.4963,-0.73142,-0.25168,0.22214,-5.6608,-3.7823,0.6442,0,0,0,1.8514,1.8806,1.8928,1.8589,1.3893,12.148,-7.6302,40.859,14.969,-8.0531,12.473
18.13,2.2073,1.8333,1.1367,0.15435,-0.23805,0,0.95891,1.9019,-4.4927,1.5024,-0.75188,-0.2289,0.2235,-5.6449,-3.66,0.5675,0,0,0,1.8339,1.8637,1.8779,1.8433,1.7963,12.296,-7.7088,40.536,14.615,-7.6705,12.365
18.14,2.2261,1.7882,1.1518,0.15042,-0.23926,0,0.95923,1.8456,-4.5287,1.5077,-0.77305,-0.20566,0.22508,-5.6249,-3.5363,0.49004,0,0,0,1.816,1.8464,1.8628,1.8274,2.1999,12.441,-7.7835,40.171,14.25,-7.2765,12.254
18.15,2.2443,1.7428,1.1669,0.14639,-0.24036,0,0.95958,1.7894,-4.5634,1.5122,-0.79498,-0.18196,0.22689,-5.6009,-3.4112,0.41185,0,0,0,1.7977,1.8288,1.8474,1.8112,2.5996,12.581,-7.8543,39.764,13.874,-6.8708,12.142
18.16,2.2619,1.697,1.182,0.14225,-0.24134,0,0.95996,1.7336,-4.5969,1.5159,-0.81768,-0.15775,0.22895,-5.5729,-3.2847,0.33297,0,0,0,1.7791,1.8108,1.8317,1.7947,2.995,12.718,-7.9209,39.314,13.486,-6.4533,12.027
18.17,2.2789,1.6508,1.1972,0.13799,-0.2422,0,0.96036,1.678,-4.6291,1.5188,-0.84119,-0.13301,0.23125,-5.541,-3.1569,0.25344,0,0,0,1.7602,1.7926,1.8159,1.778,3.3858,12.851,-7.9833,38.822,13.087,-6.0241,11.911
18.18,2.2954,1.6044,1.2124,0.13361,-0.24294,0,0.9608,1.6228,-4.6601,1.521,-0.86553,-0.10772,0.23383,-5.5052,-3.0277,0.17331,0,0,0,1.7409,1.7741,1.7998,1.761,3.7713,12.98,-8.0414,38.286,12.677,-5.5829,11.793
18.19,2.3114,1.5576,1.2276,0.1291,-0.24355,0,0.96126,1.5679,-4.6897,1.5223,-0.89072,-0.081849,0.23667,-5.4656,-2.8973,0.092629,0,0,0,1.7213,1.7553,1.7836,1.7438,4.1513,13.105,-8.0949,37.706,12.255,-5.1302,11.673
18.2,2.3268,1.5106,1.2429,0.12447,-0.24403,0,0.96175,1.5135,-4.718,1.5228,-0.91679,-0.055372,0.23978,-5.4222,-2.7656,0.011431,0,0,0,1.7014,1.7362,1.7671,1.7263,4.5253,13.225,-8.1439,37.085,11.822,-4.6662,11.552
18.21,2.3417,1.4633,1.2581,0.1197,-0.24438,0,0.96226,1.4595,-4.745,1.5225,-0.94376,-0.02826,0.24319,-5.3751,-2.6328,-0.070233,0,0,0,1.6812,1.7169,1.7506,1.7087,4.8929,13.341,-8.1882,36.423,11.378,-4.1916,11.429
18.22,2.356,1.4157,1.2733,0.11479,-0.24459,0,0.96281,1.406,-4.7706,1.5214,-0.97164,-0.00048359,0.24689,-5.3244,-2.4988,-0.15232,0,0,0,1.6608,1.6974,1.7338,1.6908,5.2536,13.452,-8.2277,35.721,10.924,-3.7069,11.305
18.23,2.3698,1.3679,1.2885,0.10974,-0.24466,0,0.96338,1.353,-4.795,1.5195,-1.0005,0.027987,0.25089,-5.2701,-2.3638,-0.23477,0,0,0,1.6401,1.6777,1.717,1.6729,5.6072,13.559,-8.2623,34.981,10.46,-3.2125,11.179
18.24,2.383,1.3198,1.3037,0.10454,-0.24459,0,0.96397,1.3006,-4.8179,1.5167,-1.0302,0.057182,0.25521,-5.2123,-2.2277,-0.31755,0,0,0,1.6192,1.6578,1.7001,1.6547,5.9531,13.662,-8.2919,34.205,9.9863,-2.709,11.053
18.25,2.3958,1.2715,1.3188,0.099181,-0.24438,0,0.96459,1.2488,-4.8395,1.5131,-1.061,0.08713,0.25983,-5.151,-2.0906,-0.40059,0,0,0,1.5982,1.6378,1.6831,1.6365,6.2911,13.759,-8.3165,33.393,9.503,-2.1969,10.926
18.26,2.408,1.223,1.334,0.093666,-0.24401,0,0.96524,1.1976,-4.8597,1.5087,-1.0927,0.11786,0.26478,-5.0865,-1.9525,-0.48386,0,0,0,1.5769,1.6177,1.6661,1.6181,6.6209,13.852,-8.3358,32.546,9.0106,-1.6765,10.798
18.27,2.4197,1.1743,1.349,0.087987,-0.24349,0,0.96591,1.147,-4.8786,1.5035,-1.1253,0.1494,0.27006,-5.0186,-1.8135,-0.56729,0,0,0,1.5556,1.5975,1.649,1.5997,6.942,13.939,-8.35,31.666,8.5094,-1.1486,10.67
18.28,2.431,1.1255,1.364,0.082137,-0.2428,0,0.96659,1.0972,-4.896,1.4974,-1.1589,0.18177,0.27567,-4.9476,-1.6737,-0.65084,0,0,0,1.5341,1.5773,1.6319,1.5812,7.2541,14.022,-8.3588,30.754,7.9998,-0.61347,10.541
18.29,2.4417,1.0764,1.379,0.076113,-0.24195,0,0.9673,1.0481,-4.912,1.4904,-1.1935,0.21501,0.28161,-4.8736,-1.5331,-0.73445,0,0,0,1.5126,1.557,1.6148,1.5626,7.5569,14.099,-8.3622,29.811,7.4821,-0.0717,10.412
18.3,2.4519,1.0272,1.3938,0.06991,-0.24093,0,0.96802,0.99975,-4.9267,1.4827,-1.2289,0.24912,0.28788,-4.7965,-1.3918,-0.81807,0,0,0,1.4911,1.5368,1.5978,1.5441,7.8502,14.171,-8.3602,28.839,6.9566,0.47622,10.283
18.31,2.4617,0.97789,1.4086,0.063522,-0.23974,0,0.96876,0.95218,-4.9399,1.4741,-1.2653,0.28413,0.29449,-4.7166,-1.2497,-0.90164,0,0,0,1.4695,1.5166,1.5808,1.5256,8.1336,14.238,-8.3527,27.839,6.4236,1.0298,10.154
18.32,2.471,0.92843,1.4233,0.056945,-0.23837,0,0.9695,0.90542,-4.9516,1.4646,-1.3024,0.32005,0.30143,-4.6339,-1.107,-0.9851,0,0,0,1.448,1.4965,1.5638,1.5072,8.4069,14.3,-8.3396,26.811,5.8835,1.5885,10.026
18.33,2.4798,0.87886,1.4379,0.050175,-0.23681,0,0.97026,0.85951,-4.962,1.4544,-1.3404,0.35689,0.30869,-4.5485,-0.96374,-1.0684,0,0,0,1.4266,1.4765,1.547,1.4888,8.6698,14.356,-8.3209,25.758,5.3365,2.1519,9.8982
18.34,2.4882,0.82919,1.4524,0.043207,-0.23506,0,0.97102,0.81446,-4.9709,1.4433,-1.3791,0.39463,0.31628,-4.4605,-0.81992,-1.1515,0,0,0,1.4054,1.4567,1.5302,1.4705,8.922,14.407,-8.2965,24.68,4.7831,2.7194,9.7714
18.35,2.4961,0.77944,1.4668,0.036039,-0.23311,0,0.97178,0.77031,-4.9784,1.4314,-1.4184,0.43329,0.32417,-4.3701,-0.67563,-1.2343,0,0,0,1.3844,1.4371,1.5136,1.4523,9.1633,14.452,-8.2665,23.579,4.2235,3.2906,9.6456
18.36,2.5036,0.72963,1.481,0.028667,-0.23096,0,0.97254,0.72707,-4.9844,1.4186,-1.4582,0.47282,0.33236,-4.2773,-0.53091,-1.3168,0,0,0,1.3636,1.4177,1.4971,1.4344,9.3935,14.491,-8.2307,22.456,3.6581,3.865,9.5212
18.37,2.5106,0.67976,1.4951,0.021089,-0.22861,0,0.97329,0.68477,-4.989,1.405,-1.4984,0.51322,0.34083,-4.1823,-0.38582,-1.3989,0,0,0,1.3431,1.3986,1.4808,1.4166,9.6123,14.525,-8.1892,21.313,3.0872,4.442,9.3984
18.38,2.5173,0.62985,1.5091,0.013304,-0.22604,0,0.97403,0.64343,-4.9921,1.3906,-1.539,0.55443,0.34957,-4.0851,-0.24043,-1.4806,0,0,0,1.3229,1.3799,1.4646,1.399,9.8197,14.553,-8.1419,20.149,2.511,5.0212,9.2773
18.39,2.5235,0.57992,1.5229,0.0053091,-0.22325,0,0.97475,0.60307,-4.9938,1.3754,-1.5796,0.59639,0.35854,-3.9859,-0.094788,-1.5617,0,0,0,1.3033,1.3615,1.4486,1.3816,10.015,14.575,-8.0888,18.968,1.9301,5.602,9.1583
18.4,2.5293,0.52998,1.5366,-0.0028941,-0.22024,0,0.97544,0.56372,-4.994,1.3594,-1.6202,0.63905,0.36772,-3.8848,0.051048,-1.6423,0,0,0,1.2841,1.3436,1.4327,1.3646,10.199,14.591,-8.0298,17.769,1.3446,6.184,9.0416
18.41,2.5348,0.48005,1.5501,-0.011305,-0.217,0,0.97611,0.52538,-4.9928,1.3426,-1.6606,0.68231,0.37708,-3.782,0.19702,-1.7223,0,0,0,1.2654,1.3261,1.417,1.3478,10.371,14.602,-7.9651,16.555,0.75486,6.7667,8.9274
18.42,2.5399,0.43013,1.5635,-0.019921,-0.21354,0,0.97673,0.48808,-4.9901,1.3249,-1.7005,0.72606,0.38658,-3.6775,0.34307,-1.8016,0,0,0,1.2474,1.3092,1.4015,1.3314,10.53,14.606,-7.8945,15.326,0.16127,7.3495,8.816
18.43,2.5446,0.38025,1.5766,-0.028738,-0.20984,0,0.97731,0.45184,-4.9859,1.3065,-1.7397,0.77018,0.39618,-3.5714,0.48913,-1.8802,0,0,0,1.2302,1.2929,1.3861,1.3154,10.677,14.605,-7.8181,14.083,-0.43587,7.932,8.7076
18.44,2.5489,0.33042,1.5896,-0.037753,-0.2059,0,0.97785,0.41666,-4.9803,1.2873,-1.778,0.81452,0.40582,-3.464,0.63515,-1.958,0,0,0,1.2137,1.2771,1.371,1.2998,10.812,14.598,-7.7359,12.829,-1.0362,8.5136,8.6025
18.45,2.5529,0.28065,1.6024,-0.046958,-0.20172,0,0.97832,0.38256,-4.9732,1.2674,-1.8151,0.85891,0.41547,-3.3552,0.78106,-2.0349,0,0,0,1.198,1.2621,1.3559,1.2846,10.934,14.584,-7.6478,11.564,-1.6395,9.0939,8.501
18.46,2.5565,0.23096,1.6149,-0.056345,-0.1973,0,0.97872,0.34956,-4.9647,1.2466,-1.8506,0.90318,0.42505,-3.2453,0.92681,-2.1109,0,0,0,1.1834,1.2477,1.3411,1.2698,11.043,14.565,-7.554,10.289,-2.2453,9.6724,8.4033
18.47,2.5599,0.18136,1.6273,-0.065905,-0.19264,0,0.97905,0.31766,-4.9547,1.2252,-1.8843,0.9471,0.43451,-3.1344,1.0723,-2.1859,0,0,0,1.1697,1.2341,1.3264,1.2556,11.139,14.539,-7.4544,9.0055,-2.8534,10.249,8.3096
18.48,2.5629,0.13187,1.6394,-0.075626,-0.18774,0,0.9793,0.28687,-4.9433,1.2029,-1.9159,0.99044,0.44378,-3.0226,1.2176,-2.26,0,0,0,1.1571,1.2213,1.3119,1.2418,11.223,14.508,-7.349,7.7151,-3.4634,10.822,8.2201
18.49,2.5656,0.082499,1.6514,-0.085496,-0.1826,0,0.97946,0.25721,-4.9304,1.18,-1.9451,1.033,0.45279,-2.91,1.3625,-2.3329,0,0,0,1.1456,1.2093,1.2975,1.2286,11.294,14.47,-7.238,6.4188,-4.075,11.392,8.1351
18.5,2.5681,0.033266,1.663,-0.095499,-0.17724,0,0.97952,0.22868,-4.916,1.1563,-1.9714,1.0744,0.46146,-2.7968,1.507,-2.4047,0,0,0,1.1354,1.1982,1.2833,1.216,11.351,14.426,-7.1212,5.1179,-4.6877,11.958,8.0549
18.51,2.5702,-0.015816,1.6745,-0.10562,-0.17164,0,0.97948,0.20128,-4.9002,1.1319,-1.9947,1.1144,0.46972,-2.683,1.651,-2.4753,0,0,0,1.1264,1.188,1.2693,1.204,11.396,14.376,-6.9988,3.8134,-5.3013,12.521,7.9795
18.52,2.5721,-0.064733,1.6857,-0.11584,-0.16583,0,0.97933,0.17502,-4.883,1.1068,-2.0146,1.1528,0.47748,-2.5689,1.7945,-2.5447,0,0,0,1.1188,1.1787,1.2554,1.1926,11.428,14.32,-6.8708,2.5068,-5.9153,13.078,7.9092
18.53,2.5737,-0.11347,1.6966,-0.12613,-0.1598,0,0.97906,0.1499,-4.8643,1.081,-2.0308,1.1892,0.48467,-2.4545,1.9374,-2.6127,0,0,0,1.1125,1.1704,1.2417,1.1819,11.446,14.258,-6.7373,1.199,-6.5294,13.631,7.8441
18.54,2.5751,-0.16202,1.7073,-0.13649,-0.15358,0,0.97867,0.12593,-4.8442,1.0545,-2.043,1.2233,0.49121,-2.34,2.0796,-2.6794,0,0,0,1.1075,1.1631,1.2283,1.1718,11.452,14.19,-6.5982,-0.10859,-7.1432,14.178,7.7844
18.55,2.5762,-0.21035,1.7177,-0.14687,-0.14716,0,0.97815,0.1031,-4.8227,1.0274,-2.0511,1.2549,0.49701,-2.2255,2.2211,-2.7447,0,0,0,1.104,1.1567,1.2151,1.1625,11.444,14.115,-6.4537,-1.4148,-7.7563,14.719,7.7303
18.56,2.5771,-0.25847,1.7278,-0.15727,-0.14058,0,0.9775,0.081416,-4.7998,0.99964,-2.0547,1.2835,0.502,-2.1112,2.3619,-2.8084,0,0,0,1.1018,1.1513,1.2021,1.1538,11.423,14.035,-6.3038,-2.7184,-8.3684,15.254,7.6818
18.57,2.5779,-0.30634,1.7377,-0.16766,-0.13383,0,0.97672,0.060875,-4.7755,0.97124,-2.0538,1.3091,0.50612,-1.9971,2.5018,-2.8707,0,0,0,1.1011,1.1469,1.1895,1.1459,11.39,13.948,-6.1487,-4.0183,-8.9792,15.782,7.639
18.58,2.5784,-0.35397,1.7473,-0.178,-0.12695,0,0.97581,0.041473,-4.7498,0.94223,-2.0481,1.3312,0.50929,-1.8834,2.6408,-2.9314,0,0,0,1.1016,1.1434,1.1773,1.1388,11.343,13.855,-5.9882,-5.3131,-9.5881,16.303,7.602
18.59,2.5787,-0.40133,1.7565,-0.18828,-0.11994,0,0.97476,0.023205,-4.7227,0.91262,-2.0378,1.3497,0.51146,-1.7703,2.7789,-2.9905,0,0,0,1.1035,1.141,1.1655,1.1324,11.283,13.756,-5.8226,-6.6017,-10.195,16.816,7.5707
18.6,2.5788,-0.44842,1.7655,-0.19847,-0.11284,0,0.97359,0.0060648,-4.6942,0.88243,-2.0227,1.3644,0.51257,-1.6578,2.9159,-3.0478,0,0,0,1.1066,1.1395,1.1542,1.1269,11.211,13.651,-5.6519,-7.8828,-10.799,17.321,7.5453
18.61,2.5788,-0.49521,1.7742,-0.20854,-0.10565,0,0.97229,-0.009954,-4.6644,0.85167,-2.0029,1.3751,0.51259,-1.5461,3.0519,-3.1035,0,0,0,1.1109,1.1389,1.1435,1.1221,11.126,13.54,-5.4762,-9.1553,-11.401,17.817,7.5257
18.62,2.5786,-0.5417,1.7825,-0.21848,-0.098404,0,0.97087,-0.02486,-4.6332,0.82036,-1.9785,1.3818,0.51148,-1.4353,3.1867,-3.1573,0,0,0,1.1164,1.1393,1.1334,1.1181,11.028,13.423,-5.2956,-10.418,-11.999,18.304,7.5119
18.63,2.5783,-0.58787,1.7906,-0.22825,-0.091124,0,0.96933,-0.038664,-4.6006,0.78853,-1.9497,1.3842,0.50922,-1.3256,3.3203,-3.2094,0,0,0,1.1228,1.1405,1.124,1.1149,10.917,13.3,-5.1102,-11.669,-12.594,18.782,7.5037
18.64,2.5779,-0.63371,1.7983,-0.23783,-0.083832,0,0.96768,-0.051376,-4.5668,0.75618,-1.9166,1.3824,0.5058,-1.217,3.4527,-3.2595,0,0,0,1.1302,1.1426,1.1153,1.1125,10.795,13.171,-4.92,-12.909,-13.185,19.25,7.5011
18.65,2.5773,-0.6792,1.8057,-0.24721,-0.076552,0,0.96593,-0.063009,-4.5316,0.72334,-1.8794,1.3765,0.50123,-1.1097,3.5837,-3.3078,0,0,0,1.1385,1.1455,1.1075,1.1109,10.659,13.036,-4.7252,-14.134,-13.771,19.708,7.504
18.66,2.5766,-0.72434,1.8128,-0.25636,-0.069305,0,0.96409,-0.073576,-4.4951,0.69003,-1.8385,1.3664,0.4955,-1.0039,3.7134,-3.354,0,0,0,1.1475,1.1491,1.1006,1.1101,10.512,12.896,-4.5259,-15.346,-14.353,20.155,7.5122
18.67,2.5758,-0.7691,1.8195,-0.26527,-0.062116,0,0.96217,-0.083091,-4.4573,0.65627,-1.7942,1.3522,0.48864,-0.89955,3.8416,-3.3983,0,0,0,1.1572,1.1535,1.0946,1.1101,10.352,12.749,-4.3222,-16.541,-14.929,20.591,7.5256
18.68,2.575,-0.81348,1.8259,-0.27393,-0.055006,0,0.96018,-0.091572,-4.4183,0.62207,-1.7468,1.3341,0.48068,-0.79687,3.9684,-3.4404,0,0,0,1.1674,1.1585,1.0895,1.1108,10.181,12.597,-4.1141,-17.719,-15.501,21.015,7.5439
18.69,2.574,-0.85746,1.8319,-0.28231,-0.047996,0,0.95812,-0.099035,-4.378,0.58747,-1.6966,1.3123,0.47165,-0.69596,4.0936,-3.4805,0,0,0,1.1782,1.1643,1.0855,1.1124,9.9981,12.439,-3.9019,-18.878,-16.066,21.427,7.5671
18.7,2.573,-0.90104,1.8376,-0.29041,-0.041107,0,0.95602,-0.1055,-4.3364,0.55247,-1.644,1.2869,0.46161,-0.59694,4.2171,-3.5185,0,0,0,1.1893,1.1705,1.0825,1.1146,9.8036,12.276,-3.6856,-20.018,-16.625,21.826,7.5948
18.71,2.5719,-0.94419,1.843,-0.29821,-0.034359,0,0.95388,-0.11098,-4.2936,0.5171,-1.5894,1.2582,0.4506,-0.49993,4.3391,-3.5542,0,0,0,1.2007,1.1774,1.0805,1.1176,9.5978,12.107,-3.4654,-21.138,-17.178,22.213,7.6269
18.72,2.5708,-0.9869,1.848,-0.30572,-0.027768,0,0.95172,-0.1155,-4.2496,0.48139,-1.533,1.2264,0.43867,-0.40502,4.4593,-3.5878,0,0,0,1.2124,1.1848,1.0795,1.1212,9.3809,11.932,-3.2414,-22.235,-17.724,22.585,7.6631
18.73,2.5696,-1.0292,1.8526,-0.31292,-0.021351,0,0.94954,-0.11909,-4.2045,0.44536,-1.4753,1.1917,0.42589,-0.31234,4.5777,-3.619,0,0,0,1.2242,1.1926,1.0796,1.1255,9.1532,11.752,-3.0138,-23.309,-18.263,22.945,7.7032
18.74,2.5684,-1.071,1.8569,-0.31982,-0.015124,0,0.94736,-0.12176,-4.1581,0.40902,-1.4165,1.1544,0.41232,-0.222,4.6943,-3.648,0,0,0,1.2362,1.2008,1.0807,1.1304,8.9148,11.567,-2.7826,-24.358,-18.794,23.289,7.7469
18.75,2.5672,-1.1123,1.8608,-0.3264,-0.0091006,0,0.94519,-0.12354,-4.1106,0.3724,-1.357,1.1148,0.39803,-0.13408,4.809,-3.6747,0,0,0,1.2483,1.2094,1.0827,1.136,8.6661,11.377,-2.548,-25.382,-19.317,23.619,7.7939
18.76,2.5659,-1.1532,1.8643,-0.33268,-0.0032923,0,0.94303,-0.12445,-4.0619,0.33553,-1.297,1.0731,0.38308,-0.048708,4.9218,-3.699,0,0,0,1.2603,1.2184,1.0857,1.1421,8.4073,11.181,-2.3102,-26.38,-19.831,23.934,7.8441
18.77,2.5647,-1.1936,1.8675,-0.33865,0.0022899,0,0.94091,-0.12452,-4.0121,0.29843,-1.2369,1.0295,0.36754,0.03403,5.0326,-3.7209,0,0,0,1.2723,1.2276,1.0896,1.1487,8.1386,10.98,-2.0694,-27.349,-20.337,24.233,7.8971
18.78,2.5634,-1.2334,1.8703,-0.34431,0.0076366,0,0.93883,-0.12378,-3.9613,0.26112,-1.1768,0.98444,0.35147,0.11403,5.1414,-3.7404,0,0,0,1.2843,1.2371,1.0944,1.1558,7.8604,10.774,-1.8256,-28.289,-20.834,24.516,7.9528
18.79,2.5622,-1.2728,1.8727,-0.34967,0.01274,0,0.93679,-0.12225,-3.9093,0.22363,-1.1169,0.938,0.33493,0.19121,5.2481,-3.7574,0,0,0,1.2962,1.2468,1.0999,1.1634,7.5729,10.563,-1.5791,-29.198,-21.321,24.783,8.0107
18.8,2.561,-1.3116,1.8748,-0.35473,0.017593,0,0.9348,-0.11996,-3.8563,0.18598,-1.0575,0.89044,0.318,0.26546,5.3527,-3.7719,0,0,0,1.3081,1.2567,1.1062,1.1715,7.2766,10.348,-1.33,-30.075,-21.799,25.032,8.0708
18.81,2.5598,-1.3499,1.8765,-0.3595,0.02219,0,0.93288,-0.11695,-3.8023,0.1482,-0.99866,0.84199,0.30072,0.33671,5.455,-3.784,0,0,0,1.3197,1.2668,1.1133,1.1799,6.9715,10.127,-1.0785,-30.92,-22.266,25.263,8.1328
18.82,2.5587,-1.3877,1.8777,-0.36398,0.026527,0,0.93103,-0.11324,-3.7472,0.11031,-0.94055,0.79283,0.28316,0.40487,5.5552,-3.7935,0,0,0,1.3313,1.277,1.1209,1.1887,6.6583,9.9025,-0.82483,-31.73,-22.723,25.476,8.1964
18.83,2.5575,-1.4249,1.8787,-0.36818,0.030601,0,0.92925,-0.10886,-3.6912,0.072342,-0.88327,0.74316,0.26537,0.46985,5.6531,-3.8005,0,0,0,1.3427,1.2873,1.1292,1.1978,6.3371,9.673,-0.56908,-32.505,-23.169,25.67,8.2615
18.84,2.5565,-1.4615,1.8792,-0.37211,0.03441,0,0.92755,-0.10385,-3.6342,0.034313,-0.82692,0.69314,0.24739,0.53158,5.7486,-3.8049,0,0,0,1.3539,1.2976,1.1379,1.2071,6.0083,9.4392,-0.31149,-33.243,-23.603,25.845,8.3277
18.85,2.5555,-1.4975,1.8793,-0.37577,0.037951,0,0.92593,-0.098241,-3.5762,-0.0037471,-0.77156,0.64292,0.22929,0.58999,5.8418,-3.8067,0,0,0,1.365,1.308,1.1472,1.2168,5.6723,9.201,-0.052252,-33.944,-24.026,25.999,8.3949
18.86,2.5545,-1.533,1.8791,-0.37917,0.041224,0,0.92441,-0.092064,-3.5173,-0.041812,-0.71724,0.59264,0.2111,0.645,5.9326,-3.8059,0,0,0,1.3758,1.3184,1.1569,1.2266,5.3295,8.9587,0.20843,-34.605,-24.437,26.133,8.4629
18.87,2.5536,-1.5679,1.8785,-0.38232,0.04423,0,0.92297,-0.085353,-3.4576,-0.079857,-0.66401,0.54244,0.19287,0.69656,6.021,-3.8025,0,0,0,1.3865,1.3288,1.1669,1.2367,4.9803,8.7123,0.47034,-35.226,-24.835,26.246,8.5315
18.88,2.5528,-1.6022,1.8775,-0.38522,0.046968,0,0.92163,-0.078144,-3.3969,-0.11785,-0.61189,0.49242,0.17463,0.74459,6.1069,-3.7965,0,0,0,1.397,1.3392,1.1773,1.2469,4.6252,8.462,0.73328,-35.805,-25.22,26.338,8.6006
18.89,2.5521,-1.6358,1.8761,-0.38788,0.049441,0,0.92038,-0.070473,-3.3354,-0.15578,-0.56088,0.44268,0.15643,0.78904,6.1902,-3.7879,0,0,0,1.4073,1.3495,1.1879,1.2572,4.2644,8.208,0.99702,-36.342,-25.593,26.407,8.6699
18.9,2.5514,-1.6689,1.8744,-0.3903,0.05165,0,0.91924,-0.062375,-3.2731,-0.1936,-0.51099,0.39332,0.13829,0.82986,6.271,-3.7766,0,0,0,1.4174,1.3598,1.1988,1.2676,3.8985,7.9502,1.2613,-36.834,-25.952,26.453,8.7393
18.91,2.5508,-1.7013,1.8723,-0.39251,0.053597,0,0.91819,-0.053888,-3.21,-0.2313,-0.46221,0.34442,0.12025,0.867,6.3492,-3.7626,0,0,0,1.4272,1.37,1.2099,1.2781,3.5279,7.689,1.526,-37.281,-26.297,26.476,8.8087
18.92,2.5503,-1.7331,1.8698,-0.39449,0.055285,0,0.91724,-0.045048,-3.1462,-0.26885,-0.41452,0.29604,0.10234,0.90041,6.4248,-3.746,0,0,0,1.4369,1.38,1.2212,1.2887,3.153,7.4243,1.7908,-37.682,-26.627,26.476,8.878
18.93,2.5499,-1.7642,1.8669,-0.39625,0.056718,0,0.91639,-0.035892,-3.0815,-0.30621,-0.36791,0.24826,0.084579,0.93005,6.4977,-3.7268,0,0,0,1.4463,1.39,1.2326,1.2993,2.7744,7.1565,2.0554,-38.034,-26.943,26.45,8.947
18.94,2.5496,-1.7947,1.8637,-0.39781,0.057897,0,0.91564,-0.02646,-3.0162,-0.34337,-0.32234,0.20113,0.067002,0.95588,6.5679,-3.7049,0,0,0,1.4555,1.3998,1.2441,1.3099,2.3925,6.8855,2.3197,-38.338,-27.244,26.4,9.0156
18.95,2.5494,-1.8245,1.86,-0.39917,0.058827,0,0.91499,-0.016788,-2.9502,-0.3803,-0.27779,0.1547,0.04963,0.97789,6.6354,-3.6804,0,0,0,1.4645,1.4095,1.2557,1.3206,2.0078,6.6116,2.5834,-38.592,-27.53,26.325,9.0838
18.96,2.5493,-1.8537,1.856,-0.40033,0.059512,0,0.91444,-0.0069148,-2.8835,-0.41697,-0.23422,0.10902,0.032485,0.99603,6.7001,-3.6533,0,0,0,1.4732,1.4191,1.2673,1.3312,1.6208,6.335,2.8461,-38.794,-27.8,26.223,9.1514
18.97,2.5493,-1.8822,1.8517,-0.40129,0.059955,0,0.91399,0.0031201,-2.8162,-0.45336,-0.19162,0.064136,0.01559,1.0103,6.7621,-3.6235,0,0,0,1.4817,1.4285,1.279,1.3417,1.2321,6.0557,3.1077,-38.944,-28.054,26.095,9.2183
18.98,2.5493,-1.91,1.847,-0.40207,0.060162,0,0.91363,0.013278,-2.7483,-0.48943,-0.14993,0.020081,-0.0010354,1.0207,6.8212,-3.5911,0,0,0,1.49,1.4377,1.2907,1.3523,0.84212,5.774,3.3679,-39.039,-28.291,25.94,9.2846
18.99,2.5495,-1.9371,1.8419,-0.40266,0.060136,0,0.91337,0.02352,-2.6798,-0.52517,-0.10913,-0.023106,-0.017371,1.0271,6.8776,-3.5561,0,0,0,1.498,1.4468,1.3025,1.3628,0.45148,5.4899,3.6264,-39.08,-28.511,25.757,9.3501
19,2.5498,-1.9636,1.8365,-0.40308,0.059883,0,0.9132,0.033808,-2.6107,-0.56055,-0.069182,-0.065388,-0.033398,1.0297,6.931,-3.5186,0,0,0,1.5058,1.4557,1.3142,1.3732,0.060712,5.2038,3.883,-39.064,-28.715,25.546,9.4148
19.01,2.5502,-1.9894,1.8307,-0.40332,0.059406,0,0.91313,0.044101,-2.5412,-0.59554,-0.030062,-0.10673,-0.049098,1.0284,6.9816,-3.4785,0,0,0,1.5134,1.4644,1.3259,1.3836,-0.32961,4.9157,4.1373,-38.99,-28.9,25.305,9.4787
19.02,2.5507,-2.0144,1.8246,-0.40338,0.058712,0,0.91315,0.054362,-2.4711,-0.63011,0.0082638,-0.14711,-0.064453,1.0231,7.0293,-3.4359,0,0,0,1.5207,1.4729,1.3376,1.3939,-0.7189,4.6259,4.389,-38.858,-29.068,25.036,9.5417
19.03,2.5513,-2.0388,1.8181,-0.40328,0.057805,0,0.91325,0.064551,-2.4006,-0.66424,0.045821,-0.18648,-0.079446,1.014,7.0741,-3.3907,0,0,0,1.5277,1.4813,1.3493,1.4041,-1.1066,4.3344,4.6379,-38.666,-29.217,24.737,9.6039
19.04,2.552,-2.0624,1.8113,-0.40301,0.05669,0,0.91344,0.074629,-2.3296,-0.69792,0.082634,-0.22481,-0.09406,1.001,7.116,-3.3431,0,0,0,1.5345,1.4895,1.3609,1.4142,-1.492,4.0416,4.8836,-38.412,-29.348,24.407,9.6652
19.05,2.5528,-2.0854,1.8041,-0.40258,0.055374,0,0.91371,0.084557,-2.2583,-0.7311,0.11872,-0.26208,-0.10828,0.98415,7.155,-3.2931,0,0,0,1.5411,1.4974,1.3725,1.4243,-1.8746,3.7475,5.1259,-38.096,-29.459,24.046,9.7257
19.06,2.5537,-2.1076,1.7967,-0.40199,0.053861,0,0.91406,0.094299,-2.1866,-0.76377,0.15411,-0.29824,-0.12208,0.9635,7.191,-3.2406,0,0,0,1.5475,1.5053,1.3841,1.4343,-2.2537,3.4524,5.3645,-37.716,-29.552,23.654,9.7852
19.07,2.5547,-2.1291,1.7889,-0.40124,0.052159,0,0.91449,0.10381,-2.1145,-0.7959,0.1888,-0.33326,-0.13545,0.93909,7.224,-3.1858,0,0,0,1.5536,1.5129,1.3957,1.4442,-2.6287,3.1566,5.5989,-37.272,-29.624,23.23,9.844
19.08,2.5557,-2.1499,1.7808,-0.40033,0.050272,0,0.91499,0.11307,-2.0421,-0.82748,0.22281,-0.36712,-0.14838,0.91095,7.2541,-3.1286,0,0,0,1.5595,1.5204,1.4072,1.454,-2.9989,2.86,5.829,-36.764,-29.677,22.775,9.9019
19.09,2.5569,-2.1699,1.7723,-0.39927,0.048208,0,0.91556,0.12202,-1.9694,-0.85847,0.25616,-0.39977,-0.16085,0.87913,7.2812,-3.0692,0,0,0,1.5652,1.5277,1.4187,1.4638,-3.3638,2.5631,6.0543,-36.196,-29.711,22.291,9.959
19.1,2.5582,-2.1893,1.7636,-0.39806,0.045972,0,0.9162,0.13064,-1.8965,-0.88885,0.28884,-0.43118,-0.17284,0.84369,7.3054,-3.0076,0,0,0,1.5707,1.5349,1.4302,1.4734,-3.7227,2.2659,6.2747,-35.57,-29.726,21.778,10.015
19.11,2.5595,-2.2079,1.7545,-0.39671,0.043572,0,0.91691,0.13888,-1.8233,-0.91861,0.32086,-0.46134,-0.18435,0.8047,7.3265,-2.9437,0,0,0,1.576,1.5419,1.4416,1.483,-4.075,1.9686,6.4898,-34.886,-29.723,21.237,10.071
19.12,2.561,-2.2257,1.7452,-0.3952,0.041013,0,0.91768,0.14672,-1.7499,-0.94772,0.35223,-0.49021,-0.19537,0.76221,7.3447,-2.8778,0,0,0,1.5811,1.5488,1.453,1.4925,-4.4202,1.6715,6.6993,-34.148,-29.703,20.67,10.126
19.13,2.5625,-2.2429,1.7356,-0.39356,0.038303,0,0.9185,0.15412,-1.6764,-0.97616,0.38294,-0.51777,-0.20588,0.71632,7.36,-2.8098,0,0,0,1.5861,1.5556,1.4644,1.502,-4.7578,1.3746,6.9031,-33.357,-29.664,20.078,10.18
19.14,2.564,-2.2593,1.7257,-0.39177,0.035449,0,0.91938,0.16104,-1.6028,-1.0039,0.413,-0.54399,-0.21588,0.66709,7.3722,-2.7398,0,0,0,1.591,1.5623,1.4757,1.5114,-5.0872,1.0782,7.1008,-32.516,-29.608,19.462,10.234
19.15,2.5657,-2.2749,1.7155,-0.38984,0.032459,0,0.92031,0.16745,-1.529,-1.031,0.44239,-0.56886,-0.22536,0.6146,7.3815,-2.6678,0,0,0,1.5957,1.5689,1.487,1.5207,-5.4079,0.78251,7.2922,-31.626,-29.536,18.823,10.287
19.16,2.5674,-2.2898,1.7051,-0.38777,0.029338,0,0.92129,0.17332,-1.4551,-1.0573,0.47111,-0.59236,-0.23432,0.55896,7.3879,-2.5939,0,0,0,1.6004,1.5754,1.4983,1.5299,-5.7195,0.48758,7.4772,-30.689,-29.447,18.162,10.34
19.17,2.5691,-2.304,1.6944,-0.38557,0.026095,0,0.92231,0.17862,-1.3812,-1.0828,0.49916,-0.61447,-0.24275,0.50024,7.3913,-2.5183,0,0,0,1.6049,1.5819,1.5095,1.5391,-6.0216,0.19363,7.6554,-29.708,-29.341,17.481,10.392
19.18,2.571,-2.3175,1.6834,-0.38323,0.022737,0,0.92337,0.18331,-1.3073,-1.1076,0.52653,-0.63517,-0.25065,0.43856,7.3918,-2.4408,0,0,0,1.6094,1.5883,1.5207,1.5482,-6.3136,-0.099191,7.8267,-28.684,-29.22,16.78,10.444
19.19,2.5728,-2.3302,1.6722,-0.38076,0.019272,0,0.92447,0.18738,-1.2334,-1.1316,0.55319,-0.65446,-0.25802,0.37401,7.3893,-2.3618,0,0,0,1.6139,1.5946,1.5318,1.5573,-6.5951,-0.39072,7.991,-27.619,-29.084,16.061,10.496
19.2,2.5747,-2.3421,1.6608,-0.37817,0.015707,0,0.9256,0.19078,-1.1595,-1.1548,0.57915,-0.67231,-0.26485,0.30669,7.3839,-2.2811,0,0,0,1.6183,1.601,1.5429,1.5664,-6.8658,-0.68082,8.1479,-26.516,-28.932,15.325,10.548
19.21,2.5766,-2.3534,1.6491,-0.37544,0.01205,0,0.92677,0.1935,-1.0857,-1.1772,0.60438,-0.68874,-0.27116,0.23673,7.3757,-2.1988,0,0,0,1.6226,1.6073,1.554,1.5754,-7.1253,-0.96932,8.2974,-25.377,-28.766,14.573,10.599
19.22,2.5786,-2.3639,1.6372,-0.3726,0.0083087,0,0.92796,0.19551,-1.012,-1.1988,0.62888,-0.70372,-0.27693,0.16423,7.3646,-2.1151,0,0,0,1.627,1.6136,1.5651,1.5843,-7.3732,-1.2561,8.4393,-24.203,-28.586,13.806,10.65
19.23,2.5805,-2.3736,1.6252,-0.36963,0.0044907,0,0.92917,0.19678,-0.93846,-1.2195,0.65262,-0.71725,-0.28218,0.089303,7.3506,-2.0301,0,0,0,1.6314,1.6199,1.5761,1.5933,-7.6093,-1.541,8.5735,-22.997,-28.391,13.026,10.701
19.24,2.5825,-2.3826,1.6129,-0.36655,0.00060382,0,0.9304,0.19729,-0.86504,-1.2394,0.6756,-0.72934,-0.2869,0.012081,7.3338,-1.9437,0,0,0,1.6357,1.6262,1.5871,1.6022,-7.8331,-1.8239,8.6998,-21.76,-28.183,12.232,10.752
19.25,2.5845,-2.3909,1.6004,-0.36335,-0.0033441,0,0.93165,0.19701,-0.7918,-1.2584,0.6978,-0.73999,-0.29111,-0.067317,7.3141,-1.8561,0,0,0,1.6402,1.6326,1.5981,1.6111,-8.0444,-2.1046,8.8181,-20.495,-27.962,11.428,10.803
19.26,2.5864,-2.3985,1.5877,-0.36004,-0.0073454,0,0.93291,0.19593,-0.71877,-1.2765,0.7192,-0.7492,-0.2948,-0.14876,7.2917,-1.7673,0,0,0,1.6447,1.639,1.6091,1.62,-8.2429,-2.3831,8.9283,-19.203,-27.728,10.613,10.854
19.27,2.5884,-2.4053,1.5748,-0.35662,-0.011392,0,0.93418,0.19403,-0.64597,-1.2938,0.7398,-0.75699,-0.298,-0.23213,7.2665,-1.6775,0,0,0,1.6492,1.6454,1.62,1.6289,-8.4283,-2.6591,9.0303,-17.888,-27.481,9.7886,10.906
19.28,2.5903,-2.4114,1.5618,-0.35309,-0.015477,0,0.93546,0.19129,-0.57345,-1.3101,0.75957,-0.76335,-0.3007,-0.31729,7.2385,-1.5868,0,0,0,1.6539,1.6519,1.6309,1.6377,-8.6005,-2.9326,9.1241,-16.55,-27.222,8.9565,10.957
19.29,2.5922,-2.4168,1.5486,-0.34947,-0.019592,0,0.93674,0.18768,-0.50121,-1.3255,0.77851,-0.76832,-0.30292,-0.4041,7.2078,-1.4951,0,0,0,1.6586,1.6585,1.6417,1.6466,-8.7593,-3.2035,9.2094,-15.191,-26.952,8.1171,11.009
19.3,2.5941,-2.4214,1.5353,-0.34574,-0.02373,0,0.93803,0.1832,-0.4293,-1.34,0.79662,-0.7719,-0.30466,-0.49243,7.1744,-1.4026,0,0,0,1.6634,1.6651,1.6526,1.6554,-8.9043,-3.4716,9.2864,-13.814,-26.669,7.2714,11.061
19.31,2.5959,-2.4253,1.5218,-0.34192,-0.027884,0,0.93931,0.17783,-0.35773,-1.3535,0.81387,-0.77411,-0.30595,-0.58214,7.1384,-1.3094,0,0,0,1.6684,1.6718,1.6633,1.6643,-9.0355,-3.7369,9.3548,-12.42,-26.376,6.4202,11.113
19.32,2.5976,-2.4286,1.5082,-0.33801,-0.032046,0,0.9406,0.17155,-0.28654,-1.3662,0.83026,-0.77498,-0.30679,-0.67309,7.0997,-1.2155,0,0,0,1.6735,1.6786,1.6741,1.6731,-9.1527,-3.9991,9.4148,-11.012,-26.071,5.5643,11.165
19.33,2.5993,-2.4311,1.4945,-0.33402,-0.036208,0,0.94187,0.16436,-0.21575,-1.3779,0.84579,-0.77454,-0.30719,-0.76514,7.0584,-1.1211,0,0,0,1.6787,1.6854,1.6848,1.6819,-9.2557,-4.2583,9.4661,-9.591,-25.755,4.7045,11.218
19.34,2.6009,-2.4329,1.4807,-0.32994,-0.040364,0,0.94314,0.15625,-0.14538,-1.3886,0.86045,-0.7728,-0.30717,-0.85816,7.0145,-1.0262,0,0,0,1.684,1.6924,1.6954,1.6908,-9.3444,-4.5142,9.5089,-8.1589,-25.429,3.8418,11.271
19.35,2.6024,-2.434,1.4668,-0.32578,-0.044508,0,0.9444,0.1472,-0.075464,-1.3984,0.87425,-0.76981,-0.30676,-0.95198,6.9681,-0.93098,0,0,0,1.6895,1.6994,1.706,1.6996,-9.4188,-4.7668,9.5429,-6.7179,-25.092,2.977,11.324
19.36,2.6038,-2.4344,1.4527,-0.32155,-0.048632,0,0.94564,0.1372,-0.0060249,-1.4072,0.88718,-0.7656,-0.30595,-1.0465,6.9192,-0.83542,0,0,0,1.6951,1.7066,1.7166,1.7084,-9.4788,-5.016,9.5684,-5.2698,-24.745,2.1109,11.378
19.37,2.6052,-2.4341,1.4386,-0.31724,-0.052729,0,0.94688,0.12626,0.062912,-1.4151,0.89925,-0.76019,-0.30477,-1.1415,6.8678,-0.73964,0,0,0,1.7008,1.7138,1.7271,1.7172,-9.5242,-5.2617,9.5852,-3.8165,-24.389,1.2443,11.432
19.38,2.6064,-2.4331,1.4244,-0.31287,-0.056795,0,0.9481,0.11437,0.13132,-1.422,0.91046,-0.75363,-0.30324,-1.2369,6.814,-0.64374,0,0,0,1.7067,1.7211,1.7375,1.726,-9.5551,-5.5037,9.5933,-2.3599,-24.023,0.37807,11.486
19.39,2.6074,-2.4315,1.4102,-0.30844,-0.060821,0,0.9493,0.10153,0.19918,-1.428,0.92082,-0.74596,-0.30137,-1.3326,6.7578,-0.5478,0,0,0,1.7128,1.7285,1.7478,1.7348,-9.5714,-5.7421,9.5927,-0.90189,-23.647,-0.48689,11.54
19.4,2.6084,-2.4292,1.3959,-0.30395,-0.064804,0,0.95048,0.087721,0.26647,-1.433,0.93035,-0.73722,-0.29918,-1.4283,6.6992,-0.45192,0,0,0,1.719,1.736,1.758,1.7436,-9.5731,-5.9766,9.5835,0.55559,-23.263,-1.3498,11.594
19.41,2.6092,-2.4262,1.3815,-0.2994,-0.068736,0,0.95165,0.07296,0.33316,-1.437,0.93905,-0.72745,-0.29669,-1.524,6.6383,-0.35616,0,0,0,1.7253,1.7435,1.7682,1.7523,-9.5603,-6.2073,9.5657,2.0107,-22.869,-2.2097,11.649
19.42,2.6099,-2.4225,1.3671,-0.29481,-0.072613,0,0.95279,0.057243,0.39923,-1.4401,0.94694,-0.71668,-0.29392,-1.6195,6.575,-0.26063,0,0,0,1.7318,1.7512,1.7783,1.7611,-9.5329,-6.434,9.5394,3.4614,-22.467,-3.0659,11.704
19.43,2.6103,-2.4182,1.3527,-0.29017,-0.076429,0,0.95392,0.040572,0.46465,-1.4422,0.95404,-0.70497,-0.29088,-1.7146,6.5096,-0.1654,0,0,0,1.7384,1.7589,1.7882,1.7697,-9.4911,-6.6566,9.5044,4.9059,-22.057,-3.9175,11.759
19.44,2.6107,-2.4132,1.3383,-0.28549,-0.08018,0,0.95502,0.022952,0.52941,-1.4434,0.96037,-0.69237,-0.2876,-1.8092,6.4419,-0.070569,0,0,0,1.7451,1.7666,1.7981,1.7784,-9.4349,-6.8751,9.461,6.3423,-21.639,-4.7637,11.814
19.45,2.6108,-2.4076,1.3239,-0.28077,-0.083861,0,0.9561,0.0043895,0.59348,-1.4436,0.96594,-0.6789,-0.28409,-1.9032,6.3721,0.023789,0,0,0,1.7519,1.7744,1.8078,1.787,-9.3643,-7.0894,9.4092,7.7687,-21.213,-5.6035,11.869
19.46,2.6107,-2.4013,1.3094,-0.27602,-0.087467,0,0.95716,-0.01511,0.65685,-1.4429,0.97079,-0.66462,-0.28037,-1.9965,6.3001,0.11759,0,0,0,1.7589,1.7822,1.8175,1.7955,-9.2795,-7.2994,9.349,9.1832,-20.78,-6.4362,11.923
19.47,2.6105,-2.3945,1.295,-0.27123,-0.090995,0,0.9582,-0.035537,0.71948,-1.4413,0.97493,-0.64958,-0.27646,-2.0888,6.2261,0.21074,0,0,0,1.7659,1.7901,1.8269,1.8039,-9.1807,-7.505,9.2805,10.584,-20.339,-7.261,11.978
19.48,2.61,-2.3869,1.2806,-0.26642,-0.09444,0,0.95922,-0.056882,0.78136,-1.4387,0.9784,-0.63381,-0.27237,-2.18,6.1501,0.30317,0,0,0,1.773,1.798,1.8363,1.8123,-9.0679,-7.7061,9.2038,11.969,-19.891,-8.0769,12.033
19.49,2.6094,-2.3788,1.2662,-0.26159,-0.097799,0,0.96021,-0.079134,0.84248,-1.4352,0.98121,-0.61737,-0.26813,-2.2701,6.072,0.39479,0,0,0,1.7801,1.8059,1.8455,1.8206,-8.9414,-7.9028,9.119,13.336,-19.437,-8.8831,12.087
19.5,2.6084,-2.3701,1.2519,-0.25674,-0.10107,0,0.96118,-0.10228,0.9028,-1.4308,0.98341,-0.60028,-0.26375,-2.3588,5.992,0.48552,0,0,0,1.7873,1.8138,1.8545,1.8288,-8.8012,-8.0948,9.0262,14.684,-18.976,-9.6785,12.141
19.51,2.6073,-2.3608,1.2376,-0.25187,-0.10425,0,0.96213,-0.12631,0.96231,-1.4255,0.98502,-0.5826,-0.25924,-2.4461,5.9101,0.57529,0,0,0,1.7946,1.8217,1.8633,1.8369,-8.6477,-8.2823,8.9255,16.01,-18.508,-10.462,12.194
19.52,2.6059,-2.3509,1.2234,-0.24699,-0.10733,0,0.96305,-0.1512,1.021,-1.4193,0.98606,-0.56437,-0.25463,-2.5317,5.8264,0.66401,0,0,0,1.8019,1.8295,1.872,1.8449,-8.4811,-8.465,8.817,17.313,-18.035,-11.233,12.247
19.53,2.6043,-2.3404,1.2092,-0.24211,-0.11031,0,0.96396,-0.17693,1.0788,-1.4122,0.98658,-0.54562,-0.24993,-2.6157,5.7409,0.7516,0,0,0,1.8091,1.8373,1.8805,1.8527,-8.3016,-8.6429,8.7008,18.591,-17.556,-11.991,12.299
19.54,2.6024,-2.3293,1.1952,-0.23721,-0.11319,0,0.96484,-0.2035,1.1358,-1.4043,0.9866,-0.5264,-0.24516,-2.6977,5.6536,0.838,0,0,0,1.8164,1.845,1.8888,1.8604,-8.1094,-8.8161,8.5772,19.841,-17.072,-12.733,12.351
19.55,2.6002,-2.3176,1.1812,-0.23231,-0.11597,0,0.9657,-0.23088,1.1919,-1.3955,0.98616,-0.50674,-0.24033,-2.7778,5.5645,0.92312,0,0,0,1.8236,1.8527,1.8969,1.8679,-7.9048,-8.9844,8.4462,21.063,-16.583,-13.46,12.402
19.56,2.5978,-2.3054,1.1673,-0.22741,-0.11864,0,0.96655,-0.25905,1.2471,-1.3858,0.98528,-0.48667,-0.23545,-2.8558,5.4739,1.0069,0,0,0,1.8308,1.8603,1.9048,1.8753,-7.6882,-9.1477,8.3081,22.254,-16.088,-14.17,12.452
19.57,2.595,-2.2927,1.1534,-0.22251,-0.12121,0,0.96737,-0.28799,1.3014,-1.3753,0.98401,-0.46624,-0.23053,-2.9315,5.3816,1.0893,0,0,0,1.8379,1.8677,1.9124,1.8825,-7.4599,-9.3061,8.1629,23.412,-15.589,-14.862,12.501
19.58,2.592,-2.2794,1.1397,-0.21761,-0.12366,0,0.96817,-0.31767,1.3547,-1.364,0.98236,-0.44546,-0.2256,-3.0049,5.2878,1.1701,0,0,0,1.845,1.8751,1.9198,1.8895,-7.2201,-9.4595,8.0109,24.535,-15.086,-15.536,12.549
19.59,2.5887,-2.2656,1.1262,-0.21272,-0.12601,0,0.96895,-0.34808,1.4071,-1.3519,0.98038,-0.42439,-0.22066,-3.0759,5.1924,1.2495,0,0,0,1.852,1.8823,1.927,1.8963,-6.9693,-9.6078,7.8522,25.621,-14.578,-16.19,12.596
19.6,2.585,-2.2513,1.1127,-0.20783,-0.12824,0,0.96972,-0.37918,1.4586,-1.3391,0.97809,-0.40303,-0.21573,-3.1443,5.0956,1.3272,0,0,0,1.8588,1.8894,1.9339,1.9029,-6.7078,-9.751,7.6871,26.669,-14.067,-16.823,12.642
19.61,2.5811,-2.2364,1.0994,-0.20296,-0.13037,0,0.97047,-0.41096,1.509,-1.3254,0.97553,-0.38143,-0.21082,-3.21,4.9974,1.4032,0,0,0,1.8655,1.8963,1.9405,1.9093,-6.4361,-9.8891,7.5158,27.677,-13.552,-17.434,12.686
19.62,2.5768,-2.2211,1.0862,-0.19809,-0.13237,0,0.9712,-0.44337,1.5585,-1.311,0.97273,-0.3596,-0.20593,-3.273,4.8979,1.4775,0,0,0,1.8721,1.903,1.9469,1.9155,-6.1544,-10.022,7.3385,28.642,-13.034,-18.023,12.729
19.63,2.5722,-2.2053,1.0732,-0.19324,-0.13427,0,0.97192,-0.47641,1.607,-1.2959,0.9697,-0.33758,-0.20108,-3.3331,4.797,1.5499,0,0,0,1.8785,1.9096,1.953,1.9214,-5.8634,-10.15,7.1555,29.563,-12.512,-18.588,12.771
19.64,2.5673,-2.189,1.0603,-0.1884,-0.13604,0,0.97262,-0.51003,1.6544,-1.28,0.96649,-0.31538,-0.19628,-3.3902,4.6949,1.6205,0,0,0,1.8847,1.9159,1.9588,1.927,-5.5633,-10.272,6.9669,30.438,-11.988,-19.128,12.811
19.65,2.562,-2.1722,1.0476,-0.18357,-0.1377,0,0.97331,-0.5442,1.7009,-1.2635,0.96312,-0.29303,-0.19153,-3.4443,4.5916,1.6892,0,0,0,1.8907,1.922,1.9644,1.9324,-5.2548,-10.39,6.773,31.265,-11.461,-19.642,12.849
19.66,2.5564,-2.155,1.035,-0.17876,-0.13925,0,0.97399,-0.5789,1.7463,-1.2462,0.95962,-0.27055,-0.18685,-3.4953,4.4871,1.756,0,0,0,1.8965,1.9279,1.9696,1.9375,-4.9382,-10.502,6.5741,32.042,-10.932,-20.129,12.886
19.67,2.5504,-2.1373,1.0226,-0.17397,-0.14067,0,0.97465,-0.6141,1.7906,-1.2283,0.956,-0.24796,-0.18224,-3.543,4.3816,1.8207,0,0,0,1.9021,1.9336,1.9745,1.9423,-4.6141,-10.608,6.3705,32.767,-10.401,-20.589,12.921
19.68,2.5441,-2.1191,1.0105,-0.16919,-0.14198,0,0.9753,-0.64975,1.8339,-1.2098,0.9523,-0.22528,-0.17771,-3.5875,4.275,1.8834,0,0,0,1.9075,1.939,1.979,1.9468,-4.283,-10.71,6.1624,33.438,-9.868,-21.02,12.954
19.69,2.5374,-2.1006,0.99845,-0.16443,-0.14317,0,0.97594,-0.68584,1.8761,-1.1907,0.94853,-0.20252,-0.17327,-3.6287,4.1674,1.9439,0,0,0,1.9126,1.9441,1.9833,1.951,-3.9455,-10.806,5.9502,34.054,-9.3337,-21.421,12.985
19.7,2.5304,-2.0816,0.98665,-0.15968,-0.14424,0,0.97657,-0.72231,1.9172,-1.171,0.94473,-0.17971,-0.16892,-3.6664,4.0589,2.0024,0,0,0,1.9174,1.9489,1.9872,1.9549,-3.6021,-10.896,5.7341,34.614,-8.798,-21.792,13.014
19.71,2.523,-2.0623,0.97504,-0.15496,-0.1452,0,0.97719,-0.75915,1.9573,-1.1506,0.94089,-0.15685,-0.16467,-3.7007,3.9495,2.0586,0,0,0,1.922,1.9535,1.9908,1.9585,-3.2534,-10.981,5.5144,35.118,-8.2612,-22.134,13.041
19.72,2.5152,-2.0425,0.96364,-0.15025,-0.14603,0,0.9778,-0.79632,1.9962,-1.1298,0.93706,-0.13397,-0.16053,-3.7315,3.8393,2.1127,0,0,0,1.9263,1.9577,1.994,1.9618,-2.9,-11.061,5.2915,35.567,-7.7235,-22.446,13.066
19.73,2.5071,-2.0223,0.95244,-0.14556,-0.14675,0,0.97841,-0.83377,2.0341,-1.1084,0.93324,-0.11107,-0.1565,-3.7587,3.7283,2.1644,0,0,0,1.9303,1.9617,1.9969,1.9647,-2.5423,-11.136,5.0656,35.964,-7.185,-22.729,13.089
19.74,2.4985,-2.0018,0.94147,-0.14089,-0.14734,0,0.979,-0.87148,2.0708,-1.0865,0.92944,-0.088168,-0.15257,-3.7823,3.6166,2.214,0,0,0,1.934,1.9653,1.9995,1.9674,-2.1809,-11.205,4.837,36.307,-6.6459,-22.984,13.11
19.75,2.4896,-1.9809,0.93072,-0.13623,-0.14782,0,0.97959,-0.9094,2.1064,-1.0641,0.92568,-0.065263,-0.14877,-3.8023,3.5042,2.2612,0,0,0,1.9374,1.9686,2.0017,1.9696,-1.8163,-11.269,4.6061,36.598,-6.1065,-23.211,13.129
19.76,2.4803,-1.9597,0.92019,-0.1316,-0.14819,0,0.98016,-0.94751,2.1409,-1.0413,0.92197,-0.042366,-0.14508,-3.8186,3.3912,2.3061,0,0,0,1.9404,1.9716,2.0036,1.9716,-1.4491,-11.327,4.3729,36.839,-5.5668,-23.41,13.145
19.77,2.4707,-1.9381,0.90989,-0.12698,-0.14843,0,0.98074,-0.98577,2.1742,-1.018,0.91832,-0.019482,-0.14151,-3.8313,3.2777,2.3486,0,0,0,1.9432,1.9743,2.0051,1.9731,-1.0797,-11.38,4.1379,37.03,-5.027,-23.583,13.159
19.78,2.4606,-1.9162,0.89983,-0.12238,-0.14856,0,0.9813,-1.0241,2.2064,-0.99432,0.91474,0.0033849,-0.13806,-3.8402,3.1636,2.3888,0,0,0,1.9455,1.9766,2.0063,1.9744,-0.70864,-11.428,3.9014,37.172,-4.4874,-23.729,13.171
19.79,2.4502,-1.894,0.89001,-0.1178,-0.14857,0,0.98186,-1.0626,2.2375,-0.97025,0.91123,0.026231,-0.13473,-3.8454,3.0491,2.4266,0,0,0,1.9476,1.9786,2.0071,1.9753,-0.33641,-11.47,3.6634,37.266,-3.948,-23.849,13.181
19.8,2.4394,-1.8715,0.88043,-0.11324,-0.14846,0,0.98241,-1.101,2.2674,-0.9458,0.90781,0.049054,-0.13153,-3.8469,2.9342,2.4621,0,0,0,1.9493,1.9802,2.0075,1.9758,0.036525,-11.507,3.4245,37.313,-3.4091,-23.943,13.188
19.81,2.4282,-1.8486,0.87109,-0.10869,-0.14823,0,0.98296,-1.1395,2.2962,-0.92101,0.90447,0.071852,-0.12845,-3.8447,2.819,2.4951,0,0,0,1.9507,1.9815,2.0077,1.9761,0.40969,-11.538,3.1847,37.313,-2.8709,-24.013,13.193
19.82,2.4166,-1.8255,0.86201,-0.10415,-0.14789,0,0.9835,-1.1779,2.3238,-0.8959,0.90122,0.094623,-0.1255,-3.8388,2.7035,2.5258,0,0,0,1.9517,1.9825,2.0074,1.9759,0.78263,-11.564,2.9443,37.268,-2.3335,-24.058,13.196
19.83,2.4046,-1.8022,0.85317,-0.099638,-0.14743,0,0.98404,-1.2162,2.3502,-0.8705,0.89806,0.11737,-0.12267,-3.8291,2.5877,2.554,0,0,0,1.9524,1.9831,2.0069,1.9754,1.1549,-11.585,2.7036,37.179,-1.797,-24.078,13.196
19.84,2.3923,-1.7785,0.8446,-0.095137,-0.14686,0,0.98457,-1.2545,2.3755,-0.84483,0.89499,0.14008,-0.11996,-3.8157,2.4718,2.5798,0,0,0,1.9527,1.9834,2.006,1.9746,1.5261,-11.6,2.4628,37.046,-1.2618,-24.075,13.194
19.85,2.3795,-1.7547,0.83628,-0.09065,-0.14617,0,0.9851,-1.2925,2.3997,-0.81891,0.89201,0.16277,-0.11738,-3.7985,2.3558,2.6033,0,0,0,1.9527,1.9833,2.0047,1.9735,1.8957,-11.61,2.2222,36.871,-0.72782,-24.048,13.19
19.86,2.3664,-1.7305,0.82822,-0.086178,-0.14536,0,0.98562,-1.3304,2.4227,-0.79278,0.88913,0.18542,-0.11492,-3.7778,2.2396,2.6243,0,0,0,1.9523,1.9829,2.0032,1.972,2.2633,-11.615,1.9819,36.654,-0.1954,-23.999,13.184
19.87,2.3529,-1.7062,0.82042,-0.081719,-0.14444,0,0.98613,-1.3681,2.4445,-0.76644,0.88633,0.20805,-0.11258,-3.7533,2.1235,2.6429,0,0,0,1.9516,1.9821,2.0013,1.9701,2.6286,-11.614,1.7423,36.396,0.33534,-23.927,13.175
19.88,2.339,-1.6817,0.81289,-0.077275,-0.1434,0,0.98664,-1.4055,2.4651,-0.73992,0.88362,0.23064,-0.11036,-3.7252,2.0074,2.6591,0,0,0,1.9506,1.981,1.999,1.968,2.9911,-11.608,1.5034,36.099,0.8642,-23.834,13.164
19.89,2.3248,-1.6569,0.80563,-0.072843,-0.14225,0,0.98715,-1.4426,2.4846,-0.71326,0.88099,0.25321,-0.10827,-3.6935,1.8913,2.673,0,0,0,1.9493,1.9796,1.9965,1.9655,3.3505,-11.597,1.2657,35.763,1.391,-23.719,13.151
19.9,2.3102,-1.632,0.79863,-0.068424,-0.14098,0,0.98764,-1.4793,2.503,-0.68647,0.87843,0.27573,-0.10629,-3.6582,1.7755,2.6845,0,0,0,1.9476,1.9778,1.9936,1.9627,3.7063,-11.58,1.0291,35.389,1.9157,-23.583,13.136
19.91,2.2952,-1.6069,0.7919,-0.064017,-0.1396,0,0.98814,-1.5157,2.5201,-0.65958,0.87595,0.29823,-0.10443,-3.6194,1.6598,2.6936,0,0,0,1.9456,1.9758,1.9905,1.9596,4.0581,-11.558,0.79406,34.977,2.4379,-23.427,13.119
19.92,2.2799,-1.5816,0.78543,-0.059622,-0.1381,0,0.98862,-1.5517,2.5361,-0.63261,0.87353,0.32068,-0.10268,-3.577,1.5443,2.7003,0,0,0,1.9433,1.9734,1.987,1.9562,4.4057,-11.531,0.56067,34.53,2.9575,-23.25,13.1
19.93,2.2642,-1.5561,0.77924,-0.055239,-0.13649,0,0.9891,-1.5873,2.551,-0.60558,0.87116,0.34309,-0.10105,-3.5313,1.4291,2.7048,0,0,0,1.9406,1.9707,1.9832,1.9526,4.7486,-11.499,0.32913,34.048,3.4745,-23.054,13.079
19.94,2.2481,-1.5306,0.77332,-0.050868,-0.13476,0,0.98957,-1.6223,2.5647,-0.57852,0.86884,0.36546,-0.099536,-3.4821,1.3143,2.7069,0,0,0,1.9377,1.9677,1.9792,1.9486,5.0865,-11.462,0.099649,33.531,3.9885,-22.839,13.055
19.95,2.2317,-1.5048,0.76767,-0.046507,-0.13292,0,0.99003,-1.6569,2.5773,-0.55145,0.86655,0.38778,-0.098129,-3.4296,1.1999,2.7068,0,0,0,1.9345,1.9644,1.9748,1.9444,5.4191,-11.419,-0.12758,32.981,4.4994,-22.605,13.03
19.96,2.215,-1.479,0.76229,-0.042158,-0.13097,0,0.99049,-1.6909,2.5887,-0.52439,0.86429,0.41004,-0.096832,-3.3737,1.086,2.7044,0,0,0,1.931,1.9608,1.9703,1.9399,5.746,-11.372,-0.35239,32.398,5.0071,-22.353,13.003
19.97,2.1979,-1.4531,0.75719,-0.03782,-0.1289,0,0.99094,-1.7244,2.599,-0.49737,0.86205,0.43224,-0.095641,-3.3147,0.9725,2.6998,0,0,0,1.9273,1.957,1.9654,1.9351,6.067,-11.319,-0.57458,31.784,5.5113,-22.083,12.975
19.98,2.1805,-1.427,0.75235,-0.033492,-0.12672,0,0.99137,-1.7572,2.6082,-0.47041,0.85981,0.45437,-0.094556,-3.2524,0.85959,2.6929,0,0,0,1.9233,1.9529,1.9603,1.9301,6.3816,-11.262,-0.79399,31.14,6.012,-21.796,12.944
19.99,2.1628,-1.4009,0.74778,-0.029176,-0.12443,0,0.9918,-1.7894,2.6162,-0.44352,0.85755,0.47643,-0.093574,-3.187,0.74728,2.6839,0,0,0,1.919,1.9485,1.955,1.9249,6.6897,-11.199,-1.0104,30.465,6.5088,-21.492,12.912
20,2.1447,-1.3747,0.74348,-0.024871,-0.12203,0,0.99222,-1.8209,2.6231,-0.41673,0.85528,0.4984,-0.092693,-3.1186,0.63562,2.6727,0,0,0,1.9145,1.9439,1.9494,1.9195,6.9908,-11.132,-1.2238,29.762,7.0017,-21.172,12.879
20.01,2.1264,-1.3485,0.73944,-0.020577,-0.11951,0,0.99262,-1.8518,2.6289,-0.39007,0.85297,0.52026,-0.091911,-3.0473,0.52467,2.6594,0,0,0,1.9098,1.939,1.9436,1.9138,7.2848,-11.059,-1.4338,29.032,7.4904,-20.836,12.844
20.02,2.1077,-1.3221,0.73567,-0.016294,-0.11688,0,0.99301,-1.8819,2.6336,-0.36355,0.85061,0.54202,-0.091225,-2.973,0.41446,2.644,0,0,0,1.9049,1.9339,1.9376,1.908,7.5714,-10.982,-1.6404,28.274,7.9748,-20.484,12.807
20.03,2.0887,-1.2958,0.73217,-0.012024,-0.11414,0,0.99339,-1.9112,2.6372,-0.3372,0.84817,0.56366,-0.090634,-2.8958,0.30505,2.6266,0,0,0,1.8998,1.9286,1.9314,1.902,7.8502,-10.9,-1.8435,27.49,8.4548,-20.118,12.77
20.04,2.0695,-1.2694,0.72893,-0.0077653,-0.11129,0,0.99376,-1.9398,2.6397,-0.31103,0.84566,0.58515,-0.090135,-2.816,0.19648,2.6072,0,0,0,1.8945,1.9231,1.9251,1.8958,8.1211,-10.813,-2.0427,26.682,8.9301,-19.736,12.731
20.05,2.0499,-1.243,0.72595,-0.0035197,-0.10833,0,0.99411,-1.9675,2.6412,-0.28506,0.84305,0.60649,-0.089725,-2.7335,0.088809,2.5858,0,0,0,1.889,1.9173,1.9185,1.8895,8.3838,-10.721,-2.2381,25.849,9.4005,-19.341,12.691
20.06,2.0301,-1.2166,0.72323,0.00071244,-0.10527,0,0.99444,-1.9944,2.6415,-0.25932,0.84031,0.62766,-0.089401,-2.6483,-0.017924,2.5624,0,0,0,1.8833,1.9114,1.9118,1.883,8.638,-10.625,-2.4295,24.993,9.866,-18.933,12.649
20.07,2.0101,-1.1902,0.72076,0.0049305,-0.10209,0,0.99476,-2.0205,2.6408,-0.23382,0.83744,0.64863,-0.089162,-2.5607,-0.12367,2.5372,0,0,0,1.8776,1.9054,1.905,1.8764,8.8835,-10.524,-2.6168,24.114,10.326,-18.511,12.607
20.08,1.9897,-1.1638,0.71855,0.0091338,-0.098811,0,0.99506,-2.0456,2.639,-0.20858,0.83442,0.66939,-0.089004,-2.4707,-0.22838,2.5101,0,0,0,1.8716,1.8991,1.898,1.8697,9.1202,-10.418,-2.7997,23.215,10.781,-18.076,12.564
20.09,1.9691,-1.1374,0.71659,0.013321,-0.095424,0,0.99535,-2.0699,2.6362,-0.18362,0.83123,0.68992,-0.088923,-2.3784,-0.33202,2.4812,0,0,0,1.8656,1.8927,1.8909,1.8629,9.3478,-10.308,-2.9782,22.294,11.23,-17.629,12.52
20.1,1.9483,-1.111,0.71488,0.017492,-0.091932,0,0.99561,-2.0932,2.6324,-0.15896,0.82785,0.71019,-0.088919,-2.2838,-0.43453,2.4506,0,0,0,1.8594,1.8862,1.8837,1.856,9.566,-10.194,-3.1522,21.355,11.674,-17.171,12.476
20.11,1.9273,-1.0847,0.71341,0.021645,-0.088338,0,0.99586,-2.1156,2.6276,-0.13462,0.82425,0.73017,-0.088986,-2.1871,-0.53588,2.4182,0,0,0,1.8532,1.8795,1.8764,1.8491,9.7748,-10.075,-3.3216,20.396,12.112,-16.701,12.43
20.12,1.906,-1.0585,0.71218,0.025778,-0.084642,0,0.99608,-2.1369,2.6217,-0.1106,0.82043,0.74984,-0.089122,-2.0883,-0.63601,2.3842,0,0,0,1.8469,1.8728,1.869,1.8421,9.9739,-9.9514,-3.4862,19.42,12.544,-16.221,12.385
20.13,1.8846,-1.0323,0.7112,0.029892,-0.080847,0,0.99628,-2.1573,2.6148,-0.086939,0.81636,0.76918,-0.089324,-1.9876,-0.73489,2.3485,0,0,0,1.8405,1.8659,1.8616,1.8351,10.163,-9.8238,-3.646,18.428,12.969,-15.73,12.338
20.14,1.8629,-1.0062,0.71044,0.033983,-0.076953,0,0.99646,-2.1767,2.607,-0.063639,0.81202,0.78814,-0.089588,-1.8851,-0.83247,2.3112,0,0,0,1.8341,1.8589,1.8541,1.828,10.342,-9.692,-3.8008,17.419,13.388,-15.229,12.292
20.15,1.841,-0.98018,0.70992,0.038052,-0.072963,0,0.99661,-2.195,2.5982,-0.040719,0.80739,0.80671,-0.089911,-1.7808,-0.92872,2.2725,0,0,0,1.8276,1.8519,1.8465,1.821,10.511,-9.5561,-3.9505,16.396,13.801,-14.719,12.245
20.16,1.819,-0.95425,0.70963,0.042095,-0.06888,0,0.99674,-2.2123,2.5884,-0.018194,0.80245,0.82484,-0.090289,-1.6749,-1.0236,2.2323,0,0,0,1.8211,1.8447,1.8389,1.8139,10.67,-9.416,-4.0951,15.358,14.206,-14.199,12.198
20.17,1.7968,-0.92842,0.70956,0.046112,-0.064705,0,0.99684,-2.2285,2.5777,0.0039217,0.79719,0.84252,-0.090719,-1.5674,-1.117,2.1906,0,0,0,1.8146,1.8376,1.8313,1.8069,10.819,-9.272,-4.2345,14.307,14.605,-13.672,12.151
20.18,1.7744,-0.9027,0.7097,0.0501,-0.06044,0,0.99691,-2.2436,2.5661,0.025614,0.79159,0.85969,-0.091195,-1.4585,-1.209,2.1476,0,0,0,1.8081,1.8303,1.8237,1.7999,10.956,-9.124,-4.3685,13.245,14.997,-13.136,12.103
20.19,1.7519,-0.8771,0.71007,0.054057,-0.05609,0,0.99696,-2.2577,2.5535,0.046869,0.78562,0.87633,-0.091716,-1.3483,-1.2995,2.1033,0,0,0,1.8016,1.8231,1.8161,1.793,11.083,-8.9721,-4.4972,12.171,15.381,-12.592,12.056
20.2,1.7293,-0.85163,0.71064,0.057983,-0.051655,0,0.99698,-2.2706,2.5401,0.067675,0.77927,0.8924,-0.092276,-1.2369,-1.3884,2.0577,0,0,0,1.7951,1.8158,1.8085,1.7861,11.2,-8.8164,-4.6204,11.086,15.758,-12.042,12.009
20.21,1.7065,-0.8263,0.71142,0.061874,-0.04714,0,0.99697,-2.2824,2.5258,0.088018,0.77253,0.90786,-0.092871,-1.1244,-1.4758,2.0109,0,0,0,1.7887,1.8085,1.8009,1.7793,11.305,-8.6569,-4.738,9.9924,16.128,-11.484,11.962
20.22,1.6836,-0.80112,0.7124,0.065728,-0.042548,0,0.99693,-2.2931,2.5106,0.10789,0.76537,0.92268,-0.093497,-1.0108,-1.5616,1.9629,0,0,0,1.7823,1.8012,1.7933,1.7726,11.4,-8.4938,-4.85,8.8902,16.489,-10.921,11.916
20.23,1.6606,-0.77609,0.71358,0.069543,-0.037881,0,0.99686,-2.3026,2.4946,0.12727,0.75778,0.93683,-0.094151,-0.89643,-1.6457,1.9139,0,0,0,1.7759,1.7939,1.7859,1.766,11.483,-8.3272,-4.9564,7.7804,16.843,-10.352,11.869
20.24,1.6376,-0.75123,0.71494,0.073317,-0.033145,0,0.99676,-2.311,2.4777,0.14616,0.74974,0.95025,-0.094826,-0.78123,-1.7281,1.8638,0,0,0,1.7696,1.7866,1.7784,1.7595,11.555,-8.157,-5.0571,6.664,17.188,-9.7772,11.823
20.25,1.6144,-0.72654,0.7165,0.077047,-0.028341,0,0.99662,-2.3182,2.46,0.16455,0.74125,0.96292,-0.09552,-0.66536,-1.8088,1.8128,0,0,0,1.7634,1.7793,1.7711,1.7531,11.616,-7.9834,-5.1519,5.5418,17.525,-9.1979,11.778
20.26,1.5912,-0.70203,0.71823,0.08073,-0.023476,0,0.99646,-2.3243,2.4415,0.18241,0.73229,0.97479,-0.096227,-0.54894,-1.8878,1.7608,0,0,0,1.7573,1.7721,1.7638,1.7468,11.666,-7.8065,-5.241,4.4149,17.854,-8.6142,11.733
20.27,1.5679,-0.67771,0.72014,0.084365,-0.018552,0,0.99626,-2.3292,2.4223,0.19976,0.72286,0.98584,-0.096943,-0.43208,-1.9649,1.708,0,0,0,1.7513,1.7649,1.7566,1.7406,11.704,-7.6264,-5.3242,3.284,18.174,-8.0266,11.689
20.28,1.5446,-0.65359,0.72223,0.087949,-0.013574,0,0.99603,-2.3329,2.4022,0.21657,0.71293,0.99602,-0.097664,-0.31489,-2.0403,1.6543,0,0,0,1.7454,1.7577,1.7495,1.7346,11.732,-7.4431,-5.4015,2.1503,18.485,-7.4355,11.645
20.29,1.5213,-0.62967,0.72447,0.091479,-0.0085466,0,0.99577,-2.3355,2.3815,0.23284,0.7025,1.0053,-0.098384,-0.19748,-2.1138,1.5999,0,0,0,1.7395,1.7506,1.7425,1.7288,11.747,-7.2567,-5.4729,1.0145,18.787,-6.8414,11.602
20.3,1.4979,-0.60596,0.72688,0.094952,-0.0034749,0,0.99548,-2.3369,2.36,0.24857,0.69157,1.0136,-0.099099,-0.079977,-2.1854,1.5449,0,0,0,1.7338,1.7436,1.7356,1.7231,11.752,-7.0674,-5.5383,-0.1224,19.08,-6.2449,11.56
20.31,1.4746,-0.58247,0.72944,0.098366,0.0016364,0,0.99515,-2.3371,2.3378,0.26374,0.68013,1.021,-0.099805,0.037517,-2.2551,1.4892,0,0,0,1.7282,1.7366,1.7289,1.7176,11.745,-6.8752,-5.5978,-1.2594,19.363,-5.6462,11.519
20.32,1.4512,-0.55921,0.73215,0.10172,0.0067823,0,0.99479,-2.3361,2.3149,0.27835,0.66818,1.0274,-0.1005,0.15489,-2.3229,1.433,0,0,0,1.7227,1.7298,1.7222,1.7122,11.727,-6.6801,-5.6513,-2.3956,19.637,-5.046,11.478
20.33,1.4278,-0.53618,0.73501,0.105,0.011957,0,0.9944,-2.334,2.2913,0.2924,0.65571,1.0328,-0.10117,0.27201,-2.3887,1.3762,0,0,0,1.7173,1.723,1.7157,1.707,11.697,-6.4824,-5.6987,-3.5301,19.901,-4.4446,11.438
20.34,1.4045,-0.51338,0.738,0.10822,0.017156,0,0.99398,-2.3307,2.2671,0.30587,0.64273,1.0371,-0.10182,0.38879,-2.4525,1.319,0,0,0,1.7121,1.7162,1.7093,1.702,11.656,-6.2822,-5.7401,-4.6619,20.156,-3.8425,11.399
20.35,1.3812,-0.49084,0.74112,0.11138,0.022374,0,0.99353,-2.3262,2.2423,0.31877,0.62923,1.0403,-0.10244,0.5051,-2.5143,1.2614,0,0,0,1.707,1.7096,1.7031,1.6971,11.604,-6.0794,-5.7756,-5.7902,20.4,-3.2402,11.361
20.36,1.358,-0.46854,0.74437,0.11445,0.027604,0,0.99305,-2.3206,2.2168,0.3311,0.61523,1.0424,-0.10304,0.62083,-2.5741,1.2035,0,0,0,1.702,1.7031,1.697,1.6924,11.54,-5.8742,-5.8049,-6.9139,20.634,-2.6382,11.324
20.37,1.3348,-0.4465,0.74774,0.11746,0.032841,0,0.99253,-2.3138,2.1908,0.34284,0.60073,1.0434,-0.10359,0.73587,-2.6318,1.1453,0,0,0,1.6971,1.6967,1.691,1.6879,11.466,-5.6667,-5.8283,-8.0322,20.858,-2.0368,11.288
20.38,1.3117,-0.42473,0.75123,0.12038,0.038079,0,0.992,-2.3059,2.1642,0.35401,0.58572,1.0432,-0.10411,0.85011,-2.6874,1.087,0,0,0,1.6924,1.6904,1.6852,1.6835,11.38,-5.4571,-5.8457,-9.144,21.072,-1.4367,11.252
20.39,1.2887,-0.40322,0.75482,0.12323,0.043313,0,0.99143,-2.2968,2.137,0.36458,0.57023,1.0419,-0.10458,0.96343,-2.7409,1.0284,0,0,0,1.6878,1.6842,1.6795,1.6793,11.283,-5.2453,-5.8571,-10.249,21.274,-0.83812,11.218
20.4,1.2658,-0.38199,0.75852,0.12599,0.048536,0,0.99084,-2.2866,2.1094,0.37457,0.55425,1.0394,-0.10501,1.0757,-2.7923,0.96984,0,0,0,1.6833,1.6781,1.6739,1.6753,11.175,-5.0316,-5.8625,-11.345,21.466,-0.24166,11.184
20.41,1.243,-0.36103,0.76231,0.12867,0.053742,0,0.99023,-2.2753,2.0812,0.38398,0.53781,1.0357,-0.10538,1.1869,-2.8416,0.91121,0,0,0,1.6789,1.6721,1.6685,1.6714,11.056,-4.816,-5.8619,-12.432,21.647,0.35225,11.151
20.42,1.2203,-0.34037,0.7662,0.13126,0.058925,0,0.9896,-2.2629,2.0525,0.3928,0.52092,1.0308,-0.1057,1.2968,-2.8886,0.85262,0,0,0,1.6747,1.6662,1.6633,1.6676,10.926,-4.5987,-5.8554,-13.509,21.816,0.94316,11.12
20.43,1.1977,-0.31999,0.77017,0.13376,0.064079,0,0.98894,-2.2494,2.0234,0.40103,0.50358,1.0247,-0.10597,1.4054,-2.9335,0.79412,0,0,0,1.6705,1.6604,1.6581,1.6641,10.786,-4.3798,-5.8431,-14.575,21.974,1.5306,11.089
20.44,1.1753,-0.2999,0.77421,0.13617,0.069198,0,0.98827,-2.2348,1.9939,0.40868,0.48581,1.0174,-0.10617,1.5125,-2.9762,0.73578,0,0,0,1.6665,1.6547,1.6532,1.6606,10.635,-4.1593,-5.8248,-15.629,22.121,2.1141,11.058
20.45,1.153,-0.28011,0.77834,0.13848,0.074277,0,0.98758,-2.2191,1.9639,0.41575,0.46764,1.009,-0.10631,1.618,-3.0167,0.67765,0,0,0,1.6626,1.6492,1.6483,1.6573,10.473,-3.9374,-5.8008,-16.67,22.256,2.6932,11.029
20.46,1.1309,-0.26062,0.78253,0.14071,0.079308,0,0.98687,-2.2024,1.9336,0.42223,0.44907,0.99927,-0.10638,1.7219,-3.055,0.61978,0,0,0,1.6588,1.6437,1.6436,1.6541,10.301,-3.7142,-5.771,-17.697,22.379,3.2675,11
20.47,1.109,-0.24144,0.78678,0.14283,0.084286,0,0.98615,-2.1847,1.9028,0.42814,0.43013,0.98838,-0.10639,1.824,-3.091,0.56224,0,0,0,1.655,1.6384,1.639,1.6511,10.119,-3.4899,-5.7355,-18.709,22.489,3.8364,10.972
20.48,1.0872,-0.22257,0.79109,0.14486,0.089205,0,0.98542,-2.166,1.8717,0.43348,0.41082,0.97632,-0.10633,1.9243,-3.1248,0.50509,0,0,0,1.6514,1.6331,1.6345,1.6481,9.9273,-3.2645,-5.6943,-19.706,22.588,4.3996,10.945
20.49,1.0657,-0.20401,0.79545,0.14678,0.094059,0,0.98469,-2.1462,1.8403,0.43825,0.39118,0.96307,-0.1062,2.0225,-3.1563,0.44838,0,0,0,1.6478,1.628,1.6301,1.6453,9.7253,-3.0381,-5.6475,-20.686,22.674,4.9565,10.919
20.5,1.0443,-0.18576,0.79985,0.14861,0.098842,0,0.98394,-2.1255,1.8086,0.44245,0.37122,0.94866,-0.10599,2.1187,-3.1855,0.39216,0,0,0,1.6444,1.6229,1.6258,1.6425,9.5136,-2.811,-5.5952,-21.648,22.748,5.5067,10.893
20.51,1.0232,-0.16783,0.80429,0.15033,0.10355,0,0.9832,-2.1039,1.7766,0.44609,0.35097,0.93309,-0.10571,2.2128,-3.2125,0.33649,0,0,0,1.641,1.618,1.6217,1.6398,9.2924,-2.5832,-5.5374,-22.592,22.809,6.0498,10.867
20.52,1.0022,-0.15023,0.80877,0.15195,0.10817,0,0.98245,-2.0813,1.7444,0.44918,0.33043,0.91639,-0.10535,2.3046,-3.2372,0.28143,0,0,0,1.6376,1.6131,1.6176,1.6372,9.0618,-2.3549,-5.4742,-23.516,22.857,6.5852,10.842
20.53,0.98154,-0.13295,0.81328,0.15346,0.11271,0,0.98171,-2.0578,1.7119,0.45172,0.30963,0.89856,-0.10492,2.394,-3.2596,0.22703,0,0,0,1.6343,1.6083,1.6136,1.6346,8.8221,-2.1261,-5.4057,-24.42,22.893,7.1126,10.818
20.54,0.96108,-0.11599,0.8178,0.15487,0.11715,0,0.98096,-2.0334,1.6792,0.45372,0.28859,0.87964,-0.10441,2.481,-3.2797,0.17333,0,0,0,1.6311,1.6036,1.6096,1.6321,8.5735,-1.8971,-5.332,-25.303,22.914,7.6314,10.794
20.55,0.94087,-0.099364,0.82235,0.15617,0.1215,0,0.98023,-2.0082,1.6463,0.45519,0.26733,0.85964,-0.10382,2.5654,-3.2975,0.1204,0,0,0,1.6278,1.5989,1.6058,1.6297,8.3161,-1.6679,-5.2531,-26.163,22.923,8.1413,10.77
20.56,0.92092,-0.083066,0.82691,0.15737,0.12574,0,0.9795,-1.9821,1.6133,0.45614,0.24587,0.83857,-0.10316,2.6473,-3.3131,0.068289,0,0,0,1.6247,1.5943,1.602,1.6273,8.0503,-1.4386,-5.1692,-27,22.918,8.6416,10.747
20.57,0.90123,-0.067099,0.83147,0.15845,0.12987,0,0.97879,-1.9552,1.5801,0.45656,0.22423,0.81647,-0.10242,2.7264,-3.3263,0.017038,0,0,0,1.6215,1.5898,1.5982,1.6249,7.7762,-1.2095,-5.0803,-27.813,22.899,9.132,10.724
20.58,0.88182,-0.051465,0.83604,0.15943,0.13389,0,0.97809,-1.9276,1.5467,0.45648,0.20242,0.79335,-0.10161,2.8028,-3.3373,-0.0333,0,0,0,1.6184,1.5853,1.5945,1.6225,7.4941,-0.98071,-4.9866,-28.601,22.866,9.6121,10.701
20.59,0.86269,-0.036165,0.8406,0.16029,0.13779,0,0.9774,-1.8992,1.5133,0.4559,0.18046,0.76925,-0.10071,2.8763,-3.3459,-0.082678,0,0,0,1.6152,1.5808,1.5908,1.6201,7.2043,-0.75227,-4.8881,-29.363,22.819,10.081,10.678
20.6,0.84384,-0.021199,0.84515,0.16105,0.14157,0,0.97674,-1.8701,1.4798,0.45483,0.15838,0.74417,-0.099748,2.9468,-3.3523,-0.13105,0,0,0,1.6121,1.5764,1.5871,1.6177,6.9069,-0.52437,-4.785,-30.098,22.758,10.539,10.655
20.61,0.82529,-0.0065682,0.84969,0.1617,0.14522,0,0.9761,-1.8403,1.4463,0.45328,0.13619,0.71816,-0.098708,3.0144,-3.3564,-0.17836,0,0,0,1.609,1.572,1.5834,1.6152,6.6024,-0.29715,-4.6773,-30.806,22.683,10.985,10.633
20.62,0.80704,0.0077267,0.85422,0.16224,0.14874,0,0.97548,-1.8098,1.4127,0.45127,0.1139,0.69123,-0.097596,3.0789,-3.3583,-0.22458,0,0,0,1.6058,1.5676,1.5798,1.6128,6.2909,-0.070764,-4.5653,-31.484,22.593,11.419,10.61
20.63,0.78909,0.021686,0.85872,0.16267,0.15212,0,0.97488,-1.7787,1.3791,0.44879,0.091524,0.66341,-0.096412,3.1402,-3.3578,-0.26965,0,0,0,1.6026,1.5633,1.5761,1.6103,5.9728,0.15465,-4.449,-32.133,22.488,11.84,10.587
20.64,0.77146,0.035309,0.86319,0.16298,0.15536,0,0.97432,-1.747,1.3456,0.44588,0.069088,0.63472,-0.095158,3.1983,-3.3552,-0.31355,0,0,0,1.5994,1.5589,1.5725,1.6078,5.6484,0.37895,-4.3286,-32.751,22.368,12.248,10.564
20.65,0.75415,0.048597,0.86763,0.16319,0.15846,0,0.97379,-1.7147,1.312,0.44253,0.046601,0.60519,-0.093837,3.2531,-3.3503,-0.35621,0,0,0,1.5962,1.5546,1.5688,1.6052,5.3179,0.60197,-4.2041,-33.337,22.234,12.643,10.541
20.66,0.73717,0.06155,0.87204,0.16329,0.16141,0,0.97329,-1.6819,1.2786,0.43876,0.024077,0.57484,-0.092449,3.3046,-3.3431,-0.39761,0,0,0,1.5929,1.5503,1.565,1.6025,4.9817,0.82357,-4.0757,-33.891,22.083,13.023,10.518
20.67,0.72052,0.074169,0.87641,0.16328,0.1642,0,0.97282,-1.6487,1.2452,0.43458,0.0015299,0.54371,-0.090997,3.3527,-3.3338,-0.43771,0,0,0,1.5896,1.5459,1.5613,1.5998,4.6402,1.0436,-3.9437,-34.411,21.918,13.389,10.494
20.68,0.7042,0.086454,0.88073,0.16315,0.16684,0,0.97239,-1.6149,1.2119,0.43001,-0.021028,0.51181,-0.089483,3.3974,-3.3223,-0.47648,0,0,0,1.5862,1.5415,1.5575,1.597,4.2936,1.2619,-3.808,-34.897,21.737,13.74,10.47
20.69,0.68822,0.098407,0.88501,0.16292,0.16933,0,0.972,-1.5807,1.1787,0.42505,-0.043583,0.47917,-0.087909,3.4386,-3.3086,-0.51386,0,0,0,1.5828,1.5371,1.5537,1.5942,3.9424,1.4783,-3.6689,-35.348,21.54,14.075,10.446
20.7,0.67259,0.11003,0.88923,0.16258,0.17164,0,0.97165,-1.5461,1.1457,0.41973,-0.066123,0.44582,-0.086277,3.4762,-3.2927,-0.54984,0,0,0,1.5793,1.5327,1.5498,1.5912,3.5868,1.6926,-3.5266,-35.762,21.327,14.394,10.422
20.71,0.6573,0.12132,0.8934,0.16213,0.1738,0,0.97134,-1.5112,1.1129,0.41406,-0.088637,0.41178,-0.084591,3.5103,-3.2747,-0.58438,0,0,0,1.5758,1.5283,1.5458,1.5882,3.2272,1.9048,-3.3811,-36.14,21.099,14.697,10.397
20.72,0.64236,0.13229,0.89751,0.16157,0.17578,0,0.97108,-1.4759,1.0802,0.40805,-0.11111,0.37707,-0.082852,3.5408,-3.2546,-0.61746,0,0,0,1.5722,1.5238,1.5418,1.5851,2.8641,2.1145,-3.2327,-36.479,20.853,14.984,10.372
20.73,0.62778,0.14293,0.90156,0.16091,0.17759,0,0.97086,-1.4404,1.0478,0.40172,-0.13353,0.34173,-0.081064,3.5676,-3.2324,-0.64903,0,0,0,1.5685,1.5194,1.5378,1.5819,2.4978,2.3218,-3.0815,-36.779,20.592,15.252,10.346
20.74,0.61356,0.15324,0.90554,0.16013,0.17923,0,0.97069,-1.4046,1.0156,0.39508,-0.15589,0.30578,-0.079229,3.5907,-3.2082,-0.67908,0,0,0,1.5648,1.5148,1.5336,1.5785,2.1287,2.5263,-2.9277,-37.039,20.314,15.503,10.32
20.75,0.59969,0.16324,0.90946,0.15925,0.18068,0,0.97056,-1.3686,0.98364,0.38814,-0.17818,0.26925,-0.07735,3.6102,-3.1819,-0.70757,0,0,0,1.561,1.5103,1.5295,1.5751,1.7572,2.728,-2.7715,-37.258,20.019,15.736,10.293
20.76,0.58618,0.17292,0.91331,0.15826,0.18196,0,0.97049,-1.3324,0.95196,0.38093,-0.20037,0.23217,-0.07543,3.6259,-3.1536,-0.7345,0,0,0,1.5572,1.5057,1.5252,1.5716,1.3837,2.9266,-2.613,-37.435,19.707,15.951,10.266
20.77,0.57304,0.18228,0.91708,0.15717,0.18306,0,0.97046,-1.2961,0.92058,0.37346,-0.22246,0.19456,-0.073472,3.6378,-3.1234,-0.75983,0,0,0,1.5532,1.5011,1.5209,1.568,1.0086,3.1221,-2.4525,-37.569,19.378,16.146,10.239
20.78,0.56026,0.19133,0.92077,0.15597,0.18397,0,0.97048,-1.2597,0.8895,0.36574,-0.24443,0.15645,-0.071479,3.646,-3.0912,-0.78354,0,0,0,1.5492,1.4965,1.5165,1.5643,0.63242,3.3142,-2.2902,-37.66,19.032,16.321,10.211
20.79,0.54785,0.20007,0.92439,0.15467,0.18469,0,0.97055,-1.2232,0.85876,0.35779,-0.26627,0.11789,-0.069455,3.6505,-3.0571,-0.80563,0,0,0,1.5452,1.4919,1.5121,1.5605,0.25555,3.5027,-2.1262,-37.706,18.668,16.476,10.183
20.8,0.5358,0.20851,0.92793,0.15326,0.18522,0,0.97067,-1.1867,0.82837,0.34963,-0.28796,0.078898,-0.067402,3.6511,-3.0212,-0.82606,0,0,0,1.5411,1.4873,1.5076,1.5566,-0.12155,3.6875,-1.9607,-37.707,18.287,16.611,10.154
20.81,0.52412,0.21664,0.93138,0.15175,0.18555,0,0.97085,-1.1502,0.79834,0.34128,-0.30947,0.039516,-0.065325,3.648,-2.9834,-0.84484,0,0,0,1.5369,1.4826,1.5031,1.5526,-0.49843,3.8684,-1.794,-37.66,17.888,16.725,10.125
20.82,0.5128,0.22447,0.93475,0.15013,0.1857,0,0.97107,-1.1137,0.7687,0.33274,-0.33081,-0.0002182,-0.063226,3.6412,-2.9438,-0.86194,0,0,0,1.5327,1.478,1.4986,1.5485,-0.8746,4.0452,-1.6263,-37.567,17.471,16.817,10.096
20.83,0.50184,0.23202,0.93804,0.14842,0.18565,0,0.97134,-1.0774,0.73947,0.32404,-0.35193,-0.040262,-0.06111,3.6306,-2.9025,-0.87736,0,0,0,1.5284,1.4733,1.494,1.5443,-1.2496,4.2177,-1.4578,-37.425,17.036,16.888,10.067
20.84,0.49125,0.23927,0.94123,0.1466,0.1854,0,0.97167,-1.0411,0.71066,0.3152,-0.37282,-0.080571,-0.058979,3.6162,-2.8595,-0.89109,0,0,0,1.5241,1.4687,1.4894,1.54,-1.6229,4.3858,-1.2886,-37.234,16.582,16.936,10.037
20.85,0.48102,0.24623,0.94434,0.14469,0.18495,0,0.97204,-1.0051,0.68229,0.30623,-0.39345,-0.1211,-0.056837,3.5981,-2.8148,-0.90313,0,0,0,1.5197,1.4641,1.4847,1.5357,-1.9941,4.5493,-1.1191,-36.992,16.111,16.961,10.007
20.86,0.47115,0.25291,0.94736,0.14267,0.1843,0,0.97246,-0.96918,0.65437,0.29714,-0.41381,-0.16179,-0.054689,3.5763,-2.7685,-0.91347,0,0,0,1.5153,1.4596,1.4801,1.5313,-2.3626,4.708,-0.94947,-36.699,15.62,16.963,9.9771
20.87,0.46163,0.25932,0.95028,0.14056,0.18345,0,0.97293,-0.93354,0.62692,0.28796,-0.43385,-0.20259,-0.052537,3.5509,-2.7207,-0.92212,0,0,0,1.5109,1.4551,1.4755,1.5268,-2.7279,4.8616,-0.77993,-36.354,15.111,16.941,9.9471
20.88,0.45247,0.26545,0.95312,0.13836,0.1824,0,0.97344,-0.89817,0.59996,0.27871,-0.45355,-0.24343,-0.050387,3.5218,-2.6713,-0.92907,0,0,0,1.5064,1.4507,1.4709,1.5223,-3.0895,5.0101,-0.61073,-35.956,14.582,16.895,9.9171
20.89,0.44367,0.27132,0.95586,0.13606,0.18115,0,0.974,-0.86312,0.5735,0.26939,-0.47287,-0.28426,-0.04824,3.4891,-2.6205,-0.93434,0,0,0,1.502,1.4463,1.4663,1.5177,-3.4468,5.1532,-0.44211,-35.503,14.035,16.824,9.8872
20.9,0.43521,0.27692,0.9585,0.13366,0.1797,0,0.9746,-0.8284,0.54756,0.26002,-0.49178,-0.325,-0.046103,3.4528,-2.5683,-0.93792,0,0,0,1.4975,1.4421,1.4618,1.5131,-3.7994,5.2907,-0.27433,-34.996,13.468,16.728,9.8576
20.91,0.4271,0.28227,0.96106,0.13118,0.17805,0,0.97524,-0.79407,0.52214,0.25063,-0.51023,-0.36558,-0.043978,3.4131,-2.5147,-0.93983,0,0,0,1.4931,1.4379,1.4574,1.5085,-4.1466,5.4225,-0.10764,-34.433,12.881,16.606,9.8282
20.92,0.41933,0.28737,0.96352,0.12861,0.17619,0,0.97592,-0.76015,0.49727,0.24123,-0.5282,-0.40592,-0.041869,3.3699,-2.4598,-0.94008,0,0,0,1.4886,1.434,1.4531,1.5038,-4.4879,5.5483,0.057709,-33.812,12.275,16.459,9.7991
20.93,0.41189,0.29222,0.96588,0.12595,0.17414,0,0.97663,-0.72668,0.47295,0.23184,-0.54562,-0.44592,-0.039781,3.3234,-2.4037,-0.93868,0,0,0,1.4842,1.4301,1.4488,1.4991,-4.8226,5.6679,0.22145,-33.134,11.648,16.284,9.7705
20.94,0.40479,0.29683,0.96815,0.12321,0.17189,0,0.97738,-0.6937,0.4492,0.22246,-0.56247,-0.48549,-0.037717,3.2735,-2.3465,-0.93565,0,0,0,1.4798,1.4264,1.4447,1.4945,-5.1503,5.7812,0.3833,-32.397,11.002,16.083,9.7425
20.95,0.39802,0.30121,0.97033,0.12039,0.16944,0,0.97816,-0.66123,0.42602,0.21313,-0.57868,-0.52455,-0.035681,3.2204,-2.2881,-0.93102,0,0,0,1.4755,1.4229,1.4408,1.4898,-5.4704,5.8879,0.54301,-31.6,10.335,15.854,9.7151
20.96,0.39157,0.30535,0.97242,0.11749,0.1668,0,0.97896,-0.6293,0.40344,0.20385,-0.59421,-0.56298,-0.033678,3.1641,-2.2288,-0.9248,0,0,0,1.4713,1.4196,1.437,1.4852,-5.7821,5.9878,0.70029,-30.742,9.6471,15.597,9.6884
20.97,0.38543,0.30928,0.97441,0.11452,0.16397,0,0.9798,-0.59795,0.38145,0.19464,-0.609,-0.60068,-0.031712,3.1048,-2.1684,-0.91702,0,0,0,1.4671,1.4166,1.4333,1.4806,-6.085,6.0808,0.85485,-29.823,8.9389,15.312,9.6626
20.98,0.37961,0.31298,0.97631,0.11148,0.16096,0,0.98065,-0.56721,0.36007,0.18551,-0.62301,-0.63752,-0.029785,3.0425,-2.1072,-0.90771,0,0,0,1.4629,1.4137,1.4299,1.4761,-6.3784,6.1665,1.0064,-28.84,8.2098,14.997,9.6378
20.99,0.37408,0.31648,0.97812,0.10836,0.15776,0,0.98151,-0.53711,0.33931,0.17649,-0.63617,-0.6734,-0.027902,2.9772,-2.0451,-0.89691,0,0,0,1.4589,1.4112,1.4267,1.4716,-6.6616,6.2449,1.1547,-27.794,7.4595,14.653,9.614
21,0.36886,0.31977,0.97984,0.10519,0.15438,0,0.9824,-0.50768,0.31917,0.16758,-0.64842,-0.70819,-0.026066,2.9093,-1.9823,-0.88463,0,0,0,1.455,1.4089,1.4237,1.4672,-6.9341,6.3156,1.2994,-26.684,6.688,14.28,9.5914
21.01,0.36393,0.32287,0.98147,0.10195,0.15083,0,0.98329,-0.47894,0.29967,0.1588,-0.65971,-0.74176,-0.024282,2.8386,-1.9188,-0.87093,0,0,0,1.4512,1.4069,1.421,1.463,-7.1951,6.3786,1.4402,-25.508,5.895,13.876,9.57
21.02,0.35928,0.32577,0.98302,0.098667,0.14711,0,0.98419,-0.45092,0.2808,0.15017,-0.66998,-0.77399,-0.022551,2.7654,-1.8547,-0.85584,0,0,0,1.4475,1.4052,1.4186,1.4588,-7.444,6.4335,1.5768,-24.265,5.0803,13.441,9.5501
21.03,0.35491,0.32848,0.98448,0.095329,0.14323,0,0.98509,-0.42364,0.26257,0.14169,-0.67917,-0.80473,-0.020878,2.6898,-1.7902,-0.83941,0,0,0,1.444,1.4038,1.4164,1.4547,-7.6801,6.4801,1.7089,-22.955,4.2437,12.975,9.5315
21.04,0.3508,0.33102,0.98585,0.091948,0.13921,0,0.98599,-0.39713,0.245,0.13338,-0.68723,-0.83386,-0.019265,2.6118,-1.7252,-0.82168,0,0,0,1.4406,1.4027,1.4146,1.4508,-7.9029,6.5183,1.8362,-21.576,3.3851,12.478,9.5146
21.05,0.34696,0.33339,0.98714,0.088528,0.13503,0,0.98688,-0.37141,0.22807,0.12526,-0.6941,-0.86123,-0.017715,2.5318,-1.6598,-0.8027,0,0,0,1.4374,1.402,1.4131,1.4471,-8.1114,6.5477,1.9584,-20.129,2.5043,11.948,9.4992
21.06,0.34337,0.33558,0.98836,0.085076,0.13073,0,0.98776,-0.3465,0.2118,0.11733,-0.69972,-0.88673,-0.01623,2.4497,-1.5942,-0.78253,0,0,0,1.4343,1.4016,1.4119,1.4435,-8.3052,6.5683,2.0751,-18.61,1.601,11.385,9.4856
21.07,0.34003,0.33762,0.98949,0.081598,0.12629,0,0.98863,-0.32242,0.19619,0.10961,-0.70404,-0.9102,-0.014812,2.3657,-1.5285,-0.76122,0,0,0,1.4314,1.4017,1.4111,1.4401,-8.4834,6.5797,2.186,-17.021,0.67508,10.789,9.4737
21.08,0.33692,0.33951,0.99055,0.078099,0.12174,0,0.98948,-0.29919,0.18123,0.10211,-0.70702,-0.93154,-0.013464,2.28,-1.4627,-0.73883,0,0,0,1.4288,1.402,1.4106,1.4369,-8.6454,6.5817,2.2907,-15.359,-0.27362,10.16,9.4637
21.09,0.33404,0.34125,0.99153,0.074588,0.11709,0,0.99032,-0.27682,0.16693,0.09484,-0.70861,-0.9506,-0.012185,2.1929,-1.3969,-0.71543,0,0,0,1.4263,1.4027,1.4105,1.4339,-8.7903,6.5741,2.389,-13.624,-1.2453,9.4968,9.4557
21.1,0.33138,0.34285,0.99245,0.07107,0.11234,0,0.99112,-0.25534,0.15329,0.087807,-0.70877,-0.96727,-0.010978,2.1043,-1.3312,-0.69107,0,0,0,1.424,1.4038,1.4108,1.4311,-8.9176,6.5567,2.4806,-11.815,-2.2402,8.7989,9.4495
21.11,0.32893,0.34432,0.99329,0.067553,0.10751,0,0.99191,-0.23474,0.14031,0.081022,-0.70747,-0.98143,-0.0098438,2.0146,-1.2658,-0.66584,0,0,0,1.422,1.4053,1.4114,1.4285,-9.0264,6.5293,2.5649,-9.9303,-3.2584,8.066,9.4453
21.12,0.32669,0.34566,0.99407,0.064044,0.10262,0,0.99266,-0.21505,0.12798,0.074493,-0.70467,-0.99298,-0.0087815,1.9238,-1.2007,-0.6398,0,0,0,1.4201,1.4071,1.4124,1.4262,-9.1159,6.4915,2.6418,-7.9698,-4.3002,7.2977,9.4431
21.13,0.32463,0.34688,0.99478,0.060552,0.097667,0,0.99338,-0.19627,0.11629,0.068228,-0.70035,-1.0018,-0.0077915,1.8323,-1.136,-0.61303,0,0,0,1.4185,1.4093,1.4138,1.4242,-9.1855,6.4432,2.7107,-5.9324,-5.3658,6.4933,9.443
21.14,0.32276,0.34799,0.99543,0.057082,0.092675,0,0.99406,-0.17841,0.10525,0.062234,-0.69449,-1.0078,-0.0068733,1.7402,-1.0719,-0.58561,0,0,0,1.4171,1.4118,1.4155,1.4223,-9.2343,6.3841,2.7715,-3.817,-6.4553,5.6526,9.4448
21.15,0.32106,0.34899,0.99603,0.053644,0.087657,0,0.99471,-0.16147,0.094853,0.056518,-0.68708,-1.011,-0.006026,1.6477,-1.0084,-0.55763,0,0,0,1.416,1.4147,1.4176,1.4208,-9.2616,6.314,2.8237,-1.6226,-7.5689,4.775,9.4486
21.16,0.31952,0.34989,0.99657,0.050245,0.082627,0,0.99531,-0.14545,0.085084,0.051083,-0.6781,-1.0112,-0.0052484,1.555,-0.94561,-0.52917,0,0,0,1.4151,1.4179,1.4201,1.4195,-9.2665,6.2326,2.8669,0.65167,-8.7068,3.8601,9.4543
21.17,0.31815,0.35069,0.99705,0.046893,0.077601,0,0.99588,-0.13036,0.075938,0.045935,-0.66756,-1.0083,-0.0045388,1.4624,-0.88374,-0.50032,0,0,0,1.4144,1.4214,1.4229,1.4185,-9.2483,6.1398,2.9007,3.0068,-9.8692,2.9074,9.4618
21.18,0.31691,0.35141,0.99749,0.043596,0.072593,0,0.99641,-0.1162,0.067406,0.041078,-0.65546,-1.0024,-0.0038951,1.3702,-0.82285,-0.47119,0,0,0,1.414,1.4251,1.426,1.4177,-9.2061,6.0352,2.9249,5.4437,-11.056,1.9163,9.4712
21.19,0.31582,0.35204,0.99787,0.040362,0.06762,0,0.99689,-0.10296,0.059477,0.036512,-0.64181,-0.99337,-0.0033151,1.2784,-0.76308,-0.44186,0,0,0,1.4137,1.4291,1.4294,1.4172,-9.1391,5.9186,2.9389,7.9634,-12.268,0.88656,9.4824
21.2,0.31485,0.3526,0.99822,0.037198,0.062697,0,0.99734,-0.090632,0.05214,0.032241,-0.62662,-0.98118,-0.0027961,1.1875,-0.70452,-0.41244,0,0,0,1.4137,1.4334,1.4331,1.4169,-9.0466,5.7897,2.9425,10.567,-13.505,-0.18242,9.4951
21.21,0.314,0.35309,0.99852,0.034113,0.05784,0,0.99774,-0.079207,0.045382,0.028263,-0.60991,-0.96582,-0.0023353,1.0976,-0.64732,-0.38305,0,0,0,1.4138,1.4379,1.437,1.4169,-8.9275,5.6484,2.9352,13.255,-14.768,-1.2911,9.5093
21.22,0.31326,0.35351,0.99878,0.031114,0.053067,0,0.99811,-0.068676,0.039189,0.024579,-0.59169,-0.94726,-0.0019294,1.009,-0.5916,-0.35378,0,0,0,1.4142,1.4426,1.4412,1.417,-8.7812,5.4943,2.9165,16.029,-16.056,-2.4399,9.5249
21.23,0.31263,0.35387,0.99901,0.028209,0.048392,0,0.99843,-0.059022,0.033545,0.021187,-0.57199,-0.92548,-0.0015751,0.92203,-0.53748,-0.32475,0,0,0,1.4146,1.4474,1.4456,1.4174,-8.6067,5.3272,2.8862,18.889,-17.369,-3.6293,9.5417
21.24,0.31208,0.35418,0.99921,0.025405,0.043832,0,0.99872,-0.050229,0.028434,0.018083,-0.55084,-0.90049,-0.0012689,0.83696,-0.4851,-0.29609,0,0,0,1.4153,1.4524,1.4501,1.4179,-8.4031,5.1468,2.8438,21.837,-18.708,-4.8598,9.5596
21.25,0.31162,0.35444,0.99937,0.02271,0.039404,0,0.99897,-0.042276,0.023837,0.015264,-0.52825,-0.87228,-0.0010071,0.75407,-0.43459,-0.26792,0,0,0,1.416,1.4575,1.4549,1.4186,-8.1696,4.9529,2.7889,24.873,-20.073,-6.1319,9.5783
21.26,0.31123,0.35466,0.99951,0.02013,0.035124,0,0.99918,-0.035139,0.019735,0.012723,-0.50425,-0.84084,-0.00078603,0.67367,-0.38609,-0.24036,0,0,0,1.4168,1.4627,1.4597,1.4194,-7.9053,4.7452,2.721,27.999,-21.465,-7.446,9.5977
21.27,0.31091,0.35484,0.99963,0.017673,0.031008,0,0.99936,-0.028793,0.016108,0.010454,-0.47888,-0.80617,-0.00060187,0.59607,-0.33973,-0.21354,0,0,0,1.4177,1.4679,1.4647,1.4203,-7.6094,4.5235,2.6398,31.215,-22.883,-8.8025,9.6176
21.28,0.31065,0.35498,0.99972,0.015346,0.027073,0,0.99952,-0.023207,0.012933,0.0084489,-0.45213,-0.76826,-0.00045084,0.52159,-0.29566,-0.18761,0,0,0,1.4185,1.4732,1.4697,1.4212,-7.2807,4.2875,2.5448,34.523,-24.327,-10.202,9.6377
21.29,0.31045,0.3551,0.9998,0.013156,0.023335,0,0.99964,-0.01835,0.010186,0.0066983,-0.42404,-0.7271,-0.00032918,0.45057,-0.25403,-0.16269,0,0,0,1.4194,1.4784,1.4747,1.4221,-6.9186,4.0369,2.4356,37.923,-25.798,-11.645,9.6578
21.3,0.31029,0.35519,0.99986,0.01111,0.01981,0,0.99974,-0.014183,0.0078436,0.0051912,-0.39462,-0.68268,-0.00023321,0.38334,-0.21498,-0.13894,0,0,0,1.4202,1.4836,1.4797,1.423,-6.522,3.7715,2.3118,41.416,-27.296,-13.132,9.6776
21.31,0.31016,0.35526,0.9999,0.0092133,0.016516,0,0.99982,-0.010669,0.0058778,0.0039151,-0.36387,-0.63497,-0.00015936,0.32025,-0.17865,-0.11651,0,0,0,1.4208,1.4888,1.4847,1.4239,-6.09,3.4909,2.1729,45.003,-28.821,-14.663,9.697
21.32,0.31007,0.35531,0.99994,0.0074739,0.013467,0,0.99988,-0.0077634,0.004261,0.0028561,-0.3318,-0.58393,-0.00010419,0.26166,-0.14521,-0.095538,0,0,0,1.4214,1.4938,1.4897,1.4246,-5.6216,3.1949,2.0184,48.686,-30.374,-16.239,9.7157
21.33,0.31,0.35534,0.99996,0.005898,0.010683,0,0.99993,-0.0054197,0.0029635,0.0019989,-0.29838,-0.52951,-6.4475e-05,0.20794,-0.11481,-0.076193,0,0,0,1.4217,1.4987,1.4945,1.4251,-5.1159,2.8833,1.8479,52.464,-31.954,-17.86,9.7333
21.34,0.30996,0.35537,0.99998,0.0044925,0.0081784,0,0.99996,-0.0035872,0.0019542,0.0013263,-0.26362,-0.47164,-3.7171e-05,0.15947,-0.087597,-0.058634,0,0,0,1.4218,1.5035,1.4992,1.4254,-4.572,2.5558,1.661,56.34,-33.562,-19.527,9.7497
21.35,0.30993,0.35538,0.99999,0.0032642,0.0059722,0,0.99998,-0.0022116,0.0012004,0.00081969,-0.22749,-0.41025,-1.95e-05,0.11663,-0.063744,-0.043029,0,0,0,1.4215,1.5081,1.5037,1.4254,-3.9888,2.212,1.4572,60.314,-35.198,-21.241,9.7645
21.36,0.30991,0.35539,0.99999,0.00222,0.0040821,0,0.99999,-0.0012345,0.00066762,0.00045865,-0.18994,-0.34521,-8.964e-06,0.079824,-0.043412,-0.029548,0,0,0,1.421,1.5125,1.508,1.425,-3.3654,1.8517,1.2361,64.387,-36.861,-23.001,9.7775
21.37,0.30991,0.3554,1,0.0013672,0.0025264,0,1,-0.00059363,0.00031987,0.00022107,-0.15093,-0.27642,-3.3789e-06,0.049459,-0.026766,-0.018367,0,0,0,1.42,1.5167,1.5121,1.4243,-2.7007,1.4747,0.99706,68.56,-38.553,-24.808,9.7884
21.38,0.3099,0.3554,1,0.00071326,0.0013244,0,1,-0.00022247,0.00011945,8.3043e-05,-0.1104,-0.20372,-9.1391e-07,0.02595,-0.013976,-0.0096674,0,0,0,1.4185,1.5206,1.5159,1.4231,-1.9939,1.0805,0.73975,72.833,-40.274,-26.663,9.797
21.39,0.3099,0.3554,1,0.00026588,0.00049608,0,1,-5.0343e-05,2.6933e-05,1.8835e-05,-0.068279,-0.12692,-1.2622e-07,0.0097261,-0.0052128,-0.0036345,0,0,0,1.4166,1.5243,1.5195,1.4214,-1.2437,0.66909,0.46365,77.209,-42.023,-28.565,9.803
21.4,0.3099,0.3554,1,3.3276e-05,6.2383e-05,0,1,-2.2154e-06,1.181e-06,8.3072e-07,-0.024475,-0.045823,-1.965e-09,0.0012235,-0.00065263,-0.00045858,0,0,0,1.4141,1.5278,1.5227,1.4191,-0.44933,0.23999,0.16828,81.687,-43.801,-30.517,9.8061
21.405,0.3099,0.3554,1,-6.7927e-17,-6.7927e-17,0,1,-8.3267e-16,-6.8001e-16,6.6613e-16,-2.7805e-14,-5.2893e-14,-1.7041e-30,-1.3323e-15,1.3323e-15,6.6613e-16,0,0,0,1.4125,1.5295,1.5244,1.4176,-5.187e-13,2.7267e-13,1.9407e-13,84.157,-44.777,-31.595,9.8066
