t,p_x,p_y,p_z,q_x,q_y,q_z,q_w,v_x,v_y,v_z,w_x,w_y,w_z,a_lin_x,a_lin_y,a_lin_z,a_rot_x,a_rot_y,a_rot_z,u_1,u_2,u_3,u_4,jerk_x,jerk_y,jerk_z,snap_x,snap_y,snap_z,thrust
0,-2.5,-3.5,1,0,0,0,1,0,0,0,0,0,0,0,0,0,0,0,0,1.4775,1.4645,1.4738,1.4682,0,0,0,-40.859,90.984,0,9.8066
0.01,-2.5,-3.5,1,-0.00022869,-0.00010187,0,1,-6.6973e-06,1.5004e-05,0,-0.090825,-0.040292,3.811e-08,-0.001998,0.0044853,0,0,0,0,1.4772,1.4648,1.4737,1.4683,-0.39513,0.89069,0,-38.177,87.165,0,9.8066
0.02,-2.5,-3.5,1,-0.00090182,-0.00039842,0,1,-5.2687e-05,0.00011876,0,-0.17779,-0.077883,5.9843e-07,-0.0078143,0.017688,0,0,0,0,1.4769,1.4651,1.4736,1.4684,-0.76377,1.7435,0,-35.562,83.412,0,9.8066
0.03,-2.5,-3.5,1,-0.0020003,-0.0008763,0,1,-0.00017484,0.00039656,0,-0.26096,-0.11284,2.973e-06,-0.017187,0.039232,0,0,0,0,1.4766,1.4654,1.4736,1.4685,-1.1066,2.5592,0,-33.012,79.726,0,9.8067
0.04,-2.5,-3.5,1,-0.0035052,-0.0015225,0,0.99999,-0.00040744,0.00092997,0,-0.34039,-0.14522,9.2199e-06,-0.029862,0.068749,0,0,0,0,1.4763,1.4658,1.4735,1.4686,-1.4242,3.3383,0,-30.527,76.106,0,9.8069
0.05,-2.5,-3.5,1,-0.005398,-0.0023243,0,0.99998,-0.00078225,0.0017969,0,-0.41614,-0.1751,2.2085e-05,-0.04559,0.10588,0,0,0,0,1.4761,1.4661,1.4735,1.4687,-1.7173,4.0815,0,-28.106,72.551,0,9.8073
0.06,-2.5,-3.5,1,-0.0076604,-0.0032694,0,0.99997,-0.0013286,0.0030717,0,-0.48826,-0.20252,4.4926e-05,-0.064129,0.15026,0,0,0,0,1.4759,1.4665,1.4735,1.4689,-1.9866,4.7895,0,-25.75,69.061,0,9.808
0.07,-2.5,-3.4999,1,-0.010274,-0.0043454,0,0.99994,-0.0020734,0.0048252,0,-0.55679,-0.22754,8.1638e-05,-0.085244,0.20155,0,0,0,0,1.4758,1.4669,1.4736,1.4691,-2.2325,5.4629,0,-23.456,65.636,0,9.809
0.08,-2.5001,-3.4999,1,-0.013222,-0.0055407,0,0.9999,-0.0030413,0.0071246,0,-0.62177,-0.25022,0.00013659,-0.1087,0.25941,0,0,0,0,1.4757,1.4675,1.4738,1.4694,-2.4559,6.1024,0,-21.225,62.274,0,9.8106
0.09,-2.5001,-3.4998,1,-0.016486,-0.0068436,0,0.99984,-0.0042546,0.010034,0,-0.68322,-0.27061,0.00021453,-0.13429,0.32349,0,0,0,0,1.4758,1.4681,1.474,1.4698,-2.6572,6.7086,0,-19.055,58.976,0,9.8129
0.1,-2.5001,-3.4997,1,-0.020047,-0.0082426,0,0.99977,-0.0057334,0.013614,0,-0.74119,-0.28876,0.00032055,-0.16178,0.39347,0,0,0,0,1.476,1.4688,1.4744,1.4703,-2.8372,7.2822,0,-16.947,55.742,0,9.8158
0.11,-2.5002,-3.4995,1,-0.02389,-0.0097267,0,0.99967,-0.0074958,0.017922,0,-0.79568,-0.30471,0.00045999,-0.19096,0.46903,0,0,0,0,1.4763,1.4696,1.4749,1.471,-2.9964,7.8237,0,-14.899,52.569,0,9.8197
0.12,-2.5003,-3.4993,1,-0.027996,-0.011285,0,0.99954,-0.0095576,0.023012,0,-0.84673,-0.31852,0.00063839,-0.22164,0.54984,0,0,0,0,1.4767,1.4706,1.4756,1.4718,-3.1354,8.3338,0,-12.912,49.459,0,9.8245
0.13,-2.5004,-3.499,1,-0.032348,-0.012907,0,0.99939,-0.011933,0.028935,0,-0.89435,-0.33024,0.00086141,-0.25361,0.6356,0,0,0,0,1.4773,1.4718,1.4764,1.4728,-3.2548,8.8131,0,-10.983,46.411,0,9.8304
0.14,-2.5005,-3.4987,1,-0.036928,-0.014582,0,0.99921,-0.014633,0.03574,0,-0.93857,-0.3399,0.0011348,-0.28667,0.726,0,0,0,0,1.4781,1.4731,1.4774,1.4739,-3.3552,9.2622,0,-9.1133,43.424,0,9.8376
0.15,-2.5007,-3.4983,1,-0.04172,-0.016299,0,0.999,-0.017669,0.04347,0,-0.97941,-0.34758,0.0014642,-0.32065,0.82074,0,0,0,0,1.4792,1.4746,1.4786,1.4753,-3.4373,9.6817,0,-7.3016,40.498,0,9.8461
0.16,-2.5009,-3.4978,1,-0.046707,-0.01805,0,0.99875,-0.021049,0.052168,0,-1.0169,-0.35331,0.0018553,-0.35536,0.91954,0,0,0,0,1.4804,1.4764,1.48,1.4768,-3.5015,10.072,0,-5.5472,37.631,0,9.856
0.17,-2.5011,-3.4973,1,-0.051871,-0.019824,0,0.99846,-0.024778,0.061873,0,-1.051,-0.35715,0.0023136,-0.39062,1.0221,0,0,0,0,1.4818,1.4783,1.4816,1.4787,-3.5484,10.435,0,-3.8495,34.825,0,9.8675
0.18,-2.5014,-3.4966,1,-0.057196,-0.021612,0,0.99813,-0.028863,0.072621,0,-1.0819,-0.35916,0.0028445,-0.42627,1.1281,0,0,0,0,1.4835,1.4805,1.4835,1.4807,-3.5786,10.769,0,-2.208,32.078,0,9.8805
0.19,-2.5017,-3.4958,1,-0.062665,-0.023404,0,0.99776,-0.033304,0.084446,0,-1.1095,-0.3594,0.0034531,-0.46214,1.2374,0,0,0,0,1.4855,1.483,1.4856,1.483,-3.5927,11.076,0,-0.62197,29.39,0,9.8952
0.2,-2.5021,-3.4949,1,-0.068262,-0.025193,0,0.99735,-0.038105,0.097379,0,-1.1339,-0.35793,0.0041443,-0.49807,1.3496,0,0,0,0,1.4877,1.4856,1.488,1.4855,-3.5913,11.357,0,0.90923,26.761,0,9.9116
0.21,-2.5025,-3.4939,1,-0.07397,-0.026968,0,0.9969,-0.043266,0.11145,0,-1.1552,-0.35482,0.0049225,-0.53391,1.4644,0,0,0,0,1.4902,1.4886,1.4907,1.4883,-3.5747,11.612,0,2.3862,24.189,0,9.9297
0.22,-2.5029,-3.4927,1,-0.079774,-0.028723,0,0.9964,-0.048783,0.12668,0,-1.1733,-0.35012,0.0057919,-0.56952,1.5817,0,0,0,0,1.493,1.4918,1.4936,1.4914,-3.5437,11.841,0,3.8096,21.675,0,9.9497
0.23,-2.5034,-3.4913,1,-0.085657,-0.03045,0,0.99586,-0.054655,0.14309,0,-1.1884,-0.34392,0.0067563,-0.60474,1.7012,0,0,0,0,1.496,1.4953,1.4968,1.4948,-3.4987,12.045,0,5.1801,19.219,0,9.9714
0.24,-2.504,-3.4898,1,-0.091606,-0.03214,0,0.99528,-0.060876,0.16071,0,-1.2006,-0.33629,0.007819,-0.63945,1.8226,0,0,0,0,1.4993,1.499,1.5003,1.4984,-3.4403,12.226,0,6.4983,16.818,0,9.995
0.25,-2.5047,-3.4881,1,-0.097604,-0.033787,0,0.99465,-0.067441,0.17955,0,-1.2099,-0.32729,0.0089831,-0.6735,1.9456,0,0,0,0,1.5029,1.503,1.504,1.5023,-3.3689,12.382,0,7.7648,14.474,0,10.02
0.26,-2.5054,-3.4862,1,-0.10364,-0.035385,0,0.99399,-0.074344,0.19962,0,-1.2164,-0.31701,0.010251,-0.70679,2.0701,0,0,0,0,1.5068,1.5073,1.508,1.5065,-3.2852,12.515,0,8.9803,12.186,0,10.048
0.27,-2.5061,-3.4841,1,-0.10969,-0.036926,0,0.99328,-0.081574,0.22095,0,-1.2203,-0.30551,0.011625,-0.73917,2.1958,0,0,0,0,1.5109,1.5118,1.5123,1.5109,-3.1895,12.626,0,10.145,9.9522,0,10.077
0.28,-2.507,-3.4818,1,-0.11576,-0.038405,0,0.99253,-0.089124,0.24354,0,-1.2215,-0.29289,0.013106,-0.77054,2.3226,0,0,0,0,1.5154,1.5166,1.5168,1.5156,-3.0824,12.714,0,11.261,7.7737,0,10.107
0.29,-2.5079,-3.4792,1,-0.12182,-0.039816,0,0.99175,-0.096981,0.26741,0,-1.2203,-0.27921,0.014695,-0.80078,2.4501,0,0,0,0,1.52,1.5216,1.5216,1.5206,-2.9644,12.782,0,12.327,5.6494,0,10.14
0.3,-2.5089,-3.4764,1,-0.12786,-0.041154,0,0.99094,-0.10514,0.29255,0,-1.2167,-0.26455,0.016395,-0.82979,2.5781,0,0,0,0,1.525,1.5268,1.5267,1.5258,-2.836,12.828,0,13.344,3.5789,0,10.174
0.31,-2.51,-3.4734,1,-0.13388,-0.042415,0,0.99009,-0.11357,0.31897,0,-1.2108,-0.24899,0.018203,-0.85747,2.7065,0,0,0,0,1.5302,1.5323,1.5319,1.5312,-2.6977,12.853,0,14.314,1.5618,0,10.209
0.32,-2.5112,-3.4701,1,-0.13986,-0.043594,0,0.98921,-0.12228,0.34668,0,-1.2029,-0.23261,0.020122,-0.88371,2.8351,0,0,0,0,1.5356,1.538,1.5374,1.5368,-2.5499,12.859,0,15.237,-0.40243,0,10.246
0.33,-2.5125,-3.4664,1,-0.14578,-0.044686,0,0.98831,-0.13124,0.37567,0,-1.1928,-0.21548,0.022149,-0.90844,2.9637,0,0,0,0,1.5412,1.5439,1.5432,1.5427,-2.3931,12.845,0,16.113,-2.3142,0,10.285
0.34,-2.5138,-3.4625,1,-0.15165,-0.04569,0,0.98738,-0.14044,0.40595,0,-1.1809,-0.19768,0.024285,-0.93155,3.092,0,0,0,0,1.547,1.55,1.5491,1.5487,-2.2278,12.813,0,16.943,-4.174,0,10.325
0.35,-2.5153,-3.4583,1,-0.15745,-0.0466,0,0.98643,-0.14987,0.43751,0,-1.1672,-0.17927,0.026528,-0.95297,3.2199,0,0,0,0,1.553,1.5562,1.5552,1.5549,-2.0544,12.762,0,17.728,-5.9824,0,10.366
0.36,-2.5168,-3.4538,1,-0.16318,-0.047415,0,0.98546,-0.1595,0.47034,0,-1.1519,-0.16032,0.028877,-0.97261,3.3471,0,0,0,0,1.5592,1.5626,1.5614,1.5613,-1.8734,12.693,0,18.468,-7.7397,0,10.408
0.37,-2.5185,-3.4489,1,-0.16881,-0.048132,0,0.98447,-0.16931,0.50445,0,-1.135,-0.1409,0.03133,-0.99041,3.4737,0,0,0,0,1.5656,1.5692,1.5679,1.5678,-1.6852,12.607,0,19.164,-9.4464,0,10.451
0.38,-2.5202,-3.4437,1,-0.17436,-0.048749,0,0.98347,-0.1793,0.53982,0,-1.1167,-0.12107,0.033886,-1.0063,3.5992,0,0,0,0,1.5721,1.5758,1.5744,1.5745,-1.4903,12.505,0,19.816,-11.103,0,10.495
0.39,-2.5221,-3.4381,1,-0.17981,-0.049263,0,0.98247,-0.18943,0.57643,0,-1.097,-0.10089,0.036542,-1.0202,3.7237,0,0,0,0,1.5787,1.5826,1.5811,1.5812,-1.289,12.386,0,20.426,-12.71,0,10.539
0.4,-2.524,-3.4322,1,-0.18516,-0.049674,0,0.98145,-0.1997,0.61428,0,-1.0762,-0.080419,0.039296,-1.0321,3.8469,0,0,0,0,1.5854,1.5894,1.5878,1.5881,-1.0819,12.251,0,20.994,-14.268,0,10.585
0.41,-2.5261,-3.4258,1,-0.19039,-0.04998,0,0.98044,-0.21007,0.65336,0,-1.0542,-0.059702,0.042147,-1.0418,3.9687,0,0,0,0,1.5922,1.5964,1.5947,1.595,-0.86929,12.1,0,21.52,-15.777,0,10.63
0.42,-2.5282,-3.4191,1,-0.19551,-0.050179,0,0.97942,-0.22052,0.69365,0,-1.0312,-0.038792,0.04509,-1.0494,4.0889,0,0,0,0,1.5991,1.6033,1.6016,1.602,-0.65163,11.935,0,22.005,-17.237,0,10.677
0.43,-2.5305,-3.4119,1,-0.20051,-0.050271,0,0.9784,-0.23105,0.73514,0,-1.0074,-0.017733,0.048124,-1.0548,4.2073,0,0,0,0,1.606,1.6104,1.6085,1.609,-0.42932,11.756,0,22.45,-18.65,0,10.723
0.44,-2.5328,-3.4044,1,-0.20539,-0.050256,0,0.97739,-0.24161,0.77779,0,-0.98264,0.0034326,0.051247,-1.058,4.3239,0,0,0,0,1.6129,1.6174,1.6155,1.616,-0.20275,11.562,0,22.856,-20.016,0,10.77
0.45,-2.5353,-3.3964,1,-0.21014,-0.050132,0,0.97638,-0.2522,0.82161,0,-0.9572,0.024666,0.054456,-1.0589,4.4385,0,0,0,0,1.6199,1.6244,1.6224,1.6231,0.027671,11.356,0,23.222,-21.335,0,10.816
0.46,-2.5379,-3.3879,1,-0.21476,-0.0499,0,0.97539,-0.26278,0.86656,0,-0.9311,0.045932,0.057748,-1.0574,4.551,0,0,0,0,1.6268,1.6314,1.6294,1.6301,0.26157,11.136,0,23.551,-22.607,0,10.863
0.47,-2.5406,-3.379,1,-0.21925,-0.04956,0,0.97441,-0.27334,0.91262,0,-0.90441,0.067198,0.06112,-1.0536,4.6612,0,0,0,0,1.6337,1.6384,1.6363,1.637,0.49856,10.904,0,23.841,-23.834,0,10.909
0.48,-2.5433,-3.3697,1,-0.2236,-0.049112,0,0.97344,-0.28385,0.95977,0,-0.8772,0.088437,0.064571,-1.0475,4.769,0,0,0,0,1.6405,1.6453,1.6432,1.644,0.73826,10.659,0,24.094,-25.015,0,10.955
0.49,-2.5462,-3.3598,1,-0.22782,-0.048555,0,0.97249,-0.29428,1.008,0,-0.84954,0.10962,0.068097,-1.0389,4.8744,0,0,0,0,1.6473,1.6521,1.65,1.6508,0.98032,10.404,0,24.311,-26.151,0,11
0.5,-2.5492,-3.3495,1,-0.2319,-0.047891,0,0.97156,-0.30462,1.0573,0,-0.82148,0.13073,0.071696,-1.0278,4.9771,0,0,0,0,1.654,1.6588,1.6567,1.6576,1.2244,10.137,0,24.493,-27.242,0,11.045
0.51,-2.5523,-3.3387,1,-0.23584,-0.047119,0,0.97065,-0.31483,1.1075,0,-0.79308,0.15173,0.075365,-1.0144,5.0771,0,0,0,0,1.6606,1.6655,1.6633,1.6642,1.4701,9.8588,0,24.638,-28.289,0,11.089
0.52,-2.5555,-3.3274,1,-0.23963,-0.04624,0,0.96976,-0.3249,1.1588,0,-0.76439,0.17262,0.079104,-0.99843,5.1742,0,0,0,0,1.6671,1.672,1.6698,1.6708,1.717,9.5709,0,24.75,-29.293,0,11.133
0.53,-2.5588,-3.3155,1,-0.24329,-0.045255,0,0.9689,-0.33479,1.211,0,-0.73543,0.19338,0.082908,-0.98002,5.2684,0,0,0,0,1.6735,1.6783,1.6762,1.6772,1.9649,9.2731,0,24.827,-30.254,0,11.175
0.54,-2.5622,-3.3031,1,-0.2468,-0.044165,0,0.96806,-0.34449,1.2641,0,-0.70627,0.21399,0.086776,-0.95913,5.3596,0,0,0,0,1.6797,1.6846,1.6824,1.6834,2.2135,8.9659,0,24.872,-31.173,0,11.217
0.55,-2.5657,-3.2902,1,-0.25016,-0.04297,0,0.96725,-0.35397,1.3182,0,-0.67691,0.23444,0.090705,-0.93575,5.4477,0,0,0,0,1.6858,1.6906,1.6884,1.6895,2.4623,8.6498,0,24.883,-32.049,0,11.257
0.56,-2.5693,-3.2768,1,-0.25338,-0.041671,0,0.96647,-0.3632,1.3731,0,-0.64741,0.25472,0.094695,-0.90989,5.5326,0,0,0,0,1.6916,1.6965,1.6943,1.6954,2.711,8.3251,0,24.862,-32.884,0,11.296
0.57,-2.573,-3.2628,1,-0.25646,-0.040269,0,0.96572,-0.37215,1.4288,0,-0.61778,0.27482,0.098742,-0.88153,5.6142,0,0,0,0,1.6973,1.7022,1.7,1.7011,2.9594,7.9923,0,24.81,-33.678,0,11.334
0.58,-2.5767,-3.2482,1,-0.25939,-0.038764,0,0.965,-0.38082,1.4854,0,-0.58804,0.29473,0.10284,-0.8507,5.6924,0,0,0,0,1.7028,1.7077,1.7054,1.7066,3.2071,7.6517,0,24.728,-34.431,0,11.371
0.59,-2.5806,-3.2331,1,-0.26217,-0.037158,0,0.96431,-0.38916,1.5427,0,-0.55821,0.31445,0.107,-0.81739,5.7672,0,0,0,0,1.7081,1.7129,1.7107,1.7119,3.4539,7.3038,0,24.615,-35.144,0,11.406
0.6,-2.5845,-3.2173,1,-0.26481,-0.035451,0,0.96365,-0.39716,1.6007,0,-0.52832,0.33397,0.11121,-0.78163,5.8385,0,0,0,0,1.7131,1.718,1.7158,1.717,3.6993,6.9489,0,24.472,-35.818,0,11.44
0.61,-2.5885,-3.201,1,-0.2673,-0.033645,0,0.96303,-0.40478,1.6594,0,-0.49836,0.35328,0.11547,-0.74341,5.9062,0,0,0,0,1.718,1.7228,1.7206,1.7218,3.9432,6.5875,0,24.301,-36.453,0,11.472
0.62,-2.5926,-3.1842,1,-0.26965,-0.031741,0,0.96244,-0.41202,1.7188,0,-0.46835,0.37238,0.11978,-0.70277,5.9702,0,0,0,0,1.7225,1.7274,1.7251,1.7264,4.1852,6.22,0,24.101,-37.049,0,11.502
0.63,-2.5968,-3.1667,1,-0.27185,-0.029739,0,0.96188,-0.41883,1.7788,0,-0.43829,0.39127,0.12413,-0.65972,6.0305,0,0,0,0,1.7269,1.7317,1.7295,1.7308,4.4251,5.8467,0,23.873,-37.607,0,11.531
0.64,-2.601,-3.1486,1,-0.2739,-0.02764,0,0.96136,-0.4252,1.8394,0,-0.4082,0.40994,0.12853,-0.61427,6.0871,0,0,0,0,1.731,1.7357,1.7335,1.7349,4.6626,5.468,0,23.619,-38.128,0,11.559
0.65,-2.6053,-3.1299,1,-0.27581,-0.025446,0,0.96088,-0.43111,1.9005,0,-0.37806,0.42839,0.13298,-0.56647,6.1399,0,0,0,0,1.7348,1.7395,1.7373,1.7387,4.8974,5.0842,0,23.338,-38.612,0,11.584
0.66,-2.6096,-3.1106,1,-0.27757,-0.023158,0,0.96043,-0.43653,1.9622,0,-0.34789,0.44662,0.13746,-0.51634,6.1888,0,0,0,0,1.7383,1.7431,1.7409,1.7423,5.1293,4.6959,0,23.031,-39.059,0,11.608
0.67,-2.614,-3.0906,1,-0.27918,-0.020776,0,0.96001,-0.44143,2.0243,0,-0.31769,0.46462,0.14199,-0.4639,6.2338,0,0,0,0,1.7416,1.7464,1.7441,1.7456,5.3579,4.3032,0,22.699,-39.47,0,11.629
0.68,-2.6184,-3.0701,1,-0.28065,-0.018301,0,0.95964,-0.4458,2.0868,0,-0.28744,0.48239,0.14656,-0.40919,6.2748,0,0,0,0,1.7446,1.7493,1.7471,1.7486,5.5832,3.9066,0,22.342,-39.845,0,11.649
0.69,-2.6229,-3.0489,1,-0.28197,-0.015736,0,0.9593,-0.4496,2.1498,0,-0.25715,0.49993,0.15116,-0.35225,6.3119,0,0,0,0,1.7473,1.7521,1.7498,1.7513,5.8047,3.5064,0,21.962,-40.186,0,11.668
0.7,-2.6274,-3.0271,1,-0.28314,-0.01308,0,0.95899,-0.45283,2.2131,0,-0.22681,0.51723,0.1558,-0.29311,6.345,0,0,0,0,1.7498,1.7545,1.7523,1.7538,6.0223,3.103,0,21.558,-40.492,0,11.684
0.71,-2.632,-3.0046,1,-0.28416,-0.010335,0,0.95872,-0.45546,2.2767,0,-0.19642,0.53429,0.16048,-0.23181,6.374,0,0,0,0,1.752,1.7566,1.7544,1.756,6.2358,2.6967,0,21.131,-40.764,0,11.698
0.72,-2.6365,-2.9815,1,-0.28504,-0.0075016,0,0.95849,-0.45746,2.3405,0,-0.16597,0.55111,0.16519,-0.16841,6.3989,0,0,0,0,1.7538,1.7585,1.7563,1.7579,6.4449,2.2878,0,20.683,-41.002,0,11.711
0.73,-2.6411,-2.9578,1,-0.28576,-0.0045818,0,0.95829,-0.45882,2.4046,0,-0.13545,0.56768,0.16993,-0.10293,6.4197,0,0,0,0,1.7554,1.7601,1.7578,1.7595,6.6494,1.8767,0,20.213,-41.208,0,11.721
0.74,-2.6457,-2.9334,1,-0.28634,-0.0015764,0,0.95813,-0.45951,2.4689,0,-0.10485,0.58399,0.1747,-0.035435,6.4364,0,0,0,0,1.7568,1.7614,1.7591,1.7608,6.8491,1.4638,0,19.722,-41.381,0,11.73
0.75,-2.6503,-2.9084,1,-0.28677,0.0015134,0,0.958,-0.45952,2.5333,0,-0.07417,0.60005,0.1795,0.034033,6.449,0,0,0,0,1.7578,1.7624,1.7602,1.7619,7.0437,1.0492,0,19.211,-41.521,0,11.737
0.76,-2.6549,-2.8828,1,-0.28705,0.0046863,0,0.9579,-0.45883,2.5979,0,-0.043399,0.61583,0.18433,0.10542,6.4574,0,0,0,0,1.7586,1.7632,1.7609,1.7627,7.2332,0.63345,0,18.68,-41.631,0,11.742
0.77,-2.6595,-2.8565,1,-0.28718,0.0079411,0,0.95784,-0.45741,2.6625,0,-0.012528,0.63134,0.18918,0.17868,6.4616,0,0,0,0,1.759,1.7636,1.7614,1.7632,7.4173,0.21672,0,18.13,-41.709,0,11.745
0.78,-2.664,-2.8295,1,-0.28715,0.011276,0,0.95782,-0.45525,2.7271,0,0.01845,0.64657,0.19406,0.25375,6.4617,0,0,0,0,1.7593,1.7639,1.7615,1.7634,7.5958,-0.20063,0,17.562,-41.756,0,11.747
0.79,-2.6686,-2.8019,1,-0.28698,0.014691,0,0.95782,-0.45233,2.7917,0,0.049544,0.6615,0.19896,0.33058,6.4576,0,0,0,0,1.7592,1.7638,1.7615,1.7634,7.7685,-0.6183,0,16.977,-41.774,0,11.746
0.8,-2.6731,-2.7737,1,-0.28665,0.018183,0,0.95786,-0.44863,2.8562,0,0.08076,0.67613,0.20387,0.4091,6.4494,0,0,0,0,1.7589,1.7635,1.7611,1.7631,7.9352,-1.036,0,16.374,-41.762,0,11.744
0.81,-2.6776,-2.7448,1,-0.28617,0.021751,0,0.95793,-0.44414,2.9207,0,0.1121,0.69045,0.20881,0.48926,6.4369,0,0,0,0,1.7584,1.7629,1.7605,1.7626,8.0959,-1.4534,0,15.755,-41.721,0,11.741
0.82,-2.682,-2.7153,1,-0.28553,0.025394,0,0.95803,-0.43884,2.985,0,0.14359,0.70444,0.21376,0.571,6.4203,0,0,0,0,1.7576,1.7621,1.7597,1.7618,8.2503,-1.8703,0,15.12,-41.651,0,11.735
0.83,-2.6863,-2.6851,1,-0.28474,0.02911,0,0.95816,-0.43272,3.0491,0,0.17521,0.71809,0.21872,0.65424,6.3995,0,0,0,0,1.7565,1.761,1.7586,1.7608,8.3982,-2.2864,0,14.47,-41.554,0,11.728
0.84,-2.6906,-2.6543,1,-0.28379,0.032897,0,0.95832,-0.42575,3.1129,0,0.20697,0.73138,0.22369,0.73894,6.3746,0,0,0,0,1.7552,1.7597,1.7573,1.7595,8.5396,-2.7013,0,13.805,-41.429,0,11.72
0.85,-2.6948,-2.6229,1,-0.28268,0.036753,0,0.95851,-0.41793,3.1765,0,0.23889,0.74431,0.22867,0.82501,6.3455,0,0,0,0,1.7537,1.7582,1.7558,1.758,8.6743,-3.1149,0,13.126,-41.276,0,11.71
0.86,-2.699,-2.5908,1,-0.28141,0.040677,0,0.95872,-0.40925,3.2398,0,0.27096,0.75685,0.23365,0.9124,6.3123,0,0,0,0,1.752,1.7565,1.754,1.7564,8.8021,-3.5268,0,12.434,-41.098,0,11.698
0.87,-2.703,-2.5581,1,-0.27999,0.044666,0,0.95896,-0.39968,3.3028,0,0.30317,0.76898,0.23864,1.001,6.275,0,0,0,0,1.7501,1.7545,1.7521,1.7545,8.9229,-3.9367,0,11.73,-40.893,0,11.685
0.88,-2.707,-2.5247,1,-0.2784,0.048718,0,0.95923,-0.38922,3.3653,0,0.33555,0.78069,0.24362,1.0908,6.2336,0,0,0,0,1.748,1.7524,1.7499,1.7524,9.0367,-4.3445,0,11.013,-40.662,0,11.671
0.89,-2.7108,-2.4908,1,-0.27665,0.052832,0,0.95952,-0.37786,3.4274,0,0.36807,0.79196,0.24861,1.1817,6.1881,0,0,0,0,1.7457,1.7501,1.7476,1.7501,9.1432,-4.7499,0,10.284,-40.407,0,11.656
0.9,-2.7145,-2.4562,1,-0.27474,0.057004,0,0.95983,-0.36558,3.4891,0,0.40073,0.80277,0.25358,1.2737,6.1386,0,0,0,0,1.7433,1.7476,1.745,1.7477,9.2423,-5.1526,0,9.5453,-40.127,0,11.639
0.91,-2.7181,-2.421,1,-0.27266,0.061233,0,0.96016,-0.35238,3.5502,0,0.43354,0.81308,0.25854,1.3666,6.085,0,0,0,0,1.7407,1.745,1.7424,1.7451,9.334,-5.5524,0,8.796,-39.823,0,11.622
0.92,-2.7216,-2.3852,1,-0.27041,0.065515,0,0.96051,-0.33825,3.6108,0,0.46648,0.82289,0.26349,1.4603,6.0275,0,0,0,0,1.7379,1.7422,1.7395,1.7423,9.4182,-5.949,0,8.0371,-39.495,0,11.603
0.93,-2.7249,-2.3488,1,-0.268,0.069849,0,0.96088,-0.32317,3.6707,0,0.49955,0.83217,0.26842,1.5549,5.9661,0,0,0,0,1.735,1.7392,1.7366,1.7394,9.4947,-6.3422,0,7.2692,-39.144,0,11.584
0.94,-2.728,-2.3118,1,-0.26543,0.07423,0,0.96127,-0.30715,3.7301,0,0.53273,0.84088,0.27332,1.6502,5.9007,0,0,0,0,1.732,1.7361,1.7335,1.7364,9.5636,-6.7318,0,6.493,-38.771,0,11.563
0.95,-2.731,-2.2742,1,-0.26268,0.078656,0,0.96167,-0.29017,3.7887,0,0.56601,0.84902,0.2782,1.7461,5.8314,0,0,0,0,1.7288,1.733,1.7303,1.7333,9.6246,-7.1175,0,5.7091,-38.376,0,11.542
0.96,-2.7338,-2.236,1,-0.25976,0.083124,0,0.96209,-0.27222,3.8467,0,0.59937,0.85654,0.28305,1.8427,5.7584,0,0,0,0,1.7256,1.7297,1.727,1.7301,9.6777,-7.4992,0,4.9182,-37.959,0,11.521
0.97,-2.7365,-2.1972,1,-0.25668,0.087631,0,0.96252,-0.25331,3.9039,0,0.6328,0.86343,0.28787,1.9397,5.6815,0,0,0,0,1.7223,1.7263,1.7236,1.7268,9.7229,-7.8766,0,4.1207,-37.521,0,11.498
0.98,-2.7389,-2.1579,1,-0.25342,0.092173,0,0.96295,-0.23343,3.9603,0,0.66628,0.86965,0.29264,2.0371,5.6008,0,0,0,0,1.7189,1.7229,1.7201,1.7234,9.7601,-8.2496,0,3.3175,-37.062,0,11.476
0.99,-2.7411,-2.118,1,-0.24999,0.096746,0,0.9634,-0.21257,4.0159,0,0.69978,0.87517,0.29737,2.1349,5.5165,0,0,0,0,1.7155,1.7194,1.7166,1.72,9.7893,-8.6178,0,2.5091,-36.583,0,11.452
1,-2.7431,-2.0776,1,-0.24639,0.10135,0,0.96386,-0.19073,4.0706,0,0.73327,0.87997,0.30205,2.2329,5.4285,0,0,0,0,1.712,1.7159,1.7131,1.7165,9.8103,-8.9812,0,1.6962,-36.085,0,11.429
1.01,-2.7449,-2.0366,1,-0.24262,0.10597,0,0.96432,-0.16791,4.1244,0,0.76674,0.88403,0.30668,2.331,5.3369,0,0,0,0,1.7086,1.7123,1.7095,1.713,9.8232,-9.3394,0,0.87938,-35.568,0,11.406
1.02,-2.7465,-1.9951,1,-0.23867,0.11061,0,0.96478,-0.14411,4.1773,0,0.80014,0.8873,0.31124,2.4293,5.2417,0,0,0,0,1.7051,1.7087,1.7059,1.7095,9.8279,-9.6925,0,0.059353,-35.032,0,11.382
1.03,-2.7478,-1.9531,1,-0.23455,0.11527,0,0.96524,-0.11933,4.2293,0,0.83345,0.88977,0.31575,2.5276,5.1431,0,0,0,0,1.7016,1.7051,1.7023,1.7059,9.8243,-10.04,0,-0.76327,-34.478,0,11.358
1.04,-2.7489,-1.9105,1,-0.23026,0.11994,0,0.96571,-0.093559,4.2802,0,0.86663,0.8914,0.32018,2.6258,5.0409,0,0,0,0,1.6981,1.7016,1.6987,1.7025,9.8126,-10.382,0,-1.5878,-33.906,0,11.335
1.05,-2.7497,-1.8675,1,-0.2258,0.12462,0,0.96617,-0.066811,4.3301,0,0.89965,0.89217,0.32454,2.7238,4.9354,0,0,0,0,1.6947,1.698,1.6952,1.699,9.7926,-10.718,0,-2.4137,-33.317,0,11.311
1.06,-2.7502,-1.8239,1,-0.22117,0.12929,0,0.96663,-0.039084,4.3789,0,0.93245,0.89205,0.32882,2.8216,4.8266,0,0,0,0,1.6913,1.6945,1.6917,1.6956,9.7643,-11.048,0,-3.2403,-32.712,0,11.288
1.07,-2.7505,-1.7799,1,-0.21636,0.13396,0,0.96708,-0.010381,4.4266,0,0.965,0.89101,0.33302,2.919,4.7145,0,0,0,0,1.688,1.6911,1.6882,1.6922,9.7278,-11.372,0,-4.0668,-32.09,0,11.266
1.08,-2.7504,-1.7354,1,-0.21139,0.13863,0,0.96752,0.019295,4.4732,0,0.99726,0.88903,0.33713,3.0161,4.5992,0,0,0,0,1.6847,1.6877,1.6849,1.6889,9.683,-11.69,0,-4.8928,-31.453,0,11.244
1.09,-2.7501,-1.6904,1,-0.20625,0.14328,0,0.96795,0.04994,4.5186,0,1.0292,0.8861,0.34114,3.1127,4.4807,0,0,0,0,1.6816,1.6844,1.6816,1.6857,9.6299,-12.001,0,-5.7175,-30.801,0,11.222
1.1,-2.7494,-1.645,1,-0.20094,0.14791,0,0.96837,0.081547,4.5628,0,1.0607,0.88218,0.34506,3.2087,4.3592,0,0,0,0,1.6785,1.6812,1.6784,1.6826,9.5686,-12.306,0,-6.5403,-30.134,0,11.201
1.11,-2.7484,-1.5992,1,-0.19547,0.15251,0,0.96878,0.11411,4.6057,0,1.0918,0.87725,0.34887,3.304,4.2346,0,0,0,0,1.6756,1.6781,1.6754,1.6796,9.4991,-12.604,0,-7.3605,-29.453,0,11.181
1.12,-2.7471,-1.5529,1,-0.18983,0.15709,0,0.96917,0.14762,4.6475,0,1.1223,0.87131,0.35258,3.3986,4.1071,0,0,0,0,1.6728,1.6752,1.6724,1.6767,9.4214,-12.895,0,-8.1776,-28.758,0,11.162
1.13,-2.7455,-1.5062,1,-0.18404,0.16162,0,0.96954,0.18208,4.6879,0,1.1524,0.86434,0.35617,3.4924,3.9767,0,0,0,0,1.6701,1.6724,1.6697,1.674,9.3356,-13.179,0,-8.9908,-28.051,0,11.144
1.14,-2.7435,-1.4592,1,-0.17808,0.16612,0,0.96989,0.21747,4.727,0,1.1818,0.85632,0.35964,3.5853,3.8436,0,0,0,0,1.6677,1.6697,1.667,1.6714,9.2416,-13.456,0,-9.7996,-27.33,0,11.126
1.15,-2.7411,-1.4117,1,-0.17198,0.17057,0,0.97022,0.25378,4.7647,0,1.2106,0.84724,0.363,3.6772,3.7077,0,0,0,0,1.6653,1.6672,1.6646,1.669,9.1396,-13.726,0,-10.603,-26.598,0,11.11
1.16,-2.7384,-1.3639,1,-0.16572,0.17496,0,0.97053,0.29101,4.8011,0,1.2386,0.8371,0.36623,3.7681,3.5691,0,0,0,0,1.6632,1.6649,1.6623,1.6668,9.0296,-13.988,0,-11.401,-25.853,0,11.095
1.17,-2.7353,-1.3157,1,-0.15932,0.1793,0,0.97081,0.32914,4.8361,0,1.2659,0.8259,0.36934,3.8578,3.4279,0,0,0,0,1.6612,1.6628,1.6602,1.6647,8.9116,-14.243,0,-12.193,-25.098,0,11.082
1.18,-2.7318,-1.2672,1,-0.15277,0.18357,0,0.97106,0.36816,4.8697,0,1.2924,0.81363,0.37232,3.9463,3.2842,0,0,0,0,1.6595,1.6608,1.6584,1.6629,8.7858,-14.49,0,-12.977,-24.332,0,11.069
1.19,-2.7279,-1.2183,1,-0.14609,0.18776,0,0.97129,0.40806,4.9018,0,1.318,0.80031,0.37516,4.0335,3.1381,0,0,0,0,1.658,1.6591,1.6567,1.6612,8.6521,-14.729,0,-13.754,-23.556,0,11.058
1.2,-2.7237,-1.1691,1,-0.13927,0.19189,0,0.97149,0.44883,4.9324,0,1.3427,0.78593,0.37787,4.1193,2.9897,0,0,0,0,1.6567,1.6576,1.6553,1.6598,8.5107,-14.961,0,-14.522,-22.77,0,11.049
1.21,-2.719,-1.1197,1,-0.13232,0.19592,0,0.97165,0.49044,4.9616,0,1.3664,0.77051,0.38045,4.2037,2.839,0,0,0,0,1.6556,1.6563,1.6541,1.6586,8.3617,-15.185,0,-15.282,-21.975,0,11.041
1.22,-2.7138,-1.0699,1,-0.12525,0.19987,0,0.97178,0.5329,4.9892,0,1.3891,0.75406,0.38289,4.2865,2.686,0,0,0,0,1.6547,1.6552,1.6531,1.6576,8.2051,-15.4,0,-16.032,-21.171,0,11.034
1.23,-2.7083,-1.0199,1,-0.11805,0.20373,0,0.97188,0.57617,5.0153,0,1.4107,0.7366,0.38519,4.3677,2.531,0,0,0,0,1.6541,1.6544,1.6524,1.6569,8.0411,-15.608,0,-16.771,-20.36,0,11.03
1.24,-2.7023,-0.9696,1,-0.11075,0.20749,0,0.97195,0.62025,5.0398,0,1.4312,0.71815,0.38736,4.4473,2.3739,0,0,0,0,1.6538,1.6539,1.6519,1.6564,7.8697,-15.808,0,-17.5,-19.54,0,11.026
1.25,-2.6959,-0.91909,1,-0.10334,0.21114,0,0.97198,0.66511,5.0628,0,1.4506,0.69873,0.38939,4.5251,2.2149,0,0,0,0,1.6537,1.6535,1.6517,1.6561,7.6911,-15.999,0,-18.217,-18.713,0,11.025
1.26,-2.689,-0.86835,1,-0.095833,0.21468,0,0.97197,0.71074,5.0841,0,1.4687,0.67839,0.39128,4.6011,2.0539,0,0,0,0,1.6539,1.6535,1.6517,1.6561,7.5054,-16.182,0,-18.922,-17.88,0,11.025
1.27,-2.6817,-0.81741,1,-0.088229,0.2181,0,0.97193,0.75713,5.1038,0,1.4857,0.65714,0.39304,4.6752,1.8912,0,0,0,0,1.6543,1.6537,1.652,1.6564,7.3127,-16.356,0,-19.614,-17.041,0,11.027
1.28,-2.6739,-0.76628,1,-0.080538,0.22141,0,0.97185,0.80424,5.1219,0,1.5014,0.63502,0.39467,4.7473,1.7268,0,0,0,0,1.655,1.6542,1.6526,1.6569,7.1132,-16.523,0,-20.293,-16.195,0,11.031
1.29,-2.6656,-0.71498,1,-0.072766,0.22459,0,0.97173,0.85207,5.1384,0,1.5158,0.61207,0.39616,4.8174,1.5608,0,0,0,0,1.656,1.6549,1.6535,1.6578,6.9069,-16.68,0,-20.958,-15.345,0,11.037
1.3,-2.6568,-0.66352,1,-0.064921,0.22764,0,0.97158,0.90058,5.1531,0,1.5289,0.58833,0.39753,4.8855,1.3933,0,0,0,0,1.6572,1.656,1.6546,1.6588,6.6941,-16.829,0,-21.607,-14.49,0,11.044
1.31,-2.6476,-0.61192,1,-0.05701,0.23056,0,0.97139,0.94977,5.1662,0,1.5407,0.56384,0.39878,4.9513,1.2243,0,0,0,0,1.6587,1.6573,1.6561,1.6602,6.4748,-16.97,0,-22.242,-13.631,0,11.054
1.32,-2.6378,-0.5602,1,-0.049038,0.23335,0,0.97116,0.9996,5.1776,0,1.5511,0.53866,0.3999,5.0149,1.0539,0,0,0,0,1.6605,1.6588,1.6578,1.6618,6.2493,-17.102,0,-22.86,-12.768,0,11.065
1.33,-2.6276,-0.50838,1,-0.041015,0.23599,0,0.97089,1.0501,5.1873,0,1.5602,0.51282,0.4009,5.0763,0.88225,0,0,0,0,1.6625,1.6607,1.6597,1.6637,6.0177,-17.225,0,-23.462,-11.901,0,11.078
1.34,-2.6168,-0.45646,1,-0.032947,0.23849,0,0.97059,1.1011,5.1953,0,1.568,0.48637,0.4018,5.1353,0.70942,0,0,0,0,1.6649,1.6628,1.662,1.6659,5.7801,-17.34,0,-24.047,-11.032,0,11.093
1.35,-2.6056,-0.40448,1,-0.02484,0.24084,0,0.97025,1.1528,5.2015,0,1.5745,0.45937,0.40258,5.1919,0.53548,0,0,0,0,1.6675,1.6652,1.6645,1.6683,5.5368,-17.446,0,-24.613,-10.161,0,11.109
1.36,-2.5938,-0.35244,1,-0.016703,0.24305,0,0.96987,1.2049,5.206,0,1.5796,0.43187,0.40327,5.246,0.36053,0,0,0,0,1.6703,1.6679,1.6673,1.671,5.2879,-17.543,0,-25.161,-9.2885,0,11.127
1.37,-2.5815,-0.30036,1,-0.0085428,0.2451,0,0.96946,1.2577,5.2087,0,1.5833,0.40392,0.40385,5.2976,0.18465,0,0,0,0,1.6734,1.6708,1.6704,1.6739,5.0336,-17.632,0,-25.69,-8.4144,0,11.148
1.38,-2.5686,-0.24827,1,-0.00036594,0.247,0,0.96902,1.3109,5.2097,0,1.5858,0.37557,0.40435,5.3466,0.0079214,0,0,0,0,1.6768,1.674,1.6737,1.6772,4.7742,-17.712,0,-26.198,-7.5396,0,11.169
1.39,-2.5552,-0.19618,1,0.0078203,0.24874,0,0.96854,1.3646,5.2089,0,1.587,0.34687,0.40476,5.3931,-0.16956,0,0,0,0,1.6804,1.6775,1.6773,1.6806,4.5098,-17.783,0,-26.687,-6.6646,0,11.193
1.4,-2.5413,-0.1441,1,0.016009,0.25032,0,0.96803,1.4187,5.2063,0,1.5869,0.31788,0.40509,5.4368,-0.3477,0,0,0,0,1.6843,1.6812,1.6811,1.6844,4.2405,-17.845,0,-27.154,-5.7899,0,11.218
1.41,-2.5269,-0.092056,1,0.024193,0.25175,0,0.96749,1.4733,5.2019,0,1.5855,0.28865,0.40534,5.4779,-0.52642,0,0,0,0,1.6884,1.6851,1.6852,1.6883,3.9668,-17.898,0,-27.599,-4.9159,0,11.245
1.42,-2.5119,-0.040066,1,0.032367,0.25302,0,0.96692,1.5283,5.1957,0,1.5829,0.25923,0.40553,5.5161,-0.70564,0,0,0,0,1.6928,1.6893,1.6895,1.6926,3.6886,-17.943,0,-28.022,-4.0432,0,11.274
1.43,-2.4963,0.011853,1,0.040523,0.25412,0,0.96632,1.5836,5.1878,0,1.5791,0.22967,0.40565,5.5516,-0.88526,0,0,0,0,1.6974,1.6938,1.6941,1.697,3.4064,-17.979,0,-28.421,-3.1722,0,11.304
1.44,-2.4802,0.063683,1,0.048655,0.25507,0,0.9657,1.6393,5.178,0,1.5742,0.20002,0.40572,5.5843,-1.0652,0,0,0,0,1.7022,1.6984,1.6989,1.7017,3.1203,-18.007,0,-28.798,-2.3034,0,11.335
1.45,-2.4635,0.11541,1,0.056758,0.25586,0,0.96505,1.6953,5.1665,0,1.5681,0.17033,0.40574,5.614,-1.2454,0,0,0,0,1.7072,1.7033,1.7039,1.7066,2.8305,-18.025,0,-29.151,-1.4371,0,11.368
1.46,-2.4463,0.16701,1,0.064824,0.25649,0,0.96437,1.7516,5.1531,0,1.561,0.14065,0.40571,5.6409,-1.4257,0,0,0,0,1.7124,1.7084,1.7091,1.7117,2.5373,-18.035,0,-29.48,-0.57346,0,11.403
1.47,-2.4285,0.21846,1,0.07285,0.25695,0,0.96367,1.8081,5.138,0,1.5528,0.11101,0.40564,5.6647,-1.606,0,0,0,0,1.7178,1.7138,1.7145,1.717,2.241,-18.037,0,-29.787,0.28723,0,11.438
1.48,-2.4101,0.26976,1,0.080829,0.25726,0,0.96296,1.8649,5.121,0,1.5436,0.081465,0.40554,5.6857,-1.7864,0,0,0,0,1.7234,1.7193,1.7202,1.7224,1.9417,-18.03,0,-30.072,1.1447,0,11.476
1.49,-2.3912,0.32088,1,0.088755,0.25741,0,0.96222,1.9218,5.1022,0,1.5334,0.052045,0.40541,5.7036,-1.9666,0,0,0,0,1.7292,1.725,1.726,1.7281,1.6396,-18.014,0,-30.334,1.9988,0,11.514
1.5,-2.3717,0.3718,1,0.096625,0.2574,0,0.96146,1.9789,5.0817,0,1.5223,0.02279,0.40525,5.7184,-2.1466,0,0,0,0,1.7352,1.7308,1.732,1.734,1.3351,-17.99,0,-30.574,2.8491,0,11.553
1.51,-2.3516,0.42251,1,0.10443,0.25724,0,0.96069,2.0362,5.0593,0,1.5103,-0.006267,0.40508,5.7303,-2.3264,0,0,0,0,1.7413,1.7369,1.7381,1.74,1.0282,-17.957,0,-30.793,3.6955,0,11.594
1.52,-2.3309,0.47298,1,0.11217,0.25692,0,0.9599,2.0935,5.0351,0,1.4974,-0.035094,0.40489,5.739,-2.5057,0,0,0,0,1.7476,1.7431,1.7444,1.7462,0.71929,-17.916,0,-30.989,4.5377,0,11.635
1.53,-2.3097,0.5232,1,0.11985,0.25645,0,0.9591,2.1509,5.0092,0,1.4838,-0.063661,0.4047,5.7446,-2.6847,0,0,0,0,1.754,1.7495,1.7509,1.7525,0.4085,-17.866,0,-31.165,5.3754,0,11.678
1.54,-2.2879,0.57316,1,0.12744,0.25582,0,0.95829,2.2084,4.9815,0,1.4694,-0.091942,0.40449,5.7472,-2.863,0,0,0,0,1.7605,1.756,1.7575,1.759,0.096067,-17.808,0,-31.319,6.2085,0,11.722
1.55,-2.2656,0.62282,1,0.13496,0.25505,0,0.95746,2.2659,4.9519,0,1.4543,-0.11991,0.40429,5.7466,-3.0408,0,0,0,0,1.7672,1.7626,1.7642,1.7656,-0.2178,-17.742,0,-31.452,7.0366,0,11.766
1.56,-2.2426,0.67219,1,0.1424,0.25413,0,0.95663,2.3233,4.9206,0,1.4384,-0.14755,0.40409,5.7428,-3.2179,0,0,0,0,1.774,1.7693,1.771,1.7723,-0.53291,-17.668,0,-31.565,7.8595,0,11.811
1.57,-2.2191,0.72123,1,0.14975,0.25306,0,0.95579,2.3807,4.8876,0,1.422,-0.17484,0.40389,5.7359,-3.3941,0,0,0,0,1.7809,1.7762,1.7779,1.7792,-0.84903,-17.585,0,-31.657,8.6769,0,11.857
1.58,-2.195,0.76993,1,0.15701,0.25186,0,0.95494,2.438,4.8528,0,1.4049,-0.20176,0.40371,5.7258,-3.5695,0,0,0,0,1.7879,1.7832,1.785,1.7861,-1.166,-17.494,0,-31.729,9.4887,0,11.904
1.59,-2.1703,0.81828,1,0.16418,0.25051,0,0.95409,2.4952,4.8162,0,1.3873,-0.22829,0.40353,5.7126,-3.744,0,0,0,0,1.795,1.7902,1.7921,1.7931,-1.4835,-17.395,0,-31.781,10.294,0,11.951
1.6,-2.1451,0.86625,1,0.17125,0.24902,0,0.95324,2.5523,4.7779,0,1.3692,-0.25442,0.40338,5.6962,-3.9174,0,0,0,0,1.8021,1.7974,1.7993,1.8002,-1.8015,-17.288,0,-31.814,11.094,0,11.998
1.61,-2.1193,0.91383,1,0.17823,0.24739,0,0.95238,2.6091,4.7378,0,1.3505,-0.28014,0.40324,5.6765,-4.0897,0,0,0,0,1.8094,1.8046,1.8066,1.8074,-2.1198,-17.173,0,-31.827,11.887,0,12.047
1.62,-2.0929,0.961,1,0.18511,0.24563,0,0.95152,2.6658,4.6961,0,1.3314,-0.30545,0.40312,5.6538,-4.2608,0,0,0,0,1.8166,1.8118,1.8139,1.8146,-2.438,-17.05,0,-31.821,12.674,0,12.095
1.63,-2.066,1.0077,1,0.19189,0.24374,0,0.95067,2.7222,4.6526,0,1.3119,-0.33032,0.40303,5.6278,-4.4307,0,0,0,0,1.824,1.8192,1.8213,1.8219,-2.7561,-16.92,0,-31.796,13.453,0,12.144
1.64,-2.0385,1.0541,1,0.19857,0.24172,0,0.94981,2.7783,4.6075,0,1.292,-0.35477,0.40297,5.5986,-4.5992,0,0,0,0,1.8313,1.8265,1.8287,1.8292,-3.0739,-16.781,0,-31.753,14.226,0,12.193
1.65,-2.0104,1.0999,1,0.20514,0.23957,0,0.94896,2.8342,4.5607,0,1.2717,-0.37877,0.40293,5.5663,-4.7663,0,0,0,0,1.8387,1.8339,1.8361,1.8365,-3.3911,-16.635,0,-31.691,14.99,0,12.242
1.66,-1.9818,1.1453,1,0.2116,0.2373,0,0.94811,2.8897,4.5122,0,1.2511,-0.40233,0.40292,5.5308,-4.9319,0,0,0,0,1.8461,1.8413,1.8436,1.8439,-3.7076,-16.482,0,-31.61,15.748,0,12.292
1.67,-1.9526,1.1901,1,0.21795,0.2349,0,0.94727,2.9448,4.462,0,1.2302,-0.42544,0.40295,5.4922,-5.0959,0,0,0,0,1.8535,1.8487,1.8511,1.8513,-4.0233,-16.32,0,-31.512,16.497,0,12.341
1.68,-1.9229,1.2345,1,0.2242,0.23239,0,0.94643,2.9995,4.4102,0,1.209,-0.44811,0.40301,5.4504,-5.2583,0,0,0,0,1.8609,1.8562,1.8585,1.8587,-4.3378,-16.152,0,-31.396,17.238,0,12.391
1.69,-1.8926,1.2783,1,0.23033,0.22976,0,0.9456,3.0538,4.3569,0,1.1875,-0.47034,0.40311,5.4054,-5.4189,0,0,0,0,1.8683,1.8636,1.866,1.8661,-4.6511,-15.976,0,-31.263,17.97,0,12.44
1.7,-1.8618,1.3216,1,0.23635,0.22701,0,0.94478,3.1076,4.3019,0,1.1658,-0.49212,0.40325,5.3573,-5.5778,0,0,0,0,1.8757,1.871,1.8734,1.8734,-4.963,-15.792,0,-31.112,18.694,0,12.489
1.71,-1.8305,1.3644,1,0.24226,0.22416,0,0.94396,3.1609,4.2453,0,1.1439,-0.51345,0.40342,5.3062,-5.7347,0,0,0,0,1.8831,1.8784,1.8809,1.8808,-5.2733,-15.602,0,-30.945,19.409,0,12.538
1.72,-1.7986,1.4065,1,0.24806,0.22119,0,0.94316,3.2137,4.1872,0,1.1218,-0.53435,0.40364,5.2519,-5.8898,0,0,0,0,1.8904,1.8857,1.8882,1.8881,-5.5819,-15.404,0,-30.76,20.115,0,12.587
1.73,-1.7662,1.4481,1,0.25374,0.21812,0,0.94236,3.2659,4.1275,0,1.0996,-0.55481,0.40389,5.1945,-6.0428,0,0,0,0,1.8977,1.893,1.8956,1.8953,-5.8885,-15.2,0,-30.559,20.812,0,12.636
1.74,-1.7333,1.4891,1,0.2593,0.21494,0,0.94158,3.3176,4.0663,0,1.0771,-0.57484,0.40419,5.1341,-6.1937,0,0,0,0,1.9049,1.9003,1.9029,1.9025,-6.193,-14.988,0,-30.342,21.499,0,12.684
1.75,-1.6999,1.5294,1,0.26475,0.21166,0,0.9408,3.3686,4.0037,0,1.0546,-0.59444,0.40453,5.0707,-6.3425,0,0,0,0,1.9121,1.9074,1.9101,1.9097,-6.4953,-14.77,0,-30.109,22.176,0,12.732
1.76,-1.6659,1.5691,1,0.27008,0.20828,0,0.94004,3.419,3.9395,0,1.0319,-0.61362,0.40492,5.0042,-6.4891,0,0,0,0,1.9192,1.9146,1.9172,1.9168,-6.7951,-14.545,0,-29.861,22.843,0,12.78
1.77,-1.6315,1.6082,1,0.27529,0.2048,0,0.93929,3.4687,3.8739,0,1.0091,-0.63238,0.40535,4.9348,-6.6334,0,0,0,0,1.9262,1.9216,1.9243,1.9238,-7.0924,-14.313,0,-29.596,23.5,0,12.827
1.78,-1.5965,1.6466,1,0.28039,0.20122,0,0.93856,3.5177,3.8068,0,0.98617,-0.65073,0.40583,4.8624,-6.7753,0,0,0,0,1.9332,1.9286,1.9313,1.9308,-7.387,-14.075,0,-29.317,24.146,0,12.873
1.79,-1.5611,1.6843,1,0.28536,0.19755,0,0.93784,3.5659,3.7384,0,0.96318,-0.66868,0.40635,4.787,-6.9149,0,0,0,0,1.94,1.9355,1.9382,1.9376,-7.6787,-13.83,0,-29.023,24.781,0,12.919
1.8,-1.5252,1.7214,1,0.29022,0.19379,0,0.93713,3.6134,3.6685,0,0.9401,-0.68623,0.40692,4.7088,-7.0519,0,0,0,0,1.9468,1.9423,1.9451,1.9444,-7.9674,-13.579,0,-28.713,25.406,0,12.964
1.81,-1.4889,1.7577,1,0.29496,0.18994,0,0.93644,3.6601,3.5974,0,0.91695,-0.70338,0.40754,4.6277,-7.1864,0,0,0,0,1.9535,1.949,1.9518,1.951,-8.2529,-13.322,0,-28.39,26.019,0,13.009
1.82,-1.452,1.7933,1,0.29958,0.186,0,0.93576,3.7059,3.5248,0,0.89375,-0.72015,0.4082,4.5438,-7.3183,0,0,0,0,1.96,1.9556,1.9584,1.9576,-8.5352,-13.059,0,-28.052,26.621,0,13.053
1.83,-1.4147,1.8282,1,0.30408,0.18198,0,0.9351,3.751,3.451,0,0.87048,-0.73654,0.40892,4.457,-7.4476,0,0,0,0,1.9665,1.9621,1.9649,1.9641,-8.8139,-12.789,0,-27.7,27.211,0,13.096
1.84,-1.377,1.8623,1,0.30847,0.17787,0,0.93446,3.7951,3.3759,0,0.84717,-0.75256,0.40968,4.3675,-7.5741,0,0,0,0,1.9728,1.9684,1.9713,1.9704,-9.0891,-12.514,0,-27.334,27.789,0,13.138
1.85,-1.3388,1.8957,1,0.31273,0.17368,0,0.93383,3.8383,3.2995,0,0.82382,-0.76821,0.41049,4.2752,-7.6979,0,0,0,0,1.979,1.9747,1.9775,1.9766,-9.3606,-12.234,0,-26.955,28.355,0,13.18
1.86,-1.3002,1.9283,1,0.31687,0.16942,0,0.93322,3.8806,3.2219,0,0.80043,-0.78351,0.41135,4.1803,-7.8188,0,0,0,0,1.9851,1.9808,1.9837,1.9827,-9.6282,-11.947,0,-26.563,28.908,0,13.22
1.87,-1.2612,1.9601,1,0.3209,0.16507,0,0.93262,3.9219,3.1432,0,0.777,-0.79845,0.41226,4.0827,-7.9368,0,0,0,0,1.991,1.9868,1.9897,1.9886,-9.8918,-11.656,0,-26.157,29.449,0,13.26
1.88,-1.2218,1.9912,1,0.3248,0.16065,0,0.93204,3.9622,3.0632,0,0.75354,-0.81305,0.41321,3.9825,-8.0519,0,0,0,0,1.9968,1.9926,1.9955,1.9944,-10.151,-11.358,0,-25.739,29.977,0,13.299
1.89,-1.182,2.0214,1,0.32858,0.15615,0,0.93148,4.0015,2.9821,0,0.73005,-0.8273,0.41422,3.8797,-8.1639,0,0,0,0,2.0025,1.9983,2.0012,2.0001,-10.407,-11.056,0,-25.309,30.492,0,13.337
1.9,-1.1418,2.0508,1,0.33225,0.15158,0,0.93093,4.0398,2.8999,0,0.70654,-0.84122,0.41527,3.7744,-8.273,0,0,0,0,2.008,2.0038,2.0068,2.0056,-10.657,-10.749,0,-24.866,30.994,0,13.374
1.91,-1.1012,2.0794,1,0.33579,0.14694,0,0.93041,4.077,2.8167,0,0.683,-0.85482,0.41638,3.6665,-8.3789,0,0,0,0,2.0134,2.0092,2.0122,2.011,-10.904,-10.436,0,-24.411,31.482,0,13.41
1.92,-1.0602,2.1071,1,0.33921,0.14223,0,0.9299,4.1131,2.7324,0,0.65944,-0.86809,0.41753,3.5563,-8.4817,0,0,0,0,2.0186,2.0145,2.0175,2.0162,-11.146,-10.119,0,-23.945,31.956,0,13.445
1.93,-1.0189,2.134,1,0.34252,0.13745,0,0.9294,4.1481,2.6471,0,0.63585,-0.88105,0.41873,3.4437,-8.5813,0,0,0,0,2.0237,2.0195,2.0226,2.0212,-11.383,-9.7972,0,-23.467,32.417,0,13.478
1.94,-0.97729,2.1601,1,0.3457,0.13261,0,0.92893,4.182,2.5608,0,0.61224,-0.89369,0.41998,3.3287,-8.6776,0,0,0,0,2.0286,2.0245,2.0275,2.0261,-11.615,-9.4708,0,-22.977,32.863,0,13.511
1.95,-0.93531,2.1853,1,0.34876,0.1277,0,0.92847,4.2147,2.4735,0,0.5886,-0.90602,0.42128,3.2114,-8.7707,0,0,0,0,2.0333,2.0292,2.0323,2.0309,-11.842,-9.14,0,-22.477,33.294,0,13.543
1.96,-0.893,2.2096,1,0.3517,0.12273,0,0.92803,4.2462,2.3854,0,0.56494,-0.91806,0.42263,3.0918,-8.8604,0,0,0,0,2.0379,2.0338,2.0369,2.0354,-12.064,-8.8049,0,-21.966,33.711,0,13.573
1.97,-0.85039,2.233,1,0.35452,0.11769,0,0.92761,4.2765,2.2963,0,0.54126,-0.92979,0.42403,2.9701,-8.9467,0,0,0,0,2.0423,2.0382,2.0413,2.0398,-12.281,-8.4658,0,-21.445,34.113,0,13.603
1.98,-0.80747,2.2555,1,0.35722,0.1126,0,0.92721,4.3056,2.2064,0,0.51755,-0.94123,0.42547,2.8462,-9.0297,0,0,0,0,2.0465,2.0425,2.0456,2.044,-12.493,-8.1227,0,-20.913,34.5,0,13.631
1.99,-0.76428,2.2771,1,0.3598,0.10745,0,0.92682,4.3334,2.1157,0,0.49381,-0.95237,0.42696,2.7203,-9.1092,0,0,0,0,2.0505,2.0466,2.0497,2.0481,-12.7,-7.7758,0,-20.372,34.872,0,13.658
2,-0.72081,2.2978,1,0.36226,0.10224,0,0.92645,4.36,2.0243,0,0.47004,-0.96323,0.4285,2.5922,-9.1852,0,0,0,0,2.0544,2.0505,2.0536,2.052,-12.901,-7.4253,0,-19.82,35.228,0,13.684
2.01,-0.67708,2.3176,1,0.36459,0.09697,0,0.9261,4.3853,1.932,0,0.44623,-0.9738,0.43009,2.4623,-9.2577,0,0,0,0,2.0581,2.0542,2.0574,2.0557,-13.096,-7.0713,0,-19.26,35.568,0,13.709
2.02,-0.63311,2.3364,1,0.36681,0.09165,0,0.92577,4.4092,1.8391,0,0.42239,-0.98408,0.43172,2.3303,-9.3266,0,0,0,0,2.0617,2.0578,2.0609,2.0592,-13.286,-6.714,0,-18.69,35.893,0,13.733
2.03,-0.5889,2.3544,1,0.3689,0.086276,0,0.92546,4.4319,1.7455,0,0.39852,-0.99409,0.43341,2.1966,-9.3919,0,0,0,0,2.065,2.0612,2.0643,2.0626,-13.47,-6.3535,0,-18.111,36.201,0,13.755
2.04,-0.54448,2.3713,1,0.37087,0.080852,0,0.92516,4.4532,1.6513,0,0.37461,-1.0038,0.43513,2.061,-9.4537,0,0,0,0,2.0682,2.0644,2.0676,2.0657,-13.648,-5.99,0,-17.524,36.493,0,13.776
2.05,-0.49984,2.3874,1,0.37271,0.075376,0,0.92488,4.4731,1.5565,0,0.35065,-1.0132,0.4369,1.9236,-9.5117,0,0,0,0,2.0712,2.0674,2.0706,2.0687,-13.82,-5.6237,0,-16.928,36.768,0,13.796
2.06,-0.45502,2.4025,1,0.37444,0.069852,0,0.92462,4.4916,1.4611,0,0.32666,-1.0224,0.43872,1.7846,-9.5661,0,0,0,0,2.074,2.0702,2.0735,2.0715,-13.987,-5.2547,0,-16.325,37.027,0,13.815
2.07,-0.41002,2.4166,1,0.37604,0.064281,0,0.92437,4.5088,1.3652,0,0.30261,-1.0313,0.44058,1.6439,-9.6168,0,0,0,0,2.0767,2.0729,2.0761,2.0742,-14.147,-4.8832,0,-15.713,37.268,0,13.833
2.08,-0.36485,2.4298,1,0.37752,0.058663,0,0.92414,4.5245,1.2687,0,0.27852,-1.0399,0.44248,1.5017,-9.6638,0,0,0,0,2.0791,2.0754,2.0786,2.0766,-14.301,-4.5094,0,-15.094,37.492,0,13.85
2.09,-0.31953,2.442,1,0.37887,0.053001,0,0.92393,4.5388,1.1719,0,0.25438,-1.0482,0.44443,1.3579,-9.707,0,0,0,0,2.0814,2.0777,2.081,2.0789,-14.449,-4.1334,0,-14.467,37.699,0,13.865
2.1,-0.27408,2.4532,1,0.38011,0.047295,0,0.92373,4.5517,1.0746,0,0.23019,-1.0562,0.44642,1.2127,-9.7465,0,0,0,0,2.0835,2.0798,2.0831,2.081,-14.59,-3.7555,0,-13.834,37.888,0,13.879
2.11,-0.2285,2.4635,1,0.38121,0.041547,0,0.92355,4.5631,0.97697,0,0.20594,-1.064,0.44845,1.0661,-9.7821,0,0,0,0,2.0855,2.0818,2.0851,2.083,-14.725,-3.3757,0,-13.193,38.059,0,13.892
2.12,-0.18282,2.4727,1,0.38219,0.035759,0,0.92339,4.573,0.87899,0,0.18164,-1.0715,0.45052,0.91823,-9.814,0,0,0,0,2.0872,2.0836,2.0869,2.0847,-14.854,-2.9944,0,-12.546,38.212,0,13.904
2.13,-0.13705,2.481,1,0.38305,0.029932,0,0.92324,4.5814,0.78071,0,0.15728,-1.0786,0.45262,0.76907,-9.842,0,0,0,0,2.0888,2.0852,2.0886,2.0863,-14.976,-2.6116,0,-11.893,38.347,0,13.915
2.14,-0.091197,2.4884,1,0.38378,0.024068,0,0.92311,4.5884,0.68216,0,0.13287,-1.0855,0.45477,0.61872,-9.8662,0,0,0,0,2.0903,2.0867,2.09,2.0878,-15.092,-2.2275,0,-11.234,38.463,0,13.925
2.15,-0.045285,2.4947,1,0.38439,0.018167,0,0.92299,4.5938,0.5834,0,0.10839,-1.0921,0.45695,0.46726,-9.8865,0,0,0,0,2.0915,2.088,2.0913,2.089,-15.201,-1.8424,0,-10.569,38.561,0,13.933
2.16,0.00067378,2.5,1,0.38486,0.012231,0,0.92289,4.5977,0.48444,0,0.083855,-1.0984,0.45917,0.31473,-9.903,0,0,0,0,2.0926,2.0891,2.0925,2.0901,-15.303,-1.4563,0,-9.8979,38.639,0,13.941
2.17,0.046664,2.5044,1,0.38522,0.0062631,0,0.92281,4.6001,0.38535,0,0.059259,-1.1044,0.46142,0.16122,-9.9157,0,0,0,0,2.0936,2.0901,2.0935,2.091,-15.399,-1.0696,0,-9.2221,38.699,0,13.947
2.18,0.09267,2.5077,1,0.38544,0.00026323,0,0.92273,4.6009,0.28614,0,0.034604,-1.1101,0.4637,0.0067776,-9.9244,0,0,0,0,2.0944,2.0909,2.0943,2.0918,-15.488,-0.68243,0,-8.5412,38.739,0,13.952
2.19,0.13868,2.5101,1,0.38554,-0.0057665,0,0.92267,4.6002,0.18687,0,0.0098887,-1.1154,0.46601,-0.14851,-9.9293,0,0,0,0,2.095,2.0915,2.095,2.0924,-15.57,-0.29491,0,-7.8557,38.761,0,13.956
2.2,0.18467,2.5115,1,0.3855,-0.011825,0,0.92263,4.5979,0.087571,0,-0.014886,-1.1205,0.46835,-0.30459,-9.9303,0,0,0,0,2.0955,2.092,2.0955,2.0929,-15.645,0.09273,0,-7.1658,38.764,0,13.96
2.21,0.23063,2.5118,1,0.38534,-0.017909,0,0.9226,4.5941,-0.011721,0,-0.039718,-1.1252,0.47072,-0.46138,-9.9275,0,0,0,0,2.0958,2.0924,2.0958,2.0932,-15.713,0.48031,0,-6.4718,38.749,0,13.962
2.22,0.27655,2.5112,1,0.38505,-0.024019,0,0.92258,4.5887,-0.11096,0,-0.064608,-1.1295,0.47311,-0.61883,-9.9207,0,0,0,0,2.096,2.0926,2.0961,2.0934,-15.774,0.86765,0,-5.774,38.716,0,13.963
2.23,0.3224,2.5096,1,0.38463,-0.030151,0,0.92258,4.5817,-0.21012,0,-0.089553,-1.1336,0.47552,-0.77684,-9.9101,0,0,0,0,2.096,2.0926,2.0961,2.0934,-15.828,1.2546,0,-5.0726,38.665,0,13.964
2.24,0.36818,2.507,1,0.38408,-0.036305,0,0.92258,4.5732,-0.30915,0,-0.11455,-1.1372,0.47796,-0.93537,-9.8956,0,0,0,0,2.0959,2.0926,2.0961,2.0933,-15.876,1.6409,0,-4.368,38.596,0,13.963
2.25,0.41386,2.5034,1,0.3834,-0.042478,0,0.9226,4.563,-0.40802,0,-0.1396,-1.1406,0.48041,-1.0943,-9.8773,0,0,0,0,2.0957,2.0924,2.0959,2.0931,-15.916,2.0264,0,-3.6604,38.51,0,13.962
2.26,0.45943,2.4989,1,0.38259,-0.048669,0,0.92263,4.5513,-0.50669,0,-0.1647,-1.1435,0.48288,-1.2537,-9.8551,0,0,0,0,2.0953,2.0921,2.0956,2.0927,-15.949,2.411,0,-2.9502,38.407,0,13.959
2.27,0.50488,2.4933,1,0.38165,-0.054876,0,0.92268,4.538,-0.60511,0,-0.18985,-1.1461,0.48536,-1.4133,-9.8291,0,0,0,0,2.0948,2.0916,2.0951,2.0922,-15.975,2.7945,0,-2.2376,38.287,0,13.956
2.28,0.55018,2.4868,1,0.38057,-0.061096,0,0.92273,4.523,-0.70326,0,-0.21504,-1.1483,0.48786,-1.5731,-9.7992,0,0,0,0,2.0942,2.091,2.0946,2.0916,-15.994,3.1767,0,-1.5228,38.151,0,13.952
2.29,0.59533,2.4792,1,0.37937,-0.067328,0,0.92279,4.5065,-0.80108,0,-0.24026,-1.1501,0.49036,-1.7331,-9.7655,0,0,0,0,2.0935,2.0904,2.0939,2.0909,-16.005,3.5575,0,-0.8063,37.997,0,13.948
2.3,0.64031,2.4707,1,0.37803,-0.073569,0,0.92287,4.4884,-0.89855,0,-0.26552,-1.1515,0.49287,-1.8932,-9.7281,0,0,0,0,2.0927,2.0896,2.0931,2.09,-16.01,3.9366,0,-0.088236,37.828,0,13.942
2.31,0.6851,2.4613,1,0.37655,-0.079817,0,0.92295,4.4686,-0.99563,0,-0.29081,-1.1526,0.49538,-2.0533,-9.6868,0,0,0,0,2.0917,2.0887,2.0922,2.0891,-16.007,4.314,0,0.63107,37.642,0,13.936
2.32,0.72968,2.4508,1,0.37495,-0.086071,0,0.92304,4.4473,-1.0923,0,-0.31612,-1.1531,0.49789,-2.2133,-9.6418,0,0,0,0,2.0907,2.0877,2.0913,2.088,-15.997,4.6894,0,1.3513,37.441,0,13.93
2.33,0.77404,2.4394,1,0.37321,-0.092327,0,0.92314,4.4244,-1.1885,0,-0.34145,-1.1533,0.5004,-2.3732,-9.593,0,0,0,0,2.0896,2.0866,2.0902,2.0869,-15.98,5.0628,0,2.0722,37.224,0,13.922
2.34,0.81816,2.4271,1,0.37133,-0.098584,0,0.92325,4.3998,-1.2841,0,-0.36678,-1.153,0.5029,-2.5329,-9.5405,0,0,0,0,2.0884,2.0855,2.089,2.0857,-15.956,5.4339,0,2.7935,36.992,0,13.914
2.35,0.86203,2.4138,1,0.36932,-0.10484,0,0.92337,4.3737,-1.3793,0,-0.39212,-1.1523,0.5054,-2.6923,-9.4844,0,0,0,0,2.0871,2.0842,2.0878,2.0844,-15.924,5.8025,0,3.5149,36.745,0,13.906
2.36,0.90563,2.3995,1,0.36718,-0.11109,0,0.92349,4.346,-1.4738,0,-0.41745,-1.1511,0.50789,-2.8514,-9.4245,0,0,0,0,2.0857,2.0829,2.0864,2.083,-15.885,6.1687,0,4.2361,36.482,0,13.897
2.37,0.94894,2.3843,1,0.3649,-0.11733,0,0.92362,4.3167,-1.5677,0,-0.44277,-1.1494,0.51037,-3.01,-9.361,0,0,0,0,2.0843,2.0815,2.0851,2.0816,-15.839,6.5321,0,4.9569,36.205,0,13.887
2.38,0.99196,2.3681,1,0.36249,-0.12357,0,0.92376,4.2858,-1.661,0,-0.46806,-1.1473,0.51282,-3.1681,-9.2939,0,0,0,0,2.0827,2.0801,2.0836,2.08,-15.786,6.8927,0,5.6768,35.914,0,13.877
2.39,1.0347,2.3511,1,0.35995,-0.12979,0,0.9239,4.2533,-1.7536,0,-0.49332,-1.1447,0.51526,-3.3257,-9.2232,0,0,0,0,2.0812,2.0785,2.0821,2.0785,-15.726,7.2504,0,6.3957,35.608,0,13.867
2.4,1.077,2.3331,1,0.35727,-0.136,0,0.92405,4.2193,-1.8455,0,-0.51854,-1.1416,0.51768,-3.4826,-9.1489,0,0,0,0,2.0795,2.077,2.0805,2.0768,-15.658,7.6049,0,7.1132,35.288,0,13.856
2.41,1.119,2.3142,1,0.35445,-0.14219,0,0.9242,4.1837,-1.9366,0,-0.5437,-1.1379,0.52008,-3.6388,-9.0711,0,0,0,0,2.0779,2.0754,2.0789,2.0751,-15.583,7.9561,0,7.8292,34.955,0,13.845
2.42,1.1607,2.2943,1,0.3515,-0.14836,0,0.92436,4.1465,-2.0269,0,-0.56879,-1.1338,0.52244,-3.7943,-8.9898,0,0,0,0,2.0761,2.0737,2.0772,2.0734,-15.502,8.3039,0,8.5432,34.607,0,13.834
2.43,1.202,2.2736,1,0.34842,-0.1545,0,0.92452,4.1078,-2.1163,0,-0.5938,-1.1292,0.52478,-3.9488,-8.905,0,0,0,0,2.0744,2.072,2.0755,2.0717,-15.413,8.6482,0,9.255,34.247,0,13.823
2.44,1.2428,2.252,1,0.3452,-0.16062,0,0.92468,4.0675,-2.205,0,-0.61873,-1.124,0.52708,-4.1025,-8.8168,0,0,0,0,2.0726,2.0703,2.0737,2.0699,-15.317,8.9888,0,9.9643,33.873,0,13.811
2.45,1.2833,2.2295,1,0.34185,-0.16671,0,0.92485,4.0257,-2.2927,0,-0.64354,-1.1183,0.52935,-4.2551,-8.7252,0,0,0,0,2.0707,2.0685,2.0719,2.068,-15.213,9.3256,0,10.671,33.487,0,13.799
2.46,1.3233,2.2062,1,0.33837,-0.17277,0,0.92502,3.9824,-2.3795,0,-0.66824,-1.112,0.53158,-4.4067,-8.6303,0,0,0,0,2.0689,2.0667,2.0701,2.0662,-15.103,9.6585,0,11.374,33.088,0,13.787
2.47,1.3629,2.1819,1,0.33475,-0.1788,0,0.92519,3.9376,-2.4653,0,-0.6928,-1.1052,0.53377,-4.5572,-8.5321,0,0,0,0,2.067,2.065,2.0683,2.0643,-14.986,9.9873,0,12.074,32.676,0,13.774
2.48,1.4021,2.1569,1,0.331,-0.18478,0,0.92536,3.8913,-2.5501,0,-0.71721,-1.0978,0.53591,-4.7064,-8.4306,0,0,0,0,2.0651,2.0632,2.0665,2.0624,-14.862,10.312,0,12.771,32.252,0,13.762
2.49,1.4408,2.1309,1,0.32712,-0.19073,0,0.92553,3.8435,-2.6339,0,-0.74147,-1.0899,0.53801,-4.8544,-8.3259,0,0,0,0,2.0633,2.0613,2.0647,2.0606,-14.73,10.632,0,13.463,31.817,0,13.75
2.5,1.479,2.1042,1,0.32312,-0.19663,0,0.92571,3.7942,-2.7166,0,-0.76554,-1.0814,0.54006,-5.001,-8.2179,0,0,0,0,2.0614,2.0595,2.0628,2.0587,-14.592,10.948,0,14.152,31.369,0,13.737
2.51,1.5166,2.0766,1,0.31898,-0.20248,0,0.92588,3.7435,-2.7982,0,-0.78941,-1.0723,0.54206,-5.1462,-8.1069,0,0,0,0,2.0595,2.0577,2.061,2.0568,-14.447,11.26,0,14.835,30.91,0,13.725
2.52,1.5538,2.0482,1,0.31471,-0.20829,0,0.92605,3.6913,-2.8787,0,-0.81308,-1.0626,0.54401,-5.2899,-7.9928,0,0,0,0,2.0576,2.0559,2.0592,2.0549,-14.296,11.566,0,15.514,30.44,0,13.713
2.53,1.5905,2.019,1,0.31031,-0.21404,0,0.92623,3.6377,-2.9581,0,-0.83652,-1.0524,0.5459,-5.4321,-7.8756,0,0,0,0,2.0557,2.0542,2.0573,2.0531,-14.137,11.868,0,16.188,29.959,0,13.7
2.54,1.6266,1.9891,1,0.30579,-0.21973,0,0.9264,3.5827,-3.0362,0,-0.85971,-1.0416,0.54773,-5.5727,-7.7554,0,0,0,0,2.0538,2.0524,2.0555,2.0512,-13.972,12.166,0,16.856,29.467,0,13.688
2.55,1.6621,1.9583,1,0.30115,-0.22536,0,0.92657,3.5262,-3.1132,0,-0.88264,-1.0302,0.5495,-5.7115,-7.6323,0,0,0,0,2.052,2.0507,2.0537,2.0494,-13.8,12.458,0,17.519,28.965,0,13.676
2.56,1.6971,1.9268,1,0.29638,-0.23093,0,0.92673,3.4684,-3.1889,0,-0.90529,-1.0182,0.55122,-5.8486,-7.5063,0,0,0,0,2.0502,2.0489,2.052,2.0476,-13.622,12.745,0,18.175,28.452,0,13.665
2.57,1.7315,1.8945,1,0.29149,-0.23643,0,0.9269,3.4093,-3.2633,0,-0.92765,-1.0056,0.55287,-5.9839,-7.3774,0,0,0,0,2.0484,2.0473,2.0502,2.0459,-13.437,13.027,0,18.825,27.93,0,13.653
2.58,1.7653,1.8615,1,0.28647,-0.24186,0,0.92706,3.3488,-3.3364,0,-0.94969,-0.99249,0.55445,-6.1173,-7.2458,0,0,0,0,2.0467,2.0456,2.0485,2.0441,-13.245,13.303,0,19.469,27.397,0,13.642
2.59,1.7985,1.8278,1,0.28134,-0.24722,0,0.92722,3.2869,-3.4082,0,-0.9714,-0.97875,0.55597,-6.2488,-7.1114,0,0,0,0,2.0449,2.044,2.0469,2.0424,-13.047,13.575,0,20.105,26.855,0,13.63
2.6,1.831,1.7934,1,0.27609,-0.2525,0,0.92737,3.2238,-3.4786,0,-0.99277,-0.96443,0.55743,-6.3783,-6.9743,0,0,0,0,2.0433,2.0424,2.0453,2.0408,-12.843,13.84,0,20.735,26.304,0,13.62
2.61,1.8629,1.7583,1,0.27073,-0.2577,0,0.92752,3.1594,-3.5477,0,-1.0138,-0.94954,0.55881,-6.5057,-6.8346,0,0,0,0,2.0416,2.0409,2.0437,2.0392,-12.633,14.101,0,21.357,25.743,0,13.609
2.62,1.8942,1.7224,1,0.26525,-0.26282,0,0.92767,3.0937,-3.6153,0,-1.0344,-0.93408,0.56013,-6.6309,-6.6923,0,0,0,0,2.04,2.0394,2.0421,2.0376,-12.416,14.355,0,21.971,25.174,0,13.599
2.63,1.9248,1.686,1,0.25966,-0.26785,0,0.92781,3.0268,-3.6815,0,-1.0546,-0.91804,0.56138,-6.754,-6.5475,0,0,0,0,2.0385,2.038,2.0406,2.0361,-12.193,14.604,0,22.577,24.596,0,13.589
2.64,1.9547,1.6488,1,0.25396,-0.27279,0,0.92795,2.9586,-3.7462,0,-1.0744,-0.90145,0.56256,-6.8747,-6.4002,0,0,0,0,2.037,2.0366,2.0392,2.0347,-11.964,14.847,0,23.175,24.01,0,13.579
2.65,1.984,1.611,1,0.24816,-0.27764,0,0.92808,2.8893,-3.8095,0,-1.0938,-0.8843,0.56367,-6.9932,-6.2506,0,0,0,0,2.0356,2.0353,2.0378,2.0333,-11.73,15.084,0,23.764,23.416,0,13.57
2.66,2.0125,1.5726,1,0.24225,-0.28239,0,0.92821,2.8188,-3.8712,0,-1.1127,-0.86661,0.5647,-7.1093,-6.0986,0,0,0,0,2.0342,2.034,2.0365,2.0319,-11.489,15.316,0,24.344,22.814,0,13.561
2.67,2.0403,1.5336,1,0.23623,-0.28705,0,0.92833,2.7471,-3.9315,0,-1.1312,-0.84838,0.56567,-7.223,-5.9443,0,0,0,0,2.0329,2.0328,2.0352,2.0307,-11.243,15.541,0,24.914,22.204,0,13.553
2.68,2.0674,1.494,1,0.23012,-0.29161,0,0.92844,2.6743,-3.9901,0,-1.1492,-0.82961,0.56657,-7.3342,-5.7878,0,0,0,0,2.0316,2.0317,2.034,2.0295,-10.991,15.76,0,25.475,21.587,0,13.545
2.69,2.0938,1.4538,1,0.22391,-0.29606,0,0.92855,2.6004,-4.0472,0,-1.1667,-0.81033,0.56739,-7.4428,-5.6291,0,0,0,0,2.0304,2.0306,2.0329,2.0283,-10.733,15.972,0,26.027,20.962,0,13.537
2.7,2.1194,1.4131,1,0.21761,-0.3004,0,0.92866,2.5255,-4.1027,0,-1.1837,-0.79054,0.56815,-7.5488,-5.4683,0,0,0,0,2.0293,2.0296,2.0318,2.0272,-10.47,16.179,0,26.568,20.331,0,13.53
2.71,2.1443,1.3718,1,0.21121,-0.30463,0,0.92876,2.4494,-4.1566,0,-1.2002,-0.77026,0.56884,-7.6522,-5.3056,0,0,0,0,2.0282,2.0286,2.0307,2.0262,-10.202,16.379,0,27.098,19.693,0,13.523
2.72,2.1684,1.3299,1,0.20473,-0.30875,0,0.92885,2.3724,-4.2088,0,-1.2162,-0.74949,0.56946,-7.7528,-5.1408,0,0,0,0,2.0272,2.0278,2.0298,2.0253,-9.9285,16.573,0,27.618,19.048,0,13.517
2.73,2.1918,1.2876,1,0.19816,-0.31276,0,0.92893,2.2944,-4.2594,0,-1.2316,-0.72825,0.57001,-7.8507,-4.9741,0,0,0,0,2.0263,2.027,2.0289,2.0244,-9.6498,16.76,0,28.127,18.398,0,13.511
2.74,2.2143,1.2448,1,0.19151,-0.31665,0,0.92901,2.2154,-4.3083,0,-1.2464,-0.70656,0.57049,-7.9458,-4.8056,0,0,0,0,2.0255,2.0262,2.0281,2.0236,-9.366,16.941,0,28.625,17.741,0,13.506
2.75,2.2361,1.2014,1,0.18478,-0.32042,0,0.92908,2.1355,-4.3555,0,-1.2607,-0.68442,0.57092,-8.038,-4.6353,0,0,0,0,2.0247,2.0255,2.0273,2.0229,-9.0773,17.115,0,29.11,17.079,0,13.501
2.76,2.257,1.1577,1,0.17797,-0.32406,0,0.92915,2.0547,-4.401,0,-1.2745,-0.66185,0.57127,-8.1273,-4.4633,0,0,0,0,2.0239,2.0249,2.0266,2.0222,-8.7839,17.282,0,29.584,16.411,0,13.496
2.77,2.2772,1.1134,1,0.17108,-0.32758,0,0.9292,1.973,-4.4447,0,-1.2876,-0.63887,0.57157,-8.2137,-4.2897,0,0,0,0,2.0233,2.0244,2.026,2.0216,-8.4857,17.443,0,30.046,15.738,0,13.492
2.78,2.2965,1.0688,1,0.16413,-0.33097,0,0.92926,1.8904,-4.4868,0,-1.3002,-0.61549,0.57181,-8.297,-4.1145,0,0,0,0,2.0227,2.0239,2.0254,2.0211,-8.183,17.597,0,30.495,15.06,0,13.488
2.79,2.315,1.0237,1,0.15711,-0.33424,0,0.9293,1.807,-4.527,0,-1.3122,-0.59173,0.57199,-8.3773,-3.9378,0,0,0,0,2.0222,2.0235,2.025,2.0206,-7.8758,17.744,0,30.931,14.378,0,13.485
2.8,2.3326,0.97823,1,0.15003,-0.33737,0,0.92934,1.7229,-4.5655,0,-1.3236,-0.5676,0.57211,-8.4545,-3.7596,0,0,0,0,2.0217,2.0232,2.0245,2.0202,-7.5644,17.884,0,31.355,13.691,0,13.483
2.81,2.3494,0.93239,1,0.14288,-0.34037,0,0.92937,1.6379,-4.6022,0,-1.3343,-0.54313,0.57218,-8.5286,-3.5801,0,0,0,0,2.0213,2.0229,2.0242,2.0199,-7.2488,18.018,0,31.764,13,0,13.481
2.82,2.3654,0.88619,1,0.13568,-0.34324,0,0.9294,1.5523,-4.6371,0,-1.3445,-0.51833,0.57219,-8.5995,-3.3993,0,0,0,0,2.021,2.0227,2.0239,2.0197,-6.9291,18.144,0,32.161,12.305,0,13.479
2.83,2.3805,0.83965,1,0.12842,-0.34596,0,0.92942,1.466,-4.6702,0,-1.354,-0.49322,0.57216,-8.6672,-3.2173,0,0,0,0,2.0208,2.0225,2.0237,2.0195,-6.6056,18.264,0,32.543,11.606,0,13.477
2.84,2.3947,0.79279,1,0.12112,-0.34855,0,0.92943,1.379,-4.7015,0,-1.3629,-0.4678,0.57208,-8.7316,-3.0341,0,0,0,0,2.0206,2.0225,2.0235,2.0194,-6.2783,18.376,0,32.91,10.904,0,13.476
2.85,2.408,0.74563,1,0.11376,-0.351,0,0.92944,1.2913,-4.7309,0,-1.3712,-0.44212,0.57196,-8.7927,-2.8498,0,0,0,0,2.0205,2.0224,2.0234,2.0193,-5.9475,18.482,0,33.264,10.198,0,13.476
2.86,2.4205,0.69818,1,0.10636,-0.35331,0,0.92944,1.2031,-4.7584,0,-1.3789,-0.41617,0.57179,-8.8505,-2.6644,0,0,0,0,2.0204,2.0225,2.0234,2.0193,-5.6131,18.58,0,33.602,9.49,0,13.476
2.87,2.4321,0.65047,1,0.098927,-0.35548,0,0.92943,1.1143,-4.7842,0,-1.3859,-0.38998,0.57159,-8.905,-2.4782,0,0,0,0,2.0204,2.0226,2.0234,2.0194,-5.2755,18.672,0,33.925,8.779,0,13.476
2.88,2.4428,0.60251,1,0.091452,-0.3575,0,0.92942,1.025,-4.808,0,-1.3924,-0.36356,0.57135,-8.956,-2.291,0,0,0,0,2.0205,2.0227,2.0235,2.0195,-4.9347,18.756,0,34.233,8.0657,0,13.477
2.89,2.4526,0.55431,1,0.083944,-0.35938,0,0.92941,0.93523,-4.83,0,-1.3982,-0.33694,0.57108,-9.0037,-2.1031,0,0,0,0,2.0206,2.023,2.0236,2.0197,-4.5909,18.833,0,34.524,7.3502,0,13.478
2.9,2.4615,0.50591,1,0.076406,-0.36111,0,0.92939,0.84497,-4.8501,0,-1.4034,-0.31013,0.57077,-9.0479,-1.9144,0,0,0,0,2.0207,2.0232,2.0238,2.02,-4.2442,18.903,0,34.8,6.6328,0,13.48
2.91,2.4695,0.45732,1,0.068842,-0.3627,0,0.92936,0.75429,-4.8683,0,-1.4079,-0.28315,0.57044,-9.0886,-1.725,0,0,0,0,2.021,2.0235,2.024,2.0203,-3.8949,18.966,0,35.059,5.9137,0,13.481
2.92,2.4766,0.40855,1,0.061254,-0.36414,0,0.92933,0.66321,-4.8846,0,-1.4118,-0.25602,0.57008,-9.1257,-1.5351,0,0,0,0,2.0212,2.0239,2.0243,2.0206,-3.5431,19.021,0,35.302,5.1932,0,13.484
2.93,2.4828,0.35963,1,0.053646,-0.36543,0,0.92929,0.57178,-4.899,0,-1.4152,-0.22875,0.56969,-9.1594,-1.3446,0,0,0,0,2.0216,2.0243,2.0247,2.021,-3.1889,19.07,0,35.528,4.4716,0,13.486
2.94,2.488,0.31058,1,0.046022,-0.36657,0,0.92925,0.48004,-4.9115,0,-1.4179,-0.20136,0.56929,-9.1895,-1.1537,0,0,0,0,2.022,2.0248,2.025,2.0215,-2.8326,19.111,0,35.736,3.7492,0,13.489
2.95,2.4924,0.26141,1,0.038385,-0.36756,0,0.92921,0.388,-4.922,0,-1.42,-0.17388,0.56887,-9.2161,-0.96245,0,0,0,0,2.0224,2.0253,2.0255,2.022,-2.4743,19.145,0,35.927,3.026,0,13.492
2.96,2.4958,0.21215,1,0.030738,-0.3684,0,0.92916,0.29573,-4.9307,0,-1.4215,-0.14631,0.56843,-9.239,-0.77087,0,0,0,0,2.0228,2.0258,2.0259,2.0225,-2.1141,19.171,0,36.1,2.3025,0,13.495
2.97,2.4983,0.1628,1,0.023085,-0.3691,0,0.9291,0.20324,-4.9375,0,-1.4223,-0.11867,0.56798,-9.2583,-0.57905,0,0,0,0,2.0233,2.0264,2.0265,2.0231,-1.7523,19.191,0,36.255,1.5789,0,13.499
2.98,2.4998,0.1134,1,0.015428,-0.36964,0,0.92905,0.11057,-4.9423,0,-1.4226,-0.090981,0.56753,-9.274,-0.38708,0,0,0,0,2.0239,2.0271,2.027,2.0237,-1.3891,19.203,0,36.392,0.85536,0,13.503
2.99,2.5005,0.063965,1,0.007771,-0.37003,0,0.92899,0.017768,-4.9452,0,-1.4223,-0.063259,0.56706,-9.2861,-0.19502,0,0,0,0,2.0245,2.0277,2.0276,2.0244,-1.0245,19.208,0,36.51,0.13222,0,13.507
3,2.5002,0.014506,1,0.00011738,-0.37027,0,0.92892,-0.075138,-4.9462,0,-1.4214,-0.03552,0.56659,-9.2945,-0.0029465,0,0,0,0,2.0251,2.0284,2.0282,2.0251,-0.65894,19.205,0,36.608,-0.5903,0,13.511
3.01,2.499,-0.034952,1,-0.0075299,-0.37036,0,0.92886,-0.16811,-4.9453,0,-1.42,-0.0077797,0.56611,-9.2993,0.18907,0,0,0,0,2.0257,2.0291,2.0289,2.0258,-0.29244,19.196,0,36.688,-1.3119,0,13.516
3.02,2.4968,-0.084392,1,-0.015168,-0.3703,0,0.92879,-0.26111,-4.9424,0,-1.4179,0.019947,0.56563,-9.3004,0.38095,0,0,0,0,2.0264,2.0299,2.0296,2.0266,0.074753,19.179,0,36.748,-2.0325,0,13.521
3.03,2.4938,-0.13379,1,-0.022793,-0.37009,0,0.92872,-0.3541,-4.9376,0,-1.4153,0.047644,0.56515,-9.2978,0.57263,0,0,0,0,2.0271,2.0307,2.0303,2.0274,0.44246,19.155,0,36.789,-2.7517,0,13.526
3.04,2.4898,-0.18314,1,-0.030402,-0.36973,0,0.92864,-0.44705,-4.931,0,-1.4121,0.075296,0.56468,-9.2915,0.76403,0,0,0,0,2.0279,2.0315,2.031,2.0282,0.81047,19.124,0,36.812,-3.4694,0,13.531
3.05,2.4848,-0.23241,1,-0.037993,-0.36922,0,0.92857,-0.53992,-4.9224,0,-1.4084,0.10289,0.5642,-9.2816,0.95509,0,0,0,0,2.0286,2.0323,2.0318,2.029,1.1786,19.086,0,36.815,-4.1854,0,13.536
3.06,2.479,-0.28158,1,-0.045562,-0.36856,0,0.92849,-0.63267,-4.9119,0,-1.4041,0.13041,0.56373,-9.2679,1.1457,0,0,0,0,2.0294,2.0331,2.0325,2.0299,1.5467,19.04,0,36.801,-4.8994,0,13.542
3.07,2.4722,-0.33064,1,-0.053106,-0.36775,0,0.92841,-0.72527,-4.8994,0,-1.3992,0.15785,0.56327,-9.2506,1.3359,0,0,0,0,2.0302,2.034,2.0333,2.0308,1.9146,18.988,0,36.768,-5.6113,0,13.547
3.08,2.4645,-0.37956,1,-0.060623,-0.36679,0,0.92833,-0.81767,-4.8851,0,-1.3938,0.18518,0.56282,-9.2297,1.5255,0,0,0,0,2.0311,2.0349,2.0342,2.0317,2.282,18.928,0,36.718,-6.3209,0,13.553
3.09,2.4558,-0.42833,1,-0.068109,-0.36569,0,0.92824,-0.90985,-4.8689,0,-1.3879,0.21241,0.56237,-9.205,1.7144,0,0,0,0,2.0319,2.0358,2.035,2.0326,2.6489,18.862,0,36.649,-7.0279,0,13.559
3.1,2.4463,-0.47693,1,-0.075562,-0.36444,0,0.92816,-1.0018,-4.8509,0,-1.3815,0.23951,0.56193,-9.1767,1.9027,0,0,0,0,2.0328,2.0367,2.0358,2.0335,3.015,18.788,0,36.564,-7.7322,0,13.565
3.11,2.4358,-0.52534,1,-0.082978,-0.36304,0,0.92807,-1.0934,-4.8309,0,-1.3745,0.26647,0.5615,-9.1447,2.0901,0,0,0,0,2.0336,2.0376,2.0367,2.0345,3.3801,18.707,0,36.461,-8.4335,0,13.571
3.12,2.4244,-0.57355,1,-0.090356,-0.3615,0,0.92798,-1.1846,-4.8091,0,-1.367,0.29329,0.56108,-9.1091,2.2768,0,0,0,0,2.0345,2.0386,2.0376,2.0354,3.7441,18.619,0,36.341,-9.1316,0,13.577
3.13,2.4121,-0.62152,1,-0.097691,-0.35981,0,0.9279,-1.2755,-4.7854,0,-1.359,0.31994,0.56068,-9.0698,2.4625,0,0,0,0,2.0354,2.0395,2.0385,2.0364,4.1069,18.524,0,36.204,-9.8263,0,13.583
3.14,2.3989,-0.66925,1,-0.10498,-0.35798,0,0.92781,-1.366,-4.7598,0,-1.3505,0.34643,0.56028,-9.027,2.6472,0,0,0,0,2.0363,2.0404,2.0393,2.0374,4.4681,18.423,0,36.051,-10.517,0,13.589
3.15,2.3848,-0.71671,1,-0.11223,-0.35601,0,0.92772,-1.4561,-4.7324,0,-1.3415,0.37274,0.5599,-8.9805,2.8309,0,0,0,0,2.0372,2.0414,2.0402,2.0383,4.8278,18.314,0,35.882,-11.205,0,13.595
3.16,2.3698,-0.76389,1,-0.11942,-0.3539,0,0.92763,-1.5456,-4.7032,0,-1.332,0.39885,0.55953,-8.9304,3.0135,0,0,0,0,2.0381,2.0423,2.0411,2.0393,5.1857,18.198,0,35.696,-11.888,0,13.602
3.17,2.3539,-0.81077,1,-0.12656,-0.35164,0,0.92754,-1.6347,-4.6721,0,-1.3221,0.42477,0.55917,-8.8768,3.1949,0,0,0,0,2.0391,2.0433,2.042,2.0403,5.5417,18.076,0,35.495,-12.567,0,13.608
3.18,2.3371,-0.85733,1,-0.13365,-0.34925,0,0.92745,-1.7231,-4.6393,0,-1.3116,0.45047,0.55883,-8.8196,3.375,0,0,0,0,2.04,2.0443,2.0429,2.0413,5.8956,17.947,0,35.278,-13.242,0,13.614
3.19,2.3194,-0.90355,1,-0.14068,-0.34672,0,0.92736,-1.811,-4.6047,0,-1.3007,0.47595,0.5585,-8.7589,3.5538,0,0,0,0,2.0409,2.0452,2.0438,2.0423,6.2472,17.811,0,35.046,-13.912,0,13.62
3.2,2.3008,-0.94941,1,-0.14765,-0.34405,0,0.92727,-1.8983,-4.5682,0,-1.2893,0.50121,0.55818,-8.6946,3.7312,0,0,0,0,2.0418,2.0462,2.0447,2.0433,6.5964,17.669,0,34.798,-14.578,0,13.627
3.21,2.2814,-0.99491,1,-0.15455,-0.34125,0,0.92718,-1.9849,-4.53,0,-1.2774,0.52623,0.55787,-8.6269,3.9072,0,0,0,0,2.0428,2.0471,2.0456,2.0443,6.9431,17.52,0,34.536,-15.238,0,13.633
3.22,2.2612,-1.04,1,-0.16139,-0.33831,0,0.92709,-2.0708,-4.4901,0,-1.2651,0.551,0.55758,-8.5558,4.0816,0,0,0,0,2.0437,2.0481,2.0465,2.0453,7.2871,17.364,0,34.258,-15.893,0,13.639
3.23,2.24,-1.0847,1,-0.16817,-0.33524,0,0.927,-2.156,-4.4484,0,-1.2524,0.57551,0.55731,-8.4812,4.2544,0,0,0,0,2.0446,2.049,2.0474,2.0462,7.6282,17.202,0,33.967,-16.542,0,13.646
3.24,2.218,-1.129,1,-0.17487,-0.33204,0,0.92691,-2.2405,-4.405,0,-1.2392,0.59977,0.55704,-8.4032,4.4256,0,0,0,0,2.0455,2.05,2.0483,2.0472,7.9664,17.033,0,33.661,-17.186,0,13.652
3.25,2.1952,-1.1728,1,-0.1815,-0.32871,0,0.92683,-2.3241,-4.3599,0,-1.2255,0.62375,0.55679,-8.3219,4.5951,0,0,0,0,2.0464,2.0509,2.0492,2.0482,8.3014,16.858,0,33.341,-17.824,0,13.658
3.26,2.1716,-1.2162,1,-0.18806,-0.32525,0,0.92674,-2.4069,-4.3131,0,-1.2115,0.64745,0.55656,-8.2372,4.7627,0,0,0,0,2.0473,2.0518,2.0501,2.0491,8.6332,16.677,0,33.007,-18.456,0,13.664
3.27,2.1471,-1.2591,1,-0.19454,-0.32166,0,0.92665,-2.4888,-4.2647,0,-1.197,0.67086,0.55633,-8.1492,4.9286,0,0,0,0,2.0482,2.0528,2.051,2.0501,8.9615,16.489,0,32.66,-19.082,0,13.67
3.28,2.1218,-1.3015,1,-0.20094,-0.31795,0,0.92657,-2.5699,-4.2145,0,-1.1821,0.69398,0.55612,-8.058,5.0925,0,0,0,0,2.0491,2.0537,2.0518,2.051,9.2863,16.295,0,32.299,-19.701,0,13.676
3.29,2.0957,-1.3433,1,-0.20726,-0.31411,0,0.92649,-2.65,-4.1628,0,-1.1667,0.7168,0.55592,-7.9635,5.2545,0,0,0,0,2.05,2.0546,2.0527,2.052,9.6074,16.095,0,31.925,-20.314,0,13.682
3.3,2.0688,-1.3847,1,-0.21349,-0.31016,0,0.9264,-2.7291,-4.1095,0,-1.151,0.73931,0.55573,-7.8659,5.4144,0,0,0,0,2.0509,2.0554,2.0535,2.0529,9.9248,15.889,0,31.538,-20.92,0,13.688
3.31,2.0411,-1.4255,1,-0.21964,-0.30608,0,0.92632,-2.8073,-4.0545,0,-1.1349,0.7615,0.55556,-7.765,5.5722,0,0,0,0,2.0517,2.0563,2.0543,2.0538,10.238,15.677,0,31.139,-21.518,0,13.694
3.32,2.0126,-1.4658,1,-0.22571,-0.30188,0,0.92624,-2.8844,-3.998,0,-1.1184,0.78337,0.5554,-7.6611,5.7279,0,0,0,0,2.0526,2.0572,2.0551,2.0547,10.548,15.459,0,30.728,-22.11,0,13.699
3.33,1.9834,-1.5055,1,-0.23168,-0.29757,0,0.92616,-2.9605,-3.94,0,-1.1015,0.80491,0.55524,-7.5541,5.8814,0,0,0,0,2.0534,2.058,2.0559,2.0556,10.853,15.235,0,30.304,-22.693,0,13.705
3.34,1.9534,-1.5446,1,-0.23756,-0.29314,0,0.92608,-3.0355,-3.8804,0,-1.0842,0.82612,0.55511,-7.4441,6.0326,0,0,0,0,2.0542,2.0589,2.0567,2.0565,11.154,15.005,0,29.868,-23.27,0,13.71
3.35,1.9227,-1.5831,1,-0.24335,-0.2886,0,0.92601,-3.1094,-3.8193,0,-1.0665,0.84699,0.55498,-7.331,6.1815,0,0,0,0,2.055,2.0597,2.0575,2.0573,11.45,14.769,0,29.421,-23.838,0,13.716
3.36,1.8913,-1.621,1,-0.24904,-0.28395,0,0.92593,-3.1821,-3.7568,0,-1.0485,0.8675,0.55486,-7.2151,6.3279,0,0,0,0,2.0558,2.0605,2.0582,2.0582,11.742,14.528,0,28.962,-24.399,0,13.721
3.37,1.8591,-1.6582,1,-0.25463,-0.27919,0,0.92586,-3.2536,-3.6928,0,-1.0301,0.88767,0.55475,-7.0962,6.472,0,0,0,0,2.0566,2.0612,2.059,2.059,12.029,14.281,0,28.492,-24.951,0,13.726
3.38,1.8262,-1.6948,1,-0.26012,-0.27432,0,0.92579,-3.324,-3.6274,0,-1.0114,0.90747,0.55465,-6.9745,6.6136,0,0,0,0,2.0573,2.062,2.0597,2.0598,12.312,14.029,0,28.011,-25.495,0,13.731
3.39,1.7926,-1.7308,1,-0.26551,-0.26934,0,0.92572,-3.3931,-3.5605,0,-0.99228,0.92691,0.55457,-6.85,6.7526,0,0,0,0,2.0581,2.0628,2.0604,2.0606,12.589,13.771,0,27.519,-26.03,0,13.736
3.4,1.7583,-1.766,1,-0.2708,-0.26427,0,0.92565,-3.461,-3.4923,0,-0.97285,0.94598,0.55449,-6.7227,6.889,0,0,0,0,2.0588,2.0635,2.0611,2.0614,12.862,13.509,0,27.017,-26.557,0,13.741
3.41,1.7234,-1.8006,1,-0.27598,-0.25909,0,0.92558,-3.5276,-3.4227,0,-0.95308,0.96468,0.55442,-6.5928,7.0227,0,0,0,0,2.0595,2.0642,2.0617,2.0621,13.13,13.24,0,26.505,-27.075,0,13.746
3.42,1.6878,-1.8345,1,-0.28106,-0.25381,0,0.92552,-3.5928,-3.3519,0,-0.93298,0.98299,0.55437,-6.4602,7.1538,0,0,0,0,2.0602,2.0649,2.0624,2.0629,13.392,12.967,0,25.983,-27.583,0,13.751
3.43,1.6515,-1.8676,1,-0.28602,-0.24843,0,0.92546,-3.6568,-3.2797,0,-0.91256,1.0009,0.55432,-6.325,7.282,0,0,0,0,2.0609,2.0656,2.063,2.0636,13.649,12.689,0,25.451,-28.082,0,13.755
3.44,1.6147,-1.9001,1,-0.29088,-0.24296,0,0.9254,-3.7193,-3.2062,0,-0.89182,1.0185,0.55428,-6.1872,7.4075,0,0,0,0,2.0615,2.0662,2.0636,2.0643,13.901,12.405,0,24.91,-28.572,0,13.759
3.45,1.5771,-1.9317,1,-0.29562,-0.2374,0,0.92534,-3.7805,-3.1315,0,-0.87078,1.0356,0.55425,-6.047,7.5301,0,0,0,0,2.0622,2.0668,2.0642,2.065,14.147,12.117,0,24.359,-29.051,0,13.764
3.46,1.539,-1.9627,1,-0.30025,-0.23174,0,0.92528,-3.8403,-3.0556,0,-0.84943,1.0523,0.55423,-5.9043,7.6498,0,0,0,0,2.0628,2.0674,2.0648,2.0656,14.388,11.824,0,23.799,-29.521,0,13.768
3.47,1.5003,-1.9929,1,-0.30477,-0.226,0,0.92523,-3.8986,-2.9786,0,-0.82779,1.0687,0.55422,-5.7592,7.7666,0,0,0,0,2.0634,2.068,2.0653,2.0662,14.623,11.527,0,23.231,-29.981,0,13.772
3.48,1.4611,-2.0223,1,-0.30916,-0.22016,0,0.92517,-3.9554,-2.9003,0,-0.80586,1.0846,0.55421,-5.6118,7.8804,0,0,0,0,2.064,2.0686,2.0659,2.0669,14.853,11.225,0,22.654,-30.431,0,13.775
3.49,1.4212,-2.0509,1,-0.31344,-0.21425,0,0.92512,-4.0108,-2.821,0,-0.78364,1.1001,0.55422,-5.4622,7.9911,0,0,0,0,2.0645,2.0691,2.0664,2.0674,15.076,10.918,0,22.069,-30.87,0,13.779
3.5,1.3809,-2.0787,1,-0.3176,-0.20825,0,0.92507,-4.0647,-2.7405,0,-0.76116,1.1152,0.55424,-5.3103,8.0987,0,0,0,0,2.065,2.0696,2.0668,2.068,15.294,10.607,0,21.476,-31.298,0,13.783
3.51,1.34,-2.1057,1,-0.32164,-0.20217,0,0.92503,-4.117,-2.659,0,-0.7384,1.1299,0.55426,-5.1563,8.2032,0,0,0,0,2.0655,2.0701,2.0673,2.0685,15.506,10.292,0,20.875,-31.715,0,13.786
3.52,1.2985,-2.1318,1,-0.32555,-0.19602,0,0.92498,-4.1678,-2.5765,0,-0.71538,1.1442,0.5543,-5.0002,8.3046,0,0,0,0,2.066,2.0706,2.0677,2.0691,15.712,9.9732,0,20.266,-32.122,0,13.789
3.53,1.2566,-2.1572,1,-0.32934,-0.18978,0,0.92494,-4.217,-2.4929,0,-0.69211,1.158,0.55434,-4.8421,8.4027,0,0,0,0,2.0665,2.071,2.0681,2.0696,15.911,9.65,0,19.65,-32.517,0,13.792
3.54,1.2142,-2.1817,1,-0.333,-0.18348,0,0.9249,-4.2646,-2.4084,0,-0.6686,1.1714,0.5544,-4.682,8.4975,0,0,0,0,2.0669,2.0715,2.0685,2.07,16.105,9.3229,0,19.027,-32.901,0,13.795
3.55,1.1713,-2.2054,1,-0.33654,-0.1771,0,0.92486,-4.3106,-2.323,0,-0.64484,1.1844,0.55446,-4.52,8.5891,0,0,0,0,2.0673,2.0718,2.0689,2.0705,16.292,8.992,0,18.397,-33.273,0,13.798
3.56,1.128,-2.2282,1,-0.33995,-0.17066,0,0.92483,-4.355,-2.2366,0,-0.62085,1.1969,0.55453,-4.3562,8.6774,0,0,0,0,2.0677,2.0722,2.0692,2.0709,16.473,8.6575,0,17.761,-33.633,0,13.8
3.57,1.0842,-2.2501,1,-0.34323,-0.16415,0,0.9248,-4.3978,-2.1494,0,-0.59664,1.209,0.55462,-4.1906,8.7623,0,0,0,0,2.0681,2.0726,2.0695,2.0713,16.647,8.3194,0,17.119,-33.981,0,13.802
3.58,1.04,-2.2711,1,-0.34638,-0.15758,0,0.92477,-4.4388,-2.0614,0,-0.57221,1.2207,0.55471,-4.0233,8.8437,0,0,0,0,2.0684,2.0729,2.0698,2.0716,16.815,7.9779,0,16.47,-34.316,0,13.805
3.59,0.99545,-2.2913,1,-0.34939,-0.15094,0,0.92474,-4.4782,-1.9726,0,-0.54757,1.2319,0.55481,-3.8543,8.9218,0,0,0,0,2.0687,2.0732,2.0701,2.072,16.976,7.6332,0,15.815,-34.639,0,13.807
3.6,0.95048,-2.3106,1,-0.35228,-0.14425,0,0.92471,-4.5159,-1.883,0,-0.52273,1.2426,0.55493,-3.6838,8.9964,0,0,0,0,2.069,2.0734,2.0703,2.0723,17.131,7.2852,0,15.155,-34.949,0,13.809
3.61,0.90514,-2.329,1,-0.35503,-0.1375,0,0.92469,-4.5519,-1.7927,0,-0.49769,1.2529,0.55506,-3.5117,9.0675,0,0,0,0,2.0693,2.0737,2.0705,2.0726,17.279,6.9342,0,14.489,-35.246,0,13.81
3.62,0.85945,-2.3464,1,-0.35764,-0.13069,0,0.92467,-4.5861,-1.7016,0,-0.47246,1.2628,0.55519,-3.3382,9.1351,0,0,0,0,2.0695,2.0739,2.0707,2.0729,17.421,6.5803,0,13.819,-35.53,0,13.812
3.63,0.81342,-2.363,1,-0.36012,-0.12384,0,0.92465,-4.6186,-1.61,0,-0.44706,1.2722,0.55534,-3.1633,9.1991,0,0,0,0,2.0698,2.0741,2.0709,2.0731,17.556,6.2237,0,13.143,-35.8,0,13.813
3.64,0.76708,-2.3786,1,-0.36246,-0.11693,0,0.92463,-4.6494,-1.5177,0,-0.42148,1.2811,0.5555,-2.9871,9.2595,0,0,0,0,2.0699,2.0742,2.071,2.0733,17.684,5.8644,0,12.463,-36.056,0,13.814
3.65,0.72044,-2.3934,1,-0.36467,-0.10998,0,0.92462,-4.6784,-1.4248,0,-0.39574,1.2896,0.55568,-2.8097,9.3164,0,0,0,0,2.0701,2.0743,2.0711,2.0735,17.805,5.5026,0,11.779,-36.299,0,13.815
3.66,0.67352,-2.4071,1,-0.36673,-0.10298,0,0.92461,-4.7056,-1.3314,0,-0.36985,1.2976,0.55586,-2.631,9.3696,0,0,0,0,2.0702,2.0745,2.0712,2.0737,17.919,5.1384,0,11.09,-36.527,0,13.816
3.67,0.62634,-2.42,1,-0.36866,-0.095942,0,0.9246,-4.731,-1.2374,0,-0.3438,1.3051,0.55606,-2.4513,9.4191,0,0,0,0,2.0704,2.0745,2.0713,2.0738,18.027,4.7721,0,10.397,-36.74,0,13.817
3.68,0.57891,-2.4319,1,-0.37045,-0.088864,0,0.92459,-4.7546,-1.143,0,-0.31762,1.3122,0.55628,-2.2705,9.465,0,0,0,0,2.0705,2.0746,2.0713,2.0739,18.127,4.4037,0,9.701,-36.939,0,13.817
3.69,0.53125,-2.4428,1,-0.37209,-0.08175,0,0.92459,-4.7764,-1.0481,0,-0.2913,1.3188,0.5565,-2.0888,9.5072,0,0,0,0,2.0705,2.0746,2.0713,2.074,18.221,4.0334,0,9.0013,-37.122,0,13.817
3.7,0.48338,-2.4528,1,-0.37359,-0.074601,0,0.92459,-4.7964,-0.95285,0,-0.26486,1.325,0.55674,-1.9061,9.5457,0,0,0,0,2.0706,2.0746,2.0713,2.074,18.307,3.6613,0,8.2985,-37.291,0,13.817
3.71,0.43533,-2.4619,1,-0.37495,-0.06742,0,0.92459,-4.8145,-0.85722,0,-0.23831,1.3306,0.557,-1.7226,9.5804,0,0,0,0,2.0706,2.0746,2.0713,2.0741,18.387,3.2876,0,7.5928,-37.444,0,13.817
3.72,0.3871,-2.47,1,-0.37617,-0.06021,0,0.92459,-4.8308,-0.76126,0,-0.21165,1.3358,0.55726,-1.5384,9.6114,0,0,0,0,2.0706,2.0745,2.0712,2.0741,18.459,2.9125,0,6.8843,-37.581,0,13.817
3.73,0.33872,-2.4771,1,-0.37725,-0.052974,0,0.9246,-4.8453,-0.665,0,-0.18489,1.3405,0.55755,-1.3535,9.6387,0,0,0,0,2.0705,2.0744,2.0711,2.074,18.524,2.536,0,6.1735,-37.702,0,13.817
3.74,0.2902,-2.4833,1,-0.37818,-0.045713,0,0.9246,-4.8579,-0.5685,0,-0.15804,1.3448,0.55784,-1.1679,9.6621,0,0,0,0,2.0705,2.0743,2.071,2.074,18.583,2.1585,0,5.4604,-37.808,0,13.816
3.75,0.24157,-2.4885,1,-0.37896,-0.038431,0,0.92461,-4.8687,-0.47177,0,-0.13112,1.3485,0.55815,-0.98186,9.6818,0,0,0,0,2.0704,2.0742,2.0708,2.0739,18.634,1.7799,0,4.7454,-37.896,0,13.816
3.76,0.19283,-2.4927,1,-0.3796,-0.031131,0,0.92463,-4.8775,-0.37487,0,-0.10412,1.3518,0.55848,-0.79529,9.6977,0,0,0,0,2.0703,2.0741,2.0707,2.0738,18.678,1.4006,0,4.0287,-37.968,0,13.815
3.77,0.14402,-2.496,1,-0.3801,-0.023813,0,0.92464,-4.8846,-0.27783,0,-0.077061,1.3546,0.55881,-0.60833,9.7098,0,0,0,0,2.0702,2.0739,2.0705,2.0737,18.714,1.0206,0,3.3105,-38.023,0,13.814
3.78,0.095148,-2.4983,1,-0.38045,-0.016483,0,0.92465,-4.8897,-0.18069,0,-0.04995,1.3568,0.55916,-0.42103,9.7181,0,0,0,0,2.07,2.0737,2.0703,2.0736,18.744,0.64019,0,2.5911,-38.061,0,13.813
3.79,0.046233,-2.4996,1,-0.38065,-0.0091409,0,0.92467,-4.893,-0.083482,0,-0.022797,1.3586,0.55953,-0.23348,9.7226,0,0,0,0,2.0699,2.0735,2.0701,2.0734,18.766,0.25946,0,1.8707,-38.082,0,13.811
3.8,-0.0027057,-2.4999,1,-0.38071,-0.0017907,0,0.92469,-4.8944,0.013751,0,0.0043877,1.36,0.55991,-0.045734,9.7233,0,0,0,0,2.0697,2.0732,2.0698,2.0732,18.781,-0.12139,0,1.1496,-38.085,0,13.81
3.81,-0.051649,-2.4993,1,-0.38062,0.0055652,0,0.92471,-4.8939,0.11097,0,0.031595,1.3608,0.5603,0.14212,9.7202,0,0,0,0,2.0695,2.073,2.0696,2.073,18.789,-0.50218,0,0.42803,-38.07,0,13.808
3.82,-0.10058,-2.4977,1,-0.38039,0.012924,0,0.92474,-4.8915,0.20814,0,0.058814,1.3611,0.5607,0.33002,9.7133,0,0,0,0,2.0692,2.0727,2.0693,2.0728,18.79,-0.88274,0,-0.29383,-38.038,0,13.807
3.83,-0.14947,-2.4952,1,-0.38001,0.020284,0,0.92476,-4.8873,0.30523,0,0.086035,1.3609,0.56111,0.51789,9.7026,0,0,0,0,2.069,2.0724,2.069,2.0726,18.783,-1.2629,0,-1.0157,-37.988,0,13.805
3.84,-0.19832,-2.4916,1,-0.37948,0.027641,0,0.92479,-4.8812,0.40218,0,0.11325,1.3602,0.56154,0.70566,9.688,0,0,0,0,2.0688,2.0721,2.0687,2.0723,18.769,-1.6424,0,-1.7375,-37.921,0,13.803
3.85,-0.24709,-2.4871,1,-0.3788,0.034993,0,0.92482,-4.8732,0.49897,0,0.14044,1.359,0.56197,0.89326,9.6697,0,0,0,0,2.0685,2.0718,2.0684,2.072,18.748,-2.0213,0,-2.4588,-37.838,0,13.801
3.86,-0.29577,-2.4816,1,-0.37798,0.042337,0,0.92484,-4.8633,0.59556,0,0.1676,1.3573,0.56241,1.0806,9.6476,0,0,0,0,2.0682,2.0714,2.068,2.0718,18.72,-2.3991,0,-3.1795,-37.737,0,13.799
3.87,-0.34435,-2.4752,1,-0.37702,0.049671,0,0.92487,-4.8516,0.69191,0,0.19473,1.3551,0.56287,1.2676,9.6217,0,0,0,0,2.0679,2.0711,2.0677,2.0715,18.685,-2.7759,0,-3.8993,-37.62,0,13.797
3.88,-0.3928,-2.4678,1,-0.3759,0.056992,0,0.9249,-4.838,0.78799,0,0.2218,1.3524,0.56332,1.4543,9.5921,0,0,0,0,2.0676,2.0707,2.0673,2.0712,18.642,-3.1515,0,-4.618,-37.487,0,13.795
3.89,-0.4411,-2.4594,1,-0.37464,0.064296,0,0.92494,-4.8225,0.88374,0,0.24881,1.3492,0.56379,1.6405,9.5587,0,0,0,0,2.0673,2.0703,2.0669,2.0708,18.593,-3.5256,0,-5.3355,-37.338,0,13.792
3.9,-0.48924,-2.4501,1,-0.37324,0.071582,0,0.92497,-4.8052,0.97915,0,0.27575,1.3455,0.56425,1.8261,9.5216,0,0,0,0,2.067,2.07,2.0666,2.0705,18.536,-3.8982,0,-6.0514,-37.172,0,13.79
3.91,-0.5372,-2.4399,1,-0.37169,0.078846,0,0.925,-4.786,1.0742,0,0.3026,1.3412,0.56472,2.0111,9.4808,0,0,0,0,2.0667,2.0696,2.0662,2.0702,18.471,-4.269,0,-6.7656,-36.992,0,13.788
3.92,-0.58496,-2.4286,1,-0.36999,0.086086,0,0.92504,-4.7649,1.1687,0,0.32936,1.3364,0.5652,2.1955,9.4362,0,0,0,0,2.0664,2.0692,2.0658,2.0698,18.4,-4.638,0,-7.4778,-36.796,0,13.785
3.93,-0.63249,-2.4165,1,-0.36816,0.093299,0,0.92507,-4.7421,1.2629,0,0.35601,1.3311,0.56567,2.3791,9.388,0,0,0,0,2.066,2.0688,2.0654,2.0695,18.322,-5.0049,0,-8.1878,-36.584,0,13.783
3.94,-0.67979,-2.4034,1,-0.36617,0.10048,0,0.92511,-4.7174,1.3565,0,0.38255,1.3253,0.56614,2.5619,9.3361,0,0,0,0,2.0657,2.0684,2.065,2.0691,18.237,-5.3696,0,-8.8953,-36.358,0,13.78
3.95,-0.72683,-2.3894,1,-0.36405,0.10763,0,0.92514,-4.6908,1.4496,0,0.40896,1.319,0.56661,2.7438,9.2806,0,0,0,0,2.0654,2.0679,2.0646,2.0688,18.144,-5.732,0,-9.6003,-36.117,0,13.778
3.96,-0.7736,-2.3744,1,-0.36178,0.11475,0,0.92517,-4.6625,1.5421,0,0.43523,1.3121,0.56708,2.9248,9.2215,0,0,0,0,2.065,2.0675,2.0642,2.0684,18.045,-6.0919,0,-10.302,-35.862,0,13.775
3.97,-0.82008,-2.3585,1,-0.35937,0.12182,0,0.92521,-4.6323,1.634,0,0.46134,1.3048,0.56754,3.1047,9.1588,0,0,0,0,2.0647,2.0671,2.0638,2.0681,17.938,-6.4492,0,-11.001,-35.593,0,13.773
3.98,-0.86624,-2.3417,1,-0.35682,0.12886,0,0.92524,-4.6004,1.7253,0,0.4873,1.2969,0.568,3.2835,9.0925,0,0,0,0,2.0644,2.0667,2.0634,2.0677,17.825,-6.8037,0,-11.697,-35.309,0,13.77
3.99,-0.91208,-2.324,1,-0.35413,0.13585,0,0.92528,-4.5667,1.8158,0,0.51308,1.2884,0.56845,3.4612,9.0227,0,0,0,0,2.0641,2.0663,2.063,2.0674,17.704,-7.1553,0,-12.389,-35.012,0,13.768
4,-0.95757,-2.3054,1,-0.3513,0.14279,0,0.92531,-4.5312,1.9057,0,0.53867,1.2795,0.56889,3.6376,8.9494,0,0,0,0,2.0638,2.0659,2.0627,2.067,17.577,-7.5039,0,-13.077,-34.701,0,13.766
4.01,-1.0027,-2.2859,1,-0.34834,0.14968,0,0.92534,-4.4939,1.9948,0,0.56406,1.27,0.56932,3.8127,8.8727,0,0,0,0,2.0635,2.0655,2.0623,2.0667,17.443,-7.8493,0,-13.762,-34.377,0,13.763
4.02,-1.0474,-2.2655,1,-0.34523,0.15652,0,0.92537,-4.4549,2.0831,0,0.58925,1.26,0.56974,3.9864,8.7925,0,0,0,0,2.0632,2.0652,2.0619,2.0664,17.302,-8.1914,0,-14.442,-34.039,0,13.761
4.03,-1.0918,-2.2442,1,-0.34199,0.16331,0,0.9254,-4.4142,2.1707,0,0.61421,1.2495,0.57015,4.1587,8.7088,0,0,0,0,2.0629,2.0648,2.0616,2.0661,17.154,-8.5301,0,-15.117,-33.689,0,13.759
4.04,-1.1357,-2.2221,1,-0.33862,0.17004,0,0.92543,-4.3717,2.2573,0,0.63893,1.2384,0.57054,4.3295,8.6219,0,0,0,0,2.0626,2.0644,2.0613,2.0658,16.999,-8.8651,0,-15.788,-33.326,0,13.757
4.05,-1.1792,-2.1991,1,-0.33511,0.1767,0,0.92546,-4.3276,2.3431,0,0.66341,1.2269,0.57092,4.4987,8.5316,0,0,0,0,2.0624,2.0641,2.0609,2.0655,16.838,-9.1965,0,-16.455,-32.95,0,13.755
4.06,-1.2223,-2.1752,1,-0.33147,0.1833,0,0.92549,-4.2818,2.4279,0,0.68764,1.2148,0.57129,4.6662,8.4379,0,0,0,0,2.0621,2.0638,2.0606,2.0652,16.67,-9.5241,0,-17.116,-32.563,0,13.753
4.07,-1.2648,-2.1505,1,-0.3277,0.18984,0,0.92551,-4.2343,2.5118,0,0.71159,1.2022,0.57163,4.832,8.3411,0,0,0,0,2.0619,2.0634,2.0604,2.0649,16.496,-9.8477,0,-17.771,-32.163,0,13.751
4.08,-1.3069,-2.125,1,-0.3238,0.1963,0,0.92554,-4.1851,2.5947,0,0.73526,1.1891,0.57196,4.9961,8.241,0,0,0,0,2.0617,2.0631,2.0601,2.0647,16.315,-10.167,0,-18.421,-31.752,0,13.749
4.09,-1.3485,-2.0987,1,-0.31977,0.20269,0,0.92556,-4.1344,2.6766,0,0.75864,1.1755,0.57227,5.1583,8.1377,0,0,0,0,2.0615,2.0629,2.0598,2.0645,16.127,-10.483,0,-19.066,-31.328,0,13.748
4.1,-1.3896,-2.0715,1,-0.31562,0.20901,0,0.92558,-4.082,2.7575,0,0.78171,1.1614,0.57256,5.3186,8.0314,0,0,0,0,2.0613,2.0626,2.0596,2.0642,15.933,-10.794,0,-19.704,-30.894,0,13.746
4.11,-1.4302,-2.0435,1,-0.31134,0.21525,0,0.9256,-4.028,2.8373,0,0.80447,1.1468,0.57283,5.477,7.9219,0,0,0,0,2.0612,2.0623,2.0594,2.064,15.733,-11.101,0,-20.336,-30.449,0,13.745
4.12,-1.4702,-2.0147,1,-0.30694,0.22141,0,0.92562,-3.9725,2.9159,0,0.8269,1.1317,0.57308,5.6333,7.8094,0,0,0,0,2.061,2.0621,2.0592,2.0639,15.527,-11.403,0,-20.961,-29.992,0,13.744
4.13,-1.5096,-1.9852,1,-0.30242,0.22748,0,0.92563,-3.9153,2.9934,0,0.84899,1.1162,0.57331,5.7875,7.6938,0,0,0,0,2.0609,2.0619,2.059,2.0637,15.314,-11.7,0,-21.58,-29.525,0,13.743
4.14,-1.5485,-1.9549,1,-0.29778,0.23347,0,0.92565,-3.8567,3.0698,0,0.87073,1.1001,0.57352,5.9395,7.5754,0,0,0,0,2.0608,2.0617,2.0589,2.0636,15.095,-11.993,0,-22.192,-29.048,0,13.742
4.15,-1.5868,-1.9238,1,-0.29302,0.23937,0,0.92566,-3.7966,3.1449,0,0.89211,1.0835,0.5737,6.0893,7.454,0,0,0,0,2.0608,2.0615,2.0587,2.0635,14.87,-12.281,0,-22.796,-28.56,0,13.741
4.16,-1.6244,-1.892,1,-0.28815,0.24518,0,0.92567,-3.7349,3.2189,0,0.91312,1.0665,0.57386,6.2369,7.3298,0,0,0,0,2.0607,2.0614,2.0586,2.0634,14.639,-12.564,0,-23.393,-28.062,0,13.74
4.17,-1.6614,-1.8594,1,-0.28316,0.2509,0,0.92567,-3.6718,3.2915,0,0.93375,1.0491,0.57399,6.3821,7.2027,0,0,0,0,2.0607,2.0613,2.0586,2.0633,14.402,-12.843,0,-23.982,-27.554,0,13.74
4.18,-1.6978,-1.8262,1,-0.27806,0.25652,0,0.92568,-3.6073,3.3629,0,0.95399,1.0311,0.57411,6.5249,7.0729,0,0,0,0,2.0607,2.0612,2.0585,2.0632,14.16,-13.115,0,-24.563,-27.037,0,13.739
4.19,-1.7336,-1.7922,1,-0.27286,0.26204,0,0.92568,-3.5413,3.433,0,0.97384,1.0128,0.5742,6.6653,6.9404,0,0,0,0,2.0607,2.0611,2.0585,2.0632,13.911,-13.383,0,-25.136,-26.511,0,13.739
4.2,-1.7687,-1.7575,1,-0.26754,0.26746,0,0.92568,-3.474,3.5017,0,0.99327,0.99394,0.57426,6.8031,6.8053,0,0,0,0,2.0608,2.061,2.0585,2.0632,13.657,-13.646,0,-25.701,-25.975,0,13.739
4.21,-1.8031,-1.7221,1,-0.26213,0.27278,0,0.92568,-3.4053,3.5691,0,1.0123,0.9747,0.5743,6.9384,6.6675,0,0,0,0,2.0609,2.061,2.0585,2.0632,13.397,-13.903,0,-26.257,-25.43,0,13.739
4.22,-1.8368,-1.6861,1,-0.25661,0.27799,0,0.92568,-3.3352,3.635,0,1.0309,0.95503,0.57432,7.0711,6.5272,0,0,0,0,2.0609,2.061,2.0585,2.0632,13.132,-14.154,0,-26.804,-24.877,0,13.74
4.23,-1.8698,-1.6495,1,-0.25099,0.28309,0,0.92567,-3.2639,3.6996,0,1.049,0.93494,0.57432,7.201,6.3845,0,0,0,0,2.0611,2.061,2.0586,2.0633,12.861,-14.4,0,-27.341,-24.315,0,13.74
4.24,-1.902,-1.6121,1,-0.24527,0.28808,0,0.92566,-3.1912,3.7627,0,1.0667,0.91446,0.57429,7.3283,6.2393,0,0,0,0,2.0612,2.0611,2.0587,2.0634,12.585,-14.641,0,-27.87,-23.745,0,13.74
4.25,-1.9336,-1.5742,1,-0.23946,0.29296,0,0.92565,-3.1173,3.8244,0,1.084,0.89358,0.57424,7.4527,6.0917,0,0,0,0,2.0614,2.0611,2.0588,2.0635,12.304,-14.875,0,-28.388,-23.167,0,13.741
4.26,-1.9644,-1.5357,1,-0.23356,0.29773,0,0.92564,-3.0422,3.8845,0,1.1008,0.87231,0.57417,7.5743,5.9418,0,0,0,0,2.0615,2.0612,2.0589,2.0636,12.017,-15.104,0,-28.897,-22.582,0,13.742
4.27,-1.9944,-1.4965,1,-0.22756,0.30238,0,0.92563,-2.9658,3.9432,0,1.1171,0.85067,0.57408,7.693,5.7896,0,0,0,0,2.0617,2.0613,2.0591,2.0637,11.726,-15.327,0,-29.396,-21.988,0,13.743
4.28,-2.0237,-1.4568,1,-0.22148,0.30691,0,0.92561,-2.8883,4.0003,0,1.133,0.82867,0.57396,7.8088,5.6353,0,0,0,0,2.062,2.0614,2.0593,2.0639,11.429,-15.544,0,-29.884,-21.387,0,13.744
4.29,-2.0522,-1.4165,1,-0.21531,0.31132,0,0.92559,-2.8097,4.0559,0,1.1484,0.80632,0.57383,7.9216,5.4788,0,0,0,0,2.0622,2.0616,2.0595,2.0641,11.128,-15.754,0,-30.362,-20.78,0,13.745
4.3,-2.0799,-1.3757,1,-0.20907,0.31561,0,0.92557,-2.7299,4.1099,0,1.1633,0.78362,0.57368,8.0314,5.3202,0,0,0,0,2.0625,2.0617,2.0597,2.0643,10.822,-15.959,0,-30.829,-20.165,0,13.747
4.31,-2.1068,-1.3343,1,-0.20274,0.31977,0,0.92555,-2.6491,4.1623,0,1.1778,0.76059,0.57351,8.138,5.1596,0,0,0,0,2.0627,2.0619,2.0599,2.0645,10.512,-16.158,0,-31.285,-19.543,0,13.748
4.32,-2.1329,-1.2924,1,-0.19633,0.32381,0,0.92553,-2.5672,4.2131,0,1.1917,0.73725,0.57332,8.2416,4.9971,0,0,0,0,2.063,2.0621,2.0602,2.0647,10.197,-16.35,0,-31.729,-18.915,0,13.75
4.33,-2.1581,-1.2501,1,-0.18985,0.32772,0,0.9255,-2.4842,4.2622,0,1.2052,0.71359,0.57312,8.342,4.8326,0,0,0,0,2.0634,2.0623,2.0605,2.065,9.8771,-16.536,0,-32.162,-18.281,0,13.752
4.34,-2.1825,-1.2072,1,-0.1833,0.3315,0,0.92548,-2.4003,4.3097,0,1.2181,0.68964,0.57291,8.4391,4.6664,0,0,0,0,2.0637,2.0625,2.0608,2.0652,9.5534,-16.716,0,-32.583,-17.641,0,13.754
4.35,-2.2061,-1.1639,1,-0.17668,0.33515,0,0.92545,-2.3155,4.3556,0,1.2305,0.66541,0.57268,8.533,4.4983,0,0,0,0,2.064,2.0628,2.0611,2.0655,9.2255,-16.889,0,-32.992,-16.995,0,13.756
4.36,-2.2289,-1.1201,1,-0.16999,0.33867,0,0.92542,-2.2297,4.3997,0,1.2425,0.6409,0.57243,8.6236,4.3286,0,0,0,0,2.0644,2.063,2.0614,2.0658,8.8936,-17.055,0,-33.388,-16.343,0,13.758
4.37,-2.2507,-1.0759,1,-0.16324,0.34205,0,0.92539,-2.143,4.4421,0,1.2539,0.61613,0.57218,8.7109,4.1573,0,0,0,0,2.0647,2.0633,2.0617,2.0661,8.5577,-17.216,0,-33.772,-15.686,0,13.76
4.38,-2.2717,-1.0313,1,-0.15643,0.3453,0,0.92536,-2.0555,4.4828,0,1.2649,0.59111,0.57192,8.7947,3.9843,0,0,0,0,2.0651,2.0636,2.0621,2.0664,8.2182,-17.369,0,-34.144,-15.024,0,13.762
4.39,-2.2918,-0.98624,1,-0.14957,0.34842,0,0.92533,-1.9671,4.5218,0,1.2753,0.56585,0.57165,8.8752,3.8099,0,0,0,0,2.0655,2.0639,2.0624,2.0667,7.8749,-17.516,0,-34.502,-14.357,0,13.764
4.4,-2.311,-0.94083,1,-0.14264,0.35139,0,0.9253,-1.878,4.559,0,1.2852,0.54037,0.57137,8.9522,3.634,0,0,0,0,2.0659,2.0642,2.0628,2.067,7.5282,-17.656,0,-34.846,-13.685,0,13.767
4.41,-2.3294,-0.89506,1,-0.13567,0.35423,0,0.92526,-1.7881,4.5945,0,1.2946,0.51467,0.57108,9.0258,3.4568,0,0,0,0,2.0663,2.0645,2.0632,2.0674,7.178,-17.79,0,-35.177,-13.009,0,13.769
4.42,-2.3468,-0.84895,1,-0.12864,0.35693,0,0.92523,-1.6975,4.6282,0,1.3034,0.48877,0.5708,9.0958,3.2783,0,0,0,0,2.0667,2.0648,2.0636,2.0677,6.8247,-17.916,0,-35.494,-12.329,0,13.771
4.43,-2.3633,-0.80251,1,-0.12157,0.35949,0,0.9252,-1.6062,4.66,0,1.3118,0.46268,0.57051,9.1623,3.0985,0,0,0,0,2.0671,2.0651,2.064,2.0681,6.4682,-18.036,0,-35.797,-11.645,0,13.774
4.44,-2.3789,-0.75576,1,-0.11446,0.3619,0,0.92516,-1.5143,4.6901,0,1.3197,0.43641,0.57021,9.2251,2.9176,0,0,0,0,2.0675,2.0655,2.0644,2.0684,6.1088,-18.149,0,-36.085,-10.957,0,13.776
4.45,-2.3936,-0.70871,1,-0.1073,0.36418,0,0.92513,-1.4217,4.7184,0,1.327,0.40998,0.56992,9.2844,2.7355,0,0,0,0,2.0679,2.0658,2.0647,2.0688,5.7465,-18.255,0,-36.359,-10.265,0,13.779
4.46,-2.4074,-0.66139,1,-0.10011,0.36631,0,0.92509,-1.3286,4.7448,0,1.3338,0.38339,0.56963,9.3401,2.5525,0,0,0,0,2.0683,2.0661,2.0651,2.0691,5.3816,-18.355,0,-36.618,-9.5709,0,13.781
4.47,-2.4202,-0.61382,1,-0.092875,0.3683,0,0.92506,-1.2349,4.7694,0,1.3401,0.35665,0.56935,9.392,2.3685,0,0,0,0,2.0687,2.0665,2.0655,2.0695,5.0142,-18.447,0,-36.861,-8.8733,0,13.784
4.48,-2.4321,-0.56601,1,-0.085613,0.37014,0,0.92502,-1.1407,4.7922,0,1.3459,0.32978,0.56907,9.4403,2.1836,0,0,0,0,2.0692,2.0668,2.0659,2.0698,4.6445,-18.532,0,-37.089,-8.1729,0,13.786
4.49,-2.443,-0.51798,1,-0.07832,0.37183,0,0.92499,-1.0461,4.8131,0,1.3512,0.30279,0.56879,9.4849,1.9978,0,0,0,0,2.0696,2.0671,2.0663,2.0701,4.2725,-18.61,0,-37.301,-7.4699,0,13.789
4.5,-2.453,-0.46976,1,-0.071,0.37338,0,0.92496,-0.95106,4.8322,0,1.3559,0.27569,0.56853,9.5258,1.8114,0,0,0,0,2.07,2.0674,2.0667,2.0705,3.8985,-18.681,0,-37.497,-6.7647,0,13.791
4.51,-2.462,-0.42135,1,-0.063656,0.37479,0,0.92492,-0.85561,4.8493,0,1.3602,0.24849,0.56827,9.5629,1.6242,0,0,0,0,2.0703,2.0677,2.0671,2.0708,3.5226,-18.746,0,-37.677,-6.0573,0,13.793
4.52,-2.4701,-0.37277,1,-0.056291,0.37604,0,0.92489,-0.75981,4.8646,0,1.3639,0.2212,0.56802,9.5962,1.4365,0,0,0,0,2.0707,2.068,2.0675,2.0711,3.145,-18.803,0,-37.84,-5.3481,0,13.796
4.53,-2.4772,-0.32406,1,-0.048906,0.37715,0,0.92486,-0.6637,4.8781,0,1.3672,0.19383,0.56778,9.6258,1.2482,0,0,0,0,2.0711,2.0683,2.0679,2.0714,2.7659,-18.853,0,-37.986,-4.6373,0,13.798
4.54,-2.4834,-0.27522,1,-0.041506,0.37811,0,0.92483,-0.56731,4.8896,0,1.3699,0.1664,0.56756,9.6515,1.0595,0,0,0,0,2.0715,2.0686,2.0682,2.0717,2.3854,-18.895,0,-38.115,-3.9251,0,13.8
4.55,-2.4886,-0.22627,1,-0.034092,0.37893,0,0.9248,-0.47068,4.8992,0,1.3721,0.13892,0.56734,9.6735,0.87032,0,0,0,0,2.0718,2.0689,2.0686,2.072,2.0036,-18.931,0,-38.227,-3.2118,0,13.802
4.56,-2.4928,-0.17724,1,-0.026667,0.37959,0,0.92477,-0.37385,4.907,0,1.3739,0.11139,0.56715,9.6916,0.68086,0,0,0,0,2.0722,2.0692,2.0689,2.0723,1.6209,-18.96,0,-38.321,-2.4975,0,13.804
4.57,-2.496,-0.12814,1,-0.019235,0.38011,0,0.92474,-0.27686,4.9129,0,1.3751,0.083823,0.56696,9.7059,0.49115,0,0,0,0,2.0725,2.0695,2.0693,2.0726,1.2373,-18.981,0,-38.398,-1.7825,0,13.806
4.58,-2.4983,-0.07899,1,-0.011797,0.38048,0,0.92472,-0.17975,4.9168,0,1.3758,0.056238,0.5668,9.7164,0.30126,0,0,0,0,2.0728,2.0697,2.0696,2.0729,0.85298,-18.995,0,-38.456,-1.0671,0,13.808
4.59,-2.4996,-0.02981,1,-0.0043566,0.38069,0,0.92469,-0.082549,4.9189,0,1.376,0.028641,0.56665,9.723,0.11127,0,0,0,0,2.0731,2.0699,2.0699,2.0731,0.46821,-19.002,0,-38.495,-0.35145,0,13.81
4.6,-2.5,0.019381,1,0.0030835,0.38076,0,0.92467,0.014697,4.9191,0,1.3758,0.0010433,0.56652,9.7257,-0.07876,0,0,0,0,2.0734,2.0702,2.0702,2.0733,0.083136,-19.002,0,-38.516,0.36419,0,13.812
4.61,-2.4993,0.068565,1,0.010521,0.38069,0,0.92464,0.11195,4.9173,0,1.375,-0.026544,0.5664,9.7246,-0.26875,0,0,0,0,2.0737,2.0704,2.0705,2.0735,-0.30205,-18.995,0,-38.519,1.0796,0,13.813
4.62,-2.4977,0.11772,1,0.017953,0.38046,0,0.92462,0.20918,4.9137,0,1.3737,-0.05411,0.5663,9.7197,-0.45864,0,0,0,0,2.0739,2.0706,2.0707,2.0737,-0.68717,-18.981,0,-38.502,1.7946,0,13.815
4.63,-2.4951,0.16683,1,0.025376,0.38008,0,0.9246,0.30633,4.9081,0,1.372,-0.081644,0.56622,9.7109,-0.64834,0,0,0,0,2.0742,2.0707,2.071,2.0739,-1.072,-18.959,0,-38.468,2.5089,0,13.816
4.64,-2.4916,0.21588,1,0.032789,0.37956,0,0.92459,0.40338,4.9007,0,1.3697,-0.10914,0.56616,9.6982,-0.8378,0,0,0,0,2.0744,2.0709,2.0712,2.0741,-1.4565,-18.93,0,-38.415,3.2223,0,13.818
4.65,-2.4871,0.26484,1,0.040188,0.37889,0,0.92457,0.50028,4.8914,0,1.367,-0.13658,0.56612,9.6818,-1.0269,0,0,0,0,2.0746,2.071,2.0714,2.0742,-1.8403,-18.895,0,-38.345,3.9347,0,13.819
4.66,-2.4816,0.3137,1,0.047571,0.37807,0,0.92455,0.597,4.8802,0,1.3637,-0.16395,0.56609,9.6614,-1.2157,0,0,0,0,2.0748,2.0712,2.0716,2.0744,-2.2233,-18.852,0,-38.257,4.6457,0,13.82
4.67,-2.4751,0.36244,1,0.054936,0.37711,0,0.92454,0.6935,4.8671,0,1.36,-0.19126,0.56608,9.6373,-1.4039,0,0,0,0,2.075,2.0713,2.0718,2.0745,-2.6054,-18.802,0,-38.152,5.3553,0,13.821
4.68,-2.4677,0.41103,1,0.062279,0.37599,0,0.92453,0.78974,4.8521,0,1.3558,-0.21848,0.56609,9.6093,-1.5917,0,0,0,0,2.0751,2.0714,2.072,2.0746,-2.9863,-18.745,0,-38.03,6.0632,0,13.822
4.69,-2.4593,0.45947,1,0.069598,0.37473,0,0.92452,0.88567,4.8352,0,1.3511,-0.24561,0.56611,9.5776,-1.7788,0,0,0,0,2.0752,2.0715,2.0722,2.0747,-3.3659,-18.681,0,-37.891,6.7691,0,13.823
4.7,-2.45,0.50773,1,0.07689,0.37333,0,0.92451,0.98128,4.8165,0,1.3459,-0.27264,0.56615,9.542,-1.9653,0,0,0,0,2.0754,2.0716,2.0723,2.0747,-3.7441,-18.609,0,-37.735,7.4729,0,13.823
4.71,-2.4397,0.5558,1,0.084153,0.37178,0,0.9245,1.0765,4.7959,0,1.3402,-0.29956,0.56621,9.5027,-2.151,0,0,0,0,2.0755,2.0716,2.0724,2.0748,-4.1206,-18.531,0,-37.564,8.1744,0,13.824
4.72,-2.4285,0.60365,1,0.091384,0.37008,0,0.92449,1.1713,4.7735,0,1.334,-0.32635,0.56628,9.4596,-2.3359,0,0,0,0,2.0756,2.0717,2.0725,2.0748,-4.4953,-18.446,0,-37.376,8.8733,0,13.824
4.73,-2.4163,0.65126,1,0.098581,0.36824,0,0.92449,1.2657,4.7492,0,1.3274,-0.35302,0.56636,9.4128,-2.5199,0,0,0,0,2.0756,2.0717,2.0726,2.0748,-4.868,-18.354,0,-37.172,9.5694,0,13.825
4.74,-2.4032,0.69862,1,0.10574,0.36626,0,0.92448,1.3596,4.7231,0,1.3202,-0.37954,0.56646,9.3623,-2.7029,0,0,0,0,2.0757,2.0717,2.0727,2.0748,-5.2387,-18.254,0,-36.953,10.263,0,13.825
4.75,-2.3891,0.74572,1,0.11286,0.36414,0,0.92448,1.4529,4.6952,0,1.3126,-0.40591,0.56657,9.308,-2.8849,0,0,0,0,2.0757,2.0717,2.0728,2.0748,-5.607,-18.148,0,-36.719,10.953,0,13.825
4.76,-2.3741,0.79252,1,0.11994,0.36187,0,0.92448,1.5457,4.6654,0,1.3045,-0.43213,0.56669,9.2501,-3.0659,0,0,0,0,2.0758,2.0717,2.0728,2.0748,-5.973,-18.035,0,-36.469,11.639,0,13.825
4.77,-2.3582,0.83902,1,0.12697,0.35946,0,0.92448,1.6379,4.6339,0,1.2959,-0.45817,0.56682,9.1886,-3.2456,0,0,0,0,2.0758,2.0717,2.0729,2.0747,-6.3364,-17.916,0,-36.205,12.322,0,13.825
4.78,-2.3414,0.88519,1,0.13395,0.35691,0,0.92448,1.7295,4.6005,0,1.2869,-0.48404,0.56695,9.1234,-3.4241,0,0,0,0,2.0758,2.0716,2.0729,2.0747,-6.697,-17.789,0,-35.926,13.001,0,13.825
4.79,-2.3236,0.93102,1,0.14089,0.35423,0,0.92449,1.8204,4.5654,0,1.2773,-0.50971,0.5671,9.0546,-3.6014,0,0,0,0,2.0758,2.0716,2.0729,2.0746,-7.0549,-17.656,0,-35.633,13.676,0,13.825
4.8,-2.305,0.97649,1,0.14777,0.3514,0,0.92449,1.9105,4.5285,0,1.2673,-0.53519,0.56726,8.9823,-3.7772,0,0,0,0,2.0758,2.0715,2.0729,2.0745,-7.4097,-17.515,0,-35.326,14.347,0,13.825
4.81,-2.2854,1.0216,1,0.1546,0.34844,0,0.92449,2,4.4898,0,1.2568,-0.56046,0.56742,8.9065,-3.9517,0,0,0,0,2.0757,2.0714,2.0729,2.0744,-7.7613,-17.369,0,-35.005,15.013,0,13.824
4.82,-2.265,1.0663,1,0.16137,0.34534,0,0.9245,2.0887,4.4495,0,1.2459,-0.58551,0.56759,8.8271,-4.1246,0,0,0,0,2.0757,2.0714,2.0729,2.0743,-8.1097,-17.215,0,-34.671,15.675,0,13.824
4.83,-2.2436,1.1106,1,0.16808,0.34211,0,0.92451,2.1765,4.4074,0,1.2344,-0.61034,0.56776,8.7443,-4.2959,0,0,0,0,2.0756,2.0713,2.0729,2.0742,-8.4547,-17.055,0,-34.323,16.332,0,13.823
4.84,-2.2214,1.1544,1,0.17472,0.33875,0,0.92451,2.2635,4.3635,0,1.2225,-0.63493,0.56793,8.658,-4.4657,0,0,0,0,2.0756,2.0712,2.0729,2.0741,-8.7962,-16.889,0,-33.962,16.984,0,13.823
4.85,-2.1984,1.1978,1,0.1813,0.33525,0,0.92452,2.3497,4.318,0,1.2101,-0.65927,0.56811,8.5684,-4.6337,0,0,0,0,2.0755,2.0711,2.0728,2.074,-9.1339,-16.716,0,-33.589,17.63,0,13.822
4.86,-2.1744,1.2408,1,0.18781,0.33162,0,0.92453,2.4349,4.2709,0,1.1973,-0.68336,0.56829,8.4754,-4.8,0,0,0,0,2.0754,2.071,2.0728,2.0739,-9.4679,-16.536,0,-33.203,18.271,0,13.822
4.87,-2.1497,1.2832,1,0.19425,0.32787,0,0.92454,2.5192,4.2221,0,1.184,-0.70719,0.56847,8.379,-4.9644,0,0,0,0,2.0754,2.0709,2.0727,2.0737,-9.7979,-16.35,0,-32.804,18.906,0,13.821
4.88,-2.1241,1.3252,1,0.20062,0.32398,0,0.92455,2.6025,4.1716,0,1.1702,-0.73074,0.56865,8.2794,-5.1269,0,0,0,0,2.0753,2.0707,2.0727,2.0736,-10.124,-16.158,0,-32.394,19.536,0,13.82
4.89,-2.0976,1.3667,1,0.20691,0.31997,0,0.92456,2.6847,4.1195,0,1.156,-0.75401,0.56883,8.1766,-5.2875,0,0,0,0,2.0752,2.0706,2.0726,2.0734,-10.446,-15.959,0,-31.971,20.159,0,13.82
4.9,-2.0704,1.4076,1,0.21313,0.31583,0,0.92457,2.766,4.0658,0,1.1414,-0.77698,0.569,8.0705,-5.4461,0,0,0,0,2.0751,2.0705,2.0725,2.0733,-10.763,-15.755,0,-31.537,20.775,0,13.819
4.91,-2.0423,1.448,1,0.21926,0.31157,0,0.92458,2.8461,4.0106,0,1.1263,-0.79965,0.56918,7.9613,-5.6026,0,0,0,0,2.075,2.0704,2.0725,2.0731,-11.076,-15.544,0,-31.092,21.385,0,13.818
4.92,-2.0134,1.4878,1,0.22532,0.30719,0,0.92459,2.9252,3.9538,0,1.1107,-0.82202,0.56935,7.849,-5.757,0,0,0,0,2.0748,2.0702,2.0724,2.0729,-11.385,-15.327,0,-30.635,21.988,0,13.817
4.93,-1.9838,1.5271,1,0.23128,0.30269,0,0.9246,3.0031,3.8955,0,1.0947,-0.84406,0.56951,7.7336,-5.9091,0,0,0,0,2.0747,2.0701,2.0723,2.0728,-11.689,-15.104,0,-30.167,22.584,0,13.817
4.94,-1.9534,1.5657,1,0.23716,0.29807,0,0.92461,3.0799,3.8356,0,1.0783,-0.86577,0.56968,7.6152,-6.059,0,0,0,0,2.0746,2.07,2.0722,2.0726,-11.988,-14.875,0,-29.689,23.172,0,13.816
4.95,-1.9222,1.6038,1,0.24295,0.29334,0,0.92462,3.1554,3.7743,0,1.0614,-0.88715,0.56983,7.4939,-6.2066,0,0,0,0,2.0745,2.0698,2.0722,2.0724,-12.283,-14.641,0,-29.2,23.753,0,13.815
4.96,-1.8903,1.6412,1,0.24864,0.28849,0,0.92464,3.2297,3.7115,0,1.0441,-0.90818,0.56999,7.3696,-6.3518,0,0,0,0,2.0744,2.0697,2.0721,2.0722,-12.572,-14.4,0,-28.701,24.326,0,13.814
4.97,-1.8576,1.678,1,0.25425,0.28352,0,0.92465,3.3028,3.6473,0,1.0264,-0.92886,0.57013,7.2424,-6.4946,0,0,0,0,2.0743,2.0696,2.072,2.0721,-12.857,-14.154,0,-28.191,24.89,0,13.813
4.98,-1.8242,1.7141,1,0.25975,0.27845,0,0.92466,3.3746,3.5816,0,1.0083,-0.94918,0.57027,7.1125,-6.6349,0,0,0,0,2.0741,2.0694,2.0719,2.0719,-13.136,-13.903,0,-27.672,25.447,0,13.812
4.99,-1.7901,1.7496,1,0.26516,0.27326,0,0.92467,3.445,3.5146,0,0.98976,-0.96912,0.5704,6.9797,-6.7726,0,0,0,0,2.074,2.0693,2.0718,2.0717,-13.41,-13.645,0,-27.143,25.994,0,13.811
5,-1.7553,1.7844,1,0.27046,0.26797,0,0.92468,3.5142,3.4462,0,0.97083,-0.98869,0.57053,6.8443,-6.9078,0,0,0,0,2.0739,2.0692,2.0718,2.0715,-13.679,-13.383,0,-26.605,26.533,0,13.811
5.01,-1.7199,1.8185,1,0.27566,0.26258,0,0.9247,3.5819,3.3764,0,0.95151,-1.0079,0.57065,6.7062,-7.0403,0,0,0,0,2.0738,2.069,2.0717,2.0713,-13.942,-13.115,0,-26.057,27.063,0,13.81
5.02,-1.6837,1.8519,1,0.28076,0.25708,0,0.92471,3.6483,3.3054,0,0.93179,-1.0266,0.57076,6.5655,-7.1701,0,0,0,0,2.0736,2.0689,2.0716,2.0712,-14.2,-12.842,0,-25.5,27.583,0,13.809
5.03,-1.6469,1.8846,1,0.28575,0.25148,0,0.92472,3.7132,3.233,0,0.91169,-1.045,0.57087,6.4222,-7.2971,0,0,0,0,2.0735,2.0688,2.0715,2.071,-14.452,-12.563,0,-24.935,28.093,0,13.808
5.04,-1.6094,1.9166,1,0.29062,0.24579,0,0.92473,3.7767,3.1594,0,0.89122,-1.063,0.57096,6.2764,-7.4213,0,0,0,0,2.0734,2.0687,2.0714,2.0708,-14.699,-12.28,0,-24.361,28.594,0,13.807
5.05,-1.5714,1.9478,1,0.29539,0.24,0,0.92474,3.8387,3.0846,0,0.87039,-1.0806,0.57105,6.1282,-7.5427,0,0,0,0,2.0733,2.0685,2.0714,2.0707,-14.939,-11.991,0,-23.779,29.085,0,13.806
5.06,-1.5327,1.9783,1,0.30004,0.23411,0,0.92475,3.8993,3.0086,0,0.84919,-1.0977,0.57114,5.9777,-7.6611,0,0,0,0,2.0731,2.0684,2.0713,2.0705,-15.174,-11.698,0,-23.189,29.565,0,13.806
5.07,-1.4934,2.008,1,0.30458,0.22813,0,0.92476,3.9583,2.9314,0,0.82765,-1.1144,0.57121,5.8248,-7.7766,0,0,0,0,2.073,2.0683,2.0712,2.0703,-15.403,-11.4,0,-22.59,30.035,0,13.805
5.08,-1.4535,2.0369,1,0.309,0.22207,0,0.92477,4.0158,2.8531,0,0.80576,-1.1307,0.57128,5.6696,-7.8891,0,0,0,0,2.0729,2.0682,2.0712,2.0702,-15.626,-11.097,0,-21.984,30.494,0,13.804
5.09,-1.4131,2.0651,1,0.3133,0.21591,0,0.92478,4.0717,2.7736,0,0.78353,-1.1465,0.57135,5.5123,-7.9986,0,0,0,0,2.0728,2.0681,2.0711,2.07,-15.843,-10.79,0,-21.371,30.942,0,13.803
5.1,-1.3721,2.0924,1,0.31748,0.20967,0,0.92479,4.126,2.6931,0,0.76098,-1.1619,0.5714,5.3528,-8.1049,0,0,0,0,2.0727,2.068,2.071,2.0698,-16.054,-10.479,0,-20.75,31.379,0,13.803
5.11,-1.3306,2.1189,1,0.32153,0.20335,0,0.9248,4.1787,2.6116,0,0.73812,-1.1768,0.57145,5.1912,-8.2081,0,0,0,0,2.0726,2.0679,2.071,2.0697,-16.258,-10.163,0,-20.123,31.804,0,13.802
5.12,-1.2885,2.1446,1,0.32546,0.19695,0,0.92481,4.2298,2.529,0,0.71495,-1.1913,0.5715,5.0276,-8.3081,0,0,0,0,2.0725,2.0678,2.0709,2.0695,-16.456,-9.8426,0,-19.488,32.217,0,13.801
5.13,-1.246,2.1695,1,0.32927,0.19048,0,0.92482,4.2793,2.4454,0,0.69147,-1.2053,0.57154,4.8621,-8.4049,0,0,0,0,2.0723,2.0677,2.0708,2.0694,-16.648,-9.5184,0,-18.847,32.618,0,13.8
5.14,-1.2029,2.1935,1,0.33295,0.18393,0,0.92483,4.327,2.3609,0,0.66771,-1.2188,0.57158,4.6947,-8.4985,0,0,0,0,2.0722,2.0676,2.0708,2.0692,-16.833,-9.1902,0,-18.2,33.007,0,13.8
5.15,-1.1594,2.2167,1,0.3365,0.1773,0,0.92484,4.3731,2.2754,0,0.64367,-1.2319,0.57161,4.5255,-8.5887,0,0,0,0,2.0721,2.0675,2.0707,2.0691,-17.012,-8.8583,0,-17.546,33.384,0,13.799
5.16,-1.1155,2.239,1,0.33991,0.17061,0,0.92485,4.4175,2.1891,0,0.61936,-1.2445,0.57164,4.3545,-8.6756,0,0,0,0,2.072,2.0674,2.0707,2.0689,-17.184,-8.5226,0,-16.887,33.747,0,13.798
5.17,-1.0711,2.2605,1,0.3432,0.16385,0,0.92486,4.4602,2.1019,0,0.59479,-1.2566,0.57167,4.1818,-8.7592,0,0,0,0,2.0719,2.0674,2.0706,2.0688,-17.349,-8.1834,0,-16.222,34.098,0,13.798
5.18,-1.0263,2.2811,1,0.34635,0.15703,0,0.92487,4.5012,2.0139,0,0.56997,-1.2682,0.57169,4.0075,-8.8393,0,0,0,0,2.0718,2.0673,2.0706,2.0687,-17.508,-7.8407,0,-15.551,34.436,0,13.797
5.19,-0.98107,2.3008,1,0.34937,0.15014,0,0.92488,4.5404,1.9252,0,0.54491,-1.2793,0.57172,3.8317,-8.916,0,0,0,0,2.0717,2.0672,2.0705,2.0685,-17.66,-7.4947,0,-14.876,34.76,0,13.797
5.2,-0.93548,2.3196,1,0.35225,0.1432,0,0.92489,4.5778,1.8356,0,0.51961,-1.29,0.57174,3.6543,-8.9892,0,0,0,0,2.0716,2.0671,2.0705,2.0684,-17.806,-7.1455,0,-14.195,35.071,0,13.796
5.21,-0.88952,2.3375,1,0.35499,0.1362,0,0.92489,4.6135,1.7454,0,0.4941,-1.3001,0.57176,3.4756,-9.0589,0,0,0,0,2.0715,2.067,2.0704,2.0683,-17.944,-6.7933,0,-13.51,35.368,0,13.795
5.22,-0.84322,2.3545,1,0.3576,0.12915,0,0.9249,4.6473,1.6545,0,0.46838,-1.3097,0.57179,3.2955,-9.125,0,0,0,0,2.0714,2.067,2.0704,2.0681,-18.076,-6.4382,0,-12.82,35.651,0,13.795
5.23,-0.79658,2.3706,1,0.36006,0.12204,0,0.92491,4.6794,1.5629,0,0.44246,-1.3189,0.57181,3.1141,-9.1876,0,0,0,0,2.0713,2.0669,2.0703,2.068,-18.201,-6.0804,0,-12.126,35.919,0,13.794
5.24,-0.74964,2.3857,1,0.36239,0.11489,0,0.92492,4.7096,1.4707,0,0.41635,-1.3275,0.57184,2.9315,-9.2466,0,0,0,0,2.0712,2.0668,2.0703,2.0679,-18.318,-5.7199,0,-11.427,36.173,0,13.794
5.25,-0.7024,2.4,1,0.36457,0.10769,0,0.92493,4.738,1.378,0,0.39006,-1.3356,0.57186,2.7478,-9.302,0,0,0,0,2.0711,2.0668,2.0702,2.0677,-18.429,-5.3569,0,-10.725,36.413,0,13.793
5.26,-0.65488,2.4133,1,0.36661,0.10045,0,0.92494,4.7645,1.2847,0,0.3636,-1.3432,0.5719,2.5629,-9.3538,0,0,0,0,2.071,2.0667,2.0702,2.0676,-18.533,-4.9917,0,-10.02,36.637,0,13.792
5.27,-0.60711,2.4257,1,0.36851,0.093172,0,0.92494,4.7892,1.1909,0,0.33698,-1.3503,0.57193,2.3771,-9.4019,0,0,0,0,2.0709,2.0666,2.0701,2.0675,-18.629,-4.6242,0,-9.311,36.847,0,13.792
5.28,-0.5591,2.4371,1,0.37026,0.085855,0,0.92495,4.8121,1.0967,0,0.31022,-1.3569,0.57197,2.1904,-9.4463,0,0,0,0,2.0708,2.0666,2.0701,2.0673,-18.719,-4.2548,0,-8.5989,37.041,0,13.791
5.29,-0.51088,2.4476,1,0.37187,0.078504,0,0.92496,4.833,1.002,0,0.28332,-1.363,0.57201,2.0028,-9.4869,0,0,0,0,2.0706,2.0665,2.07,2.0672,-18.801,-3.8835,0,-7.8841,37.219,0,13.791
5.3,-0.46245,2.4571,1,0.37333,0.071122,0,0.92497,4.8521,0.90695,0,0.2563,-1.3685,0.57206,1.8144,-9.5239,0,0,0,0,2.0705,2.0664,2.07,2.0671,-18.877,-3.5105,0,-7.1665,37.382,0,13.79
5.31,-0.41384,2.4657,1,0.37464,0.063711,0,0.92498,4.8693,0.81154,0,0.22916,-1.3736,0.57212,1.6253,-9.5572,0,0,0,0,2.0704,2.0664,2.0699,2.067,-18.945,-3.1359,0,-6.4466,37.528,0,13.789
5.32,-0.36507,2.4734,1,0.37581,0.056274,0,0.92499,4.8846,0.71582,0,0.20192,-1.3781,0.57218,1.4355,-9.5866,0,0,0,0,2.0703,2.0663,2.0699,2.0668,-19.006,-2.76,0,-5.7245,37.658,0,13.789
5.33,-0.31615,2.48,1,0.37683,0.048814,0,0.92499,4.898,0.61982,0,0.17459,-1.382,0.57225,1.2452,-9.6123,0,0,0,0,2.0702,2.0662,2.0698,2.0667,-19.059,-2.3828,0,-5.0004,37.772,0,13.788
5.34,-0.26711,2.4858,1,0.37771,0.041335,0,0.925,4.9095,0.52358,0,0.14717,-1.3855,0.57232,1.0543,-9.6343,0,0,0,0,2.0701,2.0662,2.0698,2.0666,-19.106,-2.0046,0,-4.2746,37.869,0,13.788
5.35,-0.21797,2.4905,1,0.37843,0.033838,0,0.92501,4.9191,0.42715,0,0.11969,-1.3884,0.5724,0.86308,-9.6524,0,0,0,0,2.07,2.0661,2.0697,2.0665,-19.145,-1.6255,0,-3.5473,37.95,0,13.787
5.36,-0.16874,2.4943,1,0.37901,0.026326,0,0.92502,4.9268,0.33055,0,0.092152,-1.3908,0.57249,0.67146,-9.6668,0,0,0,0,2.0699,2.0661,2.0696,2.0663,-19.177,-1.2456,0,-2.8188,38.013,0,13.786
5.37,-0.11944,2.4971,1,0.37943,0.018803,0,0.92503,4.9326,0.23382,0,0.064566,-1.3927,0.57259,0.47957,-9.6773,0,0,0,0,2.0697,2.066,2.0696,2.0662,-19.201,-0.86526,0,-2.0892,38.059,0,13.786
5.38,-0.070094,2.499,1,0.37971,0.011271,0,0.92504,4.9364,0.13701,0,0.036946,-1.3941,0.57269,0.28746,-9.6841,0,0,0,0,2.0696,2.0659,2.0695,2.0661,-19.218,-0.48452,0,-1.3588,38.087,0,13.785
5.39,-0.020718,2.4999,1,0.37984,0.0037339,0,0.92504,4.9383,0.040155,0,0.0093028,-1.3949,0.57281,0.095225,-9.687,0,0,0,0,2.0695,2.0659,2.0695,2.066,-19.228,-0.10358,0,-0.6279,38.097,0,13.785
5.4,0.028666,2.4998,1,0.37982,-0.0038067,0,0.92505,4.9383,-0.056714,0,-0.018351,-1.3952,0.57292,-0.097078,-9.6862,0,0,0,0,2.0694,2.0658,2.0694,2.0658,-19.231,0.27737,0,0.10336,38.09,0,13.784
5.41,0.078041,2.4987,1,0.37965,-0.011347,0,0.92506,4.9364,-0.15356,0,-0.046003,-1.3949,0.57305,-0.28937,-9.6815,0,0,0,0,2.0693,2.0658,2.0693,2.0657,-19.226,0.65815,0,0.83471,38.064,0,13.783
5.42,0.12739,2.4967,1,0.37933,-0.018885,0,0.92507,4.9325,-0.25033,0,-0.073642,-1.3941,0.57318,-0.48158,-9.673,0,0,0,0,2.0691,2.0657,2.0693,2.0656,-19.214,1.0386,0,1.5659,38.021,0,13.783
5.43,0.17668,2.4937,1,0.37886,-0.026417,0,0.92508,4.9267,-0.347,0,-0.10126,-1.3928,0.57332,-0.67363,-9.6607,0,0,0,0,2.069,2.0657,2.0692,2.0655,-19.195,1.4185,0,2.2968,37.96,0,13.782
5.44,0.22592,2.4898,1,0.37824,-0.033941,0,0.92508,4.919,-0.44353,0,-0.12883,-1.391,0.57346,-0.86545,-9.6446,0,0,0,0,2.0689,2.0656,2.0692,2.0654,-19.168,1.7977,0,3.0271,37.882,0,13.782
5.45,0.27506,2.4849,1,0.37747,-0.041453,0,0.92509,4.9094,-0.53988,0,-0.15636,-1.3886,0.57361,-1.057,-9.6248,0,0,0,0,2.0688,2.0656,2.0691,2.0653,-19.134,2.1761,0,3.7565,37.787,0,13.781
5.46,0.3241,2.479,1,0.37656,-0.048951,0,0.9251,4.8979,-0.63602,0,-0.18382,-1.3857,0.57377,-1.2481,-9.6011,0,0,0,0,2.0687,2.0655,2.0691,2.0652,-19.093,2.5534,0,4.4849,37.675,0,13.781
5.47,0.37301,2.4721,1,0.37549,-0.056432,0,0.92511,4.8845,-0.73189,0,-0.21121,-1.3822,0.57392,-1.4388,-9.5737,0,0,0,0,2.0686,2.0655,2.069,2.0651,-19.045,2.9296,0,5.212,37.547,0,13.78
5.48,0.42178,2.4643,1,0.37428,-0.063892,0,0.92511,4.8691,-0.82748,0,-0.23852,-1.3782,0.57408,-1.629,-9.5425,0,0,0,0,2.0685,2.0655,2.069,2.065,-18.989,3.3043,0,5.9376,37.402,0,13.78
5.49,0.47039,2.4556,1,0.37292,-0.07133,0,0.92512,4.8519,-0.92273,0,-0.26573,-1.3737,0.57424,-1.8186,-9.5076,0,0,0,0,2.0684,2.0654,2.0689,2.0649,-18.926,3.6776,0,6.6614,37.241,0,13.779
5.5,0.51881,2.4459,1,0.37141,-0.078741,0,0.92512,4.8328,-1.0176,0,-0.29283,-1.3687,0.5744,-2.0075,-9.469,0,0,0,0,2.0683,2.0654,2.0689,2.0648,-18.856,4.0491,0,7.3833,37.064,0,13.779
5.51,0.56704,2.4352,1,0.36976,-0.086124,0,0.92513,4.8117,-1.1121,0,-0.31981,-1.3631,0.57456,-2.1957,-9.4266,0,0,0,0,2.0682,2.0654,2.0689,2.0647,-18.778,4.4188,0,8.1029,36.872,0,13.779
5.52,0.61504,2.4236,1,0.36796,-0.093475,0,0.92513,4.7888,-1.2061,0,-0.34665,-1.3569,0.57472,-2.383,-9.3806,0,0,0,0,2.0681,2.0654,2.0689,2.0646,-18.694,4.7865,0,8.8201,36.664,0,13.778
5.53,0.66281,2.4111,1,0.36601,-0.10079,0,0.92513,4.7641,-1.2997,0,-0.37335,-1.3503,0.57488,-2.5695,-9.3309,0,0,0,0,2.068,2.0654,2.0688,2.0646,-18.602,5.152,0,9.5346,36.441,0,13.778
5.54,0.71032,2.3977,1,0.36393,-0.10807,0,0.92514,4.7375,-1.3927,0,-0.3999,-1.3431,0.57504,-2.755,-9.2776,0,0,0,0,2.068,2.0654,2.0688,2.0645,-18.503,5.5152,0,10.246,36.203,0,13.778
5.55,0.75755,2.3833,1,0.36169,-0.11531,0,0.92514,4.709,-1.4852,0,-0.42627,-1.3353,0.57519,-2.9395,-9.2206,0,0,0,0,2.0679,2.0655,2.0688,2.0645,-18.397,5.876,0,10.955,35.95,0,13.778
5.56,0.80449,2.3679,1,0.35932,-0.1225,0,0.92514,4.6787,-1.5771,0,-0.45247,-1.3271,0.57533,-3.123,-9.1601,0,0,0,0,2.0679,2.0655,2.0688,2.0645,-18.284,6.2342,0,11.66,35.682,0,13.778
5.57,0.85112,2.3517,1,0.3568,-0.12965,0,0.92514,4.6465,-1.6684,0,-0.47847,-1.3183,0.57547,-3.3052,-9.0959,0,0,0,0,2.0678,2.0656,2.0689,2.0645,-18.164,6.5896,0,12.361,35.401,0,13.778
5.58,0.89741,2.3346,1,0.35415,-0.13675,0,0.92514,4.6126,-1.7591,0,-0.50427,-1.3089,0.57561,-3.4862,-9.0283,0,0,0,0,2.0678,2.0656,2.0689,2.0645,-18.037,6.9422,0,13.059,35.105,0,13.778
5.59,0.94336,2.3165,1,0.35135,-0.1438,0,0.92513,4.5768,-1.849,0,-0.52985,-1.2991,0.57573,-3.6659,-8.9571,0,0,0,0,2.0678,2.0657,2.0689,2.0645,-17.903,7.2917,0,13.753,34.795,0,13.778
5.6,0.98894,2.2976,1,0.34842,-0.15079,0,0.92513,4.5393,-1.9382,0,-0.55521,-1.2887,0.57584,-3.8442,-8.8825,0,0,0,0,2.0678,2.0658,2.069,2.0645,-17.762,7.638,0,14.442,34.472,0,13.778
5.61,1.0341,2.2778,1,0.34535,-0.15773,0,0.92513,4.4999,-2.0266,0,-0.58033,-1.2778,0.57595,-4.0211,-8.8044,0,0,0,0,2.0678,2.0659,2.0691,2.0645,-17.614,7.9811,0,15.127,34.135,0,13.779
5.62,1.0789,2.2571,1,0.34214,-0.1646,0,0.92512,4.4588,-2.1143,0,-0.60519,-1.2664,0.57604,-4.1965,-8.7229,0,0,0,0,2.0678,2.066,2.0691,2.0646,-17.459,8.3207,0,15.807,33.786,0,13.779
5.63,1.1233,2.2355,1,0.3388,-0.17141,0,0.92511,4.416,-2.2011,0,-0.6298,-1.2545,0.57612,-4.3703,-8.638,0,0,0,0,2.0679,2.0661,2.0692,2.0646,-17.298,8.6567,0,16.482,33.423,0,13.78
5.64,1.1673,2.2131,1,0.33533,-0.17816,0,0.9251,4.3714,-2.287,0,-0.65413,-1.2421,0.57619,-4.5424,-8.5497,0,0,0,0,2.0679,2.0663,2.0693,2.0647,-17.129,8.9891,0,17.152,33.048,0,13.78
5.65,1.2107,2.1898,1,0.33172,-0.18483,0,0.92509,4.3252,-2.372,0,-0.67818,-1.2291,0.57624,-4.7128,-8.4582,0,0,0,0,2.068,2.0664,2.0695,2.0648,-16.955,9.3176,0,17.816,32.66,0,13.781
5.66,1.2537,2.1656,1,0.32799,-0.19144,0,0.92508,4.2772,-2.4562,0,-0.70193,-1.2157,0.57628,-4.8815,-8.3634,0,0,0,0,2.0681,2.0666,2.0696,2.0649,-16.773,9.6423,0,18.475,32.26,0,13.782
5.67,1.2963,2.1406,1,0.32413,-0.19797,0,0.92507,4.2275,-2.5393,0,-0.72538,-1.2018,0.57631,-5.0483,-8.2654,0,0,0,0,2.0682,2.0668,2.0697,2.0651,-16.585,9.9628,0,19.128,31.848,0,13.783
5.68,1.3383,2.1148,1,0.32014,-0.20442,0,0.92505,4.1762,-2.6215,0,-0.74851,-1.1873,0.57631,-5.2132,-8.1642,0,0,0,0,2.0683,2.067,2.0699,2.0652,-16.391,10.279,0,19.775,31.424,0,13.784
5.69,1.3798,2.0882,1,0.31603,-0.2108,0,0.92504,4.1233,-2.7026,0,-0.77131,-1.1724,0.57631,-5.3761,-8.0598,0,0,0,0,2.0684,2.0672,2.0701,2.0654,-16.19,10.591,0,20.415,30.989,0,13.785
5.7,1.4208,2.0608,1,0.31179,-0.21709,0,0.92502,4.0687,-2.7826,0,-0.79378,-1.157,0.57628,-5.5369,-7.9523,0,0,0,0,2.0686,2.0675,2.0703,2.0656,-15.982,10.899,0,21.049,30.542,0,13.786
5.71,1.4612,2.0326,1,0.30743,-0.2233,0,0.925,4.0125,-2.8616,0,-0.8159,-1.1412,0.57624,-5.6957,-7.8418,0,0,0,0,2.0687,2.0677,2.0705,2.0658,-15.769,11.202,0,21.676,30.085,0,13.788
5.72,1.501,2.0036,1,0.30296,-0.22941,0,0.92498,3.9548,-2.9395,0,-0.83767,-1.1248,0.57618,-5.8523,-7.7283,0,0,0,0,2.0689,2.068,2.0707,2.066,-15.549,11.501,0,22.295,29.616,0,13.789
5.73,1.5403,1.9738,1,0.29836,-0.23544,0,0.92496,3.8955,-3.0162,0,-0.85906,-1.1081,0.5761,-6.0067,-7.6118,0,0,0,0,2.0691,2.0683,2.0709,2.0662,-15.323,11.794,0,22.908,29.137,0,13.791
5.74,1.5789,1.9432,1,0.29365,-0.24138,0,0.92493,3.8347,-3.0917,0,-0.88009,-1.0908,0.576,-6.1587,-7.4924,0,0,0,0,2.0693,2.0686,2.0712,2.0665,-15.091,12.083,0,23.512,28.648,0,13.793
5.75,1.6169,1.912,1,0.28883,-0.24722,0,0.92491,3.7723,-3.166,0,-0.90072,-1.0731,0.57588,-6.3085,-7.3702,0,0,0,0,2.0695,2.0689,2.0715,2.0667,-14.853,12.367,0,24.109,28.148,0,13.794
5.76,1.6543,1.8799,1,0.2839,-0.25297,0,0.92488,3.7085,-3.2391,0,-0.92097,-1.055,0.57575,-6.4558,-7.2451,0,0,0,0,2.0698,2.0693,2.0718,2.067,-14.609,12.646,0,24.698,27.639,0,13.796
5.77,1.6911,1.8472,1,0.27886,-0.25862,0,0.92485,3.6432,-3.3109,0,-0.94081,-1.0365,0.57559,-6.6006,-7.1173,0,0,0,0,2.07,2.0696,2.072,2.0673,-14.359,12.92,0,25.279,27.119,0,13.798
5.78,1.7272,1.8137,1,0.27371,-0.26416,0,0.92483,3.5765,-3.3814,0,-0.96025,-1.0175,0.57542,-6.7429,-6.9867,0,0,0,0,2.0703,2.07,2.0724,2.0676,-14.103,13.189,0,25.851,26.591,0,13.8
5.79,1.7626,1.7795,1,0.26846,-0.2696,0,0.92479,3.5084,-3.4506,0,-0.97927,-0.99813,0.57523,-6.8826,-6.8535,0,0,0,0,2.0705,2.0704,2.0727,2.068,-13.842,13.452,0,26.414,26.053,0,13.803
5.8,1.7974,1.7447,1,0.26311,-0.27493,0,0.92476,3.4389,-3.5185,0,-0.99787,-0.97835,0.57502,-7.0197,-6.7177,0,0,0,0,2.0708,2.0708,2.073,2.0683,-13.575,13.71,0,26.968,25.506,0,13.805
5.81,1.8314,1.7092,1,0.25765,-0.28016,0,0.92473,3.368,-3.585,0,-1.016,-0.95818,0.57479,-7.1541,-6.5794,0,0,0,0,2.0711,2.0712,2.0734,2.0687,-13.302,13.962,0,27.513,24.951,0,13.807
5.82,1.8647,1.673,1,0.2521,-0.28528,0,0.9247,3.2958,-3.6501,0,-1.0338,-0.93763,0.57455,-7.2858,-6.4385,0,0,0,0,2.0715,2.0716,2.0737,2.069,-13.025,14.209,0,28.048,24.387,0,13.81
5.83,1.8973,1.6362,1,0.24645,-0.29028,0,0.92466,3.2223,-3.7137,0,-1.0511,-0.91671,0.57429,-7.4146,-6.2952,0,0,0,0,2.0718,2.072,2.0741,2.0694,-12.741,14.45,0,28.574,23.815,0,13.812
5.84,1.9292,1.5987,1,0.24072,-0.29517,0,0.92463,3.1475,-3.776,0,-1.0679,-0.89542,0.57401,-7.5406,-6.1495,0,0,0,0,2.0721,2.0724,2.0745,2.0698,-12.453,14.685,0,29.089,23.235,0,13.815
5.85,1.9603,1.5607,1,0.23489,-0.29994,0,0.92459,3.0715,-3.8367,0,-1.0843,-0.87378,0.57372,-7.6636,-6.0015,0,0,0,0,2.0725,2.0729,2.0748,2.0702,-12.16,14.914,0,29.595,22.647,0,13.817
5.86,1.9906,1.522,1,0.22897,-0.30459,0,0.92455,2.9943,-3.896,0,-1.1002,-0.8518,0.57341,-7.7838,-5.8513,0,0,0,0,2.0728,2.0733,2.0752,2.0706,-11.861,15.138,0,30.09,22.051,0,13.82
5.87,2.0201,1.4828,1,0.22297,-0.30913,0,0.92451,2.9158,-3.9537,0,-1.1157,-0.82948,0.57309,-7.9009,-5.6988,0,0,0,0,2.0732,2.0738,2.0756,2.071,-11.558,15.355,0,30.574,21.448,0,13.823
5.88,2.0489,1.4429,1,0.21688,-0.31354,0,0.92448,2.8362,-4.01,0,-1.1307,-0.80685,0.57276,-8.0149,-5.5442,0,0,0,0,2.0736,2.0743,2.076,2.0715,-11.25,15.567,0,31.047,20.838,0,13.826
5.89,2.0769,1.4026,1,0.21072,-0.31783,0,0.92444,2.7555,-4.0646,0,-1.1452,-0.7839,0.57241,-8.1258,-5.3875,0,0,0,0,2.0739,2.0747,2.0764,2.0719,-10.937,15.772,0,31.509,20.221,0,13.828
5.9,2.104,1.3617,1,0.20448,-0.32199,0,0.9244,2.6737,-4.1177,0,-1.1593,-0.76065,0.57206,-8.2336,-5.2288,0,0,0,0,2.0743,2.0752,2.0769,2.0723,-10.62,15.971,0,31.959,19.598,0,13.831
5.91,2.1303,1.3202,1,0.19816,-0.32603,0,0.92436,2.5909,-4.1692,0,-1.1728,-0.73712,0.57169,-8.3382,-5.0681,0,0,0,0,2.0747,2.0757,2.0773,2.0728,-10.298,16.164,0,32.398,18.968,0,13.834
5.92,2.1558,1.2783,1,0.19178,-0.32994,0,0.92432,2.507,-4.2191,0,-1.1859,-0.7133,0.57132,-8.4396,-4.9055,0,0,0,0,2.0751,2.0761,2.0777,2.0732,-9.9718,16.35,0,32.825,18.332,0,13.837
5.93,2.1805,1.2358,1,0.18532,-0.33372,0,0.92428,2.4221,-4.2673,0,-1.1986,-0.68922,0.57093,-8.5376,-4.7411,0,0,0,0,2.0755,2.0766,2.0781,2.0737,-9.6414,16.531,0,33.24,17.69,0,13.84
5.94,2.2043,1.1929,1,0.17879,-0.33736,0,0.92424,2.3362,-4.3139,0,-1.2107,-0.66488,0.57054,-8.6324,-4.5749,0,0,0,0,2.0758,2.0771,2.0785,2.0741,-9.307,16.704,0,33.642,17.042,0,13.843
5.95,2.2272,1.1496,1,0.1722,-0.34088,0,0.9242,2.2495,-4.3588,0,-1.2223,-0.64029,0.57015,-8.7238,-4.407,0,0,0,0,2.0762,2.0776,2.0789,2.0746,-8.9686,16.871,0,34.032,16.389,0,13.845
5.96,2.2493,1.1058,1,0.16555,-0.34426,0,0.92416,2.1618,-4.402,0,-1.2335,-0.61547,0.56975,-8.8117,-4.2375,0,0,0,0,2.0766,2.078,2.0793,2.075,-8.6264,17.032,0,34.408,15.73,0,13.848
5.97,2.2704,1.0615,1,0.15884,-0.34751,0,0.92412,2.0732,-4.4435,0,-1.2442,-0.59042,0.56935,-8.8963,-4.0664,0,0,0,0,2.077,2.0785,2.0797,2.0754,-8.2805,17.186,0,34.772,15.067,0,13.851
5.98,2.2907,1.0169,1,0.15208,-0.35062,0,0.92409,1.9839,-4.4833,0,-1.2544,-0.56516,0.56894,-8.9773,-3.8938,0,0,0,0,2.0773,2.0789,2.0801,2.0759,-7.931,17.333,0,35.122,14.399,0,13.854
5.99,2.3101,0.97187,1,0.14526,-0.3536,0,0.92405,1.8937,-4.5214,0,-1.264,-0.53969,0.56854,-9.0549,-3.7198,0,0,0,0,2.0777,2.0794,2.0805,2.0763,-7.5781,17.474,0,35.459,13.726,0,13.856
6,2.3286,0.92648,1,0.13839,-0.35644,0,0.92401,1.8028,-4.5577,0,-1.2733,-0.51403,0.56814,-9.1289,-3.5443,0,0,0,0,2.078,2.0798,2.0808,2.0767,-7.2219,17.608,0,35.782,13.049,0,13.859
6.01,2.3462,0.88073,1,0.13147,-0.35913,0,0.92398,1.7111,-4.5923,0,-1.282,-0.48819,0.56774,-9.1993,-3.3676,0,0,0,0,2.0783,2.0802,2.0812,2.0771,-6.8625,17.735,0,36.091,12.368,0,13.861
6.02,2.3628,0.83464,1,0.12451,-0.36169,0,0.92395,1.6188,-4.6251,0,-1.2902,-0.46218,0.56735,-9.2661,-3.1897,0,0,0,0,2.0787,2.0806,2.0815,2.0775,-6.5001,17.855,0,36.386,11.683,0,13.864
6.03,2.3785,0.78823,1,0.1175,-0.36411,0,0.92391,1.5258,-4.6561,0,-1.2979,-0.436,0.56696,-9.3293,-3.0105,0,0,0,0,2.079,2.081,2.0819,2.0778,-6.1348,17.969,0,36.666,10.994,0,13.866
6.04,2.3933,0.74152,1,0.11045,-0.36639,0,0.92388,1.4322,-4.6853,0,-1.3052,-0.40967,0.56658,-9.3888,-2.8303,0,0,0,0,2.0793,2.0814,2.0822,2.0782,-5.7668,18.075,0,36.932,10.302,0,13.868
6.05,2.4072,0.69453,1,0.10336,-0.36852,0,0.92386,1.3381,-4.7127,0,-1.312,-0.3832,0.56621,-9.4446,-2.6491,0,0,0,0,2.0795,2.0817,2.0825,2.0785,-5.3963,18.175,0,37.182,9.6074,0,13.87
6.06,2.4201,0.64727,1,0.096244,-0.37051,0,0.92383,1.2434,-4.7383,0,-1.3182,-0.3566,0.56584,-9.4967,-2.4669,0,0,0,0,2.0798,2.082,2.0827,2.0789,-5.0232,18.267,0,37.418,8.9094,0,13.872
6.07,2.432,0.59977,1,0.08909,-0.37236,0,0.9238,1.1481,-4.762,0,-1.324,-0.32987,0.56549,-9.5451,-2.2838,0,0,0,0,2.08,2.0824,2.083,2.0792,-4.6479,18.353,0,37.638,8.2088,0,13.874
6.08,2.443,0.55204,1,0.081907,-0.37406,0,0.92378,1.0525,-4.7839,0,-1.3293,-0.30303,0.56515,-9.5897,-2.0998,0,0,0,0,2.0802,2.0826,2.0832,2.0794,-4.2705,18.431,0,37.842,7.5057,0,13.876
6.09,2.4531,0.5041,1,0.074697,-0.37562,0,0.92376,0.95636,-4.804,0,-1.3342,-0.27609,0.56483,-9.6305,-1.9151,0,0,0,0,2.0804,2.0829,2.0834,2.0797,-3.8912,18.503,0,38.03,6.8003,0,13.877
6.1,2.4622,0.45597,1,0.067462,-0.37704,0,0.92374,0.85987,-4.8222,0,-1.3385,-0.24906,0.56452,-9.6675,-1.7298,0,0,0,0,2.0806,2.0832,2.0836,2.0799,-3.51,18.567,0,38.203,6.093,0,13.879
6.11,2.4703,0.40766,1,0.060205,-0.3783,0,0.92372,0.76302,-4.8386,0,-1.3424,-0.22193,0.56422,-9.7007,-1.5438,0,0,0,0,2.0807,2.0834,2.0838,2.0802,-3.1272,18.625,0,38.359,5.384,0,13.88
6.12,2.4774,0.3592,1,0.052929,-0.37942,0,0.92371,0.66587,-4.8531,0,-1.3458,-0.19474,0.56394,-9.73,-1.3573,0,0,0,0,2.0809,2.0836,2.0839,2.0804,-2.7429,18.675,0,38.498,4.6734,0,13.881
6.13,2.4836,0.31061,1,0.045636,-0.3804,0,0.9237,0.56843,-4.8657,0,-1.3487,-0.16748,0.56368,-9.7555,-1.1703,0,0,0,0,2.0809,2.0837,2.084,2.0805,-2.3572,18.718,0,38.621,3.9616,0,13.882
6.14,2.4888,0.26189,1,0.038328,-0.38123,0,0.92369,0.47077,-4.8765,0,-1.3511,-0.14016,0.56344,-9.7772,-0.98298,0,0,0,0,2.081,2.0839,2.0841,2.0806,-1.9705,18.754,0,38.727,3.2487,0,13.883
6.15,2.493,0.21308,1,0.031009,-0.38191,0,0.92368,0.3729,-4.8854,0,-1.353,-0.11279,0.56322,-9.795,-0.79529,0,0,0,0,2.081,2.084,2.0841,2.0808,-1.5828,18.783,0,38.815,2.535,0,13.883
6.16,2.4963,0.16419,1,0.02368,-0.38245,0,0.92367,0.27488,-4.8924,0,-1.3545,-0.085389,0.56303,-9.8088,-0.60734,0,0,0,0,2.0811,2.084,2.0842,2.0808,-1.1942,18.805,0,38.886,1.8207,0,13.883
6.17,2.4985,0.11524,1,0.016345,-0.38283,0,0.92367,0.17674,-4.8975,0,-1.3555,-0.057955,0.56285,-9.8188,-0.41921,0,0,0,0,2.081,2.0841,2.0842,2.0809,-0.8051,18.82,0,38.94,1.106,0,13.884
6.18,2.4998,0.066247,1,0.0090056,-0.38307,0,0.92367,0.078518,-4.9008,0,-1.3561,-0.030501,0.56269,-9.8249,-0.23097,0,0,0,0,2.081,2.0841,2.0841,2.0809,-0.41551,18.827,0,38.975,0.3912,0,13.884
6.19,2.5001,0.01723,1,0.0016647,-0.38317,0,0.92368,-0.019746,-4.9022,0,-1.3561,-0.0030359,0.56256,-9.8271,-0.042695,0,0,0,0,2.0809,2.0841,2.084,2.0809,-0.025666,18.827,0,38.992,-0.32348,0,13.883
6.2,2.4994,-0.03179,1,-0.0056753,-0.38311,0,0.92369,-0.11801,-4.9016,0,-1.3557,0.024432,0.56245,-9.8255,0.14555,0,0,0,0,2.0808,2.084,2.0839,2.0809,0.36426,18.821,0,38.991,-1.0378,0,13.883
6.21,2.4977,-0.080796,1,-0.013012,-0.38291,0,0.92369,-0.21624,-4.8993,0,-1.3548,0.051892,0.56236,-9.8199,0.33369,0,0,0,0,2.0807,2.084,2.0838,2.0808,0.75409,18.807,0,38.971,-1.7516,0,13.882
6.22,2.4951,-0.12977,1,-0.020342,-0.38256,0,0.92371,-0.3144,-4.895,0,-1.3535,0.079336,0.5623,-9.8104,0.52166,0,0,0,0,2.0805,2.0838,2.0836,2.0807,1.1436,18.786,0,38.933,-2.4645,0,13.881
6.23,2.4914,-0.17869,1,-0.027664,-0.38206,0,0.92372,-0.41244,-4.8888,0,-1.3517,0.10675,0.56226,-9.797,0.70938,0,0,0,0,2.0803,2.0837,2.0834,2.0806,1.5327,18.757,0,38.878,-3.1764,0,13.88
6.24,2.4868,-0.22754,1,-0.034975,-0.38142,0,0.92374,-0.51032,-4.8808,0,-1.3494,0.13414,0.56224,-9.7797,0.89678,0,0,0,0,2.0801,2.0835,2.0832,2.0804,1.9211,18.722,0,38.805,-3.887,0,13.879
6.25,2.4812,-0.2763,1,-0.042273,-0.38062,0,0.92376,-0.60802,-4.8709,0,-1.3466,0.16148,0.56225,-9.7586,1.0838,0,0,0,0,2.0798,2.0833,2.083,2.0802,2.3087,18.68,0,38.714,-4.5961,0,13.877
6.26,2.4747,-0.32495,1,-0.049554,-0.37969,0,0.92379,-0.70548,-4.8591,0,-1.3434,0.18877,0.56228,-9.7335,1.2704,0,0,0,0,2.0795,2.0831,2.0827,2.08,2.6954,18.63,0,38.606,-5.3034,0,13.875
6.27,2.4671,-0.37348,1,-0.056817,-0.3786,0,0.92381,-0.80268,-4.8455,0,-1.3397,0.216,0.56233,-9.7047,1.4564,0,0,0,0,2.0792,2.0828,2.0823,2.0797,3.0808,18.574,0,38.482,-6.0087,0,13.873
6.28,2.4586,-0.42185,1,-0.064058,-0.37737,0,0.92384,-0.89956,-4.83,0,-1.3355,0.24316,0.5624,-9.6719,1.6418,0,0,0,0,2.0788,2.0825,2.082,2.0794,3.4649,18.51,0,38.34,-6.7118,0,13.871
6.29,2.4491,-0.47007,1,-0.071277,-0.376,0,0.92388,-0.9961,-4.8126,0,-1.3309,0.27025,0.5625,-9.6354,1.8266,0,0,0,0,2.0784,2.0822,2.0816,2.0791,3.8476,18.439,0,38.182,-7.4125,0,13.869
6.3,2.4387,-0.5181,1,-0.078469,-0.37447,0,0.92391,-1.0923,-4.7935,0,-1.3258,0.29724,0.56261,-9.595,2.0106,0,0,0,0,2.078,2.0818,2.0812,2.0788,4.2285,18.362,0,38.008,-8.1104,0,13.866
6.31,2.4273,-0.56593,1,-0.085632,-0.37281,0,0.92395,-1.188,-4.7724,0,-1.3202,0.32414,0.56275,-9.5508,2.1938,0,0,0,0,2.0776,2.0814,2.0807,2.0784,4.6077,18.277,0,37.817,-8.8053,0,13.864
6.32,2.4149,-0.61354,1,-0.092764,-0.371,0,0.92399,-1.2833,-4.7496,0,-1.3142,0.35094,0.56291,-9.5028,2.3761,0,0,0,0,2.0771,2.081,2.0803,2.078,4.9848,18.186,0,37.611,-9.4971,0,13.861
6.33,2.4016,-0.66092,1,-0.099862,-0.36904,0,0.92403,-1.378,-4.7249,0,-1.3077,0.37763,0.56308,-9.4511,2.5575,0,0,0,0,2.0766,2.0806,2.0798,2.0776,5.3598,18.087,0,37.39,-10.186,0,13.858
6.34,2.3874,-0.70804,1,-0.10692,-0.36695,0,0.92408,-1.4723,-4.6984,0,-1.3007,0.40419,0.56328,-9.3957,2.7378,0,0,0,0,2.0761,2.0801,2.0792,2.0772,5.7325,17.982,0,37.152,-10.87,0,13.854
6.35,2.3722,-0.75488,1,-0.11395,-0.36471,0,0.92412,-1.5659,-4.6702,0,-1.2933,0.43063,0.56349,-9.3365,2.9171,0,0,0,0,2.0756,2.0796,2.0787,2.0767,6.1028,17.87,0,36.9,-11.551,0,13.851
6.36,2.3561,-0.80143,1,-0.12093,-0.36233,0,0.92417,-1.659,-4.6401,0,-1.2854,0.45692,0.56372,-9.2736,3.0952,0,0,0,0,2.075,2.0791,2.0781,2.0762,6.4705,17.751,0,36.633,-12.228,0,13.847
6.37,2.339,-0.84768,1,-0.12787,-0.3598,0,0.92422,-1.7514,-4.6083,0,-1.277,0.48307,0.56396,-9.2071,3.2721,0,0,0,0,2.0744,2.0786,2.0775,2.0757,6.8354,17.625,0,36.351,-12.9,0,13.844
6.38,2.321,-0.89359,1,-0.13476,-0.35714,0,0.92428,-1.8431,-4.5747,0,-1.2681,0.50906,0.56422,-9.1369,3.4477,0,0,0,0,2.0738,2.078,2.0769,2.0751,7.1975,17.493,0,36.055,-13.568,0,13.84
6.39,2.3021,-0.93916,1,-0.1416,-0.35434,0,0.92433,-1.9341,-4.5393,0,-1.2588,0.53488,0.56449,-9.0631,3.6219,0,0,0,0,2.0732,2.0774,2.0763,2.0746,7.5565,17.354,0,35.745,-14.231,0,13.836
6.4,2.2823,-0.98437,1,-0.1484,-0.3514,0,0.92439,-2.0244,-4.5022,0,-1.249,0.56053,0.56477,-8.9858,3.7947,0,0,0,0,2.0726,2.0768,2.0756,2.074,7.9123,17.208,0,35.42,-14.889,0,13.832
6.41,2.2617,-1.0292,1,-0.15513,-0.34832,0,0.92445,-2.1138,-4.4634,0,-1.2387,0.58599,0.56507,-8.9049,3.966,0,0,0,0,2.0719,2.0762,2.0749,2.0734,8.2648,17.056,0,35.082,-15.541,0,13.827
6.42,2.2401,-1.0736,1,-0.16181,-0.3451,0,0.92451,-2.2025,-4.4229,0,-1.228,0.61125,0.56538,-8.8205,4.1358,0,0,0,0,2.0712,2.0756,2.0742,2.0728,8.6139,16.898,0,34.73,-16.188,0,13.823
6.43,2.2176,-1.1177,1,-0.16844,-0.34175,0,0.92457,-2.2902,-4.3807,0,-1.2168,0.63631,0.56569,-8.7326,4.304,0,0,0,0,2.0705,2.0749,2.0735,2.0722,8.9594,16.732,0,34.365,-16.829,0,13.819
6.44,2.1943,-1.1612,1,-0.175,-0.33827,0,0.92464,-2.3771,-4.3368,0,-1.2051,0.66116,0.56602,-8.6413,4.4704,0,0,0,0,2.0698,2.0742,2.0728,2.0715,9.3012,16.561,0,33.987,-17.464,0,13.814
6.45,2.1701,-1.2044,1,-0.18149,-0.33465,0,0.9247,-2.463,-4.2913,0,-1.193,0.68578,0.56635,-8.5466,4.6352,0,0,0,0,2.0691,2.0736,2.0721,2.0709,9.6391,16.383,0,33.596,-18.093,0,13.809
6.46,2.145,-1.2471,1,-0.18792,-0.3309,0,0.92477,-2.548,-4.2441,0,-1.1804,0.71017,0.56669,-8.4486,4.7981,0,0,0,0,2.0684,2.0729,2.0713,2.0702,9.9731,16.199,0,33.192,-18.716,0,13.805
6.47,2.1191,-1.2893,1,-0.19428,-0.32702,0,0.92483,-2.632,-4.1954,0,-1.1674,0.73432,0.56704,-8.3472,4.9591,0,0,0,0,2.0677,2.0722,2.0706,2.0696,10.303,16.009,0,32.776,-19.331,0,13.8
6.48,2.0924,-1.331,1,-0.20057,-0.32301,0,0.9249,-2.7149,-4.145,0,-1.1538,0.75821,0.56739,-8.2425,5.1182,0,0,0,0,2.0669,2.0715,2.0698,2.0689,10.629,15.812,0,32.348,-19.94,0,13.795
6.49,2.0648,-1.3722,1,-0.20679,-0.31887,0,0.92497,-2.7968,-4.093,0,-1.1399,0.78184,0.56774,-8.1346,5.2754,0,0,0,0,2.0662,2.0707,2.069,2.0682,10.95,15.61,0,31.908,-20.542,0,13.79
6.5,2.0364,-1.4128,1,-0.21293,-0.3146,0,0.92503,-2.8776,-4.0395,0,-1.1254,0.80519,0.5681,-8.0235,5.4304,0,0,0,0,2.0654,2.07,2.0683,2.0675,11.267,15.402,0,31.457,-21.136,0,13.785
6.51,2.0073,-1.4529,1,-0.21898,-0.31021,0,0.9251,-2.9573,-3.9844,0,-1.1106,0.82826,0.56846,-7.9093,5.5834,0,0,0,0,2.0647,2.0693,2.0675,2.0668,11.579,15.187,0,30.994,-21.723,0,13.78
6.52,1.9773,-1.4925,1,-0.22496,-0.30569,0,0.92517,-3.0358,-3.9278,0,-1.0952,0.85104,0.56882,-7.792,5.7342,0,0,0,0,2.0639,2.0686,2.0667,2.0661,11.887,14.967,0,30.52,-22.302,0,13.776
6.53,1.9466,-1.5315,1,-0.23086,-0.30106,0,0.92524,-3.1131,-3.8697,0,-1.0794,0.87351,0.56918,-7.6716,5.8827,0,0,0,0,2.0632,2.0678,2.0659,2.0654,12.189,14.741,0,30.034,-22.873,0,13.771
6.54,1.915,-1.5699,1,-0.23666,-0.2963,0,0.92531,-3.1892,-3.8102,0,-1.0632,0.89567,0.56954,-7.5482,6.029,0,0,0,0,2.0624,2.0671,2.0651,2.0647,12.487,14.51,0,29.539,-23.435,0,13.766
6.55,1.8828,-1.6077,1,-0.24238,-0.29142,0,0.92538,-3.2641,-3.7492,0,-1.0465,0.91751,0.5699,-7.4219,6.1729,0,0,0,0,2.0617,2.0664,2.0643,2.0641,12.78,14.273,0,29.032,-23.989,0,13.761
6.56,1.8498,-1.6449,1,-0.24801,-0.28643,0,0.92545,-3.3377,-3.6867,0,-1.0294,0.93901,0.57025,-7.2926,6.3144,0,0,0,0,2.0609,2.0657,2.0635,2.0634,13.068,14.03,0,28.516,-24.535,0,13.756
6.57,1.816,-1.6814,1,-0.25354,-0.28132,0,0.92552,-3.4099,-3.6229,0,-1.0119,0.96017,0.57061,-7.1605,6.4535,0,0,0,0,2.0602,2.0649,2.0628,2.0627,13.35,13.782,0,27.99,-25.072,0,13.751
6.58,1.7816,-1.7173,1,-0.25898,-0.27609,0,0.92558,-3.4809,-3.5577,0,-0.99393,0.98097,0.57096,-7.0256,6.59,0,0,0,0,2.0595,2.0642,2.062,2.062,13.628,13.529,0,27.453,-25.6,0,13.746
6.59,1.7464,-1.7526,1,-0.26431,-0.27076,0,0.92565,-3.5504,-3.4911,0,-0.97554,1.0014,0.5713,-6.888,6.724,0,0,0,0,2.0588,2.0635,2.0612,2.0613,13.899,13.27,0,26.908,-26.118,0,13.741
6.6,1.7106,-1.7871,1,-0.26955,-0.26532,0,0.92572,-3.6186,-3.4232,0,-0.95674,1.0215,0.57164,-6.7477,6.8554,0,0,0,0,2.058,2.0628,2.0605,2.0607,14.166,13.006,0,26.353,-26.627,0,13.737
6.61,1.674,-1.821,1,-0.27469,-0.25976,0,0.92578,-3.6854,-3.354,0,-0.93752,1.0412,0.57198,-6.6047,6.9841,0,0,0,0,2.0573,2.0621,2.0597,2.06,14.426,12.738,0,25.789,-27.126,0,13.732
6.62,1.6369,-1.8542,1,-0.27972,-0.25411,0,0.92584,-3.7507,-3.2835,0,-0.9179,1.0604,0.57231,-6.4592,7.1101,0,0,0,0,2.0567,2.0614,2.059,2.0594,14.681,12.464,0,25.217,-27.615,0,13.727
6.63,1.599,-1.8867,1,-0.28464,-0.24835,0,0.92591,-3.8145,-3.2118,0,-0.89788,1.0793,0.57263,-6.3111,7.2334,0,0,0,0,2.056,2.0608,2.0583,2.0588,14.931,12.185,0,24.636,-28.094,0,13.723
6.64,1.5606,-1.9184,1,-0.28945,-0.24248,0,0.92597,-3.8769,-3.1388,0,-0.87747,1.0978,0.57295,-6.1606,7.3538,0,0,0,0,2.0553,2.0601,2.0576,2.0582,15.174,11.902,0,24.047,-28.563,0,13.719
6.65,1.5215,-1.9495,1,-0.29415,-0.23652,0,0.92603,-3.9377,-3.0647,0,-0.85667,1.1159,0.57326,-6.0076,7.4714,0,0,0,0,2.0547,2.0595,2.0569,2.0576,15.412,11.614,0,23.45,-29.021,0,13.714
6.66,1.4818,-1.9797,1,-0.29874,-0.23047,0,0.92609,-3.9971,-2.9894,0,-0.8355,1.1335,0.57357,-5.8523,7.5861,0,0,0,0,2.0541,2.0588,2.0562,2.057,15.643,11.322,0,22.845,-29.469,0,13.71
6.67,1.4416,-2.0093,1,-0.30321,-0.22431,0,0.92615,-4.0548,-2.913,0,-0.81396,1.1507,0.57386,-5.6948,7.6978,0,0,0,0,2.0534,2.0582,2.0555,2.0564,15.868,11.025,0,22.232,-29.905,0,13.706
6.68,1.4007,-2.038,1,-0.30757,-0.21807,0,0.9262,-4.1109,-2.8355,0,-0.79205,1.1674,0.57415,-5.535,7.8066,0,0,0,0,2.0529,2.0576,2.0549,2.0559,16.088,10.724,0,21.612,-30.33,0,13.702
6.69,1.3594,-2.066,1,-0.3118,-0.21174,0,0.92626,-4.1655,-2.7569,0,-0.76979,1.1837,0.57443,-5.373,7.9123,0,0,0,0,2.0523,2.0571,2.0543,2.0554,16.301,10.418,0,20.986,-30.744,0,13.698
6.7,1.3174,-2.0931,1,-0.31591,-0.20531,0,0.92631,-4.2184,-2.6772,0,-0.74718,1.1995,0.5747,-5.209,8.0149,0,0,0,0,2.0517,2.0565,2.0537,2.0548,16.507,10.109,0,20.352,-31.146,0,13.695
6.71,1.275,-2.1195,1,-0.3199,-0.19881,0,0.92636,-4.2697,-2.5966,0,-0.72424,1.2149,0.57497,-5.0429,8.1145,0,0,0,0,2.0512,2.056,2.0531,2.0544,16.708,9.7953,0,19.712,-31.536,0,13.691
6.72,1.232,-2.1451,1,-0.32376,-0.19222,0,0.92641,-4.3192,-2.515,0,-0.70098,1.2297,0.57522,-4.8749,8.2108,0,0,0,0,2.0507,2.0554,2.0525,2.0539,16.902,9.478,0,19.066,-31.915,0,13.688
6.73,1.1886,-2.1698,1,-0.3275,-0.18556,0,0.92645,-4.3671,-2.4324,0,-0.6774,1.2441,0.57547,-4.7049,8.304,0,0,0,0,2.0502,2.0549,2.052,2.0535,17.089,9.157,0,18.413,-32.28,0,13.684
6.74,1.1447,-2.1937,1,-0.33111,-0.17881,0,0.9265,-4.4133,-2.3489,0,-0.65351,1.258,0.57571,-4.5331,8.3939,0,0,0,0,2.0498,2.0545,2.0515,2.053,17.27,8.8325,0,17.755,-32.634,0,13.681
6.75,1.1004,-2.2168,1,-0.33458,-0.17199,0,0.92654,-4.4578,-2.2645,0,-0.62932,1.2714,0.57594,-4.3595,8.4806,0,0,0,0,2.0493,2.054,2.051,2.0526,17.444,8.5044,0,17.091,-32.975,0,13.678
6.76,1.0556,-2.239,1,-0.33793,-0.16511,0,0.92658,-4.5005,-2.1793,0,-0.60485,1.2843,0.57617,-4.1843,8.564,0,0,0,0,2.0489,2.0536,2.0505,2.0523,17.612,8.173,0,16.421,-33.303,0,13.676
6.77,1.0103,-2.2604,1,-0.34114,-0.15815,0,0.92661,-4.5415,-2.0933,0,-0.5801,1.2967,0.57638,-4.0073,8.6441,0,0,0,0,2.0486,2.0532,2.0501,2.0519,17.772,7.8384,0,15.747,-33.618,0,13.673
6.78,0.96474,-2.2809,1,-0.34421,-0.15113,0,0.92665,-4.5807,-2.0064,0,-0.55509,1.3085,0.57659,-3.8288,8.7208,0,0,0,0,2.0482,2.0528,2.0497,2.0516,17.927,7.5007,0,15.067,-33.919,0,13.67
6.79,0.91874,-2.3005,1,-0.34715,-0.14404,0,0.92668,-4.6181,-1.9189,0,-0.52983,1.3198,0.57679,-3.6488,8.7941,0,0,0,0,2.0479,2.0525,2.0493,2.0513,18.074,7.16,0,14.383,-34.208,0,13.668
6.8,0.87238,-2.3192,1,-0.34995,-0.13689,0,0.92671,-4.6536,-1.8306,0,-0.50432,1.3306,0.57699,-3.4674,8.864,0,0,0,0,2.0476,2.0521,2.0489,2.051,18.214,6.8166,0,13.694,-34.482,0,13.666
6.81,0.82568,-2.3371,1,-0.35262,-0.12969,0,0.92674,-4.6874,-1.7416,0,-0.47859,1.3409,0.57717,-3.2846,8.9304,0,0,0,0,2.0473,2.0518,2.0486,2.0508,18.348,6.4705,0,13.001,-34.743,0,13.664
6.82,0.77864,-2.3541,1,-0.35514,-0.12243,0,0.92676,-4.7193,-1.652,0,-0.45264,1.3506,0.57735,-3.1004,8.9934,0,0,0,0,2.0471,2.0516,2.0483,2.0506,18.474,6.1218,0,12.303,-34.99,0,13.662
6.83,0.73129,-2.3701,1,-0.35752,-0.11512,0,0.92678,-4.7494,-1.5617,0,-0.42648,1.3598,0.57753,-2.9151,9.0528,0,0,0,0,2.0469,2.0513,2.048,2.0504,18.594,5.7707,0,11.602,-35.223,0,13.661
6.84,0.68366,-2.3853,1,-0.35975,-0.10777,0,0.9268,-4.7776,-1.4709,0,-0.40013,1.3684,0.57769,-2.7286,9.1088,0,0,0,0,2.0467,2.0511,2.0477,2.0502,18.706,5.4174,0,10.897,-35.441,0,13.66
6.85,0.63575,-2.3995,1,-0.36185,-0.10036,0,0.92682,-4.804,-1.3796,0,-0.37359,1.3765,0.57785,-2.541,9.1612,0,0,0,0,2.0466,2.0509,2.0475,2.0501,18.812,5.0619,0,10.189,-35.645,0,13.658
6.86,0.58759,-2.4129,1,-0.3638,-0.092919,0,0.92683,-4.8284,-1.2877,0,-0.34689,1.384,0.57801,-2.3524,9.21,0,0,0,0,2.0464,2.0507,2.0473,2.05,18.91,4.7045,0,9.4769,-35.834,0,13.658
6.87,0.53919,-2.4253,1,-0.3656,-0.085435,0,0.92684,-4.851,-1.1954,0,-0.32004,1.3909,0.57815,-2.1628,9.2553,0,0,0,0,2.0463,2.0506,2.0472,2.0499,19.001,4.3453,0,8.7621,-36.008,0,13.657
6.88,0.49057,-2.4368,1,-0.36726,-0.077915,0,0.92685,-4.8717,-1.1026,0,-0.29304,1.3973,0.57829,-1.9724,9.2969,0,0,0,0,2.0463,2.0505,2.0471,2.0499,19.085,3.9844,0,8.0444,-36.167,0,13.656
6.89,0.44176,-2.4473,1,-0.36877,-0.070362,0,0.92686,-4.8905,-1.0094,0,-0.26592,1.4031,0.57843,-1.7811,9.3349,0,0,0,0,2.0463,2.0504,2.047,2.0499,19.162,3.622,0,7.3242,-36.31,0,13.656
6.9,0.39277,-2.457,1,-0.37013,-0.062778,0,0.92686,-4.9073,-0.91592,0,-0.23867,1.4083,0.57855,-1.5892,9.3693,0,0,0,0,2.0463,2.0504,2.0469,2.0499,19.232,3.2583,0,6.6015,-36.438,0,13.656
6.91,0.34362,-2.4657,1,-0.37134,-0.055168,0,0.92686,-4.9222,-0.82207,0,-0.21133,1.413,0.57868,-1.3965,9.4001,0,0,0,0,2.0463,2.0504,2.0469,2.0499,19.294,2.8933,0,5.8766,-36.551,0,13.656
6.92,0.29433,-2.4734,1,-0.3724,-0.047534,0,0.92685,-4.9352,-0.72793,0,-0.1839,1.417,0.57879,-1.2033,9.4272,0,0,0,0,2.0464,2.0504,2.0469,2.05,19.349,2.5273,0,5.1498,-36.647,0,13.656
6.93,0.24492,-2.4802,1,-0.37332,-0.03988,0,0.92685,-4.9463,-0.63354,0,-0.15639,1.4205,0.5789,-1.0096,9.4507,0,0,0,0,2.0465,2.0504,2.0469,2.0501,19.397,2.1604,0,4.4212,-36.727,0,13.657
6.94,0.19541,-2.4861,1,-0.37409,-0.032208,0,0.92683,-4.9554,-0.53893,0,-0.12883,1.4234,0.579,-0.81539,9.4704,0,0,0,0,2.0466,2.0505,2.047,2.0503,19.438,1.7928,0,3.691,-36.792,0,13.657
6.95,0.14582,-2.491,1,-0.3747,-0.024522,0,0.92682,-4.9626,-0.44415,0,-0.10121,1.4258,0.5791,-0.62084,9.4865,0,0,0,0,2.0468,2.0506,2.0471,2.0504,19.471,1.4246,0,2.9595,-36.839,0,13.658
6.96,0.096165,-2.495,1,-0.37517,-0.016825,0,0.92681,-4.9678,-0.34922,0,-0.07357,1.4275,0.57919,-0.42599,9.4989,0,0,0,0,2.047,2.0508,2.0472,2.0506,19.497,1.0561,0,2.2269,-36.87,0,13.659
6.97,0.046468,-2.498,1,-0.37548,-0.0091198,0,0.92679,-4.9711,-0.25418,0,-0.045909,1.4287,0.57927,-0.23093,9.5076,0,0,0,0,2.0473,2.051,2.0474,2.0509,19.515,0.6873,0,1.4934,-36.884,0,13.661
6.98,-0.0032513,-2.5001,1,-0.37564,-0.0014101,0,0.92676,-4.9725,-0.15907,0,-0.018245,1.4292,0.57934,-0.035709,9.5127,0,0,0,0,2.0475,2.0512,2.0476,2.0511,19.527,0.31846,0,0.75916,-36.881,0,13.662
6.99,-0.052974,-2.5012,1,-0.37566,0.0063011,0,0.92674,-4.9718,-0.063939,0,0.0094071,1.4292,0.57941,0.15958,9.514,0,0,0,0,2.0478,2.0514,2.0478,2.0515,19.531,-0.050269,0,0.02447,-36.861,0,13.664
7,-0.10268,-2.5013,1,-0.37552,0.014011,0,0.92671,-4.9693,0.031193,0,0.037032,1.4286,0.57946,0.35488,9.5117,0,0,0,0,2.0482,2.0517,2.0481,2.0518,19.527,-0.41871,0,-0.71048,-36.824,0,13.666
7.01,-0.15235,-2.5005,1,-0.37523,0.021715,0,0.92668,-4.9647,0.12628,0,0.064616,1.4274,0.57951,0.5501,9.5056,0,0,0,0,2.0486,2.052,2.0484,2.0522,19.516,-0.78669,0,-1.4455,-36.77,0,13.669
7.02,-0.20197,-2.4988,1,-0.3748,0.029412,0,0.92664,-4.9583,0.22129,0,0.092144,1.4256,0.57955,0.74518,9.4959,0,0,0,0,2.049,2.0523,2.0487,2.0526,19.498,-1.154,0,-2.1803,-36.699,0,13.671
7.03,-0.25151,-2.4961,1,-0.37421,0.037097,0,0.9266,-4.9498,0.31619,0,0.1196,1.4233,0.57958,0.94004,9.4825,0,0,0,0,2.0494,2.0527,2.0491,2.053,19.473,-1.5206,0,-2.9148,-36.612,0,13.674
7.04,-0.30096,-2.4925,1,-0.37347,0.044767,0,0.92656,-4.9395,0.41093,0,0.14697,1.4203,0.57959,1.1346,9.4655,0,0,0,0,2.0499,2.0531,2.0495,2.0535,19.44,-1.8862,0,-3.6487,-36.509,0,13.677
7.05,-0.3503,-2.4879,1,-0.37259,0.05242,0,0.92652,-4.9272,0.50549,0,0.17424,1.4168,0.57959,1.3288,9.4448,0,0,0,0,2.0504,2.0536,2.05,2.054,19.4,-2.2507,0,-4.3818,-36.39,0,13.68
7.06,-0.3995,-2.4824,1,-0.37155,0.060052,0,0.92647,-4.9129,0.59982,0,0.2014,1.4126,0.57958,1.5226,9.4205,0,0,0,0,2.051,2.054,2.0505,2.0545,19.352,-2.614,0,-5.1139,-36.255,0,13.683
7.07,-0.44855,-2.4759,1,-0.37037,0.06766,0,0.92642,-4.8967,0.69388,0,0.22843,1.4079,0.57955,1.7158,9.3925,0,0,0,0,2.0516,2.0545,2.051,2.0551,19.298,-2.9758,0,-5.8448,-36.105,0,13.687
7.08,-0.49742,-2.4685,1,-0.36905,0.075241,0,0.92636,-4.8786,0.78765,0,0.25532,1.4026,0.57951,1.9085,9.361,0,0,0,0,2.0522,2.0551,2.0515,2.0557,19.235,-3.336,0,-6.5743,-35.939,0,13.691
7.09,-0.54611,-2.4602,1,-0.36757,0.082791,0,0.9263,-4.8585,0.88109,0,0.28205,1.3967,0.57946,2.1005,9.3258,0,0,0,0,2.0529,2.0557,2.0521,2.0563,19.166,-3.6945,0,-7.3022,-35.758,0,13.695
7.1,-0.59459,-2.4509,1,-0.36595,0.090308,0,0.92624,-4.8366,0.97416,0,0.30861,1.3903,0.57938,2.2918,9.2871,0,0,0,0,2.0536,2.0563,2.0528,2.057,19.089,-4.0511,0,-8.0282,-35.562,0,13.699
7.11,-0.64284,-2.4407,1,-0.36419,0.097788,0,0.92618,-4.8127,1.0668,0,0.33499,1.3832,0.57929,2.4823,9.2448,0,0,0,0,2.0543,2.0569,2.0534,2.0577,19.006,-4.4057,0,-8.7521,-35.352,0,13.704
7.12,-0.69084,-2.4295,1,-0.36229,0.10523,0,0.92611,-4.7869,1.159,0,0.36117,1.3756,0.57918,2.6719,9.199,0,0,0,0,2.0551,2.0576,2.0541,2.0584,18.914,-4.7581,0,-9.4738,-35.127,0,13.709
7.13,-0.73857,-2.4175,1,-0.36024,0.11262,0,0.92604,-4.7593,1.2508,0,0.38714,1.3675,0.57904,2.8606,9.1497,0,0,0,0,2.0559,2.0583,2.0549,2.0592,18.816,-5.1082,0,-10.193,-34.887,0,13.714
7.14,-0.78602,-2.4045,1,-0.35805,0.11998,0,0.92596,-4.7297,1.342,0,0.41289,1.3587,0.57889,3.0482,9.0968,0,0,0,0,2.0567,2.0591,2.0556,2.06,18.711,-5.4558,0,-10.91,-34.634,0,13.719
7.15,-0.83316,-2.3907,1,-0.35572,0.12728,0,0.92589,-4.6983,1.4327,0,0.4384,1.3494,0.57871,3.2347,9.0406,0,0,0,0,2.0576,2.0599,2.0564,2.0608,18.598,-5.8008,0,-11.623,-34.366,0,13.725
7.16,-0.87998,-2.3759,1,-0.35325,0.13453,0,0.9258,-4.665,1.5228,0,0.46366,1.3396,0.57852,3.4201,8.9808,0,0,0,0,2.0585,2.0607,2.0573,2.0617,18.478,-6.1431,0,-12.334,-34.085,0,13.73
7.17,-0.92645,-2.3602,1,-0.35065,0.14172,0,0.92572,-4.6299,1.6123,0,0.48865,1.3292,0.57829,3.6043,8.9177,0,0,0,0,2.0595,2.0615,2.0582,2.0626,18.351,-6.4825,0,-13.041,-33.79,0,13.736
7.18,-0.97257,-2.3436,1,-0.34791,0.14886,0,0.92563,-4.5929,1.7012,0,0.51338,1.3183,0.57805,3.7871,8.8512,0,0,0,0,2.0605,2.0624,2.0591,2.0636,18.217,-6.8189,0,-13.745,-33.482,0,13.742
7.19,-1.0183,-2.3262,1,-0.34504,0.15593,0,0.92554,-4.5542,1.7893,0,0.53781,1.3068,0.57777,3.9686,8.7813,0,0,0,0,2.0615,2.0633,2.06,2.0645,18.076,-7.1521,0,-14.444,-33.161,0,13.749
7.2,-1.0636,-2.3078,1,-0.34203,0.16295,0,0.92545,-4.5136,1.8768,0,0.56195,1.2948,0.57748,4.1486,8.7082,0,0,0,0,2.0625,2.0643,2.061,2.0655,17.928,-7.482,0,-15.14,-32.827,0,13.755
7.21,-1.1086,-2.2886,1,-0.3389,0.16989,0,0.92536,-4.4712,1.9635,0,0.58578,1.2823,0.57715,4.3271,8.6317,0,0,0,0,2.0636,2.0652,2.062,2.0666,17.774,-7.8086,0,-15.832,-32.481,0,13.762
7.22,-1.1531,-2.2686,1,-0.33563,0.17677,0,0.92526,-4.427,2.0494,0,0.60928,1.2692,0.5768,4.5041,8.552,0,0,0,0,2.0647,2.0662,2.063,2.0676,17.612,-8.1316,0,-16.52,-32.122,0,13.769
7.23,-1.1971,-2.2477,1,-0.33224,0.18357,0,0.92516,-4.3811,2.1345,0,0.63245,1.2556,0.57642,4.6794,8.4691,0,0,0,0,2.0658,2.0673,2.0641,2.0687,17.443,-8.451,0,-17.203,-31.751,0,13.776
7.24,-1.2407,-2.2259,1,-0.32872,0.1903,0,0.92506,-4.3335,2.2188,0,0.65528,1.2416,0.57601,4.8529,8.383,0,0,0,0,2.067,2.0683,2.0652,2.0698,17.268,-8.7666,0,-17.881,-31.367,0,13.784
7.25,-1.2838,-2.2033,1,-0.32508,0.19695,0,0.92495,-4.2841,2.3022,0,0.67776,1.227,0.57557,5.0247,8.2938,0,0,0,0,2.0682,2.0694,2.0663,2.0709,17.086,-9.0783,0,-18.554,-30.972,0,13.791
7.26,-1.3264,-2.1799,1,-0.32132,0.20352,0,0.92484,-4.233,2.3846,0,0.69988,1.212,0.5751,5.1946,8.2014,0,0,0,0,2.0694,2.0705,2.0675,2.0721,16.897,-9.386,0,-19.222,-30.565,0,13.799
7.27,-1.3684,-2.1556,1,-0.31744,0.21,0,0.92473,-4.1802,2.4662,0,0.72162,1.1965,0.57461,5.3626,8.1061,0,0,0,0,2.0706,2.0717,2.0687,2.0733,16.701,-9.6896,0,-19.884,-30.147,0,13.807
7.28,-1.41,-2.1305,1,-0.31344,0.21641,0,0.92462,-4.1257,2.5468,0,0.74299,1.1805,0.57408,5.5286,8.0077,0,0,0,0,2.0719,2.0728,2.0699,2.0745,16.499,-9.9889,0,-20.541,-29.718,0,13.815
7.29,-1.4509,-2.1047,1,-0.30933,0.22272,0,0.92451,-4.0696,2.6263,0,0.76396,1.1641,0.57352,5.6926,7.9063,0,0,0,0,2.0732,2.074,2.0711,2.0757,16.29,-10.284,0,-21.191,-29.278,0,13.823
7.3,-1.4913,-2.078,1,-0.3051,0.22894,0,0.92439,-4.0119,2.7049,0,0.78454,1.1472,0.57294,5.8544,7.802,0,0,0,0,2.0745,2.0752,2.0723,2.077,16.075,-10.574,0,-21.836,-28.827,0,13.832
7.31,-1.5312,-2.0506,1,-0.30077,0.23507,0,0.92427,-3.9525,2.7824,0,0.80471,1.1299,0.57232,6.014,7.6948,0,0,0,0,2.0758,2.0764,2.0736,2.0782,15.854,-10.86,0,-22.474,-28.365,0,13.84
7.32,-1.5704,-2.0224,1,-0.29632,0.2411,0,0.92416,-3.8916,2.8588,0,0.82447,1.1121,0.57168,6.1714,7.5848,0,0,0,0,2.0771,2.0777,2.0749,2.0795,15.626,-11.142,0,-23.105,-27.894,0,13.849
7.33,-1.609,-1.9934,1,-0.29177,0.24704,0,0.92404,-3.8291,2.934,0,0.84381,1.0939,0.57101,6.3265,7.472,0,0,0,0,2.0785,2.0789,2.0762,2.0808,15.392,-11.418,0,-23.729,-27.413,0,13.857
7.34,-1.647,-1.9637,1,-0.28711,0.25288,0,0.92391,-3.7651,3.0082,0,0.86273,1.0754,0.57031,6.4793,7.3565,0,0,0,0,2.0798,2.0802,2.0775,2.0821,15.151,-11.69,0,-24.346,-26.921,0,13.866
7.35,-1.6843,-1.9332,1,-0.28236,0.25861,0,0.92379,-3.6995,3.0812,0,0.88122,1.0564,0.56958,6.6295,7.2382,0,0,0,0,2.0812,2.0815,2.0788,2.0834,14.905,-11.957,0,-24.955,-26.421,0,13.875
7.36,-1.7209,-1.9021,1,-0.2775,0.26424,0,0.92367,-3.6325,3.1529,0,0.89928,1.037,0.56882,6.7773,7.1173,0,0,0,0,2.0826,2.0828,2.0801,2.0847,14.652,-12.218,0,-25.556,-25.911,0,13.884
7.37,-1.7569,-1.8702,1,-0.27255,0.26977,0,0.92355,-3.564,3.2235,0,0.91689,1.0173,0.56804,6.9226,6.9939,0,0,0,0,2.084,2.084,2.0815,2.0861,14.394,-12.475,0,-26.15,-25.392,0,13.893
7.38,-1.7922,-1.8376,1,-0.2675,0.27519,0,0.92343,-3.4941,3.2928,0,0.93407,0.99721,0.56723,7.0652,6.8679,0,0,0,0,2.0854,2.0853,2.0828,2.0874,14.129,-12.726,0,-26.735,-24.865,0,13.902
7.39,-1.8268,-1.8043,1,-0.26236,0.28049,0,0.9233,-3.4227,3.3609,0,0.9508,0.97677,0.5664,7.2051,6.7394,0,0,0,0,2.0868,2.0866,2.0842,2.0887,13.859,-12.972,0,-27.311,-24.329,0,13.911
7.4,-1.8607,-1.7704,1,-0.25713,0.28569,0,0.92318,-3.35,3.4276,0,0.96707,0.956,0.56555,7.3423,6.6084,0,0,0,0,2.0882,2.0879,2.0855,2.09,13.583,-13.213,0,-27.879,-23.785,0,13.919
7.41,-1.8938,-1.7358,1,-0.25182,0.29077,0,0.92306,-3.2759,3.493,0,0.9829,0.93489,0.56467,7.4768,6.4751,0,0,0,0,2.0895,2.0892,2.0869,2.0914,13.301,-13.448,0,-28.437,-23.233,0,13.928
7.42,-1.9262,-1.7005,1,-0.24642,0.29574,0,0.92294,-3.2004,3.5571,0,0.99827,0.91347,0.56378,7.6084,6.3395,0,0,0,0,2.0909,2.0905,2.0882,2.0927,13.014,-13.677,0,-28.986,-22.674,0,13.937
7.43,-1.9578,-1.6646,1,-0.24094,0.30059,0,0.92282,-3.1237,3.6198,0,1.0132,0.89175,0.56286,7.737,6.2016,0,0,0,0,2.0923,2.0918,2.0895,2.094,12.722,-13.901,0,-29.525,-22.106,0,13.946
7.44,-1.9887,-1.6281,1,-0.23538,0.30533,0,0.9227,-3.0457,3.6811,0,1.0277,0.86973,0.56193,7.8628,6.0615,0,0,0,0,2.0936,2.093,2.0909,2.0953,12.424,-14.119,0,-30.055,-21.532,0,13.955
7.45,-2.0187,-1.591,1,-0.22974,0.30994,0,0.92258,-2.9665,3.741,0,1.0417,0.84743,0.56097,7.9855,5.9192,0,0,0,0,2.095,2.0943,2.0922,2.0966,12.121,-14.332,0,-30.574,-20.951,0,13.963
7.46,-2.048,-1.5533,1,-0.22403,0.31443,0,0.92246,-2.886,3.7995,0,1.0552,0.82487,0.56001,8.1052,5.7749,0,0,0,0,2.0963,2.0955,2.0935,2.0978,11.812,-14.538,0,-31.082,-20.363,0,13.972
7.47,-2.0764,-1.515,1,-0.21825,0.3188,0,0.92235,-2.8044,3.8565,0,1.0683,0.80204,0.55903,8.2217,5.6285,0,0,0,0,2.0976,2.0967,2.0947,2.0991,11.499,-14.739,0,-31.58,-19.768,0,13.98
7.48,-2.1041,-1.4762,1,-0.2124,0.32305,0,0.92224,-2.7216,3.9121,0,1.0809,0.77896,0.55804,8.3351,5.4801,0,0,0,0,2.0989,2.0979,2.096,2.1003,11.181,-14.934,0,-32.067,-19.167,0,13.988
7.49,-2.1309,-1.4368,1,-0.20648,0.32717,0,0.92213,-2.6377,3.9661,0,1.0931,0.75565,0.55704,8.4453,5.3298,0,0,0,0,2.1001,2.0991,2.0972,2.1015,10.858,-15.122,0,-32.543,-18.561,0,13.996
7.5,-2.1568,-1.3969,1,-0.2005,0.33117,0,0.92202,-2.5527,4.0186,0,1.1049,0.73211,0.55604,8.5523,5.1777,0,0,0,0,2.1013,2.1002,2.0984,2.1026,10.53,-15.305,0,-33.007,-17.948,0,14.004
7.51,-2.1819,-1.3564,1,-0.19445,0.33504,0,0.92192,-2.4666,4.0697,0,1.1162,0.70836,0.55503,8.6559,5.0238,0,0,0,0,2.1025,2.1013,2.0995,2.1037,10.198,-15.481,0,-33.459,-17.33,0,14.012
7.52,-2.2061,-1.3155,1,-0.18835,0.33878,0,0.92182,-2.3796,4.1191,0,1.127,0.6844,0.55401,8.7562,4.8681,0,0,0,0,2.1037,2.1024,2.1007,2.1048,9.8608,-15.652,0,-33.9,-16.707,0,14.019
7.53,-2.2295,-1.2741,1,-0.18219,0.34239,0,0.92173,-2.2915,4.167,0,1.1374,0.66024,0.553,8.8531,4.7107,0,0,0,0,2.1048,2.1034,2.1018,2.1059,9.5197,-15.815,0,-34.328,-16.079,0,14.026
7.54,-2.252,-1.2322,1,-0.17597,0.34587,0,0.92163,-2.2025,4.2133,0,1.1473,0.6359,0.55198,8.9466,4.5518,0,0,0,0,2.1058,2.1044,2.1028,2.1069,9.1743,-15.973,0,-34.743,-15.446,0,14.033
7.55,-2.2735,-1.1898,1,-0.1697,0.34922,0,0.92155,-2.1126,4.258,0,1.1568,0.61138,0.55097,9.0366,4.3913,0,0,0,0,2.1068,2.1053,2.1038,2.1078,8.8249,-16.124,0,-35.146,-14.808,0,14.04
7.56,-2.2942,-1.147,1,-0.16339,0.35244,0,0.92146,-2.0218,4.3011,0,1.1659,0.58669,0.54996,9.1231,4.2293,0,0,0,0,2.1078,2.1062,2.1047,2.1088,8.4714,-16.269,0,-35.536,-14.167,0,14.046
7.57,-2.314,-1.1038,1,-0.15702,0.35553,0,0.92138,-1.9302,4.3426,0,1.1746,0.56184,0.54896,9.206,4.0659,0,0,0,0,2.1087,2.1071,2.1056,2.1096,8.1142,-16.408,0,-35.912,-13.521,0,14.052
7.58,-2.3328,-1.0602,1,-0.15061,0.35848,0,0.92131,-1.8377,4.3825,0,1.1828,0.53684,0.54797,9.2853,3.9012,0,0,0,0,2.1096,2.1078,2.1065,2.1104,7.7532,-16.54,0,-36.275,-12.871,0,14.057
7.59,-2.3507,-1.0161,1,-0.14416,0.3613,0,0.92124,-1.7445,4.4206,0,1.1906,0.5117,0.547,9.3611,3.7352,0,0,0,0,2.1104,2.1086,2.1073,2.1112,7.3887,-16.665,0,-36.624,-12.218,0,14.062
7.6,-2.3677,-0.97175,1,-0.13767,0.36398,0,0.92118,-1.6505,4.4572,0,1.1979,0.48643,0.54603,9.4331,3.5679,0,0,0,0,2.1111,2.1092,2.108,2.1119,7.0208,-16.784,0,-36.959,-11.562,0,14.067
7.61,-2.3837,-0.927,1,-0.13114,0.36653,0,0.92112,-1.5558,4.492,0,1.2049,0.46102,0.54508,9.5015,3.3995,0,0,0,0,2.1118,2.1098,2.1087,2.1125,6.6496,-16.896,0,-37.279,-10.903,0,14.071
7.62,-2.3988,-0.88192,1,-0.12457,0.36894,0,0.92107,-1.4605,4.5251,0,1.2114,0.4355,0.54415,9.5661,3.23,0,0,0,0,2.1124,2.1104,2.1093,2.1131,6.2753,-17.002,0,-37.586,-10.241,0,14.075
7.63,-2.413,-0.83651,1,-0.11797,0.37122,0,0.92102,-1.3645,4.5566,0,1.2176,0.40986,0.54324,9.627,3.0595,0,0,0,0,2.113,2.1109,2.1098,2.1135,5.8979,-17.101,0,-37.877,-9.576,0,14.079
7.64,-2.4261,-0.79079,1,-0.11134,0.37336,0,0.92098,-1.268,4.5863,0,1.2233,0.38412,0.54235,9.684,2.888,0,0,0,0,2.1134,2.1113,2.1103,2.114,5.5178,-17.194,0,-38.154,-8.909,0,14.082
7.65,-2.4383,-0.74479,1,-0.10468,0.37536,0,0.92095,-1.1708,4.6143,0,1.2286,0.35827,0.54149,9.7373,2.7156,0,0,0,0,2.1138,2.1116,2.1107,2.1143,5.1349,-17.279,0,-38.415,-8.24,0,14.084
7.66,-2.4495,-0.69851,1,-0.097997,0.37722,0,0.92092,-1.0732,4.6406,0,1.2336,0.33233,0.54066,9.7867,2.5424,0,0,0,0,2.1141,2.1118,2.111,2.1146,4.7495,-17.358,0,-38.661,-7.5692,0,14.086
7.67,-2.4598,-0.65198,1,-0.091285,0.37895,0,0.9209,-0.97512,4.6652,0,1.2381,0.3063,0.53985,9.8323,2.3685,0,0,0,0,2.1144,2.112,2.1112,2.1148,4.3617,-17.431,0,-38.892,-6.8968,0,14.087
7.68,-2.469,-0.60521,1,-0.08455,0.38054,0,0.92089,-0.87659,4.688,0,1.2423,0.28019,0.53907,9.874,2.1939,0,0,0,0,2.1145,2.1121,2.1114,2.1149,3.9717,-17.496,0,-39.106,-6.2231,0,14.088
7.69,-2.4773,-0.55822,1,-0.077794,0.38199,0,0.92089,-0.77766,4.7091,0,1.2461,0.25399,0.53833,9.9117,2.0186,0,0,0,0,2.1146,2.1121,2.1115,2.1149,3.5797,-17.555,0,-39.305,-5.5483,0,14.089
7.7,-2.4846,-0.51104,1,-0.071019,0.38329,0,0.92089,-0.67837,4.7284,0,1.2495,0.22772,0.53763,9.9455,1.8428,0,0,0,0,2.1146,2.1121,2.1115,2.1149,3.1857,-17.607,0,-39.487,-4.8727,0,14.088
7.71,-2.4909,-0.46366,1,-0.064228,0.38446,0,0.9209,-0.57876,4.7459,0,1.2525,0.20139,0.53695,9.9754,1.6665,0,0,0,0,2.1145,2.1119,2.1114,2.1147,2.79,-17.653,0,-39.652,-4.1965,0,14.087
7.72,-2.4962,-0.41612,1,-0.057421,0.38549,0,0.92092,-0.47887,4.7617,0,1.2552,0.17498,0.53632,10.001,1.4897,0,0,0,0,2.1143,2.1116,2.1112,2.1145,2.3927,-17.691,0,-39.8,-3.5199,0,14.086
7.73,-2.5004,-0.36843,1,-0.050601,0.38638,0,0.92095,-0.37875,4.7757,0,1.2575,0.14851,0.53573,10.023,1.3127,0,0,0,0,2.114,2.1113,2.1109,2.1142,1.994,-17.723,0,-39.932,-2.8433,0,14.084
7.74,-2.5037,-0.32061,1,-0.043771,0.38713,0,0.92098,-0.27842,4.788,0,1.2594,0.12199,0.53518,10.041,1.1353,0,0,0,0,2.1136,2.1109,2.1105,2.1138,1.5941,-17.748,0,-40.046,-2.1669,0,14.081
7.75,-2.506,-0.27268,1,-0.036931,0.38774,0,0.92103,-0.17794,4.7984,0,1.261,0.095413,0.53468,10.055,0.95773,0,0,0,0,2.1132,2.1104,2.1101,2.1133,1.1932,-17.766,0,-40.142,-1.4908,0,14.078
7.76,-2.5073,-0.22465,1,-0.030085,0.38821,0,0.92108,-0.077332,4.8071,0,1.2622,0.068785,0.53422,10.065,0.78,0,0,0,0,2.1126,2.1097,2.1095,2.1127,0.79136,-17.778,0,-40.221,-0.81539,0,14.074
7.77,-2.5076,-0.17654,1,-0.023232,0.38854,0,0.92114,0.023352,4.814,0,1.263,0.042109,0.53381,10.071,0.60219,0,0,0,0,2.112,2.109,2.1089,2.112,0.38883,-17.783,0,-40.282,-0.14087,0,14.07
7.78,-2.5068,-0.12838,1,-0.016377,0.38872,0,0.92121,0.12407,4.8192,0,1.2635,0.015391,0.53344,10.073,0.42437,0,0,0,0,2.1112,2.1082,2.1081,2.1112,-0.014215,-17.781,0,-40.324,0.53252,0,14.065
7.79,-2.5051,-0.080167,1,-0.0095196,0.38876,0,0.92129,0.2248,4.8225,0,1.2637,-0.011368,0.53313,10.071,0.2466,0,0,0,0,2.1104,2.1073,2.1073,2.1103,-0.41759,-17.772,0,-40.348,1.2045,0,14.059
7.8,-2.5023,-0.031933,1,-0.0026627,0.38867,0,0.92137,0.32547,4.8241,0,1.2635,-0.038163,0.53286,10.064,0.068951,0,0,0,0,2.1094,2.1063,2.1064,2.1093,-0.82111,-17.757,0,-40.353,1.8749,0,14.052
7.81,-2.4986,0.016308,1,0.0041921,0.38843,0,0.92147,0.42607,4.8239,0,1.2629,-0.064991,0.53265,10.054,-0.10851,0,0,0,0,2.1084,2.1052,2.1053,2.1082,-1.2246,-17.735,0,-40.339,2.5434,0,14.045
7.82,-2.4938,0.064539,1,0.011043,0.38805,0,0.92157,0.52655,4.8219,0,1.262,-0.091849,0.53249,10.04,-0.28572,0,0,0,0,2.1072,2.104,2.1042,2.1071,-1.6278,-17.706,0,-40.306,3.2098,0,14.038
7.83,-2.488,0.11274,1,0.017888,0.38752,0,0.92169,0.62686,4.8182,0,1.2607,-0.11873,0.53238,10.022,-0.4626,0,0,0,0,2.106,2.1028,2.103,2.1058,-2.0307,-17.67,0,-40.255,3.8739,0,14.029
7.84,-2.4813,0.1609,1,0.024726,0.38686,0,0.92181,0.72697,4.8127,0,1.2591,-0.14564,0.53233,9.9994,-0.6391,0,0,0,0,2.1047,2.1014,2.1017,2.1044,-2.4329,-17.628,0,-40.184,4.5355,0,14.02
7.85,-2.4735,0.20899,1,0.031554,0.38605,0,0.92194,0.82683,4.8054,0,1.2572,-0.17257,0.53233,9.9731,-0.81515,0,0,0,0,2.1032,2.0999,2.1002,2.103,-2.8343,-17.58,0,-40.095,5.1943,0,14.011
7.86,-2.4647,0.257,1,0.03837,0.3851,0,0.92208,0.92642,4.7964,0,1.2549,-0.19951,0.53238,9.9427,-0.99067,0,0,0,0,2.1017,2.0983,2.0987,2.1014,-3.2347,-17.524,0,-39.989,5.8503,0,14
7.87,-2.455,0.30491,1,0.045174,0.384,0,0.92223,1.0257,4.7856,0,1.2522,-0.22646,0.53249,9.9084,-1.1656,0,0,0,0,2.1001,2.0967,2.0971,2.0998,-3.634,-17.463,0,-39.864,6.5031,0,13.989
7.88,-2.4442,0.3527,1,0.051963,0.38277,0,0.92238,1.1246,4.7731,0,1.2492,-0.25343,0.53265,9.87,-1.3399,0,0,0,0,2.0984,2.0949,2.0954,2.098,-4.0319,-17.394,0,-39.721,7.1525,0,13.978
7.89,-2.4325,0.40037,1,0.058734,0.38139,0,0.92255,1.2231,4.7588,0,1.2458,-0.2804,0.53287,9.8277,-1.5135,0,0,0,0,2.0966,2.0931,2.0937,2.0962,-4.4284,-17.32,0,-39.562,7.7984,0,13.966
7.9,-2.4198,0.44787,1,0.065487,0.37987,0,0.92272,1.3211,4.7428,0,1.2421,-0.30737,0.53315,9.7815,-1.6863,0,0,0,0,2.0947,2.0911,2.0918,2.0943,-4.8231,-17.238,0,-39.384,8.4406,0,13.953
7.91,-2.4061,0.49522,1,0.07222,0.3782,0,0.9229,1.4187,4.7251,0,1.2379,-0.33434,0.53347,9.7313,-1.8582,0,0,0,0,2.0927,2.0891,2.0898,2.0922,-5.216,-17.151,0,-39.19,9.0788,0,13.94
7.92,-2.3914,0.54237,1,0.078929,0.3764,0,0.92309,1.5157,4.7056,0,1.2335,-0.36131,0.53385,9.6772,-2.0293,0,0,0,0,2.0907,2.087,2.0878,2.0901,-5.6069,-17.057,0,-38.98,9.7128,0,13.926
7.93,-2.3757,0.58932,1,0.085614,0.37445,0,0.92329,1.6122,4.6845,0,1.2286,-0.38827,0.53429,9.6191,-2.1993,0,0,0,0,2.0885,2.0848,2.0857,2.088,-5.9955,-16.957,0,-38.752,10.342,0,13.912
7.94,-2.3591,0.63605,1,0.092273,0.37235,0,0.92349,1.7081,4.6616,0,1.2234,-0.41521,0.53477,9.5573,-2.3684,0,0,0,0,2.0863,2.0826,2.0835,2.0857,-6.3818,-16.85,0,-38.509,10.968,0,13.897
7.95,-2.3416,0.68255,1,0.098903,0.37012,0,0.9237,1.8033,4.6371,0,1.2178,-0.44213,0.53531,9.4915,-2.5363,0,0,0,0,2.084,2.0802,2.0812,2.0834,-6.7656,-16.737,0,-38.249,11.588,0,13.881
7.96,-2.3231,0.72879,1,0.1055,0.36774,0,0.92392,1.8979,4.6109,0,1.2119,-0.46903,0.5359,9.422,-2.7031,0,0,0,0,2.0817,2.0778,2.0788,2.081,-7.1468,-16.618,0,-37.974,12.203,0,13.865
7.97,-2.3036,0.77476,1,0.11207,0.36522,0,0.92415,1.9918,4.5831,0,1.2055,-0.4959,0.53654,9.3486,-2.8687,0,0,0,0,2.0792,2.0753,2.0764,2.0785,-7.5251,-16.493,0,-37.683,12.813,0,13.849
7.98,-2.2832,0.82045,1,0.1186,0.36256,0,0.92438,2.0849,4.5536,0,1.1987,-0.52273,0.53723,9.2715,-3.0329,0,0,0,0,2.0767,2.0727,2.0739,2.0759,-7.9004,-16.362,0,-37.376,13.418,0,13.832
7.99,-2.2619,0.86583,1,0.1251,0.35975,0,0.92462,2.1772,4.5224,0,1.1916,-0.54953,0.53797,9.1906,-3.1959,0,0,0,0,2.0741,2.0701,2.0714,2.0733,-8.2725,-16.225,0,-37.055,14.017,0,13.815
8,-2.2397,0.91089,1,0.13155,0.3568,0,0.92487,2.2687,4.4896,0,1.184,-0.57627,0.53875,9.106,-3.3574,0,0,0,0,2.0715,2.0674,2.0687,2.0706,-8.6414,-16.082,0,-36.718,14.611,0,13.797
8.01,-2.2166,0.95562,1,0.13797,0.35371,0,0.92512,2.3593,4.4553,0,1.1761,-0.60296,0.53958,9.0178,-3.5175,0,0,0,0,2.0688,2.0647,2.0661,2.0679,-9.0069,-15.933,0,-36.367,15.198,0,13.779
8.02,-2.1925,0.99999,1,0.14434,0.35048,0,0.92538,2.449,4.4193,0,1.1677,-0.62958,0.54046,8.9259,-3.6761,0,0,0,0,2.066,2.0619,2.0633,2.0651,-9.3687,-15.778,0,-36.002,15.779,0,13.761
8.03,-2.1676,1.044,1,0.15067,0.34711,0,0.92564,2.5378,4.3817,0,1.1589,-0.65614,0.54138,8.8304,-3.833,0,0,0,0,2.0633,2.059,2.0606,2.0622,-9.7268,-15.617,0,-35.622,16.354,0,13.742
8.04,-2.1418,1.0876,1,0.15695,0.34359,0,0.92591,2.6256,4.3426,0,1.1497,-0.68261,0.54234,8.7314,-3.9884,0,0,0,0,2.0604,2.0562,2.0577,2.0594,-10.081,-15.451,0,-35.228,16.922,0,13.723
8.05,-2.1151,1.1308,1,0.16318,0.33994,0,0.92618,2.7124,4.302,0,1.14,-0.70899,0.54334,8.6288,-4.142,0,0,0,0,2.0575,2.0532,2.0549,2.0564,-10.431,-15.279,0,-34.821,17.483,0,13.703
8.06,-2.0875,1.1737,1,0.16935,0.33614,0,0.92646,2.7982,4.2598,0,1.1299,-0.73527,0.54437,8.5228,-4.2939,0,0,0,0,2.0546,2.0502,2.052,2.0534,-10.777,-15.101,0,-34.4,18.037,0,13.684
8.07,-2.0591,1.216,1,0.17547,0.3322,0,0.92674,2.8829,4.2161,0,1.1194,-0.76145,0.54545,8.4133,-4.444,0,0,0,0,2.0516,2.0472,2.049,2.0504,-11.119,-14.918,0,-33.966,18.584,0,13.664
8.08,-2.0299,1.258,1,0.18154,0.32812,0,0.92703,2.9664,4.1709,0,1.1084,-0.7875,0.54655,8.3004,-4.5923,0,0,0,0,2.0486,2.0442,2.0461,2.0474,-11.457,-14.729,0,-33.519,19.123,0,13.644
8.09,-1.9998,1.2994,1,0.18754,0.32391,0,0.92731,3.0489,4.1243,0,1.097,-0.81342,0.5477,8.1842,-4.7386,0,0,0,0,2.0456,2.0412,2.0431,2.0443,-11.79,-14.536,0,-33.058,19.655,0,13.624
8.1,-1.9689,1.3405,1,0.19348,0.31955,0,0.9276,3.1301,4.0762,0,1.0851,-0.83919,0.54887,8.0646,-4.883,0,0,0,0,2.0426,2.0381,2.0401,2.0412,-12.118,-14.336,0,-32.586,20.179,0,13.603
8.11,-1.9372,1.381,1,0.19936,0.31506,0,0.9279,3.2101,4.0266,0,1.0728,-0.86481,0.55007,7.9418,-5.0253,0,0,0,0,2.0396,2.035,2.0371,2.0381,-12.441,-14.132,0,-32.101,20.695,0,13.583
8.12,-1.9047,1.421,1,0.20517,0.31043,0,0.92819,3.2889,3.9757,0,1.06,-0.89026,0.55129,7.8158,-5.1656,0,0,0,0,2.0365,2.0319,2.034,2.035,-12.76,-13.922,0,-31.604,21.203,0,13.562
8.13,-1.8714,1.4605,1,0.21091,0.30567,0,0.92848,3.3664,3.9233,0,1.0467,-0.91552,0.55255,7.6866,-5.3038,0,0,0,0,2.0334,2.0288,2.031,2.0319,-13.073,-13.708,0,-31.095,21.702,0,13.542
8.14,-1.8374,1.4994,1,0.21658,0.30077,0,0.92878,3.4426,3.8696,0,1.0329,-0.94058,0.55382,7.5544,-5.4397,0,0,0,0,2.0304,2.0257,2.028,2.0288,-13.382,-13.488,0,-30.574,22.192,0,13.521
8.15,-1.8026,1.5379,1,0.22217,0.29573,0,0.92908,3.5175,3.8145,0,1.0187,-0.96542,0.55511,7.419,-5.5735,0,0,0,0,2.0273,2.0226,2.0249,2.0257,-13.685,-13.264,0,-30.042,22.674,0,13.501
8.16,-1.767,1.5757,1,0.22768,0.29057,0,0.92937,3.591,3.7581,0,1.0039,-0.99003,0.55642,7.2807,-5.705,0,0,0,0,2.0243,2.0195,2.0219,2.0226,-13.982,-13.035,0,-29.498,23.147,0,13.481
8.17,-1.7308,1.613,1,0.23312,0.28527,0,0.92967,3.6631,3.7004,0,0.98872,-1.0144,0.55775,7.1394,-5.8342,0,0,0,0,2.0213,2.0165,2.0189,2.0195,-14.275,-12.801,0,-28.944,23.611,0,13.46
8.18,-1.6938,1.6497,1,0.23846,0.27984,0,0.92996,3.7338,3.6415,0,0.97302,-1.0385,0.55909,6.9952,-5.961,0,0,0,0,2.0182,2.0134,2.016,2.0164,-14.561,-12.563,0,-28.378,24.065,0,13.44
8.19,-1.6561,1.6858,1,0.24373,0.27428,0,0.93025,3.803,3.5812,0,0.95682,-1.0623,0.56044,6.8482,-6.0854,0,0,0,0,2.0153,2.0104,2.013,2.0134,-14.842,-12.32,0,-27.802,24.509,0,13.42
8.2,-1.6177,1.7214,1,0.2489,0.26859,0,0.93054,3.8708,3.5198,0,0.94013,-1.0858,0.56179,6.6984,-6.2074,0,0,0,0,2.0123,2.0074,2.0101,2.0104,-15.117,-12.073,0,-27.216,24.944,0,13.4
8.21,-1.5787,1.7562,1,0.25398,0.26277,0,0.93083,3.937,3.4571,0,0.92295,-1.109,0.56315,6.5458,-6.3269,0,0,0,0,2.0094,2.0045,2.0072,2.0074,-15.387,-11.821,0,-26.62,25.368,0,13.381
8.22,-1.539,1.7905,1,0.25897,0.25684,0,0.93111,4.0017,3.3932,0,0.90527,-1.1319,0.56452,6.3907,-6.4438,0,0,0,0,2.0065,2.0016,2.0044,2.0045,-15.65,-11.565,0,-26.014,25.783,0,13.362
8.23,-1.4987,1.8241,1,0.26386,0.25077,0,0.93139,4.0648,3.3282,0,0.8871,-1.1544,0.56588,6.2329,-6.5582,0,0,0,0,2.0037,1.9987,2.0016,2.0016,-15.907,-11.306,0,-25.398,26.187,0,13.343
8.24,-1.4577,1.8571,1,0.26865,0.24459,0,0.93167,4.1263,3.2621,0,0.86844,-1.1765,0.56724,6.0725,-6.6699,0,0,0,0,2.0009,1.996,1.9989,1.9987,-16.158,-11.042,0,-24.772,26.58,0,13.324
8.25,-1.4161,1.8893,1,0.27334,0.23829,0,0.93194,4.1862,3.1948,0,0.84929,-1.1982,0.56859,5.9097,-6.779,0,0,0,0,1.9982,1.9932,1.9962,1.996,-16.402,-10.774,0,-24.138,26.963,0,13.306
8.26,-1.374,1.9209,1,0.27792,0.23187,0,0.9322,4.2445,3.1265,0,0.82966,-1.2195,0.56993,5.7445,-6.8854,0,0,0,0,1.9956,1.9906,1.9936,1.9932,-16.64,-10.502,0,-23.494,27.334,0,13.288
8.27,-1.3312,1.9519,1,0.28239,0.22534,0,0.93246,4.3011,3.0571,0,0.80954,-1.2403,0.57126,5.577,-6.989,0,0,0,0,1.993,1.988,1.9911,1.9906,-16.872,-10.227,0,-22.842,27.695,0,13.271
8.28,-1.288,1.9821,1,0.28676,0.21869,0,0.93271,4.356,2.9867,0,0.78895,-1.2607,0.57258,5.4071,-7.0899,0,0,0,0,1.9905,1.9854,1.9886,1.988,-17.097,-9.9486,0,-22.181,28.044,0,13.254
8.29,-1.2441,2.0116,1,0.291,0.21194,0,0.93295,4.4092,2.9153,0,0.76788,-1.2806,0.57388,5.235,-7.188,0,0,0,0,1.988,1.983,1.9862,1.9855,-17.316,-9.6665,0,-21.512,28.381,0,13.238
8.3,-1.1998,2.0404,1,0.29514,0.20508,0,0.93319,4.4607,2.843,0,0.74635,-1.3,0.57516,5.0608,-7.2832,0,0,0,0,1.9857,1.9806,1.9839,1.9831,-17.527,-9.381,0,-20.834,28.707,0,13.222
8.31,-1.1549,2.0685,1,0.29915,0.19811,0,0.93341,4.5104,2.7697,0,0.72437,-1.3188,0.57642,4.8845,-7.3756,0,0,0,0,1.9834,1.9784,1.9817,1.9808,-17.732,-9.0924,0,-20.149,29.02,0,13.207
8.32,-1.1096,2.0958,1,0.30304,0.19104,0,0.93363,4.5584,2.6955,0,0.70194,-1.3371,0.57764,4.7062,-7.4651,0,0,0,0,1.9812,1.9762,1.9796,1.9785,-17.93,-8.8006,0,-19.456,29.321,0,13.193
8.33,-1.0638,2.1224,1,0.3068,0.18388,0,0.93384,4.6046,2.6204,0,0.67907,-1.3549,0.57884,4.5259,-7.5516,0,0,0,0,1.9792,1.9741,1.9776,1.9764,-18.121,-8.506,0,-18.756,29.61,0,13.179
8.34,-1.0175,2.1482,1,0.31044,0.17662,0,0.93404,4.6489,2.5445,0,0.65577,-1.372,0.58001,4.3438,-7.6352,0,0,0,0,1.9772,1.9722,1.9756,1.9744,-18.305,-8.2085,0,-18.048,29.887,0,13.166
8.35,-0.97079,2.1732,1,0.31395,0.16926,0,0.93423,4.6914,2.4677,0,0.63206,-1.3885,0.58114,4.1598,-7.7158,0,0,0,0,1.9753,1.9703,1.9738,1.9724,-18.482,-7.9083,0,-17.333,30.15,0,13.153
8.36,-0.92367,2.1975,1,0.31733,0.16182,0,0.93441,4.7321,2.3902,0,0.60795,-1.4044,0.58224,3.9742,-7.7933,0,0,0,0,1.9736,1.9686,1.9721,1.9706,-18.652,-7.6055,0,-16.612,30.4,0,13.142
8.37,-0.87615,2.221,1,0.32057,0.15429,0,0.93457,4.7709,2.3118,0,0.58345,-1.4197,0.58329,3.7868,-7.8679,0,0,0,0,1.9719,1.967,1.9706,1.9689,-18.815,-7.3003,0,-15.884,30.637,0,13.131
8.38,-0.82826,2.2438,1,0.32368,0.14668,0,0.93473,4.8078,2.2328,0,0.55858,-1.4342,0.5843,3.5979,-7.9393,0,0,0,0,1.9704,1.9655,1.9691,1.9673,-18.97,-6.9928,0,-15.149,30.861,0,13.12
8.39,-0.78,2.2657,1,0.32665,0.139,0,0.93487,4.8429,2.1531,0,0.53336,-1.448,0.58526,3.4075,-8.0077,0,0,0,0,1.969,1.9641,1.9678,1.9659,-19.117,-6.6832,0,-14.408,31.07,0,13.111
8.4,-0.73141,2.2868,1,0.32948,0.13124,0,0.935,4.876,2.0727,0,0.5078,-1.4612,0.58618,3.2156,-8.073,0,0,0,0,1.9677,1.9629,1.9665,1.9645,-19.258,-6.3715,0,-13.661,31.266,0,13.103
8.41,-0.68249,2.3071,1,0.33217,0.12341,0,0.93511,4.9072,1.9916,0,0.48192,-1.4736,0.58704,3.0223,-8.1351,0,0,0,0,1.9666,1.9618,1.9655,1.9633,-19.391,-6.0579,0,-12.908,31.448,0,13.095
8.42,-0.63327,2.3267,1,0.33471,0.11551,0,0.93521,4.9364,1.91,0,0.45574,-1.4852,0.58784,2.8278,-8.1941,0,0,0,0,1.9656,1.9608,1.9645,1.9623,-19.516,-5.7426,0,-12.15,31.615,0,13.089
8.43,-0.58377,2.3453,1,0.33711,0.10755,0,0.9353,4.9637,1.8277,0,0.42928,-1.4961,0.58859,2.632,-8.25,0,0,0,0,1.9647,1.96,1.9637,1.9613,-19.634,-5.4256,0,-11.386,31.768,0,13.083
8.44,-0.534,2.3632,1,0.33936,0.099533,0,0.93538,4.9891,1.745,0,0.40256,-1.5062,0.58928,2.4351,-8.3026,0,0,0,0,1.9639,1.9593,1.963,1.9605,-19.744,-5.1073,0,-10.617,31.905,0,13.078
8.45,-0.48399,2.3802,1,0.34146,0.091463,0,0.93544,5.0124,1.6617,0,0.37561,-1.5154,0.5899,2.2372,-8.3521,0,0,0,0,1.9633,1.9587,1.9625,1.9599,-19.846,-4.7876,0,-9.8432,32.028,0,13.074
8.46,-0.43376,2.3964,1,0.34341,0.083344,0,0.93548,5.0338,1.578,0,0.34845,-1.5239,0.59046,2.0382,-8.3984,0,0,0,0,1.9629,1.9583,1.9621,1.9594,-19.941,-4.4667,0,-9.0644,32.136,0,13.071
8.47,-0.38332,2.4118,1,0.34521,0.075181,0,0.93551,5.0532,1.4937,0,0.3211,-1.5315,0.59095,1.8384,-8.4414,0,0,0,0,1.9626,1.9581,1.9619,1.9591,-20.027,-4.1449,0,-8.2809,32.228,0,13.069
8.48,-0.3327,2.4263,1,0.34686,0.066978,0,0.93552,5.0706,1.4091,0,0.29359,-1.5383,0.59137,1.6377,-8.4813,0,0,0,0,1.9624,1.958,1.9618,1.9589,-20.106,-3.8222,0,-7.4931,32.304,0,13.068
8.49,-0.28192,2.44,1,0.34835,0.05874,0,0.93552,5.0859,1.3241,0,0.26594,-1.5442,0.59172,1.4363,-8.5179,0,0,0,0,1.9624,1.9581,1.9619,1.9588,-20.177,-3.4989,0,-6.7011,32.365,0,13.069
8.5,-0.23099,2.4528,1,0.3497,0.050472,0,0.9355,5.0993,1.2388,0,0.23818,-1.5493,0.59199,1.2342,-8.5513,0,0,0,0,1.9625,1.9583,1.9621,1.9589,-20.24,-3.175,0,-5.9051,32.409,0,13.07
8.51,-0.17994,2.4648,1,0.35088,0.042178,0,0.93547,5.1106,1.1531,0,0.21034,-1.5535,0.59219,1.0315,-8.5814,0,0,0,0,1.9628,1.9587,1.9624,1.9592,-20.295,-2.8508,0,-5.1053,32.437,0,13.072
8.52,-0.12878,2.4759,1,0.35191,0.033863,0,0.93542,5.1199,1.0672,0,0.18244,-1.5568,0.5923,0.82833,-8.6083,0,0,0,0,1.9633,1.9592,1.963,1.9596,-20.342,-2.5263,0,-4.3019,32.448,0,13.075
8.53,-0.077547,2.4861,1,0.35279,0.025532,0,0.93535,5.1272,0.98096,0,0.15451,-1.5593,0.59233,0.62471,-8.6319,0,0,0,0,1.9639,1.9599,1.9636,1.9602,-20.381,-2.2019,0,-3.4951,32.443,0,13.079
8.54,-0.026247,2.4955,1,0.35351,0.01719,0,0.93527,5.1324,0.89454,0,0.12659,-1.5608,0.59228,0.42073,-8.6523,0,0,0,0,1.9646,1.9608,1.9645,1.9609,-20.412,-1.8775,0,-2.6852,32.421,0,13.085
8.55,0.025094,2.504,1,0.35407,0.0088419,0,0.93518,5.1356,0.80793,0,0.098688,-1.5615,0.59214,0.21649,-8.6695,0,0,0,0,1.9656,1.9618,1.9655,1.9618,-20.435,-1.5535,0,-1.8723,32.381,0,13.091
8.56,0.076458,2.5116,1,0.35448,0.00049247,0,0.93506,5.1367,0.72116,0,0.070846,-1.5612,0.59191,0.012063,-8.6834,0,0,0,0,1.9666,1.963,1.9666,1.9629,-20.45,-1.23,0,-1.0568,32.325,0,13.099
8.57,0.12782,2.5184,1,0.35474,-0.0078533,0,0.93493,5.1358,0.63427,0,0.043091,-1.5601,0.59159,-0.19247,-8.6941,0,0,0,0,1.9679,1.9643,1.9679,1.9641,-20.456,-0.90706,0,-0.23881,32.251,0,13.107
8.58,0.17917,2.5243,1,0.35484,-0.016191,0,0.93479,5.1329,0.54729,0,0.01545,-1.5581,0.59118,-0.39703,-8.7015,0,0,0,0,1.9693,1.9658,1.9694,1.9655,-20.454,-0.58499,0,0.58116,32.161,0,13.117
8.59,0.23047,2.5294,1,0.35479,-0.024514,0,0.93463,5.1279,0.46025,0,-0.012049,-1.5552,0.59068,-0.60153,-8.7058,0,0,0,0,1.9708,1.9674,1.971,1.967,-20.444,-0.2639,0,1.4028,32.054,0,13.127
8.6,0.28172,2.5335,1,0.35458,-0.03282,0,0.93445,5.1209,0.37319,0,-0.039377,-1.5514,0.59008,-0.80589,-8.7068,0,0,0,0,1.9725,1.9693,1.9728,1.9687,-20.426,0.056048,0,2.2259,31.932,0,13.139
8.61,0.33288,2.5368,1,0.35423,-0.041102,0,0.93426,5.1118,0.28613,0,-0.066509,-1.5467,0.58938,-1.01,-8.7047,0,0,0,0,1.9744,1.9712,1.9747,1.9706,-20.4,0.37469,0,3.0499,31.794,0,13.151
8.62,0.38395,2.5392,1,0.35372,-0.049357,0,0.93405,5.1007,0.1991,0,-0.093415,-1.5412,0.58859,-1.2139,-8.6993,0,0,0,0,1.9764,1.9734,1.9768,1.9726,-20.365,0.69187,0,3.8747,31.64,0,13.165
8.63,0.43489,2.5408,1,0.35306,-0.057578,0,0.93383,5.0875,0.11215,0,-0.12007,-1.5348,0.58769,-1.4173,-8.6908,0,0,0,0,1.9785,1.9756,1.979,1.9748,-20.322,1.0074,0,4.6998,31.471,0,13.18
8.64,0.48569,2.5415,1,0.35226,-0.065762,0,0.93359,5.0723,0.025299,0,-0.14645,-1.5276,0.5867,-1.6203,-8.6792,0,0,0,0,1.9808,1.9781,1.9814,1.9771,-20.271,1.3212,0,5.5249,31.287,0,13.196
8.65,0.53633,2.5413,1,0.35131,-0.073905,0,0.93334,5.0551,-0.061422,0,-0.17253,-1.5195,0.58561,-1.8227,-8.6644,0,0,0,0,1.9833,1.9806,1.9839,1.9795,-20.212,1.6331,0,6.3498,31.088,0,13.212
8.66,0.58679,2.5403,1,0.35022,-0.082,0,0.93307,5.0359,-0.14798,0,-0.19829,-1.5106,0.58441,-2.0245,-8.6465,0,0,0,0,1.9859,1.9834,1.9865,1.9822,-20.144,1.9429,0,7.174,30.875,0,13.23
8.67,0.63704,2.5384,1,0.34898,-0.090045,0,0.93279,5.0146,-0.23434,0,-0.2237,-1.5009,0.58312,-2.2256,-8.6256,0,0,0,0,1.9886,1.9862,1.9893,1.9849,-20.068,2.2506,0,7.9972,30.648,0,13.248
8.68,0.68707,2.5356,1,0.34761,-0.098034,0,0.9325,4.9914,-0.32048,0,-0.24874,-1.4904,0.58172,-2.4258,-8.6015,0,0,0,0,1.9915,1.9892,1.9923,1.9878,-19.984,2.5559,0,8.8191,30.407,0,13.268
8.69,0.73686,2.5319,1,0.34609,-0.10596,0,0.9322,4.9661,-0.40636,0,-0.27339,-1.4791,0.58022,-2.6252,-8.5744,0,0,0,0,1.9945,1.9924,1.9953,1.9908,-19.892,2.8587,0,9.6394,30.153,0,13.288
8.7,0.78639,2.5275,1,0.34445,-0.11383,0,0.93188,4.9389,-0.49196,0,-0.29762,-1.4671,0.57862,-2.8236,-8.5444,0,0,0,0,1.9976,1.9956,1.9985,1.994,-19.792,3.1589,0,10.458,29.886,0,13.31
8.71,0.83563,2.5221,1,0.34266,-0.12163,0,0.93155,4.9096,-0.57724,0,-0.32144,-1.4543,0.57692,-3.021,-8.5113,0,0,0,0,2.0009,1.999,2.0019,1.9973,-19.683,3.4564,0,11.274,29.605,0,13.332
8.72,0.88457,2.5159,1,0.34075,-0.12935,0,0.93121,4.8784,-0.66217,0,-0.3448,-1.4408,0.57513,-3.2173,-8.4752,0,0,0,0,2.0043,2.0026,2.0053,2.0007,-19.566,3.7509,0,12.087,29.312,0,13.355
8.73,0.93319,2.5089,1,0.33871,-0.137,0,0.93086,4.8453,-0.74673,0,-0.3677,-1.4267,0.57323,-3.4123,-8.4363,0,0,0,0,2.0078,2.0062,2.0089,2.0043,-19.441,4.0425,0,12.897,29.006,0,13.378
8.74,0.98147,2.501,1,0.33654,-0.14457,0,0.9305,4.8102,-0.83089,0,-0.39013,-1.4118,0.57124,-3.6061,-8.3944,0,0,0,0,2.0114,2.0099,2.0125,2.0079,-19.308,4.331,0,13.705,28.689,0,13.403
8.75,1.0294,2.4922,1,0.33425,-0.15206,0,0.93014,4.7732,-0.91461,0,-0.41206,-1.3963,0.56915,-3.7985,-8.3497,0,0,0,0,2.0151,2.0138,2.0163,2.0117,-19.167,4.6163,0,14.508,28.359,0,13.428
8.76,1.0769,2.4827,1,0.33185,-0.15946,0,0.92976,4.7342,-0.99787,0,-0.43349,-1.3802,0.56697,-3.9894,-8.3021,0,0,0,0,2.0189,2.0177,2.0202,2.0156,-19.018,4.8982,0,15.307,28.018,0,13.454
8.77,1.1241,2.4723,1,0.32932,-0.16677,0,0.92937,4.6934,-1.0806,0,-0.4544,-1.3635,0.56469,-4.1788,-8.2517,0,0,0,0,2.0229,2.0218,2.0241,2.0195,-18.861,5.1766,0,16.103,27.666,0,13.48
8.78,1.1708,2.4611,1,0.32668,-0.17399,0,0.92898,4.6507,-1.1629,0,-0.47479,-1.3462,0.56232,-4.3666,-8.1986,0,0,0,0,2.0269,2.0259,2.0282,2.0236,-18.696,5.4514,0,16.893,27.302,0,13.508
8.79,1.2171,2.449,1,0.32393,-0.18112,0,0.92858,4.6061,-1.2446,0,-0.49465,-1.3283,0.55987,-4.5527,-8.1427,0,0,0,0,2.031,2.0301,2.0323,2.0277,-18.523,5.7226,0,17.679,26.928,0,13.535
8.8,1.2629,2.4362,1,0.32108,-0.18814,0,0.92818,4.5596,-1.3257,0,-0.51396,-1.31,0.55733,-4.737,-8.0841,0,0,0,0,2.0351,2.0344,2.0365,2.0319,-18.342,5.99,0,18.459,26.544,0,13.563
8.81,1.3083,2.4225,1,0.31811,-0.19506,0,0.92777,4.5113,-1.4063,0,-0.53273,-1.2911,0.5547,-4.9195,-8.0229,0,0,0,0,2.0394,2.0388,2.0408,2.0362,-18.154,6.2535,0,19.233,26.149,0,13.592
8.82,1.3531,2.4081,1,0.31505,-0.20188,0,0.92735,4.4612,-1.4862,0,-0.55095,-1.2718,0.552,-5.1001,-7.9591,0,0,0,0,2.0437,2.0432,2.0451,2.0406,-17.958,6.5129,0,20.002,25.745,0,13.621
8.83,1.3975,2.3928,1,0.31189,-0.20859,0,0.92694,4.4093,-1.5655,0,-0.56861,-1.252,0.54922,-5.2786,-7.8927,0,0,0,0,2.048,2.0477,2.0495,2.045,-17.754,6.7683,0,20.764,25.331,0,13.65
8.84,1.4413,2.3768,1,0.30864,-0.2152,0,0.92652,4.3557,-1.644,0,-0.58571,-1.2318,0.54636,-5.4551,-7.8237,0,0,0,0,2.0524,2.0522,2.0539,2.0494,-17.543,7.0195,0,21.52,24.907,0,13.68
8.85,1.4846,2.3599,1,0.30529,-0.22169,0,0.92609,4.3002,-1.7219,0,-0.60226,-1.2111,0.54343,-5.6295,-7.7523,0,0,0,0,2.0568,2.0567,2.0584,2.0539,-17.324,7.2664,0,22.269,24.475,0,13.71
8.86,1.5273,2.3423,1,0.30186,-0.22807,0,0.92567,4.2431,-1.7991,0,-0.61825,-1.1901,0.54043,-5.8016,-7.6784,0,0,0,0,2.0613,2.0613,2.0629,2.0585,-17.097,7.509,0,23.01,24.034,0,13.74
8.87,1.5694,2.3239,1,0.29834,-0.23434,0,0.92525,4.1842,-1.8755,0,-0.63368,-1.1688,0.53736,-5.9714,-7.6021,0,0,0,0,2.0658,2.0659,2.0674,2.063,-16.863,7.7471,0,23.744,23.584,0,13.77
8.88,1.611,2.3048,1,0.29473,-0.24049,0,0.92482,4.1237,-1.9511,0,-0.64856,-1.1471,0.53423,-6.1388,-7.5235,0,0,0,0,2.0703,2.0705,2.0719,2.0676,-16.622,7.9806,0,24.469,23.126,0,13.801
8.89,1.6519,2.2849,1,0.29105,-0.24652,0,0.9244,4.0614,-2.0259,0,-0.66288,-1.1251,0.53104,-6.3038,-7.4425,0,0,0,0,2.0749,2.0752,2.0765,2.0722,-16.374,8.2096,0,25.187,22.661,0,13.831
8.9,1.6922,2.2643,1,0.2873,-0.25244,0,0.92398,3.9976,-2.1,0,-0.67666,-1.1029,0.5278,-6.4663,-7.3593,0,0,0,0,2.0794,2.0798,2.081,2.0767,-16.119,8.4338,0,25.896,22.188,0,13.862
8.91,1.7319,2.2429,1,0.28347,-0.25823,0,0.92356,3.9321,-2.1731,0,-0.6899,-1.0804,0.5245,-6.6262,-7.2739,0,0,0,0,2.0839,2.0844,2.0855,2.0813,-15.856,8.6533,0,26.596,21.707,0,13.892
8.92,1.7708,2.2208,1,0.27957,-0.2639,0,0.92314,3.8651,-2.2454,0,-0.7026,-1.0576,0.52115,-6.7834,-7.1862,0,0,0,0,2.0884,2.089,2.0901,2.0859,-15.587,8.8679,0,27.287,21.219,0,13.922
8.93,1.8092,2.198,1,0.27561,-0.26945,0,0.92273,3.7965,-2.3168,0,-0.71477,-1.0346,0.51776,-6.9379,-7.0965,0,0,0,0,2.0929,2.0935,2.0945,2.0904,-15.31,9.0777,0,27.969,20.725,0,13.952
8.94,1.8468,2.1745,1,0.27158,-0.27487,0,0.92233,3.7263,-2.3873,0,-0.72641,-1.0115,0.51432,-7.0896,-7.0047,0,0,0,0,2.0973,2.0981,2.099,2.0949,-15.027,9.2824,0,28.641,20.224,0,13.982
8.95,1.8837,2.1503,1,0.2675,-0.28018,0,0.92193,3.6547,-2.4569,0,-0.73755,-0.98813,0.51085,-7.2384,-6.9109,0,0,0,0,2.1017,2.1025,2.1034,2.0993,-14.738,9.4821,0,29.303,19.716,0,14.012
8.96,1.9199,2.1254,1,0.26335,-0.28535,0,0.92153,3.5816,-2.5256,0,-0.74818,-0.96462,0.50734,-7.3843,-6.8151,0,0,0,0,2.106,2.107,2.1077,2.1037,-14.441,9.6767,0,29.954,19.203,0,14.041
8.97,1.9553,2.0998,1,0.25916,-0.2904,0,0.92114,3.507,-2.5932,0,-0.75831,-0.94097,0.5038,-7.5272,-6.7174,0,0,0,0,2.1103,2.1113,2.112,2.1081,-14.139,9.8662,0,30.596,18.684,0,14.07
8.98,1.99,2.0735,1,0.25491,-0.29532,0,0.92076,3.431,-2.6599,0,-0.76795,-0.91719,0.50023,-7.667,-6.6178,0,0,0,0,2.1145,2.1156,2.1162,2.1123,-13.829,10.05,0,31.226,18.16,0,14.098
8.99,2.0239,2.0466,1,0.25061,-0.30012,0,0.92039,3.3537,-2.7256,0,-0.77712,-0.8933,0.49664,-7.8038,-6.5164,0,0,0,0,2.1186,2.1198,2.1204,2.1165,-13.514,10.229,0,31.845,17.63,0,14.126
9,2.0571,2.019,1,0.24627,-0.30479,0,0.92003,3.275,-2.7902,0,-0.78583,-0.86932,0.49302,-7.9373,-6.4132,0,0,0,0,2.1227,2.1239,2.1244,2.1206,-13.193,10.403,0,32.453,17.096,0,14.153
9.01,2.0894,1.9908,1,0.24188,-0.30933,0,0.91968,3.1949,-2.8538,0,-0.79408,-0.84525,0.48939,-8.0676,-6.3083,0,0,0,0,2.1266,2.1279,2.1284,2.1246,-12.865,10.571,0,33.05,16.557,0,14.179
9.02,2.121,1.9619,1,0.23745,-0.31375,0,0.91934,3.1136,-2.9164,0,-0.80189,-0.82111,0.48574,-8.1946,-6.2018,0,0,0,0,2.1305,2.1318,2.1322,2.1285,-12.532,10.734,0,33.634,16.013,0,14.205
9.03,2.1517,1.9325,1,0.23298,-0.31803,0,0.91901,3.0311,-2.9779,0,-0.80927,-0.79691,0.48209,-8.3182,-6.0937,0,0,0,0,2.1342,2.1356,2.1359,2.1323,-12.192,10.891,0,34.206,15.466,0,14.23
9.04,2.1816,1.9024,1,0.22848,-0.32219,0,0.91869,2.9473,-3.0382,0,-0.81623,-0.77266,0.47842,-8.4384,-5.984,0,0,0,0,2.1378,2.1393,2.1396,2.136,-11.848,11.043,0,34.766,14.914,0,14.254
9.05,2.2106,1.8717,1,0.22394,-0.32623,0,0.91838,2.8623,-3.0975,0,-0.82278,-0.74838,0.47475,-8.5551,-5.8728,0,0,0,0,2.1412,2.1428,2.143,2.1395,-11.497,11.19,0,35.313,14.36,0,14.278
9.06,2.2388,1.8404,1,0.21938,-0.33013,0,0.91809,2.7762,-3.1557,0,-0.82894,-0.72406,0.47108,-8.6683,-5.7602,0,0,0,0,2.1446,2.1462,2.1464,2.1429,-11.141,11.331,0,35.847,13.802,0,14.3
9.07,2.2661,1.8086,1,0.21478,-0.33391,0,0.91781,2.689,-3.2127,0,-0.83471,-0.69972,0.46742,-8.778,-5.6462,0,0,0,0,2.1478,2.1494,2.1495,2.1461,-10.78,11.466,0,36.367,13.241,0,14.321
9.08,2.2926,1.7762,1,0.21015,-0.33756,0,0.91755,2.6006,-3.2686,0,-0.84012,-0.67537,0.46376,-8.8839,-5.5309,0,0,0,0,2.1508,2.1525,2.1526,2.1492,-10.414,11.595,0,36.874,12.677,0,14.342
9.09,2.3182,1.7432,1,0.20551,-0.34108,0,0.9173,2.5113,-3.3233,0,-0.84516,-0.65101,0.4601,-8.9862,-5.4143,0,0,0,0,2.1536,2.1554,2.1554,2.1521,-10.043,11.719,0,37.367,12.111,0,14.361
9.1,2.3428,1.7097,1,0.20083,-0.34447,0,0.91706,2.4209,-3.3769,0,-0.84986,-0.62664,0.45646,-9.0848,-5.2966,0,0,0,0,2.1563,2.1581,2.1581,2.1548,-9.6668,11.838,0,37.845,11.542,0,14.379
9.11,2.3666,1.6757,1,0.19614,-0.34774,0,0.91684,2.3296,-3.4293,0,-0.85423,-0.60228,0.45284,-9.1795,-5.1776,0,0,0,0,2.1588,2.1607,2.1606,2.1574,-9.286,11.95,0,38.309,10.972,0,14.396
9.12,2.3894,1.6411,1,0.19143,-0.35088,0,0.91664,2.2374,-3.4805,0,-0.85828,-0.57792,0.44923,-9.2705,-5.0576,0,0,0,0,2.1611,2.163,2.1629,2.1598,-8.9007,12.057,0,38.759,10.401,0,14.411
9.13,2.4113,1.6061,1,0.1867,-0.3539,0,0.91646,2.1442,-3.5304,0,-0.86202,-0.55357,0.44565,-9.3575,-4.9365,0,0,0,0,2.1633,2.1652,2.1651,2.1619,-8.5109,12.158,0,39.193,9.8274,0,14.426
9.14,2.4323,1.5705,1,0.18195,-0.35679,0,0.91629,2.0502,-3.5792,0,-0.86546,-0.52922,0.44208,-9.4407,-4.8144,0,0,0,0,2.1652,2.1671,2.167,2.1639,-8.1168,12.254,0,39.612,9.2533,0,14.439
9.15,2.4523,1.5345,1,0.17719,-0.35955,0,0.91615,1.9554,-3.6267,0,-0.86862,-0.50489,0.43855,-9.5199,-4.6914,0,0,0,0,2.1669,2.1689,2.1687,2.1656,-7.7187,12.343,0,40.016,8.6784,0,14.45
9.16,2.4714,1.498,1,0.17242,-0.36219,0,0.91602,1.8598,-3.673,0,-0.8715,-0.48056,0.43504,-9.595,-4.5676,0,0,0,0,2.1684,2.1704,2.1702,2.1672,-7.3166,12.427,0,40.403,8.103,0,14.46
9.17,2.4895,1.461,1,0.16763,-0.36471,0,0.91591,1.7635,-3.7181,0,-0.87412,-0.45625,0.43157,-9.6662,-4.4429,0,0,0,0,2.1696,2.1717,2.1714,2.1685,-6.9107,12.505,0,40.774,7.5274,0,14.469
9.18,2.5067,1.4236,1,0.16284,-0.36709,0,0.91582,1.6665,-3.7619,0,-0.8765,-0.43194,0.42813,-9.7332,-4.3175,0,0,0,0,2.1706,2.1728,2.1725,2.1695,-6.5012,12.578,0,41.129,6.9518,0,14.476
9.19,2.5228,1.3858,1,0.15803,-0.36936,0,0.91575,1.5689,-3.8044,0,-0.87863,-0.40764,0.42473,-9.7962,-4.1914,0,0,0,0,2.1714,2.1736,2.1733,2.1704,-6.0882,12.644,0,41.467,6.3765,0,14.481
9.2,2.538,1.3476,1,0.15322,-0.3715,0,0.9157,1.4706,-3.8457,0,-0.88053,-0.38335,0.42137,-9.855,-4.0646,0,0,0,0,2.172,2.1742,2.1738,2.171,-5.6719,12.705,0,41.788,5.8018,0,14.485
9.21,2.5522,1.3089,1,0.1484,-0.37351,0,0.91568,1.3718,-3.8857,0,-0.88221,-0.35905,0.41806,-9.9096,-3.9373,0,0,0,0,2.1723,2.1745,2.1741,2.1713,-5.2525,12.76,0,42.092,5.228,0,14.487
9.22,2.5655,1.2698,1,0.14358,-0.37541,0,0.91567,1.2724,-3.9244,0,-0.88369,-0.33475,0.41479,-9.96,-3.8094,0,0,0,0,2.1723,2.1745,2.1742,2.1714,-4.8301,12.81,0,42.378,4.6553,0,14.487
9.23,2.5777,1.2304,1,0.13876,-0.37718,0,0.91569,1.1726,-3.9619,0,-0.88496,-0.31044,0.41156,-10.006,-3.6811,0,0,0,0,2.1721,2.1744,2.174,2.1712,-4.405,12.853,0,42.646,4.0841,0,14.486
9.24,2.5889,1.1906,1,0.13393,-0.37882,0,0.91573,1.0723,-3.9981,0,-0.88605,-0.28612,0.40839,-10.048,-3.5524,0,0,0,0,2.1716,2.1739,2.1735,2.1708,-3.9772,12.891,0,42.895,3.5146,0,14.483
9.25,2.5991,1.1505,1,0.1291,-0.38034,0,0.91579,0.97165,-4.0329,0,-0.88696,-0.26178,0.40527,-10.086,-3.4233,0,0,0,0,2.1708,2.1732,2.1727,2.17,-3.5471,12.924,0,43.127,2.9472,0,14.478
9.26,2.6084,1.11,1,0.12426,-0.38174,0,0.91588,0.87062,-4.0665,0,-0.88769,-0.23741,0.40221,-10.119,-3.2939,0,0,0,0,2.1698,2.1722,2.1717,2.169,-3.1148,12.95,0,43.339,2.382,0,14.471
9.27,2.6166,1.0691,1,0.11943,-0.38302,0,0.91599,0.76928,-4.0988,0,-0.88827,-0.21301,0.3992,-10.148,-3.1643,0,0,0,0,2.1685,2.1709,2.1704,2.1678,-2.6804,12.971,0,43.531,1.8193,0,14.463
9.28,2.6237,1.028,1,0.1146,-0.38417,0,0.91612,0.66768,-4.1298,0,-0.88869,-0.18857,0.39625,-10.173,-3.0345,0,0,0,0,2.1669,2.1693,2.1688,2.1662,-2.2442,12.987,0,43.705,1.2596,0,14.452
9.29,2.6299,0.98654,1,0.10977,-0.3852,0,0.91628,0.56585,-4.1595,0,-0.88896,-0.16409,0.39337,-10.193,-2.9046,0,0,0,0,2.165,2.1674,2.167,2.1644,-1.8064,12.997,0,43.858,0.70294,0,14.44
9.3,2.6351,0.9448,1,0.10494,-0.3861,0,0.91647,0.46383,-4.1879,0,-0.88909,-0.13955,0.39055,-10.209,-2.7746,0,0,0,0,2.1628,2.1653,2.1648,2.1622,-1.3671,13.001,0,43.991,0.14974,0,14.425
9.31,2.6392,0.90278,1,0.10011,-0.38689,0,0.91668,0.36168,-4.215,0,-0.88909,-0.11494,0.3878,-10.22,-2.6446,0,0,0,0,2.1604,2.1628,2.1624,2.1598,-0.92662,13,0,44.104,-0.39977,0,14.409
9.32,2.6423,0.8605,1,0.095288,-0.38755,0,0.91691,0.25944,-4.2408,0,-0.88897,-0.090267,0.38511,-10.227,-2.5146,0,0,0,0,2.1576,2.1601,2.1596,2.1571,-0.48511,12.993,0,44.196,-0.94528,0,14.391
9.33,2.6444,0.81797,1,0.090468,-0.38808,0,0.91717,0.15715,-4.2653,0,-0.88872,-0.065508,0.3825,-10.23,-2.3848,0,0,0,0,2.1545,2.1571,2.1566,2.154,-0.042779,12.981,0,44.266,-1.4865,0,14.37
9.34,2.6454,0.7752,1,0.085652,-0.38849,0,0.91746,0.054858,-4.2885,0,-0.88836,-0.040656,0.37997,-10.228,-2.255,0,0,0,0,2.1512,2.1538,2.1532,2.1507,0.40015,12.963,0,44.315,-2.0232,0,14.348
9.35,2.6455,0.73221,1,0.080841,-0.38878,0,0.91778,-0.047396,-4.3104,0,-0.88789,-0.015703,0.3775,-10.222,-2.1255,0,0,0,0,2.1475,2.1501,2.1496,2.1471,0.84345,12.94,0,44.343,-2.5551,0,14.324
9.36,2.6445,0.689,1,0.076036,-0.38894,0,0.91812,-0.14957,-4.331,0,-0.88732,0.0093616,0.37512,-10.211,-1.9962,0,0,0,0,2.1436,2.1462,2.1457,2.1432,1.2869,12.912,0,44.348,-3.0818,0,14.298
9.37,2.6425,0.64559,1,0.071236,-0.38898,0,0.91849,-0.25161,-4.3503,0,-0.88665,0.034549,0.37282,-10.196,-1.8673,0,0,0,0,2.1393,2.142,2.1415,2.139,1.7303,12.879,0,44.33,-3.6031,0,14.27
9.38,2.6395,0.602,1,0.066442,-0.38889,0,0.91889,-0.35348,-4.3683,0,-0.88588,0.05987,0.37059,-10.177,-1.7387,0,0,0,0,2.1348,2.1374,2.1369,2.1345,2.1735,12.84,0,44.29,-4.1188,0,14.239
9.39,2.6354,0.55823,1,0.061654,-0.38867,0,0.91931,-0.45513,-4.3851,0,-0.88503,0.085335,0.36846,-10.153,-1.6105,0,0,0,0,2.1299,2.1326,2.1321,2.1296,2.6161,12.796,0,44.227,-4.6284,0,14.207
9.4,2.6303,0.5143,1,0.056874,-0.38833,0,0.91976,-0.55652,-4.4006,0,-0.88408,0.11096,0.36641,-10.124,-1.4828,0,0,0,0,2.1247,2.1275,2.127,2.1245,3.0579,12.748,0,44.141,-5.1319,0,14.173
9.41,2.6243,0.47022,1,0.0521,-0.38786,0,0.92024,-0.6576,-4.4147,0,-0.88305,0.13674,0.36444,-10.092,-1.3556,0,0,0,0,2.1193,2.1221,2.1216,2.1191,3.4988,12.694,0,44.03,-5.6287,0,14.137
9.42,2.6172,0.42601,1,0.047334,-0.38726,0,0.92075,-0.75833,-4.4277,0,-0.88193,0.1627,0.36257,-10.054,-1.2289,0,0,0,0,2.1136,2.1164,2.1159,2.1134,3.9384,12.635,0,43.896,-6.1188,0,14.099
9.43,2.6091,0.38167,1,0.042576,-0.38654,0,0.92129,-0.85867,-4.4393,0,-0.88073,0.18886,0.36079,-10.013,-1.1029,0,0,0,0,2.1075,2.1104,2.1099,2.1074,4.3766,12.571,0,43.737,-6.6018,0,14.059
9.44,2.6,0.33723,1,0.037826,-0.38568,0,0.92186,-0.95857,-4.4497,0,-0.87944,0.21521,0.3591,-9.9669,-0.97751,0,0,0,0,2.1012,2.1041,2.1036,2.1011,4.8131,12.503,0,43.554,-7.0774,0,14.017
9.45,2.5899,0.29268,1,0.033084,-0.38469,0,0.92245,-1.058,-4.4589,0,-0.87808,0.24177,0.35751,-9.9166,-0.85284,0,0,0,0,2.0946,2.0975,2.097,2.0945,5.2476,12.43,0,43.346,-7.5453,0,13.973
9.46,2.5789,0.24805,1,0.028351,-0.38356,0,0.92308,-1.1569,-4.4668,0,-0.87663,0.26855,0.35601,-9.8619,-0.72893,0,0,0,0,2.0877,2.0906,2.0901,2.0877,5.6799,12.352,0,43.112,-8.0052,0,13.927
9.47,2.5668,0.20335,1,0.023626,-0.38231,0,0.92373,-1.2552,-4.4735,0,-0.87509,0.29556,0.35462,-9.803,-0.60582,0,0,0,0,2.0805,2.0835,2.083,2.0806,6.1098,12.27,0,42.853,-8.4569,0,13.879
9.48,2.5538,0.15859,1,0.018911,-0.38092,0,0.92442,-1.3529,-4.4789,0,-0.87348,0.32281,0.35332,-9.7397,-0.48355,0,0,0,0,2.0731,2.0761,2.0756,2.0731,6.5369,12.183,0,42.567,-8.9002,0,13.83
9.49,2.5398,0.11378,1,0.014206,-0.37939,0,0.92513,-1.45,-4.4831,0,-0.87177,0.35031,0.35213,-9.6723,-0.36217,0,0,0,0,2.0654,2.0684,2.0679,2.0655,6.961,12.092,0,42.256,-9.3346,0,13.779
9.5,2.5248,0.068928,1,0.0095107,-0.37773,0,0.92587,-1.5464,-4.4861,0,-0.86997,0.37807,0.35104,-9.6005,-0.24173,0,0,0,0,2.0574,2.0605,2.06,2.0576,7.3819,11.996,0,41.918,-9.7599,0,13.726
9.51,2.5088,0.024057,1,0.0048255,-0.37592,0,0.92664,-1.642,-4.488,0,-0.86808,0.40609,0.35005,-9.5246,-0.12226,0,0,0,0,2.0492,2.0523,2.0519,2.0494,7.7993,11.897,0,41.553,-10.176,0,13.671
9.52,2.4919,-0.020827,1,0.00015089,-0.37398,0,0.92744,-1.7368,-4.4886,0,-0.86609,0.43439,0.34917,-9.4446,-0.0038107,0,0,0,0,2.0407,2.0439,2.0434,2.041,8.2129,11.793,0,41.161,-10.582,0,13.615
9.53,2.4741,-0.065711,1,-0.0045127,-0.3719,0,0.92826,-1.8309,-4.488,0,-0.864,0.46297,0.3484,-9.3604,0.11358,0,0,0,0,2.032,2.0353,2.0348,2.0323,8.6224,11.685,0,40.741,-10.979,0,13.557
9.54,2.4553,-0.11058,1,-0.0091648,-0.36967,0,0.92912,-1.924,-4.4863,0,-0.8618,0.49183,0.34773,-9.2721,0.22988,0,0,0,0,2.0231,2.0264,2.0259,2.0234,9.0276,11.573,0,40.295,-11.365,0,13.498
9.55,2.4356,-0.15543,1,-0.013805,-0.36729,0,0.93,-2.0163,-4.4835,0,-0.85948,0.52099,0.34717,-9.1798,0.34503,0,0,0,0,2.0139,2.0173,2.0168,2.0143,9.4283,11.458,0,39.823,-11.743,0,13.437
9.56,2.415,-0.20025,1,-0.018433,-0.36477,0,0.93091,-2.1076,-4.4794,0,-0.85703,0.55044,0.34672,-9.0836,0.45902,0,0,0,0,2.0046,2.008,2.0075,2.005,9.824,11.338,0,39.326,-12.11,0,13.375
9.57,2.3935,-0.24502,1,-0.023048,-0.3621,0,0.93185,-2.198,-4.4743,0,-0.85446,0.58019,0.34638,-8.9834,0.57179,0,0,0,0,1.995,1.9984,1.998,1.9955,10.215,11.216,0,38.803,-12.468,0,13.312
9.58,2.371,-0.28973,1,-0.027649,-0.35929,0,0.93282,-2.2873,-4.468,0,-0.85173,0.61024,0.34614,-8.8793,0.68332,0,0,0,0,1.9853,1.9888,1.9883,1.9858,10.6,11.089,0,38.257,-12.816,0,13.247
9.59,2.3477,-0.33438,1,-0.032236,-0.35632,0,0.93381,-2.3755,-4.4606,0,-0.84886,0.64059,0.34601,-8.7714,0.79356,0,0,0,0,1.9754,1.9789,1.9784,1.9759,10.98,10.959,0,37.686,-13.154,0,13.181
9.6,2.3235,-0.37894,1,-0.036809,-0.35319,0,0.93483,-2.4627,-4.4521,0,-0.84582,0.67124,0.34599,-8.6597,0.90249,0,0,0,0,1.9653,1.9688,1.9684,1.9659,11.354,10.826,0,37.092,-13.483,0,13.114
9.61,2.2985,-0.42341,1,-0.041365,-0.34991,0,0.93587,-2.5487,-4.4426,0,-0.84259,0.70218,0.34607,-8.5443,1.0101,0,0,0,0,1.955,1.9587,1.9582,1.9557,11.721,10.69,0,36.475,-13.803,0,13.046
9.62,2.2726,-0.46779,1,-0.045905,-0.34648,0,0.93693,-2.6336,-4.4319,0,-0.83918,0.73342,0.34626,-8.4253,1.1163,0,0,0,0,1.9446,1.9483,1.9478,1.9454,12.083,10.55,0,35.836,-14.113,0,12.977
9.63,2.2458,-0.51205,1,-0.050427,-0.34288,0,0.93802,-2.7172,-4.4202,0,-0.83555,0.76495,0.34655,-8.3027,1.2211,0,0,0,0,1.9341,1.9379,1.9374,1.9349,12.438,10.407,0,35.175,-14.413,0,12.907
9.64,2.2182,-0.55619,1,-0.05493,-0.33913,0,0.93914,-2.7996,-4.4075,0,-0.8317,0.79676,0.34693,-8.1766,1.3244,0,0,0,0,1.9235,1.9273,1.9268,1.9243,12.787,10.262,0,34.494,-14.704,0,12.837
9.65,2.1898,-0.6002,1,-0.059414,-0.33521,0,0.94027,-2.8807,-4.3938,0,-0.82761,0.82884,0.34742,-8.047,1.4263,0,0,0,0,1.9128,1.9167,1.9161,1.9137,13.128,10.113,0,33.791,-14.986,0,12.765
9.66,2.1606,-0.64406,1,-0.063876,-0.33113,0,0.94142,-2.9605,-4.379,0,-0.82326,0.86118,0.348,-7.914,1.5267,0,0,0,0,1.902,1.9059,1.9054,1.9029,13.462,9.9621,0,33.069,-15.258,0,12.694
9.67,2.1306,-0.68777,1,-0.068316,-0.32688,0,0.94259,-3.039,-4.3632,0,-0.81864,0.89375,0.34867,-7.7778,1.6255,0,0,0,0,1.8911,1.8951,1.8946,1.8921,13.789,9.8082,0,32.327,-15.521,0,12.622
9.68,2.0998,-0.73132,1,-0.072732,-0.32246,0,0.94378,-3.1161,-4.3465,0,-0.81372,0.92655,0.34943,-7.6383,1.7228,0,0,0,0,1.8802,1.8843,1.8837,1.8813,14.109,9.6518,0,31.567,-15.775,0,12.549
9.69,2.0683,-0.7747,1,-0.077122,-0.31788,0,0.94499,-3.1918,-4.3288,0,-0.80848,0.95955,0.35027,-7.4956,1.8186,0,0,0,0,1.8693,1.8734,1.8728,1.8704,14.421,9.4928,0,30.787,-16.019,0,12.476
9.7,2.036,-0.8179,1,-0.081485,-0.31312,0,0.94621,-3.266,-4.3101,0,-0.8029,0.99272,0.35119,-7.3499,1.9127,0,0,0,0,1.8583,1.8625,1.8618,1.8595,14.724,9.3314,0,29.99,-16.254,0,12.404
9.71,2.003,-0.8609,1,-0.085818,-0.3082,0,0.94744,-3.3387,-4.2905,0,-0.79697,1.026,0.35219,-7.2012,2.0052,0,0,0,0,1.8474,1.8516,1.8509,1.8486,15.02,9.1677,0,29.176,-16.48,0,12.331
9.72,1.9692,-0.9037,1,-0.09012,-0.3031,0,0.94869,-3.41,-4.27,0,-0.79066,1.0595,0.35326,-7.0495,2.096,0,0,0,0,1.8364,1.8407,1.84,1.8377,15.308,9.0018,0,28.345,-16.697,0,12.258
9.73,1.9348,-0.9463,1,-0.094389,-0.29783,0,0.94994,-3.4797,-4.2486,0,-0.78395,1.093,0.35439,-6.895,2.1852,0,0,0,0,1.8255,1.8298,1.8291,1.8269,15.587,8.8338,0,27.498,-16.905,0,12.185
9.74,1.8996,-0.98867,1,-0.098622,-0.29238,0,0.9512,-3.5479,-4.2263,0,-0.77681,1.1265,0.35558,-6.7378,2.2727,0,0,0,0,1.8146,1.819,1.8182,1.8161,15.858,8.6638,0,26.635,-17.103,0,12.113
9.75,1.8638,-1.0308,1,-0.10282,-0.28676,0,0.95247,-3.6145,-4.2032,0,-0.76923,1.1601,0.35682,-6.5779,2.3585,0,0,0,0,1.8038,1.8083,1.8074,1.8054,16.12,8.4918,0,25.758,-17.293,0,12.042
9.76,1.8274,-1.0727,1,-0.10697,-0.28097,0,0.95374,-3.6794,-4.1792,0,-0.76118,1.1936,0.35811,-6.4154,2.4425,0,0,0,0,1.7932,1.7977,1.7967,1.7947,16.373,8.3179,0,24.865,-17.473,0,11.971
9.77,1.7902,-1.1144,1,-0.11108,-0.275,0,0.95501,-3.7428,-4.1543,0,-0.75265,1.227,0.35944,-6.2505,2.5248,0,0,0,0,1.7826,1.7871,1.7862,1.7842,16.617,8.1423,0,23.959,-17.645,0,11.9
9.78,1.7525,-1.1558,1,-0.11515,-0.26885,0,0.95627,-3.8044,-4.1287,0,-0.7436,1.2602,0.3608,-6.0831,2.6054,0,0,0,0,1.7721,1.7767,1.7757,1.7738,16.852,7.9651,0,23.039,-17.808,0,11.831
9.79,1.7142,-1.197,1,-0.11916,-0.26253,0,0.95754,-3.8644,-4.1022,0,-0.73403,1.2932,0.36219,-5.9135,2.6841,0,0,0,0,1.7618,1.7664,1.7653,1.7636,17.078,7.7862,0,22.107,-17.962,0,11.762
9.8,1.6752,-1.2379,1,-0.12312,-0.25604,0,0.95879,-3.9227,-4.075,0,-0.7239,1.326,0.36359,-5.7416,2.7611,0,0,0,0,1.7516,1.7563,1.7552,1.7535,17.294,7.6059,0,21.162,-18.107,0,11.694
9.81,1.6357,-1.2785,1,-0.12703,-0.24937,0,0.96004,-3.9793,-4.047,0,-0.71321,1.3583,0.36499,-5.5676,2.8362,0,0,0,0,1.7417,1.7464,1.7452,1.7436,17.501,7.4241,0,20.205,-18.244,0,11.628
9.82,1.5956,-1.3188,1,-0.13088,-0.24253,0,0.96127,-4.0341,-4.0183,0,-0.70194,1.3903,0.36639,-5.3916,2.9096,0,0,0,0,1.7319,1.7367,1.7354,1.7339,17.698,7.241,0,19.237,-18.371,0,11.563
9.83,1.555,-1.3588,1,-0.13467,-0.23553,0,0.96249,-4.0871,-3.9888,0,-0.69006,1.4217,0.36778,-5.2137,2.981,0,0,0,0,1.7224,1.7271,1.7258,1.7245,17.886,7.0567,0,18.259,-18.491,0,11.5
9.84,1.5139,-1.3986,1,-0.13839,-0.22835,0,0.96369,-4.1383,-3.9587,0,-0.67757,1.4526,0.36915,-5.0339,3.0507,0,0,0,0,1.7131,1.7178,1.7164,1.7152,18.063,6.8712,0,17.271,-18.602,0,11.438
9.85,1.4723,-1.438,1,-0.14204,-0.22102,0,0.96487,-4.1878,-3.9278,0,-0.66445,1.4828,0.37048,-4.8525,3.1185,0,0,0,0,1.704,1.7088,1.7073,1.7062,18.231,6.6847,0,16.273,-18.704,0,11.377
9.86,1.4302,-1.4771,1,-0.14562,-0.21352,0,0.96603,-4.2354,-3.8963,0,-0.65071,1.5122,0.37177,-4.6693,3.1844,0,0,0,0,1.6952,1.7,1.6984,1.6975,18.389,6.4972,0,15.266,-18.798,0,11.319
9.87,1.3876,-1.5159,1,-0.14912,-0.20587,0,0.96715,-4.2811,-3.8641,0,-0.63632,1.5408,0.37301,-4.4847,3.2484,0,0,0,0,1.6868,1.6915,1.6898,1.6891,18.536,6.3088,0,14.251,-18.884,0,11.262
9.88,1.3445,-1.5544,1,-0.15254,-0.19807,0,0.96825,-4.3251,-3.8313,0,-0.62129,1.5685,0.37419,-4.2987,3.3106,0,0,0,0,1.6786,1.6834,1.6815,1.681,18.674,6.1195,0,13.228,-18.961,0,11.207
9.89,1.3011,-1.5926,1,-0.15587,-0.19011,0,0.96931,-4.3671,-3.7979,0,-0.60562,1.5951,0.37529,-4.1113,3.3708,0,0,0,0,1.6707,1.6755,1.6736,1.6732,18.801,5.9296,0,12.197,-19.03,0,11.155
9.9,1.2572,-1.6304,1,-0.15912,-0.18202,0,0.97033,-4.4073,-3.7639,0,-0.58931,1.6206,0.3763,-3.9227,3.4291,0,0,0,0,1.6632,1.6679,1.6659,1.6658,18.918,5.739,0,11.16,-19.091,0,11.105
9.91,1.2129,-1.6678,1,-0.16227,-0.17379,0,0.97132,-4.4456,-3.7294,0,-0.57237,1.6449,0.37722,-3.7329,3.4856,0,0,0,0,1.6561,1.6607,1.6586,1.6587,19.024,5.5478,0,10.117,-19.144,0,11.057
9.92,1.1683,-1.7049,1,-0.16533,-0.16543,0,0.97226,-4.4819,-3.6942,0,-0.55481,1.668,0.37804,-3.5422,3.5401,0,0,0,0,1.6493,1.6539,1.6517,1.6519,19.12,5.3561,0,9.0687,-19.189,0,11.011
9.93,1.1233,-1.7417,1,-0.16829,-0.15695,0,0.97316,-4.5164,-3.6586,0,-0.53665,1.6896,0.37874,-3.3506,3.5927,0,0,0,0,1.6429,1.6474,1.6451,1.6456,19.205,5.164,0,8.0151,-19.226,0,10.968
9.94,1.078,-1.7781,1,-0.17115,-0.14836,0,0.97401,-4.5489,-3.6224,0,-0.51789,1.7098,0.37932,-3.1581,3.6434,0,0,0,0,1.6368,1.6413,1.639,1.6396,19.28,4.9716,0,6.957,-19.254,0,10.928
9.95,1.0323,-1.8142,1,-0.1739,-0.13965,0,0.97481,-4.5796,-3.5857,0,-0.49858,1.7284,0.37976,-2.965,3.6921,0,0,0,0,1.6312,1.6356,1.6332,1.634,19.345,4.779,0,5.895,-19.276,0,10.89
9.96,0.9864,-1.8498,1,-0.17654,-0.13085,0,0.97556,-4.6082,-3.5485,0,-0.47872,1.7454,0.38006,-2.7713,3.739,0,0,0,0,1.626,1.6303,1.6278,1.6288,19.398,4.5861,0,4.8297,-19.289,0,10.855
9.97,0.94018,-1.8851,1,-0.17907,-0.12196,0,0.97625,-4.635,-3.5109,0,-0.45836,1.7606,0.3802,-2.5771,3.7839,0,0,0,0,1.6212,1.6254,1.6228,1.6241,19.441,4.3932,0,3.7615,-19.294,0,10.823
9.98,0.89371,-1.92,1,-0.18148,-0.11298,0,0.97688,-4.6598,-3.4729,0,-0.43752,1.7741,0.38019,-2.3825,3.8268,0,0,0,0,1.6169,1.621,1.6182,1.6197,19.473,4.2003,0,2.691,-19.292,0,10.793
9.99,0.84699,-1.9546,1,-0.18377,-0.10394,0,0.97746,-4.6826,-3.4344,0,-0.41625,1.7858,0.38001,-2.1877,3.8679,0,0,0,0,1.613,1.6169,1.6141,1.6158,19.495,4.0074,0,1.6187,-19.282,0,10.766
10,0.80006,-1.9887,1,-0.18594,-0.094833,0,0.97797,-4.7035,-3.3955,0,-0.39458,1.7956,0.37965,-1.9926,3.907,0,0,0,0,1.6095,1.6133,1.6104,1.6124,19.506,3.8147,0,0.54516,-19.264,0,10.743
10.01,0.75293,-2.0225,1,-0.18799,-0.085676,0,0.97843,-4.7225,-3.3563,0,-0.37255,1.8034,0.37912,-1.7976,3.9442,0,0,0,0,1.6065,1.6101,1.6072,1.6093,19.506,3.6221,0,-0.52921,-19.239,0,10.722
10.02,0.70562,-2.0559,1,-0.18991,-0.076479,0,0.97882,-4.7395,-3.3166,0,-0.35023,1.8093,0.37841,-1.6026,3.9794,0,0,0,0,1.6039,1.6074,1.6044,1.6067,19.495,3.4299,0,-1.6039,-19.206,0,10.704
10.03,0.65815,-2.0888,1,-0.1917,-0.067251,0,0.97915,-4.7545,-3.2767,0,-0.32764,1.8132,0.3775,-1.4077,4.0128,0,0,0,0,1.6017,1.6051,1.602,1.6046,19.474,3.238,0,-2.6783,-19.166,0,10.689
10.04,0.61053,-2.1214,1,-0.19337,-0.058005,0,0.97941,-4.7676,-3.2364,0,-0.30486,1.8151,0.37641,-1.2131,4.0442,0,0,0,0,1.6,1.6032,1.6001,1.6028,19.442,3.0466,0,-3.7519,-19.118,0,10.677
10.05,0.5628,-2.1536,1,-0.19491,-0.04875,0,0.97961,-4.7788,-3.1958,0,-0.28191,1.8149,0.37513,-1.0189,4.0737,0,0,0,0,1.5988,1.6018,1.5986,1.6016,19.399,2.8557,0,-4.8244,-19.062,0,10.668
10.06,0.51497,-2.1853,1,-0.19631,-0.039498,0,0.97975,-4.788,-3.1549,0,-0.25887,1.8127,0.37365,-0.82518,4.1013,0,0,0,0,1.598,1.6008,1.5975,1.6007,19.345,2.6654,0,-5.895,-18.999,0,10.662
10.07,0.46705,-2.2166,1,-0.19759,-0.030261,0,0.97982,-4.7953,-3.1138,0,-0.23578,1.8085,0.37198,-0.63204,4.127,0,0,0,0,1.5976,1.6002,1.5969,1.6003,19.281,2.4758,0,-6.9634,-18.928,0,10.658
10.08,0.41907,-2.2476,1,-0.19874,-0.021048,0,0.97983,-4.8007,-3.0724,0,-0.2127,1.8022,0.37011,-0.4396,4.1508,0,0,0,0,1.5977,1.6001,1.5967,1.6003,19.206,2.2869,0,-8.0291,-18.85,0,10.658
10.09,0.37104,-2.2781,1,-0.19975,-0.01187,0,0.97977,-4.8041,-3.0308,0,-0.18967,1.794,0.36806,-0.24796,4.1727,0,0,0,0,1.5981,1.6003,1.597,1.6007,19.12,2.0988,0,-9.0914,-18.765,0,10.66
10.1,0.32299,-2.3082,1,-0.20064,-0.0027385,0,0.97966,-4.8056,-2.9889,0,-0.16676,1.7839,0.36581,-0.057226,4.1928,0,0,0,0,1.599,1.601,1.5977,1.6016,19.024,1.9116,0,-10.15,-18.672,0,10.665
10.11,0.27493,-2.3379,1,-0.2014,0.0063366,0,0.97949,-4.8052,-2.9469,0,-0.14402,1.7718,0.36339,0.13249,4.211,0,0,0,0,1.6003,1.6021,1.5988,1.6028,18.917,1.7254,0,-11.204,-18.572,0,10.673
10.12,0.22689,-2.3671,1,-0.20203,0.015345,0,0.97926,-4.803,-2.9047,0,-0.12148,1.758,0.36078,0.32108,4.2273,0,0,0,0,1.602,1.6036,1.6002,1.6044,18.8,1.5402,0,-12.254,-18.464,0,10.684
10.13,0.17888,-2.396,1,-0.20253,0.024277,0,0.97897,-4.7988,-2.8624,0,-0.099212,1.7423,0.35799,0.50845,4.2418,0,0,0,0,1.6041,1.6055,1.6021,1.6064,18.672,1.3561,0,-13.298,-18.349,0,10.697
10.14,0.13092,-2.4244,1,-0.20291,0.033124,0,0.97864,-4.7928,-2.8199,0,-0.077247,1.7249,0.35503,0.6945,4.2544,0,0,0,0,1.6065,1.6077,1.6043,1.6088,18.534,1.1732,0,-14.336,-18.227,0,10.712
10.15,0.083031,-2.4524,1,-0.20317,0.041875,0,0.97825,-4.7849,-2.7773,0,-0.055629,1.7059,0.35191,0.8791,4.2652,0,0,0,0,1.6093,1.6103,1.607,1.6115,18.386,0.99161,0,-15.368,-18.098,0,10.73
10.16,0.035229,-2.4799,1,-0.20331,0.050524,0,0.97781,-4.7752,-2.7346,0,-0.034399,1.6853,0.34863,1.0622,4.2743,0,0,0,0,1.6125,1.6132,1.6099,1.6145,18.227,0.81131,0,-16.393,-17.961,0,10.75
10.17,-0.012468,-2.5071,1,-0.20333,0.05906,0,0.97733,-4.7637,-2.6918,0,-0.013592,1.6632,0.3452,1.2436,4.2815,0,0,0,0,1.6159,1.6165,1.6132,1.6179,18.058,0.63242,0,-17.411,-17.817,0,10.773
10.18,-0.060039,-2.5338,1,-0.20324,0.067478,0,0.9768,-4.7504,-2.649,0,0.0067589,1.6397,0.34163,1.4233,4.2869,0,0,0,0,1.6197,1.6201,1.6168,1.6216,17.879,0.45499,0,-18.421,-17.666,0,10.797
10.19,-0.10747,-2.56,1,-0.20304,0.075768,0,0.97624,-4.7352,-2.6061,0,0.026624,1.6148,0.33792,1.6011,4.2906,0,0,0,0,1.6237,1.6239,1.6207,1.6255,17.689,0.27911,0,-19.422,-17.508,0,10.823
10.2,-0.15474,-2.5859,1,-0.20273,0.083926,0,0.97563,-4.7184,-2.5632,0,0.045978,1.5888,0.33408,1.777,4.2925,0,0,0,0,1.6281,1.6281,1.6249,1.6298,17.49,0.10485,0,-20.415,-17.344,0,10.851
10.21,-0.20183,-2.6113,1,-0.20231,0.091944,0,0.975,-4.6997,-2.5203,0,0.064798,1.5615,0.33012,1.9509,4.2927,0,0,0,0,1.6327,1.6325,1.6294,1.6343,17.281,-0.067734,0,-21.397,-17.172,0,10.881
10.22,-0.24873,-2.6363,1,-0.20179,0.099817,0,0.97433,-4.6793,-2.4773,0,0.083066,1.5332,0.32605,2.1226,4.2912,0,0,0,0,1.6375,1.6372,1.6341,1.639,17.062,-0.23857,0,-22.37,-16.994,0,10.913
10.23,-0.29541,-2.6608,1,-0.20118,0.10754,0,0.97363,-4.6573,-2.4344,0,0.10077,1.504,0.32188,2.2921,4.2879,0,0,0,0,1.6425,1.642,1.639,1.6439,16.834,-0.40759,0,-23.332,-16.809,0,10.946
10.24,-0.34187,-2.685,1,-0.20047,0.11511,0,0.97292,-4.6335,-2.3916,0,0.11789,1.4738,0.31762,2.4593,4.283,0,0,0,0,1.6477,1.6471,1.6441,1.6491,16.596,-0.57473,0,-24.282,-16.618,0,10.98
10.25,-0.38808,-2.7087,1,-0.19966,0.12251,0,0.97218,-4.6081,-2.3488,0,0.13442,1.4428,0.31327,2.624,4.2764,0,0,0,0,1.6532,1.6524,1.6494,1.6544,16.348,-0.73993,0,-25.22,-16.421,0,11.016
10.26,-0.43402,-2.732,1,-0.19878,0.12976,0,0.97142,-4.581,-2.3061,0,0.15036,1.4111,0.30884,2.7862,4.2682,0,0,0,0,1.6587,1.6578,1.6549,1.6599,16.091,-0.90313,0,-26.146,-16.217,0,11.052
10.27,-0.47969,-2.7548,1,-0.1978,0.13683,0,0.97064,-4.5524,-2.2634,0,0.16571,1.3788,0.30434,2.9458,4.2584,0,0,0,0,1.6644,1.6634,1.6606,1.6655,15.825,-1.0643,0,-27.059,-16.008,0,11.09
10.28,-0.52506,-2.7772,1,-0.19675,0.14374,0,0.96986,-4.5221,-2.2209,0,0.18046,1.3459,0.29978,3.1027,4.2469,0,0,0,0,1.6702,1.6691,1.6663,1.6712,15.55,-1.2233,0,-27.958,-15.793,0,11.128
10.29,-0.57013,-2.7992,1,-0.19562,0.15048,0,0.96907,-4.4903,-2.1785,0,0.19461,1.3124,0.29516,3.2568,4.2339,0,0,0,0,1.6762,1.6749,1.6722,1.677,15.266,-1.3801,0,-28.843,-15.572,0,11.167
10.3,-0.61487,-2.8208,1,-0.19442,0.15704,0,0.96827,-4.457,-2.1362,0,0.20818,1.2786,0.2905,3.408,4.2193,0,0,0,0,1.6821,1.6807,1.6781,1.6829,14.973,-1.5347,0,-29.713,-15.345,0,11.207
10.31,-0.65926,-2.8419,1,-0.19315,0.16342,0,0.96746,-4.4222,-2.0941,0,0.22117,1.2444,0.2858,3.5562,4.2032,0,0,0,0,1.6882,1.6867,1.6841,1.6889,14.672,-1.687,0,-30.568,-15.113,0,11.246
10.32,-0.70331,-2.8627,1,-0.19182,0.16963,0,0.96666,-4.3859,-2.0522,0,0.23358,1.2098,0.28106,3.7014,4.1856,0,0,0,0,1.6943,1.6927,1.6902,1.6949,14.362,-1.8369,0,-31.407,-14.875,0,11.287
10.33,-0.74698,-2.883,1,-0.19042,0.17565,0,0.96586,-4.3482,-2.0104,0,0.24543,1.1751,0.2763,3.8434,4.1665,0,0,0,0,1.7004,1.6987,1.6962,1.7009,14.044,-1.9845,0,-32.229,-14.632,0,11.327
10.34,-0.79026,-2.9029,1,-0.18896,0.1815,0,0.96506,-4.309,-1.9688,0,0.25674,1.1401,0.27152,3.9822,4.1459,0,0,0,0,1.7065,1.7047,1.7023,1.7069,13.717,-2.1295,0,-33.033,-14.385,0,11.367
10.35,-0.83315,-2.9224,1,-0.18745,0.18717,0,0.96428,-4.2685,-1.9275,0,0.2675,1.105,0.26672,4.1177,4.1239,0,0,0,0,1.7125,1.7107,1.7084,1.7129,13.383,-2.2721,0,-33.821,-14.132,0,11.408
10.36,-0.87563,-2.9414,1,-0.18589,0.19266,0,0.9635,-4.2267,-1.8864,0,0.27775,1.0697,0.26192,4.2499,4.1005,0,0,0,0,1.7186,1.7166,1.7144,1.7189,13.041,-2.4122,0,-34.59,-13.874,0,11.447
10.37,-0.91768,-2.9601,1,-0.18427,0.19796,0,0.96273,-4.1835,-1.8455,0,0.28749,1.0344,0.25711,4.3785,4.0757,0,0,0,0,1.7245,1.7225,1.7204,1.7248,12.691,-2.5496,0,-35.339,-13.611,0,11.487
10.38,-0.9593,-2.9783,1,-0.18261,0.20309,0,0.96198,-4.1391,-1.8049,0,0.29674,0.99913,0.25231,4.5037,4.0495,0,0,0,0,1.7304,1.7283,1.7262,1.7306,12.334,-2.6844,0,-36.07,-13.344,0,11.526
10.39,-1.0005,-2.9962,1,-0.1809,0.20804,0,0.96125,-4.0935,-1.7645,0,0.30551,0.96381,0.24751,4.6252,4.022,0,0,0,0,1.7362,1.7341,1.732,1.7364,11.97,-2.8165,0,-36.78,-13.073,0,11.565
10.4,-1.0412,-3.0136,1,-0.17916,0.2128,0,0.96053,-4.0466,-1.7244,0,0.31383,0.92853,0.24272,4.7431,3.9932,0,0,0,0,1.7419,1.7397,1.7377,1.742,11.599,-2.9458,0,-37.47,-12.797,0,11.602
10.41,-1.0814,-3.0307,1,-0.17737,0.21739,0,0.95983,-3.9986,-1.6846,0,0.32171,0.8933,0.23794,4.8572,3.9631,0,0,0,0,1.7475,1.7452,1.7433,1.7475,11.221,-3.0724,0,-38.139,-12.517,0,11.639
10.42,-1.1211,-3.0473,1,-0.17555,0.2218,0,0.95916,-3.9495,-1.6452,0,0.32917,0.85816,0.23319,4.9675,3.9318,0,0,0,0,1.7529,1.7506,1.7487,1.7528,10.836,-3.1961,0,-38.786,-12.232,0,11.675
10.43,-1.1604,-3.0636,1,-0.1737,0.22603,0,0.95851,-3.8993,-1.606,0,0.33622,0.82311,0.22845,5.0739,3.8992,0,0,0,0,1.7581,1.7557,1.7539,1.758,10.445,-3.317,0,-39.41,-11.944,0,11.71
10.44,-1.1991,-3.0795,1,-0.17182,0.23009,0,0.95788,-3.848,-1.5672,0,0.34289,0.78817,0.22374,5.1763,3.8654,0,0,0,0,1.7631,1.7608,1.759,1.7631,10.048,-3.435,0,-40.011,-11.652,0,11.743
10.45,-1.2373,-3.0949,1,-0.1699,0.23397,0,0.95728,-3.7958,-1.5287,0,0.34919,0.75336,0.21905,5.2748,3.8305,0,0,0,0,1.768,1.7656,1.7639,1.7679,9.645,-3.55,0,-40.589,-11.356,0,11.776
10.46,-1.275,-3.11,1,-0.16796,0.23767,0,0.95671,-3.7426,-1.4906,0,0.35513,0.71869,0.2144,5.3692,3.7944,0,0,0,0,1.7727,1.7702,1.7686,1.7725,9.2364,-3.6621,0,-41.143,-11.056,0,11.807
10.47,-1.3122,-3.1247,1,-0.166,0.2412,0,0.95617,-3.6884,-1.4528,0,0.36074,0.68415,0.20977,5.4595,3.7573,0,0,0,0,1.7771,1.7746,1.773,1.7769,8.8223,-3.7712,0,-41.672,-10.753,0,11.836
10.48,-1.3488,-3.1391,1,-0.16401,0.24456,0,0.95566,-3.6334,-1.4154,0,0.36604,0.64977,0.20518,5.5456,3.719,0,0,0,0,1.7813,1.7788,1.7773,1.7811,8.403,-3.8772,0,-42.176,-10.447,0,11.864
10.49,-1.3848,-3.1531,1,-0.162,0.24775,0,0.95518,-3.5775,-1.3784,0,0.37103,0.61553,0.20063,5.6276,3.6797,0,0,0,0,1.7853,1.7827,1.7812,1.785,7.9788,-3.9801,0,-42.654,-10.137,0,11.89
10.5,-1.4203,-3.1667,1,-0.15997,0.25077,0,0.95474,-3.5208,-1.3418,0,0.37573,0.58144,0.19611,5.7052,3.6394,0,0,0,0,1.7889,1.7864,1.7849,1.7886,7.55,-4.0799,0,-43.106,-9.8246,0,11.915
10.51,-1.4553,-3.1799,1,-0.15792,0.25361,0,0.95433,-3.4634,-1.3056,0,0.38017,0.5475,0.19163,5.7785,3.5981,0,0,0,0,1.7924,1.7898,1.7884,1.792,7.1168,-4.1766,0,-43.53,-9.5089,0,11.938
10.52,-1.4896,-3.1928,1,-0.15585,0.25629,0,0.95395,-3.4053,-1.2699,0,0.38435,0.5137,0.18719,5.8475,3.5559,0,0,0,0,1.7955,1.7929,1.7916,1.7952,6.6795,-4.2701,0,-43.927,-9.1904,0,11.959
10.53,-1.5234,-3.2053,1,-0.15377,0.25881,0,0.95361,-3.3465,-1.2345,0,0.38828,0.48004,0.18279,5.9121,3.5128,0,0,0,0,1.7984,1.7958,1.7944,1.798,6.2383,-4.3604,0,-44.296,-8.8691,0,11.978
10.54,-1.5565,-3.2175,1,-0.15168,0.26115,0,0.95331,-3.2871,-1.1996,0,0.39199,0.44651,0.17843,5.9723,3.4687,0,0,0,0,1.8009,1.7983,1.797,1.8005,5.7936,-4.4474,0,-44.636,-8.5453,0,11.995
10.55,-1.5891,-3.2293,1,-0.14957,0.26333,0,0.95304,-3.2271,-1.1652,0,0.39549,0.41311,0.17411,6.028,3.4238,0,0,0,0,1.8032,1.8005,1.7993,1.8027,5.3457,-4.5313,0,-44.947,-8.2189,0,12.01
10.56,-1.6211,-3.2408,1,-0.14745,0.26535,0,0.95281,-3.1665,-1.1312,0,0.39878,0.37983,0.16984,6.0792,3.3781,0,0,0,0,1.8051,1.8024,1.8012,1.8047,4.8948,-4.6118,0,-45.228,-7.8902,0,12.022
10.57,-1.6524,-3.2519,1,-0.14532,0.2672,0,0.95262,-3.1055,-1.0976,0,0.40188,0.34665,0.16561,6.1259,3.3316,0,0,0,0,1.8067,1.804,1.8029,1.8063,4.4413,-4.6891,0,-45.478,-7.5593,0,12.033
10.58,-1.6832,-3.2627,1,-0.14318,0.26889,0,0.95247,-3.044,-1.0645,0,0.40481,0.31356,0.16142,6.168,3.2843,0,0,0,0,1.808,1.8053,1.8042,1.8075,3.9854,-4.763,0,-45.697,-7.2262,0,12.042
10.59,-1.7133,-3.2732,1,-0.14103,0.27042,0,0.95236,-2.9821,-1.0319,0,0.40757,0.28056,0.15728,6.2056,3.2363,0,0,0,0,1.8089,1.8062,1.8051,1.8085,3.5274,-4.8336,0,-45.885,-6.8912,0,12.048
10.6,-1.7428,-3.2834,1,-0.13887,0.27179,0,0.95228,-2.9199,-0.9998,0,0.41017,0.24763,0.15318,6.2385,3.1877,0,0,0,0,1.8096,1.8068,1.8058,1.8091,3.0678,-4.9008,0,-46.04,-6.5543,0,12.052
10.61,-1.7717,-3.2932,1,-0.13671,0.27299,0,0.95225,-2.8574,-0.96817,0,0.41262,0.21477,0.14912,6.2669,3.1383,0,0,0,0,1.8098,1.8071,1.806,1.8093,2.6067,-4.9647,0,-46.163,-6.2158,0,12.054
10.62,-1.8,-3.3027,1,-0.13454,0.27404,0,0.95226,-2.7946,-0.93703,0,0.41494,0.18195,0.14511,6.2907,3.0884,0,0,0,0,1.8097,1.807,1.806,1.8092,2.1446,-5.0251,0,-46.252,-5.8756,0,12.053
10.63,-1.8276,-3.3119,1,-0.13236,0.27492,0,0.95231,-2.7316,-0.9064,0,0.41712,0.14916,0.14115,6.3098,3.0378,0,0,0,0,1.8093,1.8065,1.8056,1.8088,1.6818,-5.0822,0,-46.307,-5.5339,0,12.05
10.64,-1.8546,-3.3209,1,-0.13018,0.27564,0,0.9524,-2.6684,-0.87628,0,0.41919,0.11639,0.13723,6.3243,2.9868,0,0,0,0,1.8085,1.8058,1.8048,1.808,1.2186,-5.1358,0,-46.328,-5.1909,0,12.045
10.65,-1.881,-3.3295,1,-0.12799,0.27621,0,0.95254,-2.6051,-0.84667,0,0.42113,0.083634,0.13335,6.3342,2.9351,0,0,0,0,1.8074,1.8046,1.8037,1.8069,0.75535,-5.186,0,-46.313,-4.8467,0,12.038
10.66,-1.9067,-3.3378,1,-0.1258,0.27661,0,0.95271,-2.5417,-0.81758,0,0.42297,0.05087,0.12952,6.3394,2.883,0,0,0,0,1.8059,1.8031,1.8022,1.8054,0.29244,-5.2327,0,-46.262,-4.5015,0,12.028
10.67,-1.9318,-3.3458,1,-0.1236,0.27685,0,0.95293,-2.4783,-0.78901,0,0.42471,0.018088,0.12574,6.34,2.8305,0,0,0,0,1.8041,1.8013,1.8004,1.8036,-0.16978,-5.276,0,-46.175,-4.1552,0,12.016
10.68,-1.9563,-3.3536,1,-0.1214,0.27694,0,0.95319,-2.415,-0.76097,0,0.42635,-0.014725,0.122,6.336,2.7775,0,0,0,0,1.802,1.7991,1.7983,1.8014,-0.63094,-5.3158,0,-46.051,-3.8081,0,12.001
10.69,-1.9801,-3.361,1,-0.1192,0.27686,0,0.95349,-2.3516,-0.73346,0,0.42789,-0.047579,0.1183,6.3274,2.7242,0,0,0,0,1.7994,1.7966,1.7957,1.7989,-1.0907,-5.3522,0,-45.889,-3.4604,0,11.984
10.7,-2.0033,-3.3682,1,-0.11699,0.27663,0,0.95383,-2.2884,-0.70649,0,0.42935,-0.080485,0.11465,6.3142,2.6705,0,0,0,0,1.7966,1.7937,1.7929,1.796,-1.5486,-5.385,0,-45.69,-3.112,0,11.965
10.71,-2.0259,-3.3752,1,-0.11479,0.27623,0,0.95421,-2.2254,-0.68005,0,0.43073,-0.11345,0.11104,6.2965,2.6165,0,0,0,0,1.7934,1.7905,1.7897,1.7928,-2.0043,-5.4144,0,-45.451,-2.7632,0,11.944
10.72,-2.0478,-3.3818,1,-0.11258,0.27567,0,0.95464,-2.1625,-0.65416,0,0.43202,-0.1465,0.10748,6.2741,2.5622,0,0,0,0,1.7899,1.787,1.7862,1.7893,-2.4575,-5.4403,0,-45.173,-2.4141,0,11.921
10.73,-2.0691,-3.3883,1,-0.11037,0.27495,0,0.9551,-2.0999,-0.62881,0,0.43322,-0.17962,0.10396,6.2473,2.5077,0,0,0,0,1.786,1.7831,1.7823,1.7855,-2.9077,-5.4627,0,-44.855,-2.0648,0,11.895
10.74,-2.0898,-3.3944,1,-0.10815,0.27407,0,0.95561,-2.0376,-0.604,0,0.43435,-0.21282,0.10049,6.216,2.453,0,0,0,0,1.7818,1.7789,1.7782,1.7813,-3.3544,-5.4816,0,-44.496,-1.7154,0,11.867
10.75,-2.1099,-3.4003,1,-0.10594,0.27303,0,0.95616,-1.9756,-0.57975,0,0.43541,-0.24612,0.097059,6.1802,2.3981,0,0,0,0,1.7774,1.7744,1.7737,1.7768,-3.7974,-5.497,0,-44.096,-1.3661,0,11.837
10.76,-2.1293,-3.406,1,-0.10373,0.27182,0,0.95674,-1.914,-0.55604,0,0.43638,-0.27951,0.093676,6.1401,2.3431,0,0,0,0,1.7726,1.7696,1.7689,1.772,-4.2362,-5.5089,0,-43.655,-1.0169,0,11.805
10.77,-2.1482,-3.4115,1,-0.10151,0.27045,0,0.95737,-1.8528,-0.53289,0,0.43727,-0.31299,0.090339,6.0955,2.2879,0,0,0,0,1.7675,1.7645,1.7638,1.7669,-4.6704,-5.5173,0,-43.17,-0.66812,0,11.771
10.78,-2.1664,-3.4167,1,-0.099296,0.26891,0,0.95803,-1.7921,-0.51028,0,0.43808,-0.34657,0.087047,6.0467,2.2327,0,0,0,0,1.7621,1.7591,1.7584,1.7615,-5.0995,-5.5223,0,-42.643,-0.31975,0,11.735
10.79,-2.184,-3.4217,1,-0.09708,0.26721,0,0.95873,-1.7319,-0.48823,0,0.43881,-0.38023,0.083802,5.9936,2.1775,0,0,0,0,1.7565,1.7534,1.7528,1.7559,-5.5231,-5.5237,0,-42.073,0.028059,0,11.698
10.8,-2.201,-3.4264,1,-0.094865,0.26535,0,0.95947,-1.6722,-0.46673,0,0.43946,-0.41398,0.080604,5.9362,2.1223,0,0,0,0,1.7505,1.7475,1.7469,1.75,-5.9408,-5.5217,0,-41.458,0.37517,0,11.658
10.81,-2.2174,-3.431,1,-0.09265,0.26332,0,0.96025,-1.6132,-0.44579,0,0.44001,-0.4478,0.077452,5.8748,2.0671,0,0,0,0,1.7444,1.7413,1.7407,1.7438,-6.3521,-5.5162,0,-40.798,0.72146,0,11.617
10.82,-2.2333,-3.4354,1,-0.090436,0.26112,0,0.96106,-1.5548,-0.42539,0,0.44047,-0.48168,0.074349,5.8092,2.0119,0,0,0,0,1.738,1.7349,1.7343,1.7374,-6.7566,-5.5073,0,-40.093,1.0668,0,11.574
10.83,-2.2485,-3.4395,1,-0.088223,0.25876,0,0.96191,-1.497,-0.40555,0,0.44082,-0.51561,0.071294,5.7397,1.9569,0,0,0,0,1.7313,1.7282,1.7277,1.7308,-7.1538,-5.4949,0,-39.343,1.411,0,11.53
10.84,-2.2632,-3.4435,1,-0.086011,0.25622,0,0.96278,-1.44,-0.38625,0,0.44108,-0.54956,0.068288,5.6662,1.9021,0,0,0,0,1.7245,1.7214,1.7209,1.7239,-7.5433,-5.4791,0,-38.545,1.7541,0,11.484
10.85,-2.2773,-3.4472,1,-0.083802,0.25352,0,0.96369,-1.3837,-0.36751,0,0.44121,-0.58351,0.065332,5.5888,1.8474,0,0,0,0,1.7174,1.7143,1.7138,1.7169,-7.9246,-5.4598,0,-37.7,2.0958,0,11.438
10.86,-2.2909,-3.4508,1,-0.081594,0.25066,0,0.96463,-1.3282,-0.34931,0,0.44123,-0.61743,0.062427,5.5077,1.7929,0,0,0,0,1.7102,1.7071,1.7066,1.7097,-8.2972,-5.4372,0,-36.808,2.4361,0,11.389
10.87,-2.3039,-3.4542,1,-0.079389,0.24762,0,0.9656,-1.2736,-0.33165,0,0.44112,-0.65129,0.059574,5.4229,1.7386,0,0,0,0,1.7028,1.6997,1.6993,1.7023,-8.6606,-5.4111,0,-35.867,2.7747,0,11.34
10.88,-2.3164,-3.4575,1,-0.077187,0.24441,0,0.96659,-1.2198,-0.31453,0,0.44087,-0.68506,0.056774,5.3345,1.6847,0,0,0,0,1.6953,1.6922,1.6918,1.6947,-9.0144,-5.3817,0,-34.878,3.1117,0,11.29
10.89,-2.3283,-3.4605,1,-0.074989,0.24104,0,0.96761,-1.1669,-0.29795,0,0.44047,-0.71868,0.054028,5.2426,1.631,0,0,0,0,1.6877,1.6845,1.6841,1.6871,-9.358,-5.3489,0,-33.838,3.4468,0,11.239
10.9,-2.3397,-3.4634,1,-0.072795,0.2375,0,0.96866,-1.1149,-0.28191,0,0.43991,-0.75211,0.051338,5.1474,1.5777,0,0,0,0,1.6799,1.6768,1.6764,1.6793,-9.691,-5.3127,0,-32.749,3.7799,0,11.187
10.91,-2.3506,-3.4662,1,-0.070606,0.23379,0,0.96972,-1.0639,-0.2664,0,0.43917,-0.78529,0.048704,5.0489,1.5248,0,0,0,0,1.672,1.6689,1.6686,1.6714,-10.013,-5.2733,0,-31.609,4.111,0,11.135
10.92,-2.361,-3.4688,1,-0.068423,0.22992,0,0.9708,-1.014,-0.25141,0,0.43825,-0.81817,0.046129,4.9472,1.4722,0,0,0,0,1.6641,1.661,1.6607,1.6635,-10.323,-5.2305,0,-30.417,4.4398,0,11.082
10.93,-2.3709,-3.4712,1,-0.066246,0.22588,0,0.9719,-0.96501,-0.23695,0,0.43714,-0.85068,0.043614,4.8424,1.4202,0,0,0,0,1.6561,1.653,1.6527,1.6555,-10.621,-5.1845,0,-29.174,4.7663,0,11.029
10.94,-2.3803,-3.4735,1,-0.064076,0.22168,0,0.97301,-0.91712,-0.22301,0,0.43581,-0.88274,0.04116,4.7348,1.3686,0,0,0,0,1.6481,1.645,1.6448,1.6475,-10.906,-5.1352,0,-27.878,5.0903,0,10.975
10.95,-2.3892,-3.4757,1,-0.061914,0.21732,0,0.97413,-0.87032,-0.20958,0,0.43425,-0.91427,0.038768,4.6244,1.3175,0,0,0,0,1.64,1.637,1.6368,1.6394,-11.178,-5.0827,0,-26.529,5.4116,0,10.922
10.96,-2.3977,-3.4777,1,-0.059762,0.2128,0,0.97527,-0.82464,-0.19666,0,0.43246,-0.9452,0.036441,4.5113,1.2669,0,0,0,0,1.632,1.629,1.6288,1.6314,-11.437,-5.027,0,-25.126,5.7303,0,10.869
10.97,-2.4057,-3.4796,1,-0.05762,0.20813,0,0.9764,-0.7801,-0.18424,0,0.4304,-0.97543,0.03418,4.3957,1.2169,0,0,0,0,1.624,1.621,1.6209,1.6233,-11.681,-4.9681,0,-23.669,6.0461,0,10.815
10.98,-2.4133,-3.4814,1,-0.055489,0.2033,0,0.97754,-0.73673,-0.17232,0,0.42807,-1.0049,0.031987,4.2777,1.1676,0,0,0,0,1.616,1.6131,1.613,1.6154,-11.91,-4.9061,0,-22.157,6.3589,0,10.763
10.99,-2.4205,-3.483,1,-0.05337,0.19832,0,0.97868,-0.69456,-0.16089,0,0.42546,-1.0334,0.029863,4.1575,1.1188,0,0,0,0,1.6081,1.6053,1.6052,1.6075,-12.124,-4.8409,0,-20.59,6.6686,0,10.71
11,-2.4272,-3.4846,1,-0.051266,0.1932,0,0.97982,-0.65359,-0.14994,0,0.42254,-1.0609,0.02781,4.0353,1.0708,0,0,0,0,1.6003,1.5975,1.5975,1.5996,-12.321,-4.7727,0,-18.966,6.975,0,10.658
11.01,-2.4336,-3.486,1,-0.049177,0.18794,0,0.98095,-0.61386,-0.13947,0,0.4193,-1.0872,0.025829,3.9112,1.0234,0,0,0,0,1.5926,1.5899,1.5899,1.5919,-12.503,-4.7014,0,-17.286,7.2781,0,10.607
11.02,-2.4395,-3.4874,1,-0.047105,0.18255,0,0.98207,-0.57537,-0.12947,0,0.41572,-1.1124,0.023922,3.7853,0.97675,0,0,0,0,1.585,1.5824,1.5825,1.5843,-12.667,-4.6272,0,-15.548,7.5777,0,10.557
11.03,-2.4451,-3.4886,1,-0.045051,0.17703,0,0.98317,-0.53816,-0.11993,0,0.41179,-1.1361,0.02209,3.6579,0.93086,0,0,0,0,1.5776,1.5751,1.5752,1.5769,-12.814,-4.5499,0,-13.753,7.8738,0,10.508
11.04,-2.4503,-3.4898,1,-0.043018,0.17139,0,0.98426,-0.50222,-0.11085,0,0.40749,-1.1583,0.020335,3.5291,0.88576,0,0,0,0,1.5703,1.5679,1.5681,1.5696,-12.942,-4.4697,0,-11.9,8.1662,0,10.46
11.05,-2.4551,-3.4908,1,-0.041006,0.16564,0,0.98533,-0.46758,-0.10221,0,0.40282,-1.1789,0.018657,3.3991,0.84147,0,0,0,0,1.5632,1.5609,1.5612,1.5625,-13.051,-4.3866,0,-9.9881,8.4549,0,10.413
11.06,-2.4596,-3.4918,1,-0.039018,0.15979,0,0.98638,-0.43424,-0.094016,0,0.39774,-1.1977,0.017057,3.2681,0.79803,0,0,0,0,1.5563,1.5542,1.5545,1.5555,-13.141,-4.3006,0,-8.0168,8.7396,0,10.368
11.07,-2.4638,-3.4927,1,-0.037056,0.15384,0,0.9874,-0.40222,-0.086249,0,0.39227,-1.2145,0.015537,3.1363,0.75547,0,0,0,0,1.5497,1.5476,1.548,1.5488,-13.212,-4.2118,0,-5.9858,9.0204,0,10.324
11.08,-2.4677,-3.4936,1,-0.035122,0.14781,0,0.98839,-0.37152,-0.078903,0,0.38637,-1.2293,0.014096,3.004,0.71381,0,0,0,0,1.5432,1.5414,1.5418,1.5424,-13.261,-4.1202,0,-3.8945,9.2971,0,10.281
11.09,-2.4712,-3.4943,1,-0.033217,0.1417,0,0.98935,-0.34214,-0.07197,0,0.38005,-1.2419,0.012735,2.8712,0.67308,0,0,0,0,1.537,1.5353,1.5358,1.5361,-13.289,-4.0259,0,-1.7424,9.5696,0,10.24
11.1,-2.4745,-3.495,1,-0.031345,0.13553,0,0.99028,-0.31409,-0.065439,0,0.3733,-1.2522,0.011455,2.7383,0.6333,0,0,0,0,1.5311,1.5295,1.5301,1.5302,-13.296,-3.9288,0,0.47102,9.8378,0,10.201
11.11,-2.4775,-3.4956,1,-0.029506,0.12931,0,0.99117,-0.28737,-0.0593,0,0.3661,-1.2599,0.010254,2.6054,0.59451,0,0,0,0,1.5254,1.524,1.5246,1.5245,-13.28,-3.8291,0,2.7463,10.102,0,10.164
11.12,-2.4803,-3.4962,1,-0.027703,0.12305,0,0.99201,-0.26198,-0.053545,0,0.35846,-1.2651,0.0091329,2.4727,0.55673,0,0,0,0,1.52,1.5188,1.5195,1.519,-13.24,-3.7268,0,5.084,10.361,0,10.129
11.13,-2.4828,-3.4967,1,-0.025939,0.11676,0,0.99282,-0.23792,-0.048162,0,0.35038,-1.2675,0.0080902,2.3406,0.51998,0,0,0,0,1.5149,1.5139,1.5146,1.5139,-13.178,-3.6219,0,7.4846,10.615,0,10.095
11.14,-2.485,-3.4971,1,-0.024216,0.11047,0,0.99358,-0.21517,-0.043142,0,0.34185,-1.2671,0.0071249,2.2093,0.48429,0,0,0,0,1.51,1.5093,1.5101,1.509,-13.091,-3.5145,0,9.9486,10.865,0,10.064
11.15,-2.4871,-3.4976,1,-0.022536,0.10418,0,0.9943,-0.19373,-0.038473,0,0.33287,-1.2637,0.0062357,2.0789,0.4497,0,0,0,0,1.5055,1.505,1.5058,1.5044,-12.978,-3.4046,0,12.477,11.11,0,10.035
11.16,-2.4889,-3.4979,1,-0.020901,0.097911,0,0.99498,-0.17359,-0.034144,0,0.32346,-1.2572,0.0054209,1.9498,0.41621,0,0,0,0,1.5013,1.501,1.5019,1.5002,-12.841,-3.2923,0,15.069,11.351,0,10.007
11.17,-2.4906,-3.4982,1,-0.019313,0.091677,0,0.9956,-0.15473,-0.030145,0,0.31361,-1.2475,0.0046784,1.8222,0.38386,0,0,0,0,1.4973,1.4973,1.4982,1.4962,-12.677,-3.1777,0,17.726,11.586,0,9.9818
11.18,-2.492,-3.4985,1,-0.017775,0.085497,0,0.99618,-0.13714,-0.026463,0,0.30334,-1.2345,0.0040059,1.6963,0.35266,0,0,0,0,1.4937,1.4939,1.4949,1.4925,-12.486,-3.0606,0,20.449,11.816,0,9.9585
11.19,-2.4933,-3.4988,1,-0.016288,0.079386,0,0.99671,-0.1208,-0.023088,0,0.29265,-1.2182,0.0034007,1.5725,0.32265,0,0,0,0,1.4903,1.4909,1.4919,1.4892,-12.268,-2.9414,0,23.238,12.04,0,9.9371
11.2,-2.4944,-3.499,1,-0.014856,0.073361,0,0.99719,-0.10568,-0.020006,0,0.28156,-1.1984,0.0028601,1.4511,0.29384,0,0,0,0,1.4873,1.4881,1.4892,1.4861,-12.021,-2.8199,0,26.094,12.259,0,9.9177
11.21,-2.4954,-3.4992,1,-0.013479,0.067441,0,0.99763,-0.091766,-0.017207,0,0.27008,-1.1751,0.0023808,1.3322,0.26626,0,0,0,0,1.4845,1.4856,1.4867,1.4833,-11.746,-2.6962,0,29.016,12.473,0,9.9003
11.22,-2.4963,-3.4993,1,-0.01216,0.061644,0,0.99802,-0.079026,-0.014677,0,0.25823,-1.1482,0.0019594,1.2163,0.23993,0,0,0,0,1.482,1.4834,1.4846,1.4808,-11.441,-2.5704,0,32.007,12.682,0,9.8846
11.23,-2.497,-3.4995,1,-0.010901,0.055988,0,0.99837,-0.06743,-0.012404,0,0.24602,-1.1177,0.0015925,1.1035,0.21486,0,0,0,0,1.4798,1.4815,1.4827,1.4785,-11.105,-2.4426,0,35.065,12.884,0,9.8708
11.24,-2.4976,-3.4996,1,-0.0097039,0.050492,0,0.99868,-0.056944,-0.010375,0,0.23348,-1.0835,0.0012762,0.99426,0.19108,0,0,0,0,1.4778,1.4798,1.4811,1.4765,-10.739,-2.3127,0,38.192,13.081,0,9.8587
11.25,-2.4981,-3.4997,1,-0.0085696,0.045174,0,0.99894,-0.047532,-0.0085779,0,0.22061,-1.0456,0.0010067,0.88883,0.16861,0,0,0,0,1.4761,1.4784,1.4797,1.4748,-10.341,-2.181,0,41.388,13.272,0,9.8482
11.26,-2.4986,-3.4998,1,-0.0075002,0.040054,0,0.99917,-0.039154,-0.0069986,0,0.20745,-1.0039,0.00078007,0.78754,0.14747,0,0,0,0,1.4746,1.4772,1.4785,1.4733,-9.911,-2.0473,0,44.654,13.457,0,9.8393
11.27,-2.4989,-3.4998,1,-0.006497,0.03515,0,0.99936,-0.031766,-0.005624,0,0.194,-0.95849,0.0005922,0.69072,0.12767,0,0,0,0,1.4733,1.4762,1.4776,1.4719,-9.4478,-1.9119,0,47.99,13.635,0,9.8317
11.28,-2.4992,-3.4999,1,-0.0055616,0.030481,0,0.99952,-0.025323,-0.0044406,0,0.1803,-0.90924,0.00043905,0.5987,0.10924,0,0,0,0,1.4722,1.4754,1.4768,1.4708,-8.951,-1.7746,0,51.397,13.808,0,9.8255
11.29,-2.4994,-3.4999,1,-0.0046952,0.026068,0,0.99965,-0.019775,-0.0034346,0,0.16635,-0.85616,0.00031663,0.51182,0.092185,0,0,0,0,1.4713,1.4748,1.4762,1.4699,-8.4197,-1.6357,0,54.875,13.974,0,9.8204
11.3,-2.4996,-3.4999,1,-0.003899,0.021929,0,0.99975,-0.015069,-0.0025922,0,0.15217,-0.79922,0.00022096,0.43042,0.076529,0,0,0,0,1.4705,1.4744,1.4758,1.4691,-7.8532,-1.4952,0,58.425,14.134,0,9.8163
11.31,-2.4997,-3.5,1,-0.0031741,0.018084,0,0.99983,-0.011147,-0.0018993,0,0.1378,-0.73839,0.0001482,0.35487,0.062286,0,0,0,0,1.4699,1.4741,1.4755,1.4684,-7.2509,-1.3531,0,62.047,14.287,0,9.8132
11.32,-2.4998,-3.5,1,-0.0025216,0.014553,0,0.99989,-0.0079505,-0.0013417,0,0.12323,-0.67365,9.4667e-05,0.28552,0.049472,0,0,0,0,1.4694,1.4739,1.4754,1.4679,-6.612,-1.2095,0,65.742,14.434,0,9.8109
11.33,-2.4999,-3.5,1,-0.0019423,0.011355,0,0.99993,-0.0054148,-0.00090507,0,0.10849,-0.60497,5.6854e-05,0.22275,0.038102,0,0,0,0,1.4689,1.4738,1.4753,1.4675,-5.9358,-1.0644,0,69.511,14.574,0,9.8092
11.34,-2.4999,-3.5,1,-0.0014371,0.0085104,0,0.99996,-0.0034723,-0.00057484,0,0.093585,-0.5323,3.1508e-05,0.16693,0.028188,0,0,0,0,1.4686,1.4738,1.4753,1.4671,-5.2216,-0.91802,0,73.353,14.707,0,9.8081
11.35,-2.5,-3.5,1,-0.0010067,0.006039,0,0.99998,-0.0020516,-0.0003364,0,0.078539,-0.4556,1.5655e-05,0.11845,0.019746,0,0,0,0,1.4683,1.4739,1.4754,1.4668,-4.4685,-0.77032,0,77.27,14.833,0,9.8073
11.36,-2.5,-3.5,1,-0.0006519,0.0039613,0,0.99999,-0.0010775,-0.00017499,0,0.06336,-0.37482,6.647e-06,0.077696,0.012786,0,0,0,0,1.4681,1.474,1.4755,1.4665,-3.6759,-0.62139,0,81.261,14.952,0,9.8069
11.37,-2.5,-3.5,1,-0.0003733,0.0022978,0,1,-0.00047064,-7.57e-05,0,0.048059,-0.28991,2.2072e-06,0.045067,0.0073217,0,0,0,0,1.4679,1.4742,1.4757,1.4663,-2.8431,-0.47131,0,85.328,15.063,0,9.8067
11.38,-2.5,-3.5,1,-0.00017149,0.0010693,0,1,-0.00014773,-2.3533e-05,0,0.032646,-0.20079,4.7176e-07,0.020972,0.0033635,0,0,0,0,1.4677,1.4743,1.4759,1.4661,-1.9691,-0.32014,0,89.471,15.168,0,9.8066
11.39,-2.5,-3.5,1,-4.7016e-05,0.00029694,0,1,-2.1379e-05,-3.3731e-06,0,0.017128,-0.10741,3.5915e-08,0.005824,0.00092214,0,0,0,0,1.4675,1.4745,1.4761,1.4659,-1.0534,-0.16797,0,93.691,15.265,0,9.8066
11.4,-2.5,-3.5,1,-3.6688e-07,2.3471e-06,0,1,-1.4858e-08,-2.3217e-09,0,0.001516,-0.0096924,2.2152e-12,4.6034e-05,7.1956e-06,0,0,0,0,1.4673,1.4747,1.4763,1.4657,-0.095049,-0.014867,0,97.987,15.355,0,9.8066
11.401,-2.5,-3.5,1,-5.6606e-18,9.0569e-17,0,1,2.7062e-16,-3.0358e-17,0,-5.2643e-15,3.333e-14,-2.8812e-31,1.7764e-15,1.1102e-16,0,0,0,0,1.4673,1.4747,1.4763,1.4657,3.2685e-13,5.1625e-14,0,98.407,15.363,0,9.8066
