t,p_x,p_y,p_z,q_x,q_y,q_z,q_w,v_x,v_y,v_z,w_x,w_y,w_z,a_lin_x,a_lin_y,a_lin_z,a_rot_x,a_rot_y,a_rot_z,u_1,u_2,u_3,u_4,jerk_x,jerk_y,jerk_z,snap_x,snap_y,snap_z,thrust
0,-2.5,-3.5,1,0,0,0,1,0,0,0,0,0,0,0,0,0,0,0,0,1.4675,1.4745,1.4765,1.4655,0,0,0,98.052,19.091,0,9.8066
0.01,-2.5,-3.5,1,-4.7831e-05,0.00024624,0,1,1.6159e-05,3.1407e-06,0,-0.018966,0.097754,5.5675e-09,0.0048296,0.00093812,0,0,0,0,1.4676,1.4744,1.4762,1.4658,0.95864,0.18599,0,93.688,18.111,0,9.8066
0.02,-2.5,-3.5,1,-0.00018801,0.00097019,0,1,0.00012782,2.48e-05,0,-0.036944,0.1911,8.5962e-08,0.019029,0.0036875,0,0,0,0,1.4678,1.4742,1.476,1.466,1.874,0.36229,0,89.404,17.155,0,9.8066
0.03,-2.5,-3.5,1,-0.00041566,0.00215,0,1,0.00042653,8.2609e-05,0,-0.053959,0.28011,4.1973e-07,0.042169,0.0081525,0,0,0,0,1.4679,1.4741,1.4757,1.4663,2.747,0.52916,0,85.197,16.223,0,9.8067
0.04,-2.5,-3.5,1,-0.00072603,0.0037642,0,0.99999,0.0009996,0.00019326,0,-0.070034,0.36486,1.2788e-06,0.073829,0.01424,0,0,0,0,1.4681,1.474,1.4755,1.4665,3.5782,0.68684,0,81.069,15.316,0,9.8069
0.05,-2.5,-3.5,1,-0.0011145,0.0057916,0,0.99998,0.0019301,0.00037252,0,-0.085191,0.44541,3.0078e-06,0.1136,0.021859,0,0,0,0,1.4683,1.4739,1.4754,1.4668,4.3686,0.83555,0,77.018,14.432,0,9.8073
0.06,-2.4999,-3.5,1,-0.0015764,0.0082113,0,0.99997,0.0032972,0.00063526,0,-0.099452,0.52183,6.005e-06,0.16107,0.030922,0,0,0,0,1.4685,1.4738,1.4752,1.4672,5.1188,0.97556,0,73.043,13.572,0,9.808
0.07,-2.4999,-3.5,1,-0.0021075,0.011003,0,0.99994,0.0051758,0.00099548,0,-0.11283,0.59417,1.0704e-05,0.21584,0.041342,0,0,0,0,1.4688,1.4739,1.4752,1.4676,5.8297,1.1071,0,69.145,12.736,0,9.8091
0.08,-2.4998,-3.5,1,-0.0027033,0.014146,0,0.9999,0.0076371,0.0014663,0,-0.12536,0.66247,1.7558e-05,0.27753,0.053036,0,0,0,0,1.4692,1.474,1.4752,1.468,6.502,1.2303,0,65.323,11.922,0,9.8107
0.09,-2.4998,-3.5,1,-0.0033595,0.01762,0,0.99984,0.010748,0.0020602,0,-0.13704,0.72678,2.7022e-05,0.34576,0.065922,0,0,0,0,1.4697,1.4742,1.4753,1.4686,7.1364,1.3456,0,61.576,11.132,0,9.8129
0.1,-2.4996,-3.4999,1,-0.004072,0.021406,0,0.99976,0.014573,0.0027885,0,-0.14789,0.78713,3.954e-05,0.42014,0.079922,0,0,0,0,1.4703,1.4745,1.4755,1.4692,7.7338,1.4531,0,57.904,10.364,0,9.8159
0.11,-2.4995,-3.4999,1,-0.0048367,0.025483,0,0.99966,0.01917,0.0036621,0,-0.15793,0.84356,5.5531e-05,0.50031,0.094958,0,0,0,0,1.471,1.4749,1.4759,1.47,8.2948,1.5529,0,54.305,9.6177,0,9.8198
0.12,-2.4992,-3.4999,1,-0.0056494,0.029832,0,0.99954,0.024597,0.0046909,0,-0.16717,0.89609,7.5374e-05,0.58591,0.11096,0,0,0,0,1.4719,1.4755,1.4764,1.471,8.8201,1.6455,0,50.78,8.8939,0,9.8247
0.13,-2.499,-3.4998,1,-0.0065063,0.034433,0,0.99939,0.030906,0.0058842,0,-0.17563,0.94477,9.9401e-05,0.6766,0.12784,0,0,0,0,1.4729,1.4763,1.4771,1.4721,9.3106,1.7309,0,47.328,8.1919,0,9.8307
0.14,-2.4986,-3.4997,1,-0.0074033,0.039268,0,0.9992,0.038145,0.0072505,0,-0.18332,0.98961,0.00012788,0.77201,0.14555,0,0,0,0,1.4741,1.4773,1.478,1.4734,9.7669,1.8094,0,43.949,7.5113,0,9.838
0.15,-2.4982,-3.4997,1,-0.0083367,0.044315,0,0.99898,0.04636,0.0087977,0,-0.19026,1.0306,0.00016102,0.87182,0.16401,0,0,0,0,1.4755,1.4784,1.4791,1.4749,10.19,1.8812,0,40.641,6.8519,0,9.8466
0.16,-2.4977,-3.4996,1,-0.0093026,0.049557,0,0.99873,0.055595,0.010533,0,-0.19646,1.0679,0.00019895,0.9757,0.18315,0,0,0,0,1.4772,1.4798,1.4804,1.4766,10.58,1.9465,0,37.404,6.2135,0,9.8567
0.17,-2.4971,-3.4994,1,-0.010297,0.054975,0,0.99843,0.065887,0.012463,0,-0.20193,1.1015,0.0002417,1.0833,0.20292,0,0,0,0,1.4791,1.4814,1.4819,1.4786,10.938,2.0055,0,34.238,5.5957,0,9.8683
0.18,-2.4964,-3.4993,1,-0.011317,0.060549,0,0.9981,0.077273,0.014593,0,-0.2067,1.1314,0.00028924,1.1944,0.22324,0,0,0,0,1.4812,1.4833,1.4837,1.4808,11.265,2.0585,0,31.142,4.9983,0,9.8816
0.19,-2.4955,-3.4992,1,-0.012359,0.066261,0,0.99773,0.089785,0.016929,0,-0.21078,1.1576,0.00034142,1.3085,0.24407,0,0,0,0,1.4835,1.4854,1.4858,1.4832,11.561,2.1056,0,28.116,4.421,0,9.8965
0.2,-2.4946,-3.499,1,-0.013419,0.072092,0,0.99731,0.10345,0.019476,0,-0.21419,1.1803,0.00039801,1.4255,0.26534,0,0,0,0,1.4862,1.4878,1.4881,1.4859,11.828,2.147,0,25.159,3.8635,0,9.9132
0.21,-2.4935,-3.4988,1,-0.014494,0.078026,0,0.99685,0.1183,0.022237,0,-0.21695,1.1995,0.00045869,1.545,0.28699,0,0,0,0,1.4891,1.4904,1.4907,1.4889,12.065,2.1829,0,22.27,3.3257,0,9.9317
0.22,-2.4922,-3.4985,1,-0.01558,0.084043,0,0.99634,0.13436,0.025217,0,-0.21908,1.2152,0.00052302,1.6667,0.30898,0,0,0,0,1.4922,1.4933,1.4935,1.4921,12.273,2.2135,0,19.45,2.8072,0,9.952
0.23,-2.4908,-3.4983,1,-0.016675,0.090128,0,0.99579,0.15164,0.028418,0,-0.22061,1.2276,0.0005905,1.7903,0.33124,0,0,0,0,1.4957,1.4965,1.4967,1.4956,12.454,2.2391,0,16.696,2.3077,0,9.9742
0.24,-2.4892,-3.498,1,-0.017776,0.096263,0,0.9952,0.17017,0.031843,0,-0.22156,1.2368,0.0006605,1.9157,0.35374,0,0,0,0,1.4994,1.5,1.5001,1.4994,12.607,2.2598,0,14.009,1.8269,0,9.9982
0.25,-2.4874,-3.4976,1,-0.018879,0.10243,0,0.99456,0.18996,0.035493,0,-0.22195,1.2428,0.00073234,2.0424,0.37642,0,0,0,0,1.5034,1.5038,1.5038,1.5034,12.734,2.2757,0,11.389,1.3647,0,10.024
0.26,-2.4854,-3.4972,1,-0.019981,0.10862,0,0.99388,0.21102,0.039372,0,-0.22181,1.2458,0.00080524,2.1703,0.39924,0,0,0,0,1.5077,1.5078,1.5078,1.5077,12.835,2.2871,0,8.8342,0.9207,0,10.052
0.27,-2.4831,-3.4968,1,-0.021081,0.11481,0,0.99316,0.23337,0.043478,0,-0.22117,1.2458,0.00087832,2.299,0.42215,0,0,0,0,1.5122,1.5122,1.5121,1.5123,12.911,2.2942,0,6.3446,0.49466,0,10.081
0.28,-2.4807,-3.4964,1,-0.022176,0.12099,0,0.99241,0.25701,0.047815,0,-0.22005,1.2431,0.00095066,2.4284,0.44511,0,0,0,0,1.517,1.5168,1.5167,1.5172,12.962,2.2971,0,3.9195,0.086323,0,10.113
0.29,-2.478,-3.4959,1,-0.023263,0.12714,0,0.99161,0.28194,0.052381,0,-0.21848,1.2376,0.0010213,2.5582,0.46808,0,0,0,0,1.522,1.5216,1.5215,1.5223,12.99,2.296,0,1.5584,-0.3046,0,10.146
0.3,-2.475,-3.4953,1,-0.024341,0.13326,0,0.99078,0.30817,0.057176,0,-0.2165,1.2296,0.0010891,2.6881,0.49102,0,0,0,0,1.5273,1.5267,1.5265,1.5276,12.994,2.291,0,-0.73923,-0.67836,0,10.18
0.31,-2.4718,-3.4947,1,-0.025406,0.13932,0,0.98992,0.3357,0.062201,0,-0.21413,1.2192,0.001153,2.818,0.51389,0,0,0,0,1.5328,1.532,1.5318,1.5331,12.975,2.2825,0,-2.974,-1.0352,0,10.216
0.32,-2.4683,-3.4941,1,-0.026458,0.14532,0,0.98903,0.36453,0.067454,0,-0.2114,1.2064,0.0012119,2.9476,0.53665,0,0,0,0,1.5386,1.5376,1.5374,1.5389,12.935,2.2704,0,-5.1464,-1.3755,0,10.254
0.33,-2.4645,-3.4934,1,-0.027495,0.15125,0,0.98811,0.39465,0.072933,0,-0.20835,1.1916,0.0012646,3.0766,0.55928,0,0,0,0,1.5445,1.5434,1.5431,1.5449,12.872,2.255,0,-7.2571,-1.6994,0,10.293
0.34,-2.4604,-3.4926,1,-0.028514,0.15709,0,0.98717,0.42606,0.078639,0,-0.20499,1.1747,0.0013098,3.2049,0.58174,0,0,0,0,1.5506,1.5494,1.549,1.551,12.79,2.2364,0,-9.3065,-2.0073,0,10.333
0.35,-2.456,-3.4918,1,-0.029516,0.16284,0,0.98621,0.45875,0.084568,0,-0.20136,1.1559,0.0013464,3.3323,0.604,0,0,0,0,1.5569,1.5555,1.5552,1.5573,12.687,2.2149,0,-11.295,-2.2993,0,10.375
0.36,-2.4512,-3.4909,1,-0.030498,0.16849,0,0.98523,0.4927,0.090718,0,-0.19749,1.1354,0.0013731,3.4586,0.62603,0,0,0,0,1.5634,1.5618,1.5615,1.5638,12.564,2.1905,0,-13.224,-2.5758,0,10.417
0.37,-2.4461,-3.49,1,-0.031459,0.17403,0,0.98424,0.52791,0.097087,0,-0.1934,1.1133,0.0013886,3.5835,0.6478,0,0,0,0,1.5699,1.5683,1.5679,1.5704,12.422,2.1634,0,-15.093,-2.8371,0,10.461
0.38,-2.4407,-3.489,1,-0.032399,0.17944,0,0.98323,0.56437,0.10367,0,-0.18912,1.0897,0.0013917,3.707,0.66929,0,0,0,0,1.5766,1.5749,1.5745,1.5771,12.262,2.1338,0,-16.903,-3.0833,0,10.505
0.39,-2.4349,-3.4879,1,-0.033316,0.18474,0,0.98222,0.60205,0.11047,0,-0.18468,1.0648,0.0013812,3.8287,0.69047,0,0,0,0,1.5834,1.5816,1.5812,1.5839,12.084,2.1018,0,-18.655,-3.3149,0,10.55
0.4,-2.4286,-3.4868,1,-0.03421,0.1899,0,0.98121,0.64094,0.11748,0,-0.1801,1.0386,0.0013557,3.9486,0.71132,0,0,0,0,1.5903,1.5884,1.5879,1.5908,11.889,2.0676,0,-20.349,-3.5319,0,10.596
0.41,-2.422,-3.4856,1,-0.03508,0.19493,0,0.98019,0.68101,0.1247,0,-0.1754,1.0114,0.0013141,4.0665,0.73182,0,0,0,0,1.5972,1.5952,1.5947,1.5977,11.678,2.0312,0,-21.986,-3.7348,0,10.641
0.42,-2.415,-3.4843,1,-0.035926,0.19981,0,0.97918,0.72226,0.13212,0,-0.17061,0.98309,0.0012551,4.1821,0.75194,0,0,0,0,1.6042,1.6021,1.6016,1.6047,11.45,1.9929,0,-23.565,-3.9238,0,10.688
0.43,-2.4076,-3.4829,1,-0.036748,0.20455,0,0.97817,0.76465,0.13973,0,-0.16574,0.95393,0.0011776,4.2954,0.77167,0,0,0,0,1.6112,1.609,1.6085,1.6117,11.206,1.9528,0,-25.089,-4.0991,0,10.734
0.44,-2.3997,-3.4815,1,-0.037545,0.20914,0,0.97716,0.80816,0.14755,0,-0.16082,0.92397,0.0010803,4.4062,0.79099,0,0,0,0,1.6181,1.6159,1.6154,1.6186,10.948,1.911,0,-26.557,-4.261,0,10.78
0.45,-2.3914,-3.48,1,-0.038317,0.21358,0,0.97617,0.85276,0.15555,0,-0.15586,0.8933,0.00096199,4.5143,0.80988,0,0,0,0,1.6251,1.6228,1.6223,1.6256,10.676,1.8676,0,-27.97,-4.4098,0,10.826
0.46,-2.3827,-3.4784,1,-0.039064,0.21786,0,0.9752,0.89843,0.16374,0,-0.15089,0.86202,0.00082163,4.6197,0.82834,0,0,0,0,1.632,1.6296,1.6291,1.6324,10.389,1.8228,0,-29.329,-4.5457,0,10.872
0.47,-2.3734,-3.4767,1,-0.039787,0.22199,0,0.97424,0.94515,0.17212,0,-0.14591,0.8302,0.00065805,4.7221,0.84634,0,0,0,0,1.6388,1.6364,1.6359,1.6392,10.089,1.7767,0,-30.633,-4.6691,0,10.917
0.48,-2.3638,-3.4749,1,-0.040485,0.22595,0,0.9733,0.99286,0.18067,0,-0.14094,0.79791,0.00047013,4.8214,0.86387,0,0,0,0,1.6455,1.6431,1.6425,1.646,9.7765,1.7295,0,-31.884,-4.7801,0,10.962
0.49,-2.3536,-3.4731,1,-0.041158,0.22975,0,0.97238,1.0416,0.18939,0,-0.136,0.76523,0.00025678,4.9175,0.88092,0,0,0,0,1.6521,1.6497,1.6491,1.6526,9.4516,1.6812,0,-33.083,-4.879,0,11.006
0.5,-2.3429,-3.4711,1,-0.041806,0.23339,0,0.97148,1.0912,0.19829,0,-0.13109,0.73221,1.6917e-05,5.0104,0.89749,0,0,0,0,1.6586,1.6561,1.6556,1.6591,9.115,1.632,0,-34.229,-4.966,0,11.049
0.51,-2.3318,-3.4691,1,-0.042431,0.23687,0,0.97062,1.1418,0.20734,0,-0.12623,0.69891,-0.00025052,5.0998,0.91356,0,0,0,0,1.6649,1.6624,1.6619,1.6654,8.7672,1.5819,0,-35.324,-5.0415,0,11.091
0.52,-2.3201,-3.467,1,-0.043032,0.24018,0,0.96978,1.1932,0.21656,0,-0.12142,0.66537,-0.00054656,5.1857,0.92913,0,0,0,0,1.6711,1.6686,1.668,1.6715,8.4087,1.5312,0,-36.367,-5.1057,0,11.132
0.53,-2.3079,-3.4648,1,-0.04361,0.24332,0,0.96897,1.2455,0.22592,0,-0.11668,0.63164,-0.00087224,5.2679,0.94418,0,0,0,0,1.6771,1.6745,1.674,1.6775,8.04,1.4798,0,-37.36,-5.1589,0,11.172
0.54,-2.2952,-3.4625,1,-0.044165,0.24629,0,0.96819,1.2985,0.23544,0,-0.11202,0.59775,-0.0012286,5.3465,0.95872,0,0,0,0,1.6829,1.6803,1.6798,1.6833,7.6617,1.428,0,-38.303,-5.2012,0,11.21
0.55,-2.2819,-3.4601,1,-0.044698,0.2491,0,0.96744,1.3524,0.2451,0,-0.10743,0.56375,-0.0016165,5.4211,0.97274,0,0,0,0,1.6885,1.6858,1.6853,1.6888,7.2741,1.3758,0,-39.197,-5.2331,0,11.247
0.56,-2.2681,-3.4576,1,-0.045209,0.25175,0,0.96674,1.4069,0.25489,0,-0.10294,0.52965,-0.0020371,5.4919,0.98624,0,0,0,0,1.6938,1.6912,1.6906,1.6942,6.8779,1.3234,0,-40.042,-5.2546,0,11.283
0.57,-2.2538,-3.455,1,-0.045698,0.25422,0,0.96607,1.4622,0.26482,0,-0.098533,0.49548,-0.0024913,5.5587,0.99921,0,0,0,0,1.6989,1.6962,1.6957,1.6992,6.4734,1.2708,0,-40.838,-5.2662,0,11.317
0.58,-2.2389,-3.4523,1,-0.046167,0.25653,0,0.96543,1.5181,0.27487,0,-0.094225,0.46126,-0.0029801,5.6214,1.0117,0,0,0,0,1.7037,1.701,1.7005,1.704,6.0613,1.2181,0,-41.587,-5.268,0,11.349
0.59,-2.2234,-3.4495,1,-0.046616,0.25868,0,0.96484,1.5746,0.28505,0,-0.09002,0.427,-0.0035044,5.6799,1.0236,0,0,0,0,1.7082,1.7055,1.705,1.7085,5.6419,1.1655,0,-42.289,-5.2604,0,11.379
0.6,-2.2074,-3.4466,1,-0.047045,0.26065,0,0.96429,1.6317,0.29534,0,-0.085919,0.39271,-0.0040651,5.7342,1.035,0,0,0,0,1.7125,1.7098,1.7093,1.7128,5.2157,1.1129,0,-42.944,-5.2435,0,11.407
0.61,-2.1908,-3.4436,1,-0.047455,0.26246,0,0.96377,1.6893,0.30575,0,-0.081926,0.3584,-0.0046632,5.7842,1.0458,0,0,0,0,1.7164,1.7137,1.7132,1.7167,4.7831,1.0606,0,-43.554,-5.2176,0,11.433
0.62,-2.1736,-3.4405,1,-0.047847,0.2641,0,0.96331,1.7474,0.31626,0,-0.078044,0.32408,-0.0052997,5.8298,1.0562,0,0,0,0,1.72,1.7173,1.7168,1.7203,4.3447,1.0086,0,-44.117,-5.183,0,11.457
0.63,-2.1558,-3.4372,1,-0.048221,0.26558,0,0.96288,1.8059,0.32687,0,-0.074274,0.28975,-0.0059754,5.871,1.066,0,0,0,0,1.7233,1.7206,1.7201,1.7236,3.9009,0.95698,0,-44.637,-5.14,0,11.479
0.64,-2.1375,-3.4339,1,-0.048578,0.26689,0,0.9625,1.8648,0.33758,0,-0.070618,0.2554,-0.0066912,5.9078,1.0753,0,0,0,0,1.7263,1.7236,1.7231,1.7265,3.4522,0.90583,0,-45.111,-5.0888,0,11.499
0.65,-2.1185,-3.4305,1,-0.048919,0.26804,0,0.96217,1.924,0.34837,0,-0.067077,0.22103,-0.0074481,5.9401,1.0841,0,0,0,0,1.7289,1.7262,1.7257,1.7291,2.9988,0.85523,0,-45.542,-5.0297,0,11.516
0.66,-2.099,-3.427,1,-0.049244,0.26901,0,0.96188,1.9836,0.35926,0,-0.063653,0.18664,-0.008247,5.9678,1.0924,0,0,0,0,1.7312,1.7284,1.7279,1.7314,2.5414,0.80526,0,-45.93,-4.9629,0,11.532
0.67,-2.0789,-3.4233,1,-0.049554,0.26983,0,0.96163,2.0433,0.37022,0,-0.060346,0.15222,-0.0090887,5.9909,1.1002,0,0,0,0,1.7331,1.7303,1.7299,1.7333,2.0804,0.75599,0,-46.276,-4.8888,0,11.544
0.68,-2.0581,-3.4196,1,-0.049849,0.27047,0,0.96144,2.1034,0.38126,0,-0.057156,0.11775,-0.0099741,6.0094,1.1075,0,0,0,0,1.7347,1.7319,1.7314,1.7348,1.6161,0.70751,0,-46.579,-4.8074,0,11.555
0.69,-2.0368,-3.4157,1,-0.05013,0.27095,0,0.96129,2.1635,0.39237,0,-0.054084,0.083227,-0.010904,6.0232,1.1144,0,0,0,0,1.7359,1.7331,1.7326,1.736,1.1489,0.65987,0,-46.841,-4.7192,0,11.562
0.7,-2.0149,-3.4117,1,-0.050399,0.27127,0,0.96118,2.2238,0.40355,0,-0.051129,0.048638,-0.01188,6.0323,1.1207,0,0,0,0,1.7367,1.7339,1.7334,1.7368,0.67938,0.61314,0,-47.062,-4.6244,0,11.568
0.71,-1.9923,-3.4076,1,-0.050654,0.27142,0,0.96113,2.2842,0.41478,0,-0.048292,0.013966,-0.012901,6.0368,1.1266,0,0,0,0,1.7371,1.7343,1.7338,1.7372,0.20782,0.5674,0,-47.243,-4.5232,0,11.571
0.72,-1.9692,-3.4034,1,-0.050898,0.2714,0,0.96112,2.3445,0.42608,0,-0.045573,-0.020802,-0.01397,6.0365,1.1321,0,0,0,0,1.7372,1.7343,1.7339,1.7373,-0.26535,0.5227,0,-47.384,-4.4159,0,11.571
0.73,-1.9454,-3.3991,1,-0.05113,0.27121,0,0.96116,2.4049,0.43742,0,-0.04297,-0.055683,-0.015087,6.0315,1.1371,0,0,0,0,1.7369,1.734,1.7335,1.7369,-0.73973,0.4791,0,-47.486,-4.3027,0,11.569
0.74,-1.9211,-3.3947,1,-0.051352,0.27085,0,0.96125,2.4651,0.44882,0,-0.040483,-0.090695,-0.016252,6.0217,1.1417,0,0,0,0,1.7362,1.7333,1.7328,1.7362,-1.2149,0.43667,0,-47.55,-4.184,0,11.564
0.75,-1.8961,-3.3901,1,-0.051564,0.27033,0,0.96139,2.5253,0.46026,0,-0.038112,-0.12586,-0.017467,6.0072,1.1458,0,0,0,0,1.7352,1.7322,1.7318,1.7352,-1.6906,0.39544,0,-47.575,-4.0599,0,11.557
0.76,-1.8706,-3.3855,1,-0.051766,0.26963,0,0.96157,2.5853,0.47173,0,-0.035856,-0.16118,-0.018732,5.9879,1.1496,0,0,0,0,1.7337,1.7308,1.7303,1.7337,-2.1663,0.35549,0,-47.563,-3.9308,0,11.548
0.77,-1.8444,-3.3807,1,-0.051959,0.26877,0,0.9618,2.645,0.48325,0,-0.033715,-0.19669,-0.020047,5.9638,1.153,0,0,0,0,1.7319,1.7289,1.7285,1.7319,-2.6417,0.31684,0,-47.514,-3.7968,0,11.535
0.78,-1.8177,-3.3758,1,-0.052144,0.26773,0,0.96208,2.7045,0.49479,0,-0.031687,-0.2324,-0.021414,5.9351,1.1559,0,0,0,0,1.7298,1.7268,1.7263,1.7297,-3.1165,0.27956,0,-47.429,-3.6584,0,11.521
0.79,-1.7903,-3.3708,1,-0.052322,0.26652,0,0.96241,2.7637,0.50636,0,-0.029771,-0.26834,-0.022833,5.9015,1.1586,0,0,0,0,1.7272,1.7242,1.7237,1.7272,-3.5902,0.24369,0,-47.307,-3.5156,0,11.504
0.8,-1.7624,-3.3657,1,-0.052492,0.26514,0,0.96278,2.8225,0.51796,0,-0.027967,-0.30451,-0.024304,5.8633,1.1608,0,0,0,0,1.7244,1.7213,1.7208,1.7243,-4.0625,0.20926,0,-47.151,-3.3688,0,11.485
0.81,-1.7339,-3.3604,1,-0.052656,0.26358,0,0.9632,2.881,0.52958,0,-0.026274,-0.34094,-0.025828,5.8203,1.1627,0,0,0,0,1.7211,1.718,1.7175,1.721,-4.5331,0.17633,0,-46.96,-3.2183,0,11.463
0.82,-1.7048,-3.3551,1,-0.052813,0.26184,0,0.96367,2.9389,0.54122,0,-0.02469,-0.37764,-0.027405,5.7726,1.1643,0,0,0,0,1.7176,1.7144,1.7139,1.7174,-5.0016,0.14491,0,-46.735,-3.0643,0,11.439
0.83,-1.6751,-3.3496,1,-0.052965,0.25992,0,0.96418,2.9964,0.55287,0,-0.023215,-0.41463,-0.029036,5.7203,1.1656,0,0,0,0,1.7137,1.7105,1.71,1.7135,-5.4677,0.11505,0,-46.477,-2.907,0,11.413
0.84,-1.6449,-3.344,1,-0.053113,0.25782,0,0.96473,3.0533,0.56453,0,-0.021848,-0.45193,-0.03072,5.6633,1.1667,0,0,0,0,1.7094,1.7062,1.7057,1.7092,-5.931,0.086781,0,-46.186,-2.7467,0,11.384
0.85,-1.614,-3.3383,1,-0.053256,0.25554,0,0.96533,3.1096,0.5762,0,-0.020587,-0.48954,-0.032457,5.6016,1.1674,0,0,0,0,1.7049,1.7016,1.7011,1.7047,-6.3913,0.060127,0,-45.862,-2.5837,0,11.354
0.86,-1.5827,-3.3325,1,-0.053395,0.25308,0,0.96597,3.1653,0.58787,0,-0.019432,-0.52748,-0.034248,5.5354,1.1679,0,0,0,0,1.7,1.6967,1.6963,1.6998,-6.8482,0.035115,0,-45.507,-2.4183,0,11.321
0.87,-1.5507,-3.3266,1,-0.05353,0.25043,0,0.96665,3.2203,0.59955,0,-0.01838,-0.56577,-0.036092,5.4647,1.1681,0,0,0,0,1.6949,1.6916,1.6911,1.6947,-7.3013,0.011769,0,-45.12,-2.2506,0,11.287
0.88,-1.5183,-3.3205,1,-0.053663,0.24759,0,0.96738,3.2746,0.61124,0,-0.017431,-0.6044,-0.037989,5.3894,1.1681,0,0,0,0,1.6895,1.6861,1.6856,1.6892,-7.7505,-0.0098917,0,-44.703,-2.0811,0,11.251
0.89,-1.4852,-3.3143,1,-0.053793,0.24456,0,0.96814,3.3281,0.62292,0,-0.016584,-0.64339,-0.039938,5.3097,1.1679,0,0,0,0,1.6838,1.6804,1.6799,1.6835,-8.1953,-0.029848,0,-44.255,-1.91,0,11.213
0.9,-1.4517,-3.308,1,-0.053921,0.24134,0,0.96894,3.3808,0.63459,0,-0.015837,-0.68273,-0.041938,5.2255,1.1675,0,0,0,0,1.6779,1.6744,1.6739,1.6776,-8.6355,-0.048086,0,-43.778,-1.7374,0,11.173
0.91,-1.4176,-3.3016,1,-0.054048,0.23792,0,0.96978,3.4326,0.64626,0,-0.015188,-0.72244,-0.043989,5.137,1.1669,0,0,0,0,1.6717,1.6682,1.6678,1.6714,-9.0708,-0.064593,0,-43.273,-1.5638,0,11.132
0.92,-1.383,-3.2951,1,-0.054173,0.23431,0,0.97065,3.4835,0.65793,0,-0.014636,-0.7625,-0.046089,5.0441,1.1662,0,0,0,0,1.6654,1.6618,1.6613,1.665,-9.5008,-0.07936,0,-42.738,-1.3894,0,11.089
0.93,-1.348,-3.2885,1,-0.054298,0.2305,0,0.97156,3.5335,0.66959,0,-0.014179,-0.80291,-0.048237,4.947,1.1654,0,0,0,0,1.6588,1.6552,1.6547,1.6585,-9.9254,-0.092379,0,-42.176,-1.2144,0,11.045
0.94,-1.3124,-3.2817,1,-0.054422,0.22648,0,0.97249,3.5824,0.68124,0,-0.013815,-0.84366,-0.05043,4.8457,1.1644,0,0,0,0,1.6521,1.6484,1.6479,1.6517,-10.344,-0.10365,0,-41.587,-1.0391,0,11
0.95,-1.2763,-3.2749,1,-0.054547,0.22226,0,0.97346,3.6304,0.69288,0,-0.013542,-0.88474,-0.052667,4.7401,1.1633,0,0,0,0,1.6451,1.6415,1.641,1.6448,-10.757,-0.11316,0,-40.971,-0.86382,0,10.954
0.96,-1.2398,-3.2679,1,-0.054671,0.21784,0,0.97445,3.6772,0.7045,0,-0.013359,-0.92613,-0.054946,4.6305,1.1621,0,0,0,0,1.6381,1.6344,1.6339,1.6377,-11.164,-0.12092,0,-40.329,-0.6888,0,10.907
0.97,-1.2028,-3.2608,1,-0.054797,0.21321,0,0.97547,3.723,0.71612,0,-0.013263,-0.96779,-0.057264,4.5169,1.1609,0,0,0,0,1.6309,1.6272,1.6267,1.6305,-11.564,-0.12694,0,-39.662,-0.51432,0,10.859
0.98,-1.1653,-3.2535,1,-0.054923,0.20837,0,0.97651,3.7676,0.72772,0,-0.013251,-1.0097,-0.059618,4.3993,1.1596,0,0,0,0,1.6237,1.6199,1.6194,1.6233,-11.957,-0.13121,0,-38.969,-0.34065,0,10.811
0.99,-1.1274,-3.2462,1,-0.05505,0.20331,0,0.97756,3.8109,0.73931,0,-0.013321,-1.0518,-0.062004,4.2778,1.1583,0,0,0,0,1.6163,1.6126,1.6121,1.6159,-12.343,-0.13376,0,-38.252,-0.16805,0,10.762
1,-1.0891,-3.2388,1,-0.055179,0.19805,0,0.97864,3.8531,0.75089,0,-0.01347,-1.0942,-0.064418,4.1525,1.1569,0,0,0,0,1.6089,1.6052,1.6047,1.6085,-12.722,-0.13458,0,-37.511,0.0031925,0,10.712
1.01,-1.0504,-3.2312,1,-0.05531,0.19257,0,0.97972,3.894,0.76245,0,-0.013696,-1.1366,-0.066858,4.0234,1.1556,0,0,0,0,1.6015,1.5977,1.5972,1.6011,-13.093,-0.1337,0,-36.747,0.17282,0,10.663
1.02,-1.0112,-3.2235,1,-0.055442,0.18688,0,0.98082,3.9336,0.774,0,-0.013994,-1.1791,-0.069317,3.8906,1.1543,0,0,0,0,1.5941,1.5903,1.5898,1.5937,-13.457,-0.13113,0,-35.96,0.34055,0,10.613
1.03,-0.97171,-3.2157,1,-0.055577,0.18097,0,0.98192,3.9718,0.78553,0,-0.014363,-1.2216,-0.071791,3.7543,1.153,0,0,0,0,1.5867,1.5829,1.5824,1.5863,-13.812,-0.12689,0,-35.151,0.50612,0,10.564
1.04,-0.9318,-3.2078,1,-0.055713,0.17484,0,0.98302,4.0086,0.79706,0,-0.014798,-1.2641,-0.074274,3.6144,1.1517,0,0,0,0,1.5793,1.5756,1.575,1.5789,-14.16,-0.12101,0,-34.321,0.66926,0,10.515
1.05,-0.89154,-3.1998,1,-0.055852,0.1685,0,0.98412,4.0441,0.80857,0,-0.015295,-1.3064,-0.076761,3.4711,1.1505,0,0,0,0,1.572,1.5683,1.5678,1.5716,-14.499,-0.11352,0,-33.469,0.82969,0,10.466
1.06,-0.85093,-3.1916,1,-0.055993,0.16194,0,0.98521,4.078,0.82007,0,-0.015852,-1.3485,-0.079246,3.3245,1.1495,0,0,0,0,1.5649,1.5611,1.5606,1.5644,-14.829,-0.10443,0,-32.597,0.98714,0,10.418
1.07,-0.80998,-3.1834,1,-0.056136,0.15517,0,0.98629,4.1105,0.83156,0,-0.016463,-1.3903,-0.08172,3.1746,1.1485,0,0,0,0,1.5578,1.5541,1.5536,1.5574,-15.15,-0.093785,0,-31.705,1.1413,0,10.371
1.08,-0.76872,-3.175,1,-0.056282,0.14819,0,0.98736,4.1415,0.84304,0,-0.017126,-1.4316,-0.084178,3.0215,1.1476,0,0,0,0,1.5509,1.5472,1.5467,1.5505,-15.463,-0.081615,0,-30.794,1.292,0,10.325
1.09,-0.72716,-3.1665,1,-0.05643,0.14099,0,0.9884,4.171,0.85451,0,-0.017834,-1.4725,-0.086612,2.8653,1.1468,0,0,0,0,1.5441,1.5406,1.54,1.5437,-15.766,-0.067957,0,-29.864,1.4389,0,10.281
1.1,-0.68531,-3.1579,1,-0.056581,0.13358,0,0.98942,4.1988,0.86598,0,-0.018585,-1.5127,-0.089013,2.7062,1.1462,0,0,0,0,1.5376,1.5341,1.5336,1.5372,-16.06,-0.05285,0,-28.916,1.5817,0,10.238
1.11,-0.64319,-3.1492,1,-0.056733,0.12597,0,0.99041,4.2251,0.87744,0,-0.019373,-1.5521,-0.091373,2.5442,1.1458,0,0,0,0,1.5313,1.5279,1.5274,1.5309,-16.344,-0.036337,0,-27.95,1.7202,0,10.196
1.12,-0.60081,-3.1404,1,-0.056887,0.11816,0,0.99136,4.2497,0.88889,0,-0.020193,-1.5907,-0.093684,2.3793,1.1455,0,0,0,0,1.5253,1.5219,1.5214,1.5249,-16.619,-0.018461,0,-26.968,1.8541,0,10.156
1.13,-0.5582,-3.1314,1,-0.057044,0.11015,0,0.99228,4.2727,0.90035,0,-0.021042,-1.6282,-0.095937,2.2118,1.1454,0,0,0,0,1.5195,1.5163,1.5158,1.5192,-16.884,0.00072937,0,-25.968,1.9831,0,10.118
1.14,-0.51536,-3.1223,1,-0.057202,0.10195,0,0.99314,4.2939,0.9118,0,-0.021914,-1.6646,-0.098123,2.0417,1.1455,0,0,0,0,1.5141,1.511,1.5105,1.5138,-17.138,0.021184,0,-24.953,2.107,0,10.082
1.15,-0.47232,-3.1132,1,-0.057361,0.093566,0,0.99396,4.3135,0.92326,0,-0.022805,-1.6996,-0.10023,1.8691,1.1458,0,0,0,0,1.509,1.506,1.5055,1.5087,-17.383,0.042851,0,-23.923,2.2254,0,10.049
1.16,-0.4291,-3.1039,1,-0.057522,0.085003,0,0.99472,4.3313,0.93472,0,-0.02371,-1.7332,-0.10225,1.6941,1.1464,0,0,0,0,1.5043,1.5014,1.5009,1.504,-17.617,0.065674,0,-22.877,2.3382,0,10.018
1.17,-0.3857,-3.0945,1,-0.057684,0.07627,0,0.99542,4.3474,0.94619,0,-0.024624,-1.7652,-0.10418,1.5168,1.1472,0,0,0,0,1.4999,1.4972,1.4968,1.4997,-17.84,0.089595,0,-21.818,2.445,0,9.9893
1.18,-0.34216,-3.085,1,-0.057847,0.067374,0,0.99605,4.3616,0.95766,0,-0.025543,-1.7955,-0.106,1.3373,1.1482,0,0,0,0,1.496,1.4935,1.493,1.4958,-18.053,0.11455,0,-20.745,2.5455,0,9.9637
1.19,-0.29848,-3.0753,1,-0.05801,0.058327,0,0.99661,4.3741,0.96915,0,-0.026463,-1.8239,-0.10771,1.1557,1.1495,0,0,0,0,1.4925,1.4901,1.4897,1.4923,-18.255,0.14048,0,-19.658,2.6396,0,9.9411
1.2,-0.25468,-3.0656,1,-0.058173,0.049138,0,0.9971,4.3847,0.98065,0,-0.027379,-1.8503,-0.1093,0.97223,1.151,0,0,0,0,1.4895,1.4873,1.4869,1.4893,-18.446,0.16732,0,-18.56,2.7268,0,9.9217
1.21,-0.21079,-3.0557,1,-0.058336,0.039818,0,0.9975,4.3935,0.99217,0,-0.028288,-1.8745,-0.11076,0.78686,1.1528,0,0,0,0,1.4869,1.485,1.4846,1.4868,-18.626,0.195,0,-17.449,2.807,0,9.9054
1.22,-0.16682,-3.0457,1,-0.058499,0.030379,0,0.99783,4.4005,1.0037,0,-0.029185,-1.8965,-0.11207,0.59975,1.1549,0,0,0,0,1.4849,1.4831,1.4828,1.4848,-18.795,0.22344,0,-16.327,2.8799,0,9.8926
1.23,-0.12279,-3.0356,1,-0.058662,0.020833,0,0.99806,4.4055,1.0153,0,-0.030067,-1.9161,-0.11325,0.411,1.1573,0,0,0,0,1.4833,1.4818,1.4815,1.4833,-18.953,0.25257,0,-15.194,2.9452,0,9.8832
1.24,-0.078714,-3.0254,1,-0.058823,0.011193,0,0.99821,4.4087,1.0269,0,-0.03093,-1.9332,-0.11427,0.22073,1.16,0,0,0,0,1.4824,1.4811,1.4807,1.4823,-19.099,0.28232,0,-14.051,3.0027,0,9.8774
1.25,-0.034619,-3.0151,1,-0.058983,0.0014736,0,0.99826,4.4099,1.0385,0,-0.031772,-1.9477,-0.11513,0.029054,1.1629,0,0,0,0,1.4819,1.4809,1.4806,1.4819,-19.234,0.3126,0,-12.898,3.052,0,9.8754
1.26,0.0094785,-3.0047,1,-0.059142,-0.0083123,0,0.99821,4.4093,1.0501,0,-0.03259,-1.9595,-0.11582,-0.16391,1.1662,0,0,0,0,1.482,1.4812,1.481,1.482,-19.357,0.34333,0,-11.736,3.0929,0,9.8771
1.27,0.05356,-2.9941,1,-0.059299,-0.01815,0,0.99808,4.4066,1.0618,0,-0.03338,-1.9686,-0.11635,-0.35805,1.1698,0,0,0,0,1.4827,1.4822,1.4819,1.4828,-19.468,0.37443,0,-10.566,3.1253,0,9.8826
1.28,0.097605,-2.9834,1,-0.059454,-0.028024,0,0.99784,4.4021,1.0735,0,-0.034141,-1.9749,-0.11671,-0.55324,1.1737,0,0,0,0,1.484,1.4837,1.4835,1.4841,-19.568,0.4058,0,-9.3875,3.1492,0,9.8921
1.29,0.14159,-2.9726,1,-0.059607,-0.037921,0,0.9975,4.3956,1.0853,0,-0.034871,-1.9785,-0.1169,-0.74937,1.1779,0,0,0,0,1.4859,1.4858,1.4856,1.486,-19.656,0.43738,0,-8.2021,3.165,0,9.9055
1.3,0.18551,-2.9617,1,-0.059757,-0.047824,0,0.99707,4.3871,1.0971,0,-0.035569,-1.9792,-0.11691,-0.94632,1.1824,0,0,0,0,1.4883,1.4885,1.4884,1.4885,-19.732,0.46908,0,-7.0101,3.1727,0,9.9229
1.31,0.22933,-2.9507,1,-0.059905,-0.05772,0,0.99653,4.3766,1.1089,0,-0.036234,-1.9771,-0.11675,-1.144,1.1873,0,0,0,0,1.4914,1.4919,1.4917,1.4916,-19.796,0.50081,0,-5.8123,3.1727,0,9.9442
1.32,0.27304,-2.9395,1,-0.060051,-0.067592,0,0.9959,4.3642,1.1208,0,-0.036866,-1.9723,-0.11642,-1.3422,1.1925,0,0,0,0,1.495,1.4958,1.4957,1.4953,-19.848,0.53251,0,-4.6094,3.165,0,9.9696
1.33,0.31661,-2.9283,1,-0.060194,-0.077427,0,0.99518,4.3498,1.1328,0,-0.037465,-1.9647,-0.11592,-1.5409,1.1979,0,0,0,0,1.4993,1.5003,1.5002,1.4996,-19.889,0.56409,0,-3.4019,3.1499,0,9.9989
1.34,0.36003,-2.9169,1,-0.060334,-0.087209,0,0.99436,4.3334,1.1448,0,-0.038033,-1.9544,-0.11525,-1.7399,1.2037,0,0,0,0,1.5042,1.5054,1.5053,1.5045,-19.917,0.59548,0,-2.1907,3.1276,0,10.032
1.35,0.40327,-2.9054,1,-0.060471,-0.096926,0,0.99345,4.315,1.1568,0,-0.03857,-1.9416,-0.11442,-1.9392,1.2099,0,0,0,0,1.5096,1.5111,1.511,1.5099,-19.932,0.62662,0,-0.97635,3.0983,0,10.069
1.36,0.44632,-2.8937,1,-0.060606,-0.10656,0,0.99246,4.2946,1.169,0,-0.039077,-1.9262,-0.11343,-2.1385,1.2163,0,0,0,0,1.5156,1.5173,1.5173,1.516,-19.936,0.65742,0,0.24046,3.0621,0,10.11
1.37,0.48915,-2.882,1,-0.060738,-0.11611,0,0.99138,4.2722,1.1812,0,-0.039555,-1.9084,-0.11229,-2.3379,1.223,0,0,0,0,1.5223,1.5241,1.5242,1.5226,-19.928,0.68784,0,1.4591,3.0193,0,10.155
1.38,0.53176,-2.8701,1,-0.060868,-0.12555,0,0.99022,4.2479,1.1934,0,-0.040007,-1.8883,-0.111,-2.5371,1.23,0,0,0,0,1.5294,1.5315,1.5316,1.5298,-19.907,0.71779,0,2.6787,2.9701,0,10.204
1.39,0.57411,-2.8581,1,-0.060995,-0.13487,0,0.98898,4.2215,1.2058,0,-0.040432,-1.8661,-0.10958,-2.736,1.2374,0,0,0,0,1.5371,1.5394,1.5395,1.5376,-19.874,0.74722,0,3.8989,2.9146,0,10.256
1.4,0.61618,-2.846,1,-0.06112,-0.14407,0,0.98768,4.1931,1.2182,0,-0.040834,-1.8418,-0.10802,-2.9345,1.245,0,0,0,0,1.5454,1.5478,1.548,1.5458,-19.829,0.77606,0,5.1187,2.8531,0,10.312
1.41,0.65796,-2.8338,1,-0.061243,-0.15312,0,0.98631,4.1628,1.2307,0,-0.041212,-1.8156,-0.10634,-3.1325,1.2529,0,0,0,0,1.5542,1.5567,1.5569,1.5546,-19.772,0.80426,0,6.3377,2.7857,0,10.371
1.42,0.69943,-2.8214,1,-0.061364,-0.16203,0,0.98488,4.1305,1.2432,0,-0.041569,-1.7877,-0.10455,-3.3299,1.2611,0,0,0,0,1.5634,1.5661,1.5663,1.5639,-19.702,0.83176,0,7.555,2.7127,0,10.433
1.43,0.74056,-2.8089,1,-0.061483,-0.17079,0,0.98339,4.0962,1.2559,0,-0.041906,-1.7581,-0.10264,-3.5265,1.2695,0,0,0,0,1.5731,1.576,1.5762,1.5737,-19.62,0.8585,0,8.7701,2.6342,0,10.498
1.44,0.78135,-2.7963,1,-0.061601,-0.17939,0,0.98185,4.06,1.2686,0,-0.042223,-1.7271,-0.10065,-3.7223,1.2782,0,0,0,0,1.5833,1.5863,1.5866,1.5839,-19.527,0.88442,0,9.9823,2.5505,0,10.567
1.45,0.82176,-2.7835,1,-0.061717,-0.18781,0,0.98026,4.0218,1.2815,0,-0.042521,-1.6948,-0.098559,-3.917,1.2872,0,0,0,0,1.594,1.5971,1.5973,1.5945,-19.421,0.90949,0,11.191,2.4617,0,10.638
1.46,0.86178,-2.7706,1,-0.061833,-0.19606,0,0.97864,3.9816,1.2944,0,-0.042802,-1.6613,-0.096392,-4.1106,1.2964,0,0,0,0,1.605,1.6082,1.6085,1.6055,-19.303,0.93364,0,12.395,2.368,0,10.712
1.47,0.90138,-2.7576,1,-0.061947,-0.20413,0,0.97698,3.9396,1.3074,0,-0.043065,-1.6268,-0.094154,-4.303,1.3059,0,0,0,0,1.6164,1.6197,1.62,1.617,-19.173,0.95683,0,13.594,2.2696,0,10.788
1.48,0.94056,-2.7445,1,-0.062061,-0.21201,0,0.9753,3.8956,1.3205,0,-0.043311,-1.5914,-0.091853,-4.4941,1.3155,0,0,0,0,1.6282,1.6315,1.6318,1.6288,-19.031,0.97902,0,14.788,2.1668,0,10.867
1.49,0.97929,-2.7312,1,-0.062175,-0.2197,0,0.97358,3.8497,1.3337,0,-0.043541,-1.5553,-0.089498,-4.6836,1.3254,0,0,0,0,1.6403,1.6437,1.644,1.6409,-18.877,1.0002,0,15.975,2.0596,0,10.948
1.5,1.0175,-2.7178,1,-0.062288,-0.22721,0,0.97185,3.8019,1.347,0,-0.043754,-1.5185,-0.087096,-4.8716,1.3355,0,0,0,0,1.6527,1.6562,1.6565,1.6533,-18.712,1.0202,0,17.155,1.9484,0,11.031
1.51,1.0553,-2.7043,1,-0.062402,-0.23451,0,0.97011,3.7523,1.3604,0,-0.043951,-1.4812,-0.084655,-5.0578,1.3458,0,0,0,0,1.6654,1.6689,1.6692,1.666,-18.534,1.0391,0,18.328,1.8333,0,11.116
1.52,1.0926,-2.6906,1,-0.062516,-0.24163,0,0.96835,3.7008,1.3739,0,-0.044131,-1.4436,-0.082184,-5.2422,1.3563,0,0,0,0,1.6783,1.6819,1.6822,1.6789,-18.345,1.0569,0,19.492,1.7144,0,11.202
1.53,1.1293,-2.6768,1,-0.062631,-0.24854,0,0.96659,3.6474,1.3875,0,-0.044293,-1.4056,-0.079687,-5.4247,1.367,0,0,0,0,1.6915,1.695,1.6954,1.6921,-18.144,1.0734,0,20.647,1.592,0,11.29
1.54,1.1655,-2.6629,1,-0.062747,-0.25526,0,0.96483,3.5923,1.4013,0,-0.044439,-1.3674,-0.077173,-5.6051,1.3778,0,0,0,0,1.7049,1.7084,1.7088,1.7054,-17.932,1.0887,0,21.793,1.4663,0,11.379
1.55,1.2012,-2.6488,1,-0.062863,-0.26179,0,0.96308,3.5353,1.4151,0,-0.044566,-1.3292,-0.074647,-5.7833,1.3887,0,0,0,0,1.7184,1.7219,1.7223,1.719,-17.709,1.1027,0,22.928,1.3374,0,11.469
1.56,1.2362,-2.6346,1,-0.06298,-0.26811,0,0.96133,3.4766,1.429,0,-0.044675,-1.291,-0.072116,-5.9592,1.3998,0,0,0,0,1.732,1.7356,1.736,1.7326,-17.474,1.1154,0,24.052,1.2055,0,11.56
1.57,1.2707,-2.6202,1,-0.063099,-0.27424,0,0.95959,3.4161,1.4431,0,-0.044765,-1.2528,-0.069583,-6.1327,1.411,0,0,0,0,1.7458,1.7493,1.7497,1.7464,-17.228,1.1268,0,25.164,1.0708,0,11.652
1.58,1.3045,-2.6057,1,-0.063219,-0.28018,0,0.95786,3.354,1.4573,0,-0.044835,-1.2147,-0.067056,-6.3037,1.4224,0,0,0,0,1.7597,1.7632,1.7636,1.7602,-16.97,1.1368,0,26.264,0.93349,0,11.744
1.59,1.3378,-2.5911,1,-0.063341,-0.28592,0,0.95616,3.2901,1.4715,0,-0.044885,-1.1768,-0.064537,-6.4721,1.4338,0,0,0,0,1.7736,1.777,1.7774,1.7741,-16.702,1.1455,0,27.35,0.79376,0,11.837
1.6,1.3703,-2.5763,1,-0.063464,-0.29147,0,0.95447,3.2245,1.4859,0,-0.044914,-1.1392,-0.062031,-6.6377,1.4453,0,0,0,0,1.7875,1.7909,1.7913,1.788,-16.423,1.1527,0,28.423,0.65179,0,11.93
1.61,1.4023,-2.5613,1,-0.063589,-0.29683,0,0.95281,3.1573,1.5004,0,-0.044921,-1.1019,-0.059541,-6.8005,1.4568,0,0,0,0,1.8014,1.8048,1.8052,1.802,-16.134,1.1585,0,29.482,0.50776,0,12.022
1.62,1.4335,-2.5463,1,-0.063715,-0.30201,0,0.95117,3.0885,1.5151,0,-0.044906,-1.0649,-0.057072,-6.9604,1.4684,0,0,0,0,1.8153,1.8187,1.8191,1.8159,-15.834,1.1628,0,30.525,0.36187,0,12.115
1.63,1.464,-2.531,1,-0.063843,-0.307,0,0.94957,3.0181,1.5298,0,-0.044868,-1.0282,-0.054626,-7.1171,1.4801,0,0,0,0,1.8292,1.8325,1.8329,1.8297,-15.523,1.1657,0,31.552,0.21428,0,12.207
1.64,1.4938,-2.5157,1,-0.063973,-0.31181,0,0.94799,2.9462,1.5447,0,-0.044806,-0.99198,-0.052205,-7.2708,1.4917,0,0,0,0,1.8429,1.8462,1.8466,1.8434,-15.203,1.1671,0,32.562,0.065205,0,12.299
1.65,1.5229,-2.5001,1,-0.064105,-0.31644,0,0.94644,2.8727,1.5597,0,-0.044719,-0.95616,-0.049812,-7.4212,1.5034,0,0,0,0,1.8566,1.8599,1.8602,1.8571,-14.872,1.167,0,33.556,-0.085188,0,12.39
1.66,1.5513,-2.4845,1,-0.064239,-0.32089,0,0.94494,2.7978,1.5747,0,-0.044608,-0.92078,-0.047449,-7.5682,1.5151,0,0,0,0,1.8701,1.8733,1.8737,1.8706,-14.532,1.1654,0,34.531,-0.23671,0,12.48
1.67,1.5789,-2.4686,1,-0.064375,-0.32517,0,0.94346,2.7214,1.59,0,-0.04447,-0.88585,-0.045117,-7.7118,1.5267,0,0,0,0,1.8835,1.8867,1.8871,1.884,-14.182,1.1623,0,35.488,-0.38917,0,12.569
1.68,1.6057,-2.4527,1,-0.064512,-0.32928,0,0.94203,2.6436,1.6053,0,-0.044307,-0.85139,-0.042818,-7.8518,1.5383,0,0,0,0,1.8967,1.8998,1.9002,1.8972,-13.822,1.1576,0,36.426,-0.54239,0,12.656
1.69,1.6318,-2.4365,1,-0.064651,-0.33322,0,0.94063,2.5644,1.6207,0,-0.044116,-0.8174,-0.040553,-7.9882,1.5499,0,0,0,0,1.9097,1.9128,1.9131,1.9102,-13.453,1.1514,0,37.344,-0.69618,0,12.743
1.7,1.657,-2.4203,1,-0.064792,-0.33699,0,0.93927,2.4838,1.6363,0,-0.043898,-0.78388,-0.038323,-8.1208,1.5613,0,0,0,0,1.9225,1.9255,1.9259,1.9229,-13.075,1.1437,0,38.241,-0.85036,0,12.828
1.71,1.6814,-2.4038,1,-0.064934,-0.34061,0,0.93796,2.402,1.6519,0,-0.043652,-0.75084,-0.036128,-8.2497,1.5727,0,0,0,0,1.935,1.938,1.9383,1.9354,-12.688,1.1344,0,39.116,-1.0047,0,12.911
1.72,1.705,-2.3872,1,-0.065078,-0.34406,0,0.93669,2.3188,1.6677,0,-0.043377,-0.71827,-0.03397,-8.3746,1.584,0,0,0,0,1.9472,1.9502,1.9505,1.9477,-12.293,1.1236,0,39.97,-1.1591,0,12.993
1.73,1.7278,-2.3705,1,-0.065224,-0.34736,0,0.93546,2.2345,1.6836,0,-0.043073,-0.68616,-0.031847,-8.4955,1.5952,0,0,0,0,1.9592,1.9621,1.9625,1.9597,-11.889,1.1112,0,40.801,-1.3134,0,13.072
1.74,1.7497,-2.3535,1,-0.06537,-0.3505,0,0.93428,2.1489,1.6996,0,-0.04274,-0.65451,-0.029761,-8.6123,1.6062,0,0,0,0,1.9709,1.9737,1.9741,1.9713,-11.477,1.0973,0,41.609,-1.4674,0,13.15
1.75,1.7708,-2.3365,1,-0.065519,-0.35349,0,0.93314,2.0622,1.7158,0,-0.042376,-0.62332,-0.027712,-8.725,1.6171,0,0,0,0,1.9822,1.985,1.9854,1.9826,-11.057,1.0819,0,42.392,-1.6209,0,13.225
1.76,1.791,-2.3192,1,-0.065668,-0.35634,0,0.93205,1.9744,1.732,0,-0.041982,-0.59256,-0.025699,-8.8334,1.6279,0,0,0,0,1.9932,1.996,1.9963,1.9936,-10.629,1.0649,0,43.151,-1.7738,0,13.298
1.77,1.8103,-2.3018,1,-0.065818,-0.35903,0,0.931,1.8856,1.7483,0,-0.041556,-0.56223,-0.023722,-8.9376,1.6384,0,0,0,0,2.0038,2.0066,2.0069,2.0042,-10.194,1.0464,0,43.885,-1.9259,0,13.369
1.78,1.8287,-2.2843,1,-0.06597,-0.36159,0,0.93,1.7957,1.7647,0,-0.041098,-0.53231,-0.02178,-9.0373,1.6488,0,0,0,0,2.014,2.0168,2.0171,2.0145,-9.7517,1.0264,0,44.592,-2.0771,0,13.437
1.79,1.8462,-2.2665,1,-0.066122,-0.364,0,0.92905,1.7049,1.7813,0,-0.040608,-0.50278,-0.019873,-9.1326,1.659,0,0,0,0,2.0239,2.0266,2.0269,2.0243,-9.3024,1.0049,0,45.273,-2.2272,0,13.503
1.8,1.8628,-2.2486,1,-0.066274,-0.36627,0,0.92814,1.6131,1.7979,0,-0.040084,-0.47363,-0.018001,-9.2233,1.6689,0,0,0,0,2.0333,2.036,2.0363,2.0337,-8.8463,0.98187,0,45.926,-2.376,0,13.566
1.81,1.8784,-2.2306,1,-0.066428,-0.36841,0,0.92729,1.5204,1.8147,0,-0.039527,-0.44485,-0.016163,-9.3095,1.6786,0,0,0,0,2.0423,2.045,2.0452,2.0427,-8.3839,0.95737,0,46.551,-2.5234,0,13.625
1.82,1.8932,-2.2123,1,-0.066581,-0.37041,0,0.92648,1.4269,1.8315,0,-0.038935,-0.4164,-0.014359,-9.391,1.688,0,0,0,0,2.0509,2.0535,2.0538,2.0513,-7.9154,0.93141,0,47.148,-2.6692,0,13.682
1.83,1.907,-2.1939,1,-0.066735,-0.37228,0,0.92572,1.3326,1.8484,0,-0.038308,-0.38829,-0.012586,-9.4678,1.6972,0,0,0,0,2.059,2.0616,2.0618,2.0594,-7.4411,0.904,0,47.714,-2.8133,0,13.736
1.84,1.9198,-2.1754,1,-0.066889,-0.37401,0,0.92501,1.2376,1.8654,0,-0.037645,-0.36047,-0.010845,-9.5398,1.7061,0,0,0,0,2.0666,2.0692,2.0695,2.067,-6.9612,0.87515,0,48.251,-2.9555,0,13.787
1.85,1.9317,-2.1566,1,-0.067043,-0.37562,0,0.92435,1.1418,1.8825,0,-0.036945,-0.33294,-0.0091352,-9.607,1.7147,0,0,0,0,2.0738,2.0763,2.0766,2.0742,-6.4762,0.84489,0,48.757,-3.0957,0,13.835
1.86,1.9427,-2.1377,1,-0.067196,-0.3771,0,0.92373,1.0454,1.8997,0,-0.036207,-0.30567,-0.007455,-9.6693,1.723,0,0,0,0,2.0805,2.083,2.0832,2.0809,-5.9862,0.81324,0,49.231,-3.2336,0,13.879
1.87,1.9526,-2.1186,1,-0.067349,-0.37845,0,0.92317,0.94846,1.917,0,-0.035431,-0.27864,-0.0058037,-9.7267,1.731,0,0,0,0,2.0866,2.0891,2.0894,2.087,-5.4916,0.78023,0,49.674,-3.3692,0,13.92
1.88,1.9616,-2.0994,1,-0.067501,-0.37967,0,0.92265,0.85092,1.9343,0,-0.034615,-0.25184,-0.0041803,-9.7791,1.7386,0,0,0,0,2.0923,2.0948,2.095,2.0927,-4.9928,0.74587,0,50.083,-3.5022,0,13.958
1.89,1.9696,-2.0799,1,-0.067652,-0.38077,0,0.92219,0.75289,1.9518,0,-0.033759,-0.22523,-0.002584,-9.8265,1.7459,0,0,0,0,2.0974,2.0999,2.1001,2.0978,-4.4901,0.71019,0,50.459,-3.6325,0,13.992
1.9,1.9767,-2.0603,1,-0.067803,-0.38175,0,0.92177,0.65441,1.9693,0,-0.032861,-0.1988,-0.0010138,-9.8689,1.7528,0,0,0,0,2.102,2.1045,2.1047,2.1024,-3.9838,0.67323,0,50.8,-3.76,0,14.023
1.91,1.9827,-2.0406,1,-0.067951,-0.38261,0,0.92141,0.55553,1.9868,0,-0.031921,-0.17253,0.00053146,-9.9062,1.7593,0,0,0,0,2.1061,2.1086,2.1087,2.1065,-3.4742,0.635,0,51.107,-3.8844,0,14.05
1.92,1.9878,-2.0206,1,-0.068099,-0.38334,0,0.92109,0.4563,2.0045,0,-0.030938,-0.14639,0.0020526,-9.9384,1.7655,0,0,0,0,2.1096,2.1121,2.1123,2.11,-2.9618,0.59555,0,51.378,-4.0057,0,14.073
1.93,1.9919,-2.0005,1,-0.068244,-0.38396,0,0.92083,0.35678,2.0221,0,-0.029909,-0.12036,0.0035508,-9.9654,1.7713,0,0,0,0,2.1126,2.1151,2.1152,2.113,-2.4468,0.5549,0,51.613,-4.1236,0,14.093
1.94,1.9949,-1.9802,1,-0.068388,-0.38445,0,0.92061,0.25701,2.0399,0,-0.028834,-0.094423,0.0050269,-9.9873,1.7766,0,0,0,0,2.115,2.1175,2.1176,2.1154,-1.9296,0.51309,0,51.811,-4.238,0,14.109
1.95,1.997,-1.9597,1,-0.068529,-0.38482,0,0.92044,0.15705,2.0577,0,-0.027711,-0.068552,0.0064818,-10.004,1.7815,0,0,0,0,2.1169,2.1193,2.1195,2.1173,-1.4107,0.47015,0,51.972,-4.349,0,14.122
1.96,1.9981,-1.939,1,-0.068668,-0.38507,0,0.92033,0.056947,2.0755,0,-0.02654,-0.042725,0.0079168,-10.016,1.786,0,0,0,0,2.1182,2.1207,2.1208,2.1186,-0.89029,0.42612,0,52.098,-4.4565,0,14.13
1.97,1.9981,-1.9182,1,-0.068804,-0.38521,0,0.92026,-0.043244,2.0934,0,-0.025318,-0.016921,0.0093326,-10.022,1.79,0,0,0,0,2.119,2.1214,2.1215,2.1193,-0.36884,0.38103,0,52.188,-4.5606,0,14.135
1.98,1.9972,-1.8971,1,-0.068936,-0.38522,0,0.92024,-0.14347,2.1113,0,-0.024043,0.0088861,0.01073,-10.023,1.7936,0,0,0,0,2.1191,2.1216,2.1217,2.1195,0.15334,0.33492,0,52.243,-4.6612,0,14.137
1.99,1.9953,-1.8759,1,-0.069066,-0.38512,0,0.92028,-0.24368,2.1293,0,-0.022713,0.034719,0.012111,-10.019,1.7967,0,0,0,0,2.1188,2.1212,2.1213,2.1192,0.6759,0.28782,0,52.263,-4.7585,0,14.134
2,1.9923,-1.8546,1,-0.069192,-0.3849,0,0.92036,-0.34383,2.1472,0,-0.021327,0.060601,0.013475,-10.009,1.7994,0,0,0,0,2.1178,2.1203,2.1204,2.1182,1.1985,0.23976,0,52.249,-4.8524,0,14.128
2.01,1.9884,-1.833,1,-0.069314,-0.38455,0,0.9205,-0.44385,2.1652,0,-0.019882,0.086558,0.014824,-9.9948,1.8015,0,0,0,0,2.1163,2.1188,2.1189,2.1167,1.7208,0.19079,0,52.202,-4.9429,0,14.118
2.02,1.9834,-1.8113,1,-0.069432,-0.38409,0,0.92068,-0.54371,2.1833,0,-0.018375,0.11261,0.016158,-9.975,1.8032,0,0,0,0,2.1142,2.1167,2.1168,2.1146,2.2424,0.14092,0,52.122,-5.0302,0,14.104
2.03,1.9775,-1.7893,1,-0.069545,-0.3835,0,0.92092,-0.64334,2.2013,0,-0.016804,0.1388,0.017479,-9.9499,1.8043,0,0,0,0,2.1116,2.1141,2.1142,2.112,2.7631,0.090192,0,52.009,-5.1142,0,14.086
2.04,1.9706,-1.7672,1,-0.069654,-0.3828,0,0.9212,-0.74269,2.2193,0,-0.015166,0.16513,0.018788,-9.9197,1.805,0,0,0,0,2.1084,2.1109,2.111,2.1088,3.2825,0.038645,0,51.864,-5.1949,0,14.065
2.05,1.9627,-1.7449,1,-0.069757,-0.38197,0,0.92154,-0.84171,2.2374,0,-0.013458,0.19164,0.020084,-9.8843,1.8051,0,0,0,0,2.1046,2.1072,2.1073,2.105,3.8003,-0.013694,0,51.688,-5.2723,0,14.04
2.06,1.9537,-1.7225,1,-0.069854,-0.38102,0,0.92193,-0.94036,2.2554,0,-0.011677,0.21835,0.02137,-9.8437,1.8047,0,0,0,0,2.1003,2.1029,2.103,2.1007,4.3161,-0.066791,0,51.48,-5.3466,0,14.012
2.07,1.9439,-1.6998,1,-0.069946,-0.37994,0,0.92236,-1.0386,2.2735,0,-0.0098195,0.24529,0.022646,-9.798,1.8038,0,0,0,0,2.0955,2.0981,2.0981,2.0959,4.8298,-0.12062,0,51.242,-5.4177,0,13.979
2.08,1.933,-1.677,1,-0.070031,-0.37874,0,0.92285,-1.1363,2.2915,0,-0.0078818,0.27248,0.023912,-9.7471,1.8023,0,0,0,0,2.0901,2.0928,2.0928,2.0905,5.3409,-0.17513,0,50.975,-5.4856,0,13.944
2.09,1.9211,-1.654,1,-0.070109,-0.37741,0,0.92339,-1.2335,2.3095,0,-0.0058603,0.29996,0.02517,-9.6912,1.8003,0,0,0,0,2.0842,2.0869,2.0869,2.0846,5.8492,-0.23032,0,50.677,-5.5504,0,13.904
2.1,1.9083,-1.6308,1,-0.07018,-0.37595,0,0.92398,-1.3301,2.3275,0,-0.003751,0.32774,0.02642,-9.6301,1.7977,0,0,0,0,2.0777,2.0805,2.0805,2.0782,6.3543,-0.28613,0,50.351,-5.612,0,13.861
2.11,1.8945,-1.6075,1,-0.070243,-0.37436,0,0.92462,-1.4261,2.3455,0,-0.0015499,0.35586,0.027662,-9.5641,1.7945,0,0,0,0,2.0708,2.0736,2.0736,2.0713,6.8561,-0.34255,0,49.996,-5.6706,0,13.815
2.12,1.8798,-1.5839,1,-0.070297,-0.37264,0,0.92531,-1.5214,2.3634,0,0.00074756,0.38435,0.028898,-9.493,1.7908,0,0,0,0,2.0633,2.0661,2.0661,2.0638,7.3542,-0.39953,0,49.613,-5.7262,0,13.766
2.13,1.8641,-1.5602,1,-0.070343,-0.37078,0,0.92605,-1.6159,2.3813,0,0.0031458,0.41322,0.030129,-9.417,1.7865,0,0,0,0,2.0554,2.0582,2.0582,2.0559,7.8482,-0.45706,0,49.202,-5.7787,0,13.713
2.14,1.8475,-1.5363,1,-0.07038,-0.36879,0,0.92684,-1.7097,2.3991,0,0.0056495,0.44251,0.031354,-9.3361,1.7817,0,0,0,0,2.0469,2.0499,2.0498,2.0474,8.3381,-0.5151,0,48.764,-5.8282,0,13.657
2.15,1.8299,-1.5122,1,-0.070406,-0.36666,0,0.92769,-1.8026,2.4169,0,0.0082639,0.47225,0.032575,-9.2503,1.7762,0,0,0,0,2.038,2.041,2.0409,2.0385,8.8234,-0.57361,0,48.3,-5.8747,0,13.597
2.16,1.8114,-1.4879,1,-0.070422,-0.36439,0,0.92858,-1.8947,2.4347,0,0.010994,0.50245,0.033791,-9.1596,1.7702,0,0,0,0,2.0286,2.0317,2.0316,2.0292,9.304,-0.63258,0,47.81,-5.9182,0,13.535
2.17,1.792,-1.4635,1,-0.070427,-0.36197,0,0.92953,-1.9858,2.4523,0,0.013845,0.53316,0.035004,-9.0642,1.7636,0,0,0,0,2.0188,2.0219,2.0218,2.0194,9.7796,-0.69197,0,47.295,-5.9589,0,13.47
2.18,1.7717,-1.4389,1,-0.07042,-0.35941,0,0.93052,-2.076,2.4699,0,0.016823,0.56439,0.036214,-8.9641,1.7564,0,0,0,0,2.0086,2.0117,2.0116,2.0091,10.25,-0.75175,0,46.754,-5.9966,0,13.402
2.19,1.7505,-1.4141,1,-0.0704,-0.35669,0,0.93157,-2.1651,2.4875,0,0.019933,0.59616,0.037421,-8.8592,1.7486,0,0,0,0,1.9979,2.0011,2.001,1.9985,10.715,-0.81189,0,46.189,-6.0314,0,13.331
2.2,1.7284,-1.3891,1,-0.070368,-0.35382,0,0.93266,-2.2531,2.5049,0,0.023182,0.62852,0.038626,-8.7498,1.7401,0,0,0,0,1.9868,1.9901,1.99,1.9874,11.174,-0.87237,0,45.6,-6.0634,0,13.257
2.21,1.7054,-1.364,1,-0.070321,-0.3508,0,0.93381,-2.3401,2.5223,0,0.026576,0.66147,0.039828,-8.6358,1.7311,0,0,0,0,1.9754,1.9787,1.9786,1.976,11.626,-0.93315,0,44.987,-6.0926,0,13.181
2.22,1.6816,-1.3387,1,-0.070259,-0.34762,0,0.935,-2.4258,2.5395,0,0.030121,0.69504,0.041029,-8.5173,1.7215,0,0,0,0,1.9635,1.967,1.9668,1.9642,12.073,-0.99421,0,44.352,-6.1189,0,13.103
2.23,1.6569,-1.3132,1,-0.070181,-0.34427,0,0.93624,-2.5104,2.5567,0,0.033823,0.72926,0.042229,-8.3943,1.7112,0,0,0,0,1.9514,1.9549,1.9547,1.952,12.513,-1.0555,0,43.694,-6.1425,0,13.022
2.24,1.6314,-1.2876,1,-0.070087,-0.34076,0,0.93753,-2.5937,2.5737,0,0.03769,0.76415,0.043426,-8.267,1.7004,0,0,0,0,1.9389,1.9425,1.9423,1.9395,12.947,-1.1171,0,43.013,-6.1634,0,12.938
2.25,1.6051,-1.2617,1,-0.069976,-0.33708,0,0.93887,-2.6757,2.5907,0,0.041728,0.79972,0.044623,-8.1354,1.6889,0,0,0,0,1.926,1.9297,1.9295,1.9267,13.374,-1.1788,0,42.312,-6.1815,0,12.853
2.26,1.5779,-1.2358,1,-0.069846,-0.33322,0,0.94026,-2.7564,2.6075,0,0.045944,0.83599,0.045818,-7.9996,1.6768,0,0,0,0,1.9129,1.9167,1.9164,1.9136,13.793,-1.2407,0,41.589,-6.1969,0,12.766
2.27,1.5499,-1.2096,1,-0.069696,-0.32918,0,0.94169,-2.8357,2.6242,0,0.050345,0.87298,0.047012,-7.8596,1.6641,0,0,0,0,1.8995,1.9034,1.9031,1.9003,14.205,-1.3027,0,40.846,-6.2096,0,12.677
2.28,1.5212,-1.1833,1,-0.069526,-0.32496,0,0.94317,-2.9136,2.6408,0,0.054937,0.9107,0.048204,-7.7155,1.6507,0,0,0,0,1.8859,1.8899,1.8896,1.8866,14.61,-1.3649,0,40.083,-6.2197,0,12.587
2.29,1.4917,-1.1568,1,-0.069334,-0.32056,0,0.94469,-2.99,2.6572,0,0.059729,0.94916,0.049395,-7.5674,1.6368,0,0,0,0,1.8721,1.8761,1.8758,1.8728,15.007,-1.4271,0,39.3,-6.2271,0,12.495
2.3,1.4614,-1.1301,1,-0.06912,-0.31596,0,0.94625,-3.0649,2.6735,0,0.064727,0.98837,0.050583,-7.4154,1.6222,0,0,0,0,1.858,1.8621,1.8618,1.8588,15.396,-1.4894,0,38.499,-6.232,0,12.401
2.31,1.4304,-1.1033,1,-0.068881,-0.31117,0,0.94785,-3.1383,2.6897,0,0.069937,1.0283,0.051769,-7.2595,1.607,0,0,0,0,1.8438,1.848,1.8476,1.8446,15.777,-1.5517,0,37.679,-6.2342,0,12.307
2.32,1.3986,-1.0763,1,-0.068617,-0.30618,0,0.9495,-3.2101,2.7057,0,0.075365,1.069,0.052952,-7.0999,1.5911,0,0,0,0,1.8294,1.8337,1.8333,1.8302,16.149,-1.6141,0,36.84,-6.2339,0,12.211
2.33,1.3662,-1.0492,1,-0.068327,-0.30098,0,0.95118,-3.2803,2.7215,0,0.08102,1.1105,0.054131,-6.9366,1.5747,0,0,0,0,1.8149,1.8193,1.8189,1.8157,16.514,-1.6764,0,35.985,-6.2311,0,12.115
2.34,1.333,-1.0219,1,-0.068009,-0.29558,0,0.95289,-3.3488,2.7372,0,0.086905,1.1526,0.055306,-6.7696,1.5576,0,0,0,0,1.8003,1.8048,1.8043,1.8012,16.869,-1.7387,0,35.112,-6.2259,0,12.018
2.35,1.2992,-0.99446,1,-0.067662,-0.28996,0,0.95464,-3.4156,2.7527,0,0.093026,1.1955,0.056476,-6.5992,1.5399,0,0,0,0,1.7856,1.7902,1.7897,1.7865,17.216,-1.8009,0,34.223,-6.2181,0,11.92
2.36,1.2647,-0.96685,1,-0.067284,-0.28413,0,0.95642,-3.4808,2.768,0,0.099389,1.239,0.05764,-6.4253,1.5216,0,0,0,0,1.7709,1.7756,1.7751,1.7719,17.554,-1.863,0,33.318,-6.2079,0,11.822
2.37,1.2296,-0.9391,1,-0.066875,-0.27807,0,0.95823,-3.5441,2.7831,0,0.106,1.2832,0.058796,-6.2482,1.5027,0,0,0,0,1.7562,1.761,1.7604,1.7572,17.882,-1.925,0,32.398,-6.1952,0,11.725
2.38,1.1939,-0.91119,1,-0.066432,-0.27179,0,0.96006,-3.6057,2.798,0,0.11285,1.328,0.059944,-6.0677,1.4831,0,0,0,0,1.7415,1.7464,1.7458,1.7425,18.201,-1.9869,0,31.462,-6.1802,0,11.627
2.39,1.1575,-0.88314,1,-0.065954,-0.26528,0,0.96191,-3.6655,2.8127,0,0.11996,1.3733,0.061082,-5.8842,1.4629,0,0,0,0,1.7269,1.7318,1.7312,1.7279,18.511,-2.0486,0,30.512,-6.1628,0,11.53
2.4,1.1206,-0.85494,1,-0.065439,-0.25854,0,0.96378,-3.7234,2.8273,0,0.12731,1.4192,0.062208,-5.6975,1.4421,0,0,0,0,1.7123,1.7173,1.7167,1.7134,18.812,-2.1102,0,29.548,-6.143,0,11.433
2.41,1.083,-0.82659,1,-0.064887,-0.25156,0,0.96566,-3.7794,2.8416,0,0.13492,1.4655,0.063322,-5.508,1.4207,0,0,0,0,1.6979,1.703,1.7023,1.699,19.102,-2.1715,0,28.571,-6.1209,0,11.337
2.42,1.045,-0.79811,1,-0.064295,-0.24434,0,0.96755,-3.8335,2.8557,0,0.14278,1.5121,0.064421,-5.3155,1.3987,0,0,0,0,1.6836,1.6887,1.688,1.6847,19.383,-2.2326,0,27.58,-6.0966,0,11.242
2.43,1.0064,-0.76948,1,-0.063663,-0.23689,0,0.96945,-3.8857,2.8696,0,0.15088,1.5589,0.065503,-5.1203,1.3761,0,0,0,0,1.6696,1.6747,1.674,1.6707,19.654,-2.2934,0,26.578,-6.0699,0,11.148
2.44,0.96726,-0.74072,1,-0.062987,-0.22919,0,0.97134,-3.9359,2.8832,0,0.15922,1.6059,0.066567,-4.9225,1.3528,0,0,0,0,1.6557,1.6609,1.6601,1.6568,19.915,-2.354,0,25.563,-6.041,0,11.056
2.45,0.92766,-0.71182,1,-0.062268,-0.22125,0,0.97323,-3.9842,2.8966,0,0.1678,1.6529,0.067609,-4.7221,1.329,0,0,0,0,1.6421,1.6473,1.6465,1.6432,20.165,-2.4142,0,24.536,-6.0099,0,10.965
2.46,0.88758,-0.68279,1,-0.061503,-0.21306,0,0.9751,-4.0304,2.9098,0,0.17659,1.6998,0.068629,-4.5192,1.3046,0,0,0,0,1.6288,1.634,1.6331,1.6299,20.405,-2.4742,0,23.499,-5.9766,0,10.876
2.47,0.84706,-0.65362,1,-0.060692,-0.20463,0,0.97696,-4.0745,2.9227,0,0.1856,1.7465,0.069622,-4.314,1.2795,0,0,0,0,1.6158,1.621,1.6201,1.617,20.635,-2.5338,0,22.451,-5.9412,0,10.79
2.48,0.8061,-0.62433,1,-0.059832,-0.19596,0,0.97879,-4.1167,2.9354,0,0.1948,1.7927,0.070588,-4.1066,1.2539,0,0,0,0,1.6031,1.6083,1.6074,1.6043,20.854,-2.593,0,21.393,-5.9035,0,10.705
2.49,0.76473,-0.59492,1,-0.058923,-0.18704,0,0.98058,-4.1567,2.9478,0,0.20418,1.8384,0.071523,-3.897,1.2277,0,0,0,0,1.5909,1.5961,1.5951,1.5921,21.063,-2.6518,0,20.325,-5.8638,0,10.624
2.5,0.72297,-0.56538,1,-0.057963,-0.17789,0,0.98234,-4.1946,2.9599,0,0.21372,1.8833,0.072425,-3.6853,1.2008,0,0,0,0,1.5791,1.5842,1.5832,1.5803,21.261,-2.7103,0,19.249,-5.8219,0,10.545
2.51,0.68085,-0.53572,1,-0.056952,-0.1685,0,0.98406,-4.2304,2.9718,0,0.22339,1.9273,0.073291,-3.4718,1.1734,0,0,0,0,1.5678,1.5728,1.5718,1.569,21.448,-2.7683,0,18.164,-5.778,0,10.469
2.52,0.63837,-0.50594,1,-0.055888,-0.15888,0,0.98571,-4.264,2.9834,0,0.23317,1.9701,0.074118,-3.2564,1.1455,0,0,0,0,1.557,1.5619,1.5608,1.5582,21.624,-2.8258,0,17.07,-5.7321,0,10.396
2.53,0.59557,-0.47605,1,-0.054771,-0.14904,0,0.98731,-4.2955,2.9947,0,0.24303,2.0116,0.074904,-3.0393,1.1169,0,0,0,0,1.5467,1.5515,1.5504,1.5479,21.789,-2.8829,0,15.97,-5.6841,0,10.327
2.54,0.55247,-0.44605,1,-0.0536,-0.13898,0,0.98884,-4.3248,3.0057,0,0.25294,2.0514,0.075647,-2.8207,1.0878,0,0,0,0,1.5369,1.5416,1.5405,1.5382,21.943,-2.9395,0,14.862,-5.6341,0,10.262
2.55,0.50909,-0.41594,1,-0.052375,-0.12872,0,0.9903,-4.3519,3.0165,0,0.26286,2.0895,0.076344,-2.6005,1.0581,0,0,0,0,1.5278,1.5323,1.5312,1.529,22.086,-2.9956,0,13.747,-5.5821,0,10.201
2.56,0.46544,-0.38572,1,-0.051095,-0.11825,0,0.99167,-4.3768,3.0269,0,0.27276,2.1255,0.076992,-2.379,1.0279,0,0,0,0,1.5193,1.5236,1.5225,1.5205,22.218,-3.0511,0,12.627,-5.5282,0,10.143
2.57,0.42156,-0.3554,1,-0.049761,-0.1076,0,0.99295,-4.3995,3.037,0,0.2826,2.1593,0.07759,-2.1562,0.99713,0,0,0,0,1.5115,1.5155,1.5144,1.5127,22.339,-3.1061,0,11.501,-5.4724,0,10.09
2.58,0.37746,-0.32498,1,-0.048373,-0.096779,0,0.99413,-4.4199,3.0468,0,0.29234,2.1907,0.078136,-1.9322,0.96579,0,0,0,0,1.5043,1.5081,1.507,1.5055,22.448,-3.1606,0,10.369,-5.4147,0,10.042
2.59,0.33317,-0.29447,1,-0.046931,-0.085793,0,0.99521,-4.4381,3.0563,0,0.30194,2.2193,0.078628,-1.7073,0.93392,0,0,0,0,1.4979,1.5014,1.5003,1.499,22.546,-3.2144,0,9.2335,-5.3551,0,9.9978
2.6,0.2887,-0.26386,1,-0.045436,-0.07466,0,0.99617,-4.4541,3.0655,0,0.31135,2.2451,0.079065,-1.4814,0.90151,0,0,0,0,1.4922,1.4954,1.4943,1.4933,22.633,-3.2677,0,8.0935,-5.2936,0,9.9587
2.61,0.24409,-0.23316,1,-0.043889,-0.063397,0,0.99702,-4.4677,3.0744,0,0.32053,2.2678,0.079447,-1.2546,0.86857,0,0,0,0,1.4872,1.4902,1.4891,1.4883,22.708,-3.3203,0,6.9498,-5.2304,0,9.9246
2.62,0.19936,-0.20237,1,-0.042291,-0.052021,0,0.99775,-4.4792,3.0829,0,0.32944,2.2873,0.079772,-1.0272,0.8351,0,0,0,0,1.483,1.4857,1.4846,1.4841,22.772,-3.3723,0,5.803,-5.1653,0,9.8956
2.63,0.15452,-0.1715,1,-0.040644,-0.040549,0,0.99835,-4.4883,3.0911,0,0.33804,2.3033,0.080041,-0.79925,0.80112,0,0,0,0,1.4796,1.4819,1.4809,1.4806,22.824,-3.4236,0,4.6535,-5.0984,0,9.8717
2.64,0.1096,-0.14055,1,-0.038949,-0.028999,0,0.99882,-4.4951,3.0989,0,0.34629,2.3159,0.080254,-0.57079,0.76663,0,0,0,0,1.477,1.479,1.4779,1.478,22.865,-3.4742,0,3.5019,-5.0298,0,9.8531
2.65,0.064621,-0.10952,1,-0.037209,-0.017392,0,0.99916,-4.4997,3.1064,0,0.35415,2.3248,0.080413,-0.34199,0.73164,0,0,0,0,1.4752,1.4768,1.4758,1.4761,22.894,-3.5242,0,2.3486,-4.9595,0,9.8398
2.66,0.019611,-0.078425,1,-0.035425,-0.0057475,0,0.99936,-4.502,3.1135,0,0.36159,2.3301,0.080517,-0.11295,0.69615,0,0,0,0,1.4742,1.4754,1.4744,1.4751,22.912,-3.5734,0,1.1941,-4.8875,0,9.8319
2.67,-0.025411,-0.047255,1,-0.033601,0.0059149,0,0.99942,-4.502,3.1203,0,0.36857,2.3315,0.080569,0.11621,0.66017,0,0,0,0,1.4741,1.4749,1.4739,1.4748,22.918,-3.6219,0,0.038853,-4.8138,0,9.8295
2.68,-0.070421,-0.01602,1,-0.031738,0.017575,0,0.99934,-4.4997,3.1267,0,0.37507,2.3293,0.080571,0.34538,0.62372,0,0,0,0,1.4747,1.4751,1.4742,1.4754,22.913,-3.6697,0,-1.1166,-4.7384,0,9.8325
2.69,-0.1154,0.015278,1,-0.029839,0.029211,0,0.99913,-4.4951,3.1328,0,0.38106,2.3233,0.080527,0.57443,0.58678,0,0,0,0,1.4762,1.4762,1.4753,1.4768,22.896,-3.7167,0,-2.2717,-4.6614,0,9.8409
2.7,-0.16031,0.046634,1,-0.027908,0.040804,0,0.99878,-4.4882,3.1385,0,0.38653,2.3136,0.080438,0.80325,0.54939,0,0,0,0,1.4785,1.4781,1.4773,1.479,22.867,-3.7629,0,-3.426,-4.5829,0,9.8548
2.71,-0.20515,0.078046,1,-0.025947,0.052334,0,0.99829,-4.479,3.1438,0,0.39145,2.3002,0.080308,1.0317,0.51153,0,0,0,0,1.4815,1.4808,1.48,1.4821,22.827,-3.8083,0,-4.5791,-4.5027,0,9.874
2.72,-0.24989,0.10951,1,-0.023959,0.063782,0,0.99768,-4.4675,3.1487,0,0.39583,2.2834,0.080142,1.2598,0.47322,0,0,0,0,1.4854,1.4843,1.4836,1.4859,22.776,-3.8529,0,-5.7304,-4.421,0,9.8985
2.73,-0.29449,0.14102,1,-0.021948,0.075128,0,0.99693,-4.4538,3.1532,0,0.39966,2.2631,0.079942,1.4872,0.43447,0,0,0,0,1.49,1.4886,1.4879,1.4904,22.713,-3.8967,0,-6.8794,-4.3378,0,9.9282
2.74,-0.33895,0.17257,1,-0.019916,0.086356,0,0.99607,-4.4378,3.1574,0,0.40293,2.2397,0.079714,1.714,0.39529,0,0,0,0,1.4954,1.4936,1.493,1.4958,22.638,-3.9397,0,-8.0257,-4.253,0,9.9631
2.75,-0.38324,0.20416,1,-0.017867,0.097447,0,0.99508,-4.4195,3.1611,0,0.40566,2.2131,0.079462,1.9399,0.35568,0,0,0,0,1.5016,1.4994,1.4989,1.5019,22.552,-3.9818,0,-9.1687,-4.1668,0,10.003
2.76,-0.42734,0.23579,1,-0.015803,0.10839,0,0.99398,-4.399,3.1645,0,0.40785,2.1837,0.079191,2.165,0.31566,0,0,0,0,1.5084,1.506,1.5055,1.5087,22.455,-4.023,0,-10.308,-4.0791,0,10.048
2.77,-0.47122,0.26745,1,-0.013728,0.11916,0,0.99278,-4.3762,3.1674,0,0.40952,2.1516,0.078904,2.389,0.27522,0,0,0,0,1.516,1.5133,1.5128,1.5162,22.346,-4.0634,0,-11.443,-3.99,0,10.097
2.78,-0.51485,0.29914,1,-0.011644,0.12975,0,0.99148,-4.3512,3.17,0,0.41068,2.117,0.078608,2.6119,0.23439,0,0,0,0,1.5242,1.5213,1.5209,1.5244,22.226,-4.1028,0,-12.574,-3.8995,0,10.151
2.79,-0.55823,0.33085,1,-0.009555,0.14016,0,0.99008,-4.324,3.1721,0,0.41136,2.0802,0.078306,2.8335,0.19317,0,0,0,0,1.5331,1.5299,1.5295,1.5332,22.094,-4.1414,0,-13.699,-3.8077,0,10.21
2.8,-0.60133,0.36258,1,-0.0074626,0.15035,0,0.9886,-4.2946,3.1739,0,0.41157,2.0413,0.078004,3.0537,0.15157,0,0,0,0,1.5426,1.5392,1.5389,1.5426,21.952,-4.179,0,-14.818,-3.7144,0,10.272
2.81,-0.64412,0.39433,1,-0.0053697,0.16034,0,0.98705,-4.2629,3.1752,0,0.41136,2.0007,0.077706,3.2725,0.10959,0,0,0,0,1.5527,1.5491,1.5488,1.5527,21.798,-4.2156,0,-15.932,-3.6199,0,10.339
2.82,-0.68658,0.42608,1,-0.0032785,0.1701,0,0.98542,-4.2291,3.176,0,0.41073,1.9585,0.077416,3.4896,0.067258,0,0,0,0,1.5634,1.5595,1.5593,1.5633,21.633,-4.2514,0,-17.038,-3.524,0,10.409
2.83,-0.72869,0.45785,1,-0.0011912,0.17964,0,0.98373,-4.1931,3.1765,0,0.40973,1.9149,0.077139,3.7051,0.02457,0,0,0,0,1.5745,1.5706,1.5704,1.5744,21.457,-4.2861,0,-18.138,-3.4269,0,10.483
2.84,-0.77043,0.48961,1,0.0008901,0.18894,0,0.98199,-4.155,3.1765,0,0.40838,1.8702,0.076879,3.9187,-0.018461,0,0,0,0,1.5862,1.5821,1.582,1.5861,21.271,-4.3199,0,-19.229,-3.3285,0,10.561
2.85,-0.81178,0.52138,1,0.0029637,0.198,0,0.9802,-4.1148,3.1761,0,0.40671,1.8246,0.07664,4.1305,-0.061825,0,0,0,0,1.5983,1.5941,1.594,1.5982,21.073,-4.3527,0,-20.313,-3.2288,0,10.641
2.86,-0.85272,0.55313,1,0.0050279,0.20682,0,0.97837,-4.0724,3.1753,0,0.40476,1.7782,0.076425,4.3402,-0.10551,0,0,0,0,1.6109,1.6066,1.6066,1.6107,20.864,-4.3845,0,-21.388,-3.128,0,10.725
2.87,-0.89323,0.58488,1,0.0070813,0.21539,0,0.9765,-4.028,3.174,0,0.40254,1.7312,0.076237,4.5477,-0.14951,0,0,0,0,1.6239,1.6195,1.6195,1.6237,20.645,-4.4152,0,-22.454,-3.026,0,10.811
2.88,-0.93327,0.61661,1,0.0091226,0.22372,0,0.97461,-3.9815,3.1723,0,0.4001,1.6839,0.076081,4.753,-0.19381,0,0,0,0,1.6372,1.6328,1.6328,1.637,20.415,-4.445,0,-23.51,-2.9228,0,10.899
2.89,-0.97285,0.64832,1,0.011151,0.2318,0,0.9727,-3.9329,3.1701,0,0.39747,1.6363,0.075959,4.956,-0.23841,0,0,0,0,1.6508,1.6464,1.6464,1.6506,20.175,-4.4737,0,-24.556,-2.8185,0,10.99
2.9,-1.0119,0.68001,1,0.013164,0.23963,0,0.97078,-3.8824,3.1675,0,0.39466,1.5887,0.075874,5.1565,-0.28328,0,0,0,0,1.6648,1.6603,1.6604,1.6645,19.924,-4.5014,0,-25.592,-2.7131,0,11.083
2.91,-1.0505,0.71167,1,0.015163,0.24721,0,0.96884,-3.8298,3.1645,0,0.3917,1.5411,0.075828,5.3544,-0.32843,0,0,0,0,1.679,1.6745,1.6746,1.6787,19.663,-4.528,0,-26.616,-2.6066,0,11.178
2.92,-1.0885,0.7433,1,0.017147,0.25455,0,0.96691,-3.7753,3.161,0,0.38863,1.4936,0.075824,5.5497,-0.37384,0,0,0,0,1.6934,1.6889,1.6891,1.6932,19.392,-4.5535,0,-27.629,-2.499,0,11.274
2.93,-1.126,0.77489,1,0.019114,0.26164,0,0.96498,-3.7188,3.157,0,0.38546,1.4464,0.075863,5.7422,-0.4195,0,0,0,0,1.708,1.7036,1.7037,1.7078,19.111,-4.5779,0,-28.629,-2.3904,0,11.372
2.94,-1.1629,0.80644,1,0.021065,0.26849,0,0.96305,-3.6604,3.1526,0,0.38222,1.3996,0.075948,5.9319,-0.46539,0,0,0,0,1.7228,1.7184,1.7186,1.7226,18.819,-4.6013,0,-29.617,-2.2808,0,11.471
2.95,-1.1992,0.83794,1,0.022999,0.2751,0,0.96114,-3.6002,3.1477,0,0.37893,1.3532,0.07608,6.1186,-0.51152,0,0,0,0,1.7377,1.7333,1.7335,1.7375,18.518,-4.6235,0,-30.592,-2.1702,0,11.57
2.96,-1.2349,0.86939,1,0.024916,0.28148,0,0.95924,-3.5381,3.1423,0,0.37561,1.3073,0.076261,6.3022,-0.55786,0,0,0,0,1.7528,1.7484,1.7486,1.7525,18.208,-4.6447,0,-31.554,-2.0586,0,11.67
2.97,-1.2699,0.90079,1,0.026817,0.28763,0,0.95737,-3.4741,3.1365,0,0.37227,1.262,0.076493,6.4827,-0.60441,0,0,0,0,1.7678,1.7635,1.7638,1.7676,17.887,-4.6647,0,-32.501,-1.946,0,11.771
2.98,-1.3044,0.93212,1,0.0287,0.29354,0,0.95551,-3.4084,3.1303,0,0.36893,1.2174,0.076775,6.66,-0.65115,0,0,0,0,1.7829,1.7787,1.7789,1.7827,17.558,-4.6836,0,-33.434,-1.8325,0,11.872
2.99,-1.3381,0.96339,1,0.030567,0.29924,0,0.95369,-3.341,3.1235,0,0.36561,1.1734,0.07711,6.8338,-0.69808,0,0,0,0,1.7981,1.7939,1.7941,1.7979,17.219,-4.7014,0,-34.352,-1.7181,0,11.973
3,-1.3712,0.99459,1,0.032418,0.30471,0,0.95189,-3.2718,3.1163,0,0.36232,1.1301,0.077499,7.0043,-0.74517,0,0,0,0,1.8132,1.809,1.8093,1.813,16.871,-4.718,0,-35.254,-1.6029,0,12.074
3.01,-1.4035,1.0257,1,0.034252,0.30997,0,0.95013,-3.2009,3.1086,0,0.35908,1.0875,0.077942,7.1712,-0.79243,0,0,0,0,1.8282,1.8242,1.8244,1.828,16.514,-4.7334,0,-36.14,-1.4867,0,12.175
3.02,-1.4352,1.0568,1,0.036071,0.31502,0,0.9484,-3.1284,3.1004,0,0.35588,1.0456,0.078439,7.3345,-0.83984,0,0,0,0,1.8432,1.8392,1.8395,1.843,16.148,-4.7477,0,-37.01,-1.3697,0,12.275
3.03,-1.4661,1.0877,1,0.037875,0.31986,0,0.94671,-3.0542,3.0918,0,0.35275,1.0046,0.078993,7.4942,-0.88738,0,0,0,0,1.858,1.8541,1.8544,1.8579,15.773,-4.7608,0,-37.862,-1.2519,0,12.374
3.04,-1.4963,1.1186,1,0.039664,0.3245,0,0.94505,-2.9785,3.0827,0,0.34969,0.96423,0.079604,7.65,-0.93505,0,0,0,0,1.8728,1.8689,1.8692,1.8726,15.391,-4.7727,0,-38.697,-1.1333,0,12.473
3.05,-1.5257,1.1494,1,0.041438,0.32894,0,0.94344,-2.9012,3.0731,0,0.34671,0.92467,0.080271,7.8019,-0.98283,0,0,0,0,1.8873,1.8836,1.8839,1.8872,15,-4.7835,0,-39.514,-1.0139,0,12.57
3.06,-1.5543,1.1801,1,0.043199,0.33319,0,0.94187,-2.8225,3.063,0,0.34381,0.88587,0.080996,7.9499,-1.0307,0,0,0,0,1.9017,1.898,1.8984,1.9016,14.6,-4.793,0,-40.313,-0.89377,0,12.666
3.07,-1.5821,1.2106,1,0.044946,0.33725,0,0.94034,-2.7422,3.0525,0,0.34101,0.84782,0.081779,8.0939,-1.0787,0,0,0,0,1.9159,1.9123,1.9126,1.9158,14.193,-4.8013,0,-41.092,-0.7729,0,12.761
3.08,-1.6091,1.2411,1,0.046681,0.34113,0,0.93886,-2.6606,3.0415,0,0.3383,0.81052,0.082621,8.2338,-1.1267,0,0,0,0,1.9299,1.9263,1.9266,1.9298,13.779,-4.8085,0,-41.852,-0.65131,0,12.854
3.09,-1.6353,1.2715,1,0.048405,0.34483,0,0.93742,-2.5776,3.03,0,0.3357,0.77394,0.083522,8.3695,-1.1749,0,0,0,0,1.9436,1.9401,1.9404,1.9435,13.356,-4.8144,0,-42.592,-0.52904,0,12.946
3.1,-1.6607,1.3017,1,0.050117,0.34835,0,0.93603,-2.4932,3.018,0,0.3332,0.73808,0.084483,8.5009,-1.223,0,0,0,0,1.957,1.9536,1.9539,1.957,12.927,-4.819,0,-43.311,-0.4061,0,13.036
3.11,-1.6852,1.3318,1,0.051818,0.35169,0,0.93468,-2.4076,3.0055,0,0.33081,0.70291,0.085504,8.628,-1.2712,0,0,0,0,1.9701,1.9668,1.9671,1.9701,12.49,-4.8225,0,-44.01,-0.28252,0,13.124
3.12,-1.7088,1.3618,1,0.053509,0.35487,0,0.93338,-2.3207,2.9925,0,0.32852,0.66842,0.086585,8.7507,-1.3195,0,0,0,0,1.9829,1.9797,1.98,1.983,12.047,-4.8247,0,-44.687,-0.15832,0,13.209
3.13,-1.7316,1.3917,1,0.055192,0.35789,0,0.93213,-2.2326,2.9791,0,0.32635,0.63458,0.087728,8.8689,-1.3677,0,0,0,0,1.9954,1.9922,1.9926,1.9955,11.597,-4.8256,0,-45.342,-0.033518,0,13.293
3.14,-1.7535,1.4214,1,0.056866,0.36074,0,0.93093,-2.1433,2.9652,0,0.3243,0.60137,0.088932,8.9826,-1.416,0,0,0,0,2.0075,2.0044,2.0048,2.0076,11.14,-4.8254,0,-45.974,0.09186,0,13.374
3.15,-1.7744,1.451,1,0.058532,0.36344,0,0.92978,-2.0529,2.9508,0,0.32235,0.56877,0.090198,9.0917,-1.4642,0,0,0,0,2.0193,2.0162,2.0166,2.0194,10.677,-4.8238,0,-46.584,0.21779,0,13.453
3.16,-1.7945,1.4804,1,0.060191,0.36598,0,0.92867,-1.9615,2.9359,0,0.32053,0.53674,0.091527,9.1961,-1.5124,0,0,0,0,2.0307,2.0277,2.028,2.0308,10.208,-4.821,0,-47.17,0.34426,0,13.529
3.17,-1.8137,1.5097,1,0.061844,0.36837,0,0.92762,-1.869,2.9205,0,0.31882,0.50527,0.092919,9.2958,-1.5606,0,0,0,0,2.0417,2.0387,2.0391,2.0418,9.7339,-4.8169,0,-47.732,0.47123,0,13.602
3.18,-1.8319,1.5388,1,0.063491,0.37061,0,0.92662,-1.7756,2.9047,0,0.31722,0.47433,0.094375,9.3908,-1.6088,0,0,0,0,2.0522,2.0493,2.0497,2.0524,9.2539,-4.8116,0,-48.27,0.5987,0,13.673
3.19,-1.8492,1.5678,1,0.065133,0.3727,0,0.92566,-1.6812,2.8884,0,0.31574,0.44389,0.095895,9.4809,-1.6569,0,0,0,0,2.0624,2.0595,2.0599,2.0625,8.7686,-4.8049,0,-48.783,0.72662,0,13.741
3.2,-1.8655,1.5966,1,0.066771,0.37466,0,0.92476,-1.586,2.8716,0,0.31438,0.41392,0.09748,9.5661,-1.7049,0,0,0,0,2.072,2.0693,2.0696,2.0723,8.2783,-4.797,0,-49.27,0.855,0,13.805
3.21,-1.8809,1.6252,1,0.068406,0.37647,0,0.9239,-1.4899,2.8543,0,0.31313,0.3844,0.099131,9.6464,-1.7528,0,0,0,0,2.0813,2.0785,2.0789,2.0815,7.7833,-4.7878,0,-49.731,0.98379,0,13.867
3.22,-1.8953,1.6537,1,0.070038,0.37814,0,0.9231,-1.3931,2.8365,0,0.31199,0.35529,0.10085,9.7218,-1.8006,0,0,0,0,2.09,2.0873,2.0877,2.0903,7.2838,-4.7774,0,-50.166,1.113,0,13.926
3.23,-1.9088,1.6819,1,0.071667,0.37968,0,0.92234,-1.2955,2.8183,0,0.31097,0.32658,0.10263,9.7921,-1.8483,0,0,0,0,2.0983,2.0957,2.0961,2.0986,6.78,-4.7656,0,-50.575,1.2426,0,13.981
3.24,-1.9212,1.71,1,0.073296,0.38108,0,0.92163,-1.1972,2.7995,0,0.31005,0.29823,0.10448,9.8574,-1.8959,0,0,0,0,2.1061,2.1035,2.1039,2.1064,6.2724,-4.7525,0,-50.955,1.3725,0,14.033
3.25,-1.9327,1.7379,1,0.074923,0.38235,0,0.92098,-1.0984,2.7803,0,0.30925,0.27021,0.1064,9.9175,-1.9434,0,0,0,0,2.1134,2.1108,2.1112,2.1137,5.761,-4.7381,0,-51.308,1.5027,0,14.082
3.26,-1.9432,1.7656,1,0.076551,0.38349,0,0.92037,-0.99892,2.7607,0,0.30855,0.2425,0.1084,9.9726,-1.9907,0,0,0,0,2.1202,2.1177,2.1181,2.1205,5.2463,-4.7225,0,-51.632,1.6333,0,14.127
3.27,-1.9527,1.7931,1,0.078179,0.3845,0,0.91981,-0.89894,2.7405,0,0.30796,0.21507,0.11046,10.022,-2.0378,0,0,0,0,2.1265,2.124,2.1244,2.1268,4.7285,-4.7055,0,-51.928,1.7642,0,14.169
3.28,-1.9612,1.8204,1,0.079808,0.38538,0,0.9193,-0.79848,2.7199,0,0.30748,0.1879,0.11259,10.067,-2.0848,0,0,0,0,2.1322,2.1297,2.1302,2.1326,4.2078,-4.6872,0,-52.194,1.8953,0,14.208
3.29,-1.9686,1.8475,1,0.08144,0.38614,0,0.91884,-0.69761,2.6988,0,0.3071,0.16095,0.11479,10.107,-2.1316,0,0,0,0,2.1374,2.135,2.1354,2.1378,3.6847,-4.6676,0,-52.43,2.0266,0,14.243
3.3,-1.9751,1.8744,1,0.083074,0.38677,0,0.91843,-0.59637,2.6773,0,0.30681,0.1342,0.11707,10.141,-2.1781,0,0,0,0,2.1421,2.1397,2.1401,2.1425,3.1593,-4.6466,0,-52.636,2.1582,0,14.274
3.31,-1.9806,1.9011,1,0.084711,0.38727,0,0.91807,-0.49481,2.6553,0,0.30663,0.10762,0.11942,10.17,-2.2245,0,0,0,0,2.1463,2.1438,2.1443,2.1467,2.6321,-4.6244,0,-52.811,2.29,0,14.302
3.32,-1.985,1.9275,1,0.086351,0.38765,0,0.91775,-0.39299,2.6328,0,0.30654,0.081187,0.12184,10.193,-2.2706,0,0,0,0,2.1499,2.1475,2.1479,2.1503,2.1032,-4.6008,0,-52.955,2.422,0,14.326
3.33,-1.9884,1.9537,1,0.087996,0.38791,0,0.91749,-0.29096,2.6099,0,0.30654,0.054876,0.12434,10.212,-2.3165,0,0,0,0,2.1529,2.1505,2.151,2.1534,1.5731,-4.576,0,-53.067,2.5541,0,14.346
3.34,-1.9908,1.9797,1,0.089646,0.38805,0,0.91727,-0.18877,2.5865,0,0.30663,0.02866,0.12692,10.225,-2.3621,0,0,0,0,2.1554,2.153,2.1535,2.1559,1.042,-4.5498,0,-53.146,2.6864,0,14.363
3.35,-1.9922,2.0055,1,0.091302,0.38806,0,0.9171,-0.08648,2.5626,0,0.30681,0.0025138,0.12957,10.233,-2.4075,0,0,0,0,2.1573,2.155,2.1555,2.1579,0.51028,-4.5222,0,-53.193,2.8187,0,14.376
3.36,-1.9926,2.031,1,0.092963,0.38795,0,0.91698,0.015863,2.5383,0,0.30707,-0.023587,0.1323,10.235,-2.4526,0,0,0,0,2.1587,2.1564,2.1569,2.1593,-0.021744,-4.4934,0,-53.206,2.9512,0,14.385
3.37,-1.9919,2.0562,1,0.094631,0.38772,0,0.91691,0.1182,2.5136,0,0.3074,-0.049667,0.13511,10.232,-2.4974,0,0,0,0,2.1596,2.1572,2.1577,2.1602,-0.55374,-4.4632,0,-53.187,3.0836,0,14.391
3.38,-1.9902,2.0812,1,0.096306,0.38737,0,0.91688,0.22049,2.4884,0,0.30782,-0.075752,0.13801,10.224,-2.5418,0,0,0,0,2.1599,2.1575,2.158,2.1605,-1.0854,-4.4317,0,-53.136,3.216,0,14.393
3.39,-1.9875,2.106,1,0.097988,0.38689,0,0.9169,0.32267,2.4627,0,0.30831,-0.10187,0.14098,10.211,-2.586,0,0,0,0,2.1596,2.1572,2.1578,2.1602,-1.6163,-4.3989,0,-53.052,3.3483,0,14.391
3.4,-1.9837,2.1305,1,0.099678,0.3863,0,0.91697,0.42468,2.4366,0,0.30886,-0.12803,0.14403,10.192,-2.6298,0,0,0,0,2.1588,2.1564,2.157,2.1594,-2.1463,-4.3647,0,-52.938,3.4803,0,14.386
3.41,-1.979,2.1547,1,0.10138,0.38558,0,0.91709,0.52648,2.4101,0,0.30948,-0.15428,0.14717,10.168,-2.6733,0,0,0,0,2.1574,2.1551,2.1556,2.1581,-2.675,-4.3293,0,-52.793,3.6121,0,14.377
3.42,-1.9732,2.1787,1,0.10308,0.38473,0,0.91725,0.62802,2.3832,0,0.31016,-0.18063,0.15039,10.138,-2.7164,0,0,0,0,2.1555,2.1531,2.1537,2.1562,-3.2021,-4.2925,0,-52.617,3.7435,0,14.364
3.43,-1.9664,2.2024,1,0.1048,0.38376,0,0.91746,0.72923,2.3558,0,0.3109,-0.20711,0.1537,10.104,-2.7591,0,0,0,0,2.1531,2.1507,2.1513,2.1538,-3.7272,-4.2544,0,-52.411,3.8746,0,14.348
3.44,-1.9586,2.2258,1,0.10653,0.38267,0,0.91772,0.83007,2.328,0,0.31168,-0.23374,0.1571,10.064,-2.8015,0,0,0,0,2.1501,2.1477,2.1483,2.1508,-4.2502,-4.215,0,-52.176,4.0051,0,14.328
3.45,-1.9498,2.2489,1,0.10826,0.38145,0,0.91803,0.93049,2.2998,0,0.31252,-0.26055,0.16058,10.019,-2.8434,0,0,0,0,2.1466,2.1442,2.1448,2.1473,-4.7707,-4.1743,0,-51.912,4.1351,0,14.305
3.46,-1.94,2.2718,1,0.11001,0.38011,0,0.91838,1.0304,2.2711,0,0.31339,-0.28756,0.16415,9.9683,-2.885,0,0,0,0,2.1426,2.1401,2.1408,2.1433,-5.2883,-4.1323,0,-51.619,4.2645,0,14.278
3.47,-1.9292,2.2944,1,0.11176,0.37863,0,0.91878,1.1298,2.2421,0,0.3143,-0.3148,0.16782,9.9128,-2.9261,0,0,0,0,2.138,2.1356,2.1362,2.1388,-5.8029,-4.089,0,-51.298,4.3932,0,14.248
3.48,-1.9174,2.3166,1,0.11353,0.37703,0,0.91922,1.2287,2.2126,0,0.31523,-0.34229,0.17157,9.8522,-2.9667,0,0,0,0,2.133,2.1305,2.1312,2.1338,-6.3142,-4.0444,0,-50.949,4.5212,0,14.214
3.49,-1.9046,2.3386,1,0.11531,0.37529,0,0.91971,1.3269,2.1827,0,0.31619,-0.37006,0.17542,9.7866,-3.007,0,0,0,0,2.1274,2.1249,2.1256,2.1282,-6.8218,-3.9986,0,-50.574,4.6483,0,14.177
3.5,-1.8909,2.3603,1,0.1171,0.37342,0,0.92024,1.4244,2.1525,0,0.31717,-0.39812,0.17936,9.7158,-3.0467,0,0,0,0,2.1214,2.1189,2.1196,2.1222,-7.3256,-3.9515,0,-50.171,4.7745,0,14.137
3.51,-1.8762,2.3817,1,0.1189,0.37141,0,0.92082,1.5212,2.1218,0,0.31816,-0.42651,0.1834,9.6401,-3.086,0,0,0,0,2.1149,2.1123,2.1131,2.1157,-7.8252,-3.9031,0,-49.742,4.8997,0,14.093
3.52,-1.8605,2.4027,1,0.12071,0.36927,0,0.92145,1.6172,2.0908,0,0.31914,-0.45524,0.18753,9.5593,-3.1248,0,0,0,0,2.1079,2.1053,2.1061,2.1088,-8.3203,-3.8535,0,-49.288,5.024,0,14.047
3.53,-1.8438,2.4235,1,0.12253,0.36699,0,0.92212,1.7123,2.0593,0,0.32012,-0.48434,0.19176,9.4737,-3.1631,0,0,0,0,2.1005,2.0978,2.0987,2.1014,-8.8108,-3.8026,0,-48.807,5.1471,0,13.997
3.54,-1.8262,2.4439,1,0.12436,0.36457,0,0.92283,1.8066,2.0275,0,0.32109,-0.51383,0.19609,9.3831,-3.2008,0,0,0,0,2.0927,2.0899,2.0908,2.0935,-9.2964,-3.7506,0,-48.302,5.269,0,13.945
3.55,-1.8077,2.464,1,0.12621,0.36201,0,0.92359,1.9,1.9953,0,0.32203,-0.54374,0.20052,9.2878,-3.2381,0,0,0,0,2.0844,2.0816,2.0825,2.0852,-9.7768,-3.6973,0,-47.773,5.3897,0,13.889
3.56,-1.7882,2.4838,1,0.12806,0.35929,0,0.9244,1.9924,1.9627,0,0.32294,-0.57407,0.20505,9.1876,-3.2748,0,0,0,0,2.0757,2.0728,2.0738,2.0765,-10.252,-3.6428,0,-47.22,5.509,0,13.831
3.57,-1.7679,2.5033,1,0.12993,0.35644,0,0.92524,2.0837,1.9298,0,0.32381,-0.60486,0.20968,9.0827,-3.3109,0,0,0,0,2.0666,2.0637,2.0646,2.0674,-10.721,-3.5871,0,-46.642,5.627,0,13.771
3.58,-1.7466,2.5224,1,0.13181,0.35343,0,0.92613,2.174,1.8965,0,0.32462,-0.63612,0.21441,8.9732,-3.3465,0,0,0,0,2.0571,2.0541,2.0551,2.058,-11.185,-3.5302,0,-46.042,5.7435,0,13.707
3.59,-1.7244,2.5412,1,0.13369,0.35026,0,0.92706,2.2632,1.8629,0,0.32537,-0.66786,0.21924,8.8591,-3.3815,0,0,0,0,2.0472,2.0442,2.0452,2.0481,-11.642,-3.4722,0,-45.42,5.8585,0,13.641
3.6,-1.7013,2.5597,1,0.13559,0.34694,0,0.92803,2.3512,1.8289,0,0.32603,-0.70012,0.22418,8.7404,-3.4159,0,0,0,0,2.037,2.034,2.035,2.0379,-12.093,-3.4131,0,-44.775,5.9719,0,13.573
3.61,-1.6774,2.5778,1,0.1375,0.34346,0,0.92905,2.438,1.7946,0,0.32661,-0.73289,0.22921,8.6172,-3.4498,0,0,0,0,2.0265,2.0234,2.0245,2.0274,-12.537,-3.3528,0,-44.108,6.0836,0,13.503
3.62,-1.6525,2.5956,1,0.13941,0.33981,0,0.9301,2.5235,1.7599,0,0.32708,-0.76619,0.23434,8.4897,-3.483,0,0,0,0,2.0157,2.0124,2.0136,2.0165,-12.975,-3.2914,0,-43.42,6.1937,0,13.43
3.63,-1.6269,2.613,1,0.14134,0.336,0,0.9312,2.6077,1.7249,0,0.32743,-0.80005,0.23958,8.3578,-3.5156,0,0,0,0,2.0045,2.0012,2.0024,2.0054,-13.406,-3.2289,0,-42.711,6.302,0,13.356
3.64,-1.6004,2.6301,1,0.14327,0.33202,0,0.93233,2.6906,1.6896,0,0.32765,-0.83445,0.24491,8.2216,-3.5476,0,0,0,0,1.9931,1.9897,1.991,1.994,-13.829,-3.1654,0,-41.983,6.4084,0,13.28
3.65,-1.5731,2.6468,1,0.1452,0.32787,0,0.9335,2.7722,1.654,0,0.32772,-0.86942,0.25034,8.0812,-3.5789,0,0,0,0,1.9814,1.978,1.9793,1.9823,-14.245,-3.1008,0,-41.234,6.513,0,13.202
3.66,-1.545,2.6631,1,0.14715,0.32354,0,0.9347,2.8522,1.618,0,0.32761,-0.90495,0.25586,7.9367,-3.6096,0,0,0,0,1.9695,1.966,1.9673,1.9704,-14.654,-3.0351,0,-40.466,6.6157,0,13.122
3.67,-1.516,2.6791,1,0.14909,0.31904,0,0.93594,2.9309,1.5818,0,0.32732,-0.94104,0.26148,7.7882,-3.6396,0,0,0,0,1.9574,1.9538,1.9552,1.9583,-15.054,-2.9685,0,-39.679,6.7163,0,13.041
3.68,-1.4863,2.6948,1,0.15104,0.31435,0,0.93722,3.008,1.5452,0,0.32683,-0.9777,0.26719,7.6356,-3.6689,0,0,0,0,1.9451,1.9414,1.9429,1.9459,-15.447,-2.9008,0,-38.874,6.8149,0,12.959
3.69,-1.4559,2.71,1,0.153,0.30947,0,0.93852,3.0836,1.5084,0,0.3261,-1.0149,0.27298,7.4792,-3.6976,0,0,0,0,1.9327,1.9289,1.9304,1.9335,-15.832,-2.8322,0,-38.05,6.9113,0,12.876
3.7,-1.4247,2.7249,1,0.15495,0.3044,0,0.93986,3.1576,1.4713,0,0.32513,-1.0527,0.27885,7.319,-3.7256,0,0,0,0,1.9201,1.9162,1.9177,1.9208,-16.208,-2.7626,0,-37.21,7.0056,0,12.791
3.71,-1.3927,2.7395,1,0.1569,0.29914,0,0.94122,3.2299,1.4339,0,0.3239,-1.091,0.2848,7.1551,-3.7529,0,0,0,0,1.9074,1.9034,1.905,1.9081,-16.576,-2.6921,0,-36.352,7.0977,0,12.706
3.72,-1.3601,2.7536,1,0.15885,0.29369,0,0.94261,3.3007,1.3962,0,0.32237,-1.1298,0.29083,6.9875,-3.7794,0,0,0,0,1.8945,1.8904,1.8921,1.8952,-16.935,-2.6206,0,-35.478,7.1874,0,12.621
3.73,-1.3267,2.7674,1,0.16079,0.28803,0,0.94403,3.3697,1.3583,0,0.32053,-1.1691,0.29692,6.8164,-3.8053,0,0,0,0,1.8817,1.8775,1.8792,1.8823,-17.286,-2.5483,0,-34.588,7.2748,0,12.534
3.74,-1.2927,2.7808,1,0.16273,0.28217,0,0.94546,3.437,1.3201,0,0.31835,-1.2088,0.30306,6.6419,-3.8304,0,0,0,0,1.8688,1.8645,1.8663,1.8694,-17.627,-2.4751,0,-33.682,7.3598,0,12.448
3.75,-1.258,2.7938,1,0.16466,0.27611,0,0.94692,3.5025,1.2817,0,0.3158,-1.249,0.30926,6.4639,-3.8548,0,0,0,0,1.8558,1.8515,1.8533,1.8564,-17.959,-2.4011,0,-32.761,7.4423,0,12.362
3.76,-1.2227,2.8064,1,0.16657,0.26983,0,0.94839,3.5662,1.243,0,0.31288,-1.2895,0.3155,6.2827,-3.8784,0,0,0,0,1.8429,1.8384,1.8404,1.8434,-18.282,-2.3263,0,-31.826,7.5223,0,12.275
3.77,-1.1867,2.8186,1,0.16847,0.26335,0,0.94988,3.6282,1.2041,0,0.30954,-1.3303,0.32177,6.0983,-3.9013,0,0,0,0,1.8301,1.8255,1.8275,1.8305,-18.596,-2.2507,0,-30.876,7.5997,0,12.189
3.78,-1.1501,2.8305,1,0.17036,0.25665,0,0.95137,3.6882,1.165,0,0.30576,-1.3715,0.32807,5.9108,-3.9234,0,0,0,0,1.8173,1.8126,1.8147,1.8177,-18.9,-2.1743,0,-29.913,7.6745,0,12.104
3.79,-1.1129,2.8419,1,0.17222,0.24974,0,0.95287,3.7464,1.1257,0,0.30152,-1.4128,0.33437,5.7203,-3.9448,0,0,0,0,1.8046,1.7998,1.802,1.8049,-19.194,-2.0972,0,-28.937,7.7465,0,12.019
3.8,-1.0752,2.853,1,0.17407,0.24262,0,0.95438,3.8026,1.0861,0,0.2968,-1.4542,0.34068,5.527,-3.9654,0,0,0,0,1.792,1.7872,1.7894,1.7923,-19.478,-2.0194,0,-27.948,7.8158,0,11.935
3.81,-1.0369,2.8637,1,0.17588,0.23527,0,0.95588,3.8569,1.0464,0,0.29156,-1.4957,0.34696,5.3308,-3.9852,0,0,0,0,1.7796,1.7747,1.777,1.7798,-19.753,-1.9409,0,-26.947,7.8822,0,11.852
3.82,-0.99804,2.8739,1,0.17767,0.22771,0,0.95738,3.9092,1.0064,0,0.28579,-1.5371,0.35322,5.132,-4.0042,0,0,0,0,1.7674,1.7624,1.7648,1.7675,-20.017,-1.8618,0,-25.933,7.9458,0,11.77
3.83,-0.9587,2.8838,1,0.17942,0.21993,0,0.95887,3.9595,0.96627,0,0.27947,-1.5783,0.35943,4.9305,-4.0224,0,0,0,0,1.7554,1.7504,1.7528,1.7554,-20.271,-1.782,0,-24.909,8.0064,0,11.69
3.84,-0.91886,2.8933,1,0.18114,0.21193,0,0.96035,4.0078,0.92596,0,0.27258,-1.6193,0.36558,4.7266,-4.0398,0,0,0,0,1.7437,1.7386,1.7411,1.7436,-20.515,-1.7016,0,-23.874,8.064,0,11.612
3.85,-0.87855,2.9023,1,0.18281,0.20372,0,0.96181,4.054,0.88548,0,0.26509,-1.6599,0.37165,4.5202,-4.0564,0,0,0,0,1.7322,1.7271,1.7297,1.732,-20.749,-1.6207,0,-22.829,8.1186,0,11.535
3.86,-0.83779,2.911,1,0.18444,0.19529,0,0.96325,4.0982,0.84484,0,0.257,-1.7,0.37762,4.3116,-4.0722,0,0,0,0,1.7211,1.7159,1.7186,1.7207,-20.972,-1.5393,0,-21.773,8.17,0,11.46
3.87,-0.79659,2.9192,1,0.18602,0.18664,0,0.96465,4.1403,0.80404,0,0.24829,-1.7395,0.38348,4.1008,-4.0872,0,0,0,0,1.7102,1.7051,1.7078,1.7098,-21.184,-1.4573,0,-20.709,8.2182,0,11.388
3.88,-0.75499,2.927,1,0.18755,0.17779,0,0.96603,4.1802,0.76309,0,0.23894,-1.7781,0.3892,3.888,-4.1014,0,0,0,0,1.6998,1.6946,1.6974,1.6993,-21.386,-1.3749,0,-19.635,8.2631,0,11.318
3.89,-0.713,2.9345,1,0.18902,0.16874,0,0.96737,4.218,0.72201,0,0.22897,-1.8158,0.39475,3.6732,-4.1147,0,0,0,0,1.6897,1.6846,1.6874,1.6891,-21.577,-1.2921,0,-18.554,8.3047,0,11.251
3.9,-0.67064,2.9415,1,0.19043,0.15948,0,0.96866,4.2537,0.6808,0,0.21835,-1.8525,0.40013,3.4565,-4.1272,0,0,0,0,1.6801,1.675,1.6778,1.6793,-21.757,-1.2088,0,-17.464,8.3428,0,11.187
3.91,-0.62793,2.9481,1,0.19177,0.15003,0,0.9699,4.2871,0.63947,0,0.20711,-1.8878,0.40531,3.238,-4.1389,0,0,0,0,1.6709,1.6658,1.6687,1.67,-21.926,-1.1252,0,-16.367,8.3775,0,11.126
3.92,-0.5849,2.9543,1,0.19305,0.1404,0,0.97109,4.3184,0.59803,0,0.19523,-1.9218,0.41027,3.018,-4.1497,0,0,0,0,1.6622,1.6572,1.6601,1.6612,-22.084,-1.0413,0,-15.264,8.4087,0,11.068
3.93,-0.54157,2.96,1,0.19425,0.13058,0,0.97222,4.3475,0.55648,0,0.18275,-1.9542,0.41498,2.7964,-4.1597,0,0,0,0,1.654,1.649,1.652,1.6529,-22.231,-0.95708,0,-14.153,8.4362,0,11.013
3.94,-0.49796,2.9654,1,0.19536,0.1206,0,0.97329,4.3744,0.51484,0,0.16967,-1.9848,0.41942,2.5734,-4.1689,0,0,0,0,1.6464,1.6415,1.6445,1.645,-22.367,-0.8726,0,-13.038,8.4601,0,10.962
3.95,-0.45409,2.9703,1,0.1964,0.11045,0,0.97428,4.399,0.47311,0,0.15602,-2.0135,0.42358,2.3491,-4.1772,0,0,0,0,1.6392,1.6344,1.6375,1.6378,-22.492,-0.78789,0,-11.916,8.4802,0,10.915
3.96,-0.40999,2.9749,1,0.19735,0.10015,0,0.9752,4.4213,0.4313,0,0.14182,-2.0402,0.42744,2.1236,-4.1846,0,0,0,0,1.6327,1.628,1.6311,1.6311,-22.606,-0.70301,0,-10.79,8.4965,0,10.872
3.97,-0.36567,2.979,1,0.19821,0.089713,0,0.97605,4.4414,0.38942,0,0.12712,-2.0646,0.43096,1.897,-4.1912,0,0,0,0,1.6267,1.6222,1.6253,1.625,-22.708,-0.61798,0,-9.6594,8.509,0,10.832
3.98,-0.32116,2.9827,1,0.19898,0.079149,0,0.9768,4.4593,0.34748,0,0.11196,-2.0867,0.43414,1.6695,-4.197,0,0,0,0,1.6214,1.617,1.6201,1.6196,-22.799,-0.53284,0,-8.525,8.5175,0,10.797
3.99,-0.27649,2.9859,1,0.19965,0.068471,0,0.97747,4.4748,0.30548,0,0.096366,-2.1063,0.43696,1.4411,-4.2019,0,0,0,0,1.6167,1.6125,1.6155,1.6147,-22.878,-0.44764,0,-7.3871,8.522,0,10.766
4,-0.23168,2.9888,1,0.20022,0.057693,0,0.97805,4.4881,0.26344,0,0.080405,-2.1233,0.4394,1.2119,-4.2059,0,0,0,0,1.6126,1.6086,1.6116,1.6105,-22.947,-0.36241,0,-6.2463,8.5225,0,10.739
4.01,-0.18674,2.9912,1,0.20069,0.046829,0,0.97854,4.4991,0.22136,0,0.064128,-2.1375,0.44145,0.98218,-4.2091,0,0,0,0,1.6092,1.6055,1.6084,1.607,-23.003,-0.2772,0,-5.1031,8.5188,0,10.717
4.02,-0.1417,2.9932,1,0.20105,0.035895,0,0.97892,4.5077,0.17926,0,0.047593,-2.149,0.4431,0.75191,-4.2115,0,0,0,0,1.6065,1.603,1.6059,1.6042,-23.049,-0.19205,0,-3.958,8.5109,0,10.699
4.03,-0.096591,2.9948,1,0.20131,0.024907,0,0.97921,4.5141,0.13714,0,0.030863,-2.1575,0.44433,0.52124,-4.213,0,0,0,0,1.6044,1.6012,1.604,1.602,-23.083,-0.107,0,-2.8115,8.4987,0,10.686
4.04,-0.051428,2.9959,1,0.20146,0.01388,0,0.9794,4.5182,0.095005,0,0.014003,-2.1631,0.44515,0.2903,-4.2136,0,0,0,0,1.6031,1.6,1.6028,1.6005,-23.105,-0.022093,0,-1.6641,8.4822,0,10.677
4.05,-0.0062357,2.9967,1,0.20151,0.0028305,0,0.97948,4.5199,0.052869,0,-0.0029206,-2.1657,0.44553,0.059184,-4.2134,0,0,0,0,1.6024,1.5996,1.6023,1.5998,-23.116,0.062628,0,-0.51616,8.4613,0,10.674
4.06,0.038962,2.997,1,0.20145,-0.0082247,0,0.97946,4.5193,0.01074,0,-0.019839,-2.1652,0.44549,-0.17198,-4.2124,0,0,0,0,1.6024,1.6,1.6026,1.5997,-23.115,0.14712,0,0.6317,8.4359,0,10.674
4.07,0.084143,2.9969,1,0.20128,-0.019269,0,0.97934,4.5165,-0.031375,0,-0.036686,-2.1618,0.44502,-0.40308,-4.2105,0,0,0,0,1.6031,1.601,1.6035,1.6004,-23.103,0.23133,0,1.779,8.4062,0,10.68
4.08,0.12928,2.9964,1,0.201,-0.030286,0,0.97912,4.5113,-0.073467,0,-0.053392,-2.1554,0.44413,-0.63401,-4.2077,0,0,0,0,1.6046,1.6027,1.6051,1.6017,-23.08,0.31523,0,2.9255,8.3721,0,10.69
4.09,0.17436,2.9954,1,0.20062,-0.04126,0,0.9788,4.5038,-0.11553,0,-0.069892,-2.146,0.44281,-0.86464,-4.2042,0,0,0,0,1.6067,1.6051,1.6074,1.6038,-23.045,0.39876,0,4.0705,8.3338,0,10.705
4.1,0.21935,2.9941,1,0.20014,-0.052175,0,0.97838,4.494,-0.15755,0,-0.086123,-2.1338,0.44108,-1.0949,-4.1998,0,0,0,0,1.6094,1.6082,1.6103,1.6065,-22.998,0.48189,0,5.2137,8.2914,0,10.724
4.11,0.26423,2.9923,1,0.19955,-0.063015,0,0.97786,4.4819,-0.19952,0,-0.10202,-2.1188,0.43895,-1.3246,-4.1945,0,0,0,0,1.6129,1.6119,1.614,1.6099,-22.94,0.56457,0,6.3546,8.2449,0,10.748
4.12,0.30898,2.9901,1,0.19886,-0.073765,0,0.97725,4.4675,-0.24143,0,-0.11754,-2.101,0.43642,-1.5536,-4.1885,0,0,0,0,1.617,1.6164,1.6183,1.6141,-22.871,0.64677,0,7.4928,8.1944,0,10.776
4.13,0.35358,2.9874,1,0.19808,-0.08441,0,0.97654,4.4508,-0.28329,0,-0.13261,-2.0807,0.43351,-1.7819,-4.1816,0,0,0,0,1.6218,1.6214,1.6232,1.6188,-22.791,0.72845,0,8.6279,8.1401,0,10.809
4.14,0.39799,2.9844,1,0.1972,-0.094938,0,0.97575,4.4319,-0.32506,0,-0.1472,-2.0579,0.43024,-2.0094,-4.1739,0,0,0,0,1.6272,1.6271,1.6288,1.6242,-22.699,0.80956,0,9.7594,8.082,0,10.846
4.15,0.4422,2.9809,1,0.19624,-0.10533,0,0.97488,4.4106,-0.36676,0,-0.16127,-2.0328,0.42662,-2.2359,-4.1654,0,0,0,0,1.6333,1.6335,1.635,1.6303,-22.595,0.89008,0,10.887,8.0202,0,10.887
4.16,0.4862,2.9771,1,0.19518,-0.11559,0,0.97393,4.3871,-0.40837,0,-0.17476,-2.0056,0.42267,-2.4613,-4.1561,0,0,0,0,1.6399,1.6404,1.6417,1.6369,-22.481,0.96996,0,12.01,7.9548,0,10.932
4.17,0.52994,2.9728,1,0.19405,-0.12569,0,0.97291,4.3614,-0.44988,0,-0.18766,-1.9762,0.41841,-2.6855,-4.146,0,0,0,0,1.6472,1.6479,1.6491,1.6442,-22.355,1.0492,0,13.128,7.8858,0,10.98
4.18,0.57342,2.9681,1,0.19283,-0.13562,0,0.97181,4.3334,-0.49129,0,-0.19994,-1.9451,0.41386,-2.9083,-4.1351,0,0,0,0,1.6549,1.6559,1.657,1.652,-22.218,1.1277,0,14.241,7.8134,0,11.033
4.19,0.6166,2.9629,1,0.19154,-0.14539,0,0.97066,4.3032,-0.53258,0,-0.21158,-1.9122,0.40903,-3.1298,-4.1235,0,0,0,0,1.6633,1.6645,1.6654,1.6604,-22.07,1.2054,0,15.347,7.7377,0,11.089
4.2,0.65947,2.9574,1,0.19019,-0.15497,0,0.96944,4.2708,-0.57375,0,-0.22256,-1.8778,0.40396,-3.3497,-4.111,0,0,0,0,1.6721,1.6735,1.6743,1.6692,-21.911,1.2824,0,16.448,7.6587,0,11.149
4.21,0.70201,2.9515,1,0.18876,-0.16436,0,0.96817,4.2363,-0.6148,0,-0.23287,-1.842,0.39866,-3.568,-4.0978,0,0,0,0,1.6814,1.683,1.6837,1.6786,-21.741,1.3586,0,17.542,7.5766,0,11.211
4.22,0.74419,2.9451,1,0.18728,-0.17355,0,0.96685,4.1995,-0.65571,0,-0.24252,-1.805,0.39316,-3.7845,-4.0838,0,0,0,0,1.6912,1.693,1.6935,1.6884,-21.561,1.4339,0,18.629,7.4913,0,11.277
4.23,0.78599,2.9384,1,0.18574,-0.18254,0,0.96549,4.1606,-0.69647,0,-0.2515,-1.767,0.38747,-3.9992,-4.0691,0,0,0,0,1.7014,1.7034,1.7038,1.6987,-21.369,1.5084,0,19.708,7.4031,0,11.346
4.24,0.8274,2.9312,1,0.18414,-0.19133,0,0.9641,4.1195,-0.73709,0,-0.25981,-1.728,0.38161,-4.2118,-4.0537,0,0,0,0,1.712,1.7142,1.7145,1.7094,-21.166,1.582,0,20.78,7.3119,0,11.417
4.25,0.86838,2.9236,1,0.1825,-0.1999,0,0.96267,4.0763,-0.77754,0,-0.26747,-1.6883,0.37561,-4.4225,-4.0375,0,0,0,0,1.723,1.7253,1.7255,1.7204,-20.953,1.6546,0,21.842,7.2179,0,11.49
4.26,0.90892,2.9156,1,0.18082,-0.20827,0,0.96121,4.0311,-0.81783,0,-0.27448,-1.648,0.36949,-4.6309,-4.0206,0,0,0,0,1.7343,1.7368,1.7368,1.7318,-20.73,1.7263,0,22.896,7.1212,0,11.566
4.27,0.94899,2.9073,1,0.1791,-0.21641,0,0.95973,3.9837,-0.85795,0,-0.28087,-1.6072,0.36326,-4.837,-4.003,0,0,0,0,1.746,1.7486,1.7485,1.7435,-20.495,1.797,0,23.941,7.0218,0,11.644
4.28,0.98858,2.8985,1,0.17734,-0.22434,0,0.95824,3.9343,-0.89789,0,-0.28665,-1.5661,0.35694,-5.0408,-3.9847,0,0,0,0,1.7579,1.7606,1.7605,1.7555,-20.251,1.8668,0,24.976,6.9199,0,11.724
4.29,1.0277,2.8893,1,0.17555,-0.23205,0,0.95673,3.8829,-0.93764,0,-0.29183,-1.5247,0.35055,-5.242,-3.9656,0,0,0,0,1.7701,1.7729,1.7726,1.7678,-19.996,1.9354,0,26.001,6.8155,0,11.806
4.3,1.0662,2.8797,1,0.17373,-0.23954,0,0.95521,3.8295,-0.9772,0,-0.29645,-1.4832,0.34411,-5.4406,-3.9459,0,0,0,0,1.7825,1.7854,1.7851,1.7803,-19.731,2.0031,0,27.015,6.7088,0,11.889
4.31,1.1043,2.8698,1,0.1719,-0.24682,0,0.95369,3.7741,-1.0166,0,-0.30053,-1.4417,0.33762,-5.6366,-3.9256,0,0,0,0,1.7951,1.7981,1.7976,1.7929,-19.456,2.0696,0,28.017,6.5997,0,11.973
4.32,1.1417,2.8594,1,0.17004,-0.25387,0,0.95217,3.7168,-1.0557,0,-0.30408,-1.4002,0.33112,-5.8297,-3.9046,0,0,0,0,1.8079,1.8109,1.8104,1.8058,-19.171,2.135,0,29.009,6.4884,0,12.058
4.33,1.1786,2.8486,1,0.16816,-0.26071,0,0.95066,3.6575,-1.0946,0,-0.30714,-1.3589,0.3246,-6.02,-3.8829,0,0,0,0,1.8208,1.8238,1.8233,1.8188,-18.876,2.1994,0,29.988,6.3751,0,12.144
4.34,1.2149,2.8375,1,0.16627,-0.26734,0,0.94915,3.5964,-1.1334,0,-0.30973,-1.3177,0.31808,-6.2072,-3.8606,0,0,0,0,1.8338,1.8369,1.8363,1.8318,-18.571,2.2625,0,30.955,6.2598,0,12.231
4.35,1.2505,2.826,1,0.16437,-0.27375,0,0.94765,3.5334,-1.1719,0,-0.31188,-1.2769,0.31157,-6.3913,-3.8376,0,0,0,0,1.8468,1.85,1.8493,1.845,-18.257,2.3246,0,31.908,6.1427,0,12.319
4.36,1.2855,2.8141,1,0.16246,-0.27995,0,0.94617,3.4686,-1.2101,0,-0.31361,-1.2364,0.30509,-6.5723,-3.8141,0,0,0,0,1.86,1.8631,1.8624,1.8582,-17.933,2.3854,0,32.849,6.0238,0,12.406
4.37,1.3199,2.8018,1,0.16055,-0.28595,0,0.9447,3.402,-1.2481,0,-0.31495,-1.1963,0.29864,-6.75,-3.7899,0,0,0,0,1.8731,1.8763,1.8755,1.8714,-17.6,2.445,0,33.775,5.9032,0,12.494
4.38,1.3536,2.7891,1,0.15864,-0.29173,0,0.94325,3.3336,-1.2859,0,-0.31592,-1.1566,0.29222,-6.9243,-3.7652,0,0,0,0,1.8862,1.8894,1.8886,1.8846,-17.257,2.5034,0,34.687,5.7811,0,12.581
4.39,1.3865,2.7761,1,0.15672,-0.29732,0,0.94183,3.2635,-1.3234,0,-0.31656,-1.1174,0.28586,-7.0951,-3.7399,0,0,0,0,1.8993,1.9025,1.9017,1.8977,-16.906,2.5606,0,35.584,5.6576,0,12.669
4.4,1.4188,2.7626,1,0.1548,-0.30271,0,0.94043,3.1917,-1.3607,0,-0.31687,-1.0786,0.27955,-7.2623,-3.714,0,0,0,0,1.9123,1.9156,1.9147,1.9108,-16.546,2.6166,0,36.466,5.5327,0,12.756
4.41,1.4504,2.7488,1,0.15289,-0.3079,0,0.93905,3.1183,-1.3977,0,-0.31689,-1.0404,0.2733,-7.426,-3.6875,0,0,0,0,1.9253,1.9285,1.9275,1.9238,-16.177,2.6713,0,37.332,5.4066,0,12.842
4.42,1.4812,2.7347,1,0.15099,-0.3129,0,0.93771,3.0432,-1.4345,0,-0.31664,-1.0028,0.26712,-7.5859,-3.6606,0,0,0,0,1.9381,1.9413,1.9403,1.9367,-15.799,2.7247,0,38.181,5.2794,0,12.927
4.43,1.5112,2.7202,1,0.14909,-0.3177,0,0.9364,2.9666,-1.4709,0,-0.31614,-0.96564,0.26101,-7.7419,-3.6331,0,0,0,0,1.9508,1.954,1.953,1.9494,-15.413,2.7769,0,39.014,5.1511,0,13.012
4.44,1.5405,2.7053,1,0.1472,-0.32233,0,0.93511,2.8884,-1.5071,0,-0.31541,-0.92908,0.25497,-7.8941,-3.605,0,0,0,0,1.9633,1.9664,1.9654,1.9619,-15.019,2.8277,0,39.83,5.022,0,13.095
4.45,1.569,2.69,1,0.14532,-0.32677,0,0.93387,2.8087,-1.543,0,-0.31448,-0.89308,0.24901,-8.0423,-3.5765,0,0,0,0,1.9756,1.9787,1.9777,1.9743,-14.617,2.8773,0,40.628,4.892,0,13.177
4.46,1.5967,2.6744,1,0.14345,-0.33103,0,0.93265,2.7275,-1.5786,0,-0.31335,-0.85765,0.24313,-8.1864,-3.5475,0,0,0,0,1.9877,1.9908,1.9898,1.9865,-14.206,2.9256,0,41.408,4.7613,0,13.258
4.47,1.6235,2.6584,1,0.14159,-0.33512,0,0.93148,2.645,-1.614,0,-0.31206,-0.82279,0.23734,-8.3264,-3.518,0,0,0,0,1.9995,2.0027,2.0016,1.9984,-13.788,2.9725,0,42.169,4.6301,0,13.337
4.48,1.6496,2.6421,1,0.13975,-0.33903,0,0.93034,2.561,-1.649,0,-0.3106,-0.78849,0.23163,-8.4621,-3.488,0,0,0,0,2.0111,2.0142,2.0132,2.01,-13.363,3.0182,0,42.911,4.4983,0,13.414
4.49,1.6748,2.6255,1,0.13792,-0.34278,0,0.92924,2.4757,-1.6837,0,-0.30902,-0.75474,0.22601,-8.5936,-3.4576,0,0,0,0,2.0225,2.0255,2.0245,2.0214,-12.93,3.0625,0,43.634,4.3662,0,13.49
4.5,1.6991,2.6085,1,0.1361,-0.34636,0,0.92818,2.3892,-1.7182,0,-0.3073,-0.72153,0.22047,-8.7207,-3.4268,0,0,0,0,2.0335,2.0365,2.0355,2.0325,-12.49,3.1055,0,44.336,4.2338,0,13.563
4.51,1.7225,2.5911,1,0.1343,-0.34978,0,0.92716,2.3013,-1.7523,0,-0.30548,-0.68886,0.21503,-8.8434,-3.3955,0,0,0,0,2.0442,2.0472,2.0461,2.0432,-12.044,3.1472,0,45.018,4.1012,0,13.635
4.52,1.7451,2.5734,1,0.13252,-0.35304,0,0.92618,2.2123,-1.7861,0,-0.30357,-0.6567,0.20967,-8.9616,-3.3639,0,0,0,0,2.0546,2.0576,2.0565,2.0536,-11.59,3.1875,0,45.679,3.9686,0,13.704
4.53,1.7668,2.5554,1,0.13075,-0.35614,0,0.92524,2.1221,-1.8195,0,-0.30157,-0.62505,0.20441,-9.0752,-3.3318,0,0,0,0,2.0646,2.0676,2.0665,2.0637,-11.13,3.2266,0,46.319,3.836,0,13.771
4.54,1.7875,2.537,1,0.129,-0.35909,0,0.92435,2.0308,-1.8527,0,-0.2995,-0.59387,0.19923,-9.1841,-3.2993,0,0,0,0,2.0743,2.0772,2.0761,2.0734,-10.664,3.2642,0,46.936,3.7035,0,13.835
4.55,1.8074,2.5183,1,0.12727,-0.36188,0,0.92349,1.9385,-1.8855,0,-0.29737,-0.56317,0.19414,-9.2884,-3.2665,0,0,0,0,2.0835,2.0864,2.0853,2.0827,-10.191,3.3006,0,47.531,3.5713,0,13.897
4.56,1.8263,2.4993,1,0.12555,-0.36454,0,0.92269,1.8451,-1.918,0,-0.2952,-0.53291,0.18914,-9.388,-3.2333,0,0,0,0,2.0924,2.0952,2.0942,2.0915,-9.7133,3.3357,0,48.104,3.4395,0,13.956
4.57,1.8443,2.48,1,0.12385,-0.36704,0,0.92192,1.7507,-1.9502,0,-0.29298,-0.50308,0.18423,-9.4827,-3.1998,0,0,0,0,2.1008,2.1037,2.1026,2.1,-9.2295,3.3694,0,48.653,3.3082,0,14.012
4.58,1.8613,2.4603,1,0.12217,-0.3694,0,0.9212,1.6554,-1.982,0,-0.29074,-0.47365,0.1794,-9.5725,-3.1659,0,0,0,0,2.1088,2.1116,2.1106,2.108,-8.7403,3.4018,0,49.178,3.1776,0,14.065
4.59,1.8774,2.4403,1,0.12051,-0.37162,0,0.92053,1.5593,-2.0135,0,-0.28847,-0.44461,0.17466,-9.6575,-3.1318,0,0,0,0,2.1164,2.1192,2.1181,2.1156,-8.246,3.433,0,49.679,3.0477,0,14.115
4.6,1.8925,2.42,1,0.11887,-0.37371,0,0.9199,1.4623,-2.0447,0,-0.28619,-0.41593,0.17001,-9.7374,-3.0973,0,0,0,0,2.1235,2.1262,2.1252,2.1227,-7.7468,3.4628,0,50.154,2.9188,0,14.163
4.61,1.9066,2.3994,1,0.11724,-0.37565,0,0.91931,1.3646,-2.0755,0,-0.28391,-0.38759,0.16544,-9.8124,-3.0625,0,0,0,0,2.1301,2.1328,2.1318,2.1294,-7.243,3.4913,0,50.605,2.7909,0,14.207
4.62,1.9198,2.3785,1,0.11564,-0.37746,0,0.91878,1.2661,-2.1059,0,-0.28162,-0.35956,0.16095,-9.8823,-3.0275,0,0,0,0,2.1362,2.1389,2.1379,2.1355,-6.7348,3.5186,0,51.029,2.6641,0,14.248
4.63,1.932,2.3573,1,0.11405,-0.37914,0,0.91828,1.1669,-2.136,0,-0.27935,-0.33182,0.15655,-9.9471,-2.9921,0,0,0,0,2.1418,2.1445,2.1435,2.1412,-6.2225,3.5446,0,51.428,2.5387,0,14.285
4.64,1.9431,2.3358,1,0.11248,-0.38069,0,0.91784,1.0672,-2.1657,0,-0.27709,-0.30434,0.15223,-10.007,-2.9566,0,0,0,0,2.147,2.1497,2.1487,2.1463,-5.7063,3.5694,0,51.799,2.4147,0,14.319
4.65,1.9533,2.314,1,0.11093,-0.38211,0,0.91744,0.96681,-2.1951,0,-0.27485,-0.27711,0.14798,-10.061,-2.9208,0,0,0,0,2.1516,2.1543,2.1533,2.151,-5.1866,3.5929,0,52.143,2.2923,0,14.35
4.66,1.9625,2.2919,1,0.10939,-0.3834,0,0.91708,0.86595,-2.2242,0,-0.27264,-0.2501,0.14381,-10.11,-2.8847,0,0,0,0,2.1557,2.1583,2.1574,2.1551,-4.6636,3.6153,0,52.46,2.1715,0,14.377
4.67,1.9706,2.2695,1,0.10787,-0.38456,0,0.91678,0.76462,-2.2528,0,-0.27046,-0.22328,0.13972,-10.154,-2.8485,0,0,0,0,2.1593,2.1619,2.1609,2.1587,-4.1375,3.6364,0,52.747,2.0526,0,14.401
4.68,1.9777,2.2469,1,0.10637,-0.38559,0,0.91652,0.66287,-2.2811,0,-0.26832,-0.19662,0.13571,-10.193,-2.812,0,0,0,0,2.1623,2.1649,2.164,2.1617,-3.6087,3.6563,0,53.007,1.9357,0,14.421
4.69,1.9839,2.2239,1,0.10489,-0.38651,0,0.9163,0.56077,-2.3091,0,-0.26622,-0.17011,0.13177,-10.227,-2.7753,0,0,0,0,2.1648,2.1674,2.1664,2.1642,-3.0775,3.6751,0,53.236,1.8209,0,14.438
4.7,1.989,2.2007,1,0.10343,-0.38729,0,0.91614,0.45836,-2.3366,0,-0.26417,-0.14371,0.1279,-10.255,-2.7385,0,0,0,0,2.1667,2.1693,2.1684,2.1662,-2.5441,3.6927,0,53.436,1.7082,0,14.451
4.71,1.993,2.1772,1,0.10198,-0.38795,0,0.91602,0.35569,-2.3638,0,-0.26217,-0.1174,0.12411,-10.277,-2.7015,0,0,0,0,2.1681,2.1707,2.1698,2.1675,-2.0088,3.7093,0,53.606,1.598,0,14.46
4.72,1.9961,2.1534,1,0.10054,-0.38849,0,0.91595,0.25283,-2.3907,0,-0.26023,-0.09116,0.12038,-10.295,-2.6643,0,0,0,0,2.1689,2.1715,2.1706,2.1684,-1.4721,3.7247,0,53.745,1.4902,0,14.466
4.73,1.9981,2.1294,1,0.099124,-0.38891,0,0.91593,0.14981,-2.4171,0,-0.25835,-0.064959,0.11673,-10.307,-2.627,0,0,0,0,2.1692,2.1717,2.1709,2.1686,-0.93404,3.7391,0,53.853,1.385,0,14.467
4.74,1.9991,2.1051,1,0.097722,-0.3892,0,0.91595,0.046708,-2.4432,0,-0.25653,-0.038772,0.11314,-10.314,-2.5895,0,0,0,0,2.1689,2.1714,2.1706,2.1684,-0.39511,3.7524,0,53.929,1.2826,0,14.465
4.75,1.999,2.0805,1,0.096334,-0.38938,0,0.91603,-0.056438,-2.4689,0,-0.25478,-0.012573,0.10962,-10.315,-2.5519,0,0,0,0,2.168,2.1705,2.1697,2.1675,0.14442,3.7647,0,53.972,1.183,0,14.46
4.76,1.9979,2.0557,1,0.094961,-0.38943,0,0.91615,-0.15957,-2.4942,0,-0.25311,0.013662,0.10617,-10.311,-2.5142,0,0,0,0,2.1665,2.1691,2.1683,2.1661,0.68422,3.7761,0,53.983,1.0865,0,14.45
4.77,1.9958,2.0306,1,0.093602,-0.38935,0,0.91632,-0.26263,-2.5192,0,-0.25151,0.03996,0.10279,-10.301,-2.4764,0,0,0,0,2.1645,2.1671,2.1663,2.1641,1.224,3.7865,0,53.96,0.99306,0,14.437
4.78,1.9927,2.0053,1,0.092256,-0.38916,0,0.91654,-0.36558,-2.5438,0,-0.24999,0.066346,0.099465,-10.286,-2.4385,0,0,0,0,2.162,2.1645,2.1637,2.1615,1.7633,3.796,0,53.904,0.90292,0,14.419
4.79,1.9885,1.9797,1,0.090923,-0.38884,0,0.91681,-0.46834,-2.568,0,-0.24856,0.092846,0.09621,-10.266,-2.4005,0,0,0,0,2.1588,2.1614,2.1606,2.1584,2.3019,3.8045,0,53.814,0.81617,0,14.399
4.8,1.9833,1.9539,1,0.089603,-0.38839,0,0.91713,-0.57087,-2.5918,0,-0.24721,0.11949,0.093018,-10.24,-2.3624,0,0,0,0,2.1551,2.1577,2.1569,2.1547,2.8395,3.8123,0,53.69,0.73279,0,14.374
4.81,1.9771,1.9279,1,0.088294,-0.38782,0,0.9175,-0.67313,-2.6152,0,-0.24596,0.14629,0.08989,-10.209,-2.3243,0,0,0,0,2.1508,2.1534,2.1527,2.1504,3.3756,3.8192,0,53.532,0.65273,0,14.346
4.82,1.9699,1.9016,1,0.086997,-0.38713,0,0.91791,-0.77504,-2.6383,0,-0.24481,0.17329,0.086824,-10.173,-2.286,0,0,0,0,2.146,2.1486,2.1479,2.1456,3.91,3.8254,0,53.342,0.57593,0,14.314
4.83,1.9616,1.8751,1,0.085711,-0.38631,0,0.91838,-0.87656,-2.6609,0,-0.24375,0.2005,0.08382,-10.131,-2.2478,0,0,0,0,2.1407,2.1433,2.1426,2.1402,4.4423,3.8307,0,53.119,0.50233,0,14.278
4.84,1.9523,1.8484,1,0.084435,-0.38536,0,0.9189,-0.97764,-2.6832,0,-0.2428,0.22797,0.080877,-10.084,-2.2094,0,0,0,0,2.1347,2.1374,2.1367,2.1343,4.9723,3.8354,0,52.864,0.43187,0,14.238
4.85,1.9421,1.8215,1,0.083168,-0.38428,0,0.91946,-1.0782,-2.7051,0,-0.24196,0.2557,0.077996,-10.031,-2.1711,0,0,0,0,2.1283,2.1309,2.1303,2.1278,5.4995,3.8394,0,52.579,0.36451,0,14.196
4.86,1.9308,1.7943,1,0.08191,-0.38307,0,0.92008,-1.1783,-2.7266,0,-0.24123,0.28374,0.075174,-9.9738,-2.1326,0,0,0,0,2.1213,2.1239,2.1233,2.1209,6.0238,3.8427,0,52.262,0.30017,0,14.149
4.87,1.9185,1.7669,1,0.08066,-0.38173,0,0.92075,-1.2777,-2.7478,0,-0.24061,0.31211,0.072411,-9.911,-2.0942,0,0,0,0,2.1138,2.1164,2.1159,2.1133,6.5447,3.8454,0,51.916,0.23881,0,14.099
4.88,1.9052,1.7394,1,0.079418,-0.38026,0,0.92147,-1.3765,-2.7685,0,-0.24011,0.34084,0.069707,-9.843,-2.0557,0,0,0,0,2.1057,2.1084,2.1079,2.1053,7.062,3.8475,0,51.539,0.18037,0,14.046
4.89,1.891,1.7116,1,0.078182,-0.37864,0,0.92223,-1.4745,-2.7889,0,-0.23972,0.36996,0.067061,-9.7698,-2.0173,0,0,0,0,2.0972,2.0999,2.0994,2.0968,7.5754,3.849,0,51.134,0.12478,0,13.989
4.9,1.8757,1.6836,1,0.076953,-0.3769,0,0.92305,-1.5718,-2.8089,0,-0.23947,0.39949,0.064472,-9.6915,-1.9788,0,0,0,0,2.0882,2.0909,2.0904,2.0877,8.0846,3.85,0,50.7,0.071997,0,13.929
4.91,1.8595,1.6554,1,0.075729,-0.37501,0,0.92392,-1.6683,-2.8285,0,-0.23933,0.42947,0.061941,-9.6081,-1.9403,0,0,0,0,2.0787,2.0814,2.0809,2.0782,8.5893,3.8505,0,50.238,0.021959,0,13.865
4.92,1.8424,1.627,1,0.074509,-0.37297,0,0.92485,-1.764,-2.8477,0,-0.23933,0.45992,0.059465,-9.5197,-1.9018,0,0,0,0,2.0687,2.0715,2.071,2.0682,9.0892,3.8504,0,49.749,-0.02539,0,13.799
4.93,1.8243,1.5984,1,0.073293,-0.3708,0,0.92582,-1.8587,-2.8665,0,-0.23946,0.49088,0.057045,-9.4263,-1.8633,0,0,0,0,2.0582,2.061,2.0606,2.0578,9.5841,3.85,0,49.232,-0.070109,0,13.729
4.94,1.8052,1.5697,1,0.07208,-0.36847,0,0.92684,-1.9525,-2.8849,0,-0.23973,0.52236,0.054681,-9.328,-1.8248,0,0,0,0,2.0473,2.0502,2.0498,2.0469,10.074,3.8491,0,48.689,-0.11225,0,13.657
4.95,1.7852,1.5408,1,0.07087,-0.36599,0,0.92792,-2.0453,-2.903,0,-0.24013,0.55441,0.052371,-9.2249,-1.7863,0,0,0,0,2.036,2.0389,2.0385,2.0356,10.558,3.8477,0,48.12,-0.15188,0,13.582
4.96,1.7643,1.5116,1,0.06966,-0.36336,0,0.92904,-2.137,-2.9207,0,-0.24068,0.58705,0.050116,-9.1169,-1.7478,0,0,0,0,2.0242,2.0272,2.0268,2.0238,11.036,3.846,0,47.526,-0.18905,0,13.503
4.97,1.7425,1.4823,1,0.068451,-0.36057,0,0.93022,-2.2276,-2.938,0,-0.24137,0.6203,0.047916,-9.0042,-1.7094,0,0,0,0,2.0121,2.0151,2.0147,2.0117,11.508,3.844,0,46.907,-0.22382,0,13.423
4.98,1.7197,1.4529,1,0.067242,-0.35762,0,0.93144,-2.317,-2.9549,0,-0.24221,0.6542,0.045769,-8.8867,-1.6709,0,0,0,0,1.9996,2.0026,2.0023,1.9991,11.974,3.8416,0,46.264,-0.25624,0,13.339
4.99,1.6961,1.4232,1,0.066031,-0.35451,0,0.93272,-2.4053,-2.9714,0,-0.2432,0.68877,0.043675,-8.7647,-1.6325,0,0,0,0,1.9867,1.9897,1.9894,1.9862,12.433,3.8388,0,45.596,-0.28637,0,13.253
5,1.6716,1.3934,1,0.064818,-0.35123,0,0.93404,-2.4923,-2.9875,0,-0.24434,0.72403,0.041636,-8.6381,-1.5942,0,0,0,0,1.9734,1.9766,1.9763,1.973,12.886,3.8358,0,44.906,-0.31428,0,13.165
5.01,1.6463,1.3635,1,0.063602,-0.34777,0,0.93542,-2.578,-3.0033,0,-0.24564,0.76001,0.039649,-8.507,-1.5558,0,0,0,0,1.9599,1.963,1.9628,1.9594,13.332,3.8326,0,44.193,-0.34,0,13.075
5.02,1.6201,1.3334,1,0.062382,-0.34414,0,0.93684,-2.6624,-3.0186,0,-0.2471,0.79673,0.037716,-8.3715,-1.5175,0,0,0,0,1.946,1.9492,1.949,1.9455,13.77,3.829,0,43.457,-0.36362,0,12.983
5.03,1.593,1.3031,1,0.061157,-0.34033,0,0.93832,-2.7455,-3.0336,0,-0.24871,0.83421,0.035836,-8.2316,-1.4792,0,0,0,0,1.9318,1.9351,1.9349,1.9314,14.201,3.8253,0,42.7,-0.38517,0,12.889
5.04,1.5652,1.2727,1,0.059926,-0.33633,0,0.93983,-2.8271,-3.0482,0,-0.25049,0.87246,0.03401,-8.0875,-1.441,0,0,0,0,1.9174,1.9207,1.9206,1.9169,14.624,3.8213,0,41.922,-0.40472,0,12.793
5.05,1.5365,1.2422,1,0.058689,-0.33215,0,0.9414,-2.9072,-3.0624,0,-0.25243,0.91151,0.032237,-7.9392,-1.4028,0,0,0,0,1.9027,1.9061,1.906,1.9023,15.039,3.8172,0,41.123,-0.42233,0,12.695
5.06,1.507,1.2115,1,0.057443,-0.32777,0,0.94301,-2.9858,-3.0763,0,-0.25453,0.95137,0.030517,-7.7868,-1.3647,0,0,0,0,1.8879,1.8913,1.8912,1.8874,15.446,3.8129,0,40.304,-0.43805,0,12.596
5.07,1.4768,1.1806,1,0.056188,-0.32319,0,0.94466,-3.0629,-3.0897,0,-0.2568,0.99204,0.028851,-7.6303,-1.3265,0,0,0,0,1.8728,1.8763,1.8762,1.8723,15.845,3.8085,0,39.465,-0.45193,0,12.496
5.08,1.4458,1.1497,1,0.054923,-0.31841,0,0.94636,-3.1384,-3.1028,0,-0.25923,1.0335,0.027239,-7.4699,-1.2885,0,0,0,0,1.8576,1.8611,1.8611,1.8571,16.235,3.8039,0,38.608,-0.46405,0,12.395
5.09,1.414,1.1186,1,0.053648,-0.31343,0,0.9481,-3.2123,-3.1155,0,-0.26183,1.0758,0.025681,-7.3056,-1.2505,0,0,0,0,1.8422,1.8458,1.8458,1.8417,16.617,3.7992,0,37.731,-0.47444,0,12.292
5.1,1.3816,1.0874,1,0.05236,-0.30823,0,0.94987,-3.2845,-3.1278,0,-0.26459,1.1189,0.024177,-7.1376,-1.2125,0,0,0,0,1.8267,1.8304,1.8304,1.8262,16.99,3.7944,0,36.837,-0.48318,0,12.19
5.11,1.3484,1.056,1,0.05106,-0.30281,0,0.95168,-3.355,-3.1397,0,-0.26751,1.1628,0.022729,-6.9658,-1.1746,0,0,0,0,1.8112,1.8149,1.8149,1.8107,17.354,3.7895,0,35.926,-0.49032,0,12.086
5.12,1.3145,1.0246,1,0.049745,-0.29717,0,0.95353,-3.4238,-3.1513,0,-0.27059,1.2075,0.021335,-6.7905,-1.1367,0,0,0,0,1.7956,1.7993,1.7994,1.795,17.708,3.7846,0,34.998,-0.49591,0,11.982
5.13,1.2799,0.993,1,0.048416,-0.2913,0,0.9554,-3.4908,-3.1625,0,-0.27383,1.253,0.019997,-6.6117,-1.0989,0,0,0,0,1.7799,1.7837,1.7838,1.7794,18.054,3.7796,0,34.053,-0.50002,0,11.878
5.14,1.2446,0.96132,1,0.04707,-0.28521,0,0.95731,-3.556,-3.1733,0,-0.27722,1.2991,0.018715,-6.4295,-1.0611,0,0,0,0,1.7643,1.7682,1.7683,1.7638,18.389,3.7746,0,33.092,-0.50269,0,11.774
5.15,1.2088,0.92954,1,0.045708,-0.27887,0,0.95924,-3.6194,-3.1837,0,-0.28076,1.346,0.017489,-6.244,-1.0234,0,0,0,0,1.7487,1.7526,1.7528,1.7482,18.715,3.7696,0,32.116,-0.50399,0,11.671
5.16,1.1723,0.89765,1,0.044328,-0.2723,0,0.96119,-3.6809,-3.1937,0,-0.28444,1.3934,0.01632,-6.0552,-0.98573,0,0,0,0,1.7332,1.7372,1.7374,1.7327,19.032,3.7645,0,31.126,-0.50397,0,11.567
5.17,1.1352,0.86566,1,0.042929,-0.26549,0,0.96316,-3.7405,-3.2034,0,-0.28825,1.4414,0.015207,-5.8634,-0.94811,0,0,0,0,1.7178,1.7218,1.722,1.7173,19.338,3.7595,0,30.121,-0.5027,0,11.465
5.18,1.0975,0.83358,1,0.041511,-0.25842,0,0.96514,-3.7982,-3.2127,0,-0.29219,1.4899,0.014153,-5.6685,-0.91054,0,0,0,0,1.7026,1.7066,1.7068,1.7021,19.634,3.7545,0,29.102,-0.50022,0,11.364
5.19,1.0592,0.80141,1,0.040072,-0.25111,0,0.96713,-3.8539,-3.2216,0,-0.29623,1.5388,0.013155,-5.4707,-0.87302,0,0,0,0,1.6875,1.6916,1.6918,1.687,19.92,3.7495,0,28.07,-0.4966,0,11.263
5.2,1.0204,0.76915,1,0.038613,-0.24355,0,0.96912,-3.9076,-3.2302,0,-0.30038,1.588,0.012216,-5.2701,-0.83555,0,0,0,0,1.6727,1.6767,1.677,1.6722,20.195,3.7445,0,27.025,-0.49189,0,11.164
5.21,0.98105,0.73681,1,0.037131,-0.23573,0,0.97111,-3.9593,-3.2383,0,-0.30461,1.6374,0.011334,-5.0668,-0.79813,0,0,0,0,1.6581,1.6621,1.6624,1.6576,20.46,3.7397,0,25.969,-0.48615,0,11.067
5.22,0.94121,0.70439,1,0.035628,-0.22765,0,0.97309,-4.0089,-3.2461,0,-0.30892,1.6868,0.01051,-4.8609,-0.76075,0,0,0,0,1.6438,1.6478,1.6481,1.6433,20.715,3.7348,0,24.901,-0.47943,0,10.972
5.23,0.90088,0.67189,1,0.034101,-0.21932,0,0.97506,-4.0565,-3.2535,0,-0.31327,1.7361,0.0097438,-4.6526,-0.72343,0,0,0,0,1.6298,1.6338,1.6341,1.6293,20.958,3.7301,0,23.821,-0.4718,0,10.878
5.24,0.86009,0.63932,1,0.032552,-0.21072,0,0.977,-4.1019,-3.2606,0,-0.31766,1.7852,0.0090349,-4.4418,-0.68615,0,0,0,0,1.6162,1.6201,1.6205,1.6157,21.191,3.7254,0,22.731,-0.46329,0,10.787
5.25,0.81885,0.60668,1,0.030979,-0.20188,0,0.97892,-4.1453,-3.2673,0,-0.32206,1.8339,0.008383,-4.2288,-0.64892,0,0,0,0,1.6029,1.6069,1.6072,1.6025,21.413,3.7208,0,21.631,-0.45395,0,10.699
5.26,0.77719,0.57397,1,0.029382,-0.19278,0,0.9808,-4.1865,-3.2736,0,-0.32646,1.8819,0.0077873,-4.0136,-0.61174,0,0,0,0,1.5902,1.594,1.5944,1.5897,21.624,3.7163,0,20.522,-0.44381,0,10.614
5.27,0.73513,0.54121,1,0.027762,-0.18342,0,0.98264,-4.2256,-3.2795,0,-0.33081,1.9292,0.007247,-3.7964,-0.57459,0,0,0,0,1.5778,1.5816,1.582,1.5774,21.823,3.7119,0,19.403,-0.43294,0,10.531
5.28,0.69269,0.50838,1,0.026118,-0.17382,0,0.98443,-4.2624,-3.2851,0,-0.33511,1.9754,0.0067609,-3.5772,-0.5375,0,0,0,0,1.566,1.5697,1.5701,1.5656,22.012,3.7077,0,18.276,-0.42135,0,10.452
5.29,0.64989,0.47551,1,0.024451,-0.16398,0,0.98616,-4.2971,-3.2903,0,-0.33932,2.0204,0.0063278,-3.3562,-0.50044,0,0,0,0,1.5548,1.5584,1.5588,1.5544,22.189,3.7035,0,17.142,-0.40911,0,10.377
5.3,0.60675,0.44258,1,0.022762,-0.1539,0,0.98782,-4.3296,-3.2951,0,-0.34341,2.0639,0.0059459,-3.1334,-0.46343,0,0,0,0,1.5441,1.5475,1.5479,1.5437,22.355,3.6995,0,15.999,-0.39626,0,10.305
5.31,0.5633,0.40961,1,0.02105,-0.1436,0,0.98941,-4.3598,-3.2995,0,-0.34736,2.1057,0.0056133,-2.9091,-0.42645,0,0,0,0,1.534,1.5373,1.5377,1.5337,22.509,3.6956,0,14.85,-0.38283,0,10.238
5.32,0.51956,0.37659,1,0.019317,-0.13307,0,0.99092,-4.3877,-3.3036,0,-0.35113,2.1456,0.0053279,-2.6833,-0.38951,0,0,0,0,1.5246,1.5277,1.5281,1.5243,22.652,3.6918,0,13.694,-0.36887,0,10.175
5.33,0.47556,0.34354,1,0.017564,-0.12234,0,0.99233,-4.4134,-3.3073,0,-0.3547,2.1832,0.005087,-2.4561,-0.35261,0,0,0,0,1.5159,1.5188,1.5192,1.5156,22.783,3.6882,0,12.532,-0.35443,0,10.116
5.34,0.4313,0.31045,1,0.015791,-0.11141,0,0.99365,-4.4369,-3.3107,0,-0.35803,2.2184,0.0048878,-2.2277,-0.31575,0,0,0,0,1.5078,1.5106,1.5109,1.5076,22.902,3.6847,0,11.365,-0.33955,0,10.061
5.35,0.38683,0.27732,1,0.014001,-0.1003,0,0.99486,-4.458,-3.3136,0,-0.3611,2.251,0.0047271,-1.9981,-0.27892,0,0,0,0,1.5005,1.503,1.5034,1.5003,23.01,3.6814,0,10.193,-0.32427,0,10.012
5.36,0.34215,0.24417,1,0.012195,-0.089024,0,0.99595,-4.4768,-3.3162,0,-0.36388,2.2806,0.0046014,-1.7675,-0.24212,0,0,0,0,1.494,1.4962,1.4966,1.4938,23.106,3.6782,0,9.0165,-0.30863,0,9.9676
5.37,0.2973,0.211,1,0.010374,-0.077594,0,0.99693,-4.4933,-3.3185,0,-0.36634,2.3071,0.004507,-1.536,-0.20535,0,0,0,0,1.4882,1.4902,1.4905,1.4881,23.19,3.6752,0,7.8362,-0.29268,0,9.9283
5.38,0.25229,0.17781,1,0.0085397,-0.06603,0,0.99778,-4.5075,-3.3203,0,-0.36846,2.3302,0.0044399,-1.3038,-0.16861,0,0,0,0,1.4832,1.485,1.4852,1.4831,23.263,3.6724,0,6.6525,-0.27646,0,9.8943
5.39,0.20716,0.14459,1,0.006695,-0.054351,0,0.9985,-4.5194,-3.3218,0,-0.37021,2.3498,0.0043957,-1.0708,-0.1319,0,0,0,0,1.4791,1.4806,1.4808,1.479,23.323,3.6697,0,5.4661,-0.26002,0,9.8658
5.4,0.16191,0.11137,1,0.0048415,-0.042574,0,0.99908,-4.5289,-3.323,0,-0.37158,2.3658,0.0043699,-0.83732,-0.09522,0,0,0,0,1.4758,1.4769,1.4771,1.4758,23.372,3.6672,0,4.2773,-0.2434,0,9.8427
5.41,0.11658,0.078136,1,0.0029815,-0.030722,0,0.99952,-4.5361,-3.3238,0,-0.37256,2.3779,0.0043579,-0.60341,-0.05856,0,0,0,0,1.4733,1.4742,1.4743,1.4733,23.409,3.6648,0,3.0866,-0.22664,0,9.8253
5.42,0.071197,0.044896,1,0.0011171,-0.018813,0,0.99982,-4.541,-3.3242,0,-0.37312,2.3862,0.0043548,-0.36919,-0.021923,0,0,0,0,1.4717,1.4723,1.4724,1.4718,23.434,3.6627,0,1.8947,-0.20978,0,9.8136
5.43,0.025772,0.011654,1,-0.00074913,-0.0068712,0,0.99998,-4.5435,-3.3242,0,-0.37327,2.3905,0.0043557,-0.13478,0.014694,0,0,0,0,1.471,1.4712,1.4713,1.4711,23.447,3.6607,0,0.70206,-0.19287,0,9.8075
5.44,-0.019666,-0.021586,1,-0.002615,0.0050834,0,0.99998,-4.5437,-3.3239,0,-0.373,2.3907,0.0043557,0.099707,0.051291,0,0,0,0,1.4711,1.471,1.471,1.4712,23.448,3.6588,0,-0.49088,-0.17596,0,9.8072
5.45,-0.065094,-0.054822,1,-0.0044781,0.017029,0,0.99984,-4.5415,-3.3232,0,-0.37232,2.387,0.0043498,0.33414,0.087871,0,0,0,0,1.4721,1.4717,1.4716,1.4723,23.437,3.6571,0,-1.6836,-0.15908,0,9.8127
5.46,-0.11049,-0.088048,1,-0.0063361,0.028943,0,0.99956,-4.537,-3.3221,0,-0.37121,2.3793,0.0043332,0.56841,0.12443,0,0,0,0,1.4739,1.4732,1.4731,1.4741,23.414,3.6556,0,-2.8755,-0.14228,0,9.8238
5.47,-0.15583,-0.12126,1,-0.0081866,0.040804,0,0.99913,-4.5302,-3.3207,0,-0.36971,2.3676,0.004301,0.80238,0.16098,0,0,0,0,1.4766,1.4755,1.4754,1.4768,23.379,3.6543,0,-4.0661,-0.12561,0,9.8407
5.48,-0.20108,-0.15446,1,-0.010027,0.052592,0,0.99857,-4.521,-3.3189,0,-0.36781,2.3522,0.0042486,1.036,0.19752,0,0,0,0,1.4801,1.4788,1.4786,1.4804,23.333,3.6531,0,-5.255,-0.10909,0,9.8631
5.49,-0.24624,-0.18764,1,-0.011856,0.064286,0,0.99786,-4.5095,-3.3167,0,-0.36554,2.333,0.0041715,1.269,0.23405,0,0,0,0,1.4845,1.4828,1.4826,1.4848,23.274,3.6521,0,-6.4415,-0.092794,0,9.8911
5.5,-0.29127,-0.22079,1,-0.013672,0.075866,0,0.99702,-4.4956,-3.3142,0,-0.36291,2.3104,0.0040656,1.5014,0.27056,0,0,0,0,1.4896,1.4877,1.4875,1.49,23.204,3.6513,0,-7.6252,-0.076745,0,9.9246
5.51,-0.33614,-0.25392,1,-0.015471,0.087315,0,0.99606,-4.4794,-3.3113,0,-0.35996,2.2843,0.0039269,1.733,0.30707,0,0,0,0,1.4956,1.4934,1.4931,1.4959,23.122,3.6506,0,-8.8056,-0.060994,0,9.9633
5.52,-0.38085,-0.28702,1,-0.017253,0.098615,0,0.99498,-4.4609,-3.3081,0,-0.35669,2.2551,0.0037516,1.9638,0.34357,0,0,0,0,1.5023,1.4999,1.4995,1.5027,23.028,3.65,0,-9.9821,-0.045582,0,10.007
5.53,-0.42535,-0.32008,1,-0.019016,0.10975,0,0.99378,-4.4402,-3.3044,0,-0.35315,2.223,0.0035365,2.1936,0.38007,0,0,0,0,1.5097,1.5071,1.5067,1.5101,22.922,3.6497,0,-11.154,-0.030553,0,10.056
5.54,-0.46964,-0.35311,1,-0.020758,0.1207,0,0.99247,-4.4171,-3.3005,0,-0.34936,2.1882,0.0032784,2.4222,0.41657,0,0,0,0,1.5179,1.515,1.5147,1.5183,22.805,3.6494,0,-12.322,-0.015951,0,10.11
5.55,-0.51369,-0.38609,1,-0.022479,0.13146,0,0.99107,-4.3917,-3.2961,0,-0.34535,2.1508,0.0029747,2.6496,0.45306,0,0,0,0,1.5268,1.5237,1.5233,1.5272,22.676,3.6493,0,-13.483,-0.0018186,0,10.168
5.56,-0.55747,-0.41903,1,-0.024177,0.14202,0,0.98957,-4.3641,-3.2914,0,-0.34115,2.1113,0.002623,2.8757,0.48956,0,0,0,0,1.5363,1.5331,1.5326,1.5367,22.535,3.6494,0,-14.639,0.0118,0,10.231
5.57,-0.60096,-0.45192,1,-0.025851,0.15235,0,0.98799,-4.3342,-3.2863,0,-0.33679,2.0698,0.0022212,3.1003,0.52605,0,0,0,0,1.5465,1.5431,1.5426,1.5469,22.383,3.6496,0,-15.789,0.024861,0,10.298
5.58,-0.64415,-0.48475,1,-0.027501,0.16246,0,0.98633,-4.3021,-3.2809,0,-0.3323,2.0265,0.0017676,3.3233,0.56255,0,0,0,0,1.5572,1.5537,1.5532,1.5577,22.219,3.6499,0,-16.931,0.037323,0,10.37
5.59,-0.687,-0.51753,1,-0.029125,0.17234,0,0.98461,-4.2677,-3.2751,0,-0.32771,1.9817,0.0012607,3.5446,0.59905,0,0,0,0,1.5685,1.5649,1.5644,1.569,22.044,3.6503,0,-18.067,0.04914,0,10.445
5.6,-0.72949,-0.55025,1,-0.030725,0.18197,0,0.98282,-4.2312,-3.2689,0,-0.32305,1.9357,0.00069932,3.7642,0.63555,0,0,0,0,1.5804,1.5767,1.5762,1.5808,21.858,3.6509,0,-19.194,0.06027,0,10.523
5.61,-0.77161,-0.58291,1,-0.032299,0.19136,0,0.98099,-4.1925,-3.2624,0,-0.31834,1.8886,8.2632e-05,3.9818,0.67207,0,0,0,0,1.5928,1.5889,1.5884,1.5932,21.661,3.6515,0,-20.312,0.07067,0,10.605
5.62,-0.81333,-0.6155,1,-0.033848,0.2005,0,0.97911,-4.1516,-3.2555,0,-0.31362,1.8406,-0.00059004,4.1973,0.70858,0,0,0,0,1.6056,1.6017,1.6011,1.606,21.452,3.6523,0,-21.422,0.080295,0,10.691
5.63,-0.85464,-0.64802,1,-0.035371,0.20938,0,0.97719,-4.1085,-3.2482,0,-0.3089,1.7921,-0.0013191,4.4108,0.74511,0,0,0,0,1.6188,1.6149,1.6143,1.6192,21.232,3.6531,0,-22.522,0.089103,0,10.779
5.64,-0.8955,-0.68046,1,-0.036869,0.21801,0,0.97525,-4.0634,-3.2406,0,-0.3042,1.7431,-0.0021048,4.6219,0.78165,0,0,0,0,1.6324,1.6285,1.6279,1.6328,21.001,3.654,0,-23.612,0.09705,0,10.869
5.65,-0.9359,-0.71283,1,-0.038342,0.22638,0,0.97328,-4.0161,-3.2326,0,-0.29956,1.6938,-0.0029472,4.8308,0.81819,0,0,0,0,1.6464,1.6424,1.6419,1.6468,20.76,3.6551,0,-24.692,0.10409,0,10.962
5.66,-0.97581,-0.74511,1,-0.039791,0.23449,0,0.9713,-3.9668,-3.2242,0,-0.29498,1.6445,-0.0038462,5.0371,0.85475,0,0,0,0,1.6607,1.6567,1.6561,1.661,20.508,3.6561,0,-25.76,0.11019,0,11.058
5.67,-1.0152,-0.77731,1,-0.041217,0.24235,0,0.96931,-3.9154,-3.2155,0,-0.29049,1.5951,-0.0048016,5.2409,0.89132,0,0,0,0,1.6753,1.6713,1.6707,1.6756,20.245,3.6573,0,-26.817,0.11529,0,11.155
5.68,-1.0541,-0.80942,1,-0.042619,0.24995,0,0.96732,-3.8619,-3.2064,0,-0.2861,1.546,-0.005813,5.442,0.92789,0,0,0,0,1.6901,1.6861,1.6856,1.6904,19.971,3.6584,0,-27.862,0.11936,0,11.254
5.69,-1.0925,-0.84144,1,-0.043999,0.2573,0,0.96533,-3.8065,-3.1969,0,-0.28181,1.4971,-0.00688,5.6403,0.96448,0,0,0,0,1.7052,1.7012,1.7006,1.7054,19.688,3.6596,0,-28.894,0.12234,0,11.354
5.7,-1.1302,-0.87336,1,-0.045357,0.2644,0,0.96334,-3.7492,-3.1871,0,-0.27765,1.4486,-0.0080022,5.8357,1.0011,0,0,0,0,1.7204,1.7164,1.7159,1.7206,19.394,3.6609,0,-29.913,0.12421,0,11.455
5.71,-1.1674,-0.90518,1,-0.046695,0.27126,0,0.96137,-3.6898,-3.1769,0,-0.27363,1.4006,-0.009179,6.0281,1.0377,0,0,0,0,1.7357,1.7318,1.7312,1.7359,19.089,3.6621,0,-30.919,0.1249,0,11.558
5.72,-1.204,-0.93689,1,-0.048013,0.27787,0,0.95942,-3.6286,-3.1663,0,-0.26974,1.3531,-0.01041,6.2174,1.0743,0,0,0,0,1.7512,1.7473,1.7467,1.7514,18.775,3.6634,0,-31.91,0.12438,0,11.661
5.73,-1.24,-0.9685,1,-0.049312,0.28423,0,0.95749,-3.5655,-3.1554,0,-0.26601,1.3062,-0.011694,6.4036,1.111,0,0,0,0,1.7667,1.7629,1.7623,1.7669,18.451,3.6646,0,-32.886,0.12261,0,11.765
5.74,-1.2753,-1,1,-0.050594,0.29037,0,0.95558,-3.5005,-3.1441,0,-0.26243,1.26,-0.013032,6.5864,1.1476,0,0,0,0,1.7823,1.7785,1.778,1.7824,18.118,3.6658,0,-33.848,0.11953,0,11.869
5.75,-1.31,-1.0314,1,-0.051858,0.29627,0,0.9537,-3.4338,-3.1324,0,-0.25901,1.2145,-0.014421,6.7659,1.1843,0,0,0,0,1.7979,1.7942,1.7936,1.798,17.774,3.667,0,-34.793,0.11511,0,11.973
5.76,-1.344,-1.0626,1,-0.053107,0.30194,0,0.95184,-3.3652,-3.1204,0,-0.25575,1.1698,-0.015863,6.9419,1.221,0,0,0,0,1.8135,1.8098,1.8093,1.8135,17.422,3.6681,0,-35.722,0.10929,0,12.077
5.77,-1.3773,-1.0938,1,-0.054341,0.3074,0,0.95003,-3.2949,-3.108,0,-0.25266,1.1258,-0.017356,7.1143,1.2576,0,0,0,0,1.829,1.8254,1.8248,1.829,17.06,3.6692,0,-36.635,0.10205,0,12.18
5.78,-1.4099,-1.1248,1,-0.055561,0.31263,0,0.94825,-3.223,-3.0953,0,-0.24974,1.0827,-0.0189,7.283,1.2943,0,0,0,0,1.8445,1.8409,1.8404,1.8445,16.689,3.6701,0,-37.53,0.093321,0,12.284
5.79,-1.4418,-1.1557,1,-0.056769,0.31766,0,0.94651,-3.1493,-3.0821,0,-0.24698,1.0403,-0.020494,7.448,1.3311,0,0,0,0,1.8598,1.8563,1.8558,1.8598,16.309,3.671,0,-38.408,0.083073,0,12.386
5.8,-1.4729,-1.1864,1,-0.057964,0.32247,0,0.9448,-3.074,-3.0686,0,-0.2444,0.9988,-0.022138,7.6092,1.3678,0,0,0,0,1.875,1.8715,1.871,1.875,15.921,3.6718,0,-39.267,0.07126,0,12.488
5.81,-1.5032,-1.2171,1,-0.059149,0.32708,0,0.94314,-2.9971,-3.0548,0,-0.24198,0.95808,-0.023832,7.7664,1.4045,0,0,0,0,1.8901,1.8867,1.8861,1.89,15.524,3.6725,0,-40.107,0.057835,0,12.588
5.82,-1.5328,-1.2475,1,-0.060325,0.33149,0,0.94153,-2.9187,-3.0405,0,-0.23973,0.91818,-0.025576,7.9197,1.4412,0,0,0,0,1.9049,1.9016,1.9011,1.9048,15.119,3.673,0,-40.928,0.042755,0,12.687
5.83,-1.5616,-1.2779,1,-0.061492,0.33571,0,0.93996,-2.8387,-3.026,0,-0.23765,0.87909,-0.027368,8.0688,1.4779,0,0,0,0,1.9196,1.9163,1.9158,1.9194,14.706,3.6733,0,-41.728,0.025976,0,12.785
5.84,-1.5896,-1.3081,1,-0.062651,0.33974,0,0.93843,-2.7573,-3.011,0,-0.23573,0.84079,-0.02921,8.2137,1.5147,0,0,0,0,1.934,1.9307,1.9302,1.9338,14.284,3.6735,0,-42.509,0.0074534,0,12.881
5.85,-1.6167,-1.3381,1,-0.063803,0.34359,0,0.93695,-2.6745,-2.9957,0,-0.23398,0.80327,-0.0311,8.3545,1.5514,0,0,0,0,1.9482,1.9449,1.9445,1.948,13.856,3.6734,0,-43.269,-0.012857,0,12.976
5.86,-1.6431,-1.368,1,-0.06495,0.34725,0,0.93552,-2.5903,-2.98,0,-0.23238,0.76652,-0.03304,8.4908,1.5881,0,0,0,0,1.962,1.9589,1.9584,1.9618,13.419,3.6732,0,-44.007,-0.034999,0,13.069
5.87,-1.6685,-1.3977,1,-0.066092,0.35074,0,0.93414,-2.5047,-2.9639,0,-0.23095,0.73051,-0.035028,8.6228,1.6249,0,0,0,0,1.9756,1.9725,1.972,1.9753,12.975,3.6727,0,-44.723,-0.059017,0,13.159
5.88,-1.6932,-1.4272,1,-0.067231,0.35405,0,0.93281,-2.4178,-2.9475,0,-0.22967,0.69522,-0.037065,8.7503,1.6616,0,0,0,0,1.9889,1.9858,1.9853,1.9886,12.525,3.672,0,-45.416,-0.084956,0,13.248
5.89,-1.7169,-1.4566,1,-0.068366,0.3572,0,0.93152,-2.3297,-2.9307,0,-0.22854,0.66063,-0.039152,8.8733,1.6983,0,0,0,0,2.0018,1.9987,1.9983,2.0015,12.067,3.671,0,-46.087,-0.11286,0,13.334
5.9,-1.7397,-1.4859,1,-0.0695,0.36018,0,0.93029,-2.2404,-2.9135,0,-0.22757,0.62671,-0.041287,8.9916,1.735,0,0,0,0,2.0143,2.0113,2.0109,2.014,11.603,3.6698,0,-46.734,-0.14277,0,13.417
5.91,-1.7617,-1.5149,1,-0.070632,0.363,0,0.92911,-2.1499,-2.896,0,-0.22674,0.59344,-0.043473,9.1053,1.7717,0,0,0,0,2.0265,2.0235,2.0231,2.0261,11.133,3.6682,0,-47.357,-0.17474,0,13.499
5.92,-1.7827,-1.5438,1,-0.071765,0.36566,0,0.92798,-2.0583,-2.8781,0,-0.22606,0.56079,-0.045708,9.2143,1.8084,0,0,0,0,2.0382,2.0354,2.0349,2.0379,10.656,3.6663,0,-47.955,-0.2088,0,13.577
5.93,-1.8029,-1.5725,1,-0.072898,0.36817,0,0.9269,-1.9656,-2.8598,0,-0.22551,0.52873,-0.047993,9.3184,1.845,0,0,0,0,2.0496,2.0468,2.0463,2.0492,10.174,3.664,0,-48.529,-0.245,0,13.653
5.94,-1.8221,-1.601,1,-0.074032,0.37053,0,0.92587,-1.8719,-2.8412,0,-0.22511,0.49724,-0.050329,9.4177,1.8817,0,0,0,0,2.0605,2.0577,2.0573,2.0601,9.6855,3.6613,0,-49.076,-0.28339,0,13.726
5.95,-1.8403,-1.6293,1,-0.075169,0.37274,0,0.92489,-1.7773,-2.8222,0,-0.22484,0.46629,-0.052716,9.5121,1.9183,0,0,0,0,2.071,2.0682,2.0678,2.0706,9.1922,3.6583,0,-49.598,-0.32401,0,13.796
5.96,-1.8576,-1.6574,1,-0.076308,0.3748,0,0.92396,-1.6817,-2.8028,0,-0.2247,0.43584,-0.055154,9.6016,1.9548,0,0,0,0,2.081,2.0783,2.0779,2.0806,8.6937,3.6549,0,-50.093,-0.3669,0,13.863
5.97,-1.8739,-1.6853,1,-0.077452,0.37673,0,0.92308,-1.5853,-2.7831,0,-0.22469,0.40588,-0.057645,9.686,1.9914,0,0,0,0,2.0906,2.0879,2.0874,2.0901,8.1904,3.651,0,-50.561,-0.41212,0,13.927
5.98,-1.8893,-1.7131,1,-0.0786,0.37851,0,0.92226,-1.488,-2.763,0,-0.22481,0.37636,-0.060188,9.7653,2.0278,0,0,0,0,2.0997,2.097,2.0965,2.0992,7.6826,3.6466,0,-51.001,-0.45969,0,13.987
5.99,-1.9037,-1.7406,1,-0.079753,0.38015,0,0.92148,-1.39,-2.7425,0,-0.22504,0.34727,-0.062785,9.8396,2.0643,0,0,0,0,2.1083,2.1056,2.1052,2.1077,7.1705,3.6418,0,-51.412,-0.50967,0,14.045
6,-1.9171,-1.7679,1,-0.080912,0.38166,0,0.92076,-1.2912,-2.7217,0,-0.2254,0.31856,-0.065436,9.9087,2.1007,0,0,0,0,2.1163,2.1137,2.1133,2.1158,6.6544,3.6364,0,-51.795,-0.5621,0,14.098
6.01,-1.9295,-1.795,1,-0.082078,0.38303,0,0.92008,-1.1918,-2.7005,0,-0.22587,0.29022,-0.068142,9.9727,2.137,0,0,0,0,2.1239,2.1213,2.1208,2.1233,6.1347,3.6305,0,-52.149,-0.61703,0,14.149
6.02,-1.9409,-1.8219,1,-0.083252,0.38427,0,0.91946,-1.0918,-2.6789,0,-0.22646,0.26222,-0.070903,10.031,2.1733,0,0,0,0,2.1309,2.1283,2.1279,2.1303,5.6115,3.6241,0,-52.473,-0.6745,0,14.196
6.03,-1.9513,-1.8486,1,-0.084433,0.38538,0,0.91889,-0.9912,-2.657,0,-0.22715,0.23452,-0.07372,10.085,2.2095,0,0,0,0,2.1375,2.1349,2.1344,2.1368,5.0853,3.617,0,-52.767,-0.73455,0,14.239
6.04,-1.9607,-1.8751,1,-0.085623,0.38637,0,0.91836,-0.8901,-2.6348,0,-0.22795,0.2071,-0.076594,10.133,2.2456,0,0,0,0,2.1434,2.1408,2.1404,2.1428,4.5563,3.6094,0,-53.03,-0.79723,0,14.279
6.05,-1.9691,-1.9013,1,-0.086823,0.38722,0,0.91789,-0.78855,-2.6121,0,-0.22886,0.17993,-0.079526,10.176,2.2817,0,0,0,0,2.1489,2.1463,2.1458,2.1482,4.0248,3.6011,0,-53.261,-0.86258,0,14.315
6.06,-1.9765,-1.9273,1,-0.088032,0.38795,0,0.91747,-0.6866,-2.5891,0,-0.22986,0.15298,-0.082516,10.214,2.3176,0,0,0,0,2.1537,2.1512,2.1507,2.153,3.4912,3.5921,0,-53.461,-0.93064,0,14.348
6.07,-1.9829,-1.9531,1,-0.089252,0.38855,0,0.91709,-0.5843,-2.5658,0,-0.23096,0.12623,-0.085566,10.246,2.3535,0,0,0,0,2.158,2.1555,2.155,2.1573,2.9557,3.5824,0,-53.628,-1.0015,0,14.377
6.08,-1.9882,-1.9786,1,-0.090483,0.38903,0,0.91677,-0.4817,-2.5421,0,-0.23215,0.09965,-0.088676,10.273,2.3893,0,0,0,0,2.1618,2.1593,2.1588,2.1611,2.4187,3.5721,0,-53.763,-1.0751,0,14.402
6.09,-1.9925,-2.0039,1,-0.091725,0.38938,0,0.9165,-0.37886,-2.518,0,-0.23343,0.073211,-0.091846,10.294,2.425,0,0,0,0,2.165,2.1625,2.162,2.1643,1.8805,3.5609,0,-53.864,-1.1516,0,14.423
6.1,-1.9958,-2.029,1,-0.09298,0.38962,0,0.91627,-0.27584,-2.4936,0,-0.23479,0.04689,-0.095079,10.31,2.4605,0,0,0,0,2.1676,2.1651,2.1646,2.1669,1.3415,3.549,0,-53.931,-1.2309,0,14.44
6.11,-1.998,-2.0538,1,-0.094247,0.38973,0,0.9161,-0.17267,-2.4688,0,-0.23623,0.02066,-0.098373,10.321,2.4959,0,0,0,0,2.1697,2.1672,2.1667,2.1689,0.80204,3.5363,0,-53.965,-1.313,0,14.454
6.12,-1.9992,-2.0784,1,-0.095528,0.38971,0,0.91597,-0.069433,-2.4436,0,-0.23776,-0.0055052,-0.10173,10.326,2.5312,0,0,0,0,2.1712,2.1687,2.1682,2.1704,0.26236,3.5227,0,-53.966,-1.3978,0,14.464
6.13,-1.9994,-2.1027,1,-0.096822,0.38958,0,0.91589,0.033834,-2.4181,0,-0.23935,-0.031631,-0.10515,10.326,2.5664,0,0,0,0,2.1721,2.1696,2.1691,2.1713,-0.27717,3.5083,0,-53.934,-1.4852,0,14.47
6.14,-1.9986,-2.1267,1,-0.09813,0.38932,0,0.91586,0.13707,-2.3923,0,-0.24102,-0.057743,-0.10864,10.321,2.6014,0,0,0,0,2.1725,2.17,2.1694,2.1717,-0.81623,3.493,0,-53.871,-1.5751,0,14.473
6.15,-1.9967,-2.1505,1,-0.099452,0.38894,0,0.91588,0.24023,-2.3661,0,-0.24275,-0.083867,-0.11219,10.31,2.6362,0,0,0,0,2.1723,2.1697,2.1692,2.1714,-1.3545,3.4768,0,-53.776,-1.6673,0,14.471
6.16,-1.9938,-2.174,1,-0.10079,0.38844,0,0.91594,0.34326,-2.3396,0,-0.24454,-0.11003,-0.11581,10.294,2.6709,0,0,0,0,2.1715,2.169,2.1684,2.1707,-1.8916,3.4597,0,-53.65,-1.7618,0,14.466
6.17,-1.9898,-2.1973,1,-0.10214,0.38782,0,0.91606,0.44609,-2.3127,0,-0.24639,-0.13626,-0.1195,10.272,2.7054,0,0,0,0,2.1702,2.1676,2.1671,2.1693,-2.4274,3.4416,0,-53.493,-1.8584,0,14.457
6.18,-1.9848,-2.2203,1,-0.10351,0.38707,0,0.91622,0.54868,-2.2855,0,-0.2483,-0.16257,-0.12326,10.245,2.7398,0,0,0,0,2.1683,2.1657,2.1652,2.1674,-2.9614,3.4225,0,-53.307,-1.9572,0,14.444
6.19,-1.9788,-2.243,1,-0.10489,0.3862,0,0.91643,0.65098,-2.2579,0,-0.25025,-0.18901,-0.12709,10.213,2.7739,0,0,0,0,2.1659,2.1633,2.1627,2.165,-3.4934,3.4024,0,-53.09,-2.0579,0,14.428
6.2,-1.9718,-2.2655,1,-0.10629,0.38521,0,0.91669,0.75292,-2.23,0,-0.25225,-0.21558,-0.131,10.175,2.8078,0,0,0,0,2.1629,2.1603,2.1597,2.162,-4.0231,3.3813,0,-52.845,-2.1605,0,14.408
6.21,-1.9638,-2.2876,1,-0.10771,0.38409,0,0.91699,0.85446,-2.2018,0,-0.25429,-0.24232,-0.13497,10.132,2.8415,0,0,0,0,2.1594,2.1567,2.1561,2.1584,-4.5502,3.3592,0,-52.57,-2.2648,0,14.384
6.22,-1.9547,-2.3095,1,-0.10914,0.38284,0,0.91735,0.95555,-2.1732,0,-0.25636,-0.26926,-0.13902,10.084,2.875,0,0,0,0,2.1553,2.1527,2.152,2.1543,-5.0744,3.336,0,-52.268,-2.3709,0,14.357
6.23,-1.9447,-2.3311,1,-0.1106,0.38146,0,0.91774,1.0561,-2.1443,0,-0.25847,-0.29641,-0.14315,10.031,2.9082,0,0,0,0,2.1507,2.148,2.1474,2.1497,-5.5955,3.3118,0,-51.937,-2.4785,0,14.326
6.24,-1.9336,-2.3524,1,-0.11206,0.37996,0,0.91819,1.1562,-2.115,0,-0.2606,-0.3238,-0.14736,9.9724,2.9412,0,0,0,0,2.1456,2.1429,2.1423,2.1446,-6.1131,3.2865,0,-51.58,-2.5875,0,14.292
6.25,-1.9215,-2.3734,1,-0.11355,0.37832,0,0.91868,1.2556,-2.0854,0,-0.26274,-0.35147,-0.15164,9.9087,2.9739,0,0,0,0,2.14,2.1373,2.1366,2.139,-6.627,3.26,0,-51.195,-2.698,0,14.255
6.26,-1.9085,-2.3941,1,-0.11505,0.37656,0,0.91922,1.3543,-2.0555,0,-0.26491,-0.37942,-0.15601,9.8399,3.0064,0,0,0,0,2.1339,2.1311,2.1304,2.1328,-7.1369,3.2325,0,-50.784,-2.8097,0,14.214
6.27,-1.8945,-2.4145,1,-0.11657,0.37466,0,0.91981,1.4523,-2.0253,0,-0.26707,-0.4077,-0.16045,9.766,3.0386,0,0,0,0,2.1272,2.1245,2.1238,2.1262,-7.6426,3.2038,0,-50.347,-2.9225,0,14.17
6.28,-1.8795,-2.4346,1,-0.11811,0.37262,0,0.92044,1.5496,-1.9948,0,-0.26924,-0.43631,-0.16498,9.6871,3.0705,0,0,0,0,2.1202,2.1174,2.1166,2.1191,-8.1438,3.174,0,-49.885,-3.0365,0,14.122
6.29,-1.8635,-2.4544,1,-0.11966,0.37045,0,0.92111,1.6461,-1.9639,0,-0.2714,-0.46529,-0.1696,9.6032,3.1021,0,0,0,0,2.1126,2.1098,2.109,2.1116,-8.6402,3.1431,0,-49.397,-3.1514,0,14.072
6.3,-1.8465,-2.4739,1,-0.12124,0.36813,0,0.92184,1.7417,-1.9327,0,-0.27355,-0.49466,-0.1743,9.5143,3.1333,0,0,0,0,2.1046,2.1018,2.101,2.1036,-9.1316,3.111,0,-48.885,-3.2672,0,14.018
6.31,-1.8286,-2.493,1,-0.12283,0.36567,0,0.9226,1.8363,-1.9012,0,-0.27567,-0.52445,-0.17908,9.4205,3.1643,0,0,0,0,2.0961,2.0933,2.0925,2.0951,-9.6178,3.0778,0,-48.349,-3.3837,0,13.962
6.32,-1.8098,-2.5119,1,-0.12443,0.36307,0,0.92342,1.9301,-1.8694,0,-0.27776,-0.55466,-0.18396,9.322,3.1949,0,0,0,0,2.0873,2.0844,2.0835,2.0862,-10.099,3.0433,0,-47.789,-3.5009,0,13.902
6.33,-1.79,-2.5304,1,-0.12606,0.36032,0,0.92427,2.0228,-1.8373,0,-0.27981,-0.58533,-0.18892,9.2186,3.2251,0,0,0,0,2.078,2.0751,2.0742,2.0769,-10.574,3.0077,0,-47.206,-3.6186,0,13.84
6.34,-1.7694,-2.5486,1,-0.1277,0.35742,0,0.92517,2.1144,-1.8049,0,-0.28181,-0.61648,-0.19397,9.1105,3.255,0,0,0,0,2.0683,2.0654,2.0644,2.0672,-11.043,2.971,0,-46.6,-3.7369,0,13.776
6.35,-1.7478,-2.5665,1,-0.12936,0.35437,0,0.92611,2.205,-1.7722,0,-0.28375,-0.64813,-0.1991,8.9978,3.2846,0,0,0,0,2.0582,2.0553,2.0543,2.0572,-11.505,2.933,0,-45.972,-3.8554,0,13.708
6.36,-1.7253,-2.5841,1,-0.13103,0.35116,0,0.9271,2.2944,-1.7392,0,-0.28561,-0.68028,-0.20433,8.8804,3.3137,0,0,0,0,2.0478,2.0448,2.0438,2.0467,-11.962,2.8939,0,-45.323,-3.9742,0,13.639
6.37,-1.7019,-2.6013,1,-0.13273,0.34779,0,0.92813,2.3826,-1.706,0,-0.28739,-0.71297,-0.20965,8.7585,3.3424,0,0,0,0,2.037,2.034,2.033,2.036,-12.412,2.8535,0,-44.651,-4.0932,0,13.567
6.38,-1.6776,-2.6182,1,-0.13443,0.34426,0,0.9292,2.4695,-1.6724,0,-0.28907,-0.7462,-0.21505,8.6322,3.3708,0,0,0,0,2.0259,2.0229,2.0218,2.0249,-12.855,2.812,0,-43.96,-4.2121,0,13.492
6.39,-1.6525,-2.6347,1,-0.13615,0.34057,0,0.93031,2.5552,-1.6385,0,-0.29063,-0.77999,-0.22055,8.5015,3.3987,0,0,0,0,2.0145,2.0114,2.0103,2.0135,-13.291,2.7693,0,-43.247,-4.3308,0,13.416
6.4,-1.6265,-2.651,1,-0.13789,0.33671,0,0.93146,2.6395,-1.6044,0,-0.29207,-0.81436,-0.22613,8.3664,3.4261,0,0,0,0,2.0028,1.9997,1.9986,2.0018,-13.72,2.7254,0,-42.515,-4.4494,0,13.338
6.41,-1.5997,-2.6668,1,-0.13963,0.33267,0,0.93265,2.7225,-1.57,0,-0.29337,-0.8493,-0.2318,8.2271,3.4532,0,0,0,0,1.9909,1.9877,1.9865,1.9898,-14.141,2.6803,0,-41.763,-4.5676,0,13.258
6.42,-1.5721,-2.6824,1,-0.14139,0.32846,0,0.93387,2.8041,-1.5354,0,-0.29451,-0.88483,-0.23755,8.0836,3.4797,0,0,0,0,1.9786,1.9755,1.9742,1.9776,-14.555,2.634,0,-40.992,-4.6853,0,13.177
6.43,-1.5436,-2.6975,1,-0.14316,0.32407,0,0.93514,2.8842,-1.5004,0,-0.29547,-0.92095,-0.24339,7.936,3.5059,0,0,0,0,1.9662,1.963,1.9617,1.9652,-14.961,2.5866,0,-40.203,-4.8024,0,13.094
6.44,-1.5144,-2.7124,1,-0.14494,0.3195,0,0.93644,2.9628,-1.4652,0,-0.29624,-0.95766,-0.2493,7.7844,3.5315,0,0,0,0,1.9536,1.9503,1.949,1.9526,-15.359,2.538,0,-39.395,-4.9188,0,13.009
6.45,-1.4844,-2.7268,1,-0.14673,0.31474,0,0.93777,3.0398,-1.4298,0,-0.2968,-0.99496,-0.2553,7.6289,3.5566,0,0,0,0,1.9407,1.9375,1.9361,1.9398,-15.749,2.4882,0,-38.57,-5.0343,0,12.924
6.46,-1.4536,-2.741,1,-0.14853,0.30979,0,0.93913,3.1153,-1.3941,0,-0.29713,-1.0328,-0.26136,7.4695,3.5812,0,0,0,0,1.9278,1.9245,1.9231,1.9268,-16.13,2.4373,0,-37.728,-5.1489,0,12.837
6.47,-1.4221,-2.7547,1,-0.15033,0.30465,0,0.94053,3.1892,-1.3582,0,-0.2972,-1.0713,-0.2675,7.3063,3.6054,0,0,0,0,1.9147,1.9114,1.9099,1.9137,-16.503,2.3852,0,-36.868,-5.2624,0,12.75
6.48,-1.3898,-2.7681,1,-0.15214,0.29931,0,0.94195,3.2614,-1.322,0,-0.29699,-1.1103,-0.2737,7.1394,3.6289,0,0,0,0,1.9014,1.8982,1.8966,1.9006,-16.868,2.3321,0,-35.993,-5.3748,0,12.661
6.49,-1.3569,-2.7812,1,-0.15395,0.29378,0,0.9434,3.332,-1.2856,0,-0.29649,-1.1498,-0.27996,6.969,3.652,0,0,0,0,1.8882,1.8849,1.8833,1.8873,-17.223,2.2778,0,-35.102,-5.4858,0,12.573
6.5,-1.3232,-2.7938,1,-0.15576,0.28803,0,0.94487,3.4008,-1.249,0,-0.29566,-1.1898,-0.28627,6.795,3.6745,0,0,0,0,1.8748,1.8715,1.8699,1.874,-17.57,2.2223,0,-34.195,-5.5954,0,12.484
6.51,-1.2888,-2.8061,1,-0.15757,0.28209,0,0.94636,3.4679,-1.2121,0,-0.29449,-1.2303,-0.29263,6.6176,3.6964,0,0,0,0,1.8614,1.8582,1.8564,1.8607,-17.907,2.1658,0,-33.273,-5.7035,0,12.395
6.52,-1.2538,-2.8181,1,-0.15937,0.27593,0,0.94787,3.5331,-1.175,0,-0.29295,-1.2713,-0.29903,6.4369,3.7178,0,0,0,0,1.8481,1.8448,1.843,1.8474,-18.235,2.1083,0,-32.337,-5.8099,0,12.305
6.53,-1.2182,-2.8296,1,-0.16117,0.26956,0,0.9494,3.5966,-1.1378,0,-0.29102,-1.3126,-0.30545,6.2529,3.7386,0,0,0,0,1.8347,1.8315,1.8296,1.8341,-18.554,2.0497,0,-31.387,-5.9145,0,12.217
6.54,-1.1819,-2.8408,1,-0.16296,0.26297,0,0.95094,3.6582,-1.1003,0,-0.28866,-1.3542,-0.31189,6.0658,3.7588,0,0,0,0,1.8214,1.8183,1.8163,1.8209,-18.863,1.99,0,-30.424,-6.0172,0,12.128
6.55,-1.145,-2.8516,1,-0.16473,0.25617,0,0.95249,3.7179,-1.0626,0,-0.28586,-1.3961,-0.31834,5.8757,3.7784,0,0,0,0,1.8082,1.8051,1.8031,1.8077,-19.162,1.9293,0,-29.447,-6.1179,0,12.04
6.56,-1.1076,-2.8621,1,-0.16649,0.24915,0,0.95405,3.7757,-1.0247,0,-0.28259,-1.4382,-0.32479,5.6826,3.7974,0,0,0,0,1.7952,1.7921,1.79,1.7947,-19.452,1.8676,0,-28.458,-6.2165,0,11.953
6.57,-1.0695,-2.8721,1,-0.16824,0.24191,0,0.9556,3.8315,-0.98664,0,-0.27882,-1.4804,-0.33122,5.4867,3.8157,0,0,0,0,1.7822,1.7792,1.7771,1.7819,-19.731,1.805,0,-27.456,-6.3128,0,11.867
6.58,-1.0309,-2.8818,1,-0.16996,0.23445,0,0.95716,3.8854,-0.9484,0,-0.27453,-1.5227,-0.33761,5.288,3.8335,0,0,0,0,1.7695,1.7666,1.7643,1.7692,-20.001,1.7414,0,-26.443,-6.4068,0,11.783
6.59,-0.99182,-2.8911,1,-0.17165,0.22676,0,0.9587,3.9373,-0.90997,0,-0.2697,-1.5648,-0.34397,5.0867,3.8506,0,0,0,0,1.7569,1.7541,1.7518,1.7567,-20.26,1.6769,0,-25.419,-6.4982,0,11.699
6.6,-0.9522,-2.9,1,-0.17332,0.21885,0,0.96024,3.9872,-0.87139,0,-0.2643,-1.6068,-0.35026,4.8829,3.867,0,0,0,0,1.7446,1.7419,1.7395,1.7445,-20.509,1.6114,0,-24.384,-6.5871,0,11.617
6.61,-0.91208,-2.9085,1,-0.17496,0.21073,0,0.96176,4.0349,-0.83264,0,-0.25832,-1.6484,-0.35647,4.6766,3.8828,0,0,0,0,1.7325,1.7299,1.7275,1.7325,-20.748,1.5451,0,-23.338,-6.6733,0,11.538
6.62,-0.8715,-2.9167,1,-0.17656,0.20238,0,0.96326,4.0807,-0.79373,0,-0.25173,-1.6897,-0.36259,4.468,3.8979,0,0,0,0,1.7208,1.7183,1.7158,1.7209,-20.976,1.478,0,-22.283,-6.7566,0,11.46
6.63,-0.83048,-2.9244,1,-0.17811,0.19381,0,0.96473,4.1243,-0.75468,0,-0.24453,-1.7303,-0.36859,4.2571,3.9123,0,0,0,0,1.7094,1.707,1.7045,1.7096,-21.193,1.41,0,-21.219,-6.837,0,11.384
6.64,-0.78902,-2.9318,1,-0.17963,0.18503,0,0.96618,4.1658,-0.71549,0,-0.23669,-1.7703,-0.37446,4.0441,3.9261,0,0,0,0,1.6983,1.6961,1.6935,1.6986,-21.4,1.3413,0,-20.145,-6.9144,0,11.311
6.65,-0.74717,-2.9387,1,-0.18109,0.17603,0,0.96758,4.2052,-0.67616,0,-0.22821,-1.8094,-0.38017,3.8291,3.9392,0,0,0,0,1.6876,1.6856,1.683,1.6881,-21.596,1.2717,0,-19.063,-6.9887,0,11.24
6.66,-0.70493,-2.9453,1,-0.1825,0.16683,0,0.96895,4.2424,-0.63671,0,-0.21909,-1.8475,-0.38571,3.6122,3.9515,0,0,0,0,1.6774,1.6756,1.6728,1.6779,-21.781,1.2015,0,-17.974,-7.0597,0,11.173
6.67,-0.66233,-2.9515,1,-0.18386,0.15743,0,0.97026,4.2774,-0.59713,0,-0.20932,-1.8844,-0.39105,3.3936,3.9632,0,0,0,0,1.6675,1.666,1.6632,1.6683,-21.956,1.1306,0,-16.877,-7.1273,0,11.108
6.68,-0.61939,-2.9572,1,-0.18515,0.14783,0,0.97153,4.3103,-0.55745,0,-0.1989,-1.92,-0.39617,3.1732,3.9741,0,0,0,0,1.6582,1.6568,1.654,1.659,-22.119,1.059,0,-15.772,-7.1915,0,11.047
6.69,-0.57613,-2.9626,1,-0.18637,0.13805,0,0.97273,4.3409,-0.51765,0,-0.18784,-1.9541,-0.40106,2.9512,3.9844,0,0,0,0,1.6494,1.6482,1.6454,1.6503,-22.271,0.98674,0,-14.662,-7.2521,0,10.989
6.7,-0.53258,-2.9676,1,-0.18753,0.12808,0,0.97387,4.3693,-0.47776,0,-0.17617,-1.9865,-0.40568,2.7278,3.9939,0,0,0,0,1.6411,1.6402,1.6373,1.6422,-22.412,0.91393,0,-13.545,-7.309,0,10.934
6.71,-0.48875,-2.9722,1,-0.18861,0.11794,0,0.97494,4.3954,-0.43778,0,-0.16388,-2.017,-0.41002,2.503,4.0027,0,0,0,0,1.6333,1.6327,1.6297,1.6345,-22.542,0.84057,0,-12.423,-7.3621,0,10.884
6.72,-0.44468,-2.9763,1,-0.18961,0.10765,0,0.97594,4.4193,-0.39771,0,-0.15102,-2.0455,-0.41406,2.277,4.0107,0,0,0,0,1.6261,1.6257,1.6228,1.6275,-22.661,0.7667,0,-11.296,-7.4113,0,10.837
6.73,-0.40037,-2.9801,1,-0.19053,0.0972,0,0.97686,4.441,-0.35757,0,-0.13761,-2.0718,-0.41777,2.0498,4.018,0,0,0,0,1.6195,1.6194,1.6165,1.6211,-22.768,0.69236,0,-10.164,-7.4565,0,10.794
6.74,-0.35586,-2.9835,1,-0.19136,0.086616,0,0.97769,4.4603,-0.31735,0,-0.12368,-2.0957,-0.42115,1.8217,4.0245,0,0,0,0,1.6136,1.6138,1.6108,1.6152,-22.864,0.61758,0,-9.0286,-7.4976,0,10.756
6.75,-0.31117,-2.9865,1,-0.1921,0.075908,0,0.97844,4.4774,-0.27708,0,-0.10928,-2.1172,-0.42416,1.5926,4.0303,0,0,0,0,1.6082,1.6087,1.6058,1.61,-22.948,0.54242,0,-7.8892,-7.5344,0,10.721
6.76,-0.26632,-2.989,1,-0.19275,0.06509,0,0.97909,4.4922,-0.23675,0,-0.094455,-2.1361,-0.4268,1.3627,4.0354,0,0,0,0,1.6036,1.6044,1.6015,1.6055,-23.022,0.46691,0,-6.7466,-7.5669,0,10.692
6.77,-0.22134,-2.9912,1,-0.1933,0.054177,0,0.97964,4.5046,-0.19637,0,-0.079254,-2.1522,-0.42905,1.1322,4.0397,0,0,0,0,1.5996,1.6007,1.5978,1.6017,-23.083,0.39109,0,-5.6014,-7.595,0,10.666
6.78,-0.17624,-2.993,1,-0.19376,0.043182,0,0.9801,4.5148,-0.15596,0,-0.063733,-2.1655,-0.4309,0.90111,4.0432,0,0,0,0,1.5963,1.5977,1.5949,1.5985,-23.134,0.31502,0,-4.4539,-7.6185,0,10.646
6.79,-0.13105,-2.9943,1,-0.19411,0.032124,0,0.98045,4.5227,-0.11551,0,-0.047954,-2.1758,-0.43233,0.66957,4.046,0,0,0,0,1.5937,1.5954,1.5926,1.596,-23.172,0.23874,0,-3.3048,-7.6373,0,10.63
6.8,-0.085793,-2.9953,1,-0.19436,0.021016,0,0.9807,4.5282,-0.07504,0,-0.031979,-2.1831,-0.43335,0.4377,4.048,0,0,0,0,1.5918,1.5938,1.5911,1.5942,-23.2,0.16229,0,-2.1544,-7.6513,0,10.618
6.81,-0.040493,-2.9958,1,-0.19452,0.0098772,0,0.98085,4.5314,-0.034554,0,-0.015874,-2.1873,-0.43394,0.20561,4.0492,0,0,0,0,1.5906,1.5929,1.5903,1.5931,-23.215,0.08573,0,-1.0033,-7.6605,0,10.612
6.82,0.0048274,-2.996,1,-0.19456,-0.0012766,0,0.98089,4.5323,0.0059416,0,0.00029446,-2.1885,-0.4341,-0.026572,4.0497,0,0,0,0,1.5902,1.5928,1.5902,1.5928,-23.22,0.0090997,0,0.14815,-7.6646,0,10.61
6.83,0.050145,-2.9957,1,-0.19451,-0.012428,0,0.98082,4.5309,0.046438,0,0.016458,-2.1866,-0.43382,-0.25874,4.0494,0,0,0,0,1.5904,1.5933,1.5909,1.5931,-23.213,-0.067547,0,1.2994,-7.6638,0,10.613
6.84,0.095437,-2.995,1,-0.19435,-0.023561,0,0.98065,4.5271,0.086927,0,0.032548,-2.1815,-0.43312,-0.49078,4.0483,0,0,0,0,1.5914,1.5946,1.5922,1.5942,-23.194,-0.14416,0,2.45,-7.6579,0,10.621
6.85,0.14068,-2.994,1,-0.19409,-0.034658,0,0.98037,4.5211,0.1274,0,0.048497,-2.1735,-0.432,-0.72258,4.0465,0,0,0,0,1.5932,1.5966,1.5943,1.5959,-23.164,-0.22069,0,3.5995,-7.6471,0,10.633
6.86,0.18585,-2.9925,1,-0.19372,-0.045702,0,0.97999,4.5127,0.16785,0,0.064242,-2.1624,-0.43045,-0.95402,4.0439,0,0,0,0,1.5956,1.5992,1.5971,1.5984,-23.122,-0.29709,0,4.7474,-7.6316,0,10.65
6.87,0.23093,-2.9906,1,-0.19326,-0.056677,0,0.97951,4.502,0.20828,0,0.079718,-2.1484,-0.4285,-1.185,4.0406,0,0,0,0,1.5987,1.6026,1.6006,1.6016,-23.069,-0.3733,0,5.8933,-7.6115,0,10.672
6.88,0.27588,-2.9883,1,-0.1927,-0.067569,0,0.97893,4.489,0.24866,0,0.094868,-2.1316,-0.42615,-1.4154,4.0365,0,0,0,0,1.6025,1.6066,1.6047,1.6054,-23.004,-0.4493,0,7.0368,-7.5867,0,10.699
6.89,0.3207,-2.9856,1,-0.19204,-0.07836,0,0.97825,4.4737,0.289,0,0.10964,-2.1121,-0.42341,-1.645,4.0316,0,0,0,0,1.6071,1.6113,1.6095,1.61,-22.928,-0.52503,0,8.1773,-7.5576,0,10.73
6.9,0.36535,-2.9825,1,-0.1913,-0.089038,0,0.97749,4.4561,0.32929,0,0.12397,-2.09,-0.4203,-1.8739,4.026,0,0,0,0,1.6122,1.6167,1.615,1.6152,-22.84,-0.60044,0,9.3144,-7.5241,0,10.765
6.91,0.40981,-2.979,1,-0.19046,-0.099589,0,0.97663,4.4362,0.36952,0,0.13783,-2.0654,-0.41684,-2.1018,4.0196,0,0,0,0,1.6181,1.6227,1.6212,1.621,-22.742,-0.67549,0,10.448,-7.4863,0,10.805
6.92,0.45407,-2.9751,1,-0.18954,-0.11,0,0.97569,4.4141,0.40968,0,0.15117,-2.0385,-0.41304,-2.3287,4.0125,0,0,0,0,1.6245,1.6293,1.6279,1.6275,-22.631,-0.75015,0,11.577,-7.4445,0,10.849
6.93,0.49809,-2.9708,1,-0.18853,-0.12026,0,0.97468,4.3896,0.44977,0,0.16395,-2.0095,-0.40893,-2.5544,4.0046,0,0,0,0,1.6316,1.6365,1.6352,1.6345,-22.51,-0.82437,0,12.701,-7.3986,0,10.896
6.94,0.54185,-2.9661,1,-0.18745,-0.13035,0,0.97359,4.363,0.48977,0,0.17616,-1.9785,-0.40452,-2.7788,3.996,0,0,0,0,1.6393,1.6442,1.6431,1.6422,-22.377,-0.89811,0,13.82,-7.3487,0,10.948
6.95,0.58534,-2.9611,1,-0.18629,-0.14028,0,0.97243,4.3341,0.52968,0,0.18775,-1.9457,-0.39983,-3.0019,3.9866,0,0,0,0,1.6475,1.6525,1.6516,1.6504,-22.234,-0.97133,0,14.933,-7.2951,0,11.003
6.96,0.62853,-2.9556,1,-0.18506,-0.15002,0,0.97121,4.3029,0.5695,0,0.19873,-1.9113,-0.39489,-3.2235,3.9765,0,0,0,0,1.6563,1.6614,1.6605,1.6591,-22.079,-1.044,0,16.04,-7.2378,0,11.062
6.97,0.67139,-2.9497,1,-0.18377,-0.15957,0,0.96993,4.2696,0.60921,0,0.20907,-1.8754,-0.38972,-3.4434,3.9657,0,0,0,0,1.6656,1.6707,1.67,1.6684,-21.913,-1.1161,0,17.141,-7.1769,0,11.124
6.98,0.71391,-2.9434,1,-0.18242,-0.16892,0,0.9686,4.2341,0.64881,0,0.21877,-1.8382,-0.38433,-3.6617,3.9542,0,0,0,0,1.6754,1.6805,1.6799,1.6781,-21.736,-1.1875,0,18.234,-7.1124,0,11.19
6.99,0.75606,-2.9367,1,-0.181,-0.17807,0,0.96723,4.1964,0.6883,0,0.22783,-1.7998,-0.37875,-3.8781,3.942,0,0,0,0,1.6856,1.6907,1.6903,1.6883,-21.548,-1.2583,0,19.32,-7.0446,0,11.258
7,0.79783,-2.9296,1,-0.17954,-0.18701,0,0.96581,4.1565,0.72765,0,0.23624,-1.7605,-0.37301,-4.0926,3.9291,0,0,0,0,1.6963,1.7014,1.7011,1.6989,-21.35,-1.3284,0,20.398,-6.9735,0,11.329
7.01,0.83919,-2.9221,1,-0.17803,-0.19574,0,0.96436,4.1145,0.76687,0,0.24401,-1.7204,-0.36712,-4.3051,3.9154,0,0,0,0,1.7073,1.7124,1.7122,1.7099,-21.14,-1.3978,0,21.468,-6.8993,0,11.403
7.02,0.88011,-2.9143,1,-0.17647,-0.20426,0,0.96288,4.0704,0.80596,0,0.25116,-1.6796,-0.36109,-4.5154,3.9011,0,0,0,0,1.7188,1.7238,1.7238,1.7213,-20.92,-1.4664,0,22.529,-6.8219,0,11.479
7.03,0.92059,-2.906,1,-0.17487,-0.21255,0,0.96138,4.0242,0.84489,0,0.2577,-1.6382,-0.35496,-4.7234,3.8861,0,0,0,0,1.7305,1.7356,1.7356,1.733,-20.69,-1.5342,0,23.58,-6.7416,0,11.558
7.04,0.96059,-2.8974,1,-0.17324,-0.22063,0,0.95985,3.976,0.88368,0,0.26364,-1.5965,-0.34874,-4.9291,3.8704,0,0,0,0,1.7426,1.7476,1.7477,1.745,-20.449,-1.6012,0,24.622,-6.6585,0,11.638
7.05,1.0001,-2.8883,1,-0.17157,-0.22848,0,0.95831,3.9257,0.9223,0,0.26899,-1.5545,-0.34245,-5.1324,3.8541,0,0,0,0,1.755,1.7599,1.7601,1.7572,-20.197,-1.6674,0,25.653,-6.5725,0,11.72
7.06,1.0391,-2.8789,1,-0.16988,-0.23611,0,0.95676,3.8733,0.96076,0,0.2738,-1.5124,-0.3361,-5.3331,3.8371,0,0,0,0,1.7676,1.7724,1.7727,1.7698,-19.936,-1.7326,0,26.673,-6.484,0,11.804
7.07,1.0776,-2.8691,1,-0.16816,-0.24352,0,0.95521,3.819,0.99904,0,0.27806,-1.4702,-0.3297,-5.5311,3.8194,0,0,0,0,1.7803,1.7851,1.7855,1.7825,-19.664,-1.797,0,27.683,-6.3929,0,11.889
7.08,1.1155,-2.8589,1,-0.16642,-0.25071,0,0.95365,3.7627,1.0371,0,0.28181,-1.428,-0.32329,-5.7263,3.8011,0,0,0,0,1.7933,1.798,1.7985,1.7954,-19.382,-1.8605,0,28.681,-6.2993,0,11.975
7.09,1.1528,-2.8484,1,-0.16466,-0.25768,0,0.9521,3.7045,1.0751,0,0.28507,-1.386,-0.31686,-5.9187,3.7822,0,0,0,0,1.8065,1.8111,1.8116,1.8085,-19.09,-1.923,0,29.666,-6.2035,0,12.063
7.1,1.1896,-2.8374,1,-0.16289,-0.26443,0,0.95055,3.6444,1.1128,0,0.28787,-1.3442,-0.31042,-6.1081,3.7627,0,0,0,0,1.8197,1.8242,1.8248,1.8216,-18.789,-1.9846,0,30.639,-6.1055,0,12.151
7.11,1.2257,-2.8261,1,-0.16111,-0.27096,0,0.94901,3.5823,1.1503,0,0.29023,-1.3026,-0.304,-6.2944,3.7425,0,0,0,0,1.833,1.8374,1.8381,1.8349,-18.478,-2.0451,0,31.599,-6.0053,0,12.239
7.12,1.2612,-2.8144,1,-0.15931,-0.27728,0,0.94749,3.5185,1.1876,0,0.29218,-1.2614,-0.2976,-6.4776,3.7218,0,0,0,0,1.8464,1.8507,1.8514,1.8482,-18.157,-2.1047,0,32.546,-5.9033,0,12.328
7.13,1.2961,-2.8024,1,-0.15751,-0.28339,0,0.94598,3.4528,1.2247,0,0.29373,-1.2206,-0.29124,-6.6575,3.7004,0,0,0,0,1.8598,1.8641,1.8648,1.8616,-17.827,-2.1632,0,33.478,-5.7993,0,12.417
7.14,1.3302,-2.7899,1,-0.15571,-0.28928,0,0.94449,3.3853,1.2616,0,0.29492,-1.1803,-0.28491,-6.8341,3.6785,0,0,0,0,1.8733,1.8774,1.8782,1.8749,-17.487,-2.2206,0,34.396,-5.6937,0,12.506
7.15,1.3638,-2.7771,1,-0.15391,-0.29498,0,0.94303,3.3161,1.2983,0,0.29578,-1.1404,-0.27863,-7.0072,3.656,0,0,0,0,1.8866,1.8907,1.8915,1.8883,-17.139,-2.277,0,35.3,-5.5864,0,12.595
7.16,1.3966,-2.764,1,-0.1521,-0.30047,0,0.94159,3.2452,1.3348,0,0.29631,-1.101,-0.2724,-7.1769,3.633,0,0,0,0,1.9,1.9039,1.9048,1.9015,-16.781,-2.3324,0,36.187,-5.4776,0,12.684
7.17,1.4287,-2.7505,1,-0.1503,-0.30576,0,0.94017,3.1726,1.371,0,0.29655,-1.0621,-0.26624,-7.3428,3.6094,0,0,0,0,1.9132,1.9171,1.918,1.9147,-16.415,-2.3866,0,37.059,-5.3674,0,12.772
7.18,1.46,-2.7366,1,-0.1485,-0.31086,0,0.93878,3.0984,1.4069,0,0.29653,-1.0238,-0.26014,-7.5051,3.5853,0,0,0,0,1.9264,1.9301,1.931,1.9278,-16.04,-2.4397,0,37.915,-5.2559,0,12.859
7.19,1.4906,-2.7223,1,-0.14671,-0.31576,0,0.93743,3.0225,1.4427,0,0.29625,-0.98613,-0.25411,-7.6636,3.5606,0,0,0,0,1.9394,1.943,1.944,1.9408,-15.657,-2.4917,0,38.753,-5.1433,0,12.945
7.2,1.5205,-2.7077,1,-0.14492,-0.32047,0,0.93611,2.9451,1.4782,0,0.29575,-0.94899,-0.24816,-7.8182,3.5354,0,0,0,0,1.9522,1.9558,1.9568,1.9535,-15.265,-2.5426,0,39.575,-5.0297,0,13.03
7.21,1.5495,-2.6928,1,-0.14314,-0.325,0,0.93482,2.8662,1.5134,0,0.29503,-0.91244,-0.24229,-7.9689,3.5098,0,0,0,0,1.9649,1.9683,1.9693,1.9662,-14.866,-2.5923,0,40.378,-4.9151,0,13.115
7.22,1.5778,-2.6774,1,-0.14137,-0.32935,0,0.93356,2.7857,1.5484,0,0.29413,-0.87649,-0.2365,-8.1155,3.4836,0,0,0,0,1.9773,1.9807,1.9817,1.9786,-14.458,-2.6409,0,41.164,-4.7997,0,13.197
7.23,1.6052,-2.6618,1,-0.13962,-0.33352,0,0.93235,2.7039,1.5831,0,0.29305,-0.84111,-0.23079,-8.258,3.4569,0,0,0,0,1.9896,1.9929,1.9939,1.9907,-14.042,-2.6883,0,41.93,-4.6836,0,13.278
7.24,1.6318,-2.6458,1,-0.13787,-0.33752,0,0.93117,2.6206,1.6175,0,0.29182,-0.80633,-0.22516,-8.3963,3.4298,0,0,0,0,2.0015,2.0047,2.0058,2.0027,-13.619,-2.7345,0,42.678,-4.5669,0,13.358
7.25,1.6576,-2.6294,1,-0.13614,-0.34134,0,0.93003,2.536,1.6516,0,0.29045,-0.77212,-0.21963,-8.5304,3.4023,0,0,0,0,2.0132,2.0164,2.0174,2.0143,-13.189,-2.7796,0,43.406,-4.4498,0,13.435
7.26,1.6826,-2.6127,1,-0.13442,-0.345,0,0.92893,2.45,1.6855,0,0.28896,-0.73848,-0.21418,-8.6601,3.3742,0,0,0,0,2.0246,2.0277,2.0287,2.0257,-12.751,-2.8235,0,44.113,-4.3323,0,13.511
7.27,1.7066,-2.5957,1,-0.13272,-0.34849,0,0.92787,2.3628,1.7191,0,0.28736,-0.70539,-0.20882,-8.7854,3.3458,0,0,0,0,2.0357,2.0387,2.0397,2.0367,-12.307,-2.8663,0,44.801,-4.2146,0,13.585
7.28,1.7298,-2.5784,1,-0.13103,-0.35182,0,0.92685,2.2743,1.7524,0,0.28566,-0.67284,-0.20355,-8.9062,3.3169,0,0,0,0,2.0465,2.0494,2.0504,2.0474,-11.855,-2.9078,0,45.467,-4.0968,0,13.656
7.29,1.7521,-2.5607,1,-0.12935,-0.35499,0,0.92588,2.1847,1.7855,0,0.28388,-0.64083,-0.19837,-9.0225,3.2876,0,0,0,0,2.0569,2.0597,2.0608,2.0578,-11.397,-2.9482,0,46.111,-3.9789,0,13.725
7.3,1.7735,-2.5427,1,-0.1277,-0.35801,0,0.92494,2.0939,1.8182,0,0.28202,-0.60931,-0.19328,-9.1341,3.258,0,0,0,0,2.0669,2.0697,2.0707,2.0678,-10.933,-2.9874,0,46.734,-3.8612,0,13.792
7.31,1.794,-2.5243,1,-0.12605,-0.36088,0,0.92405,2.002,1.8506,0,0.28011,-0.57829,-0.18828,-9.2411,3.2279,0,0,0,0,2.0765,2.0793,2.0803,2.0774,-10.463,-3.0254,0,47.334,-3.7437,0,13.856
7.32,1.8135,-2.5056,1,-0.12443,-0.36359,0,0.92321,1.9091,1.8828,0,0.27815,-0.54774,-0.18337,-9.3434,3.1975,0,0,0,0,2.0858,2.0885,2.0895,2.0866,-9.9865,-3.0623,0,47.911,-3.6265,0,13.917
7.33,1.8322,-2.4867,1,-0.12282,-0.36616,0,0.92241,1.8151,1.9146,0,0.27614,-0.51764,-0.17854,-9.4408,3.1667,0,0,0,0,2.0946,2.0972,2.0983,2.0954,-9.5046,-3.098,0,48.465,-3.5098,0,13.976
7.34,1.8498,-2.4674,1,-0.12123,-0.36859,0,0.92165,1.7203,1.9461,0,0.27411,-0.48797,-0.17381,-9.5334,3.1355,0,0,0,0,2.103,2.1056,2.1066,2.1038,-9.0173,-3.1325,0,48.995,-3.3936,0,14.032
7.35,1.8666,-2.4477,1,-0.11965,-0.37087,0,0.92094,1.6245,1.9773,0,0.27206,-0.45871,-0.16916,-9.6212,3.104,0,0,0,0,2.111,2.1135,2.1145,2.1117,-8.5248,-3.1658,0,49.501,-3.2781,0,14.084
7.36,1.8823,-2.4278,1,-0.11809,-0.37302,0,0.92028,1.5279,2.0082,0,0.26999,-0.42983,-0.16459,-9.7039,3.0722,0,0,0,0,2.1184,2.1209,2.1219,2.1192,-8.0273,-3.198,0,49.982,-3.1633,0,14.134
7.37,1.8971,-2.4076,1,-0.11655,-0.37502,0,0.91966,1.4304,2.0387,0,0.26792,-0.4013,-0.16011,-9.7817,3.04,0,0,0,0,2.1255,2.1279,2.1289,2.1262,-7.5252,-3.2291,0,50.438,-3.0493,0,14.181
7.38,1.9109,-2.387,1,-0.11503,-0.3769,0,0.91909,1.3322,2.069,0,0.26584,-0.37312,-0.15571,-9.8544,3.0076,0,0,0,0,2.132,2.1344,2.1354,2.1327,-7.0187,-3.259,0,50.868,-2.9363,0,14.224
7.39,1.9238,-2.3662,1,-0.11352,-0.37863,0,0.91856,1.2334,2.0989,0,0.26378,-0.34524,-0.1514,-9.922,2.9749,0,0,0,0,2.138,2.1404,2.1414,2.1387,-6.508,-3.2878,0,51.272,-2.8244,0,14.264
7.4,1.9356,-2.3451,1,-0.11203,-0.38024,0,0.91808,1.1338,2.1285,0,0.26173,-0.31766,-0.14716,-9.9846,2.9419,0,0,0,0,2.1436,2.1459,2.1469,2.1442,-5.9933,-3.3155,0,51.649,-2.7135,0,14.301
7.41,1.9464,-2.3236,1,-0.11056,-0.38171,0,0.91764,1.0337,2.1577,0,0.2597,-0.29033,-0.14301,-10.042,2.9086,0,0,0,0,2.1486,2.1509,2.1518,2.1492,-5.4751,-3.3421,0,52,-2.604,0,14.334
7.42,1.9563,-2.3019,1,-0.1091,-0.38306,0,0.91726,0.933,2.1866,0,0.25769,-0.26324,-0.13893,-10.094,2.875,0,0,0,0,2.1531,2.1554,2.1563,2.1537,-4.9534,-3.3676,0,52.323,-2.4958,0,14.364
7.43,1.9651,-2.2799,1,-0.10766,-0.38428,0,0.91692,0.83182,2.2152,0,0.25572,-0.23637,-0.13493,-10.141,2.8412,0,0,0,0,2.157,2.1593,2.1602,2.1576,-4.4287,-3.392,0,52.618,-2.389,0,14.39
7.44,1.9729,-2.2576,1,-0.10624,-0.38537,0,0.91662,0.73019,2.2435,0,0.25378,-0.20968,-0.131,-10.183,2.8072,0,0,0,0,2.1605,2.1627,2.1636,2.161,-3.9012,-3.4154,0,52.884,-2.2839,0,14.413
7.45,1.9797,-2.235,1,-0.10483,-0.38634,0,0.91638,0.62818,2.2714,0,0.25188,-0.18315,-0.12715,-10.219,2.7729,0,0,0,0,2.1633,2.1656,2.1665,2.1639,-3.3711,-3.4377,0,53.122,-2.1803,0,14.432
7.46,1.9855,-2.2122,1,-0.10344,-0.38719,0,0.91618,0.52583,2.2989,0,0.25003,-0.15676,-0.12337,-10.25,2.7384,0,0,0,0,2.1657,2.1679,2.1688,2.1662,-2.8388,-3.459,0,53.33,-2.0786,0,14.448
7.47,1.9902,-2.1891,1,-0.10207,-0.38791,0,0.91603,0.4232,2.3261,0,0.24823,-0.13047,-0.11966,-10.276,2.7037,0,0,0,0,2.1674,2.1697,2.1705,2.168,-2.3046,-3.4793,0,53.509,-1.9787,0,14.459
7.48,1.9939,-2.1657,1,-0.1007,-0.3885,0,0.91593,0.32034,2.353,0,0.24649,-0.10427,-0.11602,-10.296,2.6688,0,0,0,0,2.1686,2.1709,2.1717,2.1692,-1.7687,-3.4986,0,53.657,-1.8808,0,14.467
7.49,1.9966,-2.142,1,-0.099357,-0.38898,0,0.91587,0.2173,2.3795,0,0.2448,-0.078134,-0.11245,-10.311,2.6338,0,0,0,0,2.1693,2.1715,2.1723,2.1698,-1.2316,-3.5169,0,53.775,-1.7849,0,14.472
7.5,1.9983,-2.1181,1,-0.098024,-0.38933,0,0.91587,0.11413,2.4057,0,0.24318,-0.052025,-0.10894,-10.321,2.5985,0,0,0,0,2.1694,2.1716,2.1724,2.1699,-0.69334,-3.5343,0,53.862,-1.6912,0,14.472
7.51,1.9989,-2.0939,1,-0.096705,-0.38956,0,0.91591,0.010898,2.4315,0,0.24162,-0.025924,-0.10551,-10.325,2.5631,0,0,0,0,2.1689,2.1711,2.1719,2.1694,-0.15442,-3.5507,0,53.917,-1.5998,0,14.469
7.52,1.9985,-2.0694,1,-0.0954,-0.38967,0,0.916,-0.09235,2.4569,0,0.24014,0.00019733,-0.10213,-10.324,2.5275,0,0,0,0,2.1678,2.17,2.1708,2.1683,0.38489,-3.5663,0,53.94,-1.5108,0,14.462
7.53,1.9971,-2.0447,1,-0.094108,-0.38966,0,0.91614,-0.19556,2.482,0,0.23872,0.026364,-0.098828,-10.317,2.4918,0,0,0,0,2.1662,2.1684,2.1692,2.1667,0.92427,-3.581,0,53.93,-1.4242,0,14.451
7.54,1.9946,-2.0198,1,-0.092828,-0.38952,0,0.91633,-0.29868,2.5068,0,0.23739,0.052601,-0.095584,-10.305,2.4559,0,0,0,0,2.164,2.1662,2.167,2.1645,1.4634,-3.5948,0,53.888,-1.3403,0,14.436
7.55,1.9911,-1.9946,1,-0.09156,-0.38926,0,0.91656,-0.40165,2.5311,0,0.23614,0.078935,-0.092404,-10.288,2.4199,0,0,0,0,2.1612,2.1635,2.1642,2.1617,2.0019,-3.6078,0,53.812,-1.259,0,14.418
7.56,1.9865,-1.9692,1,-0.090303,-0.38888,0,0.91685,-0.50442,2.5552,0,0.23498,0.10539,-0.089285,-10.265,2.3837,0,0,0,0,2.1579,2.1602,2.1609,2.1583,2.5395,-3.62,0,53.703,-1.1804,0,14.395
7.57,1.981,-1.9435,1,-0.089058,-0.38838,0,0.91719,-0.60694,2.5788,0,0.2339,0.132,-0.086227,-10.237,2.3475,0,0,0,0,2.154,2.1563,2.157,2.1544,3.0759,-3.6314,0,53.56,-1.1046,0,14.369
7.58,1.9744,-1.9176,1,-0.087823,-0.38775,0,0.91757,-0.70915,2.6021,0,0.23292,0.15878,-0.08323,-10.204,2.3111,0,0,0,0,2.1495,2.1518,2.1525,2.15,3.6106,-3.6421,0,53.385,-1.0314,0,14.34
7.59,1.9668,-1.8915,1,-0.086598,-0.38699,0,0.91801,-0.811,2.625,0,0.23203,0.18576,-0.080292,-10.165,2.2746,0,0,0,0,2.1445,2.1469,2.1475,2.1449,4.1434,-3.652,0,53.178,-0.96084,0,14.306
7.6,1.9582,-1.8651,1,-0.085382,-0.38611,0,0.91849,-0.91243,2.6476,0,0.23125,0.21298,-0.077413,-10.121,2.2381,0,0,0,0,2.1389,2.1413,2.1419,2.1394,4.6741,-3.6613,0,52.939,-0.89287,0,14.269
7.61,1.9486,-1.8385,1,-0.084175,-0.3851,0,0.91903,-1.0134,2.6698,0,0.23057,0.24045,-0.074593,-10.072,2.2014,0,0,0,0,2.1328,2.1352,2.1358,2.1333,5.2021,-3.6699,0,52.669,-0.82744,0,14.229
7.62,1.9379,-1.8117,1,-0.082976,-0.38397,0,0.91961,-1.1138,2.6916,0,0.22999,0.2682,-0.071829,-10.017,2.1647,0,0,0,0,2.1262,2.1286,2.1292,2.1266,5.7273,-3.6779,0,52.369,-0.76452,0,14.184
7.63,1.9263,-1.7847,1,-0.081784,-0.3827,0,0.92025,-1.2137,2.7131,0,0.22953,0.29627,-0.069122,-9.957,2.1279,0,0,0,0,2.119,2.1215,2.122,2.1194,6.2494,-3.6852,0,52.038,-0.70406,0,14.136
7.64,1.9137,-1.7575,1,-0.080599,-0.38129,0,0.92093,-1.313,2.7342,0,0.22918,0.32468,-0.066471,-9.8919,2.091,0,0,0,0,2.1113,2.1138,2.1143,2.1117,6.768,-3.692,0,51.678,-0.64602,0,14.085
7.65,1.9,-1.73,1,-0.079419,-0.37976,0,0.92167,-1.4115,2.7549,0,0.22894,0.35346,-0.063875,-9.8217,2.054,0,0,0,0,2.103,2.1056,2.1061,2.1035,7.2829,-3.6981,0,51.289,-0.59037,0,14.03
7.66,1.8854,-1.7024,1,-0.078246,-0.37809,0,0.92246,-1.5094,2.7753,0,0.22883,0.38264,-0.061333,-9.7463,2.017,0,0,0,0,2.0943,2.0969,2.0974,2.0947,7.7937,-3.7038,0,50.872,-0.53706,0,13.972
7.67,1.8698,-1.6745,1,-0.077076,-0.37628,0,0.9233,-1.6064,2.7952,0,0.22884,0.41224,-0.058846,-9.6658,1.9799,0,0,0,0,2.0851,2.0878,2.0882,2.0855,8.3002,-3.7089,0,50.427,-0.48605,0,13.911
7.68,1.8533,-1.6465,1,-0.075911,-0.37433,0,0.92419,-1.7027,2.8149,0,0.22897,0.44231,-0.056411,-9.5803,1.9428,0,0,0,0,2.0754,2.0781,2.0786,2.0758,8.8021,-3.7135,0,49.954,-0.4373,0,13.847
7.69,1.8358,-1.6182,1,-0.074749,-0.37223,0,0.92513,-1.798,2.8341,0,0.22924,0.47286,-0.054029,-9.4898,1.9057,0,0,0,0,2.0652,2.068,2.0684,2.0657,9.2992,-3.7176,0,49.454,-0.39077,0,13.779
7.7,1.8173,-1.5898,1,-0.073589,-0.36999,0,0.92612,-1.8925,2.853,0,0.22963,0.50392,-0.051699,-9.3943,1.8685,0,0,0,0,2.0546,2.0574,2.0578,2.055,9.7911,-3.7213,0,48.928,-0.34642,0,13.708
7.71,1.7979,-1.5611,1,-0.072431,-0.3676,0,0.92716,-1.9859,2.8715,0,0.23016,0.53553,-0.04942,-9.294,1.8312,0,0,0,0,2.0435,2.0464,2.0468,2.044,10.278,-3.7246,0,48.376,-0.30421,0,13.635
7.72,1.7776,-1.5323,1,-0.071273,-0.36506,0,0.92825,-2.0783,2.8896,0,0.23084,0.56771,-0.047192,-9.1888,1.794,0,0,0,0,2.032,2.035,2.0354,2.0325,10.759,-3.7274,0,47.798,-0.2641,0,13.558
7.73,1.7564,-1.5034,1,-0.070115,-0.36236,0,0.9294,-2.1697,2.9074,0,0.23165,0.60049,-0.045016,-9.0788,1.7567,0,0,0,0,2.0201,2.0232,2.0235,2.0206,11.234,-3.7299,0,47.195,-0.22605,0,13.479
7.74,1.7342,-1.4742,1,-0.068957,-0.35951,0,0.93059,-2.2599,2.9247,0,0.23261,0.6339,-0.042889,-8.9641,1.7194,0,0,0,0,2.0078,2.0109,2.0112,2.0083,11.702,-3.7319,0,46.569,-0.19002,0,13.397
7.75,1.7112,-1.4449,1,-0.067796,-0.35649,0,0.93183,-2.3489,2.9417,0,0.23371,0.66796,-0.040813,-8.8448,1.6821,0,0,0,0,1.9951,1.9983,1.9986,1.9956,12.165,-3.7337,0,45.918,-0.15597,0,13.313
7.76,1.6873,-1.4154,1,-0.066633,-0.35331,0,0.93313,-2.4368,2.9584,0,0.23497,0.7027,-0.038786,-8.7209,1.6447,0,0,0,0,1.9821,1.9854,1.9856,1.9826,12.621,-3.7351,0,45.244,-0.12385,0,13.226
7.77,1.6625,-1.3857,1,-0.065466,-0.34996,0,0.93447,-2.5233,2.9746,0,0.23637,0.73815,-0.036809,-8.5924,1.6074,0,0,0,0,1.9687,1.9721,1.9723,1.9692,13.07,-3.7361,0,44.547,-0.093629,0,13.137
7.78,1.6368,-1.3559,1,-0.064295,-0.34644,0,0.93587,-2.6086,2.9905,0,0.23794,0.77432,-0.034882,-8.4595,1.57,0,0,0,0,1.955,1.9584,1.9586,1.9555,13.512,-3.7369,0,43.827,-0.065266,0,13.046
7.79,1.6103,-1.3259,1,-0.063119,-0.34274,0,0.93731,-2.6925,3.006,0,0.23966,0.81125,-0.033004,-8.3222,1.5326,0,0,0,0,1.941,1.9445,1.9447,1.9415,13.946,-3.7375,0,43.086,-0.038719,0,12.953
7.8,1.583,-1.2958,1,-0.061935,-0.33885,0,0.9388,-2.775,3.0212,0,0.24154,0.84894,-0.031176,-8.1806,1.4953,0,0,0,0,1.9267,1.9303,1.9305,1.9272,14.373,-3.7377,0,42.324,-0.013948,0,12.858
7.81,1.5548,-1.2655,1,-0.060745,-0.33478,0,0.94034,-2.8561,3.0359,0,0.24359,0.88741,-0.029397,-8.0348,1.4579,0,0,0,0,1.9122,1.9159,1.916,1.9127,14.793,-3.7377,0,41.54,0.009088,0,12.761
7.82,1.5258,-1.235,1,-0.059546,-0.33052,0,0.94192,-2.9357,3.0503,0,0.2458,0.92669,-0.027668,-7.8848,1.4205,0,0,0,0,1.8974,1.9012,1.9013,1.8979,15.204,-3.7375,0,40.737,0.030429,0,12.663
7.83,1.4961,-1.2045,1,-0.058338,-0.32607,0,0.94354,-3.0138,3.0643,0,0.24817,0.96677,-0.025988,-7.7307,1.3831,0,0,0,0,1.8825,1.8863,1.8864,1.883,15.607,-3.7371,0,39.914,0.050116,0,12.564
7.84,1.4656,-1.1737,1,-0.057119,-0.32142,0,0.94521,-3.0903,3.078,0,0.25071,1.0077,-0.024359,-7.5727,1.3458,0,0,0,0,1.8673,1.8713,1.8713,1.8678,16.002,-3.7365,0,39.071,0.06819,0,12.463
7.85,1.4343,-1.1429,1,-0.05589,-0.31656,0,0.94693,-3.1652,3.0913,0,0.25342,1.0494,-0.02278,-7.4107,1.3084,0,0,0,0,1.852,1.8561,1.8561,1.8525,16.389,-3.7358,0,38.21,0.08469,0,12.361
7.86,1.4023,-1.1119,1,-0.054647,-0.31149,0,0.94868,-3.2385,3.1042,0,0.25629,1.0919,-0.021251,-7.2449,1.271,0,0,0,0,1.8366,1.8407,1.8407,1.8371,16.766,-3.7349,0,37.33,0.099657,0,12.259
7.87,1.3695,-1.0808,1,-0.053392,-0.30621,0,0.95047,-3.3101,3.1167,0,0.25933,1.1353,-0.019773,-7.0754,1.2337,0,0,0,0,1.8211,1.8253,1.8253,1.8216,17.135,-3.7338,0,36.433,0.11313,0,12.155
7.88,1.3361,-1.0496,1,-0.052122,-0.30071,0,0.95229,-3.38,3.1288,0,0.26253,1.1794,-0.018347,-6.9022,1.1964,0,0,0,0,1.8055,1.8098,1.8097,1.806,17.495,-3.7326,0,35.518,0.12515,0,12.052
7.89,1.3019,-1.0182,1,-0.050836,-0.29498,0,0.95415,-3.4481,3.1406,0,0.26589,1.2243,-0.016973,-6.7255,1.159,0,0,0,0,1.7898,1.7942,1.7941,1.7904,17.845,-3.7313,0,34.587,0.13577,0,11.948
7.9,1.2671,-0.98678,1,-0.049534,-0.28903,0,0.95604,-3.5145,3.152,0,0.26942,1.27,-0.01565,-6.5454,1.1217,0,0,0,0,1.7742,1.7787,1.7785,1.7747,18.187,-3.7299,0,33.64,0.14501,0,11.844
7.91,1.2316,-0.95521,1,-0.048215,-0.28285,0,0.95795,-3.579,3.163,0,0.27309,1.3163,-0.014381,-6.3618,1.0844,0,0,0,0,1.7586,1.7631,1.763,1.7591,18.518,-3.7284,0,32.676,0.15292,0,11.74
7.92,1.1955,-0.92352,1,-0.046877,-0.27643,0,0.95989,-3.6417,3.1737,0,0.27692,1.3634,-0.013165,-6.175,1.0472,0,0,0,0,1.743,1.7476,1.7474,1.7436,18.84,-3.7268,0,31.698,0.15954,0,11.636
7.93,1.1588,-0.89173,1,-0.04552,-0.26977,0,0.96185,-3.7025,3.184,0,0.28088,1.411,-0.012002,-5.9851,1.0099,0,0,0,0,1.7275,1.7322,1.732,1.7281,19.152,-3.7252,0,30.705,0.16491,0,11.533
7.94,1.1215,-0.85984,1,-0.044143,-0.26286,0,0.96382,-3.7614,3.1939,0,0.28498,1.4592,-0.010894,-5.792,0.97267,0,0,0,0,1.7122,1.7169,1.7167,1.7127,19.454,-3.7235,0,29.698,0.16907,0,11.431
7.95,1.0836,-0.82786,1,-0.042744,-0.25571,0,0.96581,-3.8184,3.2034,0,0.28921,1.5078,-0.0098399,-5.596,0.93544,0,0,0,0,1.697,1.7018,1.7015,1.6975,19.746,-3.7218,0,28.678,0.17206,0,11.33
7.96,1.0451,-0.79578,1,-0.041324,-0.2483,0,0.9678,-3.8733,3.2126,0,0.29354,1.5567,-0.0088413,-5.3971,0.89823,0,0,0,0,1.682,1.6868,1.6865,1.6825,20.028,-3.7201,0,27.644,0.17392,0,11.23
7.97,1.0061,-0.76361,1,-0.039881,-0.24064,0,0.96979,-3.9263,3.2214,0,0.29798,1.606,-0.007898,-5.1955,0.86104,0,0,0,0,1.6672,1.6721,1.6717,1.6677,20.299,-3.7184,0,26.597,0.1747,0,11.131
7.98,0.96661,-0.73135,1,-0.038415,-0.23273,0,0.97178,-3.9772,3.2298,0,0.30251,1.6553,-0.0070104,-4.9912,0.82386,0,0,0,0,1.6527,1.6576,1.6572,1.6532,20.559,-3.7166,0,25.539,0.17443,0,11.035
7.99,0.9266,-0.69901,1,-0.036925,-0.22456,0,0.97376,-4.0261,3.2379,0,0.3071,1.7047,-0.0061786,-4.7844,0.78671,0,0,0,0,1.6385,1.6434,1.643,1.639,20.81,-3.7149,0,24.469,0.17315,0,10.94
8,0.8861,-0.66659,1,-0.035411,-0.21613,0,0.97572,-4.0729,3.2456,0,0.31175,1.7539,-0.0054027,-4.5751,0.74957,0,0,0,0,1.6246,1.6295,1.6291,1.6251,21.049,-3.7132,0,23.388,0.17091,0,10.847
8.01,0.84515,-0.6341,1,-0.033872,-0.20745,0,0.97766,-4.1176,3.2529,0,0.31643,1.8029,-0.0046825,-4.3634,0.71244,0,0,0,0,1.6111,1.616,1.6156,1.6116,21.277,-3.7115,0,22.296,0.16775,0,10.757
8.02,0.80375,-0.60154,1,-0.032307,-0.19851,0,0.97957,-4.1602,3.2598,0,0.32113,1.8513,-0.0040179,-4.1495,0.67534,0,0,0,0,1.598,1.6028,1.6024,1.5986,21.495,-3.7098,0,21.194,0.16372,0,10.67
8.03,0.76195,-0.5689,1,-0.030718,-0.18932,0,0.98144,-4.2006,3.2664,0,0.32581,1.8991,-0.0034083,-3.9336,0.63825,0,0,0,0,1.5854,1.5901,1.5897,1.5859,21.701,-3.7082,0,20.083,0.15886,0,10.585
8.04,0.71975,-0.53621,1,-0.029103,-0.17987,0,0.98326,-4.2388,3.2726,0,0.33045,1.946,-0.0028532,-3.7156,0.60117,0,0,0,0,1.5733,1.5779,1.5775,1.5738,21.896,-3.7066,0,18.963,0.15322,0,10.504
8.05,0.67718,-0.50345,1,-0.027464,-0.17019,0,0.98503,-4.2749,3.2784,0,0.33503,1.9918,-0.0023515,-3.4957,0.56411,0,0,0,0,1.5617,1.5662,1.5658,1.5621,22.08,-3.7051,0,17.835,0.14684,0,10.426
8.06,0.63426,-0.47064,1,-0.025799,-0.16026,0,0.98674,-4.3087,3.2839,0,0.33952,2.0362,-0.0019022,-3.274,0.52707,0,0,0,0,1.5506,1.555,1.5546,1.5511,22.253,-3.7037,0,16.698,0.13978,0,10.352
8.07,0.59101,-0.43778,1,-0.024111,-0.1501,0,0.98838,-4.3404,3.2889,0,0.34389,2.0792,-0.0015039,-3.0506,0.49004,0,0,0,0,1.5402,1.5444,1.544,1.5406,22.414,-3.7023,0,15.554,0.13207,0,10.282
8.08,0.54746,-0.40486,1,-0.022398,-0.13971,0,0.98994,-4.3698,3.2937,0,0.34811,2.1203,-0.0011547,-2.8257,0.45302,0,0,0,0,1.5303,1.5344,1.5339,1.5307,22.564,-3.7011,0,14.403,0.12376,0,10.216
8.09,0.50362,-0.37191,1,-0.020663,-0.12911,0,0.99141,-4.3969,3.298,0,0.35214,2.1594,-0.00085281,-2.5994,0.41602,0,0,0,0,1.5212,1.525,1.5246,1.5215,22.702,-3.6999,0,13.246,0.11489,0,10.154
8.1,0.45953,-0.33891,1,-0.018906,-0.11831,0,0.9928,-4.4217,3.302,0,0.35597,2.1962,-0.00059576,-2.3717,0.37903,0,0,0,0,1.5127,1.5163,1.5159,1.513,22.829,-3.6988,0,12.083,0.10552,0,10.096
8.11,0.4152,-0.30587,1,-0.017129,-0.10731,0,0.99408,-4.4443,3.3056,0,0.35955,2.2304,-0.00038094,-2.1429,0.34204,0,0,0,0,1.5049,1.5082,1.5079,1.5052,22.944,-3.6978,0,10.915,0.095683,0,10.044
8.12,0.37065,-0.2728,1,-0.015332,-0.096139,0,0.99525,-4.4646,3.3088,0,0.36286,2.2619,-0.00020538,-1.9129,0.30507,0,0,0,0,1.4979,1.5009,1.5006,1.4982,23.047,-3.6968,0,9.7416,0.08543,0,9.9961
8.13,0.32591,-0.23969,1,-0.013518,-0.084805,0,0.99631,-4.4826,3.3117,0,0.36587,2.2904,-6.5814e-05,-1.682,0.26811,0,0,0,0,1.4917,1.4944,1.494,1.4919,23.139,-3.696,0,8.5641,0.074805,0,9.9534
8.14,0.28101,-0.20656,1,-0.011688,-0.073325,0,0.99724,-4.4982,3.3142,0,0.36855,2.3157,4.1342e-05,-1.4502,0.23115,0,0,0,0,1.4862,1.4886,1.4883,1.4864,23.219,-3.6954,0,7.3829,0.063853,0,9.9159
8.15,0.23596,-0.17341,1,-0.0098433,-0.061717,0,0.99805,-4.5116,3.3163,0,0.37089,2.3376,0.00011995,-1.2176,0.1942,0,0,0,0,1.4816,1.4836,1.4833,1.4817,23.286,-3.6948,0,6.1985,0.05262,0,9.8838
8.16,0.19078,-0.14024,1,-0.0079868,-0.050001,0,0.99872,-4.5226,3.3181,0,0.37284,2.3559,0.00017411,-0.98447,0.15725,0,0,0,0,1.4778,1.4794,1.4792,1.4779,23.342,-3.6943,0,5.0113,0.041152,0,9.8571
8.17,0.14551,-0.10705,1,-0.0061204,-0.038195,0,0.99925,-4.5313,3.3195,0,0.37441,2.3705,0.00020819,-0.75081,0.12031,0,0,0,0,1.4748,1.4761,1.4759,1.4749,23.387,-3.6939,0,3.822,0.029493,0,9.836
8.18,0.10017,-0.07385,1,-0.0042464,-0.02632,0,0.99964,-4.5376,3.3205,0,0.37557,2.3813,0.00022671,-0.51678,0.083374,0,0,0,0,1.4727,1.4736,1.4734,1.4727,23.419,-3.6937,0,2.6309,0.01769,0,9.8206
8.19,0.054768,-0.040642,1,-0.0023669,-0.014398,0,0.99989,-4.5416,3.3211,0,0.37632,2.3881,0.00023436,-0.28247,0.046437,0,0,0,0,1.4714,1.4719,1.4718,1.4714,23.439,-3.6936,0,1.4387,0.0057881,0,9.8108
8.2,0.009342,-0.0074285,1,-0.00048443,-0.0024488,0,1,-4.5432,3.3214,0,0.37663,2.391,0.00023593,-0.04803,0.0095013,0,0,0,0,1.471,1.4711,1.471,1.4709,23.448,-3.6936,0,0.2459,-0.0061675,0,9.8067
8.21,-0.036089,0.025785,1,0.0013986,0.0095045,0,0.99995,-4.5426,3.3213,0,0.37652,2.3898,0.00023628,0.18644,-0.027435,0,0,0,0,1.4715,1.4711,1.4711,1.4713,23.444,-3.6937,0,-0.94703,-0.018131,0,9.8084
8.22,-0.081501,0.058997,1,0.0032798,0.02144,0,0.99976,-4.5395,3.3209,0,0.37598,2.3846,0.00024027,0.42081,-0.064373,0,0,0,0,1.4728,1.4721,1.472,1.4726,23.429,-3.694,0,-2.1396,-0.030058,0,9.8158
8.23,-0.12687,0.092201,1,0.0051568,0.033338,0,0.99943,-4.5341,3.32,0,0.37502,2.3754,0.00025274,0.65497,-0.10131,0,0,0,0,1.4749,1.4738,1.4739,1.4747,23.401,-3.6943,0,-3.3312,-0.041901,0,9.829
8.24,-0.17218,0.1254,1,0.0070272,0.045174,0,0.99895,-4.5264,3.3188,0,0.37365,2.3624,0.00027842,0.8888,-0.13826,0,0,0,0,1.478,1.4765,1.4765,1.4777,23.362,-3.6948,0,-4.5213,-0.053616,0,9.8478
8.25,-0.21739,0.15858,1,0.0088888,0.05693,0,0.99834,-4.5164,3.3173,0,0.37188,2.3456,0.00032193,1.1222,-0.17521,0,0,0,0,1.4818,1.4799,1.48,1.4815,23.311,-3.6954,0,-5.7095,-0.065157,0,9.8722
8.26,-0.2625,0.19174,1,0.010739,0.068585,0,0.99759,-4.504,3.3153,0,0.36972,2.3252,0.00038772,1.355,-0.21217,0,0,0,0,1.4865,1.4842,1.4844,1.4862,23.248,-3.6961,0,-6.8952,-0.076479,0,9.902
8.27,-0.30746,0.22488,1,0.012577,0.080119,0,0.99671,-4.4893,3.313,0,0.36721,2.3012,0.00048001,1.5871,-0.24913,0,0,0,0,1.4919,1.4893,1.4895,1.4916,23.173,-3.6969,0,-8.0779,-0.087536,0,9.9373
8.28,-0.35227,0.258,1,0.014399,0.091515,0,0.9957,-4.4722,3.3103,0,0.36435,2.274,0.0006028,1.8184,-0.28611,0,0,0,0,1.4982,1.4953,1.4955,1.4978,23.086,-3.6978,0,-9.257,-0.098282,0,9.9779
8.29,-0.3969,0.29109,1,0.016205,0.10276,0,0.99457,-4.4529,3.3073,0,0.36119,2.2437,0.0007598,2.0488,-0.32309,0,0,0,0,1.5051,1.502,1.5022,1.5048,22.988,-3.6989,0,-10.432,-0.10867,0,10.024
8.3,-0.44132,0.32414,1,0.017992,0.11383,0,0.99334,-4.4313,3.3039,0,0.35774,2.2106,0.00095444,2.2781,-0.36008,0,0,0,0,1.5129,1.5094,1.5097,1.5125,22.878,-3.7,0,-11.603,-0.11866,0,10.074
8.31,-0.48552,0.35716,1,0.019759,0.12471,0,0.992,-4.4073,3.3001,0,0.35403,2.1748,0.0011898,2.5063,-0.39709,0,0,0,0,1.5213,1.5176,1.5179,1.5209,22.756,-3.7013,0,-12.768,-0.12821,0,10.13
8.32,-0.52946,0.39014,1,0.021505,0.1354,0,0.99056,-4.3811,3.2959,0,0.3501,2.1366,0.0014688,2.7332,-0.43411,0,0,0,0,1.5304,1.5265,1.5269,1.53,22.622,-3.7026,0,-13.928,-0.13726,0,10.19
8.33,-0.57313,0.42308,1,0.023228,0.14587,0,0.98903,-4.3527,3.2914,0,0.34598,2.0963,0.0017938,2.9587,-0.47114,0,0,0,0,1.5402,1.536,1.5365,1.5398,22.477,-3.704,0,-15.081,-0.14577,0,10.254
8.34,-0.61651,0.45597,1,0.024929,0.15613,0,0.98742,-4.322,3.2865,0,0.34169,2.0541,0.0021671,3.1827,-0.50819,0,0,0,0,1.5506,1.5462,1.5467,1.5501,22.321,-3.7055,0,-16.228,-0.1537,0,10.323
8.35,-0.65957,0.48881,1,0.026605,0.16615,0,0.98574,-4.289,3.2813,0,0.33727,2.0102,0.0025904,3.4051,-0.54525,0,0,0,0,1.5615,1.5571,1.5575,1.5611,22.153,-3.7071,0,-17.368,-0.161,0,10.395
8.36,-0.70228,0.5216,1,0.028258,0.17594,0,0.984,-4.2539,3.2756,0,0.33274,1.965,0.0030654,3.6257,-0.58233,0,0,0,0,1.573,1.5684,1.5689,1.5726,21.973,-3.7087,0,-18.5,-0.16762,0,10.472
8.37,-0.74464,0.55432,1,0.029885,0.18548,0,0.98219,-4.2165,3.2696,0,0.32813,1.9185,0.0035934,3.8445,-0.61943,0,0,0,0,1.585,1.5804,1.5809,1.5846,21.783,-3.7104,0,-19.624,-0.17353,0,10.551
8.38,-0.78661,0.58699,1,0.031487,0.19478,0,0.98034,-4.177,3.2632,0,0.32348,1.8711,0.0041753,4.0614,-0.65654,0,0,0,0,1.5975,1.5928,1.5933,1.5971,21.581,-3.7122,0,-20.739,-0.17867,0,10.635
8.39,-0.82817,0.61959,1,0.033064,0.20382,0,0.97845,-4.1353,3.2565,0,0.31881,1.8229,0.0048119,4.2761,-0.69367,0,0,0,0,1.6105,1.6057,1.6062,1.6101,21.368,-3.714,0,-21.845,-0.183,0,10.721
8.4,-0.8693,0.65211,1,0.034616,0.21261,0,0.97652,-4.0915,3.2494,0,0.31413,1.7741,0.0055039,4.4887,-0.73082,0,0,0,0,1.6239,1.619,1.6195,1.6235,21.144,-3.7158,0,-22.941,-0.18648,0,10.81
8.41,-0.90999,0.68457,1,0.036144,0.22115,0,0.97457,-4.0455,3.2419,0,0.30948,1.725,0.0062516,4.699,-0.76799,0,0,0,0,1.6376,1.6327,1.6333,1.6372,20.909,-3.7177,0,-24.027,-0.18905,0,10.901
8.42,-0.95021,0.71695,1,0.037646,0.22942,0,0.9726,-3.9975,3.234,0,0.30487,1.6757,0.0070551,4.9068,-0.80517,0,0,0,0,1.6517,1.6468,1.6473,1.6513,20.664,-3.7196,0,-25.102,-0.19067,0,10.995
8.43,-0.98993,0.74925,1,0.039125,0.23744,0,0.97061,-3.9474,3.2258,0,0.30033,1.6263,0.0079145,5.1122,-0.84238,0,0,0,0,1.6661,1.6612,1.6617,1.6657,20.407,-3.7215,0,-26.165,-0.19131,0,11.091
8.44,-1.0291,0.78146,1,0.04058,0.2452,0,0.96862,-3.8953,3.2171,0,0.29586,1.577,0.0088297,5.3149,-0.87961,0,0,0,0,1.6807,1.6758,1.6764,1.6804,20.14,-3.7234,0,-27.217,-0.19091,0,11.189
8.45,-1.0678,0.81359,1,0.042013,0.25271,0,0.96663,-3.8411,3.2082,0,0.29149,1.5279,0.0098005,5.515,-0.91685,0,0,0,0,1.6956,1.6908,1.6913,1.6953,19.863,-3.7253,0,-28.256,-0.18943,0,11.288
8.46,-1.106,0.84563,1,0.043423,0.25997,0,0.96464,-3.785,3.1988,0,0.28723,1.4791,0.010827,5.7122,-0.95411,0,0,0,0,1.7107,1.7059,1.7064,1.7104,19.575,-3.7272,0,-29.283,-0.18685,0,11.389
8.47,-1.1435,0.87757,1,0.044812,0.26698,0,0.96266,-3.7269,3.1891,0,0.28308,1.4307,0.011907,5.9064,-0.99139,0,0,0,0,1.7259,1.7212,1.7217,1.7257,19.277,-3.7291,0,-30.296,-0.1831,0,11.491
8.48,-1.1805,0.90941,1,0.04618,0.27374,0,0.9607,-3.6669,3.179,0,0.27907,1.3829,0.013043,6.0977,-1.0287,0,0,0,0,1.7413,1.7366,1.7372,1.7411,18.969,-3.7309,0,-31.295,-0.17816,0,11.594
8.49,-1.2169,0.94114,1,0.047529,0.28026,0,0.95875,-3.6049,3.1685,0,0.27519,1.3356,0.014232,6.2858,-1.066,0,0,0,0,1.7567,1.7521,1.7527,1.7566,18.652,-3.7326,0,-32.28,-0.17199,0,11.697
8.5,-1.2526,0.97278,1,0.048859,0.28654,0,0.95682,-3.5412,3.1577,0,0.27146,1.2889,0.015476,6.4707,-1.1033,0,0,0,0,1.7723,1.7677,1.7683,1.7721,18.324,-3.7343,0,-33.249,-0.16454,0,11.801
8.51,-1.2877,1.0043,1,0.050171,0.29258,0,0.95492,-3.4755,3.1464,0,0.26788,1.243,0.016772,6.6522,-1.1407,0,0,0,0,1.7878,1.7834,1.7839,1.7877,17.987,-3.7359,0,-34.204,-0.15577,0,11.905
8.52,-1.3221,1.0357,1,0.051466,0.2984,0,0.95305,-3.4081,3.1348,0,0.26446,1.1978,0.01812,6.8304,-1.1781,0,0,0,0,1.8034,1.799,1.7996,1.8033,17.64,-3.7374,0,-35.142,-0.14564,0,12.009
8.53,-1.3558,1.067,1,0.052746,0.30399,0,0.95121,-3.3389,3.1229,0,0.26119,1.1533,0.019521,7.005,-1.2154,0,0,0,0,1.8189,1.8146,1.8152,1.8189,17.284,-3.7388,0,-36.064,-0.13412,0,12.113
8.54,-1.3889,1.0982,1,0.05401,0.30936,0,0.94941,-3.268,3.1105,0,0.25809,1.1096,0.020974,7.176,-1.2528,0,0,0,0,1.8344,1.8302,1.8307,1.8344,16.919,-3.7401,0,-36.969,-0.12115,0,12.216
8.55,-1.4212,1.1292,1,0.055261,0.31452,0,0.94764,-3.1954,3.0978,0,0.25516,1.0667,0.022478,7.3433,-1.2902,0,0,0,0,1.8498,1.8457,1.8462,1.8498,16.545,-3.7412,0,-37.856,-0.10671,0,12.319
8.56,-1.4528,1.1601,1,0.056499,0.31946,0,0.94591,-3.1212,3.0847,0,0.25239,1.0247,0.024033,7.5069,-1.3277,0,0,0,0,1.865,1.861,1.8616,1.8651,16.162,-3.7422,0,-38.725,-0.090743,0,12.421
8.57,-1.4836,1.1909,1,0.057726,0.3242,0,0.94423,-3.0453,3.0713,0,0.24978,0.98344,0.025638,7.6665,-1.3651,0,0,0,0,1.8802,1.8763,1.8768,1.8802,15.77,-3.7431,0,-39.576,-0.073219,0,12.522
8.58,-1.5137,1.2215,1,0.058941,0.32873,0,0.94258,-2.9679,3.0574,0,0.24734,0.94302,0.027294,7.8223,-1.4025,0,0,0,0,1.8951,1.8913,1.8918,1.8952,15.37,-3.7437,0,-40.407,-0.054093,0,12.622
8.59,-1.543,1.252,1,0.060147,0.33307,0,0.94098,-2.8889,3.0432,0,0.24507,0.90341,0.029,7.9739,-1.44,0,0,0,0,1.9099,1.9061,1.9066,1.91,14.962,-3.7441,0,-41.219,-0.033326,0,12.721
8.6,-1.5714,1.2824,1,0.061344,0.33722,0,0.93943,-2.8084,3.0286,0,0.24296,0.8646,0.030756,8.1215,-1.4774,0,0,0,0,1.9244,1.9208,1.9213,1.9246,14.546,-3.7444,0,-42.011,-0.010876,0,12.818
8.61,-1.5991,1.3126,1,0.062534,0.34118,0,0.93792,-2.7265,3.0137,0,0.24102,0.82658,0.032561,8.2648,-1.5149,0,0,0,0,1.9387,1.9352,1.9356,1.9389,14.122,-3.7443,0,-42.783,0.013296,0,12.914
8.62,-1.626,1.3427,1,0.063716,0.34495,0,0.93646,-2.6431,2.9983,0,0.23923,0.78934,0.034416,8.4039,-1.5523,0,0,0,0,1.9527,1.9493,1.9498,1.9529,13.69,-3.7441,0,-43.533,0.039232,0,13.008
8.63,-1.652,1.3726,1,0.064893,0.34855,0,0.93504,-2.5584,2.9826,0,0.23761,0.75286,0.036321,8.5386,-1.5897,0,0,0,0,1.9665,1.9631,1.9636,1.9667,13.251,-3.7436,0,-44.262,0.066971,0,13.1
8.64,-1.6771,1.4023,1,0.066065,0.35197,0,0.93368,-2.4724,2.9665,0,0.23614,0.71711,0.038275,8.6689,-1.6272,0,0,0,0,1.9799,1.9766,1.9771,1.9802,12.805,-3.7427,0,-44.968,0.096555,0,13.19
8.65,-1.7014,1.4319,1,0.067233,0.35522,0,0.93236,-2.385,2.9501,0,0.23482,0.68207,0.04028,8.7947,-1.6646,0,0,0,0,1.993,1.9898,1.9903,1.9933,12.352,-3.7416,0,-45.652,0.12802,0,13.277
8.66,-1.7248,1.4613,1,0.068398,0.3583,0,0.9311,-2.2965,2.9332,0,0.23366,0.64773,0.042334,8.9159,-1.702,0,0,0,0,2.0058,2.0026,2.0031,2.0061,11.892,-3.7402,0,-46.312,0.16142,0,13.363
8.67,-1.7473,1.4906,1,0.06956,0.36122,0,0.92988,-2.2067,2.916,0,0.23264,0.61405,0.044438,9.0325,-1.7394,0,0,0,0,2.0182,2.0151,2.0155,2.0185,11.426,-3.7384,0,-46.949,0.19678,0,13.445
8.68,-1.769,1.5196,1,0.070722,0.36398,0,0.92872,-2.1158,2.8985,0,0.23178,0.58101,0.046593,9.1444,-1.7768,0,0,0,0,2.0302,2.0272,2.0276,2.0305,10.953,-3.7362,0,-47.562,0.23415,0,13.526
8.69,-1.7897,1.5485,1,0.071883,0.36659,0,0.9276,-2.0239,2.8805,0,0.23105,0.54858,0.048799,9.2515,-1.8141,0,0,0,0,2.0418,2.0388,2.0393,2.0421,10.475,-3.7337,0,-48.15,0.27356,0,13.603
8.7,-1.8094,1.5773,1,0.073044,0.36904,0,0.92654,-1.9308,2.8622,0,0.23047,0.51674,0.051056,9.3539,-1.8514,0,0,0,0,2.053,2.0501,2.0505,2.0533,9.9903,-3.7307,0,-48.713,0.31506,0,13.678
8.71,-1.8283,1.6058,1,0.074207,0.37134,0,0.92553,-1.8368,2.8435,0,0.23002,0.48545,0.053364,9.4513,-1.8887,0,0,0,0,2.0637,2.0609,2.0613,2.0641,9.5005,-3.7274,0,-49.25,0.3587,0,13.75
8.72,-1.8462,1.6341,1,0.075372,0.37349,0,0.92457,-1.7418,2.8244,0,0.2297,0.45469,0.055725,9.5439,-1.926,0,0,0,0,2.074,2.0712,2.0717,2.0744,9.0054,-3.7236,0,-49.761,0.40449,0,13.819
8.73,-1.8631,1.6623,1,0.076539,0.3755,0,0.92366,-1.6459,2.805,0,0.22952,0.42442,0.058138,9.6314,-1.9632,0,0,0,0,2.0838,2.0811,2.0816,2.0843,8.5053,-3.7193,0,-50.245,0.4525,0,13.885
8.74,-1.8791,1.6902,1,0.07771,0.37737,0,0.9228,-1.5492,2.7851,0,0.22946,0.39463,0.060604,9.714,-2.0004,0,0,0,0,2.0932,2.0906,2.091,2.0937,8.0006,-3.7145,0,-50.702,0.50276,0,13.947
8.75,-1.8941,1.718,1,0.078885,0.3791,0,0.92199,-1.4517,2.7649,0,0.22953,0.36527,0.063123,9.7914,-2.0375,0,0,0,0,2.1021,2.0995,2.0999,2.1026,7.4914,-3.7092,0,-51.131,0.55531,0,14.007
8.76,-1.9081,1.7455,1,0.080066,0.38069,0,0.92123,-1.3534,2.7444,0,0.22972,0.33633,0.065698,9.8638,-2.0745,0,0,0,0,2.1105,2.1079,2.1084,2.111,6.9781,-3.7034,0,-51.531,0.61019,0,14.063
8.77,-1.9212,1.7729,1,0.081252,0.38214,0,0.92052,-1.2544,2.7235,0,0.23003,0.30776,0.068327,9.931,-2.1115,0,0,0,0,2.1184,2.1158,2.1163,2.1189,6.4609,-3.697,0,-51.903,0.66745,0,14.116
8.78,-1.9332,1.8,1,0.082445,0.38346,0,0.91987,-1.1548,2.7022,0,0.23045,0.27955,0.071012,9.993,-2.1485,0,0,0,0,2.1257,2.1232,2.1237,2.1263,5.9401,-3.69,0,-52.246,0.72711,0,14.165
8.79,-1.9442,1.8269,1,0.083644,0.38466,0,0.91926,-1.0546,2.6805,0,0.23098,0.25167,0.073753,10.05,-2.1853,0,0,0,0,2.1326,2.1301,2.1306,2.1332,5.416,-3.6825,0,-52.558,0.78923,0,14.211
8.8,-1.9543,1.8536,1,0.084852,0.38572,0,0.91871,-0.95382,2.6585,0,0.23163,0.22408,0.076551,10.101,-2.2221,0,0,0,0,2.1389,2.1365,2.1369,2.1395,4.889,-3.6742,0,-52.841,0.85384,0,14.253
8.81,-1.9633,1.8801,1,0.086068,0.38665,0,0.9182,-0.85257,2.636,0,0.23237,0.19676,0.079408,10.148,-2.2588,0,0,0,0,2.1446,2.1423,2.1427,2.1453,4.3593,-3.6654,0,-53.092,0.92098,0,14.291
8.82,-1.9713,1.9063,1,0.087293,0.38746,0,0.91775,-0.75089,2.6133,0,0.23322,0.16968,0.082323,10.188,-2.2954,0,0,0,0,2.1498,2.1475,2.1479,2.1505,3.8273,-3.6558,0,-53.312,0.9907,0,14.326
8.83,-1.9783,1.9323,1,0.088527,0.38814,0,0.91734,-0.64882,2.5901,0,0.23417,0.14281,0.085297,10.224,-2.3319,0,0,0,0,2.1545,2.1522,2.1526,2.1552,3.2932,-3.6456,0,-53.5,1.063,0,14.358
8.84,-1.9843,1.9581,1,0.089772,0.38869,0,0.91698,-0.54642,2.5666,0,0.23521,0.11613,0.088332,10.254,-2.3683,0,0,0,0,2.1586,2.1563,2.1568,2.1593,2.7574,-3.6345,0,-53.656,1.138,0,14.385
8.85,-1.9893,1.9837,1,0.091028,0.38912,0,0.91668,-0.44375,2.5428,0,0.23635,0.089611,0.091428,10.279,-2.4046,0,0,0,0,2.1622,2.1599,2.1604,2.1629,2.2202,-3.6228,0,-53.779,1.2157,0,14.409
8.86,-1.9932,2.009,1,0.092295,0.38943,0,0.91642,-0.34086,2.5185,0,0.23757,0.063224,0.094586,10.299,-2.4408,0,0,0,0,2.1651,2.1629,2.1634,2.1659,1.6819,-3.6102,0,-53.868,1.2961,0,14.429
8.87,-1.9961,2.034,1,0.093573,0.38961,0,0.91621,-0.2378,2.494,0,0.23887,0.036945,0.097806,10.313,-2.4768,0,0,0,0,2.1676,2.1653,2.1658,2.1683,1.1429,-3.5969,0,-53.924,1.3793,0,14.445
8.88,-1.9979,2.0588,1,0.094864,0.38968,0,0.91605,-0.13462,2.469,0,0.24026,0.010747,0.10109,10.322,-2.5127,0,0,0,0,2.1694,2.1672,2.1677,2.1702,0.60354,-3.5826,0,-53.946,1.465,0,14.457
8.89,-1.9988,2.0834,1,0.096168,0.38962,0,0.91594,-0.031382,2.4437,0,0.24172,-0.015395,0.10444,10.325,-2.5485,0,0,0,0,2.1707,2.1685,2.169,2.1715,0.064102,-3.5675,0,-53.936,1.5533,0,14.466
8.9,-1.9986,2.1077,1,0.097486,0.38943,0,0.91588,0.071861,2.418,0,0.24325,-0.041507,0.10785,10.323,-2.5841,0,0,0,0,2.1714,2.1692,2.1697,2.1722,-0.47507,-3.5516,0,-53.894,1.644,0,14.471
8.91,-1.9973,2.1318,1,0.098816,0.38913,0,0.91587,0.17506,2.392,0,0.24486,-0.067614,0.11133,10.315,-2.6195,0,0,0,0,2.1716,2.1694,2.1699,2.1724,-1.0137,-3.5347,0,-53.819,1.7371,0,14.472
8.92,-1.9951,2.1556,1,0.10016,0.3887,0,0.9159,0.27815,2.3656,0,0.24652,-0.093744,0.11488,10.303,-2.6548,0,0,0,0,2.1712,2.1689,2.1695,2.172,-1.5514,-3.5168,0,-53.714,1.8323,0,14.469
8.93,-1.9918,2.1791,1,0.10152,0.38816,0,0.91598,0.38109,2.3389,0,0.24825,-0.11992,0.11849,10.284,-2.6898,0,0,0,0,2.1702,2.168,2.1685,2.171,-2.0878,-3.498,0,-53.577,1.9296,0,14.463
8.94,-1.9874,2.2023,1,0.1029,0.38749,0,0.91612,0.48382,2.3119,0,0.25004,-0.14617,0.12218,10.261,-2.7247,0,0,0,0,2.1687,2.1664,2.167,2.1695,-2.6228,-3.4782,0,-53.41,2.0289,0,14.453
8.95,-1.9821,2.2253,1,0.10429,0.38669,0,0.91629,0.58629,2.2844,0,0.25187,-0.17252,0.12593,10.232,-2.7594,0,0,0,0,2.1666,2.1643,2.1649,2.1675,-3.1559,-3.4574,0,-53.213,2.1301,0,14.439
8.96,-1.9757,2.248,1,0.10569,0.38577,0,0.91652,0.68844,2.2567,0,0.25376,-0.19899,0.12976,10.198,-2.7939,0,0,0,0,2.1639,2.1617,2.1622,2.1648,-3.687,-3.4356,0,-52.987,2.2331,0,14.421
8.97,-1.9683,2.2705,1,0.10711,0.38473,0,0.91679,0.79023,2.2286,0,0.25569,-0.22562,0.13366,10.158,-2.8281,0,0,0,0,2.1607,2.1585,2.1591,2.1617,-4.2156,-3.4127,0,-52.731,2.3377,0,14.4
8.98,-1.9599,2.2926,1,0.10855,0.38356,0,0.91711,0.89159,2.2001,0,0.25766,-0.25242,0.13763,10.113,-2.8621,0,0,0,0,2.157,2.1547,2.1553,2.158,-4.7415,-3.3888,0,-52.447,2.4439,0,14.375
8.99,-1.9505,2.3145,1,0.11,0.38227,0,0.91748,0.99248,2.1713,0,0.25966,-0.27942,0.14169,10.063,-2.8959,0,0,0,0,2.1528,2.1505,2.1511,2.1537,-5.2644,-3.3639,0,-52.135,2.5516,0,14.347
9,-1.9401,2.336,1,0.11147,0.38084,0,0.9179,1.0928,2.1422,0,0.26168,-0.30665,0.14582,10.008,-2.9294,0,0,0,0,2.148,2.1457,2.1463,2.1489,-5.7841,-3.3378,0,-51.795,2.6606,0,14.315
9.01,-1.9286,2.3573,1,0.11296,0.37929,0,0.91836,1.1926,2.1127,0,0.26374,-0.33413,0.15002,9.9477,-2.9626,0,0,0,0,2.1427,2.1403,2.141,2.1437,-6.3003,-3.3106,0,-51.428,2.7709,0,14.279
9.02,-1.9162,2.3783,1,0.11446,0.3776,0,0.91887,1.2918,2.0829,0,0.26581,-0.36189,0.15431,9.8821,-2.9956,0,0,0,0,2.1369,2.1345,2.1352,2.1379,-6.8126,-3.2824,0,-51.035,2.8823,0,14.241
9.03,-1.9028,2.399,1,0.11599,0.37579,0,0.91942,1.3902,2.0528,0,0.26789,-0.38995,0.15868,9.8115,-3.0283,0,0,0,0,2.1306,2.1282,2.1289,2.1316,-7.3209,-3.253,0,-50.615,2.9948,0,14.199
9.04,-1.8884,2.4193,1,0.11752,0.37383,0,0.92002,1.488,2.0224,0,0.26997,-0.41833,0.16314,9.7357,-3.0607,0,0,0,0,2.1238,2.1214,2.1221,2.1248,-7.8248,-3.2225,0,-50.169,3.1082,0,14.154
9.05,-1.8731,2.4394,1,0.11908,0.37174,0,0.92067,1.5849,1.9916,0,0.27205,-0.44707,0.16767,9.655,-3.0927,0,0,0,0,2.1166,2.1141,2.1148,2.1176,-8.3242,-3.1908,0,-49.698,3.2224,0,14.105
9.06,-1.8567,2.4592,1,0.12065,0.36952,0,0.92136,1.6811,1.9605,0,0.27412,-0.47618,0.17229,9.5693,-3.1245,0,0,0,0,2.1089,2.1063,2.1071,2.1099,-8.8187,-3.158,0,-49.202,3.3373,0,14.054
9.07,-1.8394,2.4786,1,0.12224,0.36715,0,0.9221,1.7763,1.9291,0,0.27618,-0.50568,0.177,9.4786,-3.1559,0,0,0,0,2.1007,2.0981,2.0989,2.1017,-9.3081,-3.1241,0,-48.681,3.4529,0,13.999
9.08,-1.8212,2.4977,1,0.12385,0.36464,0,0.92288,1.8706,1.8974,0,0.27821,-0.53561,0.1818,9.3831,-3.187,0,0,0,0,2.0921,2.0895,2.0903,2.0931,-9.7922,-3.089,0,-48.137,3.5689,0,13.942
9.09,-1.802,2.5166,1,0.12547,0.36198,0,0.9237,1.964,1.8654,0,0.2802,-0.56597,0.18668,9.2828,-3.2177,0,0,0,0,2.0831,2.0804,2.0812,2.0841,-10.271,-3.0527,0,-47.569,3.6854,0,13.881
9.1,-1.7819,2.535,1,0.12711,0.35917,0,0.92457,2.0563,1.833,0,0.28215,-0.5968,0.19166,9.1777,-3.248,0,0,0,0,2.0737,2.0709,2.0718,2.0747,-10.744,-3.0153,0,-46.978,3.8022,0,13.818
9.11,-1.7609,2.5532,1,0.12877,0.35622,0,0.92549,2.1475,1.8004,0,0.28404,-0.62811,0.19672,9.068,-3.278,0,0,0,0,2.0639,2.061,2.062,2.0649,-11.21,-2.9767,0,-46.364,3.9191,0,13.753
9.12,-1.739,2.5711,1,0.13044,0.35311,0,0.92645,2.2376,1.7675,0,0.28587,-0.65992,0.20187,8.9536,-3.3075,0,0,0,0,2.0537,2.0508,2.0517,2.0547,-11.671,-2.9369,0,-45.729,4.0361,0,13.685
9.13,-1.7162,2.5886,1,0.13213,0.34984,0,0.92745,2.3266,1.7343,0,0.28762,-0.69225,0.20711,8.8346,-3.3367,0,0,0,0,2.0431,2.0402,2.0412,2.0442,-12.125,-2.8959,0,-45.071,4.1532,0,13.614
9.14,-1.6925,2.6057,1,0.13383,0.34641,0,0.92849,2.4143,1.7008,0,0.28928,-0.72512,0.21245,8.7111,-3.3654,0,0,0,0,2.0323,2.0292,2.0303,2.0333,-12.572,-2.8538,0,-44.393,4.2701,0,13.542
9.15,-1.6679,2.6226,1,0.13555,0.34282,0,0.92957,2.5008,1.667,0,0.29083,-0.75854,0.21787,8.5832,-3.3938,0,0,0,0,2.0211,2.018,2.019,2.0221,-13.013,-2.8105,0,-43.694,4.3867,0,13.467
9.16,-1.6424,2.6391,1,0.13728,0.33906,0,0.93069,2.5859,1.6329,0,0.29227,-0.79251,0.22338,8.4509,-3.4217,0,0,0,0,2.0096,2.0064,2.0075,2.0106,-13.446,-2.7661,0,-42.974,4.5031,0,13.39
9.17,-1.6162,2.6552,1,0.13903,0.33514,0,0.93186,2.6698,1.5985,0,0.29358,-0.82707,0.22898,8.3143,-3.4491,0,0,0,0,1.9978,1.9945,1.9957,1.9988,-13.872,-2.7205,0,-42.235,4.619,0,13.311
9.18,-1.5891,2.671,1,0.14079,0.33104,0,0.93306,2.7522,1.5639,0,0.29475,-0.8622,0.23467,8.1734,-3.4761,0,0,0,0,1.9858,1.9824,1.9836,1.9868,-14.291,-2.6737,0,-41.477,4.7344,0,13.231
9.19,-1.5611,2.6865,1,0.14255,0.32676,0,0.93429,2.8332,1.529,0,0.29574,-0.89792,0.24044,8.0285,-3.5026,0,0,0,0,1.9735,1.9701,1.9713,1.9745,-14.701,-2.6258,0,-40.699,4.8492,0,13.149
9.2,-1.5324,2.7016,1,0.14433,0.3223,0,0.93557,2.9128,1.4939,0,0.29656,-0.93423,0.24629,7.8794,-3.5286,0,0,0,0,1.961,1.9575,1.9588,1.962,-15.104,-2.5767,0,-39.903,4.9632,0,13.065
9.21,-1.5029,2.7164,1,0.14612,0.31766,0,0.93688,2.9908,1.4584,0,0.29718,-0.97113,0.25223,7.7264,-3.5541,0,0,0,0,1.9483,1.9447,1.9461,1.9493,-15.499,-2.5265,0,-39.089,5.0764,0,12.981
9.22,-1.4726,2.7308,1,0.14792,0.31284,0,0.93822,3.0673,1.4228,0,0.29757,-1.0086,0.25824,7.5695,-3.5791,0,0,0,0,1.9355,1.9318,1.9332,1.9364,-15.886,-2.4752,0,-38.258,5.1886,0,12.895
9.23,-1.4415,2.7448,1,0.14972,0.30782,0,0.93959,3.1422,1.3869,0,0.29773,-1.0467,0.26432,7.4087,-3.6036,0,0,0,0,1.9225,1.9187,1.9202,1.9234,-16.265,-2.4228,0,-37.41,5.2998,0,12.808
9.24,-1.4097,2.7585,1,0.15153,0.3026,0,0.94099,3.2154,1.3507,0,0.29763,-1.0853,0.27048,7.2442,-3.6276,0,0,0,0,1.9094,1.9055,1.907,1.9103,-16.634,-2.3692,0,-36.545,5.4098,0,12.72
9.25,-1.3772,2.7719,1,0.15334,0.29719,0,0.94242,3.287,1.3143,0,0.29724,-1.1244,0.27669,7.0761,-3.651,0,0,0,0,1.8962,1.8922,1.8938,1.8971,-16.995,-2.3146,0,-35.664,5.5186,0,12.632
9.26,-1.344,2.7848,1,0.15515,0.29158,0,0.94388,3.357,1.2777,0,0.29655,-1.1641,0.28297,6.9043,-3.6738,0,0,0,0,1.8829,1.8788,1.8805,1.8838,-17.348,-2.2588,0,-34.767,5.626,0,12.543
9.27,-1.3101,2.7974,1,0.15696,0.28577,0,0.94536,3.4251,1.2408,0,0.29552,-1.2043,0.28929,6.7291,-3.6961,0,0,0,0,1.8696,1.8654,1.8672,1.8704,-17.691,-2.2021,0,-33.855,5.7319,0,12.454
9.28,-1.2755,2.8096,1,0.15877,0.27974,0,0.94686,3.4915,1.2038,0,0.29415,-1.2449,0.29566,6.5506,-3.7179,0,0,0,0,1.8563,1.852,1.8538,1.857,-18.025,-2.1442,0,-32.929,5.8363,0,12.365
9.29,-1.2403,2.8215,1,0.16058,0.27351,0,0.94837,3.5561,1.1665,0,0.29239,-1.286,0.30206,6.3687,-3.739,0,0,0,0,1.843,1.8386,1.8405,1.8437,-18.349,-2.0853,0,-31.988,5.939,0,12.276
9.3,-1.2044,2.833,1,0.16237,0.26706,0,0.9499,3.6189,1.129,0,0.29024,-1.3274,0.30849,6.1836,-3.7596,0,0,0,0,1.8298,1.8253,1.8272,1.8304,-18.664,-2.0254,0,-31.033,6.0399,0,12.188
9.31,-1.1679,2.8441,1,0.16416,0.2604,0,0.95144,3.6798,1.0913,0,0.28765,-1.3691,0.31494,5.9954,-3.7795,0,0,0,0,1.8166,1.812,1.814,1.8171,-18.97,-1.9645,0,-30.065,6.139,0,12.1
9.32,-1.1308,2.8548,1,0.16593,0.25352,0,0.95299,3.7388,1.0534,0,0.28461,-1.411,0.32138,5.8042,-3.7989,0,0,0,0,1.8035,1.7989,1.8009,1.804,-19.266,-1.9027,0,-29.084,6.2361,0,12.012
9.33,-1.0931,2.8651,1,0.16768,0.24642,0,0.95455,3.7959,1.0153,0,0.28109,-1.4531,0.32783,5.6101,-3.8176,0,0,0,0,1.7906,1.7858,1.7879,1.791,-19.551,-1.8398,0,-28.091,6.3311,0,11.925
9.34,-1.0549,2.8751,1,0.16942,0.2391,0,0.9561,3.851,0.97705,0,0.27706,-1.4953,0.33424,5.4132,-3.8357,0,0,0,0,1.7778,1.773,1.7751,1.7781,-19.827,-1.7761,0,-27.086,6.4239,0,11.84
9.35,-1.0161,2.8847,1,0.17113,0.23155,0,0.95765,3.9041,0.9386,0,0.27251,-1.5375,0.34063,5.2136,-3.8531,0,0,0,0,1.7652,1.7603,1.7626,1.7654,-20.093,-1.7114,0,-26.069,6.5144,0,11.756
9.36,-0.97682,2.8939,1,0.17281,0.22379,0,0.95919,3.9552,0.89999,0,0.2674,-1.5795,0.34696,5.0114,-3.8699,0,0,0,0,1.7528,1.7479,1.7502,1.753,-20.349,-1.6458,0,-25.042,6.6026,0,11.673
9.37,-0.93702,2.9027,1,0.17447,0.2158,0,0.96072,4.0043,0.86121,0,0.26173,-1.6213,0.35323,4.8067,-3.886,0,0,0,0,1.7407,1.7357,1.7381,1.7407,-20.594,-1.5793,0,-24.003,6.6882,0,11.592
9.38,-0.89674,2.9111,1,0.17609,0.2076,0,0.96223,4.0514,0.82227,0,0.25546,-1.6628,0.35941,4.5996,-3.9015,0,0,0,0,1.7289,1.7238,1.7263,1.7288,-20.829,-1.512,0,-22.955,6.7711,0,11.513
9.39,-0.856,2.9191,1,0.17767,0.19917,0,0.96372,4.0963,0.78318,0,0.24858,-1.7038,0.36549,4.3902,-3.9162,0,0,0,0,1.7173,1.7122,1.7148,1.7172,-21.053,-1.4439,0,-21.897,6.8513,0,11.436
9.4,-0.81482,2.9267,1,0.17921,0.19053,0,0.96519,4.1392,0.74395,0,0.24108,-1.7442,0.37145,4.1785,-3.9303,0,0,0,0,1.7062,1.701,1.7036,1.7059,-21.267,-1.375,0,-20.83,6.9286,0,11.361
9.41,-0.77322,2.934,1,0.1807,0.18167,0,0.96661,4.1799,0.70458,0,0.23295,-1.7839,0.37727,3.9649,-3.9437,0,0,0,0,1.6954,1.6902,1.6929,1.695,-21.47,-1.3053,0,-19.754,7.0029,0,11.289
9.42,-0.73123,2.9408,1,0.18215,0.1726,0,0.968,4.2185,0.66508,0,0.22417,-1.8226,0.38292,3.7492,-3.9564,0,0,0,0,1.685,1.6798,1.6825,1.6844,-21.662,-1.235,0,-18.67,7.0741,0,11.22
9.43,-0.68886,2.9473,1,0.18353,0.16333,0,0.96935,4.2549,0.62545,0,0.21474,-1.8602,0.3884,3.5317,-3.9684,0,0,0,0,1.675,1.6699,1.6726,1.6743,-21.843,-1.1639,0,-17.578,7.142,0,11.153
9.44,-0.64614,2.9533,1,0.18486,0.15386,0,0.97065,4.2891,0.58571,0,0.20467,-1.8967,0.39366,3.3124,-3.9797,0,0,0,0,1.6655,1.6604,1.6632,1.6647,-22.013,-1.0921,0,-16.479,7.2066,0,11.09
9.45,-0.60309,2.959,1,0.18612,0.1442,0,0.97189,4.3211,0.54586,0,0.19396,-1.9317,0.39871,3.0914,-3.9903,0,0,0,0,1.6564,1.6514,1.6543,1.6555,-22.173,-1.0197,0,-15.374,7.2677,0,11.029
9.46,-0.55972,2.9643,1,0.18732,0.13435,0,0.97307,4.3509,0.50591,0,0.18262,-1.9651,0.4035,2.869,-4.0001,0,0,0,0,1.6479,1.643,1.6459,1.6469,-22.321,-0.94678,0,-14.261,7.3253,0,10.973
9.47,-0.51608,2.9691,1,0.18844,0.12432,0,0.97418,4.3785,0.46586,0,0.17066,-1.9968,0.40803,2.6451,-4.0092,0,0,0,0,1.64,1.6351,1.638,1.6388,-22.458,-0.87325,0,-13.143,7.3791,0,10.92
9.48,-0.47216,2.9736,1,0.18949,0.11413,0,0.97523,4.4038,0.42572,0,0.1581,-2.0266,0.41227,2.4198,-4.0176,0,0,0,0,1.6325,1.6278,1.6307,1.6312,-22.584,-0.79921,0,-12.02,7.429,0,10.87
9.49,-0.42801,2.9776,1,0.19045,0.10378,0,0.9762,4.4269,0.38551,0,0.14498,-2.0543,0.4162,2.1934,-4.0252,0,0,0,0,1.6257,1.6211,1.624,1.6243,-22.698,-0.72469,0,-10.892,7.475,0,10.825
9.5,-0.38363,2.9813,1,0.19133,0.093289,0,0.97708,4.4477,0.34522,0,0.13132,-2.0797,0.4198,1.9659,-4.0321,0,0,0,0,1.6195,1.615,1.6179,1.6179,-22.801,-0.64972,0,-9.759,7.517,0,10.784
9.51,-0.33906,2.9845,1,0.19213,0.082662,0,0.97788,4.4662,0.30487,0,0.11716,-2.1028,0.42305,1.7374,-4.0382,0,0,0,0,1.6139,1.6096,1.6125,1.6122,-22.893,-0.57436,0,-8.6223,7.5547,0,10.747
9.52,-0.29432,2.9874,1,0.19283,0.071917,0,0.97859,4.4824,0.26446,0,0.10255,-2.1233,0.42594,1.5081,-4.0436,0,0,0,0,1.6089,1.6048,1.6077,1.6071,-22.974,-0.49864,0,-7.482,7.5881,0,10.714
9.53,-0.24942,2.9898,1,0.19344,0.061067,0,0.97921,4.4963,0.224,0,0.087533,-2.1412,0.42844,1.278,-4.0482,0,0,0,0,1.6046,1.6007,1.6036,1.6027,-23.043,-0.42261,0,-6.3387,7.6171,0,10.686
9.54,-0.2044,2.9919,1,0.19395,0.050126,0,0.97973,4.508,0.1835,0,0.072163,-2.1563,0.43055,1.0473,-4.052,0,0,0,0,1.601,1.5973,1.6001,1.5989,-23.101,-0.34632,0,-5.1929,7.6416,0,10.662
9.55,-0.15927,2.9935,1,0.19436,0.039111,0,0.98015,4.5173,0.14296,0,0.056497,-2.1685,0.43226,0.81602,-4.0551,0,0,0,0,1.5981,1.5946,1.5974,1.5959,-23.147,-0.2698,0,-4.0449,7.6614,0,10.643
9.56,-0.11406,2.9947,1,0.19467,0.028037,0,0.98047,4.5243,0.1024,0,0.040598,-2.1778,0.43355,0.58437,-4.0574,0,0,0,0,1.5959,1.5926,1.5954,1.5935,-23.181,-0.1931,0,-2.8952,7.6764,0,10.629
9.57,-0.068791,2.9955,1,0.19488,0.016921,0,0.98068,4.529,0.061819,0,0.02453,-2.184,0.43441,0.35242,-4.059,0,0,0,0,1.5943,1.5913,1.594,1.5919,-23.205,-0.11629,0,-1.7444,7.6864,0,10.619
9.58,-0.023488,2.996,1,0.19498,0.0057783,0,0.98079,4.5313,0.021225,0,0.0083576,-2.1871,0.43485,0.12031,-4.0597,0,0,0,0,1.5935,1.5908,1.5934,1.591,-23.216,-0.039392,0,-0.59295,7.6915,0,10.614
9.59,0.021828,2.996,1,0.19498,-0.0053727,0,0.98079,4.5314,-0.019373,0,-0.0078494,-2.1872,0.43486,-0.11186,-4.0597,0,0,0,0,1.5934,1.5909,1.5935,1.5908,-23.217,0.037527,0,0.55878,7.6914,0,10.614
9.6,0.067132,2.9956,1,0.19488,-0.016515,0,0.98069,4.5291,-0.059968,0,-0.024023,-2.1841,0.43444,-0.34398,-4.059,0,0,0,0,1.594,1.5918,1.5943,1.5913,-23.205,0.11442,0,1.7103,7.6862,0,10.619
9.61,0.1124,2.9948,1,0.19468,-0.027633,0,0.98048,4.5245,-0.10055,0,-0.040096,-2.178,0.43358,-0.57593,-4.0575,0,0,0,0,1.5953,1.5935,1.5958,1.5925,-23.182,0.19123,0,2.8611,7.6759,0,10.628
9.62,0.15761,2.9936,1,0.19437,-0.038709,0,0.98016,4.5176,-0.14111,0,-0.056001,-2.1689,0.43231,-0.80759,-4.0552,0,0,0,0,1.5973,1.5958,1.598,1.5945,-23.148,0.26792,0,4.0107,7.6607,0,10.643
9.63,0.20275,2.992,1,0.19396,-0.049727,0,0.97975,4.5083,-0.18165,0,-0.071674,-2.1568,0.43062,-1.0388,-4.0521,0,0,0,0,1.6,1.5988,1.6009,1.5972,-23.102,0.34443,0,5.1586,7.6408,0,10.662
9.64,0.24777,2.9899,1,0.19345,-0.06067,0,0.97923,4.4968,-0.22215,0,-0.087054,-2.1418,0.42852,-1.2696,-4.0483,0,0,0,0,1.6034,1.6025,1.6045,1.6006,-23.045,0.42072,0,6.3045,7.6161,0,10.685
9.65,0.29267,2.9875,1,0.19285,-0.071524,0,0.97862,4.483,-0.26261,0,-0.10208,-2.124,0.42603,-1.4997,-4.0437,0,0,0,0,1.6075,1.6069,1.6088,1.6046,-22.976,0.49674,0,7.4478,7.587,0,10.713
9.66,0.33743,2.9847,1,0.19215,-0.082273,0,0.97791,4.4668,-0.30302,0,-0.11671,-2.1036,0.42315,-1.7291,-4.0383,0,0,0,0,1.6123,1.612,1.6137,1.6094,-22.896,0.57244,0,8.588,7.5533,0,10.746
9.67,0.382,2.9814,1,0.19136,-0.092903,0,0.97711,4.4484,-0.34338,0,-0.13088,-2.0806,0.41991,-1.9576,-4.0322,0,0,0,0,1.6177,1.6177,1.6193,1.6148,-22.804,0.64779,0,9.7247,7.5154,0,10.782
9.68,0.42639,2.9778,1,0.19048,-0.1034,0,0.97623,4.4277,-0.38367,0,-0.14455,-2.0552,0.41632,-2.1851,-4.0254,0,0,0,0,1.6238,1.624,1.6255,1.6208,-22.701,0.72274,0,10.857,7.4733,0,10.823
9.69,0.47055,2.9738,1,0.18952,-0.11376,0,0.97526,4.4047,-0.42388,0,-0.15769,-2.0276,0.41241,-2.4116,-4.0178,0,0,0,0,1.6304,1.631,1.6323,1.6275,-22.587,0.79724,0,11.986,7.4271,0,10.869
9.7,0.51447,2.9693,1,0.18848,-0.12395,0,0.97422,4.3794,-0.46402,0,-0.17026,-1.9979,0.40818,-2.6368,-4.0094,0,0,0,0,1.6377,1.6385,1.6397,1.6348,-22.462,0.87127,0,13.109,7.377,0,10.918
9.71,0.55813,2.9645,1,0.18736,-0.13399,0,0.97311,4.3519,-0.50407,0,-0.18224,-1.9662,0.40366,-2.8608,-4.0004,0,0,0,0,1.6455,1.6466,1.6476,1.6427,-22.325,0.94477,0,14.227,7.323,0,10.971
9.72,0.6015,2.9593,1,0.18617,-0.14384,0,0.97193,4.3222,-0.54402,0,-0.1936,-1.9328,0.39887,-3.0833,-3.9905,0,0,0,0,1.6539,1.6552,1.6561,1.6511,-22.177,1.0177,0,15.339,7.2654,0,11.027
9.73,0.64457,2.9536,1,0.1849,-0.15351,0,0.97069,4.2903,-0.58388,0,-0.20433,-1.8979,0.39383,-3.3043,-3.98,0,0,0,0,1.6629,1.6644,1.6651,1.66,-22.018,1.0901,0,16.445,7.2041,0,11.087
9.74,0.6873,2.9476,1,0.18358,-0.16299,0,0.9694,4.2561,-0.62362,0,-0.21442,-1.8615,0.38857,-3.5236,-3.9687,0,0,0,0,1.6723,1.674,1.6746,1.6695,-21.848,1.1618,0,17.544,7.1394,0,11.151
9.75,0.72968,2.9411,1,0.18219,-0.17227,0,0.96805,4.2198,-0.66325,0,-0.22386,-1.8239,0.38311,-3.7412,-3.9568,0,0,0,0,1.6822,1.6841,1.6846,1.6794,-21.667,1.2328,0,18.636,7.0714,0,11.217
9.76,0.77169,2.9343,1,0.18075,-0.18134,0,0.96667,4.1813,-0.70275,0,-0.23266,-1.7852,0.37745,-3.9569,-3.9441,0,0,0,0,1.6925,1.6946,1.695,1.6898,-21.476,1.3032,0,19.72,7.0001,0,11.286
9.77,0.8133,2.9271,1,0.17926,-0.19021,0,0.96524,4.1407,-0.74213,0,-0.24081,-1.7456,0.37164,-4.1707,-3.9307,0,0,0,0,1.7032,1.7055,1.7057,1.7006,-21.273,1.3728,0,20.795,6.9257,0,11.358
9.78,0.8545,2.9195,1,0.17772,-0.19886,0,0.96378,4.0979,-0.78137,0,-0.24833,-1.7052,0.36569,-4.3824,-3.9166,0,0,0,0,1.7143,1.7167,1.7169,1.7118,-21.06,1.4417,0,21.862,6.8483,0,11.433
9.79,0.89525,2.9115,1,0.17614,-0.20729,0,0.96229,4.0531,-0.82046,0,-0.25523,-1.6643,0.35961,-4.5918,-3.9019,0,0,0,0,1.7258,1.7284,1.7284,1.7234,-20.836,1.5098,0,22.92,6.768,0,11.51
9.8,0.93555,2.9031,1,0.17452,-0.2155,0,0.96078,4.0061,-0.8594,0,-0.26151,-1.6228,0.35343,-4.799,-3.8864,0,0,0,0,1.7376,1.7403,1.7402,1.7352,-20.601,1.5771,0,23.969,6.685,0,11.589
9.81,0.97537,2.8943,1,0.17287,-0.2235,0,0.95925,3.9571,-0.89819,0,-0.2672,-1.581,0.34717,-5.0038,-3.8703,0,0,0,0,1.7497,1.7525,1.7523,1.7474,-20.356,1.6435,0,25.007,6.5994,0,11.67
9.82,1.0147,2.8851,1,0.17119,-0.23127,0,0.95771,3.906,-0.93681,0,-0.27232,-1.5389,0.34083,-5.2061,-3.8536,0,0,0,0,1.7621,1.7649,1.7647,1.7598,-20.101,1.709,0,26.035,6.5113,0,11.753
9.83,1.0535,2.8755,1,0.16947,-0.23882,0,0.95616,3.853,-0.97526,0,-0.27689,-1.4968,0.33445,-5.4058,-3.8362,0,0,0,0,1.7747,1.7776,1.7773,1.7725,-19.836,1.7737,0,27.051,6.4208,0,11.837
9.84,1.0917,2.8656,1,0.16774,-0.24615,0,0.95461,3.7979,-1.0135,0,-0.28093,-1.4546,0.32803,-5.6028,-3.8181,0,0,0,0,1.7875,1.7905,1.7901,1.7853,-19.56,1.8374,0,28.057,6.328,0,11.922
9.85,1.1294,2.8553,1,0.16599,-0.25325,0,0.95305,3.7409,-1.0516,0,-0.28446,-1.4125,0.32159,-5.797,-3.7994,0,0,0,0,1.8004,1.8035,1.803,1.7984,-19.275,1.9003,0,29.05,6.233,0,12.009
9.86,1.1666,2.8446,1,0.16422,-0.26014,0,0.9515,3.682,-1.0895,0,-0.28752,-1.3705,0.31514,-5.9883,-3.7801,0,0,0,0,1.8135,1.8166,1.8161,1.8115,-18.979,1.9621,0,30.031,6.136,0,12.096
9.87,1.2031,2.8335,1,0.16243,-0.26681,0,0.94996,3.6212,-1.1272,0,-0.29011,-1.3288,0.30869,-6.1765,-3.7602,0,0,0,0,1.8267,1.8299,1.8293,1.8248,-18.674,2.023,0,30.999,6.037,0,12.184
9.88,1.239,2.822,1,0.16064,-0.27327,0,0.94843,3.5585,-1.1647,0,-0.29228,-1.2874,0.30226,-6.3617,-3.7396,0,0,0,0,1.84,1.8432,1.8425,1.8381,-18.359,2.0828,0,31.953,5.9362,0,12.273
9.89,1.2742,2.8102,1,0.15883,-0.27951,0,0.94691,3.4939,-1.202,0,-0.29405,-1.2463,0.29586,-6.5437,-3.7185,0,0,0,0,1.8533,1.8565,1.8558,1.8515,-18.035,2.1417,0,32.894,5.8336,0,12.362
9.9,1.3088,2.798,1,0.15703,-0.28554,0,0.94541,3.4276,-1.2391,0,-0.29543,-1.2057,0.28949,-6.7224,-3.6968,0,0,0,0,1.8666,1.8699,1.8691,1.8649,-17.702,2.1995,0,33.821,5.7294,0,12.451
9.91,1.3428,2.7854,1,0.15522,-0.29136,0,0.94394,3.3595,-1.2759,0,-0.29646,-1.1655,0.28316,-6.8977,-3.6745,0,0,0,0,1.88,1.8832,1.8824,1.8783,-17.359,2.2563,0,34.733,5.6236,0,12.54
9.92,1.376,2.7725,1,0.1534,-0.29698,0,0.94248,3.2897,-1.3126,0,-0.29716,-1.1258,0.27688,-7.0695,-3.6517,0,0,0,0,1.8933,1.8965,1.8957,1.8917,-17.007,2.312,0,35.63,5.5163,0,12.629
9.93,1.4086,2.7592,1,0.15159,-0.3024,0,0.94105,3.2181,-1.349,0,-0.29756,-1.0866,0.27066,-7.2378,-3.6283,0,0,0,0,1.9065,1.9098,1.9089,1.905,-16.646,2.3666,0,36.511,5.4078,0,12.717
9.94,1.4404,2.7455,1,0.14979,-0.30762,0,0.93965,3.1449,-1.3851,0,-0.29767,-1.048,0.26451,-7.4024,-3.6044,0,0,0,0,1.9197,1.9229,1.922,1.9182,-16.277,2.4201,0,37.376,5.2979,0,12.805
9.95,1.4715,2.7315,1,0.14798,-0.31265,0,0.93827,3.0701,-1.4211,0,-0.29752,-1.0099,0.25842,-7.5633,-3.5799,0,0,0,0,1.9327,1.9359,1.935,1.9313,-15.899,2.4725,0,38.224,5.187,0,12.891
9.96,1.5018,2.7171,1,0.14619,-0.31748,0,0.93693,2.9937,-1.4567,0,-0.29712,-0.97243,0.25241,-7.7204,-3.5549,0,0,0,0,1.9456,1.9488,1.9478,1.9442,-15.512,2.5239,0,39.056,5.0749,0,12.977
9.97,1.5313,2.7023,1,0.1444,-0.32213,0,0.93562,2.9157,-1.4922,0,-0.29651,-0.93551,0.24647,-7.8735,-3.5294,0,0,0,0,1.9583,1.9615,1.9605,1.957,-15.118,2.574,0,39.87,4.962,0,13.062
9.98,1.5601,2.6872,1,0.14262,-0.32659,0,0.93434,2.8362,-1.5273,0,-0.2957,-0.89918,0.24061,-8.0227,-3.5034,0,0,0,0,1.9708,1.974,1.973,1.9696,-14.715,2.6231,0,40.666,4.8482,0,13.146
9.99,1.588,2.6718,1,0.14085,-0.33087,0,0.9331,2.7553,-1.5622,0,-0.29471,-0.86344,0.23484,-8.1678,-3.477,0,0,0,0,1.9831,1.9863,1.9853,1.9819,-14.304,2.671,0,41.443,4.7337,0,13.228
10,1.6152,2.656,1,0.13909,-0.33498,0,0.9319,2.6729,-1.5969,0,-0.29355,-0.82829,0.22915,-8.3088,-3.45,0,0,0,0,1.9952,1.9983,1.9973,1.994,-13.886,2.7178,0,42.202,4.6186,0,13.308
10.01,1.6415,2.6398,1,0.13735,-0.33891,0,0.93074,2.5891,-1.6312,0,-0.29224,-0.79373,0.22354,-8.4455,-3.4226,0,0,0,0,2.007,2.0101,2.0091,2.0059,-13.46,2.7634,0,42.941,4.5029,0,13.387
10.02,1.667,2.6234,1,0.13561,-0.34267,0,0.92961,2.504,-1.6653,0,-0.29081,-0.75973,0.21803,-8.578,-3.3948,0,0,0,0,2.0186,2.0216,2.0206,2.0175,-13.027,2.8078,0,43.661,4.3868,0,13.464
10.03,1.6916,2.6065,1,0.1339,-0.34627,0,0.92853,2.4175,-1.6991,0,-0.28925,-0.7263,0.2126,-8.706,-3.3665,0,0,0,0,2.0298,2.0329,2.0318,2.0288,-12.587,2.8511,0,44.361,4.2704,0,13.539
10.04,1.7153,2.5894,1,0.13219,-0.3497,0,0.92749,2.3299,-1.7326,0,-0.28759,-0.69342,0.20727,-8.8297,-3.3377,0,0,0,0,2.0407,2.0437,2.0427,2.0397,-12.14,2.8932,0,45.039,4.1538,0,13.612
10.05,1.7382,2.5719,1,0.1305,-0.35298,0,0.92649,2.241,-1.7659,0,-0.28584,-0.66107,0.20202,-8.9488,-3.3086,0,0,0,0,2.0513,2.0543,2.0532,2.0504,-11.687,2.9342,0,45.697,4.037,0,13.682
10.06,1.7601,2.5541,1,0.12883,-0.35609,0,0.92553,2.1509,-1.7988,0,-0.28402,-0.62925,0.19687,-9.0634,-3.2791,0,0,0,0,2.0615,2.0645,2.0634,2.0606,-11.226,2.974,0,46.333,3.9203,0,13.75
10.07,1.7812,2.5359,1,0.12718,-0.35906,0,0.92461,2.0597,-1.8314,0,-0.28213,-0.59792,0.1918,-9.1733,-3.2491,0,0,0,0,2.0714,2.0743,2.0733,2.0705,-10.76,3.0126,0,46.947,3.8036,0,13.816
10.08,1.8013,2.5174,1,0.12553,-0.36187,0,0.92374,1.9675,-1.8638,0,-0.28018,-0.56708,0.18682,-9.2786,-3.2188,0,0,0,0,2.0809,2.0837,2.0827,2.08,-10.288,3.05,0,47.538,3.6871,0,13.879
10.09,1.8205,2.4986,1,0.12391,-0.36453,0,0.92291,1.8742,-1.8958,0,-0.27819,-0.5367,0.18194,-9.3791,-3.1881,0,0,0,0,2.0899,2.0928,2.0917,2.0891,-9.8093,3.0863,0,48.106,3.571,0,13.939
10.1,1.8388,2.4795,1,0.1223,-0.36705,0,0.92213,1.7799,-1.9275,0,-0.27616,-0.50677,0.17714,-9.4747,-3.1571,0,0,0,0,2.0985,2.1014,2.1003,2.0977,-9.3255,3.1215,0,48.651,3.4552,0,13.997
10.11,1.8561,2.4601,1,0.12071,-0.36942,0,0.92139,1.6847,-1.959,0,-0.27411,-0.47725,0.17243,-9.5656,-3.1257,0,0,0,0,2.1067,2.1095,2.1085,2.106,-8.8364,3.1554,0,49.172,3.3399,0,14.051
10.12,1.8725,2.4403,1,0.11914,-0.37165,0,0.9207,1.5886,-1.9901,0,-0.27204,-0.44813,0.1678,-9.6514,-3.094,0,0,0,0,2.1145,2.1173,2.1163,2.1137,-8.3422,3.1883,0,49.668,3.2252,0,14.103
10.13,1.8879,2.4203,1,0.11759,-0.37375,0,0.92005,1.4917,-2.0208,0,-0.26996,-0.41939,0.16326,-9.7324,-3.0619,0,0,0,0,2.1218,2.1245,2.1235,2.1211,-7.8431,3.2199,0,50.14,3.1113,0,14.151
10.14,1.9023,2.3999,1,0.11605,-0.3757,0,0.91945,1.394,-2.0513,0,-0.26787,-0.391,0.15881,-9.8083,-3.0296,0,0,0,0,2.1286,2.1313,2.1303,2.1279,-7.3395,3.2505,0,50.586,2.9982,0,14.197
10.15,1.9158,2.3793,1,0.11453,-0.37753,0,0.91889,1.2955,-2.0814,0,-0.26579,-0.36293,0.15444,-9.8792,-2.9969,0,0,0,0,2.1349,2.1376,2.1366,2.1342,-6.8315,3.2799,0,51.007,2.886,0,14.239
10.16,1.9282,2.3583,1,0.11302,-0.37922,0,0.91838,1.1964,-2.1112,0,-0.26372,-0.33517,0.15014,-9.9449,-2.964,0,0,0,0,2.1407,2.1434,2.1424,2.1401,-6.3194,3.3082,0,51.401,2.7748,0,14.278
10.17,1.9397,2.337,1,0.11154,-0.38077,0,0.91792,1.0966,-2.1407,0,-0.26167,-0.30768,0.14593,-10.006,-2.9308,0,0,0,0,2.1461,2.1487,2.1478,2.1454,-5.8036,3.3354,0,51.769,2.6647,0,14.313
10.18,1.9502,2.3155,1,0.11006,-0.3822,0,0.9175,0.9963,-2.1699,0,-0.25964,-0.28045,0.1418,-10.061,-2.8973,0,0,0,0,2.1509,2.1535,2.1526,2.1502,-5.2841,3.3615,0,52.109,2.5559,0,14.345
10.19,1.9596,2.2936,1,0.10861,-0.3835,0,0.91713,0.89543,-2.1987,0,-0.25764,-0.25345,0.13775,-10.111,-2.8636,0,0,0,0,2.1551,2.1578,2.1568,2.1545,-4.7615,3.3865,0,52.422,2.4485,0,14.374
10.2,1.9681,2.2715,1,0.10717,-0.38468,0,0.91681,0.79409,-2.2271,0,-0.25567,-0.22664,0.13377,-10.156,-2.8296,0,0,0,0,2.1589,2.1615,2.1606,2.1583,-4.2358,3.4105,0,52.707,2.3425,0,14.399
10.21,1.9755,2.2491,1,0.10575,-0.38573,0,0.91653,0.69233,-2.2552,0,-0.25375,-0.20002,0.12987,-10.196,-2.7953,0,0,0,0,2.1621,2.1647,2.1638,2.1615,-3.7074,3.4334,0,52.963,2.238,0,14.42
10.22,1.9819,2.2264,1,0.10435,-0.38665,0,0.9163,0.59019,-2.283,0,-0.25186,-0.17355,0.12604,-10.23,-2.7609,0,0,0,0,2.1648,2.1673,2.1664,2.1642,-3.1766,3.4553,0,53.191,2.1352,0,14.438
10.23,1.9873,2.2034,1,0.10296,-0.38745,0,0.91612,0.48774,-2.3105,0,-0.25002,-0.1472,0.12228,-10.259,-2.7262,0,0,0,0,2.1669,2.1694,2.1685,2.1663,-2.6437,3.4761,0,53.389,2.0342,0,14.452
10.24,1.9917,2.1802,1,0.10158,-0.38812,0,0.91599,0.38502,-2.3376,0,-0.24824,-0.12095,0.1186,-10.283,-2.6914,0,0,0,0,2.1684,2.171,2.1701,2.1679,-2.1089,3.4959,0,53.557,1.935,0,14.462
10.25,1.995,2.1567,1,0.10022,-0.38868,0,0.91591,0.28209,-2.3643,0,-0.24651,-0.094778,0.11498,-10.302,-2.6563,0,0,0,0,2.1694,2.1719,2.1711,2.1689,-1.5727,3.5148,0,53.694,1.8378,0,14.469
10.26,1.9973,2.1329,1,0.098877,-0.38911,0,0.91587,0.17901,-2.3907,0,-0.24484,-0.068654,0.11143,-10.315,-2.6211,0,0,0,0,2.1698,2.1724,2.1715,2.1693,-1.0352,3.5327,0,53.801,1.7427,0,14.472
10.27,1.9986,2.1089,1,0.097546,-0.38942,0,0.91588,0.075818,-2.4167,0,-0.24324,-0.042552,0.10795,-10.322,-2.5857,0,0,0,0,2.1697,2.1722,2.1714,2.1692,-0.49674,3.5497,0,53.877,1.6497,0,14.471
10.28,1.9988,2.0846,1,0.096229,-0.3896,0,0.91594,-0.027421,-2.4424,0,-0.2417,-0.016447,0.10454,-10.325,-2.5501,0,0,0,0,2.169,2.1715,2.1707,2.1685,0.042273,3.5657,0,53.921,1.559,0,14.466
10.29,1.998,2.06,1,0.094925,-0.38967,0,0.91605,-0.13066,-2.4677,0,-0.24024,0.009687,0.10119,-10.321,-2.5144,0,0,0,0,2.1677,2.1702,2.1695,2.1672,0.58157,3.5809,0,53.933,1.4708,0,14.458
10.3,1.9962,2.0352,1,0.093634,-0.38961,0,0.91621,-0.23383,-2.4927,0,-0.23885,0.035876,0.097903,-10.313,-2.4785,0,0,0,0,2.1659,2.1684,2.1676,2.1654,1.1208,3.5951,0,53.912,1.385,0,14.445
10.31,1.9934,2.0102,1,0.092355,-0.38943,0,0.91641,-0.3369,-2.5173,0,-0.23755,0.062146,0.094682,-10.299,-2.4425,0,0,0,0,2.1634,2.166,2.1652,2.163,1.6597,3.6086,0,53.858,1.3018,0,14.429
10.32,1.9895,1.9849,1,0.091088,-0.38913,0,0.91667,-0.43979,-2.5415,0,-0.23632,0.088522,0.091523,-10.28,-2.4063,0,0,0,0,2.1605,2.163,2.1623,2.16,2.1979,3.6212,0,53.77,1.2213,0,14.409
10.33,1.9846,1.9593,1,0.089832,-0.3887,0,0.91697,-0.54247,-2.5654,0,-0.23519,0.11503,0.088425,-10.255,-2.37,0,0,0,0,2.1569,2.1594,2.1587,2.1564,2.735,3.633,0,53.65,1.1435,0,14.386
10.34,1.9786,1.9336,1,0.088588,-0.38815,0,0.91733,-0.64488,-2.5889,0,-0.23414,0.1417,0.085389,-10.225,-2.3337,0,0,0,0,2.1528,2.1553,2.1547,2.1523,3.2707,3.6441,0,53.496,1.0684,0,14.359
10.35,1.9717,1.9076,1,0.087353,-0.38748,0,0.91773,-0.74696,-2.6121,0,-0.23319,0.16855,0.082413,-10.19,-2.2972,0,0,0,0,2.1481,2.1507,2.15,2.1477,3.8048,3.6544,0,53.31,0.99597,0,14.327
10.36,1.9637,1.8813,1,0.086128,-0.38668,0,0.91818,-0.84865,-2.6349,0,-0.23234,0.19562,0.079496,-10.149,-2.2606,0,0,0,0,2.1429,2.1455,2.1448,2.1424,4.3368,3.664,0,53.092,0.9261,0,14.293
10.37,1.9547,1.8549,1,0.084912,-0.38575,0,0.91869,-0.94992,-2.6573,0,-0.23159,0.22292,0.076638,-10.103,-2.2239,0,0,0,0,2.1371,2.1397,2.1391,2.1367,4.8665,3.6729,0,52.842,0.85879,0,14.254
10.38,1.9447,1.8282,1,0.083705,-0.38469,0,0.91924,-1.0507,-2.6793,0,-0.23094,0.2505,0.073838,-10.052,-2.1871,0,0,0,0,2.1308,2.1334,2.1328,2.1304,5.3936,3.6812,0,52.562,0.794,0,14.212
10.39,1.9337,1.8013,1,0.082505,-0.38351,0,0.91985,-1.1509,-2.701,0,-0.23041,0.27837,0.071095,-9.9951,-2.1503,0,0,0,0,2.124,2.1266,2.126,2.1235,5.9177,3.6888,0,52.252,0.73169,0,14.167
10.4,1.9217,1.7742,1,0.081312,-0.38219,0,0.9205,-1.2506,-2.7224,0,-0.22998,0.30656,0.068408,-9.9333,-2.1133,0,0,0,0,2.1166,2.1192,2.1186,2.1161,6.4385,3.6958,0,51.911,0.67181,0,14.118
10.41,1.9087,1.7468,1,0.080126,-0.38074,0,0.9212,-1.3496,-2.7433,0,-0.22967,0.3351,0.065777,-9.8663,-2.0764,0,0,0,0,2.1087,2.1113,2.1108,2.1082,6.9558,3.7022,0,51.542,0.61434,0,14.065
10.42,1.8947,1.7193,1,0.078946,-0.37916,0,0.92196,-1.4479,-2.7639,0,-0.22947,0.36403,0.0632,-9.7942,-2.0393,0,0,0,0,2.1003,2.1029,2.1024,2.0998,7.4692,3.7081,0,51.143,0.55922,0,14.009
10.43,1.8797,1.6916,1,0.077771,-0.37743,0,0.92277,-1.5455,-2.7841,0,-0.2294,0.39336,0.060678,-9.717,-2.0022,0,0,0,0,2.0914,2.0941,2.0936,2.0909,7.9786,3.7134,0,50.716,0.50643,0,13.95
10.44,1.8638,1.6636,1,0.0766,-0.37557,0,0.92362,-1.6422,-2.8039,0,-0.22945,0.42314,0.05821,-9.6347,-1.965,0,0,0,0,2.082,2.0847,2.0842,2.0815,8.4835,3.7182,0,50.262,0.45591,0,13.887
10.45,1.8469,1.6355,1,0.075433,-0.37357,0,0.92453,-1.7381,-2.8234,0,-0.22963,0.45338,0.055794,-9.5473,-1.9278,0,0,0,0,2.0721,2.0748,2.0744,2.0716,8.9837,3.7226,0,49.78,0.40764,0,13.822
10.46,1.829,1.6072,1,0.074268,-0.37142,0,0.92549,-1.8331,-2.8425,0,-0.22994,0.48412,0.053431,-9.455,-1.8906,0,0,0,0,2.0617,2.0645,2.0641,2.0613,9.479,3.7264,0,49.271,0.36157,0,13.753
10.47,1.8102,1.5786,1,0.073106,-0.36913,0,0.9265,-1.9272,-2.8612,0,-0.23038,0.51539,0.05112,-9.3577,-1.8533,0,0,0,0,2.051,2.0538,2.0534,2.0505,9.969,3.7298,0,48.736,0.31767,0,13.681
10.48,1.7905,1.5499,1,0.071945,-0.36668,0,0.92756,-2.0203,-2.8795,0,-0.23096,0.54721,0.048861,-9.2556,-1.816,0,0,0,0,2.0397,2.0426,2.0422,2.0393,10.454,3.7328,0,48.176,0.27588,0,13.606
10.49,1.7698,1.521,1,0.070784,-0.36409,0,0.92867,-2.1123,-2.8975,0,-0.23168,0.57961,0.046652,-9.1487,-1.7787,0,0,0,0,2.0281,2.031,2.0306,2.0276,10.932,3.7353,0,47.59,0.23619,0,13.529
10.5,1.7482,1.492,1,0.069623,-0.36133,0,0.92983,-2.2032,-2.9151,0,-0.23254,0.61263,0.044494,-9.037,-1.7413,0,0,0,0,2.016,2.019,2.0187,2.0156,11.405,3.7375,0,46.979,0.19853,0,13.449
10.51,1.7257,1.4627,1,0.068461,-0.35842,0,0.93105,-2.293,-2.9323,0,-0.23355,0.64628,0.042386,-8.9206,-1.7039,0,0,0,0,2.0036,2.0066,2.0063,2.0031,11.872,3.7393,0,46.344,0.16288,0,13.366
10.52,1.7024,1.4333,1,0.067296,-0.35534,0,0.93231,-2.3816,-2.9492,0,-0.23471,0.6806,0.040329,-8.7996,-1.6665,0,0,0,0,1.9908,1.9938,1.9935,1.9903,12.332,3.7408,0,45.686,0.1292,0,13.281
10.53,1.6781,1.4038,1,0.066129,-0.3521,0,0.93362,-2.469,-2.9657,0,-0.23601,0.71561,0.038321,-8.674,-1.6291,0,0,0,0,1.9776,1.9807,1.9805,1.9772,12.786,3.7419,0,45.004,0.097446,0,13.193
10.54,1.653,1.374,1,0.064958,-0.34869,0,0.93499,-2.5551,-2.9818,0,-0.23747,0.75133,0.036363,-8.5439,-1.5917,0,0,0,0,1.9641,1.9673,1.967,1.9637,13.232,3.7427,0,44.299,0.067578,0,13.103
10.55,1.627,1.3441,1,0.063782,-0.3451,0,0.9364,-2.6399,-2.9975,0,-0.23909,0.78779,0.034454,-8.4094,-1.5542,0,0,0,0,1.9503,1.9535,1.9533,1.9498,13.672,3.7432,0,43.573,0.039557,0,13.012
10.56,1.6002,1.3141,1,0.0626,-0.34133,0,0.93786,-2.7233,-3.0129,0,-0.24087,0.825,0.032595,-8.2705,-1.5168,0,0,0,0,1.9362,1.9395,1.9393,1.9357,14.104,3.7435,0,42.824,0.013345,0,12.918
10.57,1.5726,1.2839,1,0.061411,-0.33738,0,0.93936,-2.8053,-3.0278,0,-0.2428,0.86299,0.030786,-8.1273,-1.4794,0,0,0,0,1.9219,1.9251,1.925,1.9214,14.528,3.7435,0,42.055,-0.011098,0,12.822
10.58,1.5441,1.2535,1,0.060215,-0.33324,0,0.94092,-2.8858,-3.0425,0,-0.2449,0.90177,0.029026,-7.98,-1.4419,0,0,0,0,1.9072,1.9106,1.9105,1.9067,14.945,3.7433,0,41.265,-0.033812,0,12.725
10.59,1.5149,1.223,1,0.05901,-0.32891,0,0.94252,-2.9649,-3.0567,0,-0.24716,0.94136,0.027316,-7.8285,-1.4045,0,0,0,0,1.8924,1.8958,1.8957,1.8919,15.353,3.7428,0,40.454,-0.054836,0,12.626
10.6,1.4848,1.1924,1,0.057795,-0.32438,0,0.94416,-3.0424,-3.0705,0,-0.24959,0.98176,0.025656,-7.6729,-1.3671,0,0,0,0,1.8774,1.8808,1.8808,1.8769,15.754,3.7422,0,39.624,-0.074209,0,12.526
10.61,1.454,1.1616,1,0.056569,-0.31965,0,0.94584,-3.1183,-3.084,0,-0.25219,1.023,0.024046,-7.5134,-1.3297,0,0,0,0,1.8622,1.8657,1.8657,1.8617,16.146,3.7414,0,38.775,-0.091971,0,12.425
10.62,1.4225,1.1307,1,0.055332,-0.31472,0,0.94757,-3.1926,-3.0971,0,-0.25495,1.065,0.022486,-7.35,-1.2922,0,0,0,0,1.8468,1.8504,1.8504,1.8463,16.529,3.7404,0,37.907,-0.10816,0,12.323
10.63,1.3902,1.0997,1,0.054083,-0.30957,0,0.94934,-3.2653,-3.1099,0,-0.25787,1.1079,0.020977,-7.1829,-1.2549,0,0,0,0,1.8314,1.835,1.835,1.8308,16.904,3.7392,0,37.021,-0.12282,0,12.22
10.64,1.3572,1.0685,1,0.052819,-0.30421,0,0.95114,-3.3363,-3.1222,0,-0.26096,1.1515,0.01952,-7.012,-1.2175,0,0,0,0,1.8158,1.8195,1.8195,1.8153,17.269,3.7379,0,36.118,-0.13598,0,12.117
10.65,1.3234,1.0372,1,0.051541,-0.29863,0,0.95298,-3.4055,-3.1342,0,-0.26422,1.196,0.018114,-6.8375,-1.1801,0,0,0,0,1.8002,1.8039,1.804,1.7997,17.626,3.7365,0,35.197,-0.14769,0,12.013
10.66,1.289,1.0058,1,0.050247,-0.29282,0,0.95485,-3.473,-3.1458,0,-0.26763,1.2412,0.01676,-6.6595,-1.1427,0,0,0,0,1.7846,1.7883,1.7885,1.784,17.973,3.735,0,34.26,-0.15799,0,11.909
10.67,1.254,0.97432,1,0.048936,-0.28678,0,0.95674,-3.5387,-3.1571,0,-0.2712,1.2871,0.015459,-6.4781,-1.1054,0,0,0,0,1.7689,1.7728,1.7729,1.7684,18.311,3.7333,0,33.307,-0.16691,0,11.805
10.68,1.2183,0.94269,1,0.047607,-0.28051,0,0.95867,-3.6026,-3.1679,0,-0.27492,1.3337,0.01421,-6.2933,-1.0681,0,0,0,0,1.7533,1.7572,1.7574,1.7528,18.639,3.7316,0,32.338,-0.1745,0,11.701
10.69,1.1819,0.91096,1,0.04626,-0.274,0,0.96062,-3.6645,-3.1784,0,-0.27879,1.381,0.013016,-6.1053,-1.0308,0,0,0,0,1.7378,1.7417,1.7419,1.7372,18.958,3.7299,0,31.354,-0.18079,0,11.598
10.7,1.145,0.87912,1,0.044893,-0.26725,0,0.96258,-3.7246,-3.1886,0,-0.28279,1.4289,0.011875,-5.9142,-0.99347,0,0,0,0,1.7224,1.7263,1.7265,1.7218,19.266,3.728,0,30.355,-0.18582,0,11.495
10.71,1.1075,0.84719,1,0.043506,-0.26025,0,0.96456,-3.7828,-3.1983,0,-0.28693,1.4772,0.010788,-5.72,-0.9562,0,0,0,0,1.7071,1.711,1.7113,1.7065,19.565,3.7261,0,29.343,-0.18964,0,11.393
10.72,1.0693,0.81516,1,0.042097,-0.25301,0,0.96655,-3.839,-3.2077,0,-0.29118,1.526,0.0097568,-5.5229,-0.91895,0,0,0,0,1.6919,1.6959,1.6962,1.6914,19.853,3.7242,0,28.317,-0.19228,0,11.292
10.73,1.0307,0.78304,1,0.040667,-0.24551,0,0.96854,-3.8933,-3.2167,0,-0.29555,1.5751,0.0087805,-5.323,-0.88172,0,0,0,0,1.677,1.681,1.6813,1.6764,20.131,3.7223,0,27.277,-0.19378,0,11.193
10.74,0.99149,0.75082,1,0.039213,-0.23775,0,0.97053,-3.9455,-3.2253,0,-0.3,1.6244,0.0078599,-5.1203,-0.8445,0,0,0,0,1.6623,1.6663,1.6666,1.6618,20.399,3.7204,0,26.226,-0.19418,0,11.095
10.75,0.95178,0.71853,1,0.037736,-0.22974,0,0.97252,-3.9957,-3.2336,0,-0.30454,1.6738,0.0069951,-4.9151,-0.80731,0,0,0,0,1.6479,1.6519,1.6522,1.6474,20.656,3.7184,0,25.162,-0.19352,0,10.999
10.76,0.91158,0.68615,1,0.036235,-0.22148,0,0.97449,-4.0438,-3.2415,0,-0.30914,1.7232,0.0061863,-4.7073,-0.77013,0,0,0,0,1.6338,1.6378,1.6382,1.6333,20.902,3.7165,0,24.087,-0.19184,0,10.905
10.77,0.87091,0.6537,1,0.03471,-0.21295,0,0.97645,-4.0898,-3.249,0,-0.31379,1.7724,0.0054333,-4.4971,-0.73298,0,0,0,0,1.6201,1.624,1.6244,1.6195,21.137,3.7146,0,23.001,-0.18919,0,10.813
10.78,0.82979,0.62118,1,0.033159,-0.20417,0,0.97837,-4.1337,-3.2561,0,-0.31846,1.8211,0.0047362,-4.2846,-0.69584,0,0,0,0,1.6067,1.6106,1.611,1.6062,21.362,3.7127,0,21.904,-0.18562,0,10.724
10.79,0.78825,0.58858,1,0.031584,-0.19514,0,0.98027,-4.1755,-3.2629,0,-0.32314,1.8694,0.0040945,-4.0699,-0.65872,0,0,0,0,1.5938,1.5977,1.5981,1.5933,21.575,3.7109,0,20.798,-0.18116,0,10.638
10.8,0.74629,0.55592,1,0.029984,-0.18585,0,0.98212,-4.2151,-3.2693,0,-0.32779,1.9169,0.0035076,-3.8531,-0.62162,0,0,0,0,1.5813,1.5851,1.5855,1.5808,21.778,3.7091,0,19.682,-0.17586,0,10.555
10.81,0.70395,0.5232,1,0.028358,-0.17632,0,0.98393,-4.2525,-3.2753,0,-0.33239,1.9634,0.002975,-3.6343,-0.58454,0,0,0,0,1.5694,1.5731,1.5735,1.5689,21.969,3.7074,0,18.557,-0.16978,0,10.475
10.82,0.66125,0.49041,1,0.026708,-0.16654,0,0.98567,-4.2878,-3.281,0,-0.33692,2.0087,0.0024954,-3.4137,-0.54748,0,0,0,0,1.558,1.5615,1.562,1.5575,22.149,3.7057,0,17.424,-0.16296,0,10.398
10.83,0.6182,0.45758,1,0.025033,-0.15652,0,0.98736,-4.3208,-3.2863,0,-0.34135,2.0527,0.0020677,-3.1914,-0.51043,0,0,0,0,1.5471,1.5505,1.551,1.5467,22.317,3.7041,0,16.283,-0.15545,0,10.325
10.84,0.57484,0.42469,1,0.023335,-0.14627,0,0.98897,-4.3516,-3.2912,0,-0.34564,2.095,0.0016904,-2.9674,-0.4734,0,0,0,0,1.5368,1.5402,1.5406,1.5364,22.475,3.7026,0,15.135,-0.14728,0,10.257
10.85,0.53118,0.39175,1,0.021613,-0.1358,0,0.9905,-4.3802,-3.2957,0,-0.34977,2.1354,0.0013615,-2.7419,-0.43638,0,0,0,0,1.5272,1.5304,1.5308,1.5268,22.62,3.7012,0,13.98,-0.13851,0,10.192
10.86,0.48724,0.35878,1,0.019869,-0.12513,0,0.99194,-4.4064,-3.2999,0,-0.35371,2.1737,0.0010789,-2.5151,-0.39937,0,0,0,0,1.5183,1.5212,1.5217,1.5179,22.754,3.6998,0,12.818,-0.12919,0,10.132
10.87,0.44306,0.32576,1,0.018103,-0.11425,0,0.99329,-4.4305,-3.3037,0,-0.35743,2.2096,0.00084023,-2.2869,-0.36238,0,0,0,0,1.51,1.5128,1.5132,1.5097,22.876,3.6986,0,11.652,-0.11936,0,10.076
10.88,0.39864,0.2927,1,0.016318,-0.10318,0,0.99453,-4.4522,-3.3072,0,-0.36089,2.2428,0.00064258,-2.0576,-0.3254,0,0,0,0,1.5025,1.5051,1.5054,1.5022,22.987,3.6974,0,10.48,-0.10907,0,10.025
10.89,0.35402,0.25962,1,0.014514,-0.091947,0,0.99566,-4.4716,-3.3102,0,-0.36407,2.2732,0.00048288,-1.8272,-0.28843,0,0,0,0,1.4958,1.4981,1.4984,1.4955,23.086,3.6964,0,9.303,-0.09836,0,9.9795
10.9,0.30922,0.2265,1,0.012693,-0.080555,0,0.99667,-4.4887,-3.3129,0,-0.36694,2.3006,0.00035772,-1.5959,-0.25147,0,0,0,0,1.4898,1.4918,1.4921,1.4896,23.173,3.6955,0,8.1222,-0.087282,0,9.9388
10.91,0.26425,0.19336,1,0.010857,-0.069023,0,0.99756,-4.5035,-3.3153,0,-0.36947,2.3246,0.00026337,-1.3638,-0.21452,0,0,0,0,1.4846,1.4863,1.4867,1.4844,23.248,3.6947,0,6.9379,-0.075881,0,9.9033
10.92,0.21915,0.1602,1,0.0090081,-0.057371,0,0.99831,-4.516,-3.3172,0,-0.37164,2.3452,0.00019587,-1.131,-0.17758,0,0,0,0,1.4802,1.4817,1.482,1.4801,23.312,3.694,0,5.7505,-0.064204,0,9.8732
10.93,0.17394,0.12701,1,0.0071478,-0.045618,0,0.99893,-4.5261,-3.3188,0,-0.37343,2.3621,0.00015097,-0.89758,-0.14064,0,0,0,0,1.4766,1.4778,1.4781,1.4766,23.363,3.6934,0,4.5607,-0.052298,0,9.8486
10.94,0.12864,0.09382,1,0.0052785,-0.033782,0,0.99942,-4.5339,-3.32,0,-0.37482,2.3753,0.00012424,-0.66374,-0.10371,0,0,0,0,1.4739,1.4748,1.475,1.4739,23.403,3.6929,0,3.3688,-0.040208,0,9.8296
10.95,0.08327,0.060615,1,0.0034025,-0.021885,0,0.99975,-4.5394,-3.3209,0,-0.37581,2.3846,0.00011105,-0.42956,-0.066783,0,0,0,0,1.4721,1.4727,1.4728,1.4721,23.431,3.6926,0,2.1754,-0.027981,0,9.8162
10.96,0.037859,0.027403,1,0.0015221,-0.0099489,0,0.99995,-4.5425,-3.3214,0,-0.37637,2.3899,0.00010666,-0.19516,-0.029858,0,0,0,0,1.4711,1.4714,1.4715,1.4712,23.447,3.6923,0,0.98117,-0.015664,0,9.8086
10.97,-0.0075724,-0.0058114,1,-0.00036019,0.0020056,0,1,-4.5433,-3.3215,0,-0.3765,2.3913,0.00010622,0.039336,0.0070646,0,0,0,0,1.471,1.4709,1.471,1.4711,23.45,3.6923,0,-0.2135,-0.0033037,0,9.8067
10.98,-0.053,-0.039025,1,-0.0022421,0.013956,0,0.9999,-4.5417,-3.3212,0,-0.37621,2.3886,0.00010486,0.27381,0.043987,0,0,0,0,1.4717,1.4713,1.4714,1.4719,23.442,3.6923,0,-1.408,0.0090543,0,9.8105
10.99,-0.098399,-0.072235,1,-0.0041211,0.025882,0,0.99966,-4.5378,-3.3206,0,-0.37549,2.3819,9.7694e-05,0.50814,0.080911,0,0,0,0,1.4733,1.4726,1.4726,1.4735,23.422,3.6924,0,-2.6019,0.021363,0,9.8201
11,-0.14375,-0.10544,1,-0.0059948,0.03776,0,0.99927,-4.5316,-3.3196,0,-0.37435,2.3712,7.9922e-05,0.74222,0.11784,0,0,0,0,1.4758,1.4748,1.4747,1.476,23.39,3.6927,0,-3.7946,0.033576,0,9.8354
11.01,-0.18902,-0.13863,1,-0.007861,0.04957,0,0.99874,-4.523,-3.3183,0,-0.3728,2.3568,4.6833e-05,0.97591,0.15477,0,0,0,0,1.479,1.4777,1.4777,1.4793,23.346,3.6931,0,-4.9856,0.045647,0,9.8563
11.02,-0.2342,-0.1718,1,-0.0097174,0.061291,0,0.99807,-4.5121,-3.3165,0,-0.37087,2.3385,-6.1314e-06,1.2091,0.1917,0,0,0,0,1.4832,1.4816,1.4814,1.4835,23.291,3.6936,0,-6.1744,0.057529,0,9.8827
11.03,-0.27926,-0.20496,1,-0.011562,0.072904,0,0.99727,-4.4988,-3.3144,0,-0.36856,2.3168,-8.3339e-05,1.4417,0.22864,0,0,0,0,1.4881,1.4862,1.486,1.4884,23.223,3.6943,0,-7.3604,0.069176,0,9.9146
11.04,-0.32417,-0.23809,1,-0.013392,0.084389,0,0.99634,-4.4832,-3.312,0,-0.3659,2.2916,-0.00018893,1.6735,0.26558,0,0,0,0,1.4938,1.4917,1.4915,1.4942,23.143,3.695,0,-8.5431,0.080541,0,9.9519
11.05,-0.36891,-0.27119,1,-0.015207,0.09573,0,0.99529,-4.4653,-3.3091,0,-0.36291,2.2631,-0.00032679,1.9045,0.30254,0,0,0,0,1.5003,1.4979,1.4977,1.5007,23.052,3.6959,0,-9.7219,0.091578,0,9.9944
11.06,-0.41347,-0.30427,1,-0.017004,0.10691,0,0.99412,-4.4451,-3.3059,0,-0.35962,2.2317,-0.00050053,2.1345,0.3395,0,0,0,0,1.5076,1.505,1.5047,1.508,22.949,3.6968,0,-10.896,0.10224,0,10.042
11.07,-0.45781,-0.33731,1,-0.018782,0.11791,0,0.99285,-4.4227,-3.3023,0,-0.35605,2.1975,-0.00071343,2.3635,0.37648,0,0,0,0,1.5156,1.5127,1.5124,1.516,22.834,3.6979,0,-12.066,0.11248,0,10.094
11.08,-0.50191,-0.37031,1,-0.02054,0.12872,0,0.99147,-4.3979,-3.2984,0,-0.35225,2.1608,-0.0009685,2.5912,0.41346,0,0,0,0,1.5242,1.5212,1.5208,1.5246,22.708,3.6991,0,-13.23,0.12225,0,10.152
11.09,-0.54576,-0.40328,1,-0.022275,0.13933,0,0.99,-4.3708,-3.2941,0,-0.34823,2.1218,-0.0012684,2.8176,0.45046,0,0,0,0,1.5336,1.5304,1.53,1.534,22.57,3.7004,0,-14.389,0.13151,0,10.213
11.1,-0.58932,-0.43619,1,-0.023989,0.14972,0,0.98844,-4.3415,-3.2894,0,-0.34403,2.0807,-0.0016155,3.0425,0.48747,0,0,0,0,1.5436,1.5402,1.5398,1.544,22.42,3.7017,0,-15.54,0.14021,0,10.279
11.11,-0.63258,-0.46906,1,-0.025678,0.15989,0,0.9868,-4.31,-3.2843,0,-0.33968,2.0378,-0.0020118,3.2659,0.52449,0,0,0,0,1.5542,1.5507,1.5502,1.5546,22.259,3.7032,0,-16.685,0.1483,0,10.349
11.12,-0.67552,-0.50188,1,-0.027344,0.16983,0,0.98509,-4.2762,-3.2789,0,-0.33521,1.9934,-0.002459,3.4877,0.56153,0,0,0,0,1.5653,1.5617,1.5613,1.5658,22.086,3.7047,0,-17.822,0.15574,0,10.423
11.13,-0.7181,-0.53464,1,-0.028984,0.17953,0,0.98333,-4.2402,-3.2731,0,-0.33064,1.9476,-0.0029587,3.7076,0.59859,0,0,0,0,1.577,1.5733,1.5728,1.5775,21.902,3.7063,0,-18.952,0.16248,0,10.501
11.14,-0.76031,-0.56734,1,-0.0306,0.18898,0,0.9815,-4.2021,-3.2669,0,-0.32601,1.9007,-0.0035119,3.9257,0.63566,0,0,0,0,1.5893,1.5855,1.585,1.5897,21.707,3.7079,0,-20.072,0.16847,0,10.582
11.15,-0.80213,-0.59998,1,-0.032191,0.19818,0,0.97964,-4.1617,-3.2604,0,-0.32134,1.853,-0.0041195,4.1417,0.67274,0,0,0,0,1.602,1.5981,1.5976,1.6024,21.501,3.7096,0,-21.184,0.17367,0,10.667
11.16,-0.84354,-0.63254,1,-0.033756,0.20713,0,0.97773,-4.1193,-3.2534,0,-0.31666,1.8045,-0.0047823,4.3557,0.70985,0,0,0,0,1.6151,1.6111,1.6106,1.6155,21.284,3.7114,0,-22.286,0.17803,0,10.754
11.17,-0.88451,-0.66504,1,-0.035297,0.21582,0,0.97579,-4.0746,-3.2462,0,-0.31199,1.7556,-0.0055006,4.5674,0.74697,0,0,0,0,1.6286,1.6246,1.6241,1.629,21.055,3.7132,0,-23.377,0.1815,0,10.844
11.18,-0.92503,-0.69747,1,-0.036813,0.22426,0,0.97383,-4.0279,-3.2385,0,-0.30735,1.7063,-0.0062748,4.7767,0.78411,0,0,0,0,1.6425,1.6385,1.6379,1.6428,20.816,3.715,0,-24.458,0.18404,0,10.936
11.19,-0.96506,-0.72981,1,-0.038304,0.23244,0,0.97186,-3.9791,-3.2305,0,-0.30276,1.657,-0.007105,4.9836,0.82127,0,0,0,0,1.6567,1.6527,1.6521,1.657,20.566,3.7169,0,-25.528,0.1856,0,11.031
11.2,-1.0046,-0.76207,1,-0.039772,0.24036,0,0.96987,-3.9282,-3.2221,0,-0.29825,1.6076,-0.007991,5.188,0.85845,0,0,0,0,1.6712,1.6672,1.6666,1.6715,20.306,3.7187,0,-26.586,0.18613,0,11.128
11.21,-1.0436,-0.79425,1,-0.041216,0.24802,0,0.96788,-3.8754,-3.2133,0,-0.29382,1.5583,-0.0089328,5.3897,0.89565,0,0,0,0,1.686,1.682,1.6814,1.6862,20.034,3.7206,0,-27.632,0.18561,0,11.226
11.22,-1.0821,-0.82634,1,-0.042638,0.25544,0,0.96588,-3.8205,-3.2042,0,-0.28948,1.5093,-0.00993,5.5887,0.93286,0,0,0,0,1.7009,1.6969,1.6964,1.7012,19.753,3.7224,0,-28.665,0.18398,0,11.326
11.23,-1.12,-0.85833,1,-0.044038,0.2626,0,0.9639,-3.7636,-3.1947,0,-0.28527,1.4607,-0.010982,5.7847,0.9701,0,0,0,0,1.7161,1.7121,1.7116,1.7163,19.461,3.7243,0,-29.685,0.1812,0,11.427
11.24,-1.1574,-0.89023,1,-0.045417,0.26951,0,0.96192,-3.7048,-3.1848,0,-0.28117,1.4125,-0.012089,5.9779,1.0073,0,0,0,0,1.7314,1.7275,1.7269,1.7316,19.159,3.7261,0,-30.691,0.17724,0,11.529
11.25,-1.1941,-0.92203,1,-0.046775,0.27618,0,0.95997,-3.644,-3.1745,0,-0.27721,1.3648,-0.013251,6.1679,1.0446,0,0,0,0,1.7468,1.7429,1.7424,1.747,18.847,3.7278,0,-31.682,0.17205,0,11.632
11.26,-1.2302,-0.95372,1,-0.048115,0.28261,0,0.95803,-3.5814,-3.1639,0,-0.27339,1.3178,-0.014466,6.3548,1.0819,0,0,0,0,1.7624,1.7585,1.7579,1.7625,18.526,3.7295,0,-32.659,0.1656,0,11.736
11.27,-1.2657,-0.9853,1,-0.049436,0.2888,0,0.95611,-3.517,-3.1529,0,-0.26972,1.2714,-0.015734,6.5384,1.1192,0,0,0,0,1.7779,1.7741,1.7736,1.7781,18.194,3.7311,0,-33.621,0.15785,0,11.839
11.28,-1.3006,-1.0168,1,-0.050739,0.29476,0,0.95422,-3.4507,-3.1415,0,-0.2662,1.2257,-0.017055,6.7186,1.1565,0,0,0,0,1.7935,1.7898,1.7892,1.7936,17.853,3.7326,0,-34.567,0.14875,0,11.943
11.29,-1.3347,-1.0481,1,-0.052026,0.30049,0,0.95236,-3.3826,-3.1297,0,-0.26284,1.1808,-0.018428,6.8954,1.1939,0,0,0,0,1.8091,1.8054,1.8048,1.8092,17.503,3.7341,0,-35.497,0.13826,0,12.047
11.3,-1.3682,-1.0794,1,-0.053298,0.306,0,0.95054,-3.3128,-3.1176,0,-0.25965,1.1366,-0.019853,7.0687,1.2312,0,0,0,0,1.8246,1.821,1.8204,1.8247,17.143,3.7354,0,-36.41,0.12634,0,12.151
11.31,-1.401,-1.1105,1,-0.054556,0.31129,0,0.94875,-3.2412,-3.1051,0,-0.25661,1.0932,-0.02133,7.2383,1.2686,0,0,0,0,1.8401,1.8365,1.836,1.8401,16.775,3.7366,0,-37.305,0.11296,0,12.254
11.32,-1.433,-1.1415,1,-0.0558,0.31636,0,0.947,-3.168,-3.0922,0,-0.25374,1.0507,-0.022857,7.4041,1.3059,0,0,0,0,1.8555,1.8519,1.8514,1.8554,16.397,3.7377,0,-38.183,0.09807,0,12.357
11.33,-1.4643,-1.1723,1,-0.057031,0.32122,0,0.94528,-3.0932,-3.079,0,-0.25104,1.0089,-0.024435,7.5662,1.3433,0,0,0,0,1.8707,1.8672,1.8667,1.8707,16.011,3.7386,0,-39.043,0.081633,0,12.459
11.34,-1.4949,-1.203,1,-0.058251,0.32588,0,0.94361,-3.0167,-3.0654,0,-0.2485,0.96801,-0.026064,7.7243,1.3807,0,0,0,0,1.8858,1.8824,1.8818,1.8857,15.617,3.7393,0,-39.884,0.063608,0,12.559
11.35,-1.5247,-1.2336,1,-0.059461,0.33035,0,0.94199,-2.9387,-3.0514,0,-0.24613,0.9279,-0.027742,7.8785,1.4181,0,0,0,0,1.9007,1.8973,1.8968,1.9006,15.214,3.7398,0,-40.705,0.043955,0,12.659
11.36,-1.5537,-1.2641,1,-0.060662,0.33461,0,0.9404,-2.8592,-3.037,0,-0.24392,0.8886,-0.02947,8.0286,1.4555,0,0,0,0,1.9154,1.9121,1.9116,1.9153,14.803,3.7402,0,-41.507,0.022634,0,12.757
11.37,-1.5819,-1.2944,1,-0.061854,0.33869,0,0.93886,-2.7781,-3.0223,0,-0.24187,0.8501,-0.031247,8.1745,1.4929,0,0,0,0,1.9299,1.9266,1.9261,1.9297,14.384,3.7403,0,-42.289,-0.00039636,0,12.854
11.38,-1.6092,-1.3245,1,-0.063039,0.34257,0,0.93737,-2.6957,-3.0072,0,-0.23999,0.81239,-0.033074,8.3162,1.5303,0,0,0,0,1.9441,1.9409,1.9404,1.9439,13.957,3.7401,0,-43.049,-0.025176,0,12.949
11.39,-1.6358,-1.3545,1,-0.064217,0.34628,0,0.93593,-2.6118,-2.9917,0,-0.23827,0.77545,-0.034951,8.4536,1.5677,0,0,0,0,1.958,1.9549,1.9544,1.9578,13.523,3.7398,0,-43.789,-0.051745,0,13.042
11.4,-1.6615,-1.3844,1,-0.06539,0.34981,0,0.93454,-2.5266,-2.9758,0,-0.23671,0.73926,-0.036877,8.5866,1.6051,0,0,0,0,1.9717,1.9686,1.9681,1.9715,13.081,3.7391,0,-44.507,-0.080143,0,13.133
11.41,-1.6863,-1.414,1,-0.066559,0.35317,0,0.93319,-2.4401,-2.9596,0,-0.2353,0.7038,-0.038852,8.7152,1.6425,0,0,0,0,1.985,1.982,1.9815,1.9848,12.633,3.7382,0,-45.202,-0.11041,0,13.222
11.42,-1.7103,-1.4435,1,-0.067724,0.35635,0,0.93189,-2.3523,-2.9429,0,-0.23404,0.66904,-0.040877,8.8393,1.6799,0,0,0,0,1.998,1.995,1.9945,1.9977,12.177,3.7369,0,-45.874,-0.14259,0,13.309
11.43,-1.7333,-1.4729,1,-0.068886,0.35938,0,0.93065,-2.2633,-2.926,0,-0.23294,0.63497,-0.042952,8.9587,1.7172,0,0,0,0,2.0107,2.0077,2.0072,2.0103,11.715,3.7353,0,-46.524,-0.17672,0,13.393
11.44,-1.7555,-1.5021,1,-0.070046,0.36223,0,0.92945,-2.1732,-2.9086,0,-0.23198,0.60155,-0.045076,9.0736,1.7546,0,0,0,0,2.0229,2.02,2.0195,2.0226,11.247,3.7334,0,-47.149,-0.21284,0,13.475
11.45,-1.7768,-1.5311,1,-0.071205,0.36494,0,0.92831,-2.0819,-2.8909,0,-0.23117,0.56876,-0.047251,9.1837,1.7919,0,0,0,0,2.0348,2.0319,2.0315,2.0344,10.772,3.731,0,-47.75,-0.25099,0,13.554
11.46,-1.7972,-1.5599,1,-0.072365,0.36748,0,0.92721,-1.9895,-2.8728,0,-0.2305,0.53657,-0.049477,9.289,1.8292,0,0,0,0,2.0463,2.0434,2.043,2.0459,10.292,3.7283,0,-48.327,-0.29122,0,13.631
11.47,-1.8166,-1.5885,1,-0.073525,0.36988,0,0.92617,-1.8961,-2.8543,0,-0.22997,0.50495,-0.051753,9.3895,1.8665,0,0,0,0,2.0573,2.0545,2.054,2.0569,9.8058,3.7252,0,-48.878,-0.33355,0,13.705
11.48,-1.8351,-1.617,1,-0.074686,0.37212,0,0.92517,-1.8017,-2.8354,0,-0.22957,0.47389,-0.054081,9.4851,1.9037,0,0,0,0,2.0679,2.0651,2.0647,2.0675,9.3144,3.7216,0,-49.403,-0.37804,0,13.775
11.49,-1.8526,-1.6452,1,-0.07585,0.37422,0,0.92423,-1.7064,-2.8162,0,-0.2293,0.44333,-0.056461,9.5757,1.9409,0,0,0,0,2.0781,2.0753,2.0749,2.0776,8.8179,3.7176,0,-49.902,-0.42472,0,13.843
11.5,-1.8692,-1.6733,1,-0.077017,0.37618,0,0.92334,-1.6102,-2.7966,0,-0.22917,0.41327,-0.058894,9.6614,1.978,0,0,0,0,2.0877,2.085,2.0846,2.0873,8.3165,3.7131,0,-50.374,-0.47363,0,13.908
11.51,-1.8848,-1.7012,1,-0.078188,0.37799,0,0.9225,-1.5132,-2.7767,0,-0.22916,0.38366,-0.061379,9.7421,2.0152,0,0,0,0,2.097,2.0943,2.0938,2.0965,7.8105,3.7082,0,-50.819,-0.52482,0,13.969
11.52,-1.8995,-1.7288,1,-0.079363,0.37967,0,0.92171,-1.4154,-2.7563,0,-0.22927,0.35448,-0.063918,9.8176,2.0522,0,0,0,0,2.1057,2.103,2.1026,2.1052,7.3002,3.7026,0,-51.236,-0.57832,0,14.027
11.53,-1.9131,-1.7563,1,-0.080544,0.38121,0,0.92097,-1.3169,-2.7356,0,-0.2295,0.3257,-0.066512,9.8881,2.0892,0,0,0,0,2.1139,2.1113,2.1108,2.1133,6.7858,3.6966,0,-51.625,-0.63418,0,14.082
11.54,-1.9258,-1.7835,1,-0.081731,0.38262,0,0.92029,-1.2177,-2.7145,0,-0.22985,0.29729,-0.06916,9.9533,2.1261,0,0,0,0,2.1216,2.119,2.1185,2.121,6.2678,3.6899,0,-51.985,-0.69242,0,14.134
11.55,-1.9375,-1.8106,1,-0.082924,0.38389,0,0.91965,-1.1178,-2.6931,0,-0.23032,0.26923,-0.071864,10.013,2.163,0,0,0,0,2.1288,2.1262,2.1257,2.1282,5.7462,3.6827,0,-52.316,-0.75311,0,14.182
11.56,-1.9481,-1.8374,1,-0.084125,0.38503,0,0.91906,-1.0174,-2.6713,0,-0.23089,0.24148,-0.074625,10.068,2.1998,0,0,0,0,2.1354,2.1329,2.1324,2.1348,5.2215,3.6749,0,-52.617,-0.81626,0,14.226
11.57,-1.9578,-1.864,1,-0.085334,0.38605,0,0.91852,-0.91649,-2.6491,0,-0.23157,0.21402,-0.077443,10.118,2.2365,0,0,0,0,2.1416,2.139,2.1386,2.1409,4.694,3.6664,0,-52.887,-0.88194,0,14.267
11.58,-1.9665,-1.8904,1,-0.086551,0.38693,0,0.91804,-0.81509,-2.6265,0,-0.23235,0.18681,-0.080319,10.162,2.2731,0,0,0,0,2.1472,2.1446,2.1442,2.1465,4.1639,3.6572,0,-53.127,-0.95016,0,14.304
11.59,-1.9741,-1.9165,1,-0.087778,0.38769,0,0.9176,-0.71327,-2.6036,0,-0.23323,0.15983,-0.083253,10.201,2.3096,0,0,0,0,2.1522,2.1496,2.1492,2.1515,3.6316,3.6474,0,-53.335,-1.021,0,14.338
11.6,-1.9807,-1.9424,1,-0.089014,0.38833,0,0.91721,-0.61108,-2.5804,0,-0.23421,0.13306,-0.086247,10.235,2.3461,0,0,0,0,2.1567,2.1541,2.1537,2.156,3.0973,3.6368,0,-53.512,-1.0944,0,14.367
11.61,-1.9863,-1.9681,1,-0.090261,0.38884,0,0.91687,-0.50859,-2.5567,0,-0.23529,0.10646,-0.089301,10.263,2.3824,0,0,0,0,2.1606,2.1581,2.1576,2.1599,2.5614,3.6255,0,-53.656,-1.1706,0,14.394
11.62,-1.9909,-1.9936,1,-0.091519,0.38922,0,0.91659,-0.40584,-2.5327,0,-0.23645,0.080018,-0.092417,10.286,2.4186,0,0,0,0,2.164,2.1614,2.161,2.1632,2.0243,3.6134,0,-53.767,-1.2494,0,14.416
11.63,-1.9945,-2.0188,1,-0.092788,0.38949,0,0.91635,-0.30289,-2.5083,0,-0.2377,0.053694,-0.095594,10.304,2.4546,0,0,0,0,2.1667,2.1642,2.1638,2.166,1.4862,3.6005,0,-53.845,-1.331,0,14.435
11.64,-1.997,-2.0437,1,-0.09407,0.38963,0,0.91616,-0.19979,-2.4836,0,-0.23903,0.027468,-0.098834,10.316,2.4906,0,0,0,0,2.169,2.1665,2.166,2.1682,0.9475,3.5868,0,-53.89,-1.4153,0,14.449
11.65,-1.9985,-2.0684,1,-0.095363,0.38964,0,0.91601,-0.096594,-2.4585,0,-0.24044,0.001314,-0.10214,10.322,2.5264,0,0,0,0,2.1706,2.1681,2.1676,2.1699,0.40851,3.5722,0,-53.903,-1.5022,0,14.46
11.66,-1.9989,-2.0929,1,-0.09667,0.38954,0,0.91592,0.0066418,-2.4331,0,-0.24192,-0.024795,-0.10551,10.324,2.562,0,0,0,0,2.1717,2.1692,2.1687,2.1709,-0.13044,3.5567,0,-53.882,-1.5916,0,14.468
11.67,-1.9983,-2.1171,1,-0.09799,0.38932,0,0.91588,0.10986,-2.4073,0,-0.24348,-0.050884,-0.10894,10.32,2.5975,0,0,0,0,2.1723,2.1697,2.1692,2.1715,-0.66903,3.5403,0,-53.83,-1.6834,0,14.471
11.68,-1.9967,-2.1411,1,-0.099324,0.38897,0,0.91588,0.21302,-2.3811,0,-0.2451,-0.076979,-0.11244,10.31,2.6328,0,0,0,0,2.1722,2.1697,2.1692,2.1714,-1.2069,3.523,0,-53.747,-1.7774,0,14.471
11.69,-1.9941,-2.1647,1,-0.10067,0.3885,0,0.91593,0.31606,-2.3546,0,-0.24678,-0.10311,-0.11601,10.296,2.668,0,0,0,0,2.1716,2.1691,2.1686,2.1708,-1.7439,3.5048,0,-53.633,-1.8736,0,14.467
11.7,-1.9904,-2.1881,1,-0.10204,0.38791,0,0.91603,0.41892,-2.3278,0,-0.24852,-0.12929,-0.11964,10.276,2.7029,0,0,0,0,2.1705,2.1679,2.1674,2.1696,-2.2795,3.4855,0,-53.488,-1.9719,0,14.459
11.71,-1.9857,-2.2113,1,-0.10341,0.38719,0,0.91618,0.52155,-2.3006,0,-0.25032,-0.15556,-0.12335,10.25,2.7377,0,0,0,0,2.1688,2.1662,2.1656,2.1679,-2.8135,3.4653,0,-53.313,-2.0721,0,14.447
11.72,-1.98,-2.2342,1,-0.10481,0.38635,0,0.91638,0.6239,-2.273,0,-0.25217,-0.18194,-0.12713,10.219,2.7722,0,0,0,0,2.1665,2.1639,2.1633,2.1656,-3.3457,3.4441,0,-53.108,-2.1742,0,14.432
11.73,-1.9732,-2.2567,1,-0.10622,0.38539,0,0.91662,0.72592,-2.2451,0,-0.25406,-0.20845,-0.13098,10.183,2.8065,0,0,0,0,2.1637,2.1611,2.1605,2.1628,-3.8756,3.4218,0,-52.874,-2.2781,0,14.413
11.74,-1.9654,-2.2791,1,-0.10764,0.3843,0,0.91691,0.82755,-2.2169,0,-0.256,-0.23513,-0.1349,10.142,2.8406,0,0,0,0,2.1603,2.1577,2.1571,2.1594,-4.403,3.3985,0,-52.612,-2.3836,0,14.391
11.75,-1.9567,-2.3011,1,-0.10908,0.38309,0,0.91725,0.92874,-2.1883,0,-0.25797,-0.26199,-0.1389,10.095,2.8745,0,0,0,0,2.1564,2.1538,2.1532,2.1555,-4.9277,3.3742,0,-52.321,-2.4907,0,14.365
11.76,-1.9469,-2.3228,1,-0.11054,0.38175,0,0.91763,1.0294,-2.1594,0,-0.25998,-0.28906,-0.14297,10.043,2.9081,0,0,0,0,2.152,2.1493,2.1487,2.151,-5.4494,3.3487,0,-52.002,-2.5992,0,14.335
11.77,-1.9361,-2.3443,1,-0.11201,0.38028,0,0.91806,1.1296,-2.1302,0,-0.26201,-0.31637,-0.14713,9.9862,2.9415,0,0,0,0,2.147,2.1444,2.1437,2.1461,-5.9677,3.3222,0,-51.655,-2.709,0,14.302
11.78,-1.9243,-2.3654,1,-0.1135,0.37868,0,0.91854,1.2291,-2.1006,0,-0.26406,-0.34394,-0.15136,9.9239,2.9746,0,0,0,0,2.1416,2.1389,2.1382,2.1406,-6.4824,3.2945,0,-51.282,-2.8201,0,14.265
11.79,-1.9115,-2.3863,1,-0.11501,0.37695,0,0.91907,1.328,-2.0707,0,-0.26612,-0.3718,-0.15567,9.8566,3.0074,0,0,0,0,2.1356,2.1329,2.1322,2.1346,-6.9932,3.2658,0,-50.882,-2.9322,0,14.226
11.8,-1.8977,-2.4068,1,-0.11654,0.37508,0,0.91964,1.4263,-2.0404,0,-0.2682,-0.39997,-0.16007,9.7841,3.0399,0,0,0,0,2.1291,2.1264,2.1257,2.1281,-7.4999,3.2359,0,-50.456,-3.0455,0,14.182
11.81,-1.883,-2.4271,1,-0.11808,0.37308,0,0.92025,1.5237,-2.0099,0,-0.27027,-0.42848,-0.16455,9.7066,3.0721,0,0,0,0,2.1222,2.1194,2.1187,2.1212,-8.0022,3.2049,0,-50.004,-3.1596,0,14.136
11.82,-1.8672,-2.447,1,-0.11964,0.37094,0,0.92092,1.6204,-1.979,0,-0.27234,-0.45735,-0.16911,9.6241,3.104,0,0,0,0,2.1148,2.112,2.1113,2.1138,-8.4999,3.1727,0,-49.527,-3.2745,0,14.086
11.83,-1.8506,-2.4667,1,-0.12121,0.36867,0,0.92162,1.7162,-1.9478,0,-0.2744,-0.4866,-0.17376,9.5366,3.1355,0,0,0,0,2.1069,2.1041,2.1033,2.1059,-8.9927,3.1394,0,-49.025,-3.3902,0,14.034
11.84,-1.8329,-2.486,1,-0.12281,0.36625,0,0.92238,1.8111,-1.9163,0,-0.27643,-0.51625,-0.1785,9.4442,3.1668,0,0,0,0,2.0986,2.0958,2.095,2.0976,-9.4803,3.1049,0,-48.498,-3.5065,0,13.978
11.85,-1.8143,-2.505,1,-0.12442,0.36368,0,0.92318,1.905,-1.8845,0,-0.27844,-0.54634,-0.18332,9.347,3.1976,0,0,0,0,2.0899,2.087,2.0862,2.0888,-9.9626,3.0692,0,-47.948,-3.6232,0,13.92
11.86,-1.7948,-2.5237,1,-0.12604,0.36098,0,0.92402,1.998,-1.8523,0,-0.2804,-0.57687,-0.18823,9.245,3.2281,0,0,0,0,2.0807,2.0778,2.0769,2.0797,-10.439,3.0324,0,-47.374,-3.7404,0,13.859
11.87,-1.7744,-2.542,1,-0.12769,0.35812,0,0.9249,2.0899,-1.8199,0,-0.28232,-0.60788,-0.19323,9.1382,3.2583,0,0,0,0,2.0712,2.0682,2.0673,2.0701,-10.91,2.9944,0,-46.777,-3.8578,0,13.795
11.88,-1.753,-2.5601,1,-0.12935,0.35511,0,0.92583,2.1808,-1.7872,0,-0.28418,-0.63937,-0.19832,9.0268,3.288,0,0,0,0,2.0612,2.0582,2.0573,2.0602,-11.375,2.9553,0,-46.158,-3.9755,0,13.728
11.89,-1.7308,-2.5778,1,-0.13102,0.35194,0,0.92681,2.2705,-1.7541,0,-0.28597,-0.67138,-0.2035,8.9108,3.3174,0,0,0,0,2.0509,2.0479,2.0469,2.0498,-11.833,2.9149,0,-45.516,-4.0932,0,13.659
11.9,-1.7076,-2.5952,1,-0.13271,0.34862,0,0.92782,2.359,-1.7208,0,-0.28767,-0.70391,-0.20878,8.7902,3.3463,0,0,0,0,2.0402,2.0372,2.0362,2.0392,-12.285,2.8734,0,-44.853,-4.2109,0,13.588
11.91,-1.6836,-2.6122,1,-0.13442,0.34513,0,0.92888,2.4462,-1.6872,0,-0.28928,-0.73699,-0.21414,8.6651,3.3748,0,0,0,0,2.0292,2.0262,2.0251,2.0282,-12.73,2.8307,0,-44.168,-4.3284,0,13.515
11.92,-1.6587,-2.6289,1,-0.13614,0.34148,0,0.92998,2.5322,-1.6533,0,-0.29079,-0.77062,-0.21959,8.5356,3.4029,0,0,0,0,2.0179,2.0148,2.0137,2.0169,-13.168,2.7868,0,-43.463,-4.4457,0,13.439
11.93,-1.633,-2.6453,1,-0.13787,0.33766,0,0.93111,2.6169,-1.6192,0,-0.29217,-0.80481,-0.22512,8.4018,3.4306,0,0,0,0,2.0063,2.0032,2.0021,2.0053,-13.599,2.7418,0,-42.737,-4.5626,0,13.361
11.94,-1.6064,-2.6613,1,-0.13962,0.33368,0,0.93229,2.7003,-1.5847,0,-0.29341,-0.83959,-0.23075,8.2636,3.4578,0,0,0,0,1.9944,1.9913,1.9901,1.9934,-14.023,2.6956,0,-41.992,-4.679,0,13.282
11.95,-1.579,-2.677,1,-0.14138,0.32951,0,0.93351,2.7822,-1.55,0,-0.2945,-0.87495,-0.23646,8.1213,3.4845,0,0,0,0,1.9823,1.9791,1.9779,1.9813,-14.439,2.6482,0,-41.227,-4.7949,0,13.201
11.96,-1.5507,-2.6923,1,-0.14315,0.32517,0,0.93476,2.8627,-1.515,0,-0.29541,-0.9109,-0.24226,7.9749,3.5107,0,0,0,0,1.9699,1.9667,1.9655,1.9689,-14.847,2.5997,0,-40.443,-4.9101,0,13.118
11.97,-1.5217,-2.7073,1,-0.14493,0.32065,0,0.93604,2.9417,-1.4798,0,-0.29614,-0.94744,-0.24814,7.8244,3.5365,0,0,0,0,1.9574,1.9541,1.9528,1.9564,-15.248,2.55,0,-39.641,-5.0244,0,13.034
11.98,-1.4919,-2.7219,1,-0.14671,0.31594,0,0.93737,3.0192,-1.4443,0,-0.29666,-0.98457,-0.25409,7.67,3.5617,0,0,0,0,1.9446,1.9414,1.94,1.9436,-15.64,2.4992,0,-38.821,-5.1379,0,12.949
11.99,-1.4613,-2.7361,1,-0.14851,0.31105,0,0.93872,3.0951,-1.4086,0,-0.29696,-1.0223,-0.26013,7.5116,3.5864,0,0,0,0,1.9317,1.9284,1.927,1.9307,-16.024,2.4473,0,-37.983,-5.2503,0,12.863
12,-1.43,-2.75,1,-0.15031,0.30596,0,0.9401,3.1694,-1.3726,0,-0.297,-1.0606,-0.26623,7.3495,3.6107,0,0,0,0,1.9186,1.9153,1.9139,1.9177,-16.4,2.3942,0,-37.129,-5.3617,0,12.776
12.01,-1.3979,-2.7636,1,-0.15212,0.30068,0,0.94152,3.242,-1.3363,0,-0.29678,-1.0994,-0.2724,7.1837,3.6343,0,0,0,0,1.9054,1.9022,1.9006,1.9045,-16.767,2.34,0,-36.257,-5.4717,0,12.688
12.02,-1.3652,-2.7768,1,-0.15392,0.29519,0,0.94296,3.313,-1.2999,0,-0.29626,-1.1388,-0.27863,7.0142,3.6574,0,0,0,0,1.8922,1.8889,1.8873,1.8913,-17.125,2.2848,0,-35.37,-5.5805,0,12.599
12.03,-1.3317,-2.7896,1,-0.15573,0.28951,0,0.94442,3.3823,-1.2632,0,-0.29543,-1.1787,-0.28492,6.8412,3.68,0,0,0,0,1.8788,1.8756,1.8739,1.878,-17.474,2.2284,0,-34.467,-5.6877,0,12.511
12.04,-1.2975,-2.802,1,-0.15754,0.28362,0,0.94591,3.4498,-1.2263,0,-0.29426,-1.219,-0.29126,6.6647,3.702,0,0,0,0,1.8655,1.8622,1.8605,1.8647,-17.814,2.171,0,-33.549,-5.7934,0,12.421
12.05,-1.2627,-2.8141,1,-0.15934,0.27752,0,0.94742,3.5156,-1.1892,0,-0.29273,-1.2598,-0.29763,6.4849,3.7234,0,0,0,0,1.8521,1.8489,1.8471,1.8514,-18.145,2.1126,0,-32.616,-5.8975,0,12.332
12.06,-1.2272,-2.8258,1,-0.16114,0.2712,0,0.94894,3.5795,-1.1518,0,-0.2908,-1.301,-0.30404,6.3019,3.7443,0,0,0,0,1.8387,1.8356,1.8337,1.8381,-18.466,2.0531,0,-31.669,-5.9997,0,12.243
12.07,-1.1911,-2.8371,1,-0.16292,0.26468,0,0.95047,3.6416,-1.1143,0,-0.28847,-1.3426,-0.31047,6.1156,3.7645,0,0,0,0,1.8254,1.8223,1.8204,1.8249,-18.778,1.9926,0,-30.708,-6.1,0,12.155
12.08,-1.1544,-2.8481,1,-0.1647,0.25794,0,0.95202,3.7018,-1.0765,0,-0.2857,-1.3844,-0.31691,5.9263,3.7841,0,0,0,0,1.8122,1.8091,1.8071,1.8117,-19.081,1.9311,0,-29.734,-6.1984,0,12.067
12.09,-1.1171,-2.8587,1,-0.16646,0.25098,0,0.95357,3.7601,-1.0386,0,-0.28246,-1.4265,-0.32335,5.7341,3.8031,0,0,0,0,1.7991,1.7961,1.794,1.7987,-19.373,1.8686,0,-28.747,-6.2946,0,11.98
12.1,-1.0792,-2.8689,1,-0.1682,0.2438,0,0.95513,3.8165,-1.0005,0,-0.27873,-1.4686,-0.32978,5.5389,3.8215,0,0,0,0,1.7861,1.7831,1.781,1.7858,-19.655,1.8052,0,-27.748,-6.3886,0,11.893
12.11,-1.0408,-2.8787,1,-0.16993,0.23639,0,0.95668,3.8709,-0.96217,0,-0.27449,-1.5108,-0.33618,5.341,3.8392,0,0,0,0,1.7733,1.7704,1.7682,1.773,-19.928,1.7408,0,-26.737,-6.4803,0,11.808
12.12,-1.0018,-2.8881,1,-0.17162,0.22877,0,0.95823,3.9233,-0.92369,0,-0.26972,-1.553,-0.34254,5.1404,3.8563,0,0,0,0,1.7607,1.7579,1.7556,1.7605,-20.19,1.6756,0,-25.714,-6.5695,0,11.725
12.13,-0.9623,-2.8972,1,-0.17329,0.22093,0,0.95977,3.9737,-0.88505,0,-0.26438,-1.595,-0.34885,4.9372,3.8727,0,0,0,0,1.7483,1.7456,1.7432,1.7482,-20.442,1.6095,0,-24.68,-6.6562,0,11.642
12.14,-0.92232,-2.9058,1,-0.17493,0.21286,0,0.9613,4.0221,-0.84624,0,-0.25847,-1.6368,-0.35508,4.7316,3.8885,0,0,0,0,1.7362,1.7336,1.7312,1.7362,-20.684,1.5425,0,-23.636,-6.7402,0,11.562
12.15,-0.88187,-2.9141,1,-0.17653,0.20457,0,0.9628,4.0683,-0.80728,0,-0.25196,-1.6781,-0.36122,4.5236,3.9036,0,0,0,0,1.7244,1.7219,1.7194,1.7245,-20.915,1.4747,0,-22.582,-6.8214,0,11.483
12.16,-0.84096,-2.922,1,-0.17809,0.19606,0,0.96428,4.1125,-0.76817,0,-0.24483,-1.719,-0.36725,4.3133,3.918,0,0,0,0,1.7128,1.7105,1.7079,1.713,-21.135,1.4061,0,-21.519,-6.8997,0,11.407
12.17,-0.79963,-2.9294,1,-0.17961,0.18734,0,0.96573,4.1546,-0.72892,0,-0.23708,-1.7591,-0.37316,4.1009,3.9317,0,0,0,0,1.7017,1.6995,1.6969,1.702,-21.345,1.3367,0,-20.446,-6.975,0,11.333
12.18,-0.75788,-2.9365,1,-0.18108,0.17841,0,0.96715,4.1945,-0.68954,0,-0.22869,-1.7985,-0.37891,3.8865,3.9447,0,0,0,0,1.6909,1.6889,1.6862,1.6913,-21.544,1.2666,0,-19.365,-7.0472,0,11.262
12.19,-0.71574,-2.9432,1,-0.1825,0.16926,0,0.96853,4.2323,-0.65003,0,-0.21965,-1.8369,-0.3845,3.6701,3.957,0,0,0,0,1.6805,1.6787,1.6759,1.6811,-21.732,1.1957,0,-18.276,-7.1161,0,11.194
12.2,-0.67324,-2.9495,1,-0.18386,0.15992,0,0.96986,4.2679,-0.6104,0,-0.20997,-1.8741,-0.3899,3.4518,3.9686,0,0,0,0,1.6706,1.6689,1.6661,1.6712,-21.91,1.1243,0,-17.179,-7.1817,0,11.128
12.21,-0.63039,-2.9554,1,-0.18516,0.15037,0,0.97114,4.3013,-0.57066,0,-0.19965,-1.9101,-0.39508,3.2319,3.9795,0,0,0,0,1.6611,1.6597,1.6568,1.6619,-22.076,1.0521,0,-16.075,-7.2438,0,11.066
12.22,-0.58722,-2.961,1,-0.18639,0.14064,0,0.97236,4.3326,-0.53081,0,-0.18869,-1.9445,-0.40003,3.0104,3.9897,0,0,0,0,1.6521,1.6509,1.648,1.653,-22.231,0.97939,0,-14.965,-7.3023,0,11.007
12.23,-0.54375,-2.9661,1,-0.18755,0.13072,0,0.97352,4.3616,-0.49087,0,-0.1771,-1.9774,-0.40473,2.7873,3.9991,0,0,0,0,1.6436,1.6427,1.6398,1.6447,-22.375,0.90609,0,-13.848,-7.3572,0,10.951
12.24,-0.5,-2.9708,1,-0.18864,0.12063,0,0.97461,4.3883,-0.45084,0,-0.16491,-2.0084,-0.40915,2.5629,4.0078,0,0,0,0,1.6357,1.635,1.6321,1.6369,-22.508,0.83226,0,-12.726,-7.4082,0,10.9
12.25,-0.45599,-2.9751,1,-0.18965,0.11038,0,0.97563,4.4128,-0.41072,0,-0.15213,-2.0375,-0.41328,2.3372,4.0157,0,0,0,0,1.6284,1.6279,1.625,1.6297,-22.63,0.75794,0,-11.599,-7.4553,0,10.852
12.26,-0.41175,-2.979,1,-0.19058,0.099974,0,0.97657,4.435,-0.37052,0,-0.1388,-2.0644,-0.41708,2.1103,4.0229,0,0,0,0,1.6216,1.6214,1.6185,1.6231,-22.74,0.68317,0,-10.466,-7.4983,0,10.808
12.27,-0.3673,-2.9825,1,-0.19142,0.089428,0,0.97743,4.455,-0.33026,0,-0.12494,-2.089,-0.42055,1.8824,4.0294,0,0,0,0,1.6155,1.6156,1.6126,1.6171,-22.839,0.60799,0,-9.3302,-7.5372,0,10.768
12.28,-0.32266,-2.9856,1,-0.19218,0.078754,0,0.9782,4.4727,-0.28994,0,-0.11061,-2.1112,-0.42367,1.6536,4.0351,0,0,0,0,1.6099,1.6104,1.6074,1.6117,-22.927,0.53244,0,-8.1902,-7.5719,0,10.732
12.29,-0.27785,-2.9883,1,-0.19284,0.067967,0,0.97887,4.4881,-0.24956,0,-0.095837,-2.1308,-0.42642,1.4239,4.04,0,0,0,0,1.6051,1.6058,1.6029,1.607,-23.003,0.45657,0,-7.047,-7.6021,0,10.701
12.3,-0.2329,-2.9906,1,-0.1934,0.057079,0,0.97946,4.5012,-0.20914,0,-0.080681,-2.1477,-0.42878,1.1936,4.0442,0,0,0,0,1.6009,1.6019,1.5991,1.6029,-23.068,0.38041,0,-5.9011,-7.6279,0,10.675
12.31,-0.18783,-2.9925,1,-0.19387,0.046107,0,0.97994,4.5119,-0.16868,0,-0.065196,-2.1617,-0.43074,0.96262,4.0476,0,0,0,0,1.5974,1.5987,1.5959,1.5996,-23.121,0.30402,0,-4.7529,-7.649,0,10.653
12.32,-0.14267,-2.994,1,-0.19424,0.035066,0,0.98033,4.5204,-0.12819,0,-0.049441,-2.1728,-0.43229,0.7312,4.0503,0,0,0,0,1.5946,1.5962,1.5935,1.5969,-23.163,0.22745,0,-3.6029,-7.6655,0,10.635
12.33,-0.097434,-2.995,1,-0.19451,0.023972,0,0.98061,4.5266,-0.087677,0,-0.033477,-2.181,-0.43342,0.49941,4.0522,0,0,0,0,1.5925,1.5944,1.5917,1.5949,-23.193,0.15073,0,-2.4516,-7.6771,0,10.623
12.34,-0.052147,-2.9957,1,-0.19467,0.012841,0,0.98078,4.5304,-0.047149,0,-0.01737,-2.1861,-0.43413,0.26738,4.0533,0,0,0,0,1.5911,1.5934,1.5907,1.5936,-23.212,0.073922,0,-1.2995,-7.6837,0,10.615
12.35,-0.0068333,-2.996,1,-0.19473,0.0016916,0,0.98085,4.5319,-0.0066132,0,-0.0011866,-2.1881,-0.43441,0.035213,4.0537,0,0,0,0,1.5905,1.593,1.5904,1.593,-23.219,-0.0029271,0,-0.14705,-7.6853,0,10.611
12.36,0.038484,-2.9958,1,-0.19469,-0.0094608,0,0.98082,4.5311,0.033922,0,0.015004,-2.187,-0.43426,-0.19696,4.0533,0,0,0,0,1.5905,1.5933,1.5908,1.5932,-23.215,-0.079766,0,1.0052,-7.6817,0,10.613
12.37,0.083781,-2.9953,1,-0.19454,-0.020599,0,0.98068,4.528,0.074449,0,0.031134,-2.1828,-0.43368,-0.42904,4.0521,0,0,0,0,1.5913,1.5944,1.592,1.594,-23.199,-0.15654,0,2.1569,-7.673,0,10.619
12.38,0.12904,-2.9943,1,-0.1943,-0.031705,0,0.98043,4.5225,0.11496,0,0.047136,-2.1756,-0.43267,-0.6609,4.0501,0,0,0,0,1.5928,1.5961,1.5938,1.5956,-23.171,-0.23321,0,3.3075,-7.6594,0,10.631
12.39,0.17422,-2.993,1,-0.19395,-0.042764,0,0.98008,4.5148,0.15545,0,0.062944,-2.1653,-0.43124,-0.89243,4.0474,0,0,0,0,1.595,1.5986,1.5964,1.5978,-23.133,-0.30972,0,4.4566,-7.6409,0,10.646
12.4,0.21932,-2.9912,1,-0.1935,-0.053758,0,0.97963,4.5047,0.19591,0,0.078495,-2.1521,-0.4294,-1.1235,4.0439,0,0,0,0,1.5979,1.6018,1.5997,1.6008,-23.082,-0.38601,0,5.6037,-7.6176,0,10.667
12.41,0.26431,-2.9891,1,-0.19295,-0.064673,0,0.97908,4.4923,0.23633,0,0.093729,-2.1361,-0.42715,-1.354,4.0397,0,0,0,0,1.6016,1.6056,1.6037,1.6045,-23.021,-0.46205,0,6.7483,-7.5897,0,10.692
12.42,0.30916,-2.9865,1,-0.1923,-0.075492,0,0.97843,4.4776,0.2767,0,0.10859,-2.1173,-0.42452,-1.5839,4.0347,0,0,0,0,1.6059,1.6101,1.6083,1.6088,-22.947,-0.53779,0,7.8901,-7.5574,0,10.722
12.43,0.35385,-2.9835,1,-0.19156,-0.086201,0,0.97769,4.4606,0.31702,0,0.12303,-2.0959,-0.42151,-1.813,4.0289,0,0,0,0,1.6109,1.6153,1.6136,1.6138,-22.863,-0.61318,0,9.0284,-7.5206,0,10.756
12.44,0.39837,-2.9802,1,-0.19074,-0.096786,0,0.97686,4.4413,0.35727,0,0.13699,-2.072,-0.41814,-2.0411,4.0224,0,0,0,0,1.6165,1.6211,1.6195,1.6194,-22.767,-0.68819,0,10.163,-7.4796,0,10.794
12.45,0.44267,-2.9764,1,-0.18982,-0.10723,0,0.97594,4.4198,0.39746,0,0.15044,-2.0458,-0.41443,-2.2683,4.0152,0,0,0,0,1.6228,1.6275,1.6261,1.6257,-22.66,-0.76276,0,11.293,-7.4345,0,10.837
12.46,0.48675,-2.9722,1,-0.18883,-0.11753,0,0.97495,4.396,0.43758,0,0.16334,-2.0173,-0.4104,-2.4943,4.0072,0,0,0,0,1.6297,1.6345,1.6332,1.6326,-22.541,-0.83687,0,12.419,-7.3853,0,10.883
12.47,0.53059,-2.9676,1,-0.18775,-0.12767,0,0.97388,4.3699,0.4776,0,0.17566,-1.9869,-0.40607,-2.719,3.9984,0,0,0,0,1.6372,1.6421,1.641,1.6401,-22.411,-0.91046,0,13.539,-7.3322,0,10.934
12.48,0.57415,-2.9627,1,-0.1866,-0.13764,0,0.97275,4.3416,0.51754,0,0.18738,-1.9546,-0.40145,-2.9425,3.989,0,0,0,0,1.6453,1.6502,1.6493,1.6481,-22.27,-0.9835,0,14.654,-7.2754,0,10.988
12.49,0.61741,-2.9573,1,-0.18538,-0.14743,0,0.97154,4.3111,0.55738,0,0.19848,-1.9205,-0.39657,-3.1644,3.9788,0,0,0,0,1.6539,1.6589,1.6581,1.6567,-22.118,-1.056,0,15.762,-7.2148,0,11.046
12.5,0.66036,-2.9515,1,-0.18409,-0.15703,0,0.97028,4.2783,0.59711,0,0.20894,-1.885,-0.39145,-3.3848,3.9679,0,0,0,0,1.663,1.6681,1.6674,1.6658,-21.955,-1.1278,0,16.864,-7.1508,0,11.107
12.51,0.70297,-2.9454,1,-0.18273,-0.16644,0,0.96897,4.2434,0.63674,0,0.21875,-1.8482,-0.38611,-3.6035,3.9562,0,0,0,0,1.6727,1.6778,1.6772,1.6754,-21.781,-1.199,0,17.959,-7.0833,0,11.172
12.52,0.74522,-2.9388,1,-0.18133,-0.17565,0,0.96761,4.2063,0.67624,0,0.22792,-1.8101,-0.38058,-3.8204,3.9439,0,0,0,0,1.6828,1.6879,1.6874,1.6854,-21.596,-1.2694,0,19.047,-7.0125,0,11.239
12.53,0.78709,-2.9318,1,-0.17986,-0.18464,0,0.96621,4.167,0.71561,0,0.23644,-1.7711,-0.37487,-4.0353,3.9308,0,0,0,0,1.6933,1.6984,1.6981,1.6959,-21.4,-1.3392,0,20.126,-6.9385,0,11.31
12.54,0.82855,-2.9245,1,-0.17835,-0.19343,0,0.96477,4.1256,0.75485,0,0.24431,-1.7311,-0.36901,-4.2483,3.9171,0,0,0,0,1.7042,1.7093,1.7091,1.7068,-21.193,-1.4082,0,21.197,-6.8614,0,11.382
12.55,0.86959,-2.9167,1,-0.17679,-0.202,0,0.9633,4.082,0.79395,0,0.25156,-1.6905,-0.36301,-4.4592,3.9027,0,0,0,0,1.7156,1.7206,1.7205,1.7181,-20.976,-1.4764,0,22.26,-6.7814,0,11.458
12.56,0.91019,-2.9086,1,-0.1752,-0.21036,0,0.9618,4.0364,0.8329,0,0.25819,-1.6493,-0.35689,-4.6678,3.8876,0,0,0,0,1.7272,1.7323,1.7322,1.7297,-20.748,-1.5438,0,23.313,-6.6985,0,11.536
12.57,0.95031,-2.9001,1,-0.17356,-0.21849,0,0.96028,3.9887,0.8717,0,0.26421,-1.6077,-0.35069,-4.8741,3.8718,0,0,0,0,1.7392,1.7442,1.7443,1.7416,-20.51,-1.6104,0,24.356,-6.6129,0,11.615
12.58,0.98995,-2.8912,1,-0.17189,-0.2264,0,0.95875,3.9389,0.91034,0,0.26965,-1.5657,-0.3444,-5.078,3.8554,0,0,0,0,1.7515,1.7564,1.7566,1.7538,-20.261,-1.6761,0,25.389,-6.5248,0,11.697
12.59,1.0291,-2.8819,1,-0.1702,-0.23409,0,0.9572,3.8871,0.9488,0,0.27452,-1.5236,-0.33805,-5.2793,3.8383,0,0,0,0,1.764,1.7688,1.7691,1.7662,-20.002,-1.7409,0,26.411,-6.4341,0,11.78
12.6,1.0677,-2.8722,1,-0.16848,-0.24156,0,0.95565,3.8333,0.9871,0,0.27884,-1.4814,-0.33165,-5.478,3.8205,0,0,0,0,1.7767,1.7815,1.7818,1.7789,-19.733,-1.8047,0,27.422,-6.3411,0,11.865
12.61,1.1057,-2.8621,1,-0.16673,-0.24881,0,0.95409,3.7776,1.0252,0,0.28265,-1.4392,-0.32523,-5.6739,3.8022,0,0,0,0,1.7896,1.7943,1.7948,1.7917,-19.454,-1.8677,0,28.421,-6.2459,0,11.951
12.62,1.1432,-2.8517,1,-0.16497,-0.25584,0,0.95254,3.7199,1.0631,0,0.28596,-1.3972,-0.31878,-5.867,3.7832,0,0,0,0,1.8027,1.8073,1.8078,1.8047,-19.165,-1.9296,0,29.409,-6.1485,0,12.038
12.63,1.1801,-2.8409,1,-0.16319,-0.26265,0,0.95099,3.6602,1.1009,0,0.2888,-1.3553,-0.31234,-6.0572,3.7636,0,0,0,0,1.8159,1.8204,1.821,1.8179,-18.866,-1.9906,0,30.383,-6.0491,0,12.125
12.64,1.2164,-2.8297,1,-0.1614,-0.26924,0,0.94945,3.5987,1.1384,0,0.2912,-1.3137,-0.3059,-6.2443,3.7434,0,0,0,0,1.8292,1.8336,1.8343,1.8311,-18.557,-2.0506,0,31.345,-5.9478,0,12.214
12.65,1.2521,-2.8181,1,-0.15961,-0.27561,0,0.94793,3.5354,1.1757,0,0.29317,-1.2724,-0.29948,-6.4283,3.7226,0,0,0,0,1.8426,1.8469,1.8476,1.8444,-18.239,-2.1096,0,32.294,-5.8446,0,12.302
12.66,1.2871,-2.8062,1,-0.1578,-0.28178,0,0.94641,3.4702,1.2129,0,0.29475,-1.2315,-0.29309,-6.609,3.7012,0,0,0,0,1.856,1.8602,1.861,1.8577,-17.911,-2.1675,0,33.228,-5.7398,0,12.391
12.67,1.3215,-2.7938,1,-0.15599,-0.28773,0,0.94492,3.4032,1.2498,0,0.29596,-1.191,-0.28673,-6.7865,3.6792,0,0,0,0,1.8694,1.8735,1.8743,1.8711,-17.574,-2.2244,0,34.148,-5.6333,0,12.48
12.68,1.3552,-2.7812,1,-0.15418,-0.29348,0,0.94345,3.3345,1.2864,0,0.29682,-1.151,-0.28042,-6.9605,3.6567,0,0,0,0,1.8828,1.8868,1.8877,1.8844,-17.228,-2.2802,0,35.054,-5.5254,0,12.569
12.69,1.3882,-2.7681,1,-0.15237,-0.29902,0,0.942,3.264,1.3229,0,0.29736,-1.1114,-0.27417,-7.131,3.6336,0,0,0,0,1.8961,1.9001,1.9009,1.8977,-16.873,-2.3349,0,35.944,-5.416,0,12.658
12.7,1.4205,-2.7547,1,-0.15056,-0.30437,0,0.94058,3.1919,1.3591,0,0.29761,-1.0724,-0.26797,-7.2979,3.61,0,0,0,0,1.9094,1.9132,1.9141,1.9109,-16.509,-2.3885,0,36.818,-5.3054,0,12.746
12.71,1.452,-2.7409,1,-0.14875,-0.30952,0,0.93919,3.1181,1.3951,0,0.29757,-1.034,-0.26184,-7.4612,3.5859,0,0,0,0,1.9225,1.9263,1.9272,1.924,-16.137,-2.441,0,37.676,-5.1936,0,12.833
12.72,1.4828,-2.7268,1,-0.14695,-0.31447,0,0.93782,3.0426,1.4308,0,0.29729,-0.99613,-0.25578,-7.6206,3.5612,0,0,0,0,1.9356,1.9392,1.9402,1.937,-15.756,-2.4924,0,38.518,-5.0807,0,12.92
12.73,1.5129,-2.7123,1,-0.14516,-0.31923,0,0.93649,2.9657,1.4663,0,0.29677,-0.95884,-0.24979,-7.7763,3.536,0,0,0,0,1.9485,1.952,1.953,1.9498,-15.367,-2.5426,0,39.342,-4.9669,0,13.006
12.74,1.5421,-2.6975,1,-0.14338,-0.32381,0,0.93519,2.8871,1.5015,0,0.29604,-0.92213,-0.24388,-7.9279,3.5104,0,0,0,0,1.9612,1.9646,1.9656,1.9624,-14.969,-2.5917,0,40.149,-4.8522,0,13.09
12.75,1.5706,-2.6823,1,-0.1416,-0.32821,0,0.93393,2.8071,1.5365,0,0.29511,-0.88602,-0.23805,-8.0756,3.4842,0,0,0,0,1.9737,1.9771,1.9781,1.9749,-14.564,-2.6396,0,40.938,-4.7367,0,13.173
12.76,1.5983,-2.6667,1,-0.13984,-0.33243,0,0.9327,2.7256,1.5712,0,0.29401,-0.85049,-0.2323,-8.2192,3.4576,0,0,0,0,1.986,1.9893,1.9903,1.9871,-14.15,-2.6864,0,41.709,-4.6207,0,13.254
12.77,1.6251,-2.6509,1,-0.13809,-0.33647,0,0.93152,2.6427,1.6057,0,0.29275,-0.81555,-0.22664,-8.3586,3.4305,0,0,0,0,1.998,2.0012,2.0023,1.9991,-13.73,-2.732,0,42.46,-4.504,0,13.334
12.78,1.6511,-2.6346,1,-0.13635,-0.34034,0,0.93036,2.5585,1.6398,0,0.29135,-0.78119,-0.22107,-8.4938,3.4029,0,0,0,0,2.0098,2.0129,2.014,2.0109,-13.301,-2.7765,0,43.192,-4.387,0,13.412
12.79,1.6763,-2.6181,1,-0.13463,-0.34404,0,0.92925,2.4729,1.6737,0,0.28983,-0.74739,-0.21558,-8.6246,3.3749,0,0,0,0,2.0212,2.0243,2.0254,2.0223,-12.866,-2.8198,0,43.905,-4.2696,0,13.489
12.8,1.7006,-2.6012,1,-0.13292,-0.34757,0,0.92818,2.386,1.7073,0,0.28819,-0.71416,-0.21019,-8.751,3.3465,0,0,0,0,2.0324,2.0354,2.0365,2.0334,-12.423,-2.8619,0,44.597,-4.152,0,13.563
12.81,1.724,-2.5839,1,-0.13122,-0.35095,0,0.92716,2.2979,1.7407,0,0.28645,-0.68147,-0.20488,-8.873,3.3177,0,0,0,0,2.0432,2.0462,2.0472,2.0442,-11.974,-2.9028,0,45.268,-4.0343,0,13.635
12.82,1.7465,-2.5664,1,-0.12954,-0.35416,0,0.92617,2.2086,1.7737,0,0.28463,-0.64932,-0.19966,-8.9905,3.2885,0,0,0,0,2.0537,2.0566,2.0577,2.0547,-11.518,-2.9426,0,45.918,-3.9166,0,13.704
12.83,1.7682,-2.5484,1,-0.12788,-0.35722,0,0.92522,2.1181,1.8064,0,0.28273,-0.61767,-0.19453,-9.1034,3.2589,0,0,0,0,2.0639,2.0667,2.0677,2.0648,-11.056,-2.9812,0,46.546,-3.799,0,13.772
12.84,1.7889,-2.5302,1,-0.12623,-0.36013,0,0.92432,2.0265,1.8389,0,0.28077,-0.58652,-0.18949,-9.2116,3.2289,0,0,0,0,2.0736,2.0764,2.0774,2.0745,-10.587,-3.0186,0,47.153,-3.6817,0,13.836
12.85,1.8087,-2.5117,1,-0.1246,-0.36288,0,0.92347,1.9339,1.871,0,0.27876,-0.55585,-0.18454,-9.3151,3.1985,0,0,0,0,2.083,2.0857,2.0867,2.0838,-10.113,-3.0548,0,47.736,-3.5646,0,13.899
12.86,1.8276,-2.4928,1,-0.12299,-0.36549,0,0.92265,1.8402,1.9028,0,0.27671,-0.52563,-0.17968,-9.4138,3.1678,0,0,0,0,2.0919,2.0945,2.0956,2.0927,-9.6324,-3.0899,0,48.297,-3.448,0,13.958
12.87,1.8455,-2.4736,1,-0.12139,-0.36795,0,0.92189,1.7456,1.9344,0,0.27463,-0.49585,-0.17491,-9.5077,3.1367,0,0,0,0,2.1004,2.103,2.104,2.1012,-9.1468,-3.1238,0,48.834,-3.3318,0,14.014
12.88,1.8625,-2.4541,1,-0.11981,-0.37027,0,0.92116,1.6501,1.9656,0,0.27252,-0.46648,-0.17022,-9.5967,3.1053,0,0,0,0,2.1085,2.111,2.1121,2.1093,-8.6558,-3.1565,0,49.348,-3.2164,0,14.068
12.89,1.8785,-2.4343,1,-0.11825,-0.37246,0,0.92049,1.5537,1.9965,0,0.2704,-0.43749,-0.16562,-9.6808,3.0736,0,0,0,0,2.1161,2.1186,2.1196,2.1168,-8.1599,-3.1881,0,49.836,-3.1016,0,14.119
12.9,1.8935,-2.4142,1,-0.11671,-0.3745,0,0.91985,1.4565,2.027,0,0.26827,-0.40888,-0.1611,-9.7599,3.0415,0,0,0,0,2.1232,2.1257,2.1267,2.124,-7.6592,-3.2185,0,50.3,-2.9876,0,14.166
12.91,1.9076,-2.3938,1,-0.11518,-0.3764,0,0.91927,1.3585,2.0573,0,0.26614,-0.3806,-0.15666,-9.834,3.0092,0,0,0,0,2.1299,2.1323,2.1333,2.1306,-7.154,-3.2478,0,50.739,-2.8746,0,14.21
12.92,1.9207,-2.373,1,-0.11367,-0.37818,0,0.91873,1.2598,2.0872,0,0.26402,-0.35264,-0.15231,-9.903,2.9766,0,0,0,0,2.1361,2.1385,2.1395,2.1368,-6.6445,-3.276,0,51.151,-2.7627,0,14.251
12.93,1.9328,-2.352,1,-0.11218,-0.37982,0,0.91823,1.1605,2.1168,0,0.26191,-0.32498,-0.14804,-9.9669,2.9437,0,0,0,0,2.1418,2.1441,2.1451,2.1424,-6.131,-3.3031,0,51.537,-2.6518,0,14.289
12.94,1.9439,-2.3307,1,-0.1107,-0.38133,0,0.91779,1.0605,2.1461,0,0.25982,-0.29758,-0.14385,-10.026,2.9105,0,0,0,0,2.1469,2.1492,2.1502,2.1475,-5.6138,-3.3291,0,51.897,-2.5422,0,14.323
12.95,1.954,-2.3091,1,-0.10925,-0.38271,0,0.91739,0.95996,2.175,0,0.25775,-0.27043,-0.13973,-10.079,2.8771,0,0,0,0,2.1516,2.1539,2.1548,2.1522,-5.0932,-3.3539,0,52.229,-2.434,0,14.354
12.96,1.9631,-2.2872,1,-0.1078,-0.38396,0,0.91703,0.85893,2.2036,0,0.25572,-0.24349,-0.13569,-10.127,2.8435,0,0,0,0,2.1557,2.1579,2.1589,2.1563,-4.5694,-3.3778,0,52.533,-2.3271,0,14.381
12.97,1.9712,-2.265,1,-0.10638,-0.38509,0,0.91673,0.75743,2.2319,0,0.25371,-0.21675,-0.13173,-10.171,2.8096,0,0,0,0,2.1592,2.1615,2.1624,2.1598,-4.0426,-3.4005,0,52.809,-2.2219,0,14.405
12.98,1.9783,-2.2426,1,-0.10497,-0.38609,0,0.91647,0.65553,2.2598,0,0.25175,-0.19017,-0.12784,-10.208,2.7755,0,0,0,0,2.1623,2.1645,2.1654,2.1628,-3.5133,-3.4222,0,53.057,-2.1183,0,14.425
12.99,1.9843,-2.2198,1,-0.10358,-0.38697,0,0.91626,0.55328,2.2874,0,0.24984,-0.16374,-0.12402,-10.241,2.7411,0,0,0,0,2.1647,2.167,2.1679,2.1653,-2.9816,-3.4429,0,53.275,-2.0164,0,14.441
13,1.9893,-2.1968,1,-0.1022,-0.38772,0,0.91609,0.45073,2.3146,0,0.24797,-0.13742,-0.12028,-10.268,2.7066,0,0,0,0,2.1667,2.1689,2.1698,2.1672,-2.4479,-3.4625,0,53.463,-1.9164,0,14.454
13.01,1.9933,-2.1735,1,-0.10084,-0.38835,0,0.91598,0.34794,2.3415,0,0.24615,-0.11119,-0.1166,-10.29,2.6719,0,0,0,0,2.168,2.1703,2.1711,2.1686,-1.9124,-3.4812,0,53.622,-1.8183,0,14.463
13.02,1.9963,-2.15,1,-0.099494,-0.38886,0,0.91591,0.24496,2.3681,0,0.2444,-0.085032,-0.113,-10.306,2.637,0,0,0,0,2.1688,2.1711,2.1719,2.1694,-1.3755,-3.4989,0,53.75,-1.7223,0,14.469
13.03,1.9982,-2.1262,1,-0.098162,-0.38924,0,0.91589,0.14184,2.3943,0,0.2427,-0.058908,-0.10946,-10.317,2.6019,0,0,0,0,2.1691,2.1713,2.1721,2.1696,-0.83754,-3.5157,0,53.846,-1.6284,0,14.47
13.04,1.9991,-2.1021,1,-0.096845,-0.3895,0,0.91592,0.038631,2.4201,0,0.24107,-0.032797,-0.10598,-10.323,2.5667,0,0,0,0,2.1687,2.171,2.1718,2.1692,-0.29872,-3.5315,0,53.911,-1.5368,0,14.468
13.05,1.999,-2.0778,1,-0.095541,-0.38964,0,0.916,-0.064604,2.4456,0,0.23951,-0.0066734,-0.10258,-10.323,2.5313,0,0,0,0,2.1678,2.1701,2.1709,2.1683,0.24059,-3.5464,0,53.945,-1.4476,0,14.462
13.06,1.9978,-2.0532,1,-0.094251,-0.38966,0,0.91612,-0.16781,2.4707,0,0.23802,0.019489,-0.099234,-10.318,2.4957,0,0,0,0,2.1664,2.1686,2.1694,2.1669,0.78006,-3.5604,0,53.945,-1.3608,0,14.452
13.07,1.9956,-2.0284,1,-0.092974,-0.38956,0,0.9163,-0.27095,2.4955,0,0.23661,0.045716,-0.095954,-10.308,2.4601,0,0,0,0,2.1643,2.1666,2.1673,2.1648,1.3194,-3.5736,0,53.913,-1.2766,0,14.438
13.08,1.9924,-2.0033,1,-0.091709,-0.38933,0,0.91652,-0.37395,2.5199,0,0.23528,0.072034,-0.092737,-10.292,2.4243,0,0,0,0,2.1617,2.164,2.1647,2.1622,1.8582,-3.586,0,53.847,-1.1951,0,14.421
13.09,1.9881,-1.978,1,-0.090456,-0.38898,0,0.91679,-0.47676,2.544,0,0.23403,0.098468,-0.089581,-10.27,2.3884,0,0,0,0,2.1585,2.1608,2.1615,2.159,2.3962,-3.5975,0,53.748,-1.1163,0,14.4
13.1,1.9829,-1.9524,1,-0.089215,-0.38851,0,0.91712,-0.57934,2.5677,0,0.23287,0.12504,-0.086486,-10.244,2.3523,0,0,0,0,2.1548,2.1571,2.1578,2.1553,2.9331,-3.6083,0,53.615,-1.0403,0,14.375
13.11,1.9766,-1.9266,1,-0.087985,-0.38791,0,0.91749,-0.68162,2.5911,0,0.23181,0.15179,-0.083452,-10.212,2.3162,0,0,0,0,2.1505,2.1528,2.1535,2.1509,3.4684,-3.6183,0,53.449,-0.96696,0,14.346
13.12,1.9692,-1.9006,1,-0.086764,-0.38719,0,0.91791,-0.78356,2.614,0,0.23084,0.17873,-0.080477,-10.174,2.28,0,0,0,0,2.1456,2.148,2.1486,2.1461,4.0019,-3.6277,0,53.251,-0.89631,0,14.314
13.13,1.9609,-1.8743,1,-0.085554,-0.38634,0,0.91838,-0.88509,2.6367,0,0.22996,0.20589,-0.07756,-10.132,2.2436,0,0,0,0,2.1402,2.1426,2.1432,2.1407,4.5333,-3.6363,0,53.02,-0.82828,0,14.278
13.14,1.9515,-1.8479,1,-0.084353,-0.38536,0,0.9189,-0.98618,2.6589,0,0.22919,0.2333,-0.074701,-10.084,2.2072,0,0,0,0,2.1342,2.1367,2.1373,2.1347,5.0622,-3.6442,0,52.759,-0.76285,0,14.238
13.15,1.9412,-1.8212,1,-0.08316,-0.38426,0,0.91947,-1.0868,2.6808,0,0.22853,0.26099,-0.0719,-10.031,2.1708,0,0,0,0,2.1277,2.1302,2.1308,2.1282,5.5884,-3.6515,0,52.466,-0.69998,0,14.195
13.16,1.9298,-1.7942,1,-0.081975,-0.38302,0,0.92009,-1.1868,2.7023,0,0.22797,0.28898,-0.069154,-9.972,2.1342,0,0,0,0,2.1207,2.1232,2.1238,2.1211,6.1114,-3.6582,0,52.143,-0.63962,0,14.148
13.17,1.9174,-1.7671,1,-0.080797,-0.38166,0,0.92077,-1.2862,2.7235,0,0.22752,0.31731,-0.066464,-9.9083,2.0976,0,0,0,0,2.1131,2.1157,2.1162,2.1136,6.6311,-3.6643,0,51.791,-0.58174,0,14.098
13.18,1.9041,-1.7398,1,-0.079626,-0.38016,0,0.92149,-1.3849,2.7443,0,0.22719,0.346,-0.063829,-9.8394,2.0609,0,0,0,0,2.1051,2.1076,2.1082,2.1055,7.1472,-3.6699,0,51.409,-0.5263,0,14.044
13.19,1.8897,-1.7122,1,-0.078461,-0.37852,0,0.92226,-1.4829,2.7647,0,0.22698,0.37508,-0.061248,-9.7654,2.0242,0,0,0,0,2.0965,2.0991,2.0996,2.0969,7.6592,-3.6749,0,50.998,-0.47326,0,13.987
13.2,1.8744,-1.6845,1,-0.077301,-0.37674,0,0.92309,-1.5802,2.7848,0,0.22689,0.40458,-0.05872,-9.6862,1.9874,0,0,0,0,2.0874,2.09,2.0905,2.0878,8.167,-3.6794,0,50.559,-0.42258,0,13.926
13.21,1.8581,-1.6565,1,-0.076145,-0.37483,0,0.92396,-1.6767,2.8045,0,0.22692,0.43453,-0.056245,-9.602,1.9506,0,0,0,0,2.0778,2.0805,2.081,2.0783,8.6703,-3.6833,0,50.092,-0.37423,0,13.863
13.22,1.8409,-1.6284,1,-0.074993,-0.37277,0,0.92489,-1.7722,2.8238,0,0.22708,0.46496,-0.053823,-9.5128,1.9138,0,0,0,0,2.0678,2.0705,2.071,2.0682,9.1688,-3.6869,0,49.598,-0.32817,0,13.796
13.23,1.8227,-1.6001,1,-0.073844,-0.37057,0,0.92587,-1.8669,2.8427,0,0.22737,0.49589,-0.051452,-9.4187,1.8769,0,0,0,0,2.0573,2.0601,2.0605,2.0577,9.6622,-3.6899,0,49.078,-0.28436,0,13.726
13.24,1.8036,-1.5715,1,-0.072697,-0.36822,0,0.92689,-1.9606,2.8613,0,0.22779,0.52736,-0.049132,-9.3196,1.84,0,0,0,0,2.0463,2.0492,2.0496,2.0468,10.15,-3.6925,0,48.531,-0.24276,0,13.653
13.25,1.7835,-1.5428,1,-0.071551,-0.36571,0,0.92797,-2.0533,2.8795,0,0.22835,0.55939,-0.046863,-9.2157,1.803,0,0,0,0,2.0349,2.0379,2.0383,2.0354,10.633,-3.6948,0,47.958,-0.20333,0,13.578
13.26,1.7625,-1.514,1,-0.070406,-0.36306,0,0.9291,-2.1449,2.8974,0,0.22905,0.59202,-0.044644,-9.107,1.7661,0,0,0,0,2.0232,2.0262,2.0265,2.0236,11.109,-3.6966,0,47.361,-0.16604,0,13.499
13.27,1.7406,-1.4849,1,-0.069261,-0.36024,0,0.93028,-2.2354,2.9148,0,0.2299,0.62526,-0.042475,-8.9935,1.7291,0,0,0,0,2.011,2.0141,2.0144,2.0114,11.58,-3.6981,0,46.739,-0.13084,0,13.418
13.28,1.7178,-1.4557,1,-0.068114,-0.35727,0,0.93151,-2.3247,2.932,0,0.23089,0.65915,-0.040355,-8.8754,1.6921,0,0,0,0,1.9984,2.0015,2.0019,1.9988,12.044,-3.6992,0,46.092,-0.097702,0,13.334
13.29,1.6941,-1.4263,1,-0.066965,-0.35413,0,0.9328,-2.4129,2.9487,0,0.23202,0.69371,-0.038285,-8.7527,1.6551,0,0,0,0,1.9854,1.9887,1.989,1.9859,12.502,-3.7001,0,45.422,-0.066584,0,13.248
13.3,1.6695,-1.3967,1,-0.065814,-0.35082,0,0.93413,-2.4998,2.9651,0,0.23331,0.72897,-0.036265,-8.6254,1.6181,0,0,0,0,1.9722,1.9755,1.9757,1.9726,12.952,-3.7006,0,44.729,-0.037449,0,13.16
13.31,1.6441,-1.367,1,-0.064658,-0.34734,0,0.93551,-2.5854,2.9811,0,0.23476,0.76495,-0.034293,-8.4937,1.5811,0,0,0,0,1.9585,1.9619,1.9622,1.959,13.396,-3.7008,0,44.014,-0.010258,0,13.069
13.32,1.6178,-1.3371,1,-0.063498,-0.34369,0,0.93693,-2.6696,2.9967,0,0.23636,0.80167,-0.03237,-8.3575,1.5441,0,0,0,0,1.9446,1.9481,1.9483,1.9451,13.833,-3.7008,0,43.276,0.015027,0,12.977
13.33,1.5907,-1.307,1,-0.062332,-0.33985,0,0.93841,-2.7525,3.0119,0,0.23812,0.83915,-0.030496,-8.217,1.5071,0,0,0,0,1.9304,1.934,1.9342,1.9309,14.262,-3.7005,0,42.517,0.038444,0,12.883
13.34,1.5628,-1.2768,1,-0.06116,-0.33583,0,0.93993,-2.834,3.0268,0,0.24004,0.87741,-0.028671,-8.0723,1.4701,0,0,0,0,1.916,1.9196,1.9198,1.9165,14.683,-3.7,0,41.737,0.060031,0,12.786
13.35,1.5341,-1.2465,1,-0.05998,-0.33162,0,0.9415,-2.9139,3.0413,0,0.24212,0.91647,-0.026896,-7.9234,1.4331,0,0,0,0,1.9013,1.905,1.9051,1.9018,15.096,-3.6993,0,40.937,0.079827,0,12.689
13.36,1.5045,-1.216,1,-0.058791,-0.32722,0,0.94312,-2.9924,3.0555,0,0.24437,0.95632,-0.025169,-7.7704,1.3961,0,0,0,0,1.8864,1.8902,1.8903,1.8869,15.502,-3.6984,0,40.116,0.097869,0,12.59
13.37,1.4742,-1.1854,1,-0.057592,-0.32261,0,0.94478,-3.0693,3.0693,0,0.24678,0.997,-0.023492,-7.6134,1.3591,0,0,0,0,1.8713,1.8752,1.8753,1.8718,15.899,-3.6974,0,39.277,0.1142,0,12.489
13.38,1.4431,-1.1546,1,-0.056383,-0.31781,0,0.94648,-3.1447,3.0827,0,0.24936,1.0385,-0.021865,-7.4525,1.3222,0,0,0,0,1.856,1.86,1.8601,1.8565,16.287,-3.6962,0,38.418,0.12885,0,12.388
13.39,1.4113,-1.1237,1,-0.055162,-0.3128,0,0.94822,-3.2184,3.0957,0,0.2521,1.0808,-0.020288,-7.2877,1.2852,0,0,0,0,1.8406,1.8447,1.8447,1.8412,16.667,-3.6948,0,37.541,0.14186,0,12.285
13.4,1.3788,-1.0927,1,-0.053929,-0.30757,0,0.95,-3.2904,3.1084,0,0.25501,1.1239,-0.018762,-7.1191,1.2483,0,0,0,0,1.8251,1.8293,1.8293,1.8257,17.038,-3.6933,0,36.646,0.15327,0,12.182
13.41,1.3455,-1.0616,1,-0.052682,-0.30213,0,0.95181,-3.3607,3.1207,0,0.25809,1.1678,-0.017286,-6.947,1.2113,0,0,0,0,1.8096,1.8138,1.8138,1.8101,17.4,-3.6917,0,35.734,0.16311,0,12.079
13.42,1.3116,-1.0303,1,-0.05142,-0.29646,0,0.95366,-3.4293,3.1326,0,0.26132,1.2125,-0.015862,-6.7712,1.1744,0,0,0,0,1.7939,1.7983,1.7982,1.7945,17.752,-3.6901,0,34.805,0.17144,0,11.975
13.43,1.2769,-0.99891,1,-0.050142,-0.29057,0,0.95554,-3.4962,3.1442,0,0.26472,1.2579,-0.01449,-6.5919,1.1375,0,0,0,0,1.7783,1.7827,1.7826,1.7788,18.096,-3.6883,0,33.86,0.17827,0,11.871
13.44,1.2416,-0.96741,1,-0.048848,-0.28445,0,0.95745,-3.5612,3.1553,0,0.26828,1.3041,-0.013171,-6.4093,1.1007,0,0,0,0,1.7627,1.7672,1.7671,1.7632,18.43,-3.6865,0,32.899,0.18366,0,11.767
13.45,1.2057,-0.9358,1,-0.047536,-0.27809,0,0.95938,-3.6243,3.1662,0,0.27198,1.3509,-0.011904,-6.2234,1.0638,0,0,0,0,1.7471,1.7517,1.7515,1.7476,18.754,-3.6847,0,31.922,0.18764,0,11.663
13.46,1.1692,-0.90409,1,-0.046205,-0.27149,0,0.96133,-3.6856,3.1766,0,0.27583,1.3983,-0.010691,-6.0343,1.027,0,0,0,0,1.7316,1.7363,1.7361,1.7322,19.068,-3.6828,0,30.931,0.19024,0,11.56
13.47,1.132,-0.87227,1,-0.044855,-0.26465,0,0.9633,-3.745,3.1867,0,0.27982,1.4463,-0.0095323,-5.8421,0.99014,0,0,0,0,1.7162,1.7209,1.7207,1.7168,19.372,-3.6809,0,29.926,0.19152,0,11.458
13.48,1.0943,-0.84036,1,-0.043484,-0.25756,0,0.96528,-3.8025,3.1964,0,0.28394,1.4947,-0.0084281,-5.6469,0.95335,0,0,0,0,1.701,1.7058,1.7055,1.7015,19.666,-3.6789,0,28.907,0.19149,0,11.356
13.49,1.056,-0.80835,1,-0.042092,-0.25023,0,0.96727,-3.8579,3.2058,0,0.28818,1.5436,-0.0073792,-5.4488,0.91657,0,0,0,0,1.6859,1.6907,1.6905,1.6865,19.95,-3.677,0,27.875,0.19021,0,11.256
13.5,1.0171,-0.77624,1,-0.040678,-0.24264,0,0.96926,-3.9114,3.2148,0,0.29252,1.5927,-0.0063858,-5.2479,0.8798,0,0,0,0,1.6711,1.6759,1.6757,1.6717,20.224,-3.6751,0,26.83,0.18771,0,11.157
13.51,0.97775,-0.74405,1,-0.039241,-0.23479,0,0.97125,-3.9629,3.2234,0,0.29697,1.642,-0.0054486,-5.0443,0.84306,0,0,0,0,1.6565,1.6614,1.6611,1.6571,20.487,-3.6733,0,25.773,0.18403,0,11.06
13.52,0.93787,-0.71178,1,-0.037781,-0.22669,0,0.97323,-4.0123,3.2316,0,0.30149,1.6913,-0.0045676,-4.8382,0.80634,0,0,0,0,1.6422,1.6471,1.6468,1.6428,20.739,-3.6715,0,24.705,0.1792,0,10.965
13.53,0.89751,-0.67942,1,-0.036296,-0.21833,0,0.9752,-4.0596,3.2395,0,0.30607,1.7405,-0.0037431,-4.6296,0.76963,0,0,0,0,1.6283,1.6331,1.6328,1.6288,20.981,-3.6697,0,23.625,0.17328,0,10.872
13.54,0.85669,-0.64699,1,-0.034787,-0.20972,0,0.97714,-4.1049,3.247,0,0.3107,1.7895,-0.0029752,-4.4186,0.73294,0,0,0,0,1.6147,1.6195,1.6192,1.6152,21.212,-3.668,0,22.535,0.1663,0,10.781
13.55,0.81542,-0.61448,1,-0.033254,-0.20085,0,0.97906,-4.148,3.2542,0,0.31535,1.838,-0.0022637,-4.2054,0.69627,0,0,0,0,1.6015,1.6063,1.6059,1.602,21.432,-3.6664,0,21.435,0.15833,0,10.693
13.56,0.77373,-0.58191,1,-0.031695,-0.19172,0,0.98094,-4.189,3.2609,0,0.32,1.8859,-0.0016084,-3.99,0.65962,0,0,0,0,1.5888,1.5935,1.5931,1.5893,21.64,-3.6648,0,20.325,0.14941,0,10.608
13.57,0.73165,-0.54926,1,-0.030112,-0.18235,0,0.98277,-4.2278,3.2673,0,0.32463,1.9329,-0.0010088,-3.7726,0.62298,0,0,0,0,1.5765,1.5812,1.5807,1.577,21.838,-3.6634,0,19.207,0.1396,0,10.526
13.58,0.68918,-0.51656,1,-0.028503,-0.17273,0,0.98456,-4.2644,3.2734,0,0.32921,1.979,-0.00046413,-3.5533,0.58635,0,0,0,0,1.5648,1.5693,1.5689,1.5652,22.025,-3.662,0,18.079,0.12895,0,10.447
13.59,0.64637,-0.4838,1,-0.02687,-0.16287,0,0.98628,-4.2989,3.2791,0,0.33371,2.0237,2.6541e-05,-3.3321,0.54973,0,0,0,0,1.5536,1.558,1.5575,1.554,22.2,-3.6608,0,16.944,0.1175,0,10.372
13.6,0.60322,-0.45098,1,-0.025212,-0.15277,0,0.98794,-4.3311,3.2844,0,0.33812,2.067,0.00046446,-3.1093,0.51313,0,0,0,0,1.5429,1.5472,1.5468,1.5434,22.363,-3.6597,0,15.802,0.10532,0,10.301
13.61,0.55975,-0.41811,1,-0.02353,-0.14245,0,0.98952,-4.361,3.2893,0,0.34239,2.1086,0.00085116,-2.8849,0.47654,0,0,0,0,1.533,1.537,1.5366,1.5334,22.516,-3.6587,0,14.652,0.092455,0,10.233
13.62,0.516,-0.38519,1,-0.021826,-0.13191,0,0.99102,-4.3888,3.2939,0,0.34649,2.1481,0.0011885,-2.659,0.43996,0,0,0,0,1.5236,1.5275,1.5271,1.524,22.656,-3.6579,0,13.496,0.078953,0,10.17
13.63,0.47199,-0.35223,1,-0.020099,-0.12117,0,0.99243,-4.4142,3.2981,0,0.35041,2.1855,0.0014786,-2.4318,0.40338,0,0,0,0,1.5149,1.5186,1.5182,1.5153,22.786,-3.6571,0,12.334,0.064869,0,10.112
13.64,0.42773,-0.31923,1,-0.01835,-0.11023,0,0.99374,-4.4374,3.302,0,0.3541,2.2203,0.0017239,-2.2034,0.36681,0,0,0,0,1.507,1.5104,1.51,1.5073,22.903,-3.6566,0,11.167,0.050254,0,10.058
13.65,0.38324,-0.2862,1,-0.016582,-0.099106,0,0.99494,-4.4583,3.3055,0,0.35754,2.2525,0.0019273,-1.9738,0.33025,0,0,0,0,1.4998,1.5029,1.5025,1.5001,23.009,-3.6561,0,9.9946,0.03516,0,10.009
13.66,0.33857,-0.25312,1,-0.014795,-0.08782,0,0.99603,-4.4769,3.3086,0,0.3607,2.2818,0.0020918,-1.7432,0.29369,0,0,0,0,1.4933,1.4961,1.4958,1.4936,23.103,-3.6559,0,8.8181,0.01964,0,9.9647
13.67,0.29372,-0.22002,1,-0.012992,-0.076384,0,0.99699,-4.4931,3.3113,0,0.36355,2.3079,0.0022211,-1.5118,0.25713,0,0,0,0,1.4877,1.4901,1.4898,1.4879,23.185,-3.6557,0,7.6378,0.0037444,0,9.9258
13.68,0.24871,-0.1869,1,-0.011173,-0.064816,0,0.99783,-4.5071,3.3137,0,0.36607,2.3306,0.0023187,-1.2796,0.22058,0,0,0,0,1.4828,1.4849,1.4846,1.483,23.256,-3.6558,0,6.4541,-0.012474,0,9.8922
13.69,0.20358,-0.15375,1,-0.0093413,-0.053134,0,0.99854,-4.5187,3.3158,0,0.36823,2.3499,0.0023887,-1.0467,0.18402,0,0,0,0,1.4788,1.4805,1.4802,1.4789,23.314,-3.656,0,5.2676,-0.028964,0,9.864
13.7,0.15835,-0.12058,1,-0.0074983,-0.041358,0,0.99912,-4.528,3.3174,0,0.37002,2.3654,0.0024354,-0.81332,0.14746,0,0,0,0,1.4755,1.4769,1.4767,1.4756,23.361,-3.6564,0,4.0789,-0.045673,0,9.8414
13.71,0.11303,-0.087404,1,-0.0056462,-0.029508,0,0.99955,-4.535,3.3187,0,0.37141,2.3771,0.0024633,-0.57953,0.11089,0,0,0,0,1.4732,1.4742,1.474,1.4732,23.396,-3.6569,0,2.8884,-0.062549,0,9.8243
13.72,0.067653,-0.054212,1,-0.0037873,-0.017604,0,0.99984,-4.5396,3.3196,0,0.3724,2.385,0.0024771,-0.34545,0.074317,0,0,0,0,1.4717,1.4723,1.4721,1.4717,23.419,-3.6576,0,1.6966,-0.079541,0,9.813
13.73,0.022243,-0.021012,1,-0.001924,-0.005669,0,0.99998,-4.5419,3.3202,0,0.37298,2.3889,0.0024816,-0.11119,0.037737,0,0,0,0,1.471,1.4712,1.4711,1.471,23.43,-3.6585,0,0.50411,-0.096596,0,9.8073
13.74,-0.023177,0.012191,1,-5.8468e-05,0.0062765,0,0.99998,-4.5418,3.3204,0,0.37314,2.3887,0.0024818,0.12311,0.0011468,0,0,0,0,1.4712,1.4711,1.471,1.4712,23.429,-3.6595,0,-0.6886,-0.11366,0,9.8074
13.75,-0.068586,0.045394,1,0.0018068,0.01821,0,0.99983,-4.5394,3.3202,0,0.37289,2.3846,0.0024824,0.35734,-0.035455,0,0,0,0,1.4723,1.4717,1.4717,1.4722,23.416,-3.6608,0,-1.881,-0.13069,0,9.8132
13.76,-0.11396,0.078594,1,0.0036694,0.030111,0,0.99954,-4.5347,3.3197,0,0.37221,2.3765,0.0024886,0.59139,-0.072069,0,0,0,0,1.4742,1.4733,1.4732,1.4741,23.391,-3.6622,0,-3.0726,-0.14763,0,9.8247
13.77,-0.15927,0.11179,1,0.0055272,0.041957,0,0.9991,-4.5276,3.3188,0,0.37114,2.3645,0.0025052,0.82513,-0.1087,0,0,0,0,1.477,1.4756,1.4757,1.4768,23.355,-3.6637,0,-4.2628,-0.16442,0,9.8419
13.78,-0.2045,0.14497,1,0.0073778,0.053727,0,0.99853,-4.5182,3.3175,0,0.36966,2.3487,0.0025369,1.0584,-0.14534,0,0,0,0,1.4806,1.4789,1.4789,1.4804,23.306,-3.6654,0,-5.4512,-0.18101,0,9.8646
13.79,-0.24963,0.17814,1,0.009219,0.065402,0,0.99782,-4.5064,3.3159,0,0.36781,2.3292,0.0025884,1.2912,-0.18201,0,0,0,0,1.485,1.4829,1.483,1.4848,23.246,-3.6673,0,-6.6372,-0.19736,0,9.8929
13.8,-0.29462,0.21128,1,0.011049,0.076962,0,0.99697,-4.4924,3.3139,0,0.36559,2.3062,0.0026641,1.5233,-0.21869,0,0,0,0,1.4903,1.4878,1.488,1.49,23.173,-3.6694,0,-7.8203,-0.21341,0,9.9266
13.81,-0.33947,0.24441,1,0.012865,0.088388,0,0.996,-4.476,3.3115,0,0.36304,2.2798,0.0027682,1.7546,-0.2554,0,0,0,0,1.4963,1.4935,1.4937,1.4959,23.089,-3.6716,0,-9,-0.22911,0,9.9656
13.82,-0.38414,0.27751,1,0.014667,0.099663,0,0.99491,-4.4573,3.3088,0,0.36017,2.2504,0.0029047,1.9851,-0.29212,0,0,0,0,1.503,1.4999,1.5002,1.5027,22.993,-3.674,0,-10.176,-0.2444,0,10.01
13.83,-0.42861,0.31059,1,0.016451,0.11077,0,0.99371,-4.4363,3.3057,0,0.35701,2.218,0.0030772,2.2145,-0.32888,0,0,0,0,1.5105,1.5072,1.5075,1.5102,22.886,-3.6765,0,-11.347,-0.25924,0,10.059
13.84,-0.47285,0.34362,1,0.018217,0.1217,0,0.9924,-4.413,3.3022,0,0.35359,2.1829,0.0032892,2.4427,-0.36565,0,0,0,0,1.5188,1.5151,1.5155,1.5184,22.766,-3.6792,0,-12.514,-0.27357,0,10.113
13.85,-0.51686,0.37663,1,0.019964,0.13243,0,0.99099,-4.3874,3.2983,0,0.34993,2.1454,0.0035436,2.6698,-0.40246,0,0,0,0,1.5277,1.5238,1.5242,1.5273,22.635,-3.682,0,-13.674,-0.28735,0,10.171
13.86,-0.5606,0.40959,1,0.021689,0.14295,0,0.98949,-4.3596,3.2941,0,0.34608,2.1057,0.0038432,2.8954,-0.43929,0,0,0,0,1.5372,1.5332,1.5335,1.5368,22.493,-3.6849,0,-14.829,-0.30051,0,10.235
13.87,-0.60404,0.44251,1,0.023393,0.15326,0,0.98791,-4.3295,3.2896,0,0.34205,2.064,0.0041904,3.1196,-0.47616,0,0,0,0,1.5474,1.5432,1.5436,1.547,22.339,-3.688,0,-15.978,-0.31301,0,10.302
13.88,-0.64718,0.47538,1,0.025075,0.16334,0,0.98625,-4.2972,3.2846,0,0.33788,2.0206,0.0045873,3.3421,-0.51305,0,0,0,0,1.5582,1.5538,1.5542,1.5578,22.173,-3.6912,0,-17.119,-0.3248,0,10.373
13.89,-0.68998,0.5082,1,0.026733,0.17319,0,0.98453,-4.2627,3.2793,0,0.3336,1.9757,0.0050357,3.563,-0.54998,0,0,0,0,1.5695,1.565,1.5654,1.5691,21.997,-3.6945,0,-18.253,-0.33582,0,10.448
13.9,-0.73243,0.54096,1,0.028368,0.18279,0,0.98274,-4.226,3.2736,0,0.32923,1.9296,0.0055371,3.782,-0.58694,0,0,0,0,1.5813,1.5767,1.5772,1.581,21.808,-3.6979,0,-19.378,-0.34602,0,10.527
13.91,-0.77449,0.57367,1,0.029978,0.19215,0,0.98091,-4.1871,3.2676,0,0.3248,1.8824,0.0060927,3.9991,-0.62394,0,0,0,0,1.5937,1.589,1.5895,1.5933,21.609,-3.7014,0,-20.496,-0.35535,0,10.609
13.92,-0.81616,0.60631,1,0.031565,0.20125,0,0.97903,-4.146,3.2611,0,0.32034,1.8345,0.0067035,4.2142,-0.66097,0,0,0,0,1.6065,1.6017,1.6022,1.6061,21.398,-3.705,0,-21.604,-0.36376,0,10.694
13.93,-0.85741,0.63889,1,0.033128,0.2101,0,0.97712,-4.1028,3.2543,0,0.31587,1.7859,0.0073701,4.4271,-0.69804,0,0,0,0,1.6197,1.6149,1.6154,1.6193,21.177,-3.7087,0,-22.702,-0.37119,0,10.782
13.94,-0.89821,0.6714,1,0.034667,0.2187,0,0.97518,-4.0575,3.2472,0,0.31141,1.7369,0.0080932,4.6377,-0.73514,0,0,0,0,1.6333,1.6284,1.629,1.633,20.944,-3.7124,0,-23.79,-0.3776,0,10.873
13.95,-0.93855,0.70383,1,0.036183,0.22704,0,0.97321,-4.01,3.2396,0,0.30699,1.6876,0.0088731,4.8459,-0.77229,0,0,0,0,1.6473,1.6424,1.6429,1.6469,20.701,-3.7162,0,-24.868,-0.38293,0,10.966
13.96,-0.9784,0.73619,1,0.037675,0.23512,0,0.97124,-3.9606,3.2317,0,0.30262,1.6382,0.0097098,5.0517,-0.80947,0,0,0,0,1.6615,1.6566,1.6572,1.6612,20.447,-3.7201,0,-25.934,-0.38713,0,11.061
13.97,-1.0178,0.76847,1,0.039145,0.24295,0,0.96925,-3.909,3.2234,0,0.29832,1.5889,0.010603,5.2548,-0.84669,0,0,0,0,1.676,1.6712,1.6717,1.6758,20.183,-3.7239,0,-26.989,-0.39016,0,11.158
13.98,-1.0566,0.80066,1,0.040593,0.25052,0,0.96726,-3.8555,3.2148,0,0.29411,1.5398,0.011554,5.4553,-0.88395,0,0,0,0,1.6908,1.686,1.6866,1.6906,19.907,-3.7279,0,-28.032,-0.39198,0,11.257
13.99,-1.0949,0.83276,1,0.042019,0.25784,0,0.96527,-3.7999,3.2058,0,0.29,1.4909,0.012561,5.6529,-0.92125,0,0,0,0,1.7058,1.701,1.7016,1.7056,19.622,-3.7318,0,-29.061,-0.39253,0,11.357
14,-1.1326,0.86477,1,0.043424,0.2649,0,0.9633,-3.7424,3.1964,0,0.286,1.4425,0.013624,5.8477,-0.95858,0,0,0,0,1.721,1.7162,1.7168,1.7208,19.326,-3.7357,0,-30.078,-0.3918,0,11.458
14.01,-1.1697,0.89669,1,0.04481,0.27173,0,0.96133,-3.683,3.1866,0,0.28213,1.3945,0.014743,6.0394,-0.99596,0,0,0,0,1.7363,1.7316,1.7321,1.7361,19.02,-3.7396,0,-31.081,-0.38972,0,11.56
14.02,-1.2062,0.9285,1,0.046177,0.2783,0,0.95938,-3.6216,3.1764,0,0.27838,1.3471,0.015918,6.2281,-1.0334,0,0,0,0,1.7517,1.7471,1.7476,1.7515,18.705,-3.7435,0,-32.069,-0.38627,0,11.663
14.03,-1.2421,0.96022,1,0.047526,0.28464,0,0.95745,-3.5584,3.1659,0,0.27478,1.3003,0.017147,6.4135,-1.0708,0,0,0,0,1.7671,1.7626,1.7631,1.767,18.379,-3.7473,0,-33.043,-0.38139,0,11.766
14.04,-1.2774,0.99182,1,0.048857,0.29075,0,0.95555,-3.4934,3.155,0,0.27132,1.2541,0.018431,6.5956,-1.1083,0,0,0,0,1.7826,1.7782,1.7787,1.7825,18.044,-3.7511,0,-34.001,-0.37506,0,11.87
14.05,-1.312,1.0233,1,0.050172,0.29662,0,0.95368,-3.4265,3.1438,0,0.26801,1.2087,0.01977,6.7743,-1.1459,0,0,0,0,1.7981,1.7938,1.7943,1.7981,17.699,-3.7548,0,-34.943,-0.36723,0,11.974
14.06,-1.3459,1.0547,1,0.051472,0.30227,0,0.95183,-3.3579,3.1321,0,0.26486,1.164,0.021162,6.9496,-1.1834,0,0,0,0,1.8136,1.8094,1.8099,1.8136,17.345,-3.7584,0,-35.869,-0.35785,0,12.078
14.07,-1.3791,1.086,1,0.052757,0.30769,0,0.95002,-3.2875,3.1201,0,0.26186,1.1201,0.022607,7.1212,-1.221,0,0,0,0,1.8291,1.8249,1.8254,1.8291,16.982,-3.762,0,-36.778,-0.34689,0,12.181
14.08,-1.4117,1.1171,1,0.05403,0.3129,0,0.94825,-3.2155,3.1077,0,0.25903,1.077,0.024105,7.2892,-1.2587,0,0,0,0,1.8445,1.8404,1.8409,1.8445,16.61,-3.7654,0,-37.67,-0.33431,0,12.284
14.09,-1.4434,1.1481,1,0.055289,0.31789,0,0.94651,-3.1418,3.0949,0,0.25636,1.0348,0.025656,7.4534,-1.2963,0,0,0,0,1.8597,1.8557,1.8562,1.8597,16.228,-3.7687,0,-38.544,-0.32007,0,12.386
14.1,-1.4745,1.179,1,0.056538,0.32268,0,0.94482,-3.0664,3.0818,0,0.25385,0.99328,0.027258,7.6137,-1.334,0,0,0,0,1.8748,1.8709,1.8714,1.8749,15.839,-3.7718,0,-39.399,-0.30412,0,12.487
14.11,-1.5048,1.2097,1,0.057776,0.32726,0,0.94317,-2.9895,3.0682,0,0.25151,0.95262,0.028913,7.7701,-1.3718,0,0,0,0,1.8898,1.8859,1.8864,1.8899,15.441,-3.7747,0,-40.235,-0.28643,0,12.587
14.12,-1.5343,1.2404,1,0.059005,0.33165,0,0.94156,-2.911,3.0543,0,0.24932,0.91278,0.030619,7.9225,-1.4095,0,0,0,0,1.9045,1.9008,1.9013,1.9047,15.034,-3.7775,0,-41.052,-0.26695,0,12.686
14.13,-1.563,1.2708,1,0.060225,0.33584,0,0.93999,-2.8311,3.04,0,0.2473,0.87373,0.032376,8.0708,-1.4473,0,0,0,0,1.9191,1.9154,1.9159,1.9192,14.62,-3.7801,0,-41.848,-0.24564,0,12.783
14.14,-1.5909,1.3012,1,0.061439,0.33984,0,0.93847,-2.7496,3.0254,0,0.24544,0.83548,0.034185,8.2149,-1.4851,0,0,0,0,1.9334,1.9298,1.9303,1.9336,14.197,-3.7824,0,-42.624,-0.22247,0,12.879
14.15,-1.618,1.3313,1,0.062645,0.34366,0,0.937,-2.6668,3.0103,0,0.24375,0.79801,0.036045,8.3547,-1.523,0,0,0,0,1.9475,1.944,1.9445,1.9477,13.767,-3.7845,0,-43.379,-0.19739,0,12.973
14.16,-1.6442,1.3614,1,0.063847,0.3473,0,0.93558,-2.5826,2.9949,0,0.2422,0.7613,0.037956,8.4902,-1.5608,0,0,0,0,1.9612,1.9578,1.9583,1.9615,13.33,-3.7863,0,-44.113,-0.17036,0,13.065
14.17,-1.6696,1.3912,1,0.065044,0.35076,0,0.9342,-2.497,2.9791,0,0.24082,0.72532,0.039918,8.6213,-1.5987,0,0,0,0,1.9747,1.9714,1.9719,1.975,12.885,-3.7879,0,-44.824,-0.14133,0,13.155
14.18,-1.6942,1.4209,1,0.066237,0.35405,0,0.93288,-2.4102,2.9629,0,0.23958,0.69007,0.041931,8.7478,-1.6366,0,0,0,0,1.9879,1.9846,1.9851,1.9881,12.433,-3.7892,0,-45.512,-0.11028,0,13.243
14.19,-1.7178,1.4505,1,0.067427,0.35717,0,0.9316,-2.3221,2.9464,0,0.2385,0.65551,0.043996,8.8699,-1.6745,0,0,0,0,2.0007,1.9975,1.998,2.001,11.975,-3.7901,0,-46.178,-0.077157,0,13.328
14.2,-1.7406,1.4799,1,0.068616,0.36013,0,0.93038,-2.2328,2.9295,0,0.23757,0.62162,0.046112,8.9873,-1.7124,0,0,0,0,2.0131,2.01,2.0105,2.0134,11.51,-3.7907,0,-46.819,-0.04192,0,13.412
14.21,-1.7625,1.5091,1,0.069804,0.36293,0,0.9292,-2.1423,2.9121,0,0.23678,0.58837,0.04828,9.1001,-1.7503,0,0,0,0,2.0252,2.0221,2.0226,2.0255,11.038,-3.7909,0,-47.437,-0.0045307,0,13.492
14.22,-1.7834,1.5381,1,0.070992,0.36556,0,0.92808,-2.0508,2.8945,0,0.23613,0.55574,0.050501,9.2081,-1.7882,0,0,0,0,2.0368,2.0339,2.0343,2.0372,10.561,-3.7908,0,-48.029,0.035053,0,13.57
14.23,-1.8035,1.567,1,0.07218,0.36805,0,0.927,-1.9582,2.8764,0,0.23563,0.5237,0.052773,9.3113,-1.8261,0,0,0,0,2.0481,2.0452,2.0456,2.0485,10.078,-3.7902,0,-48.597,0.076872,0,13.646
14.24,-1.8226,1.5956,1,0.07337,0.37038,0,0.92598,-1.8646,2.8579,0,0.23526,0.49223,0.055099,9.4096,-1.864,0,0,0,0,2.0589,2.0561,2.0565,2.0593,9.5893,-3.7892,0,-49.139,0.12097,0,13.718
14.25,-1.8408,1.6241,1,0.074563,0.37257,0,0.92501,-1.77,2.8391,0,0.23502,0.46128,0.057477,9.503,-1.9019,0,0,0,0,2.0693,2.0665,2.067,2.0697,9.0953,-3.7878,0,-49.654,0.16738,0,13.787
14.26,-1.858,1.6524,1,0.075759,0.37461,0,0.92408,-1.6745,2.8199,0,0.23492,0.43084,0.05991,9.5915,-1.9397,0,0,0,0,2.0792,2.0765,2.0769,2.0797,8.5963,-3.7859,0,-50.142,0.21614,0,13.854
14.27,-1.8743,1.6805,1,0.076959,0.3765,0,0.92321,-1.5782,2.8003,0,0.23494,0.40087,0.062397,9.675,-1.9776,0,0,0,0,2.0887,2.086,2.0864,2.0892,8.0925,-3.7835,0,-50.603,0.26731,0,13.917
14.28,-1.8896,1.7084,1,0.078163,0.37826,0,0.92239,-1.4811,2.7803,0,0.23509,0.37135,0.064938,9.7533,-2.0154,0,0,0,0,2.0976,2.095,2.0955,2.0982,7.5843,-3.7805,0,-51.037,0.32091,0,13.977
14.29,-1.9039,1.7361,1,0.079373,0.37988,0,0.92162,-1.3831,2.76,0,0.23536,0.34225,0.067536,9.8266,-2.0532,0,0,0,0,2.1061,2.1035,2.104,2.1067,7.0719,-3.777,0,-51.442,0.377,0,14.034
14.3,-1.9172,1.7636,1,0.080589,0.38136,0,0.92091,-1.2845,2.7393,0,0.23575,0.31354,0.070189,9.8948,-2.091,0,0,0,0,2.1141,2.1116,2.112,2.1146,6.5556,-3.773,0,-51.817,0.4356,0,14.087
14.31,-1.9296,1.7909,1,0.081812,0.38271,0,0.92024,-1.1853,2.7182,0,0.23625,0.28518,0.0729,9.9577,-2.1287,0,0,0,0,2.1215,2.1191,2.1195,2.1221,6.0357,-3.7683,0,-52.164,0.49677,0,14.137
14.32,-1.9409,1.818,1,0.083042,0.38393,0,0.91962,-1.0854,2.6967,0,0.23687,0.25716,0.075668,10.015,-2.1663,0,0,0,0,2.1285,2.126,2.1265,2.1291,5.5124,-3.763,0,-52.48,0.56053,0,14.184
14.33,-1.9513,1.8448,1,0.084281,0.38501,0,0.91905,-0.98498,2.6749,0,0.2376,0.22944,0.078494,10.068,-2.2039,0,0,0,0,2.1349,2.1325,2.1329,2.1355,4.9861,-3.7571,0,-52.766,0.62694,0,14.226
14.34,-1.9606,1.8715,1,0.085528,0.38597,0,0.91854,-0.88406,2.6526,0,0.23843,0.20199,0.081379,10.115,-2.2415,0,0,0,0,2.1408,2.1384,2.1388,2.1414,4.4572,-3.7505,0,-53.021,0.69604,0,14.266
14.35,-1.9689,1.8979,1,0.086785,0.3868,0,0.91807,-0.78269,2.63,0,0.23936,0.17479,0.084324,10.157,-2.2789,0,0,0,0,2.1461,2.1438,2.1442,2.1468,3.9258,-3.7432,0,-53.245,0.76786,0,14.301
14.36,-1.9763,1.9241,1,0.088052,0.3875,0,0.91765,-0.68094,2.607,0,0.2404,0.14782,0.08733,10.194,-2.3163,0,0,0,0,2.1509,2.1486,2.149,2.1516,3.3924,-3.7351,0,-53.436,0.84244,0,14.333
14.37,-1.9826,1.95,1,0.08933,0.38808,0,0.91729,-0.57884,2.5837,0,0.24153,0.12103,0.090397,10.225,-2.3536,0,0,0,0,2.1551,2.1528,2.1533,2.1558,2.8572,-3.7263,0,-53.595,0.91983,0,14.362
14.38,-1.9878,1.9758,1,0.090619,0.38853,0,0.91697,-0.47645,2.56,0,0.24275,0.094414,0.093526,10.251,-2.3908,0,0,0,0,2.1588,2.1565,2.157,2.1595,2.3206,-3.7167,0,-53.721,1.0001,0,14.386
14.39,-1.9921,2.0012,1,0.091919,0.38886,0,0.9167,-0.37384,2.5359,0,0.24406,0.067935,0.096718,10.271,-2.428,0,0,0,0,2.1619,2.1596,2.1601,2.1626,1.7829,-3.7063,0,-53.813,1.0832,0,14.407
14.4,-1.9953,2.0265,1,0.093232,0.38907,0,0.91648,-0.27105,2.5114,0,0.24546,0.041572,0.099973,10.286,-2.465,0,0,0,0,2.1644,2.1622,2.1627,2.1652,1.2445,-3.695,0,-53.871,1.1692,0,14.424
14.41,-1.9975,2.0515,1,0.094558,0.38915,0,0.91631,-0.16813,2.4866,0,0.24694,0.015297,0.10329,10.296,-2.5019,0,0,0,0,2.1664,2.1642,2.1647,2.1672,0.70559,-3.6829,0,-53.896,1.2581,0,14.437
14.42,-1.9987,2.0762,1,0.095897,0.38911,0,0.91619,-0.065139,2.4614,0,0.24849,-0.010915,0.10668,10.301,-2.5386,0,0,0,0,2.1678,2.1656,2.1661,2.1686,0.16665,-3.6699,0,-53.887,1.3496,0,14.447
14.43,-1.9988,2.1007,1,0.09725,0.38895,0,0.91611,0.037866,2.4358,0,0.25012,-0.03709,0.11013,10.3,-2.5753,0,0,0,0,2.1687,2.1665,2.167,2.1695,-0.37204,-3.6559,0,-53.845,1.4438,0,14.453
14.44,-1.9979,2.1249,1,0.098617,0.38866,0,0.91609,0.14083,2.4099,0,0.25182,-0.063252,0.11365,10.293,-2.6117,0,0,0,0,2.169,2.1668,2.1673,2.1698,-0.91015,-3.641,0,-53.772,1.5405,0,14.455
14.45,-1.996,2.1489,1,0.099999,0.38825,0,0.91611,0.24371,2.3836,0,0.25358,-0.089428,0.11723,10.281,-2.6481,0,0,0,0,2.1687,2.1665,2.167,2.1696,-1.4474,-3.6251,0,-53.666,1.6395,0,14.453
14.46,-1.993,2.1726,1,0.1014,0.38772,0,0.91618,0.34644,2.3569,0,0.2554,-0.11564,0.12088,10.264,-2.6842,0,0,0,0,2.1679,2.1657,2.1662,2.1687,-1.9834,-3.6082,0,-53.53,1.7409,0,14.447
14.47,-1.9891,2.196,1,0.10281,0.38707,0,0.9163,0.44898,2.3299,0,0.25729,-0.14192,0.12461,10.242,-2.7202,0,0,0,0,2.1665,2.1643,2.1648,2.1674,-2.5179,-3.5903,0,-53.362,1.8444,0,14.438
14.48,-1.9841,2.2192,1,0.10424,0.3863,0,0.91647,0.55126,2.3025,0,0.25922,-0.16829,0.1284,10.214,-2.756,0,0,0,0,2.1645,2.1623,2.1629,2.1654,-3.0505,-3.5713,0,-53.164,1.95,0,14.425
14.49,-1.978,2.2421,1,0.10568,0.3854,0,0.91668,0.65324,2.2748,0,0.26121,-0.19478,0.13227,10.181,-2.7916,0,0,0,0,2.162,2.1598,2.1604,2.163,-3.581,-3.5513,0,-52.936,2.0576,0,14.409
14.5,-1.971,2.2647,1,0.10714,0.38437,0,0.91694,0.75486,2.2467,0,0.26323,-0.22141,0.13622,10.142,-2.8271,0,0,0,0,2.159,2.1568,2.1573,2.16,-4.1091,-3.5301,0,-52.679,2.1671,0,14.388
14.51,-1.963,2.287,1,0.10862,0.38322,0,0.91725,0.85606,2.2182,0,0.2653,-0.2482,0.14023,10.099,-2.8622,0,0,0,0,2.1554,2.1532,2.1538,2.1564,-4.6345,-3.5079,0,-52.393,2.2783,0,14.365
14.52,-1.9539,2.309,1,0.11011,0.38194,0,0.9176,0.95681,2.1894,0,0.2674,-0.27519,0.14432,10.05,-2.8972,0,0,0,0,2.1513,2.149,2.1497,2.1523,-5.1569,-3.4846,0,-52.078,2.3911,0,14.337
14.53,-1.9438,2.3308,1,0.11162,0.38053,0,0.91801,1.057,2.1603,0,0.26953,-0.30239,0.1485,9.9954,-2.9319,0,0,0,0,2.1467,2.1444,2.145,2.1477,-5.676,-3.4601,0,-51.736,2.5055,0,14.306
14.54,-1.9327,2.3522,1,0.11315,0.379,0,0.91845,1.1567,2.1308,0,0.27169,-0.32983,0.15274,9.9361,-2.9664,0,0,0,0,2.1416,2.1392,2.1399,2.1426,-6.1915,-3.4345,0,-51.366,2.6213,0,14.272
14.55,-1.9207,2.3734,1,0.1147,0.37733,0,0.91895,1.2557,2.101,0,0.27386,-0.35754,0.15707,9.8716,-3.0006,0,0,0,0,2.1359,2.1336,2.1342,2.1369,-6.7032,-3.4077,0,-50.969,2.7385,0,14.235
14.56,-1.9076,2.3943,1,0.11626,0.37553,0,0.91949,1.3541,2.0708,0,0.27604,-0.38554,0.16148,9.802,-3.0346,0,0,0,0,2.1298,2.1274,2.1281,2.1308,-7.2108,-3.3797,0,-50.545,2.8569,0,14.194
14.57,-1.8936,2.4148,1,0.11784,0.3736,0,0.92007,1.4518,2.0403,0,0.27822,-0.41385,0.16598,9.7274,-3.0682,0,0,0,0,2.1232,2.1207,2.1215,2.1242,-7.7141,-3.3505,0,-50.096,2.9764,0,14.149
14.58,-1.8786,2.4351,1,0.11944,0.37153,0,0.92071,1.5486,2.0094,0,0.28041,-0.44249,0.17055,9.6477,-3.1016,0,0,0,0,2.1161,2.1136,2.1144,2.1171,-8.2127,-3.3201,0,-49.62,3.0969,0,14.102
14.59,-1.8626,2.455,1,0.12106,0.36932,0,0.92138,1.6447,1.9782,0,0.28258,-0.4715,0.17521,9.5631,-3.1346,0,0,0,0,2.1086,2.106,2.1068,2.1096,-8.7064,-3.2886,0,-49.12,3.2183,0,14.052
14.6,-1.8457,2.4746,1,0.12269,0.36697,0,0.92211,1.7399,1.9467,0,0.28473,-0.50089,0.17996,9.4736,-3.1673,0,0,0,0,2.1006,2.098,2.0988,2.1016,-9.195,-3.2558,0,-48.595,3.3405,0,13.998
14.61,-1.8278,2.4939,1,0.12434,0.36448,0,0.92287,1.8342,1.9149,0,0.28686,-0.53069,0.18479,9.3793,-3.1997,0,0,0,0,2.0921,2.0895,2.0903,2.0932,-9.6782,-3.2218,0,-48.046,3.4634,0,13.942
14.62,-1.809,2.5129,1,0.12601,0.36184,0,0.92368,1.9275,1.8827,0,0.28895,-0.56091,0.18971,9.2801,-3.2318,0,0,0,0,2.0833,2.0806,2.0815,2.0844,-10.156,-3.1865,0,-47.473,3.5868,0,13.883
14.63,-1.7893,2.5316,1,0.1277,0.35906,0,0.92454,2.0197,1.8503,0,0.29099,-0.59157,0.19472,9.1762,-3.2634,0,0,0,0,2.074,2.0713,2.0722,2.0751,-10.628,-3.15,0,-46.877,3.7108,0,13.821
14.64,-1.7686,2.5499,1,0.1294,0.35612,0,0.92544,2.111,1.8175,0,0.29298,-0.6227,0.19982,9.0676,-3.2948,0,0,0,0,2.0644,2.0616,2.0625,2.0655,-11.093,-3.1123,0,-46.258,3.8351,0,13.757
14.65,-1.7471,2.5679,1,0.13112,0.35304,0,0.92638,2.2011,1.7844,0,0.29491,-0.65432,0.205,8.9543,-3.3257,0,0,0,0,2.0544,2.0515,2.0525,2.0555,-11.553,-3.0733,0,-45.617,3.9597,0,13.69
14.66,-1.7246,2.5856,1,0.13286,0.34979,0,0.92736,2.29,1.751,0,0.29675,-0.68643,0.21027,8.8365,-3.3562,0,0,0,0,2.044,2.0411,2.0421,2.0451,-12.006,-3.0331,0,-44.954,4.0845,0,13.62
14.67,-1.7013,2.603,1,0.13461,0.34639,0,0.92838,2.3778,1.7172,0,0.2985,-0.71906,0.21563,8.7142,-3.3863,0,0,0,0,2.0333,2.0303,2.0314,2.0344,-12.452,-2.9916,0,-44.269,4.2093,0,13.549
14.68,-1.6771,2.62,1,0.13637,0.34283,0,0.92945,2.4643,1.6832,0,0.30015,-0.75222,0.22108,8.5875,-3.4161,0,0,0,0,2.0223,2.0192,2.0203,2.0234,-12.891,-2.9489,0,-43.564,4.334,0,13.475
14.69,-1.652,2.6366,1,0.13815,0.3391,0,0.93055,2.5495,1.6489,0,0.30168,-0.78593,0.22661,8.4564,-3.4453,0,0,0,0,2.011,2.0078,2.0089,2.012,-13.323,-2.905,0,-42.839,4.4587,0,13.4
14.7,-1.6261,2.6529,1,0.13995,0.3352,0,0.9317,2.6334,1.6143,0,0.30307,-0.82018,0.23223,8.3211,-3.4741,0,0,0,0,1.9994,1.9962,1.9973,2.0004,-13.748,-2.8597,0,-42.093,4.583,0,13.322
14.71,-1.5993,2.6689,1,0.14176,0.33113,0,0.93288,2.7159,1.5794,0,0.30431,-0.85499,0.23794,8.1815,-3.5025,0,0,0,0,1.9875,1.9842,1.9854,1.9886,-14.165,-2.8133,0,-41.329,4.7071,0,13.243
14.72,-1.5718,2.6845,1,0.14358,0.32688,0,0.93409,2.797,1.5443,0,0.30539,-0.89037,0.24373,8.0378,-3.5304,0,0,0,0,1.9754,1.972,1.9733,1.9765,-14.574,-2.7656,0,-40.545,4.8307,0,13.162
14.73,-1.5434,2.6998,1,0.14541,0.32246,0,0.93535,2.8767,1.5088,0,0.30628,-0.92631,0.24959,7.8901,-3.5578,0,0,0,0,1.9631,1.9597,1.961,1.9641,-14.976,-2.7167,0,-39.743,4.9537,0,13.08
14.74,-1.5142,2.7147,1,0.14724,0.31786,0,0.93664,2.9548,1.4731,0,0.30697,-0.96282,0.25553,7.7383,-3.5847,0,0,0,0,1.9506,1.9471,1.9484,1.9516,-15.369,-2.6665,0,-38.923,5.0761,0,12.996
14.75,-1.4843,2.7293,1,0.14909,0.31307,0,0.93796,3.0314,1.4371,0,0.30744,-0.99988,0.26155,7.5827,-3.6111,0,0,0,0,1.938,1.9343,1.9357,1.9389,-15.754,-2.6152,0,-38.086,5.1977,0,12.912
14.76,-1.4536,2.7434,1,0.15095,0.30809,0,0.93931,3.1065,1.4009,0,0.30767,-1.0375,0.26764,7.4233,-3.637,0,0,0,0,1.9252,1.9214,1.9229,1.9261,-16.131,-2.5626,0,-37.231,5.3185,0,12.826
14.77,-1.4222,2.7573,1,0.15281,0.30291,0,0.94069,3.1799,1.3644,0,0.30763,-1.0756,0.27379,7.2601,-3.6624,0,0,0,0,1.9122,1.9084,1.9099,1.9131,-16.498,-2.5088,0,-36.36,5.4383,0,12.739
14.78,-1.39,2.7707,1,0.15467,0.29755,0,0.94209,3.2517,1.3277,0,0.3073,-1.1143,0.28,7.0933,-3.6872,0,0,0,0,1.8992,1.8953,1.8968,1.9001,-16.858,-2.4538,0,-35.474,5.557,0,12.652
14.79,-1.3572,2.7838,1,0.15653,0.29198,0,0.94353,3.3217,1.2907,0,0.30666,-1.1535,0.28626,6.923,-3.7115,0,0,0,0,1.8861,1.8821,1.8837,1.8869,-17.208,-2.3977,0,-34.571,5.6746,0,12.565
14.8,-1.3236,2.7965,1,0.1584,0.28622,0,0.94498,3.3901,1.2534,0,0.30569,-1.1931,0.29257,6.7492,-3.7352,0,0,0,0,1.873,1.8688,1.8706,1.8738,-17.549,-2.3403,0,-33.654,5.7909,0,12.477
14.81,-1.2894,2.8089,1,0.16026,0.28024,0,0.94646,3.4567,1.216,0,0.30436,-1.2331,0.29892,6.5721,-3.7583,0,0,0,0,1.8598,1.8556,1.8574,1.8606,-17.881,-2.2818,0,-32.722,5.9059,0,12.389
14.82,-1.2545,2.8209,1,0.16212,0.27406,0,0.94795,3.5215,1.1783,0,0.30265,-1.2736,0.3053,6.3916,-3.7808,0,0,0,0,1.8467,1.8424,1.8442,1.8474,-18.203,-2.2222,0,-31.775,6.0193,0,12.301
14.83,-1.2189,2.8325,1,0.16396,0.26768,0,0.94946,3.5845,1.1403,0,0.30053,-1.3143,0.31171,6.208,-3.8027,0,0,0,0,1.8336,1.8292,1.8311,1.8342,-18.516,-2.1615,0,-30.816,6.1312,0,12.213
14.84,-1.1828,2.8437,1,0.1658,0.26107,0,0.95097,3.6457,1.1022,0,0.29798,-1.3554,0.31812,6.0213,-3.824,0,0,0,0,1.8206,1.8161,1.818,1.8211,-18.82,-2.0996,0,-29.843,6.2415,0,12.126
14.85,-1.146,2.8545,1,0.16763,0.25426,0,0.9525,3.705,1.0639,0,0.29497,-1.3967,0.32453,5.8317,-3.8447,0,0,0,0,1.8076,1.8031,1.8051,1.8081,-19.113,-2.0366,0,-28.857,6.3499,0,12.04
14.86,-1.1087,2.8649,1,0.16944,0.24723,0,0.95403,3.7623,1.0253,0,0.29147,-1.4381,0.33093,5.6391,-3.8647,0,0,0,0,1.7948,1.7902,1.7923,1.7953,-19.397,-1.9726,0,-27.859,6.4565,0,11.954
14.87,-1.0708,2.875,1,0.17123,0.23998,0,0.95556,3.8177,0.98658,0,0.28747,-1.4795,0.33731,5.4438,-3.8841,0,0,0,0,1.7822,1.7775,1.7796,1.7825,-19.67,-1.9075,0,-26.85,6.5611,0,11.87
14.88,-1.0323,2.8847,1,0.17299,0.23251,0,0.95709,3.8712,0.94764,0,0.28293,-1.521,0.34364,5.2457,-3.9029,0,0,0,0,1.7697,1.7649,1.7672,1.77,-19.934,-1.8414,0,-25.829,6.6636,0,11.786
14.89,-0.99337,2.894,1,0.17473,0.22483,0,0.9586,3.9226,0.90852,0,0.27784,-1.5623,0.34992,5.0451,-3.921,0,0,0,0,1.7575,1.7526,1.7549,1.7577,-20.187,-1.7743,0,-24.798,6.7639,0,11.705
14.9,-0.9539,2.9028,1,0.17644,0.21692,0,0.96011,3.9721,0.86922,0,0.27217,-1.6033,0.35614,4.842,-3.9384,0,0,0,0,1.7455,1.7406,1.743,1.7456,-20.43,-1.7061,0,-23.757,6.8619,0,11.624
14.91,-0.91394,2.9113,1,0.17812,0.2088,0,0.9616,4.0195,0.82976,0,0.2659,-1.644,0.36226,4.6366,-3.9551,0,0,0,0,1.7338,1.7288,1.7313,1.7337,-20.662,-1.637,0,-22.705,6.9574,0,11.546
14.92,-0.87351,2.9194,1,0.17975,0.20047,0,0.96307,4.0648,0.79012,0,0.25901,-1.6843,0.36828,4.4288,-3.9711,0,0,0,0,1.7224,1.7174,1.7199,1.7222,-20.884,-1.567,0,-21.645,7.0505,0,11.47
14.93,-0.83265,2.9271,1,0.18135,0.19192,0,0.96451,4.108,0.75034,0,0.2515,-1.7239,0.37417,4.2189,-3.9864,0,0,0,0,1.7113,1.7062,1.7088,1.711,-21.095,-1.496,0,-20.575,7.1408,0,11.396
14.94,-0.79136,2.9344,1,0.18289,0.18317,0,0.96592,4.1492,0.7104,0,0.24335,-1.7628,0.37992,4.007,-4.001,0,0,0,0,1.7006,1.6955,1.6981,1.7002,-21.295,-1.4242,0,-19.497,7.2284,0,11.324
14.95,-0.74967,2.9414,1,0.18439,0.1742,0,0.96729,4.1882,0.67032,0,0.23454,-1.8008,0.38551,3.793,-4.0149,0,0,0,0,1.6902,1.6852,1.6879,1.6897,-21.485,-1.3515,0,-18.411,7.3131,0,11.255
14.96,-0.7076,2.9479,1,0.18583,0.16504,0,0.96862,4.225,0.6301,0,0.22509,-1.8377,0.39092,3.5773,-4.0281,0,0,0,0,1.6803,1.6753,1.678,1.6797,-21.663,-1.2779,0,-17.318,7.3948,0,11.189
14.97,-0.66518,2.954,1,0.18722,0.15568,0,0.9699,4.2597,0.58976,0,0.21497,-1.8734,0.39612,3.3598,-4.0405,0,0,0,0,1.6709,1.6659,1.6686,1.6701,-21.831,-1.2036,0,-16.218,7.4734,0,11.126
14.98,-0.62242,2.9596,1,0.18853,0.14613,0,0.97113,4.2922,0.5493,0,0.20421,-1.9078,0.40109,3.1407,-4.0521,0,0,0,0,1.6619,1.6569,1.6597,1.661,-21.988,-1.1285,0,-15.112,7.5487,0,11.066
14.99,-0.57934,2.9649,1,0.18978,0.1364,0,0.97231,4.3225,0.50872,0,0.19281,-1.9406,0.40582,2.9201,-4.063,0,0,0,0,1.6534,1.6485,1.6514,1.6523,-22.133,-1.0526,0,-13.999,7.6207,0,11.009
15,-0.53597,2.9698,1,0.19096,0.12649,0,0.97341,4.3506,0.46804,0,0.18078,-1.9717,0.41029,2.6981,-4.0732,0,0,0,0,1.6454,1.6406,1.6435,1.6442,-22.268,-0.97606,0,-12.881,7.6891,0,10.956
15.01,-0.49234,2.9743,1,0.19206,0.11642,0,0.97445,4.3765,0.42726,0,0.16814,-2.0009,0.41447,2.4748,-4.0825,0,0,0,0,1.638,1.6333,1.6362,1.6367,-22.391,-0.89884,0,-11.757,7.754,0,10.907
15.02,-0.44845,2.9784,1,0.19308,0.1062,0,0.97542,4.4001,0.38639,0,0.15492,-2.0282,0.41834,2.2503,-4.0911,0,0,0,0,1.6312,1.6265,1.6295,1.6297,-22.503,-0.82099,0,-10.63,7.8152,0,10.861
15.03,-0.40434,2.982,1,0.19401,0.095837,0,0.97631,4.4215,0.34544,0,0.14115,-2.0532,0.42188,2.0248,-4.099,0,0,0,0,1.6249,1.6204,1.6234,1.6233,-22.604,-0.74255,0,-9.4976,7.8725,0,10.82
15.04,-0.36003,2.9853,1,0.19486,0.085342,0,0.97711,4.4406,0.30441,0,0.12686,-2.076,0.42509,1.7983,-4.106,0,0,0,0,1.6192,1.6149,1.6179,1.6175,-22.693,-0.66356,0,-8.362,7.9259,0,10.783
15.05,-0.31554,2.9881,1,0.19562,0.074728,0,0.97783,4.4574,0.26332,0,0.11211,-2.0963,0.42793,1.5709,-4.1122,0,0,0,0,1.6142,1.6101,1.613,1.6123,-22.771,-0.58405,0,-7.2232,7.9752,0,10.749
15.06,-0.27089,2.9905,1,0.19628,0.064011,0,0.97846,4.472,0.22217,0,0.096925,-2.114,0.4304,1.3429,-4.1177,0,0,0,0,1.6098,1.6059,1.6088,1.6078,-22.837,-0.50406,0,-6.0817,8.0204,0,10.72
15.07,-0.22611,2.9926,1,0.19684,0.053204,0,0.97899,4.4843,0.18097,0,0.081368,-2.129,0.43248,1.1142,-4.1223,0,0,0,0,1.6061,1.6023,1.6052,1.604,-22.892,-0.42365,0,-4.9379,8.0612,0,10.696
15.08,-0.18121,2.9942,1,0.1973,0.042322,0,0.97943,4.4943,0.13973,0,0.065493,-2.1412,0.43417,0.88508,-4.1261,0,0,0,0,1.603,1.5995,1.6023,1.6008,-22.936,-0.34286,0,-3.7924,8.0976,0,10.676
15.09,-0.13623,2.9954,1,0.19766,0.031381,0,0.97977,4.502,0.09845,0,0.04936,-2.1505,0.43544,0.65555,-4.1292,0,0,0,0,1.6006,1.5973,1.6001,1.5983,-22.968,-0.26172,0,-2.6455,8.1295,0,10.661
15.1,-0.091178,2.9961,1,0.19792,0.020397,0,0.98001,4.5074,0.057147,0,0.03303,-2.157,0.43631,0.42576,-4.1314,0,0,0,0,1.5989,1.5959,1.5986,1.5965,-22.989,-0.18028,0,-1.4979,8.1568,0,10.65
15.11,-0.046087,2.9965,1,0.19808,0.0093848,0,0.98014,4.5105,0.015825,0,0.01657,-2.1604,0.43675,0.19581,-4.1328,0,0,0,0,1.5979,1.5951,1.5978,1.5954,-22.998,-0.098596,0,-0.34983,8.1792,0,10.644
15.12,-0.00097561,2.9964,1,0.19813,-0.0016378,0,0.98018,4.5113,-0.025506,0,4.4716e-05,-2.1608,0.43677,-0.034169,-4.1334,0,0,0,0,1.5976,1.5951,1.5977,1.595,-22.996,-0.016712,0,0.79808,8.1968,0,10.642
15.13,0.044132,2.996,1,0.19807,-0.012655,0,0.98011,4.5098,-0.066839,0,-0.016478,-2.1583,0.43637,-0.26407,-4.1331,0,0,0,0,1.598,1.5957,1.5982,1.5952,-22.982,0.065323,0,1.9454,8.2094,0,10.645
15.14,0.089213,2.9951,1,0.19791,-0.02365,0,0.97994,4.506,-0.10817,0,-0.032931,-2.1527,0.43556,-0.49378,-4.132,0,0,0,0,1.599,1.5971,1.5995,1.5962,-22.957,0.14746,0,3.0917,8.2171,0,10.653
15.15,0.13425,2.9938,1,0.19764,-0.034607,0,0.97966,4.5,-0.14948,0,-0.049248,-2.1442,0.43432,-0.72317,-4.1302,0,0,0,0,1.6008,1.5991,1.6014,1.5979,-22.92,0.22965,0,4.2364,8.22,0,10.665
15.16,0.1792,2.9921,1,0.19728,-0.045509,0,0.97929,4.4916,-0.19077,0,-0.065366,-2.1328,0.43268,-0.95214,-4.1275,0,0,0,0,1.6032,1.6019,1.604,1.6003,-22.872,0.31185,0,5.3792,8.2182,0,10.682
15.17,0.22407,2.99,1,0.19681,-0.056341,0,0.97882,4.4809,-0.23202,0,-0.081223,-2.1186,0.43065,-1.1806,-4.1239,0,0,0,0,1.6063,1.6053,1.6073,1.6034,-22.813,0.394,0,6.5195,8.2118,0,10.704
15.18,0.26882,2.9875,1,0.19624,-0.067089,0,0.97826,4.468,-0.27324,0,-0.096762,-2.1016,0.42823,-1.4084,-4.1196,0,0,0,0,1.6101,1.6093,1.6112,1.6071,-22.742,0.47607,0,7.6568,8.2009,0,10.73
15.19,0.31342,2.9845,1,0.19557,-0.077736,0,0.9776,4.4528,-0.31441,0,-0.11193,-2.0821,0.42543,-1.6354,-4.1144,0,0,0,0,1.6145,1.614,1.6158,1.6115,-22.66,0.558,0,8.7907,8.1856,0,10.76
15.2,0.35786,2.9812,1,0.19482,-0.088271,0,0.97686,4.4353,-0.35553,0,-0.12667,-2.06,0.42228,-1.8615,-4.1084,0,0,0,0,1.6195,1.6194,1.621,1.6166,-22.566,0.63976,0,9.9208,8.166,0,10.794
15.21,0.40212,2.9774,1,0.19397,-0.098679,0,0.97603,4.4155,-0.39658,0,-0.14095,-2.0356,0.41879,-2.0867,-4.1016,0,0,0,0,1.6252,1.6253,1.6268,1.6222,-22.461,0.72131,0,11.046,8.1422,0,10.833
15.22,0.44617,2.9733,1,0.19303,-0.10895,0,0.97513,4.3935,-0.43756,0,-0.15472,-2.009,0.41498,-2.3107,-4.094,0,0,0,0,1.6315,1.6319,1.6333,1.6285,-22.345,0.8026,0,12.167,8.1143,0,10.875
15.23,0.48998,2.9687,1,0.19201,-0.11907,0,0.97414,4.3693,-0.47845,0,-0.16795,-1.9803,0.41086,-2.5335,-4.0856,0,0,0,0,1.6383,1.639,1.6402,1.6354,-22.218,0.88358,0,13.283,8.0824,0,10.922
15.24,0.53354,2.9637,1,0.1909,-0.12902,0,0.97309,4.3429,-0.51926,0,-0.18062,-1.9498,0.40646,-2.755,-4.0763,0,0,0,0,1.6458,1.6466,1.6478,1.6428,-22.08,0.96423,0,14.393,8.0465,0,10.972
15.25,0.57683,2.9583,1,0.18973,-0.13881,0,0.97198,4.3142,-0.55998,0,-0.19269,-1.9174,0.40179,-2.9751,-4.0663,0,0,0,0,1.6537,1.6548,1.6558,1.6508,-21.93,1.0445,0,15.496,8.0069,0,11.025
15.26,0.61982,2.9525,1,0.18847,-0.14842,0,0.9708,4.2834,-0.60059,0,-0.20415,-1.8835,0.39688,-3.1936,-4.0554,0,0,0,0,1.6622,1.6635,1.6644,1.6593,-21.77,1.1244,0,16.593,7.9636,0,11.082
15.27,0.66249,2.9463,1,0.18716,-0.15784,0,0.96957,4.2504,-0.64108,0,-0.21499,-1.8482,0.39176,-3.4104,-4.0438,0,0,0,0,1.6711,1.6726,1.6734,1.6683,-21.598,1.2038,0,17.683,7.9167,0,11.142
15.28,0.70482,2.9397,1,0.18577,-0.16707,0,0.96828,4.2152,-0.68146,0,-0.2252,-1.8116,0.38643,-3.6255,-4.0314,0,0,0,0,1.6805,1.6822,1.6829,1.6777,-21.416,1.2827,0,18.765,7.8663,0,11.206
15.29,0.74679,2.9327,1,0.18433,-0.1761,0,0.96696,4.1778,-0.72171,0,-0.23478,-1.7739,0.38092,-3.8387,-4.0181,0,0,0,0,1.6903,1.6923,1.6928,1.6876,-21.223,1.3611,0,19.839,7.8125,0,11.272
15.3,0.78837,2.9252,1,0.18283,-0.18493,0,0.9656,4.1384,-0.76182,0,-0.24374,-1.7353,0.37525,-4.0499,-4.0041,0,0,0,0,1.7006,1.7027,1.703,1.6979,-21.019,1.4389,0,20.904,7.7554,0,11.34
15.31,0.82955,2.9174,1,0.18128,-0.19354,0,0.9642,4.0969,-0.80179,0,-0.25206,-1.6959,0.36945,-4.2591,-3.9894,0,0,0,0,1.7112,1.7134,1.7137,1.7086,-20.805,1.5162,0,21.961,7.695,0,11.412
15.32,0.8703,2.9092,1,0.17969,-0.20195,0,0.96277,4.0532,-0.84161,0,-0.25978,-1.6558,0.36353,-4.466,-3.9738,0,0,0,0,1.7222,1.7245,1.7247,1.7196,-20.58,1.5928,0,23.007,7.6317,0,11.485
15.33,0.91061,2.9006,1,0.17805,-0.21014,0,0.96132,4.0075,-0.88126,0,-0.26689,-1.6152,0.3575,-4.6706,-3.9575,0,0,0,0,1.7334,1.7359,1.736,1.731,-20.345,1.6688,0,24.044,7.5653,0,11.561
15.34,0.95045,2.8916,1,0.17637,-0.21811,0,0.95985,3.9598,-0.92075,0,-0.27341,-1.5743,0.3514,-4.8729,-3.9404,0,0,0,0,1.745,1.7476,1.7476,1.7426,-20.099,1.7441,0,25.07,7.496,0,11.638
15.35,0.9898,2.8822,1,0.17466,-0.22587,0,0.95837,3.9101,-0.96007,0,-0.27937,-1.533,0.34523,-5.0726,-3.9226,0,0,0,0,1.7568,1.7595,1.7594,1.7545,-19.843,1.8187,0,26.086,7.4239,0,11.717
15.36,1.0286,2.8724,1,0.17292,-0.2334,0,0.95688,3.8584,-0.9992,0,-0.28478,-1.4916,0.33901,-5.2697,-3.9041,0,0,0,0,1.7688,1.7716,1.7714,1.7666,-19.578,1.8926,0,27.09,7.3491,0,11.798
15.37,1.067,2.8622,1,0.17115,-0.24072,0,0.95538,3.8047,-1.0381,0,-0.28966,-1.4501,0.33276,-5.4641,-3.8848,0,0,0,0,1.7811,1.7839,1.7837,1.7789,-19.302,1.9657,0,28.082,7.2717,0,11.879
15.38,1.1047,2.8516,1,0.16935,-0.24783,0,0.95389,3.7491,-1.0769,0,-0.29404,-1.4087,0.32649,-5.6557,-3.8648,0,0,0,0,1.7935,1.7964,1.796,1.7914,-19.016,2.038,0,29.061,7.1919,0,11.962
15.39,1.1419,2.8407,1,0.16753,-0.25472,0,0.95239,3.6916,-1.1154,0,-0.29793,-1.3674,0.32022,-5.8444,-3.844,0,0,0,0,1.806,1.809,1.8086,1.804,-18.721,2.1095,0,30.028,7.1095,0,12.046
15.4,1.1786,2.8293,1,0.1657,-0.26139,0,0.9509,3.6322,-1.1538,0,-0.30137,-1.3263,0.31395,-6.0301,-3.8226,0,0,0,0,1.8186,1.8217,1.8212,1.8167,-18.415,2.1802,0,30.982,7.0249,0,12.13
15.41,1.2146,2.8176,1,0.16385,-0.26785,0,0.94943,3.571,-1.1919,0,-0.30437,-1.2854,0.3077,-6.2127,-3.8004,0,0,0,0,1.8313,1.8344,1.8339,1.8294,-18.101,2.25,0,31.922,6.9379,0,12.215
15.42,1.25,2.8055,1,0.16199,-0.2741,0,0.94796,3.508,-1.2298,0,-0.30697,-1.2448,0.30147,-6.3921,-3.7776,0,0,0,0,1.8441,1.8472,1.8466,1.8423,-17.777,2.3189,0,32.847,6.8487,0,12.3
15.43,1.2847,2.793,1,0.16011,-0.28014,0,0.94651,3.4432,-1.2674,0,-0.30918,-1.2046,0.29529,-6.5682,-3.754,0,0,0,0,1.8569,1.86,1.8594,1.8551,-17.444,2.387,0,33.758,6.7574,0,12.386
15.44,1.3188,2.7801,1,0.15823,-0.28597,0,0.94508,3.3766,-1.3049,0,-0.31104,-1.1649,0.28915,-6.7409,-3.7298,0,0,0,0,1.8697,1.8728,1.8721,1.868,-17.102,2.4541,0,34.654,6.6641,0,12.471
15.45,1.3523,2.7669,1,0.15635,-0.29161,0,0.94367,3.3084,-1.342,0,-0.31256,-1.1255,0.28306,-6.9102,-3.705,0,0,0,0,1.8824,1.8855,1.8848,1.8807,-16.751,2.5202,0,35.533,6.5687,0,12.556
15.46,1.385,2.7533,1,0.15446,-0.29704,0,0.94229,3.2384,-1.379,0,-0.31377,-1.0867,0.27704,-7.0759,-3.6794,0,0,0,0,1.8951,1.8982,1.8974,1.8935,-16.391,2.5854,0,36.397,6.4715,0,12.64
15.47,1.417,2.7393,1,0.15257,-0.30227,0,0.94093,3.1669,-1.4156,0,-0.31469,-1.0484,0.27108,-7.238,-3.6533,0,0,0,0,1.9076,1.9108,1.91,1.9061,-16.023,2.6497,0,37.245,6.3725,0,12.724
15.48,1.4483,2.725,1,0.15068,-0.30732,0,0.9396,3.0937,-1.452,0,-0.31535,-1.0105,0.2652,-7.3964,-3.6264,0,0,0,0,1.9201,1.9232,1.9224,1.9186,-15.647,2.7129,0,38.075,6.2717,0,12.807
15.49,1.4789,2.7103,1,0.14879,-0.31217,0,0.9383,3.019,-1.4881,0,-0.31576,-0.97327,0.25939,-7.5509,-3.599,0,0,0,0,1.9324,1.9355,1.9347,1.931,-15.262,2.7751,0,38.887,6.1693,0,12.889
15.5,1.5087,2.6952,1,0.14691,-0.31684,0,0.93703,2.9427,-1.524,0,-0.31595,-0.93656,0.25366,-7.7016,-3.5709,0,0,0,0,1.9446,1.9477,1.9468,1.9432,-14.869,2.8363,0,39.682,6.0653,0,12.971
15.51,1.5377,2.6798,1,0.14503,-0.32132,0,0.9358,2.8649,-1.5596,0,-0.31593,-0.9004,0.24802,-7.8483,-3.5423,0,0,0,0,1.9566,1.9596,1.9588,1.9553,-14.468,2.8964,0,40.458,5.9598,0,13.05
15.52,1.566,2.664,1,0.14315,-0.32562,0,0.9346,2.7857,-1.5948,0,-0.31572,-0.8648,0.24246,-7.9909,-3.513,0,0,0,0,1.9683,1.9714,1.9705,1.9671,-14.06,2.9555,0,41.215,5.8528,0,13.129
15.53,1.5934,2.6479,1,0.14129,-0.32975,0,0.93344,2.7051,-1.6298,0,-0.31535,-0.82976,0.237,-8.1294,-3.4832,0,0,0,0,1.9799,1.9829,1.982,1.9786,-13.644,3.0134,0,41.953,5.7445,0,13.206
15.54,1.6201,2.6314,1,0.13943,-0.3337,0,0.93231,2.6232,-1.6645,0,-0.31483,-0.79528,0.23162,-8.2638,-3.4528,0,0,0,0,1.9911,1.9942,1.9932,1.99,-13.221,3.0703,0,42.671,5.635,0,13.281
15.55,1.6459,2.6146,1,0.13758,-0.33749,0,0.93122,2.5399,-1.6989,0,-0.31418,-0.76135,0.22634,-8.3938,-3.4218,0,0,0,0,2.0021,2.0051,2.0042,2.001,-12.791,3.1261,0,43.369,5.5242,0,13.354
15.56,1.6709,2.5974,1,0.13574,-0.34111,0,0.93017,2.4553,-1.7329,0,-0.3134,-0.72796,0.22116,-8.5195,-3.3902,0,0,0,0,2.0129,2.0158,2.0149,2.0118,-12.353,3.1808,0,44.045,5.4124,0,13.426
15.57,1.695,2.5799,1,0.13391,-0.34456,0,0.92916,2.3695,-1.7667,0,-0.31252,-0.6951,0.21607,-8.6409,-3.3582,0,0,0,0,2.0232,2.0262,2.0253,2.0222,-11.91,3.2344,0,44.701,5.2994,0,13.495
15.58,1.7183,2.5621,1,0.13209,-0.34786,0,0.9282,2.2825,-1.8001,0,-0.31155,-0.66276,0.21107,-8.7577,-3.3256,0,0,0,0,2.0333,2.0362,2.0353,2.0323,-11.46,3.2868,0,45.334,5.1856,0,13.562
15.59,1.7407,2.5439,1,0.13028,-0.35099,0,0.92727,2.1944,-1.8332,0,-0.3105,-0.63092,0.20618,-8.87,-3.2924,0,0,0,0,2.043,2.0459,2.045,2.0421,-11.003,3.3381,0,45.945,5.0708,0,13.627
15.6,1.7621,2.5254,1,0.12849,-0.35398,0,0.92639,2.1051,-1.8659,0,-0.30938,-0.59956,0.20137,-8.9778,-3.2588,0,0,0,0,2.0524,2.0552,2.0543,2.0515,-10.541,3.3882,0,46.534,4.9553,0,13.689
15.61,1.7827,2.5066,1,0.1267,-0.35681,0,0.92555,2.0148,-1.8984,0,-0.30821,-0.56867,0.19667,-9.0808,-3.2247,0,0,0,0,2.0614,2.0642,2.0633,2.0605,-10.072,3.4372,0,47.099,4.839,0,13.749
15.62,1.8024,2.4875,1,0.12493,-0.35949,0,0.92475,1.9235,-1.9304,0,-0.307,-0.53824,0.19206,-9.1792,-3.1901,0,0,0,0,2.0699,2.0727,2.0718,2.0691,-9.5988,3.485,0,47.641,4.7221,0,13.806
15.63,1.8212,2.468,1,0.12318,-0.36202,0,0.92399,1.8312,-1.9622,0,-0.30575,-0.50823,0.18755,-9.2728,-3.155,0,0,0,0,2.0781,2.0809,2.08,2.0773,-9.1197,3.5316,0,48.159,4.6046,0,13.86
15.64,1.8391,2.4482,1,0.12143,-0.36442,0,0.92329,1.7381,-1.9935,0,-0.30448,-0.47863,0.18313,-9.3616,-3.1194,0,0,0,0,2.0858,2.0886,2.0877,2.085,-8.6357,3.5771,0,48.651,4.4866,0,13.912
15.65,1.856,2.4282,1,0.1197,-0.36667,0,0.92262,1.644,-2.0245,0,-0.30319,-0.44942,0.1788,-9.4455,-3.0834,0,0,0,0,2.0931,2.0958,2.095,2.0923,-8.1468,3.6214,0,49.119,4.3682,0,13.96
15.66,1.8719,2.4078,1,0.11798,-0.36878,0,0.922,1.5492,-2.0552,0,-0.3019,-0.42057,0.17457,-9.5245,-3.047,0,0,0,0,2.1,2.1027,2.1018,2.0992,-7.6534,3.6645,0,49.561,4.2494,0,14.006
15.67,1.887,2.387,1,0.11627,-0.37075,0,0.92143,1.4536,-2.0855,0,-0.3006,-0.39207,0.17043,-9.5985,-3.0102,0,0,0,0,2.1064,2.109,2.1082,2.1056,-7.1557,3.7064,0,49.977,4.1303,0,14.049
15.68,1.901,2.366,1,0.11458,-0.37259,0,0.9209,1.3572,-2.1154,0,-0.29932,-0.36389,0.16638,-9.6676,-2.9729,0,0,0,0,2.1123,2.1149,2.1141,2.1116,-6.6539,3.7471,0,50.367,4.011,0,14.088
15.69,1.9141,2.3447,1,0.11289,-0.37429,0,0.92041,1.2602,-2.1449,0,-0.29805,-0.336,0.16242,-9.7316,-2.9352,0,0,0,0,2.1177,2.1203,2.1195,2.117,-6.1484,3.7866,0,50.73,3.8916,0,14.124
15.7,1.9262,2.3231,1,0.11122,-0.37587,0,0.91998,1.1626,-2.1741,0,-0.2968,-0.30839,0.15854,-9.7905,-2.8972,0,0,0,0,2.1226,2.1252,2.1244,2.1219,-5.6394,3.8249,0,51.064,3.7721,0,14.157
15.71,1.9373,2.3013,1,0.10957,-0.37731,0,0.91958,1.0644,-2.2029,0,-0.29558,-0.28102,0.15476,-9.8444,-2.8587,0,0,0,0,2.127,2.1296,2.1288,2.1264,-5.1272,3.862,0,51.371,3.6526,0,14.186
15.72,1.9475,2.2791,1,0.10792,-0.37862,0,0.91924,0.96574,-2.2313,0,-0.29439,-0.25388,0.15106,-9.8931,-2.8199,0,0,0,0,2.1309,2.1335,2.1327,2.1303,-4.6121,3.8979,0,51.65,3.5333,0,14.212
15.73,1.9567,2.2566,1,0.10629,-0.3798,0,0.91894,0.86659,-2.2593,0,-0.29325,-0.22695,0.14745,-9.9366,-2.7808,0,0,0,0,2.1343,2.1369,2.1361,2.1337,-4.0943,3.9327,0,51.9,3.414,0,14.235
15.74,1.9648,2.2339,1,0.10467,-0.38086,0,0.91869,0.76702,-2.2869,0,-0.29214,-0.20019,0.14392,-9.975,-2.7413,0,0,0,0,2.1372,2.1397,2.139,2.1366,-3.5742,3.9662,0,52.12,3.2951,0,14.254
15.75,1.972,2.2109,1,0.10306,-0.38179,0,0.91848,0.6671,-2.3141,0,-0.29109,-0.17358,0.14048,-10.008,-2.7014,0,0,0,0,2.1396,2.1421,2.1413,2.139,-3.052,3.9986,0,52.31,3.1764,0,14.27
15.76,1.9782,2.1876,1,0.10146,-0.3826,0,0.91833,0.56688,-2.3409,0,-0.29009,-0.1471,0.13711,-10.036,-2.6613,0,0,0,0,2.1414,2.1439,2.1431,2.1408,-2.5281,4.0298,0,52.47,3.0581,0,14.282
15.77,1.9833,2.1641,1,0.099868,-0.38328,0,0.91822,0.4664,-2.3673,0,-0.28915,-0.12072,0.13383,-10.059,-2.6209,0,0,0,0,2.1426,2.1451,2.1444,2.1421,-2.0027,4.0597,0,52.598,2.9402,0,14.29
15.78,1.9875,2.1403,1,0.098289,-0.38384,0,0.91815,0.36572,-2.3933,0,-0.28828,-0.094418,0.13062,-10.076,-2.5801,0,0,0,0,2.1433,2.1458,2.1451,2.1428,-1.4762,4.0886,0,52.696,2.8229,0,14.295
15.79,1.9907,2.1162,1,0.096719,-0.38428,0,0.91814,0.2649,-2.4189,0,-0.28747,-0.068173,0.1275,-10.088,-2.5391,0,0,0,0,2.1435,2.146,2.1453,2.143,-0.94891,4.1162,0,52.762,2.7062,0,14.296
15.8,1.9928,2.0919,1,0.095159,-0.38459,0,0.91817,0.16398,-2.4441,0,-0.28673,-0.041959,0.12445,-10.095,-2.4978,0,0,0,0,2.1432,2.1456,2.145,2.1426,-0.4211,4.1427,0,52.795,2.5902,0,14.294
15.81,1.9939,2.0673,1,0.093608,-0.38478,0,0.91825,0.063017,-2.4689,0,-0.28607,-0.015749,0.12148,-10.097,-2.4562,0,0,0,0,2.1422,2.1447,2.1441,2.1417,0.10688,4.168,0,52.796,2.4749,0,14.288
15.82,1.9941,2.0425,1,0.092065,-0.38485,0,0.91838,-0.037935,-2.4932,0,-0.28548,0.010479,0.11858,-10.093,-2.4144,0,0,0,0,2.1408,2.1432,2.1426,2.1403,0.6347,4.1922,0,52.763,2.3604,0,14.278
15.83,1.9932,2.0175,1,0.09053,-0.3848,0,0.91855,-0.13882,-2.5172,0,-0.28498,0.03675,0.11576,-10.084,-2.3724,0,0,0,0,2.1388,2.1412,2.1406,2.1383,1.162,4.2152,0,52.697,2.2469,0,14.265
15.84,1.9913,1.9922,1,0.089002,-0.38462,0,0.91877,-0.2396,-2.5407,0,-0.28457,0.063088,0.11301,-10.07,-2.3301,0,0,0,0,2.1362,2.1386,2.1381,2.1357,1.6885,4.2371,0,52.596,2.1343,0,14.248
15.85,1.9884,1.9667,1,0.08748,-0.38432,0,0.91905,-0.3402,-2.5638,0,-0.28424,0.089517,0.11034,-10.05,-2.2877,0,0,0,0,2.1331,2.1355,2.135,2.1326,2.2138,4.2579,0,52.461,2.0227,0,14.227
15.86,1.9845,1.9409,1,0.085965,-0.38389,0,0.91937,-0.44058,-2.5864,0,-0.28401,0.11606,0.10774,-10.025,-2.245,0,0,0,0,2.1294,2.1319,2.1314,2.129,2.7376,4.2776,0,52.292,1.9122,0,14.203
15.87,1.9796,1.9149,1,0.084455,-0.38334,0,0.91974,-0.54069,-2.6087,0,-0.28387,0.14275,0.10521,-9.9954,-2.2021,0,0,0,0,2.1252,2.1277,2.1272,2.1248,3.2596,4.2962,0,52.09,1.8027,0,14.175
15.88,1.9737,1.8887,1,0.082951,-0.38267,0,0.92015,-0.64047,-2.6305,0,-0.28383,0.16959,0.10275,-9.9602,-2.1591,0,0,0,0,2.1205,2.123,2.1225,2.1201,3.7793,4.3136,0,51.855,1.6942,0,14.143
15.89,1.9668,1.8623,1,0.08145,-0.38187,0,0.92062,-0.73987,-2.6519,0,-0.28389,0.19663,0.10036,-9.9198,-2.1158,0,0,0,0,2.1153,2.1177,2.1173,2.1148,4.2966,4.33,0,51.588,1.5867,0,14.108
15.9,1.9589,1.8357,1,0.079954,-0.38094,0,0.92114,-0.83885,-2.6728,0,-0.28406,0.22388,0.098042,-9.8743,-2.0725,0,0,0,0,2.1095,2.112,2.1115,2.109,4.811,4.3454,0,51.29,1.4802,0,14.07
15.91,1.95,1.8089,1,0.07846,-0.37988,0,0.9217,-0.93734,-2.6933,0,-0.28434,0.25137,0.095793,-9.8236,-2.0289,0,0,0,0,2.1032,2.1057,2.1053,2.1028,5.3223,4.3597,0,50.96,1.3748,0,14.028
15.92,1.9401,1.7818,1,0.076969,-0.3787,0,0.92231,-1.0353,-2.7134,0,-0.28472,0.27912,0.093611,-9.7678,-1.9853,0,0,0,0,2.0964,2.0989,2.0985,2.096,5.8301,4.3729,0,50.6,1.2704,0,13.983
15.93,1.9293,1.7546,1,0.075479,-0.37738,0,0.92298,-1.1327,-2.733,0,-0.28521,0.30717,0.091496,-9.707,-1.9415,0,0,0,0,2.0891,2.0916,2.0912,2.0887,6.3342,4.3851,0,50.21,1.167,0,13.934
15.94,1.9175,1.7272,1,0.073991,-0.37593,0,0.92369,-1.2294,-2.7522,0,-0.28582,0.33553,0.089449,-9.6412,-1.8976,0,0,0,0,2.0813,2.0838,2.0835,2.0809,6.8342,4.3962,0,49.791,1.0647,0,13.882
15.95,1.9047,1.6996,1,0.072503,-0.37435,0,0.92445,-1.3255,-2.771,0,-0.28654,0.36423,0.087467,-9.5703,-1.8536,0,0,0,0,2.073,2.0756,2.0753,2.0726,7.3299,4.4064,0,49.342,0.96335,0,13.827
15.96,1.891,1.6718,1,0.071014,-0.37263,0,0.92526,-1.4208,-2.7893,0,-0.28738,0.3933,0.085551,-9.4946,-1.8095,0,0,0,0,2.0643,2.0669,2.0666,2.0638,7.8209,4.4155,0,48.866,0.86305,0,13.769
15.97,1.8763,1.6438,1,0.069525,-0.37077,0,0.92612,-1.5154,-2.8072,0,-0.28834,0.42276,0.0837,-9.4139,-1.7653,0,0,0,0,2.055,2.0577,2.0574,2.0546,8.3071,4.4236,0,48.361,0.76377,0,13.708
15.98,1.8607,1.6156,1,0.068033,-0.36877,0,0.92703,-1.6091,-2.8246,0,-0.28942,0.45263,0.081913,-9.3285,-1.721,0,0,0,0,2.0454,2.048,2.0478,2.045,8.7881,4.4308,0,47.83,0.66552,0,13.644
15.99,1.8441,1.5873,1,0.066539,-0.36663,0,0.92799,-1.7019,-2.8416,0,-0.29062,0.48295,0.08019,-9.2382,-1.6766,0,0,0,0,2.0353,2.038,2.0378,2.0349,9.2636,4.4369,0,47.271,0.56829,0,13.577
16,1.8266,1.5588,1,0.065042,-0.36434,0,0.92899,-1.7938,-2.8581,0,-0.29195,0.51373,0.07853,-9.1432,-1.6322,0,0,0,0,2.0248,2.0275,2.0273,2.0244,9.7334,4.4421,0,46.687,0.47209,0,13.507
16.01,1.8082,1.5301,1,0.063541,-0.3619,0,0.93005,-1.8848,-2.8742,0,-0.29339,0.545,0.076933,-9.0435,-1.5878,0,0,0,0,2.0139,2.0166,2.0165,2.0135,10.197,4.4464,0,46.077,0.37692,0,13.434
16.02,1.7889,1.5013,1,0.062035,-0.35932,0,0.93115,-1.9747,-2.8899,0,-0.29497,0.57678,0.075397,-8.9393,-1.5433,0,0,0,0,2.0026,2.0054,2.0052,2.0022,10.655,4.4497,0,45.442,0.28278,0,13.359
16.03,1.7687,1.4723,1,0.060523,-0.35658,0,0.9323,-2.0635,-2.9051,0,-0.29666,0.6091,0.073924,-8.8305,-1.4988,0,0,0,0,1.9909,1.9937,1.9936,1.9905,11.106,4.452,0,44.783,0.18966,0,13.281
16.04,1.7477,1.4432,1,0.059005,-0.35368,0,0.9335,-2.1513,-2.9198,0,-0.29848,0.64197,0.072511,-8.7172,-1.4543,0,0,0,0,1.9789,1.9817,1.9816,1.9785,11.55,4.4535,0,44.1,0.097573,0,13.201
16.05,1.7257,1.4139,1,0.05748,-0.35063,0,0.93475,-2.2379,-2.9342,0,-0.30043,0.67542,0.07116,-8.5995,-1.4097,0,0,0,0,1.9665,1.9694,1.9693,1.9661,11.988,4.454,0,43.393,0.0065135,0,13.119
16.06,1.7029,1.3845,1,0.055947,-0.34741,0,0.93604,-2.3233,-2.948,0,-0.3025,0.70946,0.069869,-8.4774,-1.3652,0,0,0,0,1.9538,1.9568,1.9567,1.9534,12.418,4.4536,0,42.664,-0.083517,0,13.035
16.07,1.6793,1.355,1,0.054405,-0.34403,0,0.93738,-2.4074,-2.9615,0,-0.3047,0.74411,0.068638,-8.3511,-1.3207,0,0,0,0,1.9408,1.9438,1.9438,1.9405,12.841,4.4523,0,41.913,-0.17252,0,12.948
16.08,1.6548,1.3253,1,0.052854,-0.34047,0,0.93877,-2.4903,-2.9745,0,-0.30702,0.77939,0.067467,-8.2206,-1.2762,0,0,0,0,1.9276,1.9306,1.9306,1.9272,13.256,4.4502,0,41.139,-0.26049,0,12.86
16.09,1.6295,1.2955,1,0.051293,-0.33674,0,0.9402,-2.5718,-2.987,0,-0.30945,0.81531,0.066355,-8.086,-1.2317,0,0,0,0,1.914,1.9171,1.9171,1.9137,13.664,4.4471,0,40.345,-0.34743,0,12.77
16.1,1.6033,1.2656,1,0.049721,-0.33284,0,0.94167,-2.652,-2.9991,0,-0.31201,0.85187,0.065302,-7.9474,-1.1872,0,0,0,0,1.9003,1.9034,1.9034,1.8999,14.063,4.4432,0,39.53,-0.43334,0,12.678
16.11,1.5764,1.2355,1,0.048137,-0.32875,0,0.94319,-2.7307,-3.0107,0,-0.31468,0.88909,0.064308,-7.8048,-1.1428,0,0,0,0,1.8863,1.8895,1.8895,1.8859,14.454,4.4385,0,38.695,-0.51822,0,12.585
16.12,1.5487,1.2053,1,0.046541,-0.32448,0,0.94475,-2.8081,-3.0219,0,-0.31747,0.92697,0.063372,-7.6583,-1.0985,0,0,0,0,1.8721,1.8753,1.8754,1.8717,14.837,4.4329,0,37.841,-0.60207,0,12.491
16.13,1.5203,1.1751,1,0.044932,-0.32002,0,0.94634,-2.8839,-3.0327,0,-0.32036,0.96551,0.062494,-7.5081,-1.0542,0,0,0,0,1.8578,1.8611,1.8612,1.8574,15.211,4.4264,0,36.968,-0.68489,0,12.396
16.14,1.4911,1.1447,1,0.043309,-0.31537,0,0.94798,-2.9582,-3.043,0,-0.32336,1.0047,0.061673,-7.3541,-1.0099,0,0,0,0,1.8433,1.8466,1.8467,1.8429,15.576,4.4192,0,36.076,-0.76668,0,12.299
16.15,1.4611,1.1142,1,0.041672,-0.31052,0,0.94965,-3.031,-3.0529,0,-0.32645,1.0446,0.060909,-7.1966,-0.96578,0,0,0,0,1.8287,1.8321,1.8322,1.8283,15.933,4.4111,0,35.166,-0.84743,0,12.202
16.16,1.4304,1.0836,1,0.04002,-0.30548,0,0.95136,-3.1021,-3.0623,0,-0.32964,1.085,0.060202,-7.0355,-0.92171,0,0,0,0,1.814,1.8174,1.8176,1.8136,16.28,4.4022,0,34.24,-0.92715,0,12.104
16.17,1.3991,1.053,1,0.038352,-0.30022,0,0.9531,-3.1717,-3.0713,0,-0.33291,1.1261,0.05955,-6.871,-0.87774,0,0,0,0,1.7992,1.8027,1.8029,1.7989,16.617,4.3926,0,33.296,-1.0058,0,12.006
16.18,1.367,1.0222,1,0.036668,-0.29476,0,0.95487,-3.2395,-3.0799,0,-0.33625,1.1678,0.058954,-6.7032,-0.83386,0,0,0,0,1.7845,1.788,1.7882,1.7841,16.946,4.3821,0,32.336,-1.0835,0,11.908
16.19,1.3343,0.99137,1,0.034967,-0.28909,0,0.95666,-3.3057,-3.088,0,-0.33966,1.21,0.058412,-6.5321,-0.7901,0,0,0,0,1.7697,1.7732,1.7734,1.7693,17.264,4.3709,0,31.361,-1.1601,0,11.809
16.2,1.3009,0.96045,1,0.03325,-0.28321,0,0.95848,-3.3702,-3.0957,0,-0.34312,1.2528,0.057924,-6.358,-0.74645,0,0,0,0,1.7549,1.7585,1.7587,1.7546,17.573,4.3589,0,30.371,-1.2357,0,11.711
16.21,1.2669,0.92946,1,0.031515,-0.2771,0,0.96032,-3.4329,-3.103,0,-0.34663,1.296,0.057489,-6.1807,-0.70292,0,0,0,0,1.7402,1.7438,1.7441,1.7399,17.871,4.3462,0,29.366,-1.3103,0,11.613
16.22,1.2323,0.89839,1,0.029762,-0.27078,0,0.96218,-3.4938,-3.1098,0,-0.35016,1.3397,0.057105,-6.0006,-0.65953,0,0,0,0,1.7255,1.7292,1.7295,1.7252,18.16,4.3327,0,28.347,-1.3838,0,11.516
16.23,1.197,0.86726,1,0.027991,-0.26423,0,0.96405,-3.5529,-3.1161,0,-0.35371,1.3836,0.056772,-5.8176,-0.61627,0,0,0,0,1.711,1.7147,1.715,1.7107,18.438,4.3185,0,27.315,-1.4563,0,11.419
16.24,1.1612,0.83607,1,0.026202,-0.25746,0,0.96593,-3.6101,-3.1221,0,-0.35726,1.4279,0.056489,-5.6318,-0.57316,0,0,0,0,1.6966,1.7004,1.7006,1.6963,18.706,4.3036,0,26.27,-1.5277,0,11.323
16.25,1.1248,0.80482,1,0.024394,-0.25045,0,0.96782,-3.6655,-3.1276,0,-0.36079,1.4723,0.056253,-5.4435,-0.5302,0,0,0,0,1.6824,1.6862,1.6864,1.6822,18.964,4.288,0,25.213,-1.5981,0,11.229
16.26,1.0879,0.77352,1,0.022569,-0.24322,0,0.96971,-3.719,-3.1327,0,-0.36428,1.5169,0.056064,-5.2526,-0.4874,0,0,0,0,1.6684,1.6722,1.6725,1.6682,19.21,4.2716,0,24.144,-1.6675,0,11.135
16.27,1.0505,0.74217,1,0.020726,-0.23576,0,0.97159,-3.7705,-3.1374,0,-0.36771,1.5614,0.055919,-5.0593,-0.44477,0,0,0,0,1.6547,1.6584,1.6587,1.6544,19.447,4.2546,0,23.063,-1.7359,0,11.044
16.28,1.0125,0.71077,1,0.018865,-0.22806,0,0.97346,-3.8202,-3.1416,0,-0.37107,1.6057,0.055816,-4.8637,-0.40231,0,0,0,0,1.6412,1.6449,1.6452,1.641,19.672,4.2369,0,21.973,-1.8032,0,10.954
16.29,0.97405,0.67934,1,0.016986,-0.22013,0,0.97532,-3.8678,-3.1454,0,-0.37432,1.6498,0.055753,-4.6659,-0.36004,0,0,0,0,1.628,1.6317,1.632,1.6278,19.886,4.2185,0,20.872,-1.8694,0,10.866
16.3,0.93515,0.64787,1,0.015091,-0.21198,0,0.97716,-3.9135,-3.1488,0,-0.37745,1.6935,0.055728,-4.466,-0.31794,0,0,0,0,1.6152,1.6189,1.6192,1.615,20.089,4.1995,0,19.761,-1.9347,0,10.78
16.31,0.89579,0.61636,1,0.01318,-0.2036,0,0.97897,-3.9571,-3.1518,0,-0.38043,1.7367,0.055738,-4.2642,-0.27605,0,0,0,0,1.6027,1.6064,1.6066,1.6026,20.281,4.1799,0,18.641,-1.9989,0,10.697
16.32,0.85601,0.58483,1,0.011254,-0.19499,0,0.98074,-3.9987,-3.1543,0,-0.38324,1.7791,0.05578,-4.0604,-0.23435,0,0,0,0,1.5906,1.5943,1.5945,1.5905,20.462,4.1596,0,17.513,-2.062,0,10.617
16.33,0.81582,0.55328,1,0.0093131,-0.18615,0,0.98248,-4.0383,-3.1564,0,-0.38585,1.8206,0.05585,-3.855,-0.19286,0,0,0,0,1.579,1.5826,1.5828,1.5789,20.631,4.1386,0,16.378,-2.1242,0,10.539
16.34,0.77525,0.52171,1,0.0073593,-0.17711,0,0.98416,-4.0758,-3.1582,0,-0.38822,1.8611,0.055946,-3.6478,-0.15158,0,0,0,0,1.5678,1.5713,1.5715,1.5678,20.789,4.1171,0,15.234,-2.1853,0,10.464
16.35,0.73431,0.49012,1,0.0053937,-0.16784,0,0.9858,-4.1113,-3.1595,0,-0.39035,1.9003,0.056064,-3.4392,-0.11052,0,0,0,0,1.5572,1.5606,1.5608,1.5572,20.936,4.0949,0,14.084,-2.2454,0,10.393
16.36,0.69303,0.45852,1,0.0034177,-0.15838,0,0.98737,-4.1446,-3.1604,0,-0.39219,1.938,0.0562,-3.2292,-0.069683,0,0,0,0,1.547,1.5503,1.5505,1.5471,21.071,4.0722,0,12.928,-2.3045,0,10.325
16.37,0.65143,0.42691,1,0.0014329,-0.14871,0,0.98888,-4.1758,-3.1609,0,-0.39372,1.9741,0.05635,-3.0178,-0.029077,0,0,0,0,1.5374,1.5406,1.5407,1.5375,21.195,4.0488,0,11.766,-2.3626,0,10.26
16.38,0.60952,0.3953,1,-0.00055894,-0.13886,0,0.99031,-4.205,-3.161,0,-0.39493,2.0084,0.05651,-2.8053,0.011292,0,0,0,0,1.5284,1.5315,1.5316,1.5285,21.306,4.0249,0,10.599,-2.4198,0,10.2
16.39,0.56734,0.36369,1,-0.0025559,-0.12883,0,0.99166,-4.2319,-3.1606,0,-0.39577,2.0406,0.056675,-2.5917,0.051419,0,0,0,0,1.52,1.5229,1.523,1.5202,21.407,4.0004,0,9.4271,-2.476,0,10.143
16.4,0.52489,0.33209,1,-0.004556,-0.11863,0,0.99293,-4.2568,-3.1599,0,-0.39624,2.0706,0.05684,-2.3772,0.091299,0,0,0,0,1.5122,1.5149,1.515,1.5125,21.495,3.9754,0,8.2512,-2.5312,0,10.091
16.41,0.48221,0.3005,1,-0.006557,-0.10827,0,0.9941,-4.2795,-3.1588,0,-0.39631,2.0981,0.057002,-2.1619,0.13093,0,0,0,0,1.5051,1.5076,1.5076,1.5054,21.572,3.9498,0,7.0718,-2.5855,0,10.043
16.42,0.43931,0.26891,1,-0.0085566,-0.097771,0,0.99517,-4.3,-3.1573,0,-0.39596,2.1231,0.057156,-1.9458,0.17029,0,0,0,0,1.4987,1.501,1.5009,1.499,21.636,3.9237,0,5.8893,-2.6388,0,9.9992
16.43,0.39621,0.23735,1,-0.010553,-0.087142,0,0.99614,-4.3184,-3.1554,0,-0.39518,2.1453,0.057296,-1.7292,0.2094,0,0,0,0,1.4929,1.495,1.4949,1.4932,21.689,3.897,0,4.7044,-2.6912,0,9.9601
16.44,0.35295,0.20581,1,-0.012542,-0.0764,0,0.997,-4.3346,-3.1531,0,-0.39396,2.1645,0.057419,-1.5121,0.24823,0,0,0,0,1.4878,1.4897,1.4896,1.4882,21.73,3.8699,0,3.5176,-2.7427,0,9.9256
16.45,0.30953,0.17429,1,-0.014523,-0.06556,0,0.99774,-4.3486,-3.1505,0,-0.39229,2.1807,0.057519,-1.2946,0.28679,0,0,0,0,1.4835,1.4852,1.4849,1.4839,21.76,3.8422,0,2.3294,-2.7933,0,9.8958
16.46,0.26598,0.1428,1,-0.016493,-0.054639,0,0.99837,-4.3605,-3.1474,0,-0.39016,2.1937,0.057593,-1.0769,0.32507,0,0,0,0,1.4799,1.4813,1.481,1.4803,21.777,3.814,0,1.1403,-2.843,0,9.8709
16.47,0.22233,0.11134,1,-0.018449,-0.043655,0,0.99888,-4.3702,-3.144,0,-0.38757,2.2034,0.057635,-0.85912,0.36307,0,0,0,0,1.477,1.4782,1.4778,1.4775,21.782,3.7853,0,-0.048998,-2.8918,0,9.8509
16.48,0.17859,0.079922,1,-0.020389,-0.032625,0,0.99926,-4.3777,-3.1401,0,-0.38452,2.2098,0.057642,-0.64131,0.40078,0,0,0,0,1.4749,1.4758,1.4754,1.4754,21.776,3.7562,0,-1.2381,-2.9398,0,9.8357
16.49,0.13478,0.048541,1,-0.02231,-0.021568,0,0.99952,-4.383,-3.1359,0,-0.38103,2.2127,0.05761,-0.42364,0.43819,0,0,0,0,1.4735,1.4741,1.4737,1.474,21.758,3.7265,0,-2.4264,-2.9869,0,9.8255
16.5,0.090932,0.017204,1,-0.024209,-0.010502,0,0.99965,-4.3862,-3.1314,0,-0.37709,2.2122,0.057536,-0.2062,0.47531,0,0,0,0,1.4728,1.4732,1.4727,1.4734,21.728,3.6964,0,-3.6133,-3.0331,0,9.8203
16.51,0.047064,-0.014085,1,-0.026084,0.00055389,0,0.99966,-4.3871,-3.1264,0,-0.37274,2.2083,0.057415,0.010875,0.51212,0,0,0,0,1.4729,1.473,1.4725,1.4736,21.685,3.6659,0,-4.7984,-3.0785,0,9.82
16.52,0.0031966,-0.045323,1,-0.027934,0.011582,0,0.99954,-4.3859,-3.1211,0,-0.36798,2.201,0.057245,0.22747,0.54863,0,0,0,0,1.4737,1.4736,1.473,1.4744,21.632,3.6349,0,-5.981,-3.123,0,9.8246
16.53,-0.040648,-0.076506,1,-0.029755,0.022563,0,0.9993,-4.3826,-3.1155,0,-0.36283,2.1903,0.057025,0.44347,0.58482,0,0,0,0,1.4753,1.4749,1.4742,1.476,21.566,3.6034,0,-7.1607,-3.1668,0,9.834
16.54,-0.084448,-0.10763,1,-0.031546,0.03348,0,0.99894,-4.3771,-3.1094,0,-0.35733,2.1763,0.05675,0.65875,0.62069,0,0,0,0,1.4776,1.4769,1.4762,1.4783,21.488,3.5715,0,-8.3368,-3.2097,0,9.8483
16.55,-0.12818,-0.13869,1,-0.033305,0.044315,0,0.99846,-4.3694,-3.1031,0,-0.35149,2.1591,0.05642,0.87319,0.65625,0,0,0,0,1.4806,1.4796,1.4789,1.4813,21.399,3.5392,0,-9.5089,-3.2518,0,9.8672
16.56,-0.17183,-0.16969,1,-0.03503,0.055052,0,0.99787,-4.3596,-3.0963,0,-0.34535,2.1389,0.056034,1.0867,0.69148,0,0,0,0,1.4842,1.483,1.4823,1.485,21.298,3.5065,0,-10.676,-3.2931,0,9.8908
16.57,-0.21537,-0.20062,1,-0.03672,0.065673,0,0.99717,-4.3477,-3.0892,0,-0.33893,2.1158,0.055589,1.2991,0.72638,0,0,0,0,1.4886,1.4871,1.4863,1.4893,21.186,3.4734,0,-11.839,-3.3337,0,9.9189
16.58,-0.25878,-0.23147,1,-0.038373,0.076165,0,0.99636,-4.3336,-3.0818,0,-0.33228,2.0899,0.055087,1.5104,0.76094,0,0,0,0,1.4935,1.4919,1.4911,1.4943,21.061,3.4398,0,-12.995,-3.3734,0,9.9514
16.59,-0.30203,-0.26225,1,-0.039988,0.086512,0,0.99545,-4.3175,-3.074,0,-0.32541,2.0614,0.054526,1.7203,0.79517,0,0,0,0,1.4992,1.4973,1.4965,1.4999,20.926,3.4059,0,-14.146,-3.4124,0,9.9881
16.6,-0.34512,-0.29295,1,-0.041565,0.096702,0,0.99445,-4.2992,-3.0659,0,-0.31837,2.0304,0.053906,1.9288,0.82906,0,0,0,0,1.5054,1.5033,1.5024,1.5061,20.779,3.3716,0,-15.29,-3.4507,0,10.029
16.61,-0.38801,-0.32357,1,-0.043102,0.10672,0,0.99335,-4.2789,-3.0574,0,-0.31119,1.9973,0.053229,2.1358,0.8626,0,0,0,0,1.5122,1.5099,1.509,1.5129,20.62,3.3369,0,-16.426,-3.4882,0,10.073
16.62,-0.43069,-0.3541,1,-0.044599,0.11656,0,0.99218,-4.2565,-3.0486,0,-0.3039,1.9621,0.052494,2.3412,0.8958,0,0,0,0,1.5195,1.5171,1.5162,1.5203,20.45,3.3018,0,-17.554,-3.525,0,10.122
16.63,-0.47313,-0.38454,1,-0.046056,0.12621,0,0.99093,-4.2321,-3.0395,0,-0.29653,1.925,0.051703,2.5448,0.92864,0,0,0,0,1.5274,1.5249,1.5239,1.5282,20.269,3.2664,0,-18.675,-3.5611,0,10.174
16.64,-0.51532,-0.41489,1,-0.047472,0.13566,0,0.98962,-4.2056,-3.0301,0,-0.28912,1.8864,0.050856,2.7465,0.96112,0,0,0,0,1.5358,1.5331,1.5321,1.5365,20.077,3.2306,0,-19.786,-3.5964,0,10.229
16.65,-0.55724,-0.44514,1,-0.048848,0.1449,0,0.98824,-4.1772,-3.0203,0,-0.28169,1.8462,0.049956,2.9463,0.99325,0,0,0,0,1.5446,1.5418,1.5408,1.5453,19.873,3.1945,0,-20.887,-3.6311,0,10.288
16.66,-0.59886,-0.47529,1,-0.050184,0.15393,0,0.98681,-4.1467,-3.0102,0,-0.27426,1.8048,0.049004,3.144,1.025,0,0,0,0,1.5539,1.551,1.55,1.5546,19.659,3.158,0,-21.979,-3.6651,0,10.349
16.67,-0.64017,-0.50534,1,-0.051479,0.16273,0,0.98533,-4.1143,-2.9998,0,-0.26687,1.7624,0.048001,3.3394,1.0564,0,0,0,0,1.5636,1.5606,1.5596,1.5643,19.434,3.1212,0,-23.06,-3.6984,0,10.413
16.68,-0.68114,-0.53529,1,-0.052735,0.17131,0,0.9838,-4.0799,-2.9891,0,-0.25954,1.719,0.046949,3.5326,1.0874,0,0,0,0,1.5736,1.5705,1.5696,1.5743,19.198,3.084,0,-24.13,-3.731,0,10.48
16.69,-0.72176,-0.56513,1,-0.053952,0.17967,0,0.98225,-4.0437,-2.978,0,-0.25229,1.6749,0.04585,3.7234,1.1181,0,0,0,0,1.584,1.5809,1.5799,1.5847,18.951,3.0466,0,-25.188,-3.763,0,10.549
16.7,-0.76201,-0.59485,1,-0.055131,0.18779,0,0.98066,-4.0055,-2.9667,0,-0.24514,1.6302,0.044706,3.9116,1.1484,0,0,0,0,1.5947,1.5915,1.5905,1.5953,18.694,3.0088,0,-26.235,-3.7943,0,10.62
16.71,-0.80186,-0.62446,1,-0.056273,0.19568,0,0.97905,-3.9654,-2.9551,0,-0.2381,1.5851,0.043519,4.0972,1.1783,0,0,0,0,1.6057,1.6024,1.6015,1.6063,18.426,2.9707,0,-27.268,-3.825,0,10.693
16.72,-0.84131,-0.65395,1,-0.057378,0.20333,0,0.97743,-3.9235,-2.9431,0,-0.2312,1.5397,0.04229,4.2801,1.2078,0,0,0,0,1.617,1.6136,1.6127,1.6175,18.149,2.9323,0,-28.288,-3.855,0,10.768
16.73,-0.88033,-0.68332,1,-0.058447,0.21075,0,0.97579,-3.8798,-2.9309,0,-0.22444,1.4942,0.041022,4.4601,1.2369,0,0,0,0,1.6284,1.625,1.6241,1.6289,17.861,2.8936,0,-29.294,-3.8845,0,10.844
16.74,-0.9189,-0.71257,1,-0.059481,0.21794,0,0.97415,-3.8343,-2.9184,0,-0.21783,1.4486,0.039716,4.6373,1.2656,0,0,0,0,1.64,1.6366,1.6357,1.6405,17.563,2.8546,0,-30.286,-3.9133,0,10.921
16.75,-0.95701,-0.74169,1,-0.060483,0.22489,0,0.97251,-3.7871,-2.9056,0,-0.2114,1.4031,0.038374,4.8114,1.294,0,0,0,0,1.6518,1.6484,1.6475,1.6522,17.255,2.8153,0,-31.263,-3.9415,0,11
16.76,-0.99464,-0.77068,1,-0.061451,0.23161,0,0.97087,-3.7381,-2.8925,0,-0.20514,1.3577,0.036998,4.9823,1.322,0,0,0,0,1.6636,1.6602,1.6593,1.6641,16.938,2.7758,0,-32.225,-3.9692,0,11.079
16.77,-1.0318,-0.79954,1,-0.062389,0.23809,0,0.96924,-3.6875,-2.8792,0,-0.19905,1.3125,0.03559,5.1501,1.3495,0,0,0,0,1.6756,1.6722,1.6713,1.676,16.611,2.7359,0,-33.17,-3.9962,0,11.159
16.78,-1.0684,-0.82826,1,-0.063296,0.24435,0,0.96762,-3.6351,-2.8655,0,-0.19316,1.2677,0.03415,5.3145,1.3767,0,0,0,0,1.6876,1.6842,1.6834,1.688,16.274,2.6958,0,-34.099,-4.0227,0,11.239
16.79,-1.1045,-0.85685,1,-0.064175,0.25038,0,0.96602,-3.5812,-2.8516,0,-0.18745,1.2233,0.03268,5.4755,1.4034,0,0,0,0,1.6997,1.6963,1.6954,1.7,15.929,2.6555,0,-35.011,-4.0487,0,11.319
16.8,-1.14,-0.88529,1,-0.065026,0.25619,0,0.96444,-3.5256,-2.8375,0,-0.18193,1.1792,0.031182,5.6331,1.4298,0,0,0,0,1.7117,1.7084,1.7075,1.712,15.574,2.6149,0,-35.905,-4.0741,0,11.399
16.81,-1.175,-0.9136,1,-0.06585,0.26178,0,0.96288,-3.4685,-2.823,0,-0.1766,1.1357,0.029657,5.787,1.4557,0,0,0,0,1.7237,1.7204,1.7196,1.724,15.211,2.574,0,-36.781,-4.0989,0,11.479
16.82,-1.2094,-0.94175,1,-0.066649,0.26715,0,0.96135,-3.4099,-2.8084,0,-0.17146,1.0927,0.028106,5.9372,1.4813,0,0,0,0,1.7357,1.7324,1.7315,1.7359,14.839,2.5329,0,-37.638,-4.1232,0,11.559
16.83,-1.2432,-0.96976,1,-0.067424,0.2723,0,0.95985,-3.3498,-2.7934,0,-0.16652,1.0502,0.02653,6.0837,1.5064,0,0,0,0,1.7475,1.7442,1.7435,1.7478,14.458,2.4915,0,-38.476,-4.1469,0,11.638
16.84,-1.2764,-0.99762,1,-0.068175,0.27724,0,0.95838,-3.2883,-2.7782,0,-0.16176,1.0083,0.024929,6.2264,1.5311,0,0,0,0,1.7593,1.756,1.7552,1.7595,14.069,2.4499,0,-39.294,-4.1701,0,11.717
16.85,-1.3089,-1.0253,1,-0.068905,0.28198,0,0.95694,-3.2253,-2.7628,0,-0.15719,0.96694,0.023305,6.3651,1.5554,0,0,0,0,1.7709,1.7677,1.7669,1.7711,13.672,2.4081,0,-40.092,-4.1926,0,11.794
16.86,-1.3409,-1.0529,1,-0.069614,0.28651,0,0.95554,-3.161,-2.7471,0,-0.15281,0.92621,0.021659,6.4998,1.5792,0,0,0,0,1.7823,1.7791,1.7784,1.7825,13.267,2.3661,0,-40.869,-4.2146,0,11.871
16.87,-1.3721,-1.0803,1,-0.070304,0.29085,0,0.95418,-3.0953,-2.7312,0,-0.1486,0.88609,0.01999,6.6304,1.6027,0,0,0,0,1.7936,1.7904,1.7897,1.7937,12.855,2.3238,0,-41.624,-4.236,0,11.946
16.88,-1.4028,-1.1075,1,-0.070974,0.29498,0,0.95286,-3.0284,-2.7151,0,-0.14457,0.84657,0.0183,6.7569,1.6257,0,0,0,0,1.8046,1.8015,1.8008,1.8047,12.435,2.2814,0,-42.357,-4.2568,0,12.019
16.89,-1.4327,-1.1346,1,-0.071628,0.29893,0,0.95158,-2.9602,-2.6987,0,-0.14072,0.80766,0.016589,6.8791,1.6483,0,0,0,0,1.8154,1.8124,1.8117,1.8155,12.008,2.2387,0,-43.067,-4.277,0,12.092
16.9,-1.462,-1.1615,1,-0.072264,0.30268,0,0.95035,-2.8908,-2.6821,0,-0.13703,0.76934,0.014856,6.997,1.6705,0,0,0,0,1.826,1.823,1.8223,1.8261,11.574,2.1958,0,-43.755,-4.2967,0,12.162
16.91,-1.4905,-1.1882,1,-0.072885,0.30625,0,0.94916,-2.8203,-2.6653,0,-0.13351,0.73162,0.013104,7.1105,1.6922,0,0,0,0,1.8363,1.8333,1.8326,1.8363,11.133,2.1528,0,-44.418,-4.3157,0,12.231
16.92,-1.5184,-1.2148,1,-0.073492,0.30964,0,0.94801,-2.7486,-2.6483,0,-0.13014,0.69448,0.01133,7.2196,1.7136,0,0,0,0,1.8463,1.8433,1.8426,1.8463,10.685,2.1095,0,-45.057,-4.3341,0,12.298
16.93,-1.5455,-1.2412,1,-0.074084,0.31285,0,0.94691,-2.6759,-2.631,0,-0.12693,0.65791,0.0095369,7.3242,1.7344,0,0,0,0,1.856,1.853,1.8524,1.8559,10.232,2.0661,0,-45.671,-4.352,0,12.362
16.94,-1.5719,-1.2674,1,-0.074664,0.31588,0,0.94586,-2.6021,-2.6136,0,-0.12387,0.62188,0.007723,7.4242,1.7549,0,0,0,0,1.8653,1.8624,1.8617,1.8653,9.772,2.0225,0,-46.26,-4.3692,0,12.425
16.95,-1.5975,-1.2934,1,-0.075232,0.31873,0,0.94485,-2.5274,-2.5959,0,-0.12095,0.58638,0.0058888,7.5196,1.7749,0,0,0,0,1.8743,1.8714,1.8708,1.8742,9.3066,1.9787,0,-46.823,-4.3858,0,12.485
16.96,-1.6224,-1.3193,1,-0.075788,0.32142,0,0.9439,-2.4518,-2.5781,0,-0.11817,0.5514,0.004034,7.6104,1.7944,0,0,0,0,1.8829,1.8801,1.8795,1.8829,8.8356,1.9348,0,-47.359,-4.4017,0,12.542
16.97,-1.6466,-1.345,1,-0.076334,0.32394,0,0.94299,-2.3752,-2.56,0,-0.11552,0.5169,0.0021586,7.6963,1.8136,0,0,0,0,1.8912,1.8884,1.8877,1.8911,8.3595,1.8907,0,-47.868,-4.4171,0,12.597
16.98,-1.6699,-1.3705,1,-0.076871,0.3263,0,0.94214,-2.2978,-2.5418,0,-0.113,0.48286,0.00026229,7.7775,1.8323,0,0,0,0,1.899,1.8962,1.8956,1.8989,7.8784,1.8464,0,-48.349,-4.4318,0,12.65
16.99,-1.6925,-1.3958,1,-0.077398,0.32849,0,0.94133,-2.2197,-2.5234,0,-0.1106,0.44927,-0.0016552,7.8539,1.8505,0,0,0,0,1.9065,1.9037,1.9031,1.9064,7.3926,1.8021,0,-48.803,-4.4459,0,12.7
17,-1.7143,-1.421,1,-0.077918,0.33053,0,0.94057,-2.1408,-2.5048,0,-0.10832,0.4161,-0.0035942,7.9254,1.8683,0,0,0,0,1.9135,1.9108,1.9102,1.9134,6.9024,1.7575,0,-49.227,-4.4593,0,12.746
17.01,-1.7353,-1.4459,1,-0.078429,0.3324,0,0.93987,-2.0612,-2.486,0,-0.10615,0.38331,-0.005555,7.9919,1.8857,0,0,0,0,1.9201,1.9174,1.9168,1.92,6.4082,1.7129,0,-49.622,-4.4722,0,12.79
17.02,-1.7555,-1.4707,1,-0.078934,0.33413,0,0.93922,-1.981,-2.4671,0,-0.10408,0.35089,-0.007538,8.0535,1.9026,0,0,0,0,1.9263,1.9236,1.923,1.9261,5.9101,1.6681,0,-49.987,-4.4843,0,12.832
17.03,-1.7749,-1.4953,1,-0.079432,0.3357,0,0.93862,-1.9001,-2.448,0,-0.10212,0.31881,-0.0095437,8.1101,1.919,0,0,0,0,1.932,1.9293,1.9287,1.9318,5.4085,1.6232,0,-50.322,-4.4958,0,12.87
17.04,-1.7935,-1.5197,1,-0.079925,0.33711,0,0.93807,-1.8188,-2.4287,0,-0.10026,0.28704,-0.011573,8.1617,1.935,0,0,0,0,1.9372,1.9345,1.934,1.937,4.9037,1.5782,0,-50.626,-4.5067,0,12.905
17.05,-1.8113,-1.5439,1,-0.080412,0.33838,0,0.93757,-1.7369,-2.4093,0,-0.098482,0.25556,-0.013625,8.2082,1.9506,0,0,0,0,1.942,1.9393,1.9388,1.9417,4.3961,1.5331,0,-50.898,-4.5169,0,12.936
17.06,-1.8283,-1.5678,1,-0.080894,0.3395,0,0.93712,-1.6546,-2.3897,0,-0.096794,0.22433,-0.015702,8.2496,1.9657,0,0,0,0,1.9463,1.9436,1.9431,1.946,3.8859,1.4878,0,-51.138,-4.5265,0,12.965
17.07,-1.8444,-1.5916,1,-0.081372,0.34047,0,0.93673,-1.572,-2.37,0,-0.095187,0.19333,-0.017803,8.2859,1.9803,0,0,0,0,1.9501,1.9474,1.9469,1.9498,3.3735,1.4425,0,-51.345,-4.5353,0,12.99
17.08,-1.8597,-1.6152,1,-0.081847,0.34129,0,0.93639,-1.4889,-2.3501,0,-0.093656,0.16254,-0.019929,8.3171,1.9945,0,0,0,0,1.9534,1.9507,1.9502,1.9531,2.8591,1.3971,0,-51.519,-4.5436,0,13.012
17.09,-1.8742,-1.6386,1,-0.082318,0.34197,0,0.9361,-1.4056,-2.3301,0,-0.092196,0.13192,-0.022081,8.3431,2.0083,0,0,0,0,1.9562,1.9536,1.953,1.9559,2.3432,1.3517,0,-51.659,-4.5511,0,13.031
17.1,-1.8878,-1.6618,1,-0.082785,0.34251,0,0.93586,-1.3221,-2.3099,0,-0.090802,0.10145,-0.024258,8.3639,2.0216,0,0,0,0,1.9585,1.9559,1.9553,1.9582,1.826,1.3061,0,-51.765,-4.558,0,13.047
17.11,-1.9006,-1.6848,1,-0.083251,0.3429,0,0.93567,-1.2384,-2.2897,0,-0.08947,0.071098,-0.026463,8.3796,2.0344,0,0,0,0,1.9603,1.9577,1.9571,1.96,1.308,1.2605,0,-51.836,-4.5641,0,13.059
17.12,-1.9126,-1.7076,1,-0.083713,0.34315,0,0.93554,-1.1545,-2.2692,0,-0.088194,0.040844,-0.028695,8.3901,2.0468,0,0,0,0,1.9616,1.959,1.9584,1.9613,0.78943,1.2148,0,-51.872,-4.5696,0,13.067
17.13,-1.9237,-1.7302,1,-0.084174,0.34326,0,0.93546,-1.0706,-2.2487,0,-0.086969,0.010658,-0.030954,8.3954,2.0587,0,0,0,0,1.9624,1.9598,1.9592,1.9621,0.27068,1.1691,0,-51.871,-4.5744,0,13.072
17.14,-1.934,-1.7526,1,-0.084633,0.34323,0,0.93543,-0.98662,-2.2281,0,-0.08579,-0.019484,-0.033241,8.3955,2.0702,0,0,0,0,1.9627,1.9601,1.9595,1.9624,-0.24788,1.1233,0,-51.834,-4.5786,0,13.074
17.15,-1.9434,-1.7748,1,-0.085091,0.34305,0,0.93545,-0.90269,-2.2073,0,-0.084652,-0.049608,-0.035556,8.3904,2.0812,0,0,0,0,1.9625,1.9599,1.9593,1.9621,-0.76588,1.0775,0,-51.76,-4.582,0,13.073
17.16,-1.9521,-1.7968,1,-0.085547,0.34273,0,0.93553,-0.81883,-2.1865,0,-0.08355,-0.07974,-0.037901,8.3802,2.0917,0,0,0,0,1.9617,1.9591,1.9586,1.9614,-1.283,1.0317,0,-51.648,-4.5847,0,13.068
17.17,-1.9598,-1.8185,1,-0.086002,0.34227,0,0.93566,-0.7351,-2.1655,0,-0.082479,-0.1099,-0.040274,8.3648,2.1018,0,0,0,0,1.9605,1.9579,1.9573,1.9601,-1.7987,0.98585,0,-51.498,-4.5867,0,13.06
17.18,-1.9668,-1.8401,1,-0.086457,0.34167,0,0.93583,-0.65155,-2.1444,0,-0.081434,-0.14012,-0.042676,8.3442,2.1114,0,0,0,0,1.9588,1.9561,1.9556,1.9584,-2.3128,0.93997,0,-51.309,-4.588,0,13.048
17.19,-1.9729,-1.8614,1,-0.08691,0.34093,0,0.93606,-0.56824,-2.1233,0,-0.080408,-0.17042,-0.045108,8.3185,2.1206,0,0,0,0,1.9565,1.9539,1.9533,1.9562,-2.8248,0.89409,0,-51.081,-4.5886,0,13.033
17.2,-1.9781,-1.8825,1,-0.087363,0.34004,0,0.93635,-0.4852,-2.102,0,-0.079397,-0.20082,-0.04757,8.2877,2.1293,0,0,0,0,1.9538,1.9512,1.9506,1.9534,-3.3343,0.8482,0,-50.812,-4.5884,0,13.015
17.21,-1.9826,-1.9034,1,-0.087816,0.339,0,0.93668,-0.4025,-2.0807,0,-0.078395,-0.23133,-0.050061,8.2518,2.1376,0,0,0,0,1.9506,1.9479,1.9474,1.9502,-3.8409,0.80232,0,-50.503,-4.5876,0,12.994
17.22,-1.9862,-1.9241,1,-0.088267,0.33783,0,0.93706,-0.32018,-2.0593,0,-0.077397,-0.26199,-0.052581,8.2109,2.1454,0,0,0,0,1.9469,1.9442,1.9436,1.9465,-4.3442,0.75645,0,-50.154,-4.586,0,12.969
17.23,-1.989,-1.9446,1,-0.088718,0.3365,0,0.93749,-0.2383,-2.0378,0,-0.076395,-0.29281,-0.055131,8.165,2.1527,0,0,0,0,1.9427,1.9401,1.9395,1.9424,-4.8438,0.71061,0,-49.762,-4.5837,0,12.941
17.24,-1.9909,-1.9649,1,-0.089169,0.33503,0,0.93798,-0.1569,-2.0162,0,-0.075385,-0.32381,-0.057709,8.114,2.1596,0,0,0,0,1.9381,1.9354,1.9348,1.9377,-5.3393,0.66478,0,-49.329,-4.5806,0,12.91
17.25,-1.9921,-1.985,1,-0.089619,0.33341,0,0.93851,-0.076033,-1.9946,0,-0.07436,-0.355,-0.060316,8.0582,2.166,0,0,0,0,1.933,1.9303,1.9297,1.9326,-5.8302,0.619,0,-48.852,-4.5768,0,12.876
17.26,-1.9925,-2.0048,1,-0.090068,0.33164,0,0.9391,0.0042494,-1.9729,0,-0.073313,-0.3864,-0.06295,7.9975,2.1719,0,0,0,0,1.9275,1.9248,1.9241,1.9271,-6.3162,0.57325,0,-48.333,-4.5723,0,12.839
17.27,-1.992,-2.0244,1,-0.090516,0.32973,0,0.93973,0.0839,-1.9511,0,-0.072239,-0.41802,-0.065611,7.9319,2.1775,0,0,0,0,1.9215,1.9188,1.9182,1.9212,-6.7967,0.52755,0,-47.77,-4.567,0,12.799
17.28,-1.9908,-2.0438,1,-0.090963,0.32766,0,0.94041,0.16287,-1.9293,0,-0.071129,-0.44987,-0.068297,7.8615,2.1825,0,0,0,0,1.9152,1.9124,1.9118,1.9148,-7.2715,0.48191,0,-47.165,-4.5609,0,12.757
17.29,-1.9888,-2.063,1,-0.091409,0.32543,0,0.94114,0.24112,-1.9075,0,-0.069978,-0.48196,-0.071009,7.7865,2.1871,0,0,0,0,1.9084,1.9056,1.9049,1.908,-7.7399,0.43634,0,-46.518,-4.5542,0,12.711
17.3,-1.986,-2.082,1,-0.091853,0.32306,0,0.94191,0.31859,-1.8856,0,-0.068779,-0.51431,-0.073743,7.7068,2.1912,0,0,0,0,1.9012,1.8984,1.8977,1.9008,-8.2017,0.39083,0,-45.831,-4.5466,0,12.664
17.31,-1.9824,-2.1007,1,-0.092295,0.32052,0,0.94273,0.39524,-1.8637,0,-0.067523,-0.54691,-0.0765,7.6225,2.1949,0,0,0,0,1.8936,1.8908,1.8901,1.8933,-8.6564,0.34541,0,-45.105,-4.5383,0,12.613
17.32,-1.9781,-2.1192,1,-0.092734,0.31783,0,0.9436,0.47102,-1.8417,0,-0.066205,-0.57978,-0.079278,7.5337,2.1981,0,0,0,0,1.8857,1.8829,1.8822,1.8853,-9.1037,0.30007,0,-44.341,-4.5292,0,12.56
17.33,-1.973,-2.1375,1,-0.093171,0.31498,0,0.94452,0.54589,-1.8197,0,-0.064816,-0.61292,-0.082076,7.4404,2.2009,0,0,0,0,1.8774,1.8746,1.8739,1.8771,-9.5431,0.25483,0,-43.539,-4.5194,0,12.505
17.34,-1.9672,-2.1556,1,-0.093605,0.31196,0,0.94547,0.61981,-1.7977,0,-0.063349,-0.64633,-0.08489,7.3428,2.2032,0,0,0,0,1.8688,1.866,1.8652,1.8685,-9.9743,0.20968,0,-42.702,-4.5088,0,12.448
17.35,-1.9606,-2.1735,1,-0.094035,0.30879,0,0.94647,0.69274,-1.7756,0,-0.061796,-0.68,-0.087721,7.241,2.2051,0,0,0,0,1.8599,1.8571,1.8563,1.8596,-10.397,0.16465,0,-41.829,-4.4974,0,12.388
17.36,-1.9533,-2.1911,1,-0.09446,0.30544,0,0.94751,0.76462,-1.7536,0,-0.060149,-0.71394,-0.090565,7.1349,2.2065,0,0,0,0,1.8507,1.8478,1.8471,1.8504,-10.811,0.11974,0,-40.922,-4.4852,0,12.327
17.37,-1.9453,-2.2086,1,-0.094881,0.30193,0,0.9486,0.83542,-1.7315,0,-0.058401,-0.74814,-0.09342,7.0248,2.2075,0,0,0,0,1.8412,1.8384,1.8376,1.8409,-11.215,0.074952,0,-39.983,-4.4722,0,12.263
17.38,-1.9366,-2.2258,1,-0.095296,0.29826,0,0.94972,0.9051,-1.7094,0,-0.056544,-0.78259,-0.096284,6.9106,2.208,0,0,0,0,1.8315,1.8286,1.8278,1.8312,-11.61,0.030298,0,-39.011,-4.4585,0,12.198
17.39,-1.9272,-2.2428,1,-0.095705,0.29441,0,0.95088,0.97362,-1.6874,0,-0.054569,-0.81728,-0.099154,6.7926,2.2081,0,0,0,0,1.8215,1.8186,1.8178,1.8212,-11.995,-0.014215,0,-38.009,-4.4439,0,12.132
17.4,-1.9171,-2.2595,1,-0.096107,0.29039,0,0.95207,1.0409,-1.6653,0,-0.052468,-0.85218,-0.10203,6.6708,2.2077,0,0,0,0,1.8113,1.8085,1.8076,1.8111,-12.37,-0.058578,0,-36.977,-4.4286,0,12.064
17.41,-1.9064,-2.2761,1,-0.096501,0.2862,0,0.9533,1.107,-1.6432,0,-0.050234,-0.88729,-0.1049,6.5452,2.2069,0,0,0,0,1.8009,1.7981,1.7972,1.8007,-12.735,-0.10278,0,-35.917,-4.4125,0,11.995
17.42,-1.895,-2.2924,1,-0.096886,0.28183,0,0.95456,1.1718,-1.6211,0,-0.047859,-0.92257,-0.10777,6.4161,2.2057,0,0,0,0,1.7904,1.7876,1.7867,1.7902,-13.089,-0.14682,0,-34.828,-4.3955,0,11.925
17.43,-1.883,-2.3085,1,-0.097261,0.27729,0,0.95585,1.2353,-1.5991,0,-0.045334,-0.95799,-0.11063,6.2835,2.204,0,0,0,0,1.7797,1.7769,1.776,1.7796,-13.431,-0.19069,0,-33.713,-4.3778,0,11.854
17.44,-1.8703,-2.3244,1,-0.097625,0.27257,0,0.95717,1.2975,-1.5771,0,-0.042653,-0.99352,-0.11348,6.1475,2.2019,0,0,0,0,1.7689,1.7661,1.7652,1.7688,-13.763,-0.23438,0,-32.573,-4.3593,0,11.782
17.45,-1.857,-2.34,1,-0.097978,0.26767,0,0.95852,1.3583,-1.5551,0,-0.039807,-1.0291,-0.11631,6.0083,2.1993,0,0,0,0,1.7581,1.7553,1.7543,1.7579,-14.083,-0.27787,0,-31.408,-4.3399,0,11.709
17.46,-1.8431,-2.3555,1,-0.098318,0.26259,0,0.95989,1.4176,-1.5331,0,-0.03679,-1.0648,-0.11912,5.8659,2.1963,0,0,0,0,1.7471,1.7443,1.7433,1.747,-14.391,-0.32117,0,-30.219,-4.3197,0,11.636
17.47,-1.8287,-2.3707,1,-0.098644,0.25733,0,0.96128,1.4756,-1.5111,0,-0.033594,-1.1004,-0.12191,5.7205,2.1929,0,0,0,0,1.7361,1.7333,1.7323,1.736,-14.687,-0.36427,0,-29.008,-4.2987,0,11.563
17.48,-1.8136,-2.3857,1,-0.098954,0.25189,0,0.96268,1.532,-1.4892,0,-0.030214,-1.1359,-0.12466,5.5722,2.189,0,0,0,0,1.7251,1.7223,1.7213,1.725,-14.971,-0.40714,0,-27.776,-4.2769,0,11.49
17.49,-1.798,-2.4005,1,-0.099248,0.24627,0,0.96411,1.587,-1.4674,0,-0.026643,-1.1713,-0.12738,5.4211,2.1847,0,0,0,0,1.714,1.7114,1.7103,1.714,-15.243,-0.4498,0,-26.523,-4.2542,0,11.416
17.5,-1.7819,-2.415,1,-0.099524,0.24047,0,0.96554,1.6405,-1.4455,0,-0.022877,-1.2065,-0.13005,5.2674,2.18,0,0,0,0,1.703,1.7004,1.6994,1.7031,-15.501,-0.49223,0,-25.251,-4.2308,0,11.343
17.51,-1.7652,-2.4294,1,-0.099781,0.23449,0,0.96698,1.6924,-1.4238,0,-0.018911,-1.2414,-0.13268,5.1111,2.1749,0,0,0,0,1.6921,1.6895,1.6885,1.6922,-15.747,-0.53441,0,-23.961,-4.2064,0,11.27
17.52,-1.748,-2.4435,1,-0.10002,0.22833,0,0.96843,1.7427,-1.402,0,-0.014742,-1.2759,-0.13525,4.9525,2.1693,0,0,0,0,1.6812,1.6787,1.6777,1.6814,-15.981,-0.57635,0,-22.654,-4.1813,0,11.198
17.53,-1.7304,-2.4574,1,-0.10023,0.222,0,0.96988,1.7914,-1.3804,0,-0.010367,-1.31,-0.13775,4.7916,2.1634,0,0,0,0,1.6705,1.6681,1.667,1.6706,-16.2,-0.61804,0,-21.33,-4.1553,0,11.127
17.54,-1.7122,-2.4711,1,-0.10042,0.21549,0,0.97133,1.8385,-1.3588,0,-0.0057848,-1.3435,-0.14019,4.6285,2.157,0,0,0,0,1.6599,1.6575,1.6564,1.6601,-16.407,-0.65946,0,-19.992,-4.1284,0,11.056
17.55,-1.6936,-2.4846,1,-0.10059,0.20881,0,0.97277,1.884,-1.3372,0,-0.0009947,-1.3765,-0.14255,4.4635,2.1502,0,0,0,0,1.6494,1.6472,1.646,1.6496,-16.6,-0.7006,0,-18.64,-4.1007,0,10.987
17.56,-1.6745,-2.4979,1,-0.10073,0.20196,0,0.9742,1.9278,-1.3158,0,0.0040022,-1.4086,-0.14482,4.2966,2.143,0,0,0,0,1.6391,1.637,1.6358,1.6394,-16.78,-0.74147,0,-17.274,-4.0722,0,10.919
17.57,-1.6551,-2.5109,1,-0.10084,0.19494,0,0.97562,1.9699,-1.2944,0,0.0092035,-1.44,-0.147,4.1279,2.1354,0,0,0,0,1.629,1.627,1.6259,1.6294,-16.946,-0.78204,0,-15.897,-4.0428,0,10.852
17.58,-1.6352,-2.5238,1,-0.10093,0.18776,0,0.97702,2.0103,-1.2731,0,0.014606,-1.4704,-0.14909,3.9577,2.1273,0,0,0,0,1.6192,1.6173,1.6161,1.6196,-17.098,-0.82232,0,-14.509,-4.0125,0,10.787
17.59,-1.6149,-2.5364,1,-0.10098,0.18043,0,0.97839,2.049,-1.2518,0,0.020203,-1.4997,-0.15106,3.786,2.1189,0,0,0,0,1.6096,1.6078,1.6067,1.61,-17.236,-0.86229,0,-13.111,-3.9814,0,10.723
17.6,-1.5942,-2.5488,1,-0.101,0.17294,0,0.97974,2.086,-1.2307,0,0.025988,-1.5279,-0.15292,3.613,2.1101,0,0,0,0,1.6003,1.5986,1.5975,1.6008,-17.36,-0.90195,0,-11.704,-3.9494,0,10.662
17.61,-1.5731,-2.561,1,-0.10099,0.16531,0,0.98106,2.1213,-1.2096,0,0.031954,-1.5547,-0.15466,3.4389,2.1009,0,0,0,0,1.5913,1.5897,1.5886,1.5918,-17.47,-0.94128,0,-10.29,-3.9165,0,10.602
17.62,-1.5518,-2.573,1,-0.10094,0.15753,0,0.98234,2.1548,-1.1887,0,0.038089,-1.5802,-0.15627,3.2637,2.0913,0,0,0,0,1.5825,1.5812,1.58,1.5831,-17.566,-0.98027,0,-8.8688,-3.8828,0,10.545
17.63,-1.5301,-2.5848,1,-0.10086,0.14963,0,0.98358,2.1866,-1.1678,0,0.044381,-1.6041,-0.15774,3.0876,2.0813,0,0,0,0,1.5742,1.573,1.5718,1.5748,-17.647,-1.0189,0,-7.4422,-3.8482,0,10.49
17.64,-1.508,-2.5963,1,-0.10074,0.1416,0,0.98478,2.2166,-1.147,0,0.050817,-1.6263,-0.15906,2.9108,2.0709,0,0,0,0,1.5662,1.5652,1.564,1.5668,-17.715,-1.0572,0,-6.0111,-3.8127,0,10.437
17.65,-1.4857,-2.6077,1,-0.10059,0.13346,0,0.98594,2.2448,-1.1264,0,0.057382,-1.6468,-0.16024,2.7334,2.0601,0,0,0,0,1.5585,1.5577,1.5566,1.5593,-17.767,-1.0952,0,-4.5764,-3.7763,0,10.387
17.66,-1.4631,-2.6189,1,-0.10039,0.12521,0,0.98704,2.2712,-1.1058,0,0.064058,-1.6654,-0.16126,2.5555,2.049,0,0,0,0,1.5513,1.5506,1.5495,1.552,-17.806,-1.1328,0,-3.1394,-3.739,0,10.339
17.67,-1.4403,-2.6298,1,-0.10015,0.11686,0,0.98809,2.2959,-1.0854,0,0.070827,-1.6821,-0.16212,2.3773,2.0375,0,0,0,0,1.5444,1.544,1.5429,1.5452,-17.83,-1.17,0,-1.7009,-3.7008,0,10.294
17.68,-1.4172,-2.6406,1,-0.099879,0.10843,0,0.98907,2.3188,-1.0651,0,0.077671,-1.6967,-0.16282,2.1989,2.0256,0,0,0,0,1.538,1.5378,1.5367,1.5389,-17.84,-1.2068,0,-0.26215,-3.6618,0,10.252
17.69,-1.3939,-2.6511,1,-0.099563,0.099918,0,0.99,2.3399,-1.0449,0,0.084567,-1.7091,-0.16334,2.0205,2.0133,0,0,0,0,1.532,1.532,1.5309,1.5329,-17.836,-1.2432,0,1.1759,-3.6218,0,10.213
17.7,-1.3704,-2.6615,1,-0.099205,0.091347,0,0.99087,2.3592,-1.0248,0,0.091494,-1.7192,-0.16369,1.8423,2.0007,0,0,0,0,1.5264,1.5266,1.5256,1.5274,-17.817,-1.2792,0,2.6122,-3.5809,0,10.177
17.71,-1.3468,-2.6716,1,-0.098806,0.082725,0,0.99166,2.3767,-1.0049,0,0.09843,-1.7271,-0.16387,1.6642,1.9878,0,0,0,0,1.5213,1.5217,1.5207,1.5223,-17.783,-1.3148,0,4.0457,-3.5391,0,10.143
17.72,-1.3229,-2.6816,1,-0.098365,0.074063,0,0.99239,2.3925,-0.98507,0,0.10535,-1.7325,-0.16386,1.4866,1.9744,0,0,0,0,1.5167,1.5173,1.5163,1.5177,-17.736,-1.35,0,5.4753,-3.4964,0,10.113
17.73,-1.2989,-2.6913,1,-0.097882,0.065374,0,0.99305,2.4064,-0.9654,0,0.11223,-1.7356,-0.16368,1.3096,1.9608,0,0,0,0,1.5125,1.5133,1.5124,1.5135,-17.674,-1.3847,0,6.8999,-3.4528,0,10.086
17.74,-1.2748,-2.7009,1,-0.097357,0.056672,0,0.99363,2.4187,-0.94586,0,0.11906,-1.7361,-0.16332,1.1332,1.9467,0,0,0,0,1.5087,1.5098,1.5089,1.5098,-17.598,-1.419,0,8.3186,-3.4083,0,10.062
17.75,-1.2506,-2.7102,1,-0.096791,0.047969,0,0.99415,2.4291,-0.92646,0,0.12579,-1.7342,-0.16278,0.95767,1.9324,0,0,0,0,1.5054,1.5067,1.5059,1.5065,-17.507,-1.4529,0,9.7303,-3.3629,0,10.041
17.76,-1.2262,-2.7194,1,-0.096185,0.039278,0,0.99459,2.4378,-0.90721,0,0.13243,-1.7298,-0.16206,0.7831,1.9177,0,0,0,0,1.5026,1.5041,1.5033,1.5037,-17.403,-1.4863,0,11.134,-3.3165,0,10.023
17.77,-1.2018,-2.7284,1,-0.095538,0.030613,0,0.99495,2.4448,-0.88811,0,0.13893,-1.723,-0.16117,0.60965,1.9027,0,0,0,0,1.5003,1.5019,1.5012,1.5014,-17.285,-1.5192,0,12.528,-3.2692,0,10.008
17.78,-1.1773,-2.7372,1,-0.094852,0.021986,0,0.99525,2.45,-0.86916,0,0.14528,-1.7136,-0.16011,0.43746,1.8873,0,0,0,0,1.4984,1.5002,1.4996,1.4995,-17.153,-1.5517,0,13.913,-3.2209,0,9.9961
17.79,-1.1528,-2.7458,1,-0.094128,0.01341,0,0.99547,2.4535,-0.85037,0,0.15146,-1.7018,-0.15888,0.26665,1.8716,0,0,0,0,1.4969,1.499,1.4984,1.4981,-17.007,-1.5836,0,15.286,-3.1718,0,9.9872
17.8,-1.1283,-2.7542,1,-0.093366,0.0048991,0,0.99562,2.4553,-0.83173,0,0.15745,-1.6877,-0.15749,0.097369,1.8556,0,0,0,0,1.4959,1.4981,1.4976,1.497,-16.847,-1.6151,0,16.646,-3.1216,0,9.9811
17.81,-1.1037,-2.7624,1,-0.092568,-0.0035353,0,0.9957,2.4555,-0.81325,0,0.16324,-1.6711,-0.15594,-0.070245,1.8393,0,0,0,0,1.4953,1.4977,1.4972,1.4965,-16.674,-1.6461,0,17.994,-3.0705,0,9.9778
17.82,-1.0792,-2.7705,1,-0.091736,-0.011881,0,0.99571,2.454,-0.79494,0,0.16881,-1.6524,-0.15425,-0.23606,1.8227,0,0,0,0,1.4951,1.4977,1.4973,1.4963,-16.487,-1.6765,0,19.327,-3.0185,0,9.9773
17.83,-1.0546,-2.7783,1,-0.09087,-0.020126,0,0.99566,2.4508,-0.7768,0,0.17414,-1.6314,-0.15241,-0.39994,1.8058,0,0,0,0,1.4953,1.4981,1.4977,1.4965,-16.287,-1.7064,0,20.645,-2.9655,0,9.9795
17.84,-1.0301,-2.786,1,-0.089972,-0.028258,0,0.99554,2.446,-0.75883,0,0.17923,-1.6083,-0.15044,-0.56176,1.7886,0,0,0,0,1.496,1.4989,1.4986,1.4971,-16.074,-1.7358,0,21.946,-2.9115,0,9.9842
17.85,-1.0057,-2.7935,1,-0.089043,-0.036269,0,0.99537,2.4395,-0.74103,0,0.18406,-1.5832,-0.14833,-0.72138,1.7711,0,0,0,0,1.4969,1.5,1.4998,1.4981,-15.848,-1.7647,0,23.23,-2.8565,0,9.9913
17.86,-0.98136,-2.8008,1,-0.088086,-0.044146,0,0.99513,2.4315,-0.72341,0,0.18864,-1.5562,-0.14611,-0.87868,1.7533,0,0,0,0,1.4983,1.5015,1.5013,1.4994,-15.61,-1.7929,0,24.496,-2.8005,0,10.001
17.87,-0.95709,-2.808,1,-0.087102,-0.05188,0,0.99485,2.422,-0.70597,0,0.19294,-1.5273,-0.14378,-1.0335,1.7352,0,0,0,0,1.5,1.5033,1.5031,1.5011,-15.358,-1.8207,0,25.742,-2.7434,0,10.012
17.88,-0.93293,-2.8149,1,-0.086093,-0.059463,0,0.99451,2.4109,-0.6887,0,0.19698,-1.4968,-0.14135,-1.1858,1.7169,0,0,0,0,1.5019,1.5054,1.5053,1.503,-15.095,-1.8478,0,26.967,-2.6854,0,10.026
17.89,-0.90888,-2.8217,1,-0.08506,-0.066885,0,0.99413,2.3983,-0.67163,0,0.20075,-1.4647,-0.13883,-1.3354,1.6983,0,0,0,0,1.5042,1.5078,1.5077,1.5053,-14.819,-1.8744,0,28.171,-2.6263,0,10.042
17.9,-0.88497,-2.8284,1,-0.084005,-0.074139,0,0.9937,2.3842,-0.65474,0,0.20424,-1.4311,-0.13622,-1.4822,1.6794,0,0,0,0,1.5068,1.5104,1.5104,1.5078,-14.532,-1.9003,0,29.352,-2.5662,0,10.059
17.91,-0.8612,-2.8348,1,-0.08293,-0.081218,0,0.99324,2.3686,-0.63804,0,0.20747,-1.3961,-0.13353,-1.626,1.6603,0,0,0,0,1.5096,1.5133,1.5134,1.5106,-14.232,-1.9257,0,30.509,-2.505,0,10.078
17.92,-0.8376,-2.8411,1,-0.081836,-0.088114,0,0.99274,2.3517,-0.62154,0,0.21043,-1.3599,-0.13078,-1.7668,1.6409,0,0,0,0,1.5126,1.5164,1.5165,1.5136,-13.921,-1.9504,0,31.642,-2.4428,0,10.099
17.93,-0.81417,-2.8473,1,-0.080726,-0.094823,0,0.99222,2.3333,-0.60522,0,0.21313,-1.3226,-0.12797,-1.9044,1.6213,0,0,0,0,1.5159,1.5197,1.5199,1.5169,-13.6,-1.9745,0,32.749,-2.3795,0,10.121
17.94,-0.79094,-2.8532,1,-0.079601,-0.10134,0,0.99166,2.3136,-0.58911,0,0.21558,-1.2842,-0.12511,-2.0387,1.6014,0,0,0,0,1.5193,1.5232,1.5234,1.5202,-13.267,-1.998,0,33.83,-2.3151,0,10.143
17.95,-0.76791,-2.859,1,-0.078462,-0.10766,0,0.99109,2.2925,-0.5732,0,0.21778,-1.2449,-0.12221,-2.1697,1.5813,0,0,0,0,1.5228,1.5268,1.527,1.5238,-12.923,-2.0208,0,34.882,-2.2496,0,10.167
17.96,-0.74509,-2.8647,1,-0.077311,-0.11377,0,0.99049,2.2702,-0.55749,0,0.21974,-1.2048,-0.11928,-2.2971,1.561,0,0,0,0,1.5266,1.5305,1.5308,1.5275,-12.569,-2.043,0,35.906,-2.1831,0,10.192
17.97,-0.72251,-2.8702,1,-0.07615,-0.11968,0,0.98989,2.2466,-0.54198,0,0.22148,-1.1639,-0.11632,-2.421,1.5404,0,0,0,0,1.5304,1.5344,1.5347,1.5313,-12.205,-2.0645,0,36.9,-2.1154,0,10.218
17.98,-0.70016,-2.8755,1,-0.07498,-0.12538,0,0.98927,2.2218,-0.52668,0,0.22299,-1.1225,-0.11334,-2.5412,1.5197,0,0,0,0,1.5343,1.5383,1.5386,1.5351,-11.831,-2.0853,0,37.863,-2.0466,0,10.244
17.99,-0.67807,-2.8807,1,-0.073803,-0.13087,0,0.98865,2.1958,-0.51159,0,0.2243,-1.0804,-0.11035,-2.6576,1.4987,0,0,0,0,1.5382,1.5423,1.5426,1.539,-11.448,-2.1054,0,38.794,-1.9767,0,10.27
18,-0.65625,-2.8858,1,-0.072619,-0.13614,0,0.98802,2.1687,-0.4967,0,0.22541,-1.0379,-0.10735,-2.7701,1.4776,0,0,0,0,1.5422,1.5463,1.5467,1.543,-11.055,-2.1248,0,39.692,-1.9056,0,10.297
18.01,-0.6347,-2.8907,1,-0.07143,-0.1412,0,0.9874,2.1404,-0.48203,0,0.22633,-0.99505,-0.10435,-2.8787,1.4562,0,0,0,0,1.5462,1.5503,1.5507,1.547,-10.654,-2.1435,0,40.556,-1.8334,0,10.324
18.02,-0.61345,-2.8954,1,-0.070237,-0.14604,0,0.98678,2.1111,-0.46758,0,0.22708,-0.95184,-0.10136,-2.9832,1.4347,0,0,0,0,1.5502,1.5543,1.5547,1.5509,-10.244,-2.1615,0,41.385,-1.76,0,10.35
18.03,-0.59249,-2.9,1,-0.069041,-0.15067,0,0.98617,2.0808,-0.45334,0,0.22766,-0.90836,-0.098376,-3.0836,1.413,0,0,0,0,1.5542,1.5582,1.5587,1.5549,-9.8265,-2.1787,0,42.178,-1.6855,0,10.377
18.04,-0.57183,-2.9045,1,-0.067844,-0.15507,0,0.98557,2.0494,-0.43932,0,0.2281,-0.86468,-0.095411,-3.1797,1.3911,0,0,0,0,1.5581,1.5621,1.5626,1.5588,-9.4009,-2.1952,0,42.934,-1.6098,0,10.403
18.05,-0.5515,-2.9088,1,-0.066646,-0.15925,0,0.98499,2.0172,-0.42552,0,0.22839,-0.82085,-0.092465,-3.2715,1.3691,0,0,0,0,1.5619,1.566,1.5665,1.5626,-8.968,-2.2109,0,43.652,-1.5329,0,10.428
18.06,-0.53149,-2.913,1,-0.065447,-0.16322,0,0.98442,1.984,-0.41194,0,0.22854,-0.77692,-0.089545,-3.359,1.3469,0,0,0,0,1.5656,1.5697,1.5702,1.5663,-8.528,-2.2259,0,44.33,-1.4548,0,10.453
18.07,-0.51182,-2.917,1,-0.06425,-0.16696,0,0.98387,1.95,-0.39858,0,0.22858,-0.73292,-0.086652,-3.4421,1.3246,0,0,0,0,1.5693,1.5733,1.5738,1.5699,-8.0815,-2.24,0,44.968,-1.3755,0,10.477
18.08,-0.4925,-2.921,1,-0.063054,-0.17048,0,0.98334,1.9152,-0.38545,0,0.22851,-0.6889,-0.083791,-3.5206,1.3021,0,0,0,0,1.5728,1.5768,1.5773,1.5734,-7.6288,-2.2534,0,45.566,-1.295,0,10.5
18.09,-0.47352,-2.9247,1,-0.06186,-0.17379,0,0.98284,1.8796,-0.37254,0,0.22834,-0.64488,-0.080964,-3.5946,1.2795,0,0,0,0,1.5761,1.5801,1.5807,1.5767,-7.1703,-2.2659,0,46.12,-1.2132,0,10.523
18.1,-0.45491,-2.9284,1,-0.060669,-0.17687,0,0.98236,1.8433,-0.35986,0,0.22807,-0.6009,-0.078174,-3.664,1.2568,0,0,0,0,1.5793,1.5833,1.5838,1.5799,-6.7065,-2.2776,0,46.632,-1.1302,0,10.544
18.11,-0.43666,-2.9319,1,-0.059482,-0.17974,0,0.98191,1.8064,-0.3474,0,0.22773,-0.55697,-0.075424,-3.7288,1.234,0,0,0,0,1.5823,1.5863,1.5868,1.5829,-6.2378,-2.2885,0,47.099,-1.046,0,10.564
18.12,-0.41878,-2.9354,1,-0.058298,-0.18238,0,0.9815,1.7688,-0.33518,0,0.22731,-0.51311,-0.072716,-3.7888,1.211,0,0,0,0,1.5851,1.5891,1.5896,1.5857,-5.7647,-2.2985,0,47.521,-0.96057,0,10.583
18.13,-0.40128,-2.9387,1,-0.057118,-0.18482,0,0.98111,1.7306,-0.32318,0,0.22682,-0.46935,-0.070052,-3.844,1.188,0,0,0,0,1.5878,1.5917,1.5922,1.5883,-5.2876,-2.3077,0,47.896,-0.87384,0,10.6
18.14,-0.38417,-2.9418,1,-0.055943,-0.18703,0,0.98076,1.6919,-0.31142,0,0.22628,-0.4257,-0.067433,-3.8945,1.1649,0,0,0,0,1.5902,1.5941,1.5946,1.5906,-4.8069,-2.316,0,48.224,-0.78584,0,10.616
18.15,-0.36745,-2.9449,1,-0.054773,-0.18903,0,0.98044,1.6527,-0.29988,0,0.22568,-0.38216,-0.064861,-3.9402,1.1417,0,0,0,0,1.5923,1.5962,1.5967,1.5928,-4.3233,-2.3234,0,48.503,-0.69656,0,10.63
18.16,-0.35112,-2.9478,1,-0.053608,-0.19081,0,0.98016,1.6131,-0.28858,0,0.22504,-0.33876,-0.062337,-3.981,1.1184,0,0,0,0,1.5942,1.5981,1.5986,1.5947,-3.837,-2.3299,0,48.733,-0.60599,0,10.643
18.17,-0.33519,-2.9507,1,-0.052448,-0.19238,0,0.97992,1.5731,-0.27752,0,0.22436,-0.29548,-0.059862,-4.0169,1.0951,0,0,0,0,1.5959,1.5998,1.6003,1.5963,-3.3488,-2.3355,0,48.912,-0.51412,0,10.654
18.18,-0.31966,-2.9534,1,-0.051294,-0.19374,0,0.97971,1.5328,-0.26668,0,0.22364,-0.25235,-0.057438,-4.0479,1.0717,0,0,0,0,1.5973,1.6012,1.6017,1.5977,-2.859,-2.3402,0,49.04,-0.42094,0,10.663
18.19,-0.30453,-2.956,1,-0.050146,-0.19488,0,0.97954,1.4922,-0.25608,0,0.22289,-0.20936,-0.055064,-4.0741,1.0483,0,0,0,0,1.5985,1.6023,1.6028,1.5989,-2.3682,-2.344,0,49.115,-0.32644,0,10.671
18.2,-0.28981,-2.9585,1,-0.049004,-0.19582,0,0.97942,1.4513,-0.24572,0,0.22212,-0.16653,-0.052741,-4.0953,1.0248,0,0,0,0,1.5994,1.6032,1.6037,1.5998,-1.8769,-2.3467,0,49.136,-0.23061,0,10.677
18.21,-0.2755,-2.9609,1,-0.047867,-0.19654,0,0.97933,1.4103,-0.23558,0,0.22132,-0.12385,-0.050471,-4.1116,1.0014,0,0,0,0,1.6,1.6038,1.6043,1.6004,-1.3856,-2.3486,0,49.103,-0.13344,0,10.681
18.22,-0.26161,-2.9632,1,-0.046737,-0.19706,0,0.97928,1.3691,-0.22569,0,0.2205,-0.081323,-0.048252,-4.123,0.97788,0,0,0,0,1.6004,1.6041,1.6046,1.6007,-0.895,-2.3494,0,49.013,-0.034928,0,10.683
18.23,-0.24812,-2.9654,1,-0.045613,-0.19736,0,0.97927,1.3278,-0.21603,0,0.21967,-0.038963,-0.046087,-4.1295,0.95439,0,0,0,0,1.6004,1.6042,1.6046,1.6008,-0.40555,-2.3493,0,48.868,0.064945,0,10.683
18.24,-0.23505,-2.9675,1,-0.044495,-0.19746,0,0.9793,1.2865,-0.2066,0,0.21882,0.0032285,-0.043974,-4.1311,0.9309,0,0,0,0,1.6002,1.6039,1.6044,1.6005,0.082153,-2.3481,0,48.664,0.16618,0,10.682
18.25,-0.22239,-2.9695,1,-0.043383,-0.19735,0,0.97937,1.2452,-0.19741,0,0.21795,0.045245,-0.041914,-4.1279,0.90743,0,0,0,0,1.5997,1.6034,1.6039,1.6,0.56753,-2.3459,0,48.401,0.2688,0,10.679
18.26,-0.21015,-2.9715,1,-0.042278,-0.19703,0,0.97948,1.204,-0.18845,0,0.21707,0.087078,-0.039907,-4.1198,0.88398,0,0,0,0,1.599,1.6027,1.6031,1.5993,1.05,-2.3427,0,48.079,0.3728,0,10.673
18.27,-0.19831,-2.9733,1,-0.041178,-0.19651,0,0.97964,1.1629,-0.17973,0,0.21617,0.12872,-0.037953,-4.1069,0.86058,0,0,0,0,1.598,1.6016,1.6021,1.5983,1.5289,-2.3385,0,47.695,0.4782,0,10.667
18.28,-0.18689,-2.9751,1,-0.040085,-0.19579,0,0.97983,1.1219,-0.17124,0,0.21526,0.17015,-0.036052,-4.0892,0.83722,0,0,0,0,1.5967,1.6003,1.6008,1.597,2.0037,-2.3332,0,47.25,0.585,0,10.658
18.29,-0.17587,-2.9767,1,-0.038999,-0.19486,0,0.98006,1.0811,-0.16298,0,0.21433,0.21136,-0.034204,-4.0668,0.81392,0,0,0,0,1.5952,1.5988,1.5992,1.5954,2.4737,-2.3268,0,46.742,0.69322,0,10.648
18.3,-0.16527,-2.9783,1,-0.037918,-0.19373,0,0.98032,1.0406,-0.15496,0,0.21338,0.25233,-0.032409,-4.0398,0.79069,0,0,0,0,1.5934,1.597,1.5974,1.5936,2.9383,-2.3193,0,46.17,0.80287,0,10.636
18.31,-0.15506,-2.9798,1,-0.036844,-0.1924,0,0.98062,1.0003,-0.14717,0,0.21242,0.29304,-0.030667,-4.0081,0.76753,0,0,0,0,1.5913,1.5949,1.5953,1.5916,3.3969,-2.3107,0,45.532,0.91394,0,10.622
18.32,-0.14526,-2.9813,1,-0.035776,-0.19087,0,0.98096,0.96041,-0.13961,0,0.21143,0.33346,-0.028977,-3.9719,0.74448,0,0,0,0,1.5891,1.5926,1.593,1.5893,3.8487,-2.301,0,44.829,1.0265,0,10.607
18.33,-0.13585,-2.9826,1,-0.034715,-0.18914,0,0.98134,0.92089,-0.13228,0,0.21042,0.37356,-0.02734,-3.9311,0.72152,0,0,0,0,1.5866,1.5901,1.5905,1.5868,4.2932,-2.2902,0,44.058,1.1405,0,10.59
18.34,-0.12684,-2.9839,1,-0.033659,-0.18721,0,0.98174,0.8818,-0.12518,0,0.20937,0.41332,-0.025756,-3.886,0.69868,0,0,0,0,1.5839,1.5873,1.5877,1.584,4.7297,-2.2782,0,43.219,1.2559,0,10.572
18.35,-0.11821,-2.9851,1,-0.032611,-0.18509,0,0.98218,0.84318,-0.11831,0,0.2083,0.45268,-0.024224,-3.8366,0.67596,0,0,0,0,1.581,1.5844,1.5848,1.5811,5.1574,-2.265,0,42.311,1.3729,0,10.552
18.36,-0.10997,-2.9863,1,-0.031569,-0.18278,0,0.98265,0.80508,-0.11166,0,0.20718,0.4916,-0.022744,-3.7829,0.65338,0,0,0,0,1.5779,1.5812,1.5816,1.578,5.5756,-2.2507,0,41.333,1.4913,0,10.531
18.37,-0.10211,-2.9874,1,-0.030533,-0.18027,0,0.98314,0.76754,-0.10524,0,0.20603,0.53004,-0.021315,-3.7251,0.63095,0,0,0,0,1.5746,1.5779,1.5783,1.5747,5.9838,-2.2352,0,40.283,1.6113,0,10.509
18.38,-0.094621,-2.9884,1,-0.029505,-0.17757,0,0.98367,0.73059,-0.09904,0,0.20482,0.56793,-0.019939,-3.6633,0.60868,0,0,0,0,1.5712,1.5744,1.5748,1.5713,6.3811,-2.2185,0,39.161,1.7328,0,10.486
18.39,-0.087497,-2.9894,1,-0.028483,-0.17469,0,0.98421,0.69428,-0.093064,0,0.20356,0.60522,-0.018614,-3.5975,0.58658,0,0,0,0,1.5676,1.5708,1.5712,1.5677,6.7668,-2.2006,0,37.965,1.8559,0,10.462
18.4,-0.080733,-2.9903,1,-0.027469,-0.17162,0,0.98478,0.65865,-0.087308,0,0.20223,0.64183,-0.017341,-3.528,0.56467,0,0,0,0,1.5639,1.567,1.5674,1.564,7.1401,-2.1814,0,36.695,1.9805,0,10.437
18.41,-0.074322,-2.9911,1,-0.026462,-0.16837,0,0.98537,0.62374,-0.08177,0,0.20084,0.6777,-0.016119,-3.4548,0.54296,0,0,0,0,1.5601,1.5631,1.5635,1.5602,7.5004,-2.1609,0,35.35,2.1067,0,10.412
18.42,-0.068256,-2.9919,1,-0.025463,-0.16495,0,0.98597,0.58957,-0.076448,0,0.19937,0.71274,-0.014948,-3.378,0.52146,0,0,0,0,1.5562,1.5592,1.5595,1.5562,7.8469,-2.1392,0,33.928,2.2345,0,10.385
18.43,-0.062528,-2.9926,1,-0.024472,-0.16135,0,0.98659,0.55619,-0.07134,0,0.19782,0.74685,-0.013828,-3.2979,0.50018,0,0,0,0,1.5522,1.5551,1.5554,1.5523,8.1787,-2.1162,0,32.428,2.3639,0,10.358
18.44,-0.057129,-2.9933,1,-0.023489,-0.15759,0,0.98723,0.52362,-0.066444,0,0.19618,0.77995,-0.012758,-3.2145,0.47914,0,0,0,0,1.5482,1.551,1.5513,1.5482,8.4952,-2.0919,0,30.85,2.4949,0,10.331
18.45,-0.052052,-2.994,1,-0.022515,-0.15366,0,0.98787,0.49191,-0.061756,0,0.19444,0.81193,-0.011738,-3.128,0.45834,0,0,0,0,1.5441,1.5468,1.5471,1.5441,8.7954,-2.0663,0,29.191,2.6276,0,10.304
18.46,-0.047288,-2.9946,1,-0.02155,-0.14957,0,0.98852,0.46107,-0.057276,0,0.19258,0.84269,-0.010768,-3.0386,0.43781,0,0,0,0,1.54,1.5426,1.5429,1.54,9.0787,-2.0394,0,27.453,2.7619,0,10.276
18.47,-0.042828,-2.9951,1,-0.020595,-0.14533,0,0.98917,0.43115,-0.052999,0,0.19061,0.8721,-0.0098475,-2.9465,0.41756,0,0,0,0,1.536,1.5383,1.5387,1.5359,9.3442,-2.0111,0,25.632,2.8978,0,10.248
18.48,-0.038662,-2.9956,1,-0.019651,-0.14095,0,0.98982,0.40215,-0.048924,0,0.18852,0.90005,-0.0089759,-2.8518,0.3976,0,0,0,0,1.5319,1.5341,1.5345,1.5318,9.5911,-1.9814,0,23.728,3.0355,0,10.221
18.49,-0.034782,-2.9961,1,-0.018717,-0.13643,0,0.99047,0.37412,-0.045046,0,0.18629,0.92641,-0.0081527,-2.7547,0.37794,0,0,0,0,1.5279,1.5299,1.5303,1.5278,9.8185,-1.9504,0,21.741,3.1748,0,10.193
18.5,-0.031176,-2.9965,1,-0.017795,-0.13178,0,0.99112,0.34706,-0.041364,0,0.18391,0.95105,-0.0073774,-2.6555,0.35859,0,0,0,0,1.5239,1.5258,1.5262,1.5238,10.026,-1.9179,0,19.668,3.3159,0,10.166
18.51,-0.027837,-2.9969,1,-0.016885,-0.127,0,0.99176,0.32101,-0.037873,0,0.18139,0.97382,-0.0066493,-2.5543,0.33958,0,0,0,0,1.52,1.5217,1.5221,1.5199,10.212,-1.8841,0,17.51,3.4586,0,10.139
18.52,-0.024753,-2.9973,1,-0.015988,-0.12212,0,0.99239,0.29598,-0.034571,0,0.1787,0.9946,-0.0059676,-2.4513,0.32092,0,0,0,0,1.5162,1.5177,1.5181,1.516,10.376,-1.8487,0,15.264,3.6031,0,10.113
18.53,-0.021914,-2.9976,1,-0.015104,-0.11714,0,0.993,0.27199,-0.031454,0,0.17585,1.0132,-0.0053316,-2.3469,0.30261,0,0,0,0,1.5125,1.5138,1.5142,1.5123,10.517,-1.812,0,12.931,3.7494,0,10.088
18.54,-0.019309,-2.9979,1,-0.014236,-0.11207,0,0.9936,0.24905,-0.028518,0,0.17281,1.0296,-0.0047403,-2.2411,0.28468,0,0,0,0,1.5089,1.51,1.5104,1.5087,10.634,-1.7738,0,10.508,3.8974,0,10.063
18.55,-0.016929,-2.9982,1,-0.013382,-0.10691,0,0.99418,0.22717,-0.025759,0,0.1696,1.0435,-0.0041928,-2.1343,0.26714,0,0,0,0,1.5055,1.5063,1.5067,1.5053,10.726,-1.734,0,7.995,4.0472,0,10.04
18.56,-0.014762,-2.9984,1,-0.012545,-0.1017,0,0.99474,0.20637,-0.023173,0,0.16619,1.0548,-0.0036878,-2.0267,0.25001,0,0,0,0,1.5022,1.5028,1.5032,1.502,10.793,-1.6928,0,5.3908,4.1988,0,10.017
18.57,-0.012798,-2.9986,1,-0.011726,-0.096427,0,0.99527,0.18664,-0.020757,0,0.16259,1.0634,-0.0032242,-1.9185,0.23329,0,0,0,0,1.4991,1.4994,1.4998,1.4988,10.834,-1.6501,0,2.6944,4.3522,0,9.9952
18.58,-0.011026,-2.9988,1,-0.010924,-0.091118,0,0.99578,0.168,-0.018506,0,0.15878,1.0691,-0.0028007,-1.8101,0.21701,0,0,0,0,1.4962,1.4962,1.4966,1.4958,10.847,-1.6058,0,-0.09547,4.5074,0,9.9746
18.59,-0.0094346,-2.999,1,-0.010142,-0.085786,0,0.99626,0.15044,-0.016416,0,0.15477,1.0718,-0.0024157,-1.7016,0.20118,0,0,0,0,1.4934,1.4931,1.4936,1.493,10.832,-1.5599,0,-2.9797,4.6645,0,9.9552
18.6,-0.0080135,-2.9992,1,-0.0093807,-0.080446,0,0.99671,0.13397,-0.014481,0,0.15054,1.0713,-0.0020679,-1.5935,0.18582,0,0,0,0,1.4908,1.4902,1.4907,1.4904,10.787,-1.5125,0,-5.9593,4.8234,0,9.937
18.61,-0.0067517,-2.9993,1,-0.0086405,-0.075114,0,0.99714,0.11857,-0.012698,0,0.1461,1.0675,-0.0017555,-1.486,0.17094,0,0,0,0,1.4885,1.4875,1.488,1.488,10.712,-1.4634,0,-9.0355,4.9841,0,9.92
18.62,-0.0056385,-2.9994,1,-0.0079229,-0.069808,0,0.99753,0.10424,-0.011061,0,0.14144,1.0603,-0.0014769,-1.3794,0.15656,0,0,0,0,1.4863,1.485,1.4855,1.4858,10.606,-1.4128,0,-12.209,5.1468,0,9.9044
18.63,-0.0046633,-2.9995,1,-0.007229,-0.064544,0,0.99789,0.090977,-0.0095647,0,0.13656,1.0495,-0.0012301,-1.274,0.14269,0,0,0,0,1.4843,1.4827,1.4832,1.4838,10.468,-1.3605,0,-15.481,5.3113,0,9.89
18.64,-0.0038155,-2.9996,1,-0.0065598,-0.059342,0,0.99822,0.078758,-0.008205,0,0.13146,1.035,-0.0010134,-1.1701,0.12935,0,0,0,0,1.4825,1.4805,1.4811,1.482,10.296,-1.3065,0,-18.853,5.4778,0,9.877
18.65,-0.0030847,-2.9997,1,-0.0059165,-0.054219,0,0.99851,0.067568,-0.0069759,0,0.12614,1.0167,-0.00082477,-1.0682,0.11656,0,0,0,0,1.481,1.4786,1.4792,1.4804,10.09,-1.2509,0,-22.326,5.6462,0,9.8653
18.66,-0.0024608,-2.9998,1,-0.0053002,-0.049196,0,0.99878,0.057386,-0.0058719,0,0.12059,0.99453,-0.00066216,-0.96846,0.10434,0,0,0,0,1.4796,1.4768,1.4774,1.479,9.8493,-1.1936,0,-25.9,5.8165,0,9.8549
18.67,-0.0019337,-2.9998,1,-0.0047121,-0.044293,0,0.99901,0.04819,-0.0048872,0,0.11483,0.96834,-0.00052356,-0.87132,0.092696,0,0,0,0,1.4784,1.4753,1.4759,1.4778,9.572,-1.1346,0,-29.577,5.9888,0,9.8457
18.68,-0.0014938,-2.9999,1,-0.0041533,-0.039529,0,0.99921,0.03995,-0.0040159,0,0.10884,0.93804,-0.00040686,-0.77714,0.081653,0,0,0,0,1.4774,1.4739,1.4745,1.4768,9.2574,-1.0738,0,-33.358,6.163,0,9.8377
18.69,-0.0011316,-2.9999,1,-0.0036248,-0.034927,0,0.99938,0.032636,-0.0032521,0,0.10264,0.90353,-0.00030999,-0.6863,0.071225,0,0,0,0,1.4766,1.4727,1.4733,1.476,8.9045,-1.0113,0,-37.243,6.3392,0,9.8308
18.7,-0.00083814,-2.9999,1,-0.0031278,-0.030507,0,0.99953,0.026212,-0.0025893,0,0.096223,0.86474,-0.00023086,-0.59918,0.061432,0,0,0,0,1.4759,1.4716,1.4722,1.4753,8.5122,-0.94704,0,-41.235,6.5174,0,9.8251
18.71,-0.00060458,-2.9999,1,-0.0026633,-0.026291,0,0.99965,0.020638,-0.0020213,0,0.089592,0.82157,-0.00016742,-0.51619,0.052291,0,0,0,0,1.4754,1.4707,1.4713,1.4748,8.0794,-0.88096,0,-45.334,6.6976,0,9.8203
18.72,-0.00042267,-3,1,-0.0022325,-0.022302,0,0.99975,0.015873,-0.0015413,0,0.08275,0.77395,-0.00011766,-0.43773,0.043819,0,0,0,0,1.4751,1.4699,1.4706,1.4744,7.6051,-0.81308,0,-49.54,6.8799,0,9.8165
18.73,-0.00028459,-3,1,-0.0018363,-0.018561,0,0.99983,0.011867,-0.0011426,0,0.075699,0.7218,-7.9616e-05,-0.36423,0.036035,0,0,0,0,1.4748,1.4692,1.4699,1.4741,7.0882,-0.74336,0,-53.856,7.0642,0,9.8134
18.74,-0.00018297,-3,1,-0.0014759,-0.015093,0,0.99989,0.0085702,-0.00081822,0,0.068442,0.66502,-5.1436e-05,-0.29611,0.028958,0,0,0,0,1.4747,1.4686,1.4694,1.474,6.5276,-0.67179,0,-58.281,7.2505,0,9.8111
18.75,-0.00011101,-3,1,-0.0011523,-0.011919,0,0.99993,0.0059256,-0.00056101,0,0.06098,0.60356,-3.1355e-05,-0.23383,0.022606,0,0,0,0,1.4747,1.4682,1.4689,1.4739,5.9222,-0.59834,0,-62.818,7.4389,0,9.8094
18.76,-6.2481e-05,-3,1,-0.00086652,-0.0090654,0,0.99996,0.0038728,-0.00036363,0,0.053314,0.53731,-1.773e-05,-0.17782,0.016997,0,0,0,0,1.4747,1.4678,1.4685,1.4739,5.2709,-0.523,0,-67.467,7.6294,0,9.8082
18.77,-3.1794e-05,-3,1,-0.00061954,-0.0065547,0,0.99998,0.0023466,-0.00021852,0,0.045446,0.46619,-9.0633e-06,-0.12857,0.012152,0,0,0,0,1.4748,1.4674,1.4682,1.474,4.5725,-0.44575,0,-72.23,7.822,0,9.8075
18.78,-1.4025e-05,-3,1,-0.0004124,-0.0044119,0,0.99999,0.0012773,-0.00011798,0,0.037376,0.39011,-4.0157e-06,-0.086534,0.0080888,0,0,0,0,1.475,1.4671,1.4679,1.4742,3.8259,-0.36656,0,-77.106,8.0166,0,9.807
18.79,-4.9729e-06,-3,1,-0.00024612,-0.0026621,0,1,0.00059024,-5.4077e-05,0,0.029103,0.30897,-1.4302e-06,-0.052213,0.0048273,0,0,0,0,1.4752,1.4668,1.4677,1.4744,3.03,-0.28541,0,-82.098,8.2135,0,9.8067
18.8,-1.2107e-06,-3,1,-0.00012172,-0.0013308,0,1,0.00020572,-1.8697e-05,0,0.020627,0.22266,-3.4971e-07,-0.026102,0.0023872,0,0,0,0,1.4754,1.4666,1.4674,1.4746,2.1836,-0.20228,0,-87.206,8.4124,0,9.8066
18.81,-1.3147e-07,-3,1,-4.0197e-05,-0.00044426,0,1,3.913e-05,-3.5278e-06,0,0.011946,0.13108,-3.8136e-08,-0.0087133,0.00078839,0,0,0,0,1.4757,1.4663,1.4672,1.4748,1.2855,-0.11715,0,-92.432,8.6135,0,9.8066
18.82,-5.4588e-10,-3,1,-2.596e-06,-2.8997e-05,0,1,6.4359e-07,-5.7565e-08,0,0.0030595,0.034113,-1.5903e-10,-0.00056873,5.0916e-05,0,0,0,0,1.4759,1.4661,1.467,1.475,0.33454,-0.030003,0,-97.776,8.8168,0,9.8066
18.823,-1.249e-16,-3,1,-2.2642e-17,-9.0569e-17,0,1,-3.0809e-15,1.7434e-16,0,-3.5549e-15,-4.0213e-14,-5.8855e-31,-1.7764e-15,4.4409e-16,0,0,0,0,1.476,1.466,1.4669,1.4751,-3.9435e-13,3.4861e-14,0,-99.615,8.8862,0,9.8066
