t,p_x,p_y,p_z,q_x,q_y,q_z,q_w,v_x,v_y,v_z,w_x,w_y,w_z,a_lin_x,a_lin_y,a_lin_z,a_rot_x,a_rot_y,a_rot_z,u_1,u_2,u_3,u_4,jerk_x,jerk_y,jerk_z,snap_x,snap_y,snap_z,thrust
0,-2.5,-3.5,1,0,0,0,1,0,0,0,0,0,0,0,0,0,0,0,0,2.0461,0.89587,1.8779,1.064,0,0,0,-1832.4,9630.9,17543,9.8066
0.01,-2.5,-3.5,1,-0.021194,-0.0040297,0,0.99977,-0.00028941,0.0015219,0.0026424,-7.5942,-1.4433,1.152e-05,-0.085264,0.44845,0.76552,0,0,0,1.8647,1.3109,1.7829,1.3906,-16.436,86.478,142.42,-1462.4,7703.1,11131,10.582
0.02,-2.5,-3.4999,1.0001,-0.066516,-0.012638,0,0.99771,-0.0021935,0.01154,0.019039,-9.8091,-1.8621,0.0001094,-0.31713,1.6691,2.6534,0,0,0,1.9036,1.8708,1.8972,1.8736,-29.394,154.81,226.3,-1136,5998.9,5821,12.575
0.03,-2.5001,-3.4997,1.0005,-0.11447,-0.021735,0,0.99319,-0.0070114,0.036907,0.057667,-9.2416,-1.7519,0.00033079,-0.66294,3.4913,5.1318,0,0,0,2.2436,2.3645,2.2599,2.3451,-39.291,207.16,262.23,-849.87,4504.6,1528.8,15.355
0.04,-2.5002,-3.4991,1.0013,-0.15761,-0.029906,0,0.98705,-0.015736,0.082872,0.1222,-8.2037,-1.5523,0.00068808,-1.094,5.7657,7.7709,0,0,0,2.7254,2.8352,2.7404,2.8178,-46.514,245.55,259.99,-600.6,3206.6,-1828.4,18.531
0.05,-2.5004,-3.498,1.003,-0.19597,-0.037155,0,0.97991,-0.029093,0.15329,0.21249,-7.4635,-1.4088,0.0012554,-1.5855,8.3623,10.234,0,0,0,3.235,3.2979,3.2435,3.2876,-51.415,271.9,228.51,-384.86,2091.1,-4333.8,21.773
0.06,-2.5008,-3.496,1.0057,-0.23141,-0.043832,0,0.97187,-0.047575,0.25082,0.32545,-7.1235,-1.3401,0.0021934,-2.1157,11.169,12.271,0,0,0,3.7157,3.7346,3.7182,3.7307,-54.312,287.94,175.88,-199.3,1144.5,-6070.9,24.832
0.07,-2.5014,-3.4929,1.0096,-0.26574,-0.050273,0,0.96273,-0.071473,0.37706,0.45589,-7.1221,-1.3337,0.0037715,-2.666,14.092,13.706,0,0,0,4.1394,4.1236,4.1371,4.1247,-55.49,295.3,109.37,-40.551,353.14,-7122.9,27.541
0.08,-2.5022,-3.4883,1.0148,-0.30037,-0.056732,0,0.95213,-0.10091,0.53278,0.5972,-7.3803,-1.3736,0.0064162,-3.2206,17.051,14.433,0,0,0,4.4926,4.4511,4.4871,4.4559,-55.201,295.47,35.425,94.735,-296.65,-7572.9,29.811
0.09,-2.5034,-3.4821,1.0215,-0.33628,-0.063375,0,0.93963,-0.13585,0.718,0.74204,-7.8265,-1.4448,0.010786,-3.7658,19.982,14.408,0,0,0,4.7725,4.7135,4.7652,4.7207,-53.662,289.8,-40.359,209.92,-818.53,-7504.4,31.62
0.1,-2.5049,-3.4739,1.0296,-0.37405,-0.070286,0,0.92474,-0.17616,0.93215,0.88287,-8.3903,-1.5324,0.017874,-4.2903,22.832,13.636,0,0,0,4.9842,4.9165,4.9767,4.9249,-51.058,279.48,-113.21,308.35,-1226.2,-7000.6,33.004
0.11,-2.5069,-3.4634,1.0391,-0.41386,-0.077462,0,0.90704,-0.22156,1.1742,1.0124,-8.9914,-1.6191,0.029124,-4.784,25.56,12.167,0,0,0,5.139,5.0731,5.1333,5.0813,-47.54,265.61,-179.2,393.38,-1533.2,-6144.7,34.045
0.12,-2.5094,-3.4503,1.0498,-0.45546,-0.084799,0,0.88621,-0.2717,1.4428,1.1242,-9.5342,-1.6846,0.046543,-5.2384,28.135,10.085,0,0,0,5.2526,5.2008,5.2512,5.2072,-43.224,249.11,-235.21,468.37,-1753.4,-5020,34.853
0.13,-2.5124,-3.4344,1.0615,-0.49807,-0.092092,0,0.86223,-0.32617,1.7364,1.2125,-9.912,-1.7068,0.072744,-5.6461,30.536,7.5035,0,0,0,5.3432,5.3182,5.3487,5.3213,-38.195,230.79,-278.98,536.69,-1900.3,-3709.8,35.552
0.14,-2.5159,-3.4155,1.074,-0.54054,-0.09904,0,0.83547,-0.38445,2.0529,1.273,-10.026,-1.6655,0.11089,-6.0001,32.747,4.5515,0,0,0,5.4289,5.4412,5.4438,5.4401,-32.502,211.3,-309.07,601.67,-1987.6,-2297.5,36.257
0.15,-2.5201,-3.3933,1.0869,-0.58145,-0.10528,0,0.80674,-0.44597,2.3906,1.3027,-9.8103,-1.5481,0.16451,-6.294,34.76,1.3699,0,0,0,5.5254,5.5796,5.5514,5.5743,-26.161,191.19,-324.86,666.68,-2029,-866.14,37.051
0.16,-2.5249,-3.3676,1.0999,-0.61943,-0.11046,0,0.77724,-0.5101,2.7475,1.3001,-9.2576,-1.3531,0.23723,-6.5211,36.57,-1.8988,0,0,0,5.643,5.7363,5.6803,5.7281,-19.157,170.83,-326.6,735.07,-2038.1,500.86,37.979
0.17,-2.5303,-3.3383,1.1128,-0.65338,-0.11424,0,0.74836,-0.57615,3.1214,1.2649,-8.4192,-1.091,0.33264,-6.6747,38.177,-5.1187,0,0,0,5.7842,5.9077,5.8324,5.8987,-11.437,150.49,-315.34,810.2,-2028.6,1720.3,39.038
0.18,-2.5364,-3.3052,1.1251,-0.6827,-0.11638,0,0.72138,-0.64333,3.5103,1.1983,-7.3885,-0.77954,0.45423,-6.7472,39.58,-8.1684,0,0,0,5.9443,6.0859,6.0022,6.0784,-2.9213,130.28,-292.93,894.52,-2012.4,2722.6,40.185
0.19,-2.5432,-3.268,1.1367,-0.70723,-0.11671,0,0.69728,-0.71079,3.9123,1.1025,-6.2651,-0.43724,0.60516,-6.7302,40.783,-10.948,0,0,0,6.1123,6.2614,6.1788,6.2576,6.4774,110.25,-261.62,986.16,-1992.5,3504.6,41.35
0.2,-2.5506,-3.2269,1.1471,-0.72719,-0.11511,0,0.67671,-0.7776,4.3253,0.98051,-5.1251,-0.078008,0.78796,-6.6145,41.786,-13.378,0,0,0,6.2749,6.4243,6.3492,6.4257,16.816,90.441,-223.52,1081.9,-1969.1,4082.7,42.457
0.21,-2.5587,-3.1815,1.1562,-0.74296,-0.11148,0,0.65999,-0.84272,4.7474,0.83625,-4.0153,0.28983,1.0045,-6.3907,42.593,-15.402,0,0,0,6.4195,6.5653,6.501,6.5729,28.119,70.879,-180.59,1178.7,-1942.8,4473.6,43.431
0.22,-2.5674,-3.1319,1.1638,-0.75495,-0.1057,0,0.64721,-0.90502,5.1765,0.67396,-2.958,0.6626,1.256,-6.0489,43.205,-16.98,0,0,0,6.5357,6.6765,6.6242,6.6908,40.381,51.593,-134.62,1273.2,-1914,4693.5,44.212
0.23,-2.5768,-3.078,1.1696,-0.76355,-0.097662,0,0.63833,-0.96328,5.6108,0.49821,-1.9576,1.0397,1.5431,-5.58,43.625,-18.09,0,0,0,6.6161,6.7519,6.7111,6.7732,53.565,32.607,-87.234,1362.3,-1882.9,4759.2,44.754
0.24,-2.5867,-3.0197,1.1737,-0.76903,-0.087232,0,0.63323,-1.0162,6.0484,0.31375,-1.0077,1.422,1.8658,-4.9748,43.858,-18.725,0,0,0,6.6563,6.7882,6.7575,6.8166,67.599,13.942,-39.895,1442.9,-1850,4687.1,45.031
0.25,-2.5971,-2.957,1.1759,-0.7716,-0.074259,0,0.63176,-1.0623,6.4874,0.12528,-0.096084,1.8107,2.2228,-4.2255,43.905,-18.892,0,0,0,6.655,6.7843,6.7615,6.8198,82.383,-4.387,6.1033,1511.7,-1815.6,4493.7,45.034
0.26,-2.6079,-2.8899,1.1762,-0.77129,-0.058591,0,0.63378,-1.1002,6.9259,-0.062599,0.79153,2.2062,2.6118,-3.3251,43.771,-18.611,0,0,0,6.6136,6.7414,6.7241,6.7839,97.784,-22.367,49.63,1565.6,-1780.2,4195.5,44.772
0.27,-2.6191,-2.8185,1.1747,-0.76807,-0.040088,0,0.63911,-1.1283,7.3622,-0.24554,1.6693,2.607,3.0284,-2.2683,43.459,-17.911,0,0,0,6.5359,6.6631,6.6485,6.7124,113.64,-39.989,89.719,1601.5,-1744.1,3809.1,44.267
0.28,-2.6304,-2.7427,1.1713,-0.76177,-0.01864,0,0.64758,-1.145,7.7945,-0.41955,2.5488,3.009,3.4661,-1.0515,42.973,-16.831,0,0,0,6.428,6.5548,6.5399,6.6106,129.74,-57.248,125.57,1616.1,-1707.8,3350.9,43.556
0.29,-2.6419,-2.6626,1.1663,-0.75211,0.0058056,0,0.65901,-1.1488,8.2211,-0.58104,3.4373,3.4042,3.9154,0.32664,42.315,-15.416,0,0,0,6.298,6.4235,6.4054,6.4852,145.88,-74.144,156.55,1606.2,-1671.5,2837.4,42.687
0.3,-2.6534,-2.5783,1.1598,-0.73876,0.03321,0,0.67315,-1.1379,8.6403,-0.72692,4.335,3.7808,4.3632,1.8652,41.491,-13.718,0,0,0,6.1553,6.2774,6.2532,6.3441,161.77,-90.68,182.19,1568.7,-1635.7,2285.2,41.717
0.31,-2.6646,-2.4898,1.1518,-0.72135,0.06341,0,0.68966,-1.1109,9.0504,-0.85463,5.233,4.1224,4.7931,3.5604,40.503,-11.791,0,0,0,6.0103,6.1254,6.093,6.1959,177.15,-106.86,202.18,1500.5,-1600.8,1710.8,40.708
0.32,-2.6755,-2.3973,1.1427,-0.69953,0.096079,0,0.70812,-1.0662,9.4498,-0.96217,6.111,4.4099,5.1856,5.4053,39.355,-9.6932,0,0,0,5.8737,5.9767,5.935,6.0494,191.67,-122.7,216.39,1398.3,-1567.2,1130.7,39.725
0.33,-2.6859,-2.3009,1.1327,-0.67304,0.13071,0,0.72796,-1.0024,9.8369,-1.0481,6.9372,4.623,5.5199,7.3898,38.05,-7.4823,0,0,0,5.7553,5.8404,5.7896,5.9131,204.99,-138.21,224.83,1258.9,-1535.2,561.45,38.831
0.34,-2.6955,-2.2006,1.1218,-0.64183,0.16663,0,0.74852,-0.91802,10.21,-1.1116,7.6719,4.7447,5.7763,9.4998,36.592,-5.2151,0,0,0,5.6633,5.7248,5.6666,5.7948,216.71,-153.41,227.71,1079.3,-1505.2,19.469,38.083
0.35,-2.7042,-2.0967,1.1105,-0.60611,0.20301,0,0.76904,-0.81201,10.568,-1.1524,8.2735,4.7652,5.9398,11.717,34.983,-2.9455,0,0,0,5.6032,5.6368,5.5739,5.7015,226.43,-168.32,225.37,856.84,-1477.5,-479.77,37.526
0.36,-2.7117,-1.9893,1.0989,-0.56636,0.23899,0,0.78874,-0.68339,10.909,-1.1707,8.7087,4.6859,6.0034,14.02,33.226,-0.72357,0,0,0,5.577,5.5812,5.5173,5.6382,233.72,-182.96,218.27,595.44,-1450.9,-930.62,37.189
0.37,-2.7178,-1.8786,1.0872,-0.52336,0.27372,0,0.80695,-0.53141,11.232,-1.1672,8.9594,4.5212,5.9713,16.383,31.324,1.4057,0,0,0,5.5837,5.5604,5.4991,5.608,238.23,-197.34,206.92,302.25,-1423.7,-1332.6,37.085
0.38,-2.7222,-1.7647,1.0756,-0.47805,0.30653,0,0.82311,-0.35564,11.535,-1.143,9.0299,4.2958,5.8577,18.775,29.28,3.4022,0,0,0,5.6198,5.574,5.5181,5.6118,239.68,-211.43,191.79,-15.536,-1394,-1685.4,37.206
0.39,-2.7248,-1.648,1.0644,-0.4314,0.33697,0,0.83687,-0.15592,11.817,-1.0997,8.946,4.0381,5.6837,21.165,27.097,5.2305,0,0,0,5.6803,5.6189,5.5699,5.6476,237.86,-225.2,173.38,-350.73,-1360,-1988.4,37.528
0.4,-2.7253,-1.5285,1.0537,-0.3843,0.3648,0,0.84808,0.067553,12.077,-1.0391,8.7487,3.7738,5.4734,23.521,24.778,6.8605,0,0,0,5.7593,5.6896,5.6476,5.7109,232.64,-238.61,152.19,-696.14,-1319.9,-2241.4,38.012
0.41,-2.7234,-1.4065,1.0436,-0.33743,0.39003,0,0.85675,0.31426,12.313,-0.96325,8.4852,3.5219,5.2499,25.806,22.326,8.2667,0,0,0,5.8506,5.7791,5.7434,5.7956,223.93,-251.58,128.72,-1044.6,-1272,-2443.8,38.614
0.42,-2.7189,-1.2823,1.0344,-0.29123,0.41275,0,0.86303,0.58333,12.523,-0.87456,8.2005,3.2928,5.0331,27.988,19.748,9.4289,0,0,0,5.9479,5.8797,5.8491,5.8941,211.76,-264.02,103.48,-1388.8,-1214.2,-2595.3,39.285
0.43,-2.7116,-1.1561,1.0262,-0.24591,0.43317,0,0.86712,0.87355,12.707,-0.77553,7.9322,3.0894,4.8387,30.03,17.048,10.332,0,0,0,6.0454,5.9836,5.9572,5.9989,196.19,-275.82,76.982,-1721.7,-1145,-2695.5,39.975
0.44,-2.7014,-1.0283,1.0189,-0.20146,0.45151,0,0.86923,1.1834,12.864,-0.66881,7.7082,2.9085,4.678,31.901,14.234,10.966,0,0,0,6.1377,6.0839,6.0608,6.1028,177.39,-286.87,49.741,-2036,-1062.4,-2744,40.642
0.45,-2.6879,-0.89895,1.0128,-0.15771,0.46793,0,0.86958,1.5109,12.991,-0.55713,7.5474,2.7431,4.5588,33.568,11.314,11.326,0,0,0,6.2201,6.1747,6.1543,6.1997,155.56,-297.02,22.276,-2324.5,-964.6,-2740.2,41.248
0.46,-2.6711,-0.76852,1.0078,-0.11439,0.48258,0,0.86835,1.8539,13.09,-0.4432,7.4605,2.583,4.4864,35.003,8.297,11.413,0,0,0,6.2892,6.2513,6.2335,6.2849,131.01,-306.11,-4.8883,-2580.1,-849.82,-2683.9,41.765
0.47,-2.6508,-0.63726,1.0039,-0.071155,0.4955,0,0.86569,2.2101,13.157,-0.32977,7.4518,2.4163,4.4638,36.18,5.1956,11.231,0,0,0,6.3425,6.3107,6.2956,6.3551,104.09,-313.95,-31.225,-2795.5,-716.25,-2574.6,42.173
0.48,-2.6269,-0.50548,1.0012,-0.027639,0.50664,0,0.86171,2.5766,13.193,-0.21944,7.5193,2.2293,4.4925,37.078,2.0228,10.793,0,0,0,6.3794,6.3512,6.3395,6.4085,75.253,-320.36,-56.202,-2963.6,-562.05,-2411.8,42.464
0.49,-2.5992,-0.3735,0.99954,0.016513,0.51589,0,0.8565,2.9507,13.197,-0.11472,7.6554,2.0069,4.5723,37.681,-1.2061,10.113,0,0,0,6.4006,6.3728,6.3653,6.4447,45.001,-325.12,-79.282,-3077.2,-385.42,-2195.3,42.639
0.5,-2.5678,-0.24164,0.99889,0.061605,0.52298,0,0.85011,3.3292,13.169,-0.017903,7.8456,1.7332,4.7009,37.976,-4.4733,9.2151,0,0,0,6.4082,6.3768,6.375,6.4648,13.915,-327.99,-99.927,-3129,-184.54,-1924.5,42.708
0.51,-2.5326,-0.11023,0.99915,0.10784,0.5276,0,0.84262,3.7091,13.108,0.068944,8.0677,1.3927,4.8733,37.958,-7.7588,8.1248,0,0,0,6.406,6.3662,6.3718,6.4709,-17.35,-328.72,-117.59,-3111.9,42.408,-1599,42.691
0.52,-2.4936,0.020402,1.0002,0.15529,0.52931,0,0.8341,4.0873,13.014,0.14406,8.2902,0.97175,5.08,37.63,-11.04,6.8751,0,0,0,6.399,6.3452,6.3602,6.4658,-48.069,-327.05,-131.72,-3018.7,297.23,-1218.5,42.617
0.53,-2.4509,0.14993,1.002,0.20379,0.52765,0,0.82465,4.4607,12.887,0.20604,8.4719,0.46255,5.3064,37.001,-14.291,5.5039,0,0,0,6.3926,6.3193,6.3456,6.453,-77.46,-322.69,-141.79,-2847,578.51,-787.27,42.517
0.54,-2.4045,0.27804,1.0043,0.25298,0.52217,0,0.81446,4.8264,12.728,0.25388,8.5663,-0.13293,5.5333,36.088,-17.484,4.0543,0,0,0,6.3918,6.2948,6.3339,6.4365,-104.78,-315.42,-147.35,-2607,876.76,-321.83,42.428
0.55,-2.3544,0.40439,1.007,0.3022,0.51247,0,0.80377,5.1816,12.538,0.28702,8.5289,-0.79949,5.7385,34.915,-20.589,2.5727,0,0,0,6.4005,6.2778,6.3302,6.4204,-129.41,-305.13,-148.17,-2310.4,1181.2,159.54,42.381
0.56,-2.3009,0.52869,1.01,0.35063,0.49837,0,0.7929,5.5239,12.317,0.30538,8.3238,-1.5083,5.8988,33.51,-23.576,1.107,0,0,0,6.4209,6.2735,6.3382,6.4084,-150.84,-291.81,-144.17,-1969.2,1481.1,638.51,42.402
0.57,-2.244,0.65063,1.0131,0.39726,0.47989,0,0.78224,5.8512,12.067,0.30937,7.9312,-2.2199,5.993,31.91,-26.416,-0.29507,0,0,0,6.4532,6.2854,6.3598,6.4033,-168.69,-275.56,-135.47,-1595.3,1765.6,1096.8,42.503
0.58,-2.1839,0.76993,1.0161,0.4411,0.45734,0,0.77219,6.1616,11.789,0.29985,7.3514,-2.8898,6.0048,30.15,-29.079,-1.5878,0,0,0,6.4955,6.3145,6.3945,6.4072,-182.68,-256.59,-122.37,-1200.6,2024,1516,42.686
0.59,-2.1208,0.88633,1.019,0.48121,0.43132,0,0.76316,6.4538,11.486,0.27812,6.6049,-3.4761,5.9248,28.27,-31.539,-2.7293,0,0,0,6.545,6.3594,6.44,6.4207,-192.67,-235.21,-105.34,-796.99,2245.6,1877.9,42.942
0.6,-2.0549,0.99957,1.0217,0.51685,0.4026,0,0.7555,6.7267,11.159,0.24589,5.7284,-3.9458,5.7519,26.31,-33.776,-3.6837,0,0,0,6.5976,6.4163,6.4926,6.4432,-198.63,-211.84,-85.061,-396.37,2419.5,2164.1,43.249
0.61,-1.9863,1.1094,1.0239,0.54752,0.37209,0,0.74951,6.9798,10.811,0.20517,4.7686,-4.279,5.4932,24.31,-35.771,-4.4225,0,0,0,6.6494,6.4803,6.5477,6.4729,-200.65,-187.01,-62.372,-10.661,2535,2356.4,43.584
0.62,-1.9154,1.2157,1.0257,0.573,0.34076,0,0.74536,7.2129,10.444,0.15822,3.7755,-4.4694,5.1619,22.309,-37.513,-4.9266,0,0,0,6.6966,6.5458,6.6012,6.5071,-198.93,-161.37,-38.308,348.25,2581.4,2436.3,43.918
0.63,-1.8421,1.3183,1.0271,0.5933,0.30949,0,0.74311,7.4261,10.062,0.10744,2.7978,-4.5226,4.7761,20.343,-38.998,-5.1881,0,0,0,6.7361,6.608,6.6491,6.543,-193.81,-135.65,-14.079,668.79,2548.5,2387,44.227
0.64,-1.7669,1.4169,1.0279,0.60868,0.27905,0,0.74272,7.62,9.6654,0.055252,1.8788,-4.4525,4.3549,18.443,-40.229,-5.2119,0,0,0,6.7663,6.663,6.6888,6.5777,-185.7,-110.65,9.0147,945.35,2438.7,2212.9,44.493
0.65,-1.6898,1.5115,1.0282,0.61957,0.2501,0,0.74403,7.7953,9.2579,0.0039416,1.0506,-4.278,3.9155,16.637,-41.216,-5.0154,0,0,0,6.7867,6.7086,6.719,6.6086,-175.05,-87.089,29.838,1177.3,2264.3,1936.7,44.705
0.66,-1.6111,1.6021,1.028,0.62648,0.2231,0,0.74682,7.9531,8.8418,-0.044411,0.33502,-4.0191,3.4715,14.949,-41.977,-4.6258,0,0,0,6.7979,6.744,6.7394,6.6346,-162.31,-65.539,47.487,1364,2038.2,1581.9,44.86
0.67,-1.5308,1.6884,1.0273,0.63002,0.19843,0,0.7508,8.0947,8.4191,-0.088048,-0.25405,-3.6954,3.0338,13.397,-42.535,-4.0785,0,0,0,6.8009,6.7696,6.751,6.6553,-147.92,-46.454,61.291,1505.1,1773.2,1171.6,44.961
0.68,-1.4492,1.7704,1.0262,0.63081,0.1763,0,0.75565,8.2216,7.9917,-0.12559,-0.70883,-3.3256,2.6108,11.994,-42.916,-3.4143,0,0,0,6.7973,6.7865,6.755,6.6712,-132.36,-30.162,70.812,1600.1,1482.1,729.16,45.017
0.69,-1.3664,1.8482,1.0248,0.62948,0.15686,0,0.76102,8.3352,7.5612,-0.15609,-1.0269,-2.9266,2.2091,10.752,-43.148,-2.6772,0,0,0,6.7888,6.7961,6.7534,6.6831,-116.08,-16.857,75.845,1648.4,1177.6,277.87,45.036
0.7,-1.2825,1.9216,1.0231,0.62666,0.14012,0,0.76659,8.4372,7.1291,-0.17904,-1.2108,-2.5143,1.8341,9.6738,-43.263,-1.9123,0,0,0,6.7773,6.8001,6.7478,6.6921,-99.548,-6.6112,76.417,1649.5,872.62,-158.99,45.029
0.71,-1.1977,1.9908,1.0213,0.62296,0.12606,0,0.77203,8.5292,6.6963,-0.19439,-1.2684,-2.1035,1.4902,8.7602,-43.291,-1.1629,0,0,0,6.7645,6.7997,6.7403,6.6991,-83.246,0.63586,72.79,1602.9,579.91,-558.14,45.006
0.72,-1.112,2.0556,1.0193,0.61892,0.11455,0,0.77705,8.6129,6.2635,-0.20249,-1.213,-1.7078,1.1815,8.0065,-43.26,-0.46885,0,0,0,6.7516,6.796,6.7322,6.7049,-67.65,5.0705,65.458,1508.2,312.26,-896.28,44.975
0.73,-1.0255,2.116,1.0172,0.61504,0.10541,0,0.78142,8.6898,5.8312,-0.20406,-1.0638,-1.3403,0.91145,7.4032,-43.197,0.13629,0,0,0,6.74,6.7899,6.7247,6.71,-53.244,7.0074,55.146,1364.8,82.49,-1150.1,44.941
0.74,-0.93821,2.1722,1.0152,0.61168,0.098377,0,0.78496,8.7614,5.3996,-0.20014,-0.84541,-1.0135,0.68381,6.936,-43.127,0.62731,0,0,0,6.7303,6.7817,6.7189,6.7149,-40.517,6.887,42.809,1172.9,-97.792,-1299,44.91
0.75,-0.85025,2.224,1.0132,0.60914,0.093154,0,0.78757,8.8289,4.9686,-0.19195,-0.58514,-0.73845,0.50194,6.5857,-43.065,0.98928,0,0,0,6.7229,6.7722,6.7152,6.7197,-29.926,5.2198,29.509,939.05,-227.63,-1345.3,44.883
0.76,-0.76164,2.2716,1.0114,0.60758,0.089375,0,0.78921,8.8934,4.5382,-0.1808,-0.3078,-0.52398,0.36853,6.3291,-43.026,1.2175,0,0,0,6.7179,6.762,6.7137,6.7249,-21.842,2.4868,16.194,673.22,-311.75,-1304.2,44.864
0.77,-0.67239,2.3148,1.0096,0.60705,0.086641,0,0.78993,8.9557,4.108,-0.16803,-0.034444,-0.37636,0.28545,6.1396,-43.017,1.3158,0,0,0,6.7153,6.7519,6.7145,6.7308,-16.535,-0.87863,3.6655,385.37,-354.91,-1190.7,44.854
0.78,-0.58253,2.3537,1.008,0.60753,0.084524,0,0.78978,9.0164,3.6777,-0.15488,0.2176,-0.29968,0.25382,5.9886,-43.044,1.2956,0,0,0,6.7151,6.7423,6.7176,6.7376,-14.175,-4.4908,-7.4284,85.456,-361.89,-1019.8,44.854
0.79,-0.49207,2.3883,1.0065,0.60894,0.082584,0,0.7889,9.0755,3.247,-0.14246,0.43464,-0.29588,0.27389,5.8461,-43.107,1.1737,0,0,0,6.7173,6.7337,6.7229,6.7455,-14.833,-8.0117,-16.589,-216.55,-337.46,-806.54,44.866
0.8,-0.40102,2.4187,1.0052,0.61114,0.080375,0,0.78743,9.1332,2.8155,-0.13168,0.60649,-0.36459,0.34487,5.6819,-43.203,0.9714,0,0,0,6.7216,6.7266,6.7303,6.7544,-18.48,-11.151,-23.468,-510.68,-286.38,-566.05,44.888
0.81,-0.30941,2.4447,1.0039,0.61393,0.077463,0,0.78555,9.189,2.3828,-0.12322,0.72622,-0.50301,0.46473,5.4669,-43.328,0.71261,0,0,0,6.7278,6.721,6.7393,6.764,-24.987,-13.666,-27.869,-786.96,-213.44,-313.37,44.92
0.82,-0.21725,2.4663,1.0027,0.61713,0.073439,0,0.78343,9.2423,1.9489,-0.11753,0.78997,-0.70571,0.62996,5.1734,-43.474,0.42245,0,0,0,6.7353,6.717,6.7494,6.7739,-34.126,-15.363,-29.745,-1035.4,-123.4,-63.559,44.959
0.83,-0.12458,2.4836,1.0015,0.62051,0.067932,0,0.78125,9.2921,1.5133,-0.11479,0.7967,-0.96455,0.83536,4.7767,-43.632,0.12579,0,0,0,6.7436,6.7145,6.76,6.7832,-45.57,-16.093,-29.2,-1246.1,-21.025,168.32,45.002
0.84,-0.031426,2.4966,1.0004,0.62385,0.060626,0,0.77919,9.3374,1.0762,-0.11496,0.74813,-1.2687,1.0739,4.2558,-43.792,-0.15431,0,0,0,6.752,6.7134,6.7703,6.7911,-58.89,-15.758,-26.489,-1409.1,88.903,367.22,45.045
0.85,0.062151,2.5051,0.99923,0.62692,0.051279,0,0.7774,9.3768,0.63752,-0.11776,0.64877,-1.6046,1.3368,3.5944,-43.943,-0.3981,0,0,0,6.7597,6.7133,6.7795,6.797,-73.561,-14.306,-22.014,-1515.1,201.77,519.04,45.083
0.86,0.15609,2.5093,0.99803,0.6295,0.039734,0,0.77598,9.4088,0.19741,-0.12275,0.50502,-1.9574,1.6138,2.782,-44.074,-0.59039,0,0,0,6.7665,6.7141,6.7871,6.8004,-89.002,-11.722,-16.274,-1564.2,314.76,621.22,45.113
0.87,0.2503,2.5091,0.99677,0.63141,0.025923,0,0.77502,9.4319,-0.24386,-0.12936,0.32309,-2.3132,1.8954,1.8136,-44.174,-0.72093,0,0,0,6.7718,6.7152,6.793,6.801,-104.67,-8.0156,-9.7391,-1562.3,426.2,678.66,45.135
0.88,0.34469,2.5044,0.99544,0.63244,0.0098562,0,0.77455,9.4445,-0.68592,-0.13694,0.10885,-2.6596,2.173,0.68932,-44.231,-0.78393,0,0,0,6.7757,6.7165,6.797,6.799,-120.1,-3.2089,-2.8327,-1515.3,534.48,696.42,45.147
0.89,0.43915,2.4954,0.99403,0.63241,-0.0083799,0,0.77459,9.4452,-1.1283,-0.14481,-0.13183,-2.9858,2.4391,-0.58614,-44.235,-0.77759,0,0,0,6.7782,6.7179,6.7994,6.7948,-134.85,2.6579,4.0738,-1429.5,637.95,679.53,45.15
0.9,0.53355,2.4819,0.99254,0.63116,-0.028637,0,0.77512,9.4323,-1.5704,-0.15227,-0.39288,-3.2827,2.6875,-2.0043,-44.174,-0.70353,0,0,0,6.7795,6.7196,6.8003,6.7888,-148.58,9.5285,10.659,-1310.8,734.97,633.03,45.147
0.91,0.62775,2.464,0.99099,0.62855,-0.050712,0,0.77611,9.4047,-2.0115,-0.15867,-0.66784,-3.5433,2.9133,-3.5533,-44.041,-0.56638,0,0,0,6.7799,6.7218,6.8003,6.7819,-160.98,17.33,16.652,-1165.2,823.93,561.96,45.14
0.92,0.72159,2.4416,0.98937,0.62447,-0.074361,0,0.7775,9.3609,-2.4509,-0.16341,-0.94999,-3.7624,3.1127,-5.2186,-43.825,-0.3732,0,0,0,6.7799,6.7247,6.7997,6.7747,-171.81,25.975,21.833,-998.87,903.17,471.37,45.132
0.93,0.81491,2.415,0.98773,0.61883,-0.099307,0,0.77922,9.3,-2.8877,-0.16597,-1.2325,-3.937,3.2837,-6.9837,-43.519,-0.133,0,0,0,6.7796,6.7286,6.7988,6.7679,-180.91,35.356,26.032,-817.77,971.07,366.3,45.125
0.94,0.90753,2.3839,0.98606,0.61159,-0.12526,0,0.78119,9.2209,-3.321,-0.16595,-1.5089,-4.0664,3.4256,-8.8305,-43.116,0.14375,0,0,0,6.7795,6.7334,6.7981,6.762,-188.14,45.353,29.128,-627.95,1026,251.78,45.122
0.95,0.99926,2.3485,0.98442,0.60276,-0.15193,0,0.78333,9.1231,-3.7497,-0.16301,-1.7733,-4.1522,3.539,-10.74,-42.61,0.44564,0,0,0,6.7796,6.7391,6.7977,6.7575,-193.46,55.827,31.053,-435.47,1066.3,132.87,45.123
0.96,1.0899,2.3089,0.98281,0.59234,-0.17903,0,0.78554,9.006,-4.1728,-0.15699,-2.021,-4.1975,3.6258,-12.693,-41.998,0.76083,0,0,0,6.7801,6.7453,6.7976,6.7544,-196.86,66.625,31.787,-246.36,1090.4,14.602,45.129
0.97,1.1793,2.2651,0.98129,0.58041,-0.2063,0,0.78776,8.8692,-4.5893,-0.14779,-2.2487,-4.2072,3.6887,-14.671,-41.277,1.0775,0,0,0,6.7809,6.7517,6.7979,6.7527,-198.41,77.575,31.364,-66.675,1096.6,-97.984,45.139
0.98,1.2672,2.2172,0.97987,0.56705,-0.23351,0,0.78989,8.7126,-4.998,-0.13547,-2.4548,-4.1869,3.7314,-16.656,-40.447,1.3845,0,0,0,6.7819,6.758,6.7985,6.7521,-198.25,88.491,29.863,97.674,1083.3,-199.94,45.151
0.99,1.3535,2.1652,0.97859,0.55234,-0.26047,0,0.79188,8.5361,-5.3979,-0.12017,-2.639,-4.1424,3.7574,-18.631,-39.508,1.6716,0,0,0,6.7828,6.7638,6.7992,6.7524,-196.52,99.178,27.409,244.02,1051.1,-288.74,45.164
1,1.4379,2.1092,0.97747,0.5364,-0.28702,0,0.79366,8.34,-5.7878,-0.10213,-2.8018,-4.0788,3.7699,-20.582,-38.465,1.9299,0,0,0,6.7837,6.769,6.7998,6.7532,-193.42,109.46,24.132,373.14,1002.4,-364.43,45.176
1.01,1.5202,2.0495,0.97655,0.51932,-0.31302,0,0.79519,8.1246,-6.1668,-0.081692,-2.944,-4.0003,3.7714,-22.495,-37.321,2.1519,0,0,0,6.7843,6.7736,6.8002,6.7542,-189.11,119.18,20.163,485.98,940,-427.2,45.187
1.02,1.6003,1.9859,0.97585,0.50122,-0.33838,0,0.79642,7.8903,-6.5339,-0.059238,-3.0667,-3.9105,3.764,-24.36,-36.083,2.3313,0,0,0,6.7848,6.7776,6.8003,6.7554,-183.75,128.22,15.631,583.5,866.51,-477.22,45.197
1.03,1.678,1.9188,0.97537,0.4822,-0.36301,0,0.79732,7.6376,-6.8882,-0.035224,-3.1711,-3.812,3.7492,-26.167,-34.759,2.4631,0,0,0,6.785,6.7811,6.8003,6.7565,-177.49,136.48,10.661,666.65,784.64,-514.67,45.205
1.04,1.753,1.8482,0.97515,0.46236,-0.38683,0,0.79786,7.3671,-7.2289,-0.010147,-3.2585,-3.7071,3.7281,-27.908,-33.356,2.5435,0,0,0,6.7851,6.7839,6.7999,6.7576,-170.47,143.89,5.3785,736.37,697.04,-539.72,45.211
1.05,1.8253,1.7743,0.97517,0.44181,-0.40981,0,0.79804,7.0797,-7.5551,0.015466,-3.3303,-3.5972,3.7017,-29.575,-31.884,2.57,0,0,0,6.785,6.7863,6.7995,6.7585,-162.81,150.41,-0.09294,793.62,606.39,-552.55,45.215
1.06,1.8946,1.6972,0.97546,0.42064,-0.43188,0,0.79783,6.7759,-7.8663,0.04107,-3.3882,-3.4834,3.6707,-31.162,-30.351,2.5414,0,0,0,6.7847,6.7884,6.7989,6.7593,-154.63,156.02,-5.6324,839.35,515.37,-553.34,45.219
1.07,1.9607,1.617,0.97599,0.39895,-0.45303,0,0.79725,6.4567,-8.162,0.06611,-3.4339,-3.3664,3.6359,-32.666,-28.767,2.4576,0,0,0,6.7845,6.7901,6.7983,6.7601,-146.05,160.73,-11.12,874.5,426.65,-542.27,45.222
1.08,2.0236,1.534,0.97677,0.37682,-0.47322,0,0.79628,6.1229,-8.4415,0.09004,-3.4692,-3.2465,3.598,-34.082,-27.14,2.3196,0,0,0,6.7842,6.7915,6.7978,6.7608,-137.17,164.57,-16.439,900.03,342.91,-519.51,45.224
1.09,2.0831,1.4482,0.97779,0.35433,-0.49243,0,0.79496,5.7754,-8.7047,0.11233,-3.4964,-3.1236,3.558,-35.409,-25.478,2.1297,0,0,0,6.7838,6.7927,6.7974,6.7615,-128.08,167.61,-21.472,916.88,266.82,-485.23,45.226
1.1,2.1391,1.36,0.97901,0.33153,-0.51065,0,0.7933,5.415,-8.951,0.13247,-3.5177,-2.9973,3.517,-36.643,-23.79,1.8915,0,0,0,6.7835,6.7936,6.7973,6.7621,-118.86,169.94,-26.106,926.01,201.06,-439.62,45.228
1.11,2.1914,1.2693,0.98043,0.30847,-0.52787,0,0.79133,5.0428,-9.1804,0.15001,-3.5361,-2.8671,3.4765,-37.786,-22.081,1.6093,0,0,0,6.783,6.7942,6.7974,6.7627,-109.58,171.68,-30.227,928.37,148.23,-382.88,45.229
1.12,2.2399,1.1764,0.982,0.2852,-0.54406,0,0.78909,4.6596,-9.3926,0.16453,-3.5544,-2.7319,3.4381,-38.835,-20.358,1.289,0,0,0,6.7823,6.7945,6.7978,6.7631,-100.31,172.95,-33.729,924.95,109.02,-315.95,45.23
1.13,2.2846,1.0815,0.98371,0.26172,-0.55922,0,0.78662,4.2664,-9.5875,0.17569,-3.5752,-2.5902,3.4035,-39.792,-18.623,0.93713,0,0,0,6.7814,6.7943,6.7984,6.7633,-91.101,173.9,-36.518,916.82,81.82,-240.65,45.229
1.14,2.3252,0.98471,0.9855,0.23804,-0.57334,0,0.78398,3.8641,-9.765,0.1832,-3.6004,-2.4406,3.3741,-40.657,-16.88,0.56125,0,0,0,6.7801,6.7939,6.799,6.7632,-81.989,174.62,-38.52,905.03,64.889,-158.86,45.227
1.15,2.3618,0.88624,0.98736,0.21415,-0.58638,0,0.78122,3.4536,-9.9251,0.18686,-3.6311,-2.2812,3.3509,-41.432,-15.131,0.16953,0,0,0,6.7784,6.7931,6.7995,6.7627,-73.009,175.22,-39.68,890.64,56.494,-72.457,45.223
1.16,2.3943,0.78627,0.98923,0.19002,-0.59832,0,0.7784,3.0357,-10.068,0.18656,-3.668,-2.1103,3.3346,-42.118,-13.376,-0.22942,0,0,0,6.7762,6.7921,6.8,6.762,-64.181,175.78,-39.96,874.72,54.899,16.692,45.217
1.17,2.4225,0.68495,0.99108,0.16564,-0.60913,0,0.77558,2.6115,-10.193,0.18228,-3.7106,-1.9261,3.3256,-42.716,-11.616,-0.62669,0,0,0,6.7736,6.791,6.8002,6.7609,-55.516,176.34,-39.343,858.33,58.368,106.71,45.209
1.18,2.4465,0.58247,0.99286,0.14098,-0.61875,0,0.77283,2.1817,-10.3,0.17406,-3.7583,-1.7271,3.3241,-43.229,-9.8492,-1.0133,0,0,0,6.7706,6.7898,6.8002,6.7597,-47.013,176.95,-37.83,842.52,65.165,195.73,45.2
1.19,2.4661,0.47901,0.99454,0.11602,-0.62714,0,0.77021,1.7472,-10.39,0.16208,-3.8096,-1.5122,3.3297,-43.657,-8.0763,-1.3804,0,0,0,6.7674,6.7886,6.8,6.7583,-38.66,177.65,-35.438,828.36,73.554,281.86,45.191
1.2,2.4814,0.37474,0.99609,0.090749,-0.63424,0,0.76779,1.3088,-10.461,0.14655,-3.8623,-1.2806,3.3419,-44.003,-6.296,-1.7193,0,0,0,6.764,6.7877,6.7997,6.7569,-30.437,178.42,-32.208,816.9,81.799,363.25,45.181
1.21,2.4923,0.26984,0.99747,0.065169,-0.63999,0,0.76562,0.86741,-10.515,0.12781,-3.914,-1.0321,3.3596,-44.266,-4.5076,-2.0219,0,0,0,6.7607,6.7872,6.7991,6.7557,-22.31,179.28,-28.196,809.21,88.165,438.01,45.171
1.22,2.4988,0.16449,0.99864,0.039288,-0.64431,0,0.76375,0.42377,-10.552,0.10626,-3.9619,-0.76707,3.3818,-44.449,-2.7103,-2.2808,0,0,0,6.7576,6.7871,6.7984,6.7547,-14.236,180.18,-23.476,806.35,90.915,504.28,45.163
1.23,2.5008,0.058872,0.99958,0.013132,-0.64715,0,0.76225,-0.0213,-10.57,0.082363,-4.0028,-0.48674,3.4068,-44.551,-0.90404,-2.4894,0,0,0,6.7548,6.7876,6.7976,6.7542,-6.1632,181.08,-18.145,809.37,88.313,560.17,45.157
1.24,2.4983,-0.046839,1.0003,-0.013254,-0.64845,0,0.76114,-0.46698,-10.57,0.056657,-4.0337,-0.19299,3.4332,-44.572,0.91101,-2.642,0,0,0,6.7524,6.7887,6.7968,6.7542,1.974,181.92,-12.314,819.29,78.661,603.85,45.153
1.25,2.4914,-0.15246,1.0007,-0.039809,-0.64815,0,0.76047,-0.91247,-10.551,0.029723,-4.0517,0.11154,3.4591,-44.511,2.7339,-2.7344,0,0,0,6.7506,6.7903,6.7958,6.7547,10.245,182.62,-6.1119,835.8,61.405,634.26,45.152
1.26,2.4801,-0.25781,1.0009,-0.066459,-0.64621,0,0.76026,-1.3569,-10.515,0.0021795,-4.0546,0.42375,3.4834,-44.367,4.5628,-2.7635,0,0,0,6.7492,6.7922,6.7948,6.7557,18.706,183.12,0.32716,857.01,37.319,651.31,45.153
1.27,2.4643,-0.3627,1.0008,-0.093115,-0.64261,0,0.76052,-1.7995,-10.46,-0.02533,-4.0411,0.74025,3.5052,-44.136,6.3954,-2.7275,0,0,0,6.7482,6.7943,6.7937,6.7571,27.394,183.35,6.8696,880.96,7.2502,654.93,45.156
1.28,2.4441,-0.46695,1.0004,-0.11968,-0.63732,0,0.76125,-2.2394,-10.387,-0.052153,-4.0104,1.0575,3.5238,-43.818,8.2287,-2.6262,0,0,0,6.7475,6.7964,6.7923,6.7588,36.327,183.25,13.381,905.68,-27.952,645.08,45.158
1.29,2.4195,-0.57037,0.99972,-0.14607,-0.63034,0,0.76245,-2.6756,-10.296,-0.077639,-3.9628,1.3721,3.539,-43.409,10.059,-2.4605,0,0,0,6.747,6.7981,6.7908,6.7605,45.504,182.78,19.726,929.23,-67.44,621.69,45.161
1.3,2.3906,-0.6728,0.99882,-0.17218,-0.62169,0,0.7641,-3.1072,-10.186,-0.10116,-3.8989,1.6803,3.5508,-42.907,11.883,-2.2327,0,0,0,6.7465,6.7994,6.7889,6.7622,54.901,181.89,25.769,949.62,-110.37,584.71,45.162
1.31,2.3574,-0.77403,0.9977,-0.19791,-0.6114,0,0.76617,-3.5334,-10.058,-0.1221,-3.8198,1.9788,3.5593,-42.31,13.696,-1.9465,0,0,0,6.746,6.8002,6.7866,6.7637,64.479,180.56,31.375,964.9,-155.88,534.09,45.161
1.32,2.32,-0.87389,0.99639,-0.22317,-0.5995,0,0.76863,-3.9531,-9.912,-0.13991,-3.7273,2.2642,3.5646,-41.617,15.493,-1.6071,0,0,0,6.7455,6.8003,6.784,6.7649,74.176,178.77,36.406,973.1,-203.14,469.77,45.158
1.33,2.2784,-0.97221,0.99492,-0.2479,-0.58606,0,0.77141,-4.3654,-9.7481,-0.15408,-3.6235,2.5331,3.5669,-40.827,17.269,-1.2208,0,0,0,6.7449,6.7998,6.781,6.7659,83.911,176.5,40.724,972.27,-251.29,391.7,45.153
1.34,2.2327,-1.0688,0.99332,-0.27201,-0.57115,0,0.77447,-4.7693,-9.5667,-0.16419,-3.5106,2.7823,3.5662,-39.939,19.021,-0.79545,0,0,0,6.7444,6.7987,6.7777,6.7665,93.584,173.74,44.194,960.43,-299.48,299.82,45.146
1.35,2.183,-1.1635,0.99165,-0.29544,-0.55485,0,0.77773,-5.1639,-9.3678,-0.16989,-3.3916,3.0084,3.5625,-38.956,20.743,-0.34023,0,0,0,6.7442,6.7971,6.7743,6.767,103.08,170.51,46.675,935.63,-346.87,194.07,45.138
1.36,2.1294,-1.2561,0.98994,-0.31814,-0.53726,0,0.78111,-5.5481,-9.1519,-0.17093,-3.2693,3.2081,3.5553,-37.879,22.43,0.13429,0,0,0,6.7444,6.7952,6.7709,6.7674,112.25,166.81,48.029,895.9,-392.61,74.412,45.13
1.37,2.0721,-1.3465,0.98824,-0.34007,-0.51852,0,0.78453,-5.9211,-8.9194,-0.16718,-3.1473,3.3779,3.5444,-36.712,24.077,0.61614,0,0,0,6.7453,6.7932,6.7677,6.7679,120.94,162.66,48.12,840.6,-436.07,-57.813,45.124
1.38,2.0111,-1.4344,0.98661,-0.3612,-0.49876,0,0.78789,-6.2821,-8.6705,-0.15863,-3.0289,3.5152,3.5289,-35.462,25.681,1.0921,0,0,0,6.747,6.7914,6.7652,6.7687,129.02,158.1,46.846,772.08,-477.07,-198.06,45.12
1.39,1.9465,-1.5198,0.98509,-0.38153,-0.47813,0,0.79109,-6.6301,-8.4059,-0.14541,-2.9175,3.6185,3.5085,-34.134,27.238,1.5483,0,0,0,6.7498,6.7901,6.7634,6.7698,136.35,153.13,44.149,693.1,-515.53,-341.33,45.122
1.4,1.8785,-1.6025,0.98372,-0.40106,-0.4568,0,0.79403,-6.9645,-8.1259,-0.12778,-2.8164,3.6878,3.4829,-32.738,28.743,1.9704,0,0,0,6.7535,6.7894,6.7627,6.7715,142.85,147.79,40.026,606.44,-551.34,-482.65,45.129
1.41,1.8072,-1.6823,0.98254,-0.41981,-0.43494,0,0.79661,-7.2847,-7.8312,-0.10616,-2.7281,3.7241,3.4521,-31.28,30.193,2.3442,0,0,0,6.7581,6.7894,6.7631,6.7738,148.46,142.11,34.519,514.84,-584.43,-617.01,45.141
1.42,1.7329,-1.7591,0.98161,-0.43782,-0.4127,0,0.79875,-7.59,-7.5223,-0.0811,-2.6547,3.7301,3.4163,-29.771,31.584,2.6564,0,0,0,6.7634,6.7901,6.7646,6.7764,153.14,136.12,27.725,421.09,-614.69,-739.43,45.158
1.43,1.6555,-1.8327,0.98093,-0.45513,-0.39023,0,0.80036,-7.88,-7.1997,-0.053277,-2.5976,3.7093,3.3759,-28.221,32.914,2.8949,0,0,0,6.7691,6.7914,6.7669,6.7794,156.88,129.83,19.787,327.94,-642.03,-844.93,45.178
1.44,1.5753,-1.903,0.98055,-0.4718,-0.36769,0,0.80138,-8.1543,-6.8642,-0.023484,-2.5568,3.6665,3.3317,-26.637,34.18,3.049,0,0,0,6.7747,6.7931,6.7699,6.7824,159.71,123.29,10.9,238.17,-666.35,-928.5,45.2
1.45,1.4925,-1.9699,0.98047,-0.48789,-0.34517,0,0.80176,-8.4126,-6.5164,0.007394,-2.5314,3.607,3.2847,-25.029,35.379,3.1105,0,0,0,6.7797,6.795,6.773,6.7852,161.67,116.51,1.3068,154.53,-687.56,-985.17,45.221
1.46,1.4071,-2.0333,0.9807,-0.50346,-0.32277,0,0.80147,-8.6548,-6.1569,0.038399,-2.5188,3.5368,3.2361,-23.406,36.509,3.0738,0,0,0,6.7838,6.7967,6.7761,6.7876,162.83,109.54,-8.6974,79.795,-705.56,-1009.9,45.24
1.47,1.3194,-2.093,0.98123,-0.51854,-0.30054,0,0.80049,-8.8807,-5.7864,0.068534,-2.5151,3.4625,3.1872,-21.775,37.569,2.9363,0,0,0,6.7865,6.7982,6.7787,6.7893,163.3,102.41,-18.769,16.728,-720.27,-997.81,45.255
1.48,1.2295,-2.149,0.98206,-0.53317,-0.27853,0,0.79884,-9.0903,-5.4057,0.096794,-2.5146,3.3905,3.1396,-20.142,38.557,2.6995,0,0,0,6.7876,6.7993,6.7806,6.7904,163.21,95.151,-28.514,-31.905,-731.58,-943.81,45.263
1.49,1.1377,-2.2011,0.98316,-0.54737,-0.25671,0,0.79655,-9.2836,-5.0155,0.12221,-2.5098,3.3273,3.0953,-18.512,39.472,2.3686,0,0,0,6.7868,6.8,6.7816,6.7909,162.72,87.793,-37.493,-63.978,-739.49,-844.66,45.265
1.5,1.0439,-2.2493,0.98449,-0.5611,-0.23506,0,0.79367,-9.4606,-4.6165,0.14389,-2.4926,3.2785,3.0561,-16.888,40.313,1.9536,0,0,0,6.7844,6.8003,6.7815,6.791,161.99,80.371,-45.275,-80.607,-744.42,-705.84,45.262
1.51,0.94851,-2.2934,0.98602,-0.57431,-0.21352,0,0.7903,-9.6214,-4.2095,0.16105,-2.4549,3.2475,3.0232,-15.273,41.079,1.4683,0,0,0,6.7806,6.8002,6.7806,6.7907,161.15,72.912,-51.505,-83.931,-746.96,-535.56,45.254
1.52,0.85156,-2.3335,0.9877,-0.58692,-0.19201,0,0.78655,-9.766,-3.7952,0.17307,-2.3897,3.2356,2.9978,-13.665,41.771,0.92962,0,0,0,6.7759,6.7999,6.7788,6.7904,160.34,65.438,-55.909,-76.093,-747.66,-342.07,45.242
1.53,0.75324,-2.3693,0.98946,-0.59882,-0.17045,0,0.78253,-9.8947,-3.3743,0.17953,-2.2911,3.2428,2.9805,-12.065,42.388,0.35686,0,0,0,6.7706,6.7996,6.7765,6.7903,159.66,57.963,-58.296,-59.231,-747.09,-133.58,45.228
1.54,0.65371,-2.4009,0.99127,-0.60989,-0.14876,0,0.7784,-10.007,-2.9477,0.18017,-2.1545,3.2675,2.9719,-10.471,42.93,-0.2292,0,0,0,6.7653,6.7993,6.7738,6.7905,159.18,50.498,-58.558,-35.489,-745.83,81.662,45.215
1.55,0.55314,-2.4282,0.99305,-0.61997,-0.12687,0,0.7743,-10.104,-2.516,0.17497,-1.9771,3.3071,2.9719,-8.8807,43.398,-0.80712,0,0,0,6.7601,6.7992,6.771,6.7912,158.97,43.047,-56.668,-7.0047,-744.44,295.44,45.202
1.56,0.45169,-2.4512,0.99475,-0.62891,-0.10471,0,0.77039,-10.185,-2.08,0.16412,-1.7578,3.358,2.9803,-7.2909,43.791,-1.3556,0,0,0,6.7554,6.7991,6.768,6.7923,159.05,35.608,-52.682,24.079,-743.49,499.51,45.191
1.57,0.3495,-2.4698,0.99631,-0.63658,-0.08224,0,0.76681,-10.25,-1.6404,0.14802,-1.4976,3.4162,2.9966,-5.6986,44.11,-1.8542,0,0,0,6.7513,6.799,6.7651,6.7939,159.45,28.174,-46.737,55.623,-743.55,685.66,45.182
1.58,0.24674,-2.484,0.99769,-0.64282,-0.059432,0,0.76371,-10.299,-1.198,0.12727,-1.1994,3.4769,3.0198,-4.1008,44.355,-2.2845,0,0,0,6.7481,6.7989,6.7622,6.7956,160.16,20.732,-39.056,85.485,-745.18,845.65,45.175
1.59,0.14357,-2.4938,0.99884,-0.64749,-0.036276,0,0.76121,-10.332,-0.75355,0.10261,-0.86841,3.5355,3.0487,-2.4945,44.525,-2.6305,0,0,0,6.7458,6.7985,6.7594,6.7973,161.15,13.263,-29.939,111.52,-748.97,971.25,45.168
1.6,0.040155,-2.4991,0.99973,-0.6505,-0.012787,0,0.7594,-10.349,-0.30776,0.074979,-0.5119,3.5876,3.0818,-0.8771,44.62,-2.8798,0,0,0,6.7444,6.7977,6.7568,6.7988,162.37,5.7435,-19.773,131.6,-755.47,1054.2,45.163
1.61,-0.063349,-2.4999,1.0003,-0.65175,0.011,0,0.75835,-10.349,0.1386,0.04537,-0.13933,3.6293,3.1171,0.75341,44.639,-3.024,0,0,0,6.744,6.7966,6.7544,6.7998,163.75,-1.857,-9.023,143.68,-765.19,1086.9,45.158
1.62,-0.16678,-2.4963,1.0006,-0.6512,0.03503,0,0.75809,-10.334,0.58477,0.014859,0.23847,3.6575,3.1528,2.3982,44.582,-3.06,0,0,0,6.7445,6.7949,6.7524,6.8004,165.21,-9.5698,1.7998,147.19,-777.75,1069.9,45.154
1.63,-0.26997,-2.4882,1.0006,-0.64884,0.059234,0,0.75861,-10.301,1.03,-0.015474,0.61138,3.6709,3.1874,4.0577,44.448,-2.9893,0,0,0,6.7458,6.793,6.7507,6.8004,166.67,-17.418,12.23,142.66,-792.12,1009.6,45.15
1.64,-0.37275,-2.4757,1.0003,-0.64469,0.083533,0,0.75987,-10.252,1.4735,-0.044592,0.97051,3.6693,3.2198,5.7313,44.233,-2.818,0,0,0,6.7478,6.7909,6.7497,6.8001,168.04,-25.415,21.871,130.66,-807.24,912.98,45.147
1.65,-0.47496,-2.4588,0.99975,-0.6388,0.10785,0,0.76178,-10.187,1.9144,-0.071531,1.3084,3.6537,3.2491,7.418,43.939,-2.5557,0,0,0,6.7503,6.7889,6.7493,6.7995,169.26,-33.562,30.391,111.73,-822.06,786.64,45.147
1.66,-0.57643,-2.4375,0.99891,-0.63125,0.1321,0,0.76425,-10.104,2.352,-0.095443,1.6191,3.6262,3.275,9.1158,43.562,-2.2148,0,0,0,6.7534,6.7871,6.7497,6.7988,170.26,-41.851,37.527,86.437,-835.52,637.36,45.148
1.67,-0.67699,-2.4118,0.99785,-0.62214,0.15621,0,0.76717,-10.004,2.7853,-0.11562,1.8983,3.5893,3.2973,10.822,43.101,-1.8104,0,0,0,6.7569,6.7857,6.7509,6.7982,170.97,-50.264,43.084,55.338,-846.56,471.89,45.153
1.68,-0.77646,-2.3818,0.99661,-0.61158,0.18013,0,0.77041,-9.8876,3.2137,-0.13149,2.1431,3.5462,3.3162,12.534,42.556,-1.3588,0,0,0,6.7608,6.7849,6.7529,6.7978,171.35,-58.771,46.934,18.989,-854.14,296.98,45.161
1.69,-0.87468,-2.3475,0.99524,-0.59969,0.2038,0,0.77384,-9.7537,3.6362,-0.14269,2.3527,3.5,3.3319,14.248,41.926,-0.87762,0,0,0,6.765,6.7846,6.7557,6.7978,171.33,-67.332,49.015,-22.053,-857.2,119.36,45.172
1.7,-0.97148,-2.3091,0.99378,-0.58662,0.22718,0,0.77734,-9.6027,4.0519,-0.14901,2.5275,3.4537,3.345,15.959,41.21,-0.38443,0,0,0,6.7693,6.7849,6.7589,6.798,170.89,-75.897,49.334,-67.23,-854.68,-54.223,45.185
1.71,-1.0667,-2.2665,0.99228,-0.57249,0.25026,0,0.78078,-9.4345,4.4601,-0.1504,2.6696,3.4099,3.3559,17.664,40.408,0.10343,0,0,0,6.7733,6.7856,6.7625,6.7984,169.98,-84.404,47.966,-115.99,-845.54,-217.02,45.2
1.72,-1.1601,-2.2199,0.99079,-0.55742,0.27302,0,0.78406,-9.2494,4.8598,-0.14701,2.7825,3.3703,3.3649,19.357,39.522,0.56974,0,0,0,6.7771,6.7866,6.7659,6.799,168.56,-92.782,45.052,-167.76,-828.71,-362.29,45.214
1.73,-1.2516,-2.1693,0.98935,-0.54152,0.29544,0,0.78706,-9.0475,5.2502,-0.13913,2.8707,3.3354,3.3725,21.033,38.553,1,0,0,0,6.7803,6.7876,6.769,6.7996,166.61,-100.95,40.802,-222,-803.14,-483.28,45.227
1.74,-1.341,-2.1149,0.98802,-0.52489,0.31753,0,0.78973,-8.8288,5.6306,-0.12717,2.9395,3.3047,3.3784,22.688,37.504,1.3822,0,0,0,6.7828,6.7885,6.7712,6.8001,164.11,-108.81,35.485,-278.1,-768.28,-575.08,45.238
1.75,-1.4281,-2.0568,0.98682,-0.5076,0.33927,0,0.79198,-8.5938,6.0001,-0.11167,2.994,3.2762,3.3824,24.314,36.378,1.7071,0,0,0,6.7848,6.7891,6.7727,6.8003,161.05,-116.29,29.393,-335.25,-725.26,-638.89,45.245
1.76,-1.5128,-1.995,0.98579,-0.48972,0.36064,0,0.7938,-8.3427,6.3579,-0.09324,3.0383,3.248,3.3841,25.907,35.18,1.9684,0,0,0,6.7861,6.7893,6.7734,6.8003,157.41,-123.3,22.792,-392.64,-675.57,-677.21,45.248
1.77,-1.5949,-1.9296,0.98496,-0.4713,0.38161,0,0.79514,-8.0758,6.7034,-0.07253,3.0756,3.2177,3.3832,27.46,33.914,2.1621,0,0,0,6.787,6.7891,6.7733,6.7999,153.2,-129.78,15.926,-449.44,-620.7,-692.52,45.249
1.78,-1.6743,-1.8609,0.98435,-0.45237,0.40215,0,0.79601,-7.7936,7.036,-0.050228,3.1085,3.183,3.3793,28.969,32.586,2.2867,0,0,0,6.7875,6.7886,6.7726,6.7994,148.42,-135.7,9.0104,-504.81,-562.13,-687.33,45.247
1.79,-1.7508,-1.789,0.98396,-0.43297,0.42222,0,0.79641,-7.4966,7.355,-0.027024,3.1389,3.1416,3.372,30.427,31.202,2.3428,0,0,0,6.7879,6.7878,6.7716,6.7987,143.11,-141.02,2.2392,-557.94,-501.35,-664.11,45.243
1.8,-1.8242,-1.7139,0.98381,-0.41314,0.44175,0,0.79635,-7.1853,7.6599,-0.0035935,3.1678,3.0915,3.3611,31.829,29.768,2.3326,0,0,0,6.7882,6.7869,6.7703,6.798,137.28,-145.72,-4.2201,-607.98,-439.84,-625.37,45.239
1.81,-1.8944,-1.6358,0.98389,-0.39291,0.4607,0,0.79585,-6.8602,7.9502,0.019419,3.1961,3.0309,3.3466,33.171,28.29,2.2599,0,0,0,6.7886,6.786,6.7689,6.7975,130.96,-149.82,-10.225,-654.12,-379.1,-573.6,45.235
1.82,-1.9613,-1.5549,0.98419,-0.3723,0.479,0,0.79495,-6.5221,8.2255,0.041414,3.2244,2.9585,3.3284,34.447,26.773,2.13,0,0,0,6.7891,6.785,6.7676,6.7971,124.21,-153.31,-15.657,-695.52,-320.61,-511.28,45.231
1.83,-2.0248,-1.4714,0.98471,-0.35134,0.49659,0,0.7937,-6.1715,8.4855,0.061848,3.2529,2.8731,3.3071,35.654,25.225,1.949,0,0,0,6.7898,6.7842,6.7666,6.7969,117.07,-156.24,-20.424,-731.36,-265.86,-440.92,45.229
1.84,-2.0847,-1.3853,0.98542,-0.33007,0.51341,0,0.79213,-5.8092,8.7299,0.080247,3.282,2.7745,3.2832,36.787,23.65,1.724,0,0,0,6.7906,6.7835,6.7658,6.797,109.6,-158.65,-24.457,-760.81,-216.33,-364.99,45.228
1.85,-2.141,-1.2968,0.98631,-0.3085,0.52939,0,0.7903,-5.436,8.9585,0.096206,3.3118,2.6624,3.2577,37.845,22.054,1.4625,0,0,0,6.7915,6.7828,6.7653,6.7974,101.88,-160.59,-27.713,-783.04,-173.52,-286.01,45.228
1.86,-2.1934,-1.2061,0.98734,-0.28665,0.54448,0,0.78827,-5.0526,9.171,0.1094,3.3429,2.5375,3.2318,38.824,20.44,1.1723,0,0,0,6.7922,6.7821,6.765,6.7979,93.969,-162.14,-30.175,-797.26,-138.85,-206.41,45.229
1.87,-2.242,-1.1134,0.98848,-0.26455,0.55864,0,0.78609,-4.6598,9.3672,0.11958,3.3758,2.4005,3.2069,39.724,18.812,0.86159,0,0,0,6.7928,6.7813,6.7649,6.7986,85.958,-163.39,-31.845,-803.73,-112.52,-127.79,45.229
1.88,-2.2866,-1.0189,0.98972,-0.2422,0.57182,0,0.78381,-4.2584,9.5472,0.12659,3.4111,2.2519,3.1844,40.543,17.173,0.53804,0,0,0,6.7931,6.7803,6.7647,6.7992,77.917,-164.42,-32.737,-803.66,-93.551,-50.93,45.229
1.89,-2.3271,-0.92255,0.99101,-0.21961,0.58399,0,0.78149,-3.8492,9.7106,0.13033,3.449,2.0921,3.1653,41.282,15.524,0.20938,0,0,0,6.7932,6.7791,6.7645,6.7998,69.903,-165.29,-32.872,-798.34,-80.916,23.449,45.228
1.9,-2.3635,-0.8247,0.99231,-0.19676,0.59511,0,0.77918,-3.433,9.8576,0.13079,3.4895,1.9215,3.1503,41.942,13.867,-0.11696,0,0,0,6.793,6.7775,6.7642,6.8002,61.963,-166.05,-32.278,-789.02,-73.584,94.608,45.225
1.91,-2.3958,-0.72546,0.99361,-0.17367,0.60515,0,0.77694,-3.0106,9.988,0.12802,3.5322,1.74,3.1401,42.522,12.203,-0.43388,0,0,0,6.7926,6.7756,6.7637,6.8003,54.131,-166.77,-30.993,-776.97,-70.523,161.81,45.22
1.92,-2.4237,-0.62499,0.99486,-0.15032,0.61407,0,0.7748,-2.5828,10.102,0.12216,3.5765,1.5478,3.1349,43.025,10.532,-0.73465,0,0,0,6.792,6.7734,6.763,6.8002,46.429,-167.48,-29.058,-763.47,-70.705,224.33,45.214
1.93,-2.4474,-0.52348,0.99604,-0.12671,0.62184,0,0.77282,-2.1504,10.199,0.1134,3.6216,1.345,3.1346,43.451,8.8536,-1.013,0,0,0,6.7912,6.771,6.7622,6.7999,38.863,-168.19,-26.524,-749.77,-73.099,281.43,45.207
1.94,-2.4667,-0.42108,0.99712,-0.10284,0.62843,0,0.77104,-1.7141,10.279,0.10199,3.6662,1.132,3.1391,43.802,7.1679,-1.2633,0,0,0,6.7905,6.7685,6.7614,6.7993,31.43,-168.94,-23.45,-737.16,-76.676,332.36,45.2
1.95,-2.4817,-0.31796,0.99808,-0.078715,0.63379,0,0.76949,-1.2746,10.342,0.088246,3.709,0.90914,3.1479,44.08,5.4746,-1.4804,0,0,0,6.79,6.766,6.7607,6.7987,24.112,-169.73,-19.9,-726.89,-80.405,376.41,45.192
1.96,-2.4922,-0.2143,0.99888,-0.054351,0.63789,0,0.76821,-0.8327,10.388,0.072511,3.7485,0.67715,3.1605,44.285,3.7733,-1.66,0,0,0,6.7897,6.7636,6.7602,6.798,16.88,-170.55,-15.947,-720.24,-83.256,412.83,45.186
1.97,-2.4983,-0.11026,0.99952,-0.029766,0.64069,0,0.76722,-0.38913,10.417,0.055183,3.783,0.43704,3.1761,44.418,2.0636,-1.7983,0,0,0,6.7897,6.7615,6.76,6.7973,9.6906,-171.39,-11.671,-718.48,-84.2,440.89,45.181
1.98,-2.5,-0.0060077,0.99998,-0.0049888,0.64218,0,0.76654,0.055411,10.429,0.036691,3.811,0.1901,3.1939,44.479,0.34554,-1.8926,0,0,0,6.7902,6.7598,6.7603,6.7967,2.4895,-172.22,-7.1595,-722.87,-82.206,459.86,45.178
1.99,-2.4972,0.098275,1.0003,0.019943,0.6423,0,0.76619,0.5002,10.424,0.017484,3.831,-0.062054,3.2132,44.467,-1.3807,-1.941,0,0,0,6.7912,6.7586,6.761,6.7963,-4.7905,-173.02,-2.5064,-734.27,-76.401,469.14,45.179
2,-2.49,0.20242,1.0003,0.044986,0.64105,0,0.76618,0.94451,10.402,-0.0019732,3.842,-0.31759,3.2332,44.382,-3.1146,-1.9426,0,0,0,6.7925,6.7578,6.7622,6.7961,-12.216,-173.74,2.1915,-751.62,-66.651,468.87,45.181
2.01,-2.4783,0.30625,1.0002,0.070089,0.63841,0,0.7665,1.3876,10.362,-0.021212,3.8434,-0.57459,3.2537,44.222,-4.855,-1.8974,0,0,0,6.7941,6.7575,6.7638,6.796,-19.837,-174.34,6.8401,-773.29,-53.046,459.34,45.186
2.02,-2.4622,0.4096,0.99991,0.095199,0.63437,0,0.76715,1.8287,10.305,-0.039768,3.8349,-0.83115,3.2743,43.985,-6.6008,-1.8063,0,0,0,6.7957,6.7574,6.7657,6.7959,-27.69,-174.78,11.349,-797.63,-35.671,440.9,45.191
2.03,-2.4418,0.51229,0.99942,0.12026,0.62892,0,0.76811,2.267,10.23,-0.05719,3.8167,-1.0854,3.295,43.668,-8.3501,-1.6712,0,0,0,6.7973,6.7574,6.7676,6.7958,-35.793,-175.04,15.629,-823,-14.616,413.87,45.197
2.04,-2.4169,0.61414,0.99877,0.14522,0.62207,0,0.76938,2.7018,10.138,-0.073053,3.7892,-1.3355,3.3158,43.268,-10.101,-1.4947,0,0,0,6.7987,6.7575,6.7696,6.7955,-44.148,-175.06,19.598,-847.78,10.033,378.56,45.202
2.05,-2.3877,0.71498,0.99797,0.17002,0.61383,0,0.77091,3.1321,10.028,-0.086959,3.7529,-1.5799,3.3366,42.784,-11.851,-1.2805,0,0,0,6.7997,6.7575,6.7714,6.795,-52.741,-174.83,23.174,-870.31,38.186,335.31,45.206
2.06,-2.3543,0.81464,0.99704,0.19462,0.60422,0,0.77268,3.5572,9.9006,-0.098551,3.7086,-1.8168,3.3577,42.213,-13.596,-1.0328,0,0,0,6.8003,6.7573,6.7729,6.7941,-61.542,-174.29,26.279,-888.97,69.758,284.43,45.208
2.07,-2.3166,0.91294,0.99601,0.21895,0.59327,0,0.77466,3.9761,9.756,-0.10752,3.6571,-2.0447,3.3787,41.552,-15.335,-0.75673,0,0,0,6.8005,6.7569,6.774,6.7928,-70.502,-173.42,28.838,-902.11,104.66,226.25,45.207
2.08,-2.2748,1.0097,0.9949,0.24297,0.581,0,0.77679,4.3879,9.594,-0.11361,3.5992,-2.2619,3.3995,40.802,-17.064,-0.45809,0,0,0,6.8001,6.7563,6.7748,6.7911,-79.56,-172.19,30.781,-908.1,142.8,161.1,45.204
2.09,-2.2289,1.1048,0.99374,0.26664,0.56745,0,0.77904,4.7918,9.4148,-0.11663,3.5358,-2.4667,3.4198,39.961,-18.778,-0.1434,0,0,0,6.7993,6.7555,6.7752,6.7889,-88.635,-170.55,32.038,-905.29,184.1,89.291,45.198
2.1,-2.179,1.1979,0.99258,0.28991,0.55268,0,0.78134,5.1868,9.2185,-0.11645,3.4678,-2.6574,3.4389,39.03,-20.473,0.18017,0,0,0,6.7981,6.7547,6.7753,6.7863,-97.631,-168.49,32.546,-892.05,228.47,11.155,45.191
2.11,-2.1252,1.2891,0.99143,0.31273,0.53674,0,0.78365,5.5721,9.0054,-0.11302,3.396,-2.8319,3.4561,38.009,-22.146,0.50481,0,0,0,6.7967,6.7541,6.7752,6.7835,-106.44,-165.97,32.241,-866.85,275.79,-72.914,45.183
2.12,-2.0676,1.378,0.99033,0.33506,0.51971,0,0.7859,5.9467,8.7757,-0.10638,3.3213,-2.9881,3.4703,36.902,-23.791,0.82212,0,0,0,6.7953,6.7538,6.7751,6.7807,-114.93,-162.97,31.073,-829.85,325.58,-161.2,45.175
2.13,-2.0063,1.4645,0.98931,0.35685,0.50166,0,0.78803,6.3099,8.5297,-0.096633,3.2449,-3.1244,3.4806,35.712,-25.404,1.1233,0,0,0,6.794,6.7539,6.775,6.778,-123,-159.46,29.013,-782.75,377.01,-250.84,45.168
2.14,-1.9414,1.5485,0.9884,0.37808,0.4827,0,0.78997,6.6607,8.2677,-0.083994,3.1679,-3.2398,3.4863,34.444,-26.978,1.3994,0,0,0,6.793,6.7546,6.7752,6.7756,-130.56,-155.43,26.062,-727.28,429.25,-338.95,45.164
2.15,-1.8731,1.6298,0.98764,0.3987,0.46292,0,0.79167,6.9985,7.9902,-0.068757,3.0916,-3.3342,3.4869,33.103,-28.51,1.6417,0,0,0,6.7924,6.7559,6.7758,6.7738,-137.52,-150.87,22.249,-665.17,481.45,-422.61,45.163
2.16,-1.8015,1.7083,0.98704,0.41869,0.44244,0,0.79306,7.3225,7.6977,-0.051302,3.017,-3.4079,3.4823,31.695,-29.994,1.8417,0,0,0,6.7922,6.7578,6.7767,6.7727,-143.84,-145.8,17.634,-598.16,532.8,-498.95,45.166
2.17,-1.7267,1.7837,0.98662,0.43803,0.42135,0,0.7941,7.6322,7.3905,-0.032089,2.945,-3.4622,3.4724,30.228,-31.425,1.9919,0,0,0,6.7926,6.7602,6.778,6.7722,-149.48,-140.22,12.304,-527.97,582.44,-565.06,45.172
2.18,-1.6489,1.856,0.9864,0.4567,0.39977,0,0.79474,7.9269,7.0694,-0.011651,2.8761,-3.4991,3.4575,28.708,-32.797,2.0858,0,0,0,6.7933,6.763,6.7795,6.7723,-154.4,-134.16,6.3763,-456.35,629.56,-618.04,45.18
2.19,-1.5682,1.9251,0.98639,0.4747,0.37778,0,0.79494,8.2062,6.7348,0.0094205,2.8104,-3.5209,3.4381,27.143,-34.106,2.118,0,0,0,6.7944,6.7658,6.7813,6.7728,-158.6,-127.64,-0.0033959,-385.02,673.3,-654.99,45.19
2.2,-1.4848,1.9907,0.98659,0.49203,0.35548,0,0.79469,8.4697,6.3875,0.03049,2.7472,-3.5308,3.415,25.539,-35.349,2.0848,0,0,0,6.7956,6.7684,6.783,6.7736,-162.1,-120.71,-6.6605,-315.71,712.83,-673.03,45.201
2.21,-1.3989,2.0528,0.98699,0.50867,0.33294,0,0.79398,8.7169,6.0281,0.050892,2.6851,-3.5322,3.389,23.903,-36.519,1.9845,0,0,0,6.7969,6.7706,6.7846,6.7745,-164.93,-113.4,-13.391,-250.17,747.33,-669.25,45.211
2.22,-1.3106,2.1112,0.9876,0.52463,0.31021,0,0.7928,8.9476,5.6573,0.069957,2.6218,-3.5289,3.3611,22.242,-37.616,1.8175,0,0,0,6.798,6.7721,6.786,6.7752,-167.13,-105.78,-19.963,-190.11,775.95,-640.75,45.219
2.23,-1.22,2.1659,0.98839,0.53988,0.28734,0,0.79118,9.1617,5.276,0.087029,2.554,-3.5245,3.3326,20.562,-38.634,1.5866,0,0,0,6.799,6.7727,6.7871,6.7756,-168.76,-97.906,-26.114,-137.29,797.87,-584.66,45.224
2.24,-1.1274,2.2167,0.98933,0.5544,0.26434,0,0.78915,9.3588,4.8849,0.1015,2.4772,-3.5228,3.3047,18.869,-39.573,1.2976,0,0,0,6.7997,6.7723,6.7879,6.7754,-169.9,-89.847,-31.561,-92.749,812.72,-500.33,45.226
2.25,-1.0329,2.2636,0.99041,0.56815,0.24122,0,0.78678,9.539,4.4848,0.11281,2.3868,-3.5266,3.2784,17.166,-40.431,0.95864,0,0,0,6.8001,6.771,6.7885,6.7747,-170.64,-81.673,-36.042,-56.029,821.26,-392.4,45.224
2.26,-0.93665,2.3064,0.99158,0.58107,0.21796,0,0.78413,9.7021,4.0766,0.12054,2.2785,-3.5371,3.2545,15.457,-41.206,0.58063,0,0,0,6.8003,6.769,6.7888,6.7734,-171.04,-73.44,-39.348,-26.429,824.4,-266.27,45.219
2.27,-0.83889,2.3451,0.9928,0.59308,0.19457,0,0.78128,9.8481,3.661,0.12434,2.1485,-3.5546,3.2334,13.746,-41.899,0.17611,0,0,0,6.8002,6.7664,6.7892,6.7716,-171.19,-65.2,-41.325,-3.2515,823.06,-127.34,45.212
2.28,-0.73975,2.3796,0.99405,0.60411,0.17101,0,0.77833,9.977,3.2388,0.12402,1.9938,-3.5781,3.2153,12.034,-42.51,-0.24109,0,0,0,6.8001,6.7637,6.7895,6.7694,-171.13,-56.991,-41.871,14.2,818.15,19.003,45.205
2.29,-0.6394,2.4098,0.99527,0.61407,0.14729,0,0.77539,10.089,2.811,0.11952,1.8123,-3.6062,3.2002,10.324,-43.04,-0.65637,0,0,0,6.7999,6.7609,6.7901,6.7669,-170.92,-48.846,-40.938,26.622,810.58,167.36,45.196
2.3,-0.53803,2.4358,0.99643,0.62285,0.1234,0,0.77255,10.184,2.3783,0.11095,1.6033,-3.6367,3.1881,8.6158,-43.488,-1.0549,0,0,0,6.7996,6.7584,6.7908,6.7643,-170.61,-40.785,-38.535,34.712,801.28,312.34,45.188
2.31,-0.43579,2.4574,0.99748,0.63035,0.099343,0,0.76992,10.261,1.9415,0.098528,1.367,-3.6669,3.1786,6.9116,-43.856,-1.4224,0,0,0,6.7993,6.7562,6.7917,6.7617,-170.24,-32.823,-34.721,39.167,791.16,448.54,45.182
2.32,-0.33286,2.4746,0.99838,0.6365,0.075138,0,0.76761,10.322,1.5015,0.082648,1.1049,-3.6942,3.1714,5.2112,-44.144,-1.745,0,0,0,6.799,6.7545,6.7929,6.7592,-169.84,-24.962,-29.611,40.683,781.12,570.58,45.176
2.33,-0.22941,2.4874,0.99912,0.64119,0.05081,0,0.7657,10.365,1.0589,0.063817,0.82016,-3.716,3.1662,3.5148,-44.355,-2.0108,0,0,0,6.7987,6.7534,6.7942,6.7569,-169.43,-17.197,-23.374,39.958,772.08,673.05,45.172
2.34,-0.12561,2.4958,0.99965,0.64437,0.026397,0,0.76426,10.392,0.61463,0.042656,0.517,-3.7299,3.1626,1.8225,-44.489,-2.2095,0,0,0,6.7982,6.753,6.7955,6.755,-169.04,-9.5138,-16.233,37.689,764.97,750.56,45.169
2.35,-0.021626,2.4997,0.99997,0.64596,0.0019417,0,0.76337,10.402,0.1694,0.019877,0.2011,-3.734,3.1603,0.1339,-44.546,-2.3334,0,0,0,6.7975,6.7532,6.7968,6.7534,-168.68,-1.8883,-8.4643,34.572,760.68,797.71,45.168
2.36,0.082371,2.4992,1,0.64596,-0.022504,0,0.76304,10.395,-0.27603,-0.0037464,-0.12064,-3.7274,3.159,-1.5512,-44.526,-2.3778,0,0,0,6.7967,6.7541,6.7979,6.7525,-168.35,5.7121,-0.3965,31.291,760,809.93,45.169
2.37,0.18621,2.4942,0.99989,0.64434,-0.046888,0,0.7633,10.371,-0.72088,-0.02741,-0.44084,-3.7099,3.1587,-3.2332,-44.431,-2.3415,0,0,0,6.7956,6.7555,6.7988,6.7521,-168.05,13.323,7.6228,28.423,762.57,788.72,45.17
2.38,0.28973,2.4847,0.9995,0.64112,-0.071158,0,0.76413,10.33,-1.1644,-0.050313,-0.75295,-3.6822,3.1595,-4.9124,-44.26,-2.2265,0,0,0,6.7944,6.7572,6.7995,6.7522,-167.78,20.971,15.281,26.499,767.55,738.41,45.172
2.39,0.39276,2.4709,0.99889,0.63635,-0.095266,0,0.7655,10.273,-1.6058,-0.071694,-1.0514,-3.6458,3.1616,-6.5889,-44.012,-2.038,0,0,0,6.7932,6.7592,6.7999,6.7528,-167.52,28.679,22.309,26.049,774.08,663.35,45.175
2.4,0.49513,2.4526,0.99808,0.63008,-0.11917,0,0.76733,10.198,-2.0444,-0.090852,-1.3317,-3.6028,3.1652,-8.2628,-43.686,-1.7832,0,0,0,6.7919,6.7614,6.8001,6.7538,-167.25,36.455,28.48,27.601,781.31,567.86,45.179
2.41,0.59667,2.43,0.99708,0.62238,-0.14285,0,0.76957,10.107,-2.4793,-0.10717,-1.5905,-3.5552,3.1704,-9.9338,-43.282,-1.4718,0,0,0,6.7907,6.7636,6.8002,6.7553,-166.96,44.304,33.612,31.686,788.39,456.29,45.183
2.42,0.69722,2.4031,0.99594,0.61334,-0.16626,0,0.77212,9.9997,-2.9098,-0.12014,-1.8255,-3.5054,3.1776,-11.602,-42.8,-1.1149,0,0,0,6.7896,6.7659,6.8002,6.7571,-166.61,52.22,37.566,38.834,794.46,332.96,45.188
2.43,0.79661,2.3718,0.99469,0.60304,-0.1894,0,0.7749,9.8753,-3.335,-0.12936,-2.0353,-3.4558,3.1868,-13.266,-42.238,-0.72476,0,0,0,6.7887,6.7682,6.8002,6.7592,-166.17,60.187,40.247,49.575,798.67,202.23,45.194
2.44,0.89467,2.3364,0.99337,0.59156,-0.21225,0,0.77782,9.7344,-3.7542,-0.13456,-2.2197,-3.4086,3.1981,-14.925,-41.596,-0.3144,0,0,0,6.7881,6.7705,6.8001,6.7615,-165.6,68.184,41.601,64.437,800.16,68.427,45.2
2.45,0.99124,2.2968,0.99202,0.57901,-0.23483,0,0.78077,9.5769,-4.1667,-0.13562,-2.3793,-3.3653,3.2113,-16.577,-40.874,0.1028,0,0,0,6.7876,6.7726,6.8001,6.764,-164.87,76.179,41.619,83.951,798.08,-64.115,45.207
2.46,1.0862,2.2531,0.99067,0.56547,-0.25713,0,0.78366,9.4029,-4.5715,-0.13253,-2.5156,-3.3273,3.2263,-18.221,-40.072,0.51364,0,0,0,6.7875,6.7747,6.8001,6.7663,-163.91,84.131,40.337,108.65,791.58,-191.05,45.214
2.47,1.1792,2.2054,0.98938,0.55103,-0.27915,0,0.78641,9.2125,-4.9678,-0.12541,-2.6307,-3.2952,3.2427,-19.854,-39.192,0.90546,0,0,0,6.7874,6.7765,6.8001,6.7686,-162.67,91.993,37.832,139.05,779.8,-308.05,45.221
2.48,1.2703,2.1538,0.98818,0.53576,-0.30091,0,0.78893,9.0058,-5.355,-0.11452,-2.7272,-3.2686,3.2599,-21.474,-38.233,1.2666,0,0,0,6.7875,6.7782,6.8001,6.7705,-161.11,99.707,34.224,175.7,761.9,-410.79,45.227
2.49,1.3593,2.0983,0.9871,0.51973,-0.3224,0,0.79117,8.7831,-5.7323,-0.10022,-2.8083,-3.2465,3.277,-23.075,-37.198,1.5868,0,0,0,6.7877,6.7798,6.8001,6.772,-159.14,107.21,29.673,218.55,737.56,-496.44,45.233
2.5,1.446,2.0391,0.98618,0.50299,-0.34362,0,0.79305,8.5444,-6.0988,-0.082952,-2.8767,-3.2273,3.2934,-24.655,-36.09,1.8575,0,0,0,6.7879,6.7811,6.8001,6.773,-156.72,114.44,24.352,266.54,707.46,-564.98,45.237
2.51,1.5301,1.9764,0.98545,0.48561,-0.36456,0,0.79453,8.29,-6.4538,-0.063256,-2.9351,-3.2096,3.3084,-26.208,-34.911,2.0718,0,0,0,6.7881,6.7823,6.8001,6.7738,-153.79,121.34,18.43,318.5,672.39,-616.67,45.24
2.52,1.6117,1.9101,0.98492,0.46763,-0.38518,0,0.79559,8.0203,-6.7967,-0.041721,-2.9859,-3.1915,3.3215,-27.729,-33.664,2.2246,0,0,0,6.7882,6.7834,6.8001,6.7741,-150.34,127.87,12.074,373.26,633.15,-651.79,45.243
2.53,1.6905,1.8405,0.98462,0.44907,-0.40547,0,0.7962,7.7356,-7.1269,-0.01898,-3.0309,-3.1714,3.3323,-29.213,-32.355,2.3124,0,0,0,6.7882,6.7844,6.8001,6.7742,-146.32,133.99,5.4481,429.64,590.51,-670.62,45.245
2.54,1.7664,1.7676,0.98454,0.42999,-0.42538,0,0.79634,7.4362,-7.4436,0.0043039,-3.0721,-3.1476,3.3406,-30.654,-30.986,2.3332,0,0,0,6.7881,6.7852,6.8,6.7739,-141.74,139.67,-1.2854,486.46,545.28,-673.42,45.245
2.55,1.8392,1.6917,0.9847,0.41041,-0.44488,0,0.79602,7.1227,-7.7464,0.02746,-3.111,-3.1181,3.3463,-32.046,-29.563,2.2869,0,0,0,6.7878,6.7859,6.8,6.7734,-136.6,144.89,-7.9679,542.56,498.23,-660.48,45.245
2.56,1.9088,1.6127,0.98509,0.39035,-0.46392,0,0.79524,6.7955,-8.0347,0.049821,-3.1491,-3.0812,3.3495,-33.384,-28.09,2.1746,0,0,0,6.7874,6.7865,6.8,6.7727,-130.9,149.64,-14.443,596.76,450.16,-632.05,45.244
2.57,1.975,1.531,0.98569,0.36983,-0.48244,0,0.79402,6.4552,-8.3081,0.070741,-3.1875,-3.0349,3.3503,-34.662,-26.571,1.9992,0,0,0,6.7868,6.787,6.8,6.7717,-124.67,153.9,-20.558,647.88,401.86,-588.42,45.242
2.58,2.0378,1.4466,0.9865,0.34888,-0.50039,0,0.7924,6.1025,-8.566,0.089609,-3.2275,-2.9772,3.3489,-35.875,-25.013,1.7651,0,0,0,6.7859,6.7873,6.8,6.7705,-117.96,157.67,-26.162,694.75,354.12,-529.87,45.24
2.59,2.0971,1.3597,0.98748,0.32751,-0.51769,0,0.7904,5.7379,-8.8082,0.10587,-3.2698,-2.906,3.3458,-37.02,-23.42,1.4782,0,0,0,6.7848,6.7876,6.8,6.769,-110.8,160.98,-31.107,736.19,307.72,-456.65,45.236
2.6,2.1526,1.2705,0.98861,0.30572,-0.53429,0,0.78808,5.3623,-9.0343,0.11902,-3.3154,-2.819,3.3413,-38.09,-21.795,1.1457,0,0,0,6.7834,6.7878,6.8001,6.7673,-103.25,163.84,-35.247,771.04,263.46,-369.06,45.231
2.61,2.2043,1.1791,0.98985,0.28353,-0.5501,0,0.7855,4.9764,-9.244,0.12866,-3.3646,-2.7141,3.336,-39.084,-20.144,0.77637,0,0,0,6.7816,6.7879,6.8001,6.7655,-95.4,166.26,-38.441,798.26,222.07,-267.6,45.225
2.62,2.2521,1.0857,0.99117,0.26094,-0.56504,0,0.78271,4.5809,-9.4371,0.13446,-3.4178,-2.5888,3.3303,-39.997,-18.471,0.38042,0,0,0,6.7796,6.788,6.8002,6.7635,-87.313,168.29,-40.562,818.09,183.76,-154.9,45.219
2.63,2.2959,0.99043,0.99252,0.23796,-0.57902,0,0.77981,4.1767,-9.6134,0.13621,-3.4743,-2.4411,3.3246,-40.829,-16.78,-0.030966,0,0,0,6.7774,6.7882,6.8002,6.7616,-79.06,169.95,-41.514,831.37,148.49,-34.6,45.212
2.64,2.3356,0.89348,0.99388,0.2146,-0.59195,0,0.77688,3.7646,-9.7727,0.13383,-3.5328,-2.2696,3.3188,-41.578,-15.073,-0.44577,0,0,0,6.775,6.7887,6.8002,6.7597,-70.704,171.27,-41.241,838.96,116.24,89.633,45.206
2.65,2.3711,0.79503,0.99519,0.19088,-0.60374,0,0.77399,3.3454,-9.9148,0.12733,-3.5918,-2.0733,3.313,-42.243,-13.355,-0.85162,0,0,0,6.7726,6.7893,6.8002,6.758,-62.297,172.28,-39.72,841.72,86.948,214.14,45.2
2.66,2.4025,0.69524,0.99641,0.16681,-0.61429,0,0.77124,2.92,-10.04,0.11687,-3.649,-1.8521,3.307,-42.824,-11.629,-1.2361,0,0,0,6.7701,6.7903,6.8001,6.7565,-53.883,173.02,-36.969,840.49,60.59,335.27,45.195
2.67,2.4295,0.59429,0.99751,0.14243,-0.62351,0,0.76873,2.4892,-10.147,0.10272,-3.7023,-1.6067,3.3006,-43.321,-9.8959,-1.5871,0,0,0,6.7676,6.7914,6.7999,6.7554,-45.498,173.5,-33.038,836.13,37.125,449.35,45.191
2.68,2.4522,0.49235,0.99845,0.11778,-0.63132,0,0.76653,2.0539,-10.238,0.085276,-3.7492,-1.3389,3.2936,-43.734,-8.1594,-1.8932,0,0,0,6.7653,6.7928,6.7996,6.7547,-37.168,173.77,-28.018,829.5,16.514,552.74,45.187
2.69,2.4706,0.3896,0.99921,0.092917,-0.63763,0,0.76472,1.6148,-10.311,0.065039,-3.7875,-1.051,3.2858,-44.065,-6.4212,-2.1442,0,0,0,6.7631,6.7942,6.799,6.7543,-28.912,173.84,-22.032,821.45,-1.2818,641.76,45.184
2.7,2.4845,0.2862,0.99975,0.06789,-0.64239,0,0.76336,1.1729,-10.366,0.042605,-3.8152,-0.74647,3.277,-44.313,-4.6831,-2.3312,0,0,0,6.761,6.7957,6.7983,6.7544,-20.741,173.75,-15.242,812.83,-16.3,712.76,45.182
2.71,2.494,0.18233,1.0001,0.042765,-0.64554,0,0.76253,0.72883,-10.404,0.018653,-3.8308,-0.42973,3.2672,-44.48,-2.9466,-2.447,0,0,0,6.7592,6.7971,6.7973,6.7548,-12.655,173.53,-7.8486,804.5,-28.578,762.09,45.181
2.72,2.4991,0.078174,1.0001,0.017611,-0.64706,0,0.76224,0.28353,-10.425,-0.0060815,-3.8333,-0.10595,3.2565,-44.566,-1.213,-2.4869,0,0,0,6.7577,6.7983,6.7961,6.7556,-4.6471,173.19,-0.085189,797.32,-38.156,786.08,45.18
2.73,2.4997,-0.026108,0.99993,-0.0075023,-0.64692,0,0.76252,-0.16223,-10.428,-0.030824,-3.8224,0.21883,3.2451,-44.573,0.5169,-2.4484,0,0,0,6.7566,6.7993,6.7947,6.7569,3.2982,172.77,7.7762,792.13,-45.073,781.09,45.179
2.74,2.4958,-0.13034,0.9995,-0.032508,-0.64515,0,0.76336,-0.60766,-10.415,-0.05479,-3.799,0.53802,3.2336,-44.5,2.2423,-2.332,0,0,0,6.7559,6.7999,6.7933,6.7586,11.204,172.3,15.435,789.32,-49.612,745.92,45.179
2.75,2.4875,-0.23434,0.99884,-0.057345,-0.64178,0,0.76474,-1.052,-10.384,-0.077216,-3.7644,0.84546,3.2225,-44.349,3.9627,-2.1413,0,0,0,6.7556,6.8002,6.7918,6.7606,19.091,171.78,22.606,788.37,-52.522,684.09,45.181
2.76,2.4748,-0.33795,0.99797,-0.081962,-0.63686,0,0.76661,-1.4944,-10.335,-0.097388,-3.7208,1.136,3.2125,-44.119,5.6779,-1.8824,0,0,0,6.7559,6.8003,6.7905,6.7629,26.975,171.25,29.042,788.65,-54.609,599.68,45.183
2.77,2.4577,-0.441,0.9969,-0.10632,-0.63046,0,0.7689,-1.9341,-10.27,-0.11466,-3.6706,1.4057,3.2041,-43.809,7.3876,-1.5636,0,0,0,6.7566,6.8001,6.7895,6.7654,34.866,170.69,34.538,789.53,-56.676,496.74,45.186
2.78,2.4361,-0.5433,0.99568,-0.13038,-0.62268,0,0.77154,-2.3703,-10.188,-0.1285,-3.6167,1.6514,3.1979,-43.421,9.0917,-1.1953,0,0,0,6.7577,6.7999,6.7888,6.7681,42.766,170.11,38.928,790.4,-59.528,379.35,45.191
2.79,2.4103,-0.64469,0.99435,-0.15413,-0.61359,0,0.77444,-2.8022,-10.088,-0.13844,-3.5617,1.8713,3.1944,-42.954,10.79,-0.78917,0,0,0,6.7593,6.7996,6.7884,6.771,50.672,169.5,42.09,790.63,-63.97,251.56,45.197
2.8,2.3801,-0.74501,0.99293,-0.17756,-0.60329,0,0.7775,-3.2291,-9.972,-0.1442,-3.5084,2.0645,3.1938,-42.408,12.481,-0.35791,0,0,0,6.7613,6.7993,6.7884,6.7739,58.574,168.82,43.938,789.6,-70.805,117.45,45.205
2.81,2.3457,-0.84408,0.99148,-0.20068,-0.5919,0,0.78063,-3.6501,-9.8387,-0.14556,-3.4591,2.2311,3.1963,-41.783,14.166,0.085078,0,0,0,6.7635,6.7991,6.7889,6.7769,66.457,168.07,44.431,786.67,-80.838,-18.916,45.214
2.82,2.3071,-0.94173,0.99003,-0.22349,-0.57949,0,0.78373,-4.0645,-9.6887,-0.1425,-3.4158,2.3721,3.2021,-41.079,15.842,0.52619,0,0,0,6.766,6.799,6.7896,6.7798,74.299,167.19,43.566,781.23,-94.874,-153.47,45.224
2.83,2.2644,-1.0378,0.98864,-0.24601,-0.56618,0,0.78671,-4.4714,-9.5219,-0.13509,-3.3799,2.4894,3.2109,-40.297,17.509,0.952,0,0,0,6.7685,6.799,6.7906,6.7825,82.071,166.16,41.381,772.65,-113.72,-282.16,45.234
2.84,2.2177,-1.1321,0.98734,-0.26826,-0.55204,0,0.78949,-4.8702,-9.3385,-0.12355,-3.3522,2.5853,3.2224,-39.438,19.165,1.3497,0,0,0,6.771,6.7991,6.7917,6.785,89.739,164.9,37.956,760.3,-138.17,-400.9,45.245
2.85,2.1671,-1.2245,0.98618,-0.29027,-0.53715,0,0.79197,-5.2599,-9.1386,-0.10823,-3.3325,2.6629,3.2363,-38.503,20.806,1.7074,0,0,0,6.7732,6.7993,6.7928,6.7871,97.263,163.37,33.41,743.56,-169.04,-505.64,45.254
2.86,2.1126,-1.3148,0.98519,-0.31204,-0.52158,0,0.7941,-5.64,-8.9224,-0.089575,-3.3199,2.7257,3.2516,-37.493,22.431,2.0147,0,0,0,6.775,6.7996,6.7937,6.7887,104.59,161.5,27.903,721.93,-206.93,-592.71,45.262
2.87,2.0543,-1.4029,0.9844,-0.33359,-0.50537,0,0.79581,-6.0096,-8.6901,-0.068135,-3.3127,2.777,3.2678,-36.411,24.035,2.2628,0,0,0,6.7763,6.7999,6.7943,6.79,111.69,159.21,21.618,695.64,-251.15,-661.18,45.267
2.88,1.9924,-1.4886,0.98384,-0.35492,-0.48859,0,0.79707,-6.368,-8.4418,-0.044538,-3.3089,2.82,3.284,-35.26,25.614,2.445,0,0,0,6.7772,6.8001,6.7945,6.7907,118.49,156.46,14.741,665.28,-300.49,-711.19,45.271
2.89,1.927,-1.5717,0.98352,-0.37601,-0.47125,0,0.79783,-6.7146,-8.1779,-0.01947,-3.3065,2.8575,3.2997,-34.043,27.162,2.5563,0,0,0,6.7775,6.8002,6.7944,6.791,124.98,153.19,7.4549,631.38,-353.71,-742.91,45.272
2.9,1.8582,-1.6521,0.98345,-0.39684,-0.45339,0,0.79809,-7.0486,-7.8987,0.0063406,-3.3033,2.8919,3.3146,-32.762,28.676,2.5934,0,0,0,6.7773,6.8002,6.7938,6.7909,131.11,149.37,-0.057165,594.53,-409.61,-756.5,45.27
2.91,1.7861,-1.7296,0.98364,-0.41739,-0.43502,0,0.79784,-7.3696,-7.6045,0.032145,-3.2971,2.9256,3.3282,-31.422,30.148,2.555,0,0,0,6.7765,6.8,6.7928,6.7905,136.86,144.99,-7.6151,555.28,-466.94,-752.11,45.266
2.92,1.7108,-1.8041,0.98409,-0.43761,-0.41616,0,0.79706,-7.6769,-7.2959,0.05719,-3.2852,2.9602,3.3405,-30.026,31.574,2.4415,0,0,0,6.7752,6.7997,6.7914,6.7898,142.21,140.03,-15.04,514.19,-524.51,-729.91,45.26
2.93,1.6326,-1.8755,0.98478,-0.45746,-0.39681,0,0.79579,-7.9699,-6.9732,0.080733,-3.2653,2.9975,3.3513,-28.579,32.947,2.2552,0,0,0,6.7734,6.7993,6.7896,6.7888,147.14,134.51,-22.154,471.82,-581.07,-690.05,45.252
2.94,1.5515,-1.9435,0.9857,-0.47687,-0.37697,0,0.79403,-8.2483,-6.6371,0.10206,-3.2344,3.0389,3.3606,-27.085,34.262,2.0001,0,0,0,6.7712,6.7988,6.7875,6.7877,151.64,128.42,-28.783,428.74,-635.42,-632.71,45.242
2.95,1.4676,-2.0082,0.98681,-0.49578,-0.35665,0,0.79183,-8.5115,-6.2882,0.12052,-3.1898,3.0853,3.3685,-25.547,35.513,1.6818,0,0,0,6.7686,6.7984,6.7851,6.7866,155.72,121.81,-34.751,385.51,-686.32,-558.02,45.231
2.96,1.3813,-2.0693,0.9881,-0.51412,-0.33584,0,0.78924,-8.7591,-5.9271,0.13551,-3.1285,3.1375,3.3751,-23.972,36.696,1.3078,0,0,0,6.7658,6.7979,6.7824,6.7856,159.36,114.71,-39.886,342.69,-732.56,-466.17,45.219
2.97,1.2925,-2.1267,0.98951,-0.53178,-0.31454,0,0.78631,-8.9908,-5.5545,0.14653,-3.0472,3.1961,3.3804,-22.362,37.806,0.8874,0,0,0,6.7627,6.7976,6.7795,6.7847,162.57,107.18,-44.017,300.85,-772.92,-357.3,45.207
2.98,1.2015,-2.1803,0.99101,-0.54867,-0.29273,0,0.78311,-9.2062,-5.1712,0.15314,-2.9427,3.2611,3.3848,-20.722,38.839,0.43139,0,0,0,6.7596,6.7974,6.7764,6.784,165.38,99.275,-46.976,260.54,-806.19,-231.64,45.196
2.99,1.1084,-2.2301,0.99256,-0.56469,-0.27043,0,0.77974,-9.4052,-4.778,0.15508,-2.8115,3.3323,3.3884,-19.055,39.791,-0.047665,0,0,0,6.7564,6.7975,6.7732,6.7838,167.79,91.078,-48.602,222.12,-832.05,-91.573,45.185
3,1.0135,-2.2759,0.9941,-0.57972,-0.24762,0,0.77628,-9.5873,-4.3757,0.15216,-2.651,3.4086,3.3911,-17.367,40.66,-0.5358,0,0,0,6.7534,6.7977,6.7699,6.7839,169.83,82.656,-48.776,185.74,-851.17,57.994,45.175
3.01,0.91676,-2.3176,0.99558,-0.59363,-0.22431,0,0.77285,-9.7524,-3.9651,0.14438,-2.4589,3.4879,3.3928,-15.66,41.443,-1.0181,0,0,0,6.7508,6.7981,6.7665,6.7845,171.51,74.074,-47.427,151.54,-864.27,212,45.167
3.02,0.81848,-2.3551,0.99697,-0.60629,-0.20053,0,0.76954,-9.9004,-3.5471,0.13187,-2.2345,3.5677,3.3931,-13.938,42.141,-1.4792,0,0,0,6.7486,6.7987,6.7633,6.7855,172.87,65.388,-44.538,119.64,-872.1,365.38,45.16
3.03,0.71881,-2.3885,0.99821,-0.61759,-0.1763,0,0.76649,-10.031,-3.1226,0.11492,-1.9778,3.645,3.3918,-12.204,42.751,-1.9038,0,0,0,6.747,6.7994,6.7601,6.7869,173.91,56.647,-40.138,90.187,-875.39,513.09,45.156
3.04,0.61791,-2.4176,0.99925,-0.62739,-0.15166,0,0.76379,-10.144,-2.6924,0.093964,-1.6902,3.7165,3.3884,-10.461,43.274,-2.2772,0,0,0,6.7459,6.8,6.7569,6.7885,174.68,47.893,-34.312,63.298,-874.87,650.06,45.152
3.05,0.51598,-2.4423,1.0001,-0.6356,-0.12667,0,0.76156,-10.24,-2.2574,0.06959,-1.3744,3.7791,3.3827,-8.711,43.709,-2.5857,0,0,0,6.7453,6.8003,6.7539,6.7902,175.19,39.16,-27.19,39.112,-871.27,771.22,45.15
3.06,0.41317,-2.4627,1.0006,-0.64211,-0.1014,0,0.75987,-10.319,-1.8185,0.042506,-1.0343,3.8299,3.3744,-6.9576,44.057,-2.8173,0,0,0,6.7453,6.8003,6.7509,6.7918,175.47,30.476,-18.957,17.758,-865.33,871.53,45.147
3.07,0.30966,-2.4787,1.0009,-0.64686,-0.075931,0,0.75882,-10.379,-1.3766,0.013534,-0.67509,3.8663,3.3634,-5.2023,44.319,-2.9619,0,0,0,6.7456,6.7999,6.7481,6.7932,175.55,21.859,-9.8458,-0.62975,-857.78,945.92,45.145
3.08,0.20563,-2.4902,1.0009,-0.64978,-0.050339,0,0.75846,-10.423,-0.93243,-0.016418,-0.30329,3.8864,3.3496,-3.4471,44.494,-3.0122,0,0,0,6.7464,6.7989,6.7456,6.7942,175.47,13.323,-0.14152,-15.92,-849.36,989.34,45.142
3.09,0.10126,-2.4973,1.0006,-0.65084,-0.02472,0,0.75881,-10.448,-0.48696,-0.046382,0.073484,3.8892,3.3334,-1.6934,44.585,-2.9639,0,0,0,6.7476,6.7975,6.7435,6.7949,175.25,4.8723,9.8209,-27.982,-840.79,996.72,45.139
3.1,-0.003276,-2.5,0.99998,-0.65005,0.00083832,0,0.75989,-10.457,-0.041005,-0.075364,0.44643,3.8748,3.3152,0.057507,44.592,-2.8162,0,0,0,6.7493,6.7955,6.7421,6.7951,174.92,-3.4949,19.656,-36.683,-832.81,963,45.137
3.11,-0.10781,-2.4981,0.99909,-0.64744,0.026249,0,0.76167,-10.447,0.4046,-0.10239,0.80585,3.8445,3.2957,1.8048,44.516,-2.5726,0,0,0,6.7515,6.7933,6.7416,6.795,174.52,-11.788,28.933,-42.101,-825.94,885.4,45.136
3.12,-0.21216,-2.4919,0.99794,-0.64307,0.051436,0,0.76407,-10.421,0.84903,-0.12652,1.1425,3.8009,3.2759,3.5478,44.357,-2.2408,0,0,0,6.7541,6.7911,6.7422,6.7947,174.09,-20.017,37.236,-45.081,-819.93,769.44,45.137
3.13,-0.31616,-2.4812,0.99657,-0.63706,0.07634,0,0.76702,-10.376,1.2915,-0.14695,1.449,3.7475,3.2567,5.2864,44.115,-1.8323,0,0,0,6.7573,6.7891,6.7439,6.7944,173.63,-28.188,44.218,-46.644,-814.36,622.5,45.141
3.14,-0.41963,-2.4661,0.99502,-0.62952,0.10092,0,0.7704,-10.315,1.7311,-0.16296,1.7198,3.6884,3.2392,7.0203,43.793,-1.3618,0,0,0,6.7609,6.7875,6.7467,6.7942,173.15,-36.304,49.607,-47.809,-808.79,452,45.149
3.15,-0.5224,-2.4466,0.99333,-0.62059,0.12514,0,0.77408,-10.236,2.1671,-0.17403,1.9514,3.628,3.2241,8.7494,43.39,-0.84616,0,0,0,6.7649,6.7867,6.7506,6.7944,172.67,-44.362,53.204,-49.594,-802.8,265.32,45.161
3.16,-0.62429,-2.4227,0.99155,-0.61043,0.14901,0,0.77793,-10.14,2.5986,-0.1798,2.1423,3.5707,3.2122,10.474,42.906,-0.30409,0,0,0,6.7691,6.7865,6.7553,6.7949,172.16,-52.357,54.885,-53.021,-795.97,69.87,45.176
3.17,-0.72514,-2.3946,0.98975,-0.59919,0.17253,0,0.78179,-10.027,3.0249,-0.18009,2.2929,3.5207,3.2044,12.192,42.343,0.24496,0,0,0,6.7734,6.7871,6.7608,6.7958,171.6,-60.277,54.597,-59.107,-787.85,-126.96,45.195
3.18,-0.82477,-2.3623,0.98797,-0.58703,0.19575,0,0.78555,-9.896,3.4452,-0.17494,2.4052,3.4813,3.2009,13.905,41.701,0.78137,0,0,0,6.7775,6.7881,6.7665,6.797,170.96,-68.108,52.366,-68.874,-778.04,-317.77,45.215
3.19,-0.923,-2.3257,0.98627,-0.57408,0.21869,0,0.78906,-9.7484,3.8587,-0.16457,2.4833,3.4553,3.2022,15.611,40.981,1.2861,0,0,0,6.7811,6.7895,6.7721,6.7982,170.21,-75.831,48.287,-83.339,-766.09,-495.16,45.235
3.2,-1.0197,-2.2851,0.9847,-0.56047,0.24141,0,0.79221,-9.5838,4.2646,-0.14938,2.5322,3.4441,3.2082,17.309,40.185,1.7415,0,0,0,6.7839,6.791,6.777,6.7994,169.28,-83.422,42.532,-103.52,-751.59,-651.74,45.252
3.21,-1.1146,-2.2405,0.9833,-0.5463,0.26397,0,0.79491,-9.4023,4.6621,-0.12996,2.5585,3.4476,3.219,18.996,39.313,2.132,0,0,0,6.7857,6.7921,6.7808,6.8001,168.11,-90.853,35.346,-130.45,-734.1,-780.1,45.265
3.22,-1.2077,-2.1919,0.98211,-0.53165,0.28642,0,0.79706,-9.2039,5.0506,-0.107,2.5693,3.4641,3.2339,20.67,38.368,2.4447,0,0,0,6.7864,6.7926,6.7832,6.8004,166.64,-98.093,27.048,-165.13,-713.21,-872.85,45.271
3.23,-1.2986,-2.1395,0.98116,-0.51657,0.30879,0,0.79863,-8.9889,5.4292,-0.081351,2.5725,3.4901,3.2521,22.328,37.352,2.6705,0,0,0,6.7858,6.7924,6.7836,6.8001,164.78,-105.1,18.032,-208.54,-688.49,-922.79,45.27
3.24,-1.3874,-2.0833,0.98049,-0.50107,0.33109,0,0.79957,-8.7575,5.7974,-0.053899,2.5758,3.5198,3.2724,23.964,36.267,2.8044,0,0,0,6.7841,6.7913,6.7823,6.7993,162.44,-111.85,8.7399,-260.38,-659.91,-928.72,45.262
3.25,-1.4737,-2.0236,0.98009,-0.48513,0.35332,0,0.79988,-8.5097,6.1543,-0.025571,2.5855,3.5473,3.2935,25.575,35.116,2.8458,0,0,0,6.7817,6.7893,6.7793,6.7979,159.55,-118.29,-0.41371,-318.91,-627.9,-896.07,45.247
3.26,-1.5575,-1.9603,0.97998,-0.46874,0.37542,0,0.79959,-8.2461,6.4995,0.0027189,2.6058,3.5662,3.314,27.153,33.902,2.7978,0,0,0,6.7788,6.7866,6.775,6.7961,156.05,-124.4,-9.0723,-382.32,-592.87,-830.68,45.227
3.27,-1.6386,-1.8936,0.98014,-0.45184,0.39734,0,0.79873,-7.9668,6.8322,0.030109,2.6394,3.5706,3.3329,28.693,32.629,2.667,0,0,0,6.7758,6.7835,6.7699,6.7942,151.89,-130.14,-16.938,-448.79,-555.25,-738.36,45.206
3.28,-1.7168,-1.8237,0.98057,-0.4344,0.41896,0,0.79735,-7.6724,7.1519,0.055813,2.6873,3.5552,3.3489,30.189,31.301,2.4625,0,0,0,6.7733,6.7802,6.7646,6.7925,147.07,-135.5,-23.769,-516.51,-515.49,-624.92,45.184
3.29,-1.792,-1.7506,0.98125,-0.41637,0.44019,0,0.79553,-7.3632,7.458,0.079151,2.7493,3.5152,3.3611,31.632,29.921,2.1957,0,0,0,6.7716,6.7771,6.7594,6.7912,141.57,-140.44,-29.385,-583.66,-474,-496.19,45.165
3.3,-1.864,-1.6746,0.98215,-0.39772,0.46088,0,0.79335,-7.0399,7.7501,0.099561,2.8239,3.4472,3.3686,33.018,28.493,1.8793,0,0,0,6.7708,6.7744,6.7548,6.7905,135.4,-144.97,-33.661,-648.43,-431.22,-357.97,45.151
3.31,-1.9328,-1.5957,0.98323,-0.37844,0.48089,0,0.79091,-6.7031,8.0278,0.11662,2.9088,3.3488,3.371,34.338,27.023,1.5271,0,0,0,6.7713,6.7724,6.7511,6.7904,128.61,-149.07,-36.532,-709.01,-387.59,-216.1,45.142
3.32,-1.9981,-1.5141,0.98447,-0.35851,0.50007,0,0.78829,-6.3534,8.2905,0.13003,3.001,3.2192,3.3678,35.588,25.513,1.1534,0,0,0,6.7729,6.771,6.7486,6.7911,121.24,-152.72,-37.99,-763.58,-343.52,-76.38,45.139
3.33,-2.0598,-1.4299,0.98582,-0.33794,0.51829,0,0.7856,-5.9916,8.5379,0.13966,3.097,3.0592,3.3592,36.762,23.97,0.77188,0,0,0,6.7755,6.7704,6.7473,6.7924,113.37,-155.94,-38.086,-810.32,-299.45,55.369,45.143
3.34,-2.1178,-1.3434,0.98725,-0.31678,0.53542,0,0.78293,-5.6184,8.7698,0.14549,3.1933,2.871,3.3454,37.854,22.396,0.39582,0,0,0,6.7789,6.7703,6.7472,6.7941,105.07,-158.71,-36.929,-847.43,-255.81,173.33,45.151
3.35,-2.1721,-1.2546,0.98871,-0.29505,0.55133,0,0.78037,-5.2348,8.9857,0.14763,3.2864,2.6584,3.327,38.862,20.797,0.036933,0,0,0,6.7828,6.7707,6.7481,6.7959,96.455,-161.05,-34.685,-873.09,-213.04,271.68,45.163
3.36,-2.2225,-1.1637,0.99019,-0.27281,0.56595,0,0.77799,-4.8415,9.1856,0.14632,3.373,2.4268,3.3047,39.783,19.176,-0.295,0,0,0,6.7867,6.7714,6.7498,6.7976,87.65,-162.98,-31.578,-885.89,-171.54,345.59,45.176
3.37,-2.2689,-1.0709,0.99163,-0.25012,0.57921,0,0.77585,-4.4394,9.3692,0.14185,3.4505,2.1822,3.2795,40.615,17.539,-0.59257,0,0,0,6.7904,6.7721,6.752,6.799,78.778,-164.49,-27.852,-886.74,-131.69,395.82,45.189
3.38,-2.3113,-0.97638,0.99301,-0.22707,0.59108,0,0.77399,-4.0295,9.5364,0.1346,3.517,1.9301,3.2521,41.358,15.888,-0.85073,0,0,0,6.7936,6.7728,6.7544,6.7999,69.949,-165.62,-23.731,-877.39,-93.81,425.1,45.201
3.39,-2.3495,-0.88025,0.99431,-0.2037,0.60154,0,0.77244,-3.6125,9.6869,0.12497,3.5715,1.6752,3.2231,42.014,14.228,-1.0665,0,0,0,6.7962,6.7732,6.7567,6.8002,61.258,-166.38,-19.411,-859.59,-58.248,436.2,45.211
3.4,-2.3835,-0.7827,0.99551,-0.18011,0.61059,0,0.77119,-3.1895,9.8209,0.11341,3.6135,1.4219,3.1931,42.584,12.562,-1.2388,0,0,0,6.7982,6.7733,6.7589,6.8,52.78,-166.79,-15.059,-835.06,-25.337,431.87,45.217
3.41,-2.4133,-0.68389,0.99658,-0.15636,0.61826,0,0.77026,-2.7611,9.9382,0.10034,3.6431,1.1735,3.1624,43.071,10.893,-1.3681,0,0,0,6.7995,6.7731,6.7608,6.7992,44.573,-166.89,-10.816,-805.57,4.5835,414.86,45.221
3.42,-2.4387,-0.58399,0.99751,-0.13252,0.62459,0,0.76963,-2.3283,10.039,0.086188,3.6606,0.93298,3.1314,43.477,9.2247,-1.4559,0,0,0,6.8002,6.7727,6.7624,6.798,36.679,-166.71,-6.7947,-772.84,31.178,387.91,45.222
3.43,-2.4598,-0.48317,0.9983,-0.10865,0.62961,0,0.76928,-1.8919,10.123,0.071353,3.6669,0.70251,3.1004,43.805,7.5595,-1.505,0,0,0,6.8004,6.7722,6.7638,6.7965,29.121,-166.28,-3.0814,-738.62,54.109,353.79,45.221
3.44,-2.4765,-0.38159,0.99894,-0.084811,0.63338,0,0.76918,-1.4525,10.19,0.056206,3.6632,0.48356,3.0697,44.06,5.8998,-1.5188,0,0,0,6.8002,6.7716,6.765,6.7949,21.906,-165.64,0.26624,-704.66,73.038,315.23,45.219
3.45,-2.4889,-0.27942,0.99942,-0.061048,0.63595,0,0.76931,-1.0109,10.241,0.041083,3.6507,0.27692,3.0398,44.245,4.2473,-1.501,0,0,0,6.7998,6.771,6.7661,6.7934,15.022,-164.83,3.2177,-672.7,87.63,275,45.217
3.46,-2.4968,-0.17683,0.99976,-0.037407,0.63738,0,0.76964,-0.5678,10.275,0.026278,3.631,0.082651,3.0111,44.362,2.6035,-1.4557,0,0,0,6.7994,6.7706,6.7673,6.7921,8.4395,-163.9,5.7699,-644.47,97.546,235.85,45.216
3.47,-2.5002,-0.07398,0.99995,-0.01392,0.63773,0,0.77013,-0.12387,10.293,0.012047,3.6059,-0.099965,2.9842,44.414,0.96942,-1.3868,0,0,0,6.7991,6.7704,6.7686,6.7912,2.1138,-162.9,7.9474,-621.73,102.45,200.52,45.216
3.48,-2.4992,0.02897,1,0.0093889,0.63704,0,0.77077,0.32028,10.294,-0.001392,3.5772,-0.27245,2.9599,44.405,-0.65444,-1.2979,0,0,0,6.7989,6.7704,6.77,6.7909,-4.0192,-161.87,9.8022,-606.21,102.01,171.75,45.217
3.49,-2.4938,0.13185,0.99993,0.032505,0.63536,0,0.77153,0.76402,10.28,-0.013853,3.5466,-0.43705,2.9391,44.334,-2.2681,-1.1916,0,0,0,6.7989,6.7706,6.7716,6.7911,-10.037,-160.88,11.409,-598.69,96.414,150.73,45.22
3.5,-2.484,0.23451,0.99973,0.055426,0.63272,0,0.77239,1.2068,10.249,-0.025174,3.5157,-0.59612,2.9228,44.204,-3.8722,-1.0703,0,0,0,6.799,6.7709,6.7733,6.7918,-16.017,-159.96,12.837,-598.33,86.792,135.89,45.225
3.51,-2.4697,0.33678,0.99943,0.078157,0.62915,0,0.77335,1.6479,10.202,-0.035213,3.4858,-0.75172,2.9118,44.014,-5.4677,-0.9353,0,0,0,6.7993,6.7712,6.775,6.7929,-22.024,-159.15,14.141,-604.06,74.361,125.38,45.231
3.52,-2.451,0.4385,0.99903,0.10071,0.62464,0,0.77439,2.0868,10.14,-0.043838,3.4575,-0.90562,2.9066,43.763,-7.0557,-0.78776,0,0,0,6.7996,6.7714,6.7767,6.7942,-28.115,-158.48,15.353,-614.86,60.342,117.34,45.236
3.53,-2.4279,0.53952,0.99856,0.12309,0.6192,0,0.77552,2.523,10.061,-0.050929,3.4314,-1.0592,2.9079,43.451,-8.6377,-0.62848,0,0,0,6.7999,6.7715,6.7783,6.7955,-34.335,-157.94,16.49,-629.69,45.955,109.92,45.242
3.54,-2.4006,0.63968,0.99802,0.14533,0.61284,0,0.77673,2.9556,9.967,-0.056371,3.4078,-1.2134,2.9158,43.076,-10.215,-0.45822,0,0,0,6.8001,6.7714,6.7797,6.7968,-40.719,-157.55,17.548,-647.5,32.421,101.27,45.247
3.55,-2.3688,0.73881,0.99743,0.16744,0.60554,0,0.778,3.3843,9.8569,-0.06006,3.3865,-1.3688,2.9304,42.636,-11.789,-0.27786,0,0,0,6.8002,6.7711,6.781,6.798,-47.291,-157.29,18.505,-667.25,20.959,89.531,45.251
3.56,-2.3329,0.83676,0.99682,0.18943,0.59728,0,0.77934,3.8081,9.7312,-0.061899,3.3672,-1.5255,2.9514,42.129,-13.361,-0.088587,0,0,0,6.8001,6.7707,6.7821,6.7989,-54.067,-157.12,19.322,-687.91,12.79,72.85,45.253
3.57,-2.2927,0.93338,0.9962,0.21131,0.58805,0,0.78073,4.2266,9.5897,-0.061807,3.3497,-1.6829,2.9785,41.554,-14.932,0.10792,0,0,0,6.8,6.7702,6.7831,6.7996,-61.049,-157.02,19.939,-708.43,9.1348,49.376,45.255
3.58,-2.2484,1.0285,0.99559,0.23309,0.57784,0,0.78215,4.639,9.4325,-0.059724,3.3334,-1.84,3.011,40.908,-16.502,0.30928,0,0,0,6.7998,6.7696,6.784,6.8,-68.231,-156.92,20.281,-727.77,11.213,17.255,45.256
3.59,-2.1999,1.122,0.99501,0.25478,0.56664,0,0.78358,5.0445,9.2597,-0.055616,3.318,-1.9953,3.0481,40.189,-18.07,0.51229,0,0,0,6.7997,6.7692,6.7848,6.8002,-75.597,-156.77,20.25,-744.9,20.244,-25.367,45.256
3.6,-2.1475,1.2136,0.99449,0.27636,0.55444,0,0.78499,5.4425,9.0711,-0.049487,3.3032,-2.1466,3.0888,39.395,-19.637,0.71265,0,0,0,6.7996,6.769,6.7857,6.8002,-83.119,-156.49,19.732,-758.77,37.448,-80.34,45.257
3.61,-2.0911,1.3033,0.99403,0.29783,0.54126,0,0.78634,5.8322,8.867,-0.04139,3.2892,-2.2914,3.1319,38.526,-21.199,0.90488,0,0,0,6.7996,6.7691,6.7867,6.8001,-90.759,-155.99,18.6,-768.59,63.529,-148.02,45.259
3.62,-2.0309,1.3909,0.99367,0.31917,0.52711,0,0.78758,6.2128,8.6472,-0.031439,3.2763,-2.4275,3.1765,37.58,-22.755,1.0822,0,0,0,6.7996,6.7695,6.7878,6.8001,-98.477,-155.19,16.742,-774.25,97.791,-224.69,45.262
3.63,-1.9669,1.4762,0.99341,0.34037,0.51201,0,0.78866,6.5835,8.4119,-0.019821,3.265,-2.5537,3.2218,36.556,-24.302,1.2371,0,0,0,6.7998,6.7702,6.7889,6.8,-106.23,-154.01,14.09,-775.75,139.31,-305.98,45.265
3.64,-1.8993,1.5591,0.99327,0.36141,0.49601,0,0.78953,6.9436,8.1612,-0.0067999,3.2557,-2.6696,3.2674,35.455,-25.834,1.3613,0,0,0,6.8,6.7709,6.79,6.8,-113.98,-152.39,10.621,-773.08,187.15,-387.5,45.268
3.65,-1.8281,1.6394,0.99328,0.38228,0.47914,0,0.79012,7.2924,7.8953,0.0072763,3.2487,-2.7758,3.3131,34.277,-27.348,1.4468,0,0,0,6.8001,6.7715,6.7909,6.8,-121.68,-150.25,6.3542,-766.23,240.39,-464.87,45.271
3.66,-1.7535,1.717,0.99342,0.40295,0.46142,0,0.79039,7.6289,7.6143,0.021982,3.2439,-2.8736,3.3588,33.022,-28.837,1.4859,0,0,0,6.8002,6.7718,6.7915,6.7998,-129.29,-147.56,1.3523,-755.21,298.11,-533.71,45.272
3.67,-1.6755,1.7917,0.99372,0.42341,0.4429,0,0.79029,7.9526,7.3186,0.036817,3.2406,-2.965,3.4046,31.692,-30.297,1.4718,0,0,0,6.8,6.7716,6.7917,6.7993,-136.77,-144.28,-4.277,-740.02,359.37,-589.64,45.271
3.68,-1.5944,1.8633,0.99416,0.44363,0.42358,0,0.78979,8.2625,7.0085,0.051221,3.2372,-3.0526,3.4508,30.287,-31.721,1.3988,0,0,0,6.7995,6.7707,6.7915,6.7984,-144.07,-140.37,-10.383,-720.65,423.24,-628.27,45.267
3.69,-1.5103,1.9318,0.99474,0.46358,0.40348,0,0.78886,8.5581,6.6843,0.064584,3.2314,-3.1392,3.4976,28.811,-33.102,1.2632,0,0,0,6.7987,6.7689,6.7907,6.7969,-151.17,-135.81,-16.77,-697.09,488.8,-645.21,45.259
3.7,-1.4233,1.9969,0.99544,0.48322,0.3826,0,0.78748,8.8385,6.3466,0.07627,3.2197,-3.2279,3.545,27.265,-34.435,1.0632,0,0,0,6.7977,6.7662,6.7894,6.7948,-158,-130.59,-23.2,-669.36,555.13,-636.09,45.247
3.71,-1.3336,2.0587,0.99625,0.50248,0.36093,0,0.78565,9.1031,5.9958,0.085638,3.1974,-3.3215,3.5932,25.652,-35.712,0.79997,0,0,0,6.7965,6.7625,6.7877,6.7919,-164.54,-124.71,-29.39,-637.43,621.28,-596.53,45.231
3.72,-1.2413,2.1168,0.99715,0.52127,0.33844,0,0.78341,9.3513,5.6326,0.092071,3.1582,-3.4228,3.6419,23.975,-36.927,0.47732,0,0,0,6.7953,6.758,6.7858,6.7882,-170.74,-118.17,-35.015,-601.32,686.35,-522.13,45.212
3.73,-1.1466,2.1713,0.99808,0.5395,0.31512,0,0.78079,9.5824,5.2575,0.095011,3.0949,-3.5335,3.6906,22.238,-38.073,0.10278,0,0,0,6.7944,6.7528,6.784,6.7838,-176.55,-110.98,-39.709,-561.12,749.46,-410.89,45.192
3.74,-1.0497,2.2219,0.99903,0.55702,0.29093,0,0.77787,9.7959,4.8714,0.09399,2.9998,-3.6543,3.7387,20.445,-39.144,-0.3126,0,0,0,6.7938,6.7474,6.7825,6.7789,-181.95,-103.18,-43.13,-517.31,810.04,-268.99,45.171
3.75,-0.95079,2.2687,0.99995,0.57365,0.26587,0,0.77475,9.9912,4.4749,0.088669,2.8664,-3.7837,3.7852,18.601,-40.135,-0.75469,0,0,0,6.7937,6.7422,6.7817,6.7737,-186.89,-94.794,-45.013,-470.46,867.54,-104.41,45.152
3.76,-0.84998,2.3114,1.0008,0.58922,0.23991,0,0.77153,10.168,4.069,0.078862,2.6897,-3.9186,3.829,16.709,-41.038,-1.2071,0,0,0,6.7942,6.7377,6.7817,6.7683,-191.35,-85.846,-45.17,-421.12,921.42,74.857,45.136
3.77,-0.7475,2.35,1.0015,0.60352,0.21308,0,0.76835,10.325,3.6545,0.064552,2.4667,-4.0548,3.8691,14.776,-41.85,-1.652,0,0,0,6.7952,6.734,6.7826,6.763,-195.3,-76.38,-43.493,-369.85,971.16,260.84,45.125
3.78,-0.64354,2.3845,1.0021,0.61635,0.18542,0,0.76533,10.463,3.2323,0.045909,2.1961,-4.1874,3.9043,12.805,-42.564,-2.0708,0,0,0,6.7965,6.7314,6.7843,6.7579,-198.74,-66.439,-39.957,-317.22,1016.2,445.55,45.117
3.79,-0.5383,2.4146,1.0024,0.6275,0.15699,0,0.76262,10.581,2.8035,0.023286,1.8791,-4.3107,3.9338,10.802,-43.177,-2.4451,0,0,0,6.798,6.73,6.7867,6.753,-201.65,-56.073,-34.613,-263.77,1056,621.02,45.113
3.8,-0.43198,2.4405,1.0025,0.6368,0.1279,0,0.76035,10.679,2.3691,-0.0027853,1.5189,-4.4193,3.9567,8.7737,-43.685,-2.7574,0,0,0,6.7994,6.7296,6.7894,6.7483,-204.02,-45.337,-27.594,-210.08,1090.1,779.25,45.111
3.81,-0.32478,2.462,1.0024,0.64406,0.098239,0,0.75864,10.757,1.9302,-0.031603,1.121,-4.5082,3.9725,6.724,-44.083,-2.9921,0,0,0,6.8003,6.73,6.7922,6.7438,-205.85,-34.292,-19.112,-156.7,1117.9,912.27,45.111
3.82,-0.21692,2.4791,1.0019,0.64916,0.068158,0,0.75759,10.814,1.4878,-0.062323,0.69278,-4.573,3.9809,4.6585,-44.37,-3.1358,0,0,0,6.8005,6.7311,6.7946,6.7395,-207.15,-23.003,-9.4593,-104.19,1138.8,1012.1,45.109
3.83,-0.10858,2.4918,1.0011,0.652,0.037804,0,0.75728,10.85,1.0432,-0.093982,0.24385,-4.6106,3.9818,2.5826,-44.542,-3.1786,0,0,0,6.7997,6.7328,6.7963,6.7353,-207.94,-11.54,0.9925,-53.11,1152.4,1070.7,45.107
3.84,8.9333e-06,2.5,1,0.6525,0.0073359,0,0.75775,10.865,0.59735,-0.12554,-0.2144,-4.6191,3.9754,0.50142,-44.6,-3.1147,0,0,0,6.7977,6.7348,6.7971,6.7316,-208.22,0.018517,11.792,-4.0197,1158,1080.2,45.102
3.85,0.10865,2.5037,0.9986,0.65067,-0.023084,0,0.75901,10.86,0.15155,-0.15592,-0.6689,-4.5984,3.9624,-1.5802,-44.542,-2.9433,0,0,0,6.7948,6.7372,6.7969,6.7283,-208.03,11.593,22.414,42.681,1155.5,1035.3,45.095
3.86,0.21714,2.503,0.99689,0.64653,-0.053298,0,0.76102,10.834,-0.2931,-0.18406,-1.1067,-4.5504,3.9433,-3.6576,-44.368,-2.6688,0,0,0,6.791,6.7399,6.7958,6.7259,-207.38,23.102,32.335,87.233,1145.1,941.58,45.088
3.87,0.32525,2.4979,0.99492,0.64018,-0.083162,0,0.76371,10.787,-0.73544,-0.20898,-1.5169,-4.4783,3.9191,-5.7263,-44.08,-2.3005,0,0,0,6.7869,6.7428,6.794,6.7243,-206.29,34.471,41.11,130.04,1127.6,807.38,45.08
3.88,0.4328,2.4883,0.99273,0.63174,-0.11255,0,0.76697,10.719,-1.1743,-0.2298,-1.8903,-4.3866,3.8906,-7.7819,-43.68,-1.8516,0,0,0,6.7829,6.7462,6.7919,6.724,-204.78,45.631,48.376,171.5,1103.5,641.03,45.075
3.89,0.53957,2.4744,0.99034,0.62136,-0.14135,0,0.77067,10.631,-1.6087,-0.2458,-2.2205,-4.2807,3.8587,-9.8205,-43.169,-1.3389,0,0,0,6.7795,6.75,6.7899,6.725,-202.86,56.522,53.852,212.02,1073.6,450.89,45.074
3.9,0.64535,2.4561,0.98783,0.60923,-0.16949,0,0.77466,10.523,-2.0374,-0.25643,-2.5029,-4.1663,3.8242,-11.838,-42.55,-0.78124,0,0,0,6.777,6.7545,6.7884,6.7276,-200.54,67.087,57.342,252,1038.5,245.27,45.079
3.91,0.74996,2.4337,0.98524,0.59556,-0.19691,0,0.7788,10.394,-2.4593,-0.26134,-2.7354,-4.0494,3.7882,-13.83,-41.828,-0.19909,0,0,0,6.7758,6.7595,6.7875,6.7317,-197.82,77.277,58.733,291.83,998.85,32.505,45.091
3.92,0.85317,2.407,0.98262,0.58054,-0.22359,0,0.78293,10.246,-2.8736,-0.2604,-2.9183,-3.9356,3.7516,-15.793,-41.006,0.38631,0,0,0,6.7758,6.765,6.7875,6.7371,-194.7,87.051,57.996,331.93,955.24,-179.06,45.109
3.93,0.95482,2.3762,0.98005,0.56439,-0.24951,0,0.7869,10.079,-3.2791,-0.25368,-3.054,-3.8298,3.7152,-17.723,-40.089,0.9539,0,0,0,6.7771,6.7708,6.7884,6.7435,-191.18,96.371,55.184,372.69,908.36,-381.1,45.133
3.94,1.0547,2.3414,0.97757,0.5473,-0.2747,0,0.79057,9.8919,-3.6751,-0.24145,-3.1471,-3.7359,3.6799,-19.615,-39.08,1.4835,0,0,0,6.7794,6.7766,6.7899,6.7506,-187.25,105.21,50.433,414.52,858.84,-565.29,45.161
3.95,1.1526,2.3027,0.97523,0.52946,-0.2992,0,0.79382,9.6865,-4.0605,-0.22419,-3.2039,-3.6563,3.6462,-21.466,-37.986,1.9568,0,0,0,6.7824,6.7819,6.792,6.7576,-182.88,113.54,43.965,457.81,807.33,-723.28,45.19
3.96,1.2484,2.2603,0.9731,0.51101,-0.32305,0,0.79656,9.4628,-4.4345,-0.20255,-3.2321,-3.5917,3.6149,-23.271,-36.811,2.3581,0,0,0,6.7855,6.7866,6.7943,6.764,-178.08,121.35,36.083,502.98,754.48,-846.74,45.217
3.97,1.3418,2.2141,0.9712,0.49207,-0.3463,0,0.79872,9.2212,-4.7964,-0.17731,-3.2403,-3.5405,3.5861,-25.026,-35.561,2.675,0,0,0,6.7884,6.7901,6.7966,6.7692,-172.82,128.63,27.173,550.41,700.93,-927.35,45.24
3.98,1.4327,2.1644,0.96956,0.47273,-0.36898,0,0.80024,8.9624,-5.1455,-0.14936,-3.2381,-3.4988,3.5599,-26.726,-34.241,2.8997,0,0,0,6.7905,6.7923,6.7985,6.7726,-167.07,135.37,17.706,600.51,647.32,-956.79,45.256
3.99,1.521,2.1112,0.96821,0.45303,-0.39112,0,0.80112,8.6869,-5.481,-0.11964,-3.2347,-3.4602,3.5359,-28.366,-32.855,3.0291,0,0,0,6.7915,6.7933,6.7999,6.7739,-160.8,141.58,8.2208,653.1,593.86,-931.76,45.264
4,1.6064,2.0548,0.96717,0.43298,-0.41271,0,0.80137,8.3953,-5.8024,-0.089088,-3.2375,-3.4172,3.5136,-29.94,-31.411,3.0658,0,0,0,6.7912,6.793,6.8005,6.7732,-154,147.24,-0.7721,706.74,539.78,-859.73,45.263
4.01,1.6888,1.9952,0.96643,0.41258,-0.4337,0,0.80105,8.0883,-6.1091,-0.058609,-3.2513,-3.3625,3.4921,-31.444,-29.912,3.0167,0,0,0,6.7896,6.7917,6.8003,6.7707,-146.67,152.37,-8.8466,759.86,484.21,-749.57,45.254
4.02,1.7681,1.9327,0.96599,0.39178,-0.45403,0,0.80023,7.7667,-6.4005,-0.029003,-3.2784,-3.2891,3.4704,-32.872,-28.365,2.893,0,0,0,6.7868,6.7898,6.7993,6.7666,-138.81,156.92,-15.666,810.85,426.27,-610.18,45.238
4.03,1.8441,1.8673,0.96585,0.37058,-0.47358,0,0.79899,7.4312,-6.6762,-0.00095115,-3.3187,-3.1911,3.4471,-34.219,-26.776,2.7084,0,0,0,6.7829,6.7876,6.7976,6.7615,-130.46,160.88,-20.982,858.12,365.06,-450.43,45.216
4.04,1.9167,1.7992,0.96597,0.34894,-0.49225,0,0.79745,7.0826,-6.9359,0.025016,-3.3703,-3.0638,3.421,-35.48,-25.15,2.4789,0,0,0,6.7783,6.7855,6.7952,6.7558,-121.67,164.21,-24.636,900.08,299.72,-279.21,45.191
4.05,1.9857,1.7286,0.96634,0.32686,-0.50991,0,0.79571,6.7219,-7.1791,0.048534,-3.4293,-2.904,3.3905,-36.651,-23.494,2.2215,0,0,0,6.7733,6.7837,6.7923,6.75,-112.48,166.86,-26.558,935.14,229.36,-105.4,45.165
4.06,2.0511,1.6557,0.96693,0.30437,-0.5264,0,0.79389,6.3499,-7.4057,0.069411,-3.4907,-2.7109,3.3539,-37.728,-21.815,1.9535,0,0,0,6.7682,6.7824,6.789,6.7444,-102.99,168.78,-26.765,961.71,153.1,62.121,45.14
4.07,2.1127,1.5806,0.96772,0.28152,-0.54159,0,0.7921,5.9676,-7.6154,0.087625,-3.5486,-2.4853,3.3096,-38.71,-20.121,1.6916,0,0,0,6.7633,6.7819,6.7853,6.7395,-93.282,169.9,-25.366,978.19,70.054,214.47,45.117
4.08,2.1704,1.5034,0.96867,0.25837,-0.55536,0,0.79045,5.576,-7.8081,0.10331,-3.5962,-2.2311,3.2559,-39.594,-18.42,1.4509,0,0,0,6.7588,6.7821,6.7814,6.7355,-83.466,170.15,-22.556,982.99,-20.656,342.76,45.096
4.09,2.2242,1.4245,0.96978,0.23505,-0.56761,0,0.78903,5.1761,-7.9838,0.11676,-3.6265,-1.9542,3.191,-40.379,-16.721,1.2442,0,0,0,6.7551,6.7831,6.777,6.7327,-73.667,169.46,-18.621,974.52,-119.91,438.12,45.08
4.1,2.2739,1.3438,0.971,0.2117,-0.57827,0,0.7879,4.7688,-8.1426,0.12834,-3.6327,-1.6634,3.1131,-41.067,-15.034,1.081,0,0,0,6.7524,6.7847,6.7723,6.7313,-64.025,167.72,-13.933,951.18,-228.6,491.66,45.068
4.11,2.3195,1.2617,0.97234,0.18849,-0.58731,0,0.78711,4.3551,-8.2846,0.13854,-3.6082,-1.3702,3.0204,-41.661,-13.371,0.96651,0,0,0,6.7509,6.7868,6.7672,6.7313,-54.698,164.85,-8.9564,911.39,-347.59,494.5,45.06
4.12,2.361,1.1782,0.97377,0.16563,-0.59477,0,0.78665,3.9359,-8.4101,0.14784,-3.5475,-1.0886,2.9114,-42.163,-11.742,0.90099,0,0,0,6.7508,6.7894,6.7617,6.7329,-45.858,160.73,-4.2414,853.63,-477.68,438.09,45.058
4.13,2.3982,1.0935,0.97529,0.14335,-0.60074,0,0.78649,3.5121,-8.5196,0.1567,-3.4462,-0.83428,2.7843,-42.58,-10.16,0.87879,0,0,0,6.7523,6.7921,6.756,6.736,-37.683,155.27,-0.3892,778.76,-616.86,323.69,45.061
4.14,2.4312,1.0078,0.97691,0.12188,-0.60538,0,0.78655,3.0845,-8.6135,0.16552,-3.3028,-0.62158,2.6384,-42.919,-8.641,0.88858,0,0,0,6.7553,6.7948,6.7503,6.7403,-30.328,148.38,2.0811,690.33,-759.9,163.9,45.068
4.15,2.4599,0.92129,0.97861,0.10148,-0.60892,0,0.78671,2.6539,-8.6926,0.17453,-3.1187,-0.46196,2.4735,-43.19,-7.1976,0.9145,0,0,0,6.7595,6.7974,6.7449,6.7455,-23.909,140.07,2.7815,592.06,-901.4,-28.096,45.079
4.16,2.4843,0.83402,0.9804,0.082359,-0.61162,0,0.78685,2.2209,-8.7578,0.1838,-2.8977,-0.36358,2.2905,-43.401,-5.8442,0.93744,0,0,0,6.7645,6.7994,6.7399,6.751,-18.507,130.38,1.4558,487.68,-1036,-239.1,45.091
4.17,2.5043,0.74617,0.98228,0.06473,-0.61377,0,0.78683,1.7861,-8.8099,0.1932,-2.6454,-0.33102,2.0908,-43.563,-4.5943,0.93643,0,0,0,6.7698,6.8006,6.7352,6.7562,-14.163,119.39,-2.0199,380.9,-1158.2,-455.92,45.103
4.18,2.52,0.65787,0.98426,0.048763,-0.61568,0,0.78648,1.3498,-8.85,0.20238,-2.3682,-0.36511,1.8765,-43.688,-3.4601,0.88989,0,0,0,6.7747,6.8007,6.7306,6.7607,-10.884,107.27,-7.6378,275.44,-1262.6,-665.34,45.111
4.19,2.5313,0.56921,0.98633,0.034589,-0.61766,0,0.78569,0.9124,-8.8795,0.21077,-2.0733,-0.46289,1.6503,-43.785,-2.452,0.77699,0,0,0,6.7784,6.7993,6.7259,6.7637,-8.6378,94.219,-15.258,175.01,-1344,-854.19,45.112
4.2,2.5383,0.48031,0.98847,0.022303,-0.61998,0,0.7843,0.47415,-8.8995,0.21763,-1.7682,-0.61766,1.4153,-43.864,-1.578,0.57895,0,0,0,6.7803,6.7963,6.721,6.7649,-7.355,80.489,-24.609,83.325,-1396.7,-1009.2,45.104
4.21,2.5408,0.39125,0.99067,0.011957,-0.62289,0,0.78222,0.035159,-8.9115,0.22202,-1.4599,-0.81905,1.1751,-43.934,-0.84339,0.28037,0,0,0,6.7801,6.7916,6.7158,6.7639,-6.9297,66.397,-35.286,4.1091,-1415.6,-1117.3,45.085
4.22,2.539,0.3021,0.9929,0.0035601,-0.62658,0,0.77935,-0.40453,-8.9168,0.22287,-1.1559,-1.053,0.93411,-44.005,-0.25003,-0.12943,0,0,0,6.7774,6.7853,6.7107,6.7607,-7.2188,52.309,-46.755,-58.923,-1395,-1165.2,45.057
4.23,2.5327,0.21293,0.99511,-0.0029237,-0.63115,0,0.77565,-0.84495,-8.917,0.21904,-0.86359,-1.3021,0.6978,-44.081,0.2042,-0.65515,0,0,0,6.7725,6.778,6.7064,6.7558,-8.0418,38.645,-58.347,-102.06,-1329.8,-1139.8,45.021
4.24,2.5221,0.12377,0.99726,-0.0075802,-0.63665,0,0.77112,-1.2862,-8.9132,0.20939,-0.59132,-1.5449,0.47302,-44.167,0.52587,-1.2941,0,0,0,6.7657,6.7703,6.7039,6.7497,-9.1812,25.881,-69.262,-121.57,-1214.3,-1027.7,44.983
4.25,2.507,0.034672,0.99928,-0.010554,-0.64299,0,0.7658,-1.7283,-8.9069,0.19282,-0.34862,-1.7571,0.2685,-44.264,0.72657,-2.035,0,0,0,6.7577,6.7628,6.7046,6.7433,-10.382,14.544,-78.569,-113.75,-1043.3,-815.92,44.947
4.26,2.4875,-0.054359,1.0011,-0.012062,-0.65,0,0.75984,-2.1715,-8.899,0.16842,-0.14688,-1.9109,0.095314,-44.373,0.82344,-2.8566,0,0,0,6.7493,6.7565,6.7098,6.7377,-11.353,5.2159,-85.206,-75.123,-812.19,-492.81,44.922
4.27,2.4636,-0.14331,1.0026,-0.012405,-0.65739,0,0.75345,-2.6158,-8.8907,0.13552,0.0014887,-1.9792,-0.033886,-44.49,0.83953,-3.7266,0,0,0,6.7413,6.7516,6.7201,6.7336,-11.782,-1.5219,-88.093,-5.649,-527.77,-70.586,44.911
4.28,2.4352,-0.23217,1.0038,-0.01197,-0.66478,0,0.74694,-3.0613,-8.8824,0.093861,0.08568,-1.9413,-0.10736,-44.606,0.80317,-4.6031,0,0,0,6.7345,6.7483,6.7351,6.7316,-11.372,-5.2137,-86.387,92.13,-205.59,420.79,44.916
4.29,2.4023,-0.32096,1.0045,-0.011214,-0.67175,0,0.74069,-3.5079,-8.8747,0.043602,0.097605,-1.785,-0.11555,-44.713,0.74643,-5.4372,0,0,0,6.7287,6.7459,6.7535,6.7315,-9.8534,-5.5601,-79.548,215.61,138.68,950.93,44.933
4.3,2.365,-0.40967,1.0046,-0.010647,-0.67787,0,0.73511,-3.9555,-8.8674,-0.014567,0.03259,-1.5064,-0.051869,-44.799,0.70361,-6.1762,0,0,0,6.723,6.7432,6.7727,6.7318,-6.9825,-2.4188,-67.341,362.2,489.33,1489.5,44.951
4.31,2.3232,-0.49831,1.0042,-0.010803,-0.68269,0,0.73063,-4.4038,-8.8604,-0.079425,-0.10996,-1.1082,0.086365,-44.848,0.70965,-6.7663,0,0,0,6.7154,6.7382,6.7897,6.7305,-2.5411,4.1955,-49.832,529.28,830.66,2006,44.956
4.32,2.2769,-0.58687,1.003,-0.012213,-0.68583,0,0.72766,-4.8523,-8.853,-0.14923,-0.32618,-0.59849,0.29738,-44.844,0.79854,-7.1564,0,0,0,6.7033,6.7288,6.8007,6.7247,3.6629,14.111,-27.395,714.27,1147,2470.2,44.929
4.33,2.2262,-0.67536,1.0012,-0.015371,-0.68689,0,0.7266,-5.3004,-8.8441,-0.22173,-0.60762,0.01185,0.57467,-44.768,1.0018,-7.3,0,0,0,6.6841,6.7124,6.8018,6.7114,11.795,27,-0.70475,914.55,1422.6,2851.6,44.849
4.34,2.1709,-0.76375,0.99858,-0.020702,-0.68554,0,0.72774,-5.7473,-8.8325,-0.29428,-0.94143,0.7096,0.90702,-44.601,1.3468,-7.1595,0,0,0,6.6551,6.6873,6.7897,6.6878,21.996,42.375,29.26,1127.5,1641.8,3119.9,44.7
4.35,2.1112,-0.852,0.99528,-0.028528,-0.68143,0,0.73133,-6.1921,-8.8166,-0.36388,-1.3106,1.4793,1.2789,-44.321,1.8555,-6.7082,0,0,0,6.6148,6.6521,6.7617,6.6521,34.38,59.596,61.214,1350.6,1789,3244.6,44.468
4.36,2.0471,-0.94006,0.99132,-0.039041,-0.67425,0,0.73747,-6.6333,-8.7948,-0.42736,-1.6946,2.3014,1.6712,-43.906,2.5423,-5.9338,0,0,0,6.5629,6.6065,6.7165,6.6038,49.033,77.862,93.573,1581.2,1848.3,3195.5,44.15
4.37,1.9786,-1.0279,0.98677,-0.052277,-0.66372,0,0.74615,-7.0696,-8.7651,-0.4815,-2.0704,3.1503,2.0624,-43.333,3.4131,-4.8416,0,0,0,6.5003,6.551,6.6544,6.5439,66.015,96.233,124.48,1814.9,1810.3,2955.6,43.749
4.38,1.9057,-1.1153,0.98173,-0.068109,-0.6496,0,0.75722,-7.4994,-8.7259,-0.52321,-2.4163,3.9983,2.4325,-42.578,4.4641,-3.4551,0,0,0,6.4288,6.4868,6.5779,6.4743,85.31,113.77,152.14,2042.1,1684.5,2550.6,43.28
4.39,1.8286,-1.2023,0.97635,-0.086265,-0.63175,0,0.77036,-7.9205,-8.6753,-0.54975,-2.7157,4.8195,2.7667,-41.619,5.6831,-1.8147,0,0,0,6.351,6.4159,6.4905,6.3979,106.8,129.67,175.06,2251.8,1484.3,2014.5,42.759
4.4,1.7474,-1.2888,0.9708,-0.10637,-0.61008,0,0.78517,-8.331,-8.6117,-0.55884,-2.9577,5.5897,3.0554,-40.435,7.0499,0.026387,0,0,0,6.2699,6.3403,6.3962,6.3176,130.25,143.26,192.1,2433.3,1223.1,1381.1,42.207
4.41,1.662,-1.3745,0.96524,-0.12797,-0.58464,0,0.80114,-8.7284,-8.5339,-0.54876,-3.1377,6.288,3.2942,-39.009,8.5386,2.005,0,0,0,6.188,6.2622,6.299,6.2364,155.33,153.98,202.47,2575.7,914.27,684.4,41.642
4.42,1.5728,-1.4594,0.95989,-0.15061,-0.55555,0,0.81773,-9.1103,-8.4407,-0.51851,-3.2578,6.8988,3.4839,-37.325,10.119,4.0519,0,0,0,6.1072,6.183,6.202,6.1559,181.6,161.43,205.69,2668.3,571.21,-41.547,41.08
4.43,1.4799,-1.5433,0.95494,-0.17382,-0.52307,0,0.83438,-9.474,-8.3313,-0.46774,-3.3253,7.4146,3.6293,-35.374,11.755,6.0946,0,0,0,6.0281,6.1035,6.1074,6.0768,208.5,165.33,201.65,2700.1,207.3,-762.83,40.526
4.44,1.3834,-1.626,0.9506,-0.19722,-0.48749,0,0.85056,-9.8169,-8.2055,-0.39687,-3.3516,7.8379,3.7382,-33.155,13.413,8.0614,0,0,0,5.9499,6.0237,6.0158,5.9986,235.36,165.55,190.56,2660.5,-164.1,-1445.5,39.98
4.45,1.2836,-1.7073,0.94707,-0.22046,-0.44914,0,0.86584,-10.136,-8.0631,-0.30699,-3.3487,8.1807,3.82,-30.67,15.054,9.8842,0,0,0,5.8709,5.9428,5.9265,5.9198,261.43,162.07,172.98,2538.4,-529.61,-2055.6,39.433
4.46,1.1808,-1.7872,0.94452,-0.24329,-0.40833,0,0.87981,-10.429,-7.9046,-0.19987,-3.3268,8.4618,3.8839,-27.932,16.642,11.502,0,0,0,5.789,5.8596,5.8375,5.8385,285.82,155.02,149.81,2323.3,-875.83,-2559.1,38.874
4.47,1.0751,-1.8654,0.94312,-0.26552,-0.36532,0,0.89221,-10.694,-7.7306,-0.077799,-3.2904,8.7022,3.9371,-24.962,18.143,12.866,0,0,0,5.7025,5.7731,5.7467,5.7533,307.55,144.66,122.26,2006.4,-1190.2,-2925.6,38.293
4.48,0.96701,-1.9418,0.943,-0.28697,-0.32029,0,0.90281,-10.928,-7.5421,0.056473,-3.2384,8.9178,3.9836,-21.793,19.526,13.938,0,0,0,5.6108,5.6827,5.6523,5.6637,325.65,131.34,91.753,1600,-1466.8,-3154.8,37.683
4.49,0.8567,-2.0162,0.94428,-0.30746,-0.27343,0,0.91143,-11.129,-7.3405,0.19991,-3.1664,9.1159,4.025,-18.464,20.762,14.695,0,0,0,5.5147,5.5884,5.5536,5.5701,339.33,115.46,59.57,1127,-1703.5,-3262.9,37.045
4.5,0.74454,-2.0885,0.94702,-0.32677,-0.2249,0,0.91796,-11.297,-7.1274,0.34929,-3.0689,9.2963,4.0611,-15.023,21.828,15.127,0,0,0,5.4154,5.4908,5.451,5.4735,348.05,97.415,26.845,610.75,-1898,-3265.9,36.384
4.51,0.63087,-2.1587,0.95127,-0.34468,-0.1749,0,0.92228,-11.43,-6.9046,0.50136,-2.9415,9.4533,4.0908,-11.521,22.704,15.234,0,0,0,5.3143,5.391,5.3457,5.3751,351.48,77.645,-5.4522,74.24,-2048.3,-3180,35.71
4.52,0.51606,-2.2266,0.95705,-0.36097,-0.12371,0,0.92433,-11.527,-6.674,0.6529,-2.7815,9.5789,4.113,-8.0111,23.376,15.022,0,0,0,5.213,5.2899,5.2391,5.2761,349.54,56.603,-36.513,-459.36,-2152.1,-3021.3,35.03
4.53,0.40045,-2.2922,0.96432,-0.37541,-0.071625,0,0.92409,-11.59,-6.4378,0.80081,-2.5896,9.6661,4.1276,-4.5473,23.834,14.51,0,0,0,5.1123,5.1885,5.1325,5.1774,342.38,34.765,-65.69,-966.92,-2207.2,-2806,34.351
4.54,0.28437,-2.3553,0.97304,-0.3878,-0.019006,0,0.92155,-11.619,-6.1981,0.94216,-2.37,9.7122,4.1359,-1.1797,24.071,13.717,0,0,0,5.0125,5.087,5.0272,5.0793,330.37,12.628,-92.498,-1425.3,-2211.5,-2550.2,33.677
4.55,0.16818,-2.4161,0.98313,-0.398,0.033806,0,0.91676,-11.614,-5.9571,1.0743,-2.1298,9.7212,4.1418,2.0459,24.087,12.669,0,0,0,4.9133,4.9857,4.924,4.9816,314.11,-9.2885,-116.61,-1811.3,-2162.7,-2270,33.008
4.56,0.052196,-2.4745,0.99449,-0.40591,0.086512,0,0.90981,-11.578,-5.7171,1.1948,-1.878,9.7055,4.1515,5.0912,23.887,11.394,0,0,0,4.8136,4.8844,4.8232,4.8839,294.46,-30.443,-137.87,-2101.9,-2058.7,-1981.5,32.342
4.57,-0.063284,-2.5305,1.007,-0.41149,0.13891,0,0.90077,-11.513,-5.4801,1.3015,-1.6241,9.6855,4.174,7.9273,23.482,9.9208,0,0,0,4.7124,4.7829,4.725,4.7858,272.47,-50.272,-156.27,-2275,-1897.6,-1700.5,31.677
4.58,-0.17797,-2.5841,1.0205,-0.41474,0.19093,0,0.88968,-11.42,-5.2481,1.3926,-1.3747,9.6853,4.2199,10.537,22.888,8.2776,0,0,0,4.6097,4.682,4.6293,4.6881,249.36,-68.217,-171.92,-2328.6,-1683.3,-1432.8,31.015
4.59,-0.29161,-2.6355,1.0348,-0.41565,0.24261,0,0.87657,-11.303,-5.0229,1.4666,-1.1301,9.7214,4.297,12.914,22.126,6.491,0,0,0,4.5073,4.5829,4.5357,4.5924,226.24,-83.791,-184.96,-2278.3,-1424.9,-1176,30.364
4.6,-0.40396,-2.6846,1.0497,-0.4142,0.29403,0,0.86139,-11.163,-4.806,1.5221,-0.88494,9.7962,4.4084,15.065,21.222,4.5868,0,0,0,4.4086,4.4883,4.4455,4.5018,204.09,-96.598,-195.47,-2140.3,-1131.6,-927.31,29.74
4.61,-0.5148,-2.7316,1.0652,-0.41028,0.34525,0,0.84408,-11.002,-4.5988,1.558,-0.63046,9.8946,4.5515,17.002,20.204,2.5898,0,0,0,4.3191,4.402,4.361,4.4206,183.68,-106.34,-203.52,-1931,-812.65,-684.05,29.171
4.62,-0.62394,-2.7766,1.0808,-0.40376,0.39616,0,0.82464,-10.824,-4.4022,1.5736,-0.35794,9.9822,4.7155,18.746,19.106,0.52432,0,0,0,4.2461,4.329,4.2859,4.3539,165.65,-112.8,-209.16,-1666.4,-477.26,-443.42,28.691
4.63,-0.73122,-2.8197,1.0966,-0.39451,0.44646,0,0.80314,-10.628,-4.2168,1.5683,-0.063177,10.007,4.8805,20.325,17.96,-1.5855,0,0,0,4.1977,4.2749,4.2254,4.3068,150.48,-115.86,-212.39,-1363,-134.64,-202.66,28.341
4.64,-0.83646,-2.861,1.1121,-0.38248,0.49555,0,0.77983,-10.418,-4.043,1.5418,0.24882,9.9077,5.0175,21.767,16.8,-3.7155,0,0,0,4.1821,4.2458,4.1854,4.2843,138.47,-115.5,-213.2,-1036.9,205.96,40.982,28.163
4.65,-0.93952,-2.9006,1.1273,-0.36778,0.5426,0,0.7552,-10.193,-3.8808,1.494,0.56074,9.6246,5.0901,23.105,15.661,-5.8413,0,0,0,4.2058,4.2473,4.1728,4.2898,129.76,-111.78,-211.55,-704.35,535.34,290.27,28.193
4.66,-1.0403,-2.9386,1.1419,-0.3508,0.58661,0,0.72995,-9.9556,-3.7296,1.4251,0.84414,9.1187,5.0607,24.373,14.575,-7.9381,0,0,0,4.272,4.2841,4.194,4.3258,124.35,-104.86,-207.37,-381.6,844.25,547.95,28.46
4.67,-1.1386,-2.9752,1.1558,-0.33221,0.6266,0,0.70499,-9.7057,-3.589,1.3355,1.066,8.3837,4.8981,25.602,13.574,-9.98,0,0,0,4.3803,4.359,4.2541,4.3937,122.04,-94.99,-200.56,-84.893,1123.5,816.8,28.978
4.68,-1.2343,-3.0104,1.1686,-0.31294,0.66176,0,0.68128,-9.4436,-3.4578,1.2258,1.1987,7.4493,4.5862,26.823,12.684,-11.94,0,0,0,4.5263,4.4723,4.3555,4.4943,122.51,-82.518,-190.99,169.54,1363.8,1099.6,29.747
4.69,-1.3274,-3.0444,1.1802,-0.29405,0.6916,0,0.65972,-9.1692,-3.3348,1.097,1.2297,6.3719,4.1293,28.06,11.931,-13.79,0,0,0,4.7034,4.6217,4.4973,4.6277,125.24,-67.875,-178.51,365.45,1556,1399,30.75
4.7,-1.4177,-3.0772,1.1905,-0.27659,0.71595,0,0.64103,-8.8823,-3.2187,0.95045,1.165,5.2175,3.5524,29.333,11.332,-15.5,0,0,0,4.9038,4.8025,4.6754,4.7925,129.57,-51.589,-162.94,486.6,1690.8,1717.8,31.957
4.71,-1.505,-3.1088,1.1992,-0.26139,0.73496,0,0.62571,-8.5824,-3.1076,0.7876,1.0263,4.0467,2.896,30.654,10.902,-17.038,0,0,0,5.1202,5.0081,4.8833,4.9858,134.67,-34.28,-144.08,516.76,1759.1,2058.9,33.329
4.72,-1.5893,-3.1393,1.2062,-0.24901,0.74897,0,0.61403,-8.2691,-3,0.61038,0.84534,2.9043,2.2089,32.026,10.648,-18.37,0,0,0,5.3456,5.2306,5.1127,5.2023,139.54,-16.659,-121.68,439.7,1751.6,2424.9,34.819
4.73,-1.6704,-3.1688,1.2113,-0.23968,0.75844,0,0.60607,-7.9418,-2.8941,0.42101,0.65546,1.8172,1.5389,33.44,10.567,-19.459,0,0,0,5.5734,5.462,5.3545,5.4347,143.07,0.48306,-95.508,248.34,1664.2,2812.4,36.374
4.74,-1.7481,-3.1972,1.2145,-0.2333,0.76382,0,0.60179,-7.6002,-2.7881,0.22213,0.48525,0.79728,0.92499,34.879,10.653,-20.267,0,0,0,5.7976,5.6939,5.599,5.6735,144.18,16.389,-65.426,-41.629,1506,3202.8,37.94
4.75,-1.8223,-3.2246,1.2157,-0.22955,0.76553,0,0.60106,-7.2442,-2.6805,0.016741,0.35492,-0.15499,0.39284,36.313,10.889,-20.755,0,0,0,6.0119,5.9183,5.8366,5.9089,141.98,30.403,-31.512,-410.99,1287.8,3575.2,39.459
4.76,-1.8929,-3.2508,1.2149,-0.22798,0.76389,0,0.60373,-6.8741,-2.5699,-0.19177,0.2766,-1.0468,-0.045305,37.705,11.253,-20.885,0,0,0,6.2102,6.1274,6.0583,6.1312,135.76,41.982,5.9478,-840.55,1020.7,3908.5,40.878
4.77,-1.9598,-3.2759,1.2119,-0.22805,0.75917,0,0.60963,-6.4904,-2.4551,-0.39967,0.25605,-1.8897,-0.38801,39.013,11.719,-20.626,0,0,0,6.3864,6.3141,6.2561,6.3318,125.03,50.69,46.457,-1311.1,715.45,4181.7,42.147
4.78,-2.0227,-3.2999,1.2069,-0.22919,0.75153,0,0.61861,-6.0942,-2.3353,-0.60289,0.29468,-2.6973,-0.64131,40.19,12.256,-19.948,0,0,0,6.535,6.4722,6.4235,6.5034,109.47,56.2,89.311,-1803.4,383.1,4373.8,43.224
4.79,-2.0816,-3.3226,1.1999,-0.23087,0.74103,0,0.63054,-5.6872,-2.2099,-0.79718,0.39135,-3.4835,-0.81554,41.186,12.832,-18.835,0,0,0,6.6513,6.5968,6.5552,6.6404,88.953,58.298,133.59,-2298.3,34.558,4463.9,44.073
4.8,-2.1364,-3.3441,1.191,-0.2326,0.72766,0,0.64529,-5.2713,-2.0787,-0.9781,0.54358,-4.2606,-0.92281,41.952,13.41,-17.276,0,0,0,6.7319,6.6844,6.648,6.7392,63.557,56.874,178.18,-2776.6,-319.24,4430.8,44.672
4.81,-2.187,-3.3642,1.1804,-0.23393,0.71135,0,0.66277,-4.8491,-1.9418,-1.1412,0.74806,-5.0379,-0.9753,42.442,13.957,-15.274,0,0,0,6.775,6.7334,6.7004,6.7977,33.541,51.932,221.73,-3219,-667.37,4253.8,45.011
4.82,-2.2334,-3.3829,1.1682,-0.23445,0.69193,0,0.68283,-4.4235,-1.7997,-1.2822,1.0005,-5.8195,-0.98428,42.609,14.438,-12.849,0,0,0,6.7808,6.7444,6.7135,6.8163,-0.63983,43.582,262.7,-3606.4,-998.87,3911.7,45.092
4.83,-2.2755,-3.4002,1.1548,-0.2338,0.66924,0,0.70531,-3.9981,-1.6534,-1.3969,1.2949,-6.6015,-0.9596,42.417,14.818,-10.035,0,0,0,6.7513,6.72,6.6905,6.7971,-38.339,32.046,299.34,-3919.5,-1302.8,3383.5,44.931
4.84,-2.3133,-3.4159,1.1404,-0.23164,0.64307,0,0.72993,-3.5765,-1.5038,-1.4817,1.622,-7.3692,-0.90965,41.834,15.069,-6.8836,0,0,0,6.6907,6.6649,6.6369,6.7439,-78.719,17.654,329.68,-4139.2,-1568.3,2648.3,44.561
4.85,-2.347,-3.4302,1.1253,-0.22773,0.61332,0,0.75629,-3.1628,-1.3525,-1.5337,1.9675,-8.0935,-0.84154,40.837,15.163,-3.4694,0,0,0,6.6045,6.5856,6.5598,6.662,-120.75,0.84459,351.55,-4246.3,-1784.4,1685,44.02
4.86,-2.3766,-3.443,1.1099,-0.22188,0.57999,0,0.78383,-2.7612,-1.2011,-1.5506,2.3108,-8.7297,-0.76131,39.417,15.08,0.11118,0,0,0,6.4989,6.4889,6.4669,6.557,-163.21,-17.832,362.55,-4221.4,-1940.1,472.73,43.353
4.87,-2.4023,-3.4543,1.0944,-0.21404,0.54334,0,0.81177,-2.3758,-1.0516,-1.5313,2.6245,-9.2193,-0.67423,37.576,14.803,3.7368,0,0,0,6.3794,6.3805,6.3647,6.4337,-204.67,-37.719,360.1,-4045.9,-2024.6,-1007.9,42.597
4.88,-2.4242,-3.464,1.0793,-0.20431,0.50396,0,0.83922,-2.011,-0.90576,-1.4762,2.8779,-9.5018,-0.58499,35.332,14.324,7.2598,0,0,0,6.2489,6.2626,6.2552,6.2956,-243.6,-58.065,341.65,-3714.1,-2031.6,-2707.7,41.771
4.89,-2.4426,-3.4724,1.065,-0.19295,0.46274,0,0.86524,-1.6704,-0.76576,-1.387,3.05,-9.5466,-0.49774,32.718,13.642,10.511,0,0,0,6.1064,6.132,6.1334,6.1431,-278.48,-78.092,305.69,-3238.7,-1960.8,-4486.7,40.858
4.9,-2.4577,-3.4794,1.0517,-0.18036,0.42076,0,0.88906,-1.3577,-0.63356,-1.2674,3.1362,-9.3663,-0.41587,29.781,12.766,13.315,0,0,0,5.9445,5.9792,5.9885,5.9708,-307.94,-97.022,252.14,-2633.1,-1812.3,-6198.5,39.805
4.91,-2.4699,-3.4851,1.0397,-0.16695,0.37904,0,0.9102,-1.0757,-0.51105,-1.1228,3.1488,-9.0114,-0.34168,26.581,11.708,15.5,0,0,0,5.7505,5.7905,5.8052,5.768,-330.75,-114.08,182.43,-1911.2,-1586.1,-7696.8,38.524
4.92,-2.4794,-3.4896,1.0293,-0.1531,0.33838,0,0.92847,-0.82672,-0.39993,-0.96001,3.1129,-8.5558,-0.2763,23.191,10.493,16.919,0,0,0,5.5084,5.5497,5.5665,5.5201,-345.82,-128.48,99.406,-1086.4,-1282.3,-8835.5,36.908
4.93,-2.4865,-3.4931,1.0206,-0.13904,0.29927,0,0.94398,-0.61224,-0.30162,-0.78735,3.0614,-8.0812,-0.21977,19.694,9.1499,17.458,0,0,0,5.2028,5.2416,5.2569,5.2123,-352.18,-139.47,7.4055,-172.53,-900.99,-9468.1,34.856
4.94,-2.4917,-3.4957,1.0136,-0.12485,0.26175,0,0.95703,-0.4329,-0.21723,-0.61399,3.0314,-7.6687,-0.17136,16.179,7.7176,17.056,0,0,0,4.8222,4.8554,4.8654,4.8338,-349.02,-146.25,-87.782,816.81,-442.29,-9448.5,32.295
4.95,-2.4953,-3.4975,1.0083,-0.1104,0.22547,0,0.96797,-0.28838,-0.14742,-0.44937,3.0647,-7.3982,-0.12992,12.747,6.2416,15.716,0,0,0,4.3633,4.3882,4.3887,4.3819,-335.64,-148.05,-178.9,1868,93.741,-8630.3,29.204
4.96,-2.4976,-3.4987,1.0045,-0.095311,0.18965,0,0.97721,-0.17733,-0.092363,-0.30253,3.2108,-7.354,-0.094128,9.5026,4.7756,13.521,0,0,0,3.8341,3.8483,3.8342,3.8657,-311.5,-144.11,-257.24,2967.3,707.03,-6867.2,25.637
4.97,-2.4989,-3.4994,1.0021,-0.078928,0.15301,0,0.98507,-0.097335,-0.051666,-0.18123,3.528,-7.6245,-0.062892,6.5547,3.381,10.648,0,0,0,3.2563,3.2584,3.2241,3.3071,-276.18,-133.66,-312.61,4101.1,1397.5,-4012.9,21.743
4.98,-2.4996,-3.4998,1.0008,-0.060309,0.11391,0,0.99166,-0.044866,-0.024275,-0.090898,4.0513,-8.2417,-0.035854,4.0171,2.1268,7.3836,0,0,0,2.6659,2.6603,2.6072,2.7351,-229.41,-115.91,-333.37,5255.8,2165,78.749,17.781
4.99,-2.4999,-3.5,1.0002,-0.038686,0.071185,0,0.99671,-0.015241,-0.0084069,-0.033508,4.6179,-8.869,-0.014433,2.0052,1.0898,4.139,0,0,0,2.1083,2.1236,2.0923,2.1545,-171.04,-90.098,-306.42,6417.7,3009.6,5554.2,14.131
5,-2.5,-3.5,1,-0.015695,0.028131,0,0.99948,-0.0026225,-0.0014752,-0.0062415,4.2974,-7.8505,-0.0023283,0.63501,0.3543,1.4626,0,0,0,1.6297,1.7535,1.8999,1.4925,-101.08,-55.459,-217.19,7573.1,3931.1,12560,11.293
5.01,-2.5,-3.5,1,-0.00063745,0.0011127,0,1,-1.6309e-05,-9.3573e-06,-4.1923e-05,1.1313,-1.9806,-3.7704e-06,0.021948,0.012574,0.056099,0,0,0,1.3359,1.6227,2.1085,0.85051,-19.645,-11.221,-49.642,8708.5,4929.4,21241,9.8627
5.0122,-2.5,-3.5,1,9.0569e-17,-1.4491e-15,0,1,-4.885e-15,0,-1.7764e-15,2.0867e-13,-3.5938e-13,-2.6984e-28,-2.8422e-14,-1.7764e-15,-4.2633e-14,0,0,0,1.3232,1.6188,2.1452,0.7968,-3.5243e-12,-2.0464e-12,-1.0004e-11,8956.9,5161.9,23415,9.8066
