t,p_x,p_y,p_z,q_x,q_y,q_z,q_w,v_x,v_y,v_z,w_x,w_y,w_z,a_lin_x,a_lin_y,a_lin_z,a_rot_x,a_rot_y,a_rot_z,u_1,u_2,u_3,u_4,jerk_x,jerk_y,jerk_z,snap_x,snap_y,snap_z,thrust
0,-2.5,-3.5,1,0,0,0,1,0,0,0,0,0,0,0,0,0,0,0,0,1.0452,1.8967,1.2662,1.6758,0,0,0,2408,-6183.2,5761.2,9.8066
0.01,-2.5,-3.5,1,0.014076,0.0062079,0,0.99988,0.000413,-0.00096569,0.00087834,5.2442,2.4636,-0.0021222,0.12498,-0.28337,0.25556,0,0,0,1.2049,1.818,1.4132,1.604,25.408,-54.17,47.984,2655.9,-4680.2,3884.1,10.067
0.02,-2.5,-3.5,1,0.048172,0.023928,0,0.99855,0.0033831,-0.0072304,0.0064106,7.9897,4.5256,-0.026871,0.51469,-1.0362,0.90188,0,0,0,1.466,1.7777,1.6101,1.6086,52.779,-94.178,78.62,2802,-3349.5,2288.6,10.771
0.03,-2.4999,-3.5002,1.0002,0.090246,0.050268,0,0.99465,0.011639,-0.022809,0.019683,8.6156,5.9264,-0.10229,1.1838,-2.1253,1.7792,0,0,0,1.7467,1.83,1.8198,1.7066,81.137,-121.7,94.634,2854.7,-2182.1,956.54,11.839
0.04,-2.4997,-3.5005,1.0005,0.13171,0.081991,0,0.98789,0.02801,-0.050467,0.042318,7.996,6.7565,-0.23714,2.1377,-3.434,2.7543,0,0,0,2.0184,1.9768,2.0391,1.8835,109.59,-138.33,98.568,2822.1,-1168.7,-130.43,13.196
0.05,-2.4993,-3.5012,1.001,0.16819,0.11672,0,0.97882,0.055333,-0.09188,0.07473,6.8677,7.2255,-0.42262,3.3732,-4.8607,3.7182,0,0,0,2.2817,2.1912,2.272,2.1126,137.32,-145.56,92.782,2712.8,-300.19,-990.59,14.762
0.06,-2.4986,-3.5024,1.002,0.19829,0.15313,0,0.96811,0.096377,-0.14778,0.11636,5.6487,7.5099,-0.64473,4.8794,-6.3185,4.5848,0,0,0,2.5431,2.4432,2.5182,2.3699,163.61,-144.79,79.451,2534.8,432.52,-1642.2,16.457
0.07,-2.4973,-3.5042,1.0034,0.22203,0.19058,0,0.95623,0.15376,-0.21811,0.16588,4.5117,7.7125,-0.8916,6.6385,-7.7342,5.2888,0,0,0,2.8055,2.7109,2.7732,2.6389,187.82,-137.33,60.571,2296.6,1038.6,-2103.6,18.214
0.08,-2.4954,-3.5068,1.0053,0.23993,0.22879,0,0.94344,0.22991,-0.30212,0.22143,3.4987,7.8772,-1.1548,8.6269,-9.0469,5.7838,0,0,0,3.0681,2.9808,3.0313,2.9098,209.37,-124.41,37.952,2006.5,1527.2,-2393.1,19.983
0.09,-2.4927,-3.5103,1.0078,0.25257,0.26761,0,0.92984,0.32697,-0.39854,0.28076,2.5985,8.0114,-1.4283,10.816,-10.208,6.0408,0,0,0,3.3287,3.2458,3.2878,3.1774,227.8,-107.15,13.222,1672.7,1907.5,-2528.9,21.733
0.1,-2.4888,-3.5148,1.0109,0.2604,0.30681,0,0.91545,0.44678,-0.50565,0.34141,1.7856,8.1042,-1.7068,13.171,-11.179,6.046,0,0,0,3.5858,3.5028,3.5399,3.4396,242.71,-86.589,-12.174,1303.6,2188.6,-2529.3,23.447
0.11,-2.4837,-3.5205,1.0147,0.26378,0.34613,0,0.90034,0.59083,-0.62139,0.40084,1.0364,8.1364,-1.9853,15.657,-11.932,5.7993,0,0,0,3.8384,3.7513,3.7864,3.6965,253.78,-63.677,-36.974,907.42,2379.7,-2412.6,25.121
0.12,-2.4769,-3.5273,1.0189,0.26294,0.38516,0,0.8846,0.76022,-0.74349,0.45659,0.33517,8.088,-2.2582,18.233,-12.447,5.3122,0,0,0,4.0863,3.9922,4.0273,3.9488,260.8,-39.265,-60.097,492.53,2489.9,-2197.2,26.758
0.13,-2.4684,-3.5353,1.0238,0.25811,0.42345,0,0.86837,0.95566,-0.86951,0.50635,-0.32549,7.9431,-2.5197,20.859,-12.715,4.606,0,0,0,4.3298,4.2272,4.2633,4.1977,263.6,-14.118,-80.648,67.214,2528.4,-1901.2,28.363
0.14,-2.4577,-3.5447,1.029,0.24952,0.46047,0,0.85189,1.1774,-0.99694,0.54808,-0.9459,7.6926,-2.7645,23.491,-12.73,3.7102,0,0,0,4.5688,4.4579,4.4952,4.4438,262.13,11.094,-97.913,-360.22,2504.3,-1543,29.943
0.15,-2.4447,-3.5553,1.0347,0.23742,0.49571,0,0.83541,1.4254,-1.1233,0.58004,-1.5219,7.3357,-2.9878,26.087,-12.495,2.6605,0,0,0,4.8031,4.6852,4.7232,4.687,256.42,35.789,-111.36,-781.48,2426.7,-1140.9,31.498
0.16,-2.4291,-3.5671,1.0406,0.22211,0.5287,0,0.81924,1.6989,-1.246,0.60091,-2.0475,6.8802,-3.1866,28.606,-12.017,1.4969,0,0,0,5.0316,4.9089,4.9468,4.9259,246.55,59.481,-120.64,-1188.2,2304.9,-713.08,33.022
0.17,-2.4107,-3.5802,1.0467,0.20392,0.55903,0,0.80368,1.9971,-1.3628,0.60974,-2.5174,6.3401,-3.3597,31.005,-11.31,0.26201,0,0,0,5.2527,5.1278,5.1643,5.1584,232.73,81.77,-125.6,-1572.2,2148,-277.96,34.505
0.18,-2.3891,-3.5944,1.0528,0.18321,0.58642,0,0.78902,2.3185,-1.4715,0.60606,-2.9288,5.7339,-3.5082,33.248,-10.388,-1.0007,0,0,0,5.4637,5.3392,5.3732,5.3811,215.21,102.35,-126.24,-1925.1,1965,146.24,35.929
0.19,-2.3642,-3.6096,1.0588,0.16035,0.61065,0,0.77549,2.6614,-1.5699,0.58978,-3.2821,5.0815,-3.6351,35.298,-9.269,-2.2491,0,0,0,5.6617,5.5398,5.5701,5.59,194.36,121.01,-122.77,-2238.6,1765.2,541.22,37.269
0.2,-2.3358,-3.6257,1.0645,0.13567,0.63163,0,0.7633,3.0237,-1.6563,0.56125,-3.5808,4.4026,-3.7456,37.125,-7.974,-3.4437,0,0,0,5.8432,5.7255,5.7511,5.7811,170.6,137.63,-115.57,-2504.4,1557.7,888.73,38.501
0.21,-2.3037,-3.6427,1.0699,0.10945,0.64934,0,0.75258,3.4031,-1.7289,0.5212,-3.8315,3.7143,-3.8461,38.702,-6.5233,-4.55,0,0,0,6.0046,5.8921,5.9122,5.9503,144.45,152.17,-105.2,-2717.5,1349.2,1176.9,39.599
0.22,-2.2677,-3.6602,1.0749,0.081926,0.66381,0,0.7434,3.7969,-1.7863,0.47065,-4.0417,3.0281,-3.9427,40.008,-4.9376,-5.539,0,0,0,6.1426,6.0356,6.0497,6.0943,116.42,164.62,-92.229,-2880,1141.1,1407.4,40.537
0.23,-2.2277,-3.6783,1.0793,0.053281,0.6751,0,0.7358,4.2023,-1.8273,0.41089,-4.2184,2.3492,-4.0406,41.026,-3.2379,-6.3878,0,0,0,6.2542,6.1524,6.1601,6.2105,87.005,174.99,-77.23,-2994.8,934.01,1583.6,41.295
0.24,-2.1836,-3.6967,1.0831,0.023646,0.68327,0,0.72978,4.6164,-1.8508,0.34342,-4.3679,1.678,-4.1438,41.745,-1.4447,-7.0786,0,0,0,6.3372,6.2401,6.2412,6.2969,56.67,183.3,-60.725,-3064.9,728.77,1709.2,41.859
0.25,-2.1354,-3.7153,1.0862,-0.0068805,0.68834,0,0.72536,5.0362,-1.8559,0.26988,-4.4944,1.0115,-4.2554,42.158,0.4214,-7.5989,0,0,0,6.39,6.297,6.2912,6.3524,25.846,189.58,-43.205,-3093.3,526.09,1787.4,42.218
0.26,-2.0829,-3.7338,1.0885,-0.038224,0.6903,0,0.72251,5.4585,-1.8422,0.19204,-4.6008,0.34447,-4.3775,42.262,2.3401,-7.9408,0,0,0,6.412,6.3224,6.3095,6.3767,-5.0658,193.84,-25.124,-3082.8,326.69,1821.7,42.368
0.27,-2.0262,-3.7521,1.09,-0.070319,0.68913,0,0.72122,5.8804,-1.809,0.11167,-4.6878,-0.32936,-4.5113,42.057,4.2916,-8.1009,0,0,0,6.4031,6.3167,6.2962,6.3702,-35.691,196.12,-6.9053,-3036.5,131.29,1815.6,42.31
0.28,-1.9653,-3.7699,1.0907,-0.1031,0.68472,0,0.72148,6.2986,-1.7563,0.030622,-4.7541,-1.0169,-4.6572,41.55,6.2561,-8.0798,0,0,0,6.3644,6.281,6.2525,6.3343,-65.686,196.48,11.065,-2957.3,-59.382,1772.6,42.054
0.29,-1.9002,-3.7871,1.0906,-0.13648,0.67694,0,0.72328,6.7104,-1.6839,-0.04933,-4.7964,-1.7249,-4.8145,40.747,8.2148,-7.8816,0,0,0,6.2976,6.2175,6.1803,6.2714,-94.738,194.95,28.434,-2848.2,-244.59,1696,41.611
0.3,-1.8311,-3.8035,1.0897,-0.17033,0.66561,0,0.72661,7.1126,-1.5921,-0.12645,-4.8088,-2.4591,-4.9816,39.659,10.149,-7.5141,0,0,0,6.2052,6.129,6.0825,6.1842,-122.56,191.61,44.885,-2712.1,-423.61,1589.3,41.001
0.31,-1.758,-3.8189,1.0881,-0.20451,0.65051,0,0.73145,7.5027,-1.4811,-0.19908,-4.7836,-3.2233,-5.1555,38.301,12.041,-6.9879,0,0,0,6.0902,6.0191,5.9628,6.0765,-148.9,186.5,60.132,-2551.9,-595.72,1456.1,40.248
0.32,-1.6811,-3.8331,1.0858,-0.23877,0.6314,0,0.73778,7.8778,-1.3514,-0.26572,-4.7108,-4.0184,-5.3321,36.687,13.874,-6.3163,0,0,0,5.9563,5.8923,5.8255,5.9524,-173.53,179.72,73.929,-2370.7,-760.19,1299.6,39.378
0.33,-1.6005,-3.8459,1.0828,-0.27281,0.60805,0,0.74555,8.2356,-1.2039,-0.32498,-4.5787,-4.8409,-5.5057,34.836,15.63,-5.5149,0,0,0,5.8079,5.7534,5.6757,5.8166,-196.25,171.33,86.059,-2171.3,-916.29,1123.4,38.423
0.34,-1.5165,-3.8571,1.0793,-0.30624,0.58022,0,0.75469,8.5738,-1.0391,-0.37564,-4.3749,-5.6819,-5.6691,32.769,17.295,-4.6013,0,0,0,5.6495,5.6076,5.519,5.674,-216.9,161.42,96.343,-1956.8,-1063.3,930.95,37.417
0.35,-1.4291,-3.8666,1.0753,-0.33854,0.54777,0,0.76507,8.8903,-0.8583,-0.41669,-4.0877,-6.5251,-5.814,30.506,18.854,-3.5947,0,0,0,5.4861,5.4605,5.3615,5.5294,-235.35,150.09,104.63,-1730.1,-1200.5,725.64,36.396
0.36,-1.3387,-3.8742,1.071,-0.36915,0.51062,0,0.77653,9.1833,-0.66247,-0.4473,-3.7082,-7.3467,-5.9309,28.07,20.293,-2.5156,0,0,0,5.323,5.3174,5.2094,5.3876,-251.47,137.45,110.82,-1494.1,-1327.1,510.95,35.396
0.37,-1.2456,-3.8798,1.0664,-0.3974,0.46889,0,0.78881,9.4512,-0.45289,-0.46684,-3.2334,-8.1158,-6.0107,25.484,21.599,-1.3855,0,0,0,5.1657,5.1833,5.0687,5.2529,-265.21,123.59,114.83,-1251.8,-1442.5,290.32,34.451
0.38,-1.1498,-3.8832,1.0617,-0.42261,0.42285,0,0.80162,9.6926,-0.23097,-0.47491,-2.6684,-8.7969,-6.0452,22.774,22.761,-0.22637,0,0,0,5.0195,5.0625,4.9445,5.1291,-276.5,108.64,116.62,-1006.2,-1545.8,67.2,33.593
0.39,-1.0518,-3.8844,1.057,-0.44415,0.37303,0,0.8146,9.9064,0.0018072,-0.47134,-2.028,-9.3541,-6.0289,19.962,23.768,0.9395,0,0,0,4.8895,4.9583,4.8411,5.0192,-285.33,92.716,116.18,-760.16,-1636.5,-154.96,32.847
0.4,-0.95178,-3.8832,1.0523,-0.46147,0.32015,0,0.82737,10.092,0.24385,-0.45617,-1.3372,-9.7577,-5.9598,17.075,24.612,2.0899,0,0,0,4.7799,4.8727,4.7607,4.9254,-291.71,75.954,113.54,-516.71,-1713.6,-372.72,32.231
0.41,-0.85006,-3.8795,1.0479,-0.47421,0.26512,0,0.83955,10.248,0.49348,-0.42967,-0.62787,-9.9899,-5.8409,14.136,25.285,3.2031,0,0,0,4.6938,4.8066,4.7038,4.8492,-295.68,58.491,108.75,-278.78,-1776.6,-582.63,31.756
0.42,-0.74692,-3.8733,1.0438,-0.48221,0.20892,0,0.85078,10.374,0.74896,-0.3923,0.065991,-10.049,-5.6797,11.169,25.78,4.2581,0,0,0,4.6324,4.7594,4.6689,4.7911,-297.31,40.471,101.92,-49.318,-1824.7,-781.24,31.42
0.43,-0.64267,-3.8645,1.0401,-0.48557,0.15255,0,0.86078,10.471,1.0085,-0.34476,0.7139,-9.9518,-5.4874,8.1975,26.093,5.2352,0,0,0,4.595,4.7298,4.6529,4.7506,-296.71,22.049,93.177,168.71,-1857.1,-965.09,31.214
0.44,-0.5376,-3.8531,1.0369,-0.48456,0.096879,0,0.86938,10.538,1.2702,-0.28792,1.2938,-9.727,-5.2773,5.2423,26.22,6.1159,0,0,0,4.5789,4.7154,4.6519,4.7264,-293.99,3.3838,82.682,372.36,-1873.2,-1130.8,31.121
0.45,-0.432,-3.8391,1.0343,-0.47959,0.042609,0,0.87646,10.576,1.5323,-0.22282,1.7948,-9.413,-5.0635,2.3242,26.161,6.8836,0,0,0,4.5803,4.7133,4.6614,4.7159,-289.32,-15.357,70.635,558.66,-1872.1,-1274.8,31.118
0.46,-0.32618,-3.8225,1.0325,-0.47115,-0.009785,0,0.882,10.585,1.7928,-0.15067,2.2165,-9.0493,-4.8586,-0.53818,25.914,7.5242,0,0,0,4.5943,4.7202,4.6772,4.716,-282.88,-34,57.27,724.67,-1853.3,-1393.7,31.179
0.47,-0.2204,-3.8032,1.0313,-0.45972,-0.060047,0,0.88603,10.566,2.0499,-0.072805,2.5678,-8.672,-4.6735,-3.3283,25.481,8.0255,0,0,0,4.6158,4.7329,4.6953,4.7234,-274.9,-52.362,42.854,867.95,-1816.1,-1484.7,31.279
0.48,-0.11496,-3.7815,1.031,-0.44572,-0.10811,0,0.88862,10.519,2.3018,0.0093425,2.8624,-8.3091,-4.516,-6.0318,24.868,8.3787,0,0,0,4.6404,4.7481,4.7127,4.7344,-265.6,-70.264,27.667,988.79,-1761.5,-1548.2,31.393
0.49,-0.010116,-3.7572,1.0315,-0.4295,-0.15406,0,0.88983,10.445,2.5467,0.094253,3.1163,-7.9801,-4.3914,-8.6366,24.078,8.5772,0,0,0,4.6643,4.7632,4.7271,4.746,-255.2,-87.538,11.976,1088.3,-1690.6,-1585.8,31.501
0.5,0.093862,-3.7306,1.0329,-0.41129,-0.19805,0,0.88973,10.346,2.7828,0.18036,3.3449,-7.6959,-4.3021,-11.133,23.12,8.6174,0,0,0,4.6846,4.7762,4.7371,4.7559,-243.9,-104.03,-3.9668,1167.8,-1604.8,-1598.9,31.59
0.51,0.19673,-3.7016,1.0351,-0.39126,-0.2403,0,0.88836,10.223,3.0085,0.26607,3.5618,-7.4604,-4.2492,-13.512,22.001,8.4978,0,0,0,4.6998,4.7857,4.7417,4.7623,-231.9,-119.59,-19.925,1228.3,-1505.1,-1589,31.649
0.52,0.29824,-3.6704,1.0382,-0.36945,-0.28102,0,0.88574,10.076,3.2223,0.34979,3.7785,-7.2717,-4.2319,-15.769,20.732,8.2196,0,0,0,4.709,4.7912,4.7412,4.7645,-219.39,-134.09,-35.675,1271,-1392.9,-1557.6,31.677
0.53,0.39818,-3.6372,1.0421,-0.34589,-0.3204,0,0.88188,9.908,3.4227,0.42994,4.0031,-7.1236,-4.2484,-17.899,19.323,7.7857,0,0,0,4.7125,4.793,4.7363,4.7626,-206.54,-147.41,-51.011,1297,-1269.4,-1506.3,31.674
0.54,0.49633,-3.602,1.0468,-0.32052,-0.35857,0,0.87675,9.7189,3.6084,0.505,4.2406,-7.0059,-4.2955,-19.899,17.788,7.2014,0,0,0,4.7114,4.7919,4.7287,4.7573,-193.5,-159.44,-65.74,1307.6,-1135.8,-1436.5,31.649
0.55,0.5925,-3.5651,1.0522,-0.29328,-0.3956,0,0.87034,9.5104,3.7781,0.57349,4.4925,-6.9054,-4.3689,-21.769,16.139,6.4735,0,0,0,4.7073,4.7897,4.7206,4.7503,-180.44,-170.09,-79.684,1303.9,-993.42,-1349.7,31.613
0.56,0.68648,-3.5265,1.0583,-0.26412,-0.43146,0,0.8626,9.2839,3.9308,0.63402,4.7561,-6.8067,-4.463,-23.508,14.391,5.6108,0,0,0,4.7026,4.7882,4.7149,4.7436,-167.47,-179.28,-92.682,1287.1,-843.42,-1247.4,31.582
0.57,0.77812,-3.4865,1.0649,-0.233,-0.46604,0,0.85353,9.0407,4.0656,0.68529,5.0247,-6.693,-4.5707,-25.119,12.558,4.6235,0,0,0,4.7003,4.7897,4.7145,4.7398,-154.73,-186.94,-104.59,1258.2,-687.07,-1131.2,31.574
0.58,0.86725,-3.4453,1.0719,-0.19995,-0.49915,0,0.84313,8.782,4.1818,0.72611,5.2875,-6.5477,-4.6832,-26.604,10.657,3.5232,0,0,0,4.7033,4.7967,4.7228,4.7417,-142.34,-193.01,-115.27,1218.6,-525.6,-1002.5,31.608
0.59,0.95371,-3.403,1.0793,-0.1651,-0.53051,0,0.83144,8.509,4.2786,0.75542,5.5299,-6.3561,-4.7905,-27.967,8.7035,2.3227,0,0,0,4.7149,4.8116,4.7427,4.7523,-130.39,-197.44,-124.6,1169.3,-360.25,-862.81,31.702
0.6,1.0374,-3.3598,1.087,-0.12865,-0.5598,0,0.81858,8.223,4.3557,0.77228,5.735,-6.1071,-4.8818,-29.214,6.7139,1.036,0,0,0,4.7381,4.8363,4.7769,4.7744,-118.98,-200.2,-132.49,1111.6,-192.24,-713.64,31.876
0.61,1.1181,-3.3159,1.0947,-0.090953,-0.58668,0,0.8047,7.9251,4.4128,0.7759,5.8854,-5.7958,-4.9459,-30.349,4.7051,-0.32198,0,0,0,4.7755,4.8729,4.827,4.8104,-108.19,-201.28,-138.85,1046.5,-22.826,-556.5,32.143
0.62,1.1958,-3.2716,1.1025,-0.05244,-0.61084,0,0.79001,7.6164,4.4498,0.76565,5.9651,-5.4235,-4.9722,-31.38,2.6939,-1.7356,0,0,0,4.8289,4.9226,4.894,4.8623,-98.074,-200.66,-143.6,975.22,146.77,-392.88,32.513
0.63,1.2704,-3.227,1.11,-0.013643,-0.63207,0,0.77479,7.2978,4.4667,0.74106,5.9623,-4.9989,-4.952,-32.313,0.69748,-3.1884,0,0,0,4.8994,4.9863,4.9779,4.9312,-88.7,-198.35,-146.69,898.98,315.3,-224.28,32.991
0.64,1.3418,-3.1823,1.1172,0.024856,-0.65023,0,0.75933,6.9704,4.4639,0.70181,5.8708,-4.536,-4.8788,-33.156,-1.2675,-4.6636,0,0,0,4.987,5.0641,5.0776,5.0174,-80.108,-194.36,-148.07,818.91,481.54,-52.197,33.577
0.65,1.4098,-3.1378,1.124,0.062462,-0.66532,0,0.74394,6.635,4.4415,0.64777,5.6905,-4.0523,-4.7489,-33.918,-3.1843,-6.1441,0,0,0,5.0907,5.1559,5.1914,5.1201,-72.33,-188.73,-147.72,736.17,644.25,121.86,34.263
0.66,1.4745,-3.0935,1.1301,0.098602,-0.67747,0,0.72891,6.2923,4.4004,0.57897,5.4271,-3.566,-4.5617,-34.606,-5.0367,-7.6123,0,0,0,5.2086,5.2603,5.3171,5.2375,-65.389,-181.49,-145.63,651.92,802.19,296.4,35.039
0.67,1.5356,-3.0498,1.1355,0.13277,-0.68691,0,0.71451,5.9431,4.3411,0.49562,5.0909,-3.0938,-4.3194,-35.229,-6.809,-9.0509,0,0,0,5.3381,5.3758,5.4519,5.3672,-59.293,-172.71,-141.8,567.33,954.12,469.91,35.888
0.68,1.5933,-3.0068,1.14,0.16452,-0.69396,0,0.70097,5.5879,4.2645,0.39811,4.6947,-2.6487,-4.0261,-35.795,-8.4859,-10.443,0,0,0,5.4761,5.5001,5.5931,5.506,-54.04,-162.44,-136.24,483.57,1098.8,640.91,36.792
0.69,1.6474,-2.9646,1.1434,0.19351,-0.69898,0,0.68846,5.2274,4.1717,0.28698,4.2518,-2.2397,-3.6872,-36.312,-10.053,-11.77,0,0,0,5.6191,5.6303,5.7375,5.6505,-49.615,-150.76,-129,401.79,1235,807.88,37.729
0.7,1.6978,-2.9234,1.1457,0.21949,-0.70237,0,0.67712,4.8618,4.0639,0.16297,3.7751,-1.8713,-3.3093,-36.789,-11.497,-13.017,0,0,0,5.7638,5.7636,5.8822,5.7969,-45.994,-137.77,-120.1,323.16,1361.5,969.34,38.677
0.71,1.7446,-2.8834,1.1467,0.24227,-0.70451,0,0.66706,4.4917,3.9422,0.026967,3.2757,-1.5443,-2.8988,-37.235,-12.804,-14.167,0,0,0,5.9068,5.8966,6.0241,5.9417,-43.138,-123.56,-109.63,248.84,1477.1,1123.8,39.615
0.72,1.7876,-2.8446,1.1462,0.26173,-0.70576,0,0.65833,4.1172,3.8083,-0.11999,2.7625,-1.2562,-2.4621,-37.655,-13.964,-15.205,0,0,0,6.0447,6.0264,6.1605,6.0814,-40.998,-108.27,-97.657,180,1580.5,1269.7,40.522
0.73,1.8269,-2.8072,1.1442,0.27782,-0.70644,0,0.65097,3.7386,3.6635,-0.2767,2.242,-1.0023,-2.0053,-38.057,-14.966,-16.115,0,0,0,6.1747,6.15,6.2888,6.213,-39.516,-92,-84.271,117.8,1670.4,1405.6,41.378
0.74,1.8624,-2.7714,1.1406,0.29049,-0.70679,0,0.64502,3.3561,3.5095,-0.44183,1.719,-0.77601,-1.5341,-38.447,-15.802,-16.886,0,0,0,6.2943,6.2648,6.4066,6.3338,-38.617,-74.907,-69.583,63.395,1745.7,1530,42.166
0.75,1.894,-2.7371,1.1354,0.29975,-0.70704,0,0.6405,2.9697,3.348,-0.61391,1.1965,-0.57002,-1.054,-38.831,-16.462,-17.503,0,0,0,6.4013,6.3687,6.5121,6.4415,-38.218,-57.139,-53.715,17.959,1805.1,1641.3,42.873
0.76,1.9218,-2.7044,1.1283,0.30561,-0.70732,0,0.63741,2.5795,3.1809,-0.79135,0.67645,-0.37627,-0.57023,-39.213,-16.943,-17.957,0,0,0,6.4941,6.46,6.6036,6.5345,-38.224,-38.862,-36.805,-17.347,1847.4,1738.2,43.487
0.77,1.9456,-2.6735,1.1195,0.30811,-0.70771,0,0.63578,2.1855,3.0098,-0.97246,0.16026,-0.18645,-0.088039,-39.596,-17.238,-18.236,0,0,0,6.5717,6.5375,6.68,6.6114,-38.527,-20.253,-19.005,-41.36,1871.3,1819,44.001
0.78,1.9655,-2.6442,1.1089,0.30727,-0.70823,0,0.6356,1.7876,2.8367,-1.1555,-0.35061,0.0077203,0.38694,-39.984,-17.347,-18.334,0,0,0,6.6334,6.6007,6.7407,6.6719,-39.009,-1.5021,-0.48331,-52.918,1875.6,1882.3,44.411
0.79,1.9814,-2.6167,1.0964,0.30316,-0.70883,0,0.63691,1.3858,2.6635,-1.3385,-0.85418,0.21423,0.84866,-40.376,-17.269,-18.244,0,0,0,6.6794,6.6497,6.7855,6.7158,-39.54,17.189,18.578,-50.856,1859,1926.6,44.718
0.8,1.9932,-2.591,1.0821,0.29584,-0.70939,0,0.63972,0.98003,2.492,-1.5197,-1.3473,0.44044,1.2904,-40.774,-17.004,-17.962,0,0,0,6.7104,6.6853,6.815,6.7439,-39.977,35.605,37.981,-34.012,1820.4,1950.4,44.924
0.81,2.0009,-2.5669,1.066,0.28542,-0.70976,0,0.64403,0.57028,2.324,-1.6971,-1.8255,0.69266,1.7048,-41.175,-16.558,-17.484,0,0,0,6.7274,6.7085,6.83,6.7575,-40.167,53.519,57.512,-1.2213,1758.5,1952.2,45.039
0.82,2.0046,-2.5445,1.0482,0.27204,-0.70972,0,0.64984,0.15652,2.1614,-1.8687,-2.282,0.97559,2.0839,-41.576,-15.936,-16.812,0,0,0,6.7324,6.7213,6.8319,6.7585,-39.945,70.692,76.945,48.679,1672,1930.4,45.073
0.83,2.0041,-2.5236,1.0287,0.25588,-0.709,0,0.65715,-0.26123,2.0058,-2.0327,-2.7084,1.2917,2.4192,-41.972,-15.148,-15.946,0,0,0,6.7276,6.7258,6.8228,6.7493,-39.133,86.873,96.037,116.85,1559.7,1883.6,45.042
0.84,1.9993,-2.5043,1.0076,0.23718,-0.70732,0,0.66591,-0.68288,1.859,-2.187,-3.0941,1.6404,2.7022,-42.356,-14.203,-14.893,0,0,0,6.7157,6.7243,6.8048,6.7328,-37.543,101.8,114.53,204.46,1420.5,1810.3,44.963
0.85,1.9904,-2.4864,0.98499,0.21628,-0.70439,0,0.67606,-1.1083,1.7222,-2.3299,-3.427,2.0176,2.9252,-42.72,-13.117,-13.659,0,0,0,6.6998,6.7195,6.7807,6.7123,-34.976,115.19,132.15,312.25,1253.4,1709.4,44.854
0.86,1.9772,-2.4698,0.96103,0.19355,-0.69992,0,0.68749,-1.5372,1.597,-2.4596,-3.6952,2.4155,3.0819,-43.052,-11.905,-12.254,0,0,0,6.6827,6.7136,6.7535,6.691,-31.238,126.78,148.63,437.94,1061.5,1582.6,44.735
0.87,1.9596,-2.4544,0.93584,0.16946,-0.69368,0,0.70007,-1.9692,1.4845,-2.5745,-3.8885,2.8231,3.1697,-43.34,-10.588,-10.691,0,0,0,6.6672,6.7086,6.7262,6.672,-26.169,136.35,163.73,577.86,849.18,1432.9,44.623
0.88,1.9378,-2.4401,0.90959,0.14452,-0.68548,0,0.7136,-2.4038,1.3856,-2.673,-4.0003,3.2272,3.1891,-43.57,-9.1857,-8.9844,0,0,0,6.6557,6.7063,6.7017,6.6577,-19.646,143.71,177.22,728.36,620.97,1263.2,44.536
0.89,1.9115,-2.4267,0.88244,0.11923,-0.67524,0,0.7279,-2.8403,1.301,-2.7538,-4.0276,3.6138,3.1443,-43.728,-7.7215,-7.1521,0,0,0,6.65,6.7078,6.6823,6.6501,-11.579,148.73,188.93,885.78,381.36,1076.5,44.484
0.9,1.881,-2.414,0.85458,0.094138,-0.66294,0,0.74273,-3.278,1.2313,-2.8157,-3.9723,3.97,3.0423,-43.797,-6.2192,-5.2122,0,0,0,6.651,6.7138,6.6696,6.6499,-1.919,151.32,198.71,1046.5,134.85,875.92,44.474
0.91,1.846,-2.402,0.8262,0.069717,-0.64865,0,0.75788,-3.7159,1.1766,-2.8577,-3.8401,4.2854,2.8925,-43.761,-4.7034,-3.1849,0,0,0,6.6589,6.7243,6.6645,6.6573,9.3489,151.42,206.42,1206.8,-114.06,664.34,44.508
0.92,1.8066,-2.3904,0.79749,0.046406,-0.63253,0,0.77314,-4.1529,1.1371,-2.8791,-3.6407,4.5536,2.7052,-43.604,-3.199,-1.0911,0,0,0,6.6726,6.7387,6.6666,6.6711,22.203,149.04,211.97,1363,-360.87,444.76,44.582
0.93,1.7629,-2.3792,0.76868,0.024566,-0.61478,0,0.78832,-4.5876,1.1125,-2.8794,-3.3856,4.7724,2.4916,-43.312,-1.7307,1.0471,0,0,0,6.6906,6.7555,6.6749,6.6896,36.583,144.23,215.29,1511.5,-601.09,220.18,44.684
0.94,1.7149,-2.3681,0.73998,0.0044788,-0.5956,0,0.80327,-5.0186,1.1023,-2.8581,-3.0877,4.9445,2.2618,-42.868,-0.32236,3.2072,0,0,0,6.7104,6.7729,6.6872,6.7101,52.395,137.06,216.36,1648.7,-830.22,-6.4077,44.801
0.95,1.6626,-2.3571,0.71159,-0.013654,-0.57523,0,0.81788,-5.4444,1.1058,-2.8152,-2.759,5.076,2.0252,-42.259,1.0031,5.3668,0,0,0,6.7289,6.7885,6.7005,6.7295,69.506,127.67,215.17,1770.8,-1043.7,-232.03,44.912
0.96,1.606,-2.346,0.68374,-0.029705,-0.55387,0,0.83207,-5.8632,1.122,-2.7509,-2.4105,5.1759,1.7894,-41.474,2.2243,7.5032,0,0,0,6.7427,6.7993,6.7114,6.7444,87.748,116.25,211.74,1874.2,-1237.2,-453.69,44.996
0.97,1.5453,-2.3346,0.65665,-0.04361,-0.53168,0,0.84582,-6.2732,1.1499,-2.6653,-2.0513,5.2549,1.5604,-40.501,3.322,9.5942,0,0,0,6.7485,6.8023,6.7164,6.7514,106.92,103.01,206.12,1955.3,-1406,-668.4,45.031
0.98,1.4806,-2.3229,0.63051,-0.055353,-0.50877,0,0.85912,-6.6726,1.188,-2.5592,-1.6881,5.324,1.3427,-39.333,4.2794,11.619,0,0,0,6.7429,6.7945,6.7119,6.7472,126.77,88.227,198.4,2010.4,-1545.8,-873.17,44.994
0.99,1.4119,-2.3108,0.60553,-0.064956,-0.48521,0,0.87198,-7.0592,1.235,-2.4332,-1.326,5.3944,1.1396,-37.965,5.0825,13.556,0,0,0,6.7229,6.7732,6.6946,6.7288,147.02,72.208,188.7,2035.8,-1652,-1065,44.866
1,1.3395,-2.2982,0.5819,-0.072463,-0.46098,0,0.88444,-7.4312,1.2891,-2.2884,-0.96813,5.4759,0.95324,-36.393,5.7206,15.386,0,0,0,6.6863,6.7359,6.662,6.6938,167.37,55.314,177.15,2027.9,-1720.1,-1241,44.63
1.01,1.2634,-2.285,0.55982,-0.077935,-0.43606,0,0.89654,-7.7864,1.3488,-2.1259,-0.61699,5.5773,0.78491,-34.618,6.1871,17.093,0,0,0,6.6313,6.6811,6.6121,6.6406,187.46,37.946,163.94,1983.8,-1746.4,-1398.4,44.275
1.02,1.1838,-2.2712,0.53944,-0.081441,-0.41033,0,0.90829,-8.1229,1.4123,-1.947,-0.27393,5.7054,0.63532,-32.645,6.4794,18.66,0,0,0,6.5573,6.6079,6.5439,6.5683,206.93,20.519,149.25,1905,-1732.6,-1536.7,43.796
1.03,1.101,-2.2568,0.52093,-0.083053,-0.38367,0,0.91973,-8.4387,1.4778,-1.7532,0.060722,5.8657,0.50435,-30.483,6.5986,20.074,0,0,0,6.4644,6.5164,6.4572,6.4773,225.46,3.4159,133.27,1795,-1682.3,-1656.6,43.192
1.04,1.0151,-2.2417,0.50442,-0.08284,-0.3559,0,0.93084,-8.7319,1.5437,-1.5461,0.38716,6.0619,0.39145,-28.14,6.5499,21.322,0,0,0,6.3537,6.4076,6.3529,6.3683,242.74,-13.018,116.18,1657.2,-1599.3,-1758.3,42.471
1.05,0.92643,-2.2259,0.49004,-0.080863,-0.32685,0,0.94161,-9.0009,1.6083,-1.3274,0.70559,6.2964,0.29579,-25.633,6.3415,22.394,0,0,0,6.227,6.283,6.2326,6.2433,258.52,-28.473,98.162,1495.2,-1487.1,-1842.3,41.643
1.06,0.83518,-2.2095,0.47791,-0.077182,-0.29631,0,0.95197,-9.2441,1.67,-1.0988,1.0157,6.5694,0.21647,-22.976,5.9846,23.283,0,0,0,6.087,6.1451,6.0988,6.1047,272.57,-42.675,79.392,1312.2,-1349.5,-1909,40.726
1.07,0.74164,-2.1925,0.46809,-0.071855,-0.26408,0,0.96182,-9.46,1.7275,-0.86237,1.3164,6.8796,0.15253,-20.188,5.493,23.98,0,0,0,5.9369,5.9968,5.9545,5.9558,284.71,-55.39,60.039,1111.7,-1190.1,-1958.8,39.74
1.08,0.64607,-2.175,0.46068,-0.064947,-0.22997,0,0.97103,-9.6475,1.7795,-0.61989,1.6051,7.2226,0.10294,-17.289,4.8825,24.482,0,0,0,5.7807,5.8416,5.8034,5.8003,294.76,-66.418,40.27,897.21,-1012.7,-1992.2,38.71
1.09,0.54878,-2.157,0.45571,-0.056535,-0.19384,0,0.9794,-9.8055,1.8248,-0.37339,1.8778,7.5913,0.06656,-14.3,4.1708,24.785,0,0,0,5.6226,5.6833,5.6493,5.6422,302.62,-75.597,20.248,672.1,-820.93,-2009.6,37.662
1.1,0.45006,-2.1385,0.45322,-0.046723,-0.15556,0,0.98672,-9.9332,1.8626,-0.12486,2.1289,7.9752,0.042016,-11.244,3.3771,24.887,0,0,0,5.4671,5.526,5.4965,5.4859,308.18,-82.801,0.12985,439.81,-618.43,-2011.5,36.626
1.11,0.35022,-2.1197,0.45321,-0.035647,-0.11513,0,0.99271,-10.03,1.8922,0.12367,2.3506,8.3602,0.027593,-8.1441,2.5217,24.788,0,0,0,5.3189,5.3737,5.3492,5.3357,311.4,-87.942,-19.931,203.77,-408.9,-1998.1,35.629
1.12,0.24956,-2.1007,0.45568,-0.023489,-0.072603,0,0.99708,-10.096,1.9129,0.37022,2.5343,8.729,0.021098,-5.0239,1.6253,24.489,0,0,0,5.1823,5.2304,5.2113,5.1957,312.25,-90.968,-39.784,-32.583,-196.02,-1970.1,34.699
1.13,0.1484,-2.0815,0.4606,-0.01048,-0.02817,0,0.99955,-10.131,1.9246,0.61279,2.6703,9.0627,0.019766,-1.9069,0.70942,23.993,0,0,0,5.0609,5.0998,5.0863,5.0696,310.76,-91.863,-59.285,-265.82,16.513,-1927.8,33.861
1.14,0.047054,-2.0622,0.46792,0.0030924,0.017864,0,0.99984,-10.134,1.9271,0.84944,2.7495,9.3426,0.020229,1.1836,-0.20489,23.305,0,0,0,4.9576,4.9849,4.9773,4.9601,306.96,-90.651,-78.294,-492.51,225.03,-1871.6,33.133
1.15,-0.054179,-2.043,0.47757,0.016896,0.065086,0,0.99774,-10.107,1.9206,1.0783,2.7647,9.5528,0.018581,4.2249,-1.0968,22.429,0,0,0,4.8744,4.8881,4.8863,4.8693,300.94,-87.388,-96.672,-709.22,425.85,-1802,32.53
1.16,-0.15499,-2.0239,0.48945,0.030563,0.113,0,0.99313,-10.05,1.9053,1.2974,2.7117,9.6829,0.010551,7.1954,-1.9461,21.374,0,0,0,4.8117,4.811,4.8146,4.798,292.82,-82.172,-114.29,-912.51,615.29,-1719.3,32.059
1.17,-0.25508,-2.0049,0.50348,0.043711,0.16107,0,0.98598,-9.9636,1.8819,1.5052,2.5901,9.7298,-0.0082375,10.075,-2.7341,20.146,0,0,0,4.7692,4.7542,4.7624,4.7462,282.75,-75.133,-131.02,-1099,789.67,-1624.1,31.72
1.18,-0.35417,-1.9862,0.51951,0.055966,0.20877,0,0.97636,-9.8489,1.8509,1.6998,2.4036,9.698,-0.04196,12.844,-3.4433,18.757,0,0,0,4.7453,4.7172,4.7289,4.7129,270.91,-66.441,-146.73,-1265.2,945.31,-1516.7,31.507
1.19,-0.45197,-1.9679,0.53742,0.066982,0.25564,0,0.96445,-9.7071,1.8133,1.8798,2.1592,9.5984,-0.0943,15.488,-4.0581,17.216,0,0,0,4.7381,4.6987,4.7127,4.6961,257.52,-56.301,-161.31,-1407.6,1078.5,-1397.6,31.409
1.2,-0.54822,-1.95,0.55705,0.076456,0.30129,0,0.95046,-9.5396,1.7701,2.0437,1.8664,9.4459,-0.1682,17.991,-4.5653,15.535,0,0,0,4.7449,4.6966,4.7115,4.6939,242.85,-44.957,-174.64,-1523,1185.6,-1267.2,31.412
1.21,-0.64268,-1.9325,0.57824,0.08414,0.34547,0,0.93465,-9.3478,1.7224,2.1901,1.5356,9.2562,-0.26565,20.341,-4.9542,13.727,0,0,0,4.7634,4.7084,4.7232,4.7041,227.16,-32.688,-186.62,-1607.9,1263.1,-1125.9,31.499
1.22,-0.73511,-1.9156,0.60079,0.089835,0.38799,0,0.91728,-9.1333,1.6714,2.3178,1.1774,9.0431,-0.38764,22.532,-5.217,11.807,0,0,0,4.7915,4.7316,4.7454,4.7245,210.79,-19.796,-197.13,-1661.9,1310.3,-974.66,31.655
1.23,-0.82528,-1.8991,0.62453,0.093393,0.42874,0,0.89859,-8.8977,1.6185,2.4259,0.80059,8.816,-0.5343,24.556,-5.349,9.7899,0,0,0,4.8276,4.764,4.7762,4.7536,194.02,-6.5767,-206.08,-1687.4,1329.1,-814.76,31.869
1.24,-0.913,-1.8832,0.64924,0.094707,0.46769,0,0.8788,-8.6428,1.5649,2.5134,0.41246,8.5793,-0.70507,26.412,-5.3483,7.6911,0,0,0,4.8704,4.8037,4.8139,4.7901,177.13,6.6982,-213.4,-1686.4,1321.7,-647.5,32.13
1.25,-0.99807,-1.8678,0.67473,0.0937,0.5048,0,0.85814,-8.3701,1.512,2.5795,0.019134,8.3328,-0.89861,28.099,-5.2157,5.5276,0,0,0,4.9191,4.8495,4.8576,4.8334,160.37,19.776,-219.01,-1661.5,1290.1,-474.19,32.433
1.26,-1.0803,-1.8529,0.70076,0.090324,0.54003,0,0.83679,-8.0813,1.461,2.6238,-0.37384,8.0731,-1.1127,29.62,-4.9542,3.3167,0,0,0,4.9734,4.9008,4.9068,4.8832,143.97,32.426,-222.87,-1614.8,1236.3,-296.15,32.774
1.27,-1.1597,-1.8386,0.72713,0.084562,0.57334,0,0.81494,-7.7782,1.4133,2.6457,-0.76087,7.7941,-1.344,30.98,-4.5693,1.0762,0,0,0,5.0332,4.9574,4.9613,4.9397,128.14,44.436,-224.92,-1548.6,1162.5,-114.69,33.153
1.28,-1.2359,-1.8247,0.7536,0.076429,0.60466,0,0.79281,-7.4623,1.37,2.6452,-1.1358,7.4887,-1.5882,32.186,-4.0683,-1.1757,0,0,0,5.0983,5.0192,5.0214,5.0033,113.06,55.616,-225.16,-1465.3,1070.8,68.89,33.57
1.29,-1.3089,-1.8112,0.77996,0.06598,0.63389,0,0.7706,-7.135,1.3323,2.6222,-1.4918,7.1503,-1.8394,33.245,-3.4603,-3.4208,0,0,0,5.1688,5.0867,5.0873,5.0744,98.885,65.798,-223.54,-1367.3,963.11,253.27,34.029
1.3,-1.3785,-1.798,0.80597,0.053316,0.66093,0,0.74855,-6.7978,1.3011,2.5769,-1.8211,6.7734,-2.0904,34.167,-2.7562,-5.6405,0,0,0,5.2448,5.1601,5.1597,5.1534,85.756,74.832,-220.09,-1256.6,841.62,437.14,34.53
1.31,-1.4448,-1.7851,0.83142,0.038593,0.68567,0,0.72689,-6.4521,1.2775,2.5096,-2.1154,6.3549,-2.3328,34.963,-1.9679,-7.8165,0,0,0,5.3261,5.2399,5.2388,5.2405,73.786,82.591,-214.81,-1135.8,708.37,619.19,35.075
1.32,-1.5075,-1.7724,0.85609,0.022025,0.70799,0,0.70588,-6.0989,1.262,2.4208,-2.3662,5.8948,-2.5572,35.647,-1.1089,-9.9306,0,0,0,5.4123,5.3259,5.3247,5.3356,63.066,88.968,-207.72,-1007.1,565.44,798.11,35.664
1.33,-1.5667,-1.7598,0.87977,0.0038867,0.72782,0,0.68576,-5.7395,1.2555,2.3112,-2.5656,5.3961,-2.7535,36.229,-0.19347,-11.965,0,0,0,5.5028,5.418,5.4174,5.4382,53.663,93.875,-198.86,-872.74,414.89,972.59,36.294
1.34,-1.6223,-1.7473,0.90225,-0.015489,0.74509,0,0.66678,-5.3746,1.2583,2.1818,-2.7066,4.8649,-2.9115,36.724,0.76344,-13.902,0,0,0,5.5969,5.5156,5.5163,5.5473,45.622,97.247,-188.29,-735.09,258.8,1141.3,36.96
1.35,-1.6742,-1.7346,0.92334,-0.035718,0.75981,0,0.64916,-5.0052,1.2708,2.0336,-2.7841,4.3095,-3.0215,37.146,1.7462,-15.725,0,0,0,5.6935,5.6177,5.6206,5.6614,38.965,99.039,-176.06,-596.43,99.241,1303,37.655
1.36,-1.7224,-1.7218,0.94286,-0.056373,0.77201,0,0.6331,-4.6319,1.2932,1.8677,-2.795,3.7399,-3.0752,37.508,2.7389,-17.418,0,0,0,5.7916,5.723,5.7289,5.779,33.689,99.227,-162.25,-459.08,-61.716,1456.3,38.371
1.37,-1.7668,-1.7087,0.96064,-0.077,0.78179,0,0.61876,-4.2552,1.3256,1.6857,-2.7386,3.1664,-3.0661,37.825,3.7254,-18.965,0,0,0,5.8898,5.83,5.8396,5.8979,29.771,97.807,-146.96,-325.34,-222,1599.9,39.096
1.38,-1.8075,-1.6953,0.97653,-0.097134,0.7893,0,0.60628,-3.8755,1.3677,1.489,-2.6166,2.5989,-2.9902,38.108,4.6897,-20.353,0,0,0,5.9868,5.9369,5.9509,6.016,27.163,94.796,-130.29,-197.51,-379.53,1732.5,39.818
1.39,-1.8444,-1.6814,0.99038,-0.11631,0.79471,0,0.59573,-3.4931,1.4192,1.2792,-2.4329,2.0461,-2.846,38.372,5.6161,-21.567,0,0,0,6.0814,6.0417,6.0606,6.1311,25.794,90.232,-112.36,-77.893,-532.25,1852.8,40.525
1.4,-1.8774,-1.6669,1.0021,-0.1341,0.79825,0,0.5872,-3.1081,1.4798,1.0582,-2.1931,1.5147,-2.6354,38.628,6.4894,-22.596,0,0,0,6.1721,6.1428,6.1666,6.2411,25.57,84.174,-93.284,31.205,-678.08,1959.4,41.204
1.41,-1.9065,-1.6517,1.0115,-0.1501,0.80015,0,0.58071,-2.7205,1.5488,0.82796,-1.904,1.009,-2.3627,38.887,7.2949,-23.429,0,0,0,6.2578,6.2382,6.2669,6.344,26.375,76.701,-73.218,127.48,-814.94,2051.2,41.845
1.42,-1.9318,-1.6359,1.0186,-0.16396,0.80064,0,0.57627,-2.3303,1.6254,0.59035,-1.5736,0.53085,-2.0353,39.158,8.019,-24.058,0,0,0,6.3373,6.3264,6.3596,6.438,28.069,67.912,-52.314,208.63,-940.77,2126.7,42.435
1.43,-1.9531,-1.6192,1.0233,-0.17538,0.79994,0,0.57387,-1.9373,1.7089,0.34751,-1.2102,0.080054,-1.6624,39.451,8.6492,-24.473,0,0,0,6.4098,6.4062,6.4431,6.5219,30.489,57.929,-30.742,272.35,-1053.5,2184.6,42.968
1.44,-1.9705,-1.6017,1.0255,-0.18414,0.79824,0,0.5735,-1.5412,1.7981,0.10161,-0.8222,-0.34562,-1.2554,39.77,9.1741,-24.671,0,0,0,6.4746,6.4766,6.5162,6.5946,33.45,46.893,-8.6843,316.33,-1151,2223.7,43.437
1.45,-1.9839,-1.5832,1.0253,-0.19007,0.79569,0,0.5751,-1.1418,1.892,-0.14516,-0.41831,-0.74971,-0.82655,40.121,9.584,-24.646,0,0,0,6.5315,6.5371,6.5783,6.6557,36.743,34.966,13.665,338.28,-1231.3,2242.6,43.838
1.46,-1.9933,-1.5638,1.0226,-0.1931,0.79239,0,0.57865,-0.7387,1.9894,-0.39057,-0.0071612,-1.1365,-0.38908,40.505,9.871,-24.397,0,0,0,6.5802,6.5877,6.6291,6.7049,40.135,22.331,36.097,335.88,-1292.3,2240.1,44.17
1.47,-1.9987,-1.5434,1.0175,-0.19321,0.78837,0,0.58408,-0.33159,2.089,-0.63236,0.4025,-1.5104,0.043675,40.923,10.029,-23.925,0,0,0,6.6213,6.6286,6.6691,6.7428,43.371,9.1912,58.39,306.84,-1331.9,2214.7,44.436
1.48,-1.9999,-1.522,1.01,-0.19044,0.78364,0,0.59131,0.079858,2.1895,-0.86832,0.80174,-1.875,0.45866,41.371,10.054,-23.231,0,0,0,6.6552,6.6607,6.6989,6.77,46.175,-4.2285,80.311,248.85,-1348,2165.2,44.641
1.49,-1.9971,-1.4996,1.0002,-0.18492,0.77813,0,0.60026,0.49592,2.2896,-1.0963,1.1814,-2.2327,0.84357,41.844,9.9443,-22.32,0,0,0,6.683,6.685,6.72,6.7876,48.244,-17.683,101.61,159.6,-1338.5,2090.4,44.793
1.5,-1.99,-1.4763,0.98813,-0.17686,0.77176,0,0.61083,0.91679,2.3879,-1.314,1.532,-2.5843,1.1874,42.332,9.701,-21.201,0,0,0,6.7057,6.703,6.734,6.7972,49.258,-30.909,122.03,37.977,-1302.3,1989.4,44.9
1.51,-1.9787,-1.4519,0.97395,-0.1665,0.7644,0,0.62287,1.3426,2.4832,-1.5196,1.8453,-2.9286,1.4818,42.825,9.3277,-19.884,0,0,0,6.7242,6.716,6.7426,6.8005,48.908,-43.647,141.32,-112.32,-1241.3,1864.2,44.972
1.52,-1.9631,-1.4266,0.95779,-0.15415,0.75594,0,0.63623,1.7732,2.5741,-1.7111,2.1144,-3.2632,1.7216,43.305,8.8305,-18.38,0,0,0,6.7395,6.7256,6.7476,6.7994,46.933,-55.664,159.24,-286.32,-1158.6,1717.4,45.02
1.53,-1.9432,-1.4004,0.93978,-0.14015,0.74626,0,0.65073,2.2086,2.6594,-1.8866,2.3346,-3.5845,1.9053,43.757,8.2175,-16.704,0,0,0,6.7525,6.733,6.7508,6.7956,43.119,-66.755,175.6,-479.07,-1056.9,1551.6,45.053
1.54,-1.9189,-1.3734,0.92011,-0.12486,0.73526,0,0.66618,2.6482,2.7381,-2.0446,2.5034,-3.8884,2.0342,44.161,7.499,-14.873,0,0,0,6.7639,6.7393,6.7533,6.7907,37.305,-76.748,190.22,-685.62,-939.2,1369.4,45.079
1.55,-1.8903,-1.3457,0.89895,-0.10863,0.72288,0,0.68238,3.0916,2.8091,-2.1836,2.6202,-4.1708,2.1118,44.496,6.6867,-12.906,0,0,0,6.7742,6.7452,6.7562,6.7858,29.377,-85.496,202.94,-901.01,-808.47,1173.3,45.102
1.56,-1.8571,-1.3173,0.87651,-0.091822,0.70909,0,0.69911,3.5378,2.8715,-2.3024,2.6871,-4.4284,2.1438,44.741,5.7937,-10.821,0,0,0,6.7835,6.7511,6.7596,6.7816,19.272,-92.883,213.65,-1120.3,-667.6,965.87,45.126
1.57,-1.8195,-1.2883,0.85298,-0.074747,0.6939,0,0.71618,3.986,2.9247,-2.3997,2.7074,-4.6595,2.1368,44.874,4.8339,-8.64,0,0,0,6.7914,6.7565,6.7633,6.7781,6.9754,-98.823,222.23,-1338.5,-519.51,749.77,45.149
1.58,-1.7774,-1.2588,0.82859,-0.057694,0.67733,0,0.73341,4.4349,2.968,-2.4749,2.6864,-4.864,2.0984,44.874,3.8222,-6.3838,0,0,0,6.7974,6.7609,6.7665,6.7747,-7.4772,-103.26,228.62,-1550.6,-367.11,527.54,45.166
1.59,-1.7308,-1.229,0.80356,-0.040906,0.65945,0,0.75063,4.883,3.001,-2.5272,2.6303,-5.0443,2.0359,44.718,2.7738,-4.075,0,0,0,6.8003,6.7628,6.7678,6.7705,-24.001,-106.16,232.77,-1751.8,-213.33,301.76,45.169
1.6,-1.6797,-1.1988,0.77812,-0.024583,0.64032,0,0.76771,5.3287,3.0234,-2.5563,2.5455,-5.2044,1.9565,44.387,1.7041,-1.736,0,0,0,6.7985,6.7605,6.7654,6.7637,-42.46,-107.53,234.65,-1937,-61.094,75.018,45.147
1.61,-1.6242,-1.1685,0.75251,-0.0088801,0.62,0,0.78455,5.7701,3.0351,-2.5619,2.4387,-5.3501,1.8667,43.863,0.62824,0.61056,0,0,0,6.7904,6.7521,6.7573,6.7525,-62.671,-107.4,234.28,-2101.3,86.692,-150.11,45.087
1.62,-1.5644,-1.1382,0.72696,0.0060927,0.59853,0,0.80108,6.2052,3.036,-2.5442,2.3161,-5.4887,1.7722,43.129,-0.43903,2.9421,0,0,0,6.7741,6.7354,6.7412,6.7347,-84.4,-105.82,231.67,-2239.8,227.1,-371.05,44.976
1.63,-1.5002,-1.1079,0.7017,0.020262,0.57592,0,0.81725,6.6319,3.0264,-2.5032,2.1831,-5.6278,1.678,42.171,-1.4837,5.2366,0,0,0,6.7475,6.7083,6.715,6.708,-107.36,-102.89,226.88,-2347.4,357.22,-585.22,44.798
1.64,-1.4318,-1.0777,0.67697,0.033589,0.55218,0,0.83305,7.0478,3.0065,-2.4396,2.0442,-5.7756,1.5879,40.978,-2.4927,7.4727,0,0,0,6.709,6.669,6.6769,6.6705,-131.23,-98.721,219.99,-2419.3,474.13,-790.03,44.542
1.65,-1.3592,-1.0478,0.65298,0.046059,0.52726,0,0.84846,7.4507,2.9767,-2.354,1.9033,-5.9397,1.5052,39.544,-3.4545,9.6299,0,0,0,6.6572,6.6159,6.6252,6.6205,-155.61,-93.461,211.12,-2450.4,574.9,-982.92,44.198
1.66,-1.2828,-1.0182,0.62996,0.057679,0.50106,0,0.86349,7.8379,2.9376,-2.2473,1.7632,-6.1267,1.4324,37.866,-4.3589,11.689,0,0,0,6.5912,6.5482,6.5592,6.5568,-180.09,-87.286,200.38,-2436.1,656.73,-1161.4,43.759
1.67,-1.2025,-0.98903,0.6081,0.06847,0.47348,0,0.87814,8.2072,2.8897,-2.1206,1.6259,-6.3421,1.3712,35.944,-5.1978,13.632,0,0,0,6.5109,6.4658,6.4787,6.4792,-204.18,-80.392,187.94,-2376.1,718.97,-1324.1,43.224
1.68,-1.1187,-0.96041,0.58761,0.078458,0.44438,0,0.8924,8.556,2.8339,-1.9752,1.4924,-6.5893,1.3225,33.785,-5.965,15.443,0,0,0,6.4168,6.3694,6.3842,6.3879,-227.47,-72.968,173.95,-2274.6,762.94,-1471.3,42.597
1.69,-1.0315,-0.93238,0.56866,0.087673,0.41359,0,0.90623,8.8821,2.7707,-1.8123,1.3629,-6.8703,1.2867,31.399,-6.656,17.106,0,0,0,6.3103,6.2603,6.2772,6.284,-249.55,-65.19,158.57,-2135.8,790.03,-1602.8,41.886
1.7,-0.94116,-0.90502,0.55141,0.096137,0.38093,0,0.91959,9.1833,2.701,-1.6336,1.2369,-7.1847,1.2635,28.799,-7.2681,18.61,0,0,0,6.1934,6.1407,6.1599,6.1695,-270.07,-57.219,141.95,-1963.8,801.65,-1718.6,41.106
1.71,-0.84793,-0.87838,0.53603,0.10386,0.34625,0,0.93238,9.4574,2.6256,-1.4407,1.1135,-7.53,1.2523,26.003,-7.8002,19.942,0,0,0,6.0688,6.0135,6.035,6.0469,-288.73,-49.204,124.25,-1762.9,799.19,-1818.9,40.274
1.72,-0.7521,-0.85252,0.52264,0.11085,0.30938,0,0.94446,9.7027,2.5453,-1.2353,0.99169,-7.9006,1.2522,23.031,-8.2525,21.092,0,0,0,5.9395,5.8822,5.9059,5.9192,-305.25,-41.277,105.62,-1537.2,784.03,-1903.7,39.411
1.73,-0.65398,-0.82749,0.51136,0.1171,0.27021,0,0.95565,9.9175,2.4608,-1.0195,0.87056,-8.2872,1.2616,19.906,-8.6264,22.052,0,0,0,5.8092,5.7505,5.7764,5.79,-319.41,-33.561,86.227,-1291,757.59,-1972.9,38.544
1.74,-0.55386,-0.80332,0.50228,0.12257,0.2287,0,0.96575,10.1,2.373,-0.79496,0.74952,-8.6773,1.2788,16.652,-8.9247,22.814,0,0,0,5.6817,5.6228,5.6506,5.663,-331.02,-26.159,66.216,-1028.4,721.24,-2026.7,37.697
1.75,-0.45208,-0.78004,0.49548,0.12725,0.18487,0,0.97449,10.25,2.2826,-0.56385,0.62856,-9.0542,1.3016,13.295,-9.151,23.374,0,0,0,5.5608,5.5034,5.5325,5.5422,-339.94,-19.164,45.744,-753.74,676.39,-2065,36.898
1.76,-0.34897,-0.75767,0.49102,0.13109,0.13888,0,0.98159,10.366,2.1902,-0.32817,0.50852,-9.3987,1.3272,9.8624,-9.3096,23.728,0,0,0,5.4502,5.3963,5.4261,5.4313,-346.06,-12.655,24.967,-471.09,624.43,-2087.8,36.173
1.77,-0.24487,-0.73624,0.48893,0.13408,0.090987,0,0.98679,10.447,2.0966,-0.089985,0.39128,-9.6902,1.3527,6.383,-9.4059,23.873,0,0,0,5.3536,5.3053,5.3349,5.334,-349.34,-6.6946,4.0388,-184.69,566.75,-2095.3,35.546
1.78,-0.14014,-0.71574,0.48922,0.13618,0.041597,0,0.98981,10.494,2.0023,0.1486,0.27971,-9.909,1.3751,2.8851,-9.4455,23.809,0,0,0,5.2737,5.2331,5.2615,5.2534,-349.76,-1.3341,-16.888,101.24,504.76,-2087.4,35.036
1.79,-0.035115,-0.69619,0.4919,0.13743,-0.0087793,0,0.99047,10.505,1.9078,0.3855,0.17748,-10.04,1.3914,-0.60273,-9.4347,23.536,0,0,0,5.2129,5.1816,5.2077,5.1919,-347.34,3.3908,-37.658,382.52,439.84,-2064.2,34.657
1.8,0.069848,-0.67758,0.49692,0.13784,-0.05955,0,0.98866,10.482,1.8137,0.61863,0.088615,-10.073,1.3991,-4.0524,-9.3799,23.057,0,0,0,5.1724,5.1515,5.1743,5.1508,-342.14,7.4577,-58.12,654.94,373.39,-2025.6,34.415
1.81,0.17441,-0.65991,0.50425,0.1375,-0.11009,0,0.98436,10.424,1.7204,0.84595,0.016866,-10.01,1.3963,-7.4366,-9.2878,22.375,0,0,0,5.1525,5.1423,5.1609,5.1307,-334.28,10.858,-78.12,914.31,306.81,-1971.8,34.311
1.82,0.27822,-0.64317,0.51381,0.13651,-0.15981,0,0.97766,10.333,1.6281,1.0655,-0.034894,-9.8562,1.3819,-10.73,-9.165,21.496,0,0,0,5.1525,5.1523,5.1661,5.1309,-323.91,13.598,-97.505,1156.4,241.49,-1902.7,34.337
1.83,0.38096,-0.62735,0.52553,0.13499,-0.20818,0,0.96873,10.21,1.5371,1.2752,-0.065142,-9.628,1.3557,-13.907,-9.018,20.428,0,0,0,5.1708,5.1792,5.1881,5.1496,-311.22,15.697,-116.12,1377,178.82,-1818.4,34.479
1.84,0.48232,-0.61243,0.53928,0.1331,-0.25479,0,0.95779,10.056,1.4478,1.4734,-0.073906,-9.344,1.3182,-16.947,-8.853,19.177,0,0,0,5.2047,5.2201,5.2241,5.1844,-296.45,17.188,-133.82,1572,120.2,-1718.9,34.722
1.85,0.58198,-0.59839,0.55495,0.13098,-0.29936,0,0.94511,9.8716,1.3601,1.6582,-0.06271,-9.0248,1.2705,-19.83,-8.6761,17.755,0,0,0,5.2515,5.2719,5.2713,5.2321,-279.88,18.119,-150.45,1737.1,67.032,-1604.3,35.045
1.86,0.67966,-0.58522,0.57239,0.12875,-0.34172,0,0.93094,9.6596,1.2743,1.828,-0.034331,-8.6894,1.2143,-22.54,-8.4923,16.172,0,0,0,5.308,5.3314,5.327,5.2896,-261.83,18.551,-165.86,1868.2,20.699,-1474.5,35.427
1.87,0.77508,-0.5729,0.59145,0.12654,-0.38181,0,0.91554,9.4214,1.1903,1.9812,0.0075057,-8.3534,1.1514,-25.063,-8.3064,14.442,0,0,0,5.3711,5.3961,5.3885,5.3537,-242.65,18.56,-179.89,1961.4,-17.511,-1329.7,35.849
1.88,0.86801,-0.5614,0.61196,0.12445,-0.41967,0,0.8991,9.159,1.1081,2.1164,0.058647,-8.0279,1.0838,-27.39,-8.1223,12.579,0,0,0,5.4382,5.4635,5.4536,5.4218,-222.72,18.229,-192.4,2017.2,-47.436,-1171,36.295
1.89,0.95819,-0.55073,0.63372,0.12254,-0.45537,0,0.88183,8.8743,1.0278,2.2324,0.11516,-7.719,1.0132,-29.516,-7.9427,10.599,0,0,0,5.5071,5.532,5.5205,5.4916,-202.42,17.638,-203.27,2038.5,-69.56,-1000.2,36.752
1.9,1.0454,-0.54084,0.65654,0.12086,-0.48902,0,0.86386,8.5694,0.94926,2.328,0.17353,-7.4283,0.94106,-31.438,-7.7701,8.5197,0,0,0,5.5763,5.6004,5.5879,5.5615,-182.06,16.862,-212.37,2028,-84.373,-818.96,37.21
1.91,1.1295,-0.53174,0.68021,0.11944,-0.52072,0,0.84533,8.2462,0.87239,2.4025,0.23065,-7.1542,0.86878,-33.158,-7.6059,6.3582,0,0,0,5.6448,5.668,5.6552,5.6307,-161.95,15.973,-219.62,1988.8,-92.365,-628.98,37.664
1.92,1.2103,-0.52339,0.70451,0.11829,-0.55056,0,0.82637,7.9069,0.79711,2.455,0.28379,-6.8927,0.79756,-34.679,-7.4508,4.1338,0,0,0,5.7121,5.7345,5.7218,5.6985,-142.37,15.036,-224.93,1923.8,-94.027,-431.99,38.112
1.93,1.2876,-0.51579,0.72923,0.11739,-0.57864,0,0.80709,7.5533,0.72334,2.485,0.33052,-6.6384,0.72859,-36.008,-7.3051,1.8662,0,0,0,5.778,5.8,5.7879,5.7648,-123.55,14.112,-228.24,1835.6,-89.849,-229.71,38.551
1.94,1.3613,-0.50892,0.75414,0.11673,-0.60501,0,0.78761,7.1873,0.65098,2.4922,0.36871,-6.3854,0.66314,-37.153,-7.1684,-0.42429,0,0,0,5.8427,5.8645,5.8536,5.83,-105.72,13.257,-229.51,1727.4,-80.322,-23.856,38.985
1.95,1.4313,-0.50276,0.779,0.11627,-0.62972,0,0.76807,6.8108,0.57995,2.4765,0.39644,-6.1275,0.60253,-38.126,-7.0396,-2.7172,0,0,0,5.9065,5.9284,5.9191,5.8942,-89.062,12.522,-228.71,1601.9,-65.936,183.86,39.414
1.96,1.4975,-0.49731,0.80359,0.11596,-0.65278,0,0.74862,6.4253,0.51017,2.4379,0.41206,-5.859,0.54827,-38.939,-6.9174,-4.9916,0,0,0,5.9697,5.9919,5.9849,5.958,-73.731,11.953,-225.84,1462.1,-47.182,391.71,39.841
1.97,1.5598,-0.49256,0.82768,0.11575,-0.67422,0,0.7294,6.0325,0.44159,2.3768,0.41413,-5.5752,0.50197,-39.606,-6.7998,-7.227,0,0,0,6.0326,6.0555,6.0511,6.0216,-59.858,11.591,-220.88,1310.8,-24.549,597.99,40.268
1.98,1.6181,-0.48848,0.85105,0.11558,-0.69403,0,0.71061,5.6336,0.37416,2.2936,0.40149,-5.2721,0.46535,-40.142,-6.6847,-9.4025,0,0,0,6.0955,6.1191,6.1179,6.0853,-47.544,11.473,-213.89,1150.9,1.4706,800.97,40.696
1.99,1.6725,-0.48507,0.87348,0.11535,-0.71222,0,0.69241,5.23,0.30789,2.189,0.37328,-4.9471,0.44019,-40.562,-6.5695,-11.498,0,0,0,6.1584,6.1827,6.1851,6.1492,-36.86,11.63,-204.88,985.27,30.388,998.95,41.126
2,1.7227,-0.48232,0.89477,0.115,-0.72879,0,0.67501,4.8227,0.24279,2.064,0.32898,-4.5987,0.42827,-40.884,-6.4511,-13.494,0,0,0,6.2209,6.246,6.2525,6.213,-27.848,12.089,-193.93,816.85,61.711,1190.2,41.554
2.01,1.7689,-0.48021,0.9147,0.11442,-0.74376,0,0.65858,4.4126,0.17889,1.9196,0.26842,-4.2266,0.43118,-41.125,-6.3266,-15.37,0,0,0,6.2829,6.3086,6.3195,6.2764,-20.523,12.871,-181.11,648.49,94.951,1373,41.979
2.02,1.811,-0.47874,0.9331,0.11352,-0.75713,0,0.64333,4.0004,0.11628,1.757,0.19183,-3.8313,0.45031,-41.3,-6.1926,-17.11,0,0,0,6.3435,6.3699,6.3854,6.3387,-14.869,13.992,-166.5,483.08,129.62,1545.6,42.396
2.03,1.8489,-0.47788,0.94978,0.11221,-0.76892,0,0.62942,3.5868,0.055081,1.5779,0.099852,-3.4138,0.48661,-41.428,-6.0456,-18.695,0,0,0,6.4022,6.4291,6.4493,6.3992,-10.842,15.466,-150.23,323.51,165.22,1706.4,42.799
2.04,1.8827,-0.47763,0.9646,0.11038,-0.77917,0,0.61702,3.172,-0.0045722,1.3837,-0.006467,-2.9758,0.54051,-41.522,-5.8821,-20.109,0,0,0,6.458,6.4853,6.5101,6.4569,-8.3695,17.298,-132.42,172.66,201.26,1853.6,43.184
2.05,1.9123,-0.47797,0.97741,0.10793,-0.78789,0,0.60628,2.7564,-0.062493,1.1763,-0.12565,-2.5193,0.61176,-41.6,-5.6984,-21.339,0,0,0,6.51,6.5379,6.567,6.511,-7.35,19.491,-113.21,33.409,237.26,1985.5,43.543
2.06,1.9378,-0.47887,0.98809,0.10477,-0.79511,0,0.59734,2.34,-0.11846,0.95759,-0.25578,-2.0462,0.69935,-41.674,-5.4911,-22.37,0,0,0,6.5574,6.5859,6.6189,6.5605,-7.653,22.042,-92.769,-91.348,272.73,2100.3,43.871
2.07,1.9591,-0.48033,0.99654,0.10081,-0.80085,0,0.59032,1.9229,-0.17222,0.72961,-0.39456,-1.5587,0.80146,-41.757,-5.2564,-23.19,0,0,0,6.5995,6.6288,6.6649,6.6046,-9.1191,24.942,-71.269,-198.73,307.16,2196.4,44.163
2.08,1.9763,-0.48231,1.0027,0.095999,-0.80512,0,0.58529,1.5048,-0.22349,0.49451,-0.53926,-1.0587,0.91546,-41.859,-4.9911,-23.792,0,0,0,6.6359,6.6662,6.7043,6.6428,-11.56,28.18,-48.909,-285.85,340.08,2272,44.415
2.09,1.9892,-0.48479,1.0064,0.090273,-0.80793,0,0.58233,1.0856,-0.27193,0.25453,-0.68682,-0.54888,1.038,-41.99,-4.6918,-24.167,0,0,0,6.6661,6.6977,6.7368,6.6746,-14.759,31.737,-25.903,-349.83,371,2325.5,44.625
2.1,1.998,-0.48774,1.0077,0.083607,-0.80925,0,0.58148,0.66489,-0.3172,0.011959,-0.83388,-0.031889,1.1651,-42.156,-4.3554,-24.309,0,0,0,6.6903,6.7233,6.7623,6.7,-18.47,35.592,-2.4797,-387.78,399.41,2355,44.793
2.11,2.0025,-0.49112,1.0066,0.075998,-0.80908,0,0.58277,0.24234,-0.35891,-0.23086,-0.97691,0.48879,1.2925,-42.361,-3.979,-24.216,0,0,0,6.7088,6.7435,6.7808,6.7194,-22.418,39.715,21.112,-396.81,424.84,2359,44.921
2.12,2.0028,-0.4949,1.0031,0.067468,-0.80737,0,0.58617,-0.18245,-0.39664,-0.47157,-1.1124,1.0088,1.416,-42.604,-3.5603,-23.887,0,0,0,6.7221,6.7585,6.7931,6.7334,-26.3,44.077,44.609,-374.05,446.79,2335.6,45.012
2.13,1.9989,-0.49904,0.99723,0.058066,-0.80411,0,0.59164,-0.60987,-0.42996,-0.70782,-1.2368,1.5227,1.5315,-42.885,-3.0968,-23.325,0,0,0,6.7312,6.7692,6.7998,6.7429,-29.783,48.638,67.727,-316.6,464.77,2283.2,45.072
2.14,1.9906,-0.50348,0.989,0.047864,-0.79924,0,0.5991,-1.0403,-0.45842,-0.9373,-1.3472,2.0239,1.6356,-43.198,-2.587,-22.534,0,0,0,6.7371,6.7765,6.8022,6.749,-32.509,53.357,90.17,-222.5,478.33,2200.5,45.108
2.15,1.978,-0.50819,0.97852,0.036956,-0.79276,0,0.60841,-1.4739,-0.48154,-1.1578,-1.4415,2.5052,1.7261,-43.532,-2.0293,-21.524,0,0,0,6.7409,6.7811,6.8015,6.7528,-34.122,58.189,111.64,-94.85,487.25,2089.5,45.127
2.16,1.9611,-0.5131,0.96588,0.025447,-0.78464,0,0.61943,-1.9109,-0.49884,-1.3671,-1.5183,2.9601,1.8017,-43.875,-1.423,-20.306,0,0,0,6.7435,6.784,6.7989,6.7554,-34.31,63.086,131.88,61.554,491.38,1953,45.136
2.17,1.9398,-0.51814,0.95122,0.013452,-0.77489,0,0.63196,-2.3514,-0.50984,-1.5632,-1.5777,3.3825,1.8625,-44.212,-0.76753,-18.892,0,0,0,6.7459,6.7862,6.7957,6.7579,-32.811,68,150.63,241.9,490.57,1793.8,45.143
2.18,1.9141,-0.52327,0.93467,0.0010816,-0.76352,0,0.64578,-2.7951,-0.51403,-1.7443,-1.6204,3.7678,1.9095,-44.525,-0.063074,-17.299,0,0,0,6.7488,6.7882,6.7928,6.7609,-29.408,72.881,167.69,441.38,484.69,1614.9,45.151
2.19,1.8839,-0.5284,0.91639,-0.011559,-0.75059,0,0.66067,-3.2417,-0.51094,-1.9087,-1.6483,4.1127,1.9447,-44.794,0.68981,-15.544,0,0,0,6.7526,6.7905,6.791,6.7648,-23.935,77.677,182.87,655.19,473.58,1419,45.165
2.2,1.8492,-0.53346,0.89655,-0.024377,-0.73615,0,0.67638,-3.6908,-0.50008,-2.0547,-1.664,4.4157,1.9702,-44.997,1.49,-13.648,0,0,0,6.7573,6.7933,6.7905,6.7698,-16.273,82.334,196.02,878.51,457.09,1209.1,45.185
2.21,1.8101,-0.53837,0.87536,-0.037295,-0.72027,0,0.69269,-4.1414,-0.48099,-2.1812,-1.6705,4.6776,1.9889,-45.112,2.3359,-11.631,0,0,0,6.7625,6.7963,6.7911,6.7754,-6.3495,86.8,207.01,1106.5,435.09,988.05,45.209
2.22,1.7664,-0.54305,0.853,-0.050257,-0.70303,0,0.70938,-4.5926,-0.45322,-2.287,-1.6711,4.9014,2.0034,-45.116,3.2252,-9.5155,0,0,0,6.7674,6.7989,6.7923,6.7807,5.8577,91.017,215.75,1334.5,407.42,758.65,45.232
2.23,1.7182,-0.54741,0.82969,-0.063225,-0.68452,0,0.72625,-5.0432,-0.41635,-2.3713,-1.6692,5.0918,2.0166,-44.987,4.1552,-7.3239,0,0,0,6.7706,6.7999,6.7929,6.7845,20.324,94.929,222.17,1557.5,373.93,523.8,45.246
2.24,1.6656,-0.55135,0.80565,-0.076181,-0.6648,0,0.74313,-5.4918,-0.36999,-2.4333,-1.668,5.2558,2.031,-44.702,5.1225,-5.08,0,0,0,6.7706,6.7982,6.7914,6.7852,36.975,98.476,226.22,1770.8,334.49,286.36,45.242
2.25,1.6084,-0.55478,0.7811,-0.089126,-0.64393,0,0.75988,-5.9367,-0.31378,-2.4728,-1.6703,5.4016,2.049,-44.24,6.1233,-2.8074,0,0,0,6.7656,6.7918,6.786,6.781,55.691,101.6,227.9,1969.6,288.95,49.199,45.207
2.26,1.5468,-0.55759,0.75627,-0.10207,-0.62193,0,0.77639,-6.376,-0.24743,-2.4895,-1.6782,5.5383,2.0725,-43.582,7.1529,-0.52994,0,0,0,6.7535,6.7791,6.7748,6.7699,76.302,104.23,227.21,2149,237.15,-184.82,45.129
2.27,1.4809,-0.55969,0.73138,-0.11506,-0.59881,0,0.79259,-6.8076,-0.17065,-2.4835,-1.6935,5.6757,2.1033,-42.709,8.2061,1.7291,0,0,0,6.7323,6.7582,6.7558,6.75,98.591,106.32,224.22,2304.3,178.95,-412.82,44.994
2.28,1.4107,-0.56097,0.70667,-0.1281,-0.57451,0,0.80841,-7.2294,-0.083243,-2.455,-1.7168,5.8236,2.1429,-41.605,9.2772,3.947,0,0,0,6.7004,6.7275,6.7272,6.7195,122.29,107.79,218.99,2430.7,114.21,-631.96,44.791
2.29,1.3364,-0.56132,0.68235,-0.14126,-0.54895,0,0.82383,-7.6389,0.014935,-2.4047,-1.7481,5.9915,2.1921,-40.259,10.36,6.1018,0,0,0,6.6562,6.6856,6.6873,6.6773,147.09,108.58,211.62,2523.3,42.785,-839.35,44.511
2.3,1.258,-0.56063,0.65865,-0.15455,-0.522,0,0.83883,-8.0337,0.12397,-2.3333,-1.7861,6.1883,2.2516,-38.661,11.446,8.1727,0,0,0,6.599,6.6317,6.6353,6.6223,172.63,108.62,202.25,2577.3,-35.481,-1032.1,44.147
2.31,1.1758,-0.5588,0.63576,-0.168,-0.4935,0,0.85337,-8.4113,0.24385,-2.2416,-1.8284,6.4213,2.3215,-36.806,12.529,10.141,0,0,0,6.5284,6.5656,6.5704,6.5544,198.49,107.85,191.04,2588,-120.73,-1207.5,43.698
2.32,1.0898,-0.55572,0.61388,-0.1816,-0.46323,0,0.86743,-8.769,0.37451,-2.1309,-1.8712,6.6958,2.4011,-34.692,13.6,11.988,0,0,0,6.4453,6.4879,6.4932,6.4744,224.23,106.19,178.17,2550.4,-213.11,-1362.4,43.168
2.33,1.0004,-0.55128,0.5932,-0.19533,-0.43098,0,0.88097,-9.1043,0.51579,-2.0023,-1.9086,7.0143,2.4889,-32.323,14.65,13.699,0,0,0,6.3511,6.4002,6.4047,6.384,249.33,103.56,163.86,2460.7,-312.6,-1494.5,42.567
2.34,0.90783,-0.54537,0.57389,-0.20911,-0.3965,0,0.8939,-9.4146,0.66741,-1.8574,-1.9334,7.3748,2.5828,-29.709,15.668,15.261,0,0,0,6.2487,6.3049,6.307,6.2858,273.28,99.915,148.35,2321.1,-417.9,-1603.5,41.911
2.35,0.81225,-0.5379,0.5561,-0.2228,-0.35959,0,0.90612,-9.6977,0.82901,-1.6976,-1.9373,7.7711,2.6796,-26.863,16.645,16.663,0,0,0,6.1417,6.2051,6.2033,6.1835,295.6,95.192,131.87,2137.3,-527.04,-1690.4,41.223
2.36,0.71398,-0.52876,0.53998,-0.23623,-0.32007,0,0.91747,-9.9512,1.0001,-1.5247,-1.9117,8.1914,2.776,-23.804,17.568,17.896,0,0,0,6.0346,6.1049,6.0974,6.0813,315.89,89.367,114.62,1914.7,-638.07,-1756.2,40.53
2.37,0.61333,-0.51786,0.52564,-0.24914,-0.27786,0,0.92775,-10.173,1.1802,-1.3403,-1.8477,8.6185,2.8678,-20.553,18.428,18.953,0,0,0,5.9324,6.0086,5.9936,5.984,333.79,82.431,96.811,1658.9,-749.01,-1801.8,39.864
2.38,0.51063,-0.50513,0.51321,-0.26123,-0.233,0,0.93673,-10.362,1.3684,-1.1462,-1.7381,9.0293,2.9504,-17.137,19.213,19.831,0,0,0,5.8406,5.9208,5.8968,5.8968,348.98,74.394,78.644,1375.6,-857.91,-1828.4,39.258
2.39,0.40621,-0.49047,0.50275,-0.27218,-0.18566,0,0.94417,-10.515,1.5641,-0.94428,-1.5777,9.3967,3.019,-13.583,19.913,20.526,0,0,0,5.7643,5.8459,5.8118,5.8243,361.22,65.286,60.304,1070.2,-962.81,-1836.8,38.744
2.4,0.30044,-0.47382,0.49434,-0.28162,-0.13621,0,0.94981,-10.633,1.7664,-0.73631,-1.3656,9.6918,3.0694,-9.9229,20.516,21.037,0,0,0,5.7081,5.7878,5.7433,5.7705,370.33,55.158,41.965,748.34,-1061.7,-1828.2,38.35
2.41,0.19368,-0.45512,0.48803,-0.28922,-0.085169,0,0.95347,-10.714,1.9741,-0.52415,-1.1053,9.8883,3.0982,-6.1877,21.013,21.366,0,0,0,5.6754,5.7499,5.6954,5.7386,376.16,44.078,23.794,415.57,-1152.7,-1803.4,38.099
2.42,0.086293,-0.43433,0.48386,-0.29471,-0.033212,0,0.95501,-10.757,2.1862,-0.3096,-0.80558,9.9665,3.1037,-2.411,21.394,21.514,0,0,0,5.6682,5.7343,5.6714,5.7303,378.62,32.136,5.9476,77.465,-1233.9,-1763.5,38.007
2.43,-0.021331,-0.41139,0.48184,-0.2979,0.018896,0,0.95441,-10.762,2.4016,-0.094454,-0.47892,9.9171,3.0859,1.3734,21.653,21.486,0,0,0,5.6866,5.7419,5.6728,5.7458,377.71,19.44,-11.429,-260.42,-1303.1,-1709.5,38.078
2.44,-0.12882,-0.38629,0.48197,-0.29869,0.070376,0,0.95175,-10.729,2.6189,0.11955,-0.13993,9.7432,3.0474,5.1319,21.781,21.287,0,0,0,5.7292,5.7724,5.6998,5.784,373.43,6.1197,-28.199,-592.53,-1358.6,-1642.4,38.309
2.45,-0.23579,-0.35901,0.48423,-0.29711,0.12051,0,0.94721,-10.659,2.8368,0.33075,0.1971,9.4589,2.9921,8.8312,21.774,20.925,0,0,0,5.7932,5.8242,5.7507,5.8427,365.89,-7.6782,-44.236,-913.29,-1398.2,-1563.1,38.685
2.46,-0.34188,-0.32955,0.48857,-0.29327,0.16869,0,0.94103,-10.553,3.0539,0.53753,0.52027,9.0866,2.9251,12.439,21.626,20.406,0,0,0,5.8743,5.8942,5.8223,5.9183,355.22,-21.786,-59.424,-1217.1,-1420.2,-1472.8,39.182
2.47,-0.44673,-0.29794,0.49496,-0.28735,0.21447,0,0.93351,-10.411,3.2688,0.73837,0.82114,8.6524,2.852,15.926,21.338,19.739,0,0,0,5.9682,5.9785,5.9102,6.0068,341.62,-36.016,-73.658,-1498.5,-1422.4,-1372.3,39.773
2.48,-0.54999,-0.26419,0.50331,-0.27956,0.25758,0,0.92493,-10.235,3.4801,0.93186,1.095,8.1823,2.7781,19.263,20.906,18.936,0,0,0,6.0699,6.0727,6.0092,6.1039,325.35,-50.161,-86.84,-1751.8,-1402.9,-1262.7,40.426
2.49,-0.65132,-0.22835,0.51357,-0.27014,0.2979,0,0.91558,-10.026,3.6865,1.1167,1.3404,7.6992,2.7077,22.425,20.335,18.006,0,0,0,6.1747,6.1719,6.1141,6.2048,306.7,-63.996,-98.885,-1971.6,-1359.9,-1145,41.109
2.5,-0.75041,-0.19048,0.52562,-0.25929,0.33541,0,0.90569,-9.7871,3.8864,1.2916,1.5579,7.2213,2.6443,25.39,19.628,16.962,0,0,0,6.2781,6.2716,6.2197,6.3053,286.05,-77.274,-109.72,-2152.2,-1291.2,-1020.2,41.791
2.51,-0.84697,-0.15065,0.53936,-0.24722,0.3702,0,0.89545,-9.5192,4.0786,1.4556,1.7491,6.7616,2.5899,28.141,18.793,15.816,0,0,0,6.3765,6.3676,6.3216,6.4013,263.81,-89.729,-119.27,-2288,-1195.1,-889.23,42.445
2.52,-0.94071,-0.10894,0.55469,-0.2341,0.40241,0,0.88502,-9.225,4.2619,1.6076,1.9159,6.3284,2.5451,30.663,17.838,14.581,0,0,0,6.4669,6.4564,6.416,6.4896,240.45,-101.08,-127.48,-2373.6,-1069.4,-753.15,43.048
2.53,-1.0314,-0.065447,0.57147,-0.22007,0.43222,0,0.8745,-8.9068,4.435,1.7469,2.0594,5.9258,2.5091,32.948,16.776,13.271,0,0,0,6.5469,6.5355,6.5002,6.5677,216.51,-111.02,-134.32,-2407.7,-915.07,-612.93,43.584
2.54,-1.1188,-0.020277,0.58958,-0.20529,0.45981,0,0.86396,-8.5669,4.5971,1.8728,2.18,5.5542,2.48,34.992,15.623,11.9,0,0,0,6.6156,6.6033,6.5723,6.634,192.46,-119.3,-139.73,-2394.8,-736.73,-469.57,44.042
2.55,-1.2027,0.026455,0.60888,-0.18988,0.48535,0,0.85345,-8.2077,4.7472,1.9848,2.2774,5.211,2.4545,36.798,14.396,10.481,0,0,0,6.6723,6.6589,6.6317,6.6878,168.75,-125.69,-143.7,-2340,-539.34,-324.04,44.418
2.56,-1.2829,0.074626,0.62923,-0.17399,0.50899,0,0.843,-7.8317,4.8848,2.0824,2.3505,4.8924,2.429,38.37,13.116,9.0306,0,0,0,6.7173,6.7024,6.6782,6.7289,145.78,-130.04,-146.21,-2248.3,-327.87,-177.32,44.711
2.57,-1.3592,0.12411,0.65048,-0.15775,0.53086,0,0.83265,-7.4411,5.0094,2.1653,2.3974,4.5937,2.3988,39.717,11.803,7.5621,0,0,0,6.7513,6.7343,6.7124,6.758,123.89,-132.22,-147.25,-2124.9,-107.29,-30.402,44.927
2.58,-1.4316,0.17477,0.67249,-0.14135,0.55106,0,0.82241,-7.038,5.1208,2.2336,2.4152,4.31,2.3591,40.852,10.479,6.0905,0,0,0,6.7754,6.7557,6.7355,6.776,103.37,-132.17,-146.82,-1974.7,117.45,115.74,45.071
2.59,-1.5,0.22648,0.6951,-0.12496,0.56967,0,0.81232,-6.6247,5.219,2.2872,2.4011,4.0368,2.3048,41.79,9.1666,4.6305,0,0,0,6.7911,6.768,6.7488,6.7843,84.467,-129.87,-144.94,-1802.8,341.36,260.12,45.154
2.6,-1.5641,0.27911,0.71818,-0.10879,0.58675,0,0.80243,-6.2028,5.3043,2.3263,2.3519,3.7701,2.2309,42.547,7.8886,3.1965,0,0,0,6.7996,6.7727,6.754,6.7841,67.371,-125.36,-141.63,-1614.3,559.49,401.75,45.184
2.61,-1.624,0.33252,0.74158,-0.093076,0.60236,0,0.79278,-5.7743,5.377,2.3513,2.2649,3.5066,2.1326,43.144,6.6665,1.8026,0,0,0,6.8026,6.7714,6.7525,6.7773,52.221,-118.72,-136.92,-1414.2,766.88,539.67,45.173
2.62,-1.6796,0.38661,0.76516,-0.078074,0.61655,0,0.78344,-5.3404,5.4379,2.3625,2.1381,3.2435,2.0058,43.599,5.5209,0.46271,0,0,0,6.8014,6.7656,6.7461,6.7655,39.108,-110.08,-130.85,-1207.6,958.55,672.87,45.131
2.63,-1.7308,0.44124,0.78879,-0.064049,0.62935,0,0.77448,-4.9027,5.4877,2.3607,1.9707,2.9786,1.8477,43.933,4.4711,-0.80999,0,0,0,6.7972,6.7567,6.7362,6.7502,28.073,-99.617,-123.48,-999.61,1129.5,800.38,45.067
2.64,-1.7776,0.49633,0.81234,-0.051273,0.64081,0,0.76598,-4.4621,5.5277,2.3466,1.7636,2.7102,1.6568,44.167,3.5339,-2.0027,0,0,0,6.791,6.7459,6.7242,6.733,19.104,-87.571,-114.86,-795.2,1274.9,921.23,44.99
2.65,-1.82,0.55177,0.83568,-0.040009,0.65097,0,0.75805,-4.0196,5.5588,2.321,1.5196,2.4366,1.4335,44.322,2.724,-3.1034,0,0,0,6.7838,6.7344,6.7113,6.7155,12.14,-74.221,-105.08,-599.47,1389.6,1034.4,44.908
2.66,-1.858,0.60748,0.85872,-0.030496,0.65987,0,0.75076,-3.5759,5.5826,2.2849,1.2438,2.1563,1.1808,44.416,2.0527,-4.1006,0,0,0,6.7763,6.723,6.6986,6.6991,7.0689,-59.897,-94.204,-417.47,1468.8,1139,44.828
2.67,-1.8916,0.6634,0.88135,-0.022937,0.66753,0,0.74423,-3.1314,5.6004,2.2394,0.94372,1.8676,0.90403,44.469,1.528,-4.9841,0,0,0,6.7688,6.7124,6.6871,6.685,3.7281,-44.981,-82.331,-254.26,1507.4,1233.9,44.756
2.68,-1.9206,0.71947,0.90348,-0.017475,0.67398,0,0.73854,-2.6866,5.6137,2.1856,0.62943,1.569,0.61153,44.496,1.1537,-5.7443,0,0,0,6.7619,6.7034,6.6776,6.6746,1.9043,-29.902,-69.561,-114.89,1500.5,1318.2,44.696
2.69,-1.9453,0.77566,0.92504,-0.014175,0.67923,0,0.73379,-2.2416,5.6239,2.1249,0.3134,1.2591,0.31442,44.511,0.92893,-6.3727,0,0,0,6.7557,6.6963,6.671,6.6688,1.3339,-15.14,-56.005,-4.4289,1443.1,1391,44.653
2.7,-1.9655,0.83195,0.94596,-0.013014,0.68326,0,0.73006,-1.7964,5.6327,2.0586,0.010326,0.937,0.026367,44.526,0.84805,-6.8622,0,0,0,6.7504,6.6918,6.668,6.6684,1.7025,-1.2249,-41.783,72.067,1330.3,1451.2,44.631
2.71,-1.9812,0.88832,0.9662,-0.013856,0.68606,0,0.72741,-1.351,5.6414,1.9881,-0.26336,0.60307,-0.2369,44.547,0.89969,-7.2066,0,0,0,6.7461,6.69,6.6689,6.6741,2.6452,11.264,-27.027,109.54,1157,1497.8,44.632
2.72,-1.9925,0.94478,0.98571,-0.01645,0.6876,0,0.7259,-0.9054,5.6511,1.915,-0.49007,0.25903,-0.45835,44.579,1.0665,-7.4014,0,0,0,6.7427,6.6913,6.6742,6.6858,3.7464,21.698,-11.875,102.93,918.43,1529.9,44.657
2.73,-1.9993,1.0013,1.0045,-0.020418,0.68786,0,0.72556,-0.4594,5.663,1.8406,-0.65189,-0.091629,-0.6206,44.621,1.3245,-7.4433,0,0,0,6.7397,6.6953,6.6835,6.7033,4.5401,29.398,3.5206,47.186,609.48,1546.5,44.703
2.74,-2.0017,1.058,1.0225,-0.025262,0.68681,0,0.7264,-0.012962,5.6778,1.7666,-0.73162,-0.44385,-0.70718,44.667,1.6429,-7.3307,0,0,0,6.7366,6.7015,6.6962,6.7252,4.5169,33.649,18.999,-59.911,229.93,1546.1,44.766
2.75,-1.9996,1.1149,1.0398,-0.030373,0.68446,0,0.72842,0.43392,5.6959,1.6945,-0.71597,-0.79134,-0.70576,44.707,1.9839,-7.0636,0,0,0,6.7328,6.7087,6.7105,6.749,3.1975,33.817,34.373,-210.32,-203.58,1524.9,44.835
2.76,-1.993,1.172,1.0564,-0.035076,0.68085,0,0.73159,0.88111,5.7174,1.6259,-0.59798,-1.1275,-0.61056,44.725,2.3042,-6.6443,0,0,0,6.727,6.7148,6.7242,6.7717,0.20065,29.465,49.414,-393.69,-670.59,1478.9,44.896
2.77,-1.982,1.2293,1.0724,-0.038672,0.67602,0,0.73587,1.3283,5.7418,1.5621,-0.37645,-1.4467,-0.42186,44.704,2.5573,-6.0774,0,0,0,6.7177,6.7176,6.7342,6.79,-4.7516,20.361,63.854,-599.68,-1150.7,1403.9,44.933
2.78,-1.9664,1.2868,1.0877,-0.040475,0.67006,0,0.7412,1.775,5.7682,1.5048,-0.054633,-1.7457,-0.14472,44.623,2.6954,-5.3703,0,0,0,6.7027,6.714,6.7373,6.8005,-11.834,6.4766,77.382,-817.94,-1623.3,1295.8,44.924
2.79,-1.9465,1.3446,1.1025,-0.03984,0.66305,0,0.74752,2.2205,5.7951,1.4552,0.36116,-2.024,0.21248,44.46,2.6715,-4.5339,0,0,0,6.6796,6.701,6.7303,6.8001,-21.117,-12.013,89.647,-1038.1,-2068.2,1150.6,44.852
2.8,-1.922,1.4027,1.1168,-0.036181,0.65503,0,0.75473,2.6639,5.8209,1.4145,0.86286,-2.2844,0.63937,44.194,2.4411,-3.5829,0,0,0,6.6461,6.6756,6.7101,6.7861,-32.568,-34.726,100.26,-1249.9,-2464.7,964.1,44.697
2.81,-1.8932,1.461,1.1308,-0.028979,0.64604,0,0.76276,3.1039,5.8431,1.3838,1.4413,-2.5319,1.1246,43.802,1.9648,-2.5358,0,0,0,6.6005,6.6357,6.6745,6.7564,-46.053,-61.078,108.78,-1442.9,-2792.5,732.17,44.445
2.82,-1.86,1.5196,1.1445,-0.017787,0.63602,0,0.77146,3.5394,5.8593,1.364,2.0863,-2.773,1.6561,43.267,1.21,-1.4158,0,0,0,6.5418,6.5799,6.6222,6.7098,-61.33,-90.28,114.73,-1606.8,-3031.1,450.7,44.089
2.83,-1.8224,1.5782,1.1581,-0.0022459,0.62489,0,0.78071,3.9687,5.8663,1.3557,2.7854,-3.0142,2.2208,42.571,0.153,-0.25131,0,0,0,6.4703,6.5083,6.5533,6.6462,-78.058,-121.34,117.61,-1731.3,-3160.1,115.59,43.63
2.84,-1.7806,1.6368,1.1717,0.017902,0.61248,0,0.79029,4.3903,5.8613,1.359,3.5226,-3.2592,2.8038,41.702,-1.2189,0.92429,0,0,0,6.3881,6.4228,6.4695,6.5664,-95.79,-153.05,116.85,-1806,-3159,-277.29,43.078
2.85,-1.7346,1.6954,1.1853,0.042779,0.59856,0,0.79994,4.8022,5.8409,1.374,4.2758,-3.5063,3.3869,40.653,-2.9055,2.0717,0,0,0,6.2983,6.3266,6.3742,6.4726,-113.98,-184.01,111.86,-1820.5,-3007.3,-732.04,42.453
2.86,-1.6846,1.7536,1.1992,0.072324,0.58291,0,0.80931,5.2027,5.8022,1.4002,5.0167,-3.7448,3.9479,39.423,-4.8914,3.1453,0,0,0,6.2055,6.2247,6.272,6.368,-131.98,-212.66,102.01,-1769.1,-2695.9,-1245.6,41.784
2.87,-1.6306,1.8113,1.2134,0.10627,0.56535,0,0.81798,5.5901,5.7422,1.4365,5.7159,-3.9573,4.4646,38.017,-7.1459,4.0941,0,0,0,6.1136,6.1226,6.1683,6.2579,-149.16,-237.48,86.836,-1659.2,-2249.5,-1793.1,41.104
2.88,-1.5729,1.8684,1.228,0.14413,0.54578,0,0.82544,5.9625,5.6585,1.4815,6.3497,-4.123,4.9184,36.444,-9.6244,4.8636,0,0,0,6.0268,6.0257,6.0684,6.1479,-165,-257.3,66.133,-1501.2,-1699,-2346,40.448
2.89,-1.5114,1.9244,1.243,0.18529,0.52426,0,0.83115,6.3185,5.5491,1.533,6.9038,-4.2211,5.2957,34.723,-12.272,5.3986,0,0,0,5.9477,5.9384,5.9763,6.0433,-179.06,-271.22,39.995,-1305.2,-1075.5,-2875.2,39.843
2.9,-1.4466,1.9793,1.2586,0.22903,0.50098,0,0.83461,6.6565,5.4127,1.5885,7.3752,-4.2344,5.589,32.87,-15.027,5.6466,0,0,0,5.878,5.8635,5.8946,5.9483,-191.01,-278.67,8.8028,-1081.2,-409.89,-3352.1,39.307
2.91,-1.3784,2.0326,1.2748,0.27461,0.47625,0,0.83533,6.9755,5.2485,1.6448,7.7739,-4.1543,5.7979,30.91,-17.823,5.56,0,0,0,5.8179,5.8015,5.824,5.8659,-200.63,-279.38,-26.777,-839.49,266.77,-3747.9,38.849
2.92,-1.3071,2.0841,1.2915,0.32138,0.4505,0,0.83293,7.2744,5.0563,1.6985,8.1195,-3.9838,5.9287,28.866,-20.592,5.0996,0,0,0,5.7665,5.7513,5.7636,5.797,-207.78,-273.4,-65.79,-590.2,923.48,-4033.8,38.464
2.93,-1.233,2.1336,1.3088,0.36879,0.42415,0,0.82709,7.5526,4.8369,1.7455,8.4363,-3.7388,5.9934,26.763,-23.27,4.2369,0,0,0,5.7226,5.7104,5.7119,5.7414,-212.44,-261.08,-106.99,-343.49,1529.3,-4181,38.144
2.94,-1.1561,2.1808,1.3264,0.41646,0.39758,0,0.81761,7.8096,4.5914,1.7818,8.7447,-3.4465,6.0078,24.625,-25.795,2.9575,0,0,0,5.6855,5.6757,5.6677,5.6977,-214.69,-243.09,-148.85,-109.5,2053.1,-4160.6,37.878
2.95,-1.0768,2.2254,1.3443,0.46409,0.371,0,0.80435,8.0451,4.3217,1.8033,9.0523,-3.143,5.9888,22.477,-28.116,1.2637,0,0,0,5.6556,5.6451,5.6306,5.6645,-214.71,-220.4,-189.55,101.61,2464,-3943.9,37.66
2.96,-0.9953,2.2671,1.3624,0.5114,0.34449,0,0.78728,8.2591,4.0299,1.8058,9.3452,-2.8699,5.9534,20.338,-30.192,-0.82258,0,0,0,5.6354,5.6176,5.6027,5.6412,-212.77,-194.29,-226.98,279.68,2731,-3502.1,37.495
2.97,-0.91172,2.3059,1.3804,0.55803,0.31788,0,0.76652,8.4519,3.7188,1.7856,9.5817,-2.67,5.9173,18.226,-31.996,-3.2571,0,0,0,5.6291,5.5947,5.5881,5.6285,-209.25,-166.33,-258.78,416.91,2833.4,-2821,37.401
2.98,-0.82633,2.3415,1.398,0.60343,0.29088,0,0.74247,8.6238,3.391,1.7397,9.6961,-2.5747,5.8912,16.157,-33.517,-5.972,0,0,0,5.6415,5.5812,5.5923,5.6281,-204.56,-138.11,-282.73,514.36,2789.8,-1940.6,37.405
2.99,-0.73932,2.3737,1.4151,0.64687,0.26309,0,0.71578,8.7752,3.0494,1.6656,9.6167,-2.5943,5.8792,14.138,-34.761,-8.8797,0,0,0,5.6762,5.5835,5.6201,5.6427,-199.08,-110.93,-297.11,575.16,2627.9,-914.05,37.538
3,-0.65089,2.4024,1.4312,0.68742,0.23418,0,0.68747,8.9068,2.6966,1.5618,9.2847,-2.7184,5.881,12.176,-35.743,-11.878,0,0,0,5.7342,5.6068,5.6739,5.6752,-193.17,-85.85,-300.7,602.45,2375.5,205.68,37.817
3.01,-0.56124,2.4276,1.4462,0.72418,0.20392,0,0.65878,9.019,2.3353,1.4281,8.6709,-2.9204,5.8944,10.275,-36.488,-14.856,0,0,0,5.8129,5.6536,5.7523,5.7262,-187.14,-63.63,-292.86,599.36,2060.2,1365.6,38.242
3.02,-0.47057,2.4491,1.4597,0.75633,0.17226,0,0.6311,9.1125,1.9676,1.2651,7.7816,-3.1643,5.9161,8.433,-37.027,-17.697,0,0,0,5.9066,5.7221,5.8496,5.7933,-181.27,-44.763,-273.44,569.02,1709.7,2512.6,38.786
3.03,-0.37906,2.4669,1.4714,0.78333,0.13926,0,0.60581,9.1878,1.5953,1.075,6.653,-3.413,5.9424,6.6479,-37.395,-20.287,0,0,0,6.0067,5.8061,5.9569,5.8707,-175.84,-29.461,-242.83,514.58,1351.8,3593.8,39.401
3.04,-0.28687,2.481,1.4811,0.80485,0.10511,0,0.5841,9.2456,1.2201,0.8606,5.3375,-3.6347,5.9689,4.9141,-37.628,-22.519,0,0,0,6.1033,5.896,6.0634,5.9493,-171.05,-17.66,-201.96,439.17,1014.2,4556.1,40.02
3.05,-0.1942,2.4913,1.4886,0.82077,0.070082,0,0.56695,9.2862,0.8431,0.62611,3.8897,-3.8058,5.9905,3.224,-37.759,-24.297,0,0,0,6.1864,5.9803,6.1577,6.0187,-167.11,-9.0176,-152.28,345.92,724.53,5346.6,40.572
3.06,-0.10121,2.4979,1.4936,0.83111,0.034471,0,0.55503,9.3102,0.46517,0.37645,2.358,-3.9106,6.0023,1.5685,-37.817,-25.542,0,0,0,6.2466,6.0483,6.2297,6.0692,-164.18,-2.9166,-95.774,237.96,510.59,5912.1,40.99
3.07,-0.0080525,2.5006,1.4961,0.83595,-0.0014017,0,0.5488,9.3177,0.08694,0.11724,0.78381,-3.9409,6.0009,-0.063421,-37.823,-26.198,0,0,0,6.2766,6.0912,6.2718,6.0934,-162.39,1.5391,-34.961,118.44,400.07,6199.8,41.222
3.08,0.085094,2.4996,1.4959,0.83536,-0.037217,0,0.54845,9.309,-0.29114,-0.14545,-0.79438,-3.895,5.9865,-1.6835,-37.787,-26.237,0,0,0,6.2721,6.1037,6.2798,6.0879,-161.84,5.5067,27.147,-9.1763,413.98,6169.3,41.239
3.09,0.17807,2.4948,1.4932,0.82938,-0.07268,0,0.55394,9.284,-0.66867,-0.40544,-2.3423,-3.7781,5.964,-3.3046,-37.71,-25.661,0,0,0,6.2332,6.0844,6.2538,6.0529,-162.59,10.188,87.451,-139.63,538.59,5846.7,41.04
3.1,0.27072,2.4862,1.4879,0.81804,-0.10753,0,0.56501,9.2428,-1.0452,-0.65672,-3.8325,-3.5995,5.9409,-4.9396,-37.578,-24.503,0,0,0,6.1641,6.0365,6.1977,5.9921,-164.62,16.564,143.26,-267.09,748.92,5279.2,40.651
3.11,0.36287,2.4739,1.4801,0.80133,-0.14155,0,0.58124,9.1851,-1.42,-0.89373,-5.2366,-3.3718,5.9239,-6.6012,-37.371,-22.818,0,0,0,6.0721,5.9673,6.1182,5.9131,-167.9,25.369,192.38,-385.75,1020,4514.4,40.118
3.12,0.45437,2.4578,1.47,0.77923,-0.17454,0,0.60195,9.1107,-1.7922,-1.1116,-6.5191,-3.1112,5.9177,-8.3013,-37.061,-20.683,0,0,0,5.967,5.8869,6.024,5.8257,-172.29,37.084,233.05,-489.76,1326.9,3599.6,39.506
3.13,0.54503,2.4381,1.4579,0.7518,-0.20634,0,0.62627,9.019,-2.1608,-1.3062,-7.6365,-2.8385,5.9234,-10.05,-36.618,-18.189,0,0,0,5.8599,5.8062,5.9249,5.7411,-177.62,51.942,264.03,-573.3,1644.5,2582.1,38.887
3.14,0.63469,2.4146,1.444,0.71929,-0.23681,0,0.6531,8.9095,-2.5241,-1.4745,-8.5431,-2.5799,5.939,-11.856,-36.012,-15.438,0,0,0,5.7619,5.7353,5.8308,5.6693,-183.67,69.927,284.51,-630.54,1948,1509.5,38.329
3.15,0.72316,2.3876,1.4285,0.68213,-0.26589,0,0.68117,8.7816,-2.8803,-1.6144,-9.2021,-2.3649,5.9603,-13.725,-35.21,-12.535,0,0,0,5.6828,5.6818,5.7508,5.618,-190.13,90.772,294.19,-655.67,2212.3,428.98,37.889
3.16,0.81026,2.3571,1.4118,0.64102,-0.2936,0,0.70915,8.6348,-3.2275,-1.7251,-9.5977,-2.2217,5.9819,-15.659,-34.188,-9.5894,0,0,0,5.6294,5.6502,5.6917,5.5912,-196.66,113.96,293.22,-642.85,2412.6,-611.96,37.604
3.17,0.89579,2.3231,1.3941,0.59682,-0.32005,0,0.73578,8.4682,-3.5633,-1.8064,-9.7431,-2.17,5.9982,-17.657,-32.926,-6.7041,0,0,0,5.6051,5.6418,5.6581,5.589,-202.84,138.73,282.24,-586.25,2523.7,-1565.9,37.49
3.18,0.97955,2.2858,1.3758,0.55045,-0.34544,0,0.76005,8.2814,-3.8852,-1.8597,-9.6785,-2.2149,6.0029,-19.713,-31.412,-3.9743,0,0,0,5.6095,5.6556,5.6509,5.6086,-208.22,164.05,262.35,-480.06,2520.7,-2385.6,37.541
3.19,1.0613,2.2454,1.357,0.5028,-0.37,0,0.78122,8.0738,-4.1907,-1.8867,-9.459,-2.3428,5.9878,-21.817,-29.647,-1.4816,0,0,0,5.6395,5.6898,5.6684,5.6457,-212.26,188.68,235.13,-319.18,2380.7,-3026.1,37.739
3.2,1.141,2.2021,1.3381,0.45463,-0.39389,0,0.79885,7.845,-4.4774,-1.8903,-9.1373,-2.5259,5.9429,-23.952,-27.645,0.71015,0,0,0,5.6903,5.7419,5.7069,5.6969,-214.43,211.23,202.46,-108.8,2108.6,-3478.9,38.06
3.21,1.2182,2.156,1.3193,0.40659,-0.41721,0,0.81279,7.5947,-4.7429,-1.8737,-8.7521,-2.7348,5.8605,-26.098,-25.434,2.5554,0,0,0,5.7572,5.809,5.7623,5.76,-214.31,230.49,166.12,138.51,1729.1,-3761.1,38.481
3.22,1.2928,2.1073,1.3007,0.35921,-0.43994,0,0.82306,7.3231,-4.9854,-1.8404,-8.3266,-2.9444,5.7357,-28.229,-23.05,4.0258,0,0,0,5.8364,5.8883,5.8307,5.8332,-211.58,245.54,127.74,409.99,1267.8,-3890.8,38.981
3.23,1.3646,2.0563,1.2825,0.31297,-0.46201,0,0.82981,7.0303,-5.2035,-1.7944,-7.8718,-3.1353,5.5653,-30.32,-20.539,5.1082,0,0,0,5.9246,5.9775,5.9088,5.9147,-206.07,255.66,88.754,692.89,749.89,-3885.9,39.543
3.24,1.4333,2.0033,1.2648,0.26832,-0.48333,0,0.8333,6.7169,-5.396,-1.7396,-7.3914,-3.2948,5.3481,-32.341,-17.954,5.803,0,0,0,6.0192,6.0738,5.994,6.0028,-197.73,260.43,50.413,974.47,200.84,-3764.2,40.15
3.25,1.4988,1.9485,1.2477,0.22567,-0.50378,0,0.83383,6.3838,-5.5625,-1.6796,-6.8858,-3.4165,5.0849,-34.265,-15.349,6.1223,0,0,0,6.1177,6.1745,6.0835,6.0956,-186.63,259.66,13.798,1242,-354,-3543.8,40.785
3.26,1.5609,1.8922,1.2313,0.18541,-0.52327,0,0.83175,6.032,-5.7031,-1.6183,-6.3556,-3.4997,4.7786,-36.066,-12.779,6.0878,0,0,0,6.2175,6.2765,6.1748,6.1907,-172.98,253.41,-20.193,1482.7,-889.28,-3242.5,41.433
3.27,1.6194,1.8345,1.2154,0.14791,-0.54174,0,0.82743,5.663,-5.8184,-1.559,-5.8035,-3.5477,4.4339,-37.718,-10.298,5.7296,0,0,0,6.3158,6.3765,6.2653,6.2855,-157.11,242.02,-50.841,1683.8,-1379.6,-2878.2,42.072
3.28,1.6741,1.7759,1.2001,0.11346,-0.55919,0,0.82124,5.2782,-5.9095,-1.5047,-5.2357,-3.5662,4.0577,-39.202,-7.9542,5.0839,0,0,0,6.4096,6.471,6.3523,6.3766,-139.48,226.06,-77.606,1832.6,-1799.6,-2468.9,42.682
3.29,1.7249,1.7164,1.1853,0.082282,-0.57565,0,0.81354,4.8795,-5.9781,-1.4581,-4.6615,-3.5619,3.6587,-40.503,-5.7894,4.1916,0,0,0,6.4956,6.5564,6.4331,6.4609,-120.67,206.35,-100.13,1916.3,-2124,-2032.4,43.243
3.3,1.7717,1.6564,1.1709,0.0545,-0.59121,0,0.80468,4.4688,-6.026,-1.4215,-4.0937,-3.5407,3.2475,-41.614,-3.8361,3.0961,0,0,0,6.571,6.63,6.5055,6.5355,-101.41,183.97,-118.22,1924,-2330.2,-1585.9,43.737
3.31,1.8143,1.596,1.1568,0.030129,-0.60594,0,0.79494,4.0479,-6.0556,-1.3967,-3.5456,-3.5054,2.8355,-42.532,-2.1148,1.8421,0,0,0,6.6337,6.6901,6.5676,6.5982,-82.434,160.13,-131.84,1859.9,-2420.3,-1138.5,44.149
3.32,1.8526,1.5353,1.1429,0.0090952,-0.61995,0,0.78459,3.6188,-6.0691,-1.3851,-3.0264,-3.4538,2.4314,-43.266,-0.63475,0.47413,0,0,0,6.6825,6.7365,6.6181,6.6478,-64.41,135.91,-141.01,1735.8,-2408.7,-695.4,44.475
3.33,1.8866,1.4746,1.129,-0.0087451,-0.63327,0,0.77388,3.1832,-6.0691,-1.3875,-2.5423,-3.3798,2.0422,-43.826,0.6052,-0.96343,0,0,0,6.7174,6.7695,6.6569,6.684,-47.876,112.25,-145.78,1563.9,-2310.1,-261.85,44.713
3.34,1.9163,1.414,1.1151,-0.023581,-0.64592,0,0.76304,2.7428,-6.0578,-1.4044,-2.0971,-3.2755,1.674,-44.229,1.6147,-2.4273,0,0,0,6.739,6.7902,6.685,6.7078,-33.251,89.946,-146.29,1356.1,-2139.1,156.95,44.87
3.35,1.9415,1.3535,1.1009,-0.035641,-0.65785,0,0.75231,2.299,-6.0375,-1.436,-1.694,-3.1317,1.333,-44.498,2.4108,-3.8756,0,0,0,6.7491,6.8001,6.7038,6.7207,-20.834,69.657,-142.71,1124.3,-1910.2,555.79,44.956
3.36,1.9622,1.2933,1.0863,-0.045187,-0.66897,0,0.74192,1.8532,-6.0102,-1.4817,-1.3358,-2.9401,1.0254,-44.654,3.0163,-5.2686,0,0,0,6.7498,6.8011,6.7154,6.725,-10.805,51.887,-135.26,880.64,-1638,929.46,44.985
3.37,1.9785,1.2333,1.0712,-0.052516,-0.67915,0,0.73212,1.4062,-5.9777,-1.541,-1.0253,-2.6937,0.75792,-44.722,3.4582,-6.5689,0,0,0,6.7433,6.7953,6.7219,6.7229,-3.2216,36.993,-124.22,636.99,-1337.1,1272.8,44.972
3.38,1.9904,1.1737,1.0555,-0.057957,-0.68824,0,0.72317,0.95895,-5.9415,-1.6127,-0.76546,-2.3882,0.53709,-44.727,3.7665,-7.7422,0,0,0,6.7322,6.7848,6.7254,6.7169,1.9753,25.191,-109.92,405.39,-1022.1,1580.5,44.932
3.39,1.9977,1.1145,1.0389,-0.061873,-0.69605,0,0.71532,0.51184,-5.9027,-1.6953,-0.55839,-2.0228,0.36838,-44.69,3.9726,-8.7578,0,0,0,6.7188,6.7718,6.7275,6.7091,4.9663,16.549,-92.749,197.81,-707.64,1847.4,44.879
3.4,2.0006,1.0557,1.0215,-0.064645,-0.70242,0,0.70882,0.065217,-5.8623,-1.7872,-0.40488,-1.6006,0.25525,-44.634,4.1077,-9.589,0,0,0,6.7051,6.7579,6.7294,6.7012,6.0515,10.988,-73.131,26.237,-408.21,2068.3,44.823
3.41,1.999,0.99725,1.0032,-0.066664,-0.70718,0,0.70388,-0.38082,-5.8207,-1.8864,-0.30337,-1.1289,0.19788,-44.574,4.2019,-10.214,0,0,0,6.693,6.7449,6.7316,6.6946,5.651,8.2857,-51.555,-97.332,-138.43,2238,44.774
3.42,1.993,0.93926,0.98378,-0.068298,-0.71019,0,0.70069,-0.8263,-5.7783,-1.9908,-0.24934,-0.61857,0.19243,-44.524,4.2818,-10.615,0,0,0,6.6835,6.734,6.7343,6.6901,4.2964,8.0803,-28.555,-164.16,90.289,2352.9,44.736
3.43,1.9825,0.88169,0.96334,-0.069879,-0.71135,0,0.69935,-1.2713,-5.735,-2.098,-0.23633,-0.082476,0.23215,-44.489,4.3704,-10.782,0,0,0,6.6772,6.7257,6.7376,6.688,2.5471,9.9549,-4.6704,-177.19,278.02,2415.6,44.714
3.44,1.9676,0.82456,0.94182,-0.071686,-0.71059,0,0.69995,-1.7161,-5.6908,-2.2056,-0.25724,0.46658,0.30894,-44.472,4.4865,-10.708,0,0,0,6.6741,6.7205,6.7414,6.6883,0.91352,13.513,19.595,-141.95,427.38,2429.7,44.707
3.45,1.9482,0.76788,0.91923,-0.073939,-0.70786,0,0.70248,-2.1608,-5.6451,-2.3113,-0.30458,1.0166,0.41392,-44.469,4.645,-10.39,0,0,0,6.6742,6.7182,6.7456,6.6909,-0.1496,18.383,43.774,-64.017,541.02,2399.1,44.715
3.46,1.9243,0.71166,0.89561,-0.076799,-0.70314,0,0.70689,-2.6055,-5.5977,-2.4126,-0.3708,1.557,0.53799,-44.472,4.8574,-9.8338,0,0,0,6.6773,6.7189,6.7502,6.6957,-0.24297,24.223,67.439,51.072,621.57,2327.5,44.737
3.47,1.8961,0.65593,0.871,-0.080367,-0.69644,0,0.7131,-3.0503,-5.5478,-2.5072,-0.44866,2.0786,0.67244,-44.47,5.1316,-9.0447,0,0,0,6.6829,6.7223,6.7552,6.7023,0.97717,30.713,90.2,197.76,671.66,2218.8,44.771
3.48,1.8633,0.60072,0.84549,-0.084688,-0.68779,0,0.72095,-3.4949,-5.4948,-2.5928,-0.53163,2.574,0.80953,-44.447,5.4728,-8.034,0,0,0,6.691,6.7284,6.7607,6.7108,3.7991,37.563,111.7,370.5,693.91,2076.7,44.818
3.49,1.8262,0.54605,0.81918,-0.089759,-0.67722,0,0.73029,-3.9391,-5.4381,-2.6672,-0.61416,3.0376,0.94288,-44.388,5.8832,-6.8158,0,0,0,6.7012,6.7367,6.7667,6.7208,8.4555,44.508,131.64,563.74,690.98,1905,44.876
3.5,1.7846,0.49197,0.79219,-0.095539,-0.66478,0,0.74091,-4.3824,-5.3769,-2.7285,-0.69192,3.4657,1.0677,-44.271,6.3625,-5.4074,0,0,0,6.713,6.7468,6.7734,6.7322,15.124,51.308,149.72,771.92,665.48,1707.6,44.942
3.51,1.7385,0.43853,0.76466,-0.10196,-0.65054,0,0.7526,-4.8243,-5.3106,-2.7748,-0.76181,3.8565,1.181,-44.078,6.9082,-3.8284,0,0,0,6.7258,6.7581,6.7806,6.7444,23.925,57.751,165.71,989.5,620.05,1488.1,45.015
3.52,1.6881,0.38578,0.73675,-0.10892,-0.63457,0,0.76515,-5.2637,-5.2386,-2.8045,-0.82198,4.2101,1.281,-43.786,7.5157,-2.1008,0,0,0,6.7388,6.7699,6.7881,6.7568,34.927,63.651,179.42,1210.9,557.33,1250.4,45.089
3.53,1.6333,0.33378,0.70863,-0.11634,-0.61696,0,0.77835,-5.6996,-5.1601,-2.8164,-0.87163,4.5284,1.3678,-43.372,8.1789,-0.24822,0,0,0,6.7511,6.7811,6.795,6.7685,48.138,68.849,190.67,1430.6,479.95,998.29,45.16
3.54,1.5741,0.2826,0.68049,-0.12411,-0.59776,0,0.79201,-6.1306,-5.0748,-2.8092,-0.91084,4.8154,1.4421,-42.816,8.8899,1.7041,0,0,0,6.7614,6.7907,6.8006,6.7784,63.515,73.21,199.35,1643.1,390.54,735.53,45.218
3.55,1.5107,0.2323,0.65252,-0.13215,-0.57705,0,0.80595,-6.5553,-4.9822,-2.782,-0.94031,5.0765,1.5056,-42.095,9.6399,3.7299,0,0,0,6.7682,6.7971,6.8036,6.785,80.957,76.628,205.36,1842.7,291.73,465.92,45.256
3.56,1.443,0.18298,0.62492,-0.14035,-0.55487,0,0.82001,-6.9719,-4.8819,-2.7344,-0.96109,5.3184,1.5606,-41.19,10.419,5.8023,0,0,0,6.7699,6.799,6.8027,6.7868,100.31,79.022,208.66,2024,186.16,193.25,45.264
3.57,1.3713,0.13469,0.5979,-0.14866,-0.53125,0,0.83407,-7.3785,-4.7738,-2.6659,-0.97431,5.5486,1.6096,-40.083,11.217,7.894,0,0,0,6.7649,6.7947,6.7962,6.7823,121.36,80.337,209.23,2181.4,76.457,-78.703,45.23
3.58,1.2955,0.087529,0.57167,-0.15701,-0.50619,0,0.84801,-7.7729,-4.6576,-2.5766,-0.98103,5.7752,1.6549,-38.758,12.022,9.9778,0,0,0,6.7518,6.7829,6.7828,6.77,143.84,80.546,207.1,2309.3,-34.74,-346.14,45.146
3.59,1.2159,0.041568,0.54644,-0.16534,-0.47966,0,0.86173,-8.1529,-4.5333,-2.4665,-0.98197,6.006,1.699,-37.203,12.824,12.027,0,0,0,6.7293,6.7624,6.761,6.7487,167.43,79.646,202.33,2402.2,-144.8,-605.29,45.002
3.6,1.1325,-0.0031111,0.52241,-0.17361,-0.4516,0,0.87517,-8.5161,-4.4011,-2.3362,-0.97744,6.2482,1.7438,-35.407,13.611,14.016,0,0,0,6.6965,6.7322,6.7299,6.7175,191.75,77.663,195.03,2454.5,-251.09,-852.34,44.793
3.61,1.0456,-0.046429,0.49978,-0.18176,-0.42192,0,0.88823,-8.8602,-4.2612,-2.1864,-0.96717,6.5075,1.791,-33.367,14.374,15.92,0,0,0,6.6533,6.692,6.6889,6.6761,216.36,74.646,185.34,2460.7,-350.98,-1083.5,44.517
3.62,0.95537,-0.08831,0.47874,-0.18974,-0.39051,0,0.90084,-9.1826,-4.1138,-2.0182,-0.95032,6.7874,1.8415,-31.081,15.101,17.715,0,0,0,6.5999,6.6422,6.6383,6.6251,240.79,70.673,173.43,2415.3,-441.84,-1295.1,44.176
3.63,0.86203,-0.12868,0.45947,-0.19749,-0.35724,0,0.9129,-9.481,-3.9593,-1.8326,-0.92546,7.0885,1.8956,-28.553,15.784,19.382,0,0,0,6.5379,6.5839,6.5787,6.5655,264.49,65.845,159.51,2316.2,-522.02,-1484.5,43.777
3.64,0.76584,-0.16747,0.44214,-0.20493,-0.32202,0,0.92429,-9.7529,-3.7983,-1.631,-0.89073,7.4078,1.9527,-25.795,16.416,20.9,0,0,0,6.4693,6.5188,6.512,6.4996,286.95,60.268,143.81,2168.3,-591.75,-1651.8,43.333
3.65,0.66707,-0.20463,0.4269,-0.21197,-0.28475,0,0.93487,-9.9962,-3.6312,-1.4151,-0.84406,7.7391,2.0118,-22.82,16.988,22.253,0,0,0,6.397,6.4495,6.4406,6.4299,307.71,54.044,126.55,1977.1,-651.43,-1797.4,42.862
3.66,0.56602,-0.24008,0.41388,-0.21851,-0.2454,0,0.94447,-10.209,-3.4587,-1.1866,-0.78347,8.0726,2.0712,-19.648,17.495,23.426,0,0,0,6.3245,6.3793,6.3675,6.3599,326.37,47.271,107.94,1748.1,-701.51,-1921.6,42.385
3.67,0.463,-0.27378,0.4032,-0.22441,-0.204,0,0.9529,-10.389,-3.2815,-0.94724,-0.70744,8.3957,2.1287,-16.301,17.932,24.408,0,0,0,6.2556,6.3114,6.2963,6.293,342.57,40.044,88.186,1487,-742.41,-2024.7,41.927
3.68,0.35836,-0.3057,0.39496,-0.22955,-0.16068,0,0.95994,-10.534,-3.1003,-0.6991,-0.6153,8.6928,2.1817,-12.806,18.294,25.187,0,0,0,6.1941,6.2494,6.2304,6.2331,356.02,32.452,67.51,1199.1,-774.54,-2107.1,41.511
3.69,0.25244,-0.33578,0.38924,-0.23378,-0.11564,0,0.96539,-10.644,-2.9159,-0.44421,-0.50762,8.9475,2.2275,-9.1906,18.58,25.755,0,0,0,6.1437,6.1966,6.1736,6.1834,366.48,24.581,46.113,890.1,-798.34,-2169,41.162
3.7,0.1456,-0.36401,0.3861,-0.23698,-0.069217,0,0.96904,-10.718,-2.729,-0.18471,-0.38644,9.1436,2.2637,-5.4866,18.785,26.107,0,0,0,6.1075,6.1563,6.129,6.1471,373.77,16.512,24.197,565.51,-814.23,-2210.8,40.9
3.71,0.038207,-0.39036,0.38556,-0.23906,-0.021824,0,0.97076,-10.754,-2.5405,0.0772,-0.2553,9.2675,2.288,-1.7262,18.909,26.238,0,0,0,6.0879,6.1307,6.0996,6.1261,377.75,8.3213,1.9625,230.87,-822.64,-2232.9,40.74
3.72,-0.069354,-0.41481,0.38764,-0.23995,0.026046,0,0.97044,-10.752,-2.3511,0.33931,-0.11898,9.3106,2.2989,2.0572,18.951,26.146,0,0,0,6.0859,6.1214,6.0871,6.1219,378.37,0.082435,-20.395,-108.29,-823.99,-2235.5,40.694
3.73,-0.17671,-0.43738,0.39234,-0.23962,0.073868,0,0.96805,-10.713,-2.1617,0.59938,0.01708,9.2703,2.2959,5.8298,18.911,25.831,0,0,0,6.1017,6.1291,6.0925,6.1345,375.59,-8.1363,-42.683,-446.43,-818.7,-2218.9,40.763
3.74,-0.28348,-0.45805,0.39961,-0.2381,0.12112,0,0.96366,-10.636,-1.9732,0.85518,0.14752,9.1507,2.2795,9.5578,18.789,25.293,0,0,0,6.1342,6.1533,6.1154,6.1632,369.46,-16.271,-64.712,-777.99,-807.21,-2183.6,40.944
3.75,-0.3893,-0.47685,0.40942,-0.23547,0.16733,0,0.95737,-10.522,-1.7862,1.1045,0.26778,8.9624,2.2511,13.208,18.586,24.538,0,0,0,6.1813,6.1927,6.1545,6.2062,360.07,-24.261,-86.294,-1097.4,-789.93,-2129.9,41.224
3.76,-0.4938,-0.49378,0.42168,-0.23181,0.21211,0,0.94935,-10.372,-1.6017,1.3452,0.37469,8.7199,2.2129,16.749,18.304,23.57,0,0,0,6.24,6.2447,6.2071,6.2609,347.57,-32.052,-107.25,-1399.3,-767.3,-2058,41.588
3.77,-0.59662,-0.50889,0.43629,-0.22726,0.25517,0,0.93981,-10.187,-1.4204,1.5752,0.4667,8.4404,2.1677,20.15,17.946,22.396,0,0,0,6.3069,6.3064,6.2702,6.3241,332.16,-39.591,-127.39,-1677.9,-739.73,-1968.2,42.013
3.78,-0.69743,-0.5222,0.45314,-0.22194,0.29632,0,0.92895,-9.9695,-1.243,1.7925,0.54391,8.1411,2.1185,23.383,17.514,21.025,0,0,0,6.3782,6.3741,6.3399,6.3925,314.11,-46.831,-146.56,-1927.8,-707.66,-1861.1,42.475
3.79,-0.79591,-0.53377,0.47209,-0.21597,0.33548,0,0.91696,-9.7203,-1.0703,1.9951,0.60782,7.838,2.0684,26.424,17.011,19.468,0,0,0,6.4504,6.4442,6.4123,6.4625,293.72,-53.73,-164.56,-2143.4,-671.51,-1736.7,42.949
3.8,-0.89174,-0.54363,0.49298,-0.20945,0.37267,0,0.90402,-9.4417,-0.90303,2.1813,0.66099,7.5443,2.0204,29.251,16.44,17.738,0,0,0,6.5199,6.5131,6.4837,6.5308,271.37,-60.249,-181.23,-2319.2,-631.7,-1595.5,43.412
3.81,-0.98465,-0.55185,0.51565,-0.20248,0.40795,0,0.89027,-9.136,-0.74174,2.3493,0.70675,7.27,1.9774,31.847,15.807,15.849,0,0,0,6.5837,6.5775,6.5507,6.5943,247.49,-66.354,-196.41,-2449.6,-588.66,-1437.9,43.844
3.82,-1.0744,-0.55849,0.53991,-0.19511,0.44144,0,0.87582,-8.8056,-0.58709,2.4978,0.74884,7.0219,1.9417,34.198,15.115,13.816,0,0,0,6.6394,6.6348,6.6106,6.6507,222.55,-72.013,-209.94,-2529.6,-542.81,-1264.1,44.226
3.83,-1.1607,-0.56361,0.56554,-0.18736,0.47329,0,0.86075,-8.4529,-0.43963,2.6252,0.7911,6.8031,1.9158,36.296,14.368,11.656,0,0,0,6.6855,6.6832,6.6614,6.6985,197.07,-77.202,-221.65,-2559.3,-494.54,-1075.7,44.548
3.84,-1.2434,-0.5673,0.59234,-0.17923,0.50364,0,0.84512,-8.0805,-0.29989,2.7305,0.83695,6.6131,1.9012,38.139,13.572,9.3891,0,0,0,6.7214,6.7215,6.7019,6.7366,171.52,-81.897,-231.41,-2543.4,-444.23,-874.82,44.802
3.85,-1.3222,-0.56964,0.62007,-0.1707,0.53263,0,0.82896,-7.691,-0.16833,2.8127,0.88921,6.4484,1.8992,39.727,12.732,7.0347,0,0,0,6.747,6.7495,6.7319,6.7651,146.34,-86.081,-239.11,-2486.3,-392.25,-663.71,44.989
3.86,-1.3971,-0.5707,0.64851,-0.16173,0.56037,0,0.8123,-7.2868,-0.045379,2.871,0.95008,6.3032,1.9103,41.068,11.852,4.6141,0,0,0,6.763,6.7676,6.7517,6.7844,121.91,-89.738,-244.66,-2392.7,-338.97,-444.59,45.111
3.87,-1.4679,-0.57058,0.67741,-0.15226,0.58694,0,0.79519,-6.8704,0.068604,2.9049,1.021,6.17,1.935,42.169,10.939,2.149,0,0,0,6.7707,6.7768,6.7625,6.7956,98.588,-92.857,-247.98,-2267.1,-284.76,-219.68,45.176
3.88,-1.5345,-0.56936,0.70653,-0.14223,0.61238,0,0.77766,-6.4442,0.17331,2.9139,1.1027,6.0404,1.9731,43.044,9.9971,-0.33801,0,0,0,6.7716,6.7785,6.7657,6.8001,76.661,-95.431,-249.04,-2114.1,-229.98,8.7745,45.193
3.89,-1.5968,-0.56714,0.73561,-0.13158,0.63671,0,0.75979,-6.0102,0.26847,2.8981,1.195,5.905,2.024,43.708,9.0323,-2.8241,0,0,0,6.7677,6.7745,6.7629,6.7995,56.382,-97.456,-247.8,-1938.3,-175.02,238.57,45.174
3.9,-1.6547,-0.56402,0.76441,-0.12024,0.6599,0,0.74167,-5.5706,0.35389,2.8575,1.2968,5.7543,2.0867,44.178,8.0499,-5.2864,0,0,0,6.761,6.7666,6.7562,6.7958,37.956,-98.932,-244.27,-1744.1,-120.24,467.46,45.132
3.91,-1.7082,-0.5601,0.79268,-0.10817,0.68188,0,0.72343,-5.1272,0.42943,2.7925,1.406,5.5791,2.1595,44.474,7.0554,-7.7019,0,0,0,6.7533,6.7567,6.7473,6.7904,21.545,-99.863,-238.46,-1536.3,-66.003,693.24,45.079
3.92,-1.7572,-0.55547,0.82018,-0.095337,0.70256,0,0.70521,-4.6817,0.49498,2.7037,1.5196,5.3714,2.2401,44.616,6.0544,-10.048,0,0,0,6.7463,6.7464,6.7379,6.7848,7.2607,-100.26,-230.42,-1319.3,-12.692,913.68,45.026
3.93,-1.8018,-0.55023,0.84667,-0.08172,0.72185,0,0.6872,-4.2354,0.55051,2.5919,1.6336,5.1243,2.3253,44.626,5.0521,-12.303,0,0,0,6.7415,6.7371,6.7295,6.7803,-4.8268,-100.12,-220.22,-1097.8,39.327,1126.5,44.981
3.94,-1.8419,-0.54449,0.87194,-0.067336,0.73964,0,0.66963,-3.7895,0.59603,2.458,1.7432,4.8331,2.4114,44.527,4.0537,-14.446,0,0,0,6.7399,6.7301,6.7232,6.7775,-14.695,-99.474,-207.93,-876.27,89.683,1329.6,44.951
3.95,-1.8776,-0.53834,0.89576,-0.052232,0.75581,0,0.65271,-3.3451,0.63161,2.3034,1.843,4.4955,2.4939,44.34,3.0642,-16.455,0,0,0,6.742,6.7259,6.7195,6.7767,-22.367,-98.334,-193.66,-659.32,138,1520.7,44.94
3.96,-1.9089,-0.53189,0.91794,-0.03649,0.77025,0,0.63669,-2.9029,0.65737,2.1294,1.9277,4.1114,2.5677,44.087,2.0886,-18.313,0,0,0,6.7477,6.7247,6.7187,6.7779,-27.912,-96.722,-177.56,-451.52,183.92,1697.5,44.948
3.97,-1.9357,-0.52523,0.93829,-0.020226,0.7829,0,0.62182,-2.4635,0.67345,1.9377,1.9917,3.6834,2.6274,43.788,1.1313,-20.001,0,0,0,6.7567,6.7265,6.7205,6.7805,-31.444,-94.665,-159.77,-257.44,227.06,1857.8,44.974
3.98,-1.9581,-0.51845,0.95664,-0.0035912,0.79367,0,0.60833,-2.0272,0.68007,1.73,2.0303,3.2163,2.6679,43.464,0.19666,-21.503,0,0,0,6.7679,6.7304,6.7243,6.7838,-33.122,-92.191,-140.47,-81.651,267.06,1999.5,45.011
3.99,-1.9762,-0.51166,0.97285,0.013235,0.80255,0,0.59644,-1.5943,0.67747,1.5083,2.0398,2.7166,2.6844,43.131,-0.71127,-22.806,0,0,0,6.7802,6.7357,6.7291,6.7869,-33.153,-89.335,-119.85,71.28,303.54,2120.2,45.053
4,-1.99,-0.50493,0.98677,0.030048,0.80952,0,0.58632,-1.1646,0.66594,1.2746,2.0177,2.192,2.6734,42.806,-1.5889,-23.896,0,0,0,6.7921,6.7411,6.7338,6.7888,-31.788,-86.134,-98.139,196.78,336.14,2217.8,45.093
4.01,-1.9995,-0.49837,0.99831,0.046633,0.81461,0,0.57813,-0.73809,0.6458,1.0311,1.963,1.6512,2.6327,42.499,-2.4329,-24.766,0,0,0,6.8018,6.7453,6.7371,6.7882,-29.324,-82.627,-75.578,290.29,364.47,2290,45.121
4.02,-2.0048,-0.49204,1.0074,0.062771,0.81786,0,0.57198,-0.31451,0.6174,0.78008,1.8765,1.1029,2.5621,42.222,-3.2406,-25.406,0,0,0,6.8079,6.7468,6.7378,6.7842,-26.098,-78.859,-52.428,349.15,388.35,2335.6,45.128
4.03,-2.0058,-0.48605,1.0139,0.078254,0.81933,0,0.56795,0.10646,0.58112,0.52379,1.7605,0.55504,2.4633,41.979,-4.0094,-25.813,0,0,0,6.8088,6.7442,6.7344,6.7758,-22.45,-74.874,-28.952,375.32,407.97,2355.6,45.105
4.04,-2.0027,-0.48045,1.0178,0.092895,0.81911,0,0.56606,0.52519,0.53735,0.2646,1.6184,0.01407,2.3396,41.773,-4.7374,-25.985,0,0,0,6.8032,6.7362,6.726,6.7623,-18.692,-70.713,-5.3966,371.46,423.59,2351.5,45.046
4.05,-1.9953,-0.47532,1.0192,0.10653,0.81727,0,0.56633,0.94204,0.48651,0.0048747,1.4544,-0.51517,2.1957,41.604,-5.4232,-25.921,0,0,0,6.7903,6.7219,6.7116,6.743,-15.112,-66.415,18.003,340.2,435.47,2324.7,44.945
4.06,-1.9838,-0.47074,1.0179,0.11904,0.81388,0,0.56871,1.3574,0.42903,-0.25305,1.2729,-1.0293,2.0371,41.469,-6.0654,-25.626,0,0,0,6.7694,6.7006,6.6906,6.7174,-11.971,-62.015,41.026,284.17,443.87,2276.6,44.797
4.07,-1.9682,-0.46676,1.0141,0.13033,0.80901,0,0.57317,1.7715,0.36535,-0.50688,1.0788,-1.5259,1.8696,41.363,-6.6633,-25.103,0,0,0,6.7404,6.672,6.6626,6.6856,-9.5022,-57.548,63.467,206.03,449.05,2208.5,44.601
4.08,-1.9484,-0.46345,1.0078,0.14034,0.80271,0,0.57962,2.1847,0.29592,-0.75438,0.87669,-2.0039,1.6993,41.276,-7.2162,-24.359,0,0,0,6.7034,6.636,6.6278,6.6474,-7.9149,-53.044,85.135,108.42,451.28,2122,44.358
4.09,-1.9245,-0.46086,0.99907,0.14905,0.79502,0,0.58799,2.5971,0.22118,-0.99336,0.67108,-2.4623,1.5315,41.201,-7.7241,-23.403,0,0,0,6.6587,6.593,6.5863,6.6032,-7.3899,-48.531,105.85,-6.0253,450.8,2018.5,44.069
4.1,-1.8965,-0.45904,0.98799,0.15646,0.78595,0,0.59816,3.0087,0.14159,-1.2218,0.46608,-2.901,1.3712,41.125,-8.1869,-22.246,0,0,0,6.6071,6.5436,6.5386,6.5534,-8.0827,-44.036,125.45,-134.66,447.89,1899.2,43.738
4.11,-1.8643,-0.45804,0.97468,0.16263,0.77552,0,0.61002,3.4195,0.05759,-1.4376,0.26542,-3.3198,1.2225,41.035,-8.605,-20.899,0,0,0,6.5493,6.4884,6.4854,6.4986,-10.122,-39.581,143.79,-274.85,442.8,1765.8,43.37
4.12,-1.8281,-0.4579,0.95928,0.16759,0.76371,0,0.62343,3.8293,-0.030365,-1.6392,0.07236,-3.7186,1.0883,40.917,-8.9787,-19.375,0,0,0,6.4864,6.4284,6.4274,6.4396,-13.609,-35.186,160.72,-423.94,435.79,1619.5,42.97
4.13,-1.7878,-0.45866,0.94195,0.17141,0.7505,0,0.63825,4.2377,-0.12184,-1.8246,-0.11033,-4.0977,0.9708,40.757,-9.309,-17.689,0,0,0,6.4193,6.3645,6.3655,6.3769,-18.621,-30.871,176.14,-579.3,427.12,1461.8,42.544
4.14,-1.7433,-0.46035,0.92285,0.1742,0.73588,0,0.65432,4.6443,-0.2164,-1.9924,-0.28036,-4.4573,0.87135,40.54,-9.5965,-15.857,0,0,0,6.3489,6.2975,6.3004,6.3115,-25.207,-26.649,189.93,-738.28,417.06,1294.2,42.097
4.15,-1.6949,-0.463,0.90217,0.17602,0.71981,0,0.67148,5.0483,-0.31363,-2.1413,-0.43598,-4.7979,0.79039,40.248,-9.8423,-13.896,0,0,0,6.2763,6.2282,6.2329,6.2438,-33.39,-22.533,201.99,-898.24,405.85,1117.9,41.635
4.16,-1.6424,-0.46663,0.88009,0.17699,0.70226,0,0.68957,5.4489,-0.41311,-2.27,-0.57596,-5.1206,0.72773,39.866,-10.048,-11.823,0,0,0,6.202,6.1572,6.1637,6.1746,-43.167,-18.534,212.26,-1056.5,393.77,934.49,41.163
4.17,-1.5859,-0.47127,0.85684,0.17719,0.6832,0,0.7084,5.8453,-0.51445,-2.3775,-0.69961,-5.4266,0.68265,39.379,-10.213,-9.6573,0,0,0,6.1269,6.0852,6.0931,6.1043,-54.507,-14.66,220.67,-1210.5,381.07,745.33,40.683
4.18,-1.5255,-0.47693,0.83262,0.17673,0.6626,0,0.72782,6.2361,-0.61725,-2.4629,-0.80676,-5.7183,0.65404,38.771,-10.341,-7.4165,0,0,0,6.0513,6.0125,6.0217,6.0332,-67.354,-10.914,227.15,-1357.6,368.02,551.84,40.198
4.19,-1.4612,-0.48362,0.80765,0.17569,0.64042,0,0.74766,6.6202,-0.72115,-2.5256,-0.89777,-5.9982,0.64047,38.028,-10.432,-5.1207,0,0,0,5.9756,5.9392,5.9496,5.9617,-81.627,-7.2998,231.69,-1495.1,354.86,355.43,39.71
4.2,-1.3931,-0.49135,0.78218,0.17415,0.61661,0,0.76776,6.9962,-0.82578,-2.5652,-0.97346,-6.2701,0.64037,37.134,-10.488,-2.7893,0,0,0,5.9,5.8654,5.8769,5.8896,-97.215,-3.8163,234.26,-1620.3,341.87,157.51,39.22
4.21,-1.3213,-0.50013,0.75643,0.17218,0.59114,0,0.78797,7.3624,-0.93079,-2.5814,-1.0351,-6.5378,0.65205,36.079,-10.509,-0.44211,0,0,0,5.8245,5.7913,5.8036,5.8173,-113.98,-0.46089,234.84,-1730.7,329.3,-40.499,38.728
4.22,-1.2459,-0.50997,0.73063,0.16986,0.56395,0,0.80815,7.7172,-1.0358,-2.574,-1.0844,-6.8058,0.67379,34.851,-10.497,1.901,0,0,0,5.7493,5.7168,5.73,5.7446,-131.77,2.7721,233.45,-1823.5,317.42,-237.18,38.234
4.23,-1.167,-0.52085,0.70503,0.16723,0.53497,0,0.82815,8.0588,-1.1406,-2.5434,-1.1232,-7.0785,0.70384,33.441,-10.454,4.2204,0,0,0,5.6746,5.642,5.656,5.6718,-150.39,5.8906,230.11,-1896.2,306.48,-431.12,37.741
4.24,-1.0848,-0.53278,0.67984,0.16434,0.50413,0,0.84785,8.3854,-1.2448,-2.4898,-1.1538,-7.3597,0.74048,31.842,-10.38,6.4968,0,0,0,5.6005,5.5673,5.5821,5.599,-169.62,8.9056,224.84,-1946.2,296.74,-620.91,37.248
4.25,-0.99938,-0.54574,0.6553,0.16119,0.47133,0,0.8671,8.695,-1.3481,-2.4137,-1.1785,-7.6523,0.78196,30.048,-10.276,8.7111,0,0,0,5.5276,5.4933,5.5089,5.5267,-189.23,11.83,217.71,-1970.6,288.46,-805.13,36.761
4.26,-0.91096,-0.55974,0.63164,0.1578,0.43649,0,0.88576,8.9857,-1.4502,-2.3158,-1.1996,-7.9574,0.8265,28.057,-10.143,10.845,0,0,0,5.4567,5.421,5.4372,5.4557,-208.94,14.681,208.76,-1967,281.91,-982.37,36.284
4.27,-0.81973,-0.57474,0.60906,0.15417,0.39952,0,0.90367,9.2555,-1.5509,-2.1971,-1.2196,-8.2734,0.87225,25.869,-9.9826,12.881,0,0,0,5.3888,5.3517,5.3686,5.3872,-228.46,17.475,198.09,-1932.7,277.34,-1151.2,35.827
4.28,-0.72592,-0.59075,0.58776,0.15026,0.36036,0,0.92063,9.5024,-1.6498,-2.0586,-1.2406,-8.5953,0.91724,23.489,-9.794,14.801,0,0,0,5.3255,5.2874,5.3048,5.3227,-247.48,20.235,185.77,-1865,275.01,-1310.2,35.401
4.29,-0.62977,-0.60773,0.56795,0.14604,0.31901,0,0.93643,9.7246,-1.7467,-1.9015,-1.2643,-8.9138,0.95941,20.923,-9.5779,16.591,0,0,0,5.2687,5.2305,5.2481,5.264,-265.64,22.983,171.92,-1761.4,275.18,-1458,35.019
4.3,-0.53152,-0.62567,0.54979,0.14146,0.27552,0,0.95083,9.9203,-1.8413,-1.7273,-1.292,-9.2153,0.99665,18.18,-9.3343,18.235,0,0,0,5.2206,5.1837,5.2011,5.2137,-282.59,25.746,156.65,-1622,277.76,-1593.6,34.698
4.31,-0.43145,-0.64455,0.53345,0.13648,0.23005,0,0.96356,10.088,-1.9333,-1.5374,-1.3239,-9.4829,1.0271,15.276,-9.0629,19.72,0,0,0,5.1836,5.1497,5.1666,5.1743,-297.98,28.545,140.09,-1450.7,282.21,-1716.5,34.457
4.32,-0.32986,-0.66433,0.51909,0.13106,0.18286,0,0.97437,10.225,-2.0224,-1.3334,-1.3592,-9.6984,1.0494,12.227,-8.7632,21.033,0,0,0,5.1604,5.1313,5.1472,5.1486,-311.51,31.395,122.37,-1251.7,287.96,-1826.3,34.313
4.33,-0.22705,-0.68499,0.50683,0.12515,0.13432,0,0.983,10.332,-2.1084,-1.1173,-1.3963,-9.8447,1.0626,9.0529,-8.4348,22.164,0,0,0,5.1533,5.1308,5.1452,5.1393,-322.93,34.307,103.61,-1029,294.45,-1922.6,34.281
4.34,-0.12333,-0.70649,0.49678,0.11876,0.084928,0,0.98928,10.406,-2.191,-0.89082,-1.4332,-9.9084,1.0664,5.7761,-8.0769,23.102,0,0,0,5.1642,5.1496,5.1622,5.1484,-332.03,37.284,83.96,-786.89,301.09,-2004.9,34.374
4.35,-0.019041,-0.7288,0.48904,0.11189,0.035225,0,0.9931,10.447,-2.2699,-0.65594,-1.4675,-9.882,1.0613,2.4207,-7.6889,23.84,0,0,0,5.1944,5.1885,5.199,5.1774,-338.62,40.327,63.559,-529.41,307.33,-2072.8,34.599
4.36,0.085494,-0.75187,0.48368,0.10457,-0.014205,0,0.99442,10.454,-2.3447,-0.4147,-1.4975,-9.7655,1.0483,-0.98754,-7.2701,24.371,0,0,0,5.2444,5.2472,5.2556,5.2268,-342.58,43.428,42.553,-260.73,312.59,-2126,34.956
4.37,0.18993,-0.77568,0.48076,0.096866,-0.062802,0,0.99331,10.427,-2.4152,-0.16922,-1.522,-9.5661,1.0291,-4.4218,-6.8201,24.69,0,0,0,5.3136,5.3243,5.3307,5.296,-343.81,46.574,21.091,15.015,316.3,-2163.8,35.441
4.38,0.29392,-0.80016,0.4803,0.088829,-0.11007,0,0.98995,10.366,-2.481,0.078369,-1.5409,-9.2976,1.0056,-7.8545,-6.3386,24.792,0,0,0,5.4006,5.4178,5.4226,5.3835,-342.27,49.747,-0.67205,293.69,317.88,-2186.1,36.041
4.39,0.39713,-0.82528,0.48233,0.080525,-0.15562,0,0.98453,10.27,-2.5418,0.32589,-1.5549,-8.9774,0.98006,-11.258,-5.8252,24.676,0,0,0,5.5029,5.5249,5.5286,5.4866,-337.94,52.922,-22.577,571.16,316.78,-2192.2,36.738
4.4,0.49922,-0.85098,0.48681,0.072013,-0.19917,0,0.97731,10.141,-2.5974,0.57116,-1.5654,-8.6246,0.95452,-14.604,-5.2802,24.341,0,0,0,5.6175,5.6423,5.6454,5.6023,-330.86,56.071,-44.462,843.29,312.41,-2181.9,37.513
4.41,0.59984,-0.87721,0.49373,0.063338,-0.24057,0,0.96856,9.9784,-2.6473,0.81198,-1.5742,-8.2572,0.93095,-17.866,-4.704,23.787,0,0,0,5.7406,5.7666,5.7696,5.7266,-321.11,59.158,-66.158,1105.9,304.21,-2154.6,38.339
4.42,0.69868,-0.90391,0.50303,0.054535,-0.27974,0,0.95853,9.7839,-2.6914,1.0462,-1.5831,-7.8913,0.91099,-21.018,-4.0974,23.019,0,0,0,5.8683,5.8939,5.8975,5.8556,-308.79,62.141,-87.496,1355,291.61,-2110,39.192
4.43,0.79542,-0.93101,0.51463,0.045619,-0.31672,0,0.94742,9.5585,-2.7292,1.2716,-1.5941,-7.5396,0.89595,-24.034,-3.4617,22.039,0,0,0,5.9968,6.0208,6.0253,5.9853,-294.07,64.973,-108.3,1586.2,274.04,-2047.6,40.047
4.44,0.88975,-0.95847,0.52843,0.036593,-0.35162,0,0.93543,9.3038,-2.7605,1.4863,-1.6087,-7.2116,0.88682,-26.892,-2.7986,20.855,0,0,0,6.1223,6.1438,6.1496,6.112,-277.14,67.603,-128.39,1795.6,250.92,-1966.9,40.879
4.45,0.9814,-0.9862,0.54431,0.027447,-0.38456,0,0.92269,9.0213,-2.7851,1.6881,-1.6282,-6.9134,0.88424,-29.57,-2.1105,19.474,0,0,0,6.2415,6.2598,6.2672,6.2322,-258.24,69.971,-147.58,1979,221.69,-1867.7,41.668
4.46,1.0701,-1.0141,0.56214,0.018162,-0.41571,0,0.90932,8.713,-2.8027,1.8751,-1.6531,-6.6486,0.88855,-32.051,-1.4002,17.907,0,0,0,6.3515,6.3664,6.3755,6.3432,-237.66,72.015,-165.68,2132.1,185.77,-1749.4,42.394
4.47,1.1556,-1.0422,0.58176,0.0087117,-0.44523,0,0.89537,8.381,-2.813,2.0456,-1.6838,-6.4183,0.89975,-34.319,-0.6715,16.165,0,0,0,6.45,6.4614,6.4722,6.4426,-215.71,73.663,-182.5,2251,142.6,-1611.6,43.044
4.48,1.2376,-1.0704,0.60299,-0.00092993,-0.47331,0,0.8809,8.0274,-2.816,2.1979,-1.7198,-6.2218,0.9175,-36.362,0.071441,14.262,0,0,0,6.5354,6.5435,6.5559,6.5287,-192.77,74.841,-197.84,2331.4,91.606,-1454,43.606
4.49,1.3161,-1.0985,0.62565,-0.010788,-0.50008,0,0.86591,7.6545,-2.8116,2.3304,-1.76,-6.0566,0.941,-38.172,0.82347,12.214,0,0,0,6.6068,6.612,6.6258,6.6008,-169.22,75.467,-211.51,2369.3,32.215,-1276,44.076
4.5,1.3907,-1.1266,0.64953,-0.02088,-0.52569,0,0.85042,7.2648,-2.7996,2.4418,-1.8025,-5.9185,0.96891,-39.746,1.5787,10.038,0,0,0,6.6641,6.6671,6.6816,6.6587,-145.53,75.456,-223.3,2362.2,-35.698,-1077.9,44.453
4.51,1.4613,-1.1545,0.67441,-0.031209,-0.55024,0,0.83442,6.8604,-2.78,2.5308,-1.8445,-5.8018,0.99935,-41.084,2.3302,7.7548,0,0,0,6.7079,6.7094,6.7241,6.7028,-122.12,74.729,-233.01,2313.7,-110.78,-862.53,44.74
4.52,1.5278,-1.1822,0.70007,-0.041762,-0.57381,0,0.81792,6.4439,-2.753,2.5966,-1.883,-5.6995,1.03,-42.19,3.0706,5.3853,0,0,0,6.7392,6.7403,6.7543,6.7344,-99.38,73.222,-240.5,2228.5,-191.35,-632.9,44.947
4.53,1.5902,-1.2095,0.72626,-0.052505,-0.59644,0,0.80094,6.0174,-2.7187,2.6383,-1.9141,-5.6039,1.058,-43.075,3.7919,2.9527,0,0,0,6.7598,6.7617,6.774,6.7551,-77.656,70.889,-245.63,2111.4,-275.75,-392.21,45.084
4.54,1.6482,-1.2365,0.75275,-0.063379,-0.61814,0,0.78351,5.5831,-2.6772,2.6555,-1.9337,-5.507,1.0801,-43.748,4.4856,0.48086,0,0,0,6.7716,6.7754,6.7849,6.7668,-57.242,67.7,-248.32,1967.1,-362.32,-143.62,45.164
4.55,1.7018,-1.2631,0.77929,-0.074299,-0.63889,0,0.7657,5.143,-2.6291,2.6479,-1.9373,-5.401,1.0924,-44.225,5.143,-2.0053,0,0,0,6.7767,6.7835,6.7889,6.7715,-38.388,63.641,-248.49,1800.5,-449.38,109.71,45.201
4.56,1.751,-1.2891,0.80563,-0.085149,-0.65867,0,0.7476,4.6992,-2.5745,2.6154,-1.9203,-5.2783,1.0907,-44.521,5.7555,-4.4804,0,0,0,6.777,6.788,6.7879,6.7712,-21.291,58.716,-246.12,1616.2,-535.26,364.63,45.207
4.57,1.7958,-1.3145,0.83152,-0.095786,-0.67741,0,0.72935,4.2532,-2.5141,2.5584,-1.8782,-5.1328,1.0704,-44.657,6.3145,-6.9191,0,0,0,6.7743,6.7906,6.7836,6.7676,-6.1063,52.946,-241.2,1419.1,-618.3,617.97,45.193
4.58,1.8361,-1.3393,0.85671,-0.10604,-0.69506,0,0.71109,3.8065,-2.4484,2.4773,-1.8069,-4.9593,1.0266,-44.65,6.8117,-9.2961,0,0,0,6.7702,6.7925,6.7771,6.7621,7.0628,46.366,-233.77,1213.8,-696.82,866.57,45.17
4.59,1.8719,-1.3635,0.88098,-0.1157,-0.71157,0,0.69303,3.3606,-2.3781,2.3728,-1.7031,-4.7544,0.95488,-44.522,7.2393,-11.586,0,0,0,6.7656,6.7945,6.7696,6.7557,18.158,39.03,-223.9,1005.2,-769.17,1107.3,45.142
4.6,1.9033,-1.3869,0.9041,-0.12456,-0.72689,0,0.67536,2.9164,-2.3039,2.2459,-1.5644,-4.5163,0.85085,-44.294,7.59,-13.766,0,0,0,6.761,6.7969,6.7614,6.749,27.171,31.008,-211.66,797.96,-833.67,1336.9,45.114
4.61,1.9302,-1.4095,0.92583,-0.13237,-0.741,0,0.65833,2.4749,-2.2266,2.0979,-1.3901,-4.2445,0.7112,-43.986,7.8575,-15.812,0,0,0,6.7564,6.7994,6.7526,6.7419,34.138,22.388,-197.2,596.9,-888.66,1552.4,45.084
4.62,1.9528,-1.4314,0.94599,-0.1389,-0.75389,0,0.64215,2.0369,-2.1471,1.9302,-1.1807,-3.9402,0.53384,-43.618,8.0361,-17.703,0,0,0,6.7514,6.8013,6.7429,6.7341,39.145,13.272,-180.67,406.77,-932.46,1750.5,45.049
4.63,1.971,-1.4525,0.96437,-0.1439,-0.76557,0,0.62706,1.6027,-2.0662,1.7444,-0.93842,-3.6051,0.31841,-43.209,8.1217,-19.42,0,0,0,6.7449,6.8012,6.7318,6.7247,42.326,3.7815,-162.26,232.32,-963.42,1928,45.004
4.64,1.9849,-1.4727,0.98082,-0.14715,-0.77605,0,0.61327,1.1728,-1.985,1.5424,-0.66733,-3.2415,0.066698,-42.777,8.111,-20.943,0,0,0,6.7357,6.7978,6.7184,6.7126,43.86,-5.9476,-142.19,78.305,-979.85,2081.9,44.941
4.65,1.9945,-1.4922,0.99518,-0.14845,-0.78536,0,0.60098,0.74721,-1.9043,1.3262,-0.37294,-2.8517,-0.21705,-42.337,8.0024,-22.259,0,0,0,6.7222,6.7893,6.7017,6.6965,43.976,-15.762,-120.72,-50.511,-980.1,2208.9,44.85
4.66,1.9998,-1.5108,1.0073,-0.14764,-0.79351,0,0.59037,0.32603,-1.8252,1.098,-0.062346,-2.4382,-0.52593,-41.901,7.796,-23.354,0,0,0,6.7029,6.774,6.6806,6.6753,42.949,-25.49,-98.115,-149.64,-962.61,2306.1,44.721
4.67,2.001,-1.5287,1.0171,-0.14462,-0.80053,0,0.58159,-0.090863,-1.7487,0.85992,0.25626,-2.0028,-0.85074,-41.48,7.4935,-24.218,0,0,0,6.6764,6.7504,6.6542,6.6475,41.085,-34.955,-74.695,-218.38,-927.61,2373.1,44.547
4.68,1.998,-1.5458,1.0245,-0.13933,-0.80638,0,0.57475,-0.50365,-1.6757,0.6144,0.57451,-1.5467,-1.181,-41.081,7.0983,-24.846,0,0,0,6.6412,6.7172,6.6213,6.6121,38.676,-43.989,-50.749,-258.82,-876.59,2411.5,44.32
4.69,1.9909,-1.5622,1.0294,-0.13181,-0.81104,0,0.56994,-0.91257,-1.607,0.36381,0.88415,-1.0702,-1.5057,-40.708,6.6157,-25.232,0,0,0,6.5966,6.6735,6.5812,6.5681,35.995,-52.439,-26.556,-273.12,-811.09,2422.9,44.032
4.7,1.9798,-1.578,1.0317,-0.12212,-0.81444,0,0.56725,-1.3179,-1.5436,0.11056,1.1772,-0.57321,-1.8135,-40.361,6.052,-25.377,0,0,0,6.5419,6.6188,6.5334,6.515,33.293,-60.168,-2.3767,-263.43,-732.64,2408.8,43.682
4.71,1.9646,-1.5931,1.0316,-0.11042,-0.81647,0,0.56673,-1.7199,-1.4862,-0.14293,1.4459,-0.05591,-2.094,-40.041,5.4151,-25.281,0,0,0,6.4773,6.553,6.4774,6.4528,30.799,-67.054,21.542,-231.92,-642.77,2371,43.267
4.72,1.9454,-1.6077,1.0289,-0.096908,-0.81702,0,0.5684,-2.1188,-1.4355,-0.39427,1.6832,0.48108,-2.3374,-39.744,4.7141,-24.948,0,0,0,6.403,6.4765,6.4135,6.3816,28.721,-72.99,44.969,-180.72,-543.02,2311,42.791
4.73,1.9222,-1.6219,1.0237,-0.08185,-0.81596,0,0.57229,-2.5148,-1.3921,-0.64112,1.8824,1.0361,-2.5357,-39.465,3.9588,-24.384,0,0,0,6.32,6.3902,6.3418,6.302,27.243,-77.886,67.692,-112.01,-434.92,2230.4,42.257
4.74,1.8951,-1.6356,1.0161,-0.065555,-0.81312,0,0.57839,-2.9081,-1.3565,-0.8812,2.0379,1.6063,-2.6829,-39.197,3.1601,-23.597,0,0,0,6.2295,6.2952,6.2631,6.2152,26.532,-81.666,89.513,-27.93,-320.01,2130.8,41.672
4.75,1.8641,-1.649,1.0061,-0.048368,-0.80838,0,0.58667,-3.2988,-1.329,-1.1123,2.145,2.1874,-2.7753,-38.931,2.3294,-22.597,0,0,0,6.133,6.1931,6.1783,6.1224,26.729,-84.269,110.25,69.357,-199.81,2013.8,41.045
4.76,1.8291,-1.6622,0.99388,-0.030662,-0.80159,0,0.59709,-3.6867,-1.31,-1.3325,2.2004,2.7735,-2.8116,-38.659,1.4788,-21.396,0,0,0,6.0322,6.0857,6.0883,6.0251,27.956,-85.65,129.74,177.7,-75.862,1881.1,40.386
4.77,1.7903,-1.6752,0.97951,-0.01282,-0.79265,0,0.60955,-4.0719,-1.2995,-1.5396,2.2023,3.3578,-2.7932,-38.368,0.62058,-20.007,0,0,0,5.929,5.975,5.9946,5.9249,30.312,-85.779,147.82,294.93,50.301,1734.2,39.706
4.78,1.7477,-1.6882,0.96314,0.0047769,-0.78146,0,0.62394,-4.454,-1.2976,-1.732,2.1506,3.9324,-2.7236,-38.048,-0.23258,-18.445,0,0,0,5.8252,5.863,5.8985,5.8236,33.877,-84.641,164.38,418.91,177.15,1574.8,39.017
4.79,1.7013,-1.7012,0.94493,0.021764,-0.76797,0,0.64012,-4.8327,-1.3041,-1.908,2.0469,4.489,-2.6083,-37.686,-1.068,-16.725,0,0,0,5.7226,5.7518,5.8013,5.7229,38.706,-82.238,179.28,547.48,303.14,1404.4,38.331
4.8,1.6511,-1.7143,0.92504,0.037803,-0.75215,0,0.65791,-5.2075,-1.3188,-2.0661,1.8944,5.0196,-2.4542,-37.27,-1.8732,-14.865,0,0,0,5.6226,5.6433,5.7047,5.6243,44.835,-78.586,192.44,678.47,426.75,1224.7,37.658
4.81,1.5971,-1.7276,0.90367,0.052593,-0.73402,0,0.67708,-5.5779,-1.3414,-2.2049,1.6978,5.5168,-2.2691,-36.785,-2.6357,-12.882,0,0,0,5.5267,5.539,5.6098,5.5291,52.276,-73.716,203.75,809.74,546.45,1037.2,37.008
4.82,1.5395,-1.7412,0.88101,0.065877,-0.71362,0,0.69743,-5.943,-1.3714,-2.3234,1.4631,5.9749,-2.0615,-36.22,-3.3436,-10.796,0,0,0,5.4357,5.4403,5.518,5.4384,61.023,-67.676,213.16,939.13,660.69,843.67,36.387
4.83,1.4783,-1.7551,0.85727,0.077447,-0.69102,0,0.71867,-6.302,-1.4081,-2.4205,1.1967,6.3903,-1.8393,-35.561,-3.9855,-8.6257,0,0,0,5.3504,5.3481,5.4301,5.353,71.046,-60.526,220.61,1064.5,767.95,645.59,35.803
4.84,1.4135,-1.7694,0.83267,0.087143,-0.66631,0,0.74057,-6.6538,-1.4508,-2.4957,0.90558,6.7618,-1.6104,-34.795,-4.5507,-6.3907,0,0,0,5.2712,5.2629,5.347,5.2732,82.292,-52.345,226.06,1183.6,866.69,444.59,35.257
4.85,1.3453,-1.7841,0.80743,0.094854,-0.63958,0,0.76285,-6.9975,-1.4988,-2.5482,0.59634,7.0906,-1.3816,-33.911,-5.0293,-4.1112,0,0,0,5.1979,5.185,5.2691,5.1991,94.691,-43.225,229.5,1294.5,955.39,242.29,34.752
4.86,1.2736,-1.7993,0.78179,0.10051,-0.61094,0,0.78527,-7.3316,-1.5511,-2.5778,0.27515,7.3809,-1.1588,-32.898,-5.4124,-1.8074,0,0,0,5.1304,5.1142,5.1965,5.1306,108.15,-33.276,230.91,1394.8,1032.5,40.291,34.286
4.87,1.1987,-1.8151,0.75596,0.10409,-0.58048,0,0.80759,-7.655,-1.6067,-2.5843,-0.052661,7.6386,-0.94668,-31.745,-5.6924,0.50032,0,0,0,5.0683,5.05,5.1293,5.0672,122.54,-22.619,230.31,1482.4,1096.5,-159.79,33.858
4.88,1.1205,-1.8315,0.73018,0.10559,-0.54829,0,0.8296,-7.966,-1.6646,-2.5679,-0.38266,7.8712,-0.74891,-30.444,-5.8629,2.7921,0,0,0,5.0112,4.9921,5.0673,5.0087,137.75,-11.395,227.73,1555.3,1145.8,-356.36,33.466
4.89,1.0394,-1.8484,0.70467,0.10503,-0.5144,0,0.85109,-8.2633,-1.7236,-2.5286,-0.71123,8.0867,-0.56812,-28.988,-5.919,5.0484,0,0,0,4.9587,4.9399,5.0104,4.9546,153.59,0.24319,223.2,1611.1,1179,-547.81,33.106
4.9,0.95533,-1.866,0.67968,0.10248,-0.47887,0,0.87188,-8.5453,-1.7825,-2.4671,-1.0353,8.2928,-0.40606,-27.371,-5.8572,7.2499,0,0,0,4.9105,4.893,4.9583,4.9049,169.9,12.126,216.79,1647.9,1194.4,-732.52,32.778
4.91,0.86853,-1.8841,0.65541,0.097976,-0.44168,0,0.8918,-8.8102,-1.8403,-2.3839,-1.352,8.4956,-0.26376,-25.589,-5.6762,9.3782,0,0,0,4.8669,4.8514,4.9111,4.8597,186.48,24.067,208.58,1663.3,1190.6,-908.9,32.482
4.92,0.77918,-1.9028,0.63207,0.091613,-0.40284,0,0.91067,-9.0565,-1.8957,-2.2798,-1.658,8.6987,-0.14166,-23.641,-5.3764,11.416,0,0,0,4.8283,4.8152,4.8691,4.8199,203.09,35.868,198.65,1655.4,1166,-1075.3,32.221
4.93,0.68747,-1.922,0.60987,0.083484,-0.36234,0,0.9283,-9.2825,-1.9474,-2.1559,-1.9492,8.902,-0.039771,-21.528,-4.9601,13.346,0,0,0,4.7958,4.7854,4.8331,4.7864,219.5,47.313,187.11,1621.8,1119.1,-1230.2,32.001
4.94,0.59361,-1.9417,0.58901,0.073708,-0.32018,0,0.94448,-9.4865,-1.9945,-2.0133,-2.2199,9.1012,0.042299,-19.253,-4.432,15.153,0,0,0,4.7709,4.763,4.8042,4.7612,235.44,58.171,174.09,1560.5,1048.3,-1371.9,31.832
4.95,0.49782,-1.9618,0.56967,0.062439,-0.27644,0,0.959,-9.667,-2.0357,-1.8533,-2.463,9.287,0.10531,-16.822,-3.7994,16.823,0,0,0,4.7555,4.7498,4.784,4.7463,250.61,68.195,159.72,1469.3,952.18,-1498.9,31.726
4.96,0.40035,-1.9824,0.552,0.04987,-0.23125,0,0.97162,-9.8224,-2.0702,-1.6773,-2.6693,9.4458,0.15047,-14.244,-3.0718,18.343,0,0,0,4.7519,4.7478,4.7744,4.7444,264.72,77.128,144.16,1347.4,830.37,-1609.9,31.698
4.97,0.30146,-2.0032,0.53617,0.036245,-0.18483,0,0.9821,-9.9514,-2.0969,-1.487,-2.8294,9.5611,0.17964,-11.532,-2.2613,19.703,0,0,0,4.7627,4.7594,4.7779,4.7579,277.47,84.727,127.58,1197.9,685.95,-1704.9,31.763
4.98,0.20142,-2.0243,0.5223,0.021855,-0.13754,0,0.99025,-10.053,-2.1152,-1.2839,-2.9348,9.6166,0.19539,-8.6999,-1.3824,20.892,0,0,0,4.7899,4.7866,4.797,4.7889,288.6,90.784,110.12,1024.5,522.53,-1784.2,31.937
4.99,0.1005,-2.0455,0.51053,0.00703,-0.089807,0,0.99593,-10.125,-2.1244,-1.0697,-2.9792,9.5994,0.20089,-5.7659,-0.45134,21.903,0,0,0,4.8352,4.8313,4.8339,4.839,297.89,95.127,91.944,830.91,343.75,-1847.8,32.232
5,-0.00098651,-2.0667,0.50094,-0.0078769,-0.042127,0,0.99908,-10.168,-2.1241,-0.84642,-2.9599,9.5024,0.19973,-2.7489,0.51397,22.729,0,0,0,4.8996,4.8948,4.89,4.9089,305.16,97.62,73.212,620.69,153.2,-1895.9,32.656
5.01,-0.10275,-2.0879,0.49362,-0.022509,0.0049718,0,0.99973,-10.18,-2.114,-0.61579,-2.8777,9.3258,0.19566,0.33011,1.4945,23.366,0,0,0,4.9831,4.9773,4.9661,4.998,310.26,98.163,54.076,397.58,-45.489,-1928.7,33.208
5.02,-0.20448,-2.109,0.48864,-0.036529,0.050993,0,0.99803,-10.161,-2.0942,-0.37975,-2.7371,9.0772,0.19239,3.4488,2.4705,23.81,0,0,0,5.0845,5.0782,5.0619,5.1051,313.08,96.695,34.688,165.23,-248.7,-1946.4,33.883
5.03,-0.30587,-2.1298,0.48604,-0.049636,0.095508,0,0.99419,-10.111,-2.0647,-0.14024,-2.5456,8.7703,0.19331,6.5839,3.4216,24.059,0,0,0,5.202,5.1957,5.1757,5.2281,313.55,93.186,15.198,-72.664,-452.83,-1949.2,34.669
5.04,-0.40659,-2.1503,0.48584,-0.061578,0.13819,0,0.98849,-10.029,-2.0259,0.10078,-2.3123,8.4222,0.2014,9.7117,4.3275,24.114,0,0,0,5.3327,5.3273,5.3048,5.3638,311.62,87.647,-4.2457,-312.44,-654.25,-1937.1,35.548
5.05,-0.50635,-2.1703,0.48805,-0.072156,0.17883,0,0.98123,-9.9167,-1.9784,0.34139,-2.0464,8.0509,0.21908,12.808,5.168,23.975,0,0,0,5.4733,5.4694,5.4458,5.509,307.3,80.122,-23.495,-550.42,-849.35,-1910.3,36.496
5.06,-0.60482,-2.1898,0.49266,-0.081224,0.21733,0,0.97271,-9.7733,-1.9228,0.57964,-1.7565,7.6736,0.24831,15.85,5.9236,23.645,0,0,0,5.6199,5.6183,5.5946,5.6598,300.63,70.693,-42.404,-782.93,-1034.5,-1869.1,37.488
5.07,-0.70171,-2.2087,0.49963,-0.088673,0.25369,0,0.96321,-9.5999,-1.8603,0.81366,-1.4498,7.3044,0.29059,18.813,6.5759,23.128,0,0,0,5.7684,5.7698,5.7467,5.8123,291.68,59.477,-60.829,-1006.3,-1206.1,-1813.6,38.495
5.08,-0.79672,-2.227,0.50892,-0.09443,0.28798,0,0.95297,-9.3974,-1.7917,1.0416,-1.1316,6.9542,0.34713,21.676,7.1077,22.43,0,0,0,5.915,5.9196,5.8979,5.9626,280.55,46.628,-78.628,-1216.8,-1360.5,-1743.9,39.492
5.09,-0.88957,-2.2445,0.52044,-0.098442,0.32034,0,0.94217,-9.1668,-1.7186,1.2617,-0.80566,6.6307,0.41888,24.418,7.5036,21.558,0,0,0,6.0557,6.0639,6.0439,6.107,267.39,32.336,-95.661,-1410.9,-1494.2,-1660.3,40.451
5.1,-0.97997,-2.2613,0.53412,-0.10067,0.35093,0,0.93098,-8.9095,-1.6422,1.4722,-0.47414,6.3384,0.50664,27.018,7.7503,20.52,0,0,0,6.1871,6.1991,6.181,6.2423,252.4,16.826,-111.79,-1584.8,-1603.4,-1562.8,41.349
5.11,-1.0677,-2.2774,0.54985,-0.10107,0.37992,0,0.91948,-8.627,-1.5641,1.6716,-0.13819,6.0789,0.61107,29.46,7.8369,19.326,0,0,0,6.3064,6.3221,6.3061,6.3654,235.78,0.36071,-126.87,-1734.8,-1684.7,-1451.7,42.167
5.12,-1.1524,-2.2926,0.56751,-0.099602,0.4075,0,0.90776,-8.3209,-1.486,1.8583,0.20173,5.8519,0.73264,31.729,7.7554,17.987,0,0,0,6.4112,6.4305,6.4166,6.4743,217.79,-16.762,-140.78,-1857.3,-1734.2,-1327.1,42.888
5.13,-1.234,-2.3071,0.58696,-0.096235,0.43382,0,0.89584,-7.993,-1.4096,2.0309,0.54533,5.6549,0.87156,33.812,7.5006,16.515,0,0,0,6.5001,6.5226,6.5109,6.5672,198.74,-34.207,-153.37,-1948.7,-1748.6,-1189.2,43.501
5.14,-1.3122,-2.3208,0.60807,-0.090922,0.45904,0,0.88375,-7.6453,-1.3365,2.1882,0.89195,5.4841,1.0275,35.701,7.0714,14.924,0,0,0,6.5724,6.5976,6.5879,6.6435,178.94,-51.603,-164.52,-2005.1,-1724,-1038.1,44.002
5.15,-1.3869,-2.3339,0.63067,-0.083624,0.48325,0,0.87148,-7.2797,-1.2687,2.329,1.2401,5.334,1.1995,37.39,6.4701,13.23,0,0,0,6.6284,6.6554,6.6477,6.703,158.76,-68.55,-174.09,-2024.6,-1658.7,-874.51,44.391
5.16,-1.4578,-2.3462,0.65459,-0.07431,0.50654,0,0.85901,-6.8982,-1.2077,2.4525,1.5875,5.1975,1.3857,38.876,5.7032,11.448,0,0,0,6.6691,6.697,6.691,6.7467,138.56,-84.652,-181.97,-2009.7,-1555.8,-700.4,44.673
5.17,-1.5248,-2.358,0.67966,-0.062966,0.52893,0,0.84633,-6.5028,-1.1552,2.5577,1.9311,5.0665,1.5838,40.162,4.781,9.5964,0,0,0,6.6963,6.7238,6.7193,6.776,118.66,-99.556,-188.07,-1964.3,-1420,-518.15,44.859
5.18,-1.5878,-2.3694,0.70569,-0.049596,0.5504,0,0.83342,-6.0956,-1.1126,2.6442,2.2669,4.9321,1.7906,41.252,3.7171,7.6929,0,0,0,6.7124,6.738,6.7349,6.7929,99.361,-112.96,-192.32,-1892.2,-1255.8,-330.1,44.964
5.19,-1.6467,-2.3803,0.73248,-0.034236,0.5709,0,0.82031,-5.6784,-1.0812,2.7115,2.5893,4.7853,2.0017,42.152,2.5278,5.7564,0,0,0,6.7201,6.7423,6.7403,6.7999,80.897,-124.59,-194.66,-1797.1,-1067.6,-138.6,45.004
5.2,-1.7013,-2.391,0.75985,-0.016961,0.5903,0,0.807,-5.2531,-1.0624,2.7593,2.8911,4.6178,2.2118,42.873,1.2319,3.8061,0,0,0,6.7223,6.7394,6.7384,6.7994,63.483,-134.24,-195.08,-1682.8,-859.94,54.002,44.999
5.21,-1.7517,-2.4016,0.7876,0.0021006,0.60849,0,0.79356,-4.8215,-1.0569,2.7876,3.1638,4.4225,2.4142,43.426,-0.14991,1.8611,0,0,0,6.7219,6.7322,6.7318,6.7939,47.293,-141.74,-193.58,-1553,-637.36,245.35,44.966
5.22,-1.7977,-2.4122,0.81554,0.022763,0.62529,0,0.78006,-4.3851,-1.0656,2.7966,3.3977,4.1945,2.6012,43.823,-1.5953,-0.0593,0,0,0,6.7214,6.7234,6.7234,6.7855,32.462,-146.96,-190.19,-1411.6,-404.32,433.11,44.923
5.23,-1.8394,-2.423,0.84347,0.044775,0.64056,0,0.7666,-3.9455,-1.0889,2.7866,3.5828,3.9317,2.7642,44.08,-3.0812,-1.9365,0,0,0,6.7228,6.7153,6.7154,6.7762,19.088,-149.81,-184.94,-1262.2,-165.34,614.92,44.883
5.24,-1.8766,-2.434,0.87121,0.067819,0.65415,0,0.75332,-3.504,-1.1272,2.7581,3.7098,3.6351,2.8942,44.21,-4.5835,-3.7522,0,0,0,6.7277,6.7099,6.7096,6.7674,7.232,-150.26,-177.92,-1108.7,75.082,788.43,44.858
5.25,-1.9095,-2.4456,0.89857,0.09152,0.66596,0,0.74036,-3.0617,-1.1806,2.7118,3.7709,3.3091,2.9829,44.23,-6.0783,-5.4892,0,0,0,6.7365,6.7084,6.7071,6.7602,-3.0842,-148.32,-169.21,-954.81,312.45,951.3,44.854
5.26,-1.9379,-2.4577,0.92539,0.11545,0.67591,0,0.72788,-2.6197,-1.2487,2.6486,3.7609,2.9613,3.0226,44.154,-7.542,-7.1312,0,0,0,6.7492,6.7113,6.7084,6.7549,-11.876,-144.03,-158.93,-804.32,542.25,1101.2,44.873
5.27,-1.9619,-2.4706,0.95149,0.13917,0.68403,0,0.71605,-2.1789,-1.3312,2.5695,3.6779,2.601,3.0079,43.997,-8.9516,-8.6632,0,0,0,6.7649,6.7182,6.7131,6.7516,-19.195,-137.51,-147.24,-661,760,1235.7,44.913
5.28,-1.9815,-2.4844,0.97673,0.16221,0.69039,0,0.70502,-1.74,-1.4275,2.4758,3.5237,2.2388,2.9354,43.774,-10.285,-10.072,0,0,0,6.7821,6.7282,6.7203,6.7497,-25.132,-128.89,-134.28,-528.6,961.18,1352.6,44.967
5.29,-1.9967,-2.4992,1.001,0.18414,0.69511,0,0.69492,-1.3036,-1.5366,2.3686,3.3035,1.885,2.8049,43.499,-11.523,-11.345,0,0,0,6.7989,6.7396,6.7285,6.7483,-29.816,-118.36,-120.25,-410.91,1141.3,1449.4,45.025
5.3,-2.0075,-2.5151,1.0241,0.20454,0.69839,0,0.68587,-0.87014,-1.6576,2.2493,3.0255,1.5485,2.619,43.182,-12.647,-12.474,0,0,0,6.8129,6.7502,6.7357,6.7459,-33.41,-106.15,-105.37,-311.08,1296.6,1524.2,45.075
5.31,-2.0141,-2.5324,1.0459,0.22307,0.70045,0,0.67794,-0.44004,-1.7891,2.1196,2.6997,1.2358,2.3827,42.833,-13.641,-13.45,0,0,0,6.8221,6.7577,6.7398,6.7408,-36.097,-92.51,-89.839,-229.18,1426.8,1577.5,45.101
5.32,-2.0164,-2.551,1.0664,0.23945,0.70154,0,0.6712,-0.013546,-1.9299,1.9809,2.3357,0.95101,2.102,42.462,-14.493,-14.269,0,0,0,6.8244,6.7596,6.7383,6.731,-38.05,-77.692,-73.883,-164.21,1533,1610.4,45.089
5.33,-2.0144,-2.571,1.0855,0.25343,0.70188,0,0.66568,0.40915,-2.0785,1.8347,1.9426,0.69522,1.7836,42.074,-15.192,-14.927,0,0,0,6.8177,6.7536,6.7291,6.7147,-39.434,-61.927,-57.695,-115.15,1616.3,1624,45.025
5.34,-2.0082,-2.5925,1.1031,0.26485,0.70172,0,0.6614,0.8279,-2.2332,1.6829,1.5281,0.46739,1.4341,41.675,-15.729,-15.423,0,0,0,6.8005,6.7376,6.7102,6.6899,-40.403,-45.438,-41.463,-81.03,1677.8,1619.5,44.897
5.35,-1.9978,-2.6157,1.1192,0.27356,0.70124,0,0.65836,1.2426,-2.3925,1.5268,1.0983,0.2646,1.0599,41.267,-16.099,-15.757,0,0,0,6.7715,6.7099,6.6801,6.6551,-41.101,-28.439,-25.361,-60.834,1718.5,1598,44.694
5.36,-1.9834,-2.6404,1.1336,0.27948,0.70061,0,0.65654,1.6532,-2.5546,1.3683,0.6579,0.082584,0.6669,40.853,-16.297,-15.931,0,0,0,6.7295,6.6691,6.6374,6.609,-41.663,-11.133,-9.5548,-53.569,1739.5,1560.7,44.408
5.37,-1.9648,-2.6668,1.1465,0.28253,0.69995,0,0.65593,2.0597,-2.7179,1.2087,0.21028,-0.083872,0.26052,40.434,-16.321,-15.95,0,0,0,6.674,6.6145,6.5813,6.5508,-42.213,6.2888,5.8047,-58.238,1741.8,1508.8,44.034
5.38,-1.9422,-2.6948,1.1578,0.28267,0.69934,0,0.65652,2.4619,-2.8805,1.0498,-0.24229,-0.24059,-0.1545,40.009,-16.171,-15.817,0,0,0,6.6048,6.5455,6.5116,6.48,-42.864,23.645,20.576,-73.841,1726.6,1443.3,43.57
5.39,-1.9156,-2.7244,1.1675,0.27985,0.69881,0,0.65829,2.8598,-3.0407,0.89286,-0.69831,-0.39375,-0.5739,39.576,-15.849,-15.54,0,0,0,6.5221,6.4624,6.428,6.3967,-43.722,40.765,34.63,-99.382,1694.8,1365.5,43.015
5.4,-1.885,-2.7556,1.1757,0.27406,0.69834,0,0.66122,3.2534,-3.1969,0.73941,-1.1567,-0.54964,-0.99385,39.133,-15.357,-15.127,0,0,0,6.4263,6.3656,6.3313,6.3013,-44.882,57.489,47.849,-133.86,1647.5,1276.5,42.374
5.41,-1.8505,-2.7883,1.1823,0.26526,0.69787,0,0.6653,3.6424,-3.3473,0.59074,-1.6166,-0.71457,-1.4108,38.677,-14.701,-14.587,0,0,0,6.3185,6.256,6.2221,6.1946,-46.426,73.667,60.126,-176.28,1585.8,1177.4,41.652
5.42,-1.8122,-2.8225,1.1875,0.25345,0.69728,0,0.67049,4.0269,-3.4904,0.44807,-2.0766,-0.89466,-1.8213,38.203,-13.886,-13.928,0,0,0,6.1997,6.1349,6.1018,6.078,-48.43,89.16,71.366,-225.64,1510.8,1069.4,40.857
5.43,-1.77,-2.8581,1.1913,0.23864,0.69642,0,0.67679,4.4064,-3.6245,0.31253,-2.5349,-1.0957,-2.2221,37.707,-12.921,-13.163,0,0,0,6.0714,6.0039,5.9719,5.9529,-50.959,103.84,81.487,-280.95,1423.4,953.6,40
5.44,-1.724,-2.8949,1.1938,0.22083,0.69509,0,0.68416,4.7809,-3.7483,0.18513,-2.9889,-1.3229,-2.6096,37.182,-11.813,-12.302,0,0,0,5.9354,5.865,5.8341,5.8213,-54.066,117.59,90.416,-341.21,1324.9,831.23,39.093
5.45,-1.6744,-2.933,1.195,0.20007,0.69305,0,0.69257,5.15,-3.8603,0.06676,-3.4346,-1.5808,-2.9803,36.623,-10.572,-11.359,0,0,0,5.7937,5.7205,5.6907,5.6853,-57.796,130.3,98.094,-405.41,1216.2,703.41,38.15
5.46,-1.6211,-2.9721,1.1952,0.17642,0.69001,0,0.70197,5.5132,-3.9593,-0.041811,-3.8667,-1.8725,-3.3302,36.024,-9.2104,-10.345,0,0,0,5.6483,5.5727,5.5438,5.5472,-62.184,141.88,104.47,-472.56,1098.4,571.28,37.187
5.47,-1.5641,-3.0121,1.1942,0.14999,0.68567,0,0.71229,5.8703,-4.0442,-0.13995,-4.2786,-2.1997,-3.6555,35.377,-7.7387,-9.2739,0,0,0,5.5013,5.4242,5.396,5.4092,-67.254,152.24,109.51,-541.67,972.51,435.99,36.218
5.48,-1.5037,-3.0529,1.1924,0.12094,0.67972,0,0.72344,6.2206,-4.1138,-0.22714,-4.6623,-2.5621,-3.9523,34.677,-6.1698,-8.1593,0,0,0,5.3549,5.2776,5.2496,5.2737,-73.021,161.31,113.18,-611.73,839.69,298.71,35.26
5.49,-1.4398,-3.0944,1.1897,0.089476,0.67181,0,0.7353,6.5636,-4.1673,-0.30303,-5.0091,-2.957,-4.2168,33.915,-4.517,-7.0148,0,0,0,5.2114,5.1354,5.107,5.1429,-79.488,169.02,115.48,-681.75,700.95,160.57,34.328
5.5,-1.3724,-3.1362,1.1864,0.055878,0.66165,0,0.74773,6.8987,-4.2039,-0.36739,-5.3097,-3.3792,-4.4459,33.084,-2.7941,-5.8543,0,0,0,5.0727,5.0001,4.9707,5.0185,-86.652,175.31,116.4,-750.73,557.37,22.724,33.437
5.51,-1.3018,-3.1784,1.1824,0.02048,0.64894,0,0.76056,7.225,-4.223,-0.42011,-5.5554,-3.8211,-4.6372,32.179,-1.0155,-4.6914,0,0,0,4.941,4.8736,4.8426,4.9023,-94.496,180.15,115.94,-817.66,409.99,-113.67,32.599
5.52,-1.228,-3.2206,1.178,-0.016328,0.63347,0,0.7736,7.542,-4.2241,-0.46125,-5.7392,-4.273,-4.7898,31.192,0.804,-3.54,0,0,0,4.8178,4.7577,4.7245,4.7954,-103,183.5,114.13,-881.56,259.89,-247.46,31.826
5.53,-1.151,-3.2628,1.1732,-0.054109,0.61506,0,0.78662,7.8486,-4.2068,-0.49099,-5.8563,-4.7241,-4.904,30.117,2.6495,-2.4132,0,0,0,4.7048,4.6535,4.6177,4.6987,-112.11,185.35,111,-941.43,108.12,-377.5,31.125
5.54,-1.071,-3.3047,1.1682,-0.092401,0.59364,0,0.79941,8.144,-4.1711,-0.50964,-5.9052,-5.1639,-4.9821,28.948,4.5058,-1.3242,0,0,0,4.6029,4.5618,4.5229,4.6124,-121.81,185.67,106.6,-996.26,-44.245,-502.64,30.5
5.55,-0.98817,-3.3462,1.1631,-0.13074,0.56919,0,0.81175,8.4272,-4.1167,-0.51764,-5.8882,-5.5831,-5.0279,27.679,6.3578,-0.28536,0,0,0,4.5129,4.4825,4.4404,4.5365,-132.02,184.46,100.97,-1045.1,-196.15,-621.72,29.954
5.56,-0.90253,-3.387,1.1579,-0.16867,0.54178,0,0.82342,8.6972,-4.044,-0.51556,-5.8106,-5.9753,-5.0471,26.306,8.1901,0.69136,0,0,0,4.4349,4.4153,4.3696,4.4706,-142.68,181.75,94.187,-1086.8,-346.54,-733.6,29.484
5.57,-0.81427,-3.427,1.1528,-0.2058,0.51152,0,0.83426,8.953,-3.953,-0.50406,-5.6805,-6.3377,-5.0464,24.825,9.9877,1.5948,0,0,0,4.3688,4.3591,4.3097,4.4141,-153.73,177.54,86.326,-1120.6,-494.34,-837.13,29.086
5.58,-0.72352,-3.466,1.1479,-0.24177,0.47857,0,0.84411,9.1934,-3.8444,-0.48394,-5.5073,-6.6713,-5.0332,23.231,11.736,2.4146,0,0,0,4.3138,4.3127,4.2595,4.366,-165.07,171.87,77.476,-1145.3,-638.49,-931.15,28.753
5.59,-0.63046,-3.5038,1.1431,-0.27629,0.44309,0,0.85284,9.4172,-3.7185,-0.45608,-5.3005,-6.9809,-5.0154,21.523,13.42,3.1413,0,0,0,4.2687,4.2749,4.2175,4.3255,-176.6,164.79,67.738,-1160,-777.94,-1014.5,28.478
5.6,-0.53524,-3.5403,1.1388,-0.30913,0.40522,0,0.86037,9.6234,-3.5762,-0.42145,-5.068,-7.2736,-5.0003,19.698,15.027,3.7668,0,0,0,4.2323,4.2443,4.1821,4.2914,-188.23,156.33,57.225,-1163.6,-911.62,-1086.1,28.25
5.61,-0.43805,-3.5753,1.1347,-0.3401,0.36508,0,0.86663,9.8108,-3.4183,-0.38111,-4.8156,-7.5582,-4.9948,17.758,16.543,4.2837,0,0,0,4.2031,4.2198,4.152,4.2631,-199.83,146.58,46.06,-1155.3,-1038.5,-1144.7,28.063
5.62,-0.33909,-3.6086,1.1311,-0.36905,0.32275,0,0.87157,9.9782,-3.2457,-0.33616,-4.5458,-7.8435,-5.0045,15.702,17.955,4.6862,0,0,0,4.1797,4.2004,4.1262,4.2397,-211.29,135.59,34.379,-1133.9,-1157.4,-1189.2,27.91
5.63,-0.23856,-3.6401,1.128,-0.39582,0.27826,0,0.87516,10.124,-3.0596,-0.28778,-4.2578,-8.1365,-5.0338,13.533,19.251,4.97,0,0,0,4.1612,4.1858,4.1039,4.2209,-222.47,123.46,22.328,-1098.5,-1267.4,-1218.4,27.786
5.64,-0.13667,-3.6698,1.1254,-0.42026,0.23162,0,0.87735,10.249,-2.8611,-0.23716,-3.9471,-8.4412,-5.0855,11.254,20.42,5.1321,0,0,0,4.1467,4.176,4.0853,4.2067,-233.21,110.28,10.066,-1048.1,-1367.4,-1231.2,27.691
5.65,-0.033664,-3.6973,1.1233,-0.44216,0.18283,0,0.87811,10.349,-2.6516,-0.18555,-3.6066,-8.757,-5.1604,8.8709,21.453,5.1712,0,0,0,4.1361,4.1716,4.071,4.1976,-243.37,96.148,-2.2372,-981.72,-1456.2,-1226.4,27.627
5.66,0.070231,-3.7228,1.1217,-0.46127,0.13192,0,0.8774,10.426,-2.4325,-0.13415,-3.2269,-9.0774,-5.2574,6.3894,22.34,5.0878,0,0,0,4.1297,4.1737,4.0624,4.1943,-252.79,81.191,-14.4,-898.3,-1533,-1203,27.6
5.67,0.17476,-3.746,1.1206,-0.4773,0.078979,0,0.87519,10.477,-2.2053,-0.084189,-2.7983,-9.3896,-5.3733,3.8182,23.075,4.8843,0,0,0,4.1283,4.1837,4.0615,4.1983,-261.28,65.532,-26.231,-796.87,-1596.5,-1159.7,27.62
5.68,0.27968,-3.7668,1.12,-0.48988,0.024183,0,0.87145,10.502,-1.9716,-0.036849,-2.3123,-9.6734,-5.502,1.1675,23.649,4.565,0,0,0,4.1335,4.2034,4.0711,4.2109,-268.66,49.308,-37.524,-676.43,-1645.8,-1095.3,27.698
5.69,0.38471,-3.7854,1.1198,-0.49865,-0.03214,0,0.86621,10.5,-1.7329,0.006746,-1.7643,-9.9029,-5.6354,-1.5507,24.059,4.1363,0,0,0,4.1473,4.2348,4.0942,4.2342,-274.74,32.667,-48.063,-536.1,-1679.8,-1008.9,27.851
5.7,0.48958,-3.8015,1.1201,-0.50324,-0.089508,0,0.8595,10.47,-1.491,0.045542,-1.1559,-10.049,-5.7632,-4.3224,24.302,3.607,0,0,0,4.1725,4.2795,4.1337,4.2697,-279.32,15.764,-57.632,-376.83,-1698.3,-901.52,28.092
5.71,0.59402,-3.8152,1.1207,-0.50334,-0.14727,0,0.85144,10.413,-1.2474,0.078585,-0.49731,-10.083,-5.8746,-7.1316,24.374,2.9876,0,0,0,4.2117,4.3388,4.1923,4.3193,-282.22,-1.2483,-66.033,-201.11,-1701.8,-775.78,28.437
5.72,0.69775,-3.8264,1.1217,-0.49878,-0.20465,0,0.84222,10.328,-1.004,0.10504,0.19308,-9.9839,-5.9596,-9.9608,24.277,2.2908,0,0,0,4.2679,4.4136,4.2713,4.3843,-283.3,-18.223,-73.096,-11.458,-1690.8,-634.46,28.895
5.73,0.80049,-3.8353,1.1228,-0.48954,-0.26079,0,0.83207,10.214,-0.76246,0.12419,0.89058,-9.7408,-6.0101,-12.791,24.01,1.5306,0,0,0,4.343,4.5039,4.3711,4.4656,-282.42,-35.017,-78.679,189.59,-1665.8,-480.33,29.473
5.74,0.90194,-3.8417,1.1241,-0.47579,-0.31485,0,0.82128,10.072,-0.52438,0.13549,1.568,-9.3554,-6.0209,-15.602,23.578,0.72251,0,0,0,4.438,4.6095,4.4906,4.5635,-279.48,-51.494,-82.669,399.51,-1627.3,-316.13,30.169
5.75,1.0018,-3.8458,1.1255,-0.45785,-0.36604,0,0.81018,9.9021,-0.29145,0.13853,2.1997,-8.8419,-5.9906,-18.373,22.982,-0.11715,0,0,0,4.5528,4.7291,4.6275,4.6775,-274.4,-67.519,-84.977,615.77,-1575.7,-144.63,30.978
5.76,1.0999,-3.8476,1.1269,-0.43622,-0.41373,0,0.79909,9.7048,-0.065268,0.1331,2.7655,-8.2233,-5.9208,-21.083,22.229,-0.97124,0,0,0,4.6854,4.8612,4.7788,4.8059,-267.15,-82.967,-85.546,835.84,-1511.7,31.432,31.886
5.77,1.1958,-3.8471,1.1281,-0.41145,-0.45745,0,0.78832,9.4807,0.15263,0.11912,3.2524,-7.5275,-5.8162,-23.709,21.325,-1.8222,0,0,0,4.833,5.0036,4.9405,4.9466,-257.68,-97.713,-84.343,1057.2,-1435.6,209.29,32.873
5.78,1.2894,-3.8445,1.1292,-0.38417,-0.49693,0,0.77812,9.2309,0.36075,0.096724,3.6552,-6.783,-5.6832,-26.229,20.278,-2.6522,0,0,0,4.9916,5.1534,5.1087,5.0963,-246.01,-111.64,-81.364,1277.3,-1348.1,386.19,33.917
5.79,1.3804,-3.8399,1.13,-0.35496,-0.53205,0,0.76872,8.9566,0.55773,0.066206,3.9753,-6.0153,-5.529,-28.622,19.095,-3.4436,0,0,0,5.1567,5.3072,5.2792,5.2512,-232.15,-124.64,-76.631,1493.6,-1249.5,559.38,34.99
5.8,1.4685,-3.8334,1.1305,-0.32437,-0.56282,0,0.76027,8.659,0.74225,0.028038,4.2188,-5.2449,-5.3608,-30.865,17.788,-4.1791,0,0,0,5.3232,5.4615,5.4476,5.4072,-216.16,-136.6,-70.198,1703.6,-1140.4,726.1,36.066
5.81,1.5535,-3.8251,1.1306,-0.29286,-0.58937,0,0.75292,8.3398,0.91311,-0.017135,4.3948,-4.4866,-5.1853,-32.938,16.367,-4.8421,0,0,0,5.4864,5.6122,5.61,5.5599,-198.11,-147.41,-62.14,1904.8,-1021.2,883.6,37.114
5.82,1.6352,-3.8152,1.1302,-0.26083,-0.61186,0,0.74672,8.0009,1.0692,-0.06851,4.5136,-3.7498,-5.0082,-34.821,14.844,-5.4169,0,0,0,5.6416,5.7552,5.7623,5.7049,-178.1,-156.99,-52.566,2094.7,-892.56,1029.1,38.107
5.83,1.7134,-3.8038,1.1292,-0.22861,-0.6305,0,0.74176,7.6441,1.2097,-0.12513,4.5852,-3.0391,-4.8341,-36.494,13.232,-5.8888,0,0,0,5.7842,5.8867,5.9008,5.8379,-156.26,-165.23,-41.607,2270.6,-754.87,1159.9,39.016
5.84,1.788,-3.7911,1.1276,-0.19641,-0.64552,0,0.73805,7.2718,1.3336,-0.1859,4.6188,-2.3554,-4.6666,-37.94,11.544,-6.2449,0,0,0,5.9103,6.0028,6.0222,5.9552,-132.74,-172.06,-29.426,2430.1,-608.64,1273.2,39.817
5.85,1.8588,-3.7772,1.1255,-0.16444,-0.65712,0,0.73563,6.8861,1.4404,-0.2496,4.6222,-1.6968,-4.5081,-39.144,9.7958,-6.4739,0,0,0,6.0165,6.1001,6.1234,6.0531,-107.72,-177.38,-16.21,2570.7,-454.39,1366.3,40.488
5.86,1.9257,-3.7623,1.1226,-0.13283,-0.66547,0,0.73451,6.4897,1.5294,-0.31492,4.6012,-1.0595,-4.3604,-40.09,8.0019,-6.5664,0,0,0,6.0996,6.1757,6.2017,6.1286,-81.4,-181.12,-2.1768,2689.7,-292.6,1436.3,41.009
5.87,1.9886,-3.7467,1.1192,-0.10166,-0.67073,0,0.7347,6.0852,1.6003,-0.38045,4.5604,-0.43867,-4.2241,-40.768,6.1789,-6.5155,0,0,0,6.1575,6.227,6.2551,6.1794,-54.007,-183.21,12.431,2784.8,-123.78,1480.7,41.365
5.88,2.0474,-3.7304,1.115,-0.071009,-0.67302,0,0.73621,5.6753,1.6529,-0.44474,4.5024,0.17142,-4.0995,-41.168,4.3435,-6.3168,0,0,0,6.1883,6.2522,6.282,6.2035,-25.793,-183.57,27.341,2853.3,51.58,1496.5,41.543
5.89,2.1021,-3.7137,1.1103,-0.040937,-0.6724,0,0.73905,5.2628,1.6872,-0.50629,4.4284,0.7765,-3.986,-41.282,2.5134,-5.9687,0,0,0,6.1909,6.2499,6.2814,6.1998,2.9632,-182.16,42.256,2892.8,232.98,1481,41.536
5.9,2.1527,-3.6967,1.1049,-0.011497,-0.66892,0,0.74325,4.8506,1.7033,-0.56362,4.3377,1.382,-3.8825,-41.108,0.70656,-5.4727,0,0,0,6.1649,6.2194,6.2529,6.1678,31.958,-178.9,56.848,2900.7,419.93,1431.5,41.342
5.91,2.1991,-3.6797,1.099,0.017251,-0.66257,0,0.7488,4.4416,1.7015,-0.61527,4.2285,1.9925,-3.7875,-40.644,-1.0582,-4.8339,0,0,0,6.1107,6.1609,6.1969,6.1077,60.863,-173.74,70.764,2874.4,611.91,1345.3,40.96
5.92,2.2415,-3.6627,1.0926,0.045231,-0.65333,0,0.75572,4.0387,1.6823,-0.65985,4.0973,2.6113,-3.6984,-39.892,-2.7618,-4.061,0,0,0,6.0291,6.0749,6.1143,6.0206,89.324,-166.64,83.623,2811.5,808.45,1219.5,40.398
5.93,2.2799,-3.6461,1.0859,0.072339,-0.64114,0,0.764,3.6447,1.6465,-0.69608,3.9393,3.2396,-3.6125,-38.86,-4.3844,-3.1664,0,0,0,5.9221,5.9628,6.0068,5.908,116.96,-157.56,95.014,2709.4,1009,1051.5,39.666
5.94,2.3145,-3.6298,1.0787,0.098436,-0.62595,0,0.77363,3.2624,1.595,-0.72283,3.7486,3.8754,-3.5261,-37.557,-5.9062,-2.167,0,0,0,5.7918,5.8265,5.8764,5.7725,143.37,-146.45,104.5,2565.6,1213.2,838.41,38.778
5.95,2.3452,-3.6142,1.0714,0.12334,-0.60767,0,0.78455,2.8944,1.5288,-0.73914,3.5183,4.5128,-3.4346,-35.998,-7.3066,-1.0842,0,0,0,5.6411,5.6683,5.7257,5.6169,168.13,-133.28,111.62,2377.6,1420.4,577.54,37.753
5.96,2.3724,-3.5993,1.064,0.14683,-0.5863,0,0.79668,2.5432,1.4493,-0.74432,3.2416,5.1404,-3.333,-34.201,-8.5649,0.055923,0,0,0,5.4732,5.4911,5.5574,5.4448,190.77,-118.03,115.88,2142.8,1630.1,266.12,36.611
5.97,2.3962,-3.5853,1.0566,0.16861,-0.56185,0,0.80987,2.2111,1.358,-0.73794,2.912,5.7406,-3.2153,-32.191,-9.6602,1.2222,0,0,0,5.2914,5.2978,5.3746,5.2598,210.82,-100.68,116.77,1859.4,1841.1,-96.93,35.373
5.98,2.4167,-3.5722,1.0493,0.18836,-0.53445,0,0.82395,1.9,1.2567,-0.71991,2.5254,6.2913,-3.0763,-29.995,-10.571,2.3785,0,0,0,5.0988,5.0915,5.1795,5.065,227.81,-81.236,113.82,1532.3,2044.8,-497.99,34.058
5.99,2.4342,-3.5602,1.0422,0.20574,-0.50432,0,0.83865,1.6117,1.1473,-0.69053,2.0813,6.7712,-2.9127,-27.646,-11.278,3.4849,0,0,0,4.8974,4.8754,4.9744,4.8626,241.35,-59.846,106.76,1169.7,2229,-915.82,32.683
6,2.449,-3.5493,1.0355,0.22039,-0.4718,0,0.85372,1.3475,1.0319,-0.65052,1.5826,7.1633,-2.7238,-25.181,-11.763,4.4997,0,0,0,4.6888,4.6517,4.7607,4.6539,251.11,-36.762,95.518,779.92,2381.4,-1329.1,31.259
6.01,2.4613,-3.5395,1.0292,0.232,-0.43731,0,0.86887,1.1084,0.91283,-0.60098,1.034,7.4569,-2.5115,-22.637,-12.009,5.3818,0,0,0,4.4734,4.4216,4.5392,4.439,256.88,-12.365,80.259,371.17,2489.8,-1716.5,29.789
6.02,2.4713,-3.531,1.0235,0.24027,-0.40134,0,0.88385,0.89488,0.79254,-0.54345,0.43996,7.6499,-2.2793,-20.057,-12.007,6.0927,0,0,0,4.2505,4.1854,4.3098,4.2169,258.5,12.845,61.345,-48.26,2541.8,-2056.8,28.271
6.03,2.4792,-3.5237,1.0184,0.24495,-0.36438,0,0.89846,0.70721,0.67353,-0.47981,-0.19818,7.7491,-2.0323,-17.481,-11.752,6.5984,0,0,0,4.0193,3.9422,4.0722,3.9856,255.91,38.243,39.352,-470.1,2525.2,-2328.6,26.699
6.04,2.4855,-3.5175,1.0139,0.24581,-0.32688,0,0.91254,0.54509,0.55834,-0.41226,-0.8851,7.7696,-1.7759,-14.953,-11.244,6.8721,0,0,0,3.7785,3.6907,3.826,3.7432,249.12,63.08,15.072,-886.07,2427.8,-2510.6,25.064
6.05,2.4902,-3.5125,1.0102,0.24259,-0.28923,0,0.92601,0.40786,0.44945,-0.34321,-1.6338,7.7323,-1.5153,-12.513,-10.495,6.8956,0,0,0,3.5274,3.4296,3.5708,3.4879,238.24,86.488,-10.489,-1287.9,2237.2,-2581.5,23.36
6.06,2.4937,-3.5085,1.0071,0.23494,-0.25168,0,0.93886,0.29441,0.34919,-0.2752,-2.467,7.6602,-1.2555,-10.201,-9.5226,6.662,0,0,0,3.2666,3.1583,3.3073,3.2194,223.44,107.47,-36.116,-1667.3,1941.1,-2520,21.586
6.07,2.4962,-3.5055,1.0046,0.2224,-0.21439,0,0.95109,0.20328,0.25964,-0.2108,-3.4154,7.5735,-1.0011,-8.0561,-8.3572,6.1778,0,0,0,2.9983,2.8779,3.0373,2.9392,204.99,124.92,-60.376,-2016.1,1527.4,-2304.7,19.755
6.08,2.4979,-3.5033,1.0028,0.20437,-0.17743,0,0.96268,0.13262,0.18255,-0.15241,-4.5096,7.4805,-0.75686,-6.1123,-7.0402,5.4645,0,0,0,2.7271,2.5921,2.7636,2.6526,183.24,137.59,-81.627,-2325.9,983.7,-1914.4,17.892
6.09,2.4989,-3.5018,1.0016,0.18008,-0.14087,0,0.97351,0.080256,0.11917,-0.10215,-5.756,7.3629,-0.52911,-4.4008,-5.6259,4.5615,0,0,0,2.4595,2.3087,2.4889,2.3702,158.63,144.12,-98.011,-2588.5,297.76,-1327.8,16.046
6.1,2.4995,-3.5008,1.0008,0.14894,-0.10495,0,0.98326,0.043739,0.070129,-0.061624,-7.0781,7.1494,-0.32748,-2.9476,-4.1832,3.5274,0,0,0,2.2029,2.0417,2.2134,2.1113,131.66,143.03,-107.46,-2795.6,-542.71,-523.56,14.282
6.11,2.4998,-3.5003,1.0003,0.11115,-0.070495,0,0.9913,0.020373,0.035318,-0.03177,-8.2028,6.6809,-0.16574,-1.7735,-2.7962,2.443,0,0,0,1.962,1.8134,1.9313,1.9069,102.93,132.71,-107.69,-2939,-1550,519.68,12.689
6.12,2.5,-3.5001,1.0001,0.069107,-0.039403,0,0.99683,0.007291,0.013686,-0.012586,-8.5113,5.6963,-0.058469,-0.89265,-1.5656,1.4127,0,0,0,1.7352,1.6543,1.6334,1.7951,73.119,111.43,-96.196,-3010.3,-2736.3,1823.2,11.363
6.13,2.5,-3.5,1,0.029364,-0.015022,0,0.99946,0.001518,0.0030909,-0.0029025,-7.0263,3.9236,-0.0096676,-0.31218,-0.61022,0.56714,0,0,0,1.5189,1.5927,1.3272,1.799,42.99,77.344,-70.282,-3001.4,-4114,3408.3,10.396
6.14,2.5,-3.5,1,0.0034421,-0.001576,0,0.99999,4.8321e-05,0.00010694,-0.00010243,-2.8654,1.3474,-0.00012207,-0.031115,-0.067959,0.064894,0,0,0,1.33,1.6309,1.0741,1.888,13.386,28.473,-27.021,-2903.8,-5695.2,5296.3,9.8718
6.1447,2.5,-3.5,1,1.0868e-15,2.1737e-15,0,1,2.2204e-14,-1.1435e-14,1.5987e-14,-1.1593e-14,4.0575e-14,-6.9297e-29,4.2633e-14,-2.1316e-14,0,0,0,0,1.2689,1.6731,1.0096,1.9324,3.979e-13,1.1369e-13,4.5475e-13,-2825.6,-6506.9,6287.8,9.8066
