t,p_x,p_y,p_z,q_x,q_y,q_z,q_w,v_x,v_y,v_z,w_x,w_y,w_z,a_lin_x,a_lin_y,a_lin_z,a_rot_x,a_rot_y,a_rot_z,u_1,u_2,u_3,u_4,jerk_x,jerk_y,jerk_z,snap_x,snap_y,snap_z,thrust
0,-2.5,-3.5,1,0,0,0,1,0,0,0,0,0,0,0,0,0,0,0,0,0.7579,2.1841,1.2316,1.7104,0,0,0,5161.2,-9340.8,17472,9.8066
0.01,-2.5,-3.5,1,0.019134,0.012616,0,0.99974,0.00088199,-0.001398,0.0025872,6.5806,4.7771,-0.0083888,0.26645,-0.40412,0.74509,0,0,0,1.2549,1.9228,1.5835,1.5764,53.965,-74.827,136.87,5567.4,-5741.6,10177,10.563
0.02,-2.5,-3.5001,1.0001,0.05587,0.043739,0,0.99748,0.0071787,-0.010007,0.01832,7.4303,7.3017,-0.08316,1.0866,-1.388,2.521,0,0,0,1.8616,1.9031,1.9667,1.7404,110.14,-117.07,208.8,5611.3,-2814.4,4458.5,12.453
0.03,-2.4998,-3.5002,1.0004,0.089243,0.08276,0,0.99257,0.02448,-0.030106,0.054518,5.8452,8.1971,-0.24963,2.4653,-2.6584,4.7546,0,0,0,2.3456,2.1997,2.3486,2.1096,165.14,-133.15,230.76,5341.1,-499.06,157.75,15.006
0.04,-2.4994,-3.5007,1.0013,0.11331,0.12448,0,0.98573,0.058261,-0.063351,0.11349,3.993,8.5636,-0.48015,4.3759,-3.9833,7.0145,0,0,0,2.7744,2.6266,2.7519,2.5461,216.08,-128.89,216.15,4804.9,1264.6,-2883.5,17.832
0.05,-2.4986,-3.5016,1.0028,0.1285,0.16764,0,0.97744,0.1136,-0.10936,0.19386,2.4344,8.8758,-0.74939,6.7651,-5.1859,8.9952,0,0,0,3.182,3.0672,3.1576,2.9795,260.52,-109.5,176.76,4050.9,2536.9,-4823.5,20.644
0.06,-2.4971,-3.5029,1.0052,0.13631,0.21224,0,0.96766,0.19491,-0.16623,0.2918,1.1636,9.2293,-1.0448,9.5581,-6.1383,10.501,0,0,0,3.566,3.474,3.5406,3.3809,296.53,-79.59,122.82,3127.2,3378.1,-5820.8,23.269
0.07,-2.4946,-3.5049,1.0087,0.13782,0.25832,0,0.95618,0.3058,-0.23101,0.40197,0.076667,9.5742,-1.3593,12.663,-6.756,11.432,0,0,0,3.9194,3.8318,3.8861,3.7427,322.66,-43.174,62.961,2082,3848.3,-6033.6,25.633
0.08,-2.4908,-3.5076,1.0133,0.13368,0.30544,0,0.94278,0.44886,-0.30007,0.51844,-0.90609,9.8109,-1.6846,15.975,-6.9915,11.765,0,0,0,4.241,4.1416,4.1915,4.0686,337.92,-3.6601,4.2349,963.38,4007.7,-5620.4,27.738
0.09,-2.4855,-3.5109,1.019,0.12424,0.35266,0,0.92747,0.62562,-0.3695,0.63539,-1.8207,9.8312,-2.0092,19.383,-6.8283,11.539,0,0,0,4.5351,4.413,4.4621,4.3682,341.84,36.146,-47.889,-180.48,3916.7,-4739.5,29.631
0.1,-2.4782,-3.5149,1.026,0.10983,0.39859,0,0.91053,0.83647,-0.43534,0.74764,-2.6654,9.5491,-2.3186,22.774,-6.2751,10.842,0,0,0,4.8074,4.6589,4.7074,4.6512,334.39,74.04,-89.525,-1301.4,3635.4,-3549.3,31.375
0.11,-2.4687,-3.5196,1.034,0.090906,0.44161,0,0.89259,1.0807,-0.4938,0.85105,-3.4155,8.9268,-2.599,26.035,-5.3593,9.7912,0,0,0,5.0628,4.8913,4.937,4.9235,316.05,108.42,-118.37,-2351.3,3224.1,-2208.1,33.024
0.12,-2.4565,-3.5248,1.0429,0.068101,0.48017,0,0.87453,1.3564,-0.54145,0.94273,-4.0429,7.9879,-2.8418,29.062,-4.1218,8.5197,0,0,0,5.303,5.1173,5.1567,5.1852,287.76,138.29,-133.71,-3282,2742.9,-874.36,34.604
0.13,-2.4414,-3.5304,1.0528,0.042163,0.51309,0,0.8573,1.6608,-0.57532,1.0211,-4.5332,6.8109,-3.048,31.762,-2.61,7.1593,0,0,0,5.5265,5.3377,5.3675,5.4303,250.97,163.25,-136.41,-4045.7,2251.8,294.68,36.103
0.14,-2.4232,-3.5362,1.0633,0.013831,0.53971,0,0.84174,1.9903,-0.5929,1.086,-4.894,5.5029,-3.2284,34.059,-0.8728,5.8262,0,0,0,5.7293,5.5463,5.5643,5.6512,207.49,183.42,-128.69,-4617.7,1788.6,1207.2,37.485
0.15,-2.4016,-3.5422,1.0744,-0.016275,0.55985,0,0.82843,2.3404,-0.59218,1.1381,-5.1467,4.152,-3.3966,35.895,1.0435,4.6118,0,0,0,5.9054,5.7332,5.7385,5.8411,159.21,199.12,-113.08,-5010.2,1355.9,1875.8,38.697
0.16,-2.3763,-3.548,1.086,-0.047693,0.57362,0,0.81773,2.7065,-0.57158,1.1789,-5.3152,2.8113,-3.5645,37.233,3.0957,3.5831,0,0,0,6.0486,5.8888,5.8812,5.9941,107.84,210.64,-91.914,-5238.6,953.23,2322.4,39.688
0.17,-2.3474,-3.5535,1.098,-0.0801,0.58122,0,0.80979,3.0833,-0.52995,1.2105,-5.4208,1.5054,-3.7418,38.047,5.2434,2.785,0,0,0,6.1536,6.006,5.9854,6.1058,54.934,218.28,-67.3,-5318.2,580.18,2568.9,40.418
0.18,-2.3146,-3.5585,1.1102,-0.11328,0.58288,0,0.80463,3.4657,-0.46652,1.2354,-5.4785,0.24061,-3.9348,38.331,7.4493,2.2423,0,0,0,6.2169,6.0808,6.0472,6.1739,1.9165,222.34,-41.129,-5264.4,236.23,2637.4,40.865
0.19,-2.2781,-3.5628,1.1227,-0.14707,0.57874,0,0.80214,3.8482,-0.38088,1.2562,-5.4971,-0.98666,-4.147,38.089,9.6792,1.962,0,0,0,6.2377,6.1123,6.0655,6.199,-49.962,223.1,-15.073,-5092.8,-79.102,2549.7,41.024
0.2,-2.2377,-3.5661,1.1353,-0.18132,0.56887,0,0.80219,4.2258,-0.27296,1.2755,-5.4786,-2.1825,-4.3785,37.339,11.901,1.9356,0,0,0,6.2174,6.1028,6.0426,6.1839,-99.598,220.85,9.4166,-4818.6,-366.28,2327.7,40.911
0.21,-2.1936,-3.5682,1.1482,-0.21586,0.55328,0,0.80454,4.5934,-0.14297,1.2957,-5.4201,-3.3504,-4.6263,36.108,14.087,2.141,0,0,0,6.1602,6.0574,5.9837,6.1337,-146.04,215.87,31.107,-4457.4,-625.79,1993.5,40.558
0.22,-2.1459,-3.5689,1.1613,-0.25043,0.53192,0,0.80892,4.9464,0.0085762,1.319,-5.315,-4.4867,-4.884,34.432,16.211,2.545,0,0,0,6.0719,5.9831,5.8963,6.0552,-188.51,208.43,48.984,-4024.4,-858.11,1568.8,40.011
0.23,-2.0947,-3.5679,1.1746,-0.2847,0.50475,0,0.81497,5.2807,0.18095,1.3471,-5.1553,-5.5782,-5.1417,32.353,18.248,3.1053,0,0,0,5.9602,5.8884,5.7897,5.9567,-226.34,198.8,62.256,-3535.2,-1063.7,1075.8,39.325
0.24,-2.0403,-3.5652,1.1882,-0.31823,0.47186,0,0.82224,5.5923,0.37319,1.3815,-4.9352,-6.6006,-5.3868,29.922,20.18,3.7728,0,0,0,5.8336,5.7824,5.674,5.8465,-259.07,187.24,70.346,-3005,-1243.1,536.27,38.561
0.25,-1.983,-3.5604,1.2022,-0.35051,0.43345,0,0.83022,5.8781,0.58414,1.4228,-4.6546,-7.5202,-5.6051,27.19,21.988,4.4937,0,0,0,5.7013,5.6739,5.5593,5.7328,-286.36,174.02,72.899,-2449.4,-1396.7,-27.812,37.779
0.26,-1.9229,-3.5534,1.2167,-0.38099,0.38997,0,0.83832,6.1353,0.81248,1.4713,-4.3225,-8.2988,-5.7823,24.213,23.656,5.2118,0,0,0,5.5722,5.5702,5.4545,5.6228,-308.03,159.39,69.781,-1883.7,-1525,-594.51,37.033
0.27,-1.8604,-3.5441,1.2317,-0.40914,0.34212,0,0.8459,6.3617,1.0567,1.5268,-3.959,-8.9027,-5.9072,21.048,25.172,5.8707,0,0,0,5.4542,5.477,5.3657,5.522,-324.05,143.6,61.073,-1323.3,-1628.5,-1141.9,36.365
0.28,-1.7957,-3.5323,1.2473,-0.43459,0.29083,0,0.85238,6.5558,1.3154,1.5884,-3.5936,-9.3119,-5.9738,17.751,26.525,6.4156,0,0,0,5.3536,5.3975,5.2959,5.4344,-334.56,126.9,47.08,-783.69,-1707.7,-1648,35.802
0.29,-1.7294,-3.5178,1.2635,-0.45712,0.23715,0,0.85721,6.7165,1.5867,1.6546,-3.2595,-9.5286,-5.983,14.374,27.707,6.7964,0,0,0,5.2738,5.3325,5.245,5.3617,-339.85,109.53,28.323,-280.2,-1763,-2091,35.355
0.3,-1.6615,-3.5005,1.2804,-0.47676,0.18214,0,0.85996,6.8432,1.8689,1.7236,-2.9866,-9.5788,-5.943,10.97,28.714,6.9687,0,0,0,5.2152,5.2814,5.2096,5.3043,-340.34,91.72,5.5446,171.73,-1795,-2448.8,35.018
0.31,-1.5926,-3.4803,1.298,-0.49372,0.12671,0,0.86034,6.9359,2.1603,1.7931,-2.7934,-9.5079,-5.8678,7.5816,29.541,6.897,0,0,0,5.1758,5.2422,5.1852,5.2606,-336.63,73.706,-20.298,557.73,-1804.1,-2701.1,34.773
0.32,-1.5229,-3.4573,1.3162,-0.50835,0.071546,0,0.85817,6.995,2.4591,1.8606,-2.6839,-9.3697,-5.774,4.2487,30.188,6.5562,0,0,0,5.1513,5.2124,5.1674,5.2284,-329.41,55.71,-48.115,875.13,-1791.7,-2845,34.599
0.33,-1.4528,-3.4311,1.3351,-0.52101,0.017043,0,0.85338,7.0212,2.7635,1.9233,-2.6502,-9.2125,-5.6774,1.0028,30.656,5.9316,0,0,0,5.1372,5.1898,5.1528,5.2049,-319.34,37.939,-76.865,1128.8,-1759.5,-2889.1,34.474
0.34,-1.3826,-3.402,1.3547,-0.53203,-0.036629,0,0.84593,7.0155,3.0717,1.9783,-2.6761,-9.0731,-5.5905,-2.1307,30.948,5.0189,0,0,0,5.1294,5.1727,5.1394,5.1878,-307.03,20.58,-105.59,1323.6,-1709.4,-2841.9,34.382
0.35,-1.3126,-3.3697,1.3747,-0.54166,-0.089475,0,0.83582,6.979,3.3819,2.0227,-2.7389,-8.9745,-5.5227,-5.1323,31.07,3.8227,0,0,0,5.1253,5.1606,5.1265,5.1757,-293.05,3.8038,-133.43,1464.6,-1643.2,-2712,34.313
0.36,-1.2431,-3.3343,1.3951,-0.55,-0.1416,0,0.82308,6.9133,3.6925,2.0538,-2.8121,-8.9253,-5.4803,-7.9878,31.027,2.356,0,0,0,5.1237,5.1541,5.115,5.1687,-277.9,-12.236,-159.59,1556.8,-1562.6,-2508.2,34.269
0.37,-1.1744,-3.2959,1.4157,-0.55701,-0.19312,0,0.80774,6.8198,4.0019,2.069,-2.8672,-8.9208,-5.4661,-10.688,30.828,0.63893,0,0,0,5.1253,5.1551,5.1074,5.1678,-262.06,-27.406,-183.37,1605,-1469.5,-2238.9,34.259
0.38,-1.1068,-3.2543,1.4364,-0.56252,-0.24411,0,0.78993,6.7001,4.3086,2.0659,-2.8758,-8.9444,-5.4807,-13.228,30.482,-1.3015,0,0,0,5.1317,5.1662,5.1068,5.1751,-245.93,-41.589,-204.18,1614.2,-1365.5,-1912.9,34.3
0.39,-1.0405,-3.2097,1.457,-0.56623,-0.29458,0,0.76981,6.5558,4.6111,2.0424,-2.8119,-8.9702,-5.522,-15.607,30,-3.4329,0,0,0,5.1457,5.1905,5.1176,5.1933,-229.89,-54.687,-221.47,1589.4,-1252.7,-1538.8,34.412
0.4,-0.97578,-3.1621,1.4772,-0.56776,-0.34437,0,0.7477,6.3885,4.9082,1.9967,-2.6554,-8.9665,-5.5857,-17.827,29.392,-5.7178,0,0,0,5.1708,5.2309,5.1438,5.2254,-214.24,-66.619,-234.82,1535.6,-1132.6,-1125.1,34.618
0.41,-0.91282,-3.1116,1.4968,-0.56671,-0.39323,0,0.72402,6.1997,5.1986,1.9276,-2.3946,-8.9003,-5.666,-19.894,28.671,-8.115,0,0,0,5.2103,5.2896,5.1893,5.2736,-199.26,-77.322,-243.87,1457.7,-1007.2,-680.54,34.938
0.42,-0.85185,-3.0581,1.5156,-0.56271,-0.44078,0,0.69934,5.9911,5.4812,1.8342,-2.0293,-8.7425,-5.7554,-21.815,27.85,-10.58,0,0,0,5.2672,5.3675,5.2566,5.3399,-185.15,-86.752,-248.36,1360.6,-878.26,-213.71,35.385
0.43,-0.79306,-3.002,1.5334,-0.55546,-0.4866,0,0.6743,5.7639,5.7553,1.716,-1.5707,-8.4723,-5.8457,-23.601,26.941,-13.066,0,0,0,5.3431,5.464,5.3466,5.4246,-172.09,-94.882,-248.1,1249.4,-747.51,266.77,35.964
0.44,-0.73663,-2.9431,1.5499,-0.54483,-0.53023,0,0.64963,5.5195,6.0198,1.5729,-1.04,-8.0802,-5.9278,-25.261,25.957,-15.526,0,0,0,5.4383,5.5773,5.4585,5.5269,-160.2,-101.7,-243,1128.9,-616.77,752.27,36.668
0.45,-0.68272,-2.8816,1.5648,-0.53082,-0.57126,0,0.62602,5.259,6.2742,1.4057,-0.46458,-7.5678,-5.993,-26.809,24.911,-17.91,0,0,0,5.5512,5.7041,5.5893,5.6448,-149.53,-107.22,-233.07,1004.2,-487.84,1234.2,37.482
0.46,-0.6315,-2.8176,1.5779,-0.51358,-0.60931,0,0.60413,4.9836,6.5179,1.2152,0.12646,-6.9463,-6.0327,-28.256,23.816,-20.171,0,0,0,5.6783,5.8402,5.7349,5.7747,-140.11,-111.47,-218.36,880.2,-362.53,1703.8,38.38
0.47,-0.5831,-2.7513,1.589,-0.49341,-0.64412,0,0.58451,4.6942,6.7504,1.0028,0.70609,-6.2324,-6.0391,-29.615,22.686,-22.262,0,0,0,5.8151,5.981,5.8896,5.9121,-131.91,-114.49,-199.06,761.82,-242.62,2152.6,39.33
0.48,-0.53766,-2.6827,1.5979,-0.4707,-0.67548,0,0.5676,4.3916,6.9715,0.77063,1.2521,-5.4451,-6.0055,-30.898,21.53,-24.138,0,0,0,5.9558,6.1212,6.0474,6.0521,-124.84,-116.35,-175.41,654.06,-129.92,2572,40.294
0.49,-0.49531,-2.6119,1.6044,-0.4459,-0.70326,0,0.55371,4.0765,7.181,0.52092,1.748,-4.603,-5.9268,-32.115,20.362,-25.757,0,0,0,6.0947,6.2558,6.2021,6.189,-118.77,-117.12,-147.75,561.87,-26.215,2953.2,41.236
0.5,-0.45617,-2.5391,1.6083,-0.4195,-0.72738,0,0.54308,3.7495,7.3787,0.25647,2.1834,-3.7224,-5.7998,-33.276,19.191,-27.081,0,0,0,6.2261,6.3799,6.3477,6.3176,-113.53,-116.91,-116.5,490.2,66.694,3287.7,42.119
0.51,-0.42035,-2.4644,1.6095,-0.39202,-0.7478,0,0.53583,3.4111,7.5648,-0.019599,2.5529,-2.8169,-5.6236,-34.388,18.027,-28.077,0,0,0,6.3448,6.4894,6.4788,6.433,-108.88,-115.83,-82.177,444.02,147.01,3566.9,42.91
0.52,-0.38798,-2.3878,1.6078,-0.36393,-0.76452,0,0.53203,3.0619,7.7393,-0.30387,2.8548,-1.8973,-5.4002,-35.455,16.877,-28.716,0,0,0,6.4467,6.5808,6.591,6.5311,-104.55,-114.02,-45.375,428.28,212.94,3782.1,43.583
0.53,-0.35915,-2.3096,1.6034,-0.33569,-0.77756,0,0.53171,2.7022,7.9024,-0.59266,3.0908,-0.97275,-5.134,-36.479,15.749,-28.978,0,0,0,6.5288,6.6516,6.6807,6.6087,-100.2,-111.62,-6.7778,447.93,262.68,3924.6,44.116
0.54,-0.33397,-2.2298,1.596,-0.3077,-0.78694,0,0.53483,2.3325,8.0544,-0.88213,3.2642,-0.051236,-4.8324,-37.457,14.646,-28.848,0,0,0,6.5891,6.7004,6.746,6.6638,-95.456,-108.82,32.847,507.95,294.45,3986,44.499
0.55,-0.31253,-2.1486,1.5857,-0.2803,-0.79272,0,0.54132,1.9532,8.1954,-1.1683,3.3799,0.85896,-4.5048,-38.385,13.573,-28.321,0,0,0,6.6271,6.7269,6.7857,6.6958,-89.894,-105.8,72.649,611.41,307.16,3960.1,44.726
0.56,-0.29494,-2.0659,1.5727,-0.25377,-0.79494,0,0.55107,1.565,8.3259,-1.4472,3.444,1.7501,-4.1622,-39.251,12.53,-27.398,0,0,0,6.6431,6.7319,6.8003,6.7051,-83.099,-102.74,111.78,753.5,302.79,3852.1,44.801
0.57,-0.28126,-1.9821,1.5568,-0.22829,-0.79365,0,0.56391,1.1684,8.4461,-1.715,3.4636,2.6158,-3.8157,-40.042,11.518,-26.09,0,0,0,6.6386,6.7171,6.7917,6.6932,-74.719,-99.79,149.44,927.28,284.15,3669.9,44.734
0.58,-0.27159,-1.897,1.5384,-0.20398,-0.78891,0,0.57966,0.76444,8.5564,-1.9678,3.4461,3.4504,-3.4759,-40.739,10.534,-24.416,0,0,0,6.6159,6.6848,6.7624,6.6627,-64.471,-97.091,184.95,1125.8,254.01,3421.6,44.543
0.59,-0.26599,-1.811,1.5175,-0.1809,-0.78076,0,0.59808,0.35402,8.6569,-2.2022,3.3983,4.2478,-3.1514,-41.324,9.5747,-22.4,0,0,0,6.5781,6.6382,6.716,6.617,-52.142,-94.739,217.68,1342.3,215.18,3115.1,44.249
0.6,-0.26453,-1.7239,1.4944,-0.15905,-0.76922,0,0.61887,-0.06159,8.7479,-2.4148,3.3264,5.0013,-2.8492,-41.775,8.6374,-20.073,0,0,0,6.5289,6.5806,6.6564,6.5598,-37.589,-92.807,247.09,1569.6,170.45,2758.6,43.876
0.61,-0.26724,-1.636,1.4693,-0.13838,-0.75435,0,0.64172,-0.48094,8.8297,-2.6027,3.2359,5.7035,-2.574,-42.068,7.7171,-17.471,0,0,0,6.4721,6.5157,6.5879,6.4952,-20.736,-91.34,272.71,1801,122.6,2359.9,43.451
0.62,-0.27415,-1.5474,1.4425,-0.11884,-0.73621,0,0.66624,-0.90235,8.9023,-2.7634,3.1317,6.3466,-2.3285,-42.182,6.809,-14.633,0,0,0,6.4111,6.447,6.5144,6.4271,-1.5788,-90.356,294.17,2029.4,74.439,1927.2,42.999
0.63,-0.28529,-1.458,1.4142,-0.10034,-0.71487,0,0.69202,-1.3239,8.9659,-2.8947,3.0183,6.9235,-2.114,-42.092,5.9084,-11.603,0,0,0,6.3495,6.3777,6.4397,6.3589,19.82,-89.843,311.17,2248.1,28.748,1468.4,42.543
0.64,-0.30063,-1.3681,1.3847,-0.08281,-0.69046,0,0.71861,-1.7435,9.0205,-2.995,2.8997,7.4288,-1.93,-41.778,5.0107,-8.4253,0,0,0,6.2896,6.3105,6.3668,6.2933,43.327,-89.763,323.48,2449.9,-11.678,991.51,42.1
0.65,-0.32014,-1.2776,1.3544,-0.066152,-0.66314,0,0.74556,-2.1587,9.0661,-3.0629,2.7798,7.8602,-1.7751,-41.219,4.1119,-5.149,0,0,0,6.2334,6.2475,6.298,6.2321,68.739,-90.05,330.97,2628.1,-44.046,504.59,41.685
0.66,-0.34378,-1.1868,1.3235,-0.050287,-0.6331,0,0.77243,-2.567,9.1027,-3.0978,2.6623,8.2189,-1.647,-40.398,3.2088,-1.8223,0,0,0,6.1817,6.1898,6.2346,6.1764,95.787,-90.608,333.57,2775.7,-65.563,15.63,41.304
0.67,-0.37145,-1.0956,1.2925,-0.035136,-0.60056,0,0.79881,-2.9657,9.1303,-3.0993,2.55,8.5109,-1.5428,-39.299,2.2992,1.5061,0,0,0,6.1347,6.1377,6.1773,6.1262,124.13,-91.316,331.3,2885.7,-73.436,-467.35,40.96
0.68,-0.40305,-1.0042,1.2617,-0.020629,-0.56573,0,0.82433,-3.352,9.1487,-3.0678,2.4452,8.7454,-1.4593,-37.912,1.3824,4.7878,0,0,0,6.0916,6.0908,6.1257,6.0807,153.35,-92.022,324.26,2951.4,-64.875,-936.34,40.648
0.69,-0.43844,-0.91268,1.2313,-0.0067049,-0.52884,0,0.8487,-3.723,9.1579,-3.0039,2.3488,8.9346,-1.393,-36.231,0.45936,7.9761,0,0,0,6.0515,6.0481,6.0789,6.0389,182.98,-92.549,312.64,2965.6,-37.085,-1383.3,40.362
0.7,-0.47745,-0.82109,1.2017,0.0066849,-0.49005,0,0.87167,-4.0756,9.1579,-2.9087,2.2601,9.0913,-1.3404,-34.253,-0.46725,11.026,0,0,0,6.0131,6.0081,6.0357,5.9993,212.47,-92.69,296.7,2921.5,12.725,-1800.3,40.094
0.71,-0.51988,-0.72955,1.1732,0.01957,-0.44955,0,0.89304,-4.407,9.1486,-2.784,2.1768,9.2271,-1.298,-31.984,-1.3924,13.897,0,0,0,5.9755,5.9695,5.9949,5.9606,241.2,-92.212,276.77,2812.3,87.347,-2179.3,39.834
0.72,-0.56551,-0.63815,1.1461,0.031956,-0.40744,0,0.91267,-4.7144,9.13,-2.6315,2.0943,9.3505,-1.2623,-29.434,-2.3086,16.55,0,0,0,5.9379,5.9308,5.9554,5.9221,268.48,-90.855,253.26,2633.4,188.19,-2513.4,39.577
0.73,-0.61408,-0.54698,1.1206,0.043813,-0.36384,0,0.93043,-4.9949,9.1025,-2.4538,2.0072,9.4656,-1.2306,-26.621,-3.2057,18.952,0,0,0,5.9002,5.8917,5.9164,5.8833,293.66,-88.376,226.65,2392.1,310.6,-2801.1,39.319
0.74,-0.66531,-0.45613,1.0971,0.055084,-0.31887,0,0.9462,-5.246,9.066,-2.2534,1.9101,9.5735,-1.201,-23.57,-4.0717,21.074,0,0,0,5.8625,5.852,5.8775,5.8443,316.15,-84.592,197.4,2098.3,448.24,-3042.3,39.061
0.75,-0.71889,-0.36569,1.0756,0.065684,-0.27264,0,0.95987,-5.4656,9.0212,-2.0333,1.7985,9.6725,-1.1727,-20.309,-4.8928,22.892,0,0,0,5.8251,5.8121,5.8389,5.8052,335.48,-79.382,165.96,1762.3,594.8,-3236.9,38.802
0.76,-0.7745,-0.27574,1.0565,0.075507,-0.2253,0,0.97136,-5.6516,8.9684,-1.7967,1.6688,9.7603,-1.1458,-16.872,-5.6544,24.387,0,0,0,5.7884,5.7723,5.8008,5.7666,351.29,-72.687,132.82,1394,743.96,-3384.7,38.547
0.77,-0.83181,-0.18635,1.0398,0.084434,-0.17703,0,0.98058,-5.8025,8.9083,-1.5467,1.5186,9.8341,-1.1209,-13.296,-6.3416,25.545,0,0,0,5.753,5.7333,5.7634,5.7288,363.29,-64.515,98.425,1003.8,889.39,-3485.7,38.297
0.78,-0.89043,-0.097592,1.0256,0.092339,-0.12799,0,0.98747,-5.9172,8.8418,-1.2869,1.3464,9.892,-1.0995,-9.6195,-6.94,26.353,0,0,0,5.7189,5.6955,5.727,5.692,371.32,-54.933,63.258,601.6,1024.8,-3539.7,38.056
0.79,-0.95002,-0.009529,1.014,0.099094,-0.078397,0,0.99198,-5.9947,8.7699,-1.0208,1.1521,9.9334,-1.0833,-5.8829,-7.436,26.809,0,0,0,5.6864,5.6592,5.6918,5.6564,375.32,-44.074,27.787,197.63,1143.8,-3546.7,37.823
0.8,-1.0102,0.077791,1.0052,0.10458,-0.028446,0,0.99411,-6.0348,8.6935,-0.75195,0.93689,9.9592,-1.0745,-2.1265,-7.8179,26.91,0,0,0,5.6553,5.6247,5.6578,5.622,375.3,-32.133,-7.518,-198.01,1240.1,-3506.4,37.6
0.81,-1.0706,0.16433,0.99899,0.10868,0.021669,0,0.99384,-6.0373,8.6139,-0.48381,0.70281,9.9717,-1.0751,1.6102,-8.0759,26.66,0,0,0,5.6256,5.5919,5.625,5.5887,371.42,-19.369,-42.184,-575.2,1307.4,-3418.9,37.385
0.82,-1.1308,0.25006,0.99548,0.1113,0.071768,0,0.99119,-6.0028,8.5324,-0.21988,0.45319,9.9736,-1.0871,5.2897,-8.2036,26.07,0,0,0,5.5971,5.5609,5.5934,5.5568,363.89,-6.1036,-75.738,-923.82,1339.3,-3283.9,37.18
0.83,-1.1905,0.33498,0.99457,0.11237,0.12168,0,0.98619,-5.9318,8.4503,0.03649,0.19252,9.9674,-1.112,8.8771,-8.1976,25.151,0,0,0,5.5702,5.532,5.5634,5.5265,353.07,7.2785,-107.7,-1233.7,1329.6,-3101.4,36.987
0.84,-1.2493,0.41907,0.99617,0.11184,0.17126,0,0.97886,-5.8256,8.3689,0.28211,-0.073161,9.9538,-1.15,12.342,-8.0591,23.922,0,0,0,5.5454,5.5057,5.5354,5.499,339.38,20.329,-137.61,-1494.8,1272,-2871.3,36.809
0.85,-1.3069,0.50236,1.0002,0.10969,0.22035,0,0.96923,-5.6855,8.2895,0.51398,-0.33603,9.9303,-1.2002,15.657,-7.7938,22.407,0,0,0,5.5238,5.483,5.5106,5.4759,323.36,32.548,-164.98,-1701.3,1163.8,-2595.4,36.655
0.86,-1.3629,0.58487,1.0064,0.10595,0.26876,0,0.95736,-5.513,8.2134,0.72939,-0.58734,9.8889,-1.2593,18.803,-7.4125,20.633,0,0,0,5.5075,5.4652,5.4907,5.4596,305.53,43.456,-189.38,-1856.5,1011,-2280.1,36.538
0.87,-1.4171,0.66664,1.0147,0.10072,0.31627,0,0.94331,-5.3101,8.1416,0.92588,-0.81775,9.816,-1.3222,21.763,-6.9304,18.631,0,0,0,5.4987,5.4546,5.4781,5.4529,286.38,52.642,-210.47,-1965.3,820.42,-1932.2,36.474
0.88,-1.4691,0.74772,1.0248,0.094114,0.36258,0,0.92719,-5.0784,8.0751,1.1014,-1.017,9.6948,-1.3818,24.527,-6.3666,16.436,0,0,0,5.4998,5.4536,5.4755,5.459,266.36,59.762,-227.94,-2032.4,599.05,-1558.8,36.48
0.89,-1.5186,0.82817,1.0366,0.086357,0.40733,0,0.90919,-4.8202,8.0145,1.2541,-1.1741,9.5084,-1.4292,27.089,-5.743,14.085,0,0,0,5.5132,5.4647,5.4854,5.4803,245.86,64.543,-241.58,-2062.4,353.8,-1166.6,36.573
0.9,-1.5654,0.90803,1.0498,0.077724,0.45012,0,0.88958,-4.5373,7.9603,1.3827,-1.2781,9.2428,-1.4543,29.444,-5.0842,11.617,0,0,0,5.5405,5.4903,5.5103,5.5189,225.22,66.781,-251.23,-2060.1,91.598,-762.59,36.767
0.91,-1.6092,0.98739,1.0642,0.068571,0.49055,0,0.86871,-4.232,7.9128,1.4862,-1.319,8.8902,-1.4466,31.594,-4.4163,9.0735,0,0,0,5.5827,5.5317,5.5516,5.5755,204.75,66.342,-256.82,-2030.3,-180.63,-353.68,37.069
0.92,-1.6499,1.0663,1.0795,0.059319,0.52823,0,0.84703,-3.9061,7.872,1.564,-1.2894,8.4504,-1.3959,33.54,-3.7665,6.4945,0,0,0,5.6396,5.5895,5.61,5.6498,184.69,63.158,-258.31,-1977.5,-455.97,53.254,37.482
0.93,-1.6873,1.1449,1.0954,0.050439,0.56287,0,0.82501,-3.5618,7.8374,1.6161,-1.1853,7.9308,-1.2936,35.29,-3.1623,3.9206,0,0,0,5.7105,5.663,5.6848,5.7401,165.26,57.235,-255.78,-1906.7,-727.47,451.3,37.997
0.94,-1.7211,1.2231,1.1117,0.042427,0.59426,0,0.80315,-3.201,7.8085,1.6426,-1.0069,7.3448,-1.133,36.848,-2.6307,1.3918,0,0,0,5.7933,5.7502,5.7741,5.8435,146.6,48.645,-249.34,-1822.4,-988.22,833.55,38.602
0.95,-1.7513,1.301,1.1282,0.035782,0.62233,0,0.78194,-2.8255,7.7844,1.6442,-0.7584,6.709,-0.91061,38.225,-2.1978,-1.0538,0,0,0,5.8857,5.8482,5.8749,5.9565,128.84,37.53,-239.19,-1729.4,-1231.3,1193.1,39.276
0.96,-1.7776,1.3788,1.1445,0.030982,0.64707,0,0.7618,-2.4371,7.7641,1.6219,-0.44753,6.0404,-0.62579,39.428,-1.8879,-3.3804,0,0,0,5.9845,5.9532,5.9833,6.0748,112.03,24.101,-225.58,-1632.5,-1449.7,1523.1,39.993
0.97,-1.8,1.4563,1.1605,0.028459,0.66858,0,0.7431,-2.0375,7.7462,1.5771,-0.084779,5.3537,-0.28131,40.468,-1.7226,-5.5549,0,0,0,6.0864,6.0611,6.0949,6.1942,96.186,8.6399,-208.85,-1536.3,-1636.7,1816.6,40.728
0.98,-1.8183,1.5337,1.176,0.028583,0.68698,0,0.72611,-1.6282,7.7291,1.5114,0.31746,4.6601,0.1169,41.355,-1.7207,-7.5482,0,0,0,6.1879,6.1677,6.2055,6.3103,81.284,-8.5038,-189.39,-1445.5,-1785.1,2066.6,41.452
0.99,-1.8325,1.6109,1.1907,0.031651,0.70243,0,0.71105,-1.2108,7.7112,1.4268,0.74544,3.9673,0.5598,42.097,-1.8969,-9.3352,0,0,0,6.286,6.2693,6.3109,6.4192,67.242,-26.911,-167.68,-1365,-1888.2,2266.4,42.142
1,-1.8425,1.6879,1.2045,0.037869,0.71505,0,0.69804,-0.78673,7.6905,1.3255,1.1845,3.2796,1.0354,42.702,-2.2615,-10.896,0,0,0,6.378,6.3626,6.4075,6.5175,53.935,-46.093,-144.25,-1299.1,-1939.3,2409.4,42.776
1.01,-1.8482,1.7647,1.2172,0.047341,0.72496,0,0.68716,-0.35723,7.6653,1.2097,1.6196,2.5992,1.5296,43.178,-2.8196,-12.217,0,0,0,6.4615,6.4452,6.4927,6.6026,41.207,-65.522,-119.69,-1249,-1938.2,2495,43.337
1.02,-1.8496,1.8412,1.2286,0.060071,0.7322,0,0.67843,0.076401,7.6335,1.082,2.0371,1.9258,2.028,43.528,-3.5711,-13.288,0,0,0,6.5348,6.5151,6.5646,6.673,28.909,-84.7,-94.529,-1212.8,-1890,2527.9,43.813
1.03,-1.8467,1.9173,1.2388,0.075963,0.7368,0,0.67183,0.51292,7.5932,0.94477,2.4248,1.2578,2.5171,43.757,-4.5112,-14.107,0,0,0,6.597,6.5716,6.6225,6.7279,16.911,-103.18,-69.287,-1188.5,-1800.1,2513,44.198
1.04,-1.8394,1.993,1.2475,0.094829,0.73872,0,0.6673,0.95114,7.5427,0.80065,2.7715,0.59392,2.9838,43.867,-5.6311,-14.675,0,0,0,6.6477,6.6148,6.6663,6.7674,5.1054,-120.58,-44.412,-1174.2,-1673.6,2455.1,44.494
1.05,-1.8277,2.0682,1.2548,0.11639,0.73791,0,0.66479,1.3899,7.4801,0.65209,3.0675,-0.065773,3.4164,43.859,-6.9181,-14.998,0,0,0,6.6875,6.6454,6.6972,6.7923,-6.5989,-136.55,-20.312,-1167.8,-1515.9,2358.9,44.704
1.06,-1.8116,2.1426,1.2605,0.1403,0.73429,0,0.66418,1.8279,7.4038,0.50149,3.304,-0.71885,3.8046,43.735,-8.3564,-15.085,0,0,0,6.7171,6.6651,6.7166,6.8039,-18.271,-150.81,2.6553,-1167.5,-1332.3,2229.4,44.838
1.07,-1.7911,2.2162,1.2648,0.16612,0.72778,0,0.66539,2.2642,7.3125,0.35114,3.4743,-1.3603,4.1397,43.494,-9.9278,-14.949,0,0,0,6.7378,6.6758,6.7266,6.8044,-29.963,-163.13,24.181,-1171.2,-1128,2071.3,44.908
1.08,-1.7663,2.2888,1.2676,0.19338,0.71835,0,0.66826,2.6974,7.2049,0.20319,3.574,-1.9823,4.4154,43.135,-11.612,-14.607,0,0,0,6.7514,6.6799,6.7295,6.7961,-41.703,-173.32,44.002,-1177.1,-908.32,1889.4,44.928
1.09,-1.7372,2.3602,1.2689,0.22155,0.706,0,0.67266,3.1265,7.0799,0.059629,3.6014,-2.5753,4.6281,42.659,-13.387,-14.076,0,0,0,6.7592,6.6797,6.7277,6.7817,-53.504,-181.26,61.905,-1183,-678.53,1688.6,44.914
1.1,-1.7038,2.4303,1.2688,0.2501,0.69081,0,0.67841,3.5502,6.9369,-0.077761,3.5585,-3.1285,4.7769,42.065,-15.229,-13.376,0,0,0,6.763,6.6774,6.7234,6.7638,-65.357,-186.87,77.726,-1187.1,-443.93,1473.6,44.879
1.11,-1.6662,2.4989,1.2674,0.27852,0.67289,0,0.68531,3.9674,6.7752,-0.2074,3.4507,-3.6311,4.8639,41.352,-17.116,-12.529,0,0,0,6.7641,6.6749,6.7185,6.7449,-77.233,-190.14,91.346,-1187.4,-209.78,1249.3,44.837
1.12,-1.6245,2.5658,1.2647,0.30633,0.65245,0,0.69316,4.3769,6.5945,-0.32791,3.2864,-4.0741,4.8938,40.521,-19.024,-11.556,0,0,0,6.7639,6.6736,6.7145,6.7271,-89.085,-191.09,102.7,-1181.9,18.618,1020.6,44.799
1.13,-1.5787,2.6307,1.2608,0.3331,0.62975,0,0.70175,4.7774,6.3947,-0.43818,3.0767,-4.4509,4.8737,39.571,-20.931,-10.482,0,0,0,6.7633,6.6745,6.7124,6.7121,-100.84,-189.81,111.76,-1168.6,236,792.15,44.771
1.14,-1.529,2.6936,1.2559,0.35851,0.60509,0,0.71087,5.1679,6.176,-0.53729,2.8341,-4.7584,4.8121,38.504,-22.814,-9.3288,0,0,0,6.7631,6.6779,6.7126,6.7011,-112.43,-186.42,118.56,-1145.7,437.07,568.86,44.758
1.15,-1.4754,2.7542,1.2501,0.3823,0.57878,0,0.72032,5.5471,5.9386,-0.62457,2.5714,-4.9973,4.7184,37.323,-24.653,-8.1183,0,0,0,6.7637,6.6839,6.7153,6.6943,-123.72,-181.14,123.17,-1111.1,616.56,355.52,44.762
1.16,-1.4181,2.8123,1.2435,0.4043,0.55116,0,0.72991,5.914,5.6831,-0.69954,2.3006,-5.1718,4.6019,36.031,-26.431,-6.8723,0,0,0,6.7653,6.6919,6.7203,6.6919,-134.6,-174.18,125.72,-1062.8,769.2,156.95,44.782
1.17,-1.3571,2.8678,1.2362,0.42444,0.52253,0,0.73947,6.2674,5.4102,-0.76196,2.0318,-5.2885,4.4712,34.633,-28.132,-5.6103,0,0,0,6.7679,6.7015,6.727,6.6931,-144.93,-165.85,126.37,-1000.1,892.05,-23.719,44.816
1.18,-1.2928,2.9205,1.2283,0.44269,0.49316,0,0.74887,6.6063,5.1208,-0.81176,1.7728,-5.3553,4.3332,33.135,-29.744,-4.3506,0,0,0,6.7714,6.7121,6.7349,6.6974,-154.56,-156.44,125.3,-924.5,986.72,-186.63,44.86
1.19,-1.2251,2.9702,1.22,0.4591,0.46332,0,0.758,6.9298,4.8157,-0.84904,1.5293,-5.3799,4.1932,31.545,-31.258,-3.1094,0,0,0,6.7756,6.7233,6.7436,6.7039,-163.38,-146.2,122.69,-837.65,1055.3,-332.29,44.911
1.2,-1.1542,3.0167,1.2114,0.47374,0.4332,0,0.76675,7.2369,4.496,-0.87406,1.3052,-5.3695,4.055,29.871,-32.666,-1.9013,0,0,0,6.7801,6.7345,6.7524,6.7118,-171.28,-135.41,118.71,-741.33,1100.1,-461.21,44.965
1.21,-1.0804,3.06,1.2025,0.48671,0.40299,0,0.77505,7.527,4.1627,-0.88721,1.1027,-5.3305,3.9208,28.122,-33.965,-0.73917,0,0,0,6.7847,6.7454,6.761,6.7203,-178.18,-124.28,113.52,-637.27,1123,-573.91,45.019
1.22,-1.0037,3.0999,1.1936,0.49813,0.37285,0,0.78285,7.7992,3.8171,-0.88903,0.92306,-5.2686,3.7921,26.31,-35.151,0.36569,0,0,0,6.789,6.7555,6.7689,6.7288,-184.01,-113.01,107.29,-527.21,1126.4,-670.9,45.07
1.23,-0.92446,3.1363,1.1848,0.50812,0.3429,0,0.79009,8.053,3.4601,-0.88012,0.76639,-5.1882,3.6693,24.446,-36.225,1.4036,0,0,0,6.7928,6.7647,6.7759,6.7369,-188.71,-101.81,100.16,-412.89,1112.2,-752.7,45.117
1.24,-0.84274,3.1691,1.1761,0.51681,0.31324,0,0.79673,8.2879,3.0929,-0.86121,0.63238,-5.0932,3.5524,22.54,-37.188,2.3663,0,0,0,6.796,6.7727,6.7817,6.7442,-192.26,-90.819,92.282,-296.06,1082.8,-819.81,45.158
1.25,-0.75876,3.1982,1.1676,0.52433,0.28399,0,0.80276,8.5037,2.7167,-0.83307,0.52025,-4.9862,3.4408,20.605,-38.043,3.2472,0,0,0,6.7983,6.7795,6.7863,6.7505,-194.63,-80.195,83.807,-178.45,1040.1,-872.76,45.191
1.26,-0.67273,3.2234,1.1594,0.5308,0.2552,0,0.80816,8.7,2.3324,-0.79656,0.42898,-4.8695,3.3338,18.651,-38.794,4.0409,0,0,0,6.7998,6.7851,6.7897,6.7557,-195.83,-70.055,74.872,-61.806,986.3,-912.06,45.217
1.27,-0.58483,3.2448,1.1517,0.53634,0.22696,0,0.81291,8.8767,1.9411,-0.75256,0.35739,-4.7447,3.2303,16.692,-39.446,4.7436,0,0,0,6.8006,6.7895,6.7919,6.7598,-195.87,-60.499,65.61,52.141,923.6,-938.21,45.236
1.28,-0.49526,3.2622,1.1444,0.54107,0.19933,0,0.81701,9.0338,1.5438,-0.702,0.30418,-4.6132,3.1293,14.738,-40.006,5.3525,0,0,0,6.8006,6.793,6.793,6.7629,-194.8,-51.605,56.15,161.65,854.12,-951.74,45.249
1.29,-0.40422,3.2756,1.1377,0.5451,0.17236,0,0.82046,9.1715,1.1413,-0.64582,0.26796,-4.4758,3.03,12.8,-40.481,5.8663,0,0,0,6.8001,6.7955,6.7932,6.765,-192.66,-43.432,46.616,264.98,779.98,-953.16,45.256
1.3,-0.31189,3.285,1.1315,0.54853,0.1461,0,0.82327,9.2899,0.73444,-0.58499,0.24723,-4.3337,2.9313,10.888,-40.877,6.2849,0,0,0,6.7991,6.7974,6.7928,6.7664,-189.53,-36.014,37.125,360.38,703.33,-942.98,45.259
1.31,-0.21848,3.2903,1.126,0.55145,0.12061,0,0.82544,9.3894,0.32398,-0.52044,0.24035,-4.1876,2.8328,9.012,-41.203,6.6094,0,0,0,6.7979,6.7986,6.7919,6.7673,-185.49,-29.366,27.793,446.13,626.31,-921.71,45.259
1.32,-0.12417,3.2915,1.1211,0.55396,0.095927,0,0.827,9.4703,-0.089417,-0.45311,0.2455,-4.0388,2.7338,7.1807,-41.467,6.8417,0,0,0,6.7965,6.7994,6.7907,6.7678,-180.64,-23.482,18.726,520.49,551.05,-889.88,45.257
1.33,-0.029134,3.2885,1.1169,0.55613,0.072078,0,0.82796,9.5332,-0.50517,-0.3839,0.26067,-3.8884,2.6345,5.4014,-41.675,6.9851,0,0,0,6.7953,6.7999,6.7894,6.7682,-175.12,-18.332,10.029,581.7,479.7,-847.99,45.255
1.34,0.066438,3.2814,1.1134,0.55804,0.049088,0,0.82836,9.5785,-0.92277,-0.31369,0.28353,-3.738,2.5349,3.6801,-41.836,7.0438,0,0,0,6.7942,6.8001,6.7882,6.7685,-169.06,-13.868,1.7984,628.04,414.38,-796.55,45.252
1.35,0.16238,3.2701,1.1107,0.55974,0.02697,0,0.82823,9.607,-1.3418,-0.24329,0.31148,-3.5894,2.436,2.0215,-41.955,7.023,0,0,0,6.7934,6.8001,6.7873,6.769,-162.62,-10.017,-5.8722,657.76,357.25,-736.09,45.25
1.36,0.25852,3.2545,1.1086,0.56129,0.0057212,0,0.8276,9.6192,-1.7617,-0.17347,0.34158,-3.4449,2.3387,0.42849,-42.038,6.9285,0,0,0,6.7929,6.7998,6.7868,6.7697,-155.96,-6.6884,-12.895,669.13,310.44,-667.11,45.249
1.37,0.35471,3.2348,1.1072,0.56271,-0.014676,0,0.82652,9.6158,-2.1824,-0.10494,0.37048,-3.307,2.2449,-1.0978,-42.09,6.7675,0,0,0,6.7927,6.7993,6.7867,6.7707,-149.3,-3.767,-19.188,660.4,276.09,-590.13,45.249
1.38,0.45079,3.2109,1.1065,0.56402,-0.03426,0,0.82505,9.5974,-2.6035,-0.03832,0.39447,-3.1788,2.1567,-2.5581,-42.114,6.5475,0,0,0,6.7928,6.7982,6.7872,6.7721,-142.83,-1.1189,-24.673,630.46,255.94,-505.77,45.251
1.39,0.54661,3.1828,1.1064,0.56522,-0.053091,0,0.82323,9.5648,-3.0246,0.025841,0.40966,-3.0634,2.0769,-3.9556,-42.113,6.2769,0,0,0,6.7932,6.7968,6.7881,6.7737,-136.75,1.3984,-29.282,581.33,249.76,-415.17,45.253
1.4,0.64204,3.1504,1.107,0.56628,-0.071247,0,0.82113,9.5185,-3.4456,0.087081,0.41221,-2.9631,2.0077,-5.2952,-42.086,5.9649,0,0,0,6.7937,6.7948,6.7893,6.7754,-131.26,3.9199,-32.96,516.09,256.66,-319.65,45.255
1.41,0.73694,3.1138,1.1081,0.56716,-0.088825,0,0.81881,9.4591,-3.8662,0.14503,0.39853,-2.8798,1.9515,-6.5832,-42.034,5.621,0,0,0,6.7941,6.7922,6.7909,6.777,-126.48,6.5721,-35.663,437.79,275.74,-220.54,45.257
1.42,0.83118,3.0731,1.1099,0.56778,-0.10593,0,0.81633,9.387,-4.2862,0.19943,0.36526,-2.8146,1.9103,-7.8275,-41.954,5.255,0,0,0,6.7944,6.7891,6.7927,6.7785,-122.53,9.4723,-37.363,349.5,306.11,-119.14,45.258
1.43,0.92464,3.0281,1.1121,0.56808,-0.12269,0,0.81377,9.3027,-4.7052,0.25009,0.30939,-2.7683,1.8858,-9.0369,-41.843,4.8771,0,0,0,6.7945,6.7853,6.7944,6.7796,-119.51,12.729,-38.043,254.28,346.9,-16.792,45.256
1.44,1.0172,2.979,1.1149,0.56795,-0.13922,0,0.8112,9.2064,-5.123,0.29696,0.22826,-2.7407,1.8797,-10.221,-41.698,4.4976,0,0,0,6.7942,6.7809,6.7962,6.7803,-117.46,16.442,-37.7,155.18,397.2,85.199,45.253
1.45,1.1087,2.9257,1.118,0.56728,-0.15564,0,0.80869,9.0983,-5.5391,0.34007,0.11963,-2.7312,1.8928,-11.389,-41.513,4.1265,0,0,0,6.7934,6.7758,6.7977,6.7804,-116.41,20.702,-36.345,55.271,456.14,185.51,45.245
1.46,1.1991,2.8682,1.1216,0.56593,-0.17208,0,0.8063,8.9786,-5.9531,0.37956,-0.018363,-2.7385,1.926,-12.552,-41.282,3.774,0,0,0,6.7921,6.7701,6.799,6.7797,-116.35,25.591,-34,-42.39,522.81,282.82,45.235
1.47,1.2883,2.8066,1.1256,0.56377,-0.18866,0,0.8041,8.8472,-6.3645,0.41565,-0.18714,-2.7608,1.9795,-13.72,-40.999,3.4497,0,0,0,6.7901,6.7639,6.7998,6.7782,-117.24,31.181,-30.703,-134.74,596.34,375.81,45.22
1.48,1.376,2.7409,1.1299,0.56064,-0.20547,0,0.80216,8.7041,-6.7728,0.44868,-0.38766,-2.7953,2.053,-14.9,-40.656,3.1629,0,0,0,6.7874,6.7571,6.8002,6.7757,-119.01,37.537,-26.502,-218.72,675.83,463.17,45.201
1.49,1.4623,2.6712,1.1346,0.55638,-0.22261,0,0.80055,8.5492,-7.1774,0.47906,-0.62039,-2.8388,2.1455,-16.102,-40.245,2.9224,0,0,0,6.784,6.75,6.8001,6.7722,-121.57,44.714,-21.462,-291.27,760.39,543.57,45.177
1.5,1.547,2.5974,1.1395,0.55084,-0.24015,0,0.79931,8.382,-7.5775,0.50731,-0.88527,-2.8874,2.2558,-17.334,-39.758,2.7362,0,0,0,6.78,6.7427,6.7996,6.7677,-124.79,52.759,-15.659,-349.33,849.14,615.69,45.15
1.51,1.6299,2.5196,1.1447,0.54383,-0.25813,0,0.79851,8.2024,-7.9723,0.53399,-1.1816,-2.9364,2.3818,-18.6,-39.187,2.6115,0,0,0,6.7754,6.7355,6.7986,6.7622,-128.5,61.708,-9.1806,-389.83,941.19,678.21,45.12
1.52,1.711,2.438,1.1502,0.5352,-0.27655,0,0.79817,8.0099,-8.3609,0.55976,-1.5079,-2.9805,2.5209,-19.905,-38.521,2.5545,0,0,0,6.7705,6.7287,6.7973,6.7559,-132.52,71.591,-2.1308,-409.73,1035.6,729.82,45.087
1.53,1.7901,2.3524,1.1559,0.52477,-0.2954,0,0.79834,7.8041,-8.7424,0.58532,-1.8619,-3.014,2.6701,-21.251,-37.752,2.5704,0,0,0,6.7654,6.7227,6.796,6.7491,-136.62,82.426,5.375,-405.94,1131.6,769.2,45.055
1.54,1.867,2.2632,1.1619,0.5124,-0.3146,0,0.79905,7.5847,-9.1156,0.61143,-2.2404,-3.0309,2.8257,-22.637,-36.869,2.6631,0,0,0,6.7603,6.7179,6.7947,6.7421,-140.55,94.225,13.208,-375.42,1228.2,795.02,45.025
1.55,1.9417,2.1702,1.1682,0.49794,-0.33405,0,0.80029,7.3513,-9.4793,0.63885,-2.6393,-3.0251,2.9839,-24.06,-35.864,2.8352,0,0,0,6.7557,6.7148,6.7938,6.7352,-144.03,106.99,21.226,-315.11,1324.6,805.97,44.999
1.56,2.014,2.0736,1.1747,0.48128,-0.35361,0,0.80208,7.1034,-9.8324,0.6684,-3.0533,-2.9908,3.1407,-25.515,-34.726,3.0877,0,0,0,6.7518,6.7136,6.7935,6.729,-146.74,120.71,29.273,-221.93,1419.8,800.73,44.98
1.57,2.0837,1.9736,1.1815,0.46232,-0.37309,0,0.80441,6.8409,-10.173,0.70087,-3.4766,-2.9228,3.2923,-26.991,-33.447,3.4202,0,0,0,6.7488,6.7147,6.7939,6.7237,-148.35,135.38,37.182,-92.84,1512.9,777.97,44.968
1.58,2.1508,1.8702,1.1887,0.44101,-0.39226,0,0.80724,6.5636,-10.501,0.73706,-3.9026,-2.8167,3.4353,-28.477,-32.016,3.8303,0,0,0,6.7467,6.7179,6.7952,6.7195,-148.47,150.96,44.77,75.231,1603.1,736.38,44.966
1.59,2.2149,1.7636,1.1963,0.41734,-0.41089,0,0.81055,6.2714,-10.813,0.77772,-4.3249,-2.6697,3.567,-29.954,-30.425,4.3139,0,0,0,6.7453,6.723,6.797,6.7166,-146.7,167.43,51.842,285.34,1689.6,674.65,44.97
1.6,2.2761,1.654,1.2043,0.39131,-0.4287,0,0.81431,5.9646,-11.109,0.82356,-4.7377,-2.48,3.6859,-31.403,-28.664,4.8648,0,0,0,6.7442,6.7291,6.7991,6.7146,-142.61,184.74,58.191,540.55,1771.3,591.44,44.978
1.61,2.3342,1.5415,1.2128,0.36298,-0.44541,0,0.81845,5.6435,-11.386,0.87522,-5.1366,-2.2474,3.7921,-32.797,-26.727,5.4746,0,0,0,6.7422,6.7349,6.8005,6.7125,-135.73,202.83,63.596,842.12,1846.7,485.61,44.983
1.62,2.389,1.4263,1.2218,0.33241,-0.46077,0,0.82292,5.3089,-11.643,0.93322,-5.5197,-1.9733,3.8877,-34.107,-24.605,6.1328,0,0,0,6.7379,6.7384,6.7999,6.7089,-125.65,221.63,67.828,1178.6,1909.4,357.2,44.975
1.63,2.4403,1.3087,1.2315,0.29967,-0.47449,0,0.82768,4.9618,-11.877,0.99799,-5.8881,-1.6609,3.9768,-35.299,-22.293,6.8265,0,0,0,6.7292,6.7372,6.7957,6.7021,-112.1,240.95,70.666,1533,1951,206.74,44.94
1.64,2.4882,1.1889,1.2418,0.26482,-0.48635,0,0.83267,4.6035,-12.088,1.0698,-6.2451,-1.3137,4.0655,-36.337,-19.785,7.5407,0,0,0,6.7139,6.7289,6.7859,6.6897,-94.988,260.55,71.892,1888.6,1962.8,34.788,44.864
1.65,2.5324,1.067,1.2529,0.2279,-0.49613,0,0.83781,4.2357,-12.272,1.1488,-6.5955,-0.93524,4.1601,-37.187,-17.082,8.2582,0,0,0,6.6901,6.7114,6.7684,6.6696,-74.383,280.08,71.292,2228.3,1936.5,-158.12,44.732
1.66,2.5728,0.9435,1.2648,0.18892,-0.5036,0,0.84303,3.8605,-12.429,1.2349,-6.9443,-0.52808,4.2666,-37.814,-14.185,8.9598,0,0,0,6.6558,6.6831,6.7417,6.6399,-50.531,299.12,68.661,2535.2,1863.5,-371.44,44.534
1.67,2.6096,0.81855,1.2776,0.14786,-0.50857,0,0.84823,3.4802,-12.555,1.3279,-7.2949,-0.094191,4.3902,-38.188,-11.103,9.624,0,0,0,6.61,6.6434,6.7043,6.5996,-23.844,317.17,63.797,2792.5,1735.2,-604.63,44.262
1.68,2.6424,0.69249,1.2914,0.10471,-0.51082,0,0.85329,3.0976,-12.65,1.4272,-7.6477,0.36447,4.5336,-38.283,-7.8474,10.228,0,0,0,6.5526,6.5925,6.6556,6.5485,5.0972,333.62,56.504,2983.2,1543.3,-857.14,43.915
1.69,2.6715,0.56565,1.3062,0.059454,-0.51013,0,0.85804,2.7156,-12.712,1.5322,-7.9985,0.84447,4.6968,-38.081,-4.4382,10.745,0,0,0,6.4847,6.5318,6.5959,6.4874,35.542,347.79,46.592,3090.4,1279.2,-1128.4,43.5
1.7,2.6968,0.43837,1.322,0.012151,-0.5063,0,0.86227,2.337,-12.739,1.6417,-8.3365,1.3387,4.8761,-37.57,-0.90168,11.15,0,0,0,6.4087,6.4639,6.5263,6.4188,66.57,358.93,33.875,3097.2,934.49,-1417.9,43.029
1.71,2.7183,0.311,1.339,-0.037044,-0.49913,0,0.86573,1.9652,-12.73,1.7547,-8.6451,1.834,5.0627,-36.751,2.7276,11.413,0,0,0,6.3282,6.3922,6.4487,6.3458,97.123,366.21,18.185,2996.3,509.15,-1721.4,42.525
1.72,2.7361,0.1839,1.3571,-0.087842,-0.48852,0,0.86812,1.603,-12.684,1.8694,-8.9056,2.3123,5.2455,-35.633,6.4072,11.504,0,0,0,6.2474,6.3201,6.3668,6.2721,126.18,368.91,-0.55953,2801.8,21.982,-2026.6,42.011
1.73,2.7504,0.057441,1.3764,-0.13982,-0.47447,0,0.8691,1.2535,-12.601,1.9841,-9.1033,2.7532,5.4127,-34.235,10.089,11.392,0,0,0,6.1705,6.2508,6.2843,6.2012,152.9,366.52,-22.308,2530.2,-505.76,-2320.1,41.512
1.74,2.7612,-0.068008,1.3968,-0.19245,-0.45709,0,0.86835,0.91916,-12.482,2.0965,-9.2305,3.1353,5.5538,-32.585,13.72,11.048,0,0,0,6.1011,6.1866,6.205,6.136,176.59,358.73,-46.877,2198.4,-1052.8,-2588.4,41.048
1.75,2.7688,-0.19209,1.4183,-0.24517,-0.43667,0,0.86557,0.60249,-12.327,2.2042,-9.2892,3.4399,5.6606,-30.715,17.245,10.446,0,0,0,6.0412,6.1286,6.1319,6.0777,196.72,345.47,-73.949,1823,-1597.9,-2818.4,40.632
1.76,2.7733,-0.31444,1.4409,-0.2974,-0.41359,0,0.86052,0.30546,-12.138,2.3045,-9.292,3.654,5.7289,-28.664,20.611,9.5622,0,0,0,5.9911,6.0768,6.0667,6.0266,212.96,326.85,-103.07,1420.9,-2119.8,-2996.4,40.269
1.77,2.775,-0.43474,1.4644,-0.34868,-0.38836,0,0.85299,0.029688,-11.916,2.3944,-9.2601,3.7738,5.7587,-26.47,23.765,8.3795,0,0,0,5.9497,6.0302,6.0101,5.9813,225.11,303.22,-133.66,1008.6,-2597.2,-3109.3,39.952
1.78,2.774,-0.55266,1.4887,-0.39866,-0.3615,0,0.84285,-0.2236,-11.664,2.471,-9.2194,3.8055,5.7542,-24.175,26.66,6.8865,0,0,0,5.9146,5.9872,5.9615,5.94,233.15,275.13,-164.99,603.03,-3008.8,-3143.5,39.672
1.79,2.7706,-0.66792,1.5137,-0.44714,-0.3335,0,0.82996,-0.45361,-11.384,2.5311,-9.195,3.7655,5.7234,-21.82,29.255,5.0799,0,0,0,5.8826,5.9463,5.9196,5.9009,237.25,243.33,-196.22,220.82,-3333.5,-3085.7,39.416
1.8,2.765,-0.78025,1.5393,-0.49406,-0.30477,0,0.81426,-0.65993,-11.08,2.5716,-9.2049,3.6782,5.677,-19.442,31.518,2.9657,0,0,0,5.8511,5.9069,5.8829,5.8628,237.7,208.82,-226.36,-121.28,-3549.9,-2922.6,39.173
1.81,2.7575,-0.88944,1.5651,-0.53941,-0.27556,0,0.79568,-0.8425,-10.755,2.5894,-9.2541,3.5739,5.6277,-17.076,33.427,0.56013,0,0,0,5.8183,5.8695,5.8506,5.8263,235.01,172.77,-254.28,-406.65,-3636.9,-2640.9,38.941
1.82,2.7482,-0.99529,1.591,-0.58319,-0.24597,0,0.7742,-1.0016,-10.412,2.5819,-9.3295,3.4853,5.5895,-14.751,34.973,-2.1085,0,0,0,5.7844,5.8365,5.8227,5.7938,229.79,136.54,-278.77,-627.07,-3587.1,-2238.9,38.729
1.83,2.7375,-1.0976,1.6166,-0.62533,-0.21594,0,0.74989,-1.1377,-10.056,2.5465,-9.3988,3.4378,5.5733,-12.487,36.161,-5.0001,0,0,0,5.7526,5.8119,5.8005,5.7693,222.66,101.43,-298.72,-788.65,-3415.9,-1735,38.557
1.84,2.7256,-1.1964,1.6418,-0.6656,-0.18528,0,0.72295,-1.2516,-9.6902,2.4813,-9.415,3.4453,5.5849,-10.302,37.009,-8.0646,0,0,0,5.7278,5.8005,5.7867,5.7582,214.19,68.565,-313.2,-898.91,-3141.4,-1149.2,38.455
1.85,2.7126,-1.2914,1.6662,-0.70358,-0.15379,0,0.69377,-1.3441,-9.3172,2.3849,-9.3242,3.5093,5.6259,-8.2061,37.543,-11.243,0,0,0,5.716,5.8072,5.785,5.7656,204.83,38.887,-321.5,-965.37,-2781.2,-501.77,38.456
1.86,2.6987,-1.3827,1.6894,-0.73874,-0.1213,0,0.66298,-1.416,-8.9402,2.2563,-9.0759,3.619,5.6931,-6.2067,37.8,-14.472,0,0,0,5.723,5.8356,5.799,5.7959,195,13.165,-323.1,-995.54,-2353.4,187.19,38.589
1.87,2.6843,-1.4702,1.7112,-0.77046,-0.087728,0,0.63143,-1.4685,-8.562,2.0955,-8.6336,3.7531,5.779,-4.3066,37.822,-17.682,0,0,0,5.7537,5.8873,5.8316,5.8507,185.02,-8.014,-317.68,-996.94,-1875.6,897.53,38.872
1.88,2.6694,-1.554,1.7312,-0.79815,-0.053116,0,0.60012,-1.5025,-8.1844,1.903,-7.9832,3.883,5.871,-2.506,37.656,-20.802,0,0,0,5.8108,5.9616,5.8837,5.929,175.13,-24.241,-305.14,-977.08,-1365.9,1609.1,39.309
1.89,2.6543,-1.6339,1.7491,-0.82136,-0.017656,0,0.57014,-1.519,-7.8093,1.68,-7.1352,3.9777,5.9514,-0.80299,37.354,-23.761,0,0,0,5.8939,6.0556,5.9538,6.027,165.52,-35.284,-285.56,-943.47,-841.95,2301.7,39.884
1.9,2.6391,-1.7101,1.7647,-0.83982,0.018304,0,0.54255,-1.5189,-7.4376,1.4285,-6.1211,4.008,5.9976,0.80571,36.968,-26.491,0,0,0,5.9996,6.164,6.038,6.1383,156.28,-41.092,-259.24,-903.63,-321.7,2955.1,40.566
1.91,2.624,-1.7827,1.7776,-0.85349,0.05427,0,0.51828,-1.5031,-7.07,1.1511,-4.9853,3.9503,5.9832,2.324,36.549,-28.925,0,0,0,6.1217,6.2805,6.1305,6.2551,147.45,-41.79,-226.66,-865.08,177.02,3549.4,41.313
1.92,2.6091,-1.8516,1.7876,-0.86249,0.089613,0,0.49807,-1.4727,-6.7066,0.85117,-3.776,3.788,5.8802,3.7558,36.148,-31.005,0,0,0,6.2523,6.398,6.2244,6.3694,138.95,-37.683,-188.52,-835.34,636.36,4064.2,42.074
1.93,2.5946,-1.9168,1.7946,-0.86715,0.12359,0,0.48246,-1.4283,-6.3469,0.53239,-2.5387,3.5128,5.6634,5.1039,35.81,-32.68,0,0,0,6.3824,6.5091,6.3131,6.4737,130.68,-29.254,-145.71,-821.9,1038.5,4479.4,42.797
1.94,2.5806,-1.9785,1.7982,-0.86791,0.15539,0,0.4718,-1.3709,-5.99,0.19906,-1.3125,3.1242,5.315,6.3695,35.575,-33.908,0,0,0,6.5035,6.6074,6.391,6.5621,122.44,-17.164,-99.327,-832.3,1365.5,4774.9,43.44
1.95,2.5672,-2.0366,1.7985,-0.86527,0.18419,0,0.46624,-1.3012,-5.6349,-0.14418,-0.12949,2.6297,4.8292,7.5517,35.476,-34.659,0,0,0,6.608,6.6876,6.4547,6.6309,113.93,-2.2543,-50.675,-874.05,1599.5,4930.5,43.969
1.96,2.5546,-2.0912,1.7953,-0.8598,0.2092,0,0.46581,-1.2201,-5.28,-0.49248,0.98334,2.0443,4.215,8.6462,35.536,-34.919,0,0,0,6.6907,6.7464,6.503,6.6785,104.83,14.457,-1.2508,-954.66,1722.8,4926.1,44.364
1.97,2.5428,-2.1422,1.7887,-0.85205,0.22976,0,0.47035,-1.1286,-4.9236,-0.84091,2.0013,1.3902,3.496,9.6448,35.767,-34.687,0,0,0,6.7493,6.7829,6.537,6.7056,94.688,31.776,47.25,-1080.5,1719.3,4744.1,44.625
1.98,2.5321,-2.1897,1.7785,-0.84251,0.2454,0,0.47954,-1.0276,-4.5641,-1.1846,2.9021,0.69566,2.7073,10.535,36.17,-33.982,0,0,0,6.7839,6.7989,6.5594,6.7154,83.086,48.443,93.089,-1244.8,1595.8,4399.4,44.763
1.99,2.5223,-2.2335,1.765,-0.83161,0.25586,0,0.49291,-0.91831,-4.1997,-1.5191,3.671,-0.0085195,1.8911,11.301,36.73,-32.839,0,0,0,6.7976,6.7984,6.5734,6.7125,69.715,63.365,134.82,-1432,1373.9,3927.8,44.803
2,2.5137,-2.2736,1.7482,-0.81967,0.26111,0,0.50987,-0.80206,-3.829,-1.8401,4.2994,-0.6925,1.0885,11.923,37.428,-31.304,0,0,0,6.7957,6.7865,6.583,6.702,54.423,75.666,171.34,-1626.3,1075.4,3365.6,44.779
2.01,2.5063,-2.31,1.7283,-0.80691,0.26134,0,0.52971,-0.68039,-3.4508,-2.144,4.7833,-1.3303,0.33339,12.383,38.233,-29.432,0,0,0,6.7846,6.7692,6.5919,6.6887,37.218,84.69,201.95,-1812.1,722.1,2748.9,44.724
2.02,2.5001,-2.3426,1.7054,-0.79351,0.25689,0,0.55168,-0.55501,-3.0641,-2.4278,5.1238,-1.9022,-0.35015,12.661,39.109,-27.286,0,0,0,6.7703,6.7516,6.6028,6.677,18.262,89.999,226.26,-1973.6,335.94,2113.9,44.67
2.03,2.4952,-2.3713,1.6798,-0.77958,0.24824,0,0.575,-0.42782,-2.6685,-2.6891,5.3289,-2.3962,-0.94815,12.743,40.02,-24.928,0,0,0,6.7575,6.7378,6.6176,6.6703,-2.1223,91.372,244.28,-2095.3,-61.273,1497.1,44.639
2.04,2.4916,-2.396,1.6517,-0.76525,0.23591,0,0.59894,-0.30085,-2.2637,-2.9259,5.4154,-2.8081,-1.4549,12.616,40.924,-22.42,0,0,0,6.7488,6.7301,6.6365,6.6704,-23.458,88.809,256.38,-2161.3,-447.68,934.44,44.643
2.05,2.4892,-2.4165,1.6214,-0.75061,0.22047,0,0.62288,-0.17622,-1.8501,-3.1371,5.4095,-3.1409,-1.8703,12.273,41.783,-19.818,0,0,0,6.7448,6.7291,6.6587,6.6779,-45.11,82.527,263.28,-2155.9,-801.42,462.31,44.684
2.06,2.488,-2.4329,1.589,-0.73569,0.20249,0,0.64634,-0.056106,-1.4283,-3.3221,5.3459,-3.4014,-2.1968,11.715,42.563,-17.168,0,0,0,6.7446,6.7342,6.6826,6.692,-66.301,72.952,266.03,-2069.3,-1104.7,107.09,44.756
2.07,2.488,-2.4451,1.555,-0.72049,0.1825,0,0.66902,0.057392,-0.99924,-3.4805,5.2589,-3.5981,-2.4403,10.951,43.233,-14.507,0,0,0,6.7472,6.7435,6.7066,6.71,-86.268,60.609,265.77,-1914.1,-1355.3,-143.36,44.846
2.08,2.4891,-2.4529,1.5195,-0.70493,0.16099,0,0.69077,0.16228,-0.56412,-3.6123,5.175,-3.7391,-2.6096,9.9959,43.768,-11.86,0,0,0,6.7512,6.7552,6.7291,6.7296,-104.42,46.016,263.44,-1708.5,-1555.1,-310.64,44.942
2.09,2.4912,-2.4564,1.4828,-0.6889,0.13841,0,0.71152,0.25674,-0.1244,-3.7178,5.1116,-3.8314,-2.7152,8.8702,44.148,-9.2428,0,0,0,6.7556,6.7672,6.749,6.7483,-120.33,29.672,259.76,-1470.7,-1705.7,-416.34,45.033
2.1,2.4942,-2.4554,1.4453,-0.67227,0.11515,0,0.7313,0.33919,0.31827,-3.7973,5.0784,-3.8811,-2.7682,7.5975,44.357,-6.6672,0,0,0,6.7593,6.7783,6.7654,6.7645,-133.78,12.059,255.24,-1218.8,-1809,-482.05,45.113
2.11,2.498,-2.45,1.407,-0.65491,0.091522,0,0.75015,0.40828,0.76214,-3.8513,5.0774,-3.8935,-2.7797,6.2029,44.386,-4.1397,0,0,0,6.762,6.7873,6.7781,6.7773,-144.72,-6.356,250.18,-971.22,-1866.6,-529.37,45.174
2.12,2.5023,-2.4401,1.3683,-0.63669,0.067817,0,0.76813,0.46293,1.2054,-3.8802,5.1044,-3.8743,-2.7607,4.711,44.229,-1.6652,0,0,0,6.7638,6.7939,6.7872,6.786,-153.28,-25.127,244.64,-746.01,-1880.4,-579.89,45.218
2.13,2.5072,-2.4259,1.3295,-0.61755,0.044247,0,0.78528,0.50226,1.6461,-3.8848,5.1494,-3.8309,-2.7225,3.1442,43.884,0.75116,0,0,0,6.7653,6.798,6.793,6.791,-159.78,-43.823,238.5,-561.42,-1852,-655.2,45.245
2.14,2.5123,-2.4072,1.2907,-0.59746,0.020958,0,0.80162,0.52562,2.0824,-3.8654,5.1981,-3.7732,-2.6763,1.5208,43.354,3.1016,0,0,0,6.7673,6.8,6.7962,6.7928,-164.7,-62.033,231.39,-432.63,-1783.8,-773.44,45.26
2.15,2.5176,-2.3843,1.2522,-0.57647,-0.0019786,0,0.81712,0.53253,2.5126,-3.823,5.2355,-3.7126,-2.6319,-0.14637,42.646,5.3744,0,0,0,6.7702,6.8004,6.7976,6.7925,-168.6,-79.39,222.9,-355.67,-1682.7,-930.77,45.268
2.16,2.5229,-2.357,1.2143,-0.55467,-0.024559,0,0.83171,0.52257,2.9348,-3.7583,5.2505,-3.6591,-2.5953,-1.8494,41.77,7.5539,0,0,0,6.7738,6.7999,6.7982,6.7913,-171.95,-95.604,212.69,-319.04,-1556.7,-1114.7,45.272
2.17,2.528,-2.3256,1.1771,-0.53222,-0.04683,0,0.84531,0.49543,3.3475,-3.6723,5.2361,-3.6209,-2.5698,-3.5846,40.739,9.6217,0,0,0,6.7782,6.7991,6.7984,6.79,-175.08,-110.47,200.56,-311.25,-1414.4,-1312.9,45.276
2.18,2.5328,-2.2901,1.1409,-0.50926,-0.068876,0,0.85785,0.45078,3.7491,-3.5663,5.1898,-3.604,-2.5562,-5.3511,39.566,11.558,0,0,0,6.7831,6.7984,6.7988,6.7894,-178.23,-123.87,186.43,-320.77,-1264.1,-1512.8,45.283
2.19,2.537,-2.2507,1.1059,-0.48599,-0.090802,0,0.86923,0.3883,4.1384,-3.4416,5.1126,-3.6124,-2.5538,-7.1497,38.266,13.344,0,0,0,6.7882,6.7981,6.7993,6.7896,-181.51,-135.75,170.34,-336.12,-1114,-1701.9,45.292
2.2,2.5405,-2.2074,1.0722,-0.46255,-0.11273,0,0.8794,0.30767,4.514,-3.3,5.0095,-3.6477,-2.5608,-8.9818,36.855,14.959,0,0,0,6.793,6.7981,6.7999,6.7907,-184.93,-146.17,152.46,-345.77,-972.55,-1867.8,45.303
2.21,2.5431,-2.1604,1.0399,-0.43909,-0.13476,0,0.88828,0.20855,4.8751,-3.1431,4.8885,-3.7084,-2.5747,-10.848,35.347,16.388,0,0,0,6.7968,6.7985,6.8003,6.7923,-188.37,-155.26,133.1,-338.24,-848.06,-1998,45.313
2.22,2.5446,-2.1099,1.0093,-0.41568,-0.157,0,0.89586,0.090594,5.2207,-2.9729,4.7602,-3.7901,-2.5929,-12.749,33.754,17.618,0,0,0,6.799,6.799,6.8001,6.7941,-191.6,-163.22,112.66,-302,-748.86,-2080.1,45.32
2.23,2.5448,-2.0561,0.98051,-0.39238,-0.17951,0,0.90212,-0.04652,5.55,-2.7914,4.6373,-3.8846,-2.6124,-14.679,32.086,18.64,0,0,0,6.799,6.7997,6.7992,6.7957,-194.28,-170.35,91.694,-227.65,-681.69,-2104.1,45.322
2.24,2.5436,-1.999,0.95354,-0.36914,-0.20229,0,0.90709,-0.20305,5.8622,-2.6008,4.5324,-3.9819,-2.6312,-16.631,30.349,19.452,0,0,0,6.7968,6.8001,6.7973,6.7963,-196.03,-176.95,70.765,-117.16,-644.41,-2073.3,45.318
2.25,2.5407,-1.9389,0.92851,-0.34591,-0.22532,0,0.91081,-0.37918,6.1567,-2.4031,4.4549,-4.0716,-2.6484,-18.595,28.547,20.057,0,0,0,6.7925,6.8003,6.7944,6.7959,-196.52,-183.32,50.385,23.659,-631.92,-1995.6,45.305
2.26,2.536,-1.8759,0.90549,-0.32256,-0.2485,0,0.91335,-0.57495,6.4329,-2.2003,4.4117,-4.1443,-2.6639,-20.556,26.683,20.463,0,0,0,6.7864,6.8001,6.7905,6.794,-195.48,-189.66,30.982,188.98,-639.12,-1879.2,45.285
2.27,2.5291,-1.8103,0.88452,-0.29894,-0.27171,0,0.91477,-0.79025,6.6902,-1.9944,4.4068,-4.191,-2.6785,-22.499,24.754,20.681,0,0,0,6.7791,6.7997,6.786,6.7909,-192.68,-196.15,12.905,372.99,-660.9,-1731.8,45.259
2.28,2.5201,-1.7422,0.86561,-0.27491,-0.29478,0,0.91516,-1.0248,6.9278,-1.7873,4.4419,-4.2035,-2.6935,-24.404,22.759,20.726,0,0,0,6.7709,6.7991,6.7812,6.7866,-187.98,-202.91,-3.5768,569.87,-692.16,-1561.4,45.23
2.29,2.5086,-1.6718,0.84877,-0.2503,-0.31751,0,0.91462,-1.2781,7.1451,-1.5804,4.5165,-4.1751,-2.7105,-26.252,20.694,20.615,0,0,0,6.7624,6.7987,6.7764,6.7815,-181.26,-210.01,-18.272,773.78,-727.79,-1375.9,45.198
2.3,2.4945,-1.5993,0.834,-0.22495,-0.33967,0,0.91325,-1.5496,7.3414,-1.3754,4.6283,-4.1004,-2.7314,-28.022,18.557,20.367,0,0,0,6.7541,6.7986,6.7718,6.7757,-172.5,-217.46,-31.071,978.92,-762.69,-1183.3,45.167
2.31,2.4775,-1.525,0.82125,-0.19871,-0.36102,0,0.91114,-1.8382,7.516,-1.1735,4.7736,-3.9758,-2.7585,-29.695,16.344,20,0,0,0,6.7464,6.7987,6.7678,6.7694,-161.7,-225.24,-41.942,1179.5,-791.74,-991.61,45.137
2.32,2.4576,-1.4491,0.81051,-0.17145,-0.3813,0,0.90841,-2.1431,7.668,-0.97575,4.9469,-3.8,-2.7936,-31.25,14.052,19.534,0,0,0,6.7394,6.7991,6.7643,6.7629,-148.94,-233.26,-50.933,1369.6,-809.85,-808.65,45.11
2.33,2.4346,-1.3718,0.80172,-0.14309,-0.40024,0,0.90517,-2.4628,7.7968,-0.78308,5.1419,-3.5735,-2.8385,-32.668,11.679,18.987,0,0,0,6.7335,6.7997,6.7615,6.7563,-134.36,-241.38,-58.171,1543.4,-811.9,-642.4,45.085
2.34,2.4083,-1.2932,0.79483,-0.11353,-0.41762,0,0.9015,-2.7959,7.9013,-0.59621,5.3509,-3.2993,-2.8943,-33.931,9.2244,18.376,0,0,0,6.7287,6.8002,6.7594,6.7496,-118.15,-249.43,-63.863,1695.3,-792.8,-500.79,45.063
2.35,2.3787,-1.2138,0.78978,-0.082756,-0.4332,0,0.89749,-3.1408,7.981,-0.41573,5.5655,-2.9827,-2.9614,-35.026,6.6911,17.714,0,0,0,6.7251,6.8003,6.7579,6.7432,-100.55,-257.15,-68.295,1819.2,-747.43,-391.78,45.044
2.36,2.3455,-1.1337,0.78649,-0.050764,-0.44678,0,0.8932,-3.4958,8.0349,-0.24206,5.7765,-2.6319,-3.039,-35.939,4.0834,17.013,0,0,0,6.7227,6.7999,6.7572,6.7372,-81.876,-264.27,-71.833,1909.4,-670.69,-323.29,45.028
2.37,2.3087,-1.0532,0.78491,-0.017609,-0.45821,0,0.88867,-3.859,8.0624,-0.075572,5.9743,-2.2576,-3.1251,-36.661,1.4089,16.279,0,0,0,6.7218,6.7988,6.7573,6.732,-62.49,-270.45,-74.918,1961.2,-558.7,-301.44,45.016
2.38,2.2683,-0.97255,0.78496,0.016605,-0.46737,0,0.88391,-4.2284,8.0629,0.083423,6.1501,-1.8721,-3.2167,-37.187,-1.3212,15.515,0,0,0,6.7222,6.7971,6.7583,6.7279,-42.772,-275.34,-78.002,1976.7,-414.83,-321.44,45.009
2.39,2.2241,-0.89203,0.78655,0.051731,-0.47421,0,0.87889,-4.6021,8.0359,0.23461,6.2976,-1.4868,-3.3104,-37.517,-4.0926,14.718,0,0,0,6.724,6.7952,6.7602,6.7252,-23.063,-278.66,-81.458,1960.2,-245.14,-374.51,45.008
2.4,2.1762,-0.81193,0.78962,0.087588,-0.47873,0,0.87358,-4.9781,7.981,0.37765,6.4129,-1.1122,-3.4028,-37.65,-6.8884,13.883,0,0,0,6.7271,6.7933,6.7632,6.7242,-3.6602,-280.17,-85.573,1916.3,-55.682,-451.84,45.013
2.41,2.1246,-0.73251,0.79408,0.12397,-0.48097,0,0.86793,-5.3544,7.8981,0.51213,6.4946,-0.75685,-3.4909,-37.592,-9.6896,13.004,0,0,0,6.7315,6.7919,6.7671,6.725,15.185,-279.72,-90.546,1849.4,147.49,-544.63,45.026
2.42,2.0692,-0.65406,0.79983,0.16068,-0.48101,0,0.86187,-5.7293,7.7872,0.63754,6.5434,-0.42802,-3.572,-37.349,-12.476,12.069,0,0,0,6.737,6.7911,6.7719,6.7275,33.266,-277.2,-96.487,1764.1,358.31,-644.08,45.046
2.43,2.01,-0.57686,0.8068,0.19748,-0.47896,0,0.85533,-6.1008,7.6487,0.7533,6.5622,-0.13069,-3.6445,-36.929,-15.226,11.07,0,0,0,6.7433,6.791,6.7773,6.7315,50.42,-272.55,-103.42,1664.7,570.72,-741.39,45.072
2.44,1.9472,-0.50117,0.81487,0.2342,-0.47498,0,0.84826,-6.4673,7.4829,0.85871,6.5553,0.13248,-3.7071,-36.344,-17.92,9.9977,0,0,0,6.75,6.7917,6.7829,6.7366,66.529,-265.8,-111.28,1555.9,778.67,-827.77,45.102
2.45,1.8807,-0.42729,0.82393,0.27064,-0.46921,0,0.84059,-6.8272,7.2905,0.95298,6.5279,0.36145,-3.7602,-35.602,-20.536,8.8423,0,0,0,6.7566,6.7929,6.7884,6.7422,81.521,-257.02,-119.91,1442,976.1,-894.41,45.134
2.46,1.8106,-0.35545,0.83389,0.30667,-0.46181,0,0.83228,-7.1789,7.0725,1.0353,6.4854,0.55894,-3.8046,-34.717,-23.054,7.5977,0,0,0,6.7626,6.7943,6.7932,6.7475,95.368,-246.33,-129.07,1327.6,1156.9,-932.52,45.163
2.47,1.7371,-0.28592,0.8446,0.34215,-0.45293,0,0.82328,-7.5211,6.8299,1.1046,6.4326,0.7305,-3.8426,-33.699,-25.457,6.2602,0,0,0,6.7674,6.7957,6.7969,6.7517,108.09,-233.95,-138.44,1217.2,1315.2,-933.29,45.186
2.48,1.6603,-0.21893,0.85593,0.377,-0.44268,0,0.81357,-7.8525,6.5638,1.1601,6.3727,0.88443,-3.8773,-32.559,-27.728,4.8297,0,0,0,6.7708,6.7967,6.7993,6.754,119.74,-220.13,-147.58,1115.1,1444.7,-887.92,45.201
2.49,1.5801,-0.15471,0.86775,0.41114,-0.43113,0,0.80317,-8.1719,6.2758,1.2009,6.3064,1.0316,-3.9133,-31.307,-29.855,3.3109,0,0,0,6.7726,6.7971,6.8002,6.7536,130.43,-205.17,-156.01,1025.9,1539.5,-787.62,45.206
2.5,1.4969,-0.093483,0.8799,0.4445,-0.4183,0,0.79211,-8.4783,5.9672,1.2261,6.2313,1.1851,-3.9557,-29.953,-31.829,1.7139,0,0,0,6.7729,6.7968,6.7998,6.7503,140.31,-189.47,-163.13,953.54,1594.4,-625.25,45.2
2.51,1.4106,-0.035434,0.89222,0.47702,-0.40414,0,0.78046,-8.7706,5.6397,1.235,6.1414,1.3584,-4.0104,-28.503,-33.644,0.054754,0,0,0,6.7721,6.7957,6.7984,6.744,149.56,-173.41,-168.33,897.14,1611.9,-406.24,45.184
2.52,1.3215,0.019253,0.90454,0.50861,-0.38853,0,0.76835,-9.048,5.2949,1.2271,6.0279,1.5619,-4.082,-26.964,-35.297,-1.6446,0,0,0,6.771,6.7938,6.7967,6.7354,158.3,-157.34,-171.1,853.87,1597.6,-141.72,45.161
2.53,1.2297,0.070412,0.9167,0.53915,-0.37132,0,0.75594,-9.3096,4.9343,1.2021,5.8803,1.8026,-4.1741,-25.338,-36.791,-3.3578,0,0,0,6.7701,6.7913,6.795,6.7251,166.67,-141.55,-171.05,820.86,1557.2,157.16,45.136
2.54,1.1354,0.11789,0.92853,0.5685,-0.35233,0,0.74341,-9.5545,4.5596,1.16,5.6873,2.0837,-4.2889,-23.631,-38.13,-5.0551,0,0,0,6.77,6.7882,6.7939,6.7139,174.74,-126.26,-167.88,795.21,1496.5,479.24,45.11
2.55,1.0387,0.16156,0.93985,0.59648,-0.33138,0,0.73103,-9.782,4.1722,1.1011,5.4376,2.4047,-4.427,-21.844,-39.319,-6.7044,0,0,0,6.7711,6.7845,6.7936,6.7026,182.59,-111.66,-161.42,774.06,1421.2,813.37,45.086
2.56,0.93979,0.2013,0.95049,0.62284,-0.30829,0,0.71904,-9.9911,3.7737,1.0261,5.1211,2.7612,-4.5875,-19.98,-40.366,-8.2724,0,0,0,6.7735,6.7802,6.7943,6.6917,190.23,-97.867,-151.61,754.53,1337.1,1148.4,45.066
2.57,0.83891,0.237,0.96032,0.64735,-0.28291,0,0.70774,-10.181,3.3653,0.93604,4.7293,3.145,-4.7671,-18.04,-41.279,-9.7256,0,0,0,6.7772,6.7748,6.7957,6.6819,197.67,-84.933,-138.49,733.73,1249.8,1473.1,45.049
2.58,0.73623,0.26858,0.96917,0.6697,-0.25515,0,0.69742,-10.352,2.9485,0.83212,4.2567,3.5444,-4.9608,-16.027,-42.067,-11.032,0,0,0,6.7816,6.7678,6.7976,6.6734,204.89,-72.864,-122.22,708.78,1165,1776.5,45.034
2.59,0.63194,0.29595,0.97692,0.68959,-0.22498,0,0.68837,-10.502,2.5244,0.716,3.7006,3.9445,-5.1609,-13.944,-42.739,-12.16,0,0,0,6.7861,6.7587,6.7993,6.6665,211.83,-61.605,-103.07,676.82,1088.6,2047.2,45.018
2.6,0.52627,0.31904,0.98346,0.70668,-0.19244,0,0.68086,-10.63,2.0941,0.5896,3.0626,4.3283,-5.358,-11.792,-43.302,-13.085,0,0,0,6.7901,6.7472,6.8003,6.6614,218.39,-51.046,-81.42,634.95,1026.1,2274.2,44.998
2.61,0.41941,0.33781,0.98868,0.72064,-0.15771,0,0.67513,-10.737,1.6587,0.45507,2.3492,4.6769,-5.5409,-9.5773,-43.762,-13.782,0,0,0,6.7928,6.7331,6.8,6.6583,224.48,-41.016,-57.767,580.3,983.46,2446.3,44.974
2.62,0.31159,0.3522,0.99254,0.73118,-0.12105,0,0.67136,-10.822,1.2192,0.31477,1.5721,4.9715,-5.6978,-7.3045,-44.123,-14.235,0,0,0,6.7936,6.7165,6.7978,6.6575,229.95,-31.292,-32.715,509.99,966.25,2552.4,44.943
2.63,0.20305,0.36218,0.99497,0.73801,-0.082816,0,0.66968,-10.883,0.77654,0.17121,0.74915,5.1947,-5.8174,-4.981,-44.388,-14.434,0,0,0,6.7921,6.6984,6.7936,6.6591,234.62,-21.592,-6.9703,422.06,978.48,2584.2,44.905
2.64,0.09401,0.36773,0.99596,0.74096,-0.043494,0,0.67014,-10.921,0.33174,0.02695,-0.09778,5.3334,-5.8906,-2.6153,-44.554,-14.375,0,0,0,6.7885,6.6798,6.7873,6.6628,238.34,-11.635,18.737,318.33,1016.9,2546.3,44.864
2.65,-0.015293,0.36882,0.99551,0.7399,-0.0036138,0,0.67271,-10.935,-0.11421,-0.11544,-0.94541,5.3804,-5.9127,-0.21793,-44.619,-14.062,0,0,0,6.783,6.6622,6.7793,6.6685,240.95,-1.1833,43.749,201.6,1076.4,2446.3,44.822
2.66,-0.12462,0.36544,0.99367,0.73483,0.036259,0,0.67729,-10.925,-0.56027,-0.25347,-1.7705,5.3349,-5.8829,2.1995,-44.576,-13.504,0,0,0,6.7765,6.6469,6.7704,6.6759,242.33,9.9468,67.482,74.676,1151.8,2291.9,44.783
2.67,-0.23372,0.35761,0.99047,0.72582,0.075567,0,0.68372,-10.891,-1.0053,-0.38476,-2.5514,5.2021,-5.8044,4.6244,-44.417,-12.718,0,0,0,6.7697,6.6354,6.7613,6.6848,242.41,21.89,89.431,-59.632,1238.1,2090.7,44.752
2.68,-0.34236,0.34534,0.986,0.71307,0.1138,0,0.6918,-10.833,-1.4482,-0.50713,-3.2692,4.9923,-5.6836,7.0432,-44.135,-11.723,0,0,0,6.7637,6.6285,6.7531,6.6953,241.13,34.727,109.17,-198.52,1330,1850.3,44.734
2.69,-0.4503,0.32866,0.98036,0.69684,0.1505,0,0.70126,-10.751,-1.8876,-0.6186,-3.9093,4.72,-5.5292,9.4422,-43.72,-10.543,0,0,0,6.7592,6.6271,6.7467,6.7071,238.44,48.491,126.33,-339.19,1422.4,1578.5,44.734
2.7,-0.5573,0.30761,0.97367,0.67745,0.18532,0,0.71184,-10.644,-2.3221,-0.71747,-4.4621,4.402,-5.351,11.807,-43.162,-9.2058,0,0,0,6.757,6.6311,6.7428,6.7202,234.35,63.161,140.66,-478.82,1510.3,1283,44.752
2.71,-0.66311,0.28224,0.96606,0.65529,0.21802,0,0.72323,-10.515,-2.7503,-0.80229,-4.9235,4.0563,-5.1594,14.125,-42.453,-7.7402,0,0,0,6.7574,6.6403,6.7418,6.734,228.87,78.665,151.94,-614.63,1588.5,971.28,44.789
2.72,-0.76751,0.25263,0.95767,0.63073,0.24844,0,0.73516,-10.362,-3.1707,-0.87195,-5.2944,3.7003,-4.9638,16.38,-41.586,-6.1776,0,0,0,6.7604,6.6536,6.7437,6.7482,222.08,94.881,160.05,-743.79,1651.8,651.13,44.843
2.73,-0.87028,0.21886,0.94867,0.60416,0.27653,0,0.74735,-10.187,-3.5815,-0.92563,-5.5806,3.3494,-4.7725,18.562,-40.554,-4.5498,0,0,0,6.7654,6.6699,6.7479,6.7621,214.03,111.63,164.96,-863.52,1695.2,330.19,44.909
2.74,-0.97118,0.18103,0.93922,0.57594,0.30232,0,0.75954,-9.991,-3.9812,-0.96283,-5.7911,3.0162,-4.5922,20.657,-39.353,-2.889,0,0,0,6.7718,6.6875,6.7536,6.775,204.85,128.7,166.68,-970.99,1713.4,16.114,44.98
2.75,-1.07,0.13928,0.92947,0.54639,0.32593,0,0.77151,-9.7744,-4.368,-0.9834,-5.9373,2.7101,-4.4275,22.655,-37.98,-1.2265,0,0,0,6.7785,6.7049,6.7599,6.7859,194.66,145.8,165.33,-1063.4,1701.4,-283.43,45.048
2.76,-1.1666,0.093724,0.9196,0.51578,0.34748,0,0.78309,-9.5383,-4.7402,-0.98746,-6.0311,2.4368,-4.2811,24.548,-36.437,0.40793,0,0,0,6.7842,6.7203,6.7654,6.7941,183.64,162.61,161.09,-1138,1654.1,-560.78,45.107
2.77,-1.2607,0.044528,0.90978,0.48435,0.36715,0,0.79411,-9.2838,-5.0962,-0.97543,-6.0839,2.1985,-4.1538,26.326,-34.73,1.9865,0,0,0,6.7879,6.7326,6.7691,6.799,171.97,178.75,154.21,-1191.9,1566.2,-808.26,45.148
2.78,-1.3522,-0.0081403,0.90015,0.45228,0.38511,0,0.80445,-9.0122,-5.4343,-0.948,-6.105,1.9946,-4.0441,27.986,-32.866,3.4845,0,0,0,6.7887,6.7407,6.7702,6.8004,159.88,193.78,145.05,-1222.4,1432.9,-1018.3,45.167
2.79,-1.4409,-0.064094,0.89086,0.41971,0.40154,0,0.81401,-8.7245,-5.753,-0.90608,-6.101,1.8218,-3.9489,29.523,-30.859,4.8811,0,0,0,6.7861,6.7445,6.7683,6.7985,147.6,207.26,133.98,-1229.1,1254.8,-1187.7,45.162
2.8,-1.5267,-0.12313,0.88207,0.3868,0.41656,0,0.82272,-8.4221,-6.0511,-0.85077,-6.0749,1.6762,-3.8639,30.938,-28.728,6.1592,0,0,0,6.7802,6.7443,6.7636,6.7939,135.37,218.76,121.42,-1214.6,1039.9,-1318.5,45.137
2.81,-1.6093,-0.18504,0.87389,0.35369,0.43031,0,0.83051,-8.1062,-6.3272,-0.78333,-6.0267,1.5538,-3.7843,32.231,-26.492,7.3058,0,0,0,6.7715,6.741,6.7568,6.7874,123.37,227.96,107.73,-1182,796.75,-1413.4,45.094
2.82,-1.6888,-0.2496,0.86644,0.32052,0.44288,0,0.83733,-7.7779,-6.5806,-0.70513,-5.9548,1.4513,-3.7051,33.406,-24.177,8.3113,0,0,0,6.7608,6.7356,6.7487,6.7801,111.78,234.63,93.264,-1134.1,533.93,-1475,45.042
2.83,-1.7648,-0.31658,0.85982,0.28748,0.45436,0,0.84315,-7.4384,-6.8106,-0.6176,-5.8563,1.366,-3.6216,34.468,-21.808,9.1695,0,0,0,6.7491,6.7294,6.7405,6.7728,100.73,238.6,78.335,-1073.8,259.98,-1505.9,44.986
2.84,-1.8375,-0.38573,0.85411,0.25476,0.46484,0,0.84795,-7.0889,-7.0167,-0.52224,-5.7284,1.2961,-3.5296,35.423,-19.414,9.8774,0,0,0,6.7377,6.7236,6.7331,6.7667,90.334,239.82,63.24,-1003.9,-16.563,-1508.7,44.935
2.85,-1.9066,-0.45683,0.84939,0.22257,0.47437,0,0.85172,-6.7303,-7.1989,-0.42055,-5.5688,1.2406,-3.4258,36.278,-17.021,10.435,0,0,0,6.7274,6.7192,6.7276,6.7624,80.672,238.29,48.246,-927.51,-287.15,-1486,44.894
2.86,-1.9721,-0.52963,0.84572,0.19115,0.48305,0,0.85447,-6.3636,-7.3572,-0.31404,-5.3768,1.1989,-3.3078,37.039,-14.657,10.844,0,0,0,6.7192,6.7168,6.7245,6.7605,71.796,234.12,33.596,-847.39,-543.23,-1440.4,44.868
2.87,-2.0338,-0.6039,0.84313,0.16073,0.49097,0,0.85622,-5.9898,-7.4922,-0.20416,-5.1533,1.1705,-3.1747,37.716,-12.347,11.108,0,0,0,6.7136,6.717,6.7242,6.7611,63.727,227.5,19.505,-766.48,-776.26,-1374.5,44.86
2.88,-2.0918,-0.6794,0.84164,0.13151,0.49821,0,0.85702,-5.6096,-7.6044,-0.092326,-4.9015,1.1551,-3.0266,38.317,-10.114,11.236,0,0,0,6.711,6.7197,6.7268,6.764,56.46,218.7,6.1642,-687.67,-977.69,-1291,44.869
2.89,-2.146,-0.75591,0.84128,0.1037,0.50488,0,0.85694,-5.2237,-7.6948,0.020132,-4.6269,1.1515,-2.8654,38.848,-7.979,11.235,0,0,0,6.7115,6.7248,6.732,6.7688,49.957,208.08,-6.2637,-613.86,-1139,-1192.3,44.895
2.9,-2.1963,-0.83323,0.84204,0.077437,0.51109,0,0.85603,-4.8328,-7.7644,0.13197,-4.3372,1.1582,-2.6943,39.318,-5.9572,11.114,0,0,0,6.7149,6.7317,6.7391,6.7749,44.156,196.09,-17.641,-547.97,-1251.6,-1081.2,44.934
2.91,-2.2427,-0.91114,0.84391,0.052821,0.51692,0,0.85441,-4.4375,-7.8144,0.24206,-4.0423,1.1727,-2.5181,39.733,-4.0601,10.886,0,0,0,6.7208,6.7397,6.7473,6.7814,38.963,183.24,-27.854,-492.53,-1308.6,-960.07,44.982
2.92,-2.285,-0.98945,0.84687,0.029882,0.52246,0,0.85214,-4.0383,-7.846,0.34937,-3.7523,1.1914,-2.3424,40.099,-2.2935,10.561,0,0,0,6.7286,6.7481,6.7559,6.7877,34.268,170.09,-36.816,-448.13,-1312.9,-831.06,45.034
2.93,-2.3234,-1.068,0.85089,0.0085881,0.52779,0,0.84933,-3.6357,-7.8607,0.45301,-3.4765,1.21,-2.1726,40.42,-0.65771,10.154,0,0,0,6.7374,6.7561,6.764,6.7932,29.964,157.14,-44.455,-414.65,-1270.2,-696.03,45.085
2.94,-2.3577,-1.1466,0.85592,-0.011148,0.53293,0,0.84608,-3.2301,-7.8596,0.55222,-3.2225,1.2237,-2.0137,40.699,0.85138,9.6769,0,0,0,6.7466,6.7633,6.7709,6.7975,25.939,144.82,-50.723,-391.98,-1186.7,-556.88,45.13
2.95,-2.388,-1.2251,0.86192,-0.02946,0.53791,0,0.84248,-2.8218,-7.8441,0.64636,-2.9965,1.2277,-1.8703,40.939,2.2421,9.1442,0,0,0,6.7556,6.769,6.7762,6.8002,22.088,133.52,-55.585,-380,-1068.4,-415.5,45.168
2.96,-2.4142,-1.3035,0.86883,-0.046516,0.54272,0,0.83863,-2.4114,-7.8151,0.73496,-2.8032,1.2173,-1.7466,41.141,3.5262,8.5699,0,0,0,6.764,6.7733,6.7796,6.8011,18.304,123.55,-59.031,-378.61,-921.23,-273.78,45.196
2.97,-2.4362,-1.3814,0.8766,-0.062518,0.54729,0,0.8346,-1.9991,-7.7738,0.81767,-2.6463,1.1879,-1.6463,41.305,4.7184,7.9683,0,0,0,6.7715,6.7758,6.7809,6.8003,14.481,115.17,-61.066,-387.68,-751.21,-133.62,45.214
2.98,-2.4541,-1.4589,0.88516,-0.077691,0.55157,0,0.8305,-1.5854,-7.721,0.89428,-2.5283,1.1356,-1.5729,41.43,5.8356,7.3532,0,0,0,6.7782,6.7768,6.7802,6.7977,10.516,108.58,-61.715,-407.11,-564.35,3.0844,45.221
2.99,-2.4679,-1.5358,0.89446,-0.092274,0.55547,0,0.8264,-1.1707,-7.6573,0.96474,-2.4505,1.0567,-1.5291,41.515,6.8964,6.7384,0,0,0,6.7839,6.7762,6.7777,6.7936,6.305,103.92,-61.022,-436.78,-366.66,134.45,45.219
3,-2.4776,-1.612,0.90444,-0.10652,0.55885,0,0.8224,-0.75528,-7.5832,1.0291,-2.4134,0.94847,-1.5171,41.555,7.9206,6.137,0,0,0,6.7886,6.7744,6.7735,6.7882,1.7466,101.26,-59.05,-476.58,-164.12,258.58,45.208
3.01,-2.483,-1.6874,0.91502,-0.12069,0.5616,0,0.81856,-0.33972,-7.499,1.0876,-2.4161,0.80843,-1.5385,41.548,8.9284,5.5614,0,0,0,6.7925,6.7716,6.768,6.7819,-3.26,100.63,-55.881,-526.39,37.24,373.57,45.19
3.02,-2.4844,-1.7619,0.92617,-0.13502,0.56356,0,0.81496,0.075507,-7.4046,1.1404,-2.4568,0.63491,-1.5938,41.488,9.9399,5.0231,0,0,0,6.7955,6.7679,6.7613,6.775,-8.8143,101.98,-51.616,-586.12,231.43,477.55,45.166
3.03,-2.4815,-1.8355,0.93782,-0.14977,0.56457,0,0.81169,0.48985,-7.3001,1.1882,-2.5324,0.4268,-1.6827,41.37,10.974,4.5324,0,0,0,6.7978,6.7637,6.7537,6.768,-15.015,105.22,-46.373,-655.63,412.46,568.6,45.139
3.04,-2.4746,-1.9079,0.94992,-0.16514,0.56445,0,0.80878,0.90268,-7.185,1.2313,-2.6385,0.18362,-1.8039,41.185,12.05,4.0984,0,0,0,6.7993,6.7592,6.7456,6.7611,-21.959,110.17,-40.293,-734.81,574.31,644.85,45.109
3.05,-2.4635,-1.9791,0.96243,-0.18135,0.56301,0,0.80631,1.3133,-7.0589,1.2704,-2.7691,-0.094417,-1.9548,40.928,13.183,3.7288,0,0,0,6.8001,6.7548,6.7373,6.7549,-29.743,116.62,-33.532,-823.57,710.98,704.39,45.078
3.06,-2.4483,-2.0491,0.97531,-0.19852,0.56008,0,0.8043,1.721,-6.9211,1.3061,-2.9174,-0.40632,-2.1318,40.587,14.386,3.4294,0,0,0,6.8003,6.7506,6.7292,6.7498,-38.462,124.29,-26.267,-921.77,816.47,745.34,45.05
3.07,-2.4291,-2.1175,0.98854,-0.21678,0.55545,0,0.8028,2.1248,-6.7709,1.3392,-3.0751,-0.75017,-2.3302,40.155,15.671,3.2045,0,0,0,6.8001,6.7472,6.7218,6.7463,-48.21,132.82,-18.694,-1029.3,884.78,765.8,45.026
3.08,-2.4058,-2.1844,1.0021,-0.23616,0.54894,0,0.80181,2.5237,-6.6074,1.3704,-3.233,-1.123,-2.5442,39.619,17.044,3.0559,0,0,0,6.7995,6.7448,6.7153,6.7448,-59.079,141.84,-11.026,-1146.1,909.91,763.87,45.007
3.09,-2.3786,-2.2496,1.0159,-0.25665,0.54038,0,0.80132,2.9168,-6.4297,1.4006,-3.3816,-1.5205,-2.7674,38.969,18.508,2.9835,0,0,0,6.7988,6.7438,6.7102,6.7455,-71.161,150.86,-3.497,-1271.8,886.2,737.78,44.997
3.1,-2.3475,-2.313,1.0301,-0.27817,0.52961,0,0.80133,3.3027,-6.2369,1.4304,-3.5117,-1.9375,-2.9934,38.192,20.06,2.9847,0,0,0,6.798,6.7443,6.7068,6.7485,-84.536,159.4,3.65,-1403.8,814.01,687.78,44.996
3.11,-2.3126,-2.3743,1.0446,-0.30059,0.51649,0,0.8018,3.6801,-6.0282,1.4605,-3.6158,-2.3683,-3.217,37.274,21.693,3.0544,0,0,0,6.7975,6.7465,6.705,6.7534,-99.243,167,10.186,-1537.3,698.88,615.85,45.004
3.12,-2.2739,-2.4335,1.0593,-0.32371,0.50092,0,0.80268,4.0476,-5.8028,1.4916,-3.6886,-2.8076,-3.4342,36.203,23.396,3.1856,0,0,0,6.7973,6.7502,6.7046,6.7598,-115.27,173.25,15.901,-1667.3,546.49,524.01,45.02
3.13,-2.2317,-2.4903,1.0744,-0.34732,0.48281,0,0.8039,4.4036,-5.5601,1.5244,-3.727,-3.2502,-3.6426,34.965,25.152,3.3691,0,0,0,6.7973,6.7551,6.7054,6.7672,-132.56,177.82,20.606,-1789,362.51,414.29,45.042
3.14,-2.1859,-2.5446,1.0898,-0.37118,0.46212,0,0.8054,4.7463,-5.2997,1.5592,-3.7295,-3.6915,-3.8412,33.548,26.945,3.5938,0,0,0,6.7975,6.7608,6.7069,6.7751,-151.01,180.42,24.134,-1897.5,152.66,288.74,45.067
3.15,-2.1368,-2.5962,1.1056,-0.39502,0.43882,0,0.80709,5.0739,-5.0212,1.5964,-3.6963,-4.1279,-4.0301,31.941,28.753,3.8473,0,0,0,6.7976,6.767,6.7087,6.7828,-170.45,180.81,26.335,-1987.9,-77.407,149.38,45.093
3.16,-2.0845,-2.645,1.1217,-0.41861,0.41289,0,0.80888,5.3845,-4.7246,1.6362,-3.6289,-4.5565,-4.2104,30.136,30.554,4.1157,0,0,0,6.7973,6.773,6.7102,6.7897,-190.69,178.82,27.082,-2055.4,-321.99,-1.7546,45.117
3.17,-2.0292,-2.6907,1.1383,-0.44168,0.38434,0,0.81068,5.676,-4.4102,1.6787,-3.5295,-4.9752,-4.3839,28.126,32.321,4.3838,0,0,0,6.7961,6.7783,6.7108,6.7952,-211.47,174.34,26.267,-2095,-575.39,-162.63,45.134
3.18,-1.971,-2.7331,1.1553,-0.46399,0.3532,0,0.81238,5.9463,-4.0784,1.7238,-3.4008,-5.3823,-4.5527,25.906,34.032,4.6355,0,0,0,6.7938,6.7825,6.7102,6.799,-232.48,167.3,23.804,-2102,-831.94,-331.22,45.143
3.19,-1.9103,-2.7722,1.1728,-0.48531,0.31951,0,0.81387,6.1934,-3.7298,1.7713,-3.2453,-5.7767,-4.7187,23.476,35.659,4.8541,0,0,0,6.79,6.7853,6.708,6.8008,-253.38,157.71,19.624,-2071.3,-1086,-505.49,45.14
3.2,-1.8473,-2.8077,1.1908,-0.50541,0.28331,0,0.81505,6.4152,-3.3656,1.8207,-3.0658,-6.1569,-4.8835,20.84,37.178,5.0221,0,0,0,6.7844,6.7866,6.7043,6.8004,-273.76,145.61,13.682,-1998.2,-1331.7,-683.4,45.126
3.21,-1.7821,-2.8394,1.2092,-0.52406,0.24467,0,0.81578,6.6095,-2.9867,1.8715,-2.8646,-6.5205,-5.0479,18.004,38.563,5.1218,0,0,0,6.7772,6.7863,6.6992,6.7981,-293.19,131.12,5.9507,-1877.7,-1563.6,-862.92,45.101
3.22,-1.7152,-2.8674,1.2282,-0.54105,0.2037,0,0.81595,6.7746,-2.5948,1.9228,-2.644,-6.8641,-5.2117,14.981,39.793,5.1352,0,0,0,6.7684,6.7848,6.6933,6.7943,-311.14,114.4,-3.5753,-1705,-1775.8,-1042,45.068
3.23,-1.6467,-2.8913,1.2477,-0.55618,0.16052,0,0.81541,6.9086,-2.1915,1.9738,-2.407,-7.1824,-5.3728,11.788,40.845,5.0443,0,0,0,6.7586,6.7826,6.6877,6.7897,-327.09,95.687,-14.882,-1475.1,-1962.8,-1218.7,45.031
3.24,-1.5771,-2.9112,1.2677,-0.56924,0.11532,0,0.81404,7.0099,-1.7786,2.0233,-2.1573,-7.4679,-5.5277,8.4479,41.701,4.8317,0,0,0,6.7484,6.7804,6.6835,6.7849,-340.44,75.25,-27.934,-1183.3,-2118.8,-1390.9,44.995
3.25,-1.5066,-2.9269,1.2881,-0.58006,0.068356,0,0.8117,7.0772,-1.3582,2.07,-1.9005,-7.7114,-5.6708,4.99,42.345,4.48,0,0,0,6.7387,6.7788,6.6822,6.7811,-350.54,53.433,-42.677,-824.86,-2238.2,-1556.5,44.968
3.26,-1.4357,-2.9383,1.309,-0.58851,0.019956,0,0.80824,7.1094,-0.93243,2.1124,-1.6448,-7.9027,-5.7948,1.4502,42.766,3.9728,0,0,0,6.7306,6.7783,6.6848,6.7789,-356.73,30.618,-59.027,-404.77,-2318.2,-1711.3,44.954
3.27,-1.3646,-2.9455,1.3304,-0.5945,-0.029476,0,0.80355,7.106,-0.50363,2.1489,-1.4005,-8.0351,-5.8933,-2.1298,42.955,3.2946,0,0,0,6.7253,6.7796,6.6916,6.7791,-358.49,7.1973,-76.843,59.538,-2359.6,-1848.3,44.959
3.28,-1.2937,-2.9484,1.352,-0.59804,-0.079492,0,0.79752,7.0668,-0.074111,2.1777,-1.1784,-8.1071,-5.9619,-5.7036,42.909,2.4318,0,0,0,6.7236,6.7824,6.7024,6.7816,-355.45,-16.449,-95.91,549.79,-2363.5,-1960.4,44.983
3.29,-1.2234,-2.947,1.3739,-0.5992,-0.12964,0,0.79004,6.9921,0.35376,2.1969,-0.98901,-8.1234,-5.9989,-9.2223,42.627,1.3732,0,0,0,6.7253,6.7865,6.7159,6.7862,-347.46,-39.951,-115.94,1047.7,-2330.9,-2040.3,45.023
3.3,-1.1539,-2.9413,1.3959,-0.59814,-0.17948,0,0.78104,6.8827,0.77765,2.2045,-0.8405,-8.0936,-6.0051,-12.636,42.112,0.11085,0,0,0,6.7297,6.7908,6.7305,6.7918,-334.53,-62.95,-136.59,1535.1,-2262.9,-2081,45.071
3.31,-1.0858,-2.9314,1.4179,-0.59506,-0.22866,0,0.77046,6.7399,1.1952,2.1984,-0.73757,-8.0311,-5.9839,-15.897,41.371,-1.3592,0,0,0,6.7354,6.7941,6.7439,6.7972,-316.86,-85.096,-157.41,1993.7,-2160.6,-2075.3,45.118
3.32,-1.0193,-2.9174,1.4398,-0.59022,-0.27688,0,0.75827,6.5655,1.6043,2.1766,-0.68052,-7.9508,-5.9402,-18.959,40.414,-3.0363,0,0,0,6.7405,6.7952,6.7539,6.8007,-294.82,-106.05,-177.91,2405.1,-2025,-2015.9,45.15
3.33,-0.9546,-2.8994,1.4614,-0.58385,-0.32396,0,0.74442,6.3615,2.0028,2.137,-0.66475,-7.867,-5.8808,-21.781,39.255,-4.9145,0,0,0,6.7429,6.7928,6.7585,6.8008,-268.97,-125.49,-197.52,2751.2,-1857.1,-1895.7,45.158
3.34,-0.89211,-2.8774,1.4825,-0.57618,-0.36976,0,0.7289,6.1308,2.3888,2.0777,-0.68067,-7.7905,-5.813,-24.328,37.91,-6.9817,0,0,0,6.741,6.7863,6.7564,6.7962,-240.07,-143.09,-215.6,3013.7,-1658.1,-1707.6,45.133
3.35,-0.83206,-2.8517,1.5029,-0.56736,-0.41422,0,0.7117,5.876,2.7605,1.9968,-0.71368,-7.727,-5.7446,-26.575,36.4,-9.219,0,0,0,6.7338,6.776,6.7472,6.7866,-209.04,-158.55,-231.43,3174.4,-1429,-1444.4,45.073
3.36,-0.77466,-2.8223,1.5223,-0.55748,-0.45734,0,0.69287,5.6003,3.1163,1.8928,-0.74441,-7.6747,-5.6837,-28.506,34.747,-11.6,0,0,0,6.721,6.7631,6.7314,6.7722,-176.98,-171.57,-244.21,3214.9,-1170.8,-1098.9,44.98
3.37,-0.72012,-2.7894,1.5407,-0.5465,-0.49907,0,0.6725,5.3069,3.4551,1.7644,-0.7492,-7.6225,-5.6383,-30.116,32.978,-14.09,0,0,0,6.7036,6.7497,6.7112,6.7543,-145.19,-181.87,-253.11,3121.1,-885.25,-666.41,44.865
3.38,-0.66857,-2.7532,1.5576,-0.53432,-0.53938,0,0.65082,4.999,3.7756,1.6108,-0.70411,-7.5489,-5.614,-31.415,31.12,-16.647,0,0,0,6.6833,6.7382,6.6901,6.7353,-114.97,-189.21,-257.29,2905.3,-578.51,-159.1,44.745
3.39,-0.62017,-2.7139,1.5728,-0.52073,-0.57815,0,0.62816,4.6796,4.0773,1.4315,-0.5913,-7.4248,-5.6108,-32.424,29.204,-19.218,0,0,0,6.6628,6.7309,6.6726,6.7179,-87.417,-193.4,-256.11,2590.6,-258.42,404.32,44.64
3.4,-0.57501,-2.6717,1.5861,-0.50553,-0.61516,0,0.605,4.3514,4.3596,1.2266,-0.40168,-7.218,-5.6228,-33.175,27.263,-21.749,0,0,0,6.6448,6.7295,6.6626,6.7048,-63.411,-194.36,-249.08,2200,67.142,1005.1,44.57
3.41,-0.53317,-2.6268,1.5972,-0.48853,-0.65013,0,0.58195,4.0168,4.6225,0.99681,-0.13643,-6.8983,-5.6385,-33.706,25.328,-24.179,0,0,0,6.6314,6.7342,6.6629,6.6979,-43.593,-192.06,-235.94,1756.7,390.3,1624.4,44.544
3.42,-0.49469,-2.5794,1.606,-0.46966,-0.68273,0,0.55974,3.6779,4.8663,0.74351,0.19272,-6.4425,-5.6408,-34.062,23.432,-26.447,0,0,0,6.6237,6.7441,6.6745,6.6978,-28.376,-186.59,-216.6,1283.7,703.19,2243.4,44.567
3.43,-0.45962,-2.5296,1.612,-0.44899,-0.71256,0,0.53914,3.336,5.0914,0.46861,0.56497,-5.8374,-5.608,-34.29,21.606,-28.491,0,0,0,6.6209,6.7563,6.6965,6.7036,-17.941,-178.06,-191.14,804.1,997.92,2843.5,44.629
3.44,-0.42797,-2.4776,1.6153,-0.42677,-0.73925,0,0.52094,2.9923,5.2987,0.17464,0.95353,-5.0809,-5.5156,-34.437,19.88,-30.251,0,0,0,6.6209,6.7671,6.7256,6.7129,-12.239,-166.71,-159.85,340.98,1266.6,3405.8,44.711
3.45,-0.39978,-2.4236,1.6155,-0.40342,-0.76245,0,0.50588,2.6474,5.4894,-0.13527,1.3299,-4.1817,-5.3392,-34.549,18.28,-31.67,0,0,0,6.6204,6.7722,6.7571,6.7223,-10.989,-152.84,-123.21,-82.576,1501.4,3911.5,44.787
3.46,-0.37503,-2.3679,1.6125,-0.37955,-0.78185,0,0.49462,2.3013,5.6648,-0.45746,1.6683,-3.1563,-5.0592,-34.67,16.83,-32.699,0,0,0,6.6156,6.7677,6.7849,6.7272,-13.681,-136.82,-81.873,-443.49,1694.4,4341.9,44.825
3.47,-0.35375,-2.3104,1.6063,-0.35586,-0.79719,0,0.48769,1.9539,5.8266,-0.78781,1.9492,-2.027,-4.6653,-34.834,15.549,-33.295,0,0,0,6.6027,6.7507,6.8025,6.723,-19.573,-119.12,-36.687,-718.69,1837.8,4678.1,44.798
3.48,-0.33596,-2.2514,1.5967,-0.3331,-0.80829,0,0.48551,1.6044,5.9764,-1.1218,2.1616,-0.81952,-4.1609,-35.069,14.452,-33.424,0,0,0,6.5791,6.7197,6.8042,6.7058,-27.692,-100.26,11.312,-885.08,1923.6,4901.4,44.681
3.49,-0.32167,-2.1909,1.5839,-0.31195,-0.815,0,0.48833,1.2522,6.1163,-1.4546,2.3034,0.43773,-3.5646,-35.391,13.546,-33.063,0,0,0,6.5437,6.6748,6.7857,6.673,-36.838,-80.863,60.905,-921.54,1944.8,4994.6,44.462
3.5,-0.31093,-2.1291,1.5677,-0.29295,-0.81725,0,0.49627,0.8963,6.248,-1.7814,2.381,1.7153,-2.9084,-35.804,12.834,-32.205,0,0,0,6.4966,6.6179,6.7454,6.6241,-45.696,-61.575,110.77,-830.15,1902.9,4958.2,44.14
3.51,-0.30376,-2.066,1.5483,-0.27643,-0.81499,0,0.50929,0.53584,6.3736,-2.0971,2.4079,2.987,-2.232,-36.3,12.312,-30.851,0,0,0,6.4395,6.5518,6.6849,6.5606,-53.073,-42.989,159.68,-628.21,1805.5,4804.5,43.728
3.52,-0.30023,-2.0016,1.5258,-0.26248,-0.8082,0,0.52718,0.1701,6.4949,-2.3968,2.4006,4.2276,-1.5753,-36.857,11.97,-29.018,0,0,0,6.376,6.4803,6.6085,6.4871,-57.95,-25.624,206.51,-333.27,1660.1,4545.9,43.253
3.53,-0.30038,-1.9361,1.5004,-0.25096,-0.79683,0,0.54961,-0.20142,6.6136,-2.6759,2.3743,5.4104,-0.97183,-37.448,11.794,-26.731,0,0,0,6.3114,6.408,6.5231,6.4096,-59.487,-9.9228,250.29,37.105,1474.1,4195,42.754
3.54,-0.30428,-1.8693,1.4724,-0.24156,-0.78091,0,0.57605,-0.57885,6.7312,-2.93,2.3406,6.5045,-0.44537,-38.034,11.765,-24.025,0,0,0,6.2521,6.3401,6.4367,6.3359,-57.015,3.7482,290.15,465.35,1255.2,3764.2,42.275
3.55,-0.31198,-1.8014,1.4419,-0.23385,-0.76048,0,0.60579,-0.96194,6.8493,-3.1552,2.3059,7.4761,-0.0087773,-38.573,11.861,-20.944,0,0,0,6.2047,6.2822,6.358,6.2736,-50.045,15.097,325.35,933.91,1010.8,3266.1,41.864
3.56,-0.32353,-1.7323,1.4094,-0.22737,-0.73572,0,0.63798,-1.35,6.9688,-3.3478,2.2722,8.2927,0.33518,-39.019,12.059,-17.536,0,0,0,6.175,6.2394,6.2949,6.2293,-38.261,23.905,355.29,1425.2,748.58,2713.1,41.565
3.57,-0.33899,-1.6621,1.3751,-0.22168,-0.70694,0,0.67163,-1.7418,7.0907,-3.505,2.2378,8.9294,0.59187,-39.322,12.331,-13.857,0,0,0,6.167,6.2163,6.2537,6.2079,-21.524,30.034,379.47,1921.7,475.95,2117.8,41.408
3.58,-0.35838,-1.5905,1.3394,-0.21642,-0.67461,0,0.70574,-2.1358,7.2156,-3.6243,2.2001,9.3765,0.77227,-39.433,12.65,-9.9668,0,0,0,6.1822,6.2157,6.2383,6.2112,0.13204,33.415,397.54,2405.9,200.48,1492.5,41.412
3.59,-0.3817,-1.5177,1.3027,-0.21129,-0.6393,0,0.73936,-2.5297,7.3438,-3.7038,2.1573,9.6434,0.89044,-39.303,12.99,-5.9274,0,0,0,6.2192,6.2381,6.2495,6.2386,26.494,34.059,409.26,2860.1,-70.301,849.77,41.576
3.6,-0.40896,-1.4436,1.2654,-0.20611,-0.60163,0,0.77172,-2.9209,7.4753,-3.7425,2.1099,9.7579,0.96125,-38.888,13.322,-1.8031,0,0,0,6.2743,6.2816,6.2849,6.2866,57.176,32.05,414.52,3266.8,-328.85,202.15,41.879
3.61,-0.4401,-1.3682,1.228,-0.20076,-0.5622,0,0.80227,-3.3064,7.6101,-3.7398,2.0605,9.7607,0.9986,-38.147,13.622,2.3415,0,0,0,6.3422,6.3418,6.3397,6.3498,91.614,27.548,413.33,3608.5,-567.64,-437.92,42.289
3.62,-0.47506,-1.2914,1.1908,-0.19517,-0.52146,0,0.83066,-3.6827,7.7476,-3.6958,2.0137,9.6971,1.0143,-37.046,13.866,6.4425,0,0,0,6.4166,6.4128,6.407,6.4217,129.07,20.788,405.83,3867.6,-779.13,-1057.9,42.763
3.63,-0.51371,-1.2133,1.1542,-0.18931,-0.47975,0,0.85674,-4.046,7.8872,-3.6113,1.9743,9.6093,1.0178,-35.559,14.032,10.438,0,0,0,6.4912,6.4878,6.4795,6.4956,168.63,12.081,392.28,4026.5,-955.79,-1645.4,43.257
3.64,-0.55592,-1.1337,1.1187,-0.18313,-0.43724,0,0.8805,-4.3925,8.0279,-3.4876,1.9465,9.5307,1.0156,-33.67,14.102,14.269,0,0,0,6.5606,6.5605,6.5504,6.5657,209.21,1.8133,373.07,4067.7,-1090.1,-2187.9,43.729
3.65,-0.60149,-1.0527,1.0846,-0.1766,-0.39397,0,0.902,-4.7181,8.1688,-3.3267,1.9329,9.4817,1.0121,-31.376,14.064,17.882,0,0,0,6.6209,6.6254,6.614,6.6275,249.54,-9.5578,348.71,3977.6,-1176,-2674.4,44.146
3.66,-0.6502,-0.9703,1.0523,-0.16967,-0.3499,0,0.92129,-5.0187,8.3088,-3.1309,1.9341,9.4707,1.0096,-28.684,13.909,21.228,0,0,0,6.67,6.6793,6.6668,6.6782,288.35,-21.554,319.78,3764.9,-1216,-3102.2,44.491
3.67,-0.70177,-0.88653,1.0221,-0.1623,-0.30498,0,0.93843,-5.2905,8.4466,-2.9031,1.9489,9.496,1.0089,-25.617,13.633,24.264,0,0,0,6.7072,6.7208,6.7074,6.7171,324.49,-33.741,286.86,3445.5,-1215.1,-3471.3,44.754
3.68,-0.7559,-0.80138,0.9943,-0.15444,-0.25914,0,0.95341,-5.5299,8.5811,-2.6467,1.9752,9.5495,1.0101,-22.207,13.235,26.954,0,0,0,6.7335,6.7502,6.7359,6.7447,356.96,-45.737,250.55,3035.6,-1178.6,-3782,44.941
3.69,-0.81225,-0.71492,0.96922,-0.14607,-0.21238,0,0.96621,-5.7336,8.7109,-2.3653,2.0098,9.619,1.0125,-18.493,12.72,29.266,0,0,0,6.7507,6.7689,6.754,6.7628,384.95,-57.211,211.42,2551.1,-1111.6,-4034.4,45.061
3.7,-0.87045,-0.62718,0.94707,-0.13717,-0.16476,0,0.97675,-5.8989,8.8351,-2.0628,2.0489,9.6901,1.0153,-14.525,12.093,31.175,0,0,0,6.7612,6.7792,6.7639,6.7736,407.79,-67.885,170.05,2008.2,-1019.5,-4228.4,45.13
3.71,-0.93009,-0.53824,0.92802,-0.12774,-0.1164,0,0.98495,-6.0234,8.9525,-1.7432,2.0886,9.7481,1.0174,-10.356,11.365,32.662,0,0,0,6.7677,6.7838,6.7683,6.7798,424.97,-77.533,127.04,1423,-907.27,-4364.4,45.166
3.72,-0.99077,-0.44816,0.91224,-0.1178,-0.067524,0,0.99074,-6.1055,9.0621,-1.411,2.1251,9.7802,1.018,-6.0456,10.547,33.712,0,0,0,6.7724,6.7852,6.7697,6.7836,436.16,-85.981,82.959,811.46,-780.23,-4442.2,45.185
3.73,-1.0521,-0.35703,0.89983,-0.10739,-0.018404,0,0.99405,-6.1441,9.1631,-1.0705,2.1552,9.7769,1.0163,-1.6538,9.6501,34.319,0,0,0,6.7769,6.7854,6.7702,6.7868,441.17,-93.106,38.389,189.67,-643.56,-4462.2,45.199
3.74,-1.1135,-0.26493,0.89085,-0.096584,0.030646,0,0.99485,-6.1386,9.2549,-0.7261,2.1769,9.7335,1.012,2.7571,8.6892,34.48,0,0,0,6.782,6.7858,6.7711,6.7904,439.97,-98.837,-6.091,-426.29,-502.43,-4424.3,45.215
3.75,-1.1747,-0.17196,0.88531,-0.08545,0.0793,0,0.99318,-6.0891,9.3367,-0.38234,2.1895,9.6502,1.0051,7.1255,7.678,34.199,0,0,0,6.7875,6.7869,6.7727,6.7944,432.71,-103.16,-49.904,-1020.4,-362.06,-4328.6,45.236
3.76,-1.2351,-0.078229,0.88318,-0.074066,0.12725,0,0.9891,-5.9964,9.4083,-0.043555,2.1942,9.5321,0.99607,11.392,6.6306,33.486,0,0,0,6.7924,6.7881,6.7745,6.7981,419.69,-106.1,-92.472,-1576.5,-227.64,-4175.4,45.255
3.77,-1.2945,0.016168,0.88441,-0.062501,0.17424,0,0.98272,-5.8618,9.4693,0.286,2.1934,9.3884,0.986,15.502,5.5604,32.356,0,0,0,6.7951,6.7884,6.7754,6.8001,401.36,-107.75,-133.22,-2078.6,-104.35,-3964.7,45.265
3.78,-1.3522,0.11112,0.88886,-0.050807,0.22008,0,0.97416,-5.687,9.5195,0.60225,2.1912,9.23,0.9764,19.404,4.4796,30.83,0,0,0,6.7937,6.7861,6.7735,6.7989,378.35,-108.24,-171.57,-2510.6,2.5946,-3696.6,45.254
3.79,-1.4081,0.20652,0.89639,-0.03901,0.26462,0,0.96356,-5.4745,9.5589,0.90136,2.1928,9.0684,0.96934,23.056,3.3988,28.935,0,0,0,6.7865,6.7796,6.7673,6.7929,351.44,-107.77,-206.96,-2856.5,88.006,-3371.2,45.21
3.8,-1.4616,0.30226,0.90682,-0.027105,0.30782,0,0.95106,-5.2269,9.5875,1.1798,2.2041,8.9131,0.96739,26.423,2.3266,26.702,0,0,0,6.7725,6.7674,6.7553,6.7812,321.56,-106.57,-238.81,-3103.7,147.83,-2989.9,45.127
3.81,-1.5125,0.39824,0.91991,-0.015052,0.34965,0,0.93676,-4.9471,9.6055,1.4344,2.2304,8.7683,0.97341,29.48,1.2691,24.172,0,0,0,6.7515,6.7491,6.7371,6.7637,289.68,-104.89,-266.6,-3256.9,183.3,-2560.3,45.002
3.82,-1.5605,0.49434,0.93542,-0.0027809,0.3901,0,0.92077,-4.6384,9.6129,1.6624,2.2757,8.6316,0.99021,32.213,0.22963,21.386,0,0,0,6.7249,6.7248,6.7131,6.7414,256.7,-102.97,-289.89,-3325.4,197.17,-2091.6,44.84
3.83,-1.6052,0.59046,0.95306,0.0097976,0.42914,0,0.90319,-4.304,9.6101,1.8614,2.3419,8.4945,1.0206,34.613,-0.79024,18.39,0,0,0,6.6944,6.6959,6.6847,6.716,223.42,-101.01,-308.33,-3318.5,192.23,-1593,44.652
3.84,-1.6465,0.6865,0.97254,0.022786,0.46669,0,0.88413,-3.9472,9.5972,2.0297,2.4293,8.3438,1.0673,36.682,-1.791,15.236,0,0,0,6.6626,6.6643,6.6542,6.6898,190.55,-99.181,-321.68,-3245.6,171.23,-1073.9,44.451
3.85,-1.6841,0.78237,0.99355,0.036293,0.50261,0,0.86375,-3.5714,9.5743,2.1658,2.5365,8.1631,1.133,38.428,-2.7748,11.974,0,0,0,6.6325,6.6326,6.6241,6.6657,158.7,-97.63,-329.77,-3116.1,136.94,-543.39,44.258
3.86,-1.7178,0.87796,1.0157,0.050424,0.53671,0,0.84226,-3.1797,9.5417,2.269,2.6601,7.9348,1.2201,39.862,-3.745,8.6583,0,0,0,6.6069,6.6035,6.5974,6.6462,128.39,-96.477,-332.54,-2939.4,92.136,-10.869,44.09
3.87,-1.7476,0.97317,1.0388,0.065277,0.56874,0,0.81993,-2.7751,9.4995,2.339,2.7954,7.6425,1.3306,41.002,-4.706,5.3411,0,0,0,6.5883,6.5794,6.5765,6.6336,100.04,-95.814,-330.01,-2724.8,39.574,514.45,43.963
3.88,-1.7733,1.0679,1.0624,0.080937,0.59841,0,0.79709,-2.3606,9.4476,2.376,2.9362,7.2727,1.4658,41.87,-5.6631,2.0753,0,0,0,6.5786,6.5625,6.5636,6.6294,73.985,-95.703,-322.3,-2481.7,-17.974,1023.3,43.89
3.89,-1.7948,1.1621,1.0862,0.097471,0.62542,0,0.77417,-1.9386,9.3862,2.3808,3.0751,6.8166,1.626,42.49,-6.622,-1.0884,0,0,0,6.5788,6.5539,6.5599,6.6341,50.468,-96.18,-309.63,-2219.4,-77.743,1506.4,43.878
3.9,-1.8121,1.2556,1.1099,0.11492,0.6495,0,0.75162,-1.5115,9.3152,2.3547,3.2044,6.2718,1.8101,42.888,-7.5887,-4.1017,0,0,0,6.5888,6.5541,6.5657,6.6474,29.629,-97.256,-292.29,-1947.4,-136.97,1954.6,43.926
3.91,-1.825,1.3484,1.1332,0.13331,0.67041,0,0.72992,-1.0815,9.2344,2.2994,3.3162,5.6416,2.0155,43.092,-8.569,-6.92,0,0,0,6.6075,6.5626,6.5801,6.6679,11.521,-98.909,-270.69,-1675,-192.87,2358.5,44.03
3.92,-1.8337,1.4403,1.1558,0.15263,0.68794,0,0.70953,-0.65023,9.1437,2.2171,3.4029,4.9354,2.2377,43.128,-9.5686,-9.5029,0,0,0,6.6333,6.5781,6.6017,6.6934,-3.901,-101.09,-245.3,-1411.6,-242.7,2708.8,44.177
3.93,-1.838,1.5312,1.1775,0.17283,0.70198,0,0.69091,-0.21937,9.0429,2.1103,3.4578,4.1668,2.4709,43.022,-10.592,-11.815,0,0,0,6.6637,6.5985,6.628,6.7212,-16.773,-103.73,-216.72,-1166.6,-283.68,2996.4,44.353
3.94,-1.8381,1.6211,1.198,0.19383,0.71245,0,0.67442,0.20983,8.9318,1.9818,3.4753,3.3524,2.7078,42.8,-11.644,-13.829,0,0,0,6.696,6.6216,6.6565,6.7485,-27.325,-106.73,-185.61,-949.23,-313.04,3212,44.538
3.95,-1.8339,1.7098,1.2171,0.21552,0.71935,0,0.66037,0.63631,8.8099,1.8348,3.4516,2.5111,2.9403,42.482,-12.728,-15.522,0,0,0,6.7273,6.6447,6.6842,6.7726,-35.879,-109.95,-152.75,-768.16,-328.3,3347.4,44.715
3.96,-1.8254,1.7973,1.2346,0.23772,0.72272,0,0.64897,1.0592,8.6771,1.6725,3.3845,1.6618,3.1604,42.088,-13.844,-16.881,0,0,0,6.7551,6.6655,6.7087,6.791,-42.812,-113.25,-118.93,-624.28,-329.41,3404.1,44.867
3.97,-1.8127,1.8833,1.2505,0.26025,0.72265,0,0.64034,1.4779,8.533,1.4983,3.2735,0.82072,3.3607,41.63,-14.992,-17.9,0,0,0,6.7772,6.6819,6.7279,6.8021,-48.478,-116.49,-84.906,-514.47,-317.64,3389,44.982
3.98,-1.7958,1.9679,1.2645,0.28289,0.71927,0,0.63452,1.8917,8.3772,1.3156,3.1191,0.0016982,3.5349,41.121,-16.173,-18.58,0,0,0,6.7923,6.6924,6.7403,6.805,-53.204,-119.56,-51.364,-435.58,-294.29,3309,45.05
3.99,-1.7749,2.0508,1.2768,0.30538,0.71272,0,0.63149,2.3001,8.2094,1.1278,2.9234,-0.78356,3.6784,40.568,-17.383,-18.931,0,0,0,6.7996,6.6967,6.7455,6.7996,-57.283,-122.34,-18.919,-384.46,-260.65,3170.9,45.069
4,-1.7498,2.132,1.2871,0.32748,0.70315,0,0.63114,2.7029,8.0294,0.93804,2.6899,-1.5248,3.788,39.977,-18.619,-18.964,0,0,0,6.7994,6.6949,6.7437,6.7864,-60.975,-124.74,11.883,-357.94,-217.99,2981.6,45.041
4.01,-1.7208,2.2114,1.2955,0.34891,0.69075,0,0.63334,3.0996,7.837,0.74948,2.4238,-2.2125,3.8624,39.349,-19.876,-18.7,0,0,0,6.7923,6.6881,6.736,6.7671,-64.513,-126.68,40.564,-352.87,-167.62,2747.9,44.973
4.02,-1.6879,2.2887,1.3021,0.36943,0.67573,0,0.6379,3.4898,7.6318,0.56495,2.1319,-2.8382,3.9021,38.687,-21.15,-18.161,0,0,0,6.7798,6.6778,6.724,6.7435,-68.094,-128.07,66.715,-366.1,-110.81,2476.6,44.875
4.03,-1.6511,2.364,1.3068,0.38881,0.65831,0,0.64456,3.8732,7.4139,0.38707,1.8231,-3.3941,3.9093,37.987,-22.436,-17.375,0,0,0,6.7636,6.6659,6.7097,6.7181,-71.886,-128.88,89.995,-394.47,-48.848,2174.8,44.762
4.04,-1.6104,2.437,1.3099,0.40686,0.63874,0,0.65305,4.2494,7.1831,0.21817,1.5075,-3.8734,3.8877,37.248,-23.726,-16.372,0,0,0,6.7458,6.6544,6.695,6.6933,-76.023,-129.04,110.13,-434.82,16.97,1849.1,44.648
4.05,-1.5661,2.5076,1.3112,0.42345,0.61729,0,0.66306,4.618,6.9394,0.060249,1.1967,-4.2713,3.8419,36.465,-25.014,-15.184,0,0,0,6.7284,6.6454,6.6821,6.6714,-80.611,-128.53,126.92,-484,85.359,1506.6,44.546
4.06,-1.5181,2.5757,1.3111,0.43849,0.59425,0,0.67423,4.9785,6.6829,-0.085007,0.90222,-4.5854,3.7773,35.634,-26.294,-13.845,0,0,0,6.7135,6.6403,6.6726,6.6546,-85.722,-127.33,140.23,-538.85,155.03,1153.9,44.468
4.07,-1.4666,2.6412,1.3096,0.45198,0.56991,0,0.68623,5.3305,6.4136,-0.21627,0.63531,-4.8162,3.6998,34.749,-27.558,-12.391,0,0,0,6.7024,6.6404,6.6679,6.6444,-91.397,-125.43,149.99,-596.22,224.71,798.09,44.425
4.08,-1.4115,2.7039,1.3068,0.46397,0.54457,0,0.69869,5.6733,6.1318,-0.33256,0.4057,-4.9677,3.615,33.804,-28.8,-10.857,0,0,0,6.6965,6.6462,6.6687,6.6415,-97.645,-122.84,156.2,-652.95,293.09,445.9,44.421
4.09,-1.3531,2.7638,1.303,0.47455,0.51852,0,0.71129,6.0063,5.8377,-0.43327,0.22085,-5.0468,3.5281,32.794,-30.013,-9.2786,0,0,0,6.6962,6.6574,6.675,6.646,-104.44,-119.57,158.94,-705.88,358.89,104.22,44.458
4.1,-1.2914,2.8206,1.2982,0.48389,0.49202,0,0.72372,6.3289,5.5316,-0.5181,0.08541,-5.0636,3.4437,31.713,-31.19,-7.6895,0,0,0,6.7013,6.6735,6.6865,6.6573,-111.74,-115.67,158.35,-751.86,420.83,-220.08,44.531
4.11,-1.2266,2.8744,1.2927,0.49218,0.46528,0,0.73571,6.6403,5.214,-0.58713,0.0009452,-5.0299,3.3655,30.558,-32.324,-6.1222,0,0,0,6.7111,6.6932,6.702,6.6742,-119.45,-111.18,154.62,-787.74,477.62,-520.14,44.634
4.12,-1.1587,2.9249,1.2865,0.49963,0.4385,0,0.74706,6.9398,4.8853,-0.64072,-0.034007,-4.9588,3.2964,29.323,-33.411,-4.6066,0,0,0,6.7245,6.7148,6.7202,6.6949,-127.45,-106.14,148.05,-810.35,527.96,-789.12,44.757
4.13,-1.0878,2.972,1.2799,0.50645,0.4118,0,0.75758,7.2265,4.546,-0.67952,-0.02364,-4.863,3.2381,28.008,-34.446,-3.1696,0,0,0,6.7399,6.7367,6.7394,6.7173,-135.6,-100.64,138.97,-816.55,570.58,-1020.1,44.889
4.14,-1.0142,3.0158,1.273,0.51285,0.38528,0,0.76717,7.4997,4.1966,-0.70445,0.025521,-4.7547,3.1913,26.612,-35.423,-1.8342,0,0,0,6.7557,6.7571,6.7579,6.7394,-143.72,-94.76,127.79,-803.17,604.19,-1206.3,45.017
4.15,-0.93788,3.0559,1.2659,0.51899,0.35897,0,0.77575,7.7585,3.8377,-0.71661,0.10504,-4.644,3.1555,25.135,-36.34,-0.6191,0,0,0,6.7704,6.7744,6.7742,6.7592,-151.59,-88.592,115.01,-767.49,627.66,-1341.7,45.13
4.16,-0.85906,3.0925,1.2587,0.52503,0.33287,0,0.78329,8.0021,3.47,-0.71728,0.2056,-4.5386,3.1295,23.581,-37.194,0.46229,0,0,0,6.7826,6.7877,6.7871,6.7752,-158.99,-82.239,101.13,-710.57,641.34,-1427,45.221
4.17,-0.77789,3.1253,1.2516,0.53105,0.30697,0,0.78978,8.2299,3.0941,-0.70784,0.31846,-4.4435,3.1116,21.957,-37.984,1.4014,0,0,0,6.7913,6.7962,6.7958,6.7865,-165.74,-75.794,86.622,-635.43,646.35,-1466.8,45.283
4.18,-0.69452,3.1543,1.2446,0.53711,0.28124,0,0.79525,8.4411,2.7105,-0.68974,0.43574,-4.3612,3.0996,20.269,-38.71,2.1941,0,0,0,6.796,6.7998,6.7999,6.7925,-171.65,-69.338,71.928,-545.11,643.8,-1465.6,45.314
4.19,-0.60913,3.1795,1.2378,0.54323,0.25563,0,0.79972,8.6351,2.3201,-0.66444,0.55039,-4.2919,3.0913,18.527,-39.371,2.8406,0,0,0,6.7966,6.7986,6.7996,6.7933,-176.6,-62.94,57.432,-442.63,634.81,-1427.9,45.313
4.2,-0.52188,3.2007,1.2313,0.5494,0.23011,0,0.80325,8.8115,1.9233,-0.6334,0.65617,-4.2345,3.0843,16.741,-39.969,3.3445,0,0,0,6.7934,6.7932,6.7952,6.7892,-180.47,-56.659,43.477,-331.03,620.5,-1358.2,45.285
4.21,-0.43296,3.218,1.2251,0.55558,0.20467,0,0.80588,8.9698,1.5209,-0.59801,0.74764,-4.1863,3.076,14.922,-40.505,3.7129,0,0,0,6.7871,6.7845,6.7875,6.781,-183.2,-50.544,30.36,-213.35,601.97,-1261,45.234
4.22,-0.34254,3.2311,1.2193,0.5617,0.17929,0,0.80768,9.1098,1.1134,-0.55956,0.82014,-4.1437,3.0638,13.081,-40.981,3.9554,0,0,0,6.7786,6.7735,6.7776,6.7696,-184.73,-44.63,18.333,-92.623,580.35,-1140.9,45.165
4.23,-0.25082,3.2402,1.214,0.56767,0.154,0,0.80873,9.2314,0.70147,-0.51928,0.86985,-4.1026,3.0454,11.231,-41.398,4.0839,0,0,0,6.7688,6.7614,6.7663,6.7561,-185.05,-38.943,7.6026,28.121,556.76,-1002.4,45.088
4.24,-0.15798,3.2451,1.209,0.57339,0.12884,0,0.80909,9.3345,0.28564,-0.47822,0.8939,-4.0585,3.0185,9.3838,-41.76,4.1123,0,0,0,6.7587,6.7493,6.7549,6.7419,-184.18,-33.498,-1.6684,145.84,532.31,-849.88,45.008
4.25,-0.064193,3.2459,1.2044,0.57875,0.10388,0,0.80886,9.4191,-0.13356,-0.43731,0.89044,-4.0071,2.9815,7.5512,-42.069,4.0558,0,0,0,6.7494,6.7383,6.7443,6.7279,-182.16,-28.296,-9.3636,257.51,508.12,-687.96,44.933
4.26,0.030345,3.2425,1.2002,0.58365,0.079208,0,0.80813,9.4856,-0.55558,-0.39733,0.85869,-3.9447,2.9331,5.7443,-42.327,3.9305,0,0,0,6.7415,6.7293,6.7355,6.7154,-179.06,-23.331,-15.411,360.09,485.31,-521.13,44.87
4.27,0.12546,3.2348,1.1964,0.58798,0.054922,0,0.80701,9.5341,-0.97993,-0.35888,0.79898,-3.8683,2.8728,3.9732,-42.536,3.7532,0,0,0,6.7359,6.7229,6.7291,6.7052,-174.99,-18.582,-19.785,450.55,464.98,-353.9,44.822
4.28,0.22097,3.2229,1.193,0.59165,0.031137,0,0.8056,9.5652,-1.4062,-0.32239,0.71267,-3.7764,2.801,2.2472,-42.699,3.5404,0,0,0,6.7328,6.7195,6.7256,6.6979,-170.1,-14.019,-22.503,525.85,448.26,-190.79,44.793
4.29,0.31671,3.2067,1.19,0.59457,0.0079636,0,0.804,9.5792,-1.8338,-0.28813,0.60205,-3.6688,2.7191,0.57349,-42.817,3.3084,0,0,0,6.7324,6.7191,6.7251,6.6941,-164.54,-9.6008,-23.629,582.96,436.27,-36.301,44.785
4.3,0.4125,3.1862,1.1873,0.59669,-0.014496,0,0.80234,9.5768,-2.2624,-0.25623,0.47014,-3.5471,2.6294,-1.042,-42.892,3.0727,0,0,0,6.7346,6.7215,6.7276,6.6937,-158.51,-5.2741,-23.273,618.83,430.12,105.05,44.796
4.31,0.50819,3.1614,1.1849,0.59795,-0.036163,0,0.80072,9.5586,-2.6915,-0.22665,0.32048,-3.4145,2.5353,-2.5959,-42.923,2.8474,0,0,0,6.739,6.7262,6.7327,6.6967,-152.24,-0.9752,-21.587,630.45,430.92,228.76,44.824
4.32,0.60362,3.1324,1.1827,0.59833,-0.056986,0,0.79922,9.5251,-3.1207,-0.19921,0.15684,-3.2759,2.4412,-4.0869,-42.911,2.6447,0,0,0,6.7452,6.7325,6.7399,6.7028,-145.99,3.3703,-18.768,616.24,439.45,331.59,44.867
4.33,0.69864,3.099,1.1809,0.59781,-0.076953,0,0.79794,9.4771,-3.5495,-0.17364,-0.017451,-3.1367,2.3517,-5.5165,-42.855,2.4751,0,0,0,6.7526,6.7398,6.7487,6.711,-139.99,7.8385,-15.023,578.97,455.38,414.14,44.92
4.34,0.79312,3.0614,1.1792,0.59638,-0.096088,0,0.79693,9.415,-3.9776,-0.14957,-0.19996,-3.0023,2.2709,-6.8884,-42.754,2.3467,0,0,0,6.7605,6.7472,6.7583,6.7207,-134.47,12.501,-10.549,522.24,478.23,477.72,44.978
4.35,0.8869,3.0195,1.1779,0.59403,-0.11445,0,0.79626,9.3395,-4.4044,-0.12655,-0.38902,-2.8773,2.2025,-8.2082,-42.604,2.266,0,0,0,6.7683,6.7542,6.768,6.731,-129.6,17.424,-5.5276,449.63,507.48,523.63,45.036
4.36,0.97986,2.9733,1.1767,0.59075,-0.13211,0,0.79596,9.251,-4.8295,-0.10408,-0.58367,-2.7657,2.1496,-9.4831,-42.404,2.2374,0,0,0,6.7754,6.7602,6.7772,6.7411,-125.52,22.67,-0.1305,364.73,542.64,553.18,45.09
4.37,1.0719,2.9229,1.1758,0.58654,-0.1492,0,0.79606,9.1499,-5.2523,-0.081615,-0.78343,-2.6706,2.1145,-10.722,-42.149,2.2641,0,0,0,6.7812,6.7646,6.7854,6.7503,-122.34,28.295,5.4857,271.13,583.2,567.67,45.136
4.38,1.1628,2.8682,1.1751,0.58135,-0.16582,0,0.79658,9.0366,-5.6723,-0.058605,-0.98829,-2.5942,2.099,-11.933,-41.837,2.3474,0,0,0,6.7855,6.7671,6.792,6.758,-120.12,34.351,11.177,172.41,628.66,568.41,45.171
4.39,1.2526,2.8094,1.1746,0.57517,-0.18211,0,0.79751,8.9113,-6.0889,-0.034478,-1.1985,-2.5377,2.1039,-13.127,-41.461,2.4874,0,0,0,6.7879,6.7677,6.7969,6.7638,-118.89,40.883,16.812,72.155,678.53,556.7,45.194
4.4,1.341,2.7465,1.1744,0.56795,-0.1982,0,0.79884,8.7741,-6.5013,-0.0086712,-1.4145,-2.5016,2.1295,-14.314,-41.017,2.683,0,0,0,6.7883,6.7661,6.7998,6.7675,-118.67,47.934,22.274,-26.037,732.29,533.85,45.203
4.41,1.428,2.6794,1.1744,0.55963,-0.21423,0,0.80057,8.625,-6.909,0.019361,-1.6368,-2.4854,2.1754,-15.504,-40.5,2.932,0,0,0,6.7868,6.7626,6.8008,6.769,-119.4,55.54,27.456,-118.58,789.44,501.16,45.199
4.42,1.5135,2.6083,1.1748,0.55016,-0.23031,0,0.80267,8.464,-7.3111,0.050135,-1.8662,-2.4875,2.2404,-16.705,-39.904,3.2309,0,0,0,6.7835,6.7574,6.7999,6.7683,-121.01,63.733,32.269,-201.9,849.49,459.94,45.182
4.43,1.5973,2.5332,1.1755,0.53947,-0.24656,0,0.8051,8.2909,-7.7068,0.084133,-2.103,-2.5057,2.323,-17.927,-39.224,3.5758,0,0,0,6.7787,6.751,6.7976,6.7655,-123.39,72.538,36.631,-272.39,911.92,411.5,45.155
4.44,1.6792,2.4542,1.1765,0.52748,-0.26304,0,0.80782,8.1054,-8.0952,0.12179,-2.3478,-2.5367,2.4209,-19.175,-38.452,3.9618,0,0,0,6.7729,6.7437,6.794,6.7611,-126.4,81.977,40.479,-326.48,976.25,357.14,45.12
4.45,1.7593,2.3713,1.1779,0.51411,-0.27983,0,0.81079,7.9073,-8.4755,0.16349,-2.6008,-2.5766,2.5313,-20.456,-37.582,4.3835,0,0,0,6.7664,6.7363,6.7898,6.7555,-129.85,92.067,43.759,-360.58,1042,298.16,45.08
4.46,1.8373,2.2847,1.1798,0.49928,-0.29695,0,0.81397,7.6961,-8.8465,0.20956,-2.8617,-2.6205,2.6514,-21.773,-36.608,4.835,0,0,0,6.7599,6.7293,6.7855,6.7492,-133.53,102.82,46.431,-371.09,1108.6,235.87,45.04
4.47,1.9132,2.1945,1.1821,0.48292,-0.31439,0,0.81728,7.4717,-9.2073,0.26027,-3.1303,-2.6631,2.7777,-23.127,-35.523,5.31,0,0,0,6.7539,6.7235,6.7816,6.7428,-137.19,114.24,48.469,-354.44,1175.5,171.58,45.003
4.48,1.9867,2.1006,1.185,0.46494,-0.33211,0,0.82069,7.2335,-9.5566,0.31582,-3.4056,-2.6984,2.9068,-24.516,-34.321,5.8022,0,0,0,6.7488,6.7194,6.7788,6.7368,-140.52,126.33,49.86,-307.03,1242.4,106.59,44.973
4.49,2.0578,2.0034,1.1885,0.44529,-0.35002,0,0.82414,6.9813,-9.8933,0.37635,-3.6863,-2.7202,3.0353,-25.935,-32.995,6.3051,0,0,0,6.7453,6.7177,6.7774,6.7319,-143.21,139.09,50.603,-225.28,1308.6,42.204,44.954
4.5,2.1263,1.9028,1.1925,0.42392,-0.36799,0,0.82757,6.7147,-10.216,0.44193,-3.9708,-2.722,3.1601,-27.376,-31.537,6.8122,0,0,0,6.7435,6.7185,6.7778,6.7284,-144.9,152.5,50.711,-105.6,1373.7,-20.27,44.947
4.51,2.1921,1.7991,1.1973,0.40079,-0.38588,0,0.83094,6.4337,-10.524,0.51258,-4.2576,-2.6976,3.2784,-28.828,-29.942,7.3173,0,0,0,6.7435,6.722,6.7802,6.7265,-145.19,166.56,50.209,55.602,1437.2,-79.527,44.954
4.52,2.2549,1.6924,1.2028,0.37589,-0.40348,0,0.83421,6.1382,-10.814,0.58825,-4.5452,-2.6409,3.3883,-30.274,-28.204,7.8144,0,0,0,6.7449,6.7278,6.7844,6.7261,-143.64,181.24,49.135,261.9,1498.6,-134.26,44.972
4.53,2.3148,1.5829,1.2091,0.34921,-0.42057,0,0.83736,5.8283,-11.087,0.66883,-4.8326,-2.5462,3.489,-31.693,-26.316,8.2982,0,0,0,6.7471,6.7351,6.7897,6.7265,-139.78,196.52,47.543,516.61,1557.2,-183.25,44.997
4.54,2.3715,1.4707,1.2162,0.32075,-0.4369,0,0.84038,5.5045,-11.34,0.75415,-5.1199,-2.4086,3.5811,-33.06,-24.272,8.7637,0,0,0,6.7487,6.7423,6.7952,6.7269,-133.16,212.36,45.487,815.09,1610,-227.4,45.022
4.55,2.4248,1.3561,1.2242,0.29054,-0.45221,0,0.84327,5.1674,-11.572,0.84403,-5.4084,-2.2253,3.667,-34.346,-22.067,9.2065,0,0,0,6.7481,6.7474,6.7993,6.7257,-123.38,228.68,43,1144,1651.1,-269.95,45.034
4.56,2.4748,1.2393,1.2331,0.25856,-0.46623,0,0.84604,4.818,-11.781,0.9382,-5.7003,-1.9953,3.7511,-35.517,-19.697,9.6223,0,0,0,6.7431,6.7482,6.8001,6.7212,-110.22,245.32,40.082,1489.7,1674.3,-314.29,45.021
4.57,2.5211,1.1206,1.243,0.22482,-0.4787,0,0.84871,4.4575,-11.965,1.0364,-5.9985,-1.7186,3.8386,-36.539,-17.16,10.007,0,0,0,6.7316,6.7425,6.7956,6.711,-93.578,262.09,36.697,1838.3,1673.8,-363.79,44.968
4.58,2.5639,1.0001,1.2538,0.18926,-0.48936,0,0.8513,4.0878,-12.124,1.1382,-6.3064,-1.3956,3.9354,-37.377,-14.456,10.354,0,0,0,6.7114,6.728,6.7836,6.6933,-73.491,278.7,32.778,2176.1,1643.4,-421.81,44.861
4.59,2.6029,0.87821,1.2657,0.15185,-0.49794,0,0.85381,3.7107,-12.254,1.2433,-6.6268,-1.0263,4.0473,-37.998,-11.588,10.66,0,0,0,6.6807,6.7032,6.7625,6.6661,-50.138,294.83,28.221,2489.4,1577.1,-491.72,44.688
4.6,2.6381,0.75514,1.2787,0.1125,-0.50417,0,0.85624,3.3287,-12.355,1.3512,-6.9613,-0.61047,4.1792,-38.37,-8.562,10.916,0,0,0,6.6382,6.6672,6.7307,6.6283,-23.832,310.1,22.892,2764.3,1468.8,-576.9,44.441
4.61,2.6694,0.63122,1.2928,0.07115,-0.50777,0,0.85855,2.9443,-12.425,1.4615,-7.3087,-0.14763,4.3348,-38.466,-5.3899,11.115,0,0,0,6.5835,6.6199,6.6877,6.5795,4.9746,324.05,16.621,2987.2,1312.7,-680.72,44.118
4.62,2.697,0.50676,1.3079,0.027731,-0.50842,0,0.86066,2.5603,-12.462,1.5733,-7.664,0.36174,4.5157,-38.264,-2.087,11.245,0,0,0,6.5173,6.5623,6.6334,6.5204,35.692,336.17,9.2045,3144.2,1102.5,-806.55,43.722
4.63,2.7207,0.38209,1.3242,-0.017762,-0.5058,0,0.86247,2.18,-12.466,1.6861,-8.0175,0.91475,4.7208,-37.748,1.3256,11.294,0,0,0,6.4414,6.4966,6.5688,6.4527,67.593,345.9,0.40555,3221.7,832.22,-957.76,43.266
4.64,2.7406,0.25755,1.3417,-0.06525,-0.49959,0,0.8638,1.8065,-12.435,1.7989,-8.3533,1.5037,4.9448,-36.911,4.8209,11.248,0,0,0,6.359,6.4258,6.4954,6.3795,99.814,352.6,-10.046,3205.8,495.91,-1137.7,42.766
4.65,2.7568,0.1335,1.3602,-0.11453,-0.4895,0,0.86445,1.4429,-12.37,1.9107,-8.6496,2.113,5.1778,-35.754,8.3652,11.087,0,0,0,6.2744,6.3538,6.4158,6.3046,131.35,355.58,-22.455,3083.5,88.069,-1349.4,42.248
4.66,2.7695,0.010278,1.3799,-0.16521,-0.47535,0,0.86414,1.0924,-12.268,2.0202,-8.8821,2.718,5.4055,-34.29,11.918,10.791,0,0,0,6.1927,6.2846,6.3334,6.2322,161.14,354.15,-37.123,2857.1,-383.66,-1587.3,41.738
4.67,2.7787,-0.11175,1.4006,-0.21677,-0.4571,0,0.86259,0.75802,-12.131,2.1259,-9.0311,3.2885,5.6121,-32.54,15.432,10.336,0,0,0,6.1187,6.2213,6.2524,6.1661,188.21,347.76,-54.243,2543.8,-898.91,-1837.7,41.264
4.68,2.7847,-0.23223,1.4224,-0.26853,-0.4349,0,0.8595,0.44244,-11.96,2.2263,-9.0873,3.7933,5.7832,-30.537,18.855,9.6977,0,0,0,6.0562,6.166,6.1769,6.109,211.78,336.09,-73.87,2161.3,-1436.8,-2086.2,40.847
4.69,2.7876,-0.35083,1.4451,-0.31979,-0.40912,0,0.85461,0.148,-11.755,2.3192,-9.0552,4.204,5.9081,-28.318,22.135,8.8507,0,0,0,6.0071,6.1193,6.11,6.0617,231.26,319.02,-95.915,1727.6,-1976.4,-2319,40.497
4.7,2.7878,-0.46722,1.4687,-0.36989,-0.38029,0,0.84768,-0.12335,-11.518,2.4025,-8.9539,4.5007,5.9808,-25.927,25.218,7.772,0,0,0,5.9712,6.0802,6.0534,6.0236,246.22,296.63,-120.15,1260.3,-2496.9,-2521.6,40.214
4.71,2.7853,-0.58109,1.4931,-0.41829,-0.34908,0,0.83855,-0.37012,-11.251,2.4738,-8.8143,4.6754,6.0015,-23.41,28.051,6.4416,0,0,0,5.9459,6.0466,6.0072,5.992,256.42,269.21,-146.2,777.43,-2977.4,-2680.2,39.986
4.72,2.7804,-0.69215,1.5182,-0.46468,-0.31622,0,0.82709,-0.59129,-10.958,2.5305,-8.6737,4.7338,5.9757,-20.815,30.587,4.8437,0,0,0,5.9271,6.0154,5.9696,5.9636,261.78,237.28,-173.56,296.64,-3396.9,-2780.3,39.793
4.73,2.7735,-0.80016,1.5437,-0.50892,-0.28237,0,0.81318,-0.78632,-10.641,2.5697,-8.5688,4.6941,5.9132,-18.19,32.784,2.9683,0,0,0,5.9098,5.9835,5.9376,5.9346,262.42,201.55,-201.57,-164.19,-3734.6,-2808.1,39.609
4.74,2.7648,-0.9049,1.5695,-0.5511,-0.24812,0,0.7967,-0.95515,-10.303,2.5889,-8.5293,4.5831,5.8266,-15.581,34.608,0.8128,0,0,0,5.8892,5.9484,5.9077,5.9019,258.62,162.93,-229.43,-587.27,-3969.6,-2749.2,39.412
4.75,2.7545,-1.0062,1.5954,-0.59141,-0.21386,0,0.7775,-1.0981,-9.9497,2.5851,-8.5721,4.433,5.7298,-13.031,36.037,-1.6168,0,0,0,5.8618,5.9086,5.8771,5.864,250.86,122.57,-256.21,-954.77,-4081,-2589.6,39.186
4.76,2.7429,-1.1039,1.6211,-0.63008,-0.17981,0,0.75543,-1.2161,-9.5839,2.5557,-8.696,4.2772,5.6373,-10.575,37.058,-4.3043,0,0,0,5.826,5.8651,5.8443,5.8218,239.77,81.794,-280.84,-1248.9,-4047.9,-2315.1,38.929
4.77,2.7303,-1.1978,1.6464,-0.66727,-0.14601,0,0.73036,-1.3101,-9.2099,2.4982,-8.8769,4.1477,5.564,-8.244,37.677,-7.2223,0,0,0,5.7826,5.8211,5.8101,5.7788,226.18,42.161,-302.09,-1451.8,-3849.5,-1911.5,38.654
4.78,2.7168,-1.288,1.671,-0.703,-0.11231,0,0.70227,-1.3814,-8.8316,2.4106,-9.0635,4.0716,5.5254,-6.0569,37.911,-10.33,0,0,0,5.7356,5.7826,5.7772,5.7419,211.07,5.3846,-318.62,-1554.9,-3478.9,-1375.8,38.396
4.79,2.7027,-1.3745,1.6945,-0.737,-0.07847,0,0.67132,-1.4317,-8.4528,2.2912,-9.1812,4.0619,5.5325,-4.0246,37.799,-13.575,0,0,0,5.6926,5.7574,5.7502,5.7193,195.37,-26.934,-329.24,-1571.9,-2963.3,-731.45,38.199
4.8,2.6882,-1.4571,1.7167,-0.76876,-0.044179,0,0.63801,-1.4625,-8.0766,2.1389,-9.1452,4.1124,5.5884,-2.1488,37.392,-16.892,0,0,0,5.6634,5.7531,5.7349,5.7193,179.86,-53.505,-332.98,-1519.6,-2334.9,-5.8804,38.118
4.81,2.6735,-1.536,1.7372,-0.79755,-0.0092152,0,0.60318,-1.4752,-7.7057,1.9533,-8.8777,4.1989,5.6875,-0.42464,36.751,-20.209,0,0,0,5.6577,5.7757,5.7374,5.7478,165.15,-73.363,-329.18,-1414.9,-1625.9,773.43,38.198
4.82,2.6588,-1.6112,1.7556,-0.82257,0.026505,0,0.56805,-1.4714,-7.3421,1.7349,-8.3278,4.2833,5.814,1.1584,35.949,-23.449,0,0,0,5.6837,5.8281,5.762,5.807,151.68,-85.863,-317.43,-1274.8,-868.72,1579,38.468
4.83,2.6441,-1.6829,1.7718,-0.84311,0.062862,0,0.53405,-1.4525,-6.9871,1.4849,-7.4855,4.3205,5.9397,2.614,35.06,-26.531,0,0,0,5.7457,5.9093,5.8103,5.8941,139.72,-90.684,-297.6,-1116.3,-95.455,2383.4,38.932
4.84,2.6298,-1.751,1.7852,-0.85871,0.099495,0,0.50271,-1.4195,-6.641,1.2051,-6.3835,4.2662,6.0239,3.9581,34.161,-29.375,0,0,0,5.8436,6.0149,5.8796,6.0021,129.36,-87.826,-269.85,-956.22,661.61,3159.1,39.567
4.85,2.6158,-1.8157,1.7958,-0.86922,0.13579,0,0.47542,-1.3736,-6.3036,0.89842,-5.0864,4.0845,6.0151,5.2064,33.328,-31.903,0,0,0,5.9717,6.1378,5.9644,6.1212,120.54,-77.613,-234.61,-811.52,1370.2,3878.7,40.325
4.86,2.6023,-1.8771,1.8031,-0.87484,0.17087,0,0.45327,-1.3157,-5.974,0.56834,-3.6732,3.7525,5.8578,6.3733,32.631,-34.044,0,0,0,6.1202,6.269,6.0567,6.2408,113.02,-60.69,-192.56,-699.13,1998.2,4514.8,41.145
4.87,2.5895,-1.9352,1.8071,-0.87607,0.20365,0,0.43707,-1.2464,-5.6503,0.21904,-2.2206,3.2625,5.5047,7.4699,32.133,-35.735,0,0,0,6.2761,6.3989,6.1489,6.3519,106.4,-38.025,-144.68,-635.98,2513.2,5039.7,41.96
4.88,2.5774,-1.9901,1.8075,-0.8736,0.23294,0,0.42728,-1.1665,-5.3305,-0.14468,-0.79272,2.6227,4.9302,8.5023,31.886,-36.923,0,0,0,6.4255,6.518,6.2351,6.4481,100.08,-10.909,-92.225,-639.01,2883.1,5426.2,42.711
4.89,2.5662,-2.0418,1.8041,-0.86824,0.25755,0,0.42405,-1.0766,-5.0117,-0.5176,0.56236,1.8558,4.1412,9.4701,31.925,-37.569,0,0,0,6.5561,6.6185,6.312,6.5261,93.338,19.045,-36.711,-725.13,3075.5,5646.6,43.355
4.9,2.5559,-2.0904,1.7971,-0.86079,0.27648,0,0.42731,-0.97732,-4.691,-0.89419,1.8097,0.99672,3.1788,10.365,32.269,-37.653,0,0,0,6.6595,6.6957,6.3784,6.5854,85.247,49.902,20.063,-911.29,3058.3,5673.7,43.865
4.91,2.5467,-2.1356,1.7863,-0.85191,0.289,0,0.43672,-0.86957,-4.3653,-1.2688,2.921,0.089314,2.1072,11.167,32.918,-37.17,0,0,0,6.7327,6.7484,6.4354,6.6269,74.726,79.409,76.029,-1212.2,2802.2,5482.2,44.239
4.92,2.5386,-2.1776,1.7717,-0.84207,0.29476,0,0.4517,-0.75439,-4.0317,-1.6358,3.8721,-0.81913,0.99974,11.847,33.845,-36.142,0,0,0,6.7771,6.779,6.4843,6.654,60.687,105.21,129.02,-1607.3,2325.7,5085.9,44.491
4.93,2.5316,-2.2162,1.7536,-0.83153,0.29377,0,0.47144,-0.63317,-3.6876,-1.9899,4.6516,-1.6852,-0.073745,12.367,35.003,-34.606,0,0,0,6.7975,6.7923,6.5266,6.6707,42.428,125.38,177.21,-2048.1,1685.1,4529.2,44.645
4.94,2.5259,-2.2513,1.732,-0.82035,0.28635,0,0.495,-0.50774,-3.331,-2.3264,5.259,-2.4756,-1.0605,12.681,36.329,-32.618,0,0,0,6.8013,6.7942,6.5636,6.6805,19.738,138.56,219.22,-2485.2,937.72,3857.1,44.733
4.95,2.5215,-2.2828,1.7071,-0.8085,0.27302,0,0.52133,-0.38037,-2.9607,-2.641,5.7021,-3.1698,-1.9296,12.747,37.749,-30.245,0,0,0,6.7951,6.7899,6.5961,6.6867,-7.1003,143.97,254.12,-2869.5,141.03,3115.1,44.779
4.96,2.5183,-2.3105,1.6793,-0.79586,0.25446,0,0.54942,-0.25374,-2.576,-2.9303,5.998,-3.7596,-2.668,12.528,39.182,-27.561,0,0,0,6.7837,6.7829,6.6244,6.6915,-37.311,141.4,281.44,-3151.6,-647.6,2348.3,44.804
4.97,2.5164,-2.3343,1.6486,-0.78229,0.23138,0,0.57834,-0.13087,-2.1773,-3.1914,6.1741,-4.246,-3.2731,11.994,40.551,-24.642,0,0,0,6.7693,6.7749,6.6485,6.6962,-69.627,131.23,301.16,-3282.1,-1370.8,1601.8,44.815
4.98,2.5157,-2.354,1.6155,-0.76767,0.20456,0,0.60732,-0.014952,-1.7654,-3.4226,6.2666,-4.6326,-3.7451,11.134,41.784,-21.562,0,0,0,6.7515,6.766,6.6683,6.7013,-102.28,114.4,313.7,-3211.9,-1971.2,921.07,44.812
4.99,2.5161,-2.3696,1.5803,-0.75183,0.17478,0,0.63577,0.090748,-1.3422,-3.6224,6.3166,-4.9182,-4.0796,9.9547,42.822,-18.389,0,0,0,6.7293,6.7558,6.6846,6.7066,-133.05,92.397,319.94,-2901,-2397.9,346.23,44.794
5,2.5174,-2.3808,1.5432,-0.73458,0.14292,0,0.6633,0.18318,-0.90979,-3.7902,6.3577,-5.0941,-4.2715,8.4871,43.621,-15.181,0,0,0,6.7044,6.7443,6.6985,6.7106,-159.62,67.016,320.98,-2383.4,-2651.5,-120.26,44.763
5.01,2.5197,-2.3877,1.5046,-0.71572,0.10993,0,0.68969,0.2597,-0.47068,-3.926,6.4032,-5.1505,-4.3242,6.7823,44.156,-11.983,0,0,0,6.6799,6.7324,6.7112,6.7128,-180.25,39.864,317.84,-1726.9,-2756,-493.55,44.727
5.02,2.5226,-2.3902,1.4648,-0.69515,0.076771,0,0.71475,0.31825,-0.027582,-4.0301,6.4501,-5.0812,-4.249,4.9053,44.417,-8.8349,0,0,0,6.659,6.7216,6.7243,6.7137,-193.92,12.311,311.37,-999.55,-2735.7,-788.91,44.698
5.03,2.526,-2.3883,1.4241,-0.67291,0.044378,0,0.73839,0.35747,0.41675,-4.103,6.4853,-4.8874,-4.0641,2.9285,44.405,-5.7647,0,0,0,6.6447,6.7134,6.7385,6.7142,-200.24,-14.515,302.27,-269.44,-2614.7,-1021.6,44.685
5.04,2.5297,-2.3819,1.3828,-0.64915,0.013593,0,0.76054,0.37673,0.85965,-4.1457,6.4919,-4.5814,-3.7944,0.92412,44.132,-2.7963,0,0,0,6.639,6.7091,6.7535,6.7155,-199.52,-39.729,291.1,395.37,-2417.4,-1206.8,44.695
5.05,2.5334,-2.3711,1.3413,-0.62416,-0.014908,0,0.78115,0.37608,1.2986,-4.1593,6.4555,-4.189,-3.4703,-1.0418,43.618,0.051676,0,0,0,6.6426,6.7093,6.7681,6.7182,-192.77,-62.689,278.24,926.79,-2167.9,-1359.9,44.73
5.06,2.5371,-2.3559,1.2997,-0.59834,-0.040692,0,0.80021,0.3562,1.7313,-4.1451,6.3675,-3.749,-3.127,-2.9167,42.887,2.7638,0,0,0,6.6552,6.7137,6.7806,6.7226,-181.65,-82.994,263.96,1260.2,-1890.1,-1495.6,44.787
5.07,2.5405,-2.3365,1.2585,-0.57207,-0.063622,0,0.81773,0.31817,2.1557,-4.1045,6.2272,-3.3076,-2.7985,-4.6673,41.968,5.3265,0,0,0,6.6742,6.7212,6.7899,6.7284,-168.26,-100.45,248.37,1386.9,-1600.1,-1619.4,44.856
5.08,2.5434,-2.3129,1.2177,-0.54575,-0.083832,0,0.83374,0.26331,2.5701,-4.0391,6.0406,-2.9035,-2.508,-6.2807,40.888,7.7273,0,0,0,6.6963,6.7303,6.7961,6.7353,-154.48,-114.99,231.61,1344.2,-1307.9,-1729.5,44.93
5.09,2.5457,-2.2851,1.1778,-0.51971,-0.10165,0,0.84828,0.193,2.973,-3.9506,5.8166,-2.5641,-2.2679,-7.7607,39.678,9.9553,0,0,0,6.7188,6.7396,6.7996,6.7426,-141.81,-126.63,213.83,1170.5,-1023.3,-1823.8,45.001
5.1,2.5472,-2.2534,1.1388,-0.49418,-0.11753,0,0.86138,0.10848,3.3633,-3.8406,5.5648,-2.3072,-2.083,-9.1245,38.365,12.001,0,0,0,6.7398,6.7479,6.8005,6.7496,-131.38,-135.51,195.2,904.38,-756.13,-1900.3,45.063
5.11,2.5478,-2.2179,1.101,-0.46938,-0.132,0,0.87308,0.010808,3.7401,-3.7112,5.2946,-2.1418,-1.9519,-10.398,36.976,13.857,0,0,0,6.7583,6.7548,6.7995,6.756,-123.91,-141.85,175.89,584.42,-516.16,-1957,45.114
5.12,2.5474,-2.1787,1.0646,-0.44541,-0.14557,0,0.88341,-0.099286,4.1027,-3.5641,5.0148,-2.0693,-1.8697,-11.614,35.535,15.517,0,0,0,6.7736,6.7602,6.797,6.7618,-119.74,-145.96,156.13,249.14,-313.22,-1991.7,45.154
5.13,2.5458,-2.1359,1.0298,-0.42237,-0.15877,0,0.89241,-0.22138,4.4507,-3.4015,4.7347,-2.0839,-1.8286,-12.804,34.063,16.979,0,0,0,6.7855,6.7645,6.7939,6.7671,-118.85,-148.27,136.14,-62.94,-157.09,-2002.5,45.185
5.14,2.5429,-2.0897,0.99663,-0.40025,-0.17203,0,0.90011,-0.35539,4.7839,-3.2252,4.4638,-2.1729,-1.8193,-14,32.574,18.24,0,0,0,6.7938,6.768,6.7907,6.7719,-120.8,-149.29,116.17,-313.57,-57.474,-1987.3,45.207
5.15,2.5387,-2.0403,0.96531,-0.37904,-0.18571,0,0.90656,-0.50149,5.1021,-3.0373,4.2126,-2.3175,-1.8319,-15.227,31.079,19.303,0,0,0,6.7988,6.7712,6.7878,6.7763,-124.84,-149.62,96.481,-481.95,-17.327,-1946.1,45.223
5.16,2.5329,-1.9877,0.93591,-0.35862,-0.20004,0,0.9118,-0.66008,5.4054,-2.8398,3.9909,-2.4992,-1.8586,-16.501,29.582,20.172,0,0,0,6.8009,6.7743,6.785,6.7801,-130.18,-149.81,77.322,-573.8,-29.38,-1882.2,45.234
5.17,2.5254,-1.9322,0.90854,-0.33888,-0.21519,0,0.91589,-0.8317,5.6938,-2.6345,3.8072,-2.7011,-1.8939,-17.832,28.082,20.852,0,0,0,6.8006,6.7773,6.7822,6.7832,-136.09,-150.35,58.901,-597.08,-85.503,-1799,45.239
5.18,2.5162,-1.8739,0.88324,-0.31961,-0.23121,0,0.91891,-1.0169,5.967,-2.4234,3.6683,-2.9083,-1.9346,-19.223,26.573,21.353,0,0,0,6.7983,6.7803,6.7791,6.7854,-141.92,-151.64,41.395,-559.74,-177.56,-1700,45.239
5.19,2.505,-1.8129,0.86008,-0.30062,-0.24808,0,0.92091,-1.2163,6.2251,-2.208,3.5795,-3.1077,-1.9787,-20.669,25.045,21.684,0,0,0,6.7943,6.7834,6.7759,6.7867,-147.11,-154,24.942,-469.76,-297.43,-1588.7,45.234
5.2,2.4918,-1.7495,0.83909,-0.28166,-0.26574,0,0.92198,-1.4305,6.4678,-1.9902,3.5441,-3.2877,-2.0259,-22.161,23.488,21.856,0,0,0,6.7891,6.7864,6.7725,6.7869,-151.17,-157.65,9.6502,-335.1,-436.97,-1468.5,45.225
5.21,2.4764,-1.6836,0.82028,-0.26247,-0.28405,0,0.92218,-1.6597,6.6948,-1.7714,3.5637,-3.4386,-2.0764,-23.687,21.887,21.881,0,0,0,6.7831,6.7896,6.7689,6.7862,-153.69,-162.77,-4.4104,-163.7,-588.06,-1343,45.213
5.22,2.4586,-1.6156,0.80366,-0.24281,-0.30284,0,0.92159,-1.9042,6.9054,-1.5531,3.6384,-3.5522,-2.1315,-25.229,20.228,21.772,0,0,0,6.7763,6.7927,6.7652,6.7843,-154.34,-169.43,-17.203,36.475,-742.56,-1215.5,45.198
5.23,2.4382,-1.5456,0.78922,-0.2224,-0.32189,0,0.92029,-2.1642,7.0991,-1.3364,3.7666,-3.6224,-2.1928,-26.767,18.494,21.541,0,0,0,6.7691,6.7956,6.7613,6.7814,-152.89,-177.61,-28.726,257.46,-892.33,-1089.7,45.179
5.24,2.4152,-1.4737,0.77692,-0.201,-0.34097,0,0.91833,-2.4395,7.275,-1.1226,3.945,-3.6444,-2.2624,-28.279,16.671,21.201,0,0,0,6.7614,6.7982,6.757,6.7772,-149.15,-187.23,-39.013,491.29,-1029.3,-968.81,45.156
5.25,2.3894,-1.4001,0.76675,-0.17838,-0.35982,0,0.91581,-2.7296,7.4321,-0.9127,4.1693,-3.6155,-2.3423,-29.742,14.745,20.764,0,0,0,6.7533,6.8,6.7523,6.7715,-143.05,-198.12,-48.131,730.01,-1145.2,-856.47,45.128
5.26,2.3606,-1.3251,0.75865,-0.15433,-0.37816,0,0.91278,-3.0341,7.5695,-0.7076,4.4331,-3.5343,-2.4342,-31.132,12.705,20.242,0,0,0,6.7447,6.8008,6.7469,6.7643,-134.56,-210.04,-56.182,965.67,-1232,-756.11,45.095
5.27,2.3287,-1.2488,0.75258,-0.12866,-0.39574,0,0.90931,-3.352,7.6858,-0.50811,4.729,-3.4011,-2.5394,-32.425,10.542,19.644,0,0,0,6.7356,6.8002,6.741,6.7555,-123.77,-222.64,-63.305,1190.3,-1281.6,-671.21,45.054
5.28,2.2935,-1.1715,0.74847,-0.10124,-0.41227,0,0.90542,-3.6822,7.7799,-0.31494,5.0474,-3.2177,-2.6581,-33.6,8.2511,18.979,0,0,0,6.7262,6.7981,6.7347,6.7451,-110.82,-235.52,-69.67,1395.9,-1285.8,-605.24,45.007
5.29,2.255,-1.0933,0.74626,-0.071982,-0.42748,0,0.90116,-4.0235,7.8504,-0.12874,5.3769,-2.9876,-2.7893,-34.635,5.8322,18.252,0,0,0,6.7166,6.7942,6.7284,6.7336,-95.94,-248.18,-75.484,1574.6,-1236.5,-561.66,44.955
5.3,2.213,-1.0145,0.74587,-0.040867,-0.44112,0,0.89652,-4.3744,7.8961,0.049919,5.704,-2.7161,-2.9304,-35.513,3.2901,17.47,0,0,0,6.7074,6.7886,6.7226,6.7215,-79.439,-260.05,-80.986,1719.9,-1128.1,-542.63,44.9
5.31,2.1675,-0.93546,0.74723,-0.0079499,-0.45295,0,0.8915,-4.7332,7.9159,0.22048,6.0148,-2.41,-3.0775,-36.22,0.6357,16.633,0,0,0,6.6992,6.782,6.7179,6.7096,-61.652,-270.56,-86.405,1832.1,-966.7,-544.12,44.848
5.32,2.1183,-0.85632,0.75025,0.026639,-0.46278,0,0.88607,-5.0982,7.9085,0.3824,6.2971,-2.0763,-3.2265,-36.743,-2.115,15.741,0,0,0,6.6925,6.775,6.715,6.6988,-42.899,-279.24,-91.918,1913.6,-761.68,-560.37,44.802
5.33,2.0655,-0.77739,0.75485,0.062703,-0.47044,0,0.8802,-5.4674,7.8733,0.53512,6.5411,-1.7221,-3.3733,-37.075,-4.9416,14.794,0,0,0,6.6882,6.7686,6.7143,6.6899,-23.475,-285.68,-97.642,1966.7,-522.51,-585.61,44.768
5.34,2.009,-0.69895,0.76092,0.099992,-0.47579,0,0.87386,-5.839,7.8095,0.67808,6.7393,-1.3547,-3.5143,-37.211,-7.8203,13.788,0,0,0,6.6866,6.7634,6.7162,6.6836,-3.6526,-289.61,-103.64,1993.7,-258.64,-614.06,44.75
5.35,1.9487,-0.62129,0.76837,0.13821,-0.47874,0,0.86701,-6.211,7.7168,0.81067,6.8873,-0.98154,-3.6465,-37.148,-10.725,12.72,0,0,0,6.688,6.7601,6.7208,6.6803,16.319,-290.81,-109.92,1996.9,20.512,-639.94,44.749
5.36,1.8848,-0.54471,0.7771,0.17706,-0.47925,0,0.85963,-6.5813,7.595,0.93227,6.9837,-0.60903,-3.768,-36.885,-13.627,11.589,0,0,0,6.6924,6.7588,6.7279,6.6803,36.215,-289.18,-116.41,1978.8,305.49,-657.49,44.766
5.37,1.8171,-0.46949,0.78698,0.2162,-0.47731,0,0.85172,-6.948,7.4444,1.0422,7.0297,-0.24264,-3.8779,-36.425,-16.499,10.392,0,0,0,6.6995,6.7597,6.737,6.683,55.831,-284.71,-123.02,1941.5,586.87,-660.93,44.799
5.38,1.7458,-0.39592,0.7979,0.25534,-0.47295,0,0.84328,-7.3091,7.2653,1.1399,7.029,0.11404,-3.9767,-35.77,-19.312,9.1285,0,0,0,6.7085,6.7626,6.7474,6.6879,74.989,-277.48,-129.56,1887.5,855.21,-644.48,44.844
5.39,1.671,-0.32428,0.80973,0.29419,-0.46621,0,0.83432,-7.6628,7.0584,1.2246,6.9867,0.45972,-4.0662,-34.927,-22.04,7.8012,0,0,0,6.7186,6.7669,6.7582,6.694,93.534,-267.68,-135.82,1819.1,1101.1,-602.38,44.896
5.4,1.5926,-0.25484,0.82235,0.33251,-0.45717,0,0.82488,-8.0071,6.8248,1.2957,6.9084,0.79571,-4.1496,-33.902,-24.658,6.4139,0,0,0,6.729,6.7719,6.7686,6.7002,111.33,-255.57,-141.51,1738.6,1315,-528.84,44.949
5.41,1.5109,-0.18786,0.8356,0.37009,-0.44587,0,0.81501,-8.3402,6.5657,1.3527,6.7988,1.126,-4.2308,-32.703,-27.145,4.9741,0,0,0,6.7386,6.777,6.7779,6.7052,128.27,-241.52,-146.27,1648.3,1487.6,-418.14,44.998
5.42,1.4258,-0.1236,0.84935,0.40673,-0.43234,0,0.80477,-8.6606,6.2824,1.395,6.6606,1.4568,-4.3145,-31.34,-29.483,3.4928,0,0,0,6.747,6.7814,6.7855,6.7081,144.27,-225.97,-149.74,1550.1,1614.1,-268.82,45.037
5.43,1.3377,-0.062291,0.86345,0.44229,-0.41659,0,0.79425,-8.9665,5.9766,1.4224,6.4934,1.7941,-4.4049,-29.821,-31.661,1.9849,0,0,0,6.7539,6.7843,6.7913,6.7086,159.25,-209.37,-151.55,1445.3,1698.7,-87.722,45.064
5.44,1.2466,-0.0041429,0.87775,0.4766,-0.3986,0,0.78356,-9.2565,5.6498,1.4347,6.294,2.1418,-4.5045,-28.158,-33.668,0.46835,0,0,0,6.7593,6.7853,6.7954,6.7067,173.16,-192.12,-151.41,1334.8,1746.4,117.4,45.078
5.45,1.1526,0.05064,0.8921,0.5095,-0.37833,0,0.77284,-9.5292,5.3038,1.4319,6.0572,2.5019,-4.6146,-26.362,-35.502,-1.0363,0,0,0,6.7634,6.7842,6.7981,6.7027,185.93,-174.55,-149.14,1219.8,1762.5,338.78,45.08
5.46,1.056,0.10187,0.90634,0.54081,-0.35574,0,0.76222,-9.7834,4.9403,1.4141,5.7767,2.8734,-4.7349,-24.443,-37.159,-2.507,0,0,0,6.7664,6.7809,6.7995,6.697,197.54,-156.96,-144.61,1101.3,1752,568.65,45.073
5.47,0.95701,0.14939,0.92033,0.57031,-0.33081,0,0.75187,-10.018,4.5612,1.3819,5.4463,3.2529,-4.8636,-22.415,-38.642,-3.9208,0,0,0,6.7689,6.7755,6.8002,6.6905,207.95,-139.58,-137.77,980.31,1720.1,799.25,45.058
5.48,0.85575,0.19305,0.93393,0.59777,-0.30355,0,0.74198,-10.231,4.1681,1.336,5.0602,3.634,-4.9979,-20.288,-39.952,-5.2547,0,0,0,6.7711,6.7683,6.8004,6.6838,217.14,-122.61,-128.65,858,1672,1022.8,45.039
5.49,0.75246,0.23271,0.94701,0.62294,-0.274,0,0.73272,-10.423,3.7627,1.2772,4.6149,4.008,-5.1332,-18.076,-41.096,-6.4865,0,0,0,6.7733,6.7595,6.8003,6.6778,225.11,-106.18,-117.36,735.39,1612.7,1231.6,45.018
5.5,0.64736,0.26827,0.95943,0.64556,-0.24225,0,0.72427,-10.593,3.3467,1.2066,4.1092,4.3643,-5.2644,-15.79,-42.078,-7.5953,0,0,0,6.7757,6.7496,6.8001,6.6732,231.85,-90.377,-104.09,613.56,1547.5,1417.8,44.998
5.51,0.54069,0.29962,0.9711,0.66537,-0.20847,0,0.71682,-10.739,2.9216,1.1257,3.5455,4.6909,-5.3853,-13.443,-42.906,-8.5626,0,0,0,6.7783,6.7388,6.7999,6.6707,237.39,-75.235,-89.106,493.57,1481.4,1573.7,44.98
5.52,0.43266,0.32668,0.98192,0.68212,-0.17288,0,0.71051,-10.861,2.4891,1.0359,2.9299,4.9758,-5.4899,-11.046,-43.585,-9.3729,0,0,0,6.7811,6.7279,6.7996,6.6705,241.73,-60.736,-72.745,376.49,1419.6,1691.5,44.965
5.53,0.32354,0.34938,0.9918,0.69561,-0.13578,0,0.70547,-10.96,2.0504,0.93882,2.2729,5.2079,-5.5726,-8.6122,-44.122,-10.014,0,0,0,6.7839,6.7172,6.7991,6.6731,244.93,-46.812,-55.43,263.37,1367.2,1763.4,44.955
5.54,0.21355,0.36767,1.0007,0.70568,-0.097501,0,0.70179,-11.033,1.6071,0.8362,1.5889,5.3783,-5.6288,-6.1515,-44.523,-10.48,0,0,0,6.7866,6.7075,6.7981,6.6783,247.02,-33.344,-37.653,155.17,1328.7,1783.2,44.951
5.55,0.10295,0.38151,1.0085,0.71223,-0.058443,0,0.69951,-11.083,1.1604,0.72982,0.89463,5.4817,-5.6561,-3.6753,-44.79,-10.768,0,0,0,6.7889,6.6993,6.7968,6.6856,248.05,-20.194,-19.929,52.04,1303.3,1753.8,44.951
5.56,-0.0080158,0.39087,1.0153,0.71525,-0.019007,0,0.69861,-11.107,0.7117,0.62144,0.20682,5.517,-5.654,-1.1939,-44.927,-10.88,0,0,0,6.7908,6.6929,6.7951,6.6948,248.08,-7.2409,-2.7221,-46.135,1288.9,1681,44.956
5.57,-0.1191,0.39574,1.0209,0.71478,0.020409,0,0.69905,-11.106,0.26228,0.51277,-0.45913,5.4868,-5.6236,1.283,-44.935,-10.825,0,0,0,6.7924,6.6887,6.7931,6.705,247.14,5.6135,13.566,-139.47,1283.2,1570.9,44.965
5.58,-0.23006,0.39612,1.0255,0.71094,0.059426,0,0.70074,-11.081,-0.18658,0.40546,-1.0897,5.3969,-5.5679,3.746,-44.815,-10.613,0,0,0,6.7936,6.6866,6.7909,6.716,245.3,18.444,28.593,-228.1,1283.8,1429.7,44.979
5.59,-0.34065,0.39202,1.0291,0.7039,0.097707,0,0.70355,-11.032,-0.63359,0.30099,-1.6741,5.2557,-5.4908,6.1862,-44.566,-10.258,0,0,0,6.7946,6.6869,6.7889,6.7272,242.6,31.304,42.076,-312.12,1288.5,1263.3,44.996
5.6,-0.45062,0.38346,1.0316,0.69387,0.13497,0,0.70734,-10.958,-1.0775,0.20071,-2.2041,5.0731,-5.3971,8.5952,-44.189,-9.7775,0,0,0,6.7955,6.6894,6.787,6.7383,239.08,44.221,53.795,-391.66,1295,1077.8,45.017
5.61,-0.55972,0.37048,1.0331,0.68111,0.17097,0,0.71194,-10.86,-1.5169,0.1058,-2.6749,4.8599,-5.2918,10.965,-43.682,-9.1889,0,0,0,6.7965,6.6938,6.7856,6.7489,234.78,57.203,63.589,-466.83,1301,879.25,45.041
5.62,-0.66773,0.35314,1.0337,0.66587,0.20556,0,0.71719,-10.739,-1.9507,0.017225,-3.0843,4.6269,-5.1799,13.288,-43.045,-8.5124,0,0,0,6.7975,6.6997,6.7846,6.7587,229.75,70.232,71.357,-537.77,1304.2,673.66,45.068
5.63,-0.77442,0.33149,1.0335,0.64843,0.23862,0,0.72291,-10.594,-2.3774,-0.064228,-3.4332,4.3842,-5.0658,15.558,-42.277,-7.7686,0,0,0,6.7986,6.7068,6.7841,6.7675,224.04,83.27,77.059,-604.58,1302.3,467.08,45.095
5.64,-0.87955,0.30562,1.0324,0.62905,0.27009,0,0.72893,-10.428,-2.7958,-0.13799,-3.7248,4.1409,-4.9536,17.767,-41.379,-6.9781,0,0,0,6.7996,6.7143,6.7837,6.7751,217.67,96.254,80.716,-667.37,1293,265.57,45.121
5.65,-0.9829,0.27561,1.0307,0.60798,0.29997,0,0.7351,-10.239,-3.2046,-0.2037,-3.9642,3.9038,-4.8463,19.909,-40.352,-6.1609,0,0,0,6.8003,6.7217,6.7834,6.7811,210.7,109.1,82.408,-726.29,1274.1,75.173,45.144
5.66,-1.0843,0.24156,1.0284,0.58544,0.32827,0,0.74128,-10.03,-3.6024,-0.26118,-4.1578,3.6781,-4.7461,21.979,-39.198,-5.336,0,0,0,6.8005,6.7282,6.7828,6.7855,203.16,121.7,82.276,-781.43,1243.2,-98.071,45.162
5.67,-1.1834,0.2036,1.0255,0.56164,0.35504,0,0.74733,-9.7999,-3.9881,-0.31045,-4.3131,3.4663,-4.6541,23.971,-37.92,-4.5208,0,0,0,6.7998,6.7334,6.7816,6.788,195.09,133.91,80.523,-832.91,1198,-248.12,45.171
5.68,-1.2802,0.16185,1.0222,0.53674,0.38033,0,0.75317,-9.5505,-4.3604,-0.35168,-4.4374,3.2687,-4.5702,25.879,-36.522,-3.7301,0,0,0,6.7982,6.7367,6.7794,6.7888,186.51,145.6,77.411,-880.87,1136.3,-368.92,45.172
5.69,-1.3744,0.11644,1.0185,0.51088,0.4042,0,0.7587,-9.2826,-4.7182,-0.38518,-4.5378,3.0827,-4.4933,27.7,-35.01,-2.976,0,0,0,6.7954,6.7378,6.7762,6.788,177.48,156.58,73.261,-925.36,1056.2,-455.32,45.162
5.7,-1.4658,0.067534,1.0145,0.48419,0.42668,0,0.76388,-8.9969,-5.0603,-0.41135,-4.6198,2.9043,-4.4214,29.427,-33.393,-2.2672,0,0,0,6.7914,6.7369,6.7718,6.7858,168.02,166.67,68.416,-966.19,959.16,-508.36,45.143
5.71,-1.5543,0.01529,1.0103,0.45676,0.4478,0,0.76867,-8.6943,-5.3857,-0.43069,-4.6873,2.7288,-4.3521,31.059,-31.68,-1.6089,0,0,0,6.7863,6.7342,6.7665,6.7827,158.17,175.71,63.193,-1003,848.03,-531.7,45.116
5.72,-1.6396,-0.040122,1.0059,0.4287,0.46753,0,0.77306,-8.376,-5.6936,-0.44371,-4.7419,2.5518,-4.2829,32.59,-29.883,-1.0037,0,0,0,6.7804,6.7302,6.7605,6.7792,147.97,183.59,57.869,-1035.5,725.61,-529.02,45.084
5.73,-1.7217,-0.098521,1.0015,0.40011,0.48587,0,0.77707,-8.0429,-5.9831,-0.45094,-4.784,2.3693,-4.2112,34.017,-28.013,-0.45109,0,0,0,6.774,6.7255,6.7542,6.7756,137.48,190.2,52.687,-1063.4,594.73,-503.99,45.049
5.74,-1.8004,-0.15972,0.99694,0.3711,0.50278,0,0.7807,-7.696,-6.2536,-0.4529,-4.8127,2.1778,-4.1346,35.338,-26.083,0.051232,0,0,0,6.7675,6.7207,6.748,6.7725,126.72,195.47,47.851,-1086.2,458.21,-460.3,45.015
5.75,-1.8756,-0.22353,0.99242,0.34179,0.5182,0,0.78399,-7.3365,-6.5046,-0.45007,-4.8265,1.975,-4.0512,36.551,-24.108,0.50765,0,0,0,6.7613,6.7163,6.7424,6.7703,115.77,199.35,43.531,-1103.7,318.88,-401.62,44.984
5.76,-1.9471,-0.28975,0.98795,0.31232,0.53209,0,0.78698,-6.9654,-6.7357,-0.44288,-4.8232,1.7595,-3.9593,37.653,-22.101,0.92401,0,0,0,6.7558,6.7129,6.7378,6.7692,104.67,201.84,39.857,-1115.6,179.56,-331.62,44.96
5.77,-2.0149,-0.35818,0.98357,0.28282,0.5444,0,0.78971,-6.5838,-6.9466,-0.4317,-4.8008,1.5312,-3.8579,38.644,-20.076,1.3073,0,0,0,6.7513,6.7108,6.7344,6.7695,93.478,202.95,36.924,-1121.4,43.086,-253.99,44.943
5.78,-2.0788,-0.42861,0.97933,0.25345,0.55508,0,0.79224,-6.1929,-7.1372,-0.41682,-4.7577,1.291,-3.7465,39.523,-18.046,1.6651,0,0,0,6.748,6.7104,6.7325,6.7712,82.26,202.72,34.79,-1121,-87.727,-172.39,44.937
5.79,-2.1387,-0.50085,0.97525,0.22438,0.56412,0,0.79462,-5.7937,-7.3075,-0.39845,-4.6929,1.0407,-3.6254,40.289,-16.026,2.0058,0,0,0,6.746,6.7116,6.7321,6.7741,71.08,201.23,33.477,-1113.8,-210.05,-90.51,44.94
5.8,-2.1946,-0.5747,0.97137,0.19576,0.57149,0,0.79692,-5.3875,-7.4578,-0.37673,-4.6062,0.78328,-3.4956,40.945,-14.026,2.3374,0,0,0,6.7453,6.7144,6.7332,6.7781,60.007,198.56,32.969,-1099.7,-321.06,-12.022,44.952
5.81,-2.2464,-0.64994,0.96773,0.16775,0.57721,0,0.79918,-4.9752,-7.5882,-0.35171,-4.4985,0.52206,-3.3586,41.49,-12.058,2.6677,0,0,0,6.7459,6.7187,6.7355,6.7827,49.11,194.85,33.213,-1078.3,-417.92,59.397,44.971
5.82,-2.2941,-0.72639,0.96435,0.14047,0.58131,0,0.80147,-4.558,-7.6991,-0.32336,-4.3718,0.26107,-3.2166,41.928,-10.132,3.0038,0,0,0,6.7474,6.7241,6.7388,6.7875,38.466,190.26,34.121,-1049.2,-497.82,120.07,44.996
5.83,-2.3376,-0.80386,0.96127,0.11404,0.58384,0,0.80382,-4.137,-7.791,-0.29159,-4.2293,0.0046251,-3.0725,42.26,-8.255,3.3519,0,0,0,6.7498,6.7303,6.7428,6.7921,28.152,184.96,35.566,-1012.2,-557.93,166.32,45.025
5.84,-2.3768,-0.88215,0.95853,0.088559,0.58488,0,0.80627,-3.7131,-7.8644,-0.25627,-4.075,-0.24272,-2.9294,42.492,-6.434,3.7164,0,0,0,6.7526,6.7367,6.7469,6.796,18.251,179.18,37.387,-966.76,-595.41,194.47,45.054
5.85,-2.4118,-0.96109,0.95616,0.064067,0.58451,0,0.80885,-3.2875,-7.9198,-0.2172,-3.9143,-0.4763,-2.7909,42.627,-4.6723,4.1002,0,0,0,6.7557,6.7431,6.7511,6.7987,8.8453,173.14,39.384,-912.96,-608,201.43,45.081
5.86,-2.4426,-1.0405,0.9542,0.040584,0.58285,0,0.81157,-2.8609,-7.958,-0.1742,-3.7528,-0.69188,-2.6606,42.671,-2.9712,4.504,0,0,0,6.7587,6.7491,6.7548,6.8001,0.014194,167.09,41.348,-852.32,-597.13,188.1,45.105
5.87,-2.4691,-1.1202,0.95269,0.018092,0.58002,0,0.8144,-2.4343,-7.9795,-0.12706,-3.5958,-0.88646,-2.5413,42.629,-1.3297,4.9264,0,0,0,6.7615,6.7543,6.7579,6.8002,-8.1858,161.26,43.087,-787.11,-565.83,157.11,45.123
5.88,-2.4913,-1.2,0.95167,-0.0034616,0.57613,0,0.81735,-2.0086,-7.9848,-0.075614,-3.4483,-1.0581,-2.4351,42.509,0.25541,5.3645,0,0,0,6.7638,6.7586,6.7603,6.799,-15.72,155.84,44.44,-719.61,-517.16,111.07,45.136
5.89,-2.5092,-1.2798,0.95119,-0.024152,0.57133,0,0.82037,-1.5844,-7.9745,-0.019732,-3.3143,-1.2059,-2.3437,42.317,1.7889,5.8135,0,0,0,6.7657,6.7619,6.762,6.7966,-22.578,150.97,45.268,-652.1,-454.16,52.63,45.144
5.9,-2.523,-1.3595,0.95129,-0.044077,0.56571,0,0.82342,-1.1625,-7.9492,0.040672,-3.1975,-1.3296,-2.2679,42.06,3.2771,6.2677,0,0,0,6.7671,6.7643,6.763,6.7933,-28.77,146.79,45.46,-586.86,-379.86,-15.602,45.146
5.91,-2.5325,-1.4388,0.95202,-0.063351,0.55941,0,0.82646,-0.74338,-7.9091,0.10562,-3.1006,-1.4299,-2.2083,41.744,4.7273,6.7203,0,0,0,6.7682,6.7658,6.7634,6.7894,-34.33,143.4,44.932,-526.17,-297.32,-90.996,45.145
5.92,-2.5378,-1.5176,0.95342,-0.0821,0.55253,0,0.82944,-0.32775,-7.8547,0.17505,-3.0258,-1.5081,-2.1649,41.375,6.1479,7.1637,0,0,0,6.7692,6.7668,6.7635,6.7851,-39.316,140.86,43.625,-472.3,-209.56,-170.93,45.141
5.93,-2.5391,-1.5958,0.95553,-0.10046,0.54516,0,0.83229,0.083966,-7.7862,0.24883,-2.9746,-1.566,-2.1374,40.959,7.5475,7.5901,0,0,0,6.7702,6.7674,6.7634,6.7807,-43.807,139.21,41.507,-427.54,-119.64,-252.77,45.136
5.94,-2.5362,-1.6733,0.95841,-0.11855,0.53737,0,0.83497,0.4913,-7.7038,0.32676,-2.9478,-1.6063,-2.1252,40.501,8.9352,7.9911,0,0,0,6.7714,6.7677,6.7633,6.7767,-47.905,138.47,38.572,-394.15,-30.596,-333.89,45.132
5.95,-2.5292,-1.7498,0.96208,-0.13653,0.52924,0,0.83741,0.89384,-7.6075,0.40855,-2.9456,-1.6323,-2.1277,40.002,10.32,8.3588,0,0,0,6.773,6.7681,6.7633,6.7732,-51.735,138.59,34.84,-374.43,54.531,-411.68,45.129
5.96,-2.5183,-1.8254,0.96659,-0.15453,0.52081,0,0.83957,1.2912,-7.4974,0.4938,-2.9674,-1.648,-2.1441,39.466,11.71,8.6854,0,0,0,6.7751,6.7685,6.7635,6.7705,-55.447,139.53,30.358,-370.64,132.7,-483.5,45.129
5.97,-2.5034,-1.8997,0.97197,-0.17265,0.5121,0,0.8414,1.683,-7.3733,0.58209,-3.012,-1.6582,-2.1735,38.893,13.113,8.9637,0,0,0,6.7778,6.7692,6.7639,6.7686,-59.209,141.21,25.199,-385.07,200.86,-546.73,45.132
5.98,-2.4847,-1.9728,0.97824,-0.19103,0.5031,0,0.84285,2.0689,-7.2351,0.6729,-3.0775,-1.6683,-2.2151,38.281,14.536,9.1875,0,0,0,6.7811,6.7701,6.7644,6.7678,-63.216,143.51,19.461,-419.99,255.98,-598.75,45.139
5.99,-2.4621,-2.0444,0.98543,-0.20977,0.49379,0,0.8439,2.4485,-7.0825,0.76564,-3.1613,-1.6842,-2.2684,37.627,15.985,9.3514,0,0,0,6.7849,6.7712,6.7648,6.7678,-67.685,146.28,13.27,-477.69,295.01,-636.92,45.148
6,-2.4357,-2.1144,0.99356,-0.22894,0.4841,0,0.84453,2.8213,-6.9153,0.85971,-3.26,-1.7129,-2.333,36.925,17.462,9.4518,0,0,0,6.7891,6.7724,6.765,6.7687,-72.854,149.34,6.7772,-560.43,314.91,-658.62,45.159
6.01,-2.4057,-2.1827,1.0026,-0.24861,0.47394,0,0.84473,3.1868,-6.7331,0.95446,-3.3695,-1.7616,-2.4089,36.167,18.972,9.4866,0,0,0,6.7933,6.7734,6.7644,6.7701,-78.984,152.5,0.16095,-670.5,312.63,-661.23,45.169
6.02,-2.372,-2.249,1.0126,-0.26883,0.46318,0,0.84451,3.5444,-6.5357,1.0492,-3.485,-1.8383,-2.4966,35.341,20.512,9.4553,0,0,0,6.7972,6.7738,6.7624,6.7716,-86.362,155.51,-6.3754,-809.85,285.31,-642.35,45.175
6.03,-2.3348,-2.3133,1.0236,-0.28961,0.45164,0,0.84389,3.8934,-6.3228,1.1434,-3.6014,-1.9513,-2.5971,34.435,22.081,9.36,0,0,0,6.8,6.7732,6.7585,6.7725,-95.267,158.12,-12.619,-974.62,232.83,-603.46,45.174
6.04,-2.2942,-2.3754,1.0355,-0.31094,0.43912,0,0.8429,4.2328,-6.0941,1.2362,-3.7135,-2.1074,-2.712,33.43,23.672,9.2045,0,0,0,6.8011,6.7708,6.7518,6.7719,-105.91,160.09,-18.394,-1156,157.48,-549.35,45.159
6.05,-2.2502,-2.4351,1.0483,-0.3328,0.42536,0,0.84161,4.5616,-5.8493,1.3273,-3.8164,-2.3118,-2.8431,32.31,25.28,8.9942,0,0,0,6.7996,6.766,6.7417,6.769,-118.41,161.2,-23.572,-1345.1,61.6,-484.93,45.127
6.06,-2.203,-2.4924,1.062,-0.35513,0.41011,0,0.84006,4.8786,-5.5884,1.4159,-3.9054,-2.5684,-2.9924,31.056,26.893,8.7353,0,0,0,6.7946,6.7582,6.7273,6.763,-132.81,161.26,-28.074,-1533,-52.45,-415.1,45.072
6.07,-2.1527,-2.5469,1.0766,-0.37785,0.39306,0,0.83829,5.1822,-5.3115,1.5018,-3.9753,-2.8793,-3.1618,29.648,28.501,8.435,0,0,0,6.7853,6.7468,6.7082,6.7532,-149.04,160.1,-31.872,-1710.6,-182.32,-344.77,44.989
6.08,-2.0994,-2.5985,1.0921,-0.40084,0.37392,0,0.83637,5.471,-5.0185,1.5845,-4.0208,-3.2449,-3.3528,28.069,30.09,8.1002,0,0,0,6.7713,6.7316,6.6841,6.7393,-166.96,157.57,-34.984,-1869.1,-325.66,-278.84,44.877
6.09,-2.0433,-2.6472,1.1083,-0.42396,0.35238,0,0.83432,5.743,-4.7098,1.6637,-4.0357,-3.6637,-3.5662,26.304,31.647,7.7374,0,0,0,6.7522,6.7125,6.6551,6.7213,-186.33,153.55,-37.48,-1999.5,-480.12,-222.2,44.735
6.1,-1.9846,-2.6927,1.1253,-0.44701,0.32814,0,0.83217,5.9964,-4.3857,1.7392,-4.0134,-4.1315,-3.8018,24.339,33.156,7.3523,0,0,0,6.728,6.6902,6.6217,6.6996,-206.82,147.94,-39.476,-2092.9,-643.34,-179.77,44.566
6.11,-1.9235,-2.7348,1.1431,-0.46974,0.30092,0,0.82993,6.2291,-4.0469,1.8107,-3.9465,-4.6411,-4.0578,22.165,34.6,6.949,0,0,0,6.6994,6.6656,6.5854,6.6752,-228.03,140.66,-41.139,-2140.3,-812.98,-156.44,44.376
6.12,-1.8601,-2.7736,1.1615,-0.49186,0.27049,0,0.82759,6.439,-3.694,1.8781,-3.8276,-5.181,-4.3302,19.778,35.964,6.5299,0,0,0,6.6673,6.6401,6.548,6.6495,-249.45,131.67,-42.685,-2132.7,-986.68,-157.13,44.175
6.13,-1.7948,-2.8087,1.1806,-0.513,0.23671,0,0.82511,6.6239,-3.3279,1.9413,-3.6505,-5.735,-4.6129,17.177,37.228,6.0948,0,0,0,6.6333,6.6155,6.5121,6.6243,-270.47,120.92,-44.378,-2061.3,-1162.1,-186.72,43.975
6.14,-1.7277,-2.8401,1.2003,-0.53276,0.19951,0,0.82241,6.7818,-2.9498,2,-3.4113,-6.2814,-4.8967,14.372,38.376,5.6408,0,0,0,6.5995,6.5941,6.4809,6.6018,-290.43,108.43,-46.532,-1917.1,-1336.9,-250.12,43.794
6.15,-1.6592,-2.8676,1.2206,-0.55068,0.15902,0,0.81943,6.9107,-2.5608,2.054,-3.111,-6.7939,-5.1694,11.375,39.391,5.1614,0,0,0,6.5682,6.578,6.4579,6.5842,-308.54,94.197,-49.509,-1691.8,-1508.6,-351.82,43.647
6.16,-1.5896,-2.8913,1.2414,-0.56633,0.1155,0,0.81605,7.0088,-2.1625,2.1031,-2.7571,-7.2439,-5.4174,8.2097,40.255,4.6466,0,0,0,6.5424,6.569,6.4461,6.5734,-324.01,78.277,-53.685,-1389.4,-1673.8,-488.48,43.551
6.17,-1.5192,-2.9109,1.2627,-0.57932,0.069403,0,0.81214,7.0744,-1.7563,2.1468,-2.3636,-7.6076,-5.6286,4.906,40.951,4.0827,0,0,0,6.5252,6.5685,6.4471,6.571,-336.12,60.756,-59.361,-1024.6,-1828.2,-649.9,43.52
6.18,-1.4482,-2.9264,1.2843,-0.58935,0.021323,0,0.8076,7.1065,-1.3441,2.1845,-1.9497,-7.8693,-5.7942,1.5002,41.465,3.4537,0,0,0,6.5189,6.5772,6.4616,6.5778,-344.34,41.763,-66.731,-612.71,-1967.4,-825.66,43.559
6.19,-1.3771,-2.9377,1.3063,-0.59627,-0.028065,0,0.80229,7.1042,-0.92767,2.2156,-1.5378,-8.0243,-5.9099,-1.9666,41.782,2.7421,0,0,0,6.5245,6.5949,6.4887,6.5939,-348.27,21.473,-75.887,-168.79,-2087.1,-1005.3,43.67
6.2,-1.3062,-2.9449,1.3286,-0.60005,-0.078068,0,0.79614,7.0671,-0.50913,2.239,-1.1496,-8.0788,-5.9762,-5.4501,41.891,1.9301,0,0,0,6.542,6.6202,6.5259,6.6181,-347.66,0.10152,-86.816,292,-2182.8,-1178.5,43.844
6.21,-1.2359,-2.9479,1.3511,-0.60082,-0.12805,0,0.78907,6.9953,-0.090581,2.2538,-0.80381,-8.049,-5.9983,-8.9044,41.781,1.0003,0,0,0,6.5695,6.6512,6.5698,6.6486,-342.42,-22.088,-99.4,754.51,-2250.1,-1334.7,44.065
6.22,-1.1665,-2.9467,1.3737,-0.5988,-0.17746,0,0.78099,6.8893,0.32575,2.2586,-0.51274,-7.9575,-5.9847,-12.283,41.447,-0.062721,0,0,0,6.604,6.6852,6.6163,6.6826,-332.62,-44.792,-113.42,1203.6,-2284.8,-1463.6,44.313
6.23,-1.0982,-2.9414,1.3962,-0.59431,-0.22592,0,0.77185,6.7501,0.7376,2.252,-0.28168,-7.8301,-5.9465,-15.542,40.885,-1.2718,0,0,0,6.6416,6.7191,6.661,6.7169,-318.45,-67.661,-128.55,1624.1,-2282.4,-1554.6,44.564
6.24,-1.0316,-2.932,1.4187,-0.58765,-0.27318,0,0.76161,6.579,1.1427,2.2326,-0.1086,-7.6914,-5.8957,-18.639,40.095,-2.6359,0,0,0,6.6781,6.7498,6.6998,6.7481,-300.28,-90.302,-144.35,2000.9,-2238.6,-1597.4,44.793
6.25,-0.96675,-2.9186,1.4408,-0.57912,-0.31913,0,0.75019,6.378,1.5387,2.1988,0.014984,-7.5621,-5.8441,-21.536,39.081,-4.1593,0,0,0,6.7095,6.7748,6.7295,6.7731,-278.63,-112.28,-160.3,2318.7,-2148.9,-1581.6,44.978
6.26,-0.90409,-2.9013,1.4626,-0.56895,-0.36377,0,0.73754,6.1491,1.9236,2.1489,0.10281,-7.4561,-5.8024,-24.202,37.853,-5.8402,0,0,0,6.7325,6.7921,6.7477,6.7897,-254.15,-133.11,-175.75,2562.6,-2009.1,-1496.7,45.103
6.27,-0.84386,-2.8802,1.4837,-0.55728,-0.40716,0,0.72364,5.8948,2.2951,2.0815,0.17265,-7.3788,-5.7797,-26.612,36.424,-7.6702,0,0,0,6.745,6.8011,6.7539,6.7967,-227.67,-152.28,-189.97,2717.3,-1814.7,-1332.3,45.161
6.28,-0.78627,-2.8554,1.5041,-0.54416,-0.4494,0,0.70847,5.6177,2.6515,1.9951,0.24466,-7.3254,-5.7817,-28.752,34.815,-9.6327,0,0,0,6.7464,6.8021,6.7491,6.794,-200.13,-169.22,-202.12,2774.7,-1564.9,-1084,45.153
6.29,-0.73157,-2.8272,1.5236,-0.52954,-0.49053,0,0.69208,5.3206,2.9909,1.8885,0.33718,-7.2809,-5.8099,-30.615,33.049,-11.703,0,0,0,6.7376,6.7967,6.7363,6.7833,-172.47,-183.42,-211.4,2744.4,-1267.8,-762.43,45.09
6.3,-0.67992,-2.7957,1.5418,-0.51329,-0.53053,0,0.67459,5.0063,3.312,1.7608,0.46322,-7.2223,-5.8596,-32.204,31.157,-13.849,0,0,0,6.7209,6.787,6.7195,6.7672,-145.5,-194.45,-217.16,2638.8,-932.94,-380.54,44.991
6.31,-0.63149,-2.761,1.5587,-0.49528,-0.56927,0,0.65623,4.6775,3.6137,1.6114,0.62919,-7.1217,-5.9209,-33.529,29.172,-16.033,0,0,0,6.6993,6.7753,6.7031,6.7487,-119.9,-201.98,-218.86,2470.2,-569.8,48.63,44.877
6.32,-0.58641,-2.7235,1.574,-0.47543,-0.60649,0,0.63729,4.3366,3.8953,1.4401,0.8338,-6.9499,-5.9783,-34.608,27.13,-18.211,0,0,0,6.6761,6.7638,6.6914,6.7311,-96.261,-205.78,-216.08,2251,-187.87,512.09,44.77
6.33,-0.54479,-2.6832,1.5874,-0.45373,-0.64185,0,0.61819,3.986,4.1563,1.2473,1.0676,-6.6801,-6.0115,-35.463,25.069,-20.338,0,0,0,6.6542,6.7538,6.6875,6.7169,-75.012,-205.71,-208.55,1993.5,203.35,996.84,44.687
6.34,-0.50671,-2.6404,1.5989,-0.43032,-0.67491,0,0.59943,3.628,4.3967,1.0337,1.3137,-6.2923,-5.9962,-36.118,23.029,-22.366,0,0,0,6.6357,6.7457,6.6934,6.7079,-56.478,-201.72,-196.11,1710,594.38,1489.9,44.638
6.35,-0.47225,-2.5953,1.6081,-0.40553,-0.70521,0,0.58157,3.2643,4.617,0.80049,1.5495,-5.7758,-5.9064,-36.602,21.048,-24.244,0,0,0,6.6215,6.7384,6.7088,6.7046,-40.856,-193.85,-178.76,1413,975.7,1978.2,44.622
6.36,-0.44144,-2.5481,1.6148,-0.37986,-0.73231,0,0.56518,2.8964,4.818,0.54946,1.7504,-5.1307,-5.7164,-36.945,19.164,-25.925,0,0,0,6.611,6.7305,6.7316,6.7058,-28.221,-182.27,-156.61,1114.8,1337.8,2448.8,44.632
6.37,-0.41433,-2.499,1.619,-0.35403,-0.75581,0,0.55083,2.5257,5.0008,0.2828,1.8933,-4.3672,-5.4048,-37.176,17.414,-27.361,0,0,0,6.6024,6.7195,6.7577,6.7093,-18.524,-167.19,-129.89,827.65,1671.3,2888.8,44.648
6.38,-0.39093,-2.4482,1.6204,-0.32888,-0.77542,0,0.53904,2.1532,5.1668,0.0031971,1.9611,-3.5023,-4.958,-37.324,15.831,-28.509,0,0,0,6.5926,6.7031,6.782,6.7114,-11.59,-148.97,-98.978,564.02,1966.5,3285,44.649
6.39,-0.37127,-2.3957,1.619,-0.30533,-0.79095,0,0.53026,1.7794,5.318,-0.28628,1.9447,-2.5567,-4.373,-37.416,14.444,-29.328,0,0,0,6.5782,6.6792,6.7983,6.7078,-7.124,-128.02,-64.378,336.22,2214.1,3624.5,44.606
6.4,-0.35535,-2.3418,1.6147,-0.28427,-0.80231,0,0.52486,1.405,5.4564,-0.58216,1.8451,-1.5506,-3.6603,-37.474,13.278,-29.786,0,0,0,6.5556,6.6462,6.8009,6.6939,-4.7051,-104.88,-26.72,156.61,2404.5,3894.3,44.494
6.41,-0.34317,-2.2866,1.6074,-0.26652,-0.8095,0,0.52315,1.03,5.5844,-0.8807,1.6728,-0.50121,-2.8437,-37.515,12.351,-29.855,0,0,0,6.5218,6.6032,6.785,6.6659,-3.7899,-80.153,13.233,37.545,2528.2,4081.4,44.293
6.42,-0.33475,-2.2302,1.5971,-0.25266,-0.81252,0,0.52532,0.65467,5.7043,-1.1779,1.4461,0.57711,-1.9592,-37.552,11.677,-29.517,0,0,0,6.4751,6.5499,6.7473,6.6211,-3.7113,-54.566,54.59,-8.63,2575.8,4172.9,43.989
6.43,-0.33008,-2.1726,1.5838,-0.24307,-0.81142,0,0.53152,0.27896,5.8188,-1.4697,1.1897,1.672,-1.0516,-37.59,11.26,-28.762,0,0,0,6.415,6.4871,6.6865,6.5584,-3.6889,-28.915,96.338,26.296,2540.9,4159.6,43.578
6.44,-0.32917,-2.1138,1.5677,-0.23777,-0.80619,0,0.54178,-0.097109,5.9304,-1.7518,0.9308,2.7727,-0.16818,-37.624,11.097,-27.592,0,0,0,6.3424,6.416,6.6041,6.4793,-2.94,-4.0007,137.45,134.81,2430.1,4048.1,43.07
6.45,-0.33202,-2.054,1.5488,-0.23654,-0.79678,0,0.55605,-0.47346,6.0415,-2.0201,0.69613,3.8697,0.64863,-37.644,11.175,-26.018,0,0,0,6.2598,6.3387,6.5039,6.3871,-0.78499,19.463,177,305.66,2252.4,3848.1,42.482
6.46,-0.33864,-1.993,1.5274,-0.23887,-0.7831,0,0.57419,-0.84988,6.1546,-2.2709,0.50901,4.9494,1.3648,-37.633,11.479,-24.06,0,0,0,6.1716,6.2579,6.3914,6.2872,3.3434,40.855,214.16,527.6,2017.2,3569.8,41.847
6.47,-0.34902,-1.9309,1.5035,-0.24404,-0.76507,0,0.59591,-1.2259,6.2718,-2.5002,0.38698,5.9919,1.957,-37.569,11.984,-21.746,0,0,0,6.0835,6.1773,6.2738,6.1863,9.8999,59.647,248.17,789.4,1733.8,3223,41.201
6.48,-0.36316,-1.8675,1.4775,-0.25124,-0.74261,0,0.62081,-1.601,6.3949,-2.7047,0.33985,6.969,2.4138,-37.426,12.662,-19.109,0,0,0,6.0021,6.1013,6.1589,6.0916,19.227,75.401,278.42,1079.8,1411.4,2817.7,40.59
6.49,-0.38103,-1.8029,1.4495,-0.25956,-0.71577,0,0.6483,-1.9741,6.5255,-2.8814,0.3685,7.847,2.7348,-37.174,13.481,-16.192,0,0,0,5.9339,6.0344,6.0547,6.0101,31.554,87.776,304.36,1387.6,1059.4,2364,40.055
6.5,-0.40263,-1.737,1.4199,-0.26815,-0.68473,0,0.67767,-2.344,6.6648,-3.0277,0.46485,8.5911,2.9297,-36.784,14.405,-13.038,0,0,0,5.8843,5.9808,5.9688,5.9477,46.998,96.521,325.57,1701.4,686.93,1871.6,39.636
6.51,-0.4279,-1.6696,1.3891,-0.27624,-0.64985,0,0.70809,-2.7092,6.8138,-3.1415,0.61346,9.1738,3.0159,-36.224,15.398,-9.6971,0,0,0,5.857,5.9445,5.9068,5.9083,65.565,101.48,341.7,2010.2,303.35,1350.7,39.361
6.52,-0.45679,-1.6007,1.3572,-0.28323,-0.61164,0,0.7387,-3.0678,6.9729,-3.2212,0.7949,9.5819,3.0157,-35.463,16.422,-6.2214,0,0,0,5.853,5.9278,5.8723,5.8936,87.147,102.58,352.52,2302.6,-82.074,811.17,39.245
6.53,-0.48923,-1.5301,1.3247,-0.28871,-0.57075,0,0.7687,-3.4177,7.1422,-3.2657,0.98989,9.8209,2.9536,-34.472,17.437,-2.6648,0,0,0,5.8712,5.9316,5.8659,5.9026,111.52,99.861,357.9,2567.3,-460.08,262.96,39.285
6.54,-0.52511,-1.4578,1.292,-0.29243,-0.52784,0,0.79741,-3.7564,7.3215,-3.2744,1.1831,9.9145,2.8528,-33.224,18.407,0.91822,0,0,0,5.9079,5.9549,5.8851,5.9324,138.36,93.436,357.79,2793.2,-821.38,-283.95,39.467
6.55,-0.56431,-1.3836,1.2594,-0.29433,-0.48353,0,0.82436,-4.0812,7.5101,-3.2474,1.3654,9.8998,2.7337,-31.698,19.294,4.4729,0,0,0,5.9582,5.9946,5.9253,5.9782,167.22,83.52,352.26,2969,-1156.7,-819.6,39.761
6.56,-0.60668,-1.3076,1.2272,-0.29442,-0.43832,0,0.84923,-4.3894,7.707,-3.1852,1.534,9.819,2.6124,-29.875,20.066,7.9458,0,0,0,6.0167,6.0459,5.9801,6.0345,197.54,70.419,341.47,3083.4,-1456.8,-1334,40.129
6.57,-0.65203,-1.2295,1.1958,-0.29278,-0.39254,0,0.87189,-4.6777,7.9109,-3.089,1.6909,9.712,2.5001,-27.744,20.693,11.286,0,0,0,6.0776,6.1036,6.0424,6.0955,228.65,54.533,325.68,3125.2,-1712.3,-1817.3,40.532
6.58,-0.70015,-1.1493,1.1655,-0.28952,-0.34636,0,0.89231,-4.9432,8.1203,-2.9601,1.8411,9.611,2.4037,-25.302,21.149,14.444,0,0,0,6.1363,6.1621,6.1059,6.1559,259.76,36.352,305.26,3083.2,-1914.1,-2259.4,40.934
6.59,-0.75081,-1.0671,1.1367,-0.2847,-0.29982,0,0.91053,-5.1827,8.3333,-2.8008,1.9903,9.5365,2.3265,-22.552,21.415,17.377,0,0,0,6.1892,6.217,6.1651,6.2117,289.99,16.462,280.66,2946.2,-2052.8,-2650.4,41.305
6.6,-0.80371,-0.98266,1.1096,-0.27838,-0.25288,0,0.92658,-5.3933,8.5479,-2.6135,2.1426,9.4964,2.2683,-19.508,21.475,20.045,0,0,0,6.2346,6.2651,6.2167,6.2602,318.36,-4.4805,252.44,2712.1,-2125.1,-2984.4,41.628
6.61,-0.85857,-0.89611,1.0845,-0.27059,-0.20549,0,0.94051,-5.572,8.7621,-2.4009,2.3003,9.4884,2.2273,-16.194,21.324,22.415,0,0,0,6.272,6.3051,6.2593,6.3006,343.95,-25.839,221.16,2393.2,-2137.2,-3261.8,41.895
6.62,-0.91504,-0.80743,1.0616,-0.26132,-0.15761,0,0.9523,-5.7163,8.9737,-2.1663,2.4635,9.5032,2.2001,-12.641,20.959,24.46,0,0,0,6.3025,6.337,6.2931,6.3335,365.99,-47.046,187.39,2003.5,-2095.9,-3483.6,42.11
6.63,-0.97277,-0.71665,1.0412,-0.2506,-0.10926,0,0.96191,-5.8241,9.1806,-1.9129,2.6302,9.5273,2.1833,-8.888,20.385,26.157,0,0,0,6.3278,6.3623,6.3198,6.3604,383.83,-67.603,151.67,1556.6,-2008.4,-3650.8,42.284
6.64,-1.0314,-0.62384,1.0234,-0.23842,-0.060543,0,0.96927,-5.8936,9.3807,-1.6443,2.7968,9.5451,2.1732,-4.9798,19.61,27.489,0,0,0,6.3503,6.3829,6.3415,6.3833,396.98,-87.083,114.55,1066.5,-1881.6,-3764.5,42.43
6.65,-1.0905,-0.52907,1.0084,-0.22482,-0.011637,0,0.97433,-5.9234,9.5721,-1.3644,2.9583,9.5415,2.1663,-0.96527,18.648,28.445,0,0,0,6.3724,6.4013,6.3609,6.4048,405.06,-105.13,76.558,546.96,-1722.6,-3825.7,42.566
6.66,-1.1497,-0.43243,0.99618,-0.20987,0.037195,0,0.97702,-5.9127,9.7531,-1.0767,3.1094,9.5036,2.1598,3.1038,17.514,29.019,0,0,0,6.3962,6.4198,6.3806,6.4268,407.87,-121.45,38.21,11.79,-1538.2,-3835.4,42.706
6.67,-1.2086,-0.33404,0.98686,-0.19368,0.085634,0,0.97732,-5.8613,9.9219,-0.78527,3.2453,9.4226,2.1516,7.1741,16.226,29.21,0,0,0,6.4228,6.4401,6.4023,6.4509,405.29,-135.83,0.018777,-525.19,-1335.7,-3794.6,42.86
6.68,-1.2668,-0.23404,0.98047,-0.17636,0.13333,0,0.97525,-5.7694,10.077,-0.4938,3.3622,9.2946,2.1405,11.192,14.804,29.021,0,0,0,6.4528,6.4633,6.4272,6.4778,397.4,-148.13,-37.518,-1050.1,-1121.8,-3704.5,43.035
6.69,-1.3239,-0.13255,0.97697,-0.15809,0.17994,0,0.97089,-5.6378,10.218,-0.20608,3.4588,9.1213,2.1263,15.105,13.27,28.463,0,0,0,6.4856,6.4895,6.4554,6.5075,384.38,-158.25,-73.91,-1549.3,-903.75,-3566,43.23
6.7,-1.3794,-0.029737,0.97632,-0.13901,0.22516,0,0.96436,-5.4678,10.342,0.074271,3.5359,8.9089,2.1098,18.863,11.646,27.548,0,0,0,6.5198,6.5181,6.486,6.539,366.55,-166.21,-108.68,-2008.8,-688.43,-3380.1,43.438
6.71,-1.4331,0.07424,0.97842,-0.11929,0.26872,0,0.9558,-5.2612,10.45,0.34377,3.597,8.6667,2.0929,22.422,9.9531,26.296,0,0,0,6.5534,6.5474,6.5176,6.5708,344.38,-172.06,-141.36,-2414.8,-482.87,-3148,43.649
6.72,-1.4846,0.17921,0.98315,-0.099043,0.31044,0,0.94542,-5.0202,10.541,0.59915,3.6476,8.4056,2.0783,25.739,8.2117,24.73,0,0,0,6.5842,6.5756,6.548,6.6011,318.48,-175.92,-171.49,-2753.5,-294.08,-2870.5,43.848
6.73,-1.5334,0.285,0.99035,-0.078371,0.35022,0,0.93338,-4.7473,10.614,0.83741,3.6951,8.136,2.0696,28.781,6.4406,22.877,0,0,0,6.6102,6.6006,6.575,6.628,289.58,-178.02,-198.62,-3011.1,-129.06,-2548.8,44.023
6.74,-1.5794,0.39144,0.99983,-0.057311,0.38799,0,0.91988,-4.4456,10.67,1.0558,3.7474,7.8656,2.0706,31.523,4.6564,20.769,0,0,0,6.6296,6.6204,6.5969,6.6501,258.57,-178.6,-222.32,-3176.3,6.2205,-2184.6,44.162
6.75,-1.6222,0.49834,1.0114,-0.035856,0.42376,0,0.90507,-4.1179,10.708,1.2521,3.8115,7.5973,2.0855,33.948,2.8725,18.443,0,0,0,6.6421,6.6339,6.6123,6.6666,226.35,-177.99,-242.19,-3253.1,112.34,-1784.8,44.258
6.76,-1.6617,0.60553,1.0248,-0.013956,0.4575,0,0.8891,-3.7677,10.727,1.4241,3.8917,7.3284,2.1176,36.049,1.0997,15.939,0,0,0,6.648,6.6406,6.6212,6.6775,193.77,-176.44,-257.93,-3251.6,192.38,-1358.3,44.312
6.77,-1.6975,0.71283,1.0398,0.0084597,0.48919,0,0.87213,-3.398,10.73,1.5704,3.9891,7.0513,2.1691,37.825,-0.65411,13.299,0,0,0,6.6486,6.641,6.6241,6.6834,161.54,-174.22,-269.3,-3182,249.46,-913.63,44.329
6.78,-1.7296,0.82007,1.0561,0.031472,0.51878,0,0.85433,-3.0122,10.714,1.6898,4.1018,6.7553,2.2419,39.283,-2.3831,10.568,0,0,0,6.6455,6.6364,6.6225,6.6856,130.32,-171.52,-276.17,-3054.4,286.67,-459.72,44.317
6.79,-1.7577,0.92706,1.0735,0.055156,0.54616,0,0.83586,-2.6134,10.682,1.7816,4.2253,6.4285,2.3367,40.436,-4.0836,7.7907,0,0,0,6.6407,6.6284,6.618,6.6858,100.62,-168.54,-278.49,-2878.8,307.12,-5.3053,44.288
6.8,-1.7818,1.0337,1.0917,0.079566,0.57117,0,0.81696,-2.2045,10.633,1.8456,4.3526,6.0591,2.453,41.302,-5.7535,5.013,0,0,0,6.6365,6.6189,6.6128,6.6854,72.868,-165.43,-276.3,-2665.4,313.91,440.84,44.256
6.81,-1.8018,1.1397,1.1103,0.10473,0.59364,0,0.79788,-1.7882,10.567,1.882,4.4747,5.637,2.5893,41.901,-7.3921,2.2792,0,0,0,6.6346,6.6098,6.6087,6.6859,47.401,-162.3,-269.73,-2424.2,310.13,869.94,44.232
6.82,-1.8176,1.2449,1.1292,0.13063,0.61337,0,0.77892,-1.3672,10.485,1.8915,4.5811,5.1556,2.7428,42.258,-8.9997,-0.36774,0,0,0,6.6366,6.6028,6.6073,6.6884,24.442,-159.25,-258.99,-2165.4,298.89,1273.2,44.225
6.83,-1.8291,1.3493,1.1481,0.15721,0.63015,0,0.76039,-0.94379,10.387,1.8751,4.661,4.6125,2.9091,42.399,-10.577,-2.8877,0,0,0,6.6433,6.5992,6.6098,6.6934,4.1177,-156.33,-244.38,-1899.1,283.3,1641.9,44.243
6.84,-1.8364,1.4526,1.1666,0.18436,0.64382,0,0.74264,-0.5199,10.274,1.8343,4.704,4.0106,3.0824,42.35,-12.127,-5.2438,0,0,0,6.6551,6.5999,6.6167,6.7008,-13.548,-153.59,-226.3,-1635.3,266.45,1967.3,44.287
6.85,-1.8395,1.5547,1.1847,0.21193,0.65422,0,0.72601,-0.097338,10.145,1.7708,4.701,3.3578,3.2559,42.137,-13.65,-7.4036,0,0,0,6.6713,6.605,6.6278,6.7104,-28.631,-151,-205.21,-1384.3,251.44,2240.4,44.358
6.86,-1.8384,1.6555,1.202,0.23972,0.66128,0,0.71081,0.32238,10.001,1.6869,4.6455,2.6667,3.4224,41.785,-15.147,-9.3399,0,0,0,6.6911,6.6141,6.6426,6.7212,-41.31,-148.54,-181.69,-1156,241.38,2452.7,44.448
6.87,-1.8331,1.7547,1.2183,0.2675,0.66497,0,0.69732,0.73798,9.8419,1.5849,4.5344,1.9537,3.5747,41.318,-16.621,-11.031,0,0,0,6.7128,6.6266,6.6598,6.7321,-51.854,-146.15,-156.38,-957.96,238.54,2598.3,44.552
6.88,-1.8237,1.8523,1.2336,0.29502,0.66537,0,0.68575,1.1484,9.6684,1.4672,4.3681,1.236,3.7065,40.754,-18.07,-12.464,0,0,0,6.7347,6.641,6.678,6.7421,-60.568,-143.75,-129.93,-789.54,242.59,2680.9,44.66
6.89,-1.8102,1.948,1.2476,0.32203,0.66256,0,0.67625,1.5528,9.4806,1.3365,4.1491,0.52968,3.8129,40.111,-19.495,-13.628,0,0,0,6.7552,6.656,6.6957,6.7502,-67.736,-141.27,-102.96,-648.51,252.71,2705.7,44.762
6.9,-1.7926,2.0418,1.2603,0.34826,0.65673,0,0.6689,1.9504,9.2786,1.1955,3.8823,-0.15121,3.8904,39.404,-20.895,-14.523,0,0,0,6.7729,6.6701,6.7115,6.7554,-73.622,-138.67,-75.996,-532.64,268.1,2678.2,44.85
6.91,-1.7712,2.1335,1.2715,0.37346,0.64808,0,0.66372,2.3407,9.0627,1.0469,3.5739,-0.79504,3.9371,38.642,-22.268,-15.15,0,0,0,6.7869,6.6825,6.7244,6.7573,-78.465,-135.9,-49.549,-439.71,287.93,2603.8,44.918
6.92,-1.7458,2.223,1.2812,0.39742,0.63683,0,0.66068,2.7231,8.8333,0.89336,3.2316,-1.3924,3.9525,37.837,-23.613,-15.517,0,0,0,6.7965,6.6924,6.734,6.7558,-82.485,-132.9,-24.058,-367.5,311.38,2487.8,44.965
6.93,-1.7167,2.3102,1.2894,0.41992,0.62326,0,0.65971,3.0973,8.5906,0.73739,2.8638,-1.9361,3.938,36.995,-24.926,-15.636,0,0,0,6.8015,6.6997,6.7401,6.7512,-85.877,-129.66,0.087076,-313.79,337.64,2335.7,44.988
6.94,-1.6839,2.3948,1.296,0.44081,0.60761,0,0.66068,3.4629,8.3349,0.58142,2.4797,-2.4209,3.8958,36.121,-26.205,-15.521,0,0,0,6.8023,6.7044,6.7429,6.7442,-88.815,-126.14,22.553,-276.35,365.89,2152.8,44.99
6.95,-1.6475,2.4768,1.301,0.45994,0.59018,0,0.66343,3.8196,8.0666,0.42769,2.0889,-2.8433,3.8295,35.22,-27.448,-15.191,0,0,0,6.7995,6.7071,6.7431,6.7355,-91.451,-122.34,43.059,-252.96,395.31,1944.5,44.975
6.96,-1.6076,2.5561,1.3045,0.47725,0.57123,0,0.66778,4.1672,7.7861,0.27825,1.701,-3.2018,3.7433,34.293,-28.651,-14.667,0,0,0,6.7939,6.7085,6.7413,6.7261,-93.914,-118.24,61.377,-241.4,425.08,1716.2,44.95
6.97,-1.5642,2.6325,1.3066,0.49268,0.55102,0,0.67353,4.5054,7.4937,0.13492,1.3255,-3.496,3.6418,33.341,-29.811,-13.972,0,0,0,6.7865,6.7092,6.7385,6.7172,-96.311,-113.84,77.335,-239.46,454.39,1473.4,44.919
6.98,-1.5175,2.7059,1.3073,0.50625,0.52982,0,0.68044,4.834,7.19,-0.0006907,0.97127,-3.7277,3.5297,32.366,-30.926,-13.129,0,0,0,6.7785,6.71,6.7356,6.7096,-98.727,-109.15,90.813,-244.9,482.42,1221.2,44.889
6.99,-1.4675,2.7763,1.3066,0.51802,0.50787,0,0.68828,5.1527,6.8754,-0.12724,0.64603,-3.8997,3.4117,31.367,-31.993,-12.164,0,0,0,6.7707,6.7117,6.7334,6.7041,-101.23,-104.2,101.75,-255.5,508.36,965.25,44.867
7,-1.4145,2.8434,1.3048,0.52806,0.48538,0,0.69682,5.4612,6.5503,-0.24364,0.35621,-4.0165,3.2919,30.341,-33.01,-11.102,0,0,0,6.7642,6.7147,6.7324,6.7014,-103.85,-98.996,110.12,-269.05,531.38,710.81,44.854
7.01,-1.3584,2.9072,1.3018,0.53652,0.46256,0,0.70582,5.7594,6.2154,-0.34905,0.10647,-4.0836,3.1739,29.289,-33.973,-9.9696,0,0,0,6.7594,6.7193,6.7331,6.7016,-106.61,-93.583,115.99,-283.32,550.66,463.3,44.856
7.02,-1.2993,2.9677,1.2978,0.54355,0.43958,0,0.71507,6.0469,5.871,-0.44288,-0.10046,-4.1078,3.0607,28.209,-34.881,-8.7906,0,0,0,6.7568,6.7255,6.7357,6.7048,-109.51,-87.998,119.43,-296.09,565.39,228.09,44.871
7.03,-1.2375,3.0246,1.293,0.54932,0.41659,0,0.72436,6.3235,5.5179,-0.52479,-0.26398,-4.0961,2.9545,27.099,-35.732,-7.5886,0,0,0,6.7564,6.7333,6.74,6.7106,-112.52,-82.293,120.61,-305.13,574.76,10.584,44.9
7.04,-1.1729,3.078,1.2874,0.55401,0.39372,0,0.73353,6.5888,5.1566,-0.59465,-0.38555,-4.0562,2.8565,25.958,-36.526,-6.3854,0,0,0,6.7582,6.7421,6.7459,6.7185,-115.59,-76.524,119.72,-308.23,577.94,-183.84,44.941
7.05,-1.1057,3.1277,1.2811,0.5578,0.37104,0,0.74242,6.8425,4.7876,-0.65256,-0.46853,-3.9952,2.7675,24.787,-37.263,-5.2003,0,0,0,6.7617,6.7516,6.7529,6.7279,-118.66,-70.757,117.02,-303.73,574.41,-351.07,44.99
7.06,-1.0361,3.1737,1.2744,0.56085,0.34864,0,0.75093,7.0844,4.4115,-0.69877,-0.51736,-3.9199,2.6875,23.585,-37.942,-4.0501,0,0,0,6.7666,6.7612,6.7605,6.7382,-121.64,-65.056,112.79,-292.07,564.74,-491.57,45.044
7.07,-0.96407,3.216,1.2672,0.56333,0.32654,0,0.75897,7.3141,4.029,-0.73372,-0.53669,-3.8357,2.6161,22.355,-38.564,-2.9488,0,0,0,6.7722,6.7706,6.7683,6.7485,-124.48,-59.48,107.27,-274.16,549.71,-606.87,45.099
7.08,-0.88983,3.2543,1.2597,0.56536,0.30479,0,0.76646,7.5314,3.6404,-0.75795,-0.53117,-3.7471,2.5527,21.096,-39.132,-1.908,0,0,0,6.778,6.7793,6.7757,6.7585,-127.11,-54.077,100.73,-250.9,530.14,-698.52,45.153
7.09,-0.81348,3.2887,1.2521,0.56707,0.28339,0,0.77338,7.736,3.2465,-0.77211,-0.50532,-3.6577,2.4968,19.813,-39.647,-0.93691,0,0,0,6.7834,6.7869,6.7824,6.7676,-129.48,-48.889,93.377,-223.21,506.83,-768.04,45.2
7.1,-0.73515,3.3192,1.2443,0.56856,0.26235,0,0.77969,7.9276,2.8477,-0.77694,-0.46341,-3.5701,2.4474,18.508,-40.111,-0.042441,0,0,0,6.7882,6.793,6.788,6.7753,-131.56,-43.95,85.436,-192,480.58,-816.96,45.241
7.11,-0.65497,3.3457,1.2365,0.56991,0.24164,0,0.78538,8.1061,2.4444,-0.77323,-0.40945,-3.4863,2.4038,17.183,-40.526,0.77049,0,0,0,6.7919,6.7976,6.7921,6.7814,-133.31,-39.285,77.102,-158.17,452.2,-846.82,45.272
7.12,-0.57308,3.3681,1.2289,0.57117,0.22126,0,0.79045,8.2712,2.0373,-0.76182,-0.34713,-3.4075,2.365,15.843,-40.897,1.4989,0,0,0,6.7943,6.8004,6.7948,6.7857,-134.72,-34.911,68.558,-122.63,422.48,-859.15,45.292
7.13,-0.48959,3.3864,1.2213,0.57241,0.20119,0,0.7949,8.4229,1.6266,-0.74354,-0.27982,-3.3344,2.3303,14.49,-41.226,2.1415,0,0,0,6.7955,6.8015,6.796,6.7882,-135.76,-30.837,59.972,-86.306,392.24,-855.47,45.302
7.14,-0.40466,3.4006,1.214,0.57364,0.18141,0,0.79876,8.561,1.2129,-0.71927,-0.21062,-3.2674,2.2987,13.129,-41.515,2.6987,0,0,0,6.7953,6.8009,6.7957,6.7889,-136.44,-27.065,51.497,-50.09,362.27,-837.33,45.302
7.15,-0.31842,3.4107,1.207,0.5749,0.1619,0,0.80205,8.6854,0.79646,-0.68985,-0.14234,-3.2064,2.2696,11.762,-41.768,3.1723,0,0,0,6.794,6.799,6.7942,6.7881,-136.77,-23.588,43.269,-14.899,333.38,-806.24,45.292
7.16,-0.231,3.4165,1.2002,0.57618,0.14264,0,0.80478,8.7962,0.37766,-0.65609,-0.077509,-3.1511,2.2423,10.394,-41.988,3.5653,0,0,0,6.7917,6.7958,6.7915,6.7858,-136.75,-20.391,35.41,18.359,306.37,-763.75,45.275
7.17,-0.14254,3.4182,1.1939,0.57747,0.12361,0,0.807,8.8933,-0.043188,-0.6188,-0.018439,-3.1009,2.2161,9.0284,-42.177,3.882,0,0,0,6.7888,6.7918,6.7882,6.7826,-136.41,-17.451,28.026,48.773,282.05,-711.39,45.252
7.18,-0.053179,3.4157,1.1879,0.57876,0.10481,0,0.80873,8.9768,-0.46578,-0.57869,0.032804,-3.0554,2.1908,7.6672,-42.337,4.1277,0,0,0,6.7854,6.7872,6.7845,6.7786,-135.79,-14.738,21.21,75.436,261.21,-650.69,45.226
7.19,0.03695,3.4089,1.1823,0.58002,0.08622,0,0.81003,9.0467,-0.88985,-0.53646,0.074373,-3.0141,2.1661,6.3135,-42.472,4.3084,0,0,0,6.7819,6.7824,6.7807,6.7744,-134.92,-12.213,15.035,97.436,244.67,-583.17,45.199
7.2,0.12771,3.3979,1.1771,0.58122,0.06783,0,0.81092,9.1031,-1.3151,-0.49272,0.10464,-2.9763,2.142,4.9695,-42.582,4.4308,0,0,0,6.7787,6.7778,6.7773,6.7703,-133.86,-9.828,9.5638,113.86,233.22,-510.38,45.173
7.21,0.21897,3.3826,1.1724,0.58231,0.049632,0,0.81145,9.1461,-1.7414,-0.44801,0.12219,-2.942,2.1187,3.6368,-42.669,4.5022,0,0,0,6.776,6.7736,6.7744,6.7665,-132.66,-7.5289,4.8403,123.81,227.66,-433.84,45.151
7.22,0.31059,3.363,1.1682,0.58324,0.031617,0,0.81168,9.1759,-2.1684,-0.40282,0.12581,-2.911,2.0966,2.3165,-42.733,4.5302,0,0,0,6.774,6.7699,6.7724,6.7635,-131.4,-5.2524,0.89451,126.37,228.81,-355.08,45.133
7.23,0.40244,3.3392,1.1644,0.58397,0.013771,0,0.81166,9.1925,-2.596,-0.35753,0.11449,-2.8835,2.0766,1.0087,-42.774,4.5227,0,0,0,6.7729,6.7671,6.7714,6.7615,-130.16,-2.9277,-2.259,120.62,237.46,-275.64,45.121
7.24,0.4944,3.3111,1.161,0.58444,-0.0039212,0,0.81143,9.1961,-3.0238,-0.31246,0.08738,-2.8603,2.0597,-0.2871,-42.791,4.4876,0,0,0,6.7727,6.765,6.7716,6.7605,-129.02,-0.47552,-4.6211,105.67,254.42,-197.05,45.116
7.25,0.58632,3.2787,1.1581,0.58458,-0.021485,0,0.81105,9.1868,-3.4517,-0.26784,0.04379,-2.8423,2.0474,-1.5724,-42.783,4.4329,0,0,0,6.7734,6.7636,6.7729,6.7606,-128.08,2.1911,-6.2079,80.593,280.48,-120.84,45.117
7.26,0.67809,3.2421,1.1557,0.58433,-0.038956,0,0.81058,9.1647,-3.8794,-0.22384,-0.016883,-2.8308,2.0415,-2.8498,-42.746,4.366,0,0,0,6.7749,6.7629,6.7752,6.7617,-127.44,5.1659,-7.05,45.371,316.01,-48.217,45.124
7.27,0.76957,3.2012,1.1536,0.58362,-0.056377,0,0.81006,9.1298,-4.3065,-0.18054,-0.095237,-2.8273,2.0436,-4.1226,-42.678,4.2942,0,0,0,6.7769,6.7625,6.7783,6.7637,-127.2,8.5404,-7.1857,2.0692,360.28,20.358,45.136
7.28,0.86064,3.156,1.1521,0.58238,-0.073805,0,0.80956,9.0822,-4.7328,-0.13795,-0.1919,-2.8327,2.0553,-5.3953,-42.574,4.2245,0,0,0,6.7794,6.7624,6.782,6.7661,-127.42,12.398,-6.6574,-46.935,412.4,84.55,45.15
7.29,0.95117,3.1065,1.1509,0.58053,-0.091301,0,0.80911,9.0219,-5.1579,-0.09602,-0.30751,-2.8476,2.0778,-6.6728,-42.428,4.1631,0,0,0,6.7818,6.7622,6.7859,6.7687,-128.15,16.812,-5.5105,-99.264,471.5,144.02,45.164
7.3,1.041,3.0528,1.1501,0.57797,-0.10893,0,0.80876,8.9487,-5.5812,-0.054638,-0.44269,-2.8722,2.1122,-7.9601,-42.235,4.1161,0,0,0,6.7841,6.7617,6.7898,6.7711,-129.41,21.848,-3.7939,-152.54,536.68,198.43,45.178
7.31,1.1301,2.9949,1.1498,0.57461,-0.12676,0,0.80855,8.8626,-6.0024,-0.013631,-0.59804,-2.906,2.159,-9.2627,-41.989,4.089,0,0,0,6.7858,6.7607,6.7934,6.7729,-131.2,27.563,-1.56,-204.38,607.08,247.43,45.188
7.32,1.2182,2.9328,1.1499,0.57036,-0.14485,0,0.80852,8.7634,-6.4208,0.027224,-0.7741,-2.9481,2.2184,-10.586,-41.682,4.0865,0,0,0,6.7868,6.759,6.7964,6.7738,-133.49,34.004,1.1356,-252.42,681.8,290.7,45.193
7.33,1.3053,2.8665,1.1503,0.5651,-0.16327,0,0.8087,8.6508,-6.8358,0.068196,-0.97132,-2.9971,2.2904,-11.934,-41.306,4.113,0,0,0,6.7868,6.7565,6.7987,6.7737,-136.23,41.21,4.2338,-294.27,759.97,327.89,45.193
7.34,1.3912,2.7961,1.1512,0.55873,-0.18205,0,0.80913,8.5246,-7.2467,0.10959,-1.19,-3.0509,2.3745,-13.312,-40.855,4.1723,0,0,0,6.7858,6.7531,6.8,6.7723,-139.34,49.212,7.672,-327.55,840.69,358.65,45.185
7.35,1.4758,2.7216,1.1525,0.55111,-0.20123,0,0.80981,8.3845,-7.6526,0.15176,-1.4301,-3.1068,2.4697,-14.722,-40.319,4.2674,0,0,0,6.7837,6.7491,6.8005,6.7696,-142.74,58.03,11.384,-349.89,923.1,382.67,45.171
7.36,1.5589,2.643,1.1543,0.54213,-0.22082,0,0.81076,8.2301,-8.0528,0.19507,-1.6915,-3.1617,2.5748,-16.167,-39.691,4.4007,0,0,0,6.7806,6.7444,6.8,6.7656,-146.3,67.676,15.302,-358.91,1006.3,399.58,45.151
7.37,1.6403,2.5605,1.1564,0.53167,-0.24081,0,0.812,8.0611,-8.4461,0.23991,-1.9735,-3.2117,2.6882,-17.648,-38.963,4.5739,0,0,0,6.7767,6.7395,6.7989,6.7605,-149.87,78.156,19.351,-352.23,1089.4,409.06,45.126
7.38,1.72,2.4741,1.1591,0.5196,-0.26117,0,0.81352,7.877,-8.8317,0.28668,-2.2748,-3.2525,2.8077,-19.164,-38.126,4.7879,0,0,0,6.7722,6.7347,6.7973,6.7545,-153.28,89.462,23.457,-327.47,1171.6,410.76,45.098
7.39,1.7978,2.3839,1.1622,0.50579,-0.28183,0,0.81532,7.6777,-9.2082,0.3358,-2.5937,-3.2797,2.9312,-20.712,-37.171,5.0429,0,0,0,6.7675,6.7303,6.7954,6.748,-156.35,101.58,27.539,-282.26,1251.9,404.34,45.069
7.4,1.8735,2.29,1.1658,0.49015,-0.3027,0,0.81739,7.4627,-9.5747,0.38767,-2.9277,-3.2885,3.0562,-22.289,-36.091,5.3383,0,0,0,6.7628,6.7269,6.7938,6.7414,-158.85,114.49,31.516,-214.21,1329.4,389.48,45.042
7.41,1.947,2.1925,1.1699,0.47258,-0.32365,0,0.81971,7.2318,-9.9296,0.4427,-3.2736,-3.2739,3.18,-23.886,-34.879,5.6726,0,0,0,6.7585,6.7249,6.7926,6.7352,-160.55,128.16,35.299,-120.96,1403.4,365.82,45.019
7.42,2.0181,2.0914,1.1747,0.45301,-0.34451,0,0.82225,6.9849,-10.272,0.50125,-3.6276,-3.2315,3.3002,-25.496,-33.526,6.0434,0,0,0,6.755,6.7246,6.7922,6.7299,-161.18,142.54,38.801,-0.11111,1472.9,333.02,45.003
7.43,2.0867,1.9871,1.18,0.43137,-0.3651,0,0.825,6.7219,-10.6,0.56368,-3.9855,-3.1572,3.4146,-27.105,-32.026,6.4474,0,0,0,6.7524,6.7263,6.7927,6.7256,-160.45,157.6,41.928,150.7,1536.9,290.76,44.995
7.44,2.1525,1.8795,1.1859,0.40766,-0.38521,0,0.82791,6.4429,-10.912,0.63029,-4.3429,-3.0476,3.5213,-28.699,-30.372,6.8804,0,0,0,6.7507,6.7297,6.7941,6.7225,-158.05,173.26,44.584,333.85,1594.8,238.68,44.995
7.45,2.2155,1.7689,1.1926,0.38186,-0.40461,0,0.83095,6.148,-11.207,0.70136,-4.6956,-2.9002,3.6191,-30.26,-28.559,7.3371,0,0,0,6.7496,6.7345,6.7963,6.7206,-153.66,189.47,46.668,551.73,1645.4,176.46,45.002
7.46,2.2754,1.6554,1.2,0.35401,-0.42305,0,0.83409,5.8378,-11.482,0.77709,-5.0403,-2.7134,3.708,-31.765,-26.581,7.8115,0,0,0,6.7485,6.7399,6.7987,6.7192,-146.9,206.14,48.078,806.71,1688.1,103.74,45.01
7.47,2.3322,1.5393,1.2082,0.32415,-0.44028,0,0.83731,5.513,-11.738,0.85763,-5.3751,-2.4864,3.789,-33.189,-24.434,8.2961,0,0,0,6.7463,6.7444,6.8002,6.7173,-137.39,223.2,48.707,1099.8,1721.4,20.187,45.014
7.48,2.3856,1.4208,1.2172,0.29234,-0.45607,0,0.84056,5.1744,-11.971,0.94302,-5.6999,-2.2195,3.8645,-34.502,-22.116,8.7826,0,0,0,6.7412,6.7462,6.7997,6.7135,-124.8,240.52,48.444,1421.3,1740.5,-74.67,45.001
7.49,2.4356,1.3,1.227,0.25863,-0.47016,0,0.84384,4.8234,-12.179,1.0333,-6.0169,-1.9143,3.9391,-35.674,-19.624,9.2616,0,0,0,6.7314,6.7429,6.7952,6.7057,-108.92,257.94,47.174,1756.4,1738.8,-181.34,44.959
7.5,2.4821,1.1773,1.2378,0.22305,-0.48233,0,0.84711,4.4616,-12.362,1.1282,-6.3299,-1.5729,4.0183,-36.67,-16.958,9.7224,0,0,0,6.7147,6.7324,6.7848,6.692,-89.682,275.21,44.776,2090,1709.7,-300.32,44.873
7.51,2.5248,1.0528,1.2496,0.18562,-0.49237,0,0.85036,4.0907,-12.518,1.2276,-6.6434,-1.1971,4.1079,-37.456,-14.121,10.153,0,0,0,6.689,6.7124,6.7665,6.6701,-67.175,292.02,41.125,2407.4,1646.7,-432.13,44.73
7.52,2.5638,0.927,1.2624,0.14632,-0.50007,0,0.85354,3.7132,-12.644,1.3311,-6.9617,-0.78801,4.2138,-38.003,-11.12,10.54,0,0,0,6.6524,6.6816,6.7385,6.6383,-41.639,308.01,36.089,2693.4,1543.1,-577.29,44.518
7.53,2.5991,0.80005,1.2762,0.10512,-0.50519,0,0.85658,3.3316,-12.74,1.4382,-7.2878,-0.34604,4.3406,-38.28,-7.9651,10.87,0,0,0,6.604,6.6392,6.6997,6.5955,-13.46,322.73,29.533,2933.3,1392.5,-736.29,44.231
7.54,2.6305,0.67231,1.2912,0.061957,-0.50751,0,0.85941,2.9486,-12.803,1.5483,-7.6213,0.1286,4.4913,-38.265,-4.6714,11.125,0,0,0,6.5433,6.5852,6.6494,6.5414,16.823,335.68,21.316,3112.1,1188.2,-909.64,43.866
7.55,2.6581,0.5441,1.3072,0.016822,-0.50678,0,0.86191,2.5673,-12.833,1.6604,-7.9577,0.63461,4.6666,-37.939,-1.2594,11.29,0,0,0,6.4714,6.5211,6.5877,6.4769,48.527,346.29,11.291,3214.8,923.57,-1097.9,43.428
7.56,2.6818,0.41577,1.3244,-0.030258,-0.50274,0,0.86391,2.1909,-12.828,1.7737,-8.2869,1.1676,4.8634,-37.293,2.2445,11.345,0,0,0,6.3904,6.4492,6.5156,6.404,80.816,353.92,-0.69297,3226.6,592.15,-1301.5,42.932
7.57,2.7019,0.28766,1.3427,-0.079156,-0.49515,0,0.86519,1.8225,-12.788,1.8869,-8.5921,1.7177,5.0744,-36.324,5.8069,11.269,0,0,0,6.3036,6.3727,6.4348,6.3259,112.71,357.89,-14.791,3132.8,187.59,-1520.8,42.395
7.58,2.7183,0.16013,1.3621,-0.12961,-0.48382,0,0.86552,1.4654,-12.712,1.9986,-8.8517,2.267,5.2875,-35.043,9.3875,11.041,0,0,0,6.2155,6.2954,6.3482,6.2464,143.12,357.45,-31.147,2932.5,-284.52,-1751.3,41.843
7.59,2.7313,0.033546,1.3827,-0.18118,-0.46867,0,0.86459,1.1226,-12.6,2.1071,-9.0457,2.7924,5.4886,-33.47,12.939,10.638,0,0,0,6.1307,6.2205,6.2595,6.1691,171.06,352.04,-49.816,2642.3,-803.07,-1981.5,41.3
7.6,2.7408,-0.09175,1.4042,-0.23334,-0.44978,0,0.86212,0.79691,-12.453,2.2107,-9.1614,3.2684,5.6642,-31.633,16.411,10.037,0,0,0,6.053,6.1506,6.1727,6.0972,195.72,341.31,-70.737,2280.3,-1345.9,-2199.7,40.789
7.61,2.7473,-0.21541,1.4268,-0.28543,-0.42739,0,0.85783,0.49073,-12.272,2.3071,-9.1967,3.6699,5.803,-29.569,19.747,9.2167,0,0,0,5.9851,6.0868,6.091,6.0324,216.48,325.12,-93.731,1864.5,-1890.7,-2394.1,40.326
7.62,2.7507,-0.33709,1.4504,-0.33683,-0.4019,0,0.85148,0.20616,-12.059,2.3942,-9.1623,3.977,5.8978,-27.318,22.895,8.1569,0,0,0,5.9279,6.0292,6.0167,5.9748,232.89,303.56,-118.5,1412.7,-2415.4,-2553,39.914
7.63,2.7515,-0.45648,1.4747,-0.38698,-0.37386,0,0.8429,-0.055159,-11.815,2.4694,-9.081,4.1786,5.9462,-24.926,25.802,6.8421,0,0,0,5.8801,5.9763,5.9506,5.9231,244.68,276.95,-144.63,943.08,-2897.7,-2664.6,39.55
7.64,2.7497,-0.5733,1.4997,-0.43549,-0.34388,0,0.83192,-0.29205,-11.544,2.5302,-8.9831,4.2748,5.9509,-22.44,28.419,5.2614,0,0,0,5.8389,5.9262,5.8923,5.8749,251.75,245.82,-171.6,473.51,-3315.6,-2717.1,39.22
7.65,2.7457,-0.68728,1.5252,-0.48214,-0.31257,0,0.81844,-0.50381,-11.248,2.5737,-8.9015,4.2775,5.9194,-19.907,30.705,3.4096,0,0,0,5.8007,5.8764,5.8398,5.8274,254.21,210.93,-198.74,21.998,-3646.7,-2698.7,38.907
7.66,2.7397,-0.79819,1.5511,-0.52686,-0.28049,0,0.80234,-0.69018,-10.931,2.5975,-8.8646,4.2083,5.8624,-17.371,32.628,1.2886,0,0,0,5.7616,5.8251,5.791,5.7783,252.31,173.25,-225.3,-393.48,-3868.9,-2597.7,38.593
7.67,2.732,-0.90584,1.5771,-0.56974,-0.24803,0,0.7835,-0.85135,-10.597,2.5987,-8.8902,4.0959,5.7929,-14.873,34.165,-1.0914,0,0,0,5.7186,5.7717,5.7439,5.7265,246.52,133.99,-250.38,-754.95,-3959.9,-2402.3,38.268
7.68,2.7228,-1.0101,1.603,-0.61093,-0.21544,0,0.76181,-0.98789,-10.249,2.5748,-8.9789,3.9728,5.7253,-12.451,35.307,-3.7108,0,0,0,5.6703,5.7173,5.6979,5.6734,237.45,94.563,-272.99,-1044.4,-3897.7,-2100.7,37.932
7.69,2.7123,-1.1108,1.6285,-0.65049,-0.18278,0,0.73719,-1.1007,-9.8919,2.5237,-9.1085,3.8724,5.6753,-10.133,36.061,-6.5392,0,0,0,5.6178,5.6656,5.6539,5.6228,225.93,56.611,-292.01,-1246.3,-3664,-1683.8,37.6
7.7,2.7008,-1.2079,1.6534,-0.6884,-0.14991,0,0.70967,-1.191,-9.529,2.4435,-9.2307,3.8216,5.657,-7.9379,36.45,-9.5352,0,0,0,5.5655,5.6226,5.6142,5.581,212.81,21.806,-306.32,-1363.7,-3273.3,-1162.7,37.305
7.71,2.6886,-1.3014,1.6773,-0.72435,-0.11663,0,0.6795,-1.2599,-9.1639,2.3326,-9.2767,3.8319,5.6771,-5.879,36.513,-12.647,0,0,0,5.5209,5.5955,5.583,5.5556,198.89,-8.4317,-314.99,-1409.1,-2755.7,-559.1,37.092
7.72,2.6757,-1.3912,1.6999,-0.75784,-0.082683,0,0.64718,-1.309,-8.7997,2.1904,-9.1688,3.8968,5.7346,-3.9605,36.3,-15.814,0,0,0,5.493,5.5914,5.5657,5.5539,184.83,-32.986,-317.29,-1395,-2141.6,105.68,37.007
7.73,2.6624,-1.4774,1.721,-0.78818,-0.04792,0,0.61358,-1.3396,-8.4386,2.0164,-8.8376,3.9934,5.8199,-2.1811,35.875,-18.97,0,0,0,5.4906,5.6152,5.5673,5.5812,171.15,-51.044,-312.74,-1333.9,-1461.5,810.12,37.091
7.74,2.649,-1.56,1.7401,-0.81462,-0.012342,0,0.57987,-1.3531,-8.0827,1.8112,-8.2396,4.0853,5.9145,-0.53487,35.303,-22.045,0,0,0,5.5206,5.6691,5.5919,5.639,158.26,-62.096,-301.03,-1238.3,-745.57,1532.8,37.368
7.75,2.6354,-1.639,1.7571,-0.83651,0.023841,0,0.54744,-1.3507,-7.7328,1.576,-7.3695,4.1301,5.99,0.98775,34.657,-24.966,0,0,0,5.5869,5.7518,5.6406,5.7248,146.46,-65.937,-282.1,-1120.5,-24.271,2252.1,37.84
7.76,2.622,-1.7146,1.7716,-0.85344,0.060189,0,0.5177,-1.3337,-7.3895,1.3127,-6.2605,4.0872,6.0099,2.3984,34.008,-27.663,0,0,0,5.6883,5.8589,5.7118,5.8323,135.89,-62.665,-256.07,-993.23,672.06,2946.8,38.486
7.77,2.6088,-1.7869,1.7833,-0.86532,0.096035,0,0.49194,-1.3031,-7.0524,1.0238,-4.9742,3.9251,5.9331,3.7097,33.426,-30.065,0,0,0,5.8193,5.9836,5.8008,5.9532,126.58,-52.681,-223.31,-868.82,1313.1,3595.1,39.261
7.78,2.596,-1.8557,1.792,-0.87233,0.13053,0,0.47118,-1.2598,-6.7206,0.71256,-3.5837,3.6262,5.7207,4.934,32.974,-32.109,0,0,0,5.97,6.1178,5.9013,6.0786,118.46,-36.689,-184.39,-759.8,1868.4,4175.8,40.113
7.79,2.5836,-1.9213,1.7975,-0.87492,0.16269,0,0.45613,-1.2046,-6.3923,0.38298,-2.1588,3.1884,5.3458,6.0821,32.709,-33.735,0,0,0,6.1284,6.2526,6.0067,6.2009,111.29,-15.7,-140.09,-678.64,2307.6,4667.3,40.981
7.8,2.5719,-1.9836,1.7996,-0.8737,0.19152,0,0.44719,-1.1384,-6.0656,0.039416,-0.75698,2.6241,4.8027,7.162,32.673,-34.896,0,0,0,6.2821,6.3797,6.1115,6.3141,104.75,8.9753,-91.416,-637.82,2600.5,5048.2,41.812
7.81,2.5609,-2.0426,1.7982,-0.86932,0.21611,0,0.44449,-1.0616,-5.738,-0.31326,0.57904,1.9583,4.1114,8.1776,32.895,-35.553,0,0,0,6.4206,6.4922,6.2119,6.4148,98.362,35.721,-39.571,-649.83,2716.6,5296.9,42.566
7.82,2.5507,-2.0983,1.7933,-0.86243,0.23578,0,0.44792,-0.97504,-5.4068,-0.66988,1.8184,1.2249,3.3156,9.1278,33.388,-35.681,0,0,0,6.5367,6.5857,6.3056,6.5012,91.536,62.617,14.011,-727.14,2625.6,5392.1,43.215
7.83,2.5414,-2.1507,1.7848,-0.85351,0.25011,0,0.45714,-0.87931,-5.0694,-1.0251,2.9363,0.46381,2.4725,10.005,34.141,-35.272,0,0,0,6.6277,6.6588,6.3916,6.5728,83.565,87.457,67.695,-879.33,2304.7,5316,43.751
7.84,2.5332,-2.1997,1.7728,-0.84291,0.25902,0,0.4716,-0.77524,-4.7233,-1.3736,3.9144,-0.28532,1.6399,10.793,35.123,-34.333,0,0,0,6.6943,6.7127,6.4688,6.6305,73.736,108.05,119.79,-1095.5,1785.1,5078.4,44.177
7.85,2.526,-2.2451,1.7574,-0.83084,0.26269,0,0.49061,-0.66382,-4.3664,-1.7101,4.7444,-0.98951,0.86458,11.471,36.282,-32.887,0,0,0,6.7402,6.7505,6.5365,6.6755,61.507,122.68,168.8,-1356,1120.6,4700.7,44.504
7.86,2.5199,-2.287,1.7387,-0.81738,0.2615,0,0.51334,-0.54627,-3.9972,-2.0297,5.4246,-1.6261,0.1741,12.014,37.552,-30.972,0,0,0,6.7702,6.7758,6.5941,6.7091,46.534,130.16,213.41,-1641.1,365.62,4204.1,44.749
7.87,2.515,-2.325,1.7169,-0.80254,0.25593,0,0.53891,-0.42409,-3.6152,-2.3281,5.958,-2.1838,-0.42253,12.392,38.859,-28.637,0,0,0,6.7888,6.7917,6.6412,6.7327,28.668,129.87,252.55,-1931.1,-425.81,3610.2,44.924
7.88,2.5114,-2.3592,1.6922,-0.78636,0.24651,0,0.56646,-0.29907,-3.2202,-2.6013,6.3528,-2.6618,-0.93056,12.578,40.123,-25.942,0,0,0,6.7987,6.7999,6.6772,6.747,7.9604,121.7,285.36,-2206.4,-1199.5,2940.3,45.038
7.89,2.5091,-2.3894,1.6649,-0.76887,0.23369,0,0.59517,-0.17327,-2.8131,-2.8459,6.6228,-3.0685,-1.3636,12.543,41.268,-22.953,0,0,0,6.8008,6.8007,6.701,6.7522,-15.344,106.12,311.18,-2447.1,-1901.2,2215.9,45.091
7.9,2.508,-2.4154,1.6354,-0.75016,0.21788,0,0.62433,-0.049028,-2.3955,-3.0596,6.7865,-3.4181,-1.7386,12.264,42.224,-19.743,0,0,0,6.7944,6.7933,6.7112,6.7477,-40.8,84.098,329.57,-2633.5,-2476.9,1458.3,45.078
7.91,2.5081,-2.4373,1.6039,-0.73033,0.19939,0,0.65335,0.071124,-1.9695,-3.2403,6.8648,-3.7275,-2.0717,11.722,42.934,-16.387,0,0,0,6.7781,6.7763,6.7067,6.7324,-67.768,57.179,340.31,-2746.1,-2872.3,688.99,44.989
7.92,2.5094,-2.4548,1.5707,-0.70948,0.17846,0,0.68176,0.18449,-1.5378,-3.3871,6.8765,-4.0124,-2.3755,10.906,43.358,-12.962,0,0,0,6.7505,6.7482,6.6876,6.7057,-95.41,27.432,343.38,-2765.2,-3033.8,-70.7,44.82
7.93,2.5117,-2.468,1.5362,-0.68772,0.15523,0,0.70918,0.28832,-1.1033,-3.4996,6.8334,-4.2823,-2.657,9.8146,43.481,-9.5443,0,0,0,6.7122,6.7092,6.6562,6.668,-122.73,-2.6485,338.99,-2683,-2943.8,-801.02,44.576
7.94,2.5151,-2.4769,1.5008,-0.66519,0.12986,0,0.7353,0.37989,-0.6691,-3.5782,6.7354,-4.5395,-2.9171,8.4556,43.312,-6.206,0,0,0,6.6657,6.6613,6.6167,6.622,-148.78,-30.76,327.51,-2512.5,-2648.7,-1485.1,44.276
7.95,2.5193,-2.4814,1.4648,-0.64206,0.10251,0,0.75977,0.4566,-0.23795,-3.6242,6.5733,-4.7796,-3.1522,6.846,42.879,-3.0158,0,0,0,6.6152,6.6084,6.5745,6.5717,-172.74,-55.115,309.5,-2268.9,-2201.4,-2106.5,43.95
7.96,2.5242,-2.4817,1.4284,-0.61858,0.073392,0,0.78229,0.51606,0.18774,-3.6393,6.3331,-4.9944,-3.3551,5.01,42.226,-0.035562,0,0,0,6.5657,6.5553,6.5351,6.5223,-193.96,-74.456,285.65,-1967.1,-1654.7,-2648.7,43.631
7.97,2.5295,-2.4777,1.3921,-0.59511,0.042793,0,0.80251,0.55615,0.60603,-3.6258,6.0022,-5.1742,-3.5169,2.9777,41.409,2.6806,0,0,0,6.5221,6.507,6.5036,6.4792,-211.94,-88.055,256.84,-1622.3,-1061.6,-3095,43.353
7.98,2.5352,-2.4696,1.356,-0.57207,0.011068,0,0.82013,0.57507,1.0156,-3.5867,5.5742,-5.3103,-3.6289,0.78329,40.485,5.0882,0,0,0,6.4885,6.4682,6.4834,6.447,-226.31,-95.709,224.12,-1249.6,-474.79,-3429.1,43.145
7.99,2.541,-2.4574,1.3204,-0.54996,-0.021377,0,0.83492,0.57139,1.4156,-3.5252,5.0543,-5.3974,-3.6846,-1.5359,39.513,7.154,0,0,0,6.4677,6.4427,6.4766,6.4292,-236.89,-97.748,188.69,-864.08,52.8,-3634.3,43.027
8,2.5466,-2.4413,1.2856,-0.52923,-0.054117,0,0.84675,0.54406,1.8058,-3.4448,4.4622,-5.4338,-3.6814,-3.9416,38.546,8.8576,0,0,0,6.4609,6.4329,6.4832,6.4277,-243.6,-95.027,151.92,-480.77,468.32,-3694.1,43.008
8.01,2.5518,-2.4213,1.2516,-0.51028,-0.086739,0,0.85562,0.4924,2.1866,-3.3492,3.8334,-5.4217,-3.622,-6.3954,37.624,10.193,0,0,0,6.4678,6.44,6.5017,6.4425,-246.56,-88.93,115.35,-114.68,719.61,-3592.5,43.087
8.02,2.5563,-2.3976,1.2186,-0.49333,-0.11888,0,0.86168,0.41612,2.5586,-3.2421,3.2156,-5.365,-3.5152,-8.861,36.773,11.171,0,0,0,6.4868,6.4632,6.5298,6.4718,-245.99,-81.252,80.604,225.22,787.49,-3332.1,43.253
8.03,2.56,-2.3702,1.1868,-0.47836,-0.15022,0,0.86522,0.31526,2.9224,-3.1269,2.6546,-5.2666,-3.3727,-11.304,35.999,11.816,0,0,0,6.5155,6.5,6.5652,6.5123,-242.14,-73.699,49.134,538.45,699.85,-2942.9,43.488
8.04,2.5626,-2.3392,1.1561,-0.4652,-0.1805,0,0.86661,0.19021,3.2788,-3.0068,2.1861,-5.1272,-3.2076,-13.694,35.294,12.168,0,0,0,6.5511,6.5469,6.6056,6.56,-235.3,-67.668,22.068,825.21,488.22,-2456.8,43.773
8.05,2.5637,-2.3046,1.1266,-0.45349,-0.2095,0,0.86629,0.041654,3.6284,-2.8844,1.8347,-4.9462,-3.033,-16.001,34.637,12.275,0,0,0,6.5906,6.6001,6.648,6.6111,-225.73,-64.243,0.21427,1085.7,184.09,-1905.8,44.083
8.06,2.5633,-2.2666,1.0984,-0.44279,-0.23704,0,0.86472,-0.12945,3.9716,-2.7619,1.6144,-4.7228,-2.8609,-18.2,33.997,12.191,0,0,0,6.6309,6.6553,6.6896,6.6617,-213.68,-64.19,-15.937,1320.1,-181.03,-1321.6,44.396
8.07,2.5611,-2.2252,1.0714,-0.43258,-0.26296,0,0.8624,-0.32191,4.3083,-2.641,1.5293,-4.4575,-2.7022,-20.267,33.34,11.976,0,0,0,6.6685,6.7082,6.7269,6.7077,-199.41,-67.962,-26.215,1528.6,-575.64,-736.37,44.685
8.08,2.5568,-2.1805,1.0456,-0.42232,-0.28714,0,0.85977,-0.53429,4.6382,-2.5227,1.5755,-4.152,-2.5656,-22.182,32.625,11.686,0,0,0,6.6997,6.7541,6.7566,6.7453,-183.19,-75.696,-30.767,1711.3,-968.23,-181.89,44.926
8.09,2.5503,-2.1325,1.0209,-0.41149,-0.30947,0,0.85726,-0.76498,4.9605,-2.4073,1.7423,-3.8095,-2.4575,-23.926,31.813,11.378,0,0,0,6.7208,6.7886,6.7753,6.7706,-165.27,-87.215,-30.062,1868.6,-1327.3,309.86,45.092
8.1,2.5415,-2.0813,0.99743,-0.39963,-0.32989,0,0.85526,-1.0122,5.274,-2.295,2.0128,-3.4343,-2.3811,-25.483,30.87,11.1,0,0,0,6.7283,6.8074,6.7798,6.7802,-145.9,-102.03,-24.884,2000.5,-1622,707.75,45.159
8.11,2.53,-2.027,0.97503,-0.3863,-0.34834,0,0.85407,-1.274,5.5773,-2.1851,2.3669,-3.0312,-2.3364,-26.84,29.764,10.892,0,0,0,6.7188,6.8072,6.7675,6.7711,-125.34,-119.39,-16.262,2107.7,-1839,999.59,45.108
8.12,2.5159,-1.9698,0.95372,-0.37117,-0.36479,0,0.85391,-1.5483,5.8687,-2.0768,2.7868,-2.6038,-2.3223,-27.986,28.476,10.783,0,0,0,6.69,6.7861,6.7359,6.7414,-103.83,-138.56,-5.2209,2191.2,-1982.6,1192.9,44.922
8.13,2.499,-1.9097,0.93349,-0.35394,-0.37918,0,0.85496,-1.833,6.1462,-1.9691,3.2592,-2.1534,-2.3369,-28.914,26.99,10.792,0,0,0,6.6402,6.7431,6.684,6.69,-81.594,-158.82,7.2952,2252.1,-2058.3,1296,44.595
8.14,2.4792,-1.8469,0.91434,-0.33436,-0.39144,0,0.85731,-2.1258,6.4078,-1.8606,3.7732,-1.6793,-2.3778,-29.616,25.298,10.931,0,0,0,6.5692,6.6782,6.6116,6.6169,-58.859,-179.52,20.428,2291.3,-2071.4,1317.5,44.127
8.15,2.4565,-1.7816,0.89629,-0.31222,-0.40148,0,0.86101,-2.4245,6.6514,-1.75,4.3195,-1.1797,-2.4419,-30.09,23.4,11.2,0,0,0,6.478,6.5925,6.52,6.5232,-35.837,-200.06,33.401,2309.9,-2027.2,1265.7,43.523
8.16,2.4307,-1.714,0.87935,-0.28731,-0.40917,0,0.86604,-2.7268,6.8751,-1.6361,4.8887,-0.65188,-2.526,-30.333,21.299,11.596,0,0,0,6.3689,6.4883,6.4116,6.411,-12.727,-219.89,45.526,2308.9,-1931,1149.1,42.8
8.17,2.402,-1.6442,0.86358,-0.2595,-0.41432,0,0.87235,-3.0304,7.0768,-1.5177,5.4701,-0.09334,-2.6258,-30.345,19.006,12.106,0,0,0,6.2452,6.3685,6.2897,6.2837,10.28,-238.52,56.195,2289.4,-1788.3,976,41.979
8.18,2.3701,-1.5725,0.84902,-0.22869,-0.41672,0,0.8798,-3.333,7.2546,-1.3937,6.0506,0.4969,-2.7368,-30.128,16.534,12.713,0,0,0,6.1115,6.237,6.1588,6.1455,33.004,-255.52,64.886,2252.4,-1604.4,754.93,41.088
8.19,2.3353,-1.4992,0.83573,-0.19487,-0.41612,0,0.88818,-3.6322,7.4069,-1.2632,6.6138,1.1171,-2.8535,-29.686,13.902,13.396,0,0,0,5.9729,6.0985,6.0238,6.0014,55.274,-270.49,71.161,2199,-1384.6,494.28,40.161
8.2,2.2975,-1.4245,0.82378,-0.15813,-0.41228,0,0.89723,-3.926,7.5322,-1.1256,7.1396,1.7615,-2.9702,-29.025,11.132,14.127,0,0,0,5.8351,5.9577,5.8899,5.8568,76.932,-283.11,74.668,2130.1,-1134.2,202.49,39.232
8.21,2.2568,-1.3486,0.81324,-0.11866,-0.40495,0,0.90661,-4.212,7.6292,-0.98059,7.6059,2.4191,-3.0806,-28.15,8.249,14.879,0,0,0,5.7038,5.8196,5.7624,5.7174,97.828,-293.09,75.135,2046.8,-858.56,-112.04,38.339
8.22,2.2133,-1.272,0.80419,-0.076838,-0.39396,0,0.91591,-4.4883,7.6969,-0.82808,7.9899,3.0738,-3.1788,-27.071,5.2801,15.619,0,0,0,5.5842,5.6891,5.6457,5.5885,117.82,-300.21,72.379,1950.1,-563.08,-440.87,37.513
8.23,2.1671,-1.1948,0.7967,-0.033148,-0.37923,0,0.92471,-4.7528,7.7346,-0.66835,8.2719,3.7054,-3.2595,-25.797,2.2549,16.315,0,0,0,5.4806,5.5706,5.5435,5.4746,136.79,-304.3,66.298,1841.1,-253.08,-775.58,36.782
8.24,2.1183,-1.1174,0.79085,0.011792,-0.36081,0,0.93256,-5.0036,7.7419,-0.50203,8.4391,4.2918,-3.3194,-24.339,-0.79547,16.934,0,0,0,5.3956,5.4675,5.4581,5.3793,154.61,-305.24,56.876,1720.8,66.101,-1107.7,36.167
8.25,2.0671,-1.04,0.78668,0.057294,-0.3389,0,0.93908,-5.239,7.7187,-0.33005,8.489,4.8135,-3.3572,-22.709,-3.8392,17.442,0,0,0,5.3301,5.3825,5.3901,5.3041,171.17,-302.97,44.18,1590.2,389.13,-1428.9,35.678
8.26,2.0136,-0.9631,0.78426,0.10266,-0.31381,0,0.94392,-5.4573,7.6653,-0.15367,8.4305,5.257,-3.3745,-20.92,-6.8441,17.807,0,0,0,5.2833,5.3166,5.3391,5.2489,186.38,-297.46,28.362,1450.4,710.65,-1730.7,35.313
8.27,1.958,-0.88684,0.78362,0.14727,-0.28596,0,0.94686,-5.6569,7.5821,0.02552,8.2832,5.6179,-3.3754,-18.986,-9.7779,17.999,0,0,0,5.2526,5.2693,5.303,5.2117,200.15,-288.78,9.6583,1302.4,1025.3,-2004.7,35.061
8.28,1.9005,-0.81156,0.78477,0.1906,-0.2558,0,0.94776,-5.8366,7.47,0.20565,8.0736,5.9021,-3.366,-16.922,-12.609,17.992,0,0,0,5.2344,5.2384,5.2789,5.189,212.41,-277,-11.611,1147.3,1327.8,-2242.5,34.901
8.29,1.8413,-0.73753,0.78773,0.2323,-0.22374,0,0.94656,-5.995,7.3303,0.38461,7.8306,6.1239,-3.3538,-14.744,-15.308,17.76,0,0,0,5.2247,5.2205,5.2634,5.1764,223.08,-262.28,-35.042,985.96,1612.8,-2435.5,34.808
8.3,1.7807,-0.66504,0.79245,0.27218,-0.19014,0,0.94327,-6.1311,7.1644,0.56004,7.5805,6.304,-3.347,-12.466,-17.846,17.285,0,0,0,5.2193,5.2114,5.2527,5.1691,232.11,-244.82,-60.145,819.55,1874.9,-2575.5,34.754
8.31,1.7188,-0.59433,0.79891,0.31017,-0.15522,0,0.93792,-6.244,6.974,0.72946,7.3435,6.4655,-3.3534,-10.107,-20.196,16.553,0,0,0,5.2144,5.2067,5.2433,5.1625,239.45,-224.88,-86.348,649.08,2108.7,-2654,34.712
8.32,1.6559,-0.52563,0.80701,0.34628,-0.11911,0,0.93054,-6.333,6.7612,0.89023,7.1314,6.6305,-3.3802,-7.683,-22.336,15.557,0,0,0,5.2074,5.2024,5.2325,5.153,245.08,-202.76,-112.99,475.58,2309.1,-2662.5,34.659
8.33,1.5922,-0.45917,0.81667,0.38057,-0.081801,0,0.92113,-6.3975,6.5281,1.0397,6.9464,6.8177,-3.4337,-5.2113,-24.245,14.295,0,0,0,5.1966,5.1956,5.2185,5.1381,248.96,-178.82,-139.34,300.08,2470.5,-2592.7,34.581
8.34,1.528,-0.39513,0.82776,0.41307,-0.043203,0,0.90967,-6.4372,6.2771,1.1753,6.7803,7.0397,-3.5187,-2.7097,-25.908,12.774,0,0,0,5.182,5.1843,5.2011,5.1169,251.08,-153.49,-164.56,123.61,2587.6,-2436.1,34.474
8.35,1.4635,-0.33368,0.84012,0.44374,-0.0031785,0,0.89615,-6.4517,6.0108,1.2944,6.6146,7.3007,-3.6385,-0.19564,-27.312,11.01,0,0,0,5.1653,5.1681,5.1811,5.0903,251.43,-127.23,-187.75,-52.819,2656.1,-2186.3,34.341
8.36,1.3991,-0.27496,0.85359,0.47239,0.038406,0,0.88055,-6.4411,5.7318,1.3947,6.4221,7.594,-3.7938,2.3131,-28.451,9.0287,0,0,0,5.1493,5.1482,5.1609,5.0612,250.02,-100.53,-208,-228.36,2677.2,-1850.9,34.199
8.37,1.3348,-0.21908,0.86795,0.4987,0.081618,0,0.86292,-6.4055,5.4427,1.4743,6.1714,7.9015,-3.9827,4.799,-29.323,6.8627,0,0,0,5.1377,5.1268,5.1436,5.0335,246.87,-73.834,-224.52,-402.24,2655.2,-1443.7,34.069
8.38,1.271,-0.16613,0.883,0.52222,0.12641,0,0.84339,-6.3452,5.1462,1.5315,5.8319,8.195,-4.2001,7.2447,-29.929,4.5528,0,0,0,5.1342,5.1073,5.1326,5.0121,241.99,-47.556,-236.68,-573.7,2594.2,-978.6,33.977
8.39,1.208,-0.11617,0.8985,0.54238,0.17257,0,0.82222,-6.2608,4.845,1.5651,5.3791,8.4394,-4.4381,9.6331,-30.276,2.1454,0,0,0,5.1418,5.093,5.1309,5.0018,235.41,-22.066,-243.95,-741.97,2498.2,-469.44,33.946
8.4,1.1459,-0.069235,0.91422,0.55859,0.21971,0,0.79981,-6.1528,4.5415,1.5743,4.7996,8.5971,-4.6857,11.947,-30.374,-0.30865,0,0,0,5.1622,5.087,5.1404,5.0063,227.16,2.306,-245.97,-906.27,2371.5,69.938,33.993
8.41,1.085,-0.025338,0.9299,0.5703,0.2673,0,0.77673,-6.0222,4.2383,1.5589,4.0951,8.6336,-4.9299,14.171,-30.235,-2.7556,0,0,0,5.1953,5.0917,5.1618,5.0278,217.3,25.274,-242.5,-1065.8,2218,625.7,34.128
8.42,1.0255,0.015538,0.94532,0.57711,0.31465,0,0.75362,-5.8698,3.9375,1.5194,3.2826,8.5234,-5.1566,16.288,-29.874,-5.1399,0,0,0,5.2391,5.1076,5.194,5.0661,205.86,46.59,-233.44,-1219.9,2041.9,1184,34.345
8.43,0.96767,0.053429,0.96021,0.57878,0.36104,0,0.73121,-5.6968,3.6415,1.4565,2.3916,8.253,-5.3517,18.283,-29.309,-7.406,0,0,0,5.2898,5.1337,5.2345,5.1186,192.92,66.05,-218.85,-1367.7,1847.3,1731,34.628
8.44,0.91165,0.08839,0.97437,0.57531,0.40573,0,0.71021,-5.5046,3.352,1.3718,1.4585,7.8217,-5.5028,20.142,-28.56,-9.4991,0,0,0,5.3428,5.167,5.2792,5.1806,178.53,83.489,-198.91,-1508.5,1638.4,2252.9,34.949
8.45,0.85764,0.1205,0.98758,0.56691,0.44803,0,0.69129,-5.2945,3.0708,1.2673,0.52014,7.2391,-5.5996,21.849,-27.647,-11.367,0,0,0,5.3923,5.2026,5.323,5.2457,162.78,98.783,-173.93,-1641.4,1419.2,2735.8,35.273
8.46,0.80581,0.14984,0.99966,0.55397,0.48733,0,0.675,-5.0681,2.7995,1.1454,-0.39148,6.5215,-5.6348,23.393,-26.592,-12.962,0,0,0,5.4326,5.2348,5.3602,5.3066,145.73,111.85,-144.37,-1765.8,1193.9,3165.8,35.557
8.47,0.75632,0.17652,1.0104,0.537,0.52311,0,0.66181,-4.8272,2.5394,1.0091,-1.2518,5.687,-5.604,24.76,-25.417,-14.241,0,0,0,5.4579,5.257,5.3848,5.3562,127.49,122.65,-110.83,-1880.8,966.55,3529.2,35.76
8.48,0.70931,0.20067,1.0198,0.51657,0.55493,0,0.65208,-4.5735,2.2915,0.86173,-2.0448,4.7528,-5.5054,25.939,-24.146,-15.168,0,0,0,5.4632,5.2632,5.391,5.3875,108.15,131.19,-74.053,-1985.7,741.3,3812,35.842
8.49,0.66489,0.2224,1.0277,0.49332,0.58243,0,0.64608,-4.3091,2.0567,0.70699,-2.7618,3.7328,-5.3399,26.92,-22.801,-15.715,0,0,0,5.4442,5.2479,5.3743,5.3952,87.814,137.5,-34.906,-2079.7,522.24,4000.5,35.769
8.5,0.62316,0.24185,1.0339,0.46783,0.60529,0,0.64402,-4.0359,1.8356,0.54877,-3.3994,2.6371,-5.1106,27.692,-21.403,-15.862,0,0,0,5.3981,5.2074,5.331,5.3751,66.594,141.67,5.5967,-2162.1,313.49,4080.8,35.519
8.51,0.58419,0.25916,1.0386,0.44067,0.62323,0,0.64606,-3.756,1.6287,0.39111,-3.9577,1.4728,-4.8224,28.249,-19.974,-15.602,0,0,0,5.3236,5.1397,5.2592,5.3251,44.613,143.82,46.304,-2232.1,119.17,4039.1,35.079
8.52,0.54805,0.27447,1.0418,0.41236,0.63597,0,0.65231,-3.4716,1.4362,0.23807,-4.4374,0.24674,-4.4822,28.582,-18.533,-14.939,0,0,0,5.2208,5.0449,5.1592,5.2448,21.997,144.11,85.926,-2288.8,-56.618,3861.5,34.45
8.53,0.51477,0.28793,1.0434,0.38336,0.64323,0,0.66279,-3.1851,1.258,0.093606,-4.838,-1.0311,-4.0988,28.687,-17.097,-13.892,0,0,0,5.0921,4.9256,5.0331,5.1361,-1.1168,142.76,123.03,-2331.6,-209.75,3534.1,33.645
8.54,0.48435,0.29968,1.0437,0.35406,0.64476,0,0.67744,-2.8986,1.0942,-0.03859,-5.1556,-2.3417,-3.683,28.559,-15.683,-12.492,0,0,0,4.941,4.7866,4.8854,5.0023,-24.586,140.01,156.06,-2359.6,-336.15,3043.4,32.692
8.55,0.45679,0.30986,1.0427,0.3248,0.64035,0,0.69603,-2.6147,0.94429,-0.15523,-5.3825,-3.6518,-3.2478,28.195,-14.301,-10.79,0,0,0,4.7728,4.6344,4.7221,4.8485,-48.253,136.13,183.37,-2370.5,-434.31,2393.3,31.63
8.56,0.43204,0.31861,1.0406,0.2959,0.62988,0,0.71812,-2.3355,0.80801,-0.25359,-5.5104,-4.9172,-2.8072,27.594,-12.963,-8.8488,0,0,0,4.594,4.476,4.5504,4.6809,-71.92,131.41,203.52,-2358.7,-507.44,1620.3,30.502
8.57,0.41005,0.32606,1.0377,0.26764,0.61339,0,0.74305,-2.0636,0.68487,-0.33166,-5.5328,-6.0859,-2.3753,26.757,-11.675,-6.7466,0,0,0,4.4112,4.3178,4.3772,4.5058,-95.333,126.06,215.49,-2318.6,-559.27,763.99,29.353
8.58,0.39074,0.33235,1.0341,0.24031,0.59114,0,0.76994,-1.8012,0.57432,-0.38827,-5.4471,-7.1028,-1.9653,25.689,-10.443,-4.5684,0,0,0,4.23,4.1651,4.2084,4.3291,-118.18,120.28,218.65,-2244.4,-593.51,-135.73,28.221
8.59,0.37399,0.33759,1.03,0.21417,0.56364,0,0.79777,-1.5506,0.47581,-0.42308,-5.2579,-7.9195,-1.5887,24.397,-9.2703,-2.4037,0,0,0,4.0547,4.0201,4.0474,4.1547,-140.09,114.23,212.77,-2130.3,-613.86,-1039.1,27.128
8.6,0.35968,0.3419,1.0257,0.18949,0.53165,0,0.82549,-1.3139,0.38871,-0.43669,-4.979,-8.5063,-1.2541,22.892,-8.1588,-0.34272,0,0,0,3.8873,3.8818,3.8944,3.9846,-160.63,108.04,197.99,-1970.6,-624.04,-1906.5,26.08
8.61,0.34766,0.3454,1.0213,0.16646,0.49613,0,0.85214,-1.0934,0.31242,-0.43057,-4.6338,-8.8629,-0.96656,21.19,-7.1097,1.5283,0,0,0,3.7267,3.7457,3.7462,3.8181,-179.33,101.77,174.89,-1759.6,-627.77,-2698,25.061
8.62,0.33775,0.34818,1.0171,0.14523,0.45806,0,0.87698,-0.89072,0.24631,-0.40702,-4.2523,-9.0213,-0.72708,19.313,-6.1234,3.1305,0,0,0,3.5694,3.6051,3.5968,3.652,-195.63,95.49,144.42,-1491.4,-628.76,-3373.9,24.039
8.63,0.32978,0.35036,1.0132,0.12583,0.41833,0,0.89954,-0.7076,0.18975,-0.36908,-3.8661,-9.0402,-0.53337,17.288,-5.2,4.3965,0,0,0,3.4093,3.4525,3.4391,3.4812,-208.95,89.195,107.93,-1160.4,-630.73,-3894.4,22.97
8.64,0.32353,0.35201,1.0098,0.10818,0.37757,0,0.91964,-0.54535,0.1421,-0.32038,-3.5042,-8.9942,-0.3807,15.146,-4.3397,5.2748,0,0,0,3.2399,3.2809,3.2657,3.2998,-218.61,82.86,67.18,-760.75,-637.37,-4219.8,21.81
8.65,0.3188,0.35323,1.0069,0.092091,0.33606,0,0.93733,-0.40493,0.10274,-0.26499,-3.1896,-8.9618,-0.26309,12.93,-3.5431,5.7331,0,0,0,3.0552,3.0853,3.071,3.1026,-223.91,76.419,24.317,-286.76,-652.42,-4310.3,20.524
8.66,0.31536,0.35409,1.0045,0.077296,0.29372,0,0.95276,-0.28685,0.07102,-0.20715,-2.9382,-9.0152,-0.17441,10.685,-2.812,5.7626,0,0,0,2.8517,2.8639,2.8525,2.8867,-224.08,69.771,-18.11,267.33,-679.59,-4126.1,19.091
8.67,0.31299,0.35467,1.0027,0.063469,0.25011,0,0.96613,-0.19113,0.046274,-0.1511,-2.7582,-9.2087,-0.10908,8.4681,-2.1489,5.3821,0,0,0,2.629,2.6196,2.6122,2.6524,-218.28,62.775,-57.158,907.28,-722.58,-3627.6,17.522
8.68,0.31146,0.35504,1.0015,0.050265,0.2046,0,0.97756,-0.11718,0.027801,-0.10071,-2.6458,-9.5539,-0.0625,6.3425,-1.5582,4.6418,0,0,0,2.3897,2.3623,2.358,2.4036,-205.63,55.254,-89.481,1638.8,-785.11,-2774.8,15.856
8.69,0.31058,0.35524,1.0007,0.037409,0.15666,0,0.98694,-0.063732,0.014847,-0.059187,-2.574,-9.9591,-0.031098,4.3815,-1.0463,3.6273,0,0,0,2.1366,2.1119,2.1067,2.1462,-185.18,46.995,-111.34,2467.7,-870.89,-1528.1,14.169
8.7,0.31013,0.35535,1.0002,0.024871,0.10676,0,0.99397,-0.028727,0.0065849,-0.028671,-2.4664,-10.102,-0.012121,2.6682,-0.62161,2.4636,0,0,0,1.8686,1.903,1.8858,1.8859,-155.93,37.746,-118.6,3399.7,-983.64,152.29,12.572
8.71,0.30995,0.35539,1.0001,0.013213,0.057923,0,0.99823,-0.0092335,0.0020866,-0.0098564,-2.1613,-9.2512,-0.0029529,1.2957,-0.29558,1.3191,0,0,0,1.5801,1.7824,1.7332,1.6273,-116.82,27.22,-106.72,4440.6,-1127.1,2306.2,11.205
8.72,0.3099,0.3554,1,0.0040381,0.018016,0,0.99983,-0.0013306,0.00029703,-0.0015126,-1.4192,-6.2744,-0.00023211,0.36829,-0.082549,0.40945,0,0,0,1.2843,1.7833,1.6793,1.3869,-66.738,15.09,-70.764,5596.1,-1304.9,4973.3,10.223
8.73,0.3099,0.3554,1,1.653e-05,7.4818e-05,0,1,-3.1873e-07,7.0407e-08,-3.8435e-07,-0.10141,-0.45879,-3.1724e-09,0.0014677,-0.00032427,0.0017676,0,0,0,1.0788,1.8637,1.7088,1.2337,-4.5008,0.99482,-5.4071,6871.9,-1520.8,8193.5,9.8084
8.7307,0.3099,0.3554,1,1.4491e-15,-1.8114e-15,0,1,7.7716e-16,-5.5511e-16,-1.7764e-15,-3.217e-13,-1.4955e-12,2.7498e-27,-3.5527e-14,-2.8422e-14,-1.1369e-13,0,0,0,1.0733,1.8687,1.712,1.23,-1.4666e-11,3.1548e-12,-1.7735e-11,6959.2,-1536.3,8423.1,9.8066
