t,p_x,p_y,p_z,q_x,q_y,q_z,q_w,v_x,v_y,v_z,w_x,w_y,w_z,a_lin_x,a_lin_y,a_lin_z,a_rot_x,a_rot_y,a_rot_z,u_1,u_2,u_3,u_4,jerk_x,jerk_y,jerk_z,snap_x,snap_y,snap_z,thrust
0,-2.5,-3.5,1,0,0,0,1,0,0,0,0,0,0,0,0,0,0,0,0,1.4916,1.4503,1.4797,1.4622,0,0,0,-129.58,288.38,0,9.8066
0.01,-2.5,-3.5,1,-0.00072137,-0.00032066,0,1,-2.1121e-05,4.7386e-05,0,-0.2858,-0.12634,5.0395e-07,-0.0062891,0.014148,0,0,0,0,1.4903,1.4517,1.4794,1.4625,-1.239,2.8028,0,-118.29,272.24,0,9.8066
0.02,-2.5,-3.5,1,-0.0028309,-0.0012446,0,1,-0.00016522,0.00037372,0,-0.55532,-0.24136,7.8654e-06,-0.02441,0.055523,0,0,0,0,1.489,1.453,1.4792,1.4629,-2.367,5.446,0,-107.37,256.47,0,9.8068
0.03,-2.5,-3.5,1,-0.0062478,-0.0027159,0,0.99998,-0.00054512,0.0012433,0,-0.80884,-0.34538,3.8833e-05,-0.053272,0.12255,0,0,0,0,1.4879,1.4544,1.479,1.4633,-3.3877,7.9334,0,-96.822,241.08,0,9.8075
0.04,-2.5,-3.5,1,-0.010893,-0.0046805,0,0.99993,-0.0012629,0.0029051,0,-1.0465,-0.43871,0.00011966,-0.091818,0.21368,0,0,0,0,1.4869,1.456,1.4789,1.4639,-4.3047,10.269,0,-86.634,226.06,0,9.8094
0.05,-2.5,-3.4999,1,-0.016686,-0.0070852,0,0.99984,-0.0024104,0.0055924,0,-1.2685,-0.52156,0.00028469,-0.13903,0.32743,0,0,0,0,1.4862,1.4578,1.4792,1.4647,-5.1215,12.456,0,-76.802,211.42,0,9.813
0.06,-2.5001,-3.4999,1,-0.023549,-0.0098779,0,0.99967,-0.0040692,0.0095241,0,-1.4746,-0.59413,0.00057497,-0.19393,0.46232,0,0,0,0,1.4859,1.46,1.4798,1.466,-5.8419,14.498,0,-67.322,197.13,0,9.8194
0.07,-2.5001,-3.4997,1,-0.0314,-0.013007,0,0.99942,-0.0063114,0.014905,0,-1.6646,-0.65656,0.0010368,-0.25556,0.61693,0,0,0,0,1.4861,1.4627,1.4809,1.4679,-6.4691,16.4,0,-58.191,183.21,0,9.8293
0.08,-2.5002,-3.4996,1,-0.040158,-0.016423,0,0.99906,-0.0091997,0.021924,0,-1.8383,-0.70899,0.0017201,-0.32301,0.78986,0,0,0,0,1.4869,1.4661,1.4827,1.4704,-7.0068,18.164,0,-49.401,169.65,0,9.8437
0.09,-2.5003,-3.4993,1,-0.049738,-0.020073,0,0.99856,-0.012788,0.030758,0,-1.9954,-0.75155,0.0026769,-0.39541,0.97976,0,0,0,0,1.4886,1.4703,1.4853,1.4738,-7.4583,19.794,0,-40.951,156.44,0,9.8634
0.1,-2.5004,-3.4989,1,-0.060054,-0.023909,0,0.99791,-0.017122,0.041571,0,-2.1354,-0.78437,0.0039597,-0.4719,1.1853,0,0,0,0,1.4912,1.4755,1.4888,1.4781,-7.8269,21.294,0,-32.833,143.58,0,9.8892
0.11,-2.5006,-3.4985,1,-0.071019,-0.027882,0,0.99709,-0.022237,0.054512,0,-2.2582,-0.80766,0.0056197,-0.55168,1.4052,0,0,0,0,1.4948,1.4817,1.4933,1.4835,-8.1161,22.667,0,-25.045,131.07,0,9.9221
0.12,-2.5009,-3.4978,1,-0.082542,-0.031943,0,0.99608,-0.028164,0.069719,0,-2.3635,-0.82165,0.0077052,-0.63397,1.6382,0,0,0,0,1.4995,1.489,1.4989,1.4901,-8.3289,23.916,0,-17.58,118.91,0,9.9627
0.13,-2.5012,-3.497,1,-0.094533,-0.036044,0,0.99487,-0.034922,0.087316,0,-2.4512,-0.82665,0.01026,-0.71802,1.8831,0,0,0,0,1.5055,1.4976,1.5058,1.498,-8.4687,25.046,0,-10.435,107.08,0,10.012
0.14,-2.5016,-3.4961,1,-0.1069,-0.040142,0,0.99346,-0.042527,0.10742,0,-2.5216,-0.82306,0.013322,-0.80311,2.1388,0,0,0,0,1.5129,1.5074,1.514,1.5071,-8.5387,26.059,0,-3.6053,95.592,0,10.069
0.15,-2.5021,-3.4949,1,-0.11956,-0.044193,0,0.99184,-0.050986,0.13012,0,-2.5748,-0.81133,0.016923,-0.88857,2.4039,0,0,0,0,1.5217,1.5186,1.5236,1.5177,-8.5419,26.959,0,2.9147,84.435,0,10.136
0.16,-2.5026,-3.4935,1,-0.13242,-0.048156,0,0.99002,-0.060298,0.15552,0,-2.6114,-0.79202,0.021085,-0.97374,2.6776,0,0,0,0,1.5319,1.5311,1.5346,1.5296,-8.4814,27.749,0,9.1293,73.607,0,10.212
0.17,-2.5033,-3.4918,1,-0.1454,-0.051994,0,0.98801,-0.070457,0.1837,0,-2.632,-0.76573,0.025826,-1.058,2.9586,0,0,0,0,1.5436,1.545,1.547,1.543,-8.3603,28.432,0,15.043,63.105,0,10.298
0.18,-2.504,-3.4898,1,-0.15841,-0.055673,0,0.9858,-0.081453,0.21472,0,-2.6376,-0.73312,0.031151,-1.1407,3.2459,0,0,0,0,1.5568,1.5602,1.5609,1.5578,-8.1815,29.012,0,20.661,52.925,0,10.393
0.19,-2.5049,-3.4875,1,-0.17139,-0.059162,0,0.98343,-0.093265,0.24863,0,-2.6292,-0.69491,0.037062,-1.2214,3.5385,0,0,0,0,1.5714,1.5766,1.5762,1.5739,-7.948,29.492,0,25.988,43.063,0,10.497
0.2,-2.5059,-3.4848,1,-0.18427,-0.062435,0,0.98089,-0.10587,0.2855,0,-2.6079,-0.65181,0.043549,-1.2995,3.8354,0,0,0,0,1.5875,1.5944,1.5928,1.5913,-7.6627,29.874,0,31.027,33.517,0,10.61
0.21,-2.507,-3.4817,1,-0.19698,-0.065469,0,0.97822,-0.11925,0.32535,0,-2.575,-0.60455,0.050601,-1.3745,4.1357,0,0,0,0,1.6049,1.6133,1.6107,1.61,-7.3284,30.163,0,35.785,24.281,0,10.731
0.22,-2.5083,-3.4783,1,-0.20947,-0.068244,0,0.97543,-0.13335,0.36822,0,-2.5318,-0.55384,0.058197,-1.446,4.4383,0,0,0,0,1.6237,1.6333,1.6298,1.6298,-6.948,30.361,0,40.265,15.353,0,10.861
0.23,-2.5097,-3.4744,1,-0.2217,-0.070745,0,0.97254,-0.14815,0.41413,0,-2.4797,-0.50036,0.066314,-1.5133,4.7426,0,0,0,0,1.6436,1.6543,1.6501,1.6507,-6.524,30.471,0,44.473,6.7289,0,10.998
0.24,-2.5113,-3.47,1,-0.23362,-0.072959,0,0.96959,-0.1636,0.46308,0,-2.4199,-0.44476,0.074926,-1.5763,5.0475,0,0,0,0,1.6647,1.6762,1.6715,1.6725,-6.0594,30.497,0,48.413,-1.5948,0,11.141
0.25,-2.513,-3.4651,1,-0.24521,-0.074879,0,0.96657,-0.17966,0.51507,0,-2.3537,-0.38761,0.084006,-1.6344,5.3522,0,0,0,0,1.6867,1.6989,1.6937,1.6952,-5.5567,30.44,0,52.09,-9.6217,0,11.291
0.26,-2.5148,-3.4597,1,-0.25643,-0.076498,0,0.96353,-0.19627,0.57012,0,-2.2823,-0.32944,0.093524,-1.6873,5.656,0,0,0,0,1.7096,1.7224,1.7168,1.7187,-5.0185,30.305,0,55.507,-17.355,0,11.446
0.27,-2.5169,-3.4537,1,-0.26727,-0.077813,0,0.96048,-0.21339,0.62819,0,-2.2068,-0.27072,0.10345,-1.7347,5.9581,0,0,0,0,1.7332,1.7464,1.7406,1.7428,-4.4474,30.094,0,58.671,-24.8,0,11.605
0.28,-2.5191,-3.4471,1,-0.2777,-0.078822,0,0.95743,-0.23095,0.68927,0,-2.1282,-0.21185,0.11376,-1.7762,6.2577,0,0,0,0,1.7575,1.7709,1.7649,1.7674,-3.8459,29.81,0,61.586,-31.958,0,11.768
0.29,-2.5215,-3.4399,1,-0.28773,-0.079526,0,0.9544,-0.24889,0.75333,0,-2.0473,-0.15316,0.12442,-1.8115,6.5541,0,0,0,0,1.7822,1.7958,1.7897,1.7924,-3.2164,29.456,0,64.256,-38.834,0,11.933
0.3,-2.5241,-3.432,1,-0.29734,-0.079927,0,0.95142,-0.26716,0.82034,0,-1.965,-0.094933,0.13541,-1.8404,6.8466,0,0,0,0,1.8072,1.8209,1.8148,1.8176,-2.5615,29.034,0,66.687,-45.431,0,12.101
0.31,-2.5269,-3.4235,1,-0.30653,-0.080028,0,0.94849,-0.28568,0.89025,0,-1.882,-0.037388,0.14671,-1.8626,7.1345,0,0,0,0,1.8325,1.8462,1.84,1.843,-1.8835,28.548,0,68.882,-51.753,0,12.269
0.32,-2.5298,-3.4142,1,-0.31531,-0.079833,0,0.94563,-0.30439,0.96301,0,-1.7987,0.019302,0.15829,-1.878,7.4173,0,0,0,0,1.8578,1.8715,1.8654,1.8684,-1.1847,28,0,70.846,-57.804,0,12.438
0.33,-2.5329,-3.4042,1,-0.32367,-0.079348,0,0.94284,-0.32321,1.0386,0,-1.7157,0.075008,0.17014,-1.8863,7.6943,0,0,0,0,1.8831,1.8966,1.8906,1.8937,-0.46732,27.393,0,72.585,-63.587,0,12.607
0.34,-2.5363,-3.3934,1,-0.33162,-0.078577,0,0.94013,-0.34209,1.1169,0,-1.6334,0.12964,0.18225,-1.8873,7.965,0,0,0,0,1.9082,1.9216,1.9157,1.9188,0.26631,26.729,0,74.103,-69.105,0,12.774
0.35,-2.5398,-3.3819,1,-0.33917,-0.077527,0,0.93752,-0.36094,1.1979,0,-1.5519,0.18315,0.19459,-1.8809,8.2287,0,0,0,0,1.9331,1.9462,1.9405,1.9436,1.014,26.012,0,75.404,-74.363,0,12.939
0.36,-2.5435,-3.3695,1,-0.34632,-0.076202,0,0.93501,-0.37968,1.2814,0,-1.4717,0.2355,0.20717,-1.867,8.4851,0,0,0,0,1.9575,1.9705,1.9649,1.968,1.7737,25.243,0,76.493,-79.364,0,13.102
0.37,-2.5474,-3.3562,1,-0.35309,-0.074609,0,0.93261,-0.39825,1.3675,0,-1.3928,0.2867,0.21997,-1.8454,8.7334,0,0,0,0,1.9815,1.9942,1.9888,1.9919,2.5432,24.425,0,77.376,-84.111,0,13.261
0.38,-2.5515,-3.3421,1,-0.35948,-0.072753,0,0.93031,-0.41656,1.4561,0,-1.3153,0.33675,0.23298,-1.8161,8.9734,0,0,0,0,2.0049,2.0174,2.0122,2.0152,3.3205,23.562,0,78.056,-88.609,0,13.416
0.39,-2.5557,-3.3271,1,-0.3655,-0.070641,0,0.92813,-0.43454,1.547,0,-1.2393,0.38569,0.24621,-1.779,9.2045,0,0,0,0,2.0276,2.0398,2.0348,2.0378,4.1036,22.654,0,78.538,-92.861,0,13.567
0.4,-2.5601,-3.3112,1,-0.37116,-0.068276,0,0.92606,-0.45212,1.6401,0,-1.1648,0.43355,0.25965,-1.734,9.4264,0,0,0,0,2.0496,2.0616,2.0567,2.0597,4.8906,21.705,0,78.828,-96.871,0,13.712
0.41,-2.5648,-3.2943,1,-0.37647,-0.065663,0,0.9241,-0.4692,1.7355,0,-1.0919,0.4804,0.2733,-1.6811,9.6385,0,0,0,0,2.0707,2.0825,2.0778,2.0807,5.6796,20.717,0,78.93,-100.64,0,13.853
0.42,-2.5695,-3.2764,1,-0.38143,-0.062809,0,0.92226,-0.48571,1.8329,0,-1.0204,0.52629,0.28716,-1.6204,9.8406,0,0,0,0,2.0909,2.1025,2.0979,2.1008,6.4686,19.693,0,78.849,-104.18,0,13.987
0.43,-2.5745,-3.2576,1,-0.38606,-0.059716,0,0.92054,-0.50158,1.9322,0,-0.95039,0.57128,0.30124,-1.5518,10.032,0,0,0,0,2.1101,2.1215,2.1172,2.12,7.256,18.635,0,78.59,-107.48,0,14.115
0.44,-2.5796,-3.2378,1,-0.39036,-0.056388,0,0.91893,-0.51672,2.0335,0,-0.88168,0.61543,0.31554,-1.4753,10.213,0,0,0,0,2.1284,2.1396,2.1353,2.1382,8.0399,17.544,0,78.158,-110.56,0,14.236
0.45,-2.5848,-3.2169,1,-0.39434,-0.05283,0,0.91744,-0.53106,2.1365,0,-0.8142,0.65881,0.33006,-1.391,10.383,0,0,0,0,2.1455,2.1565,2.1525,2.1553,8.8186,16.424,0,77.557,-113.42,0,14.35
0.46,-2.5902,-3.1951,1,-0.39801,-0.049043,0,0.91607,-0.54452,2.2411,0,-0.74785,0.70148,0.34481,-1.299,10.542,0,0,0,0,2.1616,2.1724,2.1685,2.1713,9.5904,15.277,0,76.792,-116.05,0,14.456
0.47,-2.5957,-3.1721,1,-0.40137,-0.045032,0,0.91481,-0.55701,2.3473,0,-0.68251,0.7435,0.3598,-1.1992,10.688,0,0,0,0,2.1764,2.1872,2.1833,2.1861,10.354,14.104,0,75.868,-118.47,0,14.555
0.48,-2.6013,-3.1481,1,-0.40442,-0.040798,0,0.91366,-0.56848,2.4548,0,-0.61805,0.78493,0.37503,-1.0919,10.824,0,0,0,0,2.1901,2.2008,2.197,2.1998,11.107,12.908,0,74.79,-120.68,0,14.646
0.49,-2.6071,-3.123,1,-0.40717,-0.036344,0,0.91263,-0.57883,2.5637,0,-0.55435,0.82583,0.39052,-0.97711,10.947,0,0,0,0,2.2026,2.2131,2.2095,2.2123,11.849,11.691,0,73.563,-122.68,0,14.729
0.5,-2.6129,-3.0968,1,-0.40962,-0.031672,0,0.91171,-0.58799,2.6737,0,-0.49127,0.86625,0.40626,-0.85497,11.057,0,0,0,0,2.2139,2.2243,2.2207,2.2236,12.578,10.455,0,72.191,-124.47,0,14.804
0.51,-2.6188,-3.0695,1,-0.41177,-0.026783,0,0.91089,-0.5959,2.7848,0,-0.42867,0.90623,0.42227,-0.7256,11.156,0,0,0,0,2.2239,2.2343,2.2307,2.2336,13.293,9.202,0,70.679,-126.07,0,14.871
0.52,-2.6248,-3.0411,1,-0.41364,-0.021679,0,0.91018,-0.60248,2.8968,0,-0.3664,0.94581,0.43856,-0.58917,11.241,0,0,0,0,2.2327,2.243,2.2395,2.2424,13.991,7.9342,0,69.033,-127.46,0,14.929
0.53,-2.6309,-3.0116,1,-0.4152,-0.016361,0,0.90958,-0.60766,3.0096,0,-0.30434,0.98504,0.45513,-0.44583,11.314,0,0,0,0,2.2402,2.2504,2.247,2.25,14.673,6.6534,0,67.256,-128.67,0,14.979
0.54,-2.6369,-2.9809,1,-0.41648,-0.01083,0,0.90908,-0.61138,3.123,0,-0.24232,1.0239,0.47199,-0.29577,11.374,0,0,0,0,2.2464,2.2567,2.2532,2.2563,15.336,5.3615,0,65.354,-129.68,0,15.021
0.55,-2.6431,-2.9491,1,-0.41746,-0.0050871,0,0.90868,-0.61356,3.237,0,-0.18022,1.0625,0.48915,-0.13918,11.421,0,0,0,0,2.2514,2.2617,2.2582,2.2614,15.979,4.0605,0,63.332,-130.51,0,15.055
0.56,-2.6492,-2.9162,1,-0.41814,0.0008667,0,0.90838,-0.61414,3.3514,0,-0.11788,1.1008,0.50661,0.023744,11.456,0,0,0,0,2.2551,2.2654,2.262,2.2653,16.602,2.752,0,61.194,-131.15,0,15.08
0.57,-2.6554,-2.8821,1,-0.41852,0.0070306,0,0.90818,-0.61306,3.4661,0,-0.055179,1.1388,0.52439,0.19279,11.476,0,0,0,0,2.2577,2.268,2.2645,2.268,17.203,1.438,0,58.945,-131.62,0,15.097
0.58,-2.6615,-2.8469,1,-0.4186,0.013404,0,0.90807,-0.61026,3.5809,0,0.0080369,1.1765,0.54248,0.36773,11.484,0,0,0,0,2.259,2.2694,2.2658,2.2694,17.781,0.12027,0,56.59,-131.91,0,15.106
0.59,-2.6676,-2.8105,1,-0.41838,0.019985,0,0.90805,-0.60569,3.6957,0,0.0719,1.214,0.5609,0.54832,11.479,0,0,0,0,2.2591,2.2696,2.266,2.2698,18.334,-1.1996,0,54.134,-132.03,0,15.107
0.6,-2.6736,-2.773,1,-0.41784,0.026773,0,0.90813,-0.59928,3.8104,0,0.13654,1.2511,0.57964,0.73433,11.46,0,0,0,0,2.2582,2.2686,2.265,2.269,18.863,-2.5198,0,51.581,-131.98,0,15.101
0.61,-2.6795,-2.7343,1,-0.41698,0.033768,0,0.90829,-0.59098,3.9249,0,0.2021,1.2878,0.59871,0.9255,11.428,0,0,0,0,2.2561,2.2666,2.2629,2.2671,19.366,-3.8387,0,48.937,-131.77,0,15.088
0.62,-2.6854,-2.6945,1,-0.4158,0.040966,0,0.90853,-0.58075,4.039,0,0.26869,1.3241,0.61811,1.1216,11.384,0,0,0,0,2.2529,2.2635,2.2597,2.2641,19.842,-5.1547,0,46.206,-131.4,0,15.067
0.63,-2.6911,-2.6535,1,-0.41428,0.048367,0,0.90886,-0.56854,4.1525,0,0.33643,1.36,0.63783,1.3222,11.325,0,0,0,0,2.2487,2.2594,2.2554,2.2601,20.29,-6.4662,0,43.393,-130.88,0,15.039
0.64,-2.6968,-2.6114,1,-0.41243,0.055968,0,0.90927,-0.55429,4.2654,0,0.40545,1.3954,0.65788,1.5273,11.254,0,0,0,0,2.2435,2.2543,2.2502,2.2552,20.709,-7.7718,0,40.503,-130.2,0,15.005
0.65,-2.7022,-2.5682,1,-0.41022,0.063767,0,0.90975,-0.53798,4.3776,0,0.47584,1.4302,0.67824,1.7363,11.17,0,0,0,0,2.2374,2.2483,2.244,2.2493,21.099,-9.0698,0,37.541,-129.37,0,14.965
0.66,-2.7075,-2.5239,1,-0.40766,0.07176,0,0.91031,-0.51955,4.4888,0,0.54771,1.4642,0.6989,1.9491,11.073,0,0,0,0,2.2304,2.2414,2.237,2.2426,21.46,-10.359,0,34.511,-128.4,0,14.919
0.67,-2.7126,-2.4784,1,-0.40473,0.079944,0,0.91093,-0.49898,4.599,0,0.62114,1.4975,0.71986,2.1654,10.963,0,0,0,0,2.2226,2.2337,2.2291,2.2351,21.789,-11.637,0,31.418,-127.29,0,14.868
0.68,-2.7175,-2.4319,1,-0.40143,0.088313,0,0.91162,-0.47624,4.708,0,0.6962,1.5298,0.74109,2.3848,10.84,0,0,0,0,2.2141,2.2252,2.2205,2.2268,22.088,-12.904,0,28.267,-126.04,0,14.811
0.69,-2.7221,-2.3843,1,-0.39773,0.096863,0,0.91238,-0.45128,4.8157,0,0.77296,1.5611,0.76258,2.6071,10.705,0,0,0,0,2.2049,2.2161,2.2111,2.2178,22.355,-14.158,0,25.063,-124.66,0,14.75
0.7,-2.7265,-2.3356,1,-0.39363,0.10559,0,0.91318,-0.42409,4.9221,0,0.85145,1.5911,0.78431,2.8318,10.557,0,0,0,0,2.1951,2.2063,2.2011,2.2083,22.589,-15.397,0,21.811,-123.15,0,14.685
0.71,-2.7306,-2.2858,1,-0.38912,0.11448,0,0.91405,-0.39464,5.0268,0,0.93171,1.6198,0.80624,3.0587,10.397,0,0,0,0,2.1847,2.196,2.1906,2.1982,22.791,-16.62,0,18.515,-121.51,0,14.616
0.72,-2.7344,-2.2351,1,-0.38419,0.12353,0,0.91495,-0.36291,5.13,0,1.0137,1.6468,0.82835,3.2875,10.225,0,0,0,0,2.1739,2.1852,2.1796,2.1876,22.959,-17.827,0,15.181,-119.75,0,14.544
0.73,-2.7378,-2.1832,1,-0.37882,0.13272,0,0.9159,-0.32888,5.2313,0,1.0975,1.672,0.85059,3.5178,10.04,0,0,0,0,2.1627,2.174,2.1681,2.1767,23.094,-19.015,0,11.813,-117.87,0,14.469
0.74,-2.741,-2.1304,1,-0.373,0.14206,0,0.91689,-0.29255,5.3307,0,1.183,1.6952,0.87292,3.7493,9.8444,0,0,0,0,2.1512,2.1624,2.1564,2.1654,23.195,-20.184,0,8.4152,-115.88,0,14.392
0.75,-2.7437,-2.0766,1,-0.36673,0.15152,0,0.91791,-0.25389,5.4281,0,1.27,1.7161,0.89529,3.9816,9.6369,0,0,0,0,2.1396,2.1506,2.1443,2.1539,23.262,-21.332,0,4.9932,-113.77,0,14.314
0.76,-2.746,-2.0219,1,-0.35999,0.16109,0,0.91895,-0.21291,5.5234,0,1.3586,1.7346,0.91766,4.2144,9.4179,0,0,0,0,2.1277,2.1387,2.1322,2.1423,23.295,-22.459,0,1.5512,-111.56,0,14.235
0.77,-2.7479,-1.9662,1,-0.35276,0.17076,0,0.92,-0.1696,5.6165,0,1.4486,1.7502,0.93995,4.4474,9.1878,0,0,0,0,2.1159,2.1266,2.1199,2.1306,23.293,-23.563,0,-1.9058,-109.25,0,14.155
0.78,-2.7494,-1.9096,1,-0.34505,0.1805,0,0.92106,-0.12396,5.7071,0,1.5397,1.7627,0.9621,4.6802,8.9467,0,0,0,0,2.1041,2.1146,2.1077,2.1189,23.257,-24.643,0,-5.3733,-106.83,0,14.075
0.79,-2.7504,-1.852,1,-0.33684,0.19031,0,0.92213,-0.076001,5.7954,0,1.6318,1.772,0.98404,4.9124,8.695,0,0,0,0,2.0924,2.1027,2.0955,2.1073,23.186,-25.699,0,-8.8464,-104.32,0,13.997
0.8,-2.7509,-1.7937,1,-0.32813,0.20015,0,0.92319,-0.025719,5.881,0,1.7246,1.7775,1.0057,5.1438,8.4328,0,0,0,0,2.081,2.0909,2.0836,2.0959,23.08,-26.73,0,-12.321,-101.72,0,13.919
0.81,-2.7509,-1.7344,1,-0.31891,0.21001,0,0.92423,0.02687,5.964,0,1.8178,1.7792,1.027,5.3739,8.1605,0,0,0,0,2.07,2.0794,2.0719,2.0848,22.939,-27.733,0,-15.791,-99.029,0,13.843
0.82,-2.7504,-1.6744,1,-0.30917,0.21986,0,0.92524,0.081753,6.0442,0,1.9111,1.7767,1.0478,5.6024,7.8782,0,0,0,0,2.0593,2.0682,2.0606,2.074,22.764,-28.71,0,-19.253,-96.255,0,13.77
0.83,-2.7493,-1.6136,1,-0.29892,0.22968,0,0.92623,0.13891,6.1215,0,2.004,1.7698,1.0681,5.8291,7.5864,0,0,0,0,2.0491,2.0575,2.0498,2.0637,22.554,-29.658,0,-22.702,-93.4,0,13.7
0.84,-2.7476,-1.552,1,-0.28816,0.23944,0,0.92717,0.19833,6.1959,0,2.0961,1.7582,1.0877,6.0534,7.2852,0,0,0,0,2.0396,2.0473,2.0396,2.0539,22.31,-30.578,0,-26.133,-90.468,0,13.634
0.85,-2.7453,-1.4896,1,-0.27688,0.2491,0,0.92805,0.25997,6.2672,0,2.187,1.7417,1.1067,6.2752,6.9749,0,0,0,0,2.0307,2.0377,2.0299,2.0448,22.032,-31.467,0,-29.542,-87.463,0,13.572
0.86,-2.7424,-1.4266,1,-0.26511,0.25865,0,0.92888,0.32382,6.3353,0,2.2762,1.7201,1.1247,6.4939,6.6559,0,0,0,0,2.0226,2.0288,2.021,2.0363,21.72,-32.327,0,-32.923,-84.389,0,13.515
0.87,-2.7388,-1.363,1,-0.25283,0.26805,0,0.92964,0.38984,6.4003,0,2.3631,1.6933,1.1419,6.7094,6.3285,0,0,0,0,2.0153,2.0207,2.013,2.0285,21.374,-33.155,0,-36.273,-81.25,0,13.462
0.88,-2.7346,-1.2986,1,-0.24008,0.27727,0,0.93031,0.458,6.4619,0,2.4473,1.6612,1.1581,6.9213,5.9929,0,0,0,0,2.0089,2.0134,2.0057,2.0216,20.994,-33.951,0,-39.586,-78.049,0,13.416
0.89,-2.7296,-1.2337,1,-0.22686,0.28628,0,0.9309,0.52825,6.5201,0,2.5281,1.6236,1.1731,7.1292,5.6496,0,0,0,0,2.0034,2.007,1.9995,2.0156,20.582,-34.716,0,-42.857,-74.79,0,13.376
0.9,-2.724,-1.1682,1,-0.21319,0.29504,0,0.9314,0.60057,6.5749,0,2.6051,1.5807,1.187,7.3328,5.2987,0,0,0,0,1.999,2.0015,1.9943,2.0105,20.137,-35.447,0,-46.082,-71.477,0,13.342
0.91,-2.7176,-1.1022,1,-0.1991,0.30352,0,0.93179,0.67489,6.6261,0,2.6777,1.5325,1.1997,7.5318,4.9407,0,0,0,0,1.9957,1.9971,1.9901,2.0065,19.66,-36.145,0,-49.257,-68.114,0,13.316
0.92,-2.7105,-1.0357,1,-0.18461,0.3117,0,0.93208,0.75119,6.6736,0,2.7454,1.4791,1.211,7.7259,4.5759,0,0,0,0,1.9935,1.9938,1.9871,2.0035,19.152,-36.809,0,-52.376,-64.705,0,13.297
0.93,-2.7026,-0.96878,1,-0.16975,0.31953,0,0.93225,0.8294,6.7176,0,2.8077,1.4207,1.221,7.9148,4.2047,0,0,0,0,1.9925,1.9916,1.9853,2.0016,18.613,-37.439,0,-55.435,-61.252,0,13.285
0.94,-2.6939,-0.9014,1,-0.15455,0.327,0,0.9323,0.90946,6.7577,0,2.8642,1.3575,1.2296,8.0981,3.8273,0,0,0,0,1.9927,1.9906,1.9847,2.0008,18.044,-38.034,0,-58.43,-57.761,0,13.281
0.95,-2.6844,-0.83364,1,-0.13904,0.33408,0,0.93223,0.99134,6.7941,0,2.9145,1.2898,1.2368,8.2756,3.4441,0,0,0,0,1.9941,1.9909,1.9854,2.0012,17.445,-38.594,0,-61.354,-54.235,0,13.286
0.96,-2.6741,-0.76553,1,-0.12326,0.34074,0,0.93204,1.075,6.8266,0,2.9584,1.218,1.2426,8.4469,3.0555,0,0,0,0,1.9967,1.9923,1.9874,2.0029,16.817,-39.119,0,-64.204,-50.678,0,13.299
0.97,-2.6629,-0.69712,1,-0.10724,0.34696,0,0.93173,1.1603,6.8552,0,2.9955,1.1425,1.2469,8.6118,2.6618,0,0,0,0,2.0006,1.995,1.9906,2.0057,16.161,-39.608,0,-66.976,-47.093,0,13.32
0.98,-2.6509,-0.62844,1,-0.091033,0.35271,0,0.93129,1.2472,6.8798,0,3.0256,1.0637,1.2499,8.77,2.2635,0,0,0,0,2.0057,1.999,1.9951,2.0098,15.478,-40.06,0,-69.663,-43.484,0,13.349
0.99,-2.638,-0.55954,1,-0.074669,0.358,0,0.93073,1.3356,6.9004,0,3.0488,0.98202,1.2515,8.9213,1.8608,0,0,0,0,2.012,2.0043,2.001,2.0151,14.768,-40.477,0,-72.263,-39.855,0,13.387
1,-2.6241,-0.49045,1,-0.05819,0.36278,0,0.93005,1.4256,6.917,0,3.0649,0.89804,1.2517,9.0653,1.4541,0,0,0,0,2.0196,2.0109,2.0081,2.0216,14.033,-40.857,0,-74.769,-36.21,0,13.434
1.01,-2.6094,-0.42121,1,-0.041636,0.36707,0,0.92926,1.5169,6.9295,0,3.0741,0.81222,1.2507,9.2018,1.0437,0,0,0,0,2.0283,2.0187,2.0165,2.0294,13.273,-41.201,0,-77.177,-32.553,0,13.488
1.02,-2.5938,-0.35187,1,-0.025046,0.37085,0,0.92835,1.6096,6.9379,0,3.0764,0.72506,1.2485,9.3307,0.63015,0,0,0,0,2.0383,2.0277,2.0262,2.0383,12.49,-41.509,0,-79.483,-28.888,0,13.551
1.03,-2.5772,-0.28247,1,-0.0084581,0.37412,0,0.92734,1.7035,6.9421,0,3.0721,0.63704,1.2452,9.4516,0.21368,0,0,0,0,2.0494,2.038,2.0371,2.0485,11.684,-41.779,0,-81.681,-25.217,0,13.622
1.04,-2.5597,-0.21304,1,0.0080898,0.37686,0,0.92623,1.7986,6.9421,0,3.0614,0.54864,1.2408,9.5643,-0.20531,0,0,0,0,2.0616,2.0495,2.0491,2.0598,10.856,-42.013,0,-83.768,-21.546,0,13.7
1.05,-2.5413,-0.14364,1,0.024563,0.3791,0,0.92503,1.8948,6.938,0,3.0447,0.46032,1.2355,9.6686,-0.62645,0,0,0,0,2.0748,2.0621,2.0623,2.0722,10.009,-42.21,0,-85.738,-17.877,0,13.786
1.06,-2.5218,-0.074297,1,0.040927,0.38082,0,0.92374,1.9919,6.9296,0,3.0222,0.37249,1.2294,9.7644,-1.0494,0,0,0,0,2.0891,2.0758,2.0765,2.0857,9.1419,-42.37,0,-87.587,-14.215,0,13.879
1.07,-2.5014,-0.0050605,1,0.057152,0.38204,0,0.92238,2.09,6.917,0,2.9944,0.28554,1.2225,9.8514,-1.4737,0,0,0,0,2.1043,2.0906,2.0918,2.1002,8.2573,-42.494,0,-89.309,-10.563,0,13.978
1.08,-2.48,0.064029,1,0.073208,0.38276,0,0.92094,2.1889,6.9001,0,2.9616,0.19982,1.215,9.9295,-1.8991,0,0,0,0,2.1205,2.1064,2.1081,2.1157,7.3562,-42.582,0,-90.902,-6.9254,0,14.084
1.09,-2.4576,0.13293,1,0.089069,0.38299,0,0.91945,2.2886,6.879,0,2.9244,0.11565,1.207,9.9985,-2.3253,0,0,0,0,2.1375,2.1231,2.1253,2.1321,6.4397,-42.633,0,-92.365,-3.3035,0,14.197
1.1,-2.4343,0.20159,1,0.10471,0.38275,0,0.9179,2.3889,6.8536,0,2.8831,0.033293,1.1984,10.058,-2.7517,0,0,0,0,2.1554,2.1407,2.1433,2.1494,5.5093,-42.648,0,-93.701,0.30074,0,14.315
1.11,-2.4099,0.26999,1,0.12011,0.38205,0,0.9163,2.4897,6.824,0,2.8382,-0.047032,1.1895,10.109,-3.1781,0,0,0,0,2.174,2.1591,2.1621,2.1676,4.5661,-42.627,0,-94.91,3.8858,0,14.438
1.12,-2.3845,0.33806,1,0.13526,0.3809,0,0.91467,2.591,6.7901,0,2.7901,-0.12514,1.1804,10.15,-3.6041,0,0,0,0,2.1933,2.1783,2.1817,2.1864,3.6115,-42.57,0,-95.996,7.45,0,14.566
1.13,-2.358,0.40577,1,0.15012,0.37931,0,0.91301,2.6927,6.7519,0,2.7391,-0.20088,1.171,10.181,-4.0294,0,0,0,0,2.2132,2.1982,2.2019,2.206,2.6466,-42.478,0,-96.959,10.992,0,14.699
1.14,-2.3306,0.47308,1,0.1647,0.37731,0,0.91132,2.7946,6.7095,0,2.6858,-0.27415,1.1615,10.202,-4.4535,0,0,0,0,2.2337,2.2187,2.2227,2.2262,1.6727,-42.35,0,-97.801,14.509,0,14.836
1.15,-2.3021,0.53995,1,0.17898,0.37491,0,0.90962,2.8967,6.6628,0,2.6304,-0.34488,1.152,10.214,-4.8763,0,0,0,0,2.2548,2.2397,2.2441,2.247,0.69099,-42.188,0,-98.524,18.001,0,14.976
1.16,-2.2727,0.60633,1,0.19295,0.37212,0,0.90791,2.9988,6.612,0,2.5733,-0.41302,1.1425,10.216,-5.2972,0,0,0,0,2.2762,2.2613,2.2659,2.2683,-0.29738,-41.991,0,-99.13,21.466,0,15.12
1.17,-2.2422,0.67217,1,0.20659,0.36896,0,0.9062,3.101,6.5569,0,2.5148,-0.47856,1.133,10.208,-5.716,0,0,0,0,2.2981,2.2833,2.2881,2.29,-1.2912,-41.759,0,-99.621,24.901,0,15.266
1.18,-2.2107,0.73745,1,0.21991,0.36544,0,0.90448,3.203,6.4976,0,2.4552,-0.5415,1.1237,10.19,-6.1322,0,0,0,0,2.3204,2.3057,2.3107,2.3121,-2.2894,-41.493,0,-99.997,28.306,0,15.415
1.19,-2.1781,0.80211,1,0.2329,0.36159,0,0.90278,3.3047,6.4342,0,2.3949,-0.60186,1.1145,10.162,-6.5457,0,0,0,0,2.3429,2.3284,2.3336,2.3346,-3.2908,-41.193,0,-100.26,31.678,0,15.566
1.2,-2.1446,0.86612,1,0.24556,0.35742,0,0.90108,3.4062,6.3667,0,2.3339,-0.65971,1.1056,10.125,-6.956,0,0,0,0,2.3656,2.3514,2.3567,2.3573,-4.2943,-40.859,0,-100.42,35.017,0,15.718
1.21,-2.11,0.92943,1,0.25789,0.35294,0,0.89941,3.5072,6.2951,0,2.2726,-0.71508,1.0968,10.077,-7.3628,0,0,0,0,2.3885,2.3745,2.38,2.3801,-5.2988,-40.492,0,-100.46,38.32,0,15.872
1.22,-2.0744,0.99201,1,0.26987,0.34816,0,0.89775,3.6077,6.2195,0,2.2112,-0.76806,1.0884,10.019,-7.7657,0,0,0,0,2.4116,2.3978,2.4033,2.4032,-6.3032,-40.093,0,-100.4,41.586,0,16.026
1.23,-2.0378,1.0538,1,0.28153,0.34311,0,0.89611,3.7075,6.1398,0,2.1497,-0.81872,1.0803,9.9505,-8.1645,0,0,0,0,2.4347,2.4211,2.4268,2.4263,-7.3065,-39.661,0,-100.24,44.813,0,16.182
1.24,-2.0003,1.1148,1,0.29284,0.33779,0,0.89451,3.8067,6.0562,0,2.0884,-0.86715,1.0725,9.8724,-8.5588,0,0,0,0,2.4578,2.4445,2.4503,2.4495,-8.3076,-39.197,0,-99.968,47.999,0,16.337
1.25,-1.9617,1.1749,1,0.30383,0.33222,0,0.89293,3.905,5.9687,0,2.0273,-0.91344,1.0651,9.7844,-8.9484,0,0,0,0,2.4809,2.4678,2.4737,2.4726,-9.3055,-38.701,0,-99.598,51.144,0,16.492
1.26,-1.9222,1.2342,1,0.31449,0.3264,0,0.89138,4.0023,5.8773,0,1.9667,-0.95768,1.058,9.6864,-9.3328,0,0,0,0,2.5039,2.4911,2.497,2.4957,-10.299,-38.174,0,-99.128,54.244,0,16.646
1.27,-1.8817,1.2925,1,0.32482,0.32036,0,0.88987,4.0987,5.782,0,1.9065,-0.99997,1.0513,9.5784,-9.7117,0,0,0,0,2.5268,2.5142,2.5202,2.5187,-11.288,-37.616,0,-98.561,57.3,0,16.8
1.28,-1.8402,1.3498,1,0.33482,0.31409,0,0.88839,4.1939,5.6831,0,1.8468,-1.0404,1.045,9.4606,-10.085,0,0,0,0,2.5495,2.5372,2.5432,2.5415,-12.27,-37.028,0,-97.897,60.308,0,16.952
1.29,-1.7978,1.4061,1,0.34451,0.30762,0,0.88695,4.2878,5.5804,0,1.7877,-1.0791,1.0391,9.333,-10.452,0,0,0,0,2.572,2.5599,2.566,2.5641,-13.245,-36.41,0,-97.138,63.266,0,17.103
1.3,-1.7544,1.4614,1,0.35387,0.30094,0,0.88555,4.3805,5.474,0,1.7292,-1.1161,1.0336,9.1957,-10.813,0,0,0,0,2.5942,2.5824,2.5885,2.5864,-14.213,-35.763,0,-96.288,66.174,0,17.253
1.31,-1.7102,1.5156,1,0.36293,0.29408,0,0.88419,4.4717,5.3641,0,1.6714,-1.1515,1.0286,9.0488,-11.167,0,0,0,0,2.6162,2.6046,2.6108,2.6085,-15.171,-35.087,0,-95.346,69.029,0,17.4
1.32,-1.665,1.5686,1,0.37168,0.28703,0,0.88287,4.5614,5.2507,0,1.6143,-1.1855,1.0239,8.8924,-11.515,0,0,0,0,2.6378,2.6264,2.6327,2.6302,-16.119,-34.383,0,-94.316,71.829,0,17.545
1.33,-1.619,1.6206,1,0.38012,0.27981,0,0.8816,4.6495,5.1339,0,1.5578,-1.218,1.0196,8.7265,-11.855,0,0,0,0,2.659,2.6479,2.6542,2.6516,-17.057,-33.651,0,-93.199,74.573,0,17.688
1.34,-1.572,1.6713,1,0.38827,0.27242,0,0.88036,4.7359,5.0136,0,1.5021,-1.2493,1.0158,8.5513,-12.188,0,0,0,0,2.6799,2.669,2.6753,2.6726,-17.983,-32.891,0,-91.996,77.258,0,17.828
1.35,-1.5243,1.7208,1,0.39611,0.26487,0,0.87917,4.8205,4.8901,0,1.447,-1.2793,1.0123,8.3668,-12.513,0,0,0,0,2.7003,2.6896,2.6959,2.6931,-18.896,-32.106,0,-90.71,79.883,0,17.965
1.36,-1.4756,1.7691,1,0.40367,0.25717,0,0.87802,4.9032,4.7634,0,1.3926,-1.3081,1.0093,8.1734,-12.83,0,0,0,0,2.7203,2.7098,2.7161,2.7132,-19.797,-31.294,0,-89.342,82.446,0,18.099
1.37,-1.4262,1.8161,1,0.41094,0.24931,0,0.87691,4.984,4.6336,0,1.3389,-1.3359,1.0067,7.971,-13.138,0,0,0,0,2.7398,2.7294,2.7358,2.7328,-20.683,-30.457,0,-87.894,84.945,0,18.23
1.38,-1.376,1.8618,1,0.41792,0.24132,0,0.87585,5.0626,4.5007,0,1.2859,-1.3626,1.0045,7.7598,-13.439,0,0,0,0,2.7588,2.7486,2.755,2.7519,-21.554,-29.595,0,-86.368,87.378,0,18.357
1.39,-1.3249,1.9061,1,0.42463,0.23318,0,0.87482,5.1391,4.3648,0,1.2334,-1.3884,1.0027,7.5399,-13.73,0,0,0,0,2.7772,2.7672,2.7737,2.7704,-22.41,-28.71,0,-84.766,89.743,0,18.481
1.4,-1.2732,1.9491,1,0.43105,0.22491,0,0.87385,5.2134,4.2261,0,1.1815,-1.4133,1.0012,7.3116,-14.013,0,0,0,0,2.7951,2.7852,2.7917,2.7884,-23.25,-27.801,0,-83.09,92.039,0,18.601
1.41,-1.2207,1.9906,1,0.4372,0.21652,0,0.87291,5.2853,4.0846,0,1.1302,-1.4373,1.0002,7.075,-14.286,0,0,0,0,2.8124,2.8027,2.8092,2.8058,-24.072,-26.869,0,-81.341,94.264,0,18.717
1.42,-1.1675,2.0307,1,0.44309,0.208,0,0.87202,5.3549,3.9404,0,1.0795,-1.4605,0.9996,6.8302,-14.55,0,0,0,0,2.8291,2.8195,2.8261,2.8226,-24.876,-25.916,0,-79.521,96.415,0,18.829
1.43,-1.1136,2.0694,1,0.4487,0.19935,0,0.87117,5.4219,3.7936,0,1.0292,-1.483,0.99936,6.5775,-14.804,0,0,0,0,2.8452,2.8358,2.8424,2.8388,-25.662,-24.941,0,-77.632,98.491,0,18.937
1.44,-1.0591,2.1066,1,0.45404,0.19059,0,0.87036,5.4864,3.6443,0,0.97932,-1.5048,0.99949,6.3171,-15.049,0,0,0,0,2.8606,2.8513,2.858,2.8544,-26.428,-23.946,0,-75.675,100.49,0,19.041
1.45,-1.0039,2.1423,1,0.45913,0.18172,0,0.86959,5.5482,3.4927,0,0.9299,-1.526,1,6.049,-15.283,0,0,0,0,2.8754,2.8663,2.873,2.8693,-27.175,-22.931,0,-73.654,102.41,0,19.14
1.46,-0.9481,2.1764,1,0.46395,0.17273,0,0.86886,5.6073,3.3387,0,0.88084,-1.5465,1.0009,5.7736,-15.507,0,0,0,0,2.8896,2.8806,2.8873,2.8835,-27.901,-21.898,0,-71.569,104.25,0,19.235
1.47,-0.89174,2.2091,1,0.46851,0.16364,0,0.86817,5.6637,3.1826,0,0.83212,-1.5664,1.0021,5.4911,-15.721,0,0,0,0,2.9031,2.8942,2.901,2.8971,-28.606,-20.847,0,-69.423,106.01,0,19.326
1.48,-0.83484,2.2401,1,0.47281,0.15444,0,0.86752,5.7171,3.0243,0,0.7837,-1.5857,1.0037,5.2016,-15.924,0,0,0,0,2.9159,2.9071,2.914,2.91,-29.29,-19.778,0,-67.218,107.69,0,19.412
1.49,-0.77741,2.2695,1,0.47686,0.14514,0,0.86691,5.7677,2.8641,0,0.73552,-1.6045,1.0057,4.9054,-16.117,0,0,0,0,2.9281,2.9193,2.9263,2.9222,-29.951,-18.693,0,-64.955,109.28,0,19.493
1.5,-0.71949,2.2974,1,0.48065,0.13574,0,0.86634,5.8152,2.702,0,0.68755,-1.6227,1.008,4.6026,-16.298,0,0,0,0,2.9395,2.9309,2.9379,2.9337,-30.589,-17.593,0,-62.638,110.78,0,19.57
1.51,-0.66112,2.3236,1,0.48418,0.12624,0,0.86581,5.8597,2.5382,0,0.63976,-1.6405,1.0107,4.2937,-16.469,0,0,0,0,2.9503,2.9417,2.9488,2.9445,-31.203,-16.478,0,-60.267,112.2,0,19.642
1.52,-0.60231,2.3481,1,0.48746,0.11664,0,0.86532,5.9011,2.3727,0,0.59209,-1.6578,1.0137,3.9787,-16.628,0,0,0,0,2.9604,2.9519,2.959,2.9546,-31.794,-15.349,0,-57.846,113.53,0,19.71
1.53,-0.5431,2.371,1,0.49049,0.10695,0,0.86486,5.9393,2.2057,0,0.54451,-1.6745,1.017,3.6579,-16.775,0,0,0,0,2.9698,2.9613,2.9685,2.9641,-32.36,-14.208,0,-55.376,114.76,0,19.773
1.54,-0.48353,2.3922,1,0.49326,0.09717,0,0.86444,5.9742,2.0372,0,0.49698,-1.6908,1.0207,3.3315,-16.912,0,0,0,0,2.9785,2.9701,2.9774,2.9728,-32.901,-13.054,0,-52.859,115.91,0,19.831
1.55,-0.42363,2.4118,1,0.49578,0.087301,0,0.86405,6.0059,1.8675,0,0.44946,-1.7067,1.0247,2.9999,-17.037,0,0,0,0,2.9865,2.9782,2.9855,2.9808,-33.417,-11.89,0,-50.297,116.96,0,19.885
1.56,-0.36343,2.4296,1,0.49804,0.077344,0,0.8637,6.0342,1.6965,0,0.40192,-1.722,1.029,2.6633,-17.15,0,0,0,0,2.9938,2.9855,2.993,2.9882,-33.907,-10.715,0,-47.693,117.91,0,19.934
1.57,-0.30296,2.4457,1,0.50004,0.067304,0,0.86338,6.0591,1.5245,0,0.3543,-1.7369,1.0336,2.3219,-17.251,0,0,0,0,3.0004,2.9922,2.9998,2.9948,-34.371,-9.5319,0,-45.048,118.77,0,19.979
1.58,-0.24226,2.4601,1,0.50179,0.057181,0,0.8631,6.0806,1.3515,0,0.30659,-1.7513,1.0385,1.976,-17.34,0,0,0,0,3.0064,2.9982,3.0059,3.0008,-34.808,-8.3403,0,-42.364,119.53,0,20.019
1.59,-0.18136,2.4727,1,0.50328,0.046978,0,0.86284,6.0986,1.1777,0,0.25875,-1.7652,1.0437,1.6258,-17.418,0,0,0,0,3.0117,3.0036,3.0113,3.0061,-35.218,-7.1417,0,-39.644,120.19,0,20.055
1.6,-0.12029,2.4836,1,0.50452,0.036698,0,0.86262,6.1131,1.0032,0,0.21074,-1.7786,1.0492,1.2717,-17.483,0,0,0,0,3.0164,3.0083,3.0161,3.0108,-35.6,-5.9369,0,-36.89,120.74,0,20.086
1.61,-0.059106,2.4928,1,0.50549,0.026343,0,0.86243,6.1241,0.82813,0,0.16253,-1.7915,1.055,0.9139,-17.536,0,0,0,0,3.0204,3.0123,3.0202,3.0148,-35.955,-4.7272,0,-34.103,121.19,0,20.113
1.62,0.0021742,2.5002,1,0.50619,0.015916,0,0.86227,6.1314,0.65255,0,0.1141,-1.8038,1.061,0.55268,-17.578,0,0,0,0,3.0237,3.0158,3.0237,3.0182,-36.282,-3.5134,0,-31.286,121.54,0,20.136
1.63,0.06351,2.5058,1,0.50664,0.0054197,0,0.86214,6.1351,0.47662,0,0.065422,-1.8156,1.0673,0.18834,-17.607,0,0,0,0,3.0265,3.0186,3.0266,3.0209,-36.581,-2.2967,0,-28.44,121.79,0,20.154
1.64,0.12486,2.5097,1,0.50682,-0.0051432,0,0.86204,6.1352,0.30046,0,0.016466,-1.8267,1.0739,-0.17884,-17.623,0,0,0,0,3.0286,3.0208,3.0289,3.023,-36.851,-1.078,0,-25.568,121.92,0,20.169
1.65,0.1862,2.5118,1,0.50672,-0.015769,0,0.86196,6.1315,0.12419,0,-0.032785,-1.8373,1.0807,-0.54858,-17.628,0,0,0,0,3.0302,3.0224,3.0306,3.0246,-37.092,0.14146,0,-22.672,121.96,0,20.18
1.66,0.24748,2.5122,1,0.50636,-0.026455,0,0.86192,6.1242,-0.052062,0,-0.082352,-1.8472,1.0877,-0.92059,-17.621,0,0,0,0,3.0312,3.0235,3.0318,3.0256,-37.305,1.3608,0,-19.754,121.89,0,20.187
1.67,0.30867,2.5108,1,0.50573,-0.037197,0,0.86189,6.1131,-0.22818,0,-0.13225,-1.8564,1.095,-1.2946,-17.601,0,0,0,0,3.0317,3.024,3.0324,3.026,-37.487,2.579,0,-16.815,121.73,0,20.19
1.68,0.36973,2.5076,1,0.50481,-0.047991,0,0.86189,6.0983,-0.40404,0,-0.1825,-1.8649,1.1024,-1.6702,-17.569,0,0,0,0,3.0316,3.024,3.0325,3.0259,-37.641,3.795,0,-13.858,121.46,0,20.19
1.69,0.43062,2.5027,1,0.50362,-0.058834,0,0.86192,6.0797,-0.57952,0,-0.2331,-1.8725,1.1101,-2.0473,-17.525,0,0,0,0,3.031,3.0234,3.032,3.0253,-37.764,5.0079,0,-10.884,121.1,0,20.186
1.7,0.49131,2.496,1,0.50215,-0.06972,0,0.86196,6.0573,-0.7545,0,-0.28407,-1.8794,1.1179,-2.4254,-17.469,0,0,0,0,3.03,3.0225,3.0311,3.0242,-37.858,6.2167,0,-7.8963,120.64,0,20.18
1.71,0.55176,2.4876,1,0.50039,-0.080645,0,0.86203,6.0312,-0.92886,0,-0.33541,-1.8854,1.1258,-2.8044,-17.401,0,0,0,0,3.0284,3.021,3.0298,3.0226,-37.922,7.4205,0,-4.8959,120.1,0,20.17
1.72,0.61192,2.4775,1,0.49835,-0.091605,0,0.86212,6.0012,-1.1025,0,-0.38711,-1.8905,1.1339,-3.1838,-17.321,0,0,0,0,3.0265,3.0191,3.028,3.0206,-37.956,8.6183,0,-1.885,119.45,0,20.157
1.73,0.67177,2.4656,1,0.49602,-0.10259,0,0.86223,5.9675,-1.2752,0,-0.43918,-1.8946,1.1421,-3.5634,-17.228,0,0,0,0,3.0241,3.0169,3.0257,3.0182,-37.96,9.8093,0,1.1344,118.72,0,20.142
1.74,0.73126,2.452,1,0.49339,-0.1136,0,0.86236,5.93,-1.447,0,-0.49161,-1.8976,1.1505,-3.9429,-17.124,0,0,0,0,3.0214,3.0142,3.0231,3.0154,-37.934,10.992,0,4.1603,117.91,0,20.124
1.75,0.79036,2.4366,1,0.49047,-0.12463,0,0.8625,5.8886,-1.6177,0,-0.54438,-1.8996,1.1589,-4.322,-17.009,0,0,0,0,3.0183,3.0112,3.0202,3.0123,-37.877,12.167,0,7.1908,117,0,20.103
1.76,0.84902,2.4196,1,0.48725,-0.13567,0,0.86266,5.8435,-1.7871,0,-0.59749,-1.9004,1.1674,-4.7003,-16.881,0,0,0,0,3.0148,3.0079,3.0169,3.0088,-37.79,13.332,0,10.224,116.01,0,20.081
1.77,0.90722,2.4009,1,0.48373,-0.14671,0,0.86283,5.7946,-1.9553,0,-0.65089,-1.9,1.1759,-5.0777,-16.742,0,0,0,0,3.0111,3.0042,3.0133,3.005,-37.672,14.487,0,13.257,114.94,0,20.056
1.78,0.9649,2.3805,1,0.47991,-0.15775,0,0.86302,5.742,-2.1219,0,-0.70458,-1.8984,1.1844,-5.4537,-16.591,0,0,0,0,3.007,3.0004,3.0095,3.0009,-37.525,15.631,0,16.29,113.78,0,20.03
1.79,1.022,2.3585,1,0.47578,-0.16878,0,0.86322,5.6856,-2.287,0,-0.75851,-1.8954,1.193,-5.828,-16.429,0,0,0,0,3.0027,2.9962,3.0054,2.9966,-37.347,16.762,0,19.318,112.54,0,20.001
1.8,1.0786,2.3348,1,0.47135,-0.17978,0,0.86343,5.6254,-2.4505,0,-0.81265,-1.8911,1.2015,-6.2005,-16.256,0,0,0,0,2.9982,2.9919,3.001,2.992,-37.138,17.881,0,22.342,111.23,0,19.972
1.81,1.1345,2.3095,1,0.4666,-0.19076,0,0.86365,5.5616,-2.6121,0,-0.86696,-1.8853,1.21,-6.5707,-16.072,0,0,0,0,2.9935,2.9873,2.9965,2.9873,-36.9,18.987,0,25.358,109.84,0,19.941
1.82,1.1898,2.2825,1,0.46155,-0.20171,0,0.86388,5.494,-2.7719,0,-0.92139,-1.878,1.2185,-6.9384,-15.876,0,0,0,0,2.9887,2.9827,2.9918,2.9823,-36.631,20.078,0,28.365,108.37,0,19.909
1.83,1.2444,2.254,1,0.45619,-0.21261,0,0.86411,5.4228,-2.9296,0,-0.97589,-1.8691,1.2269,-7.3032,-15.67,0,0,0,0,2.9836,2.9778,2.987,2.9773,-36.332,21.154,0,31.36,106.83,0,19.876
1.84,1.2983,2.224,1,0.45051,-0.22345,0,0.86436,5.348,-3.0853,0,-1.0304,-1.8587,1.2351,-7.6649,-15.453,0,0,0,0,2.9785,2.9729,2.982,2.9721,-36.004,22.214,0,34.342,105.22,0,19.843
1.85,1.3514,2.1923,1,0.44452,-0.23424,0,0.8646,5.2695,-3.2387,0,-1.0849,-1.8466,1.2433,-8.0232,-15.226,0,0,0,0,2.9733,2.9679,2.977,2.9669,-35.646,23.258,0,37.309,103.53,0,19.808
1.86,1.4036,2.1592,1,0.43822,-0.24494,0,0.86485,5.1875,-3.3897,0,-1.1392,-1.8327,1.2513,-8.3778,-14.988,0,0,0,0,2.968,2.9629,2.9719,2.9616,-35.258,24.284,0,40.258,101.78,0,19.774
1.87,1.4551,2.1246,1,0.4316,-0.25557,0,0.8651,5.102,-3.5384,0,-1.1934,-1.8172,1.2591,-8.7283,-14.74,0,0,0,0,2.9627,2.9578,2.9668,2.9562,-34.841,25.293,0,43.186,99.965,0,19.739
1.88,1.5057,2.0884,1,0.42468,-0.26609,0,0.86536,5.013,-3.6845,0,-1.2473,-1.7998,1.2668,-9.0745,-14.483,0,0,0,0,2.9573,2.9527,2.9616,2.9509,-34.394,26.284,0,46.091,98.082,0,19.704
1.89,1.5553,2.0509,1,0.41744,-0.27652,0,0.86561,4.9205,-3.828,0,-1.3008,-1.7806,1.2742,-9.4161,-14.215,0,0,0,0,2.952,2.9477,2.9565,2.9456,-33.919,27.255,0,48.971,96.136,0,19.67
1.9,1.6041,2.0119,1,0.40989,-0.28682,0,0.86586,4.8247,-3.9688,0,-1.354,-1.7596,1.2815,-9.7527,-13.937,0,0,0,0,2.9467,2.9427,2.9514,2.9403,-33.415,28.206,0,51.823,94.128,0,19.635
1.91,1.6518,1.9715,1,0.40204,-0.297,0,0.86611,4.7255,-4.1067,0,-1.4066,-1.7366,1.2885,-10.084,-13.651,0,0,0,0,2.9415,2.9378,2.9463,2.9351,-32.883,29.137,0,54.645,92.061,0,19.601
1.92,1.6986,1.9298,1,0.39388,-0.30704,0,0.86636,4.623,-4.2418,0,-1.4586,-1.7118,1.2952,-10.41,-13.355,0,0,0,0,2.9363,2.933,2.9414,2.93,-32.322,30.047,0,57.435,89.937,0,19.568
1.93,1.7443,1.8867,1,0.38543,-0.31693,0,0.8666,4.5173,-4.3738,0,-1.51,-1.685,1.3016,-10.731,-13.05,0,0,0,0,2.9313,2.9283,2.9365,2.9249,-31.734,30.936,0,60.19,87.756,0,19.535
1.94,1.7889,1.8423,1,0.37668,-0.32666,0,0.86684,4.4084,-4.5027,0,-1.5605,-1.6563,1.3078,-11.045,-12.736,0,0,0,0,2.9264,2.9237,2.9317,2.9201,-31.118,31.802,0,62.907,85.521,0,19.503
1.95,1.8324,1.7966,1,0.36763,-0.33621,0,0.86707,4.2964,-4.6285,0,-1.6103,-1.6257,1.3137,-11.353,-12.414,0,0,0,0,2.9216,2.9192,2.9271,2.9153,-30.476,32.646,0,65.585,83.234,0,19.472
1.96,1.8748,1.7497,1,0.3583,-0.34558,0,0.86729,4.1814,-4.751,0,-1.659,-1.5932,1.3192,-11.654,-12.083,0,0,0,0,2.9169,2.915,2.9227,2.9108,-29.807,33.467,0,68.221,80.897,0,19.442
1.97,1.916,1.7016,1,0.34868,-0.35475,0,0.86751,4.0633,-4.8701,0,-1.7068,-1.5588,1.3245,-11.949,-11.745,0,0,0,0,2.9125,2.9109,2.9184,2.9064,-29.112,34.264,0,70.813,78.51,0,19.413
1.98,1.9561,1.6523,1,0.3388,-0.36371,0,0.86772,3.9424,-4.9858,0,-1.7533,-1.5224,1.3294,-12.236,-11.398,0,0,0,0,2.9082,2.907,2.9143,2.9022,-28.391,35.037,0,73.357,76.076,0,19.386
1.99,1.9949,1.6019,1,0.32864,-0.37246,0,0.86791,3.8186,-5.0981,0,-1.7987,-1.4843,1.3339,-12.517,-11.044,0,0,0,0,2.9041,2.9033,2.9103,2.8982,-27.645,35.785,0,75.852,73.598,0,19.36
2,2.0324,1.5504,1,0.31822,-0.38098,0,0.8681,3.6921,-5.2067,0,-1.8428,-1.4442,1.3381,-12.789,-10.683,0,0,0,0,2.9002,2.8998,2.9066,2.8945,-26.874,36.508,0,78.295,71.075,0,19.335
2.01,2.0687,1.4978,1,0.30755,-0.38925,0,0.86827,3.5629,-5.3117,0,-1.8855,-1.4025,1.342,-13.054,-10.314,0,0,0,0,2.8966,2.8966,2.9031,2.8909,-26.079,37.206,0,80.685,68.511,0,19.312
2.02,2.1037,1.4442,1,0.29663,-0.39728,0,0.86844,3.4311,-5.413,0,-1.9267,-1.3589,1.3455,-13.311,-9.9385,0,0,0,0,2.8931,2.8936,2.8998,2.8876,-25.26,37.879,0,83.017,65.908,0,19.29
2.03,2.1373,1.3896,1,0.28547,-0.40504,0,0.86859,3.2967,-5.5104,0,-1.9664,-1.3137,1.3487,-13.559,-9.5564,0,0,0,0,2.89,2.8908,2.8968,2.8846,-24.419,38.524,0,85.291,63.266,0,19.27
2.04,2.1696,1.334,1,0.27409,-0.41253,0,0.86873,3.1599,-5.6041,0,-2.0044,-1.2669,1.3515,-13.799,-9.1681,0,0,0,0,2.887,2.8883,2.894,2.8818,-23.555,39.144,0,87.504,60.587,0,19.252
2.05,2.2005,1.2775,1,0.26249,-0.41975,0,0.86886,3.0207,-5.6938,0,-2.0408,-1.2184,1.354,-14.03,-8.7737,0,0,0,0,2.8843,2.886,2.8914,2.8793,-22.669,39.736,0,89.653,57.875,0,19.235
2.06,2.23,1.2201,1,0.25068,-0.42667,0,0.86897,2.8793,-5.7795,0,-2.0755,-1.1685,1.3562,-14.252,-8.3735,0,0,0,0,2.8819,2.884,2.8891,2.8771,-21.762,40.301,0,91.735,55.129,0,19.22
2.07,2.2581,1.1619,1,0.23867,-0.4333,0,0.86907,2.7357,-5.8612,0,-2.1084,-1.1172,1.358,-14.465,-7.9677,0,0,0,0,2.8797,2.8823,2.887,2.8751,-20.834,40.839,0,93.75,52.352,0,19.207
2.08,2.2847,1.1029,1,0.22647,-0.43962,0,0.86916,2.59,-5.9389,0,-2.1394,-1.0645,1.3595,-14.669,-7.5568,0,0,0,0,2.8778,2.8807,2.8852,2.8733,-19.887,41.348,0,95.695,49.546,0,19.195
2.09,2.3099,1.0431,1,0.2141,-0.44563,0,0.86924,2.4424,-6.0124,0,-2.1686,-1.0106,1.3607,-14.863,-7.1409,0,0,0,0,2.8761,2.8795,2.8837,2.8719,-18.921,41.829,0,97.567,46.713,0,19.185
2.1,2.3336,0.98267,1,0.20156,-0.45132,0,0.8693,2.2928,-6.0817,0,-2.1959,-0.95542,1.3616,-15.047,-6.7203,0,0,0,0,2.8747,2.8785,2.8823,2.8707,-17.936,42.282,0,99.365,43.853,0,19.177
2.11,2.3557,0.92152,1,0.18887,-0.45668,0,0.86935,2.1415,-6.1467,0,-2.2212,-0.89918,1.3621,-15.222,-6.2953,0,0,0,0,2.8735,2.8777,2.8812,2.8697,-16.934,42.706,0,101.09,40.97,0,19.17
2.12,2.3764,0.85975,1,0.17603,-0.4617,0,0.86939,1.9884,-6.2076,0,-2.2445,-0.84193,1.3625,-15.386,-5.8663,0,0,0,0,2.8726,2.8772,2.8804,2.8691,-15.915,43.102,0,102.73,38.063,0,19.165
2.13,2.3955,0.79739,1,0.16307,-0.46639,0,0.86942,1.8338,-6.2641,0,-2.2659,-0.78374,1.3625,-15.54,-5.4334,0,0,0,0,2.8719,2.8769,2.8798,2.8686,-14.879,43.468,0,104.29,35.137,0,19.162
2.14,2.4131,0.73448,1,0.14998,-0.47074,0,0.86943,1.6777,-6.3162,0,-2.2853,-0.72471,1.3623,-15.684,-4.997,0,0,0,0,2.8715,2.8768,2.8794,2.8684,-13.829,43.804,0,105.77,32.191,0,19.16
2.15,2.4291,0.67108,1,0.13679,-0.47473,0,0.86943,1.5201,-6.364,0,-2.3026,-0.66493,1.3619,-15.817,-4.5574,0,0,0,0,2.8713,2.877,2.8792,2.8685,-12.764,44.111,0,107.16,29.227,0,19.16
2.16,2.4435,0.60722,1,0.1235,-0.47838,0,0.86942,1.3614,-6.4073,0,-2.318,-0.60448,1.3613,-15.939,-4.1149,0,0,0,0,2.8713,2.8773,2.8793,2.8687,-11.686,44.389,0,108.47,26.249,0,19.161
2.17,2.4563,0.54295,1,0.11013,-0.48167,0,0.8694,1.2014,-6.4463,0,-2.3314,-0.54345,1.3605,-16.05,-3.6697,0,0,0,0,2.8715,2.8779,2.8796,2.8692,-10.595,44.636,0,109.68,23.256,0,19.164
2.18,2.4675,0.47831,1,0.096684,-0.4846,0,0.86937,1.0404,-6.4807,0,-2.3427,-0.48192,1.3595,-16.151,-3.2222,0,0,0,0,2.8719,2.8787,2.88,2.8699,-9.4927,44.854,0,110.81,20.251,0,19.168
2.19,2.4771,0.41335,1,0.083178,-0.48717,0,0.86933,0.87843,-6.5107,0,-2.3521,-0.41998,1.3583,-16.24,-2.7727,0,0,0,0,2.8726,2.8796,2.8807,2.8708,-8.3794,45.041,0,111.84,17.236,0,19.173
2.2,2.4851,0.34811,1,0.069623,-0.48938,0,0.86929,0.71563,-6.5362,0,-2.3596,-0.35771,1.357,-16.318,-2.3215,0,0,0,0,2.8734,2.8807,2.8815,2.8719,-7.2562,45.198,0,112.78,14.212,0,19.179
2.21,2.4914,0.28264,1,0.056029,-0.49123,0,0.86923,0.5521,-6.5571,0,-2.3651,-0.29518,1.3556,-16.385,-1.8689,0,0,0,0,2.8744,2.882,2.8825,2.8732,-6.1242,45.325,0,113.61,11.181,0,19.187
2.22,2.4961,0.21698,1,0.04241,-0.49271,0,0.86916,0.38796,-6.5736,0,-2.3686,-0.23248,1.3541,-16.441,-1.4151,0,0,0,0,2.8755,2.8835,2.8837,2.8746,-4.9843,45.422,0,114.35,8.1446,0,19.195
2.23,2.4992,0.15118,1,0.028774,-0.49382,0,0.86909,0.22333,-6.5854,0,-2.3703,-0.16967,1.3524,-16.485,-0.96054,0,0,0,0,2.8768,2.8851,2.885,2.8762,-3.8375,45.488,0,114.99,5.1048,0,19.205
2.24,2.5006,0.085287,1,0.015135,-0.49457,0,0.869,0.058305,-6.5928,0,-2.3701,-0.10683,1.3507,-16.517,-0.50545,0,0,0,0,2.8783,2.8868,2.8865,2.8779,-2.6849,45.524,0,115.52,2.0632,0,19.216
2.25,2.5003,0.019341,1,0.0015011,-0.49496,0,0.86892,-0.10698,-6.5955,0,-2.3681,-0.044037,1.349,-16.538,-0.050159,0,0,0,0,2.8799,2.8887,2.8881,2.8798,-1.5275,45.53,0,115.94,-0.97851,0,19.227
2.26,2.4984,-0.046609,1,-0.012115,-0.49498,0,0.86882,-0.27243,-6.5938,0,-2.3642,0.018655,1.3472,-16.548,0.40504,0,0,0,0,2.8816,2.8906,2.8898,2.8818,-0.36635,45.505,0,116.26,-4.0186,0,19.24
2.27,2.4949,-0.11252,1,-0.025704,-0.49463,0,0.86872,-0.4379,-6.5874,0,-2.3586,0.081178,1.3453,-16.546,0.85983,0,0,0,0,2.8835,2.8927,2.8916,2.8839,0.79737,45.449,0,116.47,-7.0554,0,19.253
2.28,2.4897,-0.17834,1,-0.039256,-0.49392,0,0.86862,-0.6033,-6.5766,0,-2.3512,0.14347,1.3435,-16.532,1.3139,0,0,0,0,2.8854,2.8949,2.8935,2.8861,1.9626,45.363,0,116.57,-10.087,0,19.267
2.29,2.4828,-0.24404,1,-0.05276,-0.49286,0,0.86851,-0.7685,-6.5612,0,-2.3421,0.20547,1.3416,-16.507,1.767,0,0,0,0,2.8875,2.8971,2.8956,2.8884,3.1284,45.247,0,116.57,-13.112,0,19.281
2.3,2.4743,-0.30955,1,-0.066206,-0.49143,0,0.8684,-0.93339,-6.5412,0,-2.3313,0.26713,1.3397,-16.469,2.2188,0,0,0,0,2.8896,2.8995,2.8977,2.8908,4.2936,45.101,0,116.46,-16.129,0,19.296
2.31,2.4641,-0.37485,1,-0.079585,-0.48965,0,0.86828,-1.0979,-6.5168,0,-2.3189,0.3284,1.3378,-16.421,2.6689,0,0,0,0,2.8918,2.9019,2.8998,2.8933,5.4573,44.925,0,116.25,-19.136,0,19.311
2.32,2.4523,-0.43987,1,-0.092888,-0.48752,0,0.86816,-1.2618,-6.4879,0,-2.3048,0.38922,1.3359,-16.36,3.1172,0,0,0,0,2.8941,2.9043,2.9021,2.8959,6.6184,44.719,0,115.95,-22.131,0,19.327
2.33,2.4389,-0.50459,1,-0.10611,-0.48503,0,0.86803,-1.425,-6.4545,0,-2.2892,0.44954,1.3341,-16.288,3.5632,0,0,0,0,2.8965,2.9069,2.9044,2.8985,7.7759,44.482,0,115.54,-25.113,0,19.344
2.34,2.4238,-0.56895,1,-0.11923,-0.4822,0,0.86791,-1.5875,-6.4166,0,-2.272,0.50933,1.3323,-16.205,4.0067,0,0,0,0,2.8989,2.9094,2.9067,2.9011,8.9289,44.216,0,115.04,-28.079,0,19.36
2.35,2.4072,-0.63291,1,-0.13224,-0.47903,0,0.86778,-1.7491,-6.3743,0,-2.2532,0.56854,1.3305,-16.11,4.4474,0,0,0,0,2.9013,2.912,2.9091,2.9038,10.076,43.921,0,114.45,-31.029,0,19.377
2.36,2.3889,-0.69642,1,-0.14515,-0.47551,0,0.86765,-1.9097,-6.3277,0,-2.233,0.62714,1.3287,-16.003,4.885,0,0,0,0,2.9038,2.9147,2.9115,2.9065,11.218,43.596,0,113.77,-33.961,0,19.394
2.37,2.369,-0.75944,1,-0.15793,-0.47166,0,0.86752,-2.0691,-6.2766,0,-2.2113,0.68507,1.327,-15.885,5.3192,0,0,0,0,2.9063,2.9173,2.914,2.9093,12.351,43.242,0,112.99,-36.872,0,19.412
2.38,2.3475,-0.82194,1,-0.17059,-0.46747,0,0.86739,-2.2273,-6.2213,0,-2.1881,0.74231,1.3253,-15.756,5.7498,0,0,0,0,2.9089,2.92,2.9165,2.9121,13.477,42.858,0,112.12,-39.762,0,19.429
2.39,2.3244,-0.88386,1,-0.18311,-0.46296,0,0.86726,-2.3842,-6.1617,0,-2.1636,0.79882,1.3236,-15.616,6.1763,0,0,0,0,2.9115,2.9227,2.919,2.9149,14.594,42.447,0,111.17,-42.628,0,19.447
2.4,2.2998,-0.94516,1,-0.19548,-0.45812,0,0.86713,-2.5396,-6.0978,0,-2.1376,0.85457,1.322,-15.464,6.5986,0,0,0,0,2.914,2.9254,2.9215,2.9177,15.7,42.006,0,110.13,-45.469,0,19.464
2.41,2.2736,-1.0058,1,-0.2077,-0.45297,0,0.867,-2.6934,-6.0297,0,-2.1104,0.90952,1.3204,-15.302,7.0163,0,0,0,0,2.9166,2.9281,2.924,2.9205,16.796,41.537,0,109.01,-48.283,0,19.482
2.42,2.2459,-1.0657,1,-0.21975,-0.4475,0,0.86687,-2.8456,-5.9575,0,-2.0817,0.96365,1.3189,-15.129,7.4293,0,0,0,0,2.9192,2.9307,2.9265,2.9233,17.88,41.04,0,107.81,-51.069,0,19.5
2.43,2.2167,-1.1249,1,-0.23164,-0.44172,0,0.86673,-2.996,-5.8811,0,-2.0518,1.0169,1.3175,-14.944,7.8371,0,0,0,0,2.9218,2.9334,2.929,2.9262,18.952,40.516,0,106.52,-53.824,0,19.517
2.44,2.186,-1.1833,1,-0.24336,-0.43563,0,0.8666,-3.1445,-5.8008,0,-2.0207,1.0693,1.316,-14.75,8.2395,0,0,0,0,2.9244,2.9361,2.9314,2.9289,20.01,39.964,0,105.16,-56.548,0,19.535
2.45,2.1539,-1.2409,1,-0.25488,-0.42925,0,0.86648,-3.2909,-5.7164,0,-1.9883,1.1208,1.3147,-14.544,8.6363,0,0,0,0,2.927,2.9387,2.9339,2.9317,21.055,39.385,0,103.72,-59.238,0,19.552
2.46,2.1202,-1.2977,1,-0.26622,-0.42257,0,0.86635,-3.4353,-5.628,0,-1.9546,1.1714,1.3134,-14.328,9.0271,0,0,0,0,2.9295,2.9413,2.9363,2.9345,22.085,38.779,0,102.21,-61.893,0,19.569
2.47,2.0852,-1.3535,1,-0.27737,-0.41561,0,0.86622,-3.5775,-5.5358,0,-1.9199,1.2209,1.3121,-14.103,9.4118,0,0,0,0,2.9321,2.9439,2.9388,2.9372,23.099,38.147,0,100.62,-64.511,0,19.587
2.48,2.0487,-1.4084,1,-0.28831,-0.40836,0,0.8661,-3.7173,-5.4398,0,-1.8839,1.2696,1.3109,-13.867,9.79,0,0,0,0,2.9346,2.9464,2.9411,2.9399,24.097,37.489,0,98.963,-67.091,0,19.603
2.49,2.0108,-1.4623,1,-0.29903,-0.40083,0,0.86597,-3.8548,-5.3401,0,-1.8468,1.3172,1.3097,-13.621,10.161,0,0,0,0,2.937,2.949,2.9435,2.9426,25.078,36.806,0,97.235,-69.631,0,19.62
2.5,1.9716,-1.5152,1,-0.30955,-0.39304,0,0.86585,-3.9897,-5.2366,0,-1.8087,1.3637,1.3085,-13.365,10.526,0,0,0,0,2.9395,2.9514,2.9458,2.9452,26.041,36.097,0,95.439,-72.129,0,19.636
2.51,1.931,-1.567,1,-0.31984,-0.38498,0,0.86574,-4.122,-5.1296,0,-1.7694,1.4093,1.3075,-13.1,10.883,0,0,0,0,2.9419,2.9538,2.9481,2.9478,26.986,35.363,0,93.576,-74.584,0,19.653
2.52,1.8892,-1.6177,1,-0.3299,-0.37666,0,0.86562,-4.2517,-5.019,0,-1.7292,1.4537,1.3064,-12.825,11.233,0,0,0,0,2.9442,2.9562,2.9503,2.9503,27.913,34.605,0,91.649,-76.994,0,19.668
2.53,1.846,-1.6674,1,-0.33972,-0.36808,0,0.86551,-4.3785,-4.9049,0,-1.6879,1.4971,1.3055,-12.542,11.575,0,0,0,0,2.9466,2.9585,2.9525,2.9528,28.819,33.824,0,89.66,-79.358,0,19.684
2.54,1.8016,-1.7158,1,-0.34931,-0.35927,0,0.8654,-4.5025,-4.7875,0,-1.6456,1.5394,1.3045,-12.249,11.91,0,0,0,0,2.9488,2.9608,2.9546,2.9552,29.706,33.018,0,87.609,-81.673,0,19.699
2.55,1.756,-1.7631,1,-0.35865,-0.35021,0,0.86529,-4.6235,-4.6668,0,-1.6024,1.5806,1.3036,-11.948,12.236,0,0,0,0,2.951,2.963,2.9566,2.9575,30.571,32.19,0,85.499,-83.939,0,19.714
2.56,1.7091,-1.8091,1,-0.36774,-0.34092,0,0.86519,-4.7414,-4.5428,0,-1.5582,1.6206,1.3028,-11.638,12.553,0,0,0,0,2.9532,2.9651,2.9586,2.9598,31.415,31.34,0,83.332,-86.154,0,19.728
2.57,1.6611,-1.8539,1,-0.37657,-0.3314,0,0.86508,-4.8562,-4.4157,0,-1.5132,1.6595,1.302,-11.319,12.862,0,0,0,0,2.9553,2.9672,2.9606,2.9621,32.238,30.467,0,81.109,-88.316,0,19.742
2.58,1.612,-1.8975,1,-0.38514,-0.32166,0,0.86499,-4.9678,-4.2856,0,-1.4672,1.6972,1.3013,-10.993,13.163,0,0,0,0,2.9573,2.9692,2.9625,2.9642,33.037,29.574,0,78.832,-90.423,0,19.755
2.59,1.5618,-1.9396,1,-0.39344,-0.31171,0,0.86489,-5.076,-4.1525,0,-1.4205,1.7337,1.3006,-10.659,13.454,0,0,0,0,2.9592,2.9711,2.9643,2.9663,33.814,28.659,0,76.502,-92.475,0,19.768
2.6,1.5105,-1.9805,1,-0.40148,-0.30155,0,0.8648,-5.1809,-4.0166,0,-1.3729,1.7691,1.3,-10.317,13.736,0,0,0,0,2.9611,2.973,2.966,2.9684,34.567,27.724,0,74.122,-94.469,0,19.781
2.61,1.4582,-2.02,1,-0.40924,-0.29119,0,0.86472,-5.2823,-3.8778,0,-1.3245,1.8032,1.2994,-9.9675,14.008,0,0,0,0,2.9629,2.9747,2.9676,2.9703,35.296,26.77,0,71.694,-96.404,0,19.793
2.62,1.4049,-2.058,1,-0.41671,-0.28064,0,0.86463,-5.3802,-3.7364,0,-1.2754,1.8362,1.2989,-9.611,14.271,0,0,0,0,2.9647,2.9764,2.9692,2.9722,36.001,25.796,0,69.218,-98.278,0,19.804
2.63,1.3506,-2.0947,1,-0.42391,-0.26991,0,0.86455,-5.4745,-3.5924,0,-1.2255,1.8679,1.2985,-9.2476,14.524,0,0,0,0,2.9663,2.978,2.9707,2.9739,36.681,24.805,0,66.697,-100.09,0,19.815
2.64,1.2954,-2.1299,1,-0.43081,-0.25899,0,0.86448,-5.5652,-3.446,0,-1.1749,1.8984,1.2981,-8.8775,14.767,0,0,0,0,2.9679,2.9795,2.9721,2.9756,37.335,23.795,0,64.133,-101.84,0,19.825
2.65,1.2393,-2.1636,1,-0.43742,-0.2479,0,0.86441,-5.6521,-3.2971,0,-1.1237,1.9276,1.2977,-8.501,15,0,0,0,0,2.9694,2.981,2.9735,2.9772,37.963,22.768,0,61.526,-103.52,0,19.835
2.66,1.1824,-2.1958,1,-0.44374,-0.23665,0,0.86434,-5.7352,-3.146,0,-1.0718,1.9556,1.2974,-8.1183,15.222,0,0,0,0,2.9708,2.9823,2.9747,2.9787,38.565,21.725,0,58.88,-105.13,0,19.844
2.67,1.1246,-2.2265,1,-0.44976,-0.22525,0,0.86428,-5.8144,-2.9927,0,-1.0193,1.9824,1.2972,-7.7297,15.434,0,0,0,0,2.9721,2.9835,2.9759,2.9802,39.141,20.666,0,56.196,-106.68,0,19.853
2.68,1.0661,-2.2557,1,-0.45547,-0.21369,0,0.86422,-5.8897,-2.8374,0,-0.96615,2.0079,1.2971,-7.3356,15.636,0,0,0,0,2.9734,2.9847,2.9769,2.9815,39.689,19.591,0,53.475,-108.15,0,19.861
2.69,1.0068,-2.2833,1,-0.46088,-0.20199,0,0.86417,-5.9611,-2.6801,0,-0.91246,2.0321,1.297,-6.9361,15.826,0,0,0,0,2.9745,2.9857,2.9779,2.9827,40.21,18.503,0,50.719,-109.56,0,19.868
2.7,0.94689,-2.3093,1,-0.46598,-0.19015,0,0.86412,-6.0284,-2.5209,0,-0.85823,2.055,1.297,-6.5315,16.006,0,0,0,0,2.9756,2.9867,2.9788,2.9839,40.703,17.4,0,47.931,-110.89,0,19.875
2.71,0.88629,-2.3337,1,-0.47076,-0.17819,0,0.86408,-6.0917,-2.36,0,-0.80348,2.0767,1.2971,-6.1221,16.174,0,0,0,0,2.9765,2.9876,2.9795,2.9849,41.168,16.285,0,45.113,-112.14,0,19.881
2.72,0.82507,-2.3565,1,-0.47523,-0.1661,0,0.86404,-6.1509,-2.1974,0,-0.74824,2.0971,1.2972,-5.7082,16.331,0,0,0,0,2.9774,2.9883,2.9802,2.9858,41.605,15.158,0,42.265,-113.32,0,19.886
2.73,0.76328,-2.3776,1,-0.47938,-0.15391,0,0.86401,-6.2059,-2.0334,0,-0.69254,2.1161,1.2975,-5.2901,16.477,0,0,0,0,2.9781,2.989,2.9808,2.9867,42.014,14.019,0,39.39,-114.42,0,19.891
2.74,0.70097,-2.3971,1,-0.48321,-0.1416,0,0.86398,-6.2567,-1.8679,0,-0.6364,2.1339,1.2978,-4.868,16.612,0,0,0,0,2.9788,2.9895,2.9813,2.9874,42.393,12.87,0,36.489,-115.43,0,19.895
2.75,0.63816,-2.415,1,-0.48671,-0.1292,0,0.86395,-6.3032,-1.7012,0,-0.57985,2.1504,1.2981,-4.4423,16.735,0,0,0,0,2.9794,2.9899,2.9817,2.9881,42.743,11.711,0,33.565,-116.37,0,19.898
2.76,0.57492,-2.4311,1,-0.48989,-0.11671,0,0.86393,-6.3455,-1.5333,0,-0.52292,2.1655,1.2986,-4.0133,16.846,0,0,0,0,2.9799,2.9903,2.982,2.9886,43.064,10.543,0,30.62,-117.22,0,19.901
2.77,0.51127,-2.4456,1,-0.49275,-0.10413,0,0.86392,-6.3835,-1.3643,0,-0.46563,2.1794,1.2992,-3.5811,16.945,0,0,0,0,2.9802,2.9905,2.9822,2.989,43.356,9.3665,0,27.654,-117.99,0,19.903
2.78,0.44726,-2.4584,1,-0.49527,-0.091483,0,0.86391,-6.4171,-1.1944,0,-0.408,2.1919,1.2998,-3.1462,17.033,0,0,0,0,2.9805,2.9907,2.9823,2.9894,43.617,8.1832,0,24.671,-118.67,0,19.905
2.79,0.38294,-2.4695,1,-0.49746,-0.078763,0,0.8639,-6.4464,-1.0237,0,-0.35007,2.2031,1.3005,-2.7089,17.109,0,0,0,0,2.9807,2.9907,2.9823,2.9896,43.849,6.9934,0,21.671,-119.27,0,19.905
2.8,0.31835,-2.4789,1,-0.49932,-0.065983,0,0.8639,-6.4713,-0.85227,0,-0.29186,2.2129,1.3013,-2.2694,17.173,0,0,0,0,2.9808,2.9907,2.9822,2.9897,44.051,5.7982,0,18.657,-119.77,0,19.906
2.81,0.25353,-2.4866,1,-0.50084,-0.053151,0,0.86391,-6.4918,-0.68027,0,-0.2334,2.2214,1.3022,-1.828,17.225,0,0,0,0,2.9808,2.9905,2.982,2.9898,44.222,4.5983,0,15.631,-120.18,0,19.905
2.82,0.18853,-2.4925,1,-0.50203,-0.040273,0,0.86391,-6.5078,-0.50781,0,-0.17472,2.2285,1.3032,-1.385,17.265,0,0,0,0,2.9807,2.9903,2.9817,2.9897,44.363,3.3949,0,12.594,-120.5,0,19.904
2.83,0.12339,-2.4967,1,-0.50287,-0.027358,0,0.86393,-6.5195,-0.33501,0,-0.11584,2.2343,1.3042,-0.9408,17.293,0,0,0,0,2.9805,2.9899,2.9813,2.9896,44.474,2.1887,0,9.5482,-120.72,0,19.902
2.84,0.058153,-2.4992,1,-0.50338,-0.014414,0,0.86394,-6.5266,-0.162,0,-0.056801,2.2387,1.3053,-0.49564,17.309,0,0,0,0,2.9803,2.9895,2.9809,2.9893,44.554,0.98084,0,6.4954,-120.84,0,19.9
2.85,-0.0071311,-2.4999,1,-0.50355,-0.001449,0,0.86396,-6.5294,0.011119,0,0.002372,2.2417,1.3066,-0.049819,17.312,0,0,0,0,2.9799,2.989,2.9804,2.989,44.604,-0.22783,0,3.4375,-120.87,0,19.897
2.86,-0.07242,-2.499,1,-0.50338,0.01153,0,0.86399,-6.5276,0.18421,0,0.061646,2.2433,1.3078,0.39634,17.304,0,0,0,0,2.9795,2.9884,2.9797,2.9886,44.623,-1.4363,0,0.37636,-120.8,0,19.894
2.87,-0.13767,-2.4963,1,-0.50287,0.024514,0,0.86402,-6.5214,0.35716,0,0.12099,2.2435,1.3092,0.84254,17.284,0,0,0,0,2.979,2.9877,2.9791,2.9881,44.611,-2.6435,0,-2.6863,-120.63,0,19.89
2.88,-0.20283,-2.4918,1,-0.50201,0.037495,0,0.86405,-6.5108,0.52985,0,0.18036,2.2423,1.3106,1.2885,17.251,0,0,0,0,2.9785,2.987,2.9783,2.9876,44.569,-3.8486,0,-5.7487,-120.37,0,19.886
2.89,-0.26787,-2.4857,1,-0.50082,0.050464,0,0.86408,-6.4957,0.70215,0,0.23974,2.2396,1.3121,1.7338,17.207,0,0,0,0,2.9779,2.9862,2.9775,2.987,44.496,-5.0505,0,-8.8091,-120.01,0,19.881
2.9,-0.33273,-2.4778,1,-0.49928,0.063415,0,0.86412,-6.4761,0.87394,0,0.29907,2.2355,1.3136,2.1783,17.15,0,0,0,0,2.9772,2.9853,2.9767,2.9863,44.393,-6.2484,0,-11.866,-119.55,0,19.876
2.91,-0.39738,-2.4682,1,-0.4974,0.076337,0,0.86416,-6.4521,1.0451,0,0.35834,2.2299,1.3152,2.6216,17.082,0,0,0,0,2.9765,2.9844,2.9757,2.9856,44.259,-7.4413,0,-14.916,-119.01,0,19.87
2.92,-0.46176,-2.4569,1,-0.49518,0.089223,0,0.8642,-6.4237,1.2155,0,0.41749,2.2228,1.3168,3.0634,17.001,0,0,0,0,2.9758,2.9834,2.9748,2.9848,44.095,-8.6283,0,-17.96,-118.37,0,19.865
2.93,-0.52584,-2.4439,1,-0.49262,0.10206,0,0.86424,-6.3909,1.3851,0,0.47649,2.2142,1.3184,3.5034,16.909,0,0,0,0,2.975,2.9824,2.9738,2.984,43.9,-9.8084,0,-20.994,-117.65,0,19.859
2.94,-0.58956,-2.4292,1,-0.48972,0.11485,0,0.86428,-6.3536,1.5537,0,0.53529,2.2042,1.32,3.9413,16.805,0,0,0,0,2.9742,2.9814,2.9728,2.9832,43.675,-10.981,0,-24.017,-116.83,0,19.853
2.95,-0.65289,-2.4128,1,-0.48648,0.12758,0,0.86433,-6.312,1.7212,0,0.59386,2.1926,1.3217,4.3768,16.69,0,0,0,0,2.9734,2.9803,2.9717,2.9823,43.42,-12.145,0,-27.028,-115.94,0,19.846
2.96,-0.71579,-2.3948,1,-0.4829,0.14023,0,0.86438,-6.2661,1.8874,0,0.65215,2.1794,1.3234,4.8096,16.562,0,0,0,0,2.9725,2.9792,2.9707,2.9814,43.134,-13.299,0,-30.023,-114.96,0,19.84
2.97,-0.7782,-2.3751,1,-0.47898,0.1528,0,0.86442,-6.2159,2.0524,0,0.71012,2.1647,1.325,5.2394,16.424,0,0,0,0,2.9717,2.9781,2.9696,2.9805,42.819,-14.444,0,-33.003,-113.89,0,19.833
2.98,-0.84009,-2.3537,1,-0.47474,0.16528,0,0.86447,-6.1613,2.2159,0,0.76771,2.1485,1.3267,5.6659,16.274,0,0,0,0,2.9709,2.977,2.9686,2.9796,42.474,-15.577,0,-35.964,-112.75,0,19.827
2.99,-0.90141,-2.3308,1,-0.47016,0.17767,0,0.86452,-6.1026,2.3778,0,0.82489,2.1307,1.3283,6.0888,16.112,0,0,0,0,2.9701,2.9759,2.9675,2.9787,42.1,-16.698,0,-38.905,-111.52,0,19.82
3,-0.96213,-2.3062,1,-0.46525,0.18995,0,0.86456,-6.0396,2.5381,0,0.88159,2.1114,1.3299,6.5078,15.94,0,0,0,0,2.9693,2.9748,2.9665,2.9778,41.696,-17.807,0,-41.825,-110.22,0,19.814
3.01,-1.0222,-2.28,1,-0.46001,0.20211,0,0.86461,-5.9724,2.6966,0,0.93778,2.0905,1.3314,6.9226,15.756,0,0,0,0,2.9685,2.9738,2.9655,2.9769,41.264,-18.902,0,-44.721,-108.84,0,19.808
3.02,-1.0816,-2.2523,1,-0.45445,0.21414,0,0.86465,-5.9011,2.8532,0,0.99339,2.068,1.3329,7.3329,15.562,0,0,0,0,2.9677,2.9727,2.9645,2.9761,40.802,-19.984,0,-47.592,-107.38,0,19.802
3.03,-1.1402,-2.2229,1,-0.44857,0.22604,0,0.86469,-5.8258,3.0078,0,1.0484,2.0439,1.3344,7.7385,15.357,0,0,0,0,2.967,2.9717,2.9636,2.9753,40.312,-21.05,0,-50.436,-105.85,0,19.796
3.04,-1.1981,-2.1921,1,-0.44237,0.2378,0,0.86473,-5.7464,3.1603,0,1.1027,2.0183,1.3357,8.1391,15.141,0,0,0,0,2.9663,2.9707,2.9627,2.9745,39.793,-22.1,0,-53.251,-104.25,0,19.79
3.05,-1.2551,-2.1597,1,-0.43586,0.2494,0,0.86477,-5.663,3.3106,0,1.1563,1.9911,1.337,8.5343,14.915,0,0,0,0,2.9657,2.9698,2.9618,2.9737,39.247,-23.135,0,-56.035,-102.58,0,19.785
3.06,-1.3113,-2.1259,1,-0.42904,0.26084,0,0.86481,-5.5757,3.4585,0,1.2091,1.9624,1.3382,8.9239,14.678,0,0,0,0,2.9651,2.9689,2.961,2.973,38.673,-24.152,0,-58.787,-100.84,0,19.78
3.07,-1.3666,-2.0906,1,-0.42191,0.27211,0,0.86484,-5.4845,3.6041,0,1.2611,1.9321,1.3394,9.3077,14.432,0,0,0,0,2.9646,2.9681,2.9603,2.9723,38.071,-25.151,0,-61.504,-99.035,0,19.776
3.08,-1.421,-2.0538,1,-0.41449,0.2832,0,0.86487,-5.3896,3.7471,0,1.3122,1.9003,1.3404,9.6853,14.175,0,0,0,0,2.9642,2.9673,2.9596,2.9717,37.443,-26.132,0,-64.186,-97.163,0,19.771
3.09,-1.4744,-2.0156,1,-0.40677,0.2941,0,0.8649,-5.2909,3.8876,0,1.3623,1.867,1.3413,10.056,13.909,0,0,0,0,2.9638,2.9666,2.959,2.9712,36.788,-27.094,0,-66.83,-95.228,0,19.768
3.1,-1.5268,-1.9761,1,-0.39876,0.3048,0,0.86492,-5.1885,4.0253,0,1.4115,1.8322,1.3421,10.421,13.633,0,0,0,0,2.9635,2.9659,2.9585,2.9707,36.106,-28.037,0,-69.434,-93.231,0,19.764
3.11,-1.5782,-1.9352,1,-0.39047,0.3153,0,0.86494,-5.0825,4.1602,0,1.4596,1.796,1.3429,10.778,13.348,0,0,0,0,2.9633,2.9654,2.9581,2.9703,35.399,-28.959,0,-71.997,-91.174,0,19.762
3.12,-1.6284,-1.8929,1,-0.3819,0.32558,0,0.86496,-4.9729,4.2922,0,1.5067,1.7583,1.3435,11.129,13.054,0,0,0,0,2.9631,2.9649,2.9577,2.97,34.667,-29.86,0,-74.518,-89.06,0,19.759
3.13,-1.6776,-1.8493,1,-0.37307,0.33563,0,0.86497,-4.8599,4.4212,0,1.5526,1.7192,1.3439,11.472,12.751,0,0,0,0,2.963,2.9644,2.9574,2.9697,33.909,-30.74,0,-76.993,-86.889,0,19.758
3.14,-1.7256,-1.8045,1,-0.36397,0.34546,0,0.86498,-4.7435,4.5472,0,1.5973,1.6787,1.3443,11.807,12.44,0,0,0,0,2.963,2.9641,2.9572,2.9695,33.127,-31.598,0,-79.422,-84.664,0,19.756
3.15,-1.7725,-1.7584,1,-0.35461,0.35504,0,0.86498,-4.6238,4.67,0,1.6408,1.6369,1.3446,12.134,12.119,0,0,0,0,2.9631,2.9638,2.9571,2.9694,32.321,-32.433,0,-81.803,-82.387,0,19.756
3.16,-1.8181,-1.7111,1,-0.345,0.36438,0,0.86499,-4.5009,4.7896,0,1.683,1.5938,1.3447,12.453,11.791,0,0,0,0,2.9633,2.9636,2.9571,2.9693,31.491,-33.245,0,-84.134,-80.059,0,19.755
3.17,-1.8625,-1.6626,1,-0.33515,0.37347,0,0.86498,-4.3748,4.9058,0,1.7239,1.5495,1.3447,12.764,11.455,0,0,0,0,2.9635,2.9635,2.9571,2.9694,30.638,-34.034,0,-86.414,-77.682,0,19.756
3.18,-1.9056,-1.613,1,-0.32507,0.38229,0,0.86498,-4.2456,5.0186,0,1.7635,1.5039,1.3446,13.066,11.11,0,0,0,0,2.9638,2.9635,2.9573,2.9695,29.763,-34.799,0,-88.639,-75.258,0,19.757
3.19,-1.9474,-1.5622,1,-0.31476,0.39084,0,0.86497,-4.1135,5.128,0,1.8017,1.4572,1.3444,13.359,10.759,0,0,0,0,2.9642,2.9635,2.9575,2.9696,28.866,-35.539,0,-90.81,-72.789,0,19.758
3.2,-1.9878,-1.5104,1,-0.30423,0.39912,0,0.86495,-3.9785,5.2338,0,1.8386,1.4093,1.3441,13.643,10.4,0,0,0,0,2.9647,2.9636,2.9578,2.9699,27.947,-36.254,0,-92.924,-70.277,0,19.76
3.21,-2.0269,-1.4576,1,-0.2935,0.40712,0,0.86493,-3.8406,5.336,0,1.8739,1.3603,1.3437,13.918,10.034,0,0,0,0,2.9653,2.9638,2.9582,2.9702,27.007,-36.944,0,-94.979,-67.724,0,19.762
3.22,-2.0646,-1.4037,1,-0.28256,0.41483,0,0.86491,-3.7001,5.4344,0,1.9079,1.3103,1.3431,14.183,9.6609,0,0,0,0,2.9659,2.9641,2.9587,2.9706,26.048,-37.609,0,-96.973,-65.131,0,19.765
3.23,-2.1009,-1.3489,1,-0.27143,0.42225,0,0.86489,-3.557,5.5291,0,1.9403,1.2594,1.3425,14.439,9.2816,0,0,0,0,2.9665,2.9644,2.9592,2.971,25.068,-38.247,0,-98.906,-62.5,0,19.769
3.24,-2.1358,-1.2932,1,-0.26011,0.42936,0,0.86486,-3.4114,5.62,0,1.9713,1.2075,1.3418,14.685,8.896,0,0,0,0,2.9673,2.9648,2.9598,2.9715,24.07,-38.858,0,-100.77,-59.833,0,19.772
3.25,-2.1691,-1.2365,1,-0.24862,0.43618,0,0.86483,-3.2634,5.707,0,2.0007,1.1547,1.341,14.92,8.5045,0,0,0,0,2.9681,2.9653,2.9605,2.9721,23.053,-39.443,0,-102.58,-57.132,0,19.776
3.26,-2.201,-1.179,1,-0.23696,0.44268,0,0.8648,-3.113,5.7901,0,2.0286,1.1011,1.3401,15.146,8.1072,0,0,0,0,2.9689,2.9658,2.9612,2.9727,22.018,-40.001,0,-104.31,-54.398,0,19.781
3.27,-2.2314,-1.1207,1,-0.22515,0.44887,0,0.86477,-2.9605,5.8692,0,2.055,1.0467,1.3392,15.361,7.7046,0,0,0,0,2.9698,2.9663,2.962,2.9733,20.967,-40.531,0,-105.98,-51.634,0,19.786
3.28,-2.2602,-1.0617,1,-0.21318,0.45475,0,0.86473,-2.8058,5.9442,0,2.0799,0.99162,1.3382,15.565,7.2967,0,0,0,0,2.9707,2.9669,2.9628,2.974,19.899,-41.034,0,-107.57,-48.841,0,19.791
3.29,-2.2875,-1.0019,1,-0.20108,0.4603,0,0.86469,-2.6492,6.0151,0,2.1032,0.93585,1.3372,15.758,6.884,0,0,0,0,2.9717,2.9676,2.9637,2.9748,18.816,-41.508,0,-109.09,-46.02,0,19.796
3.3,-2.3132,-0.94137,1,-0.18885,0.46553,0,0.86465,-2.4907,6.0818,0,2.1249,0.87945,1.3361,15.941,6.4666,0,0,0,0,2.9726,2.9683,2.9646,2.9755,17.717,-41.954,0,-110.54,-43.174,0,19.802
3.31,-2.3373,-0.88023,1,-0.17649,0.47043,0,0.86461,-2.3304,6.1444,0,2.1451,0.82249,1.335,16.113,6.045,0,0,0,0,2.9736,2.969,2.9655,2.9763,16.605,-42.371,0,-111.91,-40.304,0,19.807
3.32,-2.3598,-0.8185,1,-0.16402,0.475,0,0.86457,-2.1685,6.2027,0,2.1638,0.76501,1.3339,16.273,5.6193,0,0,0,0,2.9747,2.9697,2.9665,2.9771,15.48,-42.76,0,-113.19,-37.412,0,19.813
3.33,-2.3807,-0.75619,1,-0.15145,0.47923,0,0.86452,-2.005,6.2568,0,2.1809,0.70706,1.3328,16.422,5.1899,0,0,0,0,2.9757,2.9704,2.9675,2.9779,14.342,-43.119,0,-114.4,-34.498,0,19.819
3.34,-2.3999,-0.69337,1,-0.13878,0.48313,0,0.86448,-1.8401,6.3065,0,2.1965,0.64868,1.3317,16.56,4.757,0,0,0,0,2.9767,2.9712,2.9684,2.9787,13.192,-43.45,0,-115.53,-31.566,0,19.825
3.35,-2.4175,-0.63008,1,-0.12603,0.48668,0,0.86444,-1.6738,6.3519,0,2.2105,0.58993,1.3305,16.686,4.321,0,0,0,0,2.9777,2.9719,2.9694,2.9795,12.031,-43.751,0,-116.57,-28.617,0,19.831
3.36,-2.4334,-0.56635,1,-0.1132,0.4899,0,0.8644,-1.5064,6.3929,0,2.2231,0.53084,1.3295,16.801,3.8821,0,0,0,0,2.9787,2.9726,2.9704,2.9803,10.861,-44.022,0,-117.52,-25.651,0,19.837
3.37,-2.4476,-0.50223,1,-0.1003,0.49278,0,0.86436,-1.3379,6.4295,0,2.2341,0.47147,1.3284,16.903,3.4407,0,0,0,0,2.9797,2.9734,2.9714,2.9811,9.6812,-44.264,0,-118.38,-22.672,0,19.843
3.38,-2.4601,-0.43777,1,-0.087348,0.49531,0,0.86431,-1.1684,6.4617,0,2.2436,0.41185,1.3274,16.994,2.9969,0,0,0,0,2.9807,2.9741,2.9724,2.9818,8.4934,-44.475,0,-119.16,-19.681,0,19.848
3.39,-2.471,-0.37301,1,-0.074341,0.4975,0,0.86428,-0.99803,6.4895,0,2.2516,0.35202,1.3264,17.073,2.5512,0,0,0,0,2.9816,2.9747,2.9733,2.9826,7.2984,-44.657,0,-119.83,-16.679,0,19.854
3.4,-2.4801,-0.308,1,-0.061292,0.49934,0,0.86424,-0.82695,6.5128,0,2.2582,0.29203,1.3254,17.14,2.1039,0,0,0,0,2.9825,2.9754,2.9742,2.9833,6.097,-44.809,0,-120.42,-13.667,0,19.859
3.41,-2.4875,-0.24277,1,-0.048209,0.50083,0,0.8642,-0.65526,6.5316,0,2.2633,0.23191,1.3246,17.195,1.6552,0,0,0,0,2.9834,2.976,2.9751,2.9839,4.8903,-44.931,0,-120.91,-10.649,0,19.864
3.42,-2.4932,-0.17738,1,-0.035101,0.50198,0,0.86417,-0.48309,6.5459,0,2.2669,0.17171,1.3238,17.238,1.2054,0,0,0,0,2.9842,2.9766,2.9759,2.9845,3.6792,-45.022,0,-121.3,-7.6249,0,19.869
3.43,-2.4972,-0.11187,1,-0.021977,0.50278,0,0.86413,-0.31055,6.5557,0,2.2691,0.11145,1.3231,17.269,0.75482,0,0,0,0,2.985,2.9771,2.9767,2.9851,2.4647,-45.083,0,-121.58,-4.5969,0,19.873
3.44,-2.4994,-0.046286,1,-0.0088441,0.50323,0,0.86411,-0.13776,6.561,0,2.2698,0.051184,1.3224,17.287,0.30381,0,0,0,0,2.9857,2.9776,2.9774,2.9856,1.2478,-45.114,0,-121.77,-1.5665,0,19.877
3.45,-2.4999,0.019332,1,0.0042888,0.50334,0,0.86408,0.035156,6.5617,0,2.2691,-0.0090618,1.3218,17.294,-0.14735,0,0,0,0,2.9864,2.9781,2.9781,2.9861,0.029635,-45.114,0,-121.85,1.4646,0,19.881
3.46,-2.4987,0.084934,1,0.017413,0.5031,0,0.86405,0.20807,6.558,0,2.267,-0.069249,1.3214,17.288,-0.59837,0,0,0,0,2.987,2.9785,2.9788,2.9865,-1.1888,-45.085,0,-121.83,4.4945,0,19.885
3.47,-2.4958,0.15048,1,0.030522,0.50251,0,0.86403,0.38087,6.5498,0,2.2634,-0.12934,1.321,17.27,-1.0489,0,0,0,0,2.9875,2.9788,2.9794,2.9869,-2.4066,-45.025,0,-121.7,7.5217,0,19.888
3.48,-2.4911,0.21591,1,0.043606,0.50158,0,0.86401,0.55343,6.537,0,2.2585,-0.18931,1.3207,17.24,-1.4988,0,0,0,0,2.988,2.9791,2.9799,2.9872,-3.6225,-44.934,0,-121.47,10.544,0,19.89
3.49,-2.4847,0.2812,1,0.056657,0.5003,0,0.864,0.72562,6.5198,0,2.2521,-0.24911,1.3204,17.197,-1.9475,0,0,0,0,2.9884,2.9793,2.9804,2.9874,-4.8356,-44.814,0,-121.14,13.561,0,19.892
3.5,-2.4766,0.3463,1,0.069667,0.49868,0,0.86398,0.89734,6.4981,0,2.2443,-0.30872,1.3203,17.143,-2.3949,0,0,0,0,2.9888,2.9795,2.9808,2.9876,-6.045,-44.663,0,-120.71,16.569,0,19.894
3.51,-2.4667,0.41115,1,0.082629,0.49671,0,0.86397,1.0684,6.4719,0,2.2351,-0.3681,1.3202,17.076,-2.8407,0,0,0,0,2.9891,2.9796,2.9812,2.9877,-7.2495,-44.482,0,-120.19,19.568,0,19.896
3.52,-2.4552,0.47572,1,0.095533,0.49441,0,0.86396,1.2388,6.4413,0,2.2245,-0.42721,1.3202,16.998,-3.2845,0,0,0,0,2.9893,2.9797,2.9815,2.9877,-8.4484,-44.272,0,-119.57,22.556,0,19.897
3.53,-2.442,0.53996,1,0.10837,0.49176,0,0.86396,1.4084,6.4062,0,2.2125,-0.48604,1.3203,16.908,-3.726,0,0,0,0,2.9895,2.9797,2.9817,2.9877,-9.6406,-44.031,0,-118.86,25.53,0,19.898
3.54,-2.427,0.60383,1,0.12114,0.48878,0,0.86396,1.5769,6.3668,0,2.1991,-0.54453,1.3205,16.805,-4.165,0,0,0,0,2.9896,2.9796,2.9819,2.9876,-10.825,-43.761,0,-118.05,28.489,0,19.898
3.55,-2.4104,0.66728,1,0.13382,0.48546,0,0.86396,1.7444,6.3229,0,2.1843,-0.60266,1.3207,16.691,-4.6011,0,0,0,0,2.9897,2.9795,2.9821,2.9875,-12.001,-43.461,0,-117.16,31.432,0,19.898
3.56,-2.3922,0.73027,1,0.14642,0.4818,0,0.86396,1.9107,6.2748,0,2.1681,-0.66039,1.321,16.565,-5.0341,0,0,0,0,2.9897,2.9794,2.9822,2.9873,-13.168,-43.133,0,-116.18,34.357,0,19.898
3.57,-2.3722,0.79276,1,0.15892,0.47782,0,0.86396,2.0757,6.2223,0,2.1505,-0.71768,1.3214,16.428,-5.4637,0,0,0,0,2.9897,2.9792,2.9822,2.9871,-14.325,-42.774,0,-115.11,37.261,0,19.897
3.58,-2.3506,0.8547,1,0.17131,0.4735,0,0.86397,2.2392,6.1655,0,2.1315,-0.77451,1.3218,16.279,-5.8895,0,0,0,0,2.9896,2.979,2.9822,2.9868,-15.47,-42.387,0,-113.97,40.144,0,19.896
3.59,-2.3274,0.91606,1,0.18359,0.46886,0,0.86398,2.4012,6.1045,0,2.1111,-0.83083,1.3222,16.118,-6.3113,0,0,0,0,2.9895,2.9787,2.9822,2.9865,-16.604,-41.972,0,-112.73,43.003,0,19.895
3.6,-2.3026,0.97678,1,0.19575,0.4639,0,0.86399,2.5616,6.0393,0,2.0893,-0.88662,1.3227,15.947,-6.7289,0,0,0,0,2.9893,2.9784,2.9821,2.9862,-17.725,-41.527,0,-111.42,45.837,0,19.893
3.61,-2.2762,1.0368,1,0.20777,0.45862,0,0.864,2.7201,5.9699,0,2.0662,-0.94182,1.3232,15.764,-7.1418,0,0,0,0,2.9891,2.9781,2.982,2.9858,-18.832,-41.055,0,-110.03,48.644,0,19.892
3.62,-2.2482,1.0962,1,0.21966,0.45301,0,0.86402,2.8768,5.8965,0,2.0416,-0.9964,1.3238,15.57,-7.5499,0,0,0,0,2.9889,2.9777,2.9819,2.9853,-19.925,-40.555,0,-108.57,51.422,0,19.89
3.63,-2.2187,1.1547,1,0.23141,0.4471,0,0.86403,3.0315,5.8189,0,2.0156,-1.0503,1.3243,15.365,-7.9528,0,0,0,0,2.9886,2.9773,2.9817,2.9849,-21.003,-40.027,0,-107.03,54.17,0,19.888
3.64,-2.1876,1.2125,1,0.243,0.44088,0,0.86405,3.1841,5.7374,0,1.9883,-1.1036,1.3249,15.15,-8.3503,0,0,0,0,2.9883,2.9769,2.9815,2.9844,-22.065,-39.471,0,-105.41,56.886,0,19.885
3.65,-2.155,1.2695,1,0.25443,0.43435,0,0.86407,3.3345,5.652,0,1.9596,-1.1561,1.3255,14.924,-8.7421,0,0,0,0,2.988,2.9765,2.9813,2.9839,-23.111,-38.889,0,-103.73,59.567,0,19.883
3.66,-2.1209,1.3256,1,0.26569,0.42752,0,0.86408,3.4825,5.5626,0,1.9295,-1.2078,1.326,14.688,-9.128,0,0,0,0,2.9877,2.9761,2.9811,2.9833,-24.139,-38.28,0,-101.97,62.214,0,19.88
3.67,-2.0854,1.3807,1,0.27677,0.42039,0,0.8641,3.6282,5.4694,0,1.8981,-1.2587,1.3266,14.441,-9.5077,0,0,0,0,2.9873,2.9756,2.9809,2.9828,-25.15,-37.645,0,-100.15,64.823,0,19.878
3.68,-2.0484,1.4349,1,0.28766,0.41297,0,0.86412,3.7713,5.3725,0,1.8654,-1.3088,1.3272,14.185,-9.8808,0,0,0,0,2.987,2.9752,2.9806,2.9822,-26.142,-36.984,0,-98.262,67.393,0,19.875
3.69,-2.01,1.4882,1,0.29836,0.40526,0,0.86414,3.9119,5.2718,0,1.8313,-1.358,1.3277,13.919,-10.247,0,0,0,0,2.9866,2.9747,2.9804,2.9817,-27.115,-36.297,0,-96.311,69.922,0,19.872
3.7,-1.9701,1.5404,1,0.30886,0.39727,0,0.86416,4.0497,5.1675,0,1.7959,-1.4062,1.3282,13.643,-10.607,0,0,0,0,2.9862,2.9743,2.9801,2.9811,-28.068,-35.585,0,-94.299,72.409,0,19.869
3.71,-1.929,1.5915,1,0.31916,0.38901,0,0.86418,4.1847,5.0597,0,1.7593,-1.4535,1.3287,13.357,-10.959,0,0,0,0,2.9858,2.9738,2.9799,2.9805,-29.001,-34.849,0,-92.227,74.853,0,19.867
3.72,-1.8865,1.6415,1,0.32923,0.38047,0,0.8642,4.3168,4.9484,0,1.7213,-1.4998,1.3292,13.063,-11.304,0,0,0,0,2.9854,2.9734,2.9796,2.9799,-29.913,-34.089,0,-90.097,77.251,0,19.864
3.73,-1.8426,1.6905,1,0.33909,0.37167,0,0.86422,4.4459,4.8337,0,1.6822,-1.5451,1.3297,12.759,-11.641,0,0,0,0,2.9851,2.973,2.9794,2.9794,-30.803,-33.304,0,-87.912,79.601,0,19.861
3.74,-1.7976,1.7382,1,0.34871,0.36262,0,0.86424,4.5719,4.7156,0,1.6418,-1.5892,1.3301,12.447,-11.97,0,0,0,0,2.9847,2.9726,2.9791,2.9788,-31.671,-32.497,0,-85.673,81.903,0,19.859
3.75,-1.7512,1.7848,1,0.3581,0.3533,0,0.86426,4.6948,4.5943,0,1.6002,-1.6323,1.3305,12.126,-12.29,0,0,0,0,2.9843,2.9722,2.9789,2.9782,-32.516,-31.666,0,-83.382,84.154,0,19.856
3.76,-1.7037,1.8301,1,0.36724,0.34375,0,0.86428,4.8144,4.4698,0,1.5574,-1.6742,1.3308,11.797,-12.603,0,0,0,0,2.9839,2.9718,2.9787,2.9777,-33.338,-30.814,0,-81.041,86.352,0,19.853
3.77,-1.6549,1.8741,1,0.37613,0.33395,0,0.86429,4.9307,4.3423,0,1.5135,-1.715,1.3311,11.459,-12.907,0,0,0,0,2.9836,2.9714,2.9785,2.9772,-34.137,-29.94,0,-78.652,88.497,0,19.851
3.78,-1.6051,1.9169,1,0.38476,0.32392,0,0.86431,5.0436,4.2117,0,1.4684,-1.7545,1.3314,11.114,-13.202,0,0,0,0,2.9832,2.9711,2.9783,2.9766,-34.911,-29.044,0,-76.217,90.587,0,19.849
3.79,-1.5541,1.9584,1,0.39313,0.31366,0,0.86433,5.153,4.0783,0,1.4223,-1.7928,1.3316,10.761,-13.487,0,0,0,0,2.9829,2.9707,2.9781,2.9761,-35.661,-28.128,0,-73.738,92.619,0,19.846
3.8,-1.502,1.9985,1,0.40123,0.30319,0,0.86434,5.2588,3.942,0,1.3752,-1.8298,1.3318,10.401,-13.764,0,0,0,0,2.9826,2.9704,2.9779,2.9756,-36.386,-27.192,0,-71.217,94.592,0,19.844
3.81,-1.4489,2.0372,1,0.40905,0.29251,0,0.86436,5.361,3.803,0,1.327,-1.8656,1.332,10.033,-14.031,0,0,0,0,2.9822,2.9701,2.9778,2.9752,-37.085,-26.236,0,-68.656,96.505,0,19.842
3.82,-1.3948,2.0745,1,0.4166,0.28162,0,0.86437,5.4594,3.6614,0,1.2779,-1.9,1.3321,9.6592,-14.289,0,0,0,0,2.9819,2.9699,2.9776,2.9747,-37.759,-25.262,0,-66.056,98.355,0,19.84
3.83,-1.3397,2.1104,1,0.42385,0.27054,0,0.86439,5.5541,3.5173,0,1.2278,-1.9331,1.3322,9.2783,-14.536,0,0,0,0,2.9817,2.9696,2.9775,2.9743,-38.406,-24.269,0,-63.42,100.14,0,19.838
3.84,-1.2837,2.1449,1,0.43081,0.25927,0,0.8644,5.645,3.3707,0,1.1768,-1.9649,1.3322,8.8912,-14.774,0,0,0,0,2.9814,2.9694,2.9774,2.9738,-39.027,-23.259,0,-60.75,101.86,0,19.837
3.85,-1.2269,2.1778,1,0.43747,0.24782,0,0.86441,5.7319,3.2218,0,1.1249,-1.9952,1.3323,8.4979,-15.002,0,0,0,0,2.9811,2.9692,2.9773,2.9734,-39.621,-22.232,0,-58.047,103.52,0,19.835
3.86,-1.1691,2.2093,1,0.44384,0.23619,0,0.86442,5.8149,3.0707,0,1.0723,-2.0242,1.3323,8.0988,-15.219,0,0,0,0,2.9808,2.969,2.9772,2.973,-40.188,-21.189,0,-55.314,105.1,0,19.833
3.87,-1.1106,2.2392,1,0.44989,0.22441,0,0.86443,5.8939,2.9175,0,1.0188,-2.0517,1.3323,7.6942,-15.425,0,0,0,0,2.9806,2.9688,2.9771,2.9727,-40.727,-20.131,0,-52.551,106.61,0,19.832
3.88,-1.0513,2.2676,1,0.45563,0.21247,0,0.86444,5.9688,2.7623,0,0.96462,-2.0779,1.3323,7.2844,-15.621,0,0,0,0,2.9803,2.9687,2.9771,2.9723,-41.239,-19.057,0,-49.76,108.06,0,19.831
3.89,-0.99121,2.2945,1,0.46106,0.20038,0,0.86445,6.0396,2.6051,0,0.90972,-2.1026,1.3323,6.8696,-15.806,0,0,0,0,2.9801,2.9685,2.977,2.972,-41.722,-17.97,0,-46.943,109.43,0,19.829
3.9,-0.93048,2.3197,1,0.46616,0.18815,0,0.86446,6.1062,2.4462,0,0.85415,-2.1258,1.3323,6.45,-15.981,0,0,0,0,2.9799,2.9684,2.977,2.9716,-42.178,-16.869,0,-44.101,110.72,0,19.828
3.91,-0.8691,2.3434,1,0.47095,0.17579,0,0.86447,6.1685,2.2855,0,0.79797,-2.1476,1.3322,6.0261,-16.144,0,0,0,0,2.9796,2.9683,2.9769,2.9713,-42.604,-15.756,0,-41.235,111.94,0,19.827
3.92,-0.80712,2.3654,1,0.4754,0.16331,0,0.86448,6.2267,2.1233,0,0.7412,-2.1679,1.3322,5.598,-16.296,0,0,0,0,2.9794,2.9681,2.9769,2.971,-43.002,-14.631,0,-38.347,113.07,0,19.826
3.93,-0.74458,2.3858,1,0.47953,0.15072,0,0.86449,6.2805,1.9597,0,0.68389,-2.1868,1.3322,5.1661,-16.436,0,0,0,0,2.9792,2.968,2.9769,2.9706,-43.371,-13.494,0,-35.438,114.13,0,19.824
3.94,-0.68152,2.4046,1,0.48332,0.13803,0,0.86449,6.33,1.7946,0,0.62608,-2.2041,1.3322,4.7307,-16.565,0,0,0,0,2.9789,2.9679,2.9768,2.9703,-43.711,-12.348,0,-32.51,115.11,0,19.823
3.95,-0.61799,2.4217,1,0.48678,0.12523,0,0.8645,6.3751,1.6284,0,0.56782,-2.22,1.3323,4.292,-16.683,0,0,0,0,2.9787,2.9678,2.9768,2.97,-44.021,-11.193,0,-29.563,116,0,19.822
3.96,-0.55404,2.4372,1,0.4899,0.11235,0,0.86451,6.4158,1.461,0,0.50913,-2.2344,1.3323,3.8504,-16.789,0,0,0,0,2.9785,2.9678,2.9767,2.9697,-44.302,-10.028,0,-26.6,116.81,0,19.821
3.97,-0.48969,2.451,1,0.49268,0.099391,0,0.86452,6.4521,1.2926,0,0.45007,-2.2472,1.3324,3.4061,-16.884,0,0,0,0,2.9782,2.9677,2.9767,2.9694,-44.553,-8.8566,0,-23.622,117.53,0,19.82
3.98,-0.42501,2.463,1,0.49511,0.086362,0,0.86453,6.4839,1.1234,0,0.39067,-2.2586,1.3325,2.9594,-16.966,0,0,0,0,2.978,2.9676,2.9767,2.9691,-44.774,-7.6781,0,-20.63,118.17,0,19.819
3.99,-0.36003,2.4734,1,0.4972,0.07327,0,0.86453,6.5113,0.95335,0,0.33098,-2.2685,1.3327,2.5107,-17.037,0,0,0,0,2.9777,2.9675,2.9766,2.9688,-44.966,-6.4936,0,-17.626,118.71,0,19.818
4,-0.2948,2.4821,1,0.49895,0.060127,0,0.86454,6.5341,0.78267,0,0.27103,-2.2768,1.3329,2.0602,-17.096,0,0,0,0,2.9775,2.9674,2.9766,2.9685,-45.127,-5.3041,0,-14.611,119.17,0,19.817
4.01,-0.22936,2.4891,1,0.50035,0.046939,0,0.86455,6.5525,0.61146,0,0.21086,-2.2837,1.3331,1.6083,-17.143,0,0,0,0,2.9772,2.9673,2.9765,2.9682,-45.258,-4.1106,0,-11.586,119.53,0,19.815
4.02,-0.16376,2.4943,1,0.5014,0.033716,0,0.86456,6.5663,0.43984,0,0.15052,-2.289,1.3333,1.1552,-17.178,0,0,0,0,2.9769,2.9673,2.9764,2.9679,-45.359,-2.9139,0,-8.5534,119.79,0,19.814
4.03,-0.098051,2.4979,1,0.5021,0.020467,0,0.86457,6.5756,0.26793,0,0.090043,-2.2927,1.3336,0.70119,-17.202,0,0,0,0,2.9767,2.9672,2.9764,2.9676,-45.429,-1.7151,0,-5.5139,119.96,0,19.813
4.04,-0.032268,2.4997,1,0.50245,0.0072006,0,0.86458,6.5803,0.095849,0,0.029476,-2.295,1.334,0.24667,-17.213,0,0,0,0,2.9764,2.9671,2.9763,2.9673,-45.469,-0.51499,0,-2.4692,120.04,0,19.812
4.05,0.03354,2.4998,1,0.50245,-0.0060745,0,0.86459,6.5805,-0.076284,0,-0.03114,-2.2957,1.3343,-0.20809,-17.212,0,0,0,0,2.9761,2.967,2.9762,2.9671,-45.478,0.68533,0,0.57929,120.01,0,19.811
4.06,0.099327,2.4982,1,0.5021,-0.019349,0,0.86459,6.5761,-0.24835,0,-0.091762,-2.2949,1.3348,-0.66279,-17.199,0,0,0,0,2.9758,2.967,2.9761,2.9668,-45.457,1.8849,0,3.6301,119.89,0,19.81
4.07,0.16505,2.4948,1,0.5014,-0.032614,0,0.8646,6.5672,-0.42023,0,-0.15235,-2.2925,1.3352,-1.1171,-17.174,0,0,0,0,2.9756,2.9669,2.9761,2.9665,-45.406,3.0827,0,6.6812,119.66,0,19.808
4.08,0.23066,2.4898,1,0.50035,-0.045861,0,0.86461,6.5538,-0.59179,0,-0.21285,-2.2885,1.3356,-1.5708,-17.137,0,0,0,0,2.9753,2.9669,2.976,2.9662,-45.324,4.2778,0,9.7311,119.35,0,19.807
4.09,0.29611,2.483,1,0.49894,-0.059081,0,0.86462,6.5358,-0.76293,0,-0.27323,-2.283,1.3361,-2.0235,-17.089,0,0,0,0,2.975,2.9668,2.9759,2.966,-45.211,5.4693,0,12.778,118.93,0,19.806
4.1,0.36136,2.4745,1,0.49719,-0.072264,0,0.86462,6.5133,-0.93353,0,-0.33344,-2.2759,1.3366,-2.4749,-17.028,0,0,0,0,2.9748,2.9668,2.9759,2.9657,-45.068,6.6562,0,15.819,118.43,0,19.805
4.11,0.42636,2.4643,1,0.4951,-0.085402,0,0.86463,6.4863,-1.1035,0,-0.39344,-2.2673,1.3371,-2.9248,-16.956,0,0,0,0,2.9745,2.9668,2.9758,2.9655,-44.895,7.8376,0,18.854,117.83,0,19.804
4.12,0.49107,2.4524,1,0.49265,-0.098485,0,0.86464,6.4549,-1.2726,0,-0.45317,-2.2571,1.3377,-3.3727,-16.871,0,0,0,0,2.9743,2.9668,2.9758,2.9653,-44.691,9.0126,0,21.88,117.15,0,19.804
4.13,0.55544,2.4389,1,0.48986,-0.1115,0,0.86464,6.4189,-1.4408,0,-0.5126,-2.2453,1.3382,-3.8185,-16.775,0,0,0,0,2.9741,2.9669,2.9758,2.9651,-44.457,10.18,0,24.896,116.38,0,19.803
4.14,0.61943,2.4236,1,0.48673,-0.12445,0,0.86464,6.3785,-1.6081,0,-0.57168,-2.2319,1.3387,-4.2618,-16.668,0,0,0,0,2.9739,2.967,2.9758,2.965,-44.193,11.34,0,27.9,115.52,0,19.803
4.15,0.683,2.4067,1,0.48325,-0.13732,0,0.86464,6.3337,-1.7742,0,-0.63036,-2.217,1.3392,-4.7022,-16.549,0,0,0,0,2.9737,2.9671,2.9758,2.9648,-43.899,12.49,0,30.889,114.58,0,19.802
4.16,0.74609,2.3881,1,0.47944,-0.15009,0,0.86465,6.2845,-1.939,0,-0.68859,-2.2004,1.3397,-5.1396,-16.418,0,0,0,0,2.9736,2.9672,2.9759,2.9648,-43.575,13.631,0,33.863,113.55,0,19.802
4.17,0.80867,2.3679,1,0.47529,-0.16276,0,0.86464,6.2309,-2.1025,0,-0.74633,-2.1823,1.3401,-5.5737,-16.276,0,0,0,0,2.9735,2.9674,2.976,2.9647,-43.222,14.761,0,36.819,112.44,0,19.803
4.18,0.8707,2.3461,1,0.47081,-0.17532,0,0.86464,6.173,-2.2645,0,-0.80352,-2.1626,1.3405,-6.004,-16.123,0,0,0,0,2.9734,2.9676,2.9761,2.9647,-42.839,15.88,0,39.756,111.26,0,19.803
4.19,0.93212,2.3226,1,0.46599,-0.18777,0,0.86464,6.1108,-2.4249,0,-0.86012,-2.1414,1.3409,-6.4303,-15.958,0,0,0,0,2.9734,2.9679,2.9763,2.9648,-42.427,16.986,0,42.671,110,0,19.804
4.2,0.9929,2.2976,1,0.46085,-0.20008,0,0.86463,6.0444,-2.5836,0,-0.91608,-2.1186,1.3412,-6.8524,-15.783,0,0,0,0,2.9734,2.9682,2.9765,2.9648,-41.986,18.079,0,45.563,108.66,0,19.805
4.21,1.053,2.271,1,0.45539,-0.21226,0,0.86462,5.9738,-2.7405,0,-0.97135,-2.0942,1.3415,-7.27,-15.597,0,0,0,0,2.9734,2.9686,2.9767,2.965,-41.516,19.159,0,48.431,107.24,0,19.806
4.22,1.1124,2.2428,1,0.44961,-0.2243,0,0.86461,5.899,-2.8955,0,-1.0259,-2.0683,1.3417,-7.6827,-15.4,0,0,0,0,2.9735,2.969,2.977,2.9652,-41.017,20.224,0,51.271,105.76,0,19.808
4.23,1.171,2.2131,1,0.44351,-0.23618,0,0.86459,5.8202,-3.0485,0,-1.0796,-2.0409,1.3418,-8.0902,-15.192,0,0,0,0,2.9737,2.9695,2.9773,2.9654,-40.49,21.274,0,54.084,104.2,0,19.81
4.24,1.2287,2.1818,1,0.43711,-0.24789,0,0.86457,5.7372,-3.1993,0,-1.1325,-2.012,1.3419,-8.4924,-14.975,0,0,0,0,2.9739,2.97,2.9777,2.9657,-39.936,22.308,0,56.866,102.57,0,19.812
4.25,1.2857,2.1491,1,0.4304,-0.25943,0,0.86455,5.6503,-3.3479,0,-1.1845,-1.9816,1.3419,-8.8888,-14.746,0,0,0,0,2.9742,2.9706,2.9782,2.9661,-39.353,23.325,0,59.616,100.88,0,19.815
4.26,1.3417,2.1149,1,0.42339,-0.2708,0,0.86453,5.5595,-3.4942,0,-1.2356,-1.9497,1.3419,-9.2793,-14.508,0,0,0,0,2.9745,2.9712,2.9787,2.9665,-38.744,24.325,0,62.332,99.118,0,19.818
4.27,1.3969,2.0792,1,0.41608,-0.28197,0,0.86451,5.4648,-3.6381,0,-1.2858,-1.9164,1.3417,-9.6636,-14.26,0,0,0,0,2.9749,2.9719,2.9792,2.967,-38.107,25.307,0,65.012,97.292,0,19.822
4.28,1.451,2.0421,1,0.40849,-0.29294,0,0.86448,5.3662,-3.7794,0,-1.3349,-1.8816,1.3415,-10.041,-14.002,0,0,0,0,2.9753,2.9727,2.9798,2.9676,-37.443,26.271,0,67.655,95.404,0,19.826
4.29,1.5042,2.0036,1,0.40061,-0.30371,0,0.86445,5.264,-3.9181,0,-1.3829,-1.8455,1.3411,-10.412,-13.735,0,0,0,0,2.9758,2.9735,2.9804,2.9682,-36.754,27.215,0,70.259,93.454,0,19.83
4.3,1.5563,1.9638,1,0.39246,-0.31427,0,0.86441,5.158,-4.0541,0,-1.4299,-1.808,1.3407,-10.776,-13.458,0,0,0,0,2.9763,2.9744,2.9811,2.9689,-36.038,28.14,0,72.821,91.446,0,19.835
4.31,1.6073,1.9226,1,0.38404,-0.3246,0,0.86438,5.0484,-4.1872,0,-1.4757,-1.7692,1.3402,-11.133,-13.172,0,0,0,0,2.9769,2.9754,2.9819,2.9697,-35.298,29.044,0,75.341,89.379,0,19.84
4.32,1.6572,1.88,1,0.37536,-0.3347,0,0.86434,4.9354,-4.3175,0,-1.5203,-1.7291,1.3396,-11.482,-12.877,0,0,0,0,2.9776,2.9763,2.9827,2.9705,-34.532,29.927,0,77.817,87.257,0,19.845
4.33,1.706,1.8362,1,0.36642,-0.34457,0,0.8643,4.8188,-4.4447,0,-1.5637,-1.6878,1.339,-11.824,-12.573,0,0,0,0,2.9783,2.9774,2.9835,2.9713,-33.741,30.789,0,80.246,85.08,0,19.851
4.34,1.7536,1.7912,1,0.35723,-0.35419,0,0.86425,4.6989,-4.5689,0,-1.6059,-1.6452,1.3382,-12.157,-12.261,0,0,0,0,2.979,2.9785,2.9844,2.9723,-32.927,31.628,0,82.628,82.851,0,19.857
4.35,1.8,1.7449,1,0.3478,-0.36357,0,0.8642,4.5757,-4.6899,0,-1.6468,-1.6015,1.3373,-12.482,-11.941,0,0,0,0,2.9798,2.9796,2.9854,2.9732,-32.089,32.446,0,84.96,80.571,0,19.863
4.36,1.8451,1.6974,1,0.33814,-0.37268,0,0.86416,4.4493,-4.8077,0,-1.6864,-1.5566,1.3364,-12.799,-11.612,0,0,0,0,2.9807,2.9808,2.9864,2.9743,-31.228,33.24,0,87.24,78.242,0,19.87
4.37,1.889,1.6487,1,0.32825,-0.38154,0,0.86411,4.3198,-4.9221,0,-1.7247,-1.5107,1.3354,-13.107,-11.276,0,0,0,0,2.9816,2.9821,2.9874,2.9753,-30.344,34.01,0,89.467,75.865,0,19.877
4.38,1.9315,1.5989,1,0.31815,-0.39012,0,0.86405,4.1872,-5.0332,0,-1.7616,-1.4637,1.3343,-13.406,-10.932,0,0,0,0,2.9825,2.9833,2.9884,2.9765,-29.439,34.757,0,91.638,73.443,0,19.884
4.39,1.9727,1.5481,1,0.30783,-0.39843,0,0.864,4.0517,-5.1408,0,-1.7972,-1.4158,1.3332,-13.695,-10.581,0,0,0,0,2.9835,2.9846,2.9895,2.9776,-28.512,35.479,0,93.753,70.977,0,19.892
4.4,2.0125,1.4961,1,0.29731,-0.40645,0,0.86395,3.9133,-5.2448,0,-1.8313,-1.3668,1.3319,-13.976,-10.223,0,0,0,0,2.9845,2.9859,2.9906,2.9788,-27.564,36.176,0,95.81,68.468,0,19.9
4.41,2.051,1.4432,1,0.2866,-0.41419,0,0.86389,3.7722,-5.3452,0,-1.8641,-1.317,1.3307,-14.246,-9.8577,0,0,0,0,2.9855,2.9873,2.9917,2.98,-26.596,36.848,0,97.806,65.919,0,19.907
4.42,2.088,1.3892,1,0.2757,-0.42164,0,0.86383,3.6284,-5.4419,0,-1.8954,-1.2664,1.3293,-14.508,-9.486,0,0,0,0,2.9865,2.9886,2.9929,2.9812,-25.608,37.495,0,99.74,63.331,0,19.915
4.43,2.1235,1.3344,1,0.26462,-0.4288,0,0.86378,3.4821,-5.5349,0,-1.9254,-1.2149,1.328,-14.759,-9.1079,0,0,0,0,2.9875,2.99,2.994,2.9825,-24.601,38.115,0,101.61,60.705,0,19.923
4.44,2.1576,1.2786,1,0.25338,-0.43565,0,0.86372,3.3333,-5.6241,0,-1.9539,-1.1626,1.3266,-14.999,-8.7237,0,0,0,0,2.9886,2.9913,2.9951,2.9838,-23.576,38.709,0,103.41,58.044,0,19.931
4.45,2.1902,1.2219,1,0.24197,-0.4422,0,0.86366,3.1821,-5.7094,0,-1.9809,-1.1097,1.3251,-15.23,-8.3338,0,0,0,0,2.9896,2.9927,2.9963,2.985,-22.533,39.276,0,105.15,55.35,0,19.939
4.46,2.2212,1.1644,1,0.23041,-0.44844,0,0.86361,3.0287,-5.7907,0,-2.0066,-1.056,1.3237,-15.45,-7.9383,0,0,0,0,2.9906,2.994,2.9974,2.9863,-21.473,39.815,0,106.82,52.623,0,19.947
4.47,2.2507,1.1061,1,0.21871,-0.45437,0,0.86355,2.8732,-5.8681,0,-2.0308,-1.0018,1.3222,-15.659,-7.5376,0,0,0,0,2.9917,2.9953,2.9985,2.9875,-20.397,40.328,0,108.42,49.866,0,19.955
4.48,2.2787,1.047,1,0.20687,-0.45998,0,0.86349,2.7156,-5.9415,0,-2.0535,-0.94692,1.3207,-15.858,-7.1319,0,0,0,0,2.9927,2.9966,2.9996,2.9887,-19.305,40.813,0,109.94,47.08,0,19.963
4.49,2.305,0.98727,1,0.1949,-0.46528,0,0.86344,2.556,-6.0107,0,-2.0748,-0.89154,1.3193,-16.046,-6.7214,0,0,0,0,2.9936,2.9979,3.0006,2.9899,-18.198,41.269,0,111.39,44.267,0,19.97
4.5,2.3298,0.92684,1,0.18282,-0.47025,0,0.86339,2.3947,-6.0759,0,-2.0947,-0.83566,1.3178,-16.222,-6.3066,0,0,0,0,2.9946,2.9991,3.0016,2.9911,-17.078,41.698,0,112.76,41.429,0,19.977
4.51,2.3529,0.86577,1,0.17062,-0.4749,0,0.86334,2.2316,-6.1368,0,-2.1132,-0.77933,1.3164,-16.387,-5.8876,0,0,0,0,2.9954,3.0002,3.0026,2.9922,-15.943,42.098,0,114.06,38.567,0,19.984
4.52,2.3744,0.80411,1,0.15832,-0.47922,0,0.8633,2.067,-6.1936,0,-2.1303,-0.72258,1.315,-16.541,-5.4647,0,0,0,0,2.9963,3.0013,3.0035,2.9933,-14.797,42.469,0,115.28,35.684,0,19.991
4.53,2.3943,0.74191,1,0.14593,-0.48322,0,0.86325,1.9009,-6.2461,0,-2.1459,-0.66546,1.3137,-16.683,-5.0383,0,0,0,0,2.9971,3.0024,3.0044,2.9943,-13.638,42.811,0,116.41,32.781,0,19.997
4.54,2.4124,0.6792,1,0.13345,-0.48688,0,0.86321,1.7334,-6.2944,0,-2.1602,-0.60799,1.3124,-16.813,-4.6086,0,0,0,0,2.9978,3.0034,3.0051,2.9952,-12.469,43.125,0,117.46,29.859,0,20.003
4.55,2.4289,0.61604,1,0.1209,-0.49022,0,0.86317,1.5646,-6.3383,0,-2.1731,-0.55022,1.3112,-16.932,-4.1759,0,0,0,0,2.9984,3.0042,3.0058,2.9961,-11.289,43.409,0,118.43,26.92,0,20.008
4.56,2.4437,0.55245,1,0.10827,-0.49322,0,0.86314,1.3948,-6.3779,0,-2.1846,-0.49218,1.31,-17.039,-3.7405,0,0,0,0,2.999,3.0051,3.0065,2.9969,-10.1,43.663,0,119.31,23.967,0,20.012
4.57,2.4568,0.48849,1,0.095584,-0.49588,0,0.86311,1.2239,-6.4131,0,-2.1947,-0.4339,1.309,-17.134,-3.3027,0,0,0,0,2.9995,3.0058,3.007,2.9976,-8.9033,43.888,0,120.1,21,0,20.016
4.58,2.4682,0.42421,1,0.082842,-0.49821,0,0.86309,1.0521,-6.4439,0,-2.2035,-0.37541,1.308,-17.217,-2.8628,0,0,0,0,2.9998,3.0064,3.0074,2.9983,-7.6988,44.083,0,120.8,18.022,0,20.02
4.59,2.4779,0.35963,1,0.070052,-0.50021,0,0.86307,0.87959,-6.4703,0,-2.2109,-0.31675,1.3071,-17.288,-2.4212,0,0,0,0,3.0001,3.0069,3.0078,2.9988,-6.4877,44.248,0,121.4,15.034,0,20.023
4.6,2.4858,0.29481,1,0.057224,-0.50186,0,0.86305,0.70641,-6.4923,0,-2.217,-0.25794,1.3063,-17.347,-1.978,0,0,0,0,3.0003,3.0074,3.008,2.9993,-5.2711,44.384,0,121.92,12.038,0,20.025
4.61,2.492,0.2298,1,0.044365,-0.50318,0,0.86304,0.5327,-6.5099,0,-2.2218,-0.199,1.3056,-17.394,-1.5336,0,0,0,0,3.0004,3.0077,3.0082,2.9996,-4.0497,44.489,0,122.34,9.0358,0,20.026
4.62,2.4965,0.16463,1,0.031482,-0.50416,0,0.86304,0.35858,-6.523,0,-2.2253,-0.13998,1.305,-17.428,-1.0883,0,0,0,0,3.0004,3.0079,3.0082,2.9998,-2.8247,44.564,0,122.66,6.0287,0,20.027
4.63,2.4992,0.099354,1,0.018583,-0.5048,0,0.86304,0.18418,-6.5317,0,-2.2274,-0.080891,1.3046,-17.45,-0.6424,0,0,0,0,3.0003,3.008,3.0081,2.9999,-1.5969,44.61,0,122.88,3.0187,0,20.027
4.64,2.5001,0.034012,1,0.0056759,-0.5051,0,0.86304,0.009617,-6.5358,0,-2.2283,-0.021763,1.3042,-17.46,-0.1962,0,0,0,0,3,3.0079,3.0079,2.9999,-0.36746,44.625,0,123,0.0073916,0,20.026
4.65,2.4994,-0.031348,1,-0.0072327,-0.50506,0,0.86305,-0.16498,-6.5356,0,-2.2278,0.037378,1.304,-17.457,0.25,0,0,0,0,2.9997,3.0078,3.0076,2.9998,0.86268,44.61,0,123.01,-3.0034,0,20.025
4.66,2.4968,-0.096684,1,-0.020135,-0.50468,0,0.86307,-0.33949,-6.5309,0,-2.2261,0.096505,1.3039,-17.443,0.69589,0,0,0,0,2.9992,3.0075,3.0072,2.9996,2.0925,44.565,0,122.93,-6.0119,0,20.022
4.67,2.4926,-0.16195,1,-0.033023,-0.50397,0,0.86309,-0.51379,-6.5217,0,-2.223,0.15559,1.304,-17.416,1.1412,0,0,0,0,2.9986,3.0071,3.0066,2.9993,3.3209,44.49,0,122.74,-9.0163,0,20.019
4.68,2.4866,-0.2271,1,-0.045891,-0.50291,0,0.86312,-0.68776,-6.508,0,-2.2187,0.21462,1.3041,-17.376,1.5856,0,0,0,0,2.9979,3.0066,3.0059,2.9988,4.547,44.384,0,122.46,-12.015,0,20.015
4.69,2.4788,-0.2921,1,-0.058729,-0.50151,0,0.86315,-0.86128,-6.49,0,-2.213,0.27355,1.3044,-17.325,2.0288,0,0,0,0,2.9971,3.006,3.0051,2.9982,5.7697,44.249,0,122.07,-15.005,0,20.011
4.7,2.4693,-0.35689,1,-0.071532,-0.49978,0,0.86319,-1.0342,-6.4675,0,-2.2061,0.33237,1.3048,-17.261,2.4705,0,0,0,0,2.9962,3.0052,3.0042,2.9975,6.9882,44.084,0,121.59,-17.986,0,20.005
4.71,2.4581,-0.42143,1,-0.084291,-0.49771,0,0.86324,-1.2065,-6.4406,0,-2.1978,0.39105,1.3054,-17.185,2.9104,0,0,0,0,2.9951,3.0044,3.0032,2.9967,8.2013,43.89,0,121.02,-20.956,0,19.999
4.72,2.4452,-0.48568,1,-0.096998,-0.49531,0,0.86329,-1.3779,-6.4093,0,-2.1882,0.44957,1.306,-17.097,3.3482,0,0,0,0,2.994,3.0034,3.002,2.9958,9.4083,43.665,0,120.35,-23.912,0,19.992
4.73,2.4306,-0.5496,1,-0.10965,-0.49257,0,0.86334,-1.5483,-6.3736,0,-2.1774,0.50789,1.3068,-16.997,3.7836,0,0,0,0,2.9927,3.0023,3.0008,2.9948,10.608,43.411,0,119.6,-26.853,0,19.984
4.74,2.4142,-0.61314,1,-0.12223,-0.48949,0,0.8634,-1.7178,-6.3336,0,-2.1652,0.56599,1.3076,-16.885,4.2163,0,0,0,0,2.9914,3.0011,2.9994,2.9937,11.8,43.128,0,118.75,-29.777,0,19.976
4.75,2.3962,-0.67626,1,-0.13474,-0.48608,0,0.86346,-1.886,-6.2893,0,-2.1517,0.62384,1.3086,-16.761,4.646,0,0,0,0,2.9899,2.9999,2.998,2.9925,12.983,42.816,0,117.82,-32.682,0,19.967
4.76,2.3765,-0.73891,1,-0.14717,-0.48234,0,0.86353,-2.0529,-6.2407,0,-2.1368,0.68142,1.3097,-16.625,5.0725,0,0,0,0,2.9883,2.9985,2.9964,2.9912,14.156,42.475,0,116.8,-35.566,0,19.957
4.77,2.3552,-0.80106,1,-0.15951,-0.47827,0,0.86361,-2.2185,-6.1878,0,-2.1206,0.73869,1.3108,-16.478,5.4954,0,0,0,0,2.9867,2.997,2.9947,2.9898,15.319,42.105,0,115.7,-38.428,0,19.947
4.78,2.3322,-0.86266,1,-0.17175,-0.47387,0,0.86368,-2.3825,-6.1308,0,-2.103,0.79563,1.3121,-16.319,5.9145,0,0,0,0,2.985,2.9955,2.993,2.9883,16.47,41.706,0,114.52,-41.265,0,19.936
4.79,2.3075,-0.92366,1,-0.18388,-0.46914,0,0.86376,-2.5448,-6.0696,0,-2.0841,0.85219,1.3134,-16.148,6.3295,0,0,0,0,2.9832,2.9938,2.9912,2.9867,17.609,41.279,0,113.26,-44.076,0,19.925
4.8,2.2813,-0.98403,1,-0.19591,-0.4641,0,0.86385,-2.7054,-6.0042,0,-2.0639,0.90835,1.3148,-15.967,6.74,0,0,0,0,2.9813,2.9921,2.9893,2.9851,18.735,40.825,0,111.92,-46.858,0,19.913
4.81,2.2534,-1.0437,1,-0.20781,-0.45872,0,0.86394,-2.8641,-5.9348,0,-2.0422,0.96407,1.3163,-15.774,7.1459,0,0,0,0,2.9794,2.9903,2.9873,2.9834,19.847,40.342,0,110.5,-49.611,0,19.901
4.82,2.224,-1.1027,1,-0.21959,-0.45303,0,0.86403,-3.0208,-5.8613,0,-2.0192,1.0193,1.3178,-15.57,7.5468,0,0,0,0,2.9774,2.9885,2.9853,2.9817,20.944,39.833,0,109.01,-52.332,0,19.888
4.83,2.193,-1.1609,1,-0.23123,-0.44702,0,0.86412,-3.1755,-5.7839,0,-1.9948,1.0741,1.3194,-15.355,7.9424,0,0,0,0,2.9754,2.9866,2.9832,2.9799,22.027,39.296,0,107.44,-55.019,0,19.875
4.84,2.1605,-1.2184,1,-0.24272,-0.4407,0,0.86422,-3.3279,-5.7025,0,-1.969,1.1282,1.321,-15.129,8.3326,0,0,0,0,2.9734,2.9847,2.9811,2.978,23.093,38.732,0,105.8,-57.671,0,19.862
4.85,2.1265,-1.275,1,-0.25406,-0.43407,0,0.86431,-3.478,-5.6172,0,-1.9419,1.1818,1.3226,-14.893,8.717,0,0,0,0,2.9713,2.9827,2.9789,2.9762,24.143,38.143,0,104.1,-60.285,0,19.848
4.86,2.0909,-1.3307,1,-0.26524,-0.42713,0,0.86441,-3.6257,-5.5282,0,-1.9134,1.2348,1.3243,-14.646,9.0954,0,0,0,0,2.9691,2.9807,2.9767,2.9742,25.175,37.527,0,102.32,-62.86,0,19.835
4.87,2.054,-1.3855,1,-0.27626,-0.41988,0,0.86451,-3.7709,-5.4353,0,-1.8834,1.2871,1.3261,-14.39,9.4674,0,0,0,0,2.967,2.9787,2.9745,2.9723,26.189,36.886,0,100.48,-65.395,0,19.821
4.88,2.0155,-1.4394,1,-0.28709,-0.41234,0,0.86461,-3.9135,-5.3388,0,-1.8521,1.3387,1.3278,-14.123,9.833,0,0,0,0,2.9648,2.9766,2.9722,2.9704,27.184,36.219,0,98.58,-67.888,0,19.807
4.89,1.9757,-1.4923,1,-0.29774,-0.4045,0,0.86472,-4.0533,-5.2387,0,-1.8194,1.3895,1.3296,-13.846,10.192,0,0,0,0,2.9627,2.9746,2.97,2.9684,28.16,35.528,0,96.613,-70.338,0,19.793
4.9,1.9345,-1.5442,1,-0.3082,-0.39636,0,0.86482,-4.1904,-5.135,0,-1.7854,1.4396,1.3313,-13.56,10.543,0,0,0,0,2.9605,2.9725,2.9677,2.9665,29.116,34.812,0,94.584,-72.743,0,19.779
4.91,1.8919,-1.595,1,-0.31846,-0.38795,0,0.86492,-4.3245,-5.0279,0,-1.75,1.4888,1.3331,-13.264,10.888,0,0,0,0,2.9584,2.9704,2.9654,2.9646,30.052,34.073,0,92.495,-75.102,0,19.765
4.92,1.848,-1.6447,1,-0.3285,-0.37924,0,0.86502,-4.4556,-4.9173,0,-1.7132,1.5371,1.3348,-12.959,11.225,0,0,0,0,2.9562,2.9684,2.9632,2.9626,30.966,33.311,0,90.348,-77.413,0,19.751
4.93,1.8028,-1.6933,1,-0.33834,-0.37027,0,0.86512,-4.5836,-4.8034,0,-1.6751,1.5844,1.3366,-12.644,11.554,0,0,0,0,2.9541,2.9664,2.961,2.9607,31.859,32.525,0,88.145,-79.674,0,19.737
4.94,1.7563,-1.7408,1,-0.34794,-0.36102,0,0.86522,-4.7085,-4.6862,0,-1.6356,1.6308,1.3383,-12.322,11.875,0,0,0,0,2.9521,2.9644,2.9588,2.9589,32.729,31.717,0,85.886,-81.886,0,19.723
4.95,1.7086,-1.787,1,-0.35732,-0.3515,0,0.86532,-4.83,-4.5659,0,-1.5949,1.6762,1.34,-11.99,12.188,0,0,0,0,2.95,2.9624,2.9566,2.957,33.576,30.888,0,83.574,-84.044,0,19.71
4.96,1.6597,-1.8321,1,-0.36645,-0.34173,0,0.86541,-4.9482,-4.4425,0,-1.5528,1.7205,1.3417,-11.65,12.493,0,0,0,0,2.948,2.9604,2.9544,2.9552,34.4,30.037,0,81.211,-86.15,0,19.697
4.97,1.6097,-1.8759,1,-0.37534,-0.3317,0,0.86551,-5.063,-4.3161,0,-1.5094,1.7637,1.3433,-11.302,12.789,0,0,0,0,2.9461,2.9585,2.9524,2.9535,35.2,29.165,0,78.797,-88.2,0,19.684
4.98,1.5585,-1.9184,1,-0.38397,-0.32142,0,0.8656,-5.1743,-4.1868,0,-1.4649,1.8057,1.3449,-10.946,13.076,0,0,0,0,2.9442,2.9567,2.9503,2.9518,35.976,28.273,0,76.335,-90.193,0,19.672
4.99,1.5062,-1.9596,1,-0.39234,-0.31091,0,0.86568,-5.2819,-4.0546,0,-1.419,1.8465,1.3465,-10.583,13.354,0,0,0,0,2.9424,2.9549,2.9483,2.9501,36.727,27.361,0,73.826,-92.129,0,19.66
5,1.4529,-1.9995,1,-0.40044,-0.30016,0,0.86577,-5.3859,-3.9197,0,-1.372,1.8861,1.348,-10.212,13.623,0,0,0,0,2.9407,2.9532,2.9464,2.9485,37.452,26.43,0,71.271,-94.005,0,19.648
5.01,1.3985,-2.038,1,-0.40826,-0.28918,0,0.86585,-5.4861,-3.7822,0,-1.3238,1.9243,1.3495,-9.8337,13.883,0,0,0,0,2.939,2.9515,2.9446,2.947,38.152,25.481,0,68.673,-95.82,0,19.637
5.02,1.3432,-2.0751,1,-0.4158,-0.27799,0,0.86593,-5.5825,-3.6421,0,-1.2745,1.9612,1.3509,-9.4488,14.133,0,0,0,0,2.9374,2.9499,2.9428,2.9456,38.826,24.514,0,66.033,-97.572,0,19.626
5.03,1.2869,-2.1108,1,-0.42305,-0.26658,0,0.866,-5.6751,-3.4995,0,-1.224,1.9968,1.3522,-9.0573,14.373,0,0,0,0,2.936,2.9484,2.9411,2.9442,39.472,23.53,0,63.352,-99.261,0,19.616
5.04,1.2297,-2.1451,1,-0.43,-0.25498,0,0.86607,-5.7637,-3.3546,0,-1.1725,2.0309,1.3535,-8.6594,14.603,0,0,0,0,2.9345,2.9469,2.9395,2.943,40.092,22.529,0,60.632,-100.88,0,19.607
5.05,1.1716,-2.1779,1,-0.43665,-0.24318,0,0.86614,-5.8482,-3.2075,0,-1.12,2.0636,1.3548,-8.2555,14.824,0,0,0,0,2.9332,2.9456,2.9379,2.9418,40.685,21.512,0,57.875,-102.44,0,19.598
5.06,1.1127,-2.2092,1,-0.44299,-0.23119,0,0.8662,-5.9287,-3.0582,0,-1.0665,2.0948,1.356,-7.8458,15.034,0,0,0,0,2.932,2.9443,2.9365,2.9407,41.25,20.481,0,55.083,-103.93,0,19.589
5.07,1.0531,-2.2391,1,-0.44902,-0.21903,0,0.86626,-6.0051,-2.9069,0,-1.012,2.1245,1.3571,-7.4306,15.233,0,0,0,0,2.9309,2.9431,2.9352,2.9397,41.787,19.434,0,52.257,-105.35,0,19.581
5.08,0.99264,-2.2674,1,-0.45473,-0.2067,0,0.86631,-6.0773,-2.7536,0,-0.95665,2.1525,1.3581,-7.0102,15.422,0,0,0,0,2.9299,2.942,2.9339,2.9388,42.295,18.374,0,49.399,-106.69,0,19.574
5.09,0.93152,-2.2941,1,-0.46012,-0.19421,0,0.86636,-6.1453,-2.5984,0,-0.90043,2.179,1.3591,-6.5848,15.601,0,0,0,0,2.929,2.941,2.9328,2.938,42.774,17.301,0,46.511,-107.96,0,19.568
5.1,0.86975,-2.3193,1,-0.46517,-0.18157,0,0.8664,-6.209,-2.4416,0,-0.84341,2.2039,1.36,-6.1548,15.768,0,0,0,0,2.9282,2.9402,2.9318,2.9373,43.225,16.215,0,43.595,-109.16,0,19.562
5.11,0.80736,-2.343,1,-0.46989,-0.16879,0,0.86644,-6.2684,-2.2831,0,-0.78564,2.2271,1.3609,-5.7204,15.925,0,0,0,0,2.9275,2.9394,2.9309,2.9367,43.646,15.118,0,40.652,-110.28,0,19.558
5.12,0.74439,-2.365,1,-0.47427,-0.15588,0,0.86647,-6.3234,-2.1231,0,-0.72717,2.2487,1.3617,-5.282,16.071,0,0,0,0,2.927,2.9387,2.9301,2.9362,44.038,14.01,0,37.684,-111.32,0,19.553
5.13,0.6809,-2.3854,1,-0.47831,-0.14285,0,0.86649,-6.374,-1.9617,0,-0.66805,2.2685,1.3624,-4.8397,16.205,0,0,0,0,2.9266,2.9381,2.9294,2.9359,44.4,12.892,0,34.694,-112.27,0,19.55
5.14,0.61693,-2.4042,1,-0.48201,-0.12971,0,0.86651,-6.4202,-1.7991,0,-0.60834,2.2866,1.363,-4.3941,16.328,0,0,0,0,2.9262,2.9377,2.9288,2.9356,44.732,11.764,0,31.682,-113.15,0,19.547
5.15,0.55251,-2.4214,1,-0.48535,-0.11647,0,0.86653,-6.4619,-1.6352,0,-0.54809,2.303,1.3636,-3.9452,16.44,0,0,0,0,2.9261,2.9373,2.9284,2.9355,45.033,10.629,0,28.651,-113.94,0,19.545
5.16,0.4877,-2.4369,1,-0.48834,-0.10314,0,0.86653,-6.4991,-1.4703,0,-0.48737,2.3176,1.3641,-3.4935,16.541,0,0,0,0,2.926,2.9371,2.928,2.9354,45.305,9.4859,0,25.602,-114.65,0,19.544
5.17,0.42255,-2.4508,1,-0.49098,-0.089729,0,0.86654,-6.5318,-1.3044,0,-0.42623,2.3305,1.3646,-3.0392,16.63,0,0,0,0,2.926,2.937,2.9278,2.9355,45.545,8.3363,0,22.538,-115.27,0,19.544
5.18,0.35708,-2.463,1,-0.49326,-0.076249,0,0.86653,-6.5599,-1.1377,0,-0.36472,2.3415,1.365,-2.5827,16.708,0,0,0,0,2.9262,2.937,2.9277,2.9357,45.755,7.1809,0,19.459,-115.8,0,19.544
5.19,0.29136,-2.4735,1,-0.49518,-0.06271,0,0.86652,-6.5834,-0.97032,0,-0.30292,2.3507,1.3653,-2.1242,16.774,0,0,0,0,2.9265,2.9371,2.9278,2.9361,45.935,6.0206,0,16.369,-116.23,0,19.546
5.2,0.22543,-2.4824,1,-0.49674,-0.049122,0,0.86651,-6.6023,-0.8023,0,-0.24088,2.3582,1.3655,-1.6641,16.828,0,0,0,0,2.927,2.9373,2.928,2.9365,46.083,4.8565,0,13.268,-116.58,0,19.548
5.21,0.15933,-2.4896,1,-0.49794,-0.035496,0,0.86649,-6.6167,-0.6338,0,-0.17866,2.3638,1.3657,-1.2027,16.871,0,0,0,0,2.9276,2.9377,2.9283,2.9371,46.2,3.6894,0,10.158,-116.83,0,19.551
5.22,0.093113,-2.4951,1,-0.49877,-0.021843,0,0.86646,-6.6264,-0.46492,0,-0.11633,2.3675,1.3658,-0.7402,16.902,0,0,0,0,2.9283,2.9381,2.9287,2.9378,46.286,2.5202,0,7.0414,-116.98,0,19.555
5.23,0.02682,-2.4989,1,-0.49925,-0.0081739,0,0.86642,-6.6315,-0.2958,0,-0.053952,2.3695,1.3658,-0.27704,16.921,0,0,0,0,2.9291,2.9387,2.9293,2.9386,46.341,1.35,0,3.9198,-117.04,0,19.559
5.24,-0.039501,-2.501,1,-0.49935,0.0055015,0,0.86638,-6.6319,-0.12654,0,0.0084143,2.3696,1.3658,0.18651,16.929,0,0,0,0,2.9301,2.9395,2.93,2.9395,46.364,0.17977,0,0.7949,-117,0,19.565
5.25,-0.1058,-2.5014,1,-0.4991,0.019172,0,0.86633,-6.6278,0.042739,0,0.070701,2.3678,1.3657,0.65014,16.925,0,0,0,0,2.9312,2.9403,2.9308,2.9406,46.357,-0.98957,0,-2.3315,-116.85,0,19.571
5.26,-0.17204,-2.5001,1,-0.49848,0.032827,0,0.86628,-6.6189,0.21192,0,0.13284,2.3642,1.3655,1.1135,16.909,0,0,0,0,2.9324,2.9413,2.9318,2.9418,46.318,-2.157,0,-5.4578,-116.61,0,19.579
5.27,-0.23817,-2.4972,1,-0.4975,0.046456,0,0.86622,-6.6055,0.38088,0,0.19478,2.3588,1.3652,1.5764,16.882,0,0,0,0,2.9338,2.9424,2.9329,2.9431,46.247,-3.3215,0,-8.5822,-116.28,0,19.587
5.28,-0.30414,-2.4925,1,-0.49616,0.060048,0,0.86615,-6.5874,0.54951,0,0.25644,2.3515,1.3648,2.0384,16.843,0,0,0,0,2.9353,2.9436,2.9341,2.9445,46.146,-4.4822,0,-11.703,-115.85,0,19.596
5.29,-0.3699,-2.4862,1,-0.49446,0.073592,0,0.86608,-6.5647,0.7177,0,0.31776,2.3424,1.3643,2.4992,16.792,0,0,0,0,2.9369,2.945,2.9355,2.9461,46.013,-5.6381,0,-14.819,-115.32,0,19.606
5.3,-0.43541,-2.4782,1,-0.4924,0.087078,0,0.866,-6.5374,0.88531,0,0.37868,2.3315,1.3638,2.9585,16.73,0,0,0,0,2.9387,2.9465,2.937,2.9478,45.85,-6.7884,0,-17.927,-114.71,0,19.617
5.31,-0.50063,-2.4685,1,-0.48999,0.10049,0,0.86591,-6.5056,1.0523,0,0.43913,2.3188,1.3631,3.4161,16.656,0,0,0,0,2.9407,2.9481,2.9387,2.9496,45.655,-7.9321,0,-21.027,-114.01,0,19.628
5.32,-0.56551,-2.4571,1,-0.48723,0.11383,0,0.86582,-6.4691,1.2184,0,0.49906,2.3043,1.3623,3.8715,16.571,0,0,0,0,2.9427,2.9498,2.9404,2.9515,45.429,-9.0683,0,-24.117,-113.22,0,19.641
5.33,-0.63,-2.4441,1,-0.48412,0.12708,0,0.86572,-6.4281,1.3836,0,0.5584,2.2879,1.3614,4.3246,16.475,0,0,0,0,2.9449,2.9517,2.9424,2.9536,45.173,-10.196,0,-27.194,-112.35,0,19.654
5.34,-0.69406,-2.4295,1,-0.48067,0.14023,0,0.86562,-6.3826,1.5479,0,0.61708,2.2699,1.3604,4.7749,16.367,0,0,0,0,2.9473,2.9537,2.9444,2.9558,44.885,-11.315,0,-30.258,-111.39,0,19.669
5.35,-0.75764,-2.4132,1,-0.47687,0.15326,0,0.86551,-6.3326,1.711,0,0.67506,2.25,1.3593,5.2222,16.249,0,0,0,0,2.9497,2.9559,2.9467,2.9582,44.567,-12.424,0,-33.307,-110.35,0,19.684
5.36,-0.8207,-2.3952,1,-0.47274,0.16618,0,0.86539,-6.2782,1.8728,0,0.73226,2.2285,1.358,5.6661,16.119,0,0,0,0,2.9523,2.9581,2.949,2.9606,44.219,-13.522,0,-36.338,-109.23,0,19.7
5.37,-0.88319,-2.3757,1,-0.46828,0.17896,0,0.86526,-6.2193,2.0333,0,0.78863,2.2052,1.3566,6.1065,15.978,0,0,0,0,2.9551,2.9605,2.9515,2.9632,43.841,-14.608,0,-39.35,-108.03,0,19.717
5.38,-0.94507,-2.3546,1,-0.46349,0.19161,0,0.86513,-6.1561,2.1923,0,0.84412,2.1803,1.3551,6.5429,15.827,0,0,0,0,2.9579,2.963,2.9541,2.9659,43.432,-15.682,0,-42.342,-106.76,0,19.735
5.39,-1.0063,-2.3319,1,-0.45839,0.20411,0,0.865,-6.0885,2.3498,0,0.89867,2.1538,1.3534,6.975,15.665,0,0,0,0,2.9609,2.9657,2.9568,2.9687,42.994,-16.743,0,-45.311,-105.41,0,19.754
5.4,-1.0668,-2.3076,1,-0.45296,0.21644,0,0.86486,-6.0166,2.5056,0,0.95222,2.1256,1.3516,7.4026,15.492,0,0,0,0,2.964,2.9684,2.9597,2.9716,42.526,-17.79,0,-48.257,-103.99,0,19.773
5.41,-1.1266,-2.2818,1,-0.44723,0.22861,0,0.86471,-5.9405,2.6596,0,1.0047,2.0959,1.3496,7.8254,15.309,0,0,0,0,2.9672,2.9713,2.9627,2.9747,42.029,-18.822,0,-51.177,-102.49,0,19.793
5.42,-1.1856,-2.2544,1,-0.44119,0.2406,0,0.86456,-5.8601,2.8117,0,1.0562,2.0647,1.3475,8.2431,15.116,0,0,0,0,2.9706,2.9743,2.9658,2.9778,41.503,-19.839,0,-54.069,-100.93,0,19.814
5.43,-1.2438,-2.2255,1,-0.43486,0.2524,0,0.8644,-5.7756,2.9619,0,1.1065,2.0319,1.3453,8.6554,14.912,0,0,0,0,2.974,2.9774,2.969,2.9811,40.948,-20.841,0,-56.933,-99.299,0,19.836
5.44,-1.3011,-2.1952,1,-0.42823,0.26401,0,0.86424,-5.687,3.1099,0,1.1556,1.9978,1.3429,9.062,14.699,0,0,0,0,2.9776,2.9806,2.9723,2.9844,40.364,-21.825,0,-59.765,-97.603,0,19.858
5.45,-1.3575,-2.1633,1,-0.42133,0.27541,0,0.86408,-5.5944,3.2558,0,1.2035,1.9622,1.3404,9.4626,14.476,0,0,0,0,2.9812,2.9838,2.9758,2.9878,39.752,-22.793,0,-62.565,-95.843,0,19.881
5.46,-1.413,-2.1301,1,-0.41414,0.28661,0,0.86391,-5.4978,3.3994,0,1.2501,1.9253,1.3377,9.8569,14.243,0,0,0,0,2.9849,2.9872,2.9793,2.9913,39.113,-23.742,0,-65.332,-94.02,0,19.905
5.47,-1.4675,-2.0954,1,-0.40669,0.29759,0,0.86374,-5.3973,3.5407,0,1.2955,1.8872,1.3349,10.245,14.001,0,0,0,0,2.9887,2.9907,2.9829,2.9949,38.446,-24.673,0,-68.062,-92.137,0,19.929
5.48,-1.5209,-2.0593,1,-0.39898,0.30834,0,0.86356,-5.2929,3.6794,0,1.3395,1.8478,1.332,10.626,13.75,0,0,0,0,2.9926,2.9942,2.9866,2.9986,37.752,-25.584,0,-70.754,-90.196,0,19.953
5.49,-1.5733,-2.0218,1,-0.39102,0.31885,0,0.86338,-5.1848,3.8156,0,1.3822,1.8071,1.3289,11,13.489,0,0,0,0,2.9965,2.9978,2.9903,3.0023,37.031,-26.476,0,-73.407,-88.197,0,19.978
5.5,-1.6246,-1.983,1,-0.38282,0.32913,0,0.86321,-5.0729,3.9492,0,1.4236,1.7654,1.3257,11.366,13.22,0,0,0,0,3.0005,3.0014,2.9941,3.006,36.284,-27.348,0,-76.019,-86.144,0,20.003
5.51,-1.6748,-1.9428,1,-0.37437,0.33917,0,0.86302,-4.9575,4.08,0,1.4635,1.7226,1.3224,11.725,12.942,0,0,0,0,3.0045,3.0051,2.998,3.0098,35.511,-28.199,0,-78.588,-84.038,0,20.029
5.52,-1.7237,-1.9014,1,-0.3657,0.34895,0,0.86284,-4.8385,4.208,0,1.5021,1.6788,1.319,12.076,12.656,0,0,0,0,3.0085,3.0088,3.0019,3.0136,34.712,-29.029,0,-81.112,-81.88,0,20.055
5.53,-1.7715,-1.8587,1,-0.35681,0.35847,0,0.86266,-4.716,4.3331,0,1.5392,1.634,1.3155,12.419,12.362,0,0,0,0,3.0126,3.0125,3.0058,3.0175,33.889,-29.837,0,-83.59,-79.673,0,20.081
5.54,-1.8181,-1.8147,1,-0.34771,0.36774,0,0.86248,-4.5901,4.4552,0,1.575,1.5883,1.3119,12.754,12.06,0,0,0,0,3.0167,3.0162,3.0097,3.0213,33.041,-30.622,0,-86.019,-77.419,0,20.107
5.55,-1.8633,-1.7696,1,-0.33841,0.37673,0,0.8623,-4.4609,4.5743,0,1.6093,1.5418,1.3082,13.08,11.75,0,0,0,0,3.0207,3.02,3.0136,3.0251,32.168,-31.385,0,-88.399,-75.119,0,20.132
5.56,-1.9073,-1.7232,1,-0.32891,0.38546,0,0.86211,-4.3285,4.6902,0,1.6422,1.4945,1.3044,13.397,11.432,0,0,0,0,3.0247,3.0237,3.0175,3.0289,31.273,-32.124,0,-90.727,-72.775,0,20.158
5.57,-1.9499,-1.6758,1,-0.31923,0.3939,0,0.86194,-4.193,4.8029,0,1.6737,1.4464,1.3005,13.706,11.107,0,0,0,0,3.0287,3.0274,3.0214,3.0327,30.354,-32.84,0,-93.002,-70.389,0,20.184
5.58,-1.9911,-1.6272,1,-0.30936,0.40207,0,0.86176,-4.0545,4.9123,0,1.7037,1.3976,1.2967,14.004,10.775,0,0,0,0,3.0327,3.031,3.0253,3.0364,29.413,-33.532,0,-95.222,-67.962,0,20.209
5.59,-2.031,-1.5775,1,-0.29933,0.40996,0,0.86159,-3.913,5.0184,0,1.7324,1.3483,1.2927,14.294,10.437,0,0,0,0,3.0365,3.0346,3.0291,3.0401,28.45,-34.199,0,-97.384,-65.498,0,20.234
5.6,-2.0694,-1.5268,1,-0.28914,0.41756,0,0.86142,-3.7686,5.121,0,1.7597,1.2983,1.2888,14.573,10.091,0,0,0,0,3.0403,3.0381,3.0328,3.0437,27.465,-34.842,0,-99.489,-62.997,0,20.258
5.61,-2.1063,-1.4751,1,-0.2788,0.42487,0,0.86125,-3.6215,5.2202,0,1.7856,1.2478,1.2848,14.843,9.7399,0,0,0,0,3.044,3.0415,3.0364,3.0471,26.46,-35.459,0,-101.53,-60.461,0,20.282
5.62,-2.1418,-1.4225,1,-0.26831,0.43189,0,0.8611,-3.4718,5.3158,0,1.8102,1.1968,1.2808,15.102,9.3823,0,0,0,0,3.0476,3.0448,3.0399,3.0505,25.435,-36.051,0,-103.51,-57.893,0,20.305
5.63,-2.1757,-1.3688,1,-0.25768,0.43861,0,0.86094,-3.3195,5.4078,0,1.8334,1.1454,1.2769,15.352,9.0189,0,0,0,0,3.051,3.048,3.0433,3.0538,24.39,-36.617,0,-105.43,-55.293,0,20.327
5.64,-2.2082,-1.3143,1,-0.24692,0.44504,0,0.8608,-3.1648,5.4961,0,1.8553,1.0936,1.2729,15.59,8.65,0,0,0,0,3.0543,3.0511,3.0466,3.0569,23.327,-37.157,0,-107.28,-52.664,0,20.348
5.65,-2.239,-1.2589,1,-0.23605,0.45117,0,0.86066,-3.0077,5.5808,0,1.876,1.0414,1.269,15.818,8.2759,0,0,0,0,3.0575,3.054,3.0497,3.0599,22.245,-37.67,0,-109.07,-50.009,0,20.368
5.66,-2.2683,-1.2027,1,-0.22506,0.457,0,0.86053,-2.8485,5.6616,0,1.8953,0.98894,1.2652,16.035,7.8967,0,0,0,0,3.0605,3.0567,3.0527,3.0627,21.145,-38.157,0,-110.79,-47.327,0,20.388
5.67,-2.296,-1.1457,1,-0.21396,0.46252,0,0.8604,-2.6871,5.7387,0,1.9135,0.93616,1.2614,16.241,7.5128,0,0,0,0,3.0633,3.0593,3.0554,3.0653,20.029,-38.617,0,-112.43,-44.622,0,20.405
5.68,-2.322,-1.0879,1,-0.20276,0.46775,0,0.86029,-2.5237,5.8119,0,1.9304,0.88312,1.2577,16.436,7.1245,0,0,0,0,3.0658,3.0616,3.058,3.0677,18.897,-39.049,0,-114,-41.895,0,20.422
5.69,-2.3465,-1.0295,1,-0.19147,0.47267,0,0.86019,-2.3584,5.8812,0,1.9462,0.82985,1.2541,16.619,6.732,0,0,0,0,3.0682,3.0638,3.0604,3.0699,17.75,-39.454,0,-115.5,-39.148,0,20.437
5.7,-2.3692,-0.97033,1,-0.18009,0.47729,0,0.86009,-2.1913,5.9465,0,1.9608,0.77639,1.2507,16.791,6.3355,0,0,0,0,3.0703,3.0657,3.0625,3.0719,16.587,-39.832,0,-116.92,-36.383,0,20.451
5.71,-2.3903,-0.91056,1,-0.16864,0.4816,0,0.86001,-2.0226,6.0079,0,1.9743,0.72274,1.2473,16.951,5.9354,0,0,0,0,3.0722,3.0673,3.0644,3.0736,15.411,-40.182,0,-118.26,-33.601,0,20.463
5.72,-2.4097,-0.85019,1,-0.15711,0.48561,0,0.85994,-1.8524,6.0652,0,1.9868,0.66894,1.2441,17.099,5.532,0,0,0,0,3.0738,3.0688,3.066,3.0751,14.222,-40.504,0,-119.52,-30.805,0,20.473
5.73,-2.4273,-0.78927,1,-0.14551,0.48931,0,0.85989,-1.6807,6.1185,0,1.9981,0.61499,1.2411,17.235,5.1254,0,0,0,0,3.0752,3.0699,3.0674,3.0763,13.021,-40.798,0,-120.7,-27.995,0,20.481
5.74,-2.4433,-0.72783,1,-0.13386,0.4927,0,0.85984,-1.5077,6.1677,0,2.0085,0.56091,1.2382,17.359,4.7161,0,0,0,0,3.0762,3.0708,3.0685,3.0772,11.809,-41.064,0,-121.79,-25.174,0,20.488
5.75,-2.4575,-0.66593,1,-0.12214,0.49579,0,0.85981,-1.3336,6.2128,0,2.0179,0.50672,1.2355,17.471,4.3042,0,0,0,0,3.0769,3.0713,3.0692,3.0779,10.586,-41.301,0,-122.8,-22.344,0,20.492
5.76,-2.4699,-0.60359,1,-0.11038,0.49857,0,0.85979,-1.1583,6.2538,0,2.0263,0.45242,1.2331,17.571,3.8901,0,0,0,0,3.0774,3.0716,3.0697,3.0782,9.3529,-41.511,0,-123.72,-19.506,0,20.495
5.77,-2.4806,-0.54087,1,-0.098576,0.50104,0,0.85979,-0.98218,6.2906,0,2.0338,0.39801,1.2308,17.658,3.4741,0,0,0,0,3.0775,3.0715,3.0698,3.0782,8.1115,-41.692,0,-124.55,-16.663,0,20.495
5.78,-2.4896,-0.47779,1,-0.086731,0.5032,0,0.85981,-0.80521,6.3233,0,2.0404,0.3435,1.2288,17.733,3.0564,0,0,0,0,3.0773,3.0711,3.0697,3.0779,6.8622,-41.844,0,-125.29,-13.815,0,20.493
5.79,-2.4967,-0.41441,1,-0.074851,0.50506,0,0.85983,-0.62756,6.3517,0,2.046,0.28889,1.227,17.795,2.6373,0,0,0,0,3.0767,3.0704,3.0691,3.0772,5.606,-41.968,0,-125.93,-10.965,0,20.489
5.8,-2.5021,-0.35077,1,-0.062943,0.5066,0,0.85988,-0.44935,6.376,0,2.0509,0.23419,1.2254,17.845,2.2172,0,0,0,0,3.0758,3.0693,3.0683,3.0762,4.3439,-42.063,0,-126.48,-8.1152,0,20.482
5.81,-2.5057,-0.28691,1,-0.05101,0.50784,0,0.85994,-0.2707,6.3961,0,2.0549,0.17938,1.2242,17.882,1.7962,0,0,0,0,3.0745,3.0679,3.067,3.0748,3.0768,-42.13,0,-126.93,-5.2662,0,20.474
5.82,-2.5075,-0.22287,1,-0.039057,0.50877,0,0.86002,-0.091744,6.4119,0,2.058,0.12446,1.2231,17.907,1.3746,0,0,0,0,3.0728,3.066,3.0654,3.0731,1.8056,-42.169,0,-127.28,-2.4203,0,20.462
5.83,-2.5076,-0.15868,1,-0.027089,0.50939,0,0.86011,0.087392,6.4236,0,2.0604,0.069429,1.2224,17.918,0.95288,0,0,0,0,3.0708,3.0639,3.0635,3.071,0.53152,-42.179,0,-127.53,0.42068,0,20.449
5.84,-2.5058,-0.094408,1,-0.01511,0.5097,0,0.86022,0.26658,6.431,0,2.0619,0.014277,1.222,17.917,0.53116,0,0,0,0,3.0684,3.0613,3.0611,3.0685,-0.74457,-42.16,0,-127.67,3.255,0,20.432
5.85,-2.5022,-0.030079,1,-0.0031252,0.5097,0,0.86035,0.44569,6.4342,0,2.0627,-0.041004,1.2218,17.903,0.10977,0,0,0,0,3.0657,3.0584,3.0584,3.0657,-2.0216,-42.114,0,-127.71,6.0809,0,20.414
5.86,-2.4969,0.034262,1,0.008862,0.50938,0,0.86049,0.62461,6.4332,0,2.0626,-0.096422,1.222,17.877,-0.31101,0,0,0,0,3.0625,3.0551,3.0553,3.0624,-3.2985,-42.039,0,-127.64,8.8965,0,20.392
5.87,-2.4897,0.098571,1,0.020847,0.50876,0,0.86066,0.80319,6.428,0,2.0618,-0.15199,1.2225,17.837,-0.73091,0,0,0,0,3.059,3.0514,3.0519,3.0588,-4.5741,-41.936,0,-127.47,11.7,0,20.369
5.88,-2.4808,0.16281,1,0.032825,0.50782,0,0.86084,0.98131,6.4186,0,2.0602,-0.20771,1.2233,17.785,-1.1496,0,0,0,0,3.0551,3.0474,3.048,3.0549,-5.8475,-41.805,0,-127.19,14.49,0,20.342
5.89,-2.4701,0.22693,1,0.044793,0.50657,0,0.86103,1.1589,6.405,0,2.0578,-0.2636,1.2244,17.72,-1.5669,0,0,0,0,3.0508,3.0429,3.0438,3.0505,-7.1175,-41.646,0,-126.8,17.266,0,20.314
5.9,-2.4576,0.29089,1,0.056745,0.505,0,0.86125,1.3357,6.3872,0,2.0546,-0.31966,1.2258,17.643,-1.9825,0,0,0,0,3.0462,3.0381,3.0393,3.0458,-8.3832,-41.459,0,-126.32,20.024,0,20.282
5.91,-2.4434,0.35466,1,0.068677,0.50312,0,0.86148,1.5117,6.3653,0,2.0506,-0.37591,1.2276,17.553,-2.396,0,0,0,0,3.0412,3.033,3.0343,3.0408,-9.6436,-41.245,0,-125.73,22.764,0,20.249
5.92,-2.4274,0.41819,1,0.080585,0.50092,0,0.86173,1.6867,6.3393,0,2.0458,-0.43235,1.2296,17.45,-2.8073,0,0,0,0,3.0359,3.0275,3.029,3.0353,-10.898,-41.004,0,-125.04,25.484,0,20.213
5.93,-2.4097,0.48143,1,0.092464,0.4984,0,0.862,1.8606,6.3092,0,2.0401,-0.489,1.232,17.335,-3.216,0,0,0,0,3.0302,3.0216,3.0234,3.0296,-12.144,-40.736,0,-124.26,28.183,0,20.175
5.94,-2.3902,0.54436,1,0.10431,0.49557,0,0.86228,2.0334,6.275,0,2.0336,-0.54586,1.2348,17.207,-3.6219,0,0,0,0,3.0242,3.0154,3.0174,3.0234,-13.382,-40.441,0,-123.38,30.858,0,20.134
5.95,-2.369,0.60692,1,0.11612,0.49241,0,0.86258,2.2047,6.2368,0,2.0261,-0.60293,1.2378,17.067,-4.0247,0,0,0,0,3.0178,3.0089,3.0111,3.017,-14.611,-40.119,0,-122.41,33.509,0,20.091
5.96,-2.3461,0.66908,1,0.12788,0.48893,0,0.8629,2.3747,6.1945,0,2.0178,-0.66022,1.2411,16.915,-4.4242,0,0,0,0,3.0111,3.002,3.0045,3.0102,-15.83,-39.771,0,-121.35,36.134,0,20.047
5.97,-2.3215,0.7308,1,0.13959,0.48512,0,0.86323,2.543,6.1483,0,2.0084,-0.71773,1.2448,16.751,-4.82,0,0,0,0,3.0042,2.9949,2.9976,3.0032,-17.038,-39.396,0,-120.19,38.73,0,20
5.98,-2.2953,0.79203,1,0.15125,0.48099,0,0.86358,2.7096,6.0981,0,1.9981,-0.77545,1.2487,16.574,-5.212,0,0,0,0,2.9969,2.9874,2.9904,2.9958,-18.234,-38.996,0,-118.95,41.298,0,19.951
5.99,-2.2673,0.85275,1,0.16285,0.47654,0,0.86394,2.8744,6.0441,0,1.9868,-0.83338,1.253,16.386,-5.5999,0,0,0,0,2.9894,2.9797,2.983,2.9882,-19.417,-38.57,0,-117.62,43.834,0,19.901
6,-2.2378,0.9129,1,0.17439,0.47175,0,0.86431,3.0373,5.9862,0,1.9744,-0.89152,1.2575,16.186,-5.9833,0,0,0,0,2.9817,2.9718,2.9753,2.9803,-20.586,-38.119,0,-116.21,46.337,0,19.848
6.01,-2.2066,0.97246,1,0.18585,0.46664,0,0.8647,3.1981,5.9244,0,1.9608,-0.94984,1.2623,15.974,-6.3622,0,0,0,0,2.9737,2.9636,2.9673,2.9722,-21.741,-37.644,0,-114.71,48.806,0,19.795
6.02,-2.1738,1.0314,1,0.19723,0.46119,0,0.8651,3.3568,5.8589,0,1.9461,-1.0083,1.2674,15.751,-6.7361,0,0,0,0,2.9655,2.9552,2.9592,2.9639,-22.88,-37.143,0,-113.13,51.239,0,19.74
6.03,-2.1395,1.0896,1,0.20853,0.45542,0,0.86551,3.5131,5.7897,0,1.9303,-1.067,1.2727,15.517,-7.105,0,0,0,0,2.9571,2.9466,2.9508,2.9553,-24.003,-36.619,0,-111.47,53.635,0,19.683
6.04,-2.1036,1.1472,1,0.21973,0.4493,0,0.86593,3.6671,5.7168,0,1.9131,-1.1258,1.2783,15.271,-7.4684,0,0,0,0,2.9485,2.9378,2.9423,2.9466,-25.109,-36.071,0,-109.74,55.992,0,19.625
6.05,-2.0661,1.2039,1,0.23084,0.44286,0,0.86637,3.8185,5.6404,0,1.8946,-1.1846,1.2841,15.015,-7.8263,0,0,0,0,2.9398,2.9289,2.9337,2.9377,-26.198,-35.499,0,-107.92,58.308,0,19.567
6.06,-2.0272,1.26,1,0.24183,0.43608,0,0.86681,3.9673,5.5603,0,1.8748,-1.2436,1.2901,14.747,-8.1784,0,0,0,0,2.931,2.9199,2.9249,2.9287,-27.267,-34.905,0,-106.03,60.582,0,19.507
6.07,-1.9868,1.3151,1,0.25271,0.42896,0,0.86726,4.1134,5.4768,0,1.8536,-1.3025,1.2964,14.469,-8.5243,0,0,0,0,2.9221,2.9107,2.916,2.9196,-28.318,-34.288,0,-104.07,62.812,0,19.447
6.08,-1.9449,1.3695,1,0.26346,0.4215,0,0.86771,4.2567,5.3899,0,1.8309,-1.3614,1.3028,14.181,-8.864,0,0,0,0,2.913,2.9015,2.9071,2.9104,-29.349,-33.649,0,-102.04,64.998,0,19.387
6.09,-1.9017,1.4229,1,0.27409,0.41371,0,0.86817,4.397,5.2996,0,1.8067,-1.4203,1.3094,13.883,-9.1972,0,0,0,0,2.904,2.8922,2.8981,2.9012,-30.359,-32.988,0,-99.94,67.137,0,19.326
6.1,-1.857,1.4755,1,0.28456,0.40559,0,0.86863,4.5343,5.2059,0,1.781,-1.4789,1.3161,13.574,-9.5237,0,0,0,0,2.8949,2.8829,2.8891,2.8919,-31.347,-32.306,0,-97.77,69.228,0,19.265
6.11,-1.811,1.527,1,0.29489,0.39712,0,0.8691,4.6685,5.1091,0,1.7536,-1.5374,1.3229,13.256,-9.8433,0,0,0,0,2.8858,2.8736,2.8801,2.8826,-32.314,-31.604,0,-95.534,71.27,0,19.203
6.12,-1.7637,1.5776,1,0.30506,0.38832,0,0.86957,4.7994,5.0091,0,1.7246,-1.5956,1.3299,12.928,-10.156,0,0,0,0,2.8768,2.8644,2.8711,2.8733,-33.258,-30.881,0,-93.234,73.261,0,19.143
6.13,-1.715,1.6272,1,0.31505,0.37919,0,0.87003,4.927,4.906,0,1.6938,-1.6534,1.337,12.591,-10.461,0,0,0,0,2.8678,2.8552,2.8622,2.864,-34.178,-30.139,0,-90.871,75.201,0,19.082
6.14,-1.6651,1.6757,1,0.32486,0.36973,0,0.8705,5.0512,4.7999,0,1.6613,-1.7108,1.3441,12.244,-10.758,0,0,0,0,2.8589,2.8461,2.8534,2.8549,-35.075,-29.377,0,-88.448,77.086,0,19.022
6.15,-1.614,1.7232,1,0.33448,0.35993,0,0.87096,5.1718,4.6909,0,1.6271,-1.7676,1.3512,11.889,-11.048,0,0,0,0,2.8501,2.8371,2.8447,2.8458,-35.947,-28.597,0,-85.965,78.917,0,18.963
6.16,-1.5617,1.7695,1,0.34389,0.34981,0,0.87142,5.2889,4.579,0,1.591,-1.8238,1.3584,11.525,-11.33,0,0,0,0,2.8414,2.8283,2.8361,2.8369,-36.794,-27.799,0,-83.424,80.691,0,18.905
6.17,-1.5082,1.8148,1,0.35309,0.33937,0,0.87187,5.4023,4.4643,0,1.553,-1.8792,1.3655,11.153,-11.604,0,0,0,0,2.833,2.8196,2.8277,2.8281,-37.615,-26.983,0,-80.828,82.408,0,18.847
6.18,-1.4537,1.8588,1,0.36206,0.32861,0,0.87231,5.512,4.3469,0,1.5132,-1.9337,1.3726,10.773,-11.87,0,0,0,0,2.8247,2.8112,2.8196,2.8196,-38.41,-26.151,0,-78.177,84.065,0,18.792
6.19,-1.398,1.9017,1,0.37079,0.31753,0,0.87275,5.6178,4.2269,0,1.4714,-1.9873,1.3797,10.385,-12.127,0,0,0,0,2.8166,2.803,2.8116,2.8112,-39.179,-25.302,0,-75.474,85.662,0,18.737
6.2,-1.3413,1.9434,1,0.37928,0.30615,0,0.87317,5.7196,4.1044,0,1.4278,-2.0397,1.3866,9.9898,-12.376,0,0,0,0,2.8088,2.7951,2.804,2.8031,-39.92,-24.438,0,-72.721,87.196,0,18.685
6.21,-1.2836,1.9838,1,0.3875,0.29447,0,0.87357,5.8175,3.9794,0,1.3822,-2.0909,1.3934,9.587,-12.616,0,0,0,0,2.8013,2.7875,2.7966,2.7953,-40.633,-23.559,0,-69.918,88.667,0,18.634
6.22,-1.225,2.0229,1,0.39545,0.28249,0,0.87397,5.9114,3.8521,0,1.3347,-2.1407,1.4001,9.1772,-12.847,0,0,0,0,2.7941,2.7802,2.7895,2.7878,-41.318,-22.665,0,-67.068,90.073,0,18.586
6.23,-1.1654,2.0608,1,0.40312,0.27022,0,0.87434,6.0011,3.7225,0,1.2854,-2.189,1.4065,8.7607,-13.069,0,0,0,0,2.7872,2.7732,2.7828,2.7806,-41.974,-21.757,0,-64.173,91.412,0,18.54
6.24,-1.105,2.0974,1,0.41049,0.25768,0,0.8747,6.0866,3.5908,0,1.2342,-2.2357,1.4128,8.3378,-13.282,0,0,0,0,2.7807,2.7667,2.7765,2.7738,-42.601,-20.837,0,-61.234,92.683,0,18.496
6.25,-1.0437,2.1326,1,0.41755,0.24487,0,0.87504,6.1678,3.4569,0,1.1811,-2.2806,1.4188,7.9088,-13.486,0,0,0,0,2.7746,2.7605,2.7705,2.7674,-43.199,-19.904,0,-58.252,93.885,0,18.455
6.26,-0.98164,2.1665,1,0.42429,0.23181,0,0.87535,6.2447,3.3211,0,1.1263,-2.3235,1.4245,7.474,-13.68,0,0,0,0,2.7689,2.7548,2.765,2.7613,-43.766,-18.959,0,-55.231,95.016,0,18.417
6.27,-0.91883,2.199,1,0.43071,0.21849,0,0.87564,6.3173,3.1833,0,1.0697,-2.3644,1.4299,7.0336,-13.865,0,0,0,0,2.7636,2.7496,2.7599,2.7558,-44.303,-18.004,0,-52.171,96.074,0,18.382
6.28,-0.85531,2.2302,1,0.43678,0.20495,0,0.87591,6.3854,3.0438,0,1.0115,-2.4031,1.435,6.588,-14.04,0,0,0,0,2.7588,2.7448,2.7553,2.7507,-44.809,-17.038,0,-49.074,97.057,0,18.349
6.29,-0.79113,2.2599,1,0.4425,0.19118,0,0.87615,6.449,2.9026,0,0.95163,-2.4394,1.4397,6.1375,-14.206,0,0,0,0,2.7545,2.7406,2.7512,2.746,-45.284,-16.063,0,-45.942,97.965,0,18.321
6.3,-0.72635,2.2882,1,0.44787,0.17721,0,0.87636,6.5081,2.7597,0,0.89031,-2.4733,1.444,5.6824,-14.361,0,0,0,0,2.7507,2.7368,2.7476,2.7419,-45.728,-15.079,0,-42.776,98.795,0,18.295
6.31,-0.66099,2.3151,1,0.45286,0.16304,0,0.87655,6.5626,2.6154,0,0.82759,-2.5046,1.4479,5.2231,-14.507,0,0,0,0,2.7474,2.7337,2.7445,2.7383,-46.14,-14.087,0,-39.579,99.545,0,18.273
6.32,-0.59511,2.3405,1,0.45748,0.1487,0,0.8767,6.6125,2.4696,0,0.76358,-2.5332,1.4514,4.7597,-14.643,0,0,0,0,2.7446,2.7311,2.742,2.7353,-46.52,-13.088,0,-36.352,100.21,0,18.255
6.33,-0.52875,2.3645,1,0.46171,0.1342,0,0.87682,6.6578,2.3225,0,0.69841,-2.5589,1.4544,4.2928,-14.769,0,0,0,0,2.7424,2.7291,2.74,2.7329,-46.867,-12.083,0,-33.097,100.8,0,18.241
6.34,-0.46197,2.387,1,0.46555,0.11956,0,0.87691,6.6984,2.1743,0,0.6322,-2.5817,1.4568,3.8225,-14.885,0,0,0,0,2.7408,2.7276,2.7387,2.731,-47.181,-11.073,0,-29.815,101.31,0,18.23
6.35,-0.3948,2.408,1,0.469,0.10479,0,0.87696,6.7343,2.0249,0,0.5651,-2.6015,1.4588,3.3493,-14.99,0,0,0,0,2.7398,2.7268,2.7379,2.7297,-47.463,-10.058,0,-26.509,101.72,0,18.224
6.36,-0.3273,2.4275,1,0.47204,0.089906,0,0.87698,6.7654,1.8745,0,0.49724,-2.6182,1.4602,2.8734,-15.086,0,0,0,0,2.7393,2.7267,2.7377,2.729,-47.712,-9.0386,0,-23.18,102.05,0,18.221
6.37,-0.25951,2.4455,1,0.47467,0.074937,0,0.87697,6.7917,1.7232,0,0.42879,-2.6318,1.4611,2.3951,-15.171,0,0,0,0,2.7395,2.7271,2.7381,2.729,-47.927,-8.0168,0,-19.83,102.29,0,18.223
6.38,-0.19148,2.4619,1,0.47689,0.059897,0,0.87692,6.8133,1.5711,0,0.3599,-2.6421,1.4614,1.9149,-15.246,0,0,0,0,2.7403,2.7282,2.7391,2.7296,-48.108,-6.993,0,-16.46,102.44,0,18.229
6.39,-0.12326,2.4769,1,0.4787,0.044805,0,0.87683,6.83,1.4183,0,0.29075,-2.6492,1.4612,1.4331,-15.311,0,0,0,0,2.7417,2.73,2.7408,2.7308,-48.256,-5.9682,0,-13.072,102.5,0,18.239
6.4,-0.054896,2.4903,1,0.48009,0.02968,0,0.87671,6.8419,1.2649,0,0.22149,-2.653,1.4603,0.94993,-15.366,0,0,0,0,2.7437,2.7324,2.743,2.7327,-48.369,-4.9432,0,-9.6688,102.47,0,18.253
6.41,0.013562,2.5022,1,0.48108,0.014542,0,0.87656,6.849,1.111,0,0.15231,-2.6535,1.4588,0.46581,-15.41,0,0,0,0,2.7463,2.7355,2.7459,2.7353,-48.449,-3.9191,0,-6.2511,102.34,0,18.272
6.42,0.082067,2.5125,1,0.48164,-0.00059052,0,0.87637,6.8512,0.95674,0,0.083371,-2.6507,1.4567,-0.018935,-15.444,0,0,0,0,2.7496,2.7392,2.7495,2.7384,-48.494,-2.8968,0,-2.8211,102.11,0,18.295
6.43,0.15057,2.5213,1,0.4818,-0.015698,0,0.87614,6.8486,0.80217,0,0.014847,-2.6446,1.454,-0.50396,-15.468,0,0,0,0,2.7535,2.7435,2.7536,2.7423,-48.505,-1.8772,0,0.61908,101.79,0,18.322
6.44,0.21902,2.5285,1,0.48155,-0.03076,0,0.87588,6.8412,0.64742,0,-0.053092,-2.6353,1.4507,-0.98893,-15.482,0,0,0,0,2.758,2.7485,2.7584,2.7468,-48.482,-0.86133,0,4.0672,101.38,0,18.353
6.45,0.28738,2.5342,1,0.48089,-0.045759,0,0.87559,6.8288,0.49257,0,-0.12028,-2.6227,1.4467,-1.4735,-15.485,0,0,0,0,2.7632,2.7541,2.7638,2.7519,-48.424,0.15001,0,7.5209,100.87,0,18.388
6.46,0.35558,2.5384,1,0.47983,-0.060675,0,0.87526,6.8117,0.33775,0,-0.18656,-2.6071,1.4422,-1.9573,-15.479,0,0,0,0,2.7689,2.7604,2.7698,2.7576,-48.332,1.1559,0,10.978,100.28,0,18.428
6.47,0.4236,2.541,1,0.47838,-0.075492,0,0.8749,6.7897,0.18304,0,-0.25177,-2.5883,1.437,-2.44,-15.462,0,0,0,0,2.7753,2.7673,2.7763,2.764,-48.205,2.1554,0,14.436,99.606,0,18.472
6.48,0.49136,2.5421,1,0.47655,-0.090189,0,0.87451,6.7629,0.028539,0,-0.31577,-2.5666,1.4312,-2.9213,-15.436,0,0,0,0,2.7823,2.7747,2.7835,2.771,-48.043,3.1477,0,17.894,98.845,0,18.519
6.49,0.55884,2.5416,1,0.47433,-0.10475,0,0.87409,6.7313,-0.12564,0,-0.37842,-2.542,1.4248,-3.4007,-15.399,0,0,0,0,2.7898,2.7828,2.7912,2.7786,-47.847,4.132,0,21.348,98.002,0,18.571
6.5,0.62597,2.5395,1,0.47175,-0.11916,0,0.87364,6.6949,-0.27941,0,-0.43958,-2.5147,1.4178,-3.8781,-15.353,0,0,0,0,2.7979,2.7914,2.7995,2.7868,-47.616,5.1075,0,24.796,97.08,0,18.626
6.51,0.69272,2.536,1,0.46881,-0.1334,0,0.87317,6.6537,-0.43267,0,-0.49915,-2.4847,1.4103,-4.353,-15.297,0,0,0,0,2.8065,2.8005,2.8083,2.7955,-47.351,6.0734,0,28.237,96.079,0,18.685
6.52,0.75903,2.5309,1,0.46551,-0.14746,0,0.87267,6.6078,-0.58532,0,-0.55701,-2.4521,1.4022,-4.825,-15.232,0,0,0,0,2.8156,2.8102,2.8176,2.8047,-47.051,7.0288,0,31.668,95.003,0,18.747
6.53,0.82486,2.5243,1,0.46188,-0.16133,0,0.87215,6.5572,-0.73727,0,-0.61307,-2.4172,1.3935,-5.2939,-15.156,0,0,0,0,2.8252,2.8204,2.8274,2.8145,-46.717,7.9732,0,35.086,93.853,0,18.813
6.54,0.89016,2.5162,1,0.45792,-0.17498,0,0.8716,6.502,-0.88842,0,-0.66724,-2.38,1.3844,-5.7592,-15.072,0,0,0,0,2.8353,2.831,2.8377,2.8248,-46.35,8.9056,0,38.49,92.631,0,18.881
6.55,0.95488,2.5065,1,0.45365,-0.18841,0,0.87104,6.4421,-1.0387,0,-0.71945,-2.3408,1.3747,-6.2207,-14.978,0,0,0,0,2.8459,2.8421,2.8484,2.8355,-45.948,9.8256,0,41.877,91.34,0,18.953
6.56,1.019,2.4954,1,0.44907,-0.2016,0,0.87046,6.3776,-1.188,0,-0.76963,-2.2996,1.3646,-6.6781,-14.876,0,0,0,0,2.8569,2.8536,2.8595,2.8467,-45.512,10.732,0,45.245,89.981,0,19.028
6.57,1.0824,2.4828,1,0.4442,-0.21455,0,0.86986,6.3085,-1.3362,0,-0.81775,-2.2566,1.3541,-7.1309,-14.764,0,0,0,0,2.8682,2.8654,2.8709,2.8582,-45.043,11.625,0,48.592,88.556,0,19.105
6.58,1.1451,2.4687,1,0.43906,-0.22724,0,0.86925,6.235,-1.4832,0,-0.86375,-2.212,1.3431,-7.5788,-14.643,0,0,0,0,2.8799,2.8776,2.8828,2.8702,-44.54,12.503,0,51.916,87.068,0,19.184
6.59,1.2071,2.4531,1,0.43365,-0.23967,0,0.86863,6.157,-1.629,0,-0.90763,-2.1659,1.3317,-8.0216,-14.514,0,0,0,0,2.892,2.8901,2.8949,2.8824,-44.005,13.366,0,55.214,85.519,0,19.266
6.6,1.2683,2.4361,1,0.42798,-0.25183,0,0.86799,6.0746,-1.7735,0,-0.94936,-2.1185,1.32,-8.4588,-14.376,0,0,0,0,2.9043,2.9029,2.9073,2.895,-43.436,14.213,0,58.484,83.91,0,19.349
6.61,1.3286,2.4176,1,0.42209,-0.26371,0,0.86735,5.9878,-1.9165,0,-0.98895,-2.0699,1.308,-8.8902,-14.23,0,0,0,0,2.9169,2.9159,2.9199,2.9078,-42.835,15.044,0,61.723,82.244,0,19.434
6.62,1.388,2.3978,1,0.41596,-0.2753,0,0.86671,5.8968,-2.058,0,-1.0264,-2.0203,1.2956,-9.3154,-14.075,0,0,0,0,2.9297,2.9291,2.9328,2.9208,-42.202,15.858,0,64.931,80.523,0,19.521
6.63,1.4465,2.3765,1,0.40963,-0.2866,0,0.86606,5.8015,-2.198,0,-1.0617,-1.9698,1.283,-9.7341,-13.912,0,0,0,0,2.9426,2.9425,2.9458,2.934,-41.537,16.654,0,68.103,78.749,0,19.608
6.64,1.504,2.3538,1,0.40309,-0.29761,0,0.86541,5.7021,-2.3362,0,-1.0949,-1.9185,1.2701,-10.146,-13.742,0,0,0,0,2.9557,2.9559,2.9589,2.9474,-40.84,17.433,0,71.239,76.923,0,19.697
6.65,1.5605,2.3298,1,0.39638,-0.30832,0,0.86477,5.5986,-2.4728,0,-1.1261,-1.8666,1.2571,-10.551,-13.564,0,0,0,0,2.9689,2.9695,2.9721,2.9608,-40.112,18.193,0,74.336,75.048,0,19.786
6.66,1.616,2.3044,1,0.38948,-0.31874,0,0.86412,5.4911,-2.6075,0,-1.1552,-1.8143,1.2439,-10.948,-13.378,0,0,0,0,2.9821,2.9831,2.9854,2.9743,-39.353,18.934,0,77.391,73.126,0,19.875
6.67,1.6703,2.2776,1,0.38243,-0.32885,0,0.86348,5.3797,-2.7403,0,-1.1824,-1.7615,1.2305,-11.338,-13.185,0,0,0,0,2.9954,2.9966,2.9987,2.9878,-38.564,19.655,0,80.402,71.159,0,19.964
6.68,1.7236,2.2496,1,0.37523,-0.33865,0,0.86285,5.2644,-2.8712,0,-1.2076,-1.7085,1.217,-11.719,-12.985,0,0,0,0,3.0086,3.0102,3.0119,3.0013,-37.745,20.357,0,83.368,69.149,0,20.053
6.69,1.7756,2.2202,1,0.36789,-0.34815,0,0.86223,5.1453,-3,0,-1.231,-1.6554,1.2034,-12.093,-12.778,0,0,0,0,3.0217,3.0236,3.025,3.0147,-36.897,21.038,0,86.285,67.099,0,20.142
6.7,1.8265,2.1896,1,0.36043,-0.35735,0,0.86162,5.0226,-3.1267,0,-1.2526,-1.6021,1.1897,-12.457,-12.565,0,0,0,0,3.0347,3.0368,3.038,3.0279,-36.02,21.699,0,89.151,65.01,0,20.229
6.71,1.8761,2.1577,1,0.35285,-0.36625,0,0.86102,4.8962,-3.2513,0,-1.2725,-1.5489,1.176,-12.813,-12.344,0,0,0,0,3.0475,3.0499,3.0509,3.041,-35.114,22.338,0,91.965,62.884,0,20.316
6.72,1.9244,2.1246,1,0.34517,-0.37484,0,0.86044,4.7663,-3.3736,0,-1.2907,-1.4958,1.1623,-13.159,-12.118,0,0,0,0,3.0602,3.0628,3.0635,3.0539,-34.181,22.956,0,94.723,60.724,0,20.401
6.73,1.9714,2.0902,1,0.33739,-0.38313,0,0.85987,4.6331,-3.4936,0,-1.3073,-1.4429,1.1487,-13.496,-11.885,0,0,0,0,3.0725,3.0754,3.0758,3.0665,-33.22,23.552,0,97.424,58.531,0,20.484
6.74,2.017,2.0547,1,0.32953,-0.39112,0,0.85932,4.4964,-3.6113,0,-1.3224,-1.3902,1.135,-13.824,-11.647,0,0,0,0,3.0846,3.0876,3.0879,3.0788,-32.232,24.127,0,100.06,56.308,0,20.565
6.75,2.0613,2.018,1,0.32159,-0.39882,0,0.85879,4.3566,-3.7265,0,-1.3361,-1.3379,1.1215,-14.141,-11.403,0,0,0,0,3.0963,3.0995,3.0996,3.0908,-31.219,24.678,0,102.64,54.058,0,20.644
6.76,2.1041,1.9802,1,0.31359,-0.40622,0,0.85828,4.2137,-3.8393,0,-1.3484,-1.2858,1.108,-14.448,-11.153,0,0,0,0,3.1076,3.111,3.1109,3.1023,-30.18,25.208,0,105.16,51.781,0,20.72
6.77,2.1456,1.9412,1,0.30552,-0.41333,0,0.8578,4.0677,-3.9496,0,-1.3594,-1.2342,1.0946,-14.744,-10.899,0,0,0,0,3.1185,3.1221,3.1218,3.1134,-29.116,25.714,0,107.6,49.48,0,20.793
6.78,2.1855,1.9012,1,0.29741,-0.42015,0,0.85733,3.9188,-4.0573,0,-1.3693,-1.1829,1.0814,-15.03,-10.639,0,0,0,0,3.1289,3.1327,3.1322,3.1241,-28.028,26.197,0,109.98,47.157,0,20.863
6.79,2.2239,1.8601,1,0.28924,-0.42669,0,0.8569,3.7671,-4.1623,0,-1.378,-1.1321,1.0683,-15.305,-10.375,0,0,0,0,3.1388,3.1427,3.1421,3.1342,-26.916,26.657,0,112.29,44.815,0,20.93
6.8,2.2608,1.8179,1,0.28104,-0.43294,0,0.85649,3.6127,-4.2647,0,-1.3856,-1.0818,1.0554,-15.568,-10.106,0,0,0,0,3.1482,3.1521,3.1514,3.1437,-25.782,27.093,0,114.52,42.456,0,20.992
6.81,2.2962,1.7748,1,0.27281,-0.43892,0,0.85611,3.4558,-4.3644,0,-1.3923,-1.032,1.0427,-15.821,-9.8331,0,0,0,0,3.1569,3.161,3.1601,3.1527,-24.626,27.506,0,116.68,40.08,0,21.051
6.82,2.3299,1.7307,1,0.26455,-0.44462,0,0.85576,3.2964,-4.4614,0,-1.3981,-0.98268,1.0302,-16.061,-9.5561,0,0,0,0,3.165,3.1692,3.1682,3.1609,-23.449,27.895,0,118.76,37.692,0,21.105
6.83,2.3621,1.6856,1,0.25626,-0.45006,0,0.85544,3.1346,-4.5556,0,-1.403,-0.93385,1.0179,-16.289,-9.2753,0,0,0,0,3.1724,3.1766,3.1756,3.1685,-22.251,28.26,0,120.76,35.292,0,21.155
6.84,2.3926,1.6396,1,0.24797,-0.45522,0,0.85515,2.9706,-4.6469,0,-1.4072,-0.88552,1.0059,-16.506,-8.9909,0,0,0,0,3.1791,3.1834,3.1823,3.1754,-21.034,28.601,0,122.67,32.883,0,21.2
6.85,2.4215,1.5926,1,0.23965,-0.46013,0,0.8549,2.8045,-4.7354,0,-1.4106,-0.83769,0.99407,-16.71,-8.7033,0,0,0,0,3.185,3.1894,3.1882,3.1815,-19.798,28.918,0,124.5,30.467,0,21.24
6.86,2.4487,1.5449,1,0.23133,-0.46477,0,0.85468,2.6365,-4.8209,0,-1.4135,-0.79033,0.98256,-16.902,-8.4127,0,0,0,0,3.1901,3.1946,3.1933,3.1868,-18.545,29.21,0,126.24,28.046,0,21.275
6.87,2.4742,1.4962,1,0.22301,-0.46915,0,0.8545,2.4665,-4.9036,0,-1.4158,-0.74344,0.97134,-17.081,-8.1192,0,0,0,0,3.1944,3.1989,3.1976,3.1913,-17.274,29.478,0,127.89,25.623,0,21.304
6.88,2.498,1.4468,1,0.21468,-0.47329,0,0.85435,2.2949,-4.9833,0,-1.4175,-0.69699,0.96042,-17.247,-7.8232,0,0,0,0,3.1978,3.2024,3.2011,3.1949,-15.987,29.723,0,129.45,23.199,0,21.327
6.89,2.5201,1.3966,1,0.20635,-0.47717,0,0.85424,2.1216,-5.0601,0,-1.4189,-0.65096,0.94981,-17.401,-7.5248,0,0,0,0,3.2004,3.205,3.2036,3.1976,-14.685,29.942,0,130.92,20.776,0,21.344
6.9,2.5404,1.3456,1,0.19803,-0.48081,0,0.85417,1.9469,-5.1338,0,-1.4198,-0.60533,0.93954,-17.541,-7.2244,0,0,0,0,3.202,3.2066,3.2052,3.1993,-13.369,30.138,0,132.28,18.356,0,21.355
6.91,2.559,1.2939,1,0.18971,-0.4842,0,0.85414,1.7709,-5.2045,0,-1.4204,-0.56005,0.92961,-17.668,-6.9222,0,0,0,0,3.2026,3.2073,3.2059,3.2001,-12.04,30.31,0,133.55,15.943,0,21.36
6.92,2.5759,1.2415,1,0.18139,-0.48736,0,0.85415,1.5936,-5.2723,0,-1.4208,-0.51509,0.92003,-17.782,-6.6183,0,0,0,0,3.2022,3.207,3.2056,3.1999,-10.698,30.457,0,134.72,13.536,0,21.358
6.93,2.5909,1.1885,1,0.17309,-0.49027,0,0.85421,1.4153,-5.3369,0,-1.4209,-0.47042,0.91083,-17.882,-6.3131,0,0,0,0,3.2009,3.2056,3.2043,3.1987,-9.3456,30.58,0,135.78,11.14,0,21.349
6.94,2.6042,1.1348,1,0.16479,-0.49295,0,0.85431,1.236,-5.3985,0,-1.4208,-0.42598,0.902,-17.968,-6.0068,0,0,0,0,3.1985,3.2033,3.2019,3.1964,-7.9829,30.68,0,136.74,8.7554,0,21.333
6.95,2.6156,1.0805,1,0.1565,-0.4954,0,0.85445,1.056,-5.457,0,-1.4206,-0.38174,0.89357,-18.041,-5.6996,0,0,0,0,3.195,3.1998,3.1985,3.1931,-6.6111,30.756,0,137.59,6.3846,0,21.311
6.96,2.6253,1.0257,1,0.14823,-0.49761,0,0.85464,0.87524,-5.5125,0,-1.4203,-0.33764,0.88554,-18.101,-5.3918,0,0,0,0,3.1905,3.1953,3.194,3.1887,-5.2314,30.808,0,138.33,4.0296,0,21.281
6.97,2.6331,0.97028,1,0.13996,-0.4996,0,0.85488,0.69399,-5.5649,0,-1.42,-0.29364,0.87793,-18.146,-5.0835,0,0,0,0,3.1848,3.1897,3.1885,3.1832,-3.8449,30.836,0,138.96,1.6926,0,21.244
6.98,2.6392,0.91439,1,0.1317,-0.50135,0,0.85516,0.51236,-5.6142,0,-1.4197,-0.24966,0.87076,-18.178,-4.7751,0,0,0,0,3.1781,3.183,3.1818,3.1765,-2.4527,30.841,0,139.47,-0.62448,0,21.199
6.99,2.6434,0.85801,1,0.12345,-0.50288,0,0.85549,0.33048,-5.6604,0,-1.4194,-0.20566,0.86403,-18.195,-4.4668,0,0,0,0,3.1702,3.1751,3.174,3.1688,-1.056,30.824,0,139.86,-2.9195,0,21.147
7,2.6458,0.80119,1,0.11521,-0.50418,0,0.85588,0.1485,-5.7035,0,-1.4192,-0.16158,0.85776,-18.199,-4.1587,0,0,0,0,3.1611,3.1661,3.165,3.1598,0.34409,30.783,0,140.13,-5.1905,0,21.087
7.01,2.6463,0.74395,1,0.10698,-0.50525,0,0.85632,-0.033442,-5.7436,0,-1.4191,-0.11733,0.85196,-18.188,-3.8512,0,0,0,0,3.1509,3.1559,3.155,3.1498,1.7463,30.72,0,140.28,-7.4353,0,21.019
7.02,2.6451,0.68633,1,0.098757,-0.5061,0,0.8568,-0.21521,-5.7805,0,-1.4191,-0.07287,0.84664,-18.164,-3.5444,0,0,0,0,3.1396,3.1446,3.1437,3.1385,3.1494,30.635,0,140.31,-9.652,0,20.944
7.03,2.642,0.62835,1,0.090537,-0.50671,0,0.85735,-0.39667,-5.8144,0,-1.4193,-0.02811,0.84183,-18.125,-3.2386,0,0,0,0,3.1271,3.1321,3.1313,3.1261,4.5521,30.527,0,140.21,-11.838,0,20.861
7.04,2.6372,0.57005,1,0.082322,-0.5071,0,0.85795,-0.57767,-5.8453,0,-1.4198,0.017022,0.83754,-18.073,-2.9339,0,0,0,0,3.1134,3.1185,3.1177,3.1125,5.9532,30.398,0,139.99,-13.993,0,20.77
7.05,2.6305,0.51145,1,0.074109,-0.50725,0,0.8586,-0.75808,-5.8731,0,-1.4204,0.062604,0.83377,-18.006,-2.6307,0,0,0,0,3.0985,3.1036,3.103,3.0978,7.3514,30.247,0,139.63,-16.112,0,20.672
7.06,2.622,0.4526,1,0.065896,-0.50718,0,0.85932,-0.93775,-5.8979,0,-1.4213,0.10872,0.83055,-17.926,-2.329,0,0,0,0,3.0824,3.0877,3.0871,3.0819,8.7453,30.076,0,139.13,-18.196,0,20.565
7.07,2.6117,0.39351,1,0.057682,-0.50687,0,0.86009,-1.1165,-5.9197,0,-1.4225,0.15546,0.8279,-17.831,-2.0292,0,0,0,0,3.0652,3.0705,3.0701,3.0648,10.134,29.884,0,138.51,-20.241,0,20.451
7.08,2.5997,0.33421,1,0.049464,-0.50632,0,0.86093,-1.2943,-5.9385,0,-1.424,0.2029,0.82582,-17.723,-1.7314,0,0,0,0,3.0468,3.0522,3.0519,3.0465,11.515,29.671,0,137.74,-22.245,0,20.329
7.09,2.5859,0.27475,1,0.04124,-0.50553,0,0.86182,-1.471,-5.9543,0,-1.4258,0.25115,0.82434,-17.601,-1.4359,0,0,0,0,3.0273,3.0328,3.0326,3.0271,12.888,29.439,0,136.83,-24.207,0,20.2
7.1,2.5703,0.21513,1,0.033008,-0.50449,0,0.86279,-1.6463,-5.9672,0,-1.428,0.3003,0.82348,-17.465,-1.1427,0,0,0,0,3.0067,3.0122,3.0121,3.0066,14.251,29.187,0,135.79,-26.125,0,20.063
7.11,2.5529,0.15541,1,0.024765,-0.50321,0,0.86381,-1.8202,-5.9772,0,-1.4304,0.35046,0.82325,-17.316,-0.85219,0,0,0,0,2.9849,2.9905,2.9906,2.985,15.603,28.916,0,134.59,-27.995,0,19.918
7.12,2.5339,0.0956,1,0.016508,-0.50167,0,0.8649,-1.9926,-5.9843,0,-1.4333,0.40171,0.82367,-17.153,-0.56445,0,0,0,0,2.962,2.9678,2.968,2.9623,16.943,28.627,0,133.25,-29.817,0,19.767
7.13,2.5131,0.035734,1,0.0082352,-0.49987,0,0.86606,-2.1632,-5.9885,0,-1.4365,0.45418,0.82476,-16.977,-0.2797,0,0,0,0,2.9381,2.944,2.9443,2.9385,18.268,28.32,0,131.76,-31.588,0,19.608
7.14,2.4906,-0.024161,1,-5.6225e-05,-0.4978,0,0.86729,-2.3321,-5.9899,0,-1.44,0.50797,0.82654,-16.788,0.0018962,0,0,0,0,2.9131,2.9191,2.9196,2.9136,19.577,27.996,0,130.12,-33.307,0,19.442
7.15,2.4665,-0.084055,1,-0.0083691,-0.49546,0,0.86859,-2.499,-5.9885,0,-1.4439,0.5632,0.82903,-16.586,0.28016,0,0,0,0,2.8871,2.8933,2.8938,2.8878,20.87,27.654,0,128.33,-34.971,0,19.27
7.16,2.4406,-0.14392,1,-0.016706,-0.49283,0,0.86996,-2.6638,-5.9843,0,-1.4481,0.61998,0.83225,-16.371,0.55493,0,0,0,0,2.8601,2.8665,2.8672,2.861,22.143,27.297,0,126.39,-36.582,0,19.091
7.17,2.4132,-0.20373,1,-0.025069,-0.48992,0,0.87141,-2.8263,-5.9774,0,-1.4526,0.67844,0.83621,-16.143,0.82604,0,0,0,0,2.8322,2.8387,2.8396,2.8332,23.397,26.923,0,124.31,-38.14,0,18.906
7.18,2.3841,-0.26346,1,-0.033462,-0.48671,0,0.87292,-2.9866,-5.9678,0,-1.4575,0.73869,0.84094,-15.903,1.0933,0,0,0,0,2.8034,2.8101,2.8111,2.8046,24.629,26.534,0,122.09,-39.644,0,18.715
7.19,2.3535,-0.32308,1,-0.041885,-0.48319,0,0.87451,-3.1443,-5.9555,0,-1.4625,0.80086,0.84644,-15.65,1.3567,0,0,0,0,2.7737,2.7807,2.7818,2.7751,25.838,26.13,0,119.73,-41.096,0,18.519
7.2,2.3212,-0.38256,1,-0.050342,-0.47935,0,0.87618,-3.2995,-5.9407,0,-1.4678,0.86508,0.85273,-15.386,1.6159,0,0,0,0,2.7433,2.7505,2.7517,2.7449,27.023,25.712,0,117.24,-42.495,0,18.317
7.21,2.2875,-0.44188,1,-0.058834,-0.47518,0,0.87792,-3.452,-5.9232,0,-1.4733,0.93148,0.85983,-15.11,1.8709,0,0,0,0,2.712,2.7195,2.7208,2.7138,28.183,25.28,0,114.63,-43.842,0,18.11
7.22,2.2522,-0.50102,1,-0.067363,-0.47066,0,0.87974,-3.6017,-5.9033,0,-1.4788,1.0002,0.86774,-14.823,2.1215,0,0,0,0,2.6801,2.6879,2.6893,2.6822,29.315,24.835,0,111.89,-45.137,0,17.899
7.23,2.2155,-0.55994,1,-0.075928,-0.46579,0,0.88163,-3.7484,-5.8808,0,-1.4843,1.0713,0.87647,-14.524,2.3675,0,0,0,0,2.6476,2.6557,2.6572,2.6499,30.42,24.378,0,109.03,-46.38,0,17.684
7.24,2.1773,-0.61863,1,-0.084531,-0.46055,0,0.8836,-3.8921,-5.8559,0,-1.4898,1.145,0.88602,-14.214,2.609,0,0,0,0,2.6145,2.6229,2.6245,2.617,31.496,23.908,0,106.06,-47.572,0,17.465
7.25,2.1376,-0.67705,1,-0.093172,-0.45492,0,0.88565,-4.0327,-5.8287,0,-1.495,1.2213,0.89641,-13.894,2.8457,0,0,0,0,2.5809,2.5897,2.5913,2.5837,32.541,23.427,0,102.97,-48.712,0,17.243
7.26,2.0966,-0.73519,1,-0.10185,-0.44889,0,0.88776,-4.17,-5.799,0,-1.5,1.3003,0.90763,-13.564,3.0775,0,0,0,0,2.5469,2.5561,2.5578,2.55,33.555,22.934,0,99.783,-49.802,0,17.018
7.27,2.0542,-0.79303,1,-0.11056,-0.44244,0,0.88996,-4.3039,-5.7671,0,-1.5044,1.3823,0.91966,-13.223,3.3043,0,0,0,0,2.5126,2.5222,2.5239,2.516,34.536,22.431,0,96.489,-50.841,0,16.791
7.28,2.0105,-0.85053,1,-0.11931,-0.43556,0,0.89222,-4.4344,-5.733,0,-1.5083,1.4671,0.93251,-12.873,3.526,0,0,0,0,2.478,2.488,2.4897,2.4817,35.484,21.917,0,93.096,-51.83,0,16.562
7.29,1.9656,-0.90768,1,-0.12808,-0.42824,0,0.89454,-4.5614,-5.6966,0,-1.5114,1.5548,0.94614,-12.513,3.7426,0,0,0,0,2.4432,2.4538,2.4554,2.4473,36.398,21.394,0,89.608,-52.768,0,16.333
7.3,1.9193,-0.96445,1,-0.13688,-0.42044,0,0.89694,-4.6847,-5.6581,0,-1.5134,1.6456,0.96054,-12.145,3.9539,0,0,0,0,2.4084,2.4194,2.4211,2.4129,37.276,20.862,0,86.028,-53.657,0,16.103
7.31,1.8719,-1.0208,1,-0.14569,-0.41216,0,0.89939,-4.8042,-5.6176,0,-1.5143,1.7393,0.97567,-11.768,4.1598,0,0,0,0,2.3736,2.3852,2.3867,2.3785,38.118,20.321,0,82.362,-54.497,0,15.873
7.32,1.8233,-1.0768,1,-0.15451,-0.40337,0,0.9019,-4.92,-5.575,0,-1.5136,1.8359,0.99149,-11.383,4.3603,0,0,0,0,2.3389,2.3511,2.3525,2.3442,38.923,19.772,0,78.613,-55.287,0,15.645
7.33,1.7735,-1.1323,1,-0.16334,-0.39406,0,0.90445,-5.0319,-5.5304,0,-1.5113,1.9353,1.0079,-10.99,4.5552,0,0,0,0,2.3045,2.3172,2.3184,2.3103,39.69,19.216,0,74.784,-56.028,0,15.417
7.34,1.7226,-1.1874,1,-0.17215,-0.38421,0,0.90705,-5.1398,-5.4839,0,-1.5069,2.0374,1.025,-10.589,4.7446,0,0,0,0,2.2704,2.2837,2.2847,2.2766,40.418,18.652,0,70.881,-56.72,0,15.192
7.35,1.6707,-1.242,1,-0.18094,-0.37381,0,0.90969,-5.2436,-5.4355,0,-1.5002,2.1419,1.0425,-10.182,4.9283,0,0,0,0,2.2368,2.2507,2.2514,2.2435,41.107,18.081,0,66.907,-57.364,0,14.971
7.36,1.6178,-1.2961,1,-0.18969,-0.36284,0,0.91234,-5.3434,-5.3853,0,-1.4908,2.2485,1.0604,-9.7672,5.1062,0,0,0,0,2.2037,2.2183,2.2186,2.211,41.756,17.505,0,62.866,-57.959,0,14.753
7.37,1.5639,-1.3497,1,-0.19838,-0.35128,0,0.91501,-5.4389,-5.3334,0,-1.4784,2.3569,1.0786,-9.3465,5.2783,0,0,0,0,2.1714,2.1866,2.1864,2.1791,42.365,16.922,0,58.761,-58.506,0,14.539
7.38,1.509,-1.4028,1,-0.207,-0.33913,0,0.91768,-5.5303,-5.2798,0,-1.4627,2.4667,1.0969,-8.92,5.4446,0,0,0,0,2.1398,2.1556,2.155,2.1481,42.931,16.335,0,54.598,-59.005,0,14.331
7.39,1.4533,-1.4553,1,-0.21552,-0.32637,0,0.92034,-5.6173,-5.2245,0,-1.4434,2.5772,1.1153,-8.488,5.605,0,0,0,0,2.1092,2.1256,2.1245,2.1181,43.456,15.743,0,50.38,-59.456,0,14.129
7.4,1.3967,-1.5073,1,-0.22391,-0.313,0,0.92298,-5.7,-5.1677,0,-1.42,2.6878,1.1336,-8.051,5.7595,0,0,0,0,2.0797,2.0967,2.0949,2.0891,43.939,15.146,0,46.111,-59.86,0,13.934
7.41,1.3393,-1.5586,1,-0.23216,-0.29902,0,0.92557,-5.7783,-5.1094,0,-1.3923,2.7979,1.1516,-7.6094,5.9079,0,0,0,0,2.0514,2.0689,2.0664,2.0614,44.378,14.545,0,41.795,-60.217,0,13.747
7.42,1.2811,-1.6094,1,-0.24023,-0.28444,0,0.92811,-5.8522,-5.0496,0,-1.3599,2.9065,1.1691,-7.1636,6.0504,0,0,0,0,2.0244,2.0424,2.0392,2.0349,44.775,13.942,0,37.437,-60.527,0,13.568
7.43,1.2223,-1.6596,1,-0.2481,-0.26924,0,0.93057,-5.9216,-4.9884,0,-1.3227,3.0127,1.1859,-6.7141,6.1868,0,0,0,0,1.9988,2.0172,2.0132,2.0099,45.127,13.335,0,33.039,-60.79,0,13.399
7.44,1.1627,-1.7092,1,-0.25572,-0.25346,0,0.93293,-5.9865,-4.9258,0,-1.2804,3.1155,1.2019,-6.2612,6.3171,0,0,0,0,1.9749,1.9936,1.9887,1.9864,45.435,12.726,0,28.607,-61.006,0,13.239
7.45,1.1025,-1.7581,1,-0.26308,-0.23711,0,0.93518,-6.0468,-4.8621,0,-1.2329,3.2139,1.2167,-5.8055,6.4413,0,0,0,0,1.9526,1.9715,1.9657,1.9646,45.699,12.115,0,24.143,-61.176,0,13.091
7.46,1.0418,-1.8064,1,-0.27013,-0.22022,0,0.9373,-6.1026,-4.797,0,-1.1802,3.3067,1.2303,-5.3474,6.5594,0,0,0,0,1.9321,1.9511,1.9443,1.9445,45.918,11.503,0,19.653,-61.3,0,12.953
7.47,0.9805,-1.8541,1,-0.27684,-0.20281,0,0.93927,-6.1537,-4.7309,0,-1.1222,3.3928,1.2423,-4.8873,6.6713,0,0,0,0,1.9135,1.9324,1.9247,1.9263,46.092,10.889,0,15.14,-61.377,0,12.828
7.48,0.91873,-1.901,1,-0.28318,-0.18492,0,0.94107,-6.2003,-4.6636,0,-1.0592,3.471,1.2526,-4.4257,6.7771,0,0,0,0,1.8969,1.9156,1.9069,1.9099,46.221,10.275,0,10.609,-61.41,0,12.716
7.49,0.85651,-1.9473,1,-0.28911,-0.16661,0,0.94268,-6.2423,-4.5954,0,-0.99136,3.5403,1.261,-3.963,6.8768,0,0,0,0,1.8823,1.9007,1.891,1.8956,46.304,9.6613,0,6.0628,-61.396,0,12.616
7.5,0.7939,-1.993,1,-0.29461,-0.14792,0,0.9441,-6.2796,-4.5261,0,-0.91908,3.5995,1.2673,-3.4998,6.9704,0,0,0,0,1.8699,1.8878,1.8771,1.8832,46.342,9.0476,0,1.5062,-61.338,0,12.53
7.51,0.73093,-2.0379,1,-0.29966,-0.12891,0,0.9453,-6.3123,-4.456,0,-0.84281,3.6479,1.2713,-3.0363,7.0578,0,0,0,0,1.8596,1.8769,1.8653,1.8729,46.334,8.4347,0,-3.0567,-61.235,0,12.458
7.52,0.66767,-2.0821,1,-0.30421,-0.10965,0,0.94627,-6.3403,-4.385,0,-0.76312,3.6847,1.273,-2.5732,7.1391,0,0,0,0,1.8516,1.868,1.8556,1.8648,46.281,7.823,0,-7.6219,-61.087,0,12.4
7.53,0.60414,-2.1256,1,-0.30827,-0.090198,0,0.94701,-6.3637,-4.3132,0,-0.68067,3.7093,1.2722,-2.1109,7.2142,0,0,0,0,1.8457,1.8612,1.848,1.8587,46.182,7.2131,0,-12.185,-60.894,0,12.356
7.54,0.54041,-2.1683,1,-0.3118,-0.070626,0,0.94752,-6.3825,-4.2407,0,-0.59617,3.7212,1.269,-1.6497,7.2833,0,0,0,0,1.842,1.8565,1.8426,1.8547,46.037,6.6053,0,-16.742,-60.658,0,12.326
7.55,0.47651,-2.2104,1,-0.31481,-0.051006,0,0.94778,-6.3967,-4.1676,0,-0.51038,3.7204,1.2632,-1.1903,7.3464,0,0,0,0,1.8406,1.8538,1.8394,1.8527,45.847,6.0001,0,-21.29,-60.377,0,12.311
7.56,0.41249,-2.2517,1,-0.31728,-0.031412,0,0.94781,-6.4063,-4.0938,0,-0.42409,3.7069,1.255,-0.73295,7.4033,0,0,0,0,1.8412,1.8532,1.8383,1.8528,45.611,5.3979,0,-25.823,-60.053,0,12.309
7.57,0.3484,-2.2922,1,-0.31922,-0.011914,0,0.9476,-6.4114,-4.0195,0,-0.3381,3.681,1.2443,-0.2782,7.4543,0,0,0,0,1.8439,1.8546,1.8393,1.8549,45.331,4.7992,0,-30.337,-59.685,0,12.321
7.58,0.28428,-2.3321,1,-0.32064,0.0074188,0,0.94717,-6.4119,-3.9447,0,-0.25316,3.6431,1.2313,0.17352,7.4993,0,0,0,0,1.8487,1.8579,1.8424,1.859,45.005,4.2043,0,-34.829,-59.274,0,12.347
7.59,0.22017,-2.3711,1,-0.32154,0.026519,0,0.94653,-6.4079,-3.8696,0,-0.17,3.5939,1.2161,0.62175,7.5384,0,0,0,0,1.8553,1.8632,1.8476,1.8649,44.634,3.6138,0,-39.295,-58.82,0,12.385
7.6,0.15613,-2.4095,1,-0.32193,0.045326,0,0.94568,-6.3995,-3.794,0,-0.089257,3.5342,1.1989,1.0661,7.5716,0,0,0,0,1.8638,1.8702,1.8546,1.8725,44.219,3.0281,0,-43.73,-58.323,0,12.435
7.61,0.092198,-2.447,1,-0.32184,0.063783,0,0.94464,-6.3866,-3.7181,0,-0.011511,3.465,1.1798,1.506,7.599,0,0,0,0,1.8739,1.879,1.8635,1.8819,43.76,2.4475,0,-48.13,-57.784,0,12.497
7.62,0.028415,-2.4838,1,-0.32129,0.081839,0,0.94344,-6.3694,-3.642,0,0.062758,3.3873,1.159,1.9411,7.6206,0,0,0,0,1.8857,1.8895,1.8742,1.8928,43.256,1.8725,0,-52.491,-57.202,0,12.57
7.63,-0.035175,-2.5199,1,-0.32031,0.09945,0,0.94208,-6.3478,-3.5657,0,0.13316,3.3021,1.1368,2.371,7.6365,0,0,0,0,1.899,1.9014,1.8865,1.9052,42.71,1.3036,0,-56.81,-56.579,0,12.653
7.64,-0.098527,-2.5551,1,-0.31892,0.11658,0,0.94059,-6.322,-3.4893,0,0.19941,3.2105,1.1133,2.7952,7.6467,0,0,0,0,1.9135,1.9148,1.9002,1.9189,42.12,0.7411,0,-61.08,-55.914,0,12.746
7.65,-0.1616,-2.5896,1,-0.31715,0.13319,0,0.93898,-6.2919,-3.4128,0,0.2613,3.1137,1.0887,3.2132,7.6513,0,0,0,0,1.9293,1.9295,1.9153,1.9339,41.489,0.18545,0,-65.3,-55.209,0,12.847
7.66,-0.22435,-2.6234,1,-0.31503,0.14926,0,0.93727,-6.2577,-3.3363,0,0.31872,3.0127,1.0634,3.6248,7.6504,0,0,0,0,1.9462,1.9454,1.9316,1.9499,40.815,-0.36294,0,-69.463,-54.464,0,12.955
7.67,-0.28674,-2.6564,1,-0.31258,0.16477,0,0.93549,-6.2195,-3.2598,0,0.37165,2.9085,1.0373,4.0294,7.6441,0,0,0,0,1.964,1.9622,1.9491,1.967,40.099,-0.9037,0,-73.566,-53.681,0,13.07
7.68,-0.34873,-2.6886,1,-0.30985,0.17971,0,0.93365,-6.1772,-3.1835,0,0.42012,2.802,1.0108,4.4266,7.6324,0,0,0,0,1.9826,1.98,1.9674,1.9849,39.344,-1.4364,0,-77.603,-52.862,0,13.192
7.69,-0.41027,-2.72,1,-0.30685,0.19406,0,0.93176,-6.131,-3.1072,0,0.46423,2.694,0.98389,4.8161,7.6154,0,0,0,0,2.0019,1.9986,1.9865,2.0035,38.548,-1.9608,0,-81.572,-52.005,0,13.318
7.7,-0.47133,-2.7507,1,-0.30362,0.20783,0,0.92985,-6.0809,-3.0312,0,0.50412,2.5854,0.95687,5.1975,7.5932,0,0,0,0,2.0218,2.0178,2.0063,2.0228,37.712,-2.4764,0,-85.467,-51.114,0,13.448
7.71,-0.53188,-2.7807,1,-0.30019,0.22101,0,0.92793,-6.027,-2.9554,0,0.53998,2.4767,0.92982,5.5702,7.5659,0,0,0,0,2.042,2.0375,2.0265,2.0424,36.839,-2.983,0,-89.283,-50.189,0,13.581
7.72,-0.59186,-2.8098,1,-0.29657,0.2336,0,0.926,-5.9695,-2.8799,0,0.57201,2.3686,0.90287,5.9341,7.5336,0,0,0,0,2.0626,2.0576,2.0472,2.0625,35.927,-3.4801,0,-93.018,-49.231,0,13.716
7.73,-0.65125,-2.8383,1,-0.29279,0.24562,0,0.92409,-5.9084,-2.8047,0,0.60045,2.2615,0.87612,6.2887,7.4963,0,0,0,0,2.0833,2.0779,2.068,2.0827,34.978,-3.9675,0,-96.665,-48.24,0,13.853
7.74,-0.71002,-2.8659,1,-0.28887,0.25707,0,0.92221,-5.8438,-2.73,0,0.62554,2.1558,0.84966,6.6336,7.4543,0,0,0,0,2.104,2.0983,2.089,2.1031,33.994,-4.4448,0,-100.22,-47.219,0,13.991
7.75,-0.76812,-2.8929,1,-0.28484,0.26796,0,0.92036,-5.7757,-2.6556,0,0.64753,2.0519,0.82356,6.9684,7.4075,0,0,0,0,2.1247,2.1187,2.1099,2.1234,32.974,-4.9118,0,-103.68,-46.168,0,14.128
7.76,-0.82552,-2.9191,1,-0.28071,0.2783,0,0.91856,-5.7044,-2.5818,0,0.66667,1.95,0.7979,7.2929,7.3561,0,0,0,0,2.1452,2.139,2.1307,2.1436,31.921,-5.3681,0,-107.04,-45.088,0,14.264
7.77,-0.8822,-2.9445,1,-0.2765,0.28811,0,0.91681,-5.6299,-2.5085,0,0.6832,1.8502,0.77272,7.6067,7.3001,0,0,0,0,2.1654,2.159,2.1512,2.1635,30.834,-5.8134,0,-110.3,-43.98,0,14.399
7.78,-0.93811,-2.9692,1,-0.27223,0.29741,0,0.91512,-5.5523,-2.4358,0,0.69736,1.7528,0.74806,7.9095,7.2398,0,0,0,0,2.1853,2.1787,2.1714,2.1831,29.715,-6.2476,0,-113.44,-42.845,0,14.531
7.79,-0.99323,-2.9932,1,-0.2679,0.3062,0,0.9135,-5.4718,-2.3638,0,0.70937,1.6578,0.72396,8.2009,7.1752,0,0,0,0,2.2046,2.198,2.191,2.2022,28.565,-6.6702,0,-116.48,-41.684,0,14.66
7.8,-1.0475,-3.0165,1,-0.26353,0.3145,0,0.91194,-5.3884,-2.2923,0,0.71946,1.5653,0.70044,8.4807,7.1065,0,0,0,0,2.2233,2.2167,2.2101,2.2208,27.386,-7.0812,0,-119.39,-40.499,0,14.785
7.81,-1.101,-3.0391,1,-0.25914,0.32232,0,0.91047,-5.3022,-2.2216,0,0.72782,1.4752,0.67752,8.7485,7.0336,0,0,0,0,2.2414,2.2347,2.2285,2.2387,26.178,-7.4801,0,-122.19,-39.29,0,14.906
7.82,-1.1536,-3.0609,1,-0.25473,0.32969,0,0.90908,-5.2134,-2.1517,0,0.73464,1.3875,0.6552,9.0042,6.9569,0,0,0,0,2.2587,2.252,2.2462,2.2559,24.943,-7.8669,0,-124.86,-38.058,0,15.021
7.83,-1.2053,-3.0821,1,-0.2503,0.33661,0,0.90777,-5.1222,-2.0825,0,0.74011,1.3021,0.63348,9.2473,6.8763,0,0,0,0,2.2752,2.2685,2.263,2.2723,23.681,-8.2412,0,-127.39,-36.804,0,15.132
7.84,-1.256,-3.1026,1,-0.24588,0.3431,0,0.90655,-5.0285,-2.0142,0,0.74438,1.2191,0.61238,9.4777,6.7921,0,0,0,0,2.2907,2.2841,2.2789,2.2878,22.395,-8.6029,0,-129.79,-35.53,0,15.236
7.85,-1.3058,-3.1224,1,-0.24146,0.34917,0,0.90542,-4.9326,-1.9467,0,0.74761,1.1383,0.59187,9.6951,6.7043,0,0,0,0,2.3053,2.2987,2.2938,2.3023,21.086,-8.9518,0,-132.06,-34.236,0,15.333
7.86,-1.3547,-3.1415,1,-0.23704,0.35484,0,0.90438,-4.8347,-1.8801,0,0.74994,1.0595,0.57195,9.8994,6.6131,0,0,0,0,2.3188,2.3122,2.3076,2.3158,19.754,-9.2876,0,-134.17,-32.924,0,15.424
7.87,-1.4025,-3.16,1,-0.23265,0.36011,0,0.90344,-4.7347,-1.8144,0,0.75148,0.98277,0.55262,10.09,6.5186,0,0,0,0,2.3312,2.3247,2.3203,2.3282,18.403,-9.6102,0,-136.14,-31.595,0,15.507
7.88,-1.4493,-3.1778,1,-0.22827,0.36501,0,0.90259,-4.6329,-1.7497,0,0.75237,0.90785,0.53386,10.267,6.421,0,0,0,0,2.3424,2.3359,2.3318,2.3394,17.032,-9.9194,0,-137.96,-30.248,0,15.583
7.89,-1.4952,-3.195,1,-0.22391,0.36953,0,0.90184,-4.5294,-1.686,0,0.7527,0.83465,0.51564,10.431,6.3203,0,0,0,0,2.3524,2.346,2.3421,2.3494,15.644,-10.215,0,-139.62,-28.887,0,15.65
7.9,-1.5399,-3.2115,1,-0.21957,0.37369,0,0.90119,-4.4243,-1.6233,0,0.75257,0.76301,0.49797,10.58,6.2167,0,0,0,0,2.3611,2.3548,2.3511,2.3581,14.24,-10.497,0,-141.12,-27.511,0,15.708
7.91,-1.5836,-3.2275,1,-0.21527,0.3775,0,0.90064,-4.3178,-1.5617,0,0.75207,0.6928,0.48082,10.715,6.1104,0,0,0,0,2.3686,2.3622,2.3587,2.3656,12.822,-10.765,0,-142.45,-26.121,0,15.758
7.92,-1.6263,-3.2428,1,-0.21099,0.38097,0,0.90019,-4.2101,-1.5011,0,0.75128,0.62386,0.46417,10.837,6.0014,0,0,0,0,2.3746,2.3683,2.365,2.3716,11.392,-11.019,0,-143.61,-24.72,0,15.799
7.93,-1.6678,-3.2575,1,-0.20673,0.3841,0,0.89985,-4.1012,-1.4417,0,0.75027,0.55605,0.448,10.943,5.89,0,0,0,0,2.3793,2.3731,2.3699,2.3764,9.9506,-11.26,0,-144.6,-23.307,0,15.831
7.94,-1.7083,-3.2716,1,-0.20251,0.3869,0,0.89961,-3.9913,-1.3833,0,0.7491,0.48921,0.4323,11.036,5.7763,0,0,0,0,2.3825,2.3764,2.3733,2.3796,8.5005,-11.486,0,-145.4,-21.884,0,15.853
7.95,-1.7477,-3.2852,1,-0.19832,0.38938,0,0.89947,-3.8805,-1.3262,0,0.74784,0.42319,0.41704,11.113,5.6604,0,0,0,0,2.3843,2.3782,2.3753,2.3815,7.0431,-11.697,0,-146.03,-20.451,0,15.866
7.96,-1.7859,-3.2981,1,-0.19416,0.39153,0,0.89945,-3.769,-1.2701,0,0.74654,0.35782,0.40222,11.176,5.5424,0,0,0,0,2.3847,2.3786,2.3758,2.3819,5.5805,-11.895,0,-146.46,-19.01,0,15.868
7.97,-1.823,-3.3106,1,-0.19003,0.39338,0,0.89952,-3.657,-1.2153,0,0.74524,0.29297,0.3878,11.225,5.4225,0,0,0,0,2.3836,2.3775,2.3748,2.3808,4.1145,-12.077,0,-146.71,-17.562,0,15.861
7.98,-1.859,-3.3225,1,-0.18593,0.39491,0,0.89971,-3.5446,-1.1617,0,0.744,0.22846,0.37378,11.259,5.3009,0,0,0,0,2.3809,2.3749,2.3722,2.3783,2.647,-12.246,0,-146.76,-16.107,0,15.844
7.99,-1.8939,-3.3338,1,-0.18186,0.39613,0,0.9,-3.4319,-1.1093,0,0.74285,0.16415,0.36013,11.278,5.1777,0,0,0,0,2.3768,2.3707,2.3682,2.3742,1.1801,-12.4,0,-146.6,-14.646,0,15.817
8,-1.9277,-3.3446,1,-0.17782,0.39704,0,0.90041,-3.3191,-1.0581,0,0.74182,0.099864,0.34683,11.282,5.053,0,0,0,0,2.3712,2.3651,2.3627,2.3687,-0.28438,-12.539,0,-146.25,-13.181,0,15.779
8.01,-1.9603,-3.355,1,-0.17381,0.39764,0,0.90093,-3.2063,-1.0082,0,0.74096,0.035454,0.33388,11.272,4.9269,0,0,0,0,2.3641,2.358,2.3556,2.3616,-1.7442,-12.663,0,-145.68,-11.711,0,15.732
8.02,-1.9918,-3.3648,1,-0.16982,0.39794,0,0.90156,-3.0937,-0.95961,0,0.74028,-0.029242,0.32125,11.247,4.7997,0,0,0,0,2.3555,2.3494,2.3471,2.3531,-3.1973,-12.773,0,-144.9,-10.239,0,15.675
8.03,-2.0222,-3.3742,1,-0.16585,0.39793,0,0.9023,-2.9814,-0.91226,0,0.73982,-0.094381,0.30892,11.208,4.6715,0,0,0,0,2.3455,2.3393,2.3371,2.3431,-4.6415,-12.868,0,-143.91,-8.7645,0,15.608
8.04,-2.0514,-3.3831,1,-0.16191,0.3976,0,0.90316,-2.8696,-0.86618,0,0.7396,-0.16012,0.29689,11.155,4.5424,0,0,0,0,2.334,2.3278,2.3256,2.3317,-6.0747,-12.948,0,-142.69,-7.289,0,15.532
8.05,-2.0796,-3.3915,1,-0.15799,0.39696,0,0.90414,-2.7583,-0.82141,0,0.73964,-0.22663,0.28514,11.087,4.4126,0,0,0,0,2.321,2.3148,2.3126,2.3188,-7.4946,-13.014,0,-141.25,-5.8131,0,15.445
8.06,-2.1066,-3.3995,1,-0.15409,0.396,0,0.90523,-2.6479,-0.77793,0,0.73995,-0.29405,0.27364,11.005,4.2822,0,0,0,0,2.3067,2.3004,2.2983,2.3045,-8.899,-13.064,0,-139.58,-4.3379,0,15.35
8.07,-2.1325,-3.4071,1,-0.15021,0.39472,0,0.90644,-2.5383,-0.73577,0,0.74055,-0.36255,0.2624,10.909,4.1514,0,0,0,0,2.291,2.2846,2.2825,2.2889,-10.285,-13.1,0,-137.67,-2.8643,0,15.245
8.08,-2.1574,-3.4142,1,-0.14634,0.39311,0,0.90777,-2.4297,-0.69491,0,0.74146,-0.43227,0.2514,10.799,4.0203,0,0,0,0,2.274,2.2674,2.2654,2.2719,-11.652,-13.122,0,-135.53,-1.3931,0,15.131
8.09,-2.1811,-3.421,1,-0.14249,0.39116,0,0.90923,-2.3224,-0.65536,0,0.74267,-0.50337,0.24062,10.676,3.889,0,0,0,0,2.2556,2.249,2.247,2.2537,-12.995,-13.128,0,-133.14,0.074705,0,15.009
8.1,-2.2038,-3.4273,1,-0.13865,0.38887,0,0.9108,-2.2163,-0.61713,0,0.74419,-0.57599,0.23005,10.539,3.7577,0,0,0,0,2.2361,2.2294,2.2274,2.2342,-14.314,-13.12,0,-130.51,1.5383,0,14.878
8.11,-2.2255,-3.4333,1,-0.13482,0.38623,0,0.9125,-2.1116,-0.58021,0,0.74603,-0.65027,0.21969,10.39,3.6266,0,0,0,0,2.2154,2.2085,2.2066,2.2135,-15.605,-13.098,0,-127.63,2.9967,0,14.74
8.12,-2.2461,-3.4389,1,-0.13099,0.38323,0,0.91432,-2.0085,-0.54459,0,0.74817,-0.72634,0.20953,10.227,3.4958,0,0,0,0,2.1935,2.1866,2.1846,2.1918,-16.865,-13.06,0,-124.49,4.449,0,14.594
8.13,-2.2656,-3.4442,1,-0.12717,0.37986,0,0.91626,-1.9071,-0.51029,0,0.75061,-0.80431,0.19955,10.053,3.3655,0,0,0,0,2.1707,2.1635,2.1616,2.1689,-18.093,-13.009,0,-121.09,5.8943,0,14.441
8.14,-2.2842,-3.4491,1,-0.12336,0.37611,0,0.91833,-1.8075,-0.47728,0,0.75334,-0.88427,0.18976,9.8656,3.2357,0,0,0,0,2.1468,2.1395,2.1376,2.1451,-19.286,-12.943,0,-117.43,7.3318,0,14.282
8.15,-2.3018,-3.4538,1,-0.11954,0.37197,0,0.92052,-1.7098,-0.44557,0,0.75633,-0.96632,0.18014,9.6669,3.1067,0,0,0,0,2.122,2.1146,2.1127,2.1204,-20.441,-12.862,0,-113.5,8.7605,0,14.116
8.16,-2.3184,-3.4581,1,-0.11572,0.36743,0,0.92283,-1.6142,-0.41515,0,0.75956,-1.0505,0.17068,9.4569,2.9785,0,0,0,0,2.0965,2.0888,2.087,2.0949,-21.556,-12.767,0,-109.31,10.179,0,13.945
8.17,-2.3341,-3.4621,1,-0.1119,0.36247,0,0.92525,-1.5207,-0.386,0,0.76298,-1.1369,0.1614,9.236,2.8514,0,0,0,0,2.0702,2.0624,2.0605,2.0687,-22.626,-12.658,0,-104.83,11.588,0,13.77
8.18,-2.3488,-3.4658,1,-0.10808,0.35708,0,0.9278,-1.4295,-0.35812,0,0.76656,-1.2254,0.15229,9.0045,2.7254,0,0,0,0,2.0433,2.0353,2.0335,2.0418,-23.651,-12.536,0,-100.08,12.985,0,13.59
8.19,-2.3627,-3.4692,1,-0.10425,0.35126,0,0.93046,-1.3407,-0.33149,0,0.77023,-1.316,0.14333,8.7631,2.6007,0,0,0,0,2.0158,2.0076,2.0059,2.0144,-24.627,-12.399,0,-95.036,14.369,0,13.406
8.2,-2.3757,-3.4724,1,-0.10041,0.34498,0,0.93322,-1.2543,-0.3061,0,0.77393,-1.4085,0.13455,8.5122,2.4775,0,0,0,0,1.9879,1.9796,1.9779,1.9865,-25.551,-12.248,0,-89.708,15.74,0,13.22
8.21,-2.3878,-3.4754,1,-0.096559,0.33825,0,0.93609,-1.1705,-0.28193,0,0.77757,-1.5029,0.12594,8.2523,2.3558,0,0,0,0,1.9597,1.9512,1.9496,1.9584,-26.42,-12.084,0,-84.087,17.097,0,13.031
8.22,-2.3991,-3.4781,1,-0.092702,0.33103,0,0.93905,-1.0893,-0.25898,0,0.78107,-1.5989,0.1175,7.984,2.2358,0,0,0,0,1.9313,1.9227,1.9211,1.93,-27.232,-11.906,0,-78.17,18.439,0,12.842
8.23,-2.4096,-3.4805,1,-0.088836,0.32334,0,0.9421,-1.0108,-0.23721,0,0.78432,-1.6961,0.10925,7.7078,2.1177,0,0,0,0,1.9028,1.8941,1.8925,1.9015,-27.983,-11.715,0,-71.951,19.765,0,12.652
8.24,-2.4193,-3.4828,1,-0.08496,0.31515,0,0.94523,-0.93515,-0.21661,0,0.78717,-1.7941,0.10119,7.4245,2.0016,0,0,0,0,1.8744,1.8656,1.8641,1.8731,-28.67,-11.511,0,-65.427,21.074,0,12.462
8.25,-2.4283,-3.4849,1,-0.081077,0.30646,0,0.94842,-0.86234,-0.19717,0,0.78951,-1.8925,0.093332,7.1347,1.8875,0,0,0,0,1.8461,1.8372,1.8359,1.8448,-29.29,-11.294,0,-58.594,22.365,0,12.273
8.26,-2.4366,-3.4868,1,-0.077187,0.29728,0,0.95167,-0.79247,-0.17886,0,0.79116,-1.9905,0.085694,6.839,1.7757,0,0,0,0,1.8181,1.8092,1.808,1.8168,-29.841,-11.064,0,-51.447,23.637,0,12.087
8.27,-2.4441,-3.4885,1,-0.073294,0.28759,0,0.95495,-0.72558,-0.16165,0,0.79194,-2.0874,0.078289,6.5381,1.6663,0,0,0,0,1.7905,1.7817,1.7806,1.7892,-30.318,-10.821,0,-43.982,24.89,0,11.903
8.28,-2.4511,-3.49,1,-0.069401,0.2774,0,0.95824,-0.66172,-0.14552,0,0.79168,-2.1823,0.071134,6.2328,1.5593,0,0,0,0,1.7635,1.7548,1.7539,1.7621,-30.719,-10.566,0,-36.196,26.122,0,11.724
8.29,-2.4574,-3.4914,1,-0.065512,0.26673,0,0.96154,-0.60094,-0.13045,0,0.79017,-2.2741,0.064248,5.924,1.455,0,0,0,0,1.7372,1.7286,1.7279,1.7357,-31.041,-10.299,0,-28.082,27.332,0,11.549
8.3,-2.4631,-3.4926,1,-0.061633,0.25558,0,0.96482,-0.54325,-0.11641,0,0.78719,-2.3619,0.05765,5.6123,1.3534,0,0,0,0,1.7116,1.7034,1.7028,1.71,-31.28,-10.02,0,-19.639,28.52,0,11.38
8.31,-2.4683,-3.4937,1,-0.057772,0.24398,0,0.96806,-0.4887,-0.10338,0,0.78252,-2.4442,0.05136,5.2987,1.2547,0,0,0,0,1.6869,1.6791,1.6788,1.6853,-31.432,-9.7286,0,-10.86,29.684,0,11.217
8.32,-2.4729,-3.4947,1,-0.053936,0.23196,0,0.97123,-0.43728,-0.09131,0,0.77596,-2.5196,0.0454,4.984,1.1589,0,0,0,0,1.6633,1.656,1.6559,1.6615,-31.496,-9.426,0,-1.7432,30.823,0,11.061
8.33,-2.477,-3.4955,1,-0.050134,0.21955,0,0.97431,-0.38902,-0.080188,0,0.76727,-2.5869,0.039787,4.6691,1.0662,0,0,0,0,1.6408,1.6341,1.6343,1.6389,-31.466,-9.1122,0,7.7173,31.938,0,10.914
8.34,-2.4807,-3.4963,1,-0.046376,0.20679,0,0.97728,-0.3439,-0.069976,0,0.75627,-2.6443,0.034542,4.355,0.97666,0,0,0,0,1.6196,1.6135,1.6141,1.6175,-31.34,-8.7874,0,17.525,33.026,0,10.774
8.35,-2.4839,-3.4969,1,-0.042675,0.19374,0,0.98012,-0.30191,-0.060644,0,0.74278,-2.6905,0.02968,4.0426,0.89046,0,0,0,0,1.5996,1.5944,1.5953,1.5974,-31.114,-8.4518,0,27.684,34.086,0,10.644
8.36,-2.4867,-3.4975,1,-0.039043,0.18046,0,0.98281,-0.26304,-0.052156,0,0.72664,-2.7238,0.025213,3.733,0.80766,0,0,0,0,1.581,1.5768,1.578,1.5786,-30.785,-8.1057,0,38.2,35.119,0,10.524
8.37,-2.4892,-3.498,1,-0.035493,0.16701,0,0.98532,-0.22724,-0.044479,0,0.70774,-2.743,0.021151,3.4272,0.72838,0,0,0,0,1.5639,1.5608,1.5623,1.5613,-30.349,-7.7495,0,49.075,36.122,0,10.414
8.38,-2.4913,-3.4984,1,-0.032039,0.15346,0,0.98763,-0.19448,-0.037576,0,0.686,-2.7465,0.017498,3.1264,0.6527,0,0,0,0,1.5482,1.5463,1.5482,1.5454,-29.803,-7.3834,0,60.314,37.095,0,10.314
8.39,-2.4931,-3.4987,1,-0.028696,0.13991,0,0.98975,-0.16469,-0.031412,0,0.66142,-2.7333,0.014254,2.8316,0.58074,0,0,0,0,1.5341,1.5334,1.5357,1.5311,-29.142,-7.0077,0,71.922,38.036,0,10.224
8.4,-2.4946,-3.499,1,-0.025478,0.12645,0,0.99165,-0.13782,-0.025949,0,0.634,-2.7024,0.011412,2.5439,0.51258,0,0,0,0,1.5214,1.5221,1.5247,1.5182,-28.363,-6.6228,0,83.903,38.946,0,10.144
8.41,-2.4958,-3.4993,1,-0.022399,0.11315,0,0.99333,-0.11379,-0.021148,0,0.60383,-2.653,0.0089609,2.2647,0.44831,0,0,0,0,1.5103,1.5124,1.5153,1.5068,-27.462,-6.2289,0,96.26,39.823,0,10.075
8.42,-2.4969,-3.4994,1,-0.019474,0.10013,0,0.99478,-0.092496,-0.016969,0,0.57103,-2.5845,0.0068821,1.9951,0.38803,0,0,0,0,1.5006,1.5042,1.5074,1.4969,-26.437,-5.8264,0,109,40.666,0,10.015
8.43,-2.4977,-3.4996,1,-0.016716,0.087476,0,0.99603,-0.073848,-0.013374,0,0.53577,-2.4967,0.0051531,1.7364,0.33181,0,0,0,0,1.4922,1.4973,1.5008,1.4884,-25.281,-5.4157,0,122.12,41.474,0,9.9647
8.44,-2.4984,-3.4997,1,-0.014137,0.075295,0,0.99706,-0.057727,-0.010319,0,0.49823,-2.3894,0.0037464,1.4899,0.27974,0,0,0,0,1.4852,1.4919,1.4956,1.4812,-23.993,-4.9971,0,135.64,42.246,0,9.9231
8.45,-2.4989,-3.4998,1,-0.011749,0.063687,0,0.9979,-0.044004,-0.0077646,0,0.45865,-2.2627,0.0026307,1.257,0.2319,0,0,0,0,1.4794,1.4876,1.4916,1.4752,-22.567,-4.5709,0,149.54,42.981,0,9.8896
8.46,-2.4993,-3.4999,1,-0.0095618,0.052749,0,0.99856,-0.032537,-0.0056669,0,0.41727,-2.1169,0.0017717,1.0391,0.18835,0,0,0,0,1.4746,1.4844,1.4886,1.4704,-21.001,-4.1376,0,163.85,43.679,0,9.8633
8.47,-2.4995,-3.4999,1,-0.0075842,0.04258,0,0.99906,-0.023168,-0.003983,0,0.37432,-1.9522,0.0011336,0.83749,0.14917,0,0,0,0,1.4709,1.4822,1.4865,1.4665,-19.289,-3.6975,0,178.55,44.337,0,9.8434
8.48,-2.4997,-3.5,1,-0.0058239,0.033277,0,0.99943,-0.015727,-0.0026688,0,0.33004,-1.7691,0.00068001,0.65378,0.11442,0,0,0,0,1.468,1.4808,1.4852,1.4635,-17.428,-3.251,0,193.67,44.957,0,9.829
8.49,-2.4998,-3.5,1,-0.0042874,0.024931,0,0.99968,-0.010028,-0.0016796,0,0.28465,-1.5678,0.00037496,0.48944,0.08417,0,0,0,0,1.4657,1.48,1.4846,1.4611,-15.414,-2.7985,0,209.19,45.535,0,9.8192
8.5,-2.4999,-3.5,1,-0.0029798,0.017634,0,0.99984,-0.0058689,-0.00097021,0,0.23836,-1.3487,0.00018432,0.34602,0.058471,0,0,0,0,1.464,1.4799,1.4845,1.4593,-13.243,-2.3404,0,225.13,46.072,0,9.8129
8.51,-2.5,-3.5,1,-0.0019054,0.011475,0,0.99993,-0.0030327,-0.00049482,0,0.19132,-1.1119,7.6715e-05,0.22512,0.037379,0,0,0,0,1.4627,1.4801,1.4848,1.458,-10.91,-1.8772,0,241.49,46.567,0,9.8093
8.52,-2.5,-3.5,1,-0.0010678,0.0065444,0,0.99998,-0.0012861,-0.00020711,0,0.14367,-0.85762,2.4526e-05,0.12837,0.020944,0,0,0,0,1.4617,1.4806,1.4854,1.4569,-8.4118,-1.4092,0,258.27,47.018,0,9.8075
8.53,-2.5,-3.5,1,-0.00046955,0.0029289,0,1,-0.00037925,-6.0277e-05,0,0.09554,-0.58565,4.8297e-06,0.057446,0.0092095,0,0,0,0,1.4608,1.4812,1.4861,1.456,-5.7435,-0.93695,0,275.48,47.424,0,9.8068
8.54,-2.5,-3.5,1,-0.00011306,0.00071772,0,1,-4.5322e-05,-7.1092e-06,0,0.046995,-0.29581,2.8519e-07,0.014077,0.0022175,0,0,0,0,1.46,1.482,1.4869,1.4551,-2.9009,-0.46086,0,293.12,47.786,0,9.8066
8.5496,-2.5,-3.5,1,5.6606e-17,1.8114e-16,0,1,9.4369e-16,1.2056e-16,0,1.6076e-15,-7.6078e-15,7.2185e-31,3.5527e-15,-1.1102e-15,0,0,0,0,1.4592,1.4828,1.4877,1.4543,-7.4607e-14,-1.5765e-14,0,310.48,48.09,0,9.8066
