t,p_x,p_y,p_z,q_x,q_y,q_z,q_w,v_x,v_y,v_z,w_x,w_y,w_z,a_lin_x,a_lin_y,a_lin_z,a_rot_x,a_rot_y,a_rot_z,u_1,u_2,u_3,u_4,jerk_x,jerk_y,jerk_z,snap_x,snap_y,snap_z,thrust
0,-2.5,-3.5,1,0,0,0,1,0,0,0,0,0,0,0,0,0,0,0,0,1.4585,1.4835,1.4873,1.4547,0,0,0,313.97,37.466,5.1739,9.8066
0.01,-2.5,-3.5,1,-9.3799e-05,0.00078434,0,1,5.154e-05,6.1604e-06,8.4655e-07,-0.037178,0.31054,-3.2067e-08,0.015384,0.0018397,0.0002524,0,0,0,1.4593,1.4828,1.4864,1.4557,3.0455,0.36461,0.049855,295.21,35.464,4.7988,9.8069
0.02,-2.5,-3.5,1,-0.0003684,0.0030737,0,1,0.00040609,4.8617e-05,6.6478e-06,-0.072325,0.60208,-5.0385e-07,0.060292,0.0072262,0.00098477,0,0,0,1.4602,1.4822,1.4856,1.4568,5.9057,0.70943,0.096013,276.91,33.508,4.4345,9.8078
0.03,-2.5,-3.5,1,-0.0008137,0.0067739,0,0.99998,0.0013497,0.00016186,2.202e-05,-0.10547,0.87491,-2.5042e-06,0.1329,0.015964,0.0021607,0,0,0,1.4612,1.4817,1.4849,1.458,8.5853,1.0349,0.13858,259.08,31.598,4.0808,9.8097
0.04,-2.5,-3.5,1,-0.0014197,0.011792,0,0.99993,0.0031504,0.00037843,5.1222e-05,-0.13662,1.1292,-7.7673e-06,0.23141,0.027862,0.0037448,0,0,0,1.4624,1.4815,1.4845,1.4594,11.089,1.3415,0.17766,241.69,29.734,3.7375,9.8131
0.05,-2.4999,-3.5,1,-0.0021765,0.018035,0,0.99983,0.0060585,0.000729,9.8161e-05,-0.16578,1.3651,-1.8602e-05,0.3541,0.042733,0.0057027,0,0,0,1.464,1.4816,1.4844,1.4612,13.421,1.6298,0.21336,224.75,27.915,3.4046,9.8188
0.06,-2.4998,-3.5,1,-0.0030739,0.02541,0,0.99967,0.010307,0.0012424,0.00016641,-0.19293,1.5825,-3.7818e-05,0.49927,0.060397,0.0080011,0,0,0,1.4661,1.4822,1.4848,1.4635,15.585,1.9,0.24579,208.26,26.141,3.0819,9.8275
0.07,-2.4997,-3.5,1,-0.0041017,0.033823,0,0.99942,0.016113,0.0019457,0.00025921,-0.21804,1.7813,-6.8642e-05,0.66526,0.080675,0.010608,0,0,0,1.4687,1.4833,1.4857,1.4663,17.587,2.1527,0.27504,192.21,24.412,2.7693,9.8401
0.08,-2.4995,-3.4999,1,-0.0052495,0.04318,0,0.99905,0.023677,0.002864,0.00037949,-0.24107,1.9611,-0.00011463,0.85048,0.10339,0.013492,0,0,0,1.472,1.4852,1.4874,1.4699,19.431,2.3884,0.30121,176.59,22.727,2.4667,9.8574
0.09,-2.4992,-3.4999,1,-0.0065065,0.053383,0,0.99855,0.033182,0.0040211,0.00052987,-0.26196,2.1217,-0.00017957,1.0534,0.12839,0.016622,0,0,0,1.4762,1.4878,1.4899,1.4743,21.12,2.6074,0.3244,161.4,21.085,2.174,9.8804
0.1,-2.4988,-3.4999,1,-0.0078617,0.064334,0,0.9979,0.044798,0.0054388,0.00071266,-0.28069,2.263,-0.00026738,1.2724,0.15549,0.01997,0,0,0,1.4814,1.4915,1.4933,1.4797,22.66,2.8102,0.34472,146.63,19.486,1.8911,9.9098
0.11,-2.4983,-3.4998,1,-0.0093038,0.075932,0,0.99707,0.058679,0.0071374,0.0009299,-0.29719,2.3846,-0.00038198,1.5061,0.18454,0.023507,0,0,0,1.4877,1.4962,1.4978,1.4862,24.055,2.9973,0.36226,132.29,17.93,1.6178,9.9465
0.12,-2.4977,-3.4997,1,-0.010821,0.088076,0,0.99606,0.074964,0.0091356,0.0011833,-0.31146,2.4865,-0.0005272,1.753,0.21538,0.027206,0,0,0,1.4952,1.5021,1.5035,1.4939,25.307,3.169,0.37711,118.37,16.416,1.354,9.9912
0.13,-2.4968,-3.4996,1.0001,-0.012403,0.10066,0,0.99484,0.093778,0.011451,0.0014745,-0.32348,2.5688,-0.00070667,2.0118,0.24787,0.031041,0,0,0,1.5039,1.5093,1.5105,1.5029,26.423,3.3257,0.38937,104.85,14.943,1.0996,10.044
0.14,-2.4958,-3.4995,1.0001,-0.014036,0.1136,0,0.99343,0.11523,0.014098,0.0018045,-0.33326,2.6317,-0.00092371,2.281,0.28185,0.034985,0,0,0,1.514,1.5179,1.5188,1.5131,27.406,3.468,0.39913,91.747,13.513,0.85451,10.106
0.15,-2.4945,-3.4993,1.0001,-0.015711,0.12678,0,0.99181,0.13943,0.017092,0.0021745,-0.34085,2.6759,-0.0011813,2.5595,0.31718,0.039015,0,0,0,1.5254,1.5279,1.5286,1.5248,28.26,3.5961,0.40649,79.044,12.122,0.6186,10.178
0.16,-2.493,-3.4991,1.0001,-0.017415,0.14011,0,0.98998,0.16645,0.020446,0.002585,-0.34631,2.7019,-0.0014818,2.8458,0.35373,0.043107,0,0,0,1.5382,1.5393,1.5398,1.5378,28.988,3.7105,0.41153,66.739,10.773,0.39175,10.259
0.17,-2.4912,-3.4989,1.0001,-0.019138,0.15349,0,0.98796,0.19637,0.02417,0.0030367,-0.34973,2.7107,-0.0018274,3.1388,0.39135,0.047239,0,0,0,1.5525,1.5522,1.5525,1.5522,29.596,3.8117,0.41435,54.828,9.4631,0.17383,10.349
0.18,-2.489,-3.4987,1.0002,-0.020869,0.16686,0,0.98576,0.22924,0.028276,0.0035299,-0.35123,2.7033,-0.0022195,3.4373,0.42992,0.051387,0,0,0,1.568,1.5666,1.5667,1.568,30.086,3.8999,0.41504,43.307,8.1929,-0.035262,10.449
0.19,-2.4866,-3.4984,1.0002,-0.022601,0.18012,0,0.98339,0.26513,0.032771,0.0040645,-0.35094,2.6812,-0.002659,3.7402,0.4693,0.055533,0,0,0,1.585,1.5824,1.5823,1.5851,30.463,3.9757,0.41368,32.171,6.9618,-0.23565,10.558
0.2,-2.4837,-3.498,1.0003,-0.024323,0.1932,0,0.98086,0.30406,0.037664,0.0046404,-0.34902,2.6455,-0.0031466,4.0462,0.50939,0.059654,0,0,0,1.6031,1.5996,1.5994,1.6034,30.731,4.0393,0.41035,21.414,5.7694,-0.42746,10.676
0.21,-2.4805,-3.4976,1.0003,-0.026028,0.20605,0,0.9782,0.34606,0.042961,0.0052574,-0.34564,2.5978,-0.0036824,4.3544,0.55005,0.063733,0,0,0,1.6225,1.6181,1.6177,1.6229,30.893,4.0912,0.40516,11.034,4.6151,-0.6108,10.802
0.22,-2.4768,-3.4971,1.0004,-0.027709,0.2186,0,0.97542,0.39115,0.048667,0.0059149,-0.34097,2.5397,-0.0042661,4.6637,0.59118,0.067751,0,0,0,1.643,1.6379,1.6373,1.6435,30.953,4.1317,0.39817,1.0252,3.4985,-0.78579,10.936
0.23,-2.4726,-3.4966,1.0004,-0.029361,0.2308,0,0.97256,0.43934,0.054786,0.0066122,-0.33517,2.4725,-0.0048971,4.9732,0.63265,0.071691,0,0,0,1.6646,1.6588,1.6581,1.6651,30.914,4.1613,0.38947,-8.6171,2.4193,-0.95255,11.078
0.24,-2.468,-3.496,1.0005,-0.030979,0.24263,0,0.96962,0.49061,0.06132,0.0073484,-0.32843,2.3978,-0.0055747,5.2817,0.67437,0.075535,0,0,0,1.687,1.6807,1.6799,1.6876,30.781,4.1802,0.37914,-17.897,1.3769,-1.1112,11.225
0.25,-2.4628,-3.4954,1.0006,-0.032558,0.25404,0,0.96665,0.54496,0.068273,0.0081225,-0.3209,2.3169,-0.0062981,5.5885,0.71622,0.079269,0,0,0,1.7102,1.7035,1.7026,1.7109,30.558,4.1889,0.36727,-26.819,0.37091,-1.2618,11.379
0.26,-2.4571,-3.4947,1.0007,-0.034096,0.26502,0,0.96364,0.60237,0.075645,0.0089334,-0.31275,2.2312,-0.0070664,5.8926,0.75811,0.082876,0,0,0,1.7341,1.727,1.7261,1.7348,30.246,4.1878,0.35393,-35.389,-0.59912,-1.4046,11.537
0.27,-2.4508,-3.4939,1.0007,-0.03559,0.27553,0,0.96063,0.6628,0.083435,0.0097796,-0.30412,2.1418,-0.0078785,6.1931,0.79994,0.086343,0,0,0,1.7585,1.7512,1.7503,1.7593,29.851,4.1771,0.3392,-43.609,-1.5336,-1.5396,11.699
0.28,-2.4438,-3.493,1.0008,-0.037039,0.28558,0,0.95764,0.72622,0.091643,0.01066,-0.29513,2.0498,-0.0087336,6.4893,0.84162,0.089656,0,0,0,1.7834,1.7759,1.7749,1.7842,29.375,4.1572,0.32317,-51.485,-2.4331,-1.6669,11.864
0.29,-2.4362,-3.492,1.001,-0.038441,0.29516,0,0.95467,0.79257,0.10027,0.011572,-0.28591,1.9561,-0.009631,6.7804,0.88306,0.092802,0,0,0,1.8085,1.801,1.7999,1.8093,28.822,4.1285,0.30589,-59.022,-3.2979,-1.7868,12.031
0.3,-2.428,-3.491,1.0011,-0.039796,0.30426,0,0.95176,0.86181,0.1093,0.012515,-0.27655,1.8615,-0.01057,7.0655,0.92417,0.09577,0,0,0,1.8338,1.8262,1.8252,1.8346,28.196,4.0914,0.28745,-66.224,-4.1286,-1.8992,12.2
0.31,-2.419,-3.4899,1.0012,-0.041105,0.31287,0,0.9489,0.93386,0.11875,0.013487,-0.26715,1.7668,-0.01155,7.3441,0.96486,0.098547,0,0,0,1.8591,1.8515,1.8505,1.8599,27.499,4.0461,0.26793,-73.095,-4.9255,-2.0043,12.368
0.32,-2.4093,-3.4886,1.0014,-0.042368,0.32102,0,0.94613,1.0087,0.1286,0.014485,-0.25777,1.6724,-0.012572,7.6153,1.0051,0.10112,0,0,0,1.8843,1.8768,1.8757,1.8851,26.735,3.993,0.24739,-79.641,-5.6891,-2.1023,12.537
0.33,-2.3988,-3.4873,1.0015,-0.043585,0.32869,0,0.94343,1.0861,0.13885,0.015509,-0.24849,1.5788,-0.013634,7.8785,1.0447,0.10349,0,0,0,1.9093,1.9018,1.9008,1.91,25.907,3.9324,0.22591,-85.865,-6.4199,-2.1931,12.703
0.34,-2.3875,-3.4858,1.0017,-0.044757,0.33591,0,0.94083,1.1662,0.14949,0.016555,-0.23934,1.4865,-0.014737,8.1332,1.0837,0.10564,0,0,0,1.9339,1.9266,1.9255,1.9346,25.019,3.8647,0.20355,-91.772,-7.1183,-2.2771,12.868
0.35,-2.3755,-3.4843,1.0018,-0.045886,0.34268,0,0.93833,1.2488,0.16052,0.017621,-0.23038,1.3957,-0.015883,8.3787,1.122,0.10756,0,0,0,1.9581,1.9508,1.9498,1.9587,24.073,3.7901,0.18039,-97.366,-7.7847,-2.3542,13.029
0.36,-2.3626,-3.4826,1.002,-0.046974,0.349,0,0.93594,1.3337,0.17193,0.018705,-0.22163,1.3065,-0.017071,8.6145,1.1595,0.10925,0,0,0,1.9816,1.9745,1.9734,1.9822,23.073,3.7091,0.15649,-102.65,-8.4196,-2.4246,13.186
0.37,-2.3488,-3.4809,1.0022,-0.048021,0.3549,0,0.93367,1.421,0.18371,0.019805,-0.21312,1.2192,-0.018302,8.84,1.1961,0.11069,0,0,0,2.0044,1.9975,1.9964,2.005,22.021,3.6219,0.13192,-107.64,-9.0235,-2.4885,13.339
0.38,-2.3341,-3.479,1.0024,-0.049029,0.36038,0,0.93152,1.5105,0.19585,0.020918,-0.20485,1.1338,-0.019578,9.0547,1.2319,0.11188,0,0,0,2.0265,2.0197,2.0186,2.027,20.921,3.5287,0.10674,-112.32,-9.5967,-2.5458,13.486
0.39,-2.3186,-3.4769,1.0026,-0.05,0.36545,0,0.92949,1.6021,0.20834,0.022042,-0.19685,1.0503,-0.020901,9.2583,1.2667,0.11282,0,0,0,2.0476,2.0409,2.0399,2.0481,19.775,3.43,0.081024,-116.71,-10.14,-2.5968,13.628
0.4,-2.3021,-3.4748,1.0028,-0.050936,0.37014,0,0.92758,1.6956,0.22118,0.023173,-0.18912,0.96869,-0.022272,9.4501,1.3005,0.1135,0,0,0,2.0677,2.0612,2.0602,2.0682,18.588,3.326,0.054827,-120.81,-10.653,-2.6416,13.762
0.41,-2.2847,-3.4725,1.0031,-0.051837,0.37443,0,0.9258,1.791,0.23435,0.024311,-0.18165,0.88899,-0.023692,9.6299,1.3332,0.11392,0,0,0,2.0868,2.0804,2.0794,2.0873,17.36,3.2171,0.028212,-124.63,-11.137,-2.6803,13.89
0.42,-2.2663,-3.4701,1.0033,-0.052707,0.37836,0,0.92416,1.8882,0.24784,0.025451,-0.17446,0.81108,-0.025166,9.7972,1.3648,0.11406,0,0,0,2.1047,2.0984,2.0975,2.1051,16.096,3.1034,0.0012415,-128.16,-11.593,-2.7129,14.01
0.43,-2.2469,-3.4676,1.0036,-0.053545,0.38192,0,0.92264,1.9869,0.26164,0.026591,-0.16752,0.73488,-0.026694,9.9517,1.3952,0.11394,0,0,0,2.1213,2.1152,2.1143,2.1217,14.798,2.9853,-0.026026,-131.42,-12.019,-2.7397,14.121
0.44,-2.2265,-3.4649,1.0039,-0.054355,0.38513,0,0.92126,2.0872,0.27574,0.027729,-0.16084,0.66026,-0.028281,10.093,1.4245,0.11354,0,0,0,2.1367,2.1307,2.1297,2.137,13.468,2.8631,-0.053533,-134.41,-12.418,-2.7607,14.224
0.45,-2.2051,-3.462,1.0042,-0.055137,0.38799,0,0.92001,2.1888,0.29012,0.028861,-0.1544,0.58709,-0.029928,10.221,1.4525,0.11287,0,0,0,2.1506,2.1447,2.1438,2.151,12.111,2.737,-0.081222,-137.13,-12.79,-2.7761,14.317
0.46,-2.1827,-3.4591,1.0044,-0.055892,0.39051,0,0.9189,2.2916,0.30478,0.029985,-0.14819,0.51522,-0.03164,10.335,1.4792,0.11192,0,0,0,2.1632,2.1574,2.1564,2.1635,10.727,2.6074,-0.10904,-139.58,-13.134,-2.7859,14.401
0.47,-2.1593,-3.4559,1.0048,-0.056622,0.39271,0,0.91792,2.3954,0.3197,0.031098,-0.1422,0.44449,-0.033419,10.435,1.5046,0.11069,0,0,0,2.1742,2.1685,2.1676,2.1745,9.3197,2.4744,-0.13692,-141.78,-13.452,-2.7903,14.475
0.48,-2.1348,-3.4527,1.0051,-0.057329,0.39458,0,0.91707,2.5002,0.33487,0.032198,-0.13642,0.37474,-0.035271,10.521,1.5287,0.10918,0,0,0,2.1838,2.1781,2.1772,2.184,7.892,2.3384,-0.16482,-143.73,-13.743,-2.7894,14.538
0.49,-2.1093,-3.4492,1.0054,-0.058013,0.39612,0,0.91636,2.6058,0.35027,0.033281,-0.13084,0.30579,-0.037199,10.593,1.5514,0.10739,0,0,0,2.1917,2.1861,2.1852,2.1919,6.446,2.1997,-0.19269,-145.43,-14.009,-2.7834,14.591
0.5,-2.0827,-3.4457,1.0057,-0.058675,0.39736,0,0.91579,2.712,0.36589,0.034345,-0.12542,0.23745,-0.039208,10.65,1.5727,0.10533,0,0,0,2.1981,2.1925,2.1916,2.1982,4.9843,2.0583,-0.22047,-146.88,-14.25,-2.7722,14.634
0.51,-2.0551,-3.4419,1.0061,-0.059318,0.39828,0,0.91535,2.8188,0.38172,0.035387,-0.12017,0.16954,-0.041302,10.693,1.5925,0.10298,0,0,0,2.2028,2.1972,2.1963,2.2029,3.5093,1.9147,-0.24812,-148.09,-14.466,-2.7562,14.665
0.52,-2.0263,-3.438,1.0064,-0.05994,0.39889,0,0.91504,2.9258,0.39774,0.036404,-0.11507,0.10187,-0.043488,10.721,1.611,0.10036,0,0,0,2.2059,2.2003,2.1994,2.206,2.0233,1.7691,-0.27558,-149.07,-14.657,-2.7353,14.686
0.53,-1.9965,-3.434,1.0068,-0.060544,0.39918,0,0.91487,3.0331,0.41394,0.037393,-0.11009,0.034228,-0.04577,10.733,1.6279,0.097472,0,0,0,2.2073,2.2017,2.2007,2.2073,0.52869,1.6217,-0.30281,-149.81,-14.825,-2.7097,14.695
0.54,-1.9657,-3.4298,1.0072,-0.06113,0.39917,0,0.91484,3.1405,0.43029,0.038352,-0.10522,-0.033583,-0.048155,10.731,1.6434,0.094309,0,0,0,2.207,2.2014,2.2004,2.207,-0.97223,1.4727,-0.32976,-150.33,-14.968,-2.6795,14.693
0.55,-1.9337,-3.4254,1.0076,-0.061699,0.39885,0,0.91494,3.2477,0.4468,0.039278,-0.10044,-0.10178,-0.050649,10.714,1.6574,0.090877,0,0,0,2.205,2.1994,2.1984,2.205,-2.4772,1.3224,-0.35638,-150.63,-15.089,-2.6448,14.68
0.56,-1.9007,-3.4208,1.008,-0.062252,0.39821,0,0.91518,3.3547,0.46344,0.040169,-0.095737,-0.17057,-0.053259,10.682,1.6698,0.087182,0,0,0,2.2014,2.1956,2.1946,2.2014,-3.9841,1.171,-0.38264,-150.71,-15.188,-2.6058,14.655
0.57,-1.8666,-3.4161,1.0084,-0.062788,0.39725,0,0.91556,3.4613,0.48019,0.041021,-0.091082,-0.2402,-0.055992,10.634,1.6808,0.083226,0,0,0,2.1961,2.1902,2.1892,2.196,-5.4907,1.0187,-0.40849,-150.58,-15.264,-2.5625,14.619
0.58,-1.8315,-3.4112,1.0088,-0.063308,0.39597,0,0.91608,3.5673,0.49705,0.041833,-0.086458,-0.31088,-0.058855,10.572,1.6902,0.079014,0,0,0,2.1891,2.1831,2.1821,2.189,-6.995,0.86578,-0.43388,-150.24,-15.318,-2.5151,14.572
0.59,-1.7953,-3.4062,1.0092,-0.063813,0.39436,0,0.91674,3.6727,0.51399,0.042601,-0.081842,-0.38286,-0.061857,10.494,1.6981,0.07455,0,0,0,2.1804,2.1743,2.1733,2.1803,-8.4949,0.71241,-0.45878,-149.7,-15.352,-2.4637,14.514
0.6,-1.758,-3.4009,1.0096,-0.064302,0.39242,0,0.91754,3.7772,0.531,0.043323,-0.07721,-0.45638,-0.065006,10.402,1.7045,0.06984,0,0,0,2.1701,2.1639,2.1628,2.17,-9.9883,0.55881,-0.48314,-148.95,-15.364,-2.4084,14.445
0.61,-1.7198,-3.3955,1.0101,-0.064776,0.39013,0,0.91848,3.8806,0.54807,0.043997,-0.072539,-0.53171,-0.068311,10.295,1.7093,0.064889,0,0,0,2.1582,2.1518,2.1507,2.1581,-11.473,0.40519,-0.50693,-148.01,-15.356,-2.3494,14.365
0.62,-1.6804,-3.39,1.0105,-0.065235,0.38749,0,0.91956,3.983,0.56518,0.04462,-0.0678,-0.60912,-0.071781,10.172,1.7126,0.059704,0,0,0,2.1448,2.1382,2.137,2.1446,-12.948,0.25175,-0.53011,-146.89,-15.328,-2.2866,14.274
0.63,-1.6401,-3.3842,1.011,-0.065678,0.38448,0,0.92079,4.084,0.58232,0.04519,-0.062966,-0.68887,-0.075427,10.036,1.7143,0.054289,0,0,0,2.1298,2.123,2.1218,2.1296,-14.41,0.098687,-0.55265,-145.57,-15.281,-2.2204,14.174
0.64,-1.5988,-3.3783,1.0114,-0.066105,0.38109,0,0.92217,4.1837,0.59947,0.045705,-0.058006,-0.77125,-0.079257,9.8842,1.7145,0.048653,0,0,0,2.1133,2.1063,2.105,2.1131,-15.859,-0.053808,-0.57451,-144.08,-15.215,-2.1507,14.063
0.65,-1.5564,-3.3722,1.0119,-0.066515,0.37731,0,0.9237,4.2817,0.61661,0.046162,-0.052886,-0.85656,-0.083283,9.7185,1.7132,0.042801,0,0,0,2.0954,2.0882,2.0868,2.0952,-17.291,-0.20555,-0.59565,-142.41,-15.13,-2.0777,13.943
0.66,-1.5131,-3.366,1.0124,-0.066907,0.37312,0,0.92537,4.378,0.63373,0.04656,-0.047572,-0.9451,-0.087515,9.5385,1.7104,0.036742,0,0,0,2.0761,2.0686,2.0672,2.0759,-18.706,-0.35635,-0.61605,-140.57,-15.027,-2.0015,13.813
0.67,-1.4689,-3.3596,1.0128,-0.067281,0.3685,0,0.92719,4.4724,0.65081,0.046896,-0.042022,-1.0372,-0.091964,9.3444,1.7061,0.030483,0,0,0,2.0555,2.0477,2.0462,2.0553,-20.102,-0.50603,-0.63567,-138.56,-14.906,-1.9222,13.675
0.68,-1.4237,-3.353,1.0133,-0.067635,0.36343,0,0.92916,4.5648,0.66784,0.047169,-0.036197,-1.1331,-0.096642,9.1365,1.7003,0.024031,0,0,0,2.0337,2.0256,2.024,2.0335,-21.477,-0.65441,-0.65449,-136.38,-14.768,-1.84,13.528
0.69,-1.3776,-3.3462,1.0138,-0.067968,0.3579,0,0.93128,4.6551,0.68481,0.047376,-0.030049,-1.2333,-0.10156,8.9149,1.693,0.017396,0,0,0,2.0108,2.0023,2.0006,2.0105,-22.829,-0.80134,-0.67246,-134.05,-14.614,-1.755,13.374
0.7,-1.3306,-3.3393,1.0142,-0.068278,0.35187,0,0.93356,4.7431,0.7017,0.047516,-0.023529,-1.3379,-0.10672,8.68,1.6843,0.010585,0,0,0,1.9867,1.9779,1.9761,1.9865,-24.157,-0.94663,-0.68958,-131.57,-14.443,-1.6672,13.212
0.71,-1.2827,-3.3322,1.0147,-0.068562,0.34532,0,0.93598,4.8286,0.71849,0.047588,-0.016583,-1.4474,-0.11215,8.4319,1.6741,0.0036073,0,0,0,1.9617,1.9525,1.9506,1.9615,-25.46,-1.0901,-0.7058,-128.93,-14.256,-1.5768,13.044
0.72,-1.234,-3.3249,1.0152,-0.068819,0.33824,0,0.93854,4.9117,0.73518,0.047588,-0.009152,-1.5621,-0.11784,8.1709,1.6625,-0.003528,0,0,0,1.9358,1.9262,1.9241,1.9356,-26.736,-1.2317,-0.72111,-126.15,-14.053,-1.4839,12.87
0.73,-1.1845,-3.3175,1.0157,-0.069046,0.33057,0,0.94125,4.992,0.75174,0.047516,-0.0011748,-1.6821,-0.1238,7.8973,1.6495,-0.010812,0,0,0,1.9091,1.8991,1.8969,1.909,-27.983,-1.3712,-0.73547,-123.23,-13.836,-1.3887,12.69
0.74,-1.1342,-3.3099,1.0161,-0.069239,0.32231,0,0.9441,5.0696,0.76816,0.047371,0.0074158,-1.8078,-0.13005,7.6113,1.6351,-0.018234,0,0,0,1.8818,1.8714,1.869,1.8818,-29.2,-1.5084,-0.74887,-120.18,-13.604,-1.2912,12.507
0.75,-1.0831,-3.3021,1.0166,-0.069394,0.3134,0,0.94708,5.1442,0.78443,0.047151,0.01669,-1.9394,-0.13658,7.3134,1.6193,-0.025786,0,0,0,1.854,1.8431,1.8406,1.854,-30.386,-1.6432,-0.76129,-116.99,-13.358,-1.1916,12.32
0.76,-1.0313,-3.2942,1.0171,-0.069507,0.30383,0,0.95019,5.2158,0.80054,0.046855,0.026722,-2.0771,-0.1434,7.0037,1.6022,-0.033457,0,0,0,1.8258,1.8145,1.8118,1.8258,-31.539,-1.7755,-0.7727,-113.68,-13.098,-1.0899,12.13
0.77,-0.97882,-3.2861,1.0175,-0.069574,0.29356,0,0.95341,5.2842,0.81647,0.046482,0.037587,-2.2209,-0.15049,6.6827,1.5838,-0.041236,0,0,0,1.7973,1.7856,1.7828,1.7974,-32.659,-1.9051,-0.78308,-110.24,-12.825,-0.98639,11.939
0.78,-0.92565,-3.2779,1.018,-0.069589,0.28254,0,0.95673,5.3494,0.83221,0.04603,0.049361,-2.3707,-0.15786,6.3507,1.5641,-0.049115,0,0,0,1.7688,1.7566,1.7536,1.769,-33.744,-2.0319,-0.79242,-106.69,-12.539,-0.88105,11.747
0.79,-0.87184,-3.2695,1.0185,-0.069545,0.27075,0,0.96013,5.4112,0.84775,0.045499,0.062118,-2.5264,-0.16548,6.008,1.5432,-0.057081,0,0,0,1.7403,1.7278,1.7246,1.7406,-34.792,-2.1558,-0.8007,-103.02,-12.241,-0.77404,11.556
0.8,-0.81744,-3.2609,1.0189,-0.069438,0.25816,0,0.9636,5.4695,0.86307,0.044888,0.075929,-2.6876,-0.17333,5.6549,1.521,-0.065125,0,0,0,1.7121,1.6992,1.6959,1.7125,-35.804,-2.2767,-0.80789,-99.246,-11.931,-0.66548,11.366
0.81,-0.76246,-3.2522,1.0194,-0.069259,0.24473,0,0.96712,5.5243,0.87817,0.044197,0.090854,-2.8538,-0.18138,5.292,1.4977,-0.073235,0,0,0,1.6843,1.6712,1.6676,1.6848,-36.777,-2.3944,-0.814,-95.367,-11.61,-0.55548,11.18
0.82,-0.70696,-3.2433,1.0198,-0.069,0.23043,0,0.97064,5.5754,0.89302,0.043423,0.10694,-3.0242,-0.1896,4.9195,1.4731,-0.081401,0,0,0,1.6571,1.6438,1.64,1.6578,-37.711,-2.5089,-0.819,-91.389,-11.278,-0.44417,10.998
0.83,-0.65097,-3.2343,1.0202,-0.068655,0.21523,0,0.97415,5.6226,0.90763,0.042568,0.12422,-3.1978,-0.19792,4.5379,1.4475,-0.089612,0,0,0,1.6307,1.6174,1.6134,1.6315,-38.604,-2.62,-0.82288,-87.316,-10.935,-0.33165,10.822
0.84,-0.59452,-3.2252,1.0207,-0.068214,0.19913,0,0.9776,5.6661,0.92197,0.041631,0.1427,-3.373,-0.20629,4.1476,1.4208,-0.097855,0,0,0,1.6053,1.5921,1.588,1.6063,-39.457,-2.7276,-0.82563,-83.152,-10.582,-0.21805,10.653
0.85,-0.53766,-3.2159,1.0211,-0.067668,0.18212,0,0.98095,5.7056,0.93604,0.040611,0.16234,-3.5483,-0.21463,3.7489,1.393,-0.10612,0,0,0,1.5811,1.5682,1.5639,1.5824,-40.267,-2.8316,-0.82724,-78.902,-10.219,-0.10348,10.493
0.86,-0.48042,-3.2065,1.0215,-0.067009,0.16418,0,0.98415,5.741,0.94983,0.039509,0.18308,-3.7215,-0.22285,3.3424,1.3641,-0.1144,0,0,0,1.5584,1.5459,1.5415,1.5598,-41.034,-2.9319,-0.8277,-74.571,-9.8477,0.011938,10.343
0.87,-0.42285,-3.1969,1.0219,-0.066229,0.14535,0,0.98716,5.7724,0.96332,0.038323,0.20479,-3.8902,-0.23084,2.9284,1.3343,-0.12267,0,0,0,1.5373,1.5255,1.521,1.539,-41.758,-3.0285,-0.827,-70.163,-9.4672,0.12809,10.205
0.88,-0.36499,-3.1872,1.0222,-0.065321,0.12564,0,0.98992,5.7996,0.97651,0.037055,0.22731,-4.0517,-0.2385,2.5074,1.3036,-0.13093,0,0,0,1.5181,1.5072,1.5027,1.52,-42.437,-3.1212,-0.82513,-65.683,-9.0783,0.24486,10.08
0.89,-0.30688,-3.1774,1.0226,-0.064277,0.1051,0,0.99238,5.8225,0.98939,0.035705,0.25042,-4.2031,-0.24571,2.0798,1.2719,-0.13917,0,0,0,1.5009,1.4913,1.4867,1.5031,-43.072,-3.21,-0.8221,-61.135,-8.6817,0.36213,9.9701
0.9,-0.24855,-3.1674,1.0229,-0.063092,0.083796,0,0.99448,5.8412,1.0019,0.034272,0.27381,-4.3411,-0.25234,1.6461,1.2394,-0.14737,0,0,0,1.4861,1.4779,1.4734,1.4885,-43.66,-3.2948,-0.81789,-56.524,-8.2776,0.47979,9.8766
0.91,-0.19007,-3.1573,1.0233,-0.061764,0.061801,0,0.99618,5.8554,1.0142,0.032757,0.29716,-4.4628,-0.25826,1.2068,1.206,-0.15552,0,0,0,1.4739,1.4673,1.4629,1.4764,-44.202,-3.3756,-0.8125,-51.854,-7.8665,0.59771,9.8007
0.92,-0.13146,-3.1471,1.0236,-0.060292,0.039215,0,0.99741,5.8653,1.0261,0.031162,0.32008,-4.565,-0.26336,0.76223,1.1719,-0.16362,0,0,0,1.4643,1.4596,1.4554,1.467,-44.697,-3.4521,-0.80593,-47.129,-7.4489,0.71578,9.7438
0.93,-0.072777,-3.1368,1.0239,-0.058676,0.016152,0,0.99815,5.8707,1.0376,0.029485,0.34215,-4.645,-0.26752,0.31298,1.137,-0.17164,0,0,0,1.4576,1.455,1.451,1.4605,-45.144,-3.5245,-0.79819,-42.355,-7.0253,0.83388,9.7069
0.94,-0.014063,-3.1264,1.0242,-0.056922,-0.0072611,0,0.99835,5.8715,1.0488,0.027729,0.36295,-4.7007,-0.27065,-0.1405,1.1014,-0.17958,0,0,0,1.454,1.4535,1.4499,1.457,-45.544,-3.5926,-0.78926,-37.536,-6.596,0.9519,9.6908
0.95,0.044638,-3.1158,1.0245,-0.055036,-0.030884,0,0.99801,5.8678,1.0596,0.025894,0.38207,-4.7304,-0.27268,-0.59773,1.0652,-0.18742,0,0,0,1.4537,1.4554,1.4522,1.4567,-45.895,-3.6564,-0.77915,-32.677,-6.1616,1.0697,9.6964
0.96,0.10328,-3.1052,1.0247,-0.053028,-0.054571,0,0.9971,5.8596,1.0701,0.023981,0.39913,-4.7333,-0.27357,-1.0582,1.0283,-0.19516,0,0,0,1.4566,1.4605,1.4578,1.4596,-46.197,-3.7158,-0.76786,-27.781,-5.7224,1.1872,9.7241
0.97,0.16181,-3.0944,1.0249,-0.050911,-0.078176,0,0.99564,5.8467,1.0802,0.021991,0.4138,-4.7095,-0.27331,-1.5215,0.99087,-0.20277,0,0,0,1.4629,1.4689,1.4667,1.4659,-46.45,-3.7709,-0.75541,-22.853,-5.2789,1.3043,9.774
0.98,0.2202,-3.0836,1.0251,-0.0487,-0.10155,0,0.99364,5.8291,1.0899,0.019926,0.42585,-4.6596,-0.2719,-1.9871,0.95291,-0.21026,0,0,0,1.4726,1.4807,1.4789,1.4755,-46.654,-3.8214,-0.74178,-17.899,-4.8316,1.4208,9.8461
0.99,0.27838,-3.0726,1.0253,-0.046409,-0.12456,0,0.99113,5.8069,1.0993,0.017787,0.43511,-4.5854,-0.26939,-2.4544,0.91446,-0.2176,0,0,0,1.4857,1.4956,1.4943,1.4885,-46.808,-3.8675,-0.72699,-12.922,-4.3809,1.5366,9.9403
1,0.33632,-3.0616,1.0255,-0.044057,-0.14708,0,0.98814,5.78,1.1082,0.015575,0.44152,-4.4889,-0.26586,-2.9231,0.87557,-0.2248,0,0,0,1.5022,1.5136,1.5129,1.5049,-46.913,-3.909,-0.71105,-7.9272,-3.9273,1.6517,10.056
1.01,0.39397,-3.0505,1.0256,-0.041661,-0.169,0,0.98473,5.7484,1.1168,0.013291,0.44511,-4.3729,-0.2614,-3.3925,0.83629,-0.23182,0,0,0,1.5219,1.5346,1.5344,1.5244,-46.967,-3.946,-0.69396,-2.9188,-3.4712,1.7658,10.192
1.02,0.45127,-3.0393,1.0258,-0.039238,-0.19023,0,0.98096,5.7122,1.1249,0.010939,0.44598,-4.2404,-0.2561,-3.8622,0.79667,-0.23867,0,0,0,1.5448,1.5585,1.5588,1.5471,-46.971,-3.9784,-0.67574,2.0984,-3.013,1.879,10.349
1.03,0.50819,-3.028,1.0259,-0.036805,-0.21068,0,0.97686,5.6712,1.1327,0.0085186,0.44431,-4.0946,-0.25009,-4.3318,0.75674,-0.24533,0,0,0,1.5707,1.5851,1.5858,1.5728,-46.925,-4.0063,-0.65639,7.12,-2.5533,1.991,10.524
1.04,0.56468,-3.0166,1.0259,-0.034376,-0.2303,0,0.97251,5.6255,1.1401,0.0060328,0.44032,-3.9386,-0.24349,-4.8006,0.71656,-0.25179,0,0,0,1.5993,1.6143,1.6153,1.6013,-46.828,-4.0295,-0.63592,12.142,-2.0924,2.1017,10.717
1.05,0.62069,-3.0052,1.026,-0.031966,-0.24905,0,0.96796,5.5752,1.147,0.0034834,0.43428,-3.7754,-0.23642,-5.2682,0.67617,-0.25805,0,0,0,1.6306,1.6458,1.6471,1.6323,-46.682,-4.0481,-0.61436,17.158,-1.6308,2.2111,10.926
1.06,0.67617,-2.9937,1.026,-0.029587,-0.26692,0,0.96327,5.5202,1.1536,0.00087262,0.42647,-3.6078,-0.22899,-5.734,0.63561,-0.26408,0,0,0,1.6642,1.6795,1.6811,1.6658,-46.485,-4.0621,-0.5917,22.166,-1.169,2.319,11.151
1.07,0.73108,-2.9821,1.026,-0.02725,-0.28387,0,0.95847,5.4605,1.1597,-0.0017974,0.41716,-3.4382,-0.2213,-6.1977,0.59494,-0.26988,0,0,0,1.7,1.7151,1.717,1.7014,-46.239,-4.0715,-0.56798,27.16,-0.70748,2.4253,11.389
1.08,0.78536,-2.9705,1.026,-0.024963,-0.29993,0,0.95363,5.3962,1.1655,-0.0045241,0.40664,-3.2688,-0.21346,-6.6587,0.5542,-0.27543,0,0,0,1.7377,1.7526,1.7546,1.739,-45.942,-4.0763,-0.5432,32.136,-0.24658,2.5299,11.64
1.09,0.83899,-2.9588,1.0259,-0.022734,-0.31511,0,0.94878,5.3274,1.1708,-0.0073052,0.39517,-3.1012,-0.20555,-7.1164,0.51343,-0.28074,0,0,0,1.7772,1.7917,1.7938,1.7783,-45.596,-4.0764,-0.51739,37.089,0.21319,2.6326,11.902
1.1,0.8919,-2.9471,1.0258,-0.020568,-0.32941,0,0.94396,5.2539,1.1758,-0.010138,0.38298,-2.9369,-0.19764,-7.5704,0.47268,-0.28578,0,0,0,1.8181,1.8321,1.8344,1.8191,-45.201,-4.072,-0.49056,42.014,0.67137,2.7335,12.173
1.11,0.94405,-2.9353,1.0257,-0.018469,-0.34288,0,0.9392,5.176,1.1803,-0.01302,0.37029,-2.7771,-0.18979,-8.0202,0.432,-0.29055,0,0,0,1.8604,1.8738,1.8762,1.8612,-44.756,-4.063,-0.46273,46.908,1.1275,2.8322,12.453
1.12,0.9954,-2.9235,1.0256,-0.01644,-0.35554,0,0.93452,5.0935,1.1844,-0.015948,0.35728,-2.6225,-0.18206,-8.4654,0.39144,-0.29503,0,0,0,1.9037,1.9165,1.9189,1.9044,-44.262,-4.0495,-0.43392,51.766,1.5812,2.9288,12.739
1.13,1.0459,-2.9116,1.0254,-0.014483,-0.36743,0,0.92994,5.0067,1.1881,-0.018919,0.3441,-2.4736,-0.17448,-8.9053,0.35103,-0.29922,0,0,0,1.9478,1.9601,1.9625,1.9484,-43.721,-4.0314,-0.40416,56.582,2.0319,3.0231,13.031
1.14,1.0955,-2.8997,1.0252,-0.012599,-0.37858,0,0.92548,4.9154,1.1914,-0.021931,0.3309,-2.331,-0.16709,-9.3396,0.31082,-0.30311,0,0,0,1.9927,2.0043,2.0067,1.9932,-43.131,-4.0088,-0.37347,61.353,2.4793,3.1149,13.328
1.15,1.1442,-2.8878,1.025,-0.010788,-0.38903,0,0.92116,4.8199,1.1943,-0.024981,0.31778,-2.1947,-0.15991,-9.7678,0.27087,-0.30669,0,0,0,2.038,2.0491,2.0514,2.0385,-42.494,-3.9818,-0.34187,66.074,2.9228,3.2043,13.628
1.16,1.1919,-2.8758,1.0247,-0.0090496,-0.39883,0,0.91698,4.7201,1.1968,-0.028064,0.30483,-2.0648,-0.15296,-10.189,0.2312,-0.30994,0,0,0,2.0837,2.0942,2.0965,2.0841,-41.81,-3.9504,-0.30939,70.741,3.362,3.2909,13.931
1.17,1.2386,-2.8638,1.0244,-0.0073826,-0.40799,0,0.91295,4.6161,1.199,-0.031178,0.29211,-1.9413,-0.14624,-10.604,0.19187,-0.31287,0,0,0,2.1295,2.1394,2.1417,2.1298,-41.079,-3.9146,-0.27606,75.349,3.7965,3.3749,14.234
1.18,1.2842,-2.8518,1.0241,-0.0057856,-0.41657,0,0.90908,4.5081,1.2007,-0.03432,0.27968,-1.824,-0.13977,-11.011,0.15293,-0.31546,0,0,0,2.1753,2.1847,2.1869,2.1756,-40.303,-3.8745,-0.2419,79.893,4.2258,3.4559,14.538
1.19,1.3287,-2.8398,1.0237,-0.0042572,-0.4246,0,0.90537,4.3959,1.202,-0.037487,0.26759,-1.7128,-0.13355,-11.41,0.1144,-0.31771,0,0,0,2.221,2.2298,2.232,2.2213,-39.482,-3.8301,-0.20695,84.369,4.6494,3.534,14.84
1.2,1.3721,-2.8278,1.0233,-0.0027953,-0.4321,0,0.90182,4.2799,1.203,-0.040673,0.25585,-1.6074,-0.12757,-11.8,0.076337,-0.3196,0,0,0,2.2664,2.2748,2.2769,2.2666,-38.616,-3.7815,-0.17123,88.773,5.067,3.609,15.141
1.21,1.4143,-2.8158,1.0229,-0.0013979,-0.43911,0,0.89843,4.16,1.2035,-0.043877,0.24449,-1.5076,-0.12184,-12.182,0.038782,-0.32113,0,0,0,2.3114,2.3193,2.3213,2.3116,-37.706,-3.7288,-0.13478,93.1,5.4779,3.6807,15.439
1.22,1.4553,-2.8037,1.0224,-6.3005e-05,-0.44565,0,0.89521,4.0363,1.2037,-0.047095,0.23351,-1.413,-0.11634,-12.554,0.0017749,-0.32229,0,0,0,2.3559,2.3633,2.3652,2.356,-36.754,-3.672,-0.097631,97.344,5.8819,3.7491,15.734
1.23,1.495,-2.7917,1.022,0.0012117,-0.45176,0,0.89214,3.9089,1.2036,-0.050322,0.22292,-1.3234,-0.11108,-12.917,-0.034644,-0.32308,0,0,0,2.3997,2.4067,2.4086,2.3998,-35.76,-3.6112,-0.059813,101.5,6.2784,3.8141,16.024
1.24,1.5335,-2.7797,1.0214,0.0024283,-0.45747,0,0.88922,3.778,1.2031,-0.053555,0.21272,-1.2385,-0.10605,-13.269,-0.070435,-0.32349,0,0,0,2.4427,2.4493,2.4511,2.4428,-34.724,-3.5464,-0.021362,105.57,6.667,3.8754,16.31
1.25,1.5706,-2.7676,1.0209,0.0035891,-0.46278,0,0.88646,3.6436,1.2022,-0.05679,0.20289,-1.158,-0.10123,-13.611,-0.10556,-0.32351,0,0,0,2.4848,2.4911,2.4928,2.4849,-33.649,-3.4779,0.017684,109.54,7.0473,3.9331,16.589
1.26,1.6063,-2.7556,1.0203,0.0046961,-0.46773,0,0.88386,3.5058,1.2009,-0.060024,0.19345,-1.0815,-0.096626,-13.942,-0.13998,-0.32313,0,0,0,2.526,2.5319,2.5336,2.526,-32.534,-3.4055,0.057287,113.42,7.4187,3.987,16.862
1.27,1.6407,-2.7436,1.0197,0.0057515,-0.47234,0,0.8814,3.3648,1.1994,-0.063252,0.18436,-1.0088,-0.092217,-14.262,-0.17366,-0.32236,0,0,0,2.566,2.5716,2.5733,2.5661,-31.381,-3.3295,0.09741,117.19,7.7809,4.0369,17.128
1.28,1.6736,-2.7316,1.019,0.0067573,-0.47663,0,0.87908,3.2206,1.1975,-0.06647,0.17563,-0.93963,-0.088,-14.57,-0.20656,-0.32118,0,0,0,2.6049,2.6102,2.6118,2.6049,-30.19,-3.2499,0.13801,120.85,8.1334,4.0829,17.386
1.29,1.7051,-2.7197,1.0183,0.0077155,-0.4806,0,0.8769,3.0734,1.1952,-0.069674,0.16723,-0.87373,-0.083964,-14.865,-0.23865,-0.3196,0,0,0,2.6425,2.6476,2.6491,2.6426,-28.964,-3.1669,0.17905,124.39,8.4756,4.1246,17.636
1.3,1.7351,-2.7077,1.0176,0.0086279,-0.48429,0,0.87487,2.9233,1.1927,-0.07286,0.15915,-0.81085,-0.080101,-15.149,-0.26988,-0.3176,0,0,0,2.6788,2.6836,2.6851,2.6788,-27.703,-3.0805,0.22049,127.82,8.8073,4.1621,17.877
1.31,1.7635,-2.6958,1.0169,0.0094963,-0.48769,0,0.87296,2.7705,1.1898,-0.076025,0.15138,-0.75073,-0.076402,-15.419,-0.30024,-0.31519,0,0,0,2.7137,2.7183,2.7197,2.7137,-26.408,-2.9908,0.26228,131.13,9.1279,4.1953,18.109
1.32,1.7905,-2.6839,1.0161,0.010322,-0.49084,0,0.87119,2.615,1.1867,-0.079163,0.1439,-0.69316,-0.072859,-15.677,-0.32969,-0.31235,0,0,0,2.7471,2.7515,2.7528,2.747,-25.081,-2.8979,0.30438,134.31,9.437,4.2239,18.331
1.33,1.8158,-2.6721,1.0153,0.011108,-0.49373,0,0.86954,2.457,1.1833,-0.08227,0.13669,-0.63792,-0.069463,-15.921,-0.35819,-0.3091,0,0,0,2.7789,2.7831,2.7844,2.7788,-23.722,-2.8021,0.34674,137.36,9.7341,4.2479,18.542
1.34,1.8396,-2.6603,1.0145,0.011855,-0.49638,0,0.86802,2.2966,1.1795,-0.085343,0.12974,-0.58481,-0.066206,-16.151,-0.38572,-0.30542,0,0,0,2.809,2.8131,2.8144,2.809,-22.334,-2.7033,0.38932,140.27,10.019,4.2672,18.743
1.35,1.8618,-2.6485,1.0136,0.012563,-0.4988,0,0.86663,2.134,1.1755,-0.088377,0.12304,-0.53363,-0.063081,-16.367,-0.41225,-0.30131,0,0,0,2.8375,2.8414,2.8426,2.8375,-20.917,-2.6017,0.43207,143.04,10.29,4.2816,18.932
1.36,1.8823,-2.6368,1.0127,0.013236,-0.501,0,0.86535,1.9693,1.1713,-0.091368,0.11657,-0.48421,-0.06008,-16.569,-0.43775,-0.29678,0,0,0,2.8643,2.868,2.8692,2.8642,-19.474,-2.4975,0.47494,145.67,10.549,4.291,19.11
1.37,1.9011,-2.6251,1.0118,0.013873,-0.50299,0,0.86418,1.8027,1.1668,-0.094311,0.11031,-0.43636,-0.057197,-16.757,-0.46219,-0.29181,0,0,0,2.8892,2.8929,2.894,2.8891,-18.005,-2.3908,0.51788,148.14,10.794,4.2954,19.275
1.38,1.9183,-2.6134,1.0108,0.014477,-0.50477,0,0.86314,1.6342,1.1621,-0.097203,0.10425,-0.38992,-0.054425,-16.929,-0.48556,-0.28642,0,0,0,2.9123,2.9158,2.9169,2.9122,-16.511,-2.2817,0.56083,150.47,11.024,4.2946,19.429
1.39,1.9338,-2.6018,1.0098,0.015048,-0.50635,0,0.8622,1.4641,1.1571,-0.10004,0.098377,-0.34473,-0.051758,-17.087,-0.50782,-0.28059,0,0,0,2.9335,2.9369,2.938,2.9334,-14.996,-2.1704,0.60375,152.63,11.24,4.2885,19.57
1.4,1.9476,-2.5903,1.0088,0.015588,-0.50773,0,0.86137,1.2925,1.1519,-0.10281,0.092679,-0.30064,-0.049189,-17.229,-0.52896,-0.27434,0,0,0,2.9527,2.9561,2.9571,2.9526,-13.459,-2.057,0.64658,154.63,11.44,4.2769,19.698
1.41,1.9597,-2.5788,1.0078,0.016097,-0.50893,0,0.86066,1.1196,1.1465,-0.10552,0.087142,-0.2575,-0.046713,-17.356,-0.54895,-0.26766,0,0,0,2.97,2.9733,2.9743,2.9699,-11.904,-1.9416,0.68927,156.47,11.625,4.2598,19.812
1.42,1.97,-2.5674,1.0067,0.016576,-0.50994,0,0.86005,0.94547,1.1409,-0.10817,0.081753,-0.21519,-0.044326,-17.467,-0.56778,-0.26056,0,0,0,2.9852,2.9885,2.9894,2.9851,-10.331,-1.8245,0.73176,158.13,11.794,4.237,19.914
1.43,1.9786,-2.556,1.0056,0.017026,-0.51077,0,0.85955,0.77031,1.1352,-0.11073,0.076499,-0.17355,-0.042021,-17.563,-0.58544,-0.25303,0,0,0,2.9984,3.0016,3.0026,2.9983,-8.7417,-1.7058,0.77399,159.61,11.947,4.2085,20.002
1.44,1.9854,-2.5447,1.0045,0.017448,-0.51143,0,0.85915,0.59427,1.1292,-0.11322,0.07137,-0.13246,-0.039795,-17.642,-0.60189,-0.24508,0,0,0,3.0095,3.0127,3.0136,3.0095,-7.1389,-1.5856,0.81591,160.92,12.082,4.1741,20.076
1.45,1.9905,-2.5334,1.0033,0.017843,-0.5119,0,0.85886,0.41752,1.1231,-0.11563,0.066354,-0.091787,-0.037642,-17.705,-0.61714,-0.23671,0,0,0,3.0186,3.0217,3.0226,3.0185,-5.524,-1.4642,0.85745,162.03,12.2,4.1336,20.136
1.46,1.9937,-2.5222,1.0022,0.018211,-0.51221,0,0.85867,0.24021,1.1169,-0.11796,0.06144,-0.051415,-0.035559,-17.753,-0.63117,-0.22793,0,0,0,3.0255,3.0286,3.0295,3.0254,-3.8989,-1.3417,0.89856,162.96,12.3,4.0871,20.182
1.47,1.9953,-2.5111,1.001,0.018553,-0.51234,0,0.85858,0.06252,1.1105,-0.12019,0.056617,-0.011215,-0.033543,-17.783,-0.64398,-0.21874,0,0,0,3.0303,3.0334,3.0343,3.0302,-2.2654,-1.2183,0.93917,163.69,12.382,4.0342,20.214
1.48,1.995,-2.5,0.99978,0.018869,-0.5123,0,0.8586,-0.1154,1.104,-0.12233,0.051875,0.028933,-0.031588,-17.798,-0.65554,-0.20915,0,0,0,3.0329,3.0361,3.0369,3.0328,-0.62564,-1.0941,0.97923,164.23,12.446,3.9751,20.231
1.49,1.993,-2.489,0.99854,0.01916,-0.51209,0,0.85872,-0.29338,1.0974,-0.12437,0.047205,0.06915,-0.029693,-17.796,-0.66586,-0.19916,0,0,0,3.0334,3.0366,3.0374,3.0333,1.0185,-0.96941,1.0187,164.56,12.49,3.9095,20.235
1.5,1.9891,-2.478,0.99729,0.019427,-0.5117,0,0.85894,-0.47126,1.0907,-0.12631,0.042595,0.10956,-0.027853,-17.777,-0.67492,-0.18878,0,0,0,3.0318,3.035,3.0358,3.0317,2.6649,-0.84437,1.0574,164.69,12.515,3.8376,20.224
1.51,1.9835,-2.4672,0.99602,0.019669,-0.51114,0,0.85927,-0.64888,1.0839,-0.12815,0.038037,0.15028,-0.026066,-17.743,-0.68274,-0.17802,0,0,0,3.028,3.0312,3.032,3.0279,4.3116,-0.71917,1.0954,164.63,12.522,3.7596,20.198
1.52,1.9762,-2.4564,0.99473,0.019887,-0.5104,0,0.85971,-0.82606,1.077,-0.12987,0.03352,0.19144,-0.024329,-17.691,-0.68931,-0.16687,0,0,0,3.022,3.0253,3.0261,3.0219,5.9568,-0.59399,1.1326,164.37,12.511,3.6756,20.159
1.53,1.967,-2.4456,0.99342,0.020081,-0.50949,0,0.86024,-1.0026,1.0701,-0.13148,0.029034,0.23317,-0.022639,-17.623,-0.69462,-0.15537,0,0,0,3.0139,3.0173,3.018,3.0138,7.5984,-0.46901,1.1689,163.93,12.482,3.5859,20.105
1.54,1.9561,-2.435,0.9921,0.020252,-0.50839,0,0.86089,-1.1785,1.0632,-0.13298,0.024569,0.2756,-0.020992,-17.539,-0.69869,-0.1435,0,0,0,3.0037,3.0071,3.0079,3.0036,9.2347,-0.34441,1.2043,163.3,12.436,3.4905,20.037
1.55,1.9434,-2.4244,0.99076,0.0204,-0.50711,0,0.86164,-1.3534,1.0562,-0.13435,0.020114,0.31888,-0.019387,-17.439,-0.70151,-0.13128,0,0,0,2.9914,2.9949,2.9956,2.9913,10.864,-0.22034,1.2387,162.49,12.374,3.3897,19.955
1.56,1.929,-2.4138,0.98941,0.020524,-0.50564,0,0.8625,-1.5272,1.0491,-0.1356,0.015659,0.36314,-0.017821,-17.322,-0.7031,-0.11873,0,0,0,2.977,2.9806,2.9813,2.9768,12.484,-0.096987,1.272,161.5,12.295,3.2835,19.86
1.57,1.9129,-2.4034,0.98805,0.020625,-0.50397,0,0.86347,-1.6998,1.0421,-0.13673,0.011192,0.40855,-0.016291,-17.189,-0.70346,-0.10585,0,0,0,2.9605,2.9642,2.965,2.9604,14.093,0.025497,1.3043,160.34,12.199,3.1723,19.75
1.58,1.895,-2.393,0.98668,0.020702,-0.5021,0,0.86456,-1.8709,1.0351,-0.13772,0.0067031,0.45525,-0.014794,-17.04,-0.70259,-0.092647,0,0,0,2.942,2.9458,2.9466,2.9418,15.69,0.14695,1.3355,159.02,12.089,3.0561,19.627
1.59,1.8755,-2.3827,0.98529,0.020757,-0.50003,0,0.86576,-2.0405,1.028,-0.13858,0.0021802,0.50342,-0.013329,-16.875,-0.70052,-0.079142,0,0,0,2.9215,2.9255,2.9262,2.9213,17.273,0.26722,1.3654,157.53,11.963,2.9351,19.491
1.6,1.8542,-2.3724,0.98391,0.020788,-0.49774,0,0.86708,-2.2084,1.0211,-0.1393,-0.0023886,0.55324,-0.011893,-16.695,-0.69725,-0.065343,0,0,0,2.899,2.9031,2.9039,2.8989,18.84,0.38615,1.3942,155.87,11.822,2.8095,19.342
1.61,1.8313,-2.3623,0.98251,0.020795,-0.49523,0,0.86851,-2.3744,1.0141,-0.13988,-0.0070154,0.60488,-0.010483,-16.499,-0.6928,-0.051263,0,0,0,2.8747,2.8789,2.8797,2.8744,20.39,0.5036,1.4216,154.06,11.666,2.6794,19.179
1.62,1.8068,-2.3521,0.98111,0.020779,-0.49248,0,0.87007,-2.5383,1.0072,-0.14032,-0.011713,0.65854,-0.0090974,-16.287,-0.68719,-0.036915,0,0,0,2.8484,2.8528,2.8536,2.8482,21.921,0.61943,1.4477,152.1,11.497,2.5451,19.005
1.63,1.7806,-2.3421,0.9797,0.020738,-0.48949,0,0.87176,-2.7001,1.0004,-0.14062,-0.016494,0.71445,-0.0077344,-16.06,-0.68042,-0.022313,0,0,0,2.8203,2.8249,2.8257,2.8201,23.431,0.7335,1.4725,149.98,11.314,2.4066,18.818
1.64,1.7528,-2.3321,0.9783,0.020673,-0.48625,0,0.87358,-2.8595,0.9936,-0.14077,-0.021373,0.77282,-0.0063916,-15.819,-0.67252,-0.0074701,0,0,0,2.7904,2.7953,2.796,2.7902,24.92,0.84566,1.4958,147.72,11.117,2.2641,18.62
1.65,1.7234,-2.3222,0.97689,0.020582,-0.48274,0,0.87552,-3.0164,0.98692,-0.14077,-0.026364,0.83389,-0.0050672,-15.562,-0.66351,0.0075992,0,0,0,2.7588,2.764,2.7647,2.7586,26.385,0.9558,1.5178,145.32,10.908,2.1179,18.41
1.66,1.6925,-2.3124,0.97548,0.020466,-0.47894,0,0.87761,-3.1706,0.98034,-0.14062,-0.031482,0.89791,-0.003759,-15.291,-0.65341,0.02288,0,0,0,2.7256,2.731,2.7318,2.7253,27.826,1.0638,1.5382,142.78,10.686,1.9681,18.189
1.67,1.66,-2.3026,0.97408,0.020324,-0.47485,0,0.87983,-3.3221,0.97386,-0.14031,-0.036741,0.96516,-0.0024654,-15.006,-0.64224,0.038358,0,0,0,2.6908,2.6965,2.6972,2.6905,29.241,1.1695,1.5571,140.11,10.452,1.8148,17.958
1.68,1.626,-2.2929,0.97268,0.020154,-0.47044,0,0.8822,-3.4707,0.9675,-0.13985,-0.042159,1.0359,-0.0011844,-14.706,-0.63003,0.054017,0,0,0,2.6545,2.6605,2.6613,2.6542,30.628,1.2728,1.5745,137.31,10.207,1.6582,17.717
1.69,1.5906,-2.2833,0.97128,0.019957,-0.4657,0,0.88472,-3.6162,0.96126,-0.13923,-0.047752,1.1105,8.5539e-05,-14.393,-0.6168,0.069842,0,0,0,2.6167,2.623,2.6239,2.6164,31.986,1.3736,1.5903,134.37,9.9495,1.4985,17.467
1.7,1.5537,-2.2737,0.96989,0.019731,-0.46061,0,0.88738,-3.7585,0.95516,-0.13845,-0.053537,1.1892,0.0013462,-14.067,-0.60257,0.085817,0,0,0,2.5776,2.5843,2.5851,2.5773,33.315,1.4717,1.6044,131.32,9.6816,1.3359,17.207
1.71,1.5154,-2.2642,0.96851,0.019476,-0.45514,0,0.89021,-3.8975,0.94921,-0.13751,-0.059531,1.2724,0.002599,-13.727,-0.58737,0.10193,0,0,0,2.5373,2.5444,2.5452,2.5369,34.612,1.5672,1.617,128.15,9.4031,1.1705,16.94
1.72,1.4758,-2.2547,0.96714,0.019189,-0.44928,0,0.89319,-4.033,0.94342,-0.13641,-0.065753,1.3605,0.0038455,-13.374,-0.57123,0.11815,0,0,0,2.4958,2.5033,2.5042,2.4954,35.878,1.6598,1.6278,124.86,9.1145,1.0024,16.664
1.73,1.4348,-2.2453,0.96578,0.018871,-0.44298,0,0.89633,-4.165,0.93779,-0.13515,-0.072221,1.4538,0.0050869,-13.009,-0.55419,0.13448,0,0,0,2.4532,2.4612,2.4621,2.4528,37.109,1.7494,1.637,121.46,8.8161,0.83196,16.382
1.74,1.3925,-2.236,0.96444,0.018519,-0.43624,0,0.89964,-4.2932,0.93234,-0.13372,-0.078954,1.5526,0.0063244,-12.632,-0.53626,0.15089,0,0,0,2.4097,2.4182,2.4191,2.4093,38.306,1.8361,1.6445,117.96,8.5083,0.65919,16.094
1.75,1.3489,-2.2267,0.96311,0.018132,-0.42901,0,0.90312,-4.4176,0.92707,-0.13213,-0.085968,1.6575,0.0075589,-12.243,-0.51748,0.16736,0,0,0,2.3654,2.3744,2.3754,2.365,39.468,1.9196,1.6502,114.35,8.1915,0.48431,15.8
1.76,1.3041,-2.2174,0.9618,0.017709,-0.42126,0,0.90677,-4.538,0.92199,-0.13038,-0.093282,1.7688,0.0087912,-11.843,-0.49788,0.18388,0,0,0,2.3204,2.33,2.331,2.3199,40.593,1.9999,1.6542,110.64,7.8662,0.30747,15.502
1.77,1.2582,-2.2082,0.9605,0.017249,-0.41296,0,0.91059,-4.6544,0.91711,-0.12845,-0.10091,1.8868,0.010022,-11.432,-0.47749,0.20044,0,0,0,2.2748,2.285,2.286,2.2743,41.681,2.0769,1.6563,106.83,7.5327,0.12886,15.2
1.78,1.2111,-2.1991,0.95923,0.016749,-0.40406,0,0.91458,-4.7666,0.91244,-0.12637,-0.10887,2.0121,0.011251,-11.01,-0.45635,0.217,0,0,0,2.2289,2.2397,2.2407,2.2283,42.729,2.1505,1.6567,102.94,7.1913,-0.051362,14.896
1.79,1.1629,-2.19,0.95798,0.016207,-0.39454,0,0.91874,-4.8745,0.90799,-0.12411,-0.11716,2.1448,0.012479,-10.577,-0.43449,0.23357,0,0,0,2.1827,2.1941,2.1952,2.1821,43.739,2.2207,1.6553,98.953,6.8426,-0.23303,14.59
1.8,1.1136,-2.1809,0.95675,0.015622,-0.38435,0,0.92306,-4.9781,0.90376,-0.1217,-0.1258,2.2854,0.013704,-10.135,-0.41195,0.2501,0,0,0,2.1363,2.1485,2.1496,2.1358,44.708,2.2873,1.6521,94.884,6.4868,-0.41598,14.284
1.81,1.0633,-2.1719,0.95554,0.014992,-0.37343,0,0.92754,-5.0772,0.89975,-0.11911,-0.13479,2.434,0.014925,-9.6832,-0.38876,0.2666,0,0,0,2.0901,2.103,2.1041,2.0895,45.636,2.3504,1.647,90.734,6.1244,-0.60004,13.978
1.82,1.0121,-2.1629,0.95437,0.014316,-0.36176,0,0.93216,-5.1717,0.89598,-0.11636,-0.14412,2.5908,0.016142,-9.2224,-0.36495,0.28304,0,0,0,2.0442,2.0578,2.059,2.0436,46.523,2.4098,1.6401,86.508,5.7558,-0.78505,13.674
1.83,0.95989,-2.154,0.95322,0.01359,-0.34927,0,0.93692,-5.2616,0.89245,-0.11345,-0.15377,2.7557,0.01735,-8.7529,-0.34057,0.2994,0,0,0,1.9988,2.0131,2.0143,1.9981,47.366,2.4655,1.6313,82.209,5.3813,-0.97083,13.374
1.84,0.90684,-2.1451,0.9521,0.012814,-0.33592,0,0.9418,-5.3468,0.88917,-0.11038,-0.16371,2.9285,0.018548,-8.2752,-0.31566,0.31566,0,0,0,1.9541,1.9691,1.9703,1.9534,48.167,2.5174,1.6206,77.841,5.0014,-1.1572,13.078
1.85,0.85297,-2.1362,0.95101,0.011985,-0.32168,0,0.94677,-5.4271,0.88614,-0.10714,-0.1739,3.1088,0.01973,-7.7897,-0.29024,0.3318,0,0,0,1.9104,1.926,1.9272,1.9097,48.923,2.5655,1.6081,73.409,4.6164,-1.3441,12.789
1.86,0.79832,-2.1273,0.94995,0.011103,-0.30648,0,0.95181,-5.5025,0.88337,-0.10374,-0.18429,3.2959,0.020892,-7.2969,-0.26436,0.34781,0,0,0,1.8678,1.884,1.8852,1.8672,49.635,2.6097,1.5938,68.915,4.2268,-1.5312,12.507
1.87,0.74294,-2.1185,0.94893,0.010167,-0.29029,0,0.95688,-5.573,0.88086,-0.10018,-0.19479,3.4887,0.022026,-6.7972,-0.23806,0.36367,0,0,0,1.8268,1.8434,1.8446,1.8261,50.301,2.65,1.5775,64.364,3.8329,-1.7185,12.235
1.88,0.68687,-2.1097,0.94795,0.0091755,-0.27309,0,0.96195,-5.6385,0.87861,-0.096468,-0.2053,3.6857,0.023127,-6.291,-0.21137,0.37936,0,0,0,1.7875,1.8044,1.8056,1.7868,50.922,2.6863,1.5594,59.759,3.4351,-1.9057,11.974
1.89,0.63018,-2.1009,0.94701,0.0081291,-0.25484,0,0.96695,-5.6988,0.87663,-0.092597,-0.21569,3.885,0.024183,-5.7789,-0.18434,0.39485,0,0,0,1.7502,1.7673,1.7685,1.7496,51.496,2.7187,1.5394,55.105,3.0339,-2.0926,11.726
1.9,0.57292,-2.0922,0.9461,0.0070287,-0.23552,0,0.97184,-5.754,0.87492,-0.088572,-0.22581,4.084,0.025187,-5.2613,-0.15701,0.41014,0,0,0,1.7153,1.7323,1.7334,1.7147,52.024,2.747,1.5175,50.405,2.6296,-2.2793,11.493
1.91,0.51512,-2.0834,0.94524,0.005876,-0.21515,0,0.97656,-5.804,0.87349,-0.084395,-0.23549,4.28,0.026128,-4.7386,-0.12942,0.4252,0,0,0,1.6831,1.6996,1.7007,1.6825,52.504,2.7713,1.4938,45.663,2.2227,-2.4653,11.277
1.92,0.45685,-2.0747,0.94441,0.004674,-0.19374,0,0.98104,-5.8488,0.87234,-0.080069,-0.24452,4.4695,0.026993,-4.2113,-0.1016,0.44001,0,0,0,1.6537,1.6696,1.6706,1.6533,52.937,2.7915,1.4682,40.883,1.8135,-2.6507,11.079
1.93,0.39816,-2.066,0.94363,0.0034265,-0.17132,0,0.98521,-5.8882,0.87146,-0.075595,-0.25268,4.6485,0.027773,-3.68,-0.073602,0.45456,0,0,0,1.6276,1.6425,1.6434,1.6272,53.322,2.8075,1.4408,36.068,1.4023,-2.8352,10.901
1.94,0.3391,-2.0573,0.9429,0.0021389,-0.14796,0,0.98899,-5.9224,0.87087,-0.070978,-0.25977,4.8129,0.028456,-3.1451,-0.045463,0.46882,0,0,0,1.605,1.6185,1.6193,1.6048,53.658,2.8195,1.4115,31.223,0.98974,-3.0187,10.746
1.95,0.27973,-2.0486,0.94222,0.00081769,-0.12375,0,0.99231,-5.9511,0.87055,-0.06622,-0.26555,4.9585,0.029031,-2.607,-0.017225,0.48278,0,0,0,1.5862,1.5979,1.5985,1.586,53.946,2.8273,1.3804,26.352,0.57606,-3.201,10.615
1.96,0.2201,-2.0399,0.94158,-0.00052932,-0.098802,0,0.99511,-5.9745,0.87052,-0.061324,-0.26982,5.081,0.029492,-2.0663,0.01107,0.49642,0,0,0,1.5713,1.581,1.5814,1.5713,54.185,2.831,1.3475,21.458,0.16168,-3.3819,10.508
1.97,0.16026,-2.0312,0.94099,-0.0018933,-0.073242,0,0.99731,-5.9925,0.87077,-0.056293,-0.2724,5.1767,0.029832,-1.5235,0.039381,0.50973,0,0,0,1.5605,1.5678,1.568,1.5607,54.375,2.8306,1.3128,16.545,-0.25299,-3.5613,10.428
1.98,0.10027,-2.0225,0.94045,-0.0032645,-0.047229,0,0.99888,-6.005,0.87131,-0.05113,-0.27317,5.2424,0.030049,-0.97897,0.067667,0.52267,0,0,0,1.5539,1.5586,1.5586,1.5543,54.516,2.826,1.2763,11.617,-0.66756,-3.739,10.376
1.99,0.04018,-2.0137,0.93997,-0.0046327,-0.020935,0,0.99977,-6.012,0.87213,-0.045841,-0.27206,5.2758,0.030144,-0.43332,0.095887,0.53525,0,0,0,1.5517,1.5536,1.5534,1.5522,54.607,2.8172,1.238,6.6783,-1.0816,-3.9148,10.351
2,-0.019953,-2.005,0.93954,-0.0059873,0.0054567,0,0.99997,-6.0136,0.87323,-0.040427,-0.26906,5.2758,0.030121,0.11301,0.124,0.54743,0,0,0,1.5537,1.5528,1.5523,1.5544,54.649,2.8043,1.198,1.732,-1.4948,-4.0886,10.355
2.01,-0.080075,-1.9963,0.93916,-0.0073182,0.031761,0,0.99947,-6.0098,0.87461,-0.034893,-0.26422,5.2424,0.029988,0.65951,0.15196,0.5592,0,0,0,1.56,1.5563,1.5556,1.5608,54.642,2.7873,1.1563,-3.2178,-1.9067,-4.2603,10.388
2.02,-0.14013,-1.9875,0.93884,-0.0086155,0.057795,0,0.99829,-6.0004,0.87626,-0.029244,-0.25767,5.1767,0.029759,1.2057,0.17973,0.57055,0,0,0,1.5704,1.564,1.5632,1.5714,54.585,2.7662,1.1128,-8.1671,-2.3169,-4.4296,10.448
2.03,-0.20007,-1.9787,0.93857,-0.0098705,0.083387,0,0.99647,-5.9857,0.8782,-0.023484,-0.24958,5.0812,0.029446,1.751,0.20727,0.58145,0,0,0,1.5849,1.5761,1.5751,1.586,54.479,2.741,1.0677,-13.112,-2.725,-4.5963,10.537
2.04,-0.25983,-1.97,0.93837,-0.011076,0.10838,0,0.99405,-5.9654,0.88041,-0.017617,-0.24017,4.959,0.029067,2.2951,0.23454,0.59189,0,0,0,1.6032,1.5922,1.5911,1.6043,54.323,2.7117,1.0209,-18.049,-3.1307,-4.7604,10.651
2.05,-0.31936,-1.9611,0.93822,-0.012225,0.13264,0,0.99109,-5.9398,0.88289,-0.011648,-0.22967,4.8139,0.028638,2.8373,0.26149,0.60186,0,0,0,1.6251,1.6123,1.6111,1.6263,54.118,2.6784,0.97248,-22.975,-3.5335,-4.9217,10.791
2.06,-0.3786,-1.9523,0.93814,-0.013313,0.15606,0,0.98766,-5.9087,0.88564,-0.0055812,-0.21834,4.6501,0.028178,3.3773,0.28809,0.61134,0,0,0,1.6504,1.6362,1.635,1.6517,53.863,2.6411,0.92247,-27.884,-3.933,-5.0799,10.955
2.07,-0.43751,-1.9434,0.93811,-0.014336,0.17855,0,0.98383,-5.8722,0.88865,0.00057743,-0.20642,4.4719,0.027702,3.9144,0.3143,0.62031,0,0,0,1.6789,1.6637,1.6623,1.6802,53.56,2.5997,0.87089,-32.774,-4.3288,-5.235,11.142
2.08,-0.49603,-1.9345,0.93815,-0.015293,0.20005,0,0.97967,-5.8304,0.89192,0.0068232,-0.19413,4.2835,0.027227,4.4483,0.34007,0.62875,0,0,0,1.7103,1.6944,1.693,1.7117,53.208,2.5545,0.81778,-37.64,-4.7206,-5.3868,11.349
2.09,-0.5541,-1.9256,0.93825,-0.016184,0.22051,0,0.97525,-5.7833,0.89545,0.013151,-0.18169,4.0886,0.026767,4.9784,0.36538,0.63666,0,0,0,1.7444,1.7281,1.7267,1.7458,52.807,2.5053,0.76316,-42.479,-5.1079,-5.535,11.575
2.1,-0.61168,-1.9166,0.93841,-0.017007,0.23992,0,0.97064,-5.7309,0.89923,0.019554,-0.16926,3.8908,0.026333,5.5043,0.39017,0.64401,0,0,0,1.781,1.7645,1.7631,1.7823,52.358,2.4523,0.70709,-47.287,-5.4903,-5.6796,11.818
2.11,-0.6687,-1.9076,0.93864,-0.017764,0.25828,0,0.96591,-5.6732,0.90325,0.026029,-0.15699,3.6929,0.025936,6.0254,0.41441,0.65079,0,0,0,1.8196,1.8032,1.8019,1.8209,51.862,2.3956,0.64959,-52.059,-5.8675,-5.8203,12.076
2.12,-0.72512,-1.8985,0.93893,-0.018457,0.2756,0,0.96109,-5.6104,0.90751,0.032568,-0.145,3.4974,0.025584,6.5414,0.43807,0.657,0,0,0,1.8603,1.8441,1.8428,1.8615,51.317,2.335,0.59069,-56.793,-6.2391,-5.9571,12.348
2.13,-0.78089,-1.8895,0.93929,-0.019088,0.29191,0,0.95626,-5.5424,0.91201,0.039167,-0.13336,3.3061,0.025282,7.0516,0.4611,0.6626,0,0,0,1.9025,1.8868,1.8855,1.9037,50.726,2.2708,0.53046,-61.484,-6.6046,-6.0897,12.631
2.14,-0.83595,-1.8803,0.93972,-0.019659,0.30723,0,0.95143,-5.4694,0.91673,0.045818,-0.12215,3.1206,0.025036,7.5557,0.48347,0.6676,0,0,0,1.9462,1.931,1.9298,1.9474,50.088,2.2029,0.46892,-66.129,-6.9636,-6.218,12.924
2.15,-0.89026,-1.8711,0.94021,-0.020174,0.32162,0,0.94665,-5.3913,0.92168,0.052517,-0.11139,2.9419,0.024849,8.0532,0.50515,0.67198,0,0,0,1.9911,1.9765,1.9754,1.9922,49.404,2.1315,0.40611,-70.723,-7.3159,-6.3417,13.225
2.16,-0.94376,-1.8619,0.94077,-0.020635,0.3351,0,0.94195,-5.3083,0.92683,0.059256,-0.10112,2.7708,0.024723,8.5437,0.52609,0.67572,0,0,0,2.037,2.023,2.0219,2.0381,48.674,2.0567,0.3421,-75.263,-7.6609,-6.4609,13.533
2.17,-0.99641,-1.8526,0.94139,-0.021044,0.34774,0,0.93736,-5.2205,0.9322,0.066029,-0.091334,2.6076,0.024659,9.0266,0.54627,0.67882,0,0,0,2.0836,2.0703,2.0693,2.0846,47.899,1.9784,0.27691,-79.745,-7.9982,-6.5752,13.846
2.18,-1.0482,-1.8432,0.94209,-0.021406,0.35957,0,0.93287,-5.1278,0.93776,0.07283,-0.082033,2.4525,0.024656,9.5015,0.56564,0.68125,0,0,0,2.1308,2.1181,2.1172,2.1318,47.079,1.8967,0.21061,-84.165,-8.3276,-6.6845,14.163
2.19,-1.099,-1.8338,0.94285,-0.021722,0.37064,0,0.92852,-5.0305,0.94351,0.079652,-0.073206,2.3056,0.024716,9.968,0.58419,0.68302,0,0,0,2.1783,2.1663,2.1655,2.1792,46.215,1.8118,0.14324,-88.519,-8.6485,-6.7887,14.482
2.2,-1.1488,-1.8244,0.94368,-0.021995,0.381,0,0.92432,-4.9285,0.94944,0.086488,-0.064834,2.1668,0.024836,10.426,0.60187,0.68412,0,0,0,2.226,2.2147,2.2139,2.2269,45.309,1.7238,0.074852,-92.803,-8.9605,-6.8876,14.802
2.21,-1.1975,-1.8148,0.94458,-0.022227,0.39069,0,0.92026,-4.822,0.95554,0.093332,-0.056894,2.0357,0.025016,10.874,0.61866,0.68452,0,0,0,2.2737,2.263,2.2623,2.2745,44.36,1.6326,0.0055035,-97.014,-9.2634,-6.9811,15.123
2.22,-1.2452,-1.8052,0.94555,-0.022421,0.39975,0,0.91635,-4.711,0.96181,0.10018,-0.049363,1.9123,0.025255,11.313,0.63451,0.68422,0,0,0,2.3212,2.3112,2.3105,2.322,43.369,1.5385,-0.064751,-101.15,-9.5566,-7.0689,15.441
2.23,-1.2917,-1.7956,0.94658,-0.022579,0.40823,0,0.9126,-4.5957,0.96823,0.10701,-0.042213,1.796,0.025552,11.741,0.64942,0.68322,0,0,0,2.3684,2.359,2.3583,2.3692,42.337,1.4416,-0.13585,-105.2,-9.8398,-7.1509,15.758
2.24,-1.3371,-1.7859,0.94769,-0.022703,0.41616,0,0.90901,-4.4762,0.97479,0.11384,-0.035419,1.6865,0.025905,12.159,0.66334,0.6815,0,0,0,2.4151,2.4062,2.4056,2.4159,41.265,1.3418,-0.20775,-109.17,-10.113,-7.2269,16.071
2.25,-1.3812,-1.7761,0.94886,-0.022794,0.42357,0,0.90557,-4.3526,0.98149,0.12064,-0.028952,1.5834,0.026313,12.566,0.67624,0.67906,0,0,0,2.4612,2.4529,2.4523,2.462,40.154,1.2393,-0.28037,-113.05,-10.374,-7.2969,16.381
2.26,-1.4241,-1.7663,0.9501,-0.022854,0.43051,0,0.9023,-4.2249,0.98831,0.12742,-0.022788,1.4863,0.026774,12.962,0.68811,0.67589,0,0,0,2.5066,2.4987,2.4982,2.5073,39.004,1.1343,-0.35367,-116.83,-10.625,-7.3606,16.685
2.27,-1.4657,-1.7563,0.95141,-0.022885,0.437,0,0.89917,-4.0934,0.99525,0.13416,-0.016899,1.3949,0.027288,13.346,0.69892,0.67199,0,0,0,2.5511,2.5437,2.5432,2.5518,37.818,1.0269,-0.42756,-120.52,-10.864,-7.4178,16.983
2.28,-1.506,-1.7463,0.95278,-0.022887,0.44307,0,0.89619,-3.9581,1.0023,0.14085,-0.011262,1.3087,0.027854,13.718,0.70864,0.66734,0,0,0,2.5946,2.5876,2.5871,2.5953,36.594,0.91709,-0.502,-124.11,-11.091,-7.4685,17.274
2.29,-1.5449,-1.7363,0.95422,-0.022863,0.44874,0,0.89337,-3.8191,1.0094,0.1475,-0.0058526,1.2274,0.02847,14.078,0.71726,0.66195,0,0,0,2.637,2.6304,2.63,2.6377,35.336,0.80509,-0.57691,-127.59,-11.306,-7.5124,17.558
2.3,-1.5823,-1.7262,0.95573,-0.022812,0.45405,0,0.89068,-3.6765,1.0166,0.15409,-0.00064943,1.1505,0.029137,14.425,0.72474,0.6558,0,0,0,2.6782,2.672,2.6716,2.6789,34.043,0.69102,-0.65223,-130.97,-11.507,-7.5494,17.835
2.31,-1.6184,-1.716,0.95731,-0.022736,0.45901,0,0.88814,-3.5306,1.0239,0.16061,0.0043689,1.0779,0.029853,14.759,0.73107,0.6489,0,0,0,2.7181,2.7123,2.7119,2.7188,32.717,0.57499,-0.72787,-134.23,-11.696,-7.5793,18.102
2.32,-1.6529,-1.7057,0.95894,-0.022637,0.46364,0,0.88574,-3.3814,1.0312,0.16707,0.009222,1.0091,0.030617,15.079,0.73623,0.64124,0,0,0,2.7567,2.7511,2.7508,2.7573,31.359,0.45715,-0.80379,-137.38,-11.871,-7.6019,18.36
2.33,-1.686,-1.6953,0.96065,-0.022513,0.46796,0,0.88346,-3.2291,1.0386,0.17344,0.013929,0.94391,0.031431,15.386,0.74021,0.63282,0,0,0,2.7937,2.7885,2.7882,2.7944,29.969,0.33762,-0.87989,-140.41,-12.032,-7.6172,18.608
2.34,-1.7175,-1.6849,0.96241,-0.022367,0.47199,0,0.88132,-3.0737,1.046,0.17972,0.018506,0.88195,0.032294,15.679,0.74298,0.62364,0,0,0,2.8293,2.8243,2.824,2.8299,28.551,0.21656,-0.95611,-143.32,-12.178,-7.6249,18.846
2.35,-1.7475,-1.6744,0.96424,-0.022198,0.47574,0,0.8793,-2.9155,1.0535,0.18591,0.022972,0.823,0.033205,15.957,0.74453,0.6137,0,0,0,2.8631,2.8584,2.8581,2.8638,27.104,0.094114,-1.0324,-146.09,-12.309,-7.6249,19.072
2.36,-1.7758,-1.6638,0.96613,-0.022007,0.47924,0,0.87741,-2.7546,1.0609,0.19199,0.02734,0.76679,0.034165,16.221,0.74486,0.603,0,0,0,2.8953,2.8908,2.8906,2.896,25.629,-0.029574,-1.1086,-148.74,-12.426,-7.617,19.288
2.37,-1.8025,-1.6532,0.96808,-0.021794,0.48248,0,0.87563,-2.5912,1.0684,0.19796,0.031626,0.71311,0.035175,16.469,0.74394,0.59153,0,0,0,2.9258,2.9215,2.9212,2.9264,24.129,-0.15435,-1.1847,-151.25,-12.526,-7.601,19.491
2.38,-1.8276,-1.6425,0.97009,-0.02156,0.48549,0,0.87398,-2.4253,1.0758,0.20382,0.035844,0.66172,0.036235,16.703,0.74177,0.5793,0,0,0,2.9544,2.9503,2.95,2.955,22.605,-0.28005,-1.2606,-153.62,-12.611,-7.5768,19.683
2.39,-1.851,-1.6317,0.97216,-0.021305,0.48828,0,0.87243,-2.2572,1.0832,0.20955,0.040006,0.61241,0.037346,16.921,0.73834,0.56632,0,0,0,2.9811,2.9772,2.9769,2.9817,21.057,-0.40651,-1.3362,-155.85,-12.679,-7.5443,19.861
2.4,-1.8728,-1.6208,0.97428,-0.021029,0.49085,0,0.87099,-2.0869,1.0906,0.21514,0.044125,0.56501,0.038508,17.124,0.73364,0.55258,0,0,0,3.0058,3.0021,3.0019,3.0065,19.488,-0.53357,-1.4114,-157.94,-12.73,-7.5032,20.027
2.41,-1.8928,-1.6099,0.97646,-0.020732,0.49321,0,0.86966,-1.9147,1.0979,0.2206,0.048214,0.51931,0.039723,17.311,0.72766,0.53809,0,0,0,3.0286,3.025,3.0248,3.0293,17.899,-0.66106,-1.4862,-159.87,-12.764,-7.4534,20.18
2.42,-1.9111,-1.5988,0.97869,-0.020414,0.49537,0,0.86844,-1.7408,1.1051,0.2259,0.052283,0.47515,0.040992,17.482,0.72041,0.52286,0,0,0,3.0494,3.0459,3.0457,3.0501,16.291,-0.7888,-1.5605,-161.65,-12.781,-7.3948,20.318
2.43,-1.9276,-1.5878,0.98098,-0.020075,0.49735,0,0.86732,-1.5651,1.1123,0.23105,0.056342,0.43237,0.042316,17.637,0.71189,0.50689,0,0,0,3.0681,3.0647,3.0645,3.0688,14.667,-0.91661,-1.6341,-163.27,-12.779,-7.3271,20.443
2.44,-1.9424,-1.5766,0.98331,-0.019714,0.49913,0,0.8663,-1.3881,1.1194,0.23604,0.060404,0.3908,0.043696,17.775,0.70208,0.49018,0,0,0,3.0847,3.0814,3.0812,3.0853,13.027,-1.0443,-1.707,-164.72,-12.759,-7.2503,20.554
2.45,-1.9553,-1.5654,0.9857,-0.019333,0.50074,0,0.86538,-1.2097,1.1263,0.24085,0.064478,0.3503,0.045135,17.897,0.691,0.47275,0,0,0,3.0991,3.0959,3.0958,3.0998,11.373,-1.1717,-1.7791,-166.02,-12.72,-7.1641,20.651
2.46,-1.9665,-1.5541,0.98813,-0.01893,0.50218,0,0.86456,-1.0302,1.1332,0.24549,0.068573,0.31073,0.046634,18.003,0.67865,0.4546,0,0,0,3.1113,3.1082,3.1081,3.1121,9.7068,-1.2987,-1.8502,-167.14,-12.662,-7.0685,20.733
2.47,-1.9759,-1.5427,0.99061,-0.018506,0.50344,0,0.86383,-0.8497,1.1399,0.24994,0.072699,0.27196,0.048195,18.091,0.66503,0.43575,0,0,0,3.1214,3.1184,3.1182,3.1221,8.0306,-1.4249,-1.9204,-168.09,-12.584,-6.9631,20.8
2.48,-1.9835,-1.5313,0.99313,-0.01806,0.50453,0,0.8632,-0.66841,1.1465,0.2542,0.076866,0.23384,0.04982,18.163,0.65015,0.4162,0,0,0,3.1292,3.1263,3.1261,3.13,6.3457,-1.5503,-1.9895,-168.86,-12.486,-6.848,20.853
2.49,-1.9893,-1.5198,0.99569,-0.017591,0.50547,0,0.86267,-0.48649,1.1529,0.25826,0.081082,0.19625,0.051511,18.218,0.63403,0.39596,0,0,0,3.1348,3.1319,3.1318,3.1356,4.654,-1.6745,-2.0573,-169.45,-12.368,-6.7228,20.89
2.5,-1.9933,-1.5082,0.99829,-0.0171,0.50624,0,0.86222,-0.3041,1.1591,0.26212,0.085358,0.15908,0.053271,18.256,0.61667,0.37506,0,0,0,3.1382,3.1353,3.1352,3.139,2.9574,-1.7975,-2.1239,-169.85,-12.228,-6.5875,20.913
2.51,-1.9954,-1.4966,1.0009,-0.016585,0.50685,0,0.86188,-0.12141,1.1652,0.26576,0.089701,0.12219,0.055102,18.278,0.59808,0.35349,0,0,0,3.1393,3.1364,3.1363,3.1401,1.2576,-1.919,-2.189,-170.07,-12.068,-6.4419,20.92
2.52,-1.9957,-1.4849,1.0036,-0.016047,0.5073,0,0.86162,0.061395,1.1711,0.26919,0.09412,0.085467,0.057007,18.282,0.57829,0.33128,0,0,0,3.1381,3.1352,3.1352,3.1389,-0.44337,-2.0388,-2.2527,-170.09,-11.886,-6.286,20.912
2.53,-1.9942,-1.4732,1.0063,-0.015485,0.50759,0,0.86146,0.24416,1.1768,0.27239,0.098624,0.04879,0.058989,18.269,0.55731,0.30844,0,0,0,3.1346,3.1318,3.1317,3.1355,-2.1436,-2.1567,-2.3147,-169.93,-11.683,-6.1199,20.889
2.54,-1.9908,-1.4614,1.0091,-0.014898,0.50773,0,0.86139,0.42671,1.1822,0.27535,0.10322,0.012037,0.061051,18.239,0.53517,0.28499,0,0,0,3.1289,3.1261,3.126,3.1298,-3.8414,-2.2724,-2.375,-169.59,-11.46,-5.9442,20.851
2.55,-1.9856,-1.4495,1.0118,-0.014286,0.50771,0,0.86141,0.60888,1.1875,0.27809,0.10793,-0.024915,0.063198,18.192,0.51187,0.26095,0,0,0,3.1209,3.1181,3.118,3.1218,-5.5347,-2.3858,-2.4336,-169.06,-11.217,-5.7589,20.798
2.56,-1.9786,-1.4376,1.0146,-0.013647,0.50752,0,0.86153,0.79049,1.1925,0.28057,0.11275,-0.062194,0.065432,18.128,0.48746,0.23633,0,0,0,3.1107,3.1078,3.1078,3.1116,-7.222,-2.4967,-2.4902,-168.36,-10.955,-5.5644,20.73
2.57,-1.9698,-1.4257,1.0174,-0.012982,0.50718,0,0.86174,0.97138,1.1972,0.28281,0.11769,-0.099928,0.06776,18.047,0.46195,0.21115,0,0,0,3.0982,3.0953,3.0952,3.0992,-8.9013,-2.6049,-2.5448,-167.48,-10.675,-5.361,20.646
2.58,-1.9592,-1.4137,1.0203,-0.012289,0.50667,0,0.86205,1.1514,1.2017,0.28479,0.12277,-0.13825,0.070185,17.95,0.43537,0.18544,0,0,0,3.0835,3.0805,3.0805,3.0845,-10.571,-2.7101,-2.5974,-166.44,-10.376,-5.149,20.548
2.59,-1.9468,-1.4017,1.0231,-0.011568,0.50599,0,0.86246,1.3303,1.2059,0.28652,0.12799,-0.17731,0.072714,17.836,0.40775,0.15921,0,0,0,3.0666,3.0635,3.0635,3.0676,-12.229,-2.8123,-2.6478,-165.23,-10.06,-4.9287,20.435
2.6,-1.9326,-1.3896,1.026,-0.010817,0.50515,0,0.86297,1.508,1.2099,0.28798,0.13338,-0.21724,0.075352,17.705,0.37913,0.13249,0,0,0,3.0475,3.0444,3.0444,3.0485,-13.875,-2.9113,-2.6959,-163.85,-9.7268,-4.7003,20.308
2.61,-1.9166,-1.3775,1.0289,-0.010036,0.50413,0,0.86357,1.6844,1.2135,0.28916,0.13894,-0.2582,0.078106,17.559,0.34954,0.1053,0,0,0,3.0262,3.023,3.023,3.0273,-15.506,-3.0068,-2.7418,-162.32,-9.3772,-4.4642,20.166
2.62,-1.8989,-1.3653,1.0318,-0.0092229,0.50292,0,0.86428,1.8592,1.2169,0.29008,0.14468,-0.30035,0.080983,17.395,0.31901,0.077661,0,0,0,3.0029,2.9996,2.9996,3.004,-17.121,-3.0988,-2.7852,-160.64,-9.0118,-4.2206,20.01
2.63,-1.8795,-1.3531,1.0347,-0.0083776,0.50154,0,0.8651,2.0322,1.2199,0.29072,0.15062,-0.34387,0.083991,17.216,0.28758,0.049602,0,0,0,2.9774,2.974,2.974,2.9786,-18.718,-3.187,-2.8262,-158.8,-8.6312,-3.9699,19.84
2.64,-1.8583,-1.3409,1.0376,-0.0074983,0.49995,0,0.86602,2.2034,1.2226,0.29107,0.15678,-0.38894,0.087139,17.021,0.25528,0.021146,0,0,0,2.9499,2.9464,2.9464,2.9511,-20.296,-3.2714,-2.8646,-156.82,-8.2358,-3.7123,19.656
2.65,-1.8354,-1.3287,1.0405,-0.0065837,0.49817,0,0.86705,2.3726,1.225,0.29114,0.16316,-0.43575,0.090435,16.81,0.22216,-0.0076808,0,0,0,2.9204,2.9167,2.9167,2.9216,-21.854,-3.3517,-2.9004,-154.69,-7.8262,-3.4482,19.459
2.66,-1.8108,-1.3164,1.0434,-0.0056326,0.49618,0,0.8682,2.5396,1.227,0.29092,0.16979,-0.48452,0.09389,16.584,0.18826,-0.036852,0,0,0,2.8889,2.885,2.8851,2.8902,-23.39,-3.4278,-2.9335,-152.42,-7.4031,-3.1777,19.249
2.67,-1.7846,-1.3041,1.0463,-0.0046433,0.49397,0,0.86947,2.7042,1.2288,0.2904,0.17668,-0.53547,0.097514,16.343,0.15362,-0.066342,0,0,0,2.8555,2.8515,2.8515,2.8569,-24.902,-3.4997,-2.9639,-150.02,-6.9669,-2.9013,19.026
2.68,-1.7568,-1.2918,1.0492,-0.0036142,0.49152,0,0.87086,2.8664,1.2301,0.28959,0.18384,-0.58886,0.10132,16.086,0.11828,-0.096121,0,0,0,2.8203,2.816,2.8161,2.8217,-26.39,-3.5671,-2.9915,-147.48,-6.5182,-2.6191,18.79
2.69,-1.7273,-1.2795,1.0521,-0.0025437,0.48884,0,0.87237,3.0259,1.2311,0.28848,0.19131,-0.64494,0.10532,15.815,0.082293,-0.12616,0,0,0,2.7833,2.7788,2.7788,2.7847,-27.851,-3.63,-3.0163,-144.81,-6.0576,-2.3316,18.543
2.7,-1.6963,-1.2672,1.055,-0.0014298,0.48589,0,0.87402,3.1826,1.2318,0.28706,0.19908,-0.70401,0.10953,15.529,0.045698,-0.15644,0,0,0,2.7445,2.7397,2.7398,2.746,-29.286,-3.6882,-3.0381,-142.02,-5.5856,-2.0389,18.283
2.71,-1.6637,-1.2549,1.0579,-0.00027079,0.48268,0,0.8758,3.3365,1.232,0.28535,0.2072,-0.76637,0.11396,15.229,0.008544,-0.18692,0,0,0,2.704,2.699,2.6991,2.7057,-30.691,-3.7417,-3.057,-139.11,-5.1029,-1.7414,18.013
2.72,-1.6295,-1.2426,1.0607,0.00093551,0.47918,0,0.87772,3.4872,1.2319,0.28333,0.21566,-0.83239,0.11862,14.916,-0.02912,-0.21757,0,0,0,2.662,2.6566,2.6568,2.6637,-32.067,-3.7903,-3.0729,-136.08,-4.6098,-1.4393,17.732
2.73,-1.5939,-1.2303,1.0635,0.0021912,0.47537,0,0.87979,3.6347,1.2314,0.281,0.22449,-0.90241,0.12355,14.588,-0.067245,-0.24836,0,0,0,2.6185,2.6127,2.6129,2.6202,-33.412,-3.8339,-3.0858,-132.93,-4.1071,-1.133,17.441
2.74,-1.5569,-1.2179,1.0663,0.0034987,0.47123,0,0.882,3.7789,1.2306,0.27836,0.23372,-0.97686,0.12874,14.247,-0.10578,-0.27927,0,0,0,2.5735,2.5674,2.5676,2.5753,-34.725,-3.8724,-3.0956,-129.67,-3.5953,-0.82279,17.14
2.75,-1.5184,-1.2056,1.0691,0.0048602,0.46674,0,0.88438,3.9196,1.2293,0.27541,0.24336,-1.0562,0.13424,13.894,-0.14468,-0.31027,0,0,0,2.5272,2.5206,2.5209,2.5291,-36.005,-3.9057,-3.1023,-126.3,-3.0749,-0.50888,16.83
2.76,-1.4785,-1.1934,1.0718,0.0062782,0.46187,0,0.88692,4.0567,1.2277,0.27215,0.25342,-1.1408,0.14004,13.527,-0.18388,-0.34131,0,0,0,2.4796,2.4726,2.4729,2.4816,-37.251,-3.9339,-3.1058,-122.84,-2.5465,-0.1916,16.511
2.77,-1.4372,-1.1811,1.0745,0.0077555,0.4566,0,0.88964,4.1901,1.2256,0.26858,0.26392,-1.2313,0.14619,13.149,-0.22333,-0.37237,0,0,0,2.4309,2.4233,2.4236,2.433,-38.462,-3.9566,-3.1061,-119.27,-2.0107,0.12877,16.185
2.78,-1.3947,-1.1688,1.0772,0.0092945,0.4509,0,0.89253,4.3197,1.2232,0.2647,0.27487,-1.3283,0.15269,12.758,-0.26299,-0.40342,0,0,0,2.3811,2.373,2.3733,2.3833,-39.636,-3.974,-3.1032,-115.6,-1.4679,0.45193,15.851
2.79,-1.3509,-1.1566,1.0798,0.010898,0.44472,0,0.8956,4.4453,1.2204,0.26052,0.28629,-1.4323,0.15959,12.356,-0.3028,-0.43442,0,0,0,2.3304,2.3216,2.3221,2.3327,-40.774,-3.986,-3.097,-111.84,-0.91883,0.77758,15.511
2.8,-1.3058,-1.1444,1.0824,0.012569,0.43804,0,0.89887,4.5668,1.2172,0.25602,0.29816,-1.544,0.16689,11.943,-0.34269,-0.46535,0,0,0,2.2789,2.2694,2.2699,2.2814,-41.873,-3.9924,-3.0876,-107.99,-0.36399,1.1054,15.166
2.81,-1.2595,-1.1323,1.0849,0.01431,0.43081,0,0.90233,4.6841,1.2135,0.25121,0.3105,-1.6641,0.17464,11.519,-0.38263,-0.49616,0,0,0,2.2268,2.2165,2.2171,2.2293,-42.933,-3.9932,-3.0749,-104.06,0.19608,1.4352,14.816
2.82,-1.2121,-1.1202,1.0874,0.016124,0.42298,0,0.906,4.7971,1.2095,0.24609,0.32328,-1.7934,0.18284,11.084,-0.42254,-0.52684,0,0,0,2.1741,2.1629,2.1636,2.1767,-43.954,-3.9885,-3.0589,-100.04,0.76079,1.7666,14.462
2.83,-1.1636,-1.1081,1.0899,0.018013,0.41451,0,0.90987,4.9057,1.2051,0.24067,0.33647,-1.9325,0.19154,10.64,-0.46238,-0.55733,0,0,0,2.121,2.1089,2.1097,2.1237,-44.934,-3.978,-3.0396,-95.951,1.3296,2.0994,14.106
2.84,-1.114,-1.0961,1.0922,0.01998,0.40534,0,0.91395,5.0099,1.2003,0.23495,0.35002,-2.0824,0.20076,10.186,-0.50208,-0.58762,0,0,0,2.0677,2.0546,2.0556,2.0706,-45.872,-3.9619,-3.0169,-91.782,1.9019,2.4332,13.747
2.85,-1.0634,-1.0841,1.0946,0.022027,0.39542,0,0.91824,5.1094,1.195,0.22892,0.36387,-2.2437,0.21052,9.7226,-0.54159,-0.61766,0,0,0,2.0144,2.0002,2.0013,2.0173,-46.769,-3.94,-2.9909,-87.543,2.4773,2.7677,13.389
2.86,-1.0119,-1.0722,1.0968,0.024154,0.38467,0,0.92274,5.2043,1.1894,0.2226,0.37793,-2.4173,0.22083,9.2506,-0.58086,-0.64742,0,0,0,1.9613,1.9459,1.9471,1.9642,-47.623,-3.9123,-2.9616,-83.236,3.055,3.1027,13.031
2.87,-0.95935,-1.0603,1.099,0.026364,0.37304,0,0.92744,5.2944,1.1834,0.21597,0.39206,-2.6039,0.23171,8.7703,-0.61982,-0.67688,0,0,0,1.9085,1.8918,1.8932,1.9115,-48.434,-3.8789,-2.9289,-78.865,3.6346,3.4378,12.675
2.88,-0.90598,-1.0485,1.1011,0.028654,0.36044,0,0.93234,5.3797,1.177,0.20906,0.4061,-2.8039,0.24317,8.2821,-0.65842,-0.70599,0,0,0,1.8562,1.8382,1.8399,1.8593,-49.2,-3.8396,-2.8928,-74.434,4.2155,3.7729,12.323
2.89,-0.85178,-1.0368,1.1032,0.031026,0.3468,0,0.93743,5.46,1.1703,0.20186,0.41982,-3.0179,0.25519,7.7864,-0.69659,-0.73472,0,0,0,1.8048,1.7854,1.7873,1.8078,-49.922,-3.7945,-2.8534,-69.947,4.7971,4.1075,11.976
2.9,-0.79679,-1.0251,1.1052,0.033474,0.33204,0,0.94267,5.5354,1.1631,0.19437,0.43295,-3.2458,0.26775,7.2838,-0.73429,-0.76305,0,0,0,1.7544,1.7336,1.7358,1.7574,-50.599,-3.7437,-2.8107,-65.407,5.3789,4.4415,11.635
2.91,-0.74109,-1.0135,1.1071,0.035994,0.31609,0,0.94805,5.6057,1.1556,0.1866,0.44515,-3.4874,0.28082,6.7746,-0.77145,-0.79093,0,0,0,1.7053,1.6831,1.6856,1.7082,-51.23,-3.687,-2.7646,-60.817,5.9604,4.7744,11.304
2.92,-0.6847,-1.002,1.1089,0.038579,0.29885,0,0.95352,5.6708,1.1477,0.17855,0.45601,-3.7418,0.29431,6.2593,-0.80801,-0.81833,0,0,0,1.6579,1.6342,1.6371,1.6605,-51.815,-3.6245,-2.7152,-56.182,6.5409,5.1062,10.983
2.93,-0.62769,-0.99056,1.1106,0.041217,0.28027,0,0.95904,5.7308,1.1394,0.17023,0.46504,-4.0076,0.30814,5.7385,-0.84392,-0.84522,0,0,0,1.6122,1.5873,1.5906,1.6146,-52.354,-3.5562,-2.6625,-51.505,7.1199,5.4363,10.675
2.94,-0.5701,-0.97921,1.1123,0.043897,0.26027,0,0.96454,5.7856,1.1308,0.16165,0.47169,-4.2822,0.32217,5.2124,-0.87911,-0.87156,0,0,0,1.5688,1.5428,1.5465,1.5708,-52.845,-3.4821,-2.6064,-46.79,7.6969,5.7646,10.382
2.95,-0.51199,-0.96794,1.1139,0.046599,0.23881,0,0.96995,5.8351,1.1218,0.1528,0.47534,-4.5624,0.33622,4.6817,-0.91354,-0.89734,0,0,0,1.5278,1.501,1.5052,1.5294,-53.289,-3.4022,-2.5472,-42.04,8.2712,6.0908,10.106
2.96,-0.45342,-0.95677,1.1154,0.049302,0.21586,0,0.97518,5.8792,1.1125,0.1437,0.47535,-4.8435,0.35009,4.1468,-0.94714,-0.9225,0,0,0,1.4897,1.4625,1.4672,1.4906,-53.686,-3.3167,-2.4846,-37.258,8.8424,6.4146,9.8499
2.97,-0.39442,-0.94569,1.1168,0.051981,0.19141,0,0.98013,5.918,1.1029,0.13435,0.47105,-5.1196,0.36351,3.6082,-0.97985,-0.94702,0,0,0,1.4546,1.4275,1.4328,1.4548,-54.034,-3.2254,-2.4189,-32.45,9.4099,6.7357,9.6162
2.98,-0.33507,-0.93471,1.118,0.054604,0.16551,0,0.9847,5.9514,1.0929,0.12476,0.46184,-5.384,0.37619,3.0663,-1.0116,-0.97086,0,0,0,1.423,1.3966,1.4024,1.4224,-54.335,-3.1285,-2.3499,-27.618,9.973,7.0538,9.4072
2.99,-0.27542,-0.92383,1.1192,0.05714,0.13822,0,0.98875,5.9793,1.0827,0.11494,0.44723,-5.6286,0.3878,2.5216,-1.0424,-0.99401,0,0,0,1.3951,1.3702,1.3764,1.3935,-54.587,-3.0259,-2.2778,-22.765,10.531,7.3687,9.2253
3,-0.21551,-0.91306,1.1203,0.05955,0.10968,0,0.99218,6.0018,1.0721,0.10489,0.4269,-5.845,0.398,1.9747,-1.0721,-1.0164,0,0,0,1.3713,1.3485,1.3552,1.3687,-54.79,-2.9179,-2.2026,-17.896,11.084,7.68,9.0728
3.01,-0.1554,-0.90239,1.1213,0.061799,0.080059,0,0.99487,6.0188,1.0612,0.094613,0.40079,-6.0245,0.40648,1.426,-1.1007,-1.038,0,0,0,1.3518,1.332,1.3391,1.3481,-54.945,-2.8043,-2.1242,-13.014,11.631,7.9874,8.9517
3.02,-0.095148,-0.89184,1.1222,0.063851,0.049576,0,0.99673,6.0303,1.0501,0.084128,0.36914,-6.1595,0.41294,0.87597,-1.1282,-1.0589,0,0,0,1.3369,1.3209,1.3281,1.3322,-55.05,-2.6853,-2.0428,-8.123,12.172,8.2907,8.8636
3.03,-0.03481,-0.88139,1.123,0.065673,0.018497,0,0.99767,6.0363,1.0387,0.073438,0.33251,-6.2435,0.41715,0.32514,-1.1544,-1.0789,0,0,0,1.3269,1.3152,1.3225,1.3212,-55.107,-2.5609,-1.9584,-3.2262,12.705,8.5896,8.8097
3.04,0.02556,-0.87106,1.1237,0.067238,-0.012885,0,0.99765,6.0368,1.027,0.062553,0.29175,-6.2724,0.41897,-0.22601,-1.1794,-1.098,0,0,0,1.322,1.315,1.3221,1.3154,-55.115,-2.4312,-1.8711,1.6725,13.231,8.8838,8.791
3.05,0.085908,-0.86085,1.1243,0.068525,-0.044257,0,0.99667,6.0318,1.0151,0.05148,0.24796,-6.2448,0.41834,-0.77699,-1.203,-1.1163,0,0,0,1.3223,1.3201,1.327,1.315,-55.074,-2.2963,-1.7808,6.5696,13.748,9.173,8.8075
3.06,0.14618,-0.85076,1.1247,0.069521,-0.075309,0,0.99473,6.0213,1.0029,0.04023,0.2024,-6.162,0.41534,-1.3273,-1.2253,-1.1336,0,0,0,1.3279,1.3305,1.337,1.3201,-54.983,-2.1562,-1.6876,11.461,14.257,9.4569,8.8591
3.07,0.20632,-0.8408,1.1251,0.070225,-0.10575,0,0.99191,6.0053,0.99058,0.028811,0.15635,-6.0283,0.41012,-1.8765,-1.2461,-1.15,0,0,0,1.3387,1.3458,1.3518,1.3306,-54.844,-2.0112,-1.5917,16.344,14.757,9.7353,8.9448
3.08,0.26626,-0.83095,1.1253,0.070642,-0.13531,0,0.98828,5.9838,0.97802,0.017232,0.11101,-5.8497,0.40293,-2.424,-1.2655,-1.1655,0,0,0,1.3548,1.3658,1.3711,1.3465,-54.657,-1.8611,-1.4929,21.215,15.246,10.008,9.0635
3.09,0.32597,-0.82124,1.1254,0.070783,-0.16378,0,0.98395,5.9568,0.96528,0.0055044,0.067431,-5.6342,0.39408,-2.9695,-1.2834,-1.1799,0,0,0,1.3757,1.39,1.3947,1.3675,-54.42,-1.7063,-1.3915,26.069,15.725,10.274,9.2133
3.1,0.38538,-0.81165,1.1254,0.070667,-0.19098,0,0.97905,5.9244,0.95236,-0.0063624,0.026423,-5.3902,0.3839,-3.5123,-1.2996,-1.1933,0,0,0,1.4014,1.4183,1.4223,1.3933,-54.135,-1.5467,-1.2875,30.903,16.194,10.534,9.3922
3.11,0.44444,-0.80219,1.1253,0.070316,-0.21679,0,0.97368,5.8865,0.93929,-0.018358,-0.011443,-5.1262,0.37274,-4.052,-1.3143,-1.2056,0,0,0,1.4314,1.4503,1.4536,1.4236,-53.802,-1.3824,-1.1809,35.714,16.65,10.787,9.598
3.12,0.5031,-0.79286,1.1251,0.069756,-0.24114,0,0.96798,5.8433,0.92608,-0.030472,-0.045838,-4.8501,0.36093,-4.5882,-1.3273,-1.2169,0,0,0,1.4653,1.4855,1.4882,1.458,-53.421,-1.2137,-1.0717,40.498,17.095,11.034,9.8283
3.13,0.56129,-0.78367,1.1247,0.06901,-0.26398,0,0.96205,5.7948,0.91275,-0.042692,-0.076644,-4.5688,0.34876,-5.1203,-1.3385,-1.2271,0,0,0,1.5028,1.5237,1.5258,1.496,-52.992,-1.0406,-0.96021,45.251,17.527,11.273,10.081
3.14,0.61897,-0.77461,1.1242,0.068106,-0.28534,0,0.956,5.741,0.89932,-0.055009,-0.10391,-4.2882,0.33651,-5.6478,-1.3481,-1.2361,0,0,0,1.5435,1.5646,1.5662,1.5371,-52.516,-0.86322,-0.84632,49.97,17.945,11.504,10.352
3.15,0.67609,-0.76568,1.1236,0.067064,-0.30522,0,0.94992,5.6819,0.8858,-0.067411,-0.1278,-4.0129,0.32437,-6.1704,-1.3558,-1.244,0,0,0,1.5868,1.6078,1.609,1.581,-51.993,-0.68173,-0.73016,54.651,18.35,11.728,10.641
3.16,0.73259,-0.75689,1.1228,0.065908,-0.32369,0,0.94386,5.6176,0.87221,-0.079885,-0.14857,-3.7462,0.31254,-6.6875,-1.3617,-1.2507,0,0,0,1.6326,1.653,1.6539,1.6272,-51.423,-0.49626,-0.6118,59.29,18.741,11.943,10.944
3.17,0.78843,-0.74824,1.122,0.064656,-0.34081,0,0.93791,5.5481,0.85857,-0.09242,-0.16653,-3.4906,0.30114,-7.1987,-1.3657,-1.2562,0,0,0,1.6803,1.7,1.7006,1.6754,-50.807,-0.30697,-0.49133,63.884,19.116,12.15,11.26
3.18,0.84354,-0.73972,1.121,0.063325,-0.35665,0,0.93209,5.4736,0.8449,-0.10501,-0.18197,-3.2476,0.29027,-7.7035,-1.3678,-1.2605,0,0,0,1.7296,1.7485,1.7488,1.7251,-50.146,-0.11399,-0.36883,68.428,19.477,12.348,11.587
3.19,0.89788,-0.73134,1.1199,0.061929,-0.37129,0,0.92645,5.3941,0.83122,-0.11763,-0.19523,-3.0181,0.27999,-8.2015,-1.368,-1.2636,0,0,0,1.7802,1.7982,1.7983,1.7762,-49.439,0.082513,-0.2444,72.921,19.821,12.537,11.921
3.2,0.9514,-0.7231,1.1186,0.060481,-0.38481,0,0.92101,5.3096,0.81755,-0.13027,-0.2066,-2.8024,0.27035,-8.6922,-1.3661,-1.2654,0,0,0,1.8318,1.8488,1.8488,1.8282,-48.687,0.28237,-0.11812,77.357,20.148,12.717,12.263
3.21,1.0041,-0.71499,1.1173,0.058989,-0.39729,0,0.91579,5.2203,0.8039,-0.14293,-0.21635,-2.6005,0.26136,-9.1751,-1.3623,-1.2659,0,0,0,1.8842,1.9002,1.9001,1.8809,-47.892,0.48542,0.0099176,81.734,20.459,12.888,12.609
3.22,1.0558,-0.70702,1.1158,0.057463,-0.40881,0,0.91081,5.1261,0.79031,-0.15559,-0.22474,-2.4119,0.25304,-9.6499,-1.3564,-1.2652,0,0,0,1.937,1.952,1.9519,1.934,-47.053,0.69149,0.13961,86.047,20.752,13.048,12.958
3.23,1.1066,-0.69918,1.1142,0.05591,-0.41943,0,0.90606,5.0273,0.77678,-0.16823,-0.23199,-2.2362,0.24538,-10.116,-1.3485,-1.2631,0,0,0,1.9901,2.0042,2.004,1.9874,-46.171,0.9004,0.27085,90.293,21.026,13.199,13.31
3.24,1.1563,-0.69148,1.1124,0.054334,-0.42923,0,0.90156,4.9238,0.76335,-0.18085,-0.23829,-2.0726,0.23836,-10.573,-1.3384,-1.2598,0,0,0,2.0433,2.0564,2.0562,2.0409,-45.247,1.112,0.40354,94.468,21.282,13.339,13.661
3.25,1.205,-0.68392,1.1106,0.05274,-0.43826,0,0.8973,4.8159,0.75002,-0.19342,-0.24382,-1.9204,0.23196,-11.021,-1.3262,-1.2551,0,0,0,2.0963,2.1086,2.1084,2.0941,-44.282,1.326,0.53758,98.569,21.518,13.468,14.012
3.26,1.2526,-0.67648,1.1086,0.05113,-0.4466,0,0.89327,4.7035,0.73683,-0.20594,-0.24872,-1.7788,0.22617,-11.459,-1.3119,-1.249,0,0,0,2.149,2.1605,2.1603,2.1471,-43.276,1.5423,0.67286,102.59,21.735,13.586,14.362
3.27,1.2991,-0.66918,1.1064,0.049508,-0.45429,0,0.88948,4.5867,0.72379,-0.2184,-0.25312,-1.6471,0.22095,-11.886,-1.2954,-1.2416,0,0,0,2.2013,2.212,2.2118,2.1995,-42.231,1.7606,0.80927,106.53,21.931,13.693,14.708
3.28,1.3443,-0.662,1.1042,0.047876,-0.46138,0,0.88591,4.4658,0.71093,-0.23077,-0.25712,-1.5244,0.21629,-12.303,-1.2767,-1.2328,0,0,0,2.253,2.263,2.2628,2.2514,-41.146,1.9808,0.94668,110.39,22.106,13.788,15.05
3.29,1.3884,-0.65496,1.1018,0.046233,-0.46791,0,0.88257,4.3407,0.69827,-0.24305,-0.26082,-1.41,0.21214,-12.709,-1.2557,-1.2227,0,0,0,2.3039,2.3132,2.3131,2.3024,-40.023,2.2026,1.085,114.16,22.259,13.872,15.388
3.3,1.4311,-0.64804,1.0993,0.044581,-0.47393,0,0.87943,4.2116,0.68582,-0.25522,-0.26429,-1.3033,0.20849,-13.103,-1.2326,-1.2111,0,0,0,2.3539,2.3626,2.3626,2.3526,-38.863,2.4259,1.2241,117.83,22.39,13.943,15.719
3.31,1.4726,-0.64124,1.0967,0.042921,-0.47948,0,0.8765,4.0787,0.67362,-0.26727,-0.26759,-1.2035,0.20532,-13.486,-1.2072,-1.1982,0,0,0,2.403,2.4111,2.4111,2.4018,-37.667,2.6504,1.3638,121.41,22.498,14.002,16.045
3.32,1.5127,-0.63457,1.094,0.041251,-0.48458,0,0.87377,3.9419,0.66168,-0.27918,-0.2708,-1.1101,0.20259,-13.857,-1.1796,-1.1838,0,0,0,2.4509,2.4585,2.4586,2.4498,-36.435,2.8758,1.5041,124.89,22.584,14.049,16.363
3.33,1.5514,-0.62801,1.0911,0.039573,-0.48927,0,0.87123,3.8016,0.65004,-0.29094,-0.27394,-1.0225,0.20028,-14.215,-1.1497,-1.1681,0,0,0,2.4976,2.5048,2.5049,2.4967,-35.169,3.102,1.6448,128.26,22.645,14.082,16.673
3.34,1.5887,-0.62156,1.0882,0.037884,-0.49358,0,0.86888,3.6577,0.6387,-0.30254,-0.27707,-0.94021,0.19839,-14.56,-1.1176,-1.151,0,0,0,2.5431,2.5498,2.55,2.5423,-33.87,3.3286,1.7857,131.53,22.682,14.102,16.975
3.35,1.6246,-0.61523,1.0851,0.036186,-0.49752,0,0.8667,3.5104,0.62769,-0.31395,-0.28021,-0.86268,0.19687,-14.892,-1.0831,-1.1324,0,0,0,2.5872,2.5935,2.5937,2.5864,-32.539,3.5555,1.9268,134.69,22.694,14.109,17.268
3.36,1.6589,-0.60901,1.0819,0.034476,-0.50113,0,0.86468,3.3599,0.61704,-0.32518,-0.2834,-0.78949,0.19572,-15.211,-1.0464,-1.1124,0,0,0,2.6298,2.6358,2.6361,2.6291,-31.177,3.7824,2.0678,137.73,22.68,14.102,17.551
3.37,1.6918,-0.60289,1.0786,0.032754,-0.50442,0,0.86284,3.2062,0.60677,-0.3362,-0.28666,-0.72023,0.19492,-15.515,-1.0075,-1.091,0,0,0,2.6709,2.6765,2.6769,2.6703,-29.785,4.009,2.2087,140.66,22.641,14.08,17.824
3.38,1.723,-0.59687,1.0752,0.031019,-0.50741,0,0.86114,3.0496,0.5969,-0.34699,-0.29001,-0.65454,0.19446,-15.806,-0.96626,-1.0682,0,0,0,2.7104,2.7157,2.7161,2.7098,-28.364,4.2351,2.3494,143.46,22.574,14.044,18.087
3.39,1.7527,-0.59095,1.0716,0.02927,-0.51012,0,0.8596,2.8902,0.58745,-0.35756,-0.29348,-0.59206,0.19432,-16.083,-0.92278,-1.044,0,0,0,2.7482,2.7533,2.7537,2.7477,-26.916,4.4604,2.4896,146.14,22.481,13.994,18.338
3.4,1.7808,-0.58512,1.068,0.027505,-0.51257,0,0.85821,2.728,0.57845,-0.36787,-0.29707,-0.53248,0.19449,-16.344,-0.87706,-1.0185,0,0,0,2.7843,2.7891,2.7896,2.7838,-25.442,4.6846,2.6292,148.69,22.36,13.929,18.578
3.41,1.8073,-0.57938,1.0643,0.025723,-0.51475,0,0.85695,2.5633,0.56992,-0.37792,-0.30081,-0.4755,0.19496,-16.591,-0.82909,-0.99147,0,0,0,2.8186,2.8232,2.8237,2.8182,-23.943,4.9075,2.7681,151.11,22.21,13.848,18.806
3.42,1.8321,-0.57372,1.0605,0.023923,-0.51669,0,0.85584,2.3962,0.56188,-0.3877,-0.30471,-0.42086,0.19573,-16.823,-0.77891,-0.96309,0,0,0,2.851,2.8554,2.8561,2.8507,-22.42,5.1288,2.9061,153.39,22.032,13.752,19.022
3.43,1.8552,-0.56814,1.0565,0.022103,-0.5184,0,0.85485,2.2269,0.55435,-0.39718,-0.30877,-0.36829,0.19677,-17.04,-0.72653,-0.93335,0,0,0,2.8816,2.8858,2.8865,2.8813,-20.875,5.3481,3.0431,155.53,21.824,13.64,19.225
3.44,1.8766,-0.56263,1.0525,0.020263,-0.51989,0,0.85399,2.0555,0.54736,-0.40636,-0.31301,-0.31758,0.19809,-17.241,-0.67196,-0.90224,0,0,0,2.9102,2.9143,2.9151,2.91,-19.31,5.5651,3.1789,157.53,21.586,13.512,19.416
3.45,1.8963,-0.55719,1.0484,0.0184,-0.52116,0,0.85326,1.8822,0.54092,-0.41522,-0.31744,-0.2685,0.19968,-17.426,-0.61523,-0.86977,0,0,0,2.9369,2.9408,2.9416,2.9367,-17.725,5.7797,3.3133,159.38,21.318,13.367,19.594
3.46,1.9143,-0.55181,1.0442,0.016513,-0.52222,0,0.85265,1.707,0.53506,-0.42375,-0.32206,-0.22084,0.20153,-17.595,-0.55637,-0.83597,0,0,0,2.9616,2.9654,2.9663,2.9615,-16.123,5.9914,3.4462,161.08,21.018,13.206,19.758
3.47,1.9304,-0.54649,1.0399,0.014601,-0.52308,0,0.85216,1.5303,0.5298,-0.43193,-0.32689,-0.17443,0.20364,-17.748,-0.49541,-0.80086,0,0,0,2.9842,2.9879,2.9889,2.9841,-14.504,6.1999,3.5773,162.63,20.687,13.028,19.909
3.48,1.9449,-0.54121,1.0356,0.012662,-0.52374,0,0.85179,1.3521,0.52516,-0.43976,-0.33192,-0.12909,0.20601,-17.885,-0.43239,-0.76443,0,0,0,3.0048,3.0084,3.0094,3.0048,-12.871,6.405,3.7067,164.01,20.324,12.833,20.046
3.49,1.9575,-0.53598,1.0311,0.010694,-0.5242,0,0.85153,1.1727,0.52116,-0.44722,-0.33718,-0.084637,0.20863,-18.006,-0.36733,-0.72673,0,0,0,3.0233,3.0268,3.0279,3.0233,-11.224,6.6063,3.8339,165.24,19.927,12.62,20.169
3.5,1.9683,-0.53079,1.0266,0.0086964,-0.52448,0,0.85138,0.99207,0.51782,-0.45429,-0.34265,-0.040922,0.2115,-18.11,-0.30027,-0.68776,0,0,0,3.0397,3.0431,3.0443,3.0397,-9.5666,6.8035,3.959,166.3,19.498,12.39,20.278
3.51,1.9773,-0.52562,1.0221,0.006667,-0.52457,0,0.85134,0.81052,0.51516,-0.46097,-0.34835,0.0022079,0.21463,-18.197,-0.23127,-0.64756,0,0,0,3.054,3.0574,3.0586,3.054,-7.8989,6.9961,4.0817,167.19,19.034,12.141,20.373
3.52,1.9845,-0.52048,1.0174,0.0046043,-0.52448,0,0.85141,0.62818,0.5132,-0.46724,-0.35429,0.044899,0.218,-18.268,-0.16037,-0.60614,0,0,0,3.0662,3.0695,3.0707,3.0662,-6.2232,7.184,4.2018,167.91,18.537,11.874,20.454
3.53,1.9899,-0.51536,1.0127,0.0025066,-0.5242,0,0.85159,0.44522,0.51196,-0.47309,-0.36046,0.08729,0.22162,-18.321,-0.08761,-0.56353,0,0,0,3.0762,3.0794,3.0808,3.0763,-4.5412,7.3668,4.3191,168.46,18.004,11.589,20.521
3.54,1.9934,-0.51024,1.008,0.00037234,-0.52374,0,0.85188,0.26181,0.51145,-0.47851,-0.36687,0.12951,0.2255,-18.358,-0.013051,-0.51977,0,0,0,3.084,3.0873,3.0887,3.0842,-2.8547,7.544,4.4335,168.82,17.435,11.284,20.574
3.55,1.9951,-0.50513,1.0031,-0.0018003,-0.5231,0,0.85227,0.078112,0.5117,-0.48348,-0.37353,0.17171,0.22962,-18.378,0.06325,-0.47487,0,0,0,3.0898,3.093,3.0945,3.0899,-1.1654,7.7153,4.5447,169,16.831,10.961,20.612
3.56,1.995,-0.50001,0.99828,-0.0040128,-0.52227,0,0.85277,-0.1057,0.51272,-0.488,-0.38043,0.21399,0.234,-18.382,0.14123,-0.42888,0,0,0,3.0934,3.0966,3.0981,3.0936,0.52481,7.8805,4.6526,169,16.189,10.617,20.636
3.57,1.993,-0.49487,0.99338,-0.0062671,-0.52126,0,0.85337,-0.28947,0.51453,-0.49205,-0.38758,0.25649,0.23863,-18.368,0.22084,-0.38183,0,0,0,3.0948,3.0981,3.0997,3.0951,2.214,8.039,4.757,168.8,15.511,10.255,20.646
3.58,1.9892,-0.48971,0.98844,-0.0085648,-0.52007,0,0.85408,-0.47301,0.51714,-0.49563,-0.39498,0.29933,0.24351,-18.337,0.30199,-0.33375,0,0,0,3.0942,3.0974,3.0991,3.0944,3.9003,8.1906,4.8577,168.42,14.797,9.8732,20.642
3.59,1.9835,-0.48452,0.98347,-0.010908,-0.51868,0,0.8549,-0.65616,0.52058,-0.49873,-0.40262,0.34264,0.24865,-18.29,0.38462,-0.28469,0,0,0,3.0914,3.0947,3.0964,3.0917,5.5818,8.3348,4.9544,167.86,14.049,9.4733,20.624
3.6,1.9761,-0.4793,0.97847,-0.013297,-0.51711,0,0.85582,-0.83875,0.52484,-0.50132,-0.41052,0.38654,0.25406,-18.226,0.46866,-0.23468,0,0,0,3.0865,3.0899,3.0917,3.0869,7.2569,8.4715,5.0471,167.12,13.268,9.0559,20.592
3.61,1.9668,-0.47402,0.97345,-0.015735,-0.51534,0,0.85684,-1.0206,0.52995,-0.50342,-0.41867,0.43116,0.25972,-18.145,0.55403,-0.18376,0,0,0,3.0796,3.0831,3.0849,3.08,8.9238,8.6001,5.1355,166.21,12.455,8.6214,20.546
3.62,1.9557,-0.4687,0.9684,-0.018223,-0.51337,0,0.85797,-1.2016,0.53593,-0.505,-0.42707,0.47663,0.26566,-18.047,0.64064,-0.13198,0,0,0,3.0707,3.0742,3.0761,3.0712,10.581,8.7205,5.2195,165.13,11.611,8.1706,20.487
3.63,1.9427,-0.4633,0.96335,-0.020764,-0.5112,0,0.85921,-1.3815,0.54277,-0.50605,-0.43572,0.52307,0.27188,-17.933,0.72841,-0.079389,0,0,0,3.0598,3.0634,3.0653,3.0603,12.226,8.8322,5.2988,163.88,10.738,7.7041,20.415
3.64,1.928,-0.45784,0.95828,-0.023358,-0.50882,0,0.86056,-1.5602,0.5505,-0.50658,-0.44462,0.57063,0.27838,-17.803,0.81725,-0.026023,0,0,0,3.0469,3.0506,3.0526,3.0474,13.858,8.9351,5.3735,162.47,9.837,7.2225,20.329
3.65,1.9115,-0.45229,0.95322,-0.026007,-0.50622,0,0.86201,-1.7375,0.55912,-0.50657,-0.45377,0.61944,0.28517,-17.656,0.90708,0.028065,0,0,0,3.032,3.0359,3.038,3.0326,15.475,9.0289,5.4432,160.9,8.9088,6.7265,20.231
3.66,1.8933,-0.44665,0.94816,-0.028713,-0.5034,0,0.86357,-1.9133,0.56864,-0.50602,-0.46315,0.66965,0.29225,-17.493,0.9978,0.082825,0,0,0,3.0153,3.0193,3.0214,3.016,17.075,9.1132,5.508,159.18,7.9549,6.2168,20.12
3.67,1.8733,-0.44091,0.9431,-0.031478,-0.50035,0,0.86525,-2.0873,0.57908,-0.50491,-0.47277,0.72139,0.29964,-17.315,1.0893,0.13821,0,0,0,2.9968,3.0009,3.0031,2.9975,18.658,9.1879,5.5675,157.3,6.9765,5.6939,19.997
3.68,1.8516,-0.43507,0.93806,-0.034304,-0.49706,0,0.86704,-2.2595,0.59043,-0.50325,-0.48262,0.77483,0.30734,-17.12,1.1815,0.19416,0,0,0,2.9765,2.9807,2.983,2.9772,20.221,9.2527,5.6218,155.28,5.9749,5.1585,19.862
3.69,1.8281,-0.4291,0.93304,-0.037191,-0.49353,0,0.86893,-2.4297,0.60271,-0.50103,-0.49269,0.83011,0.31536,-16.91,1.2743,0.25063,0,0,0,2.9544,2.9589,2.9612,2.9553,21.763,9.3073,5.6707,153.11,4.9513,4.6113,19.716
3.7,1.803,-0.42301,0.92804,-0.040142,-0.48973,0,0.87095,-2.5977,0.61592,-0.49824,-0.50295,0.88739,0.32371,-16.685,1.3676,0.30755,0,0,0,2.9307,2.9354,2.9378,2.9316,23.283,9.3516,5.714,150.81,3.907,4.0529,19.559
3.71,1.7762,-0.41678,0.92307,-0.043157,-0.48566,0,0.87308,-2.7633,0.63006,-0.49488,-0.51341,0.94684,0.33239,-16.445,1.4613,0.36489,0,0,0,2.9054,2.9103,2.9128,2.9064,24.779,9.3854,5.7517,148.37,2.8431,3.4839,19.391
3.72,1.7477,-0.41041,0.91814,-0.046239,-0.48132,0,0.87533,-2.9265,0.64515,-0.49094,-0.52403,1.0086,0.34143,-16.19,1.5553,0.42257,0,0,0,2.8786,2.8837,2.8862,2.8797,26.249,9.4084,5.7836,145.79,1.761,2.905,19.214
3.73,1.7176,-0.40387,0.91326,-0.049388,-0.47667,0,0.87769,-3.0871,0.66117,-0.48642,-0.53479,1.0729,0.35082,-15.92,1.6495,0.48054,0,0,0,2.8503,2.8557,2.8582,2.8515,27.694,9.4206,5.8098,143.09,0.66194,2.3169,19.026
3.74,1.686,-0.39718,0.90842,-0.052605,-0.47172,0,0.88018,-3.2449,0.67814,-0.48133,-0.54565,1.1399,0.36057,-15.636,1.7437,0.53874,0,0,0,2.8206,2.8263,2.8289,2.8219,29.111,9.4216,5.83,140.27,-0.45294,1.7201,18.829
3.75,1.6528,-0.39031,0.90363,-0.055892,-0.46645,0,0.88278,-3.3998,0.69604,-0.47565,-0.55659,1.2098,0.37069,-15.338,1.8379,0.59712,0,0,0,2.7897,2.7956,2.7983,2.791,30.499,9.4114,5.8441,137.32,-1.5824,1.1153,18.624
3.76,1.618,-0.38326,0.89891,-0.059248,-0.46083,0,0.88551,-3.5516,0.71489,-0.46938,-0.56756,1.2827,0.38119,-15.026,1.9319,0.65561,0,0,0,2.7575,2.7638,2.7665,2.759,31.857,9.3899,5.8522,134.25,-2.7251,0.5032,18.411
3.77,1.5817,-0.37601,0.89425,-0.062674,-0.45486,0,0.88836,-3.7002,0.73468,-0.46254,-0.57851,1.3588,0.39207,-14.701,2.0256,0.71414,0,0,0,2.7242,2.7308,2.7336,2.7258,33.184,9.3569,5.8542,131.08,-3.8799,-0.11562,18.191
3.78,1.544,-0.36856,0.88966,-0.06617,-0.44851,0,0.89133,-3.8456,0.7554,-0.4551,-0.58937,1.4383,0.40334,-14.362,2.119,0.77267,0,0,0,2.6899,2.6969,2.6997,2.6917,34.478,9.3123,5.8499,127.79,-5.0455,-0.7405,17.964
3.79,1.5048,-0.3609,0.88515,-0.069736,-0.44176,0,0.89442,-3.9874,0.77706,-0.44708,-0.60007,1.5214,0.415,-14.011,2.2118,0.83112,0,0,0,2.6547,2.6621,2.6649,2.6566,35.739,9.256,5.8393,124.4,-6.2207,-1.3708,17.731
3.8,1.4643,-0.35301,0.88072,-0.07337,-0.4346,0,0.89763,-4.1257,0.79964,-0.43848,-0.61053,1.6082,0.42705,-13.648,2.3041,0.88943,0,0,0,2.6187,2.6266,2.6293,2.6208,36.966,9.1878,5.8225,120.91,-7.4042,-2.0059,17.492
3.81,1.4223,-0.3449,0.87638,-0.077072,-0.42701,0,0.90096,-4.2604,0.82314,-0.42929,-0.62065,1.6988,0.43948,-13.272,2.3955,0.94755,0,0,0,2.582,2.5903,2.5931,2.5842,38.157,9.1079,5.7992,117.32,-8.5948,-2.6451,17.249
3.82,1.3791,-0.33655,0.87213,-0.080838,-0.41895,0,0.9044,-4.3911,0.84755,-0.41953,-0.63032,1.7935,0.45229,-12.885,2.4862,1.0054,0,0,0,2.5447,2.5536,2.5563,2.5472,39.312,9.0159,5.7696,113.63,-9.7913,-3.2877,17.003
3.83,1.3345,-0.32795,0.86799,-0.084666,-0.41041,0,0.90796,-4.518,0.87286,-0.40919,-0.63941,1.8922,0.46547,-12.486,2.5758,1.0629,0,0,0,2.507,2.5164,2.519,2.5097,40.429,8.912,5.7335,109.85,-10.992,-3.9333,16.754
3.84,1.2887,-0.31909,0.86395,-0.088553,-0.40137,0,0.91163,-4.6408,0.89906,-0.39827,-0.64778,1.9951,0.479,-12.076,2.6644,1.12,0,0,0,2.469,2.4789,2.4815,2.4719,41.509,8.7961,5.6909,105.99,-12.197,-4.581,16.502
3.85,1.2417,-0.30996,0.86003,-0.092492,-0.39179,0,0.91539,-4.7595,0.92614,-0.38679,-0.65526,2.1022,0.49287,-11.656,2.7517,1.1767,0,0,0,2.4309,2.4413,2.4438,2.434,42.549,8.6681,5.6418,102.05,-13.404,-5.2303,16.25
3.86,1.1935,-0.30056,0.85622,-0.09648,-0.38166,0,0.91925,-4.8739,0.95409,-0.37474,-0.66168,2.2134,0.50703,-11.225,2.8377,1.2329,0,0,0,2.3927,2.4038,2.4061,2.3961,43.549,8.528,5.5863,98.023,-14.611,-5.8805,15.998
3.87,1.1443,-0.29088,0.85253,-0.10051,-0.37095,0,0.9232,-4.984,0.98289,-0.36213,-0.66683,2.3286,0.52145,-10.785,2.9222,1.2884,0,0,0,2.3547,2.3664,2.3685,2.3584,44.509,8.3758,5.5242,93.924,-15.818,-6.5309,15.747
3.88,1.0939,-0.2809,0.84898,-0.10457,-0.35963,0,0.92722,-5.0896,1.0125,-0.34897,-0.67048,2.4477,0.53609,-10.335,3.0052,1.3433,0,0,0,2.317,2.3293,2.3312,2.321,45.427,8.2116,5.4557,89.754,-17.024,-7.181,15.498
3.89,1.0425,-0.27063,0.84556,-0.10865,-0.34768,0,0.9313,-5.1907,1.043,-0.33527,-0.6724,2.5703,0.55089,-9.8767,3.0864,1.3975,0,0,0,2.2798,2.2926,2.2943,2.2841,46.304,8.0354,5.3806,85.516,-18.227,-7.8301,15.251
3.9,0.99008,-0.26004,0.84227,-0.11274,-0.33509,0,0.93542,-5.2871,1.0742,-0.32103,-0.67233,2.696,0.56578,-9.4095,3.1658,1.4509,0,0,0,2.2432,2.2567,2.258,2.2479,47.138,7.8471,5.2991,81.214,-19.426,-8.4776,15.01
3.91,0.93675,-0.24914,0.83914,-0.11683,-0.32182,0,0.93957,-5.3788,1.1063,-0.30625,-0.66999,2.8244,0.58068,-8.9341,3.2433,1.5035,0,0,0,2.2075,2.2215,2.2225,2.2125,47.928,7.6469,5.2111,76.852,-20.619,-9.1227,14.773
3.92,0.88252,-0.23791,0.83615,-0.1209,-0.30787,0,0.94372,-5.4658,1.1391,-0.29096,-0.66511,2.9548,0.59551,-8.4511,3.3187,1.5551,0,0,0,2.1728,2.1873,2.188,2.1782,48.674,7.4347,5.1166,72.434,-21.806,-9.7649,14.544
3.93,0.82745,-0.22635,0.83332,-0.12493,-0.29321,0,0.94785,-5.5478,1.1727,-0.27515,-0.65739,3.0863,0.61016,-7.9608,3.392,1.6058,0,0,0,2.1393,2.1543,2.1545,2.1451,49.376,7.2108,5.0158,67.963,-22.985,-10.404,14.322
3.94,0.77158,-0.21446,0.83065,-0.12891,-0.27785,0,0.95194,-5.6249,1.2069,-0.25885,-0.64657,3.218,0.62451,-7.4637,3.4629,1.6554,0,0,0,2.1072,2.1227,2.1223,2.1134,50.034,6.9751,4.9086,63.444,-24.156,-11.038,14.109
3.95,0.71497,-0.20221,0.82814,-0.13282,-0.26177,0,0.95595,-5.6971,1.2419,-0.24205,-0.63236,3.3488,0.63843,-6.9603,3.5314,1.7039,0,0,0,2.0768,2.0926,2.0916,2.0833,50.645,6.7277,4.795,58.88,-25.315,-11.667,13.907
3.96,0.65766,-0.18961,0.82581,-0.13662,-0.24499,0,0.95985,-5.7641,1.2776,-0.22477,-0.61454,3.4772,0.65179,-6.451,3.5974,1.7513,0,0,0,2.0481,2.0641,2.0626,2.055,51.211,6.4688,4.6752,54.275,-26.464,-12.291,13.716
3.97,0.5997,-0.17666,0.82365,-0.1403,-0.22751,0,0.96361,-5.8261,1.3139,-0.20703,-0.59289,3.602,0.66443,-5.9362,3.6608,1.7974,0,0,0,2.0215,2.0376,2.0354,2.0288,51.731,6.1985,4.5492,49.633,-27.6,-12.909,13.539
3.98,0.54115,-0.16334,0.82167,-0.14384,-0.20936,0,0.9672,-5.8828,1.3508,-0.18883,-0.56727,3.7214,0.67621,-5.4165,3.7214,1.8423,0,0,0,1.997,2.0131,2.0101,2.0046,52.204,5.9169,4.4171,44.957,-28.721,-13.52,13.375
3.99,0.48206,-0.14964,0.81988,-0.1472,-0.19056,0,0.97058,-5.9344,1.3883,-0.17019,-0.5376,3.8338,0.68697,-4.8923,3.7791,1.8857,0,0,0,1.9749,1.9908,1.9871,1.9828,52.63,5.6241,4.2788,40.252,-29.828,-14.124,13.226
4,0.42248,-0.13557,0.81827,-0.15035,-0.17115,0,0.9737,-5.9807,1.4263,-0.15112,-0.50386,3.9374,0.69657,-4.3641,3.8338,1.9278,0,0,0,1.9553,1.9708,1.9664,1.9635,53.008,5.3203,4.1346,35.521,-30.918,-14.72,13.093
4.01,0.36247,-0.12111,0.81685,-0.15329,-0.15119,0,0.97655,-6.0217,1.4649,-0.13164,-0.46617,4.0306,0.70484,-3.8323,3.8854,1.9684,0,0,0,1.9384,1.9534,1.9482,1.9469,53.34,5.0058,3.9845,30.767,-31.991,-15.307,12.978
4.02,0.30207,-0.10627,0.81564,-0.15596,-0.13073,0,0.97907,-6.0573,1.504,-0.11176,-0.42468,4.1116,0.71168,-3.2974,3.9339,2.0075,0,0,0,1.9244,1.9386,1.9327,1.933,53.624,4.6806,3.8285,25.996,-33.044,-15.884,12.881
4.03,0.24134,-0.09103,0.81462,-0.15837,-0.10985,0,0.98125,-6.0876,1.5436,-0.091492,-0.37971,4.1789,0.71696,-2.76,3.979,2.045,0,0,0,1.9133,1.9266,1.9199,1.9219,53.86,4.345,3.6668,21.21,-34.078,-16.452,12.803
4.04,0.18033,-0.075395,0.81381,-0.16047,-0.088618,0,0.98305,-6.1125,1.5836,-0.070862,-0.33163,4.2312,0.72059,-2.2204,4.0207,2.0808,0,0,0,1.9051,1.9174,1.91,1.9138,54.048,3.9991,3.4995,16.413,-35.09,-17.008,12.744
4.05,0.11911,-0.059357,0.8132,-0.16226,-0.067126,0,0.98446,-6.132,1.624,-0.049882,-0.28091,4.2675,0.72253,-1.6792,4.059,2.1149,0,0,0,1.9001,1.9111,1.9031,1.9087,54.188,3.6432,3.3267,11.609,-36.079,-17.554,12.705
4.06,0.05771,-0.042913,0.81281,-0.16372,-0.045465,0,0.98546,-6.1461,1.6648,-0.028569,-0.22812,4.287,0.72274,-1.1368,4.0936,2.1473,0,0,0,1.8982,1.9078,1.8993,1.9066,54.28,3.2776,3.1485,6.8021,-37.045,-18.088,12.686
4.07,-0.0037985,-0.02606,0.81263,-0.16483,-0.023728,0,0.98604,-6.1547,1.7059,-0.0069418,-0.17385,4.2894,0.72123,-0.59373,4.1245,2.1779,0,0,0,1.8994,1.9075,1.8985,1.9076,54.324,2.9024,2.965,1.9958,-37.985,-18.609,12.688
4.08,-0.065366,-0.008795,0.81267,-0.1656,-0.0020133,0,0.98619,-6.158,1.7472,0.014982,-0.11874,4.2746,0.71804,-0.050473,4.1516,2.2066,0,0,0,1.9036,1.9102,1.9009,1.9115,54.32,2.518,2.7763,-2.806,-38.899,-19.116,12.71
4.09,-0.12694,0.0088855,0.81294,-0.16602,0.019585,0,0.98593,-6.1557,1.7889,0.037184,-0.06344,4.2432,0.71325,0.49251,4.1748,2.2334,0,0,0,1.9109,1.9159,1.9064,1.9184,54.268,2.1246,2.5827,-7.5996,-39.786,-19.61,12.753
4.1,-0.18846,0.026983,0.81342,-0.16609,0.040976,0,0.98526,-6.1481,1.8307,0.059643,-0.0085649,4.1959,0.70697,1.0347,4.1941,2.2582,0,0,0,1.9212,1.9246,1.9149,1.9282,54.168,1.7224,2.3842,-12.381,-40.643,-20.09,12.815
4.11,-0.24988,0.045501,0.81413,-0.16582,0.062073,0,0.9842,-6.1351,1.8728,0.082342,0.045302,4.1338,0.69932,1.5757,4.2092,2.2811,0,0,0,1.9342,1.9362,1.9264,1.9409,54.02,1.3118,2.181,-17.147,-41.471,-20.554,12.896
4.12,-0.31115,0.064439,0.81507,-0.16521,0.082796,0,0.98278,-6.1166,1.9149,0.10526,0.097643,4.0583,0.69046,2.115,4.2203,2.3018,0,0,0,1.9501,1.9506,1.9408,1.9562,53.825,0.89307,1.9732,-21.893,-42.267,-21.003,12.996
4.13,-0.3722,0.083799,0.81623,-0.16429,0.10308,0,0.98101,-6.0928,1.9571,0.12837,0.14802,3.9708,0.68055,2.6521,4.2271,2.3205,0,0,0,1.9685,1.9677,1.958,1.9741,53.583,0.46655,1.761,-26.616,-43.031,-21.435,13.114
4.14,-0.43298,0.10358,0.81763,-0.16306,0.12285,0,0.97894,-6.0636,1.9994,0.15166,0.19606,3.8731,0.66977,3.1865,4.2296,2.337,0,0,0,1.9893,1.9873,1.9778,1.9944,53.293,0.032568,1.5445,-31.311,-43.761,-21.85,13.248
4.15,-0.49345,0.12379,0.81927,-0.16155,0.14207,0,0.97658,-6.029,2.0417,0.1751,0.24152,3.7669,0.65829,3.7178,4.2277,2.3514,0,0,0,2.0125,2.0093,2.0001,2.017,52.957,-0.40854,1.324,-35.976,-44.456,-22.247,13.398
4.16,-0.55355,0.14442,0.82114,-0.15978,0.16069,0,0.97399,-5.9892,2.084,0.19868,0.28419,3.6539,0.6463,4.2455,4.2214,2.3635,0,0,0,2.0377,2.0336,2.0247,2.0418,52.574,-0.85642,1.0996,-40.605,-45.114,-22.626,13.563
4.17,-0.61322,0.16547,0.82324,-0.15775,0.17868,0,0.97118,-5.9441,2.1261,0.22237,0.324,3.5358,0.63395,4.7691,4.2105,2.3734,0,0,0,2.0649,2.06,2.0514,2.0685,52.145,-1.3107,0.87155,-45.196,-45.736,-22.986,13.741
4.18,-0.67241,0.18694,0.82558,-0.1555,0.19602,0,0.96819,-5.8939,2.1682,0.24614,0.3609,3.414,0.62141,5.2882,4.1951,2.3809,0,0,0,2.0939,2.0882,2.0801,2.097,51.67,-1.771,0.63996,-49.745,-46.318,-23.327,13.932
4.19,-0.73108,0.20883,0.82817,-0.15305,0.2127,0,0.96506,-5.8384,2.21,0.26998,0.39494,3.2901,0.60882,5.8023,4.1751,2.3862,0,0,0,2.1244,2.1182,2.1104,2.1271,51.15,-2.2369,0.40508,-54.248,-46.861,-23.647,14.134
4.2,-0.78916,0.23114,0.83098,-0.1504,0.2287,0,0.96181,-5.7778,2.2517,0.29386,0.4262,3.1652,0.59631,6.311,4.1504,2.389,0,0,0,2.1563,2.1497,2.1424,2.1587,50.585,-2.7081,0.1671,-58.701,-47.362,-23.946,14.345
4.21,-0.84662,0.25386,0.83404,-0.14759,0.24404,0,0.95847,-5.7122,2.293,0.31775,0.45481,3.0405,0.584,6.8139,4.1209,2.3895,0,0,0,2.1895,2.1826,2.1756,2.1916,49.976,-3.184,-0.073769,-63.1,-47.821,-24.224,14.566
4.22,-0.90339,0.277,0.83734,-0.14463,0.25871,0,0.95507,-5.6416,2.3341,0.34164,0.48092,2.917,0.57199,7.3104,4.0867,2.3875,0,0,0,2.2237,2.2166,2.2101,2.2255,49.323,-3.6643,-0.3173,-67.441,-48.236,-24.479,14.793
4.23,-0.95943,0.30054,0.84088,-0.14152,0.27273,0,0.95162,-5.566,2.3747,0.36549,0.50472,2.7953,0.56037,7.8002,4.0476,2.3831,0,0,0,2.2589,2.2516,2.2455,2.2604,48.627,-4.1486,-0.56327,-71.721,-48.606,-24.712,15.027
4.24,-1.0147,0.32449,0.84465,-0.1383,0.28611,0,0.94816,-5.4856,2.415,0.38929,0.52639,2.6762,0.54919,8.2828,4.0037,2.3763,0,0,0,2.2947,2.2874,2.2816,2.296,47.889,-4.6363,-0.81146,-75.936,-48.93,-24.921,15.266
4.25,-1.0691,0.34884,0.84866,-0.13497,0.29887,0,0.9447,-5.4004,2.4548,0.41301,0.54613,2.5602,0.53854,8.7578,3.9549,2.3669,0,0,0,2.3311,2.3238,2.3184,2.3322,47.109,-5.127,-1.0616,-80.082,-49.207,-25.106,15.509
4.26,-1.1227,0.37358,0.85291,-0.13153,0.31103,0,0.94125,-5.3105,2.4941,0.43662,0.56413,2.4475,0.52844,9.2249,3.9012,2.355,0,0,0,2.3679,2.3606,2.3556,2.3689,46.288,-5.6203,-1.3135,-84.156,-49.435,-25.266,15.755
4.27,-1.1753,0.39872,0.85739,-0.12801,0.32261,0,0.93784,-5.2159,2.5328,0.4601,0.58059,2.3386,0.51893,9.6835,3.8425,2.3406,0,0,0,2.4049,2.3978,2.3931,2.4058,45.426,-6.1156,-1.5668,-88.153,-49.613,-25.401,16.003
4.28,-1.227,0.42424,0.86211,-0.12442,0.33363,0,0.93446,-5.1168,2.5709,0.48343,0.59568,2.2335,0.51005,10.133,3.7788,2.3237,0,0,0,2.4421,2.4351,2.4308,2.4429,44.525,-6.6124,-1.8214,-92.069,-49.74,-25.509,16.251
4.29,-1.2776,0.45014,0.86706,-0.12075,0.34412,0,0.93113,-5.0133,2.6084,0.50657,0.60958,2.1324,0.50182,10.574,3.7102,2.3042,0,0,0,2.4792,2.4724,2.4684,2.48,43.585,-7.1102,-2.0769,-95.902,-49.815,-25.591,16.5
4.3,-1.3272,0.4764,0.87224,-0.11702,0.3541,0,0.92786,-4.9054,2.6451,0.5295,0.62246,2.0353,0.49424,11.005,3.6366,2.2821,0,0,0,2.5161,2.5095,2.5058,2.5169,42.607,-7.6085,-2.3331,-99.647,-49.836,-25.646,16.747
4.31,-1.3757,0.50303,0.87765,-0.11323,0.36359,0,0.92465,-4.7932,2.6811,0.5522,0.63446,1.9422,0.48731,11.426,3.5581,2.2575,0,0,0,2.5528,2.5464,2.5429,2.5535,41.592,-8.1067,-2.5898,-103.3,-49.802,-25.673,16.993
4.32,-1.4231,0.53002,0.88328,-0.10938,0.37262,0,0.92151,-4.6769,2.7162,0.57464,0.64572,1.8531,0.48106,11.837,3.4745,2.2303,0,0,0,2.589,2.5829,2.5797,2.5898,40.541,-8.6044,-2.8465,-106.86,-49.713,-25.671,17.236
4.33,-1.4693,0.55736,0.88914,-0.10548,0.3812,0,0.91845,-4.5565,2.7505,0.5968,0.65638,1.7679,0.47547,12.237,3.386,2.2006,0,0,0,2.6247,2.6188,2.6158,2.6255,39.455,-9.1008,-3.1031,-110.32,-49.566,-25.64,17.475
4.34,-1.5142,0.58503,0.89522,-0.10154,0.38937,0,0.91547,-4.4322,2.7839,0.61865,0.66654,1.6863,0.47053,12.626,3.2925,2.1683,0,0,0,2.6598,2.6542,2.6514,2.6606,38.335,-9.5955,-3.3592,-113.67,-49.36,-25.579,17.71
4.35,-1.5579,0.61303,0.90151,-0.09755,0.39713,0,0.91256,-4.304,2.8164,0.64016,0.67631,1.6084,0.46625,13.003,3.1941,2.1334,0,0,0,2.6942,2.6887,2.6862,2.695,37.182,-10.088,-3.6146,-116.92,-49.095,-25.487,17.94
4.36,-1.6003,0.64135,0.90802,-0.093516,0.40451,0,0.90974,-4.1722,2.8478,0.66131,0.6858,1.534,0.46262,13.369,3.0908,2.096,0,0,0,2.7277,2.7225,2.7201,2.7286,35.997,-10.577,-3.8688,-120.06,-48.769,-25.364,18.165
4.37,-1.6413,0.66998,0.91474,-0.08944,0.41152,0,0.907,-4.0367,2.8782,0.68207,0.69507,1.4629,0.45962,13.723,2.9825,2.056,0,0,0,2.7602,2.7553,2.7531,2.7612,34.782,-11.063,-4.1217,-123.08,-48.38,-25.21,18.383
4.38,-1.681,0.69891,0.92166,-0.085321,0.41819,0,0.90434,-3.8978,2.9074,0.70242,0.70422,1.3949,0.45725,14.065,2.8695,2.0136,0,0,0,2.7918,2.7871,2.7851,2.7929,33.536,-11.545,-4.3729,-125.99,-47.929,-25.023,18.595
4.39,-1.7193,0.72813,0.92879,-0.081159,0.42453,0,0.90177,-3.7555,2.9356,0.72233,0.71331,1.3299,0.4555,14.394,2.7517,1.9686,0,0,0,2.8223,2.8178,2.8159,2.8234,32.262,-12.021,-4.6221,-128.77,-47.412,-24.803,18.799
4.4,-1.7561,0.75762,0.93611,-0.076954,0.43056,0,0.89928,-3.6099,2.9625,0.74178,0.7224,1.2677,0.45436,14.71,2.6291,1.9211,0,0,0,2.8516,2.8473,2.8456,2.8528,30.961,-12.493,-4.8689,-131.43,-46.829,-24.549,18.996
4.41,-1.7915,0.78737,0.94362,-0.072706,0.43629,0,0.89687,-3.4613,2.9881,0.76075,0.73155,1.2081,0.45381,15.013,2.5018,1.8712,0,0,0,2.8797,2.8756,2.874,2.881,29.634,-12.958,-5.113,-133.96,-46.18,-24.26,19.184
4.42,-1.8253,0.81738,0.95132,-0.068413,0.44173,0,0.89454,-3.3097,3.0125,0.7792,0.74081,1.151,0.45385,15.302,2.37,1.8189,0,0,0,2.9064,2.9025,2.9011,2.9079,28.283,-13.416,-5.354,-136.35,-45.462,-23.937,19.363
4.43,-1.8576,0.84762,0.9592,-0.064074,0.4469,0,0.89229,-3.1553,3.0355,0.79712,0.75022,1.0962,0.45446,15.578,2.2335,1.7642,0,0,0,2.9318,2.9281,2.9268,2.9334,26.908,-13.867,-5.5916,-138.61,-44.674,-23.578,19.533
4.44,-1.8884,0.87808,0.96726,-0.059687,0.4518,0,0.89012,-2.9982,3.0571,0.81447,0.75982,1.0436,0.45565,15.84,2.0927,1.7071,0,0,0,2.9558,2.9523,2.951,2.9574,25.511,-14.309,-5.8254,-140.73,-43.815,-23.183,19.694
4.45,-1.9176,0.90876,0.97549,-0.055251,0.45646,0,0.88803,-2.8385,3.0773,0.83125,0.76965,0.99298,0.4574,16.088,1.9474,1.6477,0,0,0,2.9783,2.975,2.9738,2.9801,24.094,-14.743,-6.0551,-142.7,-42.884,-22.751,19.845
4.46,-1.9452,0.93963,0.98388,-0.050764,0.46088,0,0.88601,-2.6765,3.0961,0.84742,0.77973,0.9442,0.45969,16.322,1.7978,1.586,0,0,0,2.9993,2.9961,2.9951,3.0011,22.657,-15.167,-6.2803,-144.52,-41.88,-22.281,19.986
4.47,-1.9711,0.97067,0.99244,-0.046223,0.46506,0,0.88407,-2.5121,3.1133,0.86296,0.7901,0.89713,0.46254,16.542,1.6441,1.5221,0,0,0,3.0187,3.0157,3.0147,3.0207,21.204,-15.58,-6.5006,-146.19,-40.801,-21.773,20.116
4.48,-1.9954,1.0019,1.0011,-0.041627,0.46903,0,0.8822,-2.3457,3.1289,0.87785,0.80077,0.85162,0.46592,16.746,1.4863,1.456,0,0,0,3.0365,3.0336,3.0328,3.0386,19.734,-15.982,-6.7156,-147.71,-39.647,-21.226,20.236
4.49,-2.018,1.0332,1.01,-0.036973,0.47277,0,0.88041,-2.1773,3.143,0.89207,0.81177,0.80753,0.46983,16.936,1.3245,1.3878,0,0,0,3.0527,3.05,3.0492,3.0549,18.25,-16.373,-6.925,-149.06,-38.416,-20.64,20.345
4.5,-2.0389,1.0647,1.019,-0.032258,0.47631,0,0.87868,-2.007,3.1554,0.9056,0.82312,0.76475,0.47427,17.111,1.1589,1.3175,0,0,0,3.0672,3.0646,3.0639,3.0696,16.753,-16.75,-7.1283,-150.26,-37.111,-20.015,20.442
4.51,-2.0582,1.0964,1.0281,-0.02748,0.47965,0,0.87703,-1.8351,3.1662,0.91842,0.83483,0.72313,0.47922,17.271,0.98952,1.2452,0,0,0,3.0801,3.0775,3.0769,3.0825,15.245,-17.115,-7.3252,-151.31,-35.734,-19.354,20.528
4.52,-2.0756,1.1281,1.0373,-0.022637,0.48279,0,0.87545,-1.6616,3.1752,0.9305,0.84691,0.68255,0.4847,17.416,0.81661,1.171,0,0,0,3.0912,3.0888,3.0882,3.0938,13.728,-17.465,-7.5153,-152.2,-34.288,-18.658,20.603
4.53,-2.0914,1.1598,1.0467,-0.017725,0.48573,0,0.87393,-1.4868,3.1825,0.94183,0.85939,0.64289,0.4907,17.546,0.64027,1.095,0,0,0,3.1006,3.0983,3.0978,3.1033,12.202,-17.8,-7.6982,-152.94,-32.776,-17.928,20.667
4.54,-2.1054,1.1917,1.0562,-0.012742,0.48849,0,0.87247,-1.3108,3.188,0.95239,0.87228,0.60404,0.49721,17.66,0.46066,1.0171,0,0,0,3.1082,3.106,3.1056,3.1111,10.669,-18.12,-7.8737,-153.53,-31.201,-17.165,20.718
4.55,-2.1176,1.2236,1.0658,-0.007685,0.49107,0,0.87109,-1.1337,3.1917,0.96217,0.88559,0.56586,0.50424,17.759,0.27792,0.9375,0,0,0,3.1141,3.112,3.1117,3.1171,9.1319,-18.424,-8.0414,-153.97,-29.566,-16.371,20.758
4.56,-2.128,1.2555,1.0754,-0.0025507,0.49346,0,0.86976,-0.95565,3.1935,0.97114,0.89934,0.52826,0.51179,17.843,0.092229,0.85628,0,0,0,3.1183,3.1162,3.1159,3.1214,7.5905,-18.711,-8.201,-154.27,-27.873,-15.548,20.786
4.57,-2.1367,1.2875,1.0852,0.0026636,0.49568,0,0.8685,-0.77687,3.1935,0.97929,0.91353,0.49112,0.51987,17.911,-0.096249,0.77351,0,0,0,3.1207,3.1186,3.1184,3.1239,6.0468,-18.981,-8.3523,-154.44,-26.126,-14.696,20.803
4.58,-2.1436,1.3194,1.095,0.0079612,0.49771,0,0.8673,-0.59748,3.1916,0.9866,0.92818,0.45432,0.52848,17.964,-0.28734,0.68927,0,0,0,3.1213,3.1193,3.1192,3.1246,4.5022,-19.234,-8.4949,-154.46,-24.326,-13.817,20.807
4.59,-2.1487,1.3513,1.1049,0.013345,0.49958,0,0.86617,-0.41765,3.1878,0.99307,0.94331,0.41776,0.53763,18.001,-0.48086,0.60364,0,0,0,3.1201,3.1181,3.1181,3.1236,2.9581,-19.468,-8.6285,-154.34,-22.477,-12.913,20.8
4.6,-2.1519,1.3831,1.1149,0.018819,0.50126,0,0.86509,-0.23751,3.182,0.99867,0.95892,0.38132,0.54734,18.023,-0.67663,0.51673,0,0,0,3.1172,3.1153,3.1153,3.1209,1.4158,-19.683,-8.753,-154.1,-20.582,-11.985,20.781
4.61,-2.1534,1.4149,1.1249,0.024385,0.50277,0,0.86408,-0.05724,3.1742,1.0034,0.97503,0.3449,0.5576,18.029,-0.87446,0.42861,0,0,0,3.1125,3.1106,3.1108,3.1163,-0.12334,-19.879,-8.8682,-153.72,-18.643,-11.035,20.75
4.62,-2.1531,1.4466,1.1349,0.030048,0.5041,0,0.86312,0.12302,3.1645,1.0072,0.99165,0.30838,0.56844,18.02,-1.0742,0.3394,0,0,0,3.1062,3.1042,3.1044,3.1101,-1.6581,-20.056,-8.9737,-153.21,-16.664,-10.063,20.708
4.63,-2.151,1.4782,1.145,0.035811,0.50526,0,0.86222,0.30312,3.1527,1.0102,1.0088,0.27165,0.57987,17.996,-1.2755,0.24917,0,0,0,3.098,3.0961,3.0964,3.1021,-3.187,-20.212,-9.0694,-152.57,-14.646,-9.0716,20.654
4.64,-2.147,1.5097,1.1551,0.041677,0.50624,0,0.86139,0.48289,3.139,1.0122,1.0265,0.2346,0.5919,17.957,-1.4783,0.15804,0,0,0,3.0882,3.0863,3.0866,3.0925,-4.709,-20.349,-9.155,-151.81,-12.593,-8.0618,20.589
4.65,-2.1413,1.541,1.1653,0.047651,0.50703,0,0.86061,0.6622,3.1232,1.0133,1.0447,0.19712,0.60455,17.902,-1.6824,0.066106,0,0,0,3.0767,3.0747,3.0752,3.0811,-6.2228,-20.464,-9.2305,-150.93,-10.508,-7.0351,20.513
4.66,-2.1338,1.5721,1.1754,0.053734,0.50765,0,0.85989,0.84088,3.1053,1.0135,1.0634,0.15908,0.61785,17.832,-1.8875,-0.026534,0,0,0,3.0636,3.0615,3.0621,3.0681,-7.7272,-20.559,-9.2957,-149.92,-8.3929,-5.9929,20.426
4.67,-2.1245,1.6031,1.1855,0.059932,0.50807,0,0.85923,1.0188,3.0854,1.0128,1.0827,0.12037,0.63182,17.748,-2.0935,-0.11977,0,0,0,3.0488,3.0467,3.0473,3.0535,-9.2209,-20.632,-9.3503,-148.8,-6.2512,-4.9366,20.327
4.68,-2.1134,1.6338,1.1956,0.066249,0.5083,0,0.85863,1.1958,3.0634,1.0111,1.1026,0.080864,0.64647,17.648,-2.3001,-0.21351,0,0,0,3.0324,3.0302,3.031,3.0373,-10.703,-20.684,-9.3944,-147.57,-4.0854,-3.8676,20.218
4.69,-2.1006,1.6643,1.2057,0.072687,0.50833,0,0.85809,1.3717,3.0394,1.0085,1.123,0.040428,0.66184,17.533,-2.5071,-0.30762,0,0,0,3.0144,3.0121,3.013,3.0195,-12.172,-20.714,-9.4277,-146.22,-1.8985,-2.7874,20.098
4.7,-2.086,1.6946,1.2158,0.079251,0.50816,0,0.85761,1.5464,3.0133,1.005,1.144,-0.0010679,0.67795,17.404,-2.7143,-0.40202,0,0,0,2.9948,2.9925,2.9935,3.0001,-13.627,-20.722,-9.4501,-144.76,0.30692,-1.6973,19.968
4.71,-2.0696,1.7246,1.2258,0.085944,0.50778,0,0.85719,1.7197,2.9851,1.0005,1.1655,-0.043762,0.69484,17.261,-2.9215,-0.49659,0,0,0,2.9738,2.9713,2.9725,2.9793,-15.067,-20.707,-9.4616,-143.19,2.528,-0.59881,19.828
4.72,-2.0516,1.7543,1.2358,0.092771,0.50719,0,0.85683,1.8916,2.9549,0.99506,1.1877,-0.087798,0.71254,17.103,-3.1284,-0.59122,0,0,0,2.9513,2.9487,2.95,2.9569,-16.49,-20.671,-9.462,-141.52,4.7618,0.5067,19.678
4.73,-2.0318,1.7837,1.2457,0.099736,0.50637,0,0.85653,2.0618,2.9226,0.98867,1.2104,-0.13333,0.73107,16.931,-3.3348,-0.68579,0,0,0,2.9274,2.9246,2.926,2.9332,-17.897,-20.612,-9.4514,-139.74,7.0058,1.6178,19.519
4.74,-2.0104,1.8127,1.2556,0.10684,0.50532,0,0.8563,2.2302,2.8882,0.98134,1.2336,-0.18051,0.75049,16.745,-3.5406,-0.78021,0,0,0,2.9021,2.8991,2.9007,2.9081,-19.285,-20.531,-9.4297,-137.87,9.2569,2.7331,19.35
4.75,-1.9872,1.8414,1.2654,0.11409,0.50402,0,0.85612,2.3966,2.8517,0.97307,1.2574,-0.2295,0.77082,16.546,-3.7454,-0.87435,0,0,0,2.8754,2.8723,2.874,2.8816,-20.654,-20.427,-9.3968,-135.89,11.513,3.8511,19.172
4.76,-1.9624,1.8698,1.275,0.12149,0.50247,0,0.85602,2.561,2.8133,0.96386,1.2816,-0.28049,0.79211,16.332,-3.949,-0.96811,0,0,0,2.8475,2.8441,2.846,2.8539,-22.002,-20.301,-9.3526,-133.82,13.77,4.9705,18.986
4.77,-1.936,1.8977,1.2846,0.12904,0.50065,0,0.85598,2.7232,2.7728,0.95371,1.3064,-0.33365,0.81441,16.106,-4.1513,-1.0614,0,0,0,2.8183,2.8147,2.8168,2.8249,-23.33,-20.152,-9.2973,-131.65,16.026,6.0899,18.791
4.78,-1.908,1.9252,1.2941,0.13675,0.49856,0,0.856,2.8831,2.7303,0.94263,1.3316,-0.38918,0.83775,15.866,-4.352,-1.154,0,0,0,2.7879,2.784,2.7864,2.7947,-24.635,-19.98,-9.2309,-129.4,18.278,7.2078,18.588
4.79,-1.8784,1.9523,1.3035,0.14462,0.49617,0,0.8561,3.0405,2.6857,0.93063,1.3573,-0.44728,0.8622,15.613,-4.5508,-1.2459,0,0,0,2.7564,2.7522,2.7548,2.7634,-25.917,-19.786,-9.1532,-127.05,20.524,8.3227,18.378
4.8,-1.8472,1.9789,1.3127,0.15265,0.49347,0,0.85626,3.1953,2.6392,0.91772,1.3833,-0.50815,0.88779,15.348,-4.7476,-1.337,0,0,0,2.7239,2.7193,2.7222,2.7311,-27.176,-19.57,-9.0644,-124.62,22.76,9.4334,18.161
4.81,-1.8145,2.0051,1.3218,0.16085,0.49046,0,0.85649,3.3474,2.5908,0.90389,1.4096,-0.57202,0.91458,15.07,-4.9421,-1.4272,0,0,0,2.6904,2.6854,2.6886,2.6978,-28.41,-19.331,-8.9645,-122.1,24.983,10.538,17.937
4.82,-1.7802,2.0307,1.3308,0.16921,0.4871,0,0.8568,3.4967,2.5404,0.88917,1.4361,-0.63913,0.94263,14.779,-5.1342,-1.5163,0,0,0,2.6559,2.6505,2.654,2.6635,-29.618,-19.07,-8.8537,-119.5,27.192,11.636,17.707
4.83,-1.7445,2.0559,1.3396,0.17774,0.48338,0,0.85718,3.643,2.4881,0.87357,1.4627,-0.70971,0.97199,14.477,-5.3235,-1.6042,0,0,0,2.6205,2.6147,2.6186,2.6283,-30.799,-18.787,-8.7319,-116.82,29.383,12.726,17.47
4.84,-1.7074,2.0805,1.3483,0.18645,0.47928,0,0.85763,3.7862,2.434,0.85709,1.4893,-0.78401,1.0027,14.164,-5.5098,-1.6909,0,0,0,2.5844,2.5781,2.5823,2.5924,-31.954,-18.482,-8.5992,-114.06,31.553,13.805,17.229
4.85,-1.6688,2.1046,1.3568,0.19532,0.47478,0,0.85816,3.9262,2.3779,0.83976,1.5157,-0.8623,1.0349,13.838,-5.693,-1.7762,0,0,0,2.5476,2.5407,2.5453,2.5557,-33.08,-18.156,-8.4558,-111.23,33.699,14.873,16.982
4.86,-1.6289,2.1281,1.3651,0.20437,0.46985,0,0.85876,4.0629,2.3201,0.82158,1.5419,-0.94483,1.0685,13.502,-5.8729,-1.86,0,0,0,2.5102,2.5026,2.5077,2.5184,-34.178,-17.808,-8.3018,-108.33,35.82,15.928,16.732
4.87,-1.5876,2.151,1.3732,0.21358,0.46447,0,0.85945,4.1962,2.2605,0.80256,1.5676,-1.0319,1.1036,13.155,-6.0491,-1.9422,0,0,0,2.4722,2.464,2.4695,2.4805,-35.247,-17.44,-8.1373,-105.35,37.911,16.969,16.477
4.88,-1.545,2.1733,1.3811,0.22297,0.45862,0,0.86021,4.326,2.1991,0.78274,1.5926,-1.1237,1.1403,12.797,-6.2216,-2.0227,0,0,0,2.4337,2.4248,2.4309,2.4422,-36.285,-17.05,-7.9624,-102.31,39.97,17.994,16.219
4.89,-1.5011,2.1949,1.3888,0.23251,0.45225,0,0.86105,4.4521,2.1361,0.76212,1.6165,-1.2206,1.1787,12.429,-6.3901,-2.1014,0,0,0,2.3949,2.3851,2.3919,2.4035,-37.293,-16.641,-7.7774,-99.2,41.995,19.003,15.959
4.9,-1.4559,2.216,1.3964,0.24221,0.44535,0,0.86197,4.5745,2.0713,0.74072,1.6392,-1.3228,1.2187,12.051,-6.5543,-2.1782,0,0,0,2.3559,2.3452,2.3526,2.3644,-38.269,-16.211,-7.5825,-96.029,43.982,19.993,15.697
4.91,-1.4096,2.2364,1.4036,0.25206,0.43789,0,0.86297,4.6931,2.005,0.71856,1.6603,-1.4306,1.2603,11.664,-6.7142,-2.253,0,0,0,2.3166,2.305,2.3131,2.3252,-39.213,-15.761,-7.3777,-92.796,45.929,20.963,15.433
4.92,-1.3621,2.2561,1.4107,0.26206,0.42982,0,0.86405,4.8078,1.9371,0.69566,1.6794,-1.5441,1.3037,11.267,-6.8695,-2.3257,0,0,0,2.2774,2.2647,2.2736,2.2858,-40.124,-15.292,-7.1633,-89.505,47.833,21.911,15.169
4.93,-1.3134,2.2751,1.4176,0.27217,0.42112,0,0.86521,4.9184,1.8676,0.67205,1.696,-1.6636,1.3488,10.862,-7.02,-2.3962,0,0,0,2.2382,2.2244,2.2341,2.2465,-41.003,-14.805,-6.9395,-86.158,49.691,22.838,14.905
4.94,-1.2637,2.2934,1.4242,0.2824,0.41174,0,0.86644,5.025,1.7967,0.64775,1.7095,-1.7892,1.3956,10.447,-7.1655,-2.4645,0,0,0,2.1992,2.1842,2.1948,2.2072,-41.847,-14.299,-6.7066,-82.757,51.5,23.739,14.642
4.95,-1.213,2.311,1.4305,0.29273,0.40166,0,0.86774,5.1273,1.7243,0.62277,1.7196,-1.921,1.444,10.025,-7.3059,-2.5304,0,0,0,2.1605,2.1442,2.1558,2.1682,-42.658,-13.775,-6.4648,-79.305,53.258,24.616,14.381
4.96,-1.1612,2.3279,1.4366,0.30312,0.39084,0,0.86912,5.2254,1.6506,0.59715,1.7254,-2.059,1.494,9.5943,-7.441,-2.5938,0,0,0,2.1222,2.1045,2.1172,2.1295,-43.433,-13.234,-6.2144,-75.804,54.962,25.466,14.122
4.97,-1.1085,2.344,1.4425,0.31355,0.37923,0,0.87056,5.3192,1.5755,0.5709,1.7263,-2.2031,1.5455,9.1562,-7.5705,-2.6546,0,0,0,2.0845,2.0653,2.0792,2.0913,-44.174,-12.676,-5.9556,-72.256,56.608,26.287,13.867
4.98,-1.0548,2.3594,1.448,0.324,0.3668,0,0.87206,5.4085,1.4992,0.54406,1.7216,-2.353,1.5983,8.711,-7.6944,-2.7128,0,0,0,2.0476,2.0268,2.0419,2.0536,-44.878,-12.102,-5.6887,-68.663,58.195,27.078,13.616
4.99,-1.0003,2.374,1.4533,0.33441,0.35352,0,0.87361,5.4934,1.4217,0.51666,1.7104,-2.5085,1.6524,8.2588,-7.8125,-2.7684,0,0,0,2.0114,1.989,2.0054,2.0166,-45.547,-11.512,-5.4141,-65.029,59.719,27.839,13.371
5,-0.94497,2.3878,1.4584,0.34476,0.33935,0,0.8752,5.5737,1.343,0.48871,1.6919,-2.6689,1.7073,7.8001,-7.9246,-2.8211,0,0,0,1.9763,1.9522,1.97,1.9804,-46.179,-10.907,-5.1321,-61.355,61.178,28.566,13.132
5.01,-0.88885,2.4009,1.4631,0.355,0.32426,0,0.87683,5.6494,1.2632,0.46024,1.6651,-2.8336,1.763,7.3353,-8.0306,-2.871,0,0,0,1.9423,1.9165,1.9357,1.9452,-46.774,-10.289,-4.8429,-57.644,62.569,29.26,12.9
5.02,-0.832,2.4131,1.4676,0.36506,0.30824,0,0.87848,5.7204,1.1824,0.4313,1.6291,-3.0016,1.819,6.8648,-8.1303,-2.9179,0,0,0,1.9096,1.8821,1.9028,1.9112,-47.332,-9.6563,-4.547,-53.898,63.888,29.919,12.676
5.03,-0.77446,2.4245,1.4717,0.3749,0.29125,0,0.88013,5.7867,1.1006,0.40189,1.5832,-3.1717,1.8749,6.3888,-8.2237,-2.9619,0,0,0,1.8783,1.8492,1.8713,1.8783,-47.852,-9.0111,-4.2447,-50.12,65.134,30.54,12.462
5.04,-0.71628,2.4351,1.4756,0.38443,0.27329,0,0.88177,5.8481,1.0179,0.37207,1.5263,-3.3425,1.9303,5.9079,-8.3105,-3.0028,0,0,0,1.8486,1.8179,1.8415,1.8468,-48.334,-8.3539,-3.9363,-46.311,66.303,31.124,12.258
5.05,-0.65752,2.4449,1.4792,0.3936,0.25436,0,0.88339,5.9048,0.93441,0.34185,1.4578,-3.5122,1.9846,5.4223,-8.3907,-3.0406,0,0,0,1.8206,1.7884,1.8136,1.8169,-48.778,-7.6853,-3.6223,-42.475,67.392,31.668,12.066
5.06,-0.5982,2.4538,1.4824,0.40233,0.23446,0,0.88496,5.9566,0.85013,0.31127,1.3771,-3.6788,2.0374,4.9325,-8.4642,-3.0752,0,0,0,1.7945,1.761,1.7875,1.7887,-49.183,-7.0063,-3.3031,-38.613,68.4,32.171,11.886
5.07,-0.5384,2.4619,1.4854,0.41054,0.21361,0,0.88647,6.0034,0.76515,0.28035,1.2838,-3.8401,2.0878,4.4388,-8.5308,-3.1066,0,0,0,1.7704,1.7358,1.7636,1.7623,-49.55,-6.3176,-2.979,-34.728,69.322,32.631,11.72
5.08,-0.47815,2.4691,1.488,0.41815,0.19186,0,0.88789,6.0453,0.67954,0.24914,1.1778,-3.9938,2.1353,3.9416,-8.5905,-3.1348,0,0,0,1.7485,1.7131,1.742,1.7379,-49.878,-5.6201,-2.6506,-30.822,70.157,33.048,11.569
5.09,-0.41751,2.4755,1.4904,0.42507,0.16924,0,0.8892,6.0823,0.59337,0.21767,1.0591,-4.1371,2.1792,3.4413,-8.6432,-3.1596,0,0,0,1.7288,1.6929,1.7228,1.7157,-50.166,-4.9148,-2.3182,-26.898,70.9,33.419,11.434
5.1,-0.35652,2.481,1.4924,0.43123,0.14583,0,0.89038,6.1142,0.5067,0.18596,0.92823,-4.2674,2.2188,2.9384,-8.6888,-3.1812,0,0,0,1.7115,1.6755,1.7061,1.6959,-50.416,-4.2024,-1.9824,-22.958,71.551,33.743,11.315
5.11,-0.29524,2.4856,1.4941,0.43654,0.12171,0,0.89141,6.141,0.41961,0.15406,0.7861,-4.3822,2.2534,2.4331,-8.7272,-3.1993,0,0,0,1.6967,1.6609,1.6919,1.6785,-50.625,-3.4841,-1.6435,-19.004,72.105,34.02,11.213
5.12,-0.23372,2.4893,1.4955,0.44095,0.096967,0,0.89228,6.1628,0.33218,0.12199,0.63392,-4.4789,2.2823,1.926,-8.7585,-3.214,0,0,0,1.6844,1.6494,1.6805,1.6638,-50.796,-2.7607,-1.3022,-15.039,72.56,34.247,11.13
5.13,-0.172,2.4922,1.4965,0.4444,0.07172,0,0.89295,6.1795,0.24447,0.089789,0.47328,-4.5554,2.3051,1.4174,-8.7824,-3.2253,0,0,0,1.6748,1.641,1.6719,1.6518,-50.926,-2.0332,-0.95876,-11.065,72.914,34.423,11.066
5.14,-0.11015,2.4942,1.4973,0.44682,0.046089,0,0.89344,6.1912,0.15655,0.057493,0.30614,-4.6098,2.3212,0.90762,-8.7991,-3.2332,0,0,0,1.6679,1.6358,1.666,1.6428,-51.017,-1.3027,-0.61387,-7.0848,73.162,34.547,11.021
5.15,-0.048199,2.4954,1.4977,0.44819,0.020208,0,0.89371,6.1977,0.068511,0.025137,0.13469,-4.6407,2.3304,0.39716,-8.8085,-3.2376,0,0,0,1.6638,1.6337,1.6629,1.6368,-51.068,-0.57033,-0.268,-3.1002,73.303,34.617,10.995
5.16,0.01379,2.4956,1.4978,0.44849,-0.005783,0,0.89377,6.1991,-0.019591,-0.007247,-0.038684,-4.6475,2.3324,-0.11361,-8.8105,-3.2385,0,0,0,1.6625,1.6348,1.6627,1.6339,-51.079,0.16295,0.078296,0.88632,73.334,34.632,10.99
5.17,0.075766,2.495,1.4975,0.44771,-0.031743,0,0.89361,6.1954,-0.10768,-0.039623,-0.2115,-4.6299,2.3272,-0.62429,-8.8052,-3.236,0,0,0,1.6639,1.6391,1.6653,1.6342,-51.05,0.89599,0.42446,4.8723,73.254,34.592,11.004
5.18,0.13768,2.4934,1.497,0.44587,-0.057529,0,0.89325,6.1866,-0.19567,-0.071956,-0.38132,-4.5884,2.3149,-1.1345,-8.7926,-3.2301,0,0,0,1.6683,1.6465,1.6707,1.6377,-50.982,1.6277,0.76995,8.8554,73.065,34.497,11.038
5.19,0.19948,2.4911,1.4961,0.44299,-0.083005,0,0.89268,6.1727,-0.2835,-0.10421,-0.54582,-4.5239,2.2957,-1.6438,-8.7727,-3.2206,0,0,0,1.6754,1.6568,1.6788,1.6444,-50.873,2.3569,1.1142,12.833,72.769,34.348,11.092
5.2,0.26112,2.4878,1.4949,0.43911,-0.10804,0,0.89192,6.1537,-0.3711,-0.13636,-0.7029,-4.4382,2.2701,-2.1518,-8.7455,-3.2078,0,0,0,1.6853,1.67,1.6896,1.6542,-50.725,3.0827,1.4567,16.803,72.37,34.149,11.165
5.21,0.32254,2.4836,1.4934,0.43428,-0.13252,0,0.89097,6.1297,-0.45839,-0.16836,-0.85078,-4.3331,2.2386,-2.6581,-8.711,-3.1915,0,0,0,1.6979,1.6859,1.703,1.667,-50.537,3.804,1.797,20.764,71.871,33.898,11.256
5.22,0.38369,2.4786,1.4915,0.42858,-0.15634,0,0.88987,6.1006,-0.5453,-0.20018,-0.98801,-4.2111,2.2017,-3.1624,-8.6694,-3.1718,0,0,0,1.7132,1.7044,1.7189,1.6829,-50.31,4.5198,2.1345,24.712,71.274,33.599,11.366
5.23,0.44453,2.4727,1.4894,0.42207,-0.1794,0,0.88863,6.0664,-0.63175,-0.23178,-1.1135,-4.0747,2.1601,-3.6642,-8.6207,-3.1488,0,0,0,1.7311,1.7253,1.7373,1.7016,-50.043,5.2292,2.4689,28.645,70.581,33.253,11.492
5.24,0.50501,2.466,1.4869,0.41484,-0.20164,0,0.88727,6.0273,-0.71769,-0.26314,-1.2266,-3.9264,2.1145,-4.1631,-8.5649,-3.1225,0,0,0,1.7514,1.7485,1.758,1.7229,-49.737,5.9311,2.7995,32.561,69.797,32.861,11.635
5.25,0.56506,2.4584,1.4841,0.40695,-0.223,0,0.88581,5.9832,-0.80303,-0.29422,-1.327,-3.7691,2.0656,-4.6588,-8.5021,-3.0929,0,0,0,1.774,1.7738,1.7809,1.7468,-49.392,6.6248,3.1259,36.458,68.923,32.424,11.793
5.26,0.62465,2.4499,1.481,0.3985,-0.24342,0,0.88427,5.9341,-0.8877,-0.32499,-1.4146,-3.6051,2.0141,-5.1508,-8.4324,-3.06,0,0,0,1.7989,1.801,1.8059,1.773,-49.008,7.3093,3.4478,40.333,67.963,31.943,11.965
5.27,0.68373,2.4406,1.4776,0.38957,-0.26289,0,0.88268,5.8802,-0.97165,-0.35541,-1.4898,-3.4368,1.9606,-5.6388,-8.3559,-3.0239,0,0,0,1.8258,1.83,1.8329,1.8013,-48.585,7.9838,3.7646,44.184,66.919,31.421,12.15
5.28,0.74224,2.4305,1.4739,0.38023,-0.28139,0,0.88105,5.8214,-1.0548,-0.38546,-1.553,-3.2664,1.9057,-6.1224,-8.2728,-2.9847,0,0,0,1.8546,1.8607,1.8616,1.8316,-48.124,8.6474,4.0761,48.008,65.793,30.859,12.347
5.29,0.80014,2.4195,1.4699,0.37055,-0.29892,0,0.8794,5.7578,-1.1371,-0.41509,-1.6049,-3.0958,1.85,-6.6012,-8.183,-2.9424,0,0,0,1.8852,1.8928,1.892,1.8637,-47.625,9.2994,4.3817,51.804,64.59,30.258,12.556
5.3,0.85738,2.4078,1.4656,0.3606,-0.31548,0,0.87775,5.6894,-1.2184,-0.44429,-1.6463,-2.9264,1.794,-7.0748,-8.0868,-2.8971,0,0,0,1.9173,1.9262,1.924,1.8973,-47.088,9.939,4.6811,55.568,63.311,29.619,12.775
5.31,0.91391,2.3952,1.461,0.35046,-0.33108,0,0.87611,5.6163,-1.2988,-0.47303,-1.6781,-2.7598,1.7381,-7.5428,-7.9843,-2.8488,0,0,0,1.9509,1.9608,1.9573,1.9323,-46.514,10.565,4.974,59.299,61.96,28.944,13.002
5.32,0.96969,2.3818,1.4561,0.34017,-0.34576,0,0.87449,5.5385,-1.3781,-0.50126,-1.7011,-2.5969,1.6827,-8.005,-7.8755,-2.7976,0,0,0,1.9857,1.9964,1.9918,1.9685,-45.902,11.178,5.2599,62.994,60.538,28.234,13.237
5.33,1.0247,2.3676,1.451,0.32978,-0.35952,0,0.87292,5.4562,-1.4563,-0.52897,-1.7162,-2.4386,1.6281,-8.4608,-7.7608,-2.7436,0,0,0,2.0216,2.033,2.0274,2.0058,-45.254,11.776,5.5385,66.65,59.05,27.491,13.48
5.34,1.0788,2.3527,1.4456,0.31934,-0.37242,0,0.87139,5.3693,-1.5333,-0.55612,-1.7245,-2.2855,1.5746,-8.9099,-7.6401,-2.6869,0,0,0,2.0584,2.0703,2.064,2.0439,-44.569,12.359,5.8096,70.266,57.498,26.717,13.728
5.35,1.132,2.3369,1.4399,0.3089,-0.38448,0,0.86992,5.278,-1.6091,-0.5827,-1.7266,-2.1382,1.5223,-9.352,-7.5136,-2.6275,0,0,0,2.0961,2.1083,2.1013,2.0827,-43.849,12.926,6.0728,73.839,55.884,25.911,13.981
5.36,1.1843,2.3205,1.4339,0.29848,-0.39574,0,0.8685,5.1823,-1.6836,-0.60866,-1.7233,-1.9968,1.4715,-9.7868,-7.3816,-2.5655,0,0,0,2.1344,2.1467,2.1392,2.1221,-43.093,13.476,6.3277,77.366,54.212,25.077,14.237
5.37,1.2357,2.3033,1.4277,0.28812,-0.40623,0,0.86716,5.0823,-1.7567,-0.634,-1.7156,-1.8616,1.4222,-10.214,-7.2442,-2.5009,0,0,0,2.1732,2.1856,2.1777,2.162,-42.302,14.01,6.5742,80.846,52.484,24.215,14.497
5.38,1.286,2.2854,1.4212,0.27784,-0.41599,0,0.86589,4.9781,-1.8284,-0.65868,-1.7039,-1.7326,1.3745,-10.633,-7.1015,-2.434,0,0,0,2.2123,2.2247,2.2166,2.2021,-41.476,14.526,6.8119,84.276,50.702,23.327,14.759
5.39,1.3352,2.2667,1.4145,0.26765,-0.42506,0,0.86469,4.8697,-1.8987,-0.68267,-1.6889,-1.6097,1.3285,-11.043,-6.9537,-2.3647,0,0,0,2.2517,2.264,2.2557,2.2424,-40.616,15.024,7.0407,87.653,48.871,22.414,15.023
5.4,1.3834,2.2474,1.4076,0.25759,-0.43348,0,0.86357,4.7572,-1.9675,-0.70596,-1.6711,-1.4929,1.2842,-11.445,-6.8011,-2.2932,0,0,0,2.2912,2.3034,2.2949,2.2827,-39.723,15.503,7.2601,90.975,46.992,21.477,15.287
5.41,1.4304,2.2274,1.4004,0.24766,-0.44127,0,0.86252,4.6408,-2.0347,-0.72853,-1.6511,-1.382,1.2415,-11.838,-6.6437,-2.2196,0,0,0,2.3307,2.3427,2.3341,2.323,-38.797,15.963,7.4701,94.24,45.069,20.519,15.551
5.42,1.4762,2.2067,1.393,0.23787,-0.44848,0,0.86156,4.5205,-2.1003,-0.75035,-1.6293,-1.2767,1.2006,-12.221,-6.4819,-2.1439,0,0,0,2.3701,2.3819,2.3733,2.363,-37.839,16.404,7.6704,97.446,43.104,19.54,15.814
5.43,1.5208,2.1854,1.3854,0.22824,-0.45514,0,0.86067,4.3964,-2.1643,-0.7714,-1.606,-1.1769,1.1614,-12.594,-6.3157,-2.0662,0,0,0,2.4093,2.4208,2.4123,2.4029,-36.848,16.825,7.8609,100.59,41.099,18.542,16.075
5.44,1.5641,2.1634,1.3776,0.21877,-0.46127,0,0.85987,4.2687,-2.2266,-0.79166,-1.5815,-1.0823,1.1238,-12.958,-6.1454,-1.9867,0,0,0,2.4482,2.4593,2.4509,2.4423,-35.827,17.226,8.0412,103.67,39.059,17.526,16.335
5.45,1.6061,2.1408,1.3696,0.20946,-0.46691,0,0.85914,4.1373,-2.2872,-0.81113,-1.5562,-0.99263,1.0877,-13.311,-5.9713,-1.9054,0,0,0,2.4866,2.4975,2.4892,2.4813,-34.775,17.606,8.2113,106.68,36.985,16.493,16.591
5.46,1.6468,2.1177,1.3614,0.20032,-0.47209,0,0.85849,4.0025,-2.3461,-0.82977,-1.5303,-0.90763,1.0533,-13.653,-5.7934,-1.8225,0,0,0,2.5246,2.5351,2.5269,2.5197,-33.694,17.966,8.371,109.63,34.881,15.446,16.844
5.47,1.6862,2.0939,1.353,0.19135,-0.47682,0,0.85792,3.8643,-2.4031,-0.84757,-1.504,-0.82702,1.0203,-13.984,-5.612,-1.738,0,0,0,2.5619,2.5722,2.5641,2.5575,-32.583,18.304,8.5202,112.5,32.748,14.385,17.093
5.48,1.7241,2.0696,1.3444,0.18255,-0.48114,0,0.85742,3.7228,-2.4583,-0.86452,-1.4774,-0.75055,0.98884,-14.305,-5.4274,-1.6521,0,0,0,2.5986,2.6085,2.6006,2.5945,-31.444,18.621,8.6587,115.3,30.591,13.313,17.337
5.49,1.7606,2.0448,1.3357,0.17393,-0.48507,0,0.857,3.5783,-2.5116,-0.88061,-1.4508,-0.67794,0.95874,-14.613,-5.2397,-1.5649,0,0,0,2.6345,2.6441,2.6364,2.6308,-30.277,18.916,8.7864,118.02,28.411,12.229,17.576
5.5,1.7956,2.0194,1.3268,0.16547,-0.48863,0,0.85666,3.4306,-2.5631,-0.89582,-1.4242,-0.60894,0.92997,-14.91,-5.0491,-1.4764,0,0,0,2.6695,2.6789,2.6714,2.6662,-29.084,19.189,8.9032,120.66,26.212,11.136,17.81
5.51,1.8292,1.9935,1.3178,0.15718,-0.49183,0,0.85638,3.2801,-2.6126,-0.91013,-1.3978,-0.54331,0.90249,-15.195,-4.856,-1.3868,0,0,0,2.7037,2.7127,2.7054,2.7007,-27.864,19.44,9.0091,123.23,23.997,10.036,18.038
5.52,1.8612,1.9671,1.3086,0.14906,-0.4947,0,0.85618,3.1268,-2.6602,-0.92355,-1.3716,-0.4808,0.87624,-15.467,-4.6604,-1.2963,0,0,0,2.7369,2.7457,2.7385,2.7341,-26.619,19.669,9.1039,125.71,21.767,8.9285,18.259
5.53,1.8917,1.9403,1.2993,0.1411,-0.49726,0,0.85605,2.9708,-2.7058,-0.93606,-1.3458,-0.42119,0.85116,-15.727,-4.4627,-1.2048,0,0,0,2.7691,2.7775,2.7706,2.7665,-25.35,19.875,9.1877,128.1,19.526,7.8163,18.473
5.54,1.9206,1.913,1.2899,0.1333,-0.49952,0,0.85599,2.8123,-2.7494,-0.94764,-1.3203,-0.36427,0.82721,-15.974,-4.263,-1.1126,0,0,0,2.8001,2.8083,2.8016,2.7978,-24.058,20.059,9.2602,130.41,17.277,6.7005,18.68
5.55,1.948,1.8853,1.2804,0.12567,-0.50149,0,0.85599,2.6513,-2.791,-0.95831,-1.2953,-0.30982,0.80434,-16.208,-4.0616,-1.0196,0,0,0,2.83,2.838,2.8314,2.8279,-22.742,20.221,9.3217,132.63,15.023,5.5824,18.879
5.56,1.9737,1.8572,1.2707,0.11818,-0.50318,0,0.85606,2.4882,-2.8306,-0.96803,-1.2707,-0.25765,0.7825,-16.429,-3.8587,-0.92616,0,0,0,2.8587,2.8664,2.8601,2.8568,-21.405,20.36,9.3719,134.75,12.766,4.4636,19.07
5.57,1.9977,1.8287,1.261,0.11085,-0.50462,0,0.8562,2.3228,-2.8682,-0.97683,-1.2467,-0.20758,0.76164,-16.636,-3.6545,-0.83224,0,0,0,2.8861,2.8936,2.8874,2.8844,-20.048,20.476,9.4109,136.78,10.509,3.3453,19.252
5.58,2.0201,1.7999,1.2512,0.10366,-0.50581,0,0.85639,2.1555,-2.9037,-0.98468,-1.2232,-0.15941,0.74173,-16.83,-3.4492,-0.73798,0,0,0,2.9122,2.9194,2.9135,2.9106,-18.67,20.57,9.4388,138.71,8.2552,2.2291,19.426
5.59,2.0408,1.7707,1.2413,0.096621,-0.50676,0,0.85666,1.9863,-2.9372,-0.99159,-1.2002,-0.11299,0.72271,-17.01,-3.2431,-0.6435,0,0,0,2.9369,2.944,2.9382,2.9355,-17.274,20.641,9.4555,140.55,6.0069,1.1162,19.591
5.6,2.0598,1.7411,1.2314,0.089719,-0.50748,0,0.85698,1.8153,-2.9686,-0.99755,-1.1777,-0.068142,0.70455,-17.175,-3.0365,-0.54891,0,0,0,2.9602,2.9671,2.9615,2.959,-15.86,20.69,9.4611,142.28,3.7671,0.0082546,19.746
5.61,2.0771,1.7113,1.2214,0.082952,-0.50798,0,0.85737,1.6428,-2.9979,-1.0026,-1.1559,-0.024722,0.68722,-17.327,-2.8294,-0.45431,0,0,0,2.982,2.9887,2.9834,2.981,-14.429,20.716,9.4557,143.9,1.5386,-1.0935,19.892
5.62,2.0927,1.6812,1.2113,0.076316,-0.50826,0,0.85781,1.4688,-3.0252,-1.0066,-1.1346,0.01742,0.67069,-17.464,-2.6222,-0.35983,0,0,0,3.0024,3.0089,3.0037,3.0014,-12.982,20.721,9.4393,145.42,-0.67574,-2.1876,20.027
5.63,2.1065,1.6508,1.2012,0.069809,-0.50834,0,0.85832,1.2936,-3.0504,-1.0098,-1.1138,0.058427,0.65491,-17.586,-2.4151,-0.26556,0,0,0,3.0212,3.0276,3.0226,3.0204,-11.52,20.703,9.412,146.83,-2.8732,-3.2726,20.153
5.64,2.1186,1.6202,1.1911,0.063426,-0.50822,0,0.85889,1.1172,-3.0735,-1.0119,-1.0936,0.098434,0.63986,-17.694,-2.2082,-0.17163,0,0,0,3.0385,3.0447,3.0399,3.0377,-10.046,20.663,9.3739,148.13,-5.051,-4.3471,20.268
5.65,2.1288,1.5893,1.181,0.057163,-0.5079,0,0.85952,0.93975,-3.0945,-1.0132,-1.074,0.13757,0.62552,-17.787,-2.0019,-0.078122,0,0,0,3.0541,3.0602,3.0556,3.0535,-8.5583,20.602,9.3251,149.32,-7.2063,-5.4097,20.372
5.66,2.1373,1.5583,1.1709,0.051016,-0.5074,0,0.8602,0.76147,-3.1135,-1.0135,-1.055,0.17597,0.61185,-17.865,-1.7963,0.014841,0,0,0,3.0682,3.0741,3.0696,3.0676,-7.0597,20.519,9.2657,150.38,-9.3363,-6.459,20.466
5.67,2.1441,1.5271,1.1607,0.044982,-0.5067,0,0.86095,0.58249,-3.1305,-1.0129,-1.0365,0.21375,0.59884,-17.928,-1.5916,0.10716,0,0,0,3.0805,3.0864,3.0821,3.0801,-5.551,20.415,9.196,151.33,-11.438,-7.4936,20.548
5.68,2.149,1.4957,1.1506,0.039057,-0.50583,0,0.86175,0.40296,-3.1454,-1.0114,-1.0185,0.25102,0.58647,-17.976,-1.388,0.19873,0,0,0,3.0912,3.097,3.0928,3.0909,-4.0334,20.291,9.1159,152.16,-13.509,-8.5121,20.62
5.69,2.1521,1.4642,1.1405,0.033237,-0.50477,0,0.86261,0.22302,-3.1582,-1.0089,-1.0011,0.28791,0.57471,-18.009,-1.1858,0.28944,0,0,0,3.1002,3.1059,3.1019,3.0999,-2.5081,20.145,9.0258,152.87,-15.547,-9.513,20.68
5.7,2.1535,1.4325,1.1304,0.027519,-0.50353,0,0.86354,0.042829,-3.1691,-1.0056,-0.98419,0.32454,0.56355,-18.026,-0.98518,0.37921,0,0,0,3.1075,3.1131,3.1092,3.1073,-0.97644,19.98,8.9257,153.45,-17.548,-10.495,20.729
5.71,2.153,1.4008,1.1204,0.0219,-0.50212,0,0.86452,-0.13746,-3.1779,-1.0013,-0.9678,0.361,0.55297,-18.028,-0.78629,0.46792,0,0,0,3.113,3.1186,3.1149,3.1129,0.56042,19.794,8.8159,153.9,-19.509,-11.457,20.766
5.72,2.1507,1.369,1.1104,0.016375,-0.50054,0,0.86556,-0.31769,-3.1848,-0.99623,-0.95192,0.39742,0.54295,-18.015,-0.58935,0.5555,0,0,0,3.1168,3.1223,3.1187,3.1168,2.1012,19.59,8.6967,154.22,-21.429,-12.396,20.791
5.73,2.1466,1.3371,1.1005,0.010941,-0.49877,0,0.86666,-0.49771,-3.1897,-0.99024,-0.93652,0.4339,0.5335,-17.986,-0.39456,0.64183,0,0,0,3.1188,3.1243,3.1209,3.1189,3.6445,19.366,8.5681,154.41,-23.304,-13.313,20.805
5.74,2.1407,1.3052,1.0906,0.0055961,-0.49683,0,0.86783,-0.67737,-3.1927,-0.9834,-0.92161,0.47056,0.52459,-17.942,-0.20209,0.72683,0,0,0,3.1191,3.1245,3.1212,3.1192,5.189,19.124,8.4305,154.47,-25.131,-14.205,20.807
5.75,2.1331,1.2733,1.0808,0.00033593,-0.49472,0,0.86905,-0.8565,-3.1938,-0.97571,-0.90716,0.5075,0.51622,-17.883,-0.012143,0.81041,0,0,0,3.1176,3.123,3.1198,3.1177,6.7333,18.864,8.2841,154.38,-26.908,-15.071,20.797
5.76,2.1236,1.2413,1.0711,-0.0048425,-0.49242,0,0.87034,-1.035,-3.193,-0.96719,-0.89317,0.54484,0.50837,-17.808,0.17512,0.89248,0,0,0,3.1143,3.1197,3.1167,3.1145,8.2762,18.586,8.1292,154.16,-28.631,-15.91,20.775
5.77,2.1124,1.2094,1.0615,-0.0099421,-0.48995,0,0.87169,-1.2126,-3.1903,-0.95787,-0.87963,0.58268,0.50105,-17.717,0.35952,0.97296,0,0,0,3.1092,3.1147,3.1117,3.1095,9.8161,18.291,7.966,153.79,-30.299,-16.719,20.742
5.78,2.0994,1.1775,1.0519,-0.014966,-0.48729,0,0.87311,-1.3893,-3.1858,-0.94774,-0.86651,0.62115,0.49426,-17.611,0.54089,1.0518,0,0,0,3.1024,3.1078,3.1051,3.1028,11.352,17.98,7.7949,153.28,-31.907,-17.499,20.697
5.79,2.0846,1.1457,1.0425,-0.019917,-0.48445,0,0.87459,-1.5648,-3.1795,-0.93684,-0.8538,0.66035,0.48798,-17.49,0.71907,1.1288,0,0,0,3.0938,3.0993,3.0966,3.0943,12.881,17.653,7.6161,152.63,-33.454,-18.247,20.64
5.8,2.0681,1.1139,1.0332,-0.024798,-0.48142,0,0.87614,-1.739,-3.1714,-0.92517,-0.8415,0.7004,0.48221,-17.354,0.8939,1.2041,0,0,0,3.0834,3.089,3.0865,3.084,14.404,17.311,7.43,151.82,-34.937,-18.962,20.571
5.81,2.0498,1.0823,1.024,-0.029612,-0.47819,0,0.87776,-1.9118,-3.1616,-0.91276,-0.82959,0.74143,0.47697,-17.202,1.0652,1.2774,0,0,0,3.0714,3.077,3.0746,3.072,15.917,16.955,7.237,150.86,-36.352,-19.642,20.492
5.82,2.0299,1.0507,1.015,-0.034362,-0.47477,0,0.87944,-2.083,-3.1501,-0.89963,-0.81805,0.78356,0.47224,-17.035,1.2329,1.3488,0,0,0,3.0576,3.0633,3.061,3.0583,17.42,16.584,7.0373,149.75,-37.698,-20.286,20.4
5.83,2.0082,1.0193,1.006,-0.039049,-0.47114,0,0.88119,-2.2525,-3.137,-0.88579,-0.80686,0.82692,0.46804,-16.854,1.3969,1.4181,0,0,0,3.0421,3.0479,3.0457,3.0429,18.912,16.201,6.8314,148.48,-38.97,-20.893,20.298
5.84,1.9848,0.98798,0.99725,-0.043678,-0.4673,0,0.88302,-2.42,-3.1222,-0.87127,-0.79601,0.87162,0.46436,-16.657,1.5569,1.4854,0,0,0,3.0249,3.0308,3.0288,3.0258,20.39,15.805,6.6196,147.06,-40.168,-21.462,20.184
5.85,1.9598,0.95684,0.98861,-0.048249,-0.46324,0,0.88492,-2.5856,-3.1058,-0.85609,-0.78547,0.91782,0.46122,-16.446,1.713,1.5505,0,0,0,3.0062,3.0122,3.0103,3.0072,21.852,15.398,6.4023,145.47,-41.288,-21.991,20.06
5.86,1.9331,0.92587,0.98013,-0.052766,-0.45895,0,0.88689,-2.7489,-3.088,-0.84027,-0.77524,0.96564,0.45862,-16.22,1.8648,1.6134,0,0,0,2.9858,2.992,2.9901,2.9869,23.299,14.98,6.1799,143.73,-42.334,-22.482,19.925
5.87,1.9048,0.89508,0.97181,-0.05723,-0.45443,0,0.88894,-2.9099,-3.0686,-0.82383,-0.76527,1.0152,0.45657,-15.98,2.0125,1.6741,0,0,0,2.9639,2.9702,2.9685,2.9651,24.727,14.551,5.9528,141.84,-43.305,-22.935,19.779
5.88,1.8749,0.8645,0.96365,-0.061644,-0.44966,0,0.89107,-3.0685,-3.0477,-0.8068,-0.75555,1.0667,0.45507,-15.726,2.1558,1.7325,0,0,0,2.9404,2.9469,2.9453,2.9417,26.135,14.114,5.7213,139.81,-44.204,-23.351,19.624
5.89,1.8434,0.83413,0.95567,-0.066009,-0.44464,0,0.89327,-3.2244,-3.0255,-0.78919,-0.74604,1.1203,0.45414,-15.457,2.2948,1.7885,0,0,0,2.9155,2.9222,2.9207,2.9169,27.522,13.668,5.4859,137.63,-45.031,-23.73,19.459
5.9,1.8104,0.804,0.94787,-0.070328,-0.43935,0,0.89556,-3.3776,-3.0018,-0.77103,-0.73671,1.1761,0.45378,-15.175,2.4292,1.8422,0,0,0,2.8892,2.8961,2.8947,2.8907,28.887,13.213,5.2468,135.31,-45.787,-24.073,19.284
5.91,1.7759,0.7741,0.94026,-0.074601,-0.43378,0,0.89792,-3.5278,-2.9769,-0.75235,-0.72751,1.2343,0.454,-14.88,2.559,1.8934,0,0,0,2.8615,2.8686,2.8673,2.8632,30.228,12.752,5.0045,132.85,-46.475,-24.38,19.101
5.92,1.7399,0.74446,0.93283,-0.07883,-0.42792,0,0.90037,-3.6751,-2.9507,-0.73317,-0.71839,1.295,0.45481,-14.571,2.6842,1.9423,0,0,0,2.8325,2.8399,2.8387,2.8343,31.544,12.284,4.7593,130.27,-47.095,-24.653,18.909
5.93,1.7024,0.71509,0.92559,-0.083016,-0.42176,0,0.9029,-3.8192,-2.9232,-0.71352,-0.70931,1.3585,0.45623,-14.249,2.8047,1.9886,0,0,0,2.8023,2.81,2.8089,2.8043,32.833,11.81,4.5116,127.55,-47.648,-24.892,18.709
5.94,1.6635,0.686,0.91856,-0.087159,-0.41527,0,0.90551,-3.96,-2.8946,-0.69341,-0.7002,1.4248,0.45826,-13.914,2.9204,2.0325,0,0,0,2.771,2.7789,2.7779,2.7731,34.094,11.331,4.2616,124.71,-48.136,-25.098,18.501
5.95,1.6232,0.65721,0.91173,-0.091259,-0.40845,0,0.90821,-4.0975,-2.8648,-0.67288,-0.691,1.4941,0.4609,-13.567,3.0313,2.0738,0,0,0,2.7385,2.7468,2.7459,2.7408,35.327,10.848,4.0097,121.76,-48.56,-25.271,18.287
5.96,1.5816,0.62871,0.9051,-0.095317,-0.40128,0,0.91098,-4.2313,-2.834,-0.65194,-0.68165,1.5667,0.46419,-13.208,3.1373,2.1127,0,0,0,2.7051,2.7137,2.7129,2.7076,36.529,10.36,3.7563,118.68,-48.92,-25.411,18.065
5.97,1.5386,0.60053,0.89869,-0.099331,-0.39373,0,0.91384,-4.3616,-2.8021,-0.63063,-0.67204,1.6427,0.46811,-12.837,3.2385,2.149,0,0,0,2.6708,2.6798,2.679,2.6734,37.7,9.8697,3.5016,115.49,-49.219,-25.521,17.838
5.98,1.4944,0.57267,0.89249,-0.1033,-0.38579,0,0.91678,-4.488,-2.7692,-0.60897,-0.66211,1.7222,0.47268,-12.454,3.3347,2.1827,0,0,0,2.6356,2.6451,2.6443,2.6385,38.838,9.3763,3.246,112.2,-49.458,-25.599,17.606
5.99,1.4489,0.54515,0.88651,-0.10722,-0.37745,0,0.9198,-4.6106,-2.7354,-0.58699,-0.65174,1.8054,0.4779,-12.06,3.426,2.2139,0,0,0,2.5998,2.6097,2.6089,2.6029,39.944,8.8807,2.9897,108.8,-49.638,-25.647,17.369
6,1.4022,0.51797,0.88075,-0.1111,-0.36867,0,0.9229,-4.7292,-2.7007,-0.5647,-0.64083,1.8923,0.48379,-11.655,3.5123,2.2425,0,0,0,2.5634,2.5737,2.5729,2.5667,41.014,8.3837,2.7331,105.29,-49.759,-25.666,17.128
6.01,1.3543,0.49114,0.87522,-0.11492,-0.35944,0,0.92607,-4.8437,-2.6652,-0.54214,-0.62926,1.9832,0.49035,-11.24,3.5937,2.2685,0,0,0,2.5264,2.5372,2.5365,2.53,42.049,7.8858,2.4765,101.69,-49.824,-25.655,16.884
6.02,1.3053,0.46466,0.86991,-0.11869,-0.34973,0,0.9293,-4.954,-2.6289,-0.51934,-0.61688,2.0781,0.49756,-10.814,3.67,2.292,0,0,0,2.4891,2.5005,2.4997,2.493,43.048,7.3874,2.2201,97.997,-49.833,-25.616,16.637
6.03,1.2552,0.43856,0.86483,-0.12239,-0.33953,0,0.9326,-5.0599,-2.5918,-0.49631,-0.60357,2.177,0.50544,-10.379,3.7414,2.3129,0,0,0,2.4516,2.4635,2.4627,2.4558,44.009,6.8893,1.9643,94.213,-49.788,-25.55,16.389
6.04,1.2041,0.41283,0.85998,-0.12603,-0.3288,0,0.93595,-5.1615,-2.5541,-0.47309,-0.58916,2.2798,0.51396,-9.9343,3.8078,2.3313,0,0,0,2.414,2.4264,2.4255,2.4185,44.932,6.3918,1.7092,90.342,-49.69,-25.456,16.141
6.05,1.152,0.38748,0.85537,-0.12959,-0.31753,0,0.93935,-5.2586,-2.5157,-0.44969,-0.57348,2.3867,0.52312,-9.4806,3.8693,2.3471,0,0,0,2.3764,2.3894,2.3884,2.3812,45.815,5.8956,1.4552,86.389,-49.54,-25.337,15.892
6.06,1.099,0.36252,0.85099,-0.13307,-0.3057,0,0.94278,-5.3511,-2.4767,-0.42615,-0.55636,2.4973,0.5329,-9.0182,3.9257,2.3604,0,0,0,2.339,2.3525,2.3515,2.3442,46.659,5.4012,1.2026,82.358,-49.34,-25.191,15.645
6.07,1.045,0.33795,0.84685,-0.13646,-0.29327,0,0.94624,-5.4389,-2.4372,-0.40249,-0.53761,2.6115,0.54325,-8.5475,3.9773,2.3712,0,0,0,2.302,2.316,2.3148,2.3075,47.462,4.909,0.95151,78.251,-49.091,-25.02,15.401
6.08,0.9902,0.31378,0.84294,-0.13975,-0.28024,0,0.9497,-5.522,-2.3972,-0.37874,-0.51703,2.729,0.55414,-8.0691,4.0239,2.3795,0,0,0,2.2654,2.2801,2.2787,2.2714,48.224,4.4195,0.70226,74.074,-48.793,-24.825,15.159
6.09,0.93458,0.29001,0.83927,-0.14292,-0.26658,0,0.95316,-5.6003,-2.3567,-0.35491,-0.49443,2.8493,0.56553,-7.5832,4.0657,2.3852,0,0,0,2.2296,2.2448,2.2431,2.2359,48.943,3.9333,0.45508,69.829,-48.448,-24.606,14.922
6.1,0.87821,0.26664,0.83584,-0.14597,-0.25227,0,0.95658,-5.6737,-2.3159,-0.33104,-0.46963,2.9719,0.57733,-7.0903,4.1026,2.3886,0,0,0,2.1946,2.2103,2.2084,2.2013,49.62,3.4507,0.21021,65.521,-48.058,-24.364,14.691
6.11,0.82112,0.24369,0.83265,-0.14887,-0.2373,0,0.95996,-5.7421,-2.2747,-0.30715,-0.44242,3.0961,0.58949,-6.5909,4.1347,2.3895,0,0,0,2.1607,2.1768,2.1746,2.1678,50.254,2.9723,-0.032121,61.154,-47.624,-24.099,14.467
6.12,0.76338,0.22115,0.8297,-0.15161,-0.22167,0,0.96326,-5.8055,-2.2332,-0.28326,-0.41265,3.221,0.6019,-6.0854,4.1621,2.3879,0,0,0,2.128,2.1445,2.142,2.1355,50.843,2.4984,-0.2717,56.73,-47.146,-23.813,14.25
6.13,0.70503,0.19903,0.82699,-0.15417,-0.20536,0,0.96647,-5.8638,-2.1914,-0.2594,-0.38016,3.3456,0.61446,-5.5742,4.1847,2.384,0,0,0,2.0967,2.1135,2.1106,2.1047,51.388,2.0295,-0.5083,52.254,-46.626,-23.505,14.043
6.14,0.64612,0.17732,0.82451,-0.15654,-0.18839,0,0.96954,-5.9169,-2.1495,-0.23559,-0.34485,3.4687,0.62704,-5.0578,4.2027,2.3778,0,0,0,2.0671,2.0841,2.0808,2.0754,51.888,1.566,-0.74173,47.731,-46.066,-23.176,13.846
6.15,0.58671,0.15604,0.82228,-0.15869,-0.17075,0,0.97245,-5.9649,-2.1074,-0.21185,-0.30665,3.589,0.63952,-4.5366,4.216,2.3692,0,0,0,2.0393,2.0564,2.0526,2.048,52.343,1.1083,-0.97176,43.162,-45.467,-22.828,13.66
6.16,0.52684,0.13518,0.82027,-0.1606,-0.15248,0,0.97517,-6.0077,-2.0652,-0.18821,-0.26556,3.7051,0.65173,-4.0111,4.2249,2.3584,0,0,0,2.0135,2.0305,2.0262,2.0225,52.751,0.6568,-1.1982,38.553,-44.829,-22.46,13.488
6.17,0.46657,0.11474,0.81851,-0.16226,-0.13359,0,0.97766,-6.0451,-2.0229,-0.16469,-0.22162,3.8153,0.66351,-3.4817,4.2292,2.3453,0,0,0,1.9899,2.0067,2.0019,1.9992,53.113,0.21186,-1.4209,33.907,-44.154,-22.073,13.33
6.18,0.40596,0.094718,0.81698,-0.16365,-0.11411,0,0.9799,-6.0773,-1.9806,-0.14131,-0.17498,3.9179,0.6747,-2.949,4.2291,2.3299,0,0,0,1.9687,1.9851,1.9798,1.9782,53.429,-0.22616,-1.6396,29.228,-43.443,-21.668,13.186
6.19,0.34505,0.075123,0.81568,-0.16474,-0.094108,0,0.98184,-6.1041,-1.9384,-0.1181,-0.12586,4.0112,0.68511,-2.4133,4.2247,2.3125,0,0,0,1.95,1.9658,1.96,1.9597,53.698,-0.65689,-1.8542,24.52,-42.698,-21.246,13.059
6.2,0.28389,0.05595,0.81462,-0.16553,-0.073622,0,0.98345,-6.1255,-1.8962,-0.095072,-0.074558,4.0936,0.69458,-1.8752,4.216,2.2929,0,0,0,1.9341,1.949,1.9427,1.9439,53.919,-1.08,-2.0645,19.786,-41.92,-20.807,12.949
6.21,0.22255,0.037199,0.81378,-0.16598,-0.052723,0,0.98472,-6.1416,-1.8541,-0.07225,-0.021474,4.1633,0.70292,-1.3351,4.2031,2.2712,0,0,0,1.9209,1.9349,1.9281,1.9307,54.094,-1.4952,-2.2703,15.03,-41.11,-20.352,12.858
6.22,0.16108,0.018869,0.81317,-0.1661,-0.031485,0,0.98561,-6.1522,-1.8121,-0.049655,0.032913,4.219,0.70997,-0.79348,4.1861,2.2475,0,0,0,1.9107,1.9235,1.9163,1.9204,54.22,-1.9021,-2.4715,10.256,-40.269,-19.882,12.785
6.23,0.099528,0.00095663,0.81279,-0.16588,-0.0099903,0,0.9861,-6.1575,-1.7703,-0.027307,0.088057,4.2593,0.71561,-0.25085,4.1651,2.2218,0,0,0,1.9036,1.915,1.9073,1.913,54.299,-2.3005,-2.6679,5.4687,-39.399,-19.396,12.732
6.24,0.03795,-0.016539,0.81263,-0.16531,0.011672,0,0.98617,-6.1572,-1.7288,-0.0052253,0.14336,4.2833,0.71969,0.29233,4.1402,2.1941,0,0,0,1.8995,1.9094,1.9014,1.9087,54.329,-2.69,-2.8594,0.67063,-38.5,-18.897,12.698
6.25,-0.023599,-0.033621,0.81268,-0.16438,0.033409,0,0.98583,-6.1516,-1.6876,0.01657,0.19817,4.2905,0.72214,0.83558,4.1113,2.1646,0,0,0,1.8985,1.9068,1.8985,1.9073,54.312,-3.0704,-3.0458,-4.134,-37.574,-18.383,12.685
6.26,-0.085064,-0.050291,0.81296,-0.16311,0.055124,0,0.98507,-6.1405,-1.6466,0.038061,0.25186,4.2805,0.72289,1.3784,4.0788,2.1332,0,0,0,1.9006,1.9072,1.8987,1.9089,54.247,-3.4414,-3.227,-8.9414,-36.622,-17.857,12.692
6.27,-0.14639,-0.066554,0.81344,-0.16151,0.076722,0,0.98388,-6.124,-1.606,0.059229,0.30381,4.2534,0.72191,1.9204,4.0426,2.1001,0,0,0,1.9059,1.9106,1.902,1.9135,54.133,-3.8027,-3.4029,-13.748,-35.646,-17.319,12.72
6.28,-0.20753,-0.082412,0.81414,-0.15958,0.098108,0,0.9823,-6.1021,-1.5658,0.080057,0.35341,4.2099,0.71921,2.4609,4.0028,2.0652,0,0,0,1.9141,1.9171,1.9084,1.9211,53.972,-4.1542,-3.5733,-18.549,-34.647,-16.768,12.768
6.29,-0.26842,-0.09787,0.81504,-0.15734,0.11919,0,0.98033,-6.0748,-1.5259,0.10053,0.40017,4.1508,0.71483,2.9996,3.9595,2.0286,0,0,0,1.9253,1.9265,1.9179,1.9316,53.762,-4.4956,-3.7382,-23.342,-33.625,-16.207,12.835
6.3,-0.32901,-0.11293,0.81615,-0.15481,0.1399,0,0.97799,-6.0421,-1.4866,0.12062,0.44363,4.0772,0.70884,3.536,3.9129,1.9905,0,0,0,1.9393,1.9388,1.9303,1.9449,53.505,-4.8267,-3.8974,-28.123,-32.583,-15.636,12.922
6.31,-0.38924,-0.1276,0.81745,-0.15201,0.16014,0,0.97532,-6.0041,-1.4477,0.14033,0.48346,3.9905,0.70135,4.0696,3.863,1.9507,0,0,0,1.956,1.954,1.9457,1.9609,53.2,-5.1472,-4.0509,-32.887,-31.52,-15.054,13.028
6.32,-0.44907,-0.14189,0.81895,-0.14898,0.17986,0,0.97234,-5.9608,-1.4093,0.15963,0.51941,3.8925,0.69247,4.5998,3.81,1.9095,0,0,0,1.9754,1.9718,1.9637,1.9794,52.847,-5.457,-4.1985,-37.632,-30.44,-14.464,13.151
6.33,-0.50844,-0.15579,0.82064,-0.14573,0.19901,0,0.9691,-5.9121,-1.3715,0.17852,0.55134,3.7847,0.68234,5.1264,3.7539,1.8668,0,0,0,1.9971,1.9923,1.9845,2.0005,52.447,-5.7559,-4.3401,-42.352,-29.342,-13.865,13.291
6.34,-0.5673,-0.16932,0.82252,-0.14229,0.21752,0,0.96563,-5.8583,-1.3343,0.19696,0.5792,3.669,0.6711,5.6486,3.6949,1.8227,0,0,0,2.0212,2.0151,2.0076,2.0238,52,-6.0438,-4.4757,-47.045,-28.229,-13.258,13.446
6.35,-0.62559,-0.18248,0.82458,-0.13868,0.23538,0,0.96196,-5.7992,-1.2976,0.21497,0.60304,3.547,0.65892,6.1662,3.6331,1.7773,0,0,0,2.0473,2.0402,2.0331,2.0492,51.507,-6.3205,-4.6053,-51.707,-27.101,-12.644,13.616
6.36,-0.68326,-0.19527,0.82682,-0.13494,0.25255,0,0.95813,-5.7349,-1.2616,0.23251,0.62296,3.4204,0.64593,6.6786,3.5685,1.7306,0,0,0,2.0754,2.0674,2.0607,2.0766,50.966,-6.5858,-4.7286,-56.334,-25.959,-12.024,13.8
6.37,-0.74027,-0.20771,0.82923,-0.13109,0.26902,0,0.95417,-5.6656,-1.2263,0.24957,0.63915,3.2907,0.63231,7.1854,3.5014,1.6827,0,0,0,2.1052,2.0966,2.0902,2.1058,50.38,-6.8396,-4.8457,-60.921,-24.805,-11.397,13.996
6.38,-0.79656,-0.2198,0.83181,-0.12715,0.28478,0,0.95012,-5.5913,-1.1916,0.26616,0.65182,3.1594,0.61818,7.6861,3.4318,1.6337,0,0,0,2.1365,2.1274,2.1214,2.1367,49.748,-7.0818,-4.9565,-65.466,-23.641,-10.766,14.203
6.39,-0.85208,-0.23155,0.83455,-0.12314,0.29982,0,0.94601,-5.5119,-1.1576,0.28224,0.66123,3.0277,0.60368,8.1802,3.3598,1.5836,0,0,0,2.1693,2.1597,2.1541,2.1689,49.071,-7.3124,-5.061,-69.964,-22.466,-10.13,14.42
6.4,-0.90678,-0.24296,0.83745,-0.11909,0.31417,0,0.94187,-5.4277,-1.1244,0.29783,0.66764,2.8965,0.58894,8.6673,3.2856,1.5325,0,0,0,2.2033,2.1934,2.1882,2.2025,48.349,-7.5311,-5.1591,-74.412,-21.283,-9.4895,14.646
6.41,-0.96062,-0.25404,0.84051,-0.11501,0.32781,0,0.93772,-5.3386,-1.0919,0.31289,0.67136,2.767,0.57407,9.147,3.2092,1.4805,0,0,0,2.2383,2.2282,2.2234,2.2371,47.583,-7.738,-5.2508,-78.806,-20.093,-8.846,14.878
6.42,-1.0135,-0.2648,0.84371,-0.11092,0.34078,0,0.93358,-5.2448,-1.0602,0.32743,0.67265,2.6397,0.55916,9.6188,3.1308,1.4275,0,0,0,2.2742,2.264,2.2595,2.2727,46.773,-7.933,-5.336,-83.142,-18.897,-8.1998,15.117
6.43,-1.0655,-0.27525,0.84705,-0.10683,0.35308,0,0.92947,-5.1463,-1.0293,0.34144,0.6718,2.5153,0.5443,10.082,3.0506,1.3738,0,0,0,2.3107,2.3005,2.2964,2.3089,45.92,-8.1159,-5.4148,-87.417,-17.696,-7.5515,15.361
6.44,-1.1164,-0.28539,0.85054,-0.10276,0.36474,0,0.92542,-5.0432,-0.99922,0.3549,0.66908,2.3942,0.52956,10.537,2.9686,1.3192,0,0,0,2.3478,2.3377,2.3338,2.3458,45.025,-8.2869,-5.4871,-91.625,-16.492,-6.9019,15.609
6.45,-1.1663,-0.29523,0.85415,-0.098711,0.37579,0,0.92143,-4.9355,-0.96995,0.36782,0.66474,2.2768,0.51501,10.983,2.8849,1.264,0,0,0,2.3853,2.3752,2.3717,2.3831,44.088,-8.4458,-5.5528,-95.765,-15.285,-6.2515,15.859
6.46,-1.2151,-0.30479,0.85789,-0.0947,0.38624,0,0.91752,-4.8235,-0.94153,0.38018,0.659,2.1634,0.5007,11.419,2.7997,1.2082,0,0,0,2.4229,2.4131,2.4098,2.4206,43.11,-8.5926,-5.6121,-99.831,-14.077,-5.6009,16.111
6.47,-1.2628,-0.31407,0.86175,-0.090733,0.39612,0,0.9137,-4.7072,-0.91396,0.39198,0.65208,2.054,0.48667,11.845,2.7131,1.1518,0,0,0,2.4607,2.451,2.448,2.4582,42.091,-8.7273,-5.6648,-103.82,-12.87,-4.9509,16.363
6.48,-1.3093,-0.32307,0.86573,-0.086816,0.40546,0,0.90998,-4.5867,-0.88727,0.40322,0.64418,1.9488,0.47295,12.26,2.6252,1.0949,0,0,0,2.4983,2.4888,2.4861,2.4957,41.034,-8.85,-5.7111,-107.73,-11.663,-4.302,16.615
6.49,-1.3545,-0.33181,0.86981,-0.082955,0.41427,0,0.90636,-4.462,-0.86146,0.41388,0.63547,1.8478,0.45958,12.665,2.5361,1.0376,0,0,0,2.5357,2.5265,2.5239,2.533,39.937,-8.9606,-5.7509,-111.55,-10.46,-3.6549,16.865
6.5,-1.3985,-0.3403,0.874,-0.079154,0.4226,0,0.90286,-4.3334,-0.83655,0.42397,0.62611,1.7509,0.44656,13.059,2.446,0.97993,0,0,0,2.5728,2.5638,2.5614,2.57,38.803,-9.0592,-5.7842,-115.29,-9.2605,-3.0103,17.113
6.51,-1.4412,-0.34855,0.87829,-0.075416,0.43044,0,0.89946,-4.2009,-0.81255,0.43348,0.61622,1.658,0.43391,13.441,2.355,0.92195,0,0,0,2.6094,2.6006,2.5985,2.6066,37.632,-9.1458,-5.8111,-118.93,-8.0662,-2.3688,17.358
6.52,-1.4825,-0.35656,0.88267,-0.071744,0.43784,0,0.89618,-4.0646,-0.78945,0.44241,0.60594,1.5691,0.42165,13.812,2.2631,0.86373,0,0,0,2.6453,2.6369,2.6349,2.6425,36.424,-9.2205,-5.8316,-122.48,-6.8782,-1.731,17.599
6.53,-1.5225,-0.36434,0.88714,-0.06814,0.44482,0,0.89303,-3.9247,-0.76729,0.45075,0.59536,1.484,0.40978,14.17,2.1706,0.80534,0,0,0,2.6806,2.6724,2.6705,2.6778,35.182,-9.2834,-5.8457,-125.93,-5.6979,-1.0976,17.835
6.54,-1.561,-0.37191,0.89168,-0.064605,0.45138,0,0.88999,-3.7813,-0.74604,0.45851,0.58458,1.4025,0.39829,14.515,2.0775,0.74684,0,0,0,2.715,2.7071,2.7054,2.7122,33.906,-9.3345,-5.8536,-129.28,-4.5265,-0.46926,18.066
6.55,-1.5981,-0.37926,0.89631,-0.06114,0.45756,0,0.88707,-3.6344,-0.72574,0.46569,0.57367,1.3245,0.3872,14.848,1.984,0.68829,0,0,0,2.7484,2.7408,2.7392,2.7457,32.597,-9.374,-5.8551,-132.52,-3.3652,0.15343,18.29
6.56,-1.6337,-0.38642,0.901,-0.057744,0.46337,0,0.88428,-3.4844,-0.70637,0.47228,0.56271,1.2499,0.37648,15.167,1.8901,0.62975,0,0,0,2.7808,2.7735,2.772,2.7781,31.256,-9.4019,-5.8505,-135.64,-2.2153,0.76979,18.507
6.57,-1.6677,-0.3934,0.90575,-0.054419,0.46884,0,0.88161,-3.3311,-0.68794,0.47828,0.55175,1.1783,0.36615,15.473,1.796,0.5713,0,0,0,2.8121,2.805,2.8037,2.8095,29.885,-9.4183,-5.8398,-138.65,-1.078,1.3792,18.717
6.58,-1.7003,-0.40019,0.91056,-0.051163,0.47397,0,0.87906,-3.1749,-0.67045,0.48371,0.54084,1.1098,0.3562,15.764,1.7017,0.51298,0,0,0,2.8422,2.8353,2.8341,2.8396,28.484,-9.4235,-5.823,-141.55,0.045445,1.981,18.918
6.59,-1.7312,-0.40681,0.91542,-0.047976,0.47878,0,0.87662,-3.0159,-0.6539,0.48854,0.53001,1.044,0.34661,16.042,1.6075,0.45486,0,0,0,2.8709,2.8642,2.8631,2.8684,27.054,-9.4175,-5.8002,-144.32,1.1538,2.5745,19.111
6.6,-1.7606,-0.41327,0.92033,-0.044857,0.48329,0,0.87431,-2.8542,-0.6383,0.4928,0.51931,0.98086,0.33738,16.305,1.5134,0.39699,0,0,0,2.8983,2.8918,2.8908,2.8958,25.598,-9.4004,-5.7715,-146.96,2.2458,3.1591,19.294
6.61,-1.7883,-0.41958,0.92528,-0.041805,0.48751,0,0.87212,-2.6898,-0.62363,0.49649,0.50876,0.92013,0.3285,16.554,1.4195,0.33945,0,0,0,2.9241,2.9179,2.9169,2.9217,24.115,-9.3726,-5.737,-149.48,3.3203,3.7342,19.468
6.62,-1.8144,-0.42574,0.93026,-0.038818,0.49146,0,0.87004,-2.5231,-0.60991,0.49959,0.49839,0.86166,0.31997,16.788,1.326,0.28227,0,0,0,2.9485,2.9424,2.9415,2.9461,22.608,-9.3341,-5.6969,-151.86,4.376,4.2991,19.631
6.63,-1.8388,-0.43178,0.93527,-0.035896,0.49514,0,0.86807,-2.3541,-0.59711,0.50213,0.48821,0.80529,0.31177,17.006,1.2329,0.22553,0,0,0,2.9712,2.9653,2.9645,2.9689,21.078,-9.2851,-5.6511,-154.1,5.4116,4.8532,19.783
6.64,-1.8615,-0.43769,0.9403,-0.033036,0.49856,0,0.86622,-2.1831,-0.58525,0.50411,0.47824,0.75085,0.30389,17.209,1.1403,0.16927,0,0,0,2.9922,2.9865,2.9858,2.99,19.527,-9.2259,-5.5998,-156.21,6.4259,5.3957,19.924
6.65,-1.8824,-0.44349,0.94535,-0.030238,0.50174,0,0.86449,-2.01,-0.5743,0.50552,0.46849,0.69819,0.29633,17.397,1.0484,0.11355,0,0,0,3.0115,3.006,3.0053,3.0094,17.955,-9.1567,-5.5432,-158.16,7.4176,5.9262,20.054
6.66,-1.9016,-0.44918,0.95041,-0.027499,0.50469,0,0.86286,-1.8352,-0.56427,0.50638,0.45897,0.64715,0.28908,17.568,0.95723,0.058423,0,0,0,3.0291,3.0237,3.023,3.0269,16.364,-9.0777,-5.4814,-159.97,8.3856,6.4439,20.171
6.67,-1.9191,-0.45477,0.95547,-0.024818,0.50741,0,0.86135,-1.6587,-0.55515,0.50669,0.44969,0.59758,0.28213,17.724,0.86689,0.00394,0,0,0,3.0448,3.0395,3.0389,3.0427,14.756,-8.9891,-5.4144,-161.63,9.3286,6.9481,20.276
6.68,-1.9348,-0.46028,0.96054,-0.022193,0.50991,0,0.85994,-1.4807,-0.54693,0.50646,0.44066,0.54934,0.27547,17.863,0.77748,-0.049848,0,0,0,3.0585,3.0534,3.0529,3.0565,13.132,-8.8912,-5.3424,-163.13,10.245,7.4383,20.369
6.69,-1.9487,-0.46572,0.9656,-0.019623,0.5122,0,0.85864,-1.3015,-0.5396,0.5057,0.43187,0.5023,0.2691,17.986,0.6891,-0.10289,0,0,0,3.0704,3.0654,3.0649,3.0685,11.494,-8.7843,-5.2657,-164.47,11.134,7.9138,20.449
6.7,-1.9608,-0.47108,0.97065,-0.017106,0.51428,0,0.85745,-1.1211,-0.53315,0.5044,0.42333,0.4563,0.263,18.093,0.60183,-0.15515,0,0,0,3.0803,3.0754,3.075,3.0784,9.8432,-8.6686,-5.1842,-165.64,11.995,8.374,20.515
6.71,-1.9711,-0.47638,0.97569,-0.01464,0.51616,0,0.85637,-0.93968,-0.52756,0.5026,0.41504,0.41123,0.25718,18.183,0.51576,-0.20656,0,0,0,3.0882,3.0834,3.083,3.0864,8.1816,-8.5445,-5.0982,-166.65,12.825,8.8181,20.568
6.72,-1.9796,-0.48163,0.9807,-0.012224,0.51784,0,0.85539,-0.75746,-0.52283,0.50028,0.407,0.36695,0.25163,18.257,0.43097,-0.2571,0,0,0,3.0941,3.0893,3.089,3.0923,6.5108,-8.4122,-5.0079,-167.48,13.625,9.2457,20.608
6.73,-1.9863,-0.48684,0.98569,-0.0098554,0.51933,0,0.85452,-0.5746,-0.51894,0.49746,0.39921,0.32332,0.24634,18.313,0.34754,-0.30671,0,0,0,3.0979,3.0932,3.0929,3.0962,4.8325,-8.2721,-4.9134,-168.14,14.391,9.6559,20.634
6.74,-1.9911,-0.49201,0.99065,-0.0075328,0.52063,0,0.85375,-0.39125,-0.51587,0.49415,0.39167,0.28024,0.24132,18.353,0.26555,-0.35535,0,0,0,3.0996,3.095,3.0947,3.098,3.1485,-8.1245,-4.8148,-168.62,15.125,10.048,20.646
6.75,-1.9941,-0.49716,0.99557,-0.0052545,0.52174,0,0.85309,-0.20759,-0.51362,0.49035,0.38438,0.23756,0.23655,18.376,0.18507,-0.40299,0,0,0,3.0993,3.0947,3.0945,3.0977,1.4606,-7.9697,-4.7125,-168.92,15.823,10.422,20.644
6.76,-1.9953,-0.50229,1.0005,-0.0030189,0.52267,0,0.85253,-0.023778,-0.51217,0.48609,0.37734,0.19517,0.23203,18.383,0.10618,-0.44959,0,0,0,3.0968,3.0922,3.0921,3.0953,-0.22928,-7.8081,-4.6065,-169.03,16.485,10.776,20.627
6.77,-1.9946,-0.50741,1.0053,-0.00082426,0.52341,0,0.85208,0.16001,-0.51149,0.48136,0.37055,0.15294,0.22777,18.372,0.028932,-0.49511,0,0,0,3.0922,3.0877,3.0875,3.0907,-1.9194,-7.6401,-4.497,-168.95,17.11,11.111,20.597
6.78,-1.9921,-0.51252,1.0101,0.0013312,0.52397,0,0.85174,0.3436,-0.51158,0.47619,0.364,0.11075,0.22375,18.344,-0.046604,-0.53952,0,0,0,3.0854,3.0809,3.0808,3.0841,-3.6077,-7.4661,-4.3843,-168.69,17.698,11.427,20.552
6.79,-1.9877,-0.51764,1.0148,0.003449,0.52435,0,0.8515,0.52684,-0.51242,0.47058,0.35769,0.068464,0.21999,18.3,-0.12037,-0.58278,0,0,0,3.0766,3.0721,3.072,3.0753,-5.2925,-7.2863,-4.2685,-168.24,18.251,11.723,20.493
6.8,-1.9815,-0.52277,1.0195,0.005531,0.52455,0,0.85136,0.70954,-0.51398,0.46454,0.35163,0.025954,0.21648,18.238,-0.19231,-0.62488,0,0,0,3.0656,3.0611,3.061,3.0643,-6.972,-7.1012,-4.1499,-167.62,18.768,12.001,20.42
6.81,-1.9735,-0.52792,1.0241,0.0075787,0.52456,0,0.85134,0.89155,-0.51626,0.45808,0.3458,-0.016918,0.21321,18.16,-0.26238,-0.66577,0,0,0,3.0525,3.0479,3.0479,3.0513,-8.6444,-6.911,-4.0286,-166.82,19.251,12.26,20.333
6.82,-1.9637,-0.5331,1.0287,0.0095939,0.52438,0,0.85143,1.0727,-0.51922,0.45123,0.34019,-0.060293,0.2102,18.066,-0.33052,-0.70544,0,0,0,3.0372,3.0327,3.0327,3.0361,-10.308,-6.7163,-3.9048,-165.85,19.699,12.501,20.231
6.83,-1.9521,-0.53831,1.0331,0.011578,0.52402,0,0.85162,1.2528,-0.52286,0.44398,0.33482,-0.10432,0.20744,17.954,-0.39669,-0.74386,0,0,0,3.0199,3.0153,3.0154,3.0189,-11.961,-6.5172,-3.7786,-164.72,20.114,12.724,20.116
6.84,-1.9387,-0.54356,1.0375,0.013533,0.52347,0,0.85194,1.4317,-0.52715,0.43635,0.32966,-0.14915,0.20493,17.826,-0.46085,-0.78101,0,0,0,3.0005,2.9958,2.9959,2.9995,-13.602,-6.3141,-3.6503,-163.42,20.495,12.929,19.986
6.85,-1.9235,-0.54885,1.0419,0.01546,0.52272,0,0.85236,1.6093,-0.53207,0.42836,0.32472,-0.19495,0.20267,17.682,-0.52296,-0.81686,0,0,0,2.979,2.9743,2.9744,2.9781,-15.229,-6.1074,-3.5201,-161.96,20.844,13.117,19.843
6.86,-1.9065,-0.5542,1.0461,0.01736,0.52178,0,0.85291,1.7853,-0.5376,0.42002,0.31998,-0.2419,0.20067,17.522,-0.58298,-0.8514,0,0,0,2.9555,2.9507,2.9509,2.9547,-16.84,-5.8973,-3.3881,-160.34,21.161,13.288,19.686
6.87,-1.8878,-0.55961,1.0503,0.019236,0.52062,0,0.85357,1.9597,-0.54372,0.41134,0.31544,-0.29017,0.19894,17.345,-0.64089,-0.88462,0,0,0,2.93,2.9251,2.9253,2.9292,-18.435,-5.6843,-3.2544,-158.58,21.447,13.441,19.516
6.88,-1.8673,-0.56508,1.0543,0.021089,0.51926,0,0.85436,2.1322,-0.55041,0.40233,0.3111,-0.33995,0.19747,17.153,-0.69666,-0.91649,0,0,0,2.9026,2.8975,2.8977,2.9018,-20.011,-5.4685,-3.1193,-156.66,21.701,13.579,19.333
6.89,-1.8451,-0.57062,1.0583,0.02292,0.51768,0,0.85527,2.3027,-0.55765,0.39302,0.30693,-0.39147,0.19627,16.945,-0.75025,-0.947,0,0,0,2.8732,2.8679,2.8682,2.8725,-21.568,-5.2503,-2.9829,-154.6,21.925,13.7,19.136
6.9,-1.8212,-0.57623,1.0622,0.024731,0.51586,0,0.85631,2.471,-0.56541,0.3834,0.30295,-0.44493,0.19535,16.722,-0.80166,-0.97614,0,0,0,2.8419,2.8364,2.8368,2.8413,-23.103,-5.0301,-2.8454,-152.39,22.12,13.805,18.927
6.91,-1.7957,-0.58193,1.066,0.026523,0.51381,0,0.85749,2.6371,-0.57368,0.3735,0.29912,-0.50059,0.19472,16.483,-0.85085,-1.0039,0,0,0,2.8087,2.8031,2.8035,2.8082,-24.615,-4.808,-2.7068,-150.05,22.285,13.894,18.706
6.92,-1.7685,-0.58771,1.0696,0.028297,0.51152,0,0.85881,2.8006,-0.58242,0.36332,0.29544,-0.5587,0.19438,16.23,-0.89781,-1.0303,0,0,0,2.7738,2.7679,2.7684,2.7733,-26.103,-4.5845,-2.5675,-147.57,22.422,13.968,18.472
6.93,-1.7397,-0.59358,1.0732,0.030055,0.50896,0,0.86027,2.9616,-0.59163,0.3529,0.2919,-0.61954,0.19434,15.961,-0.94254,-1.0553,0,0,0,2.7371,2.731,2.7315,2.7367,-27.566,-4.3597,-2.4275,-144.96,22.531,14.027,18.227
6.94,-1.7093,-0.59954,1.0767,0.031797,0.50612,0,0.86188,3.1198,-0.60126,0.34222,0.28849,-0.68341,0.19462,15.678,-0.985,-1.0788,0,0,0,2.6988,2.6924,2.693,2.6984,-29.002,-4.1339,-2.287,-142.23,22.612,14.071,17.971
6.95,-1.6773,-0.60561,1.0801,0.033526,0.503,0,0.86364,3.2751,-0.61132,0.33132,0.28518,-0.75065,0.19523,15.381,-1.0252,-1.101,0,0,0,2.6589,2.6521,2.6528,2.6585,-30.41,-3.9075,-2.1462,-139.37,22.666,14.1,17.704
6.96,-1.6438,-0.61177,1.0833,0.035243,0.49957,0,0.86556,3.4274,-0.62176,0.32021,0.28195,-0.82162,0.19618,15.07,-1.0632,-1.1217,0,0,0,2.6174,2.6103,2.611,2.6171,-31.789,-3.6807,-2.0051,-136.39,22.694,14.115,17.426
6.97,-1.6088,-0.61804,1.0865,0.036947,0.49581,0,0.86764,3.5765,-0.63257,0.30889,0.27878,-0.8967,0.19749,14.746,-1.0988,-1.1411,0,0,0,2.5744,2.5669,2.5677,2.5742,-33.138,-3.4537,-1.8639,-133.29,22.696,14.116,17.139
6.98,-1.5723,-0.62442,1.0895,0.038641,0.49171,0,0.8699,3.7223,-0.64373,0.29739,0.27565,-0.97632,0.19918,14.408,-1.1322,-1.159,0,0,0,2.53,2.5221,2.523,2.5299,-34.455,-3.2269,-1.7228,-130.09,22.672,14.104,16.842
6.99,-1.5343,-0.63092,1.0924,0.040325,0.48723,0,0.87234,3.8646,-0.65521,0.28572,0.27251,-1.0609,0.20125,14.057,-1.1634,-1.1755,0,0,0,2.4844,2.4759,2.4769,2.4843,-35.739,-3.0004,-1.5819,-126.77,22.624,14.078,16.536
7,-1.495,-0.63753,1.0952,0.041999,0.48236,0,0.87496,4.0033,-0.66699,0.27389,0.26935,-1.1511,0.20374,13.693,-1.1922,-1.1907,0,0,0,2.4375,2.4285,2.4296,2.4375,-36.99,-2.7745,-1.4413,-123.35,22.552,14.038,16.222
7.01,-1.4543,-0.64426,1.0979,0.043664,0.47707,0,0.87778,4.1384,-0.67905,0.26191,0.2661,-1.2472,0.20667,13.317,-1.2189,-1.2044,0,0,0,2.3896,2.38,2.3812,2.3896,-38.206,-2.5494,-1.3012,-119.82,22.456,13.986,15.901
7.02,-1.4122,-0.65111,1.1005,0.045321,0.47131,0,0.8808,4.2696,-0.69136,0.2498,0.26273,-1.35,0.21005,12.929,-1.2432,-1.2167,0,0,0,2.3406,2.3303,2.3317,2.3407,-39.386,-2.3254,-1.1616,-116.2,22.337,13.922,15.572
7.03,-1.3689,-0.65809,1.1029,0.046968,0.46507,0,0.88403,4.397,-0.7039,0.23758,0.25916,-1.4601,0.21391,12.529,-1.2654,-1.2276,0,0,0,2.2907,2.2797,2.2812,2.2909,-40.529,-2.1028,-1.0228,-112.48,22.196,13.844,15.238
7.04,-1.3243,-0.66519,1.1052,0.048606,0.45829,0,0.88747,4.5202,-0.71666,0.22526,0.25534,-1.5781,0.21829,12.119,-1.2853,-1.2371,0,0,0,2.2401,2.2283,2.23,2.2403,-41.635,-1.8816,-0.88476,-108.68,22.032,13.755,14.898
7.05,-1.2785,-0.67242,1.1074,0.050234,0.45094,0,0.89114,4.6393,-0.7296,0.21284,0.25117,-1.7047,0.22319,11.697,-1.303,-1.2453,0,0,0,2.1889,2.1762,2.178,2.1891,-42.703,-1.6622,-0.7477,-104.78,21.848,13.655,14.554
7.06,-1.2315,-0.67978,1.1095,0.051851,0.44297,0,0.89504,4.7541,-0.74271,0.20035,0.24656,-1.8408,0.22866,11.265,-1.3185,-1.2521,0,0,0,2.1371,2.1235,2.1255,2.1374,-43.731,-1.4447,-0.6117,-100.8,21.642,13.542,14.206
7.07,-1.1834,-0.68728,1.1114,0.053453,0.43433,0,0.89917,4.8645,-0.75597,0.1878,0.24139,-1.987,0.23472,10.822,-1.3319,-1.2575,0,0,0,2.0851,2.0704,2.0727,2.0853,-44.718,-1.2294,-0.47689,-96.744,21.417,13.419,13.856
7.08,-1.1343,-0.6949,1.1132,0.055039,0.42496,0,0.90354,4.9705,-0.76934,0.17521,0.23553,-2.1442,0.24139,10.37,-1.3431,-1.2616,0,0,0,2.0329,2.017,2.0195,2.0331,-45.665,-1.0165,-0.34336,-92.609,21.171,13.285,13.504
7.09,-1.0841,-0.70266,1.1149,0.056606,0.4148,0,0.90815,5.0719,-0.78282,0.16258,0.22882,-2.3131,0.24869,9.9092,-1.3522,-1.2644,0,0,0,1.9807,1.9636,1.9664,1.9809,-46.57,-0.80605,-0.21123,-88.401,20.907,13.14,13.153
7.1,-1.0328,-0.71056,1.1165,0.058147,0.40379,0,0.913,5.1687,-0.79638,0.14992,0.22108,-2.4945,0.25665,9.4391,-1.3593,-1.2659,0,0,0,1.9287,1.9103,1.9134,1.9288,-47.433,-0.59838,-0.080601,-84.125,20.624,12.984,12.802
7.11,-0.9807,-0.71859,1.1179,0.059658,0.39185,0,0.91809,5.2607,-0.81,0.13726,0.21211,-2.689,0.26526,8.9607,-1.3642,-1.266,0,0,0,1.8771,1.8573,1.8607,1.8772,-48.253,-0.39364,0.048424,-79.783,20.323,12.819,12.454
7.12,-0.92765,-0.72676,1.1192,0.061131,0.37892,0,0.92341,5.3479,-0.82366,0.12461,0.20167,-2.897,0.27454,8.4742,-1.3672,-1.2649,0,0,0,1.8262,1.8048,1.8086,1.8261,-49.028,-0.19199,0.17575,-75.379,20.004,12.644,12.11
7.13,-0.87376,-0.73506,1.1204,0.062557,0.36491,0,0.92894,5.4301,-0.83734,0.11197,0.18949,-3.1189,0.28447,7.9802,-1.3681,-1.2625,0,0,0,1.7761,1.7532,1.7574,1.7759,-49.76,0.0063892,0.30127,-70.917,19.669,12.459,11.771
7.14,-0.81906,-0.74351,1.1215,0.063926,0.34974,0,0.93466,5.5074,-0.85101,0.099361,0.17529,-3.3544,0.29502,7.4792,-1.367,-1.2589,0,0,0,1.7271,1.7027,1.7074,1.7267,-50.447,0.20133,0.42491,-66.4,19.317,12.266,11.44
7.15,-0.76362,-0.75208,1.1224,0.065223,0.33334,0,0.94055,5.5797,-0.86467,0.086795,0.15876,-3.6032,0.30613,6.9714,-1.3641,-1.254,0,0,0,1.6795,1.6536,1.6587,1.6789,-51.088,0.39268,0.54656,-61.833,18.95,12.063,11.118
7.16,-0.70749,-0.7608,1.1232,0.066434,0.31563,0,0.94655,5.6468,-0.87829,0.074284,0.13958,-3.864,0.31774,6.4576,-1.3592,-1.248,0,0,0,1.6336,1.6063,1.6119,1.6326,-51.683,0.58027,0.66614,-57.218,18.567,11.852,10.807
7.17,-0.6507,-0.76965,1.1239,0.067541,0.29653,0,0.95263,5.7088,-0.89185,0.06184,0.11745,-4.1349,0.32972,5.9379,-1.3525,-1.2407,0,0,0,1.5896,1.5611,1.5672,1.5882,-52.232,0.76396,0.78357,-52.56,18.17,11.632,10.51
7.18,-0.59333,-0.77864,1.1244,0.068523,0.276,0,0.95871,5.7656,-0.90533,0.049473,0.092075,-4.4131,0.34193,5.4131,-1.3439,-1.2323,0,0,0,1.5479,1.5184,1.525,1.546,-52.734,0.94361,0.89876,-47.861,17.758,11.405,10.229
7.19,-0.53541,-0.78776,1.1249,0.069359,0.25398,0,0.96472,5.8171,-0.91872,0.037197,0.063244,-4.6946,0.35417,4.8834,-1.3336,-1.2228,0,0,0,1.5087,1.4786,1.4857,1.5063,-53.189,1.1191,1.0116,-43.127,17.333,11.169,9.9654
7.2,-0.477,-0.79701,1.1252,0.070025,0.23046,0,0.97056,5.8632,-0.932,0.025022,0.030832,-4.9743,0.36621,4.3494,-1.3216,-1.2121,0,0,0,1.4723,1.4422,1.4497,1.4694,-53.597,1.2902,1.1221,-38.359,16.895,10.927,9.7227
7.21,-0.41816,-0.8064,1.1254,0.070494,0.20545,0,0.97612,5.904,-0.94515,0.012959,-0.0051382,-5.2459,0.37777,3.8116,-1.3078,-1.2003,0,0,0,1.4392,1.4096,1.4175,1.4356,-53.956,1.4569,1.2301,-33.563,16.445,10.677,9.503
7.22,-0.35894,-0.81591,1.1254,0.070742,0.17901,0,0.9813,5.9395,-0.95815,0.0010193,-0.044459,-5.502,0.38853,3.2705,-1.2924,-1.1875,0,0,0,1.4095,1.3812,1.3894,1.4052,-54.268,1.6191,1.3356,-28.741,15.983,10.42,9.3089
7.23,-0.29939,-0.82556,1.1254,0.070746,0.15123,0,0.98596,5.9694,-0.97099,-0.010787,-0.086696,-5.7344,0.39816,2.7264,-1.2755,-1.1736,0,0,0,1.3837,1.3575,1.3658,1.3787,-54.531,1.7766,1.4385,-23.897,15.509,10.156,9.1427
7.24,-0.23957,-0.83533,1.1252,0.070483,0.12225,0,0.98999,5.994,-0.98365,-0.02245,-0.13117,-5.9344,0.40631,2.18,-1.2569,-1.1587,0,0,0,1.3619,1.3387,1.347,1.3563,-54.746,1.9292,1.5387,-19.036,15.025,9.8867,9.0066
7.25,-0.17953,-0.84523,1.1249,0.069939,0.092264,0,0.99328,6.013,-0.99612,-0.033958,-0.17696,-6.0938,0.41265,1.6317,-1.2369,-1.1428,0,0,0,1.3446,1.3252,1.3333,1.3384,-54.912,2.077,1.6362,-14.159,14.531,9.611,8.9024
7.26,-0.11933,-0.85525,1.1245,0.069105,0.061517,0,0.99571,6.0266,-1.0084,-0.045303,-0.22294,-6.2055,0.4169,1.082,-1.2154,-1.126,0,0,0,1.3319,1.3171,1.3248,1.3252,-55.029,2.2198,1.7309,-9.2719,14.027,9.3295,8.8318
7.27,-0.059016,-0.8654,1.124,0.067977,0.030285,0,0.99723,6.0347,-1.0204,-0.056475,-0.26786,-6.264,0.41885,0.53128,-1.1925,-1.1082,0,0,0,1.3242,1.3145,1.3215,1.3172,-55.097,2.3575,1.8228,-4.3773,13.514,9.0427,8.7958
7.28,0.0013478,-0.87566,1.1234,0.066564,-0.0011295,0,0.99778,6.0372,-1.0322,-0.067465,-0.31043,-6.2663,0.41839,-0.019824,-1.1683,-1.0896,0,0,0,1.3216,1.3174,1.3236,1.3144,-55.116,2.4901,1.9118,0.52092,12.992,8.7507,8.795
7.29,0.06171,-0.88604,1.1227,0.064882,-0.032413,0,0.99737,6.0343,-1.0438,-0.078264,-0.34946,-6.2125,0.4155,-0.57088,-1.1427,-1.07,0,0,0,1.3243,1.3255,1.3308,1.3171,-55.087,2.6174,1.9978,5.4191,12.463,8.4538,8.8295
7.3,0.12202,-0.89654,1.1219,0.062953,-0.063261,0,0.99601,6.0258,-1.0551,-0.088863,-0.38395,-6.1051,0.41026,-1.1214,-1.1159,-1.0496,0,0,0,1.3323,1.3387,1.343,1.3252,-55.008,2.7393,2.0808,10.314,11.926,8.1524,8.8987
7.31,0.18221,-0.90714,1.1209,0.060809,-0.09339,0,0.99377,6.0119,-1.0661,-0.099253,-0.41317,-5.9493,0.40286,-1.6709,-1.088,-1.0284,0,0,0,1.3456,1.3567,1.3599,1.3388,-54.88,2.8559,2.1608,15.201,11.383,7.8467,9.0018
7.32,0.24223,-0.91786,1.1199,0.058483,-0.12255,0,0.99074,5.9924,-1.0768,-0.10943,-0.43669,-5.7523,0.39358,-2.2188,-1.0588,-1.0064,0,0,0,1.3641,1.3792,1.3814,1.3576,-54.704,2.9669,2.2378,20.077,10.833,7.537,9.1372
7.33,0.30204,-0.92868,1.1187,0.056012,-0.15055,0,0.98701,5.9675,-1.0873,-0.11938,-0.45443,-5.5223,0.3827,-2.7648,-1.0286,-0.98366,0,0,0,1.3874,1.4059,1.4071,1.3814,-54.479,3.0725,2.3116,24.939,10.277,7.2236,9.303
7.34,0.36157,-0.9396,1.1175,0.053433,-0.17723,0,0.98272,5.9371,-1.0974,-0.1291,-0.46658,-5.2679,0.37058,-3.3083,-0.9974,-0.96019,0,0,0,1.4154,1.4364,1.4367,1.4099,-54.205,3.1725,2.3822,29.783,9.7165,6.9068,9.4973
7.35,0.42076,-0.95062,1.1161,0.050782,-0.20249,0,0.97797,5.9013,-1.1072,-0.13858,-0.47352,-4.9973,0.35753,-3.8487,-0.9652,-0.93603,0,0,0,1.4477,1.4704,1.4699,1.4426,-53.883,3.2668,2.4497,34.605,9.1512,6.5869,9.7176
7.36,0.47957,-0.96174,1.1147,0.048089,-0.22627,0,0.97288,5.8602,-1.1167,-0.14782,-0.47581,-4.7181,0.34388,-4.3858,-0.93209,-0.91121,0,0,0,1.4837,1.5076,1.5063,1.4793,-53.513,3.3555,2.5139,39.401,8.582,6.2642,9.9615
7.37,0.53795,-0.97296,1.1132,0.045383,-0.24856,0,0.96755,5.8136,-1.1259,-0.1568,-0.47409,-4.4369,0.3299,-4.9188,-0.89811,-0.88576,0,0,0,1.5233,1.5476,1.5458,1.5193,-53.095,3.4384,2.575,44.169,8.0092,5.9389,10.227
7.38,0.59583,-0.98426,1.1116,0.042689,-0.26936,0,0.96209,5.7618,-1.1347,-0.16553,-0.46901,-4.1587,0.31584,-5.4475,-0.86334,-0.85972,0,0,0,1.5659,1.5901,1.5879,1.5623,-52.63,3.5157,2.6327,48.903,7.4336,5.6114,10.51
7.39,0.65317,-0.99565,1.1099,0.040026,-0.28872,0,0.95658,5.7047,-1.1431,-0.174,-0.46122,-3.8877,0.30188,-5.9713,-0.82782,-0.83312,0,0,0,1.6111,1.6349,1.6323,1.608,-52.117,3.5871,2.6872,53.602,6.8556,5.2819,10.81
7.4,0.70991,-1.0071,1.1081,0.03741,-0.30669,0,0.95107,5.6424,-1.1512,-0.18219,-0.4513,-3.6267,0.28819,-6.4897,-0.79161,-0.80599,0,0,0,1.6585,1.6816,1.6788,1.6558,-51.558,3.6528,2.7383,58.26,6.2759,4.9507,11.124
7.41,0.766,-1.0187,1.1062,0.034854,-0.32334,0,0.94564,5.5749,-1.159,-0.19011,-0.43978,-3.3779,0.27488,-7.0023,-0.75478,-0.77836,0,0,0,1.7078,1.73,1.7271,1.7054,-50.952,3.7126,2.7862,62.875,5.6949,4.6181,11.45
7.42,0.82139,-1.0303,1.1043,0.032365,-0.33876,0,0.94032,5.5024,-1.1663,-0.19776,-0.42712,-3.1423,0.26203,-7.5086,-0.71738,-0.75027,0,0,0,1.7586,1.7798,1.7767,1.7565,-50.301,3.7667,2.8307,67.442,5.1133,4.2845,11.786
7.43,0.87603,-1.042,1.1023,0.029951,-0.353,0,0.93514,5.4248,-1.1733,-0.20512,-0.41369,-2.9206,0.2497,-8.0082,-0.67947,-0.72176,0,0,0,1.8106,1.8307,1.8276,1.8088,-49.604,3.8149,2.8719,71.959,4.5316,3.95,12.13
7.44,0.92987,-1.0538,1.1002,0.027616,-0.36617,0,0.93014,5.3422,-1.1799,-0.21219,-0.39979,-2.7129,0.23793,-8.5005,-0.6411,-0.69285,0,0,0,1.8636,1.8825,1.8794,1.862,-48.862,3.8573,2.9097,76.421,3.9503,3.615,12.479
7.45,0.98286,-1.0656,1.098,0.025362,-0.37833,0,0.92532,5.2548,-1.1861,-0.21897,-0.38569,-2.519,0.22674,-8.9852,-0.60234,-0.66358,0,0,0,1.9172,1.935,1.9319,1.9159,-48.075,3.8939,2.9442,80.825,3.3701,3.2798,12.833
7.46,1.0349,-1.0775,1.0958,0.02319,-0.38956,0,0.92071,5.1625,-1.1919,-0.22546,-0.37157,-2.3383,0.21611,-9.4619,-0.56324,-0.63397,0,0,0,1.9712,1.9879,1.9849,1.9701,-47.245,3.9247,2.9753,85.167,2.7915,2.9446,13.19
7.47,1.0861,-1.0894,1.0935,0.021099,-0.39993,0,0.9163,5.0656,-1.1974,-0.23165,-0.35759,-2.1703,0.20605,-9.93,-0.52387,-0.60408,0,0,0,2.0255,2.0411,2.0382,2.0245,-46.372,3.9497,3.0031,89.443,2.2149,2.6098,13.549
7.48,1.1362,-1.1014,1.0912,0.019088,-0.40951,0,0.91211,4.964,-1.2024,-0.23754,-0.34386,-2.0141,0.19654,-10.389,-0.48427,-0.57392,0,0,0,2.0797,2.0943,2.0915,2.0789,-45.457,3.969,3.0275,93.651,1.6411,2.2756,13.907
7.49,1.1854,-1.1135,1.0888,0.017157,-0.41836,0,0.90812,4.8578,-1.2071,-0.24313,-0.33046,-1.8692,0.18755,-10.839,-0.44451,-0.54354,0,0,0,2.1338,2.1474,2.1447,2.133,-44.5,3.9826,3.0486,97.786,1.0706,1.9424,14.265
7.5,1.2334,-1.1256,1.0863,0.015302,-0.42653,0,0.90434,4.7472,-1.2113,-0.24841,-0.31746,-1.7345,0.17908,-11.279,-0.40464,-0.51296,0,0,0,2.1875,2.2002,2.1976,2.1869,-43.501,3.9904,3.0664,101.84,0.50379,1.6103,14.62
7.51,1.2803,-1.1377,1.0838,0.013521,-0.43409,0,0.90077,4.6323,-1.2152,-0.25339,-0.30487,-1.6095,0.17108,-11.709,-0.36472,-0.48223,0,0,0,2.2407,2.2526,2.2501,2.2401,-42.463,3.9927,3.0808,105.82,-0.058597,1.2798,14.972
7.52,1.326,-1.1499,1.0813,0.011812,-0.44107,0,0.89739,4.5131,-1.2186,-0.25806,-0.29274,-1.4932,0.16354,-12.128,-0.3248,-0.45136,0,0,0,2.2933,2.3043,2.302,2.2928,-41.385,3.9893,3.092,109.72,-0.61606,0.95103,15.321
7.53,1.3705,-1.1621,1.0786,0.010172,-0.44752,0,0.89421,4.3898,-1.2217,-0.26241,-0.28107,-1.385,0.15642,-12.536,-0.28495,-0.4204,0,0,0,2.345,2.3554,2.3531,2.3446,-40.269,3.9804,3.0998,113.53,-1.168,0.62435,15.664
7.54,1.4138,-1.1743,1.076,0.0085979,-0.45348,0,0.89122,4.2624,-1.2243,-0.26646,-0.26986,-1.2842,0.1497,-12.933,-0.24521,-0.38937,0,0,0,2.3959,2.4056,2.4034,2.3955,-39.115,3.9659,3.1044,117.24,-1.714,0.30005,16.001
7.55,1.4558,-1.1866,1.0733,0.0070871,-0.45899,0,0.88841,4.1311,-1.2266,-0.2702,-0.25911,-1.1902,0.14336,-13.319,-0.20565,-0.35832,0,0,0,2.4457,2.4548,2.4527,2.4454,-37.924,3.9461,3.1058,120.87,-2.2533,-0.0216,16.331
7.56,1.4964,-1.1988,1.0706,0.005637,-0.46408,0,0.88578,3.9961,-1.2284,-0.27363,-0.24881,-1.1024,0.13737,-13.692,-0.16631,-0.32727,0,0,0,2.4944,2.5029,2.5009,2.4941,-36.698,3.9209,3.104,124.39,-2.7855,-0.3403,16.654
7.57,1.5357,-1.2111,1.0678,0.0042448,-0.46877,0,0.88331,3.8573,-1.2299,-0.27675,-0.23894,-1.0202,0.13171,-14.053,-0.12725,-0.29625,0,0,0,2.5418,2.5498,2.5479,2.5416,-35.437,3.8904,3.099,127.81,-3.31,-0.65576,16.969
7.58,1.5735,-1.2234,1.0651,0.0029081,-0.4731,0,0.881,3.7151,-1.231,-0.27956,-0.22949,-0.94312,0.12635,-14.4,-0.088518,-0.2653,0,0,0,2.5879,2.5955,2.5937,2.5877,-34.142,3.8547,3.0909,131.13,-3.8262,-0.9677,17.275
7.59,1.61,-1.2357,1.0623,0.0016244,-0.47709,0,0.87885,3.5694,-1.2317,-0.28205,-0.22045,-0.8707,0.12128,-14.735,-0.050171,-0.23444,0,0,0,2.6326,2.6398,2.638,2.6325,-32.815,3.8139,3.0797,134.34,-4.3336,-1.2758,17.571
7.6,1.6449,-1.2481,1.0594,0.00039136,-0.48077,0,0.87685,3.4204,-1.232,-0.28424,-0.21178,-0.80252,0.11647,-15.057,-0.012257,-0.20371,0,0,0,2.6758,2.6826,2.6809,2.6757,-31.456,3.7681,3.0654,137.43,-4.8316,-1.5798,17.858
7.61,1.6784,-1.2604,1.0566,-0.00079327,-0.48414,0,0.87499,3.2683,-1.2319,-0.28613,-0.20348,-0.73818,0.11192,-15.364,0.025174,-0.17314,0,0,0,2.7174,2.7238,2.7222,2.7173,-30.066,3.7173,3.0481,140.41,-5.3197,-1.8795,18.135
7.62,1.7103,-1.2727,1.0537,-0.0019316,-0.48723,0,0.87327,3.1132,-1.2315,-0.28771,-0.19552,-0.67733,0.10759,-15.658,0.062074,-0.14276,0,0,0,2.7574,2.7634,2.7619,2.7573,-28.648,3.6617,3.0278,143.27,-5.7973,-2.1744,18.4
7.63,1.7406,-1.285,1.0508,-0.0030255,-0.49006,0,0.87169,2.9552,-1.2307,-0.28898,-0.18789,-0.61963,0.10348,-15.937,0.098393,-0.1126,0,0,0,2.7956,2.8014,2.7999,2.7955,-27.201,3.6014,3.0046,146.01,-6.2638,-2.4644,18.654
7.64,1.7694,-1.2973,1.0479,-0.004077,-0.49263,0,0.87023,2.7945,-1.2295,-0.28996,-0.18056,-0.56479,0.099567,-16.202,0.13409,-0.082677,0,0,0,2.8321,2.8376,2.8362,2.832,-25.728,3.5365,2.9786,148.62,-6.7187,-2.7491,18.896
7.65,1.7965,-1.3096,1.045,-0.0050879,-0.49497,0,0.86889,2.6312,-1.228,-0.29064,-0.17352,-0.51252,0.095845,-16.452,0.16911,-0.053033,0,0,0,2.8667,2.8719,2.8706,2.8666,-24.23,3.4671,2.9497,151.09,-7.1614,-3.0283,19.126
7.66,1.822,-1.3219,1.0421,-0.0060597,-0.49708,0,0.86768,2.4655,-1.2261,-0.29102,-0.16675,-0.46257,0.092299,-16.686,0.20341,-0.023692,0,0,0,2.8994,2.9044,2.9031,2.8993,-22.707,3.3933,2.918,153.44,-7.5914,-3.3016,19.344
7.67,1.8458,-1.3341,1.0392,-0.006994,-0.49898,0,0.86658,2.2975,-1.2239,-0.29111,-0.16024,-0.4147,0.088917,-16.906,0.23696,0.0053185,0,0,0,2.9301,2.935,2.9337,2.9301,-21.161,3.3153,2.8837,155.64,-8.0082,-3.5688,19.548
7.68,1.8679,-1.3463,1.0363,-0.0078924,-0.50067,0,0.8656,2.1274,-1.2214,-0.29092,-0.15396,-0.36869,0.08569,-17.109,0.26971,0.033972,0,0,0,2.9589,2.9635,2.9623,2.9589,-19.594,3.2332,2.8467,157.7,-8.411,-3.8296,19.739
7.69,1.8883,-1.3585,1.0334,-0.0087562,-0.50217,0,0.86472,1.9554,-1.2185,-0.29044,-0.1479,-0.32434,0.082606,-17.297,0.30161,0.062243,0,0,0,2.9856,2.9901,2.9889,2.9856,-18.008,3.1471,2.8071,159.62,-8.7995,-4.0837,19.917
7.7,1.907,-1.3707,1.0305,-0.0095866,-0.50347,0,0.86396,1.7815,-1.2154,-0.28967,-0.14205,-0.28146,0.079659,-17.47,0.33264,0.090106,0,0,0,3.0102,3.0146,3.0135,3.0102,-16.402,3.0572,2.765,161.39,-9.1731,-4.3308,20.081
7.71,1.924,-1.3829,1.0276,-0.010385,-0.5046,0,0.86329,1.606,-1.2119,-0.28864,-0.1364,-0.23986,0.076839,-17.625,0.36274,0.11754,0,0,0,3.0327,3.037,3.0359,3.0327,-14.78,2.9637,2.7205,163.01,-9.5311,-4.5706,20.231
7.72,1.9391,-1.395,1.0247,-0.011152,-0.50554,0,0.86273,1.4291,-1.2081,-0.28732,-0.13092,-0.19938,0.074138,-17.765,0.3919,0.14451,0,0,0,3.0531,3.0572,3.0562,3.0531,-13.143,2.8667,2.6736,164.47,-9.873,-4.8028,20.366
7.73,1.9525,-1.407,1.0218,-0.01189,-0.50631,0,0.86227,1.2508,-1.204,-0.28575,-0.12561,-0.15986,0.071551,-17.888,0.42007,0.171,0,0,0,3.0713,3.0753,3.0743,3.0713,-11.492,2.7663,2.6245,165.77,-10.198,-5.0272,20.487
7.74,1.9642,-1.419,1.019,-0.012598,-0.50691,0,0.86191,1.0714,-1.1997,-0.28391,-0.12045,-0.12115,0.06907,-17.995,0.44721,0.19699,0,0,0,3.0873,3.0912,3.0903,3.0873,-9.828,2.6628,2.5731,166.9,-10.506,-5.2434,20.593
7.75,1.974,-1.431,1.0162,-0.013278,-0.50735,0,0.86164,0.89094,-1.1951,-0.28181,-0.11544,-0.083102,0.066691,-18.085,0.47331,0.22246,0,0,0,3.101,3.1049,3.104,3.1011,-8.154,2.5562,2.5196,167.87,-10.797,-5.4512,20.685
7.76,1.982,-1.4429,1.0134,-0.013931,-0.50762,0,0.86147,0.70972,-1.1902,-0.27946,-0.11055,-0.045589,0.064406,-18.158,0.49833,0.24738,0,0,0,3.1125,3.1164,3.1155,3.1126,-6.4711,2.4469,2.4641,168.67,-11.069,-5.6503,20.762
7.77,1.9882,-1.4548,1.0106,-0.014558,-0.50773,0,0.86139,0.52784,-1.1851,-0.27686,-0.10579,-0.0084722,0.062213,-18.214,0.52224,0.27173,0,0,0,3.1218,3.1256,3.1247,3.1218,-4.7811,2.3349,2.4067,169.3,-11.322,-5.8403,20.823
7.78,1.9925,-1.4666,1.0078,-0.015159,-0.50768,0,0.86141,0.34549,-1.1798,-0.27403,-0.10114,0.028375,0.060106,-18.254,0.54502,0.2955,0,0,0,3.1288,3.1325,3.1317,3.1288,-3.0858,2.2205,2.3473,169.74,-11.556,-6.0211,20.87
7.79,1.9951,-1.4784,1.0051,-0.015734,-0.50748,0,0.86152,0.16283,-1.1742,-0.27095,-0.096583,0.065078,0.058081,-18.276,0.56664,0.31867,0,0,0,3.1335,3.1372,3.1364,3.1335,-1.3868,2.1039,2.2863,170.01,-11.77,-6.1922,20.901
7.8,1.9958,-1.4901,1.0024,-0.016286,-0.50711,0,0.86173,-0.019973,-1.1685,-0.26765,-0.09212,0.10176,0.056135,-18.281,0.58709,0.34122,0,0,0,3.1359,3.1396,3.1388,3.136,0.31379,1.9852,2.2235,170.09,-11.963,-6.3535,20.917
7.81,1.9947,-1.5018,0.99975,-0.016813,-0.50659,0,0.86202,-0.20274,-1.1625,-0.26413,-0.087739,0.13854,0.054264,-18.27,0.60634,0.36314,0,0,0,3.136,3.1398,3.139,3.1361,2.0143,1.8647,2.1592,169.98,-12.136,-6.5046,20.918
7.82,1.9917,-1.5134,0.99713,-0.017317,-0.50591,0,0.86241,-0.38531,-1.1564,-0.26039,-0.083429,0.17554,0.052466,-18.241,0.62438,0.3844,0,0,0,3.1339,3.1377,3.1369,3.134,3.7127,1.7425,2.0935,169.68,-12.286,-6.6453,20.904
7.83,1.987,-1.5249,0.99454,-0.017798,-0.50507,0,0.8629,-0.5675,-1.15,-0.25645,-0.079184,0.21288,0.050738,-18.195,0.64119,0.405,0,0,0,3.1295,3.1333,3.1325,3.1296,5.4072,1.619,2.0264,169.19,-12.416,-6.7759,20.875
7.84,1.9804,-1.5364,0.992,-0.018257,-0.50406,0,0.86347,-0.74916,-1.1435,-0.2523,-0.074993,0.25069,0.049078,-18.133,0.65675,0.42493,0,0,0,3.1228,3.1267,3.1259,3.1229,7.0959,1.4943,1.958,168.52,-12.525,-6.8964,20.831
7.85,1.972,-1.5478,0.9895,-0.018693,-0.50289,0,0.86415,-0.93011,-1.1369,-0.24795,-0.070848,0.28908,0.047483,-18.053,0.67107,0.44416,0,0,0,3.1139,3.1178,3.1171,3.1141,8.777,1.3686,1.8885,167.67,-12.614,-7.007,20.772
7.86,1.9618,-1.5591,0.98704,-0.019108,-0.50155,0,0.86492,-1.1102,-1.1301,-0.24342,-0.066739,0.32819,0.045951,-17.957,0.68412,0.46269,0,0,0,3.1028,3.1068,3.1061,3.1029,10.449,1.2421,1.8179,166.64,-12.683,-7.1079,20.698
7.87,1.9498,-1.5704,0.98463,-0.019501,-0.50004,0,0.86578,-1.2892,-1.1232,-0.2387,-0.062657,0.36816,0.044481,-17.845,0.69591,0.48051,0,0,0,3.0895,3.0935,3.0928,3.0896,12.109,1.115,1.7463,165.44,-12.733,-7.1992,20.609
7.88,1.936,-1.5816,0.98227,-0.019873,-0.49836,0,0.86674,-1.467,-1.1162,-0.23381,-0.058592,0.40911,0.043069,-17.715,0.70642,0.49762,0,0,0,3.074,3.0781,3.0775,3.0741,13.757,0.98746,1.6739,164.08,-12.764,-7.2811,20.506
7.89,1.9204,-1.5927,0.97996,-0.020223,-0.49649,0,0.86781,-1.6434,-1.1091,-0.22875,-0.054535,0.4512,0.041715,-17.569,0.71566,0.51399,0,0,0,3.0563,3.0606,3.0599,3.0565,15.39,0.85975,1.6008,162.55,-12.776,-7.3538,20.389
7.9,1.9031,-1.6038,0.97769,-0.020553,-0.49443,0,0.86897,-1.8183,-1.1019,-0.22353,-0.050475,0.49458,0.040417,-17.407,0.72361,0.52963,0,0,0,3.0366,3.041,3.0403,3.0368,17.007,0.73201,1.5269,160.86,-12.769,-7.4174,20.258
7.91,1.8841,-1.6147,0.97549,-0.020862,-0.49218,0,0.87024,-1.9915,-1.0946,-0.21816,-0.046401,0.5394,0.039173,-17.229,0.7303,0.54453,0,0,0,3.0148,3.0193,3.0187,3.015,18.607,0.60442,1.4524,159.01,-12.745,-7.472,20.113
7.92,1.8633,-1.6256,0.97333,-0.02115,-0.48973,0,0.87162,-2.1629,-1.0873,-0.21264,-0.042302,0.58583,0.037983,-17.035,0.7357,0.55868,0,0,0,2.9909,2.9956,2.995,2.9912,20.187,0.47716,1.3775,157.01,-12.704,-7.5179,19.955
7.93,1.8408,-1.6365,0.97123,-0.021417,-0.48706,0,0.87311,-2.3322,-1.0799,-0.20699,-0.038168,0.63406,0.036845,-16.826,0.73984,0.57207,0,0,0,2.9651,2.97,2.9693,2.9654,21.747,0.3504,1.3021,154.86,-12.645,-7.5552,19.783
7.94,1.8167,-1.6472,0.96919,-0.021662,-0.48418,0,0.8747,-2.4993,-1.0725,-0.2012,-0.033984,0.68426,0.035758,-16.601,0.74271,0.58472,0,0,0,2.9374,2.9424,2.9418,2.9376,23.284,0.22431,1.2264,152.57,-12.57,-7.584,19.599
7.95,1.7909,-1.6579,0.96721,-0.021887,-0.48106,0,0.87641,-2.6642,-1.0651,-0.1953,-0.02974,0.73664,0.034721,-16.36,0.74433,0.5966,0,0,0,2.9077,2.913,2.9124,2.908,24.798,0.099059,1.1505,150.14,-12.478,-7.6046,19.402
7.96,1.7634,-1.6685,0.96529,-0.02209,-0.47771,0,0.87824,-2.8265,-1.0576,-0.18927,-0.025422,0.79142,0.033734,-16.105,0.7447,0.60773,0,0,0,2.8763,2.8818,2.8812,2.8766,26.286,-0.0252,1.0743,147.57,-12.371,-7.617,19.193
7.97,1.7343,-1.6791,0.96342,-0.022271,-0.4741,0,0.88019,-2.9862,-1.0502,-0.18314,-0.021014,0.84882,0.032796,-15.834,0.74383,0.61809,0,0,0,2.8431,2.8489,2.8482,2.8434,27.749,-0.14831,0.99814,144.86,-12.248,-7.6215,18.973
7.98,1.7037,-1.6896,0.96162,-0.02243,-0.47023,0,0.88226,-3.1431,-1.0427,-0.17691,-0.016503,0.90907,0.031908,-15.55,0.74174,0.62769,0,0,0,2.8082,2.8142,2.8136,2.8085,29.183,-0.27011,0.92193,142.03,-12.11,-7.6182,18.741
7.99,1.6715,-1.6999,0.95989,-0.022567,-0.46607,0,0.88446,-3.2972,-1.0353,-0.17059,-0.011872,0.97245,0.031068,-15.251,0.73843,0.63653,0,0,0,2.7717,2.778,2.7774,2.772,30.589,-0.39046,0.8458,139.07,-11.958,-7.6072,18.498
8,1.6378,-1.7103,0.95821,-0.02268,-0.46161,0,0.88679,-3.4481,-1.028,-0.16419,-0.0071045,1.0392,0.030276,-14.938,0.73393,0.64461,0,0,0,2.7336,2.7403,2.7396,2.734,31.964,-0.50921,0.76982,135.99,-11.791,-7.5887,18.246
8.01,1.6025,-1.7205,0.9566,-0.022769,-0.45684,0,0.88926,-3.5959,-1.0207,-0.1577,-0.0021823,1.1097,0.029534,-14.612,0.72825,0.65192,0,0,0,2.6941,2.7011,2.7005,2.6945,33.308,-0.62623,0.69405,132.79,-11.61,-7.5629,17.984
8.02,1.5658,-1.7307,0.95506,-0.022834,-0.45173,0,0.89186,-3.7403,-1.0134,-0.15115,0.0029136,1.1841,0.028841,-14.272,0.72141,0.65849,0,0,0,2.6532,2.6606,2.66,2.6536,34.619,-0.74137,0.61858,129.47,-11.416,-7.53,17.712
8.03,1.5277,-1.7408,0.95358,-0.022873,-0.44627,0,0.89461,-3.8813,-1.0062,-0.14454,0.0082036,1.2629,0.028197,-13.919,0.71343,0.6643,0,0,0,2.611,2.6189,2.6182,2.6115,35.897,-0.85451,0.54347,126.05,-11.209,-7.4901,17.433
8.04,1.4882,-1.7508,0.95217,-0.022886,-0.44042,0,0.8975,-4.0186,-0.99916,-0.13787,0.013709,1.3463,0.027604,-13.554,0.70433,0.66936,0,0,0,2.5677,2.576,2.5753,2.5682,37.14,-0.96551,0.4688,122.52,-10.989,-7.4433,17.145
8.05,1.4474,-1.7608,0.95082,-0.022871,-0.43417,0,0.90054,-4.1523,-0.99216,-0.13115,0.019453,1.4348,0.027061,-13.177,0.69413,0.67367,0,0,0,2.5232,2.5321,2.5313,2.5238,38.347,-1.0742,0.39463,118.89,-10.757,-7.3898,16.851
8.06,1.4052,-1.7706,0.94955,-0.022828,-0.42748,0,0.90373,-4.2821,-0.98528,-0.1244,0.02546,1.5287,0.026571,-12.787,0.68285,0.67725,0,0,0,2.4778,2.4872,2.4864,2.4784,39.518,-1.1806,0.32103,115.16,-10.513,-7.3298,16.55
8.07,1.3617,-1.7805,0.94834,-0.022754,-0.42034,0,0.90708,-4.408,-0.97851,-0.11761,0.031753,1.6284,0.026134,-12.387,0.67053,0.6801,0,0,0,2.4316,2.4415,2.4407,2.4322,40.65,-1.2845,0.24806,111.33,-10.258,-7.2635,16.243
8.08,1.3171,-1.7902,0.94719,-0.022649,-0.4127,0,0.91059,-4.5298,-0.97187,-0.1108,0.038361,1.7343,0.025751,-11.975,0.65717,0.68222,0,0,0,2.3846,2.3951,2.3943,2.3853,41.744,-1.3857,0.17578,107.41,-9.9911,-7.1909,15.932
8.09,1.2712,-1.7999,0.94612,-0.022511,-0.40453,0,0.91425,-4.6475,-0.96537,-0.10397,0.045308,1.8467,0.025423,-11.552,0.64282,0.68362,0,0,0,2.337,2.3482,2.3474,2.3377,42.798,-1.4843,0.10426,103.41,-9.7139,-7.1124,15.617
8.1,1.2241,-1.8095,0.94511,-0.022337,-0.39579,0,0.91807,-4.7608,-0.95902,-0.097127,0.052622,1.9662,0.025152,-11.119,0.6275,0.6843,0,0,0,2.289,2.3009,2.3001,2.2898,43.812,-1.58,0.033551,99.319,-9.4265,-7.0279,15.3
8.11,1.176,-1.8191,0.94418,-0.022126,-0.38646,0,0.92204,-4.8698,-0.95282,-0.090283,0.060329,2.093,0.024939,-10.676,0.61123,0.68429,0,0,0,2.2407,2.2533,2.2524,2.2415,44.784,-1.6727,-0.036282,95.152,-9.1293,-6.9377,14.98
8.12,1.1267,-1.8286,0.94331,-0.021876,-0.37648,0,0.92617,-4.9743,-0.9468,-0.083443,0.068457,2.2274,0.024786,-10.223,0.59405,0.68358,0,0,0,2.1923,2.2057,2.2047,2.1932,45.714,-1.7625,-0.10519,90.909,-8.8226,-6.842,14.66
8.13,1.0765,-1.838,0.94251,-0.021585,-0.36581,0,0.93044,-5.0742,-0.94094,-0.076614,0.077027,2.3698,0.024693,-9.7616,0.57599,0.68219,0,0,0,2.144,2.1581,2.1571,2.1449,46.602,-1.8492,-0.1731,86.594,-8.5068,-6.7408,14.34
8.14,1.0253,-1.8474,0.94178,-0.021249,-0.35441,0,0.93485,-5.1695,-0.93528,-0.069802,0.086061,2.5203,0.024661,-9.2913,0.55708,0.68012,0,0,0,2.0958,2.1107,2.1097,2.0968,47.446,-1.9326,-0.23998,82.211,-8.1824,-6.6345,14.022
8.15,0.97312,-1.8567,0.94111,-0.020867,-0.34223,0,0.93939,-5.26,-0.92981,-0.063013,0.095574,2.679,0.024691,-8.8128,0.53735,0.67739,0,0,0,2.0481,2.0638,2.0628,2.0492,48.246,-2.0128,-0.30578,77.763,-7.8497,-6.523,13.706
8.16,0.92008,-1.866,0.94052,-0.020435,-0.32922,0,0.94403,-5.3457,-0.92453,-0.056256,0.10557,2.8458,0.024784,-8.3265,0.51684,0.67401,0,0,0,2.0011,2.0176,2.0165,2.0022,49.001,-2.0896,-0.37043,73.256,-7.5091,-6.4067,13.396
8.17,0.86622,-1.8752,0.93999,-0.019951,-0.31534,0,0.94877,-5.4266,-0.91947,-0.049535,0.11606,3.0204,0.024937,-7.8329,0.49557,0.66999,0,0,0,1.955,1.9722,1.971,1.9561,49.711,-2.1629,-0.43389,68.692,-7.161,-6.2855,13.09
8.18,0.81157,-1.8844,0.93952,-0.019412,-0.30054,0,0.95357,-5.5024,-0.91463,-0.042858,0.12702,3.2022,0.025151,-7.3324,0.47359,0.66534,0,0,0,1.91,1.9278,1.9266,1.9112,50.375,-2.2328,-0.49612,64.076,-6.8059,-6.1598,12.793
8.19,0.75619,-1.8935,0.93913,-0.018814,-0.28479,0,0.95841,-5.5732,-0.91,-0.036231,0.13843,3.3904,0.025422,-6.8256,0.45093,0.66007,0,0,0,1.8663,1.8848,1.8835,1.8676,50.992,-2.299,-0.55708,59.411,-6.4441,-6.0297,12.504
8.2,0.70012,-1.9026,0.9388,-0.018156,-0.26803,0,0.96324,-5.6389,-0.90561,-0.029659,0.15023,3.5837,0.025747,-6.3127,0.42762,0.6542,0,0,0,1.8244,1.8432,1.842,1.8257,51.563,-2.3616,-0.6167,54.701,-6.0761,-5.8953,12.225
8.21,0.64343,-1.9116,0.93854,-0.017435,-0.25025,0,0.96802,-5.6994,-0.90145,-0.023149,0.16236,3.7806,0.02612,-5.7945,0.40371,0.64774,0,0,0,1.7844,1.8035,1.8022,1.7857,52.086,-2.4205,-0.67497,49.95,-5.7021,-5.7568,11.96
8.22,0.58615,-1.9206,0.93834,-0.016649,-0.23143,0,0.97271,-5.7547,-0.89754,-0.016706,0.17471,3.9788,0.026535,-5.2712,0.37922,0.64071,0,0,0,1.7466,1.7658,1.7644,1.748,52.562,-2.4757,-0.73183,45.161,-5.3227,-5.6144,11.708
8.23,0.52835,-1.9296,0.9382,-0.015797,-0.21155,0,0.97724,-5.8048,-0.89387,-0.010336,0.18717,4.1757,0.026982,-4.7434,0.35421,0.63311,0,0,0,1.7114,1.7303,1.7289,1.7127,52.989,-2.527,-0.78724,40.34,-4.9382,-5.4683,11.472
8.24,0.47007,-1.9385,0.93813,-0.014877,-0.19062,0,0.98155,-5.8496,-0.89045,-0.0040456,0.19957,4.3681,0.02745,-4.2116,0.3287,0.62497,0,0,0,1.679,1.6973,1.696,1.6803,53.369,-2.5744,-0.84118,35.489,-4.549,-5.3185,11.254
8.25,0.41137,-1.9474,0.93812,-0.013891,-0.16868,0,0.98557,-5.889,-0.8873,0.0021611,0.21172,4.5525,0.027928,-3.6762,0.30273,0.61629,0,0,0,1.6497,1.6672,1.6658,1.6511,53.699,-2.6179,-0.8936,30.612,-4.1555,-5.1653,11.056
8.26,0.35231,-1.9562,0.93817,-0.012838,-0.14577,0,0.98924,-5.9231,-0.8844,0.0082785,0.22341,4.7248,0.028399,-3.1377,0.27635,0.6071,0,0,0,1.6239,1.64,1.6387,1.6252,53.981,-2.6575,-0.94448,25.713,-3.7581,-5.0089,10.88
8.27,0.29293,-1.9651,0.93829,-0.011723,-0.12197,0,0.99247,-5.9518,-0.88177,0.014301,0.2344,4.8808,0.028847,-2.5967,0.24959,0.59741,0,0,0,1.6017,1.6161,1.6149,1.6029,54.213,-2.6931,-0.99377,20.797,-3.3572,-4.8493,10.726
8.28,0.23329,-1.9739,0.93846,-0.010549,-0.097364,0,0.99519,-5.975,-0.87941,0.020225,0.24445,5.0163,0.029256,-2.0536,0.2225,0.58723,0,0,0,1.5835,1.5957,1.5946,1.5845,54.397,-2.7247,-1.0415,15.866,-2.9532,-4.6868,10.597
8.29,0.17345,-1.9827,0.93869,-0.009321,-0.072086,0,0.99735,-5.9929,-0.87732,0.026044,0.2533,5.1271,0.029608,-1.509,0.19511,0.57658,0,0,0,1.5693,1.579,1.578,1.5702,54.531,-2.7522,-1.0875,10.926,-2.5464,-4.5216,10.494
8.3,0.11345,-1.9914,0.93898,-0.0080464,-0.046278,0,0.9989,-6.0052,-0.87551,0.031755,0.26073,5.2096,0.029886,-0.96319,0.16747,0.56548,0,0,0,1.5593,1.5662,1.5653,1.56,54.615,-2.7756,-1.1319,5.9784,-2.1374,-4.3537,10.418
8.31,0.053361,-2.0002,0.93932,-0.0067333,-0.020102,0,0.99978,-6.0121,-0.87397,0.037353,0.26654,5.2612,0.030074,-0.41682,0.13962,0.55395,0,0,0,1.5536,1.5575,1.5567,1.5542,54.65,-2.7949,-1.1746,1.0286,-1.7265,-4.1834,10.37
8.32,-0.0067719,-2.0089,0.93973,-0.0053909,0.0062634,0,0.99997,-6.0136,-0.87272,0.042833,0.27058,5.2799,0.030159,0.12965,0.11159,0.542,0,0,0,1.5523,1.5529,1.5523,1.5526,54.636,-2.8101,-1.2155,-3.9199,-1.314,-4.0108,10.35
8.33,-0.066892,-2.0176,0.94018,-0.0040291,0.032634,0,0.99946,-6.0095,-0.87174,0.048191,0.27275,5.265,0.030131,0.67573,0.083428,0.52965,0,0,0,1.5552,1.5526,1.5522,1.5553,54.572,-2.8212,-1.2548,-8.8633,-0.9004,-3.8361,10.359
8.34,-0.12694,-2.0263,0.94069,-0.0026585,0.058825,0,0.99826,-6,-0.87105,0.053424,0.27302,5.217,0.029982,1.2209,0.055178,0.51691,0,0,0,1.5623,1.5566,1.5563,1.5622,54.458,-2.8281,-1.2923,-13.798,-0.48609,-3.6594,10.396
8.35,-0.18687,-2.035,0.94125,-0.0012894,0.084657,0,0.99641,-5.9851,-0.87064,0.058528,0.27144,5.1377,0.02971,1.7647,0.026879,0.50381,0,0,0,1.5734,1.5649,1.5648,1.5732,54.296,-2.8309,-1.328,-18.719,-0.071446,-3.481,10.46
8.36,-0.24663,-2.0438,0.94186,6.7993e-05,0.10997,0,0.99394,-5.9648,-0.87051,0.063499,0.26809,5.0297,0.029316,2.3067,-0.0014262,0.49036,0,0,0,1.5885,1.5773,1.5774,1.588,54.084,-2.8295,-1.3619,-23.624,0.34313,-3.3009,10.552
8.37,-0.30615,-2.0525,0.94252,0.0014044,0.1346,0,0.9909,-5.939,-0.87067,0.068334,0.26313,4.8964,0.028803,2.8462,-0.029698,0.47658,0,0,0,1.6073,1.5939,1.5941,1.6067,53.823,-2.824,-1.394,-28.508,0.75724,-3.1194,10.67
8.38,-0.36539,-2.0612,0.94323,0.0027115,0.15845,0,0.98736,-5.9078,-0.8711,0.07303,0.25675,4.7419,0.028179,3.383,-0.057893,0.46248,0,0,0,1.6296,1.6143,1.6146,1.6288,53.514,-2.8144,-1.4242,-33.368,1.1705,-2.9366,10.812
8.39,-0.42429,-2.0699,0.94398,0.0039819,0.18139,0,0.9834,-5.8713,-0.87182,0.077583,0.24916,4.5705,0.027452,3.9164,-0.085972,0.4481,0,0,0,1.6551,1.6384,1.6388,1.6542,53.156,-2.8006,-1.4527,-38.2,1.5825,-2.7527,10.977
8.4,-0.4828,-2.0786,0.94478,0.0052097,0.20337,0,0.97909,-5.8295,-0.87282,0.081991,0.24058,4.3864,0.026633,4.4459,-0.11389,0.43343,0,0,0,1.6837,1.6658,1.6664,1.6826,52.75,-2.7827,-1.4793,-43,1.9928,-2.5679,11.164
8.41,-0.54086,-2.0873,0.94562,0.0063903,0.22432,0,0.97449,-5.7824,-0.8741,0.086251,0.23125,4.1936,0.025732,4.9712,-0.14161,0.41852,0,0,0,1.7149,1.6965,1.697,1.7138,52.296,-2.7608,-1.5041,-47.764,2.4011,-2.3822,11.37
8.42,-0.59843,-2.0961,0.9465,0.00752,0.24423,0,0.96969,-5.7301,-0.87566,0.09036,0.22135,3.9958,0.024762,5.4917,-0.16909,0.40336,0,0,0,1.7487,1.7299,1.7305,1.7475,51.795,-2.7347,-1.5269,-52.488,2.8069,-2.1959,11.594
8.43,-0.65545,-2.1049,0.94742,0.0085965,0.26307,0,0.96474,-5.6726,-0.87748,0.094317,0.21109,3.7963,0.023733,6.0069,-0.19629,0.38798,0,0,0,1.7847,1.7658,1.7665,1.7835,51.247,-2.7046,-1.548,-57.168,3.2099,-2.0092,11.834
8.44,-0.71187,-2.1136,0.94839,0.0096186,0.28086,0,0.9597,-5.61,-0.87958,0.098119,0.20063,3.5978,0.022656,6.5165,-0.22317,0.37241,0,0,0,1.8227,1.804,1.8047,1.8215,50.652,-2.6705,-1.5671,-61.801,3.6097,-1.8221,12.088
8.45,-0.76763,-2.1224,0.94939,0.010586,0.2976,0,0.95463,-5.5423,-0.88194,0.10176,0.19012,3.4025,0.02154,7.0198,-0.24969,0.35665,0,0,0,1.8625,1.8441,1.8448,1.8612,50.011,-2.6325,-1.5844,-66.382,4.0058,-1.635,12.354
8.46,-0.8227,-2.1313,0.95042,0.011498,0.31335,0,0.94957,-5.4696,-0.88457,0.10525,0.17966,3.2121,0.020392,7.5165,-0.27581,0.34072,0,0,0,1.9037,1.8859,1.8866,1.9025,49.324,-2.5904,-1.5998,-70.909,4.3979,-1.4478,12.631
8.47,-0.87701,-2.1401,0.95149,0.012356,0.32812,0,0.94456,-5.392,-0.88746,0.10858,0.16935,3.0279,0.01922,8.0062,-0.30149,0.32466,0,0,0,1.9462,1.929,1.9297,1.945,48.593,-2.5445,-1.6134,-75.376,4.7855,-1.2609,12.916
8.48,-0.93052,-2.149,0.95259,0.013161,0.34196,0,0.93962,-5.3095,-0.8906,0.11174,0.15926,2.8508,0.018031,8.4883,-0.32669,0.30846,0,0,0,1.9897,1.9732,1.9739,1.9885,47.817,-2.4947,-1.625,-79.781,5.1684,-1.0743,13.209
8.49,-0.98318,-2.1579,0.95373,0.013914,0.35492,0,0.93479,-5.2223,-0.89399,0.11475,0.14945,2.6815,0.016828,8.9624,-0.35137,0.29216,0,0,0,2.0341,2.0182,2.0189,2.0329,46.997,-2.4412,-1.6349,-84.119,5.546,-0.88826,13.507
8.5,-1.0349,-2.1669,0.95489,0.014618,0.36704,0,0.93009,-5.1303,-0.89763,0.11759,0.13994,2.5202,0.015615,9.4281,-0.3755,0.27577,0,0,0,2.079,2.0639,2.0646,2.0778,46.135,-2.3838,-1.6428,-88.386,5.9179,-0.7029,13.809
8.51,-1.0858,-2.1759,0.95608,0.015274,0.37837,0,0.92553,-5.0337,-0.9015,0.12026,0.13077,2.367,0.014396,9.8849,-0.39903,0.25931,0,0,0,2.1243,2.11,2.1106,2.1232,45.23,-2.3228,-1.6489,-92.579,6.2839,-0.51841,14.114
8.52,-1.1356,-2.1849,0.95729,0.015884,0.38896,0,0.92112,-4.9326,-0.9056,0.12277,0.12193,2.222,0.013172,10.333,-0.42194,0.2428,0,0,0,2.1699,2.1563,2.1569,2.1688,44.283,-2.2582,-1.6532,-96.694,6.6435,-0.33493,14.42
8.53,-1.1844,-2.194,0.95853,0.016449,0.39885,0,0.91687,-4.8271,-0.90994,0.12512,0.11345,2.085,0.011946,10.77,-0.44419,0.22625,0,0,0,2.2154,2.2026,2.2032,2.2144,43.296,-2.19,-1.6556,-100.73,6.9962,-0.15266,14.726
8.54,-1.2321,-2.2031,0.95979,0.016972,0.40809,0,0.91279,-4.7173,-0.91449,0.1273,0.1053,1.9556,0.010717,11.198,-0.46573,0.20969,0,0,0,2.2609,2.2488,2.2493,2.2599,42.269,-2.1183,-1.6562,-104.67,7.3418,0.028265,15.031
8.55,-1.2787,-2.2123,0.96108,0.017455,0.41671,0,0.90887,-4.6032,-0.91925,0.12931,0.097495,1.8336,0.0094875,11.616,-0.48654,0.19314,0,0,0,2.306,2.2946,2.2951,2.3051,41.203,-2.0432,-1.6551,-108.53,7.6798,0.20766,15.335
8.56,-1.3242,-2.2215,0.96238,0.017898,0.42476,0,0.90513,-4.485,-0.92421,0.13116,0.090008,1.7186,0.0082561,12.022,-0.50658,0.1766,0,0,0,2.3508,2.34,2.3405,2.3498,40.099,-1.9647,-1.6521,-112.29,8.0098,0.38536,15.635
8.57,-1.3684,-2.2308,0.9637,0.018305,0.43228,0,0.90156,-4.3628,-0.92938,0.13284,0.08283,1.6102,0.0070227,12.418,-0.52582,0.1601,0,0,0,2.3949,2.3847,2.3852,2.394,38.958,-1.883,-1.6474,-115.96,8.3314,0.56121,15.931
8.58,-1.4114,-2.2401,0.96504,0.018676,0.43929,0,0.89815,-4.2367,-0.93473,0.13436,0.075944,1.508,0.0057869,12.801,-0.54423,0.14366,0,0,0,2.4383,2.4287,2.4292,2.4374,37.78,-1.7981,-1.6409,-119.52,8.6443,0.73503,16.223
8.59,-1.4531,-2.2495,0.96639,0.019013,0.44583,0,0.89492,-4.1068,-0.94026,0.13572,0.069331,1.4117,0.0045477,13.173,-0.56178,0.12729,0,0,0,2.4809,2.4718,2.4722,2.48,36.567,-1.7102,-1.6327,-122.98,8.948,0.90666,16.508
8.6,-1.4936,-2.2589,0.96775,0.019317,0.45193,0,0.89184,-3.9733,-0.94596,0.13691,0.062975,1.3208,0.0033041,13.533,-0.57843,0.11101,0,0,0,2.5225,2.514,2.5143,2.5217,35.321,-1.6192,-1.6228,-126.33,9.2422,1.0759,16.788
8.61,-1.5326,-2.2684,0.96912,0.01959,0.45762,0,0.88893,-3.8362,-0.95182,0.13794,0.056857,1.2349,0.0020549,13.879,-0.59415,0.094839,0,0,0,2.5631,2.555,2.5554,2.5623,34.041,-1.5253,-1.6112,-129.57,9.5265,1.2427,17.06
8.62,-1.5703,-2.278,0.97051,0.019832,0.46292,0,0.88618,-3.6957,-0.95784,0.13881,0.050958,1.1538,0.0007987,14.213,-0.60892,0.078792,0,0,0,2.6025,2.5948,2.5952,2.6017,32.73,-1.4287,-1.5979,-132.69,9.8004,1.4067,17.324
8.63,-1.6065,-2.2876,0.9719,0.020045,0.46785,0,0.88358,-3.552,-0.964,0.13952,0.045261,1.0769,-0.00046595,14.534,-0.62272,0.062886,0,0,0,2.6406,2.6334,2.6337,2.6398,31.388,-1.3294,-1.583,-135.69,10.064,1.5679,17.579
8.64,-1.6413,-2.2972,0.9733,0.02023,0.47244,0,0.88113,-3.4051,-0.97029,0.14007,0.039748,1.0041,-0.0017407,14.841,-0.6355,0.047137,0,0,0,2.6774,2.6705,2.6708,2.6766,30.016,-1.2275,-1.5666,-138.57,10.316,1.7261,17.826
8.65,-1.6746,-2.307,0.9747,0.020388,0.4767,0,0.87883,-3.2552,-0.97671,0.14046,0.034403,0.9349,-0.0030271,15.134,-0.64726,0.03156,0,0,0,2.7128,2.7062,2.7065,2.712,28.617,-1.1231,-1.5485,-141.31,10.556,1.8811,18.062
8.66,-1.7064,-2.3168,0.97611,0.020518,0.48066,0,0.87667,-3.1024,-0.98323,0.1407,0.029209,0.86911,-0.004327,15.413,-0.65796,0.016172,0,0,0,2.7466,2.7403,2.7406,2.7458,27.191,-1.0164,-1.5289,-143.93,10.785,2.0327,18.289
8.67,-1.7366,-2.3266,0.97751,0.020623,0.48433,0,0.87464,-2.947,-0.98986,0.14078,0.02415,0.80643,-0.0056422,15.678,-0.66758,0.00098632,0,0,0,2.7789,2.7728,2.7731,2.7781,25.739,-0.90743,-1.5079,-146.41,11.001,2.1809,18.505
8.68,-1.7653,-2.3366,0.97892,0.020703,0.48772,0,0.87275,-2.7889,-0.99658,0.14072,0.01921,0.74659,-0.0069745,15.928,-0.6761,-0.013981,0,0,0,2.8094,2.8037,2.8039,2.8087,24.263,-0.79639,-1.4853,-148.75,11.205,2.3253,18.71
8.69,-1.7924,-2.3466,0.98033,0.020757,0.49085,0,0.871,-2.6285,-1.0034,0.1405,0.014377,0.68935,-0.0083261,16.163,-0.6835,-0.028716,0,0,0,2.8383,2.8328,2.833,2.8376,22.764,-0.68338,-1.4614,-150.94,11.396,2.4658,18.903
8.7,-1.8179,-2.3566,0.98173,0.020787,0.49373,0,0.86937,-2.4657,-1.0102,0.14014,0.0096343,0.63446,-0.0096987,16.383,-0.68976,-0.043204,0,0,0,2.8654,2.8601,2.8603,2.8647,21.244,-0.56852,-1.436,-152.99,11.573,2.6024,19.084
8.71,-1.8417,-2.3668,0.98313,0.020793,0.49637,0,0.86786,-2.3009,-1.0172,0.13964,0.00497,0.58172,-0.011095,16.588,-0.69486,-0.057432,0,0,0,2.8907,2.8855,2.8857,2.8899,19.705,-0.45196,-1.4093,-154.89,11.736,2.7347,19.253
8.72,-1.8639,-2.377,0.98452,0.020775,0.49878,0,0.86648,-2.134,-1.0241,0.139,0.00037065,0.53091,-0.012516,16.777,-0.69879,-0.071387,0,0,0,2.9141,2.9091,2.9093,2.9133,18.147,-0.33384,-1.3814,-156.63,11.885,2.8628,19.41
8.73,-1.8844,-2.3873,0.98591,0.020734,0.50098,0,0.86521,-1.9654,-1.0311,0.13821,-0.0041761,0.48185,-0.013965,16.951,-0.70153,-0.085055,0,0,0,2.9355,2.9307,2.9309,2.9348,16.573,-0.21431,-1.3521,-158.21,12.02,2.9862,19.553
8.74,-1.9032,-2.3976,0.98729,0.020669,0.50296,0,0.86406,-1.7951,-1.0382,0.1373,-0.0086824,0.43435,-0.015444,17.108,-0.70307,-0.098425,0,0,0,2.955,2.9503,2.9505,2.9543,14.983,-0.093499,-1.3216,-159.63,12.139,3.105,19.684
8.75,-1.9203,-2.408,0.98866,0.020581,0.50474,0,0.86303,-1.6233,-1.0452,0.13625,-0.01316,0.38825,-0.016955,17.25,-0.7034,-0.11148,0,0,0,2.9725,2.968,2.9681,2.9718,13.381,0.028425,-1.29,-160.89,12.243,3.219,19.801
8.76,-1.9357,-2.4185,0.99001,0.02047,0.50631,0,0.86211,-1.4501,-1.0522,0.13507,-0.01762,0.34337,-0.018501,17.376,-0.7025,-0.12422,0,0,0,2.988,2.9835,2.9837,2.9872,11.766,0.15131,-1.2573,-161.97,12.331,3.3279,19.904
8.77,-1.9493,-2.4291,0.99136,0.020336,0.5077,0,0.86129,-1.2758,-1.0592,0.13376,-0.022073,0.29956,-0.020084,17.486,-0.70037,-0.13663,0,0,0,3.0014,2.997,2.9972,3.0006,10.142,0.275,-1.2235,-162.88,12.403,3.4316,19.994
8.78,-1.9612,-2.4397,0.99269,0.020178,0.5089,0,0.86059,-1.1004,-1.0662,0.13234,-0.026531,0.25667,-0.021707,17.579,-0.697,-0.14869,0,0,0,3.0127,3.0084,3.0086,3.0119,8.5094,0.39932,-1.1887,-163.61,12.459,3.53,20.069
8.79,-1.9713,-2.4504,0.994,0.019997,0.50992,0,0.85999,-0.92426,-1.0732,0.13079,-0.031004,0.21457,-0.023373,17.656,-0.69238,-0.1604,0,0,0,3.0219,3.0177,3.0178,3.0211,6.8704,0.52411,-1.1529,-164.15,12.497,3.6229,20.131
8.8,-1.9796,-2.4612,0.9953,0.019792,0.51075,0,0.8595,-0.74739,-1.0801,0.12913,-0.035503,0.17311,-0.025083,17.716,-0.68652,-0.17174,0,0,0,3.029,3.0248,3.025,3.0282,5.2269,0.6492,-1.1162,-164.52,12.518,3.71,20.178
8.81,-1.9862,-2.472,0.99658,0.019563,0.51141,0,0.85911,-0.56999,-1.0869,0.12736,-0.040037,0.13216,-0.026842,17.76,-0.6794,-0.18272,0,0,0,3.034,3.0298,3.03,3.0332,3.5808,0.77441,-1.0787,-164.69,12.521,3.7913,20.212
8.82,-1.991,-2.4829,0.99785,0.019311,0.51189,0,0.85883,-0.39224,-1.0937,0.12548,-0.044616,0.091592,-0.028652,17.788,-0.67103,-0.19331,0,0,0,3.0368,3.0327,3.0328,3.036,1.9338,0.89956,-1.0404,-164.67,12.506,3.8666,20.231
8.83,-1.9941,-2.4939,0.99909,0.019033,0.5122,0,0.85865,-0.21429,-1.1003,0.12349,-0.049252,0.051285,-0.030516,17.799,-0.66141,-0.20352,0,0,0,3.0375,3.0334,3.0335,3.0367,0.2881,1.0245,-1.0014,-164.45,12.473,3.9358,20.235
8.84,-1.9953,-2.5049,1.0003,0.018731,0.51234,0,0.85858,-0.03631,-1.1069,0.12141,-0.053952,0.011114,-0.032437,17.794,-0.65054,-0.21334,0,0,0,3.036,3.032,3.0321,3.0352,-1.3544,1.1489,-0.96173,-164.02,12.42,3.9985,20.225
8.85,-1.9948,-2.516,1.0015,0.018404,0.5123,0,0.85861,0.14153,-1.1133,0.11923,-0.058729,-0.029042,-0.034419,17.772,-0.63843,-0.22276,0,0,0,3.0325,3.0284,3.0285,3.0316,-2.9917,1.2728,-0.92146,-163.4,12.349,4.0549,20.201
8.86,-1.9925,-2.5272,1.0027,0.018051,0.5121,0,0.85874,0.31907,-1.1197,0.11695,-0.063591,-0.069304,-0.036465,17.734,-0.62509,-0.23177,0,0,0,3.0267,3.0226,3.0227,3.0259,-4.6218,1.3959,-0.88066,-162.58,12.258,4.105,20.163
8.87,-1.9884,-2.5384,1.0039,0.017671,0.51171,0,0.85897,0.49615,-1.1258,0.11459,-0.068549,-0.10979,-0.038578,17.68,-0.61052,-0.24037,0,0,0,3.0189,3.0148,3.0149,3.018,-6.2427,1.5179,-0.83938,-161.57,12.15,4.1489,20.111
8.88,-1.9826,-2.5497,1.005,0.017264,0.51116,0,0.85931,0.67261,-1.1319,0.11215,-0.073614,-0.15063,-0.040763,17.609,-0.59473,-0.24855,0,0,0,3.009,3.0048,3.0049,3.0081,-7.8526,1.6388,-0.7977,-160.37,12.025,4.1867,20.045
8.89,-1.975,-2.561,1.0061,0.01683,0.51043,0,0.85976,0.84828,-1.1377,0.10962,-0.078797,-0.19195,-0.043023,17.523,-0.57775,-0.25632,0,0,0,2.997,2.9928,2.9928,2.9961,-9.4495,1.7583,-0.75567,-158.98,11.882,4.2186,19.964
8.9,-1.9656,-2.5724,1.0072,0.016367,0.50951,0,0.86031,1.023,-1.1434,0.10702,-0.084109,-0.23388,-0.045364,17.42,-0.55957,-0.26367,0,0,0,2.983,2.9786,2.9787,2.982,-11.032,1.8764,-0.71335,-157.42,11.722,4.2447,19.871
8.91,-1.9545,-2.5839,1.0082,0.015875,0.50842,0,0.86096,1.1966,-1.1489,0.10435,-0.089562,-0.27654,-0.04779,17.302,-0.54023,-0.27059,0,0,0,2.9669,2.9625,2.9626,2.9659,-12.597,1.9927,-0.67079,-155.68,11.546,4.265,19.763
8.92,-1.9417,-2.5954,1.0093,0.015352,0.50714,0,0.86173,1.369,-1.1542,0.10161,-0.09517,-0.32008,-0.050306,17.168,-0.51972,-0.27708,0,0,0,2.9489,2.9444,2.9444,2.9478,-14.145,2.1072,-0.62806,-153.77,11.354,4.2798,19.643
8.93,-1.9271,-2.607,1.0103,0.014799,0.50567,0,0.8626,1.5399,-1.1593,0.09881,-0.10094,-0.36464,-0.052918,17.019,-0.49809,-0.28315,0,0,0,2.9289,2.9243,2.9243,2.9278,-15.672,2.2198,-0.58521,-151.7,11.146,4.2891,19.509
8.94,-1.9109,-2.6186,1.0112,0.014214,0.504,0,0.86359,1.7093,-1.1642,0.09595,-0.1069,-0.41037,-0.055631,16.855,-0.47534,-0.28879,0,0,0,2.907,2.9022,2.9023,2.9059,-17.178,2.3301,-0.5423,-149.46,10.924,4.293,19.362
8.95,-1.893,-2.6303,1.0122,0.013595,0.50213,0,0.86469,1.877,-1.1688,0.093036,-0.11304,-0.45741,-0.058452,16.676,-0.45149,-0.29399,0,0,0,2.8832,2.8783,2.8784,2.8821,-18.661,2.4382,-0.49937,-147.07,10.687,4.2916,19.203
8.96,-1.8734,-2.642,1.0131,0.012942,0.50005,0,0.8659,2.0428,-1.1732,0.090072,-0.11939,-0.50594,-0.061386,16.482,-0.42658,-0.29877,0,0,0,2.8577,2.8526,2.8526,2.8565,-20.119,2.5438,-0.45648,-144.53,10.437,4.2852,19.032
8.97,-1.8521,-2.6537,1.014,0.012254,0.49775,0,0.86723,2.2066,-1.1773,0.087062,-0.12597,-0.55613,-0.064442,16.273,-0.40062,-0.30312,0,0,0,2.8303,2.8251,2.8251,2.8291,-21.551,2.6469,-0.41369,-141.83,10.172,4.2737,18.849
8.98,-1.8292,-2.6655,1.0149,0.011529,0.49523,0,0.86868,2.3682,-1.1812,0.084011,-0.13278,-0.60814,-0.067624,16.051,-0.37365,-0.30705,0,0,0,2.8013,2.7958,2.7959,2.8,-22.955,2.7472,-0.37103,-139,9.8948,4.2572,18.655
8.99,-1.8048,-2.6773,1.0157,0.010765,0.49248,0,0.87026,2.5275,-1.1848,0.080922,-0.13984,-0.66217,-0.070942,15.814,-0.34569,-0.31055,0,0,0,2.7706,2.7649,2.765,2.7693,-24.331,2.8447,-0.32856,-136.03,9.6046,4.236,18.45
9,-1.7787,-2.6892,1.0165,0.0099619,0.48947,0,0.87196,2.6844,-1.1881,0.077801,-0.14716,-0.71842,-0.074403,15.564,-0.31677,-0.31362,0,0,0,2.7383,2.7324,2.7325,2.7369,-25.675,2.9393,-0.28632,-132.92,9.3022,4.2102,18.234
9.01,-1.7511,-2.7011,1.0172,0.0091172,0.48622,0,0.87379,2.8388,-1.1911,0.074652,-0.15477,-0.7771,-0.078014,15.301,-0.28691,-0.31627,0,0,0,2.7045,2.6984,2.6984,2.7031,-26.988,3.0307,-0.24437,-129.68,8.988,4.1797,18.007
9.02,-1.7219,-2.713,1.018,0.0082296,0.48269,0,0.87575,2.9904,-1.1938,0.071477,-0.16268,-0.83842,-0.081785,15.025,-0.25616,-0.31851,0,0,0,2.6693,2.6629,2.6629,2.6678,-28.269,3.119,-0.20274,-126.32,8.6625,4.1449,17.772
9.03,-1.6913,-2.725,1.0187,0.0072972,0.47887,0,0.87785,3.1392,-1.1963,0.068283,-0.1709,-0.90262,-0.085723,14.736,-0.22455,-0.32033,0,0,0,2.6327,2.626,2.626,2.6312,-29.514,3.204,-0.16149,-122.84,8.3261,4.1056,17.527
9.04,-1.6592,-2.737,1.0193,0.0063182,0.47476,0,0.88009,3.2851,-1.1983,0.065072,-0.17945,-0.96993,-0.089839,14.434,-0.1921,-0.32174,0,0,0,2.5948,2.5878,2.5878,2.5932,-30.725,3.2855,-0.12064,-119.24,7.9793,4.0622,17.273
9.05,-1.6256,-2.749,1.02,0.0052907,0.47034,0,0.88247,3.4279,-1.2001,0.061849,-0.18834,-1.0406,-0.09414,14.121,-0.15885,-0.32274,0,0,0,2.5558,2.5484,2.5484,2.5541,-31.899,3.3635,-0.080255,-115.53,7.6225,4.0147,17.011
9.06,-1.5906,-2.761,1.0206,0.0042128,0.46558,0,0.885,3.5675,-1.2015,0.058619,-0.19758,-1.115,-0.098636,13.797,-0.12484,-0.32335,0,0,0,2.5156,2.5079,2.5078,2.5139,-33.035,3.4379,-0.040362,-111.71,7.2562,3.9632,16.742
9.07,-1.5542,-2.773,1.0211,0.0030822,0.46047,0,0.88767,3.7038,-1.2026,0.055384,-0.20719,-1.1932,-0.10334,13.461,-0.090102,-0.32355,0,0,0,2.4744,2.4663,2.4662,2.4726,-34.133,3.5086,-0.0010037,-107.8,6.8808,3.9078,16.466
9.08,-1.5165,-2.785,1.0217,0.001897,0.45498,0,0.8905,3.8367,-1.2033,0.052149,-0.21718,-1.2757,-0.10825,13.114,-0.054678,-0.32337,0,0,0,2.4323,2.4238,2.4237,2.4304,-35.191,3.5755,0.037782,-103.78,6.4968,3.8487,16.184
9.09,-1.4775,-2.797,1.0222,0.00065497,0.4491,0,0.89348,3.966,-1.2037,0.048918,-0.22756,-1.3627,-0.11338,12.757,-0.018605,-0.3228,0,0,0,2.3894,2.3804,2.3803,2.3875,-36.208,3.6385,0.075959,-99.67,6.1047,3.786,15.896
9.1,-1.4372,-2.8091,1.0227,-0.00064611,0.4428,0,0.89662,4.0918,-1.2037,0.045694,-0.23832,-1.4544,-0.11874,12.39,0.018079,-0.32185,0,0,0,2.3458,2.3364,2.3362,2.3438,-37.184,3.6976,0.11349,-95.472,5.7048,3.7197,15.604
9.11,-1.3957,-2.8211,1.0231,-0.0020084,0.43605,0,0.89992,4.2138,-1.2033,0.042482,-0.24947,-1.5513,-0.12434,12.013,0.055333,-0.32053,0,0,0,2.3016,2.2917,2.2915,2.2995,-38.117,3.7526,0.15034,-91.189,5.2977,3.65,15.307
9.12,-1.353,-2.8331,1.0235,-0.0034341,0.42883,0,0.90338,4.332,-1.2026,0.039285,-0.26101,-1.6536,-0.13018,11.628,0.093117,-0.31885,0,0,0,2.257,2.2465,2.2463,2.2548,-39.007,3.8035,0.18648,-86.828,4.8838,3.577,15.008
9.13,-1.3091,-2.8452,1.0239,-0.0049252,0.4211,0,0.907,4.4463,-1.2014,0.036106,-0.27291,-1.7615,-0.13627,11.233,0.13139,-0.3168,0,0,0,2.212,2.201,2.2008,2.2098,-39.854,3.8502,0.22187,-82.391,4.4635,3.5009,14.706
9.14,-1.2641,-2.8572,1.0242,-0.0064838,0.41283,0,0.91078,4.5567,-1.1999,0.03295,-0.28516,-1.8754,-0.1426,10.831,0.17011,-0.31441,0,0,0,2.1668,2.1553,2.155,2.1646,-40.655,3.8927,0.25649,-77.883,4.0373,3.4217,14.403
9.15,-1.218,-2.8692,1.0245,-0.0081117,0.404,0,0.91472,4.6629,-1.198,0.029819,-0.29772,-1.9954,-0.14918,10.421,0.20923,-0.31168,0,0,0,2.1216,2.1095,2.1091,2.1193,-41.411,3.931,0.2903,-73.31,3.6057,3.3395,14.099
9.16,-1.1708,-2.8811,1.0248,-0.0098103,0.39456,0,0.91882,4.765,-1.1958,0.026717,-0.31055,-2.1217,-0.15601,10.003,0.24871,-0.30861,0,0,0,2.0764,2.0638,2.0633,2.0741,-42.121,3.9648,0.32327,-68.675,3.169,3.2546,13.796
9.17,-1.1227,-2.8931,1.0251,-0.011581,0.38447,0,0.92306,4.8629,-1.1931,0.023648,-0.32359,-2.2545,-0.16307,9.5783,0.28851,-0.30521,0,0,0,2.0315,2.0183,2.0178,2.0291,-42.784,3.9943,0.35538,-63.983,2.7279,3.1669,13.495
9.18,-1.0736,-2.905,1.0253,-0.013424,0.37371,0,0.92745,4.9566,-1.19,0.020614,-0.33676,-2.3936,-0.17034,9.1473,0.32858,-0.3015,0,0,0,1.987,1.9732,1.9726,1.9846,-43.4,4.0194,0.3866,-59.238,2.2826,3.0766,13.196
9.19,-1.0236,-2.9169,1.0255,-0.015341,0.36224,0,0.93196,5.0459,-1.1865,0.017619,-0.34996,-2.5391,-0.17782,8.7104,0.36888,-0.29749,0,0,0,1.943,1.9287,1.9281,1.9406,-43.969,4.04,0.4169,-54.446,1.8337,2.9838,12.901
9.2,-0.97267,-2.9287,1.0256,-0.01733,0.35001,0,0.93658,5.1308,-1.1826,0.014665,-0.36309,-2.6906,-0.18547,8.2681,0.40937,-0.29317,0,0,0,1.8998,1.885,1.8843,1.8974,-44.489,4.056,0.44627,-49.61,1.3816,2.8887,12.611
9.21,-0.92095,-2.9405,1.0258,-0.01939,0.337,0,0.94131,5.2112,-1.1783,0.011756,-0.37598,-2.8476,-0.19326,7.8208,0.44999,-0.28856,0,0,0,1.8575,1.8423,1.8414,1.8551,-44.961,4.0676,0.47467,-44.736,0.92672,2.7913,12.327
9.22,-0.86846,-2.9523,1.0259,-0.021519,0.32316,0,0.9461,5.2872,-1.1736,0.008895,-0.38848,-3.0095,-0.20114,7.369,0.4907,-0.28368,0,0,0,1.8162,1.8007,1.7997,1.814,-45.384,4.0746,0.50209,-39.827,0.4696,2.6918,12.051
9.23,-0.81523,-2.964,1.026,-0.023714,0.30847,0,0.95094,5.3586,-1.1685,0.0060838,-0.40038,-3.1754,-0.20906,6.9133,0.53147,-0.27853,0,0,0,1.7762,1.7606,1.7594,1.7741,-45.757,4.077,0.5285,-34.888,0.010635,2.5903,11.784
9.24,-0.7613,-2.9757,1.026,-0.02597,0.29291,0,0.95579,5.4254,-1.163,0.0033254,-0.41146,-3.3441,-0.21695,6.4541,0.57223,-0.27311,0,0,0,1.7377,1.722,1.7207,1.7357,-46.081,4.0748,0.55388,-29.924,-0.44971,2.4868,11.527
9.25,-0.70673,-2.9873,1.026,-0.02828,0.27645,0,0.96061,5.4877,-1.1571,0.00062234,-0.42147,-3.5138,-0.22474,5.9918,0.61295,-0.26745,0,0,0,1.7008,1.6853,1.6838,1.699,-46.356,4.068,0.57823,-24.939,-0.91098,2.3816,11.282
9.26,-0.65156,-2.9988,1.026,-0.030637,0.25909,0,0.96537,5.5453,-1.1507,-0.0020229,-0.43015,-3.6828,-0.23232,5.5271,0.65357,-0.26155,0,0,0,1.6657,1.6506,1.649,1.6642,-46.58,4.0566,0.60151,-19.938,-1.3727,2.2747,11.049
9.27,-0.59584,-3.0103,1.026,-0.033031,0.24083,0,0.97001,5.5982,-1.144,-0.0046079,-0.43722,-3.8488,-0.23961,5.0604,0.69406,-0.25542,0,0,0,1.6327,1.6182,1.6164,1.6315,-46.755,4.0405,0.62372,-14.925,-1.8345,2.1662,10.831
9.28,-0.53962,-3.0217,1.0259,-0.035451,0.22168,0,0.97447,5.6465,-1.1368,-0.0071306,-0.44238,-4.0092,-0.24649,4.5922,0.73437,-0.24908,0,0,0,1.6019,1.5882,1.5862,1.601,-46.879,4.0199,0.64483,-9.9056,-2.2958,2.0563,10.629
9.29,-0.48293,-3.033,1.0258,-0.037883,0.20168,0,0.97872,5.69,-1.1293,-0.0095889,-0.44537,-4.161,-0.25284,4.123,0.77444,-0.24253,0,0,0,1.5734,1.561,1.5588,1.573,-46.953,3.9946,0.66484,-4.8831,-2.7563,1.9451,10.444
9.3,-0.42583,-3.0443,1.0257,-0.040314,0.18088,0,0.98268,5.7289,-1.1214,-0.011981,-0.44594,-4.3013,-0.25855,3.6533,0.81424,-0.23579,0,0,0,1.5476,1.5366,1.5342,1.5475,-46.976,3.9647,0.68373,0.13748,-3.2155,1.8326,10.277
9.31,-0.36837,-3.0554,1.0256,-0.042728,0.15934,0,0.9863,5.7631,-1.113,-0.014304,-0.44388,-4.4269,-0.26349,3.1836,0.85372,-0.22886,0,0,0,1.5245,1.5153,1.5128,1.5249,-46.95,3.9303,0.70149,5.1516,-3.6728,1.7191,10.129
9.32,-0.31058,-3.0665,1.0254,-0.045107,0.13714,0,0.98952,5.7926,-1.1043,-0.016557,-0.43905,-4.5345,-0.26755,2.7145,0.89284,-0.22176,0,0,0,1.5042,1.4972,1.4944,1.5052,-46.873,3.8913,0.7181,10.155,-4.1279,1.6045,10.002
9.33,-0.25253,-3.0775,1.0253,-0.047433,0.11438,0,0.9923,5.8174,-1.0952,-0.018739,-0.43137,-4.6215,-0.27064,2.2463,0.93153,-0.2145,0,0,0,1.4871,1.4823,1.4795,1.4885,-46.747,3.8478,0.73357,15.143,-4.5804,1.4892,9.8956
9.34,-0.19425,-3.0884,1.0251,-0.049691,0.091191,0,0.99459,5.8375,-1.0856,-0.020847,-0.42086,-4.6851,-0.27266,1.7797,0.96978,-0.20709,0,0,0,1.473,1.4708,1.4678,1.475,-46.571,3.7997,0.74789,20.11,-5.0297,1.373,9.8111
9.35,-0.1358,-3.0992,1.0249,-0.051862,0.067695,0,0.99636,5.853,-1.0758,-0.02288,-0.40762,-4.7235,-0.27356,1.3151,1.0075,-0.19955,0,0,0,1.4623,1.4626,1.4596,1.4648,-46.345,3.7472,0.76103,25.053,-5.4754,1.2562,9.7488
9.36,-0.077207,-3.1099,1.0246,-0.053933,0.044034,0,0.99757,5.8638,-1.0655,-0.024837,-0.39185,-4.7355,-0.27332,0.85297,1.0447,-0.19188,0,0,0,1.4548,1.4579,1.4548,1.4578,-46.07,3.6902,0.77301,29.967,-5.917,1.139,9.7089
9.37,-0.018534,-3.1205,1.0244,-0.055888,0.020356,0,0.99823,5.8701,-1.0549,-0.026717,-0.37383,-4.7206,-0.27191,0.39385,1.0813,-0.18409,0,0,0,1.4507,1.4564,1.4534,1.4541,-45.745,3.6288,0.78381,34.848,-6.3542,1.0213,9.6911
9.38,0.040179,-3.131,1.0241,-0.057716,-0.0031915,0,0.99833,5.8717,-1.0439,-0.028519,-0.35391,-4.6792,-0.26939,-0.06178,1.1173,-0.17621,0,0,0,1.45,1.4581,1.4552,1.4538,-45.373,3.5631,0.79343,39.69,-6.7865,0.90331,9.6952
9.39,0.098885,-3.1414,1.0238,-0.05941,-0.026466,0,0.99788,5.8688,-1.0325,-0.030241,-0.33249,-4.6124,-0.26579,-0.51344,1.1526,-0.16823,0,0,0,1.4526,1.463,1.4602,1.4566,-44.952,3.4931,0.80188,44.49,-7.2134,0.78518,9.7206
9.4,0.15754,-3.1517,1.0235,-0.060962,-0.049333,0,0.99692,5.8615,-1.0208,-0.031883,-0.30999,-4.5222,-0.2612,-0.96066,1.1871,-0.16017,0,0,0,1.4583,1.4708,1.4682,1.4626,-44.483,3.4189,0.80914,49.242,-7.6345,0.66701,9.7666
9.41,0.2161,-3.1618,1.0231,-0.062371,-0.07167,0,0.99548,5.8496,-1.0088,-0.033444,-0.28683,-4.411,-0.25572,-1.4029,1.2209,-0.15205,0,0,0,1.4672,1.4814,1.479,1.4716,-43.967,3.3405,0.81522,53.943,-8.0493,0.54891,9.8321
9.42,0.27452,-3.1719,1.0228,-0.063635,-0.09337,0,0.9936,5.8334,-0.99641,-0.034924,-0.26342,-4.2817,-0.24946,-1.8398,1.2539,-0.14387,0,0,0,1.479,1.4947,1.4924,1.4835,-43.404,3.2579,0.82012,58.588,-8.4574,0.431,9.9159
9.43,0.33275,-3.1818,1.0224,-0.064756,-0.11434,0,0.99133,5.8129,-0.98371,-0.036322,-0.24012,-4.1373,-0.24256,-2.2709,1.2861,-0.13565,0,0,0,1.4935,1.5103,1.5083,1.4981,-42.796,3.1713,0.82384,63.172,-8.8583,0.31339,10.017
9.44,0.39076,-3.1915,1.0221,-0.065739,-0.13452,0,0.98873,5.788,-0.97069,-0.037637,-0.21724,-3.981,-0.23514,-2.6956,1.3173,-0.1274,0,0,0,1.5105,1.5282,1.5263,1.5151,-42.141,3.0808,0.82638,67.69,-9.2517,0.19622,10.134
9.45,0.4485,-3.2012,1.0217,-0.06659,-0.15385,0,0.98585,5.759,-0.95737,-0.03887,-0.19505,-3.8159,-0.22731,-3.1136,1.3477,-0.11913,0,0,0,1.5298,1.548,1.5464,1.5343,-41.442,2.9863,0.82776,72.139,-9.637,0.079583,10.264
9.46,0.50593,-3.2107,1.0213,-0.067315,-0.17228,0,0.98275,5.7258,-0.94374,-0.040019,-0.17375,-3.6449,-0.2192,-3.5243,1.377,-0.11085,0,0,0,1.5512,1.5697,1.5683,1.5556,-40.699,2.8881,0.82798,76.513,-10.014,-0.036391,10.408
9.47,0.563,-3.22,1.0209,-0.067923,-0.18981,0,0.97947,5.6885,-0.92983,-0.041086,-0.15349,-3.4705,-0.21092,-3.9274,1.4054,-0.10257,0,0,0,1.5744,1.5928,1.5917,1.5786,-39.912,2.7861,0.82704,80.808,-10.382,-0.15159,10.563
9.48,0.61968,-3.2293,1.0205,-0.068421,-0.20642,0,0.97607,5.6473,-0.91564,-0.042071,-0.13436,-3.2949,-0.20256,-4.3224,1.4327,-0.09431,0,0,0,1.5991,1.6174,1.6164,1.6032,-39.083,2.6805,0.82495,85.02,-10.74,-0.26589,10.727
9.49,0.67593,-3.2384,1.0201,-0.068819,-0.22211,0,0.97259,5.6021,-0.90118,-0.042973,-0.11641,-3.1203,-0.1942,-4.7089,1.459,-0.086076,0,0,0,1.6251,1.6431,1.6423,1.629,-38.212,2.5713,0.82172,89.144,-11.089,-0.37918,10.899
9.5,0.73171,-3.2473,1.0196,-0.069125,-0.2369,0,0.96907,5.5531,-0.88646,-0.043792,-0.099665,-2.948,-0.18592,-5.0865,1.4842,-0.077879,0,0,0,1.6522,1.6697,1.6691,1.6559,-37.3,2.4587,0.81737,93.176,-11.427,-0.49134,11.078
9.51,0.78698,-3.2561,1.0192,-0.069347,-0.25081,0,0.96555,5.5004,-0.8715,-0.044531,-0.084098,-2.7793,-0.17777,-5.4548,1.5082,-0.069732,0,0,0,1.6801,1.697,1.6966,1.6836,-36.349,2.3428,0.8119,97.11,-11.754,-0.60225,11.262
9.52,0.84171,-3.2647,1.0187,-0.069493,-0.26387,0,0.96205,5.444,-0.8563,-0.045187,-0.069674,-2.6152,-0.1698,-5.8133,1.531,-0.061645,0,0,0,1.7086,1.7249,1.7246,1.7119,-35.358,2.2237,0.80533,100.94,-12.071,-0.71179,11.45
9.53,0.89585,-3.2732,1.0183,-0.069571,-0.2761,0,0.95861,5.3842,-0.84088,-0.045764,-0.05634,-2.4564,-0.16204,-6.1618,1.5526,-0.053629,0,0,0,1.7375,1.7532,1.753,1.7406,-34.33,2.1014,0.79767,104.67,-12.376,-0.81986,11.64
9.54,0.94938,-3.2815,1.0178,-0.069588,-0.28754,0,0.95524,5.3208,-0.82525,-0.04626,-0.044028,-2.3032,-0.15454,-6.4998,1.573,-0.045695,0,0,0,1.7666,1.7816,1.7815,1.7695,-33.265,1.9762,0.78894,108.29,-12.668,-0.92632,11.832
9.55,1.0023,-3.2897,1.0174,-0.06955,-0.29822,0,0.95196,5.2542,-0.80943,-0.046678,-0.032667,-2.1561,-0.14729,-6.827,1.5922,-0.037854,0,0,0,1.7957,1.8101,1.81,1.7985,-32.165,1.8481,0.77915,111.79,-12.949,-1.0311,12.024
9.56,1.0545,-3.2977,1.0169,-0.069462,-0.30818,0,0.94879,5.1843,-0.79341,-0.047018,-0.022182,-2.0151,-0.14032,-7.143,1.61,-0.030116,0,0,0,1.8247,1.8384,1.8384,1.8273,-31.03,1.7173,0.76832,115.17,-13.216,-1.134,12.215
9.57,1.1059,-3.3056,1.0164,-0.069329,-0.31745,0,0.94574,5.1114,-0.77723,-0.047281,-0.012495,-1.8801,-0.13363,-7.4475,1.6265,-0.022491,0,0,0,1.8533,1.8664,1.8664,1.8558,-29.862,1.5838,0.75648,118.43,-13.47,-1.2349,12.403
9.58,1.1567,-3.3133,1.0159,-0.069157,-0.32607,0,0.94281,5.0354,-0.76089,-0.047468,-0.0035335,-1.7511,-0.12723,-7.7401,1.6416,-0.01499,0,0,0,1.8815,1.894,1.8941,1.8838,-28.662,1.4479,0.74363,121.56,-13.709,-1.3338,12.589
9.59,1.2066,-3.3208,1.0155,-0.068949,-0.33406,0,0.94003,4.9566,-0.7444,-0.047581,0.0047764,-1.628,-0.1211,-8.0206,1.6554,-0.0076216,0,0,0,1.9091,1.921,1.9211,1.9113,-27.431,1.3097,0.72981,124.55,-13.935,-1.4305,12.771
9.6,1.2558,-3.3282,1.015,-0.068709,-0.34146,0,0.93738,4.8751,-0.72779,-0.047621,0.012503,-1.5104,-0.11526,-8.2887,1.6678,-0.00039664,0,0,0,1.936,1.9473,1.9474,1.938,-26.171,1.1693,0.71503,127.41,-14.146,-1.5249,12.948
9.61,1.3041,-3.3354,1.0145,-0.068439,-0.34831,0,0.93488,4.7909,-0.71105,-0.047589,0.019712,-1.398,-0.10969,-8.544,1.6788,0.0066759,0,0,0,1.962,1.9728,1.9729,1.9639,-24.883,1.0268,0.69932,130.12,-14.342,-1.6169,13.119
9.62,1.3516,-3.3424,1.014,-0.068143,-0.35462,0,0.93253,4.7042,-0.69421,-0.047488,0.026462,-1.2907,-0.10438,-8.7862,1.6884,0.013587,0,0,0,1.9871,1.9973,1.9975,1.9889,-23.569,0.88251,0.6827,132.69,-14.522,-1.7063,13.285
9.63,1.3982,-3.3492,1.0136,-0.067823,-0.36042,0,0.93032,4.6152,-0.67729,-0.047318,0.032811,-1.1881,-0.09933,-9.0153,1.6965,0.020327,0,0,0,2.0111,2.0209,2.0211,2.0128,-22.23,0.73646,0.6652,135.11,-14.686,-1.7931,13.443
9.64,1.4439,-3.3559,1.0131,-0.067481,-0.36575,0,0.92827,4.524,-0.66029,-0.047082,0.03881,-1.0899,-0.094522,-9.2308,1.7031,0.026888,0,0,0,2.034,2.0434,2.0436,2.0356,-20.868,0.58885,0.64685,137.37,-14.833,-1.8771,13.594
9.65,1.4887,-3.3624,1.0126,-0.067118,-0.37061,0,0.92636,4.4306,-0.64323,-0.046781,0.044508,-0.9957,-0.089948,-9.4325,1.7082,0.033261,0,0,0,2.0557,2.0646,2.0649,2.0572,-19.483,0.43986,0.62767,139.47,-14.963,-1.9582,13.737
9.66,1.5325,-3.3688,1.0122,-0.066735,-0.37504,0,0.9246,4.3354,-0.62613,-0.046417,0.049949,-0.90523,-0.085597,-9.6204,1.7119,0.039439,0,0,0,2.0761,2.0847,2.0849,2.0775,-18.079,0.28965,0.60769,141.41,-15.076,-2.0363,13.872
9.67,1.5754,-3.375,1.0117,-0.066335,-0.37904,0,0.923,4.2383,-0.609,-0.045993,0.055173,-0.81816,-0.081458,-9.7941,1.714,0.045412,0,0,0,2.0951,2.1033,2.1035,2.0964,-16.656,0.13839,0.58695,143.18,-15.171,-2.1113,13.997
9.68,1.6173,-3.381,1.0112,-0.065918,-0.38265,0,0.92154,4.1395,-0.59185,-0.04551,0.060218,-0.73419,-0.077521,-9.9534,1.7146,0.051175,0,0,0,2.1126,2.1206,2.1208,2.1139,-15.216,-0.013717,0.56548,144.77,-15.248,-2.183,14.113
9.69,1.6582,-3.3868,1.0108,-0.065484,-0.38586,0,0.92023,4.0393,-0.57471,-0.04497,0.065119,-0.65302,-0.073774,-10.098,1.7137,0.05672,0,0,0,2.1287,2.1365,2.1366,2.13,-13.761,-0.1665,0.5433,146.18,-15.306,-2.2513,14.22
9.7,1.698,-3.3925,1.0103,-0.065034,-0.38871,0,0.91906,3.9376,-0.55758,-0.044376,0.069908,-0.57435,-0.070208,-10.229,1.7113,0.062039,0,0,0,2.1433,2.1508,2.1509,2.1445,-12.293,-0.31977,0.52046,147.41,-15.345,-2.3162,14.316
9.71,1.7369,-3.398,1.0099,-0.064568,-0.39119,0,0.91804,3.8347,-0.54049,-0.04373,0.074614,-0.4979,-0.066813,-10.344,1.7074,0.067127,0,0,0,2.1563,2.1636,2.1637,2.1574,-10.813,-0.47333,0.49699,148.46,-15.364,-2.3775,14.402
9.72,1.7747,-3.4033,1.0095,-0.064087,-0.39333,0,0.91716,3.7308,-0.52344,-0.043034,0.079265,-0.42341,-0.063579,-10.445,1.7019,0.071977,0,0,0,2.1677,2.1748,2.1749,2.1687,-9.3242,-0.62698,0.47293,149.31,-15.363,-2.4351,14.477
9.73,1.8115,-3.4084,1.009,-0.063591,-0.39512,0,0.91643,3.6259,-0.50646,-0.042291,0.083888,-0.3506,-0.060497,-10.531,1.6948,0.076583,0,0,0,2.1774,2.1844,2.1845,2.1784,-7.8277,-0.78052,0.4483,149.96,-15.341,-2.4888,14.541
9.74,1.8473,-3.4134,1.0086,-0.06308,-0.39658,0,0.91583,3.5202,-0.48955,-0.041504,0.088505,-0.27923,-0.057558,-10.601,1.6862,0.080941,0,0,0,2.1855,2.1923,2.1924,2.1865,-6.3256,-0.93373,0.42316,150.42,-15.298,-2.5386,14.594
9.75,1.8819,-3.4182,1.0082,-0.062552,-0.39772,0,0.91537,3.4139,-0.47274,-0.040673,0.093141,-0.20905,-0.054754,-10.657,1.6761,0.085045,0,0,0,2.1918,2.1986,2.1986,2.1928,-4.8201,-1.0864,0.39755,150.66,-15.234,-2.5843,14.637
9.76,1.9155,-3.4229,1.0078,-0.062009,-0.39853,0,0.91506,3.3071,-0.45603,-0.039803,0.097817,-0.13983,-0.052077,-10.698,1.6645,0.088891,0,0,0,2.1965,2.2032,2.2032,2.1975,-3.3131,-1.2383,0.37149,150.7,-15.148,-2.6258,14.667
9.77,1.9481,-3.4273,1.0074,-0.06145,-0.39903,0,0.91488,3.2,-0.43945,-0.038896,0.10255,-0.071328,-0.04952,-10.723,1.6514,0.092474,0,0,0,2.1995,2.2061,2.2061,2.2005,-1.8067,-1.3893,0.34504,150.52,-15.04,-2.663,14.687
9.78,1.9795,-3.4316,1.007,-0.060873,-0.39921,0,0.91483,3.0927,-0.42301,-0.037955,0.10737,-0.0033326,-0.047076,-10.734,1.6367,0.09579,0,0,0,2.2008,2.2074,2.2073,2.2017,-0.3033,-1.5391,0.31825,150.13,-14.909,-2.6958,14.695
9.79,2.0099,-3.4358,1.0066,-0.060279,-0.39909,0,0.91493,2.9854,-0.40672,-0.036982,0.11229,0.064375,-0.044738,-10.729,1.6206,0.098838,0,0,0,2.2003,2.2069,2.2069,2.2013,1.1951,-1.6874,0.29114,149.51,-14.754,-2.7241,14.692
9.8,2.0392,-3.4398,1.0063,-0.059667,-0.39865,0,0.91516,2.8782,-0.3906,-0.035979,0.11732,0.132,-0.0425,-10.71,1.603,0.10161,0,0,0,2.1982,2.2048,2.2047,2.1991,2.6861,-1.8341,0.26378,148.66,-14.576,-2.7477,14.678
9.81,2.0675,-3.4436,1.0059,-0.059036,-0.39791,0,0.91553,2.7712,-0.37467,-0.03495,0.12249,0.19975,-0.040355,-10.676,1.5839,0.10411,0,0,0,2.1944,2.201,2.2009,2.1953,4.1675,-1.9789,0.2362,147.58,-14.374,-2.7666,14.653
9.82,2.0947,-3.4473,1.0056,-0.058385,-0.39685,0,0.91603,2.6647,-0.35893,-0.033898,0.12781,0.26783,-0.0383,-10.627,1.5634,0.10634,0,0,0,2.1889,2.1956,2.1955,2.1898,5.6369,-2.1215,0.20846,146.26,-14.147,-2.7805,14.616
9.83,2.1208,-3.4508,1.0053,-0.057713,-0.39547,0,0.91666,2.5587,-0.3434,-0.032824,0.1333,0.33641,-0.036328,-10.563,1.5415,0.10828,0,0,0,2.1818,2.1886,2.1884,2.1827,7.0919,-2.2617,0.18061,144.7,-13.896,-2.7894,14.569
9.84,2.1458,-3.4541,1.0049,-0.057019,-0.39378,0,0.91743,2.4535,-0.3281,-0.031733,0.13897,0.4057,-0.034435,-10.485,1.5182,0.10995,0,0,0,2.1731,2.1799,2.1797,2.174,8.53,-2.3993,0.15269,142.89,-13.618,-2.7933,14.511
9.85,2.1699,-3.4573,1.0046,-0.056302,-0.39177,0,0.91834,2.3491,-0.31305,-0.030626,0.14484,0.47586,-0.032616,-10.393,1.4935,0.11134,0,0,0,2.1628,2.1698,2.1695,2.1637,9.9488,-2.534,0.12476,140.83,-13.315,-2.7918,14.443
9.86,2.1928,-3.4604,1.0043,-0.05556,-0.38943,0,0.91938,2.2457,-0.29824,-0.029507,0.15092,0.54707,-0.030867,-10.286,1.4675,0.11244,0,0,0,2.151,2.1581,2.1578,2.1519,11.346,-2.6655,0.096873,138.52,-12.985,-2.785,14.365
9.87,2.2148,-3.4633,1.004,-0.054794,-0.38675,0,0.92055,2.1434,-0.2837,-0.028378,0.15723,0.6195,-0.029185,-10.166,1.4402,0.11327,0,0,0,2.1377,2.1449,2.1446,2.1387,12.718,-2.7936,0.06908,135.95,-12.629,-2.7728,14.277
9.88,2.2357,-3.4661,1.0037,-0.054,-0.38374,0,0.92186,2.0424,-0.26944,-0.027243,0.16378,0.6933,-0.027566,-10.032,1.4117,0.11383,0,0,0,2.123,2.1304,2.13,2.124,14.064,-2.918,0.041436,133.11,-12.245,-2.7549,14.179
9.89,2.2556,-3.4687,1.0035,-0.053177,-0.38038,0,0.9233,1.9428,-0.25547,-0.026103,0.17058,0.7686,-0.026006,-9.8845,1.3819,0.1141,0,0,0,2.107,2.1145,2.1141,2.1079,15.38,-3.0384,0.014,130,-11.834,-2.7314,14.072
9.9,2.2746,-3.4712,1.0032,-0.052325,-0.37665,0,0.92488,1.8448,-0.2418,-0.024962,0.17763,0.84554,-0.024502,-9.7243,1.3509,0.11411,0,0,0,2.0896,2.0973,2.0969,2.0906,16.663,-3.1546,-0.013171,126.62,-11.394,-2.702,13.957
9.91,2.2925,-3.4735,1.003,-0.051442,-0.37256,0,0.92658,1.7484,-0.22846,-0.023822,0.18495,0.92423,-0.023053,-9.5514,1.3188,0.11384,0,0,0,2.071,2.0789,2.0785,2.072,17.911,-3.2662,-0.040019,122.96,-10.926,-2.6666,13.834
9.92,2.3095,-3.4758,1.0027,-0.050525,-0.3681,0,0.92841,1.6538,-0.21543,-0.022686,0.19253,1.0048,-0.021655,-9.3662,1.2856,0.11331,0,0,0,2.0513,2.0594,2.0589,2.0523,19.121,-3.373,-0.066484,119.02,-10.429,-2.6252,13.703
9.93,2.3256,-3.4779,1.0025,-0.049574,-0.36324,0,0.93037,1.5611,-0.20275,-0.021556,0.20038,1.0872,-0.020306,-9.1691,1.2514,0.11251,0,0,0,2.0306,2.0389,2.0383,2.0316,20.29,-3.4747,-0.092503,114.79,-9.9025,-2.5776,13.566
9.94,2.3408,-3.4798,1.0023,-0.048587,-0.35799,0,0.93246,1.4704,-0.19041,-0.020436,0.2085,1.1715,-0.019004,-8.9605,1.2161,0.11146,0,0,0,2.0089,2.0174,2.0168,2.0099,21.416,-3.571,-0.11802,110.27,-9.346,-2.5238,13.422
9.95,2.355,-3.4817,1.0021,-0.047561,-0.35232,0,0.93467,1.3819,-0.17843,-0.019328,0.21688,1.2578,-0.017748,-8.7409,1.18,0.11015,0,0,0,1.9863,1.995,1.9944,1.9873,22.495,-3.6615,-0.14296,105.45,-8.7591,-2.4635,13.272
9.96,2.3684,-3.4834,1.0019,-0.046496,-0.34624,0,0.93699,1.2957,-0.16681,-0.018234,0.2255,1.346,-0.016537,-8.5108,1.1429,0.1086,0,0,0,1.963,1.9719,1.9712,1.964,23.524,-3.7461,-0.16726,100.33,-8.1414,-2.3966,13.117
9.97,2.3809,-3.485,1.0018,-0.045391,-0.33972,0,0.93943,1.2117,-0.15557,-0.017157,0.23435,1.4359,-0.015368,-8.2706,1.1051,0.10681,0,0,0,1.939,1.9481,1.9474,1.9401,24.5,-3.8242,-0.19087,94.91,-7.4924,-2.3232,12.958
9.98,2.3927,-3.4865,1.0016,-0.044242,-0.33275,0,0.94198,1.1303,-0.14471,-0.016099,0.2434,1.5274,-0.014241,-8.021,1.0665,0.10479,0,0,0,1.9145,1.9237,1.923,1.9156,25.421,-3.8958,-0.2137,89.177,-6.8117,-2.2429,12.795
9.99,2.4036,-3.4879,1.0014,-0.04305,-0.32533,0,0.94462,1.0514,-0.13424,-0.015062,0.25261,1.6203,-0.013156,-7.7624,1.0272,0.10254,0,0,0,1.8897,1.899,1.8982,1.8907,26.283,-3.9604,-0.2357,83.13,-6.0989,-2.1558,12.629
10,2.4137,-3.4892,1.0013,-0.041813,-0.31745,0,0.94735,0.97506,-0.12417,-0.014049,0.26194,1.7143,-0.012113,-7.4955,0.98727,0.10008,0,0,0,1.8645,1.8739,1.8732,1.8656,27.083,-4.0177,-0.2568,76.764,-5.3535,-2.0617,12.462
10.01,2.4231,-3.4904,1.0012,-0.04053,-0.3091,0,0.95017,0.90147,-0.1145,-0.013061,0.27134,1.8089,-0.01111,-7.221,0.94684,0.097407,0,0,0,1.8392,1.8487,1.8479,1.8403,27.817,-4.0673,-0.27691,70.074,-4.575,-1.9604,12.293
10.02,2.4317,-3.4915,1.001,-0.0392,-0.30026,0,0.95305,0.83066,-0.10524,-0.012101,0.28073,1.9036,-0.010148,-6.9394,0.90595,0.094541,0,0,0,1.8139,1.8234,1.8226,1.815,28.483,-4.1091,-0.29598,63.056,-3.7631,-1.852,12.125
10.03,2.4397,-3.4925,1.0009,-0.037824,-0.29096,0,0.95599,0.7627,-0.096383,-0.011171,0.29004,1.9979,-0.0092272,-6.6515,0.86469,0.091491,0,0,0,1.7888,1.7981,1.7973,1.7898,29.077,-4.1425,-0.31393,55.706,-2.9172,-1.7361,11.957
10.04,2.447,-3.4934,1.0008,-0.036401,-0.28117,0,0.95897,0.69765,-0.087944,-0.010272,0.29917,2.091,-0.0083486,-6.3581,0.82313,0.088267,0,0,0,1.7639,1.7731,1.7723,1.7649,29.596,-4.1673,-0.33068,48.019,-2.037,-1.6128,11.79
10.05,2.4537,-3.4942,1.0007,-0.034932,-0.27091,0,0.96197,0.63556,-0.079921,-0.009406,0.30802,2.1819,-0.0075126,-6.0599,0.78137,0.084881,0,0,0,1.7395,1.7484,1.7476,1.7404,30.036,-4.1831,-0.34616,39.991,-1.1219,-1.482,11.626
10.06,2.4597,-3.495,1.0006,-0.033418,-0.26019,0,0.96498,0.57646,-0.072317,-0.0085747,0.31645,2.2698,-0.0067199,-5.7576,0.7395,0.081348,0,0,0,1.7156,1.7241,1.7234,1.7165,30.395,-4.1896,-0.36029,31.616,-0.1716,-1.3434,11.466
10.07,2.4652,-3.4957,1.0005,-0.031861,-0.24901,0,0.96798,0.52041,-0.065131,-0.0077795,0.32434,2.3535,-0.0059715,-5.4523,0.69761,0.07768,0,0,0,1.6924,1.7005,1.6998,1.6932,30.668,-4.1864,-0.373,22.891,0.81441,-1.197,11.31
10.08,2.4701,-3.4963,1.0005,-0.030264,-0.23742,0,0.97094,0.46743,-0.058364,-0.0070215,0.33154,2.4318,-0.0052683,-5.1446,0.6558,0.073893,0,0,0,1.6701,1.6775,1.6769,1.6708,30.851,-4.1732,-0.3842,13.81,1.8366,-1.0426,11.159
10.09,2.4746,-3.4969,1.0004,-0.028631,-0.22542,0,0.97384,0.41753,-0.052015,-0.0063019,0.33788,2.5033,-0.0046113,-4.8355,0.61418,0.070001,0,0,0,1.6487,1.6554,1.6549,1.6494,30.943,-4.1496,-0.39383,4.3702,2.8953,-0.88023,11.014
10.1,2.4785,-3.4974,1.0003,-0.026965,-0.21305,0,0.97667,0.37072,-0.04608,-0.0056218,0.3432,2.5667,-0.0040012,-4.5261,0.57285,0.066022,0,0,0,1.6285,1.6342,1.6338,1.629,30.938,-4.1152,-0.40178,-5.4341,3.9911,-0.70966,10.876
10.11,2.482,-3.4978,1.0003,-0.025272,-0.20036,0,0.9794,0.327,-0.040556,-0.0049817,0.34732,2.6204,-0.0034388,-4.2171,0.53192,0.061972,0,0,0,1.6094,1.6141,1.6138,1.6098,30.833,-4.0696,-0.40799,-15.607,5.1244,-0.53081,10.745
10.12,2.485,-3.4982,1.0002,-0.023559,-0.18741,0,0.982,0.28637,-0.03544,-0.0043825,0.35007,2.6629,-0.0029244,-3.9097,0.4915,0.057868,0,0,0,1.5916,1.5951,1.5949,1.5918,30.624,-4.0125,-0.41237,-26.153,6.2956,-0.34355,10.622
10.13,2.4877,-3.4985,1.0002,-0.021832,-0.17424,0,0.98446,0.2488,-0.030724,-0.0038245,0.35128,2.6927,-0.0024582,-3.605,0.4517,0.053731,0,0,0,1.5752,1.5773,1.5773,1.5752,30.308,-3.9436,-0.41483,-37.077,7.5052,-0.14776,10.508
10.14,2.49,-3.4988,1.0002,-0.020099,-0.16092,0,0.98676,0.21426,-0.026403,-0.0033079,0.35079,2.7084,-0.0020397,-3.304,0.41266,0.049578,0,0,0,1.5602,1.5608,1.5609,1.5601,29.881,-3.8623,-0.4153,-48.383,8.7536,0.056661,10.403
10.15,2.492,-3.499,1.0001,-0.01837,-0.14754,0,0.98889,0.1827,-0.022468,-0.0028329,0.34845,2.7087,-0.0016685,-3.0078,0.3745,0.045432,0,0,0,1.5467,1.5457,1.546,1.5463,29.339,-3.7684,-0.41367,-60.076,10.041,0.26984,10.308
10.16,2.4937,-3.4992,1.0001,-0.016654,-0.13416,0,0.99082,0.15408,-0.01891,-0.0023992,0.34414,2.6924,-0.0013431,-2.7176,0.33734,0.041312,0,0,0,1.5346,1.5319,1.5324,1.5341,28.679,-3.6614,-0.40987,-72.161,11.369,0.4919,10.222
10.17,2.4951,-3.4994,1.0001,-0.014962,-0.12089,0,0.99255,0.12833,-0.015718,-0.0020065,0.33774,2.6585,-0.0010619,-2.4346,0.30132,0.037242,0,0,0,1.5241,1.5194,1.5202,1.5233,27.895,-3.5409,-0.4038,-84.641,12.736,0.72295,10.145
10.18,2.4963,-3.4995,1.0001,-0.013304,-0.10781,0,0.99408,0.10536,-0.012879,-0.0016541,0.32919,2.606,-0.00082261,-2.1601,0.26657,0.033244,0,0,0,1.5149,1.5084,1.5093,1.5139,26.984,-3.4065,-0.39538,-97.522,14.144,0.96311,10.078
10.19,2.4972,-3.4997,1,-0.011693,-0.095018,0,0.99541,0.085094,-0.010381,-0.0013413,0.31841,2.5345,-0.00062261,-1.8953,0.23324,0.029342,0,0,0,1.5072,1.4987,1.4999,1.506,25.943,-3.2578,-0.38451,-110.81,15.593,1.2125,10.02
10.2,2.498,-3.4998,1,-0.010138,-0.082615,0,0.99653,0.067419,-0.0082094,-0.0010669,0.30539,2.4435,-0.00045876,-1.6417,0.20146,0.025562,0,0,0,1.5008,1.4903,1.4917,1.4994,24.767,-3.0945,-0.3711,-124.5,17.084,1.4712,9.9703
10.21,2.4986,-3.4998,1,-0.0086528,-0.070701,0,0.99746,0.052219,-0.0063466,-0.00082957,0.29013,2.3329,-0.00032758,-1.4005,0.1714,0.021929,0,0,0,1.4957,1.4832,1.4848,1.494,23.452,-2.916,-0.35505,-138.61,18.617,1.7394,9.9293
10.22,2.499,-3.4999,1,-0.0072479,-0.059379,0,0.99821,0.039364,-0.0047752,-0.00062773,0.27263,2.2025,-0.00022535,-1.1731,0.14319,0.01847,0,0,0,1.4916,1.4772,1.479,1.4897,21.993,-2.722,-0.33628,-153.14,20.191,2.0172,9.8959
10.23,2.4994,-3.4999,1,-0.005935,-0.048749,0,0.99879,0.028706,-0.003476,-0.00045949,0.25294,2.0527,-0.00014817,-0.96109,0.11701,0.015213,0,0,0,1.4887,1.4722,1.4743,1.4865,20.387,-2.5121,-0.31468,-168.09,21.809,2.3046,9.8694
10.24,2.4996,-3.5,1,-0.0047252,-0.03891,0,0.99923,0.020086,-0.0024278,-0.0003227,0.23109,1.8835,-9.2115e-05,-0.76587,0.093006,0.012186,0,0,0,1.4866,1.4682,1.4704,1.4842,18.63,-2.2857,-0.29015,-183.47,23.47,2.6019,9.849
10.25,2.4998,-3.5,1,-0.0036294,-0.029961,0,0.99954,0.013327,-0.001608,-0.0002149,0.20713,1.6952,-5.3309e-05,-0.58901,0.071351,0.00942,0,0,0,1.4853,1.465,1.4674,1.4827,16.717,-2.0425,-0.26261,-199.28,25.175,2.9091,9.8339
10.26,2.4999,-3.5,1,-0.0026583,-0.021998,0,0.99975,0.0082393,-0.00099238,-0.00013333,0.18111,1.4882,-2.8057e-05,-0.43207,0.052214,0.0069446,0,0,0,1.4846,1.4624,1.4651,1.4819,14.643,-1.7821,-0.23194,-215.52,26.924,3.2263,9.8232
10.27,2.4999,-3.5,1,-0.0018222,-0.015115,0,0.99988,0.0046141,-0.00055478,-7.4929e-05,0.15306,1.2625,-1.2936e-05,-0.2967,0.035769,0.0047919,0,0,0,1.4844,1.4604,1.4633,1.4815,12.405,-1.5039,-0.19805,-232.21,28.717,3.5538,9.8159
10.28,2.5,-3.5,1,-0.0011312,-0.0094049,0,0.99996,0.0022279,-0.00026743,-3.6306e-05,0.12302,1.0185,-4.8925e-06,-0.18454,0.022196,0.0029947,0,0,0,1.4847,1.4588,1.4619,1.4815,9.9973,-1.2076,-0.16083,-249.35,30.556,3.8915,9.8114
10.29,2.5,-3.5,1,-0.00059539,-0.0049614,0,0.99999,0.0008401,-0.00010067,-1.3737e-05,0.090984,0.75594,-1.3303e-06,-0.097328,0.01168,0.0015868,0,0,0,1.4852,1.4574,1.4607,1.4819,7.4163,-0.89262,-0.12018,-266.93,32.44,4.2395,9.8087
10.3,2.5,-3.5,1,-0.00022471,-0.0018767,0,1,0.0001924,-2.3018e-05,-3.1567e-06,0.056955,0.47484,-1.8602e-07,-0.03681,0.0044075,0.00060287,0,0,0,1.4859,1.4563,1.4598,1.4824,4.6572,-0.55861,-0.076003,-284.97,34.37,4.5981,9.8073
10.31,2.5,-3.5,1,-2.9197e-05,-0.00024438,0,1,8.9031e-06,-1.0634e-06,-1.4655e-07,0.020911,0.17492,-3.0835e-09,-0.004793,0.00057266,7.8849e-05,0,0,0,1.4868,1.4552,1.4589,1.4831,1.7154,-0.20507,-0.028185,-303.47,36.346,4.9674,9.8067
10.316,2.5,-3.5,1,-3.3964e-17,-5.4342e-16,0,1,-1.2212e-15,-4.1633e-17,-1.0408e-17,1.0868e-15,7.9701e-15,-3.1991e-31,-1.0658e-14,6.6613e-16,1.9429e-16,0,0,0,1.4873,1.4547,1.4585,1.4835,7.816e-14,-1.0658e-14,-1.6098e-15,-313.95,37.464,5.1772,9.8066
