t,p_x,p_y,p_z,q_x,q_y,q_z,q_w,v_x,v_y,v_z,w_x,w_y,w_z,a_lin_x,a_lin_y,a_lin_z,a_rot_x,a_rot_y,a_rot_z,u_1,u_2,u_3,u_4,jerk_x,jerk_y,jerk_z,snap_x,snap_y,snap_z,thrust
0,-2.5,-3.5,1,0,0,0,1,0,0,0,0,0,0,0,0,0,0,0,0,1.4598,1.4822,1.4883,1.4537,0,0,0,310.27,60.03,0,9.8066
0.01,-2.5,-3.5,1,-0.00014958,0.00077525,0,1,5.094e-05,9.8354e-06,0,-0.059147,0.30697,6.3535e-08,0.015205,0.0029338,0,0,0,0,1.4605,1.4815,1.4872,1.4547,3.0104,0.58003,0,291.87,55.998,0,9.8066
0.02,-2.5,-3.5,1,-0.00058472,0.0030388,0,1,0.0004014,7.7344e-05,0,-0.11424,0.59539,9.7198e-07,0.059601,0.011468,0,0,0,0,1.4611,1.4809,1.4862,1.4558,5.839,1.1204,0,273.92,52.095,0,9.8068
0.03,-2.5,-3.5,1,-0.0012855,0.0066988,0,0.99998,0.0013343,0.00025657,0,-0.1654,0.86561,4.7002e-06,0.13139,0.025214,0,0,0,0,1.4618,1.4804,1.4854,1.4569,8.4903,1.6224,0,256.42,48.319,0,9.8075
0.04,-2.5,-3.5,1,-0.0022323,0.011665,0,0.99993,0.0031147,0.00059772,0,-0.21271,1.1179,1.4174e-05,0.22883,0.043792,0,0,0,0,1.4627,1.4801,1.4846,1.4582,10.969,2.0872,0,239.35,44.669,0,9.8094
0.05,-2.4999,-3.5,1,-0.0034061,0.017847,0,0.99983,0.0059907,0.0011473,0,-0.25624,1.3523,3.2975e-05,0.35021,0.066838,0,0,0,0,1.4639,1.48,1.4842,1.4598,13.279,2.5162,0,222.72,41.144,0,9.8131
0.06,-2.4998,-3.5,1,-0.0047879,0.025155,0,0.99967,0.010193,0.0019482,0,-0.29601,1.5688,6.5063e-05,0.49386,0.093999,0,0,0,0,1.4655,1.4803,1.4842,1.4617,15.425,2.9105,0,206.52,37.741,0,9.8195
0.07,-2.4997,-3.4999,1,-0.0063589,0.033499,0,0.99942,0.015937,0.0030399,0,-0.33203,1.7672,0.00011451,0.65817,0.12494,0,0,0,0,1.4676,1.4812,1.4847,1.4642,17.411,3.2714,0,190.75,34.46,0,9.8295
0.08,-2.4995,-3.4999,1,-0.0081,0.042785,0,0.99905,0.02342,0.0044584,0,-0.36431,1.9472,0.00018522,0.84155,0.15932,0,0,0,0,1.4704,1.4827,1.4858,1.4674,19.241,3.6001,0,175.4,31.298,0,9.8439
0.09,-2.4992,-3.4999,1,-0.0099921,0.052921,0,0.99855,0.032826,0.0062367,0,-0.39283,2.1086,0.00028074,1.0425,0.19683,0,0,0,0,1.474,1.485,1.4878,1.4715,20.92,3.8977,0,160.47,28.254,0,9.8638
0.1,-2.4989,-3.4998,1,-0.012016,0.063808,0,0.99789,0.044323,0.0084045,0,-0.41758,2.251,0.00040396,1.2595,0.23717,0,0,0,0,1.4786,1.4883,1.4907,1.4764,22.452,4.1655,0,145.96,25.326,0,9.89
0.11,-2.4983,-3.4997,1,-0.014152,0.075351,0,0.99706,0.058064,0.010989,0,-0.43857,2.3743,0.00055698,1.491,0.28005,0,0,0,0,1.4843,1.4926,1.4946,1.4825,23.841,4.4046,0,131.85,22.513,0,9.9233
0.12,-2.4977,-3.4996,1,-0.016382,0.087448,0,0.99603,0.074188,0.014013,0,-0.45581,2.4782,0.00074088,1.7358,0.32518,0,0,0,0,1.4911,1.498,1.4997,1.4897,25.09,4.6162,0,118.15,19.812,0,9.9643
0.13,-2.4969,-3.4994,1,-0.018685,0.1,0,0.99481,0.09282,0.017499,0,-0.46935,2.5627,0.00095565,1.9924,0.37228,0,0,0,0,1.4992,1.5048,1.5061,1.4982,26.205,4.8013,0,104.85,17.224,0,10.014
0.14,-2.4958,-3.4992,1,-0.021044,0.11291,0,0.99338,0.11407,0.021464,0,-0.47927,2.6282,0.0012001,2.2595,0.42112,0,0,0,0,1.5087,1.5129,1.5139,1.508,27.189,4.961,0,91.943,14.745,0,10.072
0.15,-2.4946,-3.499,1,-0.023439,0.12608,0,0.99174,0.13804,0.025926,0,-0.48571,2.6749,0.0014717,2.5358,0.47142,0,0,0,0,1.5195,1.5224,1.523,1.5192,28.045,5.0965,0,79.429,12.374,0,10.14
0.16,-2.4931,-3.4987,1,-0.025853,0.13941,0,0.9899,0.16481,0.030897,0,-0.48882,2.7035,0.0017669,2.82,0.52297,0,0,0,0,1.5317,1.5333,1.5337,1.5317,28.778,5.2088,0,67.303,10.11,0,10.217
0.17,-2.4913,-3.4984,1,-0.02827,0.15281,0,0.98785,0.19446,0.036389,0,-0.48879,2.7148,0.0020809,3.1109,0.57553,0,0,0,0,1.5453,1.5458,1.5458,1.5457,29.392,5.2991,0,55.559,7.9505,0,10.304
0.18,-2.4892,-3.498,1,-0.030674,0.1662,0,0.98562,0.22705,0.04241,0,-0.48586,2.7099,0.0024078,3.4074,0.62888,0,0,0,0,1.5604,1.5597,1.5594,1.561,29.891,5.3682,0,44.194,5.8945,0,10.401
0.19,-2.4867,-3.4975,1,-0.03305,0.17949,0,0.9832,0.26263,0.048968,0,-0.48029,2.69,0.002741,3.7084,0.68282,0,0,0,0,1.5768,1.575,1.5745,1.5776,30.278,5.4173,0,33.202,3.9403,0,10.507
0.2,-2.4839,-3.497,1,-0.035387,0.19262,0,0.98063,0.30123,0.056068,0,-0.47236,2.6564,0.0030731,4.0126,0.73716,0,0,0,0,1.5945,1.5918,1.5911,1.5956,30.556,5.4473,0,22.58,2.0862,0,10.621
0.21,-2.4807,-3.4964,1,-0.037673,0.20552,0,0.97793,0.34289,0.063712,0,-0.46236,2.6105,0.0033961,4.3191,0.79171,0,0,0,0,1.6134,1.6099,1.6089,1.6147,30.73,5.4593,0,12.323,0.33063,0,10.745
0.22,-2.477,-3.4957,1,-0.039899,0.21814,0,0.9751,0.38761,0.071902,0,-0.45059,2.5539,0.0037018,4.6269,0.84629,0,0,0,0,1.6335,1.6292,1.6281,1.6349,30.804,5.4543,0,2.4271,-1.3281,0,10.876
0.23,-2.4729,-3.4949,1,-0.042056,0.23041,0,0.97218,0.43542,0.080638,0,-0.43734,2.4881,0.0039817,4.9349,0.90074,0,0,0,0,1.6546,1.6497,1.6485,1.6562,30.78,5.4331,0,-7.1131,-2.8916,0,11.015
0.24,-2.4683,-3.4941,1,-0.044139,0.24231,0,0.96919,0.48631,0.089916,0,-0.42289,2.4144,0.0042273,5.2422,0.9549,0,0,0,0,1.6768,1.6713,1.67,1.6784,30.663,5.3967,0,-16.302,-4.3615,0,11.161
0.25,-2.4632,-3.4931,1,-0.046143,0.25381,0,0.96615,0.54026,0.099734,0,-0.40753,2.3343,0.00443,5.5479,1.0086,0,0,0,0,1.6997,1.6938,1.6924,1.7014,30.455,5.3462,0,-25.143,-5.7393,0,11.312
0.26,-2.4575,-3.4921,1,-0.048065,0.26486,0,0.96309,0.59726,0.11009,0,-0.39149,2.2492,0.0045817,5.851,1.0618,0,0,0,0,1.7234,1.7171,1.7156,1.7251,30.161,5.2823,0,-33.641,-7.0267,0,11.469
0.27,-2.4512,-3.4909,1,-0.049901,0.27546,0,0.96002,0.65727,0.12097,0,-0.37501,2.1601,0.0046743,6.1508,1.1142,0,0,0,0,1.7476,1.7411,1.7395,1.7494,29.784,5.2059,0,-41.801,-8.2254,0,11.629
0.28,-2.4443,-3.4897,1,-0.051652,0.2856,0,0.95696,0.72026,0.13237,0,-0.35829,2.0682,0.0046999,6.4464,1.1659,0,0,0,0,1.7723,1.7656,1.764,1.7741,29.326,5.118,0,-49.627,-9.3368,0,11.793
0.29,-2.4368,-3.4883,1,-0.053317,0.29526,0,0.95393,0.78618,0.14428,0,-0.34151,1.9745,0.004651,6.7371,1.2166,0,0,0,0,1.7974,1.7905,1.7889,1.7991,28.792,5.0195,0,-57.124,-10.363,0,11.96
0.3,-2.4286,-3.4868,1,-0.054896,0.30444,0,0.95095,0.85498,0.1567,0,-0.32483,1.8797,0.0045205,7.022,1.2662,0,0,0,0,1.8226,1.8157,1.8141,1.8243,28.185,4.9111,0,-64.295,-11.305,0,12.128
0.31,-2.4197,-3.4852,1,-0.056392,0.31313,0,0.94803,0.9266,0.1696,0,-0.30836,1.7846,0.0043013,7.3005,1.3147,0,0,0,0,1.8479,1.841,1.8393,1.8495,27.507,4.7937,0,-71.146,-12.164,0,12.296
0.32,-2.4101,-3.4834,1,-0.057807,0.32136,0,0.94519,1.001,0.18299,0,-0.29224,1.6898,0.0039866,7.5719,1.3621,0,0,0,0,1.8731,1.8662,1.8646,1.8747,26.763,4.6681,0,-77.68,-12.943,0,12.464
0.33,-2.3997,-3.4815,1,-0.059143,0.32911,0,0.94244,1.078,0.19684,0,-0.27653,1.5957,0.00357,7.8356,1.4081,0,0,0,0,1.8981,1.8913,1.8897,1.8997,25.955,4.5351,0,-83.903,-13.644,0,12.631
0.34,-2.3885,-3.4795,1,-0.060402,0.3364,0,0.93978,1.1577,0.21114,0,-0.26132,1.5028,0.0030449,8.0908,1.4527,0,0,0,0,1.9229,1.9161,1.9145,1.9243,25.086,4.3954,0,-89.817,-14.267,0,12.796
0.35,-2.3765,-3.4773,1,-0.061589,0.34324,0,0.93723,1.2398,0.22589,0,-0.24666,1.4112,0.0024053,8.3371,1.496,0,0,0,0,1.9471,1.9404,1.9389,1.9485,24.159,4.25,0,-95.428,-14.816,0,12.958
0.36,-2.3637,-3.4749,1,-0.062707,0.34963,0,0.93479,1.3244,0.24106,0,-0.23259,1.3214,0.0016453,8.5738,1.5377,0,0,0,0,1.9709,1.9642,1.9627,1.9721,23.178,4.0994,0,-100.74,-15.292,0,13.117
0.37,-2.35,-3.4724,1,-0.063759,0.3556,0,0.93246,1.4112,0.25664,0,-0.21914,1.2333,0.00075889,8.8005,1.5779,0,0,0,0,1.9939,1.9874,1.9859,1.9951,22.146,3.9443,0,-105.76,-15.698,0,13.271
0.38,-2.3355,-3.4698,1,-0.064749,0.36114,0,0.93026,1.5003,0.27261,0,-0.20633,1.147,-0.00025976,9.0166,1.6166,0,0,0,0,2.0162,2.0098,2.0084,2.0173,21.064,3.7856,0,-110.48,-16.036,0,13.419
0.39,-2.32,-3.467,1,-0.065681,0.36627,0,0.92819,1.5915,0.28897,0,-0.19416,1.0627,-0.0014165,9.2216,1.6536,0,0,0,0,2.0376,2.0313,2.0299,2.0386,19.937,3.6238,0,-114.92,-16.308,0,13.563
0.4,-2.3036,-3.464,1,-0.066558,0.371,0,0.92624,1.6847,0.30568,0,-0.18265,0.98032,-0.0027174,9.4152,1.6891,0,0,0,0,2.0581,2.0519,2.0505,2.059,18.767,3.4597,0,-119.07,-16.516,0,13.699
0.41,-2.2863,-3.4609,1,-0.067384,0.37535,0,0.92443,1.7798,0.32274,0,-0.17179,0.89977,-0.0041686,9.5968,1.7228,0,0,0,0,2.0775,2.0714,2.0701,2.0783,17.556,3.2937,0,-122.95,-16.662,0,13.829
0.42,-2.268,-3.4576,1,-0.068163,0.37932,0,0.92275,1.8766,0.34013,0,-0.16158,0.82101,-0.0057763,9.7662,1.7549,0,0,0,0,2.0958,2.0898,2.0885,2.0965,16.309,3.1266,0,-126.55,-16.748,0,13.951
0.43,-2.2488,-3.4541,1,-0.068898,0.38293,0,0.92121,1.9751,0.35783,0,-0.15201,0.74394,-0.0075473,9.9229,1.7854,0,0,0,0,2.1129,2.1069,2.1057,2.1135,15.026,2.959,0,-129.88,-16.777,0,14.065
0.44,-2.2285,-3.4504,1,-0.069593,0.38617,0,0.9198,2.075,0.37583,0,-0.14306,0.66845,-0.0094882,10.067,1.8141,0,0,0,0,2.1287,2.1228,2.1216,2.1291,13.712,2.7913,0,-132.95,-16.75,0,14.17
0.45,-2.2073,-3.4466,1,-0.070251,0.38907,0,0.91853,2.1764,0.39411,0,-0.13473,0.59441,-0.011606,10.197,1.8412,0,0,0,0,2.1431,2.1373,2.1361,2.1435,12.368,2.6241,0,-135.75,-16.67,0,14.267
0.46,-2.185,-3.4425,1,-0.070877,0.39163,0,0.91739,2.2789,0.41265,0,-0.12699,0.52166,-0.01391,10.314,1.8666,0,0,0,0,2.1562,2.1504,2.1492,2.1565,10.998,2.4581,0,-138.3,-16.538,0,14.354
0.47,-2.1617,-3.4383,1,-0.071472,0.39385,0,0.91639,2.3826,0.43144,0,-0.11984,0.45005,-0.016406,10.417,1.8904,0,0,0,0,2.1678,2.162,2.1609,2.1679,9.6031,2.2935,0,-140.59,-16.357,0,14.431
0.48,-2.1373,-3.4339,1,-0.072041,0.39574,0,0.91553,2.4872,0.45045,0,-0.11326,0.37942,-0.019103,10.506,1.9125,0,0,0,0,2.1779,2.1722,2.171,2.1779,8.1868,2.1311,0,-142.63,-16.13,0,14.498
0.49,-2.1119,-3.4293,1,-0.072586,0.39731,0,0.91481,2.5927,0.46968,0,-0.10724,0.30959,-0.022012,10.581,1.933,0,0,0,0,2.1864,2.1807,2.1796,2.1864,6.7513,1.9711,0,-144.43,-15.857,0,14.555
0.5,-2.0855,-3.4245,1,-0.07311,0.39856,0,0.91422,2.6988,0.48911,0,-0.10176,0.24037,-0.02514,10.641,1.9519,0,0,0,0,2.1934,2.1877,2.1866,2.1933,5.299,1.8141,0,-145.98,-15.542,0,14.602
0.51,-2.0579,-3.4195,1,-0.073617,0.39949,0,0.91378,2.8054,0.50872,0,-0.096807,0.17158,-0.028499,10.687,1.9693,0,0,0,0,2.1988,2.1931,2.1919,2.1986,3.8324,1.6604,0,-147.3,-15.186,0,14.637
0.52,-2.0294,-3.4143,1,-0.07411,0.40011,0,0.91347,2.9125,0.52849,0,-0.092368,0.10303,-0.032099,10.717,1.9851,0,0,0,0,2.2025,2.1968,2.1957,2.2022,2.3538,1.5105,0,-148.38,-14.791,0,14.662
0.53,-1.9997,-3.4089,1,-0.07459,0.40041,0,0.9133,3.0197,0.54841,0,-0.088433,0.03451,-0.035952,10.734,1.9995,0,0,0,0,2.2046,2.1988,2.1977,2.2042,0.86551,1.3647,0,-149.24,-14.36,0,14.676
0.54,-1.969,-3.4034,1,-0.075062,0.40039,0,0.91326,3.1271,0.56847,0,-0.084989,-0.03418,-0.04007,10.735,2.0124,0,0,0,0,2.2051,2.1992,2.1981,2.2046,-0.63024,1.2234,0,-149.87,-13.895,0,14.678
0.55,-1.9372,-3.3976,1,-0.075528,0.40006,0,0.91337,3.2344,0.58866,0,-0.082026,-0.10325,-0.044466,10.721,2.024,0,0,0,0,2.2039,2.1979,2.1968,2.2033,-2.1312,1.0869,0,-150.28,-13.397,0,14.67
0.56,-1.9043,-3.3916,1,-0.07599,0.39942,0,0.91361,3.3415,0.60895,0,-0.079534,-0.17292,-0.049154,10.692,2.0342,0,0,0,0,2.201,2.195,2.1938,2.2003,-3.6352,0.95556,0,-150.48,-12.87,0,14.65
0.57,-1.8703,-3.3854,1,-0.076452,0.39845,0,0.914,3.4482,0.62934,0,-0.077504,-0.24341,-0.054147,10.648,2.0431,0,0,0,0,2.1965,2.1903,2.1891,2.1957,-5.14,0.82962,0,-150.46,-12.314,0,14.619
0.58,-1.8353,-3.379,1,-0.076915,0.39715,0,0.91453,3.5544,0.64981,0,-0.075928,-0.31495,-0.059462,10.589,2.0508,0,0,0,0,2.1903,2.184,2.1828,2.1895,-6.6437,0.70937,0,-150.23,-11.733,0,14.578
0.59,-1.7992,-3.3724,1,-0.077383,0.39552,0,0.91519,3.6599,0.67035,0,-0.074798,-0.38778,-0.065113,10.515,2.0573,0,0,0,0,2.1826,2.176,2.1748,2.1816,-8.144,0.59505,0,-149.8,-11.128,0,14.525
0.6,-1.7621,-3.3656,1,-0.077858,0.39355,0,0.916,3.7646,0.69095,0,-0.074106,-0.46213,-0.071119,10.426,2.0627,0,0,0,0,2.1732,2.1665,2.1652,2.1721,-9.6391,0.48689,0,-149.17,-10.501,0,14.461
0.61,-1.7239,-3.3586,1,-0.078343,0.39123,0,0.91695,3.8684,0.7116,0,-0.073845,-0.53827,-0.077495,10.323,2.0671,0,0,0,0,2.1622,2.1553,2.154,2.161,-11.127,0.3851,0,-148.35,-9.8547,0,14.387
0.62,-1.6848,-3.3514,1,-0.078839,0.38855,0,0.91805,3.971,0.73229,0,-0.074007,-0.61645,-0.084261,10.204,2.0705,0,0,0,0,2.1497,2.1426,2.1412,2.1484,-12.605,0.28985,0,-147.33,-9.1912,0,14.303
0.63,-1.6445,-3.3439,1,-0.07935,0.3855,0,0.91929,4.0724,0.75301,0,-0.074585,-0.69694,-0.091434,10.071,2.0729,0,0,0,0,2.1357,2.1283,2.1269,2.1342,-14.073,0.20132,0,-146.13,-8.5125,0,14.209
0.64,-1.6033,-3.3363,1,-0.079878,0.38206,0,0.92068,4.1724,0.77374,0,-0.07557,-0.78002,-0.099035,9.9225,2.0745,0,0,0,0,2.1202,2.1126,2.1111,2.1187,-15.527,0.11965,0,-144.74,-7.8206,0,14.104
0.65,-1.5611,-3.3285,1,-0.080425,0.37823,0,0.92221,4.2708,0.79449,0,-0.076953,-0.86596,-0.10708,9.76,2.0753,0,0,0,0,2.1033,2.0954,2.0939,2.1017,-16.967,0.044947,0,-143.18,-7.1175,0,13.991
0.66,-1.5179,-3.3204,1,-0.080993,0.37399,0,0.92389,4.3676,0.81525,0,-0.078724,-0.95506,-0.11559,9.5832,2.0754,0,0,0,0,2.0851,2.0769,2.0753,2.0834,-18.39,-0.022674,0,-141.44,-6.4051,0,13.868
0.67,-1.4737,-3.3121,1,-0.081585,0.36931,0,0.92572,4.4624,0.836,0,-0.080868,-1.0476,-0.12459,9.3923,2.0749,0,0,0,0,2.0657,2.057,2.0554,2.0638,-19.795,-0.083131,0,-139.53,-5.6853,0,13.736
0.68,-1.4287,-3.3037,1,-0.082203,0.36418,0,0.92769,4.5554,0.85674,0,-0.083372,-1.1439,-0.13409,9.1874,2.0738,0,0,0,0,2.045,2.036,2.0342,2.043,-21.18,-0.13636,0,-137.45,-4.9601,0,13.597
0.69,-1.3826,-3.295,1,-0.082848,0.35858,0,0.92982,4.6461,0.87747,0,-0.086216,-1.2443,-0.14412,8.9687,2.0722,0,0,0,0,2.0232,2.0138,2.012,2.0211,-22.544,-0.18232,0,-135.21,-4.2313,0,13.45
0.7,-1.3357,-3.2861,1,-0.083522,0.35248,0,0.93208,4.7347,0.89819,0,-0.089379,-1.349,-0.15468,8.7366,2.0702,0,0,0,0,2.0003,1.9906,1.9886,1.9981,-23.884,-0.22098,0,-132.82,-3.5008,0,13.296
0.71,-1.288,-3.277,1,-0.084227,0.34587,0,0.9345,4.8208,0.91888,0,-0.092833,-1.4583,-0.1658,8.4912,2.0678,0,0,0,0,1.9765,1.9663,1.9643,1.9742,-25.2,-0.25234,0,-130.27,-2.7706,0,13.136
0.72,-1.2393,-3.2678,1,-0.084963,0.33871,0,0.93705,4.9045,0.93954,0,-0.096545,-1.5725,-0.17748,8.2327,2.0651,0,0,0,0,1.9519,1.9413,1.9391,1.9495,-26.489,-0.2764,0,-127.57,-2.0426,0,12.97
0.73,-1.1899,-3.2583,1,-0.085733,0.33097,0,0.93974,4.9854,0.96018,0,-0.10047,-1.6919,-0.18974,7.9615,2.0623,0,0,0,0,1.9265,1.9155,1.9132,1.9241,-27.751,-0.2932,0,-124.73,-1.3188,0,12.799
0.74,-1.1396,-3.2486,1,-0.086535,0.32263,0,0.94256,5.0636,0.98079,0,-0.10457,-1.8166,-0.20258,7.6778,2.0593,0,0,0,0,1.9006,1.889,1.8866,1.898,-28.983,-0.3028,0,-121.75,-0.60089,0,12.624
0.75,-1.0886,-3.2386,1,-0.087372,0.31366,0,0.94551,5.139,1.0014,0,-0.10878,-1.9468,-0.21599,7.3819,2.0563,0,0,0,0,1.8741,1.8621,1.8595,1.8715,-30.185,-0.30525,0,-118.64,0.10904,0,12.445
0.76,-1.0369,-3.2285,1,-0.088241,0.30403,0,0.94857,5.2112,1.0219,0,-0.11304,-2.0826,-0.22996,7.0742,2.0532,0,0,0,0,1.8473,1.8349,1.8321,1.8447,-31.355,-0.30065,0,-115.39,0.80911,0,12.265
0.77,-0.9844,-3.2182,1,-0.089143,0.29369,0,0.95173,5.2804,1.0424,0,-0.11726,-2.2239,-0.24449,6.7549,2.0503,0,0,0,0,1.8203,1.8075,1.8045,1.8176,-32.492,-0.28911,0,-112.02,1.4974,0,12.083
0.78,-0.93126,-3.2077,1,-0.090075,0.28263,0,0.95499,5.3463,1.0629,0,-0.12135,-2.3707,-0.25952,6.4244,2.0475,0,0,0,0,1.7933,1.78,1.7768,1.7905,-33.595,-0.27075,0,-108.52,2.172,0,11.901
0.79,-0.87749,-3.1969,1,-0.091034,0.27081,0,0.95832,5.4089,1.0834,0,-0.12521,-2.5227,-0.27503,6.0831,2.0449,0,0,0,0,1.7663,1.7527,1.7493,1.7636,-34.663,-0.24572,0,-104.91,2.8311,0,11.72
0.8,-0.8231,-3.186,1,-0.092018,0.2582,0,0.9617,5.4679,1.1038,0,-0.12872,-2.6795,-0.29094,5.7313,2.0426,0,0,0,0,1.7396,1.7257,1.7222,1.737,-35.693,-0.21418,0,-101.18,3.4726,0,11.541
0.81,-0.76814,-3.1749,1,-0.093022,0.24476,0,0.96511,5.5234,1.1242,0,-0.13174,-2.8405,-0.30719,5.3694,2.0406,0,0,0,0,1.7134,1.6993,1.6955,1.7108,-36.686,-0.17633,0,-97.339,4.0947,0,11.365
0.82,-0.71264,-3.1635,1,-0.094039,0.23049,0,0.96852,5.5753,1.1446,0,-0.13415,-3.0047,-0.32367,4.9977,2.0391,0,0,0,0,1.6878,1.6736,1.6696,1.6854,-37.639,-0.13236,0,-93.396,4.6954,0,11.194
0.83,-0.65665,-3.152,1,-0.095064,0.21535,0,0.9719,5.6234,1.165,0,-0.13578,-3.1711,-0.34026,4.6167,2.038,0,0,0,0,1.663,1.6489,1.6447,1.6608,-38.553,-0.082499,0,-89.352,5.2729,0,11.029
0.84,-0.60019,-3.1402,1,-0.096089,0.19934,0,0.97521,5.6676,1.1854,0,-0.1365,-3.3383,-0.35683,4.2268,2.0374,0,0,0,0,1.6392,1.6253,1.621,1.6372,-39.426,-0.026986,0,-85.211,5.8252,0,10.871
0.85,-0.54331,-3.1283,1,-0.097104,0.18246,0,0.97841,5.7079,1.2058,0,-0.13614,-3.5045,-0.3732,3.8284,2.0375,0,0,0,0,1.6167,1.6032,1.5987,1.615,-40.257,0.033915,0,-80.978,6.3504,0,10.723
0.86,-0.48604,-3.1161,1,-0.098098,0.1647,0,0.98145,5.7441,1.2261,0,-0.13456,-3.6678,-0.38918,3.4218,2.0381,0,0,0,0,1.5956,1.5828,1.5781,1.5943,-41.045,0.099926,0,-76.657,6.8466,0,10.585
0.87,-0.42844,-3.1037,1,-0.099061,0.14608,0,0.9843,5.7763,1.2465,0,-0.13166,-3.8258,-0.40458,3.0076,2.0395,0,0,0,0,1.5762,1.5642,1.5593,1.5752,-41.79,0.17075,0,-72.252,7.3119,0,10.458
0.88,-0.37053,-3.0912,1,-0.099981,0.12665,0,0.9869,5.8043,1.2669,0,-0.12732,-3.976,-0.41915,2.5861,2.0416,0,0,0,0,1.5586,1.5477,1.5428,1.5581,-42.49,0.24606,0,-67.768,7.7444,0,10.345
0.89,-0.31237,-3.0784,1,-0.10084,0.10644,0,0.98919,5.828,1.2874,0,-0.12151,-4.1157,-0.43266,2.1579,2.0444,0,0,0,0,1.5431,1.5335,1.5286,1.5431,-43.145,0.32552,0,-63.209,8.1421,0,10.247
0.9,-0.25399,-3.0654,1,-0.10164,0.085526,0,0.99114,5.8474,1.3078,0,-0.11421,-4.242,-0.44486,1.7234,2.0481,0,0,0,0,1.5299,1.5219,1.517,1.5304,-43.754,0.40878,0,-58.58,8.5031,0,10.165
0.91,-0.19543,-3.0523,1,-0.10235,0.063977,0,0.99269,5.8624,1.3283,0,-0.10548,-4.3521,-0.45553,1.283,2.0526,0,0,0,0,1.5192,1.513,1.5081,1.5202,-44.317,0.49545,0,-53.884,8.8256,0,10.101
0.92,-0.13675,-3.0389,1,-0.10297,0.041891,0,0.9938,5.873,1.3489,0,-0.095426,-4.4434,-0.46444,0.83723,2.058,0,0,0,0,1.5112,1.5069,1.5023,1.5127,-44.832,0.58515,0,-49.126,9.1076,0,10.055
0.93,-0.077988,-3.0253,1,-0.10349,0.019379,0,0.99444,5.8792,1.3695,0,-0.084221,-4.5137,-0.47139,0.38653,2.0643,0,0,0,0,1.506,1.5039,1.4994,1.5081,-45.299,0.67746,0,-44.31,9.3471,0,10.029
0.94,-0.019184,-3.0115,1,-0.1039,-0.0034402,0,0.99458,5.8808,1.3902,0,-0.072092,-4.561,-0.47622,-0.06859,2.0716,0,0,0,0,1.5038,1.504,1.4998,1.5064,-45.718,0.77195,0,-39.441,9.5423,0,10.023
0.95,0.039612,-2.9975,1,-0.10419,-0.026435,0,0.99421,5.8778,1.4109,0,-0.059314,-4.5841,-0.47884,-0.52766,2.0798,0,0,0,0,1.5047,1.5072,1.5034,1.5079,-46.088,0.86815,0,-34.523,9.6915,0,10.039
0.96,0.098356,-2.9833,1,-0.10436,-0.049469,0,0.99331,5.8702,1.4318,0,-0.046192,-4.5825,-0.47917,-0.99018,2.0889,0,0,0,0,1.5089,1.5136,1.5102,1.5125,-46.408,0.96562,0,-29.561,9.7946,0,10.075
0.97,0.157,-2.9688,1,-0.10441,-0.072408,0,0.99189,5.858,1.4527,0,-0.033046,-4.5563,-0.47722,-1.4556,2.0991,0,0,0,0,1.5163,1.5232,1.5203,1.5204,-46.679,1.0639,0,-24.559,9.8532,0,10.134
0.98,0.2155,-2.9542,1,-0.10435,-0.095118,0,0.98998,5.8411,1.4738,0,-0.020194,-4.5064,-0.47304,-1.9236,2.1102,0,0,0,0,1.5271,1.536,1.5336,1.5315,-46.899,1.1625,0,-19.523,9.8687,0,10.214
0.99,0.27381,-2.9394,1,-0.10417,-0.11747,0,0.9876,5.8195,1.4949,0,-0.0079323,-4.4342,-0.46674,-2.3935,2.1223,0,0,0,0,1.5412,1.5519,1.5501,1.5459,-47.069,1.2611,0,-14.458,9.8426,0,10.315
1,0.33187,-2.9243,1,-0.10388,-0.13936,0,0.98478,5.7932,1.5162,0,0.0034801,-4.3417,-0.45848,-2.8648,2.1354,0,0,0,0,1.5586,1.5708,1.5695,1.5634,-47.188,1.3593,0,-9.3679,9.7761,0,10.437
1.01,0.38965,-2.909,1,-0.1035,-0.16068,0,0.98157,5.7622,1.5376,0,0.013833,-4.2316,-0.44844,-3.3371,2.1495,0,0,0,0,1.5791,1.5926,1.5918,1.5841,-47.256,1.4565,0,-4.2585,9.6709,0,10.579
1.02,0.4471,-2.8935,1,-0.10303,-0.18133,0,0.97801,5.7265,1.5592,0,0.022972,-4.1064,-0.43684,-3.8097,2.1646,0,0,0,0,1.6027,1.6172,1.6169,1.6077,-47.273,1.5526,0,0.86546,9.5283,0,10.741
1.03,0.50417,-2.8778,1,-0.10248,-0.20127,0,0.97416,5.686,1.5809,0,0.030799,-3.9689,-0.4239,-4.2823,2.1806,0,0,0,0,1.6292,1.6444,1.6446,1.6342,-47.239,1.647,0,5.999,9.3498,0,10.921
1.04,0.56081,-2.8619,1,-0.10188,-0.22042,0,0.97007,5.6408,1.6028,0,0.037272,-3.8222,-0.40987,-4.7544,2.1975,0,0,0,0,1.6584,1.6741,1.6747,1.6633,-47.153,1.7394,0,11.137,9.1367,0,11.118
1.05,0.61697,-2.8458,1,-0.10122,-0.23875,0,0.96579,5.5909,1.6249,0,0.042395,-3.6687,-0.39498,-5.2252,2.2153,0,0,0,0,1.6901,1.7061,1.7071,1.695,-47.016,1.8296,0,16.275,8.8906,0,11.331
1.06,0.67261,-2.8294,1,-0.10053,-0.25624,0,0.96137,5.5363,1.6471,0,0.046216,-3.5109,-0.37945,-5.6945,2.2341,0,0,0,0,1.7242,1.7402,1.7416,1.7289,-46.828,1.9171,0,21.408,8.6129,0,11.558
1.07,0.72768,-2.8128,1,-0.099809,-0.27288,0,0.95686,5.477,1.6696,0,0.04881,-3.3512,-0.36348,-6.1616,2.2537,0,0,0,0,1.7604,1.7762,1.7779,1.7649,-46.588,2.0018,0,26.53,8.305,0,11.799
1.08,0.78213,-2.796,1,-0.099074,-0.28867,0,0.95229,5.4131,1.6922,0,0.050278,-3.1914,-0.34726,-6.6261,2.2741,0,0,0,0,1.7984,1.814,1.8159,1.8028,-46.297,2.0831,0,31.637,7.9683,0,12.052
1.09,0.83593,-2.779,1,-0.098331,-0.30362,0,0.9477,5.3445,1.715,0,0.050734,-3.0331,-0.33096,-7.0874,2.2953,0,0,0,0,1.8382,1.8533,1.8554,1.8423,-45.955,2.161,0,36.724,7.6043,0,12.315
1.1,0.88901,-2.7617,1,-0.097591,-0.31775,0,0.94314,5.2714,1.7381,0,0.050299,-2.8775,-0.3147,-7.545,2.3173,0,0,0,0,1.8794,1.894,1.8963,1.8833,-45.563,2.2351,0,41.786,7.2145,0,12.588
1.11,0.94134,-2.7442,1,-0.096859,-0.33108,0,0.93862,5.1936,1.7614,0,0.049094,-2.7259,-0.29861,-7.9985,2.34,0,0,0,0,1.9218,1.9359,1.9383,1.9255,-45.12,2.3052,0,46.818,6.8002,0,12.869
1.12,0.99287,-2.7265,1,-0.096143,-0.34364,0,0.93417,5.1114,1.7849,0,0.047238,-2.5789,-0.28279,-8.4473,2.3634,0,0,0,0,1.9653,1.9788,1.9813,1.9688,-44.627,2.3711,0,51.815,6.3628,0,13.157
1.13,1.0436,-2.7085,1,-0.095448,-0.35545,0,0.92981,5.0247,1.8087,0,0.044842,-2.437,-0.26731,-8.8909,2.3874,0,0,0,0,2.0097,2.0226,2.0251,2.013,-44.084,2.4324,0,56.772,5.9036,0,13.451
1.14,1.0933,-2.6903,1,-0.094777,-0.36656,0,0.92555,4.9336,1.8327,0,0.042009,-2.3007,-0.25223,-9.3288,2.412,0,0,0,0,2.0547,2.067,2.0695,2.0578,-43.491,2.4891,0,61.684,5.4237,0,13.748
1.15,1.1422,-2.6719,1,-0.094135,-0.377,0,0.92142,4.8381,1.8569,0,0.038834,-2.1702,-0.2376,-9.7605,2.4372,0,0,0,0,2.1002,2.1118,2.1144,2.1031,-42.85,2.5408,0,66.545,4.9243,0,14.049
1.16,1.1901,-2.6532,1,-0.093524,-0.38679,0,0.91741,4.7384,1.8814,0,0.035398,-2.0456,-0.22346,-10.186,2.4628,0,0,0,0,2.146,2.157,2.1596,2.1487,-42.161,2.5875,0,71.351,4.4065,0,14.352
1.17,1.237,-2.6343,1,-0.092947,-0.39598,0,0.91354,4.6345,1.9062,0,0.031776,-1.9268,-0.20981,-10.604,2.4889,0,0,0,0,2.1919,2.2024,2.2049,2.1945,-41.423,2.6289,0,76.096,3.8714,0,14.656
1.18,1.2828,-2.6151,1,-0.092404,-0.4046,0,0.90981,4.5264,1.9312,0,0.02803,-1.8138,-0.19668,-11.014,2.5154,0,0,0,0,2.2378,2.2477,2.2502,2.2403,-40.639,2.6649,0,80.775,3.3202,0,14.96
1.19,1.3275,-2.5956,1,-0.091896,-0.41268,0,0.90623,4.4142,1.9565,0,0.024214,-1.7064,-0.18406,-11.416,2.5422,0,0,0,0,2.2836,2.293,2.2954,2.2859,-39.808,2.6953,0,85.383,2.7539,0,15.263
1.2,1.371,-2.5759,1,-0.091425,-0.42024,0,0.90279,4.2981,1.982,0,0.020374,-1.6044,-0.17196,-11.81,2.5693,0,0,0,0,2.3291,2.3379,2.3403,2.3312,-38.931,2.7199,0,89.915,2.1738,0,15.564
1.21,1.4134,-2.556,1,-0.09099,-0.42733,0,0.89951,4.178,2.0079,0,0.016548,-1.5076,-0.16037,-12.195,2.5966,0,0,0,0,2.3741,2.3825,2.3848,2.3762,-38.01,2.7387,0,94.366,1.581,0,15.863
1.22,1.4546,-2.5358,1,-0.090591,-0.43396,0,0.89637,4.0542,2.034,0,0.012768,-1.4158,-0.14927,-12.57,2.624,0,0,0,0,2.4186,2.4265,2.4287,2.4205,-37.044,2.7515,0,98.731,0.97658,0,16.157
1.23,1.4945,-2.5153,1,-0.090227,-0.44016,0,0.89337,3.9267,2.0603,0,0.0090594,-1.3287,-0.13865,-12.935,2.6516,0,0,0,0,2.4624,2.4699,2.472,2.4642,-36.036,2.7582,0,103,0.36172,0,16.448
1.24,1.5331,-2.4946,1,-0.089899,-0.44596,0,0.89053,3.7955,2.087,0,0.0054431,-1.2459,-0.1285,-13.291,2.6792,0,0,0,0,2.5054,2.5125,2.5146,2.5071,-34.985,2.7587,0,107.18,-0.26246,0,16.733
1.25,1.5704,-2.4736,1,-0.089605,-0.45138,0,0.88782,3.6609,2.1139,0,0.0019355,-1.1673,-0.1188,-13.635,2.7067,0,0,0,0,2.5476,2.5542,2.5563,2.5492,-33.892,2.7529,0,111.26,-0.89481,0,17.012
1.26,1.6063,-2.4523,1,-0.089345,-0.45644,0,0.88526,3.5229,2.1411,0,-0.0014505,-1.0927,-0.10953,-13.968,2.7342,0,0,0,0,2.5887,2.595,2.5969,2.5902,-32.76,2.7408,0,115.22,-1.5342,0,17.285
1.27,1.6408,-2.4307,1,-0.089118,-0.46116,0,0.88283,3.3816,2.1686,0,-0.0047051,-1.0216,-0.10067,-14.29,2.7615,0,0,0,0,2.6287,2.6347,2.6365,2.6301,-31.588,2.7222,0,119.08,-2.1795,0,17.55
1.28,1.6739,-2.4089,1,-0.088922,-0.46555,0,0.88054,3.2371,2.1964,0,-0.007821,-0.95392,-0.092197,-14.6,2.7886,0,0,0,0,2.6675,2.6732,2.675,2.6688,-30.379,2.6972,0,122.82,-2.8295,0,17.807
1.29,1.7056,-2.3868,1,-0.088757,-0.46964,0,0.87838,3.0896,2.2244,0,-0.010793,-0.88938,-0.084097,-14.897,2.8154,0,0,0,0,2.705,2.7104,2.7121,2.7063,-29.132,2.6656,0,126.43,-3.4831,0,18.056
1.3,1.7357,-2.3644,1,-0.088622,-0.47345,0,0.87635,2.9392,2.2527,0,-0.013618,-0.82774,-0.076349,-15.182,2.8419,0,0,0,0,2.7411,2.7463,2.748,2.7423,-27.85,2.6275,0,129.92,-4.1389,0,18.296
1.31,1.7643,-2.3418,1,-0.088515,-0.47697,0,0.87445,2.786,2.2812,0,-0.016293,-0.76879,-0.068932,-15.454,2.868,0,0,0,0,2.7758,2.7808,2.7824,2.777,-26.534,2.5828,0,133.28,-4.7953,0,18.527
1.32,1.7914,-2.3188,1,-0.088435,-0.48023,0,0.87267,2.6302,2.31,0,-0.018818,-0.71231,-0.061829,-15.713,2.8936,0,0,0,0,2.809,2.8137,2.8153,2.8101,-25.185,2.5316,0,136.5,-5.4508,0,18.747
1.33,1.8169,-2.2956,1,-0.088382,-0.48325,0,0.87101,2.4718,2.3391,0,-0.021194,-0.65811,-0.05502,-15.958,2.9186,0,0,0,0,2.8405,2.8451,2.8466,2.8416,-23.805,2.4738,0,139.57,-6.104,0,18.956
1.34,1.8409,-2.272,1,-0.088353,-0.48602,0,0.86947,2.311,2.3684,0,-0.023421,-0.60599,-0.048487,-16.189,2.943,0,0,0,0,2.8704,2.8749,2.8763,2.8715,-22.394,2.4095,0,142.5,-6.7533,0,19.155
1.35,1.8632,-2.2482,1,-0.088349,-0.48856,0,0.86805,2.1481,2.3979,0,-0.025501,-0.55576,-0.042213,-16.406,2.9668,0,0,0,0,2.8986,2.9029,2.9042,2.8996,-20.955,2.3388,0,145.28,-7.3973,0,19.342
1.36,1.8838,-2.2241,1,-0.088368,-0.49088,0,0.86673,1.983,2.4277,0,-0.027435,-0.50726,-0.036181,-16.608,2.9898,0,0,0,0,2.925,2.9291,2.9304,2.926,-19.489,2.2616,0,147.89,-8.0345,0,19.518
1.37,1.9028,-2.1996,1,-0.088409,-0.49299,0,0.86553,1.816,2.4577,0,-0.029226,-0.46033,-0.030374,-16.795,3.012,0,0,0,0,2.9496,2.9536,2.9548,2.9505,-17.998,2.1781,0,150.35,-8.6634,0,19.681
1.38,1.9201,-2.1749,1,-0.088471,-0.4949,0,0.86444,1.6471,2.488,0,-0.030876,-0.4148,-0.024776,-16.968,3.0333,0,0,0,0,2.9722,2.9761,2.9773,2.9731,-16.483,2.0884,0,152.63,-9.2825,0,19.831
1.39,1.9357,-2.1499,1,-0.088553,-0.4966,0,0.86345,1.4766,2.5184,0,-0.032387,-0.37052,-0.019372,-17.125,3.0537,0,0,0,0,2.993,2.9967,2.9979,2.9938,-14.946,1.9925,0,154.74,-9.8903,0,19.969
1.4,1.9497,-2.1245,1,-0.088654,-0.49811,0,0.86257,1.3047,2.549,0,-0.033763,-0.32735,-0.014148,-17.267,3.0731,0,0,0,0,3.0117,3.0154,3.0165,3.0125,-13.389,1.8906,0,156.68,-10.485,0,20.094
1.41,1.9618,-2.0989,1,-0.088774,-0.49944,0,0.86179,1.1314,2.5799,0,-0.035004,-0.28516,-0.0090886,-17.393,3.0915,0,0,0,0,3.0284,3.0321,3.0331,3.0293,-11.813,1.7828,0,158.43,-11.066,0,20.205
1.42,1.9723,-2.0729,1,-0.08891,-0.50058,0,0.86111,0.95687,2.6109,0,-0.036112,-0.24381,-0.0041803,-17.503,3.1088,0,0,0,0,3.0431,3.0467,3.0477,3.0439,-10.221,1.6693,0,159.99,-11.631,0,20.302
1.43,1.981,-2.0467,1,-0.089063,-0.50154,0,0.86054,0.78136,2.642,0,-0.037091,-0.20317,0.00059027,-17.597,3.1249,0,0,0,0,3.0557,3.0592,3.0602,3.0565,-8.6138,1.5503,0,161.35,-12.179,0,20.386
1.44,1.9879,-2.0201,1,-0.089232,-0.50233,0,0.86006,0.60498,2.6733,0,-0.03794,-0.16312,0.0052361,-17.675,3.1398,0,0,0,0,3.0662,3.0697,3.0706,3.067,-6.9943,1.4258,0,162.52,-12.708,0,20.456
1.45,1.9931,-1.9932,1,-0.089416,-0.50294,0,0.85968,0.42791,2.7048,0,-0.038662,-0.12353,0.0097698,-17.737,3.1534,0,0,0,0,3.0745,3.078,3.0789,3.0753,-5.3641,1.2962,0,163.48,-13.216,0,20.511
1.46,1.9965,-1.966,1,-0.089613,-0.50338,0,0.8594,0.2503,2.7364,0,-0.039256,-0.0843,0.014203,-17.782,3.1657,0,0,0,0,3.0807,3.0842,3.0851,3.0815,-3.7254,1.1616,0,164.24,-13.704,0,20.553
1.47,1.9981,-1.9385,1,-0.089824,-0.50365,0,0.85922,0.072314,2.7681,0,-0.039723,-0.045302,0.018549,-17.811,3.1766,0,0,0,0,3.0848,3.0882,3.0891,3.0855,-2.0801,1.0222,0,164.79,-14.17,0,20.579
1.48,1.9979,-1.9106,1,-0.090048,-0.50376,0,0.85914,-0.10588,2.7999,0,-0.040063,-0.00642,0.022818,-17.824,3.1861,0,0,0,0,3.0866,3.0901,3.0909,3.0874,-0.43024,0.87823,0,165.14,-14.616,0,20.592
1.49,1.996,-1.8825,1,-0.090283,-0.50369,0,0.85915,-0.28411,2.8318,0,-0.040272,0.032463,0.027021,-17.82,3.1941,0,0,0,0,3.0863,3.0898,3.0906,3.0871,1.2221,0.72993,0,165.3,-15.041,0,20.589
1.5,1.9922,-1.854,1,-0.09053,-0.50345,0,0.85927,-0.46222,2.8638,0,-0.040349,0.071465,0.03117,-17.8,3.2007,0,0,0,0,3.0838,3.0873,3.0881,3.0845,2.875,0.57749,0,165.26,-15.445,0,20.573
1.51,1.9867,-1.8252,1,-0.090787,-0.50305,0,0.85948,-0.64005,2.8959,0,-0.04029,0.11071,0.035276,-17.763,3.2057,0,0,0,0,3.0791,3.0826,3.0834,3.0799,4.5266,0.42109,0,165.03,-15.83,0,20.542
1.52,1.9794,-1.7961,1,-0.091053,-0.50247,0,0.85979,-0.81742,2.9279,0,-0.04009,0.15032,0.039348,-17.709,3.2091,0,0,0,0,3.0722,3.0758,3.0765,3.073,6.1751,0.26096,0,164.62,-16.194,0,20.496
1.53,1.9704,-1.7667,1,-0.091329,-0.50172,0,0.8602,-0.99417,2.96,0,-0.039742,0.19041,0.043397,-17.639,3.2109,0,0,0,0,3.0631,3.0668,3.0675,3.0639,7.8185,0.097273,0,164.03,-16.539,0,20.436
1.54,1.9595,-1.7369,1,-0.091613,-0.50079,0,0.86071,-1.1701,2.9921,0,-0.03924,0.23113,0.047433,-17.553,3.211,0,0,0,0,3.0519,3.0557,3.0564,3.0527,9.4551,-0.069765,0,163.26,-16.865,0,20.361
1.55,1.947,-1.7068,1,-0.091904,-0.49968,0,0.86132,-1.3452,3.0242,0,-0.038576,0.27261,0.051467,-17.45,3.2095,0,0,0,0,3.0386,3.0424,3.0431,3.0394,11.083,-0.23996,0,162.32,-17.172,0,20.272
1.56,1.9326,-1.6764,1,-0.092202,-0.49839,0,0.86203,-1.5191,3.0563,0,-0.037738,0.31499,0.055509,-17.331,3.2062,0,0,0,0,3.0231,3.027,3.0277,3.024,12.701,-0.41314,0,161.2,-17.46,0,20.17
1.57,1.9166,-1.6457,1,-0.092505,-0.49692,0,0.86285,-1.6917,3.0884,0,-0.036716,0.35841,0.059569,-17.196,3.2012,0,0,0,0,3.0055,3.0096,3.0102,3.0064,14.307,-0.58909,0,159.92,-17.729,0,20.053
1.58,1.8988,-1.6146,1,-0.092814,-0.49524,0,0.86378,-1.863,3.1203,0,-0.035496,0.40303,0.063657,-17.045,3.1944,0,0,0,0,2.9859,2.9901,2.9907,2.9868,15.899,-0.76765,0,158.48,-17.98,0,19.922
1.59,1.8793,-1.5833,1,-0.093127,-0.49337,0,0.86482,-2.0326,3.1522,0,-0.034063,0.44901,0.067784,-16.878,3.1858,0,0,0,0,2.9642,2.9686,2.9692,2.9652,17.476,-0.94863,0,156.88,-18.213,0,19.779
1.6,1.8582,-1.5516,1,-0.093443,-0.4913,0,0.86597,-2.2005,3.1841,0,-0.032399,0.49653,0.07196,-16.696,3.1754,0,0,0,0,2.9405,2.9451,2.9457,2.9415,19.036,-1.1319,0,155.13,-18.428,0,19.621
1.61,1.8353,-1.5196,1,-0.093761,-0.489,0,0.86723,-2.3664,3.2157,0,-0.030485,0.54577,0.076196,-16.497,3.1632,0,0,0,0,2.9149,2.9196,2.9202,2.9159,20.578,-1.3171,0,153.22,-18.626,0,19.451
1.62,1.8108,-1.4873,1,-0.094079,-0.48649,0,0.86861,-2.5304,3.2473,0,-0.028299,0.59691,0.080502,-16.284,3.1491,0,0,0,0,2.8873,2.8923,2.8928,2.8884,22.1,-1.5043,0,151.17,-18.806,0,19.268
1.63,1.7847,-1.4547,1,-0.094398,-0.48374,0,0.87011,-2.6921,3.2787,0,-0.025815,0.65018,0.08489,-16.056,3.1331,0,0,0,0,2.8579,2.8631,2.8636,2.859,23.601,-1.6932,0,148.97,-18.969,0,19.073
1.64,1.757,-1.4217,1,-0.094714,-0.48075,0,0.87173,-2.8514,3.31,0,-0.023005,0.70579,0.089372,-15.812,3.1152,0,0,0,0,2.8266,2.8321,2.8326,2.8278,25.079,-1.8836,0,146.63,-19.116,0,18.865
1.65,1.7277,-1.3885,1,-0.095027,-0.4775,0,0.87348,-3.0083,3.341,0,-0.019837,0.76398,0.093959,-15.554,3.0954,0,0,0,0,2.7936,2.7994,2.7998,2.7949,26.533,-2.0755,0,144.16,-19.246,0,18.646
1.66,1.6969,-1.3549,1,-0.095336,-0.47398,0,0.87536,-3.1625,3.3719,0,-0.016275,0.825,0.098663,-15.282,3.0737,0,0,0,0,2.7589,2.765,2.7654,2.7602,27.961,-2.2685,0,141.56,-19.36,0,18.416
1.67,1.6645,-1.321,1,-0.095637,-0.47018,0,0.87738,-3.3139,3.4025,0,-0.012279,0.88912,0.1035,-14.995,3.0501,0,0,0,0,2.7225,2.729,2.7294,2.724,29.363,-2.4626,0,138.82,-19.458,0,18.175
1.68,1.6306,-1.2868,1,-0.095929,-0.46607,0,0.87953,-3.4623,3.4329,0,-0.0078023,0.95664,0.10847,-14.694,3.0245,0,0,0,0,2.6846,2.6914,2.6918,2.6861,30.737,-2.6576,0,135.97,-19.54,0,17.923
1.69,1.5952,-1.2524,1,-0.09621,-0.46165,0,0.88183,-3.6077,3.463,0,-0.0027954,1.0279,0.11361,-14.38,2.9969,0,0,0,0,2.6452,2.6524,2.6527,2.6468,32.082,-2.8534,0,132.99,-19.607,0,17.662
1.7,1.5584,-1.2176,1,-0.096477,-0.45689,0,0.88427,-3.7499,3.4928,0,0.0027993,1.1031,0.11891,-14.053,2.9674,0,0,0,0,2.6043,2.612,2.6123,2.6061,33.397,-3.0497,0,129.89,-19.659,0,17.391
1.71,1.5202,-1.1825,1,-0.096728,-0.45178,0,0.88687,-3.8887,3.5223,0,0.0090455,1.1828,0.12439,-13.712,2.9359,0,0,0,0,2.5622,2.5704,2.5706,2.564,34.68,-3.2465,0,126.68,-19.695,0,17.112
1.72,1.4807,-1.1471,1,-0.096958,-0.44628,0,0.88963,-4.0241,3.5515,0,0.016015,1.2672,0.13008,-13.359,2.9025,0,0,0,0,2.5188,2.5275,2.5277,2.5208,35.93,-3.4436,0,123.36,-19.717,0,16.825
1.73,1.4398,-1.1115,1,-0.097164,-0.44037,0,0.89254,-4.1559,3.5804,0,0.023786,1.3568,0.13597,-12.994,2.867,0,0,0,0,2.4742,2.4835,2.4837,2.4764,37.147,-3.6408,0,119.94,-19.725,0,16.53
1.74,1.3976,-1.0755,1,-0.097343,-0.43402,0,0.89563,-4.2839,3.6088,0,0.032449,1.452,0.14209,-12.617,2.8296,0,0,0,0,2.4287,2.4386,2.4387,2.431,38.329,-3.838,0,116.41,-19.718,0,16.228
1.75,1.3541,-1.0393,1,-0.097489,-0.42721,0,0.89888,-4.4081,3.6369,0,0.042102,1.5533,0.14845,-12.227,2.7903,0,0,0,0,2.3822,2.3928,2.3928,2.3846,39.475,-4.0351,0,112.79,-19.698,0,15.921
1.76,1.3094,-1.0028,1,-0.097597,-0.41991,0,0.90231,-4.5284,3.6646,0,0.052853,1.6611,0.15507,-11.827,2.7489,0,0,0,0,2.3349,2.3462,2.3461,2.3375,40.584,-4.2319,0,109.07,-19.663,0,15.608
1.77,1.2636,-0.96601,1,-0.097661,-0.41206,0,0.90591,-4.6447,3.6919,0,0.064823,1.7758,0.16195,-11.416,2.7056,0,0,0,0,2.2869,2.2991,2.2988,2.2898,41.656,-4.4283,0,105.26,-19.616,0,15.291
1.78,1.2165,-0.92896,1,-0.097675,-0.40365,0,0.90969,-4.7567,3.7187,0,0.078144,1.898,0.16911,-10.994,2.6604,0,0,0,0,2.2384,2.2514,2.2511,2.2415,42.689,-4.6242,0,101.37,-19.555,0,14.971
1.79,1.1684,-0.89164,1,-0.09763,-0.39462,0,0.91364,-4.8645,3.7451,0,0.092957,2.0281,0.17656,-10.562,2.6132,0,0,0,0,2.1895,2.2035,2.203,2.1928,43.683,-4.8194,0,97.388,-19.481,0,14.648
1.8,1.1193,-0.85406,1,-0.097519,-0.38493,0,0.91778,-4.9679,3.771,0,0.10942,2.1665,0.18431,-10.121,2.564,0,0,0,0,2.1403,2.1553,2.1547,2.144,44.637,-5.0138,0,93.33,-19.395,0,14.324
1.81,1.0691,-0.81622,1,-0.097332,-0.37454,0,0.92209,-5.0669,3.7964,0,0.12769,2.3137,0.19236,-9.6697,2.5129,0,0,0,0,2.0912,2.1072,2.1063,2.0951,45.549,-5.2073,0,89.196,-19.296,0,14
1.82,1.0179,-0.77813,1,-0.097058,-0.36339,0,0.92657,-5.1613,3.8213,0,0.14795,2.4699,0.2007,-9.2098,2.4598,0,0,0,0,2.0421,2.0592,2.0581,2.0463,46.42,-5.3997,0,84.99,-19.186,0,13.676
1.83,0.96588,-0.73979,1,-0.096686,-0.35144,0,0.9312,-5.2511,3.8456,0,0.17038,2.6355,0.20934,-8.7414,2.4049,0,0,0,0,1.9934,2.0116,2.0103,1.9979,47.249,-5.5909,0,80.717,-19.063,0,13.355
1.84,0.91294,-0.70122,1,-0.096203,-0.33863,0,0.93599,-5.3361,3.8693,0,0.19514,2.8103,0.21825,-8.2649,2.348,0,0,0,0,1.9452,1.9645,1.963,1.9501,48.034,-5.7809,0,76.378,-18.928,0,13.038
1.85,0.85918,-0.66241,1,-0.095594,-0.32491,0,0.9409,-5.4163,3.8925,0,0.22241,2.9944,0.22743,-7.7809,2.2893,0,0,0,0,1.8978,1.9183,1.9164,1.9031,48.776,-5.9695,0,71.979,-18.782,0,12.726
1.86,0.80463,-0.62337,1,-0.094844,-0.31022,0,0.94592,-5.4917,3.9151,0,0.25236,3.1873,0.23682,-7.2896,2.2286,0,0,0,0,1.8515,1.873,1.8709,1.8571,49.474,-6.1565,0,67.523,-18.623,0,12.421
1.87,0.74936,-0.58411,1,-0.093936,-0.29452,0,0.95102,-5.5621,3.9371,0,0.28509,3.3883,0.24639,-6.7915,2.1662,0,0,0,0,1.8064,1.829,1.8265,1.8124,50.126,-6.3419,0,63.014,-18.454,0,12.124
1.88,0.69341,-0.54463,1,-0.092852,-0.27775,0,0.95616,-5.6275,3.9584,0,0.3207,3.5963,0.25608,-6.2872,2.1018,0,0,0,0,1.7629,1.7865,1.7836,1.7693,50.734,-6.5255,0,58.455,-18.273,0,11.837
1.89,0.63683,-0.50494,1,-0.091574,-0.25988,0,0.96129,-5.6878,3.9791,0,0.35921,3.8096,0.2658,-5.777,2.0356,0,0,0,0,1.7213,1.7456,1.7423,1.7281,51.295,-6.7073,0,53.849,-18.081,0,11.562
1.9,0.57967,-0.46505,1,-0.090084,-0.24088,0,0.96637,-5.743,3.9991,0,0.40055,4.026,0.27545,-5.2614,1.9677,0,0,0,0,1.682,1.7068,1.7031,1.689,51.811,-6.8871,0,49.202,-17.879,0,11.301
1.91,0.52199,-0.42496,1,-0.088361,-0.22072,0,0.97133,-5.793,4.0185,0,0.44456,4.2427,0.28493,-4.741,1.8979,0,0,0,0,1.6452,1.6702,1.6661,1.6525,52.279,-7.0648,0,44.515,-17.665,0,11.057
1.92,0.46383,-0.38468,1,-0.086389,-0.19942,0,0.9761,-5.8378,4.0371,0,0.49092,4.4563,0.2941,-4.216,1.8264,0,0,0,0,1.6113,1.6361,1.6316,1.6188,52.701,-7.2404,0,39.794,-17.441,0,10.83
1.93,0.40525,-0.34422,1,-0.084151,-0.17698,0,0.98061,-5.8773,4.055,0,0.53921,4.6627,0.30281,-3.6871,1.7531,0,0,0,0,1.5806,1.6048,1.5999,1.5882,53.075,-7.4136,0,35.041,-17.206,0,10.622
1.94,0.3463,-0.30359,1,-0.081633,-0.15346,0,0.98478,-5.9115,4.0722,0,0.58879,4.8572,0.31089,-3.1547,1.6781,0,0,0,0,1.5534,1.5766,1.5713,1.5611,53.402,-7.5845,0,30.26,-16.961,0,10.437
1.95,0.28703,-0.26278,1,-0.078827,-0.12893,0,0.98852,-5.9404,4.0886,0,0.63891,5.0349,0.31817,-2.6192,1.6014,0,0,0,0,1.5301,1.5517,1.546,1.5377,53.68,-7.7528,0,25.455,-16.706,0,10.276
1.96,0.22751,-0.22182,1,-0.075727,-0.10348,0,0.99174,-5.9639,4.1042,0,0.68864,5.1905,0.32448,-2.0812,1.5231,0,0,0,0,1.511,1.5303,1.5244,1.5184,53.911,-7.9185,0,20.63,-16.44,0,10.14
1.97,0.16777,-0.1807,1,-0.072335,-0.077252,0,0.99438,-5.982,4.119,0,0.73694,5.319,0.32967,-1.5412,1.4431,0,0,0,0,1.4962,1.5127,1.5067,1.5032,54.093,-8.0816,0,15.789,-16.165,0,10.031
1.98,0.10788,-0.13944,1,-0.068657,-0.050406,0,0.99637,-5.9947,4.133,0,0.78272,5.4159,0.3336,-0.99953,1.3614,0,0,0,0,1.486,1.4991,1.4931,1.4924,54.226,-8.2418,0,10.934,-15.88,0,9.951
1.99,0.047896,-0.098043,1,-0.06471,-0.023125,0,0.99764,-6.002,4.1462,0,0.82487,5.4775,0.33617,-0.4568,1.2782,0,0,0,0,1.4803,1.4898,1.4839,1.4861,54.311,-8.3992,0,6.0702,-15.586,0,9.9001
2,-0.012138,-0.056518,1,-0.060514,0.0043876,0,0.99816,-6.0039,4.1586,0,0.86238,5.5014,0.33732,0.086533,1.1935,0,0,0,0,1.4794,1.4848,1.4791,1.4843,54.348,-8.5535,0,1.2005,-15.282,0,9.8793
2.01,-0.072164,-0.014874,1,-0.056098,0.03192,0,0.99791,-6.0003,4.1701,0,0.89438,5.4865,0.33703,0.62999,1.1072,0,0,0,0,1.483,1.4844,1.479,1.4871,54.335,-8.7048,0,-3.6711,-14.969,0,9.889
2.02,-0.13213,0.026881,1,-0.051493,0.059256,0,0.99691,-5.9913,4.1807,0,0.92025,5.4333,0.33534,1.1731,1.0194,0,0,0,0,1.4911,1.4885,1.4835,1.4943,54.274,-8.8528,0,-8.541,-14.646,0,9.929
2.03,-0.19197,0.068737,1,-0.046737,0.086191,0,0.99518,-5.9768,4.1905,0,0.93958,5.3438,0.33234,1.7153,0.93014,0,0,0,0,1.5037,1.4972,1.4926,1.5059,54.165,-8.9977,0,-13.406,-14.315,0,9.9988
2.04,-0.25164,0.11069,1,-0.041869,0.11253,0,0.99277,-5.957,4.1993,0,0.95229,5.2214,0.32815,2.2562,0.83945,0,0,0,0,1.5204,1.5104,1.5063,1.5216,54.006,-9.1391,0,-18.261,-13.975,0,10.098
2.05,-0.31109,0.15272,1,-0.036927,0.13811,0,0.98973,-5.9317,4.2073,0,0.95854,5.0703,0.32293,2.7953,0.74737,0,0,0,0,1.541,1.5279,1.5244,1.5414,53.799,-9.2771,0,-23.104,-13.627,0,10.225
2.06,-0.37026,0.19483,1,-0.031948,0.16279,0,0.98614,-5.9011,4.2143,0,0.95871,4.8954,0.31686,3.332,0.65392,0,0,0,0,1.5653,1.5497,1.5467,1.5649,53.544,-9.4116,0,-27.93,-13.269,0,10.378
2.07,-0.4291,0.237,1,-0.026968,0.18646,0,0.98209,-5.8651,4.2203,0,0.9534,4.7021,0.31013,3.866,0.55915,0,0,0,0,1.5931,1.5754,1.573,1.592,53.241,-9.5425,0,-32.736,-12.904,0,10.556
2.08,-0.48754,0.27923,1,-0.022016,0.20903,0,0.97766,-5.8238,4.2255,0,0.9433,4.4953,0.30292,4.3967,0.46308,0,0,0,0,1.6241,1.6049,1.6029,1.6224,52.89,-9.6697,0,-37.519,-12.53,0,10.757
2.09,-0.54555,0.32151,1,-0.01712,0.23046,0,0.97293,-5.7772,4.2296,0,0.92916,4.2801,0.29541,4.9236,0.36576,0,0,0,0,1.6579,1.6377,1.6362,1.6557,52.491,-9.7931,0,-42.274,-12.149,0,10.979
2.1,-0.60307,0.36382,1,-0.012302,0.25072,0,0.96798,-5.7253,4.2328,0,0.91177,4.0606,0.28777,5.4463,0.26723,0,0,0,0,1.6944,1.6736,1.6725,1.6919,52.044,-9.9126,0,-46.998,-11.759,0,11.221
2.11,-0.66004,0.40616,1,-0.0075782,0.2698,0,0.96289,-5.6683,4.2349,0,0.89187,3.8406,0.28013,5.9644,0.16753,0,0,0,0,1.7332,1.7123,1.7115,1.7304,51.551,-10.028,0,-51.687,-11.362,0,11.479
2.12,-0.71642,0.44852,1,-0.0029621,0.28773,0,0.95771,-5.606,4.2361,0,0.87014,3.6231,0.27263,6.4772,0.066682,0,0,0,0,1.7742,1.7534,1.7529,1.7712,51.011,-10.14,0,-56.338,-10.957,0,11.753
2.13,-0.77215,0.49088,1,0.0015372,0.30452,0,0.9525,-5.5387,4.2363,0,0.84721,3.4106,0.26536,6.9844,-0.035257,0,0,0,0,1.817,1.7965,1.7963,1.8139,50.424,-10.247,0,-60.947,-10.545,0,12.04
2.14,-0.82718,0.53324,1,0.0059143,0.32023,0,0.94732,-5.4664,4.2354,0,0.8236,3.2048,0.25839,7.4855,-0.13825,0,0,0,0,1.8614,1.8415,1.8415,1.8583,49.792,-10.351,0,-65.51,-10.125,0,12.338
2.15,-0.88146,0.57558,1,0.010166,0.33488,0,0.9422,-5.389,4.2335,0,0.79975,3.0071,0.2518,7.9801,-0.24226,0,0,0,0,1.9072,1.888,1.8881,1.9041,49.114,-10.45,0,-70.023,-9.6989,0,12.646
2.16,-0.93494,0.61791,1,0.014293,0.34855,0,0.93718,-5.3068,4.2306,0,0.77603,2.8183,0.24563,8.4677,-0.34723,0,0,0,0,1.9541,1.9356,1.936,1.951,48.392,-10.545,0,-74.483,-9.2654,0,12.961
2.17,-0.98758,0.66019,1,0.018296,0.36128,0,0.93228,-5.2197,4.2266,0,0.75272,2.6388,0.23991,8.9478,-0.45314,0,0,0,0,2.0018,1.9843,1.9847,1.9989,47.625,-10.635,0,-78.887,-8.8251,0,13.283
2.18,-1.0393,0.70243,1,0.022179,0.37313,0,0.92751,-5.1279,4.2215,0,0.73006,2.4689,0.23466,9.42,-0.55992,0,0,0,0,2.0503,2.0337,2.0342,2.0475,46.814,-10.721,0,-83.229,-8.3782,0,13.61
2.19,-1.0901,0.74462,1,0.025945,0.38415,0,0.92291,-5.0313,4.2153,0,0.70821,2.3086,0.22988,9.8839,-0.66754,0,0,0,0,2.0993,2.0835,2.0841,2.0967,45.96,-10.803,0,-87.508,-7.925,0,13.939
2.2,-1.1399,0.78674,1,0.029599,0.39439,0,0.91847,-4.9302,4.2081,0,0.68729,2.1576,0.22559,10.339,-0.77596,0,0,0,0,2.1486,2.1337,2.1343,2.1461,45.064,-10.88,0,-91.718,-7.4655,0,14.271
2.21,-1.1887,0.82878,1,0.033149,0.40391,0,0.9142,-4.8246,4.1998,0,0.66738,2.0156,0.22178,10.785,-0.88512,0,0,0,0,2.198,2.184,2.1846,2.1957,44.126,-10.952,0,-95.857,-7,0,14.604
2.22,-1.2364,0.87073,1,0.036598,0.41276,0,0.9101,-4.7145,4.1904,0,0.64854,1.8822,0.21844,11.221,-0.99498,0,0,0,0,2.2473,2.2342,2.2349,2.2452,43.147,-11.02,0,-99.921,-6.5287,0,14.936
2.23,-1.283,0.91258,1,0.039955,0.42098,0,0.90619,-4.6002,4.1799,0,0.63079,1.757,0.21557,11.648,-1.1055,0,0,0,0,2.2965,2.2841,2.2848,2.2945,42.128,-11.083,0,-103.9,-6.0518,0,15.266
2.24,-1.3284,0.95432,1,0.043224,0.42861,0,0.90246,-4.4816,4.1683,0,0.61415,1.6395,0.21315,12.064,-1.2166,0,0,0,0,2.3452,2.3336,2.3344,2.3435,41.069,-11.141,0,-107.81,-5.5695,0,15.594
2.25,-1.3726,0.99594,1,0.046413,0.43569,0,0.8989,-4.3589,4.1556,0,0.5986,1.5292,0.21118,12.469,-1.3283,0,0,0,0,2.3935,2.3826,2.3834,2.3919,39.972,-11.194,0,-111.62,-5.0819,0,15.919
2.26,-1.4156,1.0374,1,0.049527,0.44227,0,0.89551,-4.2323,4.1417,0,0.58413,1.4257,0.20964,12.863,-1.4405,0,0,0,0,2.4411,2.4309,2.4317,2.4397,38.837,-11.242,0,-115.34,-4.5893,0,16.239
2.27,-1.4572,1.0788,1,0.052573,0.44837,0,0.8923,-4.1017,4.1268,0,0.57071,1.3284,0.20851,13.246,-1.5531,0,0,0,0,2.488,2.4784,2.4792,2.4868,37.666,-11.286,0,-118.97,-4.0918,0,16.554
2.28,-1.4976,1.12,1,0.055557,0.45402,0,0.88926,-3.9674,4.1107,0,0.55833,1.2368,0.20779,13.616,-1.6662,0,0,0,0,2.534,2.525,2.5257,2.5329,36.458,-11.324,0,-122.51,-3.5896,0,16.863
2.29,-1.5366,1.161,1,0.058483,0.45926,0,0.88637,-3.8294,4.0935,0,0.54693,1.1506,0.20747,13.975,-1.7796,0,0,0,0,2.579,2.5705,2.5713,2.5781,35.216,-11.357,0,-125.94,-3.083,0,17.165
2.3,-1.5742,1.2018,1,0.061359,0.46411,0,0.88365,-3.6879,4.0751,0,0.5365,1.0693,0.20752,14.321,-1.8933,0,0,0,0,2.6229,2.6149,2.6157,2.6221,33.94,-11.386,0,-129.26,-2.5721,0,17.459
2.31,-1.6103,1.2425,1,0.064189,0.46859,0,0.88108,-3.5431,4.0556,0,0.52698,0.99259,0.20796,14.653,-2.0073,0,0,0,0,2.6656,2.6581,2.6589,2.665,32.631,-11.409,0,-132.48,-2.057,0,17.746
2.32,-1.645,1.2829,1,0.066978,0.47273,0,0.87866,-3.3949,4.0349,0,0.51836,0.91999,0.20875,14.973,-2.1215,0,0,0,0,2.7071,2.7,2.7008,2.7066,31.29,-11.427,0,-135.58,-1.5381,0,18.024
2.33,-1.6782,1.3232,1,0.069732,0.47654,0,0.87638,-3.2436,4.0132,0,0.51058,0.85118,0.20991,15.279,-2.2358,0,0,0,0,2.7471,2.7405,2.7412,2.7468,29.92,-11.44,0,-138.57,-1.0155,0,18.293
2.34,-1.7099,1.3632,1,0.072455,0.48005,0,0.87425,-3.0894,3.9902,0,0.50362,0.78585,0.21141,15.571,-2.3502,0,0,0,0,2.7858,2.7794,2.7802,2.7855,28.519,-11.447,0,-141.44,-0.48938,0,18.552
2.35,-1.74,1.403,1,0.075151,0.48326,0,0.87224,-2.9323,3.9662,0,0.49745,0.7237,0.21326,15.849,-2.4647,0,0,0,0,2.8229,2.8169,2.8176,2.8228,27.091,-11.449,0,-144.18,0.040074,0,18.8
2.36,-1.7685,1.4425,1,0.077826,0.4862,0,0.87037,-2.7724,3.9409,0,0.49204,0.66443,0.21545,16.113,-2.5792,0,0,0,0,2.8584,2.8527,2.8535,2.8584,25.636,-11.446,0,-146.8,0.57266,0,19.038
2.37,-1.7954,1.4818,1,0.080483,0.48888,0,0.86863,-2.6101,3.9146,0,0.48735,0.60778,0.21798,16.362,-2.6936,0,0,0,0,2.8922,2.8868,2.8876,2.8924,24.156,-11.438,0,-149.28,1.1082,0,19.265
2.38,-1.8207,1.5208,1,0.083126,0.49131,0,0.86701,-2.4453,3.8871,0,0.48336,0.55351,0.22084,16.596,-2.8079,0,0,0,0,2.9244,2.9192,2.92,2.9247,22.651,-11.424,0,-151.63,1.6465,0,19.48
2.39,-1.8443,1.5595,1,0.08576,0.4935,0,0.86551,-2.2782,3.8584,0,0.48005,0.50138,0.22404,16.815,-2.9221,0,0,0,0,2.9547,2.9498,2.9506,2.9551,21.123,-11.405,0,-153.84,2.1873,0,19.684
2.4,-1.8663,1.598,1,0.088388,0.49546,0,0.86412,-2.109,3.8286,0,0.47739,0.45119,0.22757,17.019,-3.036,0,0,0,0,2.9833,2.9786,2.9794,2.9838,19.575,-11.38,0,-155.91,2.7305,0,19.875
2.41,-1.8865,1.6361,1,0.091014,0.4972,0,0.86285,-1.9379,3.7977,0,0.47536,0.40272,0.23144,17.206,-3.1497,0,0,0,0,3.0099,3.0055,3.0063,3.0106,18.006,-11.35,0,-157.83,3.2759,0,20.054
2.42,-1.905,1.6739,1,0.093641,0.49873,0,0.86169,-1.7649,3.7656,0,0.47394,0.3558,0.23564,17.379,-3.263,0,0,0,0,3.0347,3.0304,3.0312,3.0355,16.418,-11.315,0,-159.61,3.8233,0,20.22
2.43,-1.9218,1.7114,1,0.096274,0.50005,0,0.86063,-1.5903,3.7324,0,0.47312,0.31023,0.24019,17.535,-3.376,0,0,0,0,3.0575,3.0534,3.0542,3.0584,14.814,-11.274,0,-161.22,4.3724,0,20.372
2.44,-1.9368,1.7486,1,0.098915,0.50117,0,0.85968,-1.4143,3.6981,0,0.47287,0.26586,0.24508,17.675,-3.4885,0,0,0,0,3.0783,3.0743,3.0752,3.0793,13.194,-11.227,0,-162.69,4.9231,0,20.512
2.45,-1.9501,1.7854,1,0.10157,0.50209,0,0.85883,-1.2369,3.6627,0,0.47319,0.22251,0.25032,17.799,-3.6005,0,0,0,0,3.0971,3.0933,3.0942,3.0982,11.561,-11.175,0,-163.99,5.4753,0,20.638
2.46,-1.9615,1.8218,1,0.10424,0.50283,0,0.85808,-1.0584,3.6261,0,0.47406,0.18005,0.25592,17.906,-3.712,0,0,0,0,3.1139,3.1101,3.1111,3.1151,9.9153,-11.118,0,-165.12,6.0287,0,20.75
2.47,-1.9712,1.8579,1,0.10692,0.50337,0,0.85743,-0.87883,3.5884,0,0.47547,0.13831,0.26189,17.997,-3.8228,0,0,0,0,3.1286,3.1249,3.1259,3.1299,8.2591,-11.055,0,-166.09,6.5831,0,20.849
2.48,-1.9791,1.8936,1,0.10963,0.50373,0,0.85687,-0.69848,3.5496,0,0.47741,0.097176,0.26822,18.071,-3.933,0,0,0,0,3.1412,3.1376,3.1386,3.1426,6.5942,-10.986,0,-166.88,7.1383,0,20.933
2.49,-1.9852,1.9289,1,0.11237,0.50391,0,0.85642,-0.51747,3.5098,0,0.47987,0.056496,0.27494,18.129,-4.0425,0,0,0,0,3.1517,3.1482,3.1492,3.1533,4.9221,-10.912,0,-167.5,7.6942,0,21.004
2.5,-1.9895,1.9638,1,0.11513,0.50391,0,0.85605,-0.33596,3.4688,0,0.48284,0.016146,0.28205,18.17,-4.1513,0,0,0,0,3.1601,3.1566,3.1577,3.1618,3.2448,-10.832,0,-167.94,8.2505,0,21.06
2.51,-1.9919,1.9982,1,0.11792,0.50372,0,0.85578,-0.15413,3.4267,0,0.48631,-0.024001,0.28956,18.194,-4.2592,0,0,0,0,3.1663,3.163,3.1641,3.1682,1.5639,-10.747,0,-168.19,8.807,0,21.103
2.52,-1.9926,2.0323,1,0.12075,0.50336,0,0.8556,0.027856,3.3836,0,0.49028,-0.06407,0.29748,18.201,-4.3662,0,0,0,0,3.1705,3.1672,3.1683,3.1724,-0.1185,-10.656,0,-168.26,9.3636,0,21.131
2.53,-1.9914,2.0659,1,0.12362,0.50282,0,0.85551,0.20983,3.3394,0,0.49473,-0.10418,0.30583,18.191,-4.4723,0,0,0,0,3.1725,3.1692,3.1704,3.1746,-1.8007,-10.56,0,-168.15,9.9198,0,21.145
2.54,-1.9884,2.0991,1,0.12652,0.50209,0,0.85551,0.39163,3.2942,0,0.49967,-0.14446,0.31462,18.165,-4.5774,0,0,0,0,3.1724,3.1691,3.1704,3.1746,-3.4809,-10.458,0,-167.85,10.475,0,21.144
2.55,-1.9835,2.1318,1,0.12947,0.50118,0,0.8556,0.57307,3.2479,0,0.50509,-0.18503,0.32386,18.122,-4.6814,0,0,0,0,3.1703,3.167,3.1683,3.1726,-5.1572,-10.35,0,-167.38,11.029,0,21.13
2.56,-1.9769,2.164,1,0.13247,0.50009,0,0.85578,0.754,3.2006,0,0.51098,-0.226,0.33358,18.062,-4.7844,0,0,0,0,3.166,3.1627,3.164,3.1684,-6.8279,-10.237,0,-166.73,11.582,0,21.102
2.57,-1.9685,2.1958,1,0.13551,0.49881,0,0.85605,0.93425,3.1522,0,0.51734,-0.26752,0.34379,17.985,-4.8861,0,0,0,0,3.1596,3.1563,3.1577,3.1622,-8.4913,-10.119,0,-165.92,12.132,0,21.06
2.58,-1.9582,2.2271,1,0.13861,0.49733,0,0.85642,1.1137,3.1028,0,0.52416,-0.3097,0.35451,17.892,-4.9867,0,0,0,0,3.1512,3.1478,3.1493,3.1539,-10.146,-9.9946,0,-164.93,12.68,0,21.004
2.59,-1.9462,2.2579,1,0.14177,0.49566,0,0.85687,1.292,3.0525,0,0.53144,-0.35267,0.36577,17.782,-5.086,0,0,0,0,3.1408,3.1373,3.1389,3.1436,-11.789,-9.8651,0,-163.79,13.224,0,20.934
2.6,-1.9324,2.2881,1,0.14498,0.49379,0,0.85741,1.4692,3.0011,0,0.53918,-0.39658,0.37757,17.656,-5.184,0,0,0,0,3.1283,3.1248,3.1265,3.1313,-13.421,-9.7301,0,-162.48,13.765,0,20.852
2.61,-1.9168,2.3179,1,0.14826,0.49171,0,0.85804,1.6451,2.9488,0,0.54736,-0.44155,0.38997,17.514,-5.2806,0,0,0,0,3.1139,3.1103,3.1121,3.117,-15.039,-9.5898,0,-161.02,14.302,0,20.756
2.62,-1.8995,2.3471,1,0.1516,0.48942,0,0.85877,1.8195,2.8955,0,0.55599,-0.48774,0.40296,17.355,-5.3758,0,0,0,0,3.0976,3.0938,3.0957,3.1008,-16.641,-9.4441,0,-159.41,14.834,0,20.647
2.63,-1.8804,2.3758,1,0.155,0.48691,0,0.85959,1.9922,2.8413,0,0.56505,-0.53529,0.41659,17.181,-5.4695,0,0,0,0,3.0793,3.0755,3.0775,3.0827,-18.226,-9.2931,0,-157.64,15.362,0,20.525
2.64,-1.8596,2.4039,1,0.15848,0.48417,0,0.8605,2.163,2.7861,0,0.57454,-0.58435,0.43089,16.991,-5.5616,0,0,0,0,3.0593,3.0553,3.0574,3.0628,-19.793,-9.1369,0,-155.73,15.884,0,20.391
2.65,-1.8372,2.4315,1,0.16203,0.48119,0,0.86151,2.3319,2.7301,0,0.58444,-0.63508,0.44588,16.785,-5.6522,0,0,0,0,3.0374,3.0332,3.0354,3.041,-21.34,-8.9755,0,-153.68,16.401,0,20.245
2.66,-1.813,2.4585,1,0.16566,0.47797,0,0.86261,2.4987,2.6731,0,0.59473,-0.68766,0.4616,16.564,-5.7411,0,0,0,0,3.0137,3.0094,3.0118,3.0176,-22.866,-8.8089,0,-151.49,16.911,0,20.087
2.67,-1.7872,2.485,1,0.16937,0.47449,0,0.86381,2.6632,2.6152,0,0.6054,-0.74225,0.47809,16.328,-5.8283,0,0,0,0,2.9884,2.9839,2.9864,2.9924,-24.37,-8.6373,0,-149.16,17.414,0,19.918
2.68,-1.7598,2.5108,1,0.17316,0.47075,0,0.86511,2.8252,2.5565,0,0.61643,-0.79904,0.49537,16.077,-5.9138,0,0,0,0,2.9615,2.9567,2.9594,2.9656,-25.849,-8.4606,0,-146.71,17.91,0,19.739
2.69,-1.7307,2.5361,1,0.17704,0.46672,0,0.8665,2.9847,2.497,0,0.62778,-0.85822,0.51348,15.811,-5.9975,0,0,0,0,2.933,2.9279,2.9308,2.9372,-27.303,-8.2791,0,-144.12,18.399,0,19.548
2.7,-1.7001,2.5608,1,0.181,0.4624,0,0.868,3.1414,2.4366,0,0.63943,-0.91998,0.53247,15.531,-6.0794,0,0,0,0,2.903,2.8977,2.9007,2.9074,-28.731,-8.0927,0,-141.41,18.88,0,19.348
2.71,-1.6679,2.5848,1,0.18505,0.45777,0,0.8696,3.2952,2.3754,0,0.65133,-0.98453,0.55237,15.237,-6.1594,0,0,0,0,2.8715,2.8659,2.8692,2.8761,-30.131,-7.9015,0,-138.58,19.352,0,19.138
2.72,-1.6342,2.6083,1,0.18919,0.45281,0,0.8713,3.4461,2.3134,0,0.66343,-1.0521,0.57322,14.928,-6.2374,0,0,0,0,2.8388,2.8328,2.8363,2.8435,-31.502,-7.7057,0,-135.63,19.815,0,18.919
2.73,-1.599,2.6311,1,0.19343,0.44751,0,0.87311,3.5938,2.2506,0,0.67567,-1.1228,0.59506,14.607,-6.3135,0,0,0,0,2.8048,2.7985,2.8022,2.8097,-32.843,-7.5053,0,-132.57,20.268,0,18.692
2.74,-1.5623,2.6533,1,0.19775,0.44185,0,0.87502,3.7382,2.1871,0,0.68798,-1.197,0.61793,14.272,-6.3875,0,0,0,0,2.7696,2.7629,2.7669,2.7746,-34.153,-7.3004,0,-129.39,20.711,0,18.457
2.75,-1.5242,2.6748,1,0.20218,0.4358,0,0.87704,3.8791,2.1229,0,0.70027,-1.2749,0.64186,13.924,-6.4595,0,0,0,0,2.7334,2.7262,2.7305,2.7385,-35.431,-7.0911,0,-126.11,21.144,0,18.214
2.76,-1.4847,2.6957,1,0.20669,0.42936,0,0.87916,4.0166,2.058,0,0.71244,-1.3567,0.6669,13.563,-6.5293,0,0,0,0,2.6962,2.6885,2.6932,2.7015,-36.675,-6.8775,0,-122.73,21.566,0,17.966
2.77,-1.4439,2.716,1,0.2113,0.42249,0,0.88139,4.1504,1.9923,0,0.72438,-1.4426,0.69307,13.19,-6.597,0,0,0,0,2.6581,2.6499,2.655,2.6635,-37.885,-6.6598,0,-119.24,21.976,0,17.711
2.78,-1.4017,2.7356,1,0.21601,0.41517,0,0.88373,4.2804,1.926,0,0.73594,-1.5328,0.7204,12.806,-6.6625,0,0,0,0,2.6193,2.6106,2.616,2.6248,-39.06,-6.438,0,-115.66,22.374,0,17.451
2.79,-1.3583,2.7545,1,0.2208,0.40738,0,0.88617,4.4064,1.8591,0,0.74696,-1.6276,0.74891,12.409,-6.7258,0,0,0,0,2.5799,2.5705,2.5763,2.5854,-40.198,-6.2124,0,-111.99,22.759,0,17.187
2.8,-1.3136,2.7728,1,0.22567,0.39909,0,0.88871,4.5285,1.7915,0,0.75726,-1.7271,0.77863,12.002,-6.7867,0,0,0,0,2.54,2.53,2.5362,2.5456,-41.299,-5.9829,0,-108.23,23.132,0,16.92
2.81,-1.2678,2.7903,1,0.23063,0.39027,0,0.89135,4.6464,1.7234,0,0.76663,-1.8315,0.80954,11.583,-6.8454,0,0,0,0,2.4997,2.489,2.4957,2.5053,-42.362,-5.7498,0,-104.38,23.491,0,16.649
2.82,-1.2207,2.8072,1,0.23566,0.38089,0,0.89409,4.7601,1.6546,0,0.77481,-1.9409,0.84166,11.155,-6.9017,0,0,0,0,2.4593,2.4477,2.455,2.4647,-43.386,-5.5131,0,-100.45,23.836,0,16.378
2.83,-1.1726,2.8234,1,0.24076,0.37092,0,0.89691,4.8695,1.5853,0,0.78153,-2.0554,0.87495,10.716,-6.9557,0,0,0,0,2.4187,2.4063,2.4141,2.4241,-44.371,-5.2731,0,-96.436,24.166,0,16.105
2.84,-1.1233,2.8389,1,0.24592,0.36033,0,0.89983,4.9744,1.5155,0,0.78647,-2.1751,0.90938,10.267,-7.0072,0,0,0,0,2.3782,2.365,2.3734,2.3834,-45.315,-5.0298,0,-92.351,24.482,0,15.833
2.85,-1.0731,2.8537,1,0.25111,0.3491,0,0.90281,5.0748,1.4452,0,0.7893,-2.2998,0.94489,9.8097,-7.0562,0,0,0,0,2.3379,2.3238,2.3328,2.3429,-46.218,-4.7835,0,-88.195,24.782,0,15.562
2.86,-1.0219,2.8678,1,0.25633,0.33719,0,0.90587,5.1706,1.3744,0,0.78962,-2.4295,0.98139,9.3432,-7.1028,0,0,0,0,2.2981,2.283,2.2927,2.3028,-47.078,-4.5343,0,-83.97,25.066,0,15.294
2.87,-0.9697,2.8812,1,0.26157,0.32457,0,0.90898,5.2617,1.3031,0,0.78702,-2.5638,1.0188,8.8683,-7.1469,0,0,0,0,2.2588,2.2428,2.2532,2.2631,-47.897,-4.2823,0,-79.681,25.333,0,15.03
2.88,-0.91664,2.8939,1,0.26679,0.31121,0,0.91213,5.3479,1.2315,0,0.78106,-2.7023,1.0569,8.3854,-7.1885,0,0,0,0,2.2203,2.2033,2.2144,2.2242,-48.672,-4.0277,0,-75.331,25.583,0,14.77
2.89,-0.86275,2.9058,1,0.27197,0.29709,0,0.9153,5.4293,1.1594,0,0.77128,-2.8444,1.0955,7.895,-7.2275,0,0,0,0,2.1827,2.1647,2.1766,2.186,-49.403,-3.7706,0,-70.924,25.816,0,14.517
2.9,-0.80807,2.9171,1,0.27709,0.28219,0,0.91847,5.5058,1.0869,0,0.75718,-2.9895,1.1345,7.3975,-7.2639,0,0,0,0,2.1463,2.1273,2.14,2.1489,-50.09,-3.5114,0,-66.463,26.031,0,14.271
2.91,-0.75265,2.9276,1,0.28212,0.26649,0,0.92163,5.5773,1.0141,0,0.73829,-3.1364,1.1736,6.8933,-7.2977,0,0,0,0,2.1112,2.0913,2.1047,2.113,-50.732,-3.2501,0,-61.951,26.227,0,14.034
2.92,-0.69655,2.9374,1,0.28701,0.24997,0,0.92474,5.6437,0.94098,0,0.71414,-3.2841,1.2123,6.383,-7.3289,0,0,0,0,2.0776,2.0569,2.0711,2.0785,-51.329,-2.9869,0,-57.392,26.404,0,13.807
2.93,-0.6398,2.9464,1,0.29174,0.23264,0,0.92778,5.7049,0.86754,0,0.68432,-3.4312,1.2505,5.8669,-7.3574,0,0,0,0,2.0457,2.0242,2.0392,2.0456,-51.88,-2.7221,0,-52.791,26.561,0,13.591
2.94,-0.58246,2.9547,1,0.29626,0.21449,0,0.93071,5.761,0.79384,0,0.64847,-3.5759,1.2877,5.3455,-7.3833,0,0,0,0,2.0158,1.9937,2.0093,2.0144,-52.385,-2.4558,0,-48.149,26.698,0,13.389
2.95,-0.5246,2.9623,1,0.30052,0.19555,0,0.93351,5.8118,0.71989,0,0.60632,-3.7164,1.3234,4.8194,-7.4065,0,0,0,0,1.9879,1.9654,1.9817,1.9853,-52.843,-2.1882,0,-43.472,26.814,0,13.2
2.96,-0.46625,2.9691,1,0.30449,0.17583,0,0.93615,5.8573,0.64572,0,0.55772,-3.8507,1.3572,4.2888,-7.4271,0,0,0,0,1.9624,1.9395,1.9564,1.9584,-53.254,-1.9196,0,-38.762,26.908,0,13.028
2.97,-0.40747,2.9752,1,0.30811,0.15538,0,0.93858,5.8976,0.57135,0,0.50269,-3.9766,1.3886,3.7544,-7.4449,0,0,0,0,1.9393,1.9164,1.9337,1.9339,-53.618,-1.6501,0,-34.023,26.981,0,12.872
2.98,-0.34831,2.9805,1,0.31135,0.13425,0,0.94077,5.9324,0.49683,0,0.44141,-4.0917,1.4171,3.2166,-7.4601,0,0,0,0,1.9188,1.8962,1.9138,1.9119,-53.934,-1.38,0,-29.258,27.031,0,12.735
2.99,-0.28884,2.9851,1,0.31415,0.1125,0,0.94268,5.9619,0.42216,0,0.37427,-4.1938,1.4423,2.6759,-7.4725,0,0,0,0,1.9012,1.8791,1.8967,1.8927,-54.203,-1.1095,0,-24.472,27.058,0,12.616
3,-0.22909,2.989,1,0.31649,0.090211,0,0.9443,5.9859,0.34739,0,0.30185,-4.2807,1.4635,2.1327,-7.4823,0,0,0,0,1.8864,1.8652,1.8827,1.8765,-54.424,-0.83893,0,-19.667,27.062,0,12.518
3.01,-0.16914,2.9921,1,0.31831,0.067477,0,0.94558,6.0045,0.27253,0,0.22494,-4.3504,1.4805,1.5876,-7.4893,0,0,0,0,1.8747,1.8547,1.8719,1.8633,-54.596,-0.56839,0,-14.848,27.041,0,12.441
3.02,-0.10902,2.9944,1,0.3196,0.044398,0,0.94651,6.0177,0.19761,0,0.14454,-4.4013,1.493,1.041,-7.4936,0,0,0,0,1.8662,1.8476,1.8643,1.8534,-54.721,-0.29818,0,-10.017,26.996,0,12.386
3.03,-0.0488,2.996,1,0.32034,0.021085,0,0.94707,6.0254,0.12266,0,0.061762,-4.4321,1.5005,0.49335,-7.4953,0,0,0,0,1.8609,1.844,1.86,1.8469,-54.797,-0.028553,0,-5.1787,26.926,0,12.353
3.04,0.011469,2.9969,1,0.3205,-0.0023436,0,0.94724,6.0275,0.047712,0,-0.022139,-4.4419,1.503,-0.054798,-7.4942,0,0,0,0,1.8589,1.8439,1.8589,1.8438,-54.824,0.24025,0,-0.33615,26.83,0,12.342
3.05,0.071732,2.997,1,0.32009,-0.025767,0,0.94704,6.0243,-0.027213,0,-0.10586,-4.4306,1.5004,-0.60298,-7.4905,0,0,0,0,1.8602,1.8473,1.8612,1.8442,-54.803,0.50795,0,4.507,26.708,0,12.355
3.06,0.13194,2.9963,1,0.31912,-0.049066,0,0.94644,6.0155,-0.10209,0,-0.18811,-4.3984,1.4928,-1.1507,-7.484,0,0,0,0,1.8648,1.8542,1.8668,1.8481,-54.734,0.77431,0,9.3472,26.56,0,12.39
3.07,0.19202,2.9949,1,0.31759,-0.072121,0,0.94548,6.0012,-0.17689,0,-0.26765,-4.3461,1.4803,-1.6975,-7.475,0,0,0,0,1.8727,1.8644,1.8756,1.8555,-54.617,1.0391,0,14.181,26.388,0,12.447
3.08,0.25194,2.9928,1,0.31553,-0.094823,0,0.94417,5.9815,-0.25158,0,-0.34337,-4.2751,1.4632,-2.2429,-7.4633,0,0,0,0,1.8838,1.8778,1.8876,1.8664,-54.451,1.302,0,19.005,26.193,0,12.526
3.09,0.31164,2.9899,1,0.31297,-0.11707,0,0.94252,5.9564,-0.32614,0,-0.4143,-4.1869,1.4417,-2.7863,-7.4489,0,0,0,0,1.8981,1.8944,1.9026,1.8806,-54.236,1.5628,0,23.816,25.974,0,12.626
3.1,0.37105,2.9863,1,0.30995,-0.13877,0,0.94057,5.9258,-0.40055,0,-0.47969,-4.0836,1.4165,-3.3274,-7.432,0,0,0,0,1.9154,1.9139,1.9206,1.898,-53.974,1.8214,0,28.61,25.733,0,12.747
3.11,0.43014,2.9819,1,0.30651,-0.15985,0,0.93835,5.8899,-0.47477,0,-0.53898,-3.9674,1.3877,-3.8657,-7.4125,0,0,0,0,1.9357,1.9362,1.9414,1.9186,-53.664,2.0774,0,33.384,25.47,0,12.886
3.12,0.48883,2.9768,1,0.30269,-0.18023,0,0.93589,5.8485,-0.54879,0,-0.59182,-3.8406,1.3561,-4.4006,-7.3905,0,0,0,0,1.9587,1.9611,1.9648,1.942,-53.307,2.3307,0,38.134,25.186,0,13.044
3.13,0.54709,2.9709,1,0.29854,-0.19988,0,0.93323,5.8019,-0.62258,0,-0.63805,-3.7054,1.322,-4.9317,-7.3659,0,0,0,0,1.9843,1.9884,1.9906,1.9682,-52.902,2.5811,0,42.856,24.883,0,13.219
3.14,0.60485,2.9643,1,0.29411,-0.21875,0,0.9304,5.7499,-0.6961,0,-0.6777,-3.5641,1.286,-5.4584,-7.3389,0,0,0,0,2.0123,2.0178,2.0188,1.9969,-52.45,2.8283,0,47.548,24.56,0,13.41
3.15,0.66207,2.957,1,0.28944,-0.23682,0,0.92744,5.6927,-0.76934,0,-0.71093,-3.4187,1.2484,-5.9805,-7.3094,0,0,0,0,2.0426,2.0493,2.0491,2.0278,-51.951,3.0722,0,52.206,24.218,0,13.615
3.16,0.71869,2.9489,1,0.28457,-0.25407,0,0.92438,5.6303,-0.84228,0,-0.73805,-3.2711,1.2099,-6.4973,-7.2774,0,0,0,0,2.0749,2.0826,2.0814,2.0608,-51.406,3.3126,0,56.827,23.859,0,13.833
3.17,0.77466,2.9402,1,0.27955,-0.2705,0,0.92124,5.5628,-0.91489,0,-0.75944,-3.1229,1.1706,-7.0085,-7.2431,0,0,0,0,2.1089,2.1175,2.1153,2.0957,-50.814,3.5493,0,61.406,23.482,0,14.062
3.18,0.82993,2.9306,1,0.27442,-0.28611,0,0.91806,5.4902,-0.98713,0,-0.77554,-2.9755,1.1311,-7.5134,-7.2065,0,0,0,0,2.1446,2.1538,2.1508,2.1321,-50.178,3.7822,0,65.941,23.089,0,14.302
3.19,0.88444,2.9204,1,0.26921,-0.30092,0,0.91486,5.4125,-1.059,0,-0.78682,-2.8302,1.0916,-8.0119,-7.1675,0,0,0,0,2.1816,2.1914,2.1877,2.1699,-49.496,4.0111,0,70.428,22.681,0,14.551
3.2,0.93816,2.9095,1,0.26395,-0.31495,0,0.91167,5.33,-1.1305,0,-0.79379,-2.6878,1.0524,-8.5032,-7.1263,0,0,0,0,2.2199,2.23,2.2257,2.2089,-48.769,4.2358,0,74.863,22.257,0,14.807
3.21,0.99103,2.8978,1,0.25867,-0.32821,0,0.9085,5.2425,-1.2015,0,-0.79693,-2.5491,1.0137,-8.9871,-7.0828,0,0,0,0,2.2591,2.2694,2.2646,2.2489,-47.999,4.4562,0,79.243,21.82,0,15.07
3.22,1.043,2.8854,1,0.25339,-0.34074,0,0.90537,5.1502,-1.2721,0,-0.79673,-2.4147,0.97565,-9.463,-7.0371,0,0,0,0,2.2991,2.3095,2.3043,2.2896,-47.185,4.6721,0,83.565,21.369,0,15.338
3.23,1.094,2.8724,1,0.24813,-0.35255,0,0.90229,5.0533,-1.3423,0,-0.79363,-2.2849,0.93847,-9.9306,-6.9894,0,0,0,0,2.3397,2.3501,2.3447,2.3308,-46.328,4.8835,0,87.825,20.906,0,15.609
3.24,1.144,2.8586,1,0.24292,-0.36369,0,0.89929,4.9517,-1.4119,0,-0.78805,-2.1602,0.90224,-10.389,-6.9395,0,0,0,0,2.3807,2.3911,2.3854,2.3725,-45.428,5.0902,0,92.019,20.43,0,15.883
3.25,1.193,2.8441,1,0.23777,-0.37418,0,0.89635,4.8455,-1.481,0,-0.78039,-2.0405,0.86705,-10.839,-6.8876,0,0,0,0,2.422,2.4322,2.4264,2.4144,-44.487,5.2921,0,96.145,19.944,0,16.158
3.26,1.2409,2.829,1,0.23269,-0.38406,0,0.89351,4.7349,-1.5497,0,-0.77098,-1.926,0.83296,-11.279,-6.8337,0,0,0,0,2.4634,2.4734,2.4675,2.4563,-43.506,5.489,0,100.2,19.447,0,16.434
3.27,1.2877,2.8131,1,0.22769,-0.39334,0,0.89075,4.62,-1.6177,0,-0.76013,-1.8166,0.80002,-11.709,-6.7778,0,0,0,0,2.5047,2.5145,2.5085,2.4981,-42.484,5.681,0,104.17,18.941,0,16.71
3.28,1.3333,2.7966,1,0.22277,-0.40207,0,0.8881,4.5008,-1.6852,0,-0.74814,-1.7123,0.76823,-12.129,-6.7201,0,0,0,0,2.5457,2.5553,2.5493,2.5396,-41.422,5.8678,0,108.07,18.426,0,16.983
3.29,1.3777,2.7794,1,0.21795,-0.41027,0,0.88554,4.3774,-1.7521,0,-0.73523,-1.6129,0.73762,-12.537,-6.6605,0,0,0,0,2.5864,2.5958,2.5898,2.5807,-40.323,6.0495,0,111.89,17.904,0,17.254
3.3,1.4209,2.7616,1,0.21324,-0.41797,0,0.88308,4.25,-1.8184,0,-0.72163,-1.5183,0.70817,-12.935,-6.5991,0,0,0,0,2.6266,2.6357,2.6298,2.6213,-39.185,6.2259,0,115.61,17.374,0,17.522
3.31,1.4627,2.7431,1,0.20862,-0.42519,0,0.88073,4.1188,-1.8841,0,-0.70751,-1.4282,0.67987,-13.321,-6.536,0,0,0,0,2.6662,2.675,2.6691,2.6613,-38.011,6.397,0,119.25,16.839,0,17.786
3.32,1.5032,2.7239,1,0.20412,-0.43197,0,0.87848,3.9837,-1.9491,0,-0.69303,-1.3424,0.6527,-13.695,-6.4712,0,0,0,0,2.705,2.7135,2.7078,2.7004,-36.8,6.5626,0,122.8,16.298,0,18.044
3.33,1.5424,2.7041,1,0.19972,-0.43833,0,0.87635,3.8449,-2.0135,0,-0.67834,-1.2608,0.62663,-14.057,-6.4047,0,0,0,0,2.7429,2.7512,2.7455,2.7387,-35.555,6.7229,0,126.24,15.752,0,18.297
3.34,1.5801,2.6836,1,0.19542,-0.44428,0,0.87431,3.7026,-2.0772,0,-0.66354,-1.1831,0.60162,-14.406,-6.3367,0,0,0,0,2.7799,2.7879,2.7824,2.7759,-34.276,6.8777,0,129.59,15.202,0,18.543
3.35,1.6164,2.6625,1,0.19124,-0.44985,0,0.87239,3.5568,-2.1402,0,-0.64873,-1.1091,0.57765,-14.742,-6.2672,0,0,0,0,2.8158,2.8235,2.8181,2.8121,-32.964,7.0269,0,132.83,14.65,0,18.782
3.36,1.6512,2.6408,1,0.18717,-0.45507,0,0.87056,3.4078,-2.2025,0,-0.63399,-1.0385,0.55467,-15.065,-6.1962,0,0,0,0,2.8505,2.8579,2.8527,2.8471,-31.619,7.1707,0,135.97,14.095,0,19.014
3.37,1.6846,2.6185,1,0.1832,-0.45994,0,0.86885,3.2556,-2.2641,0,-0.61939,-0.97107,0.53264,-15.375,-6.1238,0,0,0,0,2.884,2.8911,2.8861,2.8808,-30.245,7.3088,0,138.99,13.539,0,19.237
3.38,1.7163,2.5955,1,0.17933,-0.46449,0,0.86723,3.1003,-2.325,0,-0.605,-0.90668,0.51153,-15.67,-6.0501,0,0,0,0,2.9161,2.923,2.9181,2.9131,-28.84,7.4414,0,141.9,12.982,0,19.45
3.39,1.7465,2.572,1,0.17557,-0.46872,0,0.86572,2.9422,-2.3851,0,-0.59084,-0.84508,0.49129,-15.951,-5.975,0,0,0,0,2.9468,2.9535,2.9487,2.944,-27.407,7.5685,0,144.69,12.425,0,19.655
3.4,1.7752,2.5478,1,0.17192,-0.47267,0,0.86431,2.7813,-2.4445,0,-0.57696,-0.78606,0.47188,-16.218,-5.8987,0,0,0,0,2.976,2.9824,2.9778,2.9733,-25.947,7.6899,0,147.36,11.87,0,19.849
3.41,1.8022,2.5231,1,0.16836,-0.47633,0,0.863,2.6179,-2.5031,0,-0.5634,-0.72942,0.45327,-16.47,-5.8212,0,0,0,0,3.0036,3.0098,3.0053,3.0011,-24.46,7.8059,0,149.9,11.316,0,20.033
3.42,1.8275,2.4978,1,0.16489,-0.47973,0,0.86178,2.452,-2.5609,0,-0.55016,-0.67497,0.43541,-16.707,-5.7426,0,0,0,0,3.0295,3.0356,3.0312,3.0272,-22.949,7.9163,0,152.32,10.765,0,20.206
3.43,1.8512,2.4719,1,0.16153,-0.48287,0,0.86066,2.2838,-2.618,0,-0.53729,-0.62254,0.41828,-16.929,-5.6629,0,0,0,0,3.0538,3.0596,3.0554,3.0516,-21.414,8.0212,0,154.6,10.217,0,20.367
3.44,1.8732,2.4454,1,0.15825,-0.48577,0,0.85964,2.1135,-2.6742,0,-0.52478,-0.57194,0.40183,-17.135,-5.5822,0,0,0,0,3.0763,3.0819,3.0779,3.0742,-19.858,8.1206,0,156.74,9.6741,0,20.517
3.45,1.8935,2.4184,1,0.15506,-0.48843,0,0.85872,1.9411,-2.7296,0,-0.51265,-0.523,0.38603,-17.326,-5.5005,0,0,0,0,3.0969,3.1024,3.0985,3.095,-18.28,8.2147,0,158.75,9.1364,0,20.655
3.46,1.912,2.3908,1,0.15196,-0.49086,0,0.85788,1.767,-2.7842,0,-0.5009,-0.47558,0.37085,-17.501,-5.4179,0,0,0,0,3.1157,3.1211,3.1173,3.1139,-16.683,8.3034,0,160.61,8.6049,0,20.78
3.47,1.9288,2.3627,1,0.14894,-0.49307,0,0.85714,1.5912,-2.838,0,-0.48955,-0.4295,0.35625,-17.66,-5.3345,0,0,0,0,3.1326,3.1378,3.1341,3.1308,-15.068,8.3868,0,162.33,8.0807,0,20.892
3.48,1.9438,2.3341,1,0.14601,-0.49508,0,0.85649,1.4139,-2.8909,0,-0.4786,-0.38463,0.34221,-17.802,-5.2502,0,0,0,0,3.1475,3.1526,3.149,3.1458,-13.437,8.465,0,163.9,7.5644,0,20.992
3.49,1.9571,2.3049,1,0.14315,-0.49687,0,0.85594,1.2352,-2.943,0,-0.46805,-0.34081,0.3287,-17.928,-5.1652,0,0,0,0,3.1605,3.1654,3.162,3.1588,-11.791,8.5381,0,165.31,7.0572,0,21.078
3.5,1.9685,2.2752,1,0.14037,-0.49846,0,0.85547,1.0553,-2.9942,0,-0.4579,-0.29792,0.31569,-18.038,-5.0795,0,0,0,0,3.1714,3.1762,3.1729,3.1698,-10.131,8.6062,0,166.56,6.5598,0,21.15
3.51,1.9782,2.245,1,0.13766,-0.49986,0,0.85509,0.87449,-3.0445,0,-0.44816,-0.25581,0.30316,-18.131,-4.9931,0,0,0,0,3.1802,3.1849,3.1817,3.1787,-8.4602,8.6693,0,167.66,6.0731,0,21.209
3.52,1.986,2.2143,1,0.13502,-0.50107,0,0.85481,0.69279,-3.094,0,-0.43882,-0.21435,0.29108,-18.207,-4.9061,0,0,0,0,3.1869,3.1916,3.1885,3.1855,-6.7788,8.7277,0,168.58,5.5981,0,21.254
3.53,1.992,2.1832,1,0.13245,-0.50209,0,0.85461,0.5104,-3.1427,0,-0.42988,-0.17341,0.27943,-18.267,-4.8185,0,0,0,0,3.1915,3.1961,3.1931,3.1902,-5.0891,8.7813,0,169.34,5.1356,0,21.285
3.54,1.9962,2.1515,1,0.12994,-0.50292,0,0.85451,0.32751,-3.1904,0,-0.42136,-0.13288,0.2682,-18.309,-4.7305,0,0,0,0,3.194,3.1986,3.1957,3.1927,-3.3925,8.8304,0,169.93,4.6865,0,21.302
3.55,1.9986,2.1194,1,0.1275,-0.50357,0,0.85449,0.14428,-3.2373,0,-0.41324,-0.092611,0.25735,-18.334,-4.6419,0,0,0,0,3.1944,3.1989,3.1961,3.1931,-1.691,8.8751,0,170.35,4.2518,0,21.304
3.56,1.9991,2.0867,1,0.12511,-0.50404,0,0.85457,-0.039118,-3.2833,0,-0.40553,-0.052492,0.24688,-18.343,-4.553,0,0,0,0,3.1926,3.197,3.1943,3.1914,0.01381,8.9155,0,170.58,3.8324,0,21.292
3.57,1.9978,2.0537,1,0.12279,-0.50433,0,0.85474,-0.22252,-3.3283,0,-0.39824,-0.012397,0.23676,-18.334,-4.4637,0,0,0,0,3.1886,3.193,3.1904,3.1874,1.72,8.9518,0,170.63,3.429,0,21.266
3.58,1.9947,2.0202,1,0.12051,-0.50444,0,0.855,-0.40574,-3.3725,0,-0.39136,0.027799,0.22698,-18.308,-4.374,0,0,0,0,3.1825,3.1868,3.1843,3.1813,3.4258,8.9842,0,170.5,3.0427,0,21.225
3.59,1.9897,1.9862,1,0.11829,-0.50437,0,0.85535,-0.58863,-3.4158,0,-0.38491,0.068221,0.21753,-18.266,-4.284,0,0,0,0,3.1741,3.1785,3.1761,3.173,5.1294,9.0127,0,170.17,2.6743,0,21.17
3.6,1.9829,1.9519,1,0.11612,-0.50411,0,0.85579,-0.771,-3.4582,0,-0.37889,0.109,0.2084,-18.206,-4.1937,0,0,0,0,3.1637,3.168,3.1657,3.1626,6.8287,9.0377,0,169.66,2.3241,0,21.1
3.61,1.9743,1.9171,1,0.114,-0.50368,0,0.85634,-0.95268,-3.4997,0,-0.3733,0.15025,0.19956,-18.129,-4.1032,0,0,0,0,3.151,3.1554,3.1532,3.1499,8.5219,9.0593,0,168.96,1.9918,0,21.016
3.62,1.9638,1.8819,1,0.11192,-0.50305,0,0.85698,-1.1335,-3.5403,0,-0.36815,0.19213,0.19102,-18.035,-4.0125,0,0,0,0,3.1362,3.1406,3.1385,3.1352,10.207,9.0776,0,168.08,1.677,0,20.918
3.63,1.9516,1.8463,1,0.10988,-0.50224,0,0.85772,-1.3133,-3.5799,0,-0.36345,0.23477,0.18275,-17.925,-3.9217,0,0,0,0,3.1193,3.1237,3.1217,3.1183,11.883,9.0929,0,167.02,1.3792,0,20.805
3.64,1.9376,1.8103,1,0.10788,-0.50124,0,0.85856,-1.492,-3.6187,0,-0.35922,0.27832,0.17475,-17.798,-3.8307,0,0,0,0,3.1003,3.1048,3.1028,3.0993,13.547,9.1052,0,165.78,1.0982,0,20.679
3.65,1.9218,1.7739,1,0.10592,-0.50004,0,0.8595,-1.6692,-3.6566,0,-0.35546,0.32292,0.167,-17.654,-3.7396,0,0,0,0,3.0792,3.0837,3.0819,3.0782,15.198,9.1149,0,164.38,0.83345,0,20.538
3.66,1.9042,1.7372,1,0.10399,-0.49864,0,0.86055,-1.845,-3.6935,0,-0.35218,0.36875,0.1595,-17.494,-3.6484,0,0,0,0,3.056,3.0606,3.0589,3.055,16.834,9.122,0,162.81,0.58467,0,20.384
3.67,1.8849,1.7,1,0.1021,-0.49703,0,0.86171,-2.0191,-3.7295,0,-0.34939,0.41598,0.15224,-17.317,-3.5572,0,0,0,0,3.0308,3.0355,3.0339,3.0298,18.454,9.1266,0,161.07,0.35142,0,20.217
3.68,1.8638,1.6626,1,0.10022,-0.49521,0,0.86297,-2.1913,-3.7646,0,-0.34712,0.46479,0.14521,-17.125,-3.4659,0,0,0,0,3.0037,3.0084,3.0069,3.0026,20.055,9.129,0,159.18,0.13334,0,20.036
3.69,1.841,1.6248,1,0.09838,-0.49316,0,0.86436,-2.3615,-3.7988,0,-0.34538,0.51538,0.1384,-16.916,-3.3746,0,0,0,0,2.9745,2.9794,2.978,2.9735,21.637,9.1293,0,157.13,-0.069978,0,19.842
3.7,1.8166,1.5866,1,0.096556,-0.49089,0,0.86586,-2.5296,-3.8321,0,-0.34419,0.56794,0.1318,-16.692,-3.2833,0,0,0,0,2.9435,2.9485,2.9472,2.9425,23.197,9.1277,0,154.93,-0.25891,0,19.636
3.71,1.7905,1.5481,1,0.094751,-0.48837,0,0.86748,-2.6953,-3.8645,0,-0.34357,0.62272,0.1254,-16.452,-3.192,0,0,0,0,2.9106,2.9158,2.9145,2.9096,24.735,9.1242,0,152.58,-0.43385,0,19.418
3.72,1.7627,1.5093,1,0.092962,-0.4856,0,0.86922,-2.8586,-3.896,0,-0.34355,0.67993,0.11921,-16.198,-3.1008,0,0,0,0,2.876,2.8813,2.8801,2.8749,26.248,9.1191,0,150.09,-0.59518,0,19.187
3.73,1.7333,1.4702,1,0.091185,-0.48256,0,0.8711,-3.0192,-3.9265,0,-0.34415,0.73985,0.1132,-15.928,-3.0097,0,0,0,0,2.8395,2.8451,2.844,2.8384,27.736,9.1124,0,147.47,-0.7433,0,18.945
3.74,1.7023,1.4308,1,0.089417,-0.47925,0,0.87311,-3.1771,-3.9562,0,-0.3454,0.80273,0.10738,-15.643,-2.9186,0,0,0,0,2.8014,2.8072,2.8062,2.8003,29.197,9.1042,0,144.7,-0.87858,0,18.692
3.75,1.6698,1.3911,1,0.087654,-0.47565,0,0.87526,-3.332,-3.9849,0,-0.34735,0.86889,0.10175,-15.344,-2.8276,0,0,0,0,2.7617,2.7677,2.7668,2.7606,30.63,9.0948,0,141.81,-1.0014,0,18.428
3.76,1.6357,1.3511,1,0.085891,-0.47173,0,0.87755,-3.4839,-4.0127,0,-0.35003,0.93864,0.096288,-15.03,-2.7367,0,0,0,0,2.7205,2.7267,2.726,2.7193,32.033,9.0842,0,138.78,-1.1122,0,18.154
3.77,1.6001,1.3108,1,0.084126,-0.46749,0,0.87999,-3.6326,-4.0396,0,-0.35347,1.0123,0.091002,-14.703,-2.6459,0,0,0,0,2.6778,2.6843,2.6837,2.6765,33.405,9.0726,0,135.64,-1.2113,0,17.87
3.78,1.563,1.2703,1,0.082354,-0.46289,0,0.88258,-3.7779,-4.0656,0,-0.35773,1.0903,0.085886,-14.362,-2.5552,0,0,0,0,2.6337,2.6406,2.64,2.6324,34.745,9.0601,0,132.37,-1.2991,0,17.578
3.79,1.5246,1.2295,1,0.08057,-0.45793,0,0.88533,-3.9198,-4.0907,0,-0.36286,1.173,0.080938,-14.008,-2.4647,0,0,0,0,2.5883,2.5955,2.5951,2.587,36.052,9.0467,0,128.99,-1.3761,0,17.277
3.8,1.4847,1.1885,1,0.078769,-0.45256,0,0.88825,-4.058,-4.1149,0,-0.3689,1.2607,0.076157,-13.641,-2.3743,0,0,0,0,2.5417,2.5494,2.5491,2.5403,37.325,9.0326,0,125.5,-1.4425,0,16.968
3.81,1.4434,1.1472,1,0.076947,-0.44678,0,0.89133,-4.1926,-4.1382,0,-0.37593,1.3541,0.07154,-13.262,-2.2841,0,0,0,0,2.4941,2.5021,2.502,2.4926,38.562,9.0179,0,121.9,-1.4988,0,16.651
3.82,1.4008,1.1057,1,0.075097,-0.44054,0,0.89459,-4.3232,-4.1606,0,-0.38399,1.4534,0.067088,-12.87,-2.194,0,0,0,0,2.4455,2.4539,2.4539,2.4439,39.762,9.0026,0,118.19,-1.5454,0,16.329
3.83,1.357,1.064,1,0.073214,-0.43381,0,0.89802,-4.4499,-4.1821,0,-0.39317,1.5593,0.062801,-12.467,-2.104,0,0,0,0,2.396,2.405,2.4051,2.3944,40.925,8.987,0,114.39,-1.5826,0,16.001
3.84,1.3118,1.0221,1,0.071292,-0.42657,0,0.90164,-4.5725,-4.2027,0,-0.40352,1.6723,0.058682,-12.052,-2.0142,0,0,0,0,2.3457,2.3553,2.3556,2.344,42.05,8.971,0,110.49,-1.6109,0,15.668
3.85,1.2655,0.97996,1,0.069323,-0.41877,0,0.90544,-4.6909,-4.2224,0,-0.41513,1.7929,0.054731,-11.626,-1.9246,0,0,0,0,2.2949,2.305,2.3055,2.2931,43.135,8.9548,0,106.49,-1.6306,0,15.331
3.86,1.218,0.93764,1,0.067301,-0.41036,0,0.90944,-4.805,-4.2412,0,-0.42806,1.9215,0.050952,-11.189,-1.8351,0,0,0,0,2.2437,2.2544,2.255,2.2418,44.179,8.9384,0,102.41,-1.6421,0,14.991
3.87,1.1694,0.89514,1,0.065218,-0.40131,0,0.91362,-4.9147,-4.2591,0,-0.44239,2.0589,0.047349,-10.743,-1.7458,0,0,0,0,2.1921,2.2035,2.2043,2.1901,45.183,8.922,0,98.245,-1.6458,0,14.65
3.88,1.1198,0.85246,1,0.063067,-0.39156,0,0.91799,-5.0198,-4.2761,0,-0.45819,2.2054,0.043927,-10.286,-1.6567,0,0,0,0,2.1404,2.1525,2.1535,2.1383,46.144,8.9055,0,93.998,-1.6421,0,14.308
3.89,1.0691,0.80962,1,0.060837,-0.38107,0,0.92254,-5.1204,-4.2922,0,-0.47552,2.3615,0.040691,-9.8199,-1.5677,0,0,0,0,2.0888,2.1016,2.1028,2.0866,47.062,8.8892,0,89.674,-1.6314,0,13.966
3.9,1.0174,0.76662,1,0.058522,-0.36978,0,0.92727,-5.2162,-4.3075,0,-0.49443,2.5277,0.037649,-9.3448,-1.4789,0,0,0,0,2.0374,2.051,2.0524,2.0351,47.937,8.8729,0,85.278,-1.614,0,13.627
3.91,0.96475,0.72347,1,0.05611,-0.35764,0,0.93217,-5.3072,-4.3218,0,-0.51496,2.7041,0.034807,-8.8613,-1.3903,0,0,0,0,1.9865,2.0008,2.0025,1.9841,48.768,8.8569,0,80.813,-1.5905,0,13.29
3.92,0.91124,0.68019,1,0.053594,-0.34458,0,0.93723,-5.3934,-4.3353,0,-0.53712,2.8908,0.032172,-8.3696,-1.3018,0,0,0,0,1.9363,1.9514,1.9533,1.9338,49.553,8.8411,0,76.284,-1.561,0,12.958
3.93,0.8569,0.63677,1,0.050962,-0.33054,0,0.94241,-5.4746,-4.3478,0,-0.56088,3.0877,0.029754,-7.8704,-1.2134,0,0,0,0,1.8871,1.9029,1.905,1.8845,50.293,8.8257,0,71.693,-1.5261,0,12.633
3.94,0.80176,0.59323,1,0.048206,-0.31547,0,0.94771,-5.5508,-4.3595,0,-0.58618,3.2943,0.027559,-7.3639,-1.1252,0,0,0,0,1.8391,1.8556,1.8579,1.8364,50.987,8.8106,0,67.045,-1.486,0,12.315
3.95,0.7459,0.54958,1,0.045317,-0.29932,0,0.95308,-5.6219,-4.3703,0,-0.61288,3.5098,0.025595,-6.8508,-1.0372,0,0,0,0,1.7926,1.8097,1.8123,1.7898,51.634,8.796,0,62.344,-1.4411,0,12.007
3.96,0.68934,0.50583,1,0.042286,-0.28202,0,0.95848,-5.6878,-4.3803,0,-0.64079,3.7327,0.023867,-6.3314,-0.94933,0,0,0,0,1.7479,1.7655,1.7682,1.7451,52.234,8.7818,0,57.594,-1.3917,0,11.711
3.97,0.63216,0.46198,1,0.039106,-0.26354,0,0.96386,-5.7485,-4.3893,0,-0.66964,3.9612,0.022379,-5.8063,-0.86158,0,0,0,0,1.7054,1.7233,1.7262,1.7026,52.786,8.7682,0,52.799,-1.3382,0,11.429
3.98,0.57439,0.41805,1,0.035771,-0.24384,0,0.96916,-5.8039,-4.3975,0,-0.69904,4.1926,0.021133,-5.2758,-0.77396,0,0,0,0,1.6653,1.6834,1.6863,1.6626,53.289,8.7551,0,47.962,-1.281,0,11.163
3.99,0.5161,0.37403,1,0.032279,-0.22291,0,0.9743,-5.854,-4.4048,0,-0.72851,4.4235,0.020125,-4.7406,-0.68647,0,0,0,0,1.6281,1.6459,1.6489,1.6254,53.745,8.7426,0,43.087,-1.2204,0,10.914
4,0.45733,0.32995,1,0.028629,-0.20075,0,0.97922,-5.8987,-4.4112,0,-0.75747,4.6499,0.019347,-4.2011,-0.59911,0,0,0,0,1.5941,1.6113,1.6143,1.5915,54.151,8.7307,0,38.179,-1.1567,0,10.685
4.01,0.39814,0.28581,1,0.024824,-0.1774,0,0.98383,-5.938,-4.4168,0,-0.78524,4.8669,0.018786,-3.6578,-0.51186,0,0,0,0,1.5635,1.5799,1.5828,1.5612,54.508,8.7194,0,33.241,-1.0902,0,10.479
4.02,0.33859,0.24162,1,0.020873,-0.1529,0,0.98802,-5.9718,-4.4215,0,-0.81105,5.0691,0.018421,-3.1111,-0.42472,0,0,0,0,1.5369,1.5519,1.5546,1.5349,54.816,8.7089,0,28.277,-1.0214,0,10.297
4.03,0.27873,0.19739,1,0.016788,-0.12735,0,0.99172,-6.0002,-4.4253,0,-0.83408,5.2508,0.018223,-2.5616,-0.33768,0,0,0,0,1.5144,1.5276,1.53,1.5127,55.074,8.699,0,23.292,-0.95064,0,10.141
4.04,0.2186,0.15312,1,0.012585,-0.10088,0,0.99482,-6.023,-4.4282,0,-0.85352,5.4061,0.018159,-2.0098,-0.25073,0,0,0,0,1.4963,1.5073,1.5094,1.4951,55.282,8.6899,0,18.288,-0.87816,0,10.014
4.05,0.15828,0.10882,1,0.0082865,-0.073631,0,0.99725,-6.0404,-4.4303,0,-0.8686,5.5295,0.018186,-1.4562,-0.16388,0,0,0,0,1.4829,1.4913,1.4929,1.4822,55.439,8.6815,0,13.271,-0.80436,0,9.9155
4.06,0.097815,0.064515,1,0.0039186,-0.045802,0,0.99894,-6.0522,-4.4315,0,-0.87869,5.6163,0.018257,-0.90119,-0.077102,0,0,0,0,1.4743,1.4797,1.4808,1.4741,55.547,8.6738,0,8.2427,-0.72958,0,9.8482
4.07,0.037258,0.020198,1,-0.00048928,-0.017602,0,0.99984,-6.0584,-4.4318,0,-0.88333,5.6631,0.018322,-0.34539,0.0096008,0,0,0,0,1.4705,1.4728,1.4734,1.4709,55.604,8.6669,0,3.2085,-0.65417,0,9.8127
4.08,-0.023334,-0.024119,1,-0.0049058,0.010742,0,0.99993,-6.0591,-4.4313,0,-0.88226,5.6678,0.018329,0.21072,0.096238,0,0,0,0,1.4716,1.4707,1.4707,1.4726,55.611,8.6607,0,-1.8281,-0.57849,0,9.8093
4.09,-0.083905,-0.068426,1,-0.0092987,0.038995,0,0.9992,-6.0542,-4.4299,0,-0.87551,5.6303,0.018229,0.76666,0.18282,0,0,0,0,1.4776,1.4734,1.4728,1.4791,55.568,8.6553,0,-6.8631,-0.50287,0,9.8382
4.1,-0.1444,-0.11271,1,-0.013637,0.066926,0,0.99766,-6.0437,-4.4277,0,-0.86334,5.5522,0.017975,1.3219,0.26935,0,0,0,0,1.4882,1.481,1.4799,1.4902,55.474,8.6506,0,-11.893,-0.42767,0,9.899
4.11,-0.20476,-0.15698,1,-0.017891,0.094321,0,0.99538,-6.0278,-4.4245,0,-0.84623,5.4366,0.017529,1.876,0.35583,0,0,0,0,1.5034,1.4935,1.4918,1.5058,55.33,8.6467,0,-16.913,-0.35323,0,9.9908
4.12,-0.26494,-0.2012,1,-0.022036,0.12098,0,0.99241,-6.0062,-4.4205,0,-0.82484,5.2881,0.01686,2.4283,0.44228,0,0,0,0,1.5229,1.5106,1.5085,1.5256,55.136,8.6436,0,-21.92,-0.27991,0,10.112
4.13,-0.32487,-0.24538,1,-0.02605,0.14675,0,0.98883,-5.9792,-4.4157,0,-0.79997,5.1119,0.015943,2.9785,0.52871,0,0,0,0,1.5464,1.5322,1.5297,1.5493,54.891,8.6411,0,-26.91,-0.20805,0,10.263
4.14,-0.3845,-0.28951,1,-0.029918,0.1715,0,0.98473,-5.9467,-4.41,0,-0.77243,4.9138,0.014766,3.526,0.61511,0,0,0,0,1.5737,1.558,1.5552,1.5767,54.597,8.6394,0,-31.879,-0.13799,0,10.439
4.15,-0.44378,-0.33358,1,-0.033628,0.19512,0,0.9802,-5.9087,-4.4034,0,-0.74306,4.6997,0.01332,4.0703,0.7015,0,0,0,0,1.6045,1.5877,1.5847,1.6076,54.254,8.6384,0,-36.823,-0.070096,0,10.641
4.16,-0.50266,-0.37758,1,-0.037174,0.21755,0,0.97534,-5.8653,-4.3959,0,-0.71264,4.4751,0.011607,4.6109,0.78788,0,0,0,0,1.6385,1.6211,1.6179,1.6416,53.861,8.638,0,-41.738,-0.0047037,0,10.865
4.17,-0.56107,-0.4215,1,-0.040553,0.23877,0,0.97023,-5.8165,-4.3876,0,-0.68186,4.245,0.0096312,5.1474,0.87426,0,0,0,0,1.6754,1.6577,1.6545,1.6784,53.419,8.6383,0,-46.62,0.057836,0,11.11
4.18,-0.61897,-0.46533,1,-0.043768,0.25874,0,0.96495,-5.7623,-4.3785,0,-0.6513,4.0136,0.0074021,5.6791,0.96065,0,0,0,0,1.7149,1.6972,1.6939,1.7178,52.929,8.6391,0,-51.466,0.11717,0,11.373
4.19,-0.6763,-0.50906,1,-0.046821,0.2775,0,0.95958,-5.7029,-4.3684,0,-0.62145,3.7844,0.0049318,6.2058,1.047,0,0,0,0,1.7567,1.7392,1.736,1.7594,52.39,8.6406,0,-56.271,0.17296,0,11.652
4.2,-0.73301,-0.55269,1,-0.04972,0.29507,0,0.95418,-5.6382,-4.3575,0,-0.59266,3.5602,0.0022337,6.7268,1.1335,0,0,0,0,1.8006,1.7835,1.7804,1.8031,51.804,8.6426,0,-61.031,0.22486,0,11.946
4.21,-0.78905,-0.59621,1,-0.052472,0.31149,0,0.9488,-5.5684,-4.3457,0,-0.56522,3.343,-0.000678,7.2417,1.2199,0,0,0,0,1.8462,1.8297,1.8266,1.8485,51.17,8.6451,0,-65.743,0.2725,0,12.252
4.22,-0.84436,-0.6396,1,-0.055088,0.32681,0,0.94348,-5.4934,-4.3331,0,-0.5393,3.1345,-0.0037896,7.75,1.3064,0,0,0,0,1.8933,1.8774,1.8745,1.8953,50.489,8.648,0,-70.403,0.31556,0,12.567
4.23,-0.8989,-0.68287,1,-0.057576,0.34108,0,0.93827,-5.4134,-4.3196,0,-0.51503,2.9355,-0.0070878,8.2513,1.3929,0,0,0,0,1.9416,1.9264,1.9236,1.9434,49.762,8.6514,0,-75.007,0.35367,0,12.892
4.24,-0.95261,-0.72599,1,-0.059948,0.35437,0,0.93318,-5.3284,-4.3053,0,-0.49245,2.7466,-0.010561,8.7451,1.4794,0,0,0,0,1.9908,1.9764,1.9738,1.9924,48.989,8.6551,0,-79.551,0.38649,0,13.223
4.25,-1.0055,-0.76897,1,-0.062213,0.36673,0,0.92825,-5.2385,-4.29,0,-0.47159,2.5681,-0.014197,9.2309,1.566,0,0,0,0,2.0409,2.0272,2.0247,2.0423,48.171,8.6591,0,-84.03,0.41368,0,13.558
4.26,-1.0574,-0.81179,1,-0.064381,0.37822,0,0.92348,-5.1438,-4.2739,0,-0.45241,2.3998,-0.017988,9.7084,1.6526,0,0,0,0,2.0915,2.0786,2.0761,2.0926,47.309,8.6633,0,-88.442,0.4349,0,13.898
4.27,-1.1083,-0.85445,1,-0.066462,0.38889,0,0.91888,-5.0444,-4.257,0,-0.43488,2.2415,-0.021925,10.177,1.7392,0,0,0,0,2.1424,2.1302,2.1279,2.1433,46.402,8.6678,0,-92.782,0.4498,0,14.24
4.28,-1.1582,-0.89693,1,-0.068465,0.39882,0,0.91447,-4.9403,-4.2391,0,-0.41893,2.093,-0.026001,10.636,1.8259,0,0,0,0,2.1934,2.1819,2.1797,2.1942,45.453,8.6723,0,-97.046,0.45806,0,14.582
4.29,-1.2071,-0.93923,1,-0.070399,0.40803,0,0.91025,-4.8317,-4.2205,0,-0.40449,1.9538,-0.030211,11.086,1.9127,0,0,0,0,2.2444,2.2335,2.2315,2.245,44.462,8.6769,0,-101.23,0.45933,0,14.924
4.3,-1.2549,-0.98133,1,-0.072273,0.4166,0,0.90621,-4.7187,-4.2009,0,-0.39148,1.8233,-0.034552,11.525,1.9995,0,0,0,0,2.2951,2.2849,2.283,2.2955,43.429,8.6815,0,-105.33,0.45327,0,15.264
4.31,-1.3015,-1.0232,1,-0.074093,0.42455,0,0.90237,-4.6012,-4.1805,0,-0.37981,1.7011,-0.039019,11.954,2.0863,0,0,0,0,2.3455,2.3359,2.3341,2.3458,42.355,8.6859,0,-109.35,0.43956,0,15.602
4.32,-1.3469,-1.0649,1,-0.075868,0.43193,0,0.89871,-4.4796,-4.1592,0,-0.36942,1.5866,-0.043612,12.372,2.1732,0,0,0,0,2.3954,2.3863,2.3846,2.3955,41.242,8.6902,0,-113.27,0.41785,0,15.936
4.33,-1.391,-1.1064,1,-0.077604,0.43878,0,0.89523,-4.3538,-4.137,0,-0.36022,1.4792,-0.048329,12.779,2.2601,0,0,0,0,2.4446,2.436,2.4344,2.4445,40.09,8.6943,0,-117.1,0.38781,0,16.266
4.34,-1.4339,-1.1477,1,-0.079307,0.44515,0,0.89194,-4.2241,-4.114,0,-0.35213,1.3785,-0.053171,13.174,2.3471,0,0,0,0,2.493,2.4849,2.4833,2.4928,38.901,8.698,0,-120.83,0.34909,0,16.59
4.35,-1.4755,-1.1887,1,-0.080983,0.45105,0,0.88882,-4.0904,-4.0901,0,-0.34509,1.284,-0.058138,13.557,2.4341,0,0,0,0,2.5405,2.5328,2.5313,2.5402,37.674,8.7012,0,-124.45,0.30137,0,16.908
4.36,-1.5157,-1.2295,1,-0.082638,0.45652,0,0.88587,-3.953,-4.0653,0,-0.33903,1.1951,-0.063233,13.927,2.5211,0,0,0,0,2.587,2.5797,2.5783,2.5865,36.412,8.704,0,-127.97,0.24429,0,17.219
4.37,-1.5546,-1.27,1,-0.084277,0.46159,0,0.88308,-3.8119,-4.0396,0,-0.33388,1.1114,-0.068457,14.285,2.6081,0,0,0,0,2.6323,2.6254,2.624,2.6317,35.115,8.7061,0,-131.38,0.17754,0,17.522
4.38,-1.592,-1.3103,1,-0.085904,0.46629,0,0.88045,-3.6673,-4.0131,0,-0.32959,1.0325,-0.073814,14.63,2.6952,0,0,0,0,2.6764,2.6698,2.6685,2.6757,33.784,8.7075,0,-134.68,0.10076,0,17.817
4.39,-1.6279,-1.3503,1,-0.087524,0.47063,0,0.87798,-3.5193,-3.9857,0,-0.32611,0.95796,-0.079308,14.961,2.7823,0,0,0,0,2.7192,2.7129,2.7116,2.7184,32.422,8.7081,0,-137.86,0.013628,0,18.103
4.4,-1.6623,-1.39,1,-0.089142,0.47463,0,0.87566,-3.3681,-3.9575,0,-0.32339,0.88745,-0.084943,15.278,2.8694,0,0,0,0,2.7605,2.7545,2.7533,2.7596,31.028,8.7077,0,-140.91,-0.084201,0,18.38
4.41,-1.6952,-1.4294,1,-0.090761,0.47833,0,0.87348,-3.2138,-3.9283,0,-0.32138,0.82062,-0.090724,15.581,2.9564,0,0,0,0,2.8004,2.7946,2.7934,2.7994,29.604,8.7063,0,-143.84,-0.19306,0,18.646
4.42,-1.7266,-1.4685,1,-0.092384,0.48172,0,0.87144,-3.0566,-3.8983,0,-0.32005,0.75712,-0.096656,15.87,3.0435,0,0,0,0,2.8386,2.8331,2.8319,2.8376,28.151,8.7038,0,-146.64,-0.3133,0,18.902
4.43,-1.7564,-1.5074,1,-0.094016,0.48484,0,0.86953,-2.8965,-3.8675,0,-0.31936,0.69667,-0.10274,16.144,3.1305,0,0,0,0,2.8753,2.8699,2.8688,2.8741,26.671,8.7,0,-149.31,-0.44524,0,19.147
4.44,-1.7845,-1.5459,1,-0.09566,0.48769,0,0.86776,-2.7337,-3.8357,0,-0.31928,0.63898,-0.109,16.403,3.2175,0,0,0,0,2.9102,2.905,2.9039,2.9089,25.166,8.6949,0,-151.83,-0.58922,0,19.38
4.45,-1.811,-1.5841,1,-0.09732,0.49029,0,0.86611,-2.5685,-3.8031,0,-0.31978,0.5838,-0.11542,16.647,3.3044,0,0,0,0,2.9434,2.9383,2.9372,2.942,23.635,8.6882,0,-154.22,-0.74558,0,19.602
4.46,-1.8359,-1.6219,1,-0.098997,0.49264,0,0.86459,-2.4008,-3.7697,0,-0.32083,0.53087,-0.12202,16.876,3.3912,0,0,0,0,2.9747,2.9698,2.9687,2.9732,22.082,8.6799,0,-156.46,-0.91467,0,19.811
4.47,-1.859,-1.6595,1,-0.1007,0.49476,0,0.86318,-2.231,-3.7353,0,-0.32242,0.47999,-0.12881,17.089,3.478,0,0,0,0,3.0041,2.9994,2.9983,3.0026,20.507,8.6699,0,-158.56,-1.0968,0,20.007
4.48,-1.8805,-1.6967,1,-0.10242,0.49665,0,0.86188,-2.0591,-3.7001,0,-0.32452,0.43093,-0.1358,17.286,3.5646,0,0,0,0,3.0317,3.027,3.026,3.03,18.911,8.6579,0,-160.49,-1.2923,0,20.191
4.49,-1.9002,-1.7335,1,-0.10417,0.49834,0,0.8607,-1.8853,-3.664,0,-0.32711,0.3835,-0.14298,17.467,3.6512,0,0,0,0,3.0572,3.0526,3.0516,3.0555,17.297,8.644,0,-162.28,-1.5016,0,20.362
4.5,-1.9182,-1.7699,1,-0.10595,0.49981,0,0.85963,-1.7098,-3.6271,0,-0.33019,0.33751,-0.15038,17.632,3.7375,0,0,0,0,3.0808,3.0763,3.0752,3.079,15.666,8.6279,0,-163.9,-1.7249,0,20.519
4.51,-1.9344,-1.806,1,-0.10776,0.50108,0,0.85867,-1.5328,-3.5893,0,-0.33372,0.2928,-0.158,17.78,3.8237,0,0,0,0,3.1023,3.0978,3.0968,3.1004,14.02,8.6094,0,-165.36,-1.9627,0,20.662
4.52,-1.9488,-1.8417,1,-0.10961,0.50215,0,0.8578,-1.3543,-3.5506,0,-0.33771,0.24919,-0.16586,17.912,3.9097,0,0,0,0,3.1217,3.1173,3.1163,3.1198,12.36,8.5886,0,-166.64,-2.2152,0,20.792
4.53,-1.9615,-1.877,1,-0.11149,0.50304,0,0.85704,-1.1746,-3.5111,0,-0.34215,0.20652,-0.17395,18.027,3.9955,0,0,0,0,3.1391,3.1347,3.1337,3.137,10.687,8.5651,0,-167.76,-2.4827,0,20.907
4.54,-1.9723,-1.9119,1,-0.11341,0.50373,0,0.85638,-0.99379,-3.4707,0,-0.34701,0.16466,-0.18231,18.126,4.081,0,0,0,0,3.1543,3.15,3.1489,3.1521,9.005,8.5388,0,-168.7,-2.7657,0,21.009
4.55,-1.9814,-1.9464,1,-0.11538,0.50424,0,0.85582,-0.81211,-3.4295,0,-0.3523,0.12346,-0.19093,18.207,4.1662,0,0,0,0,3.1674,3.1631,3.162,3.1651,7.314,8.5097,0,-169.46,-3.0644,0,21.096
4.56,-1.9886,-1.9805,1,-0.11739,0.50457,0,0.85535,-0.6297,-3.3874,0,-0.35801,0.082781,-0.19982,18.272,4.2512,0,0,0,0,3.1783,3.174,3.1729,3.176,5.6164,8.4775,0,-170.04,-3.3793,0,21.169
4.57,-1.994,-2.0142,1,-0.11945,0.50471,0,0.85498,-0.44672,-3.3444,0,-0.36412,0.042492,-0.20901,18.32,4.3358,0,0,0,0,3.1871,3.1828,3.1816,3.1847,3.914,8.4421,0,-170.42,-3.7105,0,21.227
4.58,-1.9975,-2.0474,1,-0.12156,0.50468,0,0.8547,-0.26336,-3.3006,0,-0.37065,0.002465,-0.21851,18.35,4.42,0,0,0,0,3.1937,3.1894,3.1882,3.1912,2.2086,8.4032,0,-170.62,-4.058,0,21.271
4.59,-1.9992,-2.0802,1,-0.12372,0.50447,0,0.85452,-0.079772,-3.256,0,-0.37757,-0.037424,-0.22832,18.364,4.5038,0,0,0,0,3.1981,3.1938,3.1926,3.1955,0.50212,8.3609,0,-170.64,-4.4209,0,21.3
4.6,-1.9991,-2.1125,1,-0.12594,0.50408,0,0.85443,0.10386,-3.2106,0,-0.38489,-0.0773,-0.23846,18.36,4.5872,0,0,0,0,3.2004,3.196,3.1948,3.1977,-1.2036,8.3148,0,-170.47,-4.7985,0,21.315
4.61,-1.9971,-2.1444,1,-0.12821,0.50351,0,0.85442,0.28738,-3.1643,0,-0.39261,-0.11729,-0.24896,18.34,4.6701,0,0,0,0,3.2005,3.196,3.1948,3.1977,-2.9066,8.2648,0,-170.12,-5.1897,0,21.315
4.62,-1.9934,-2.1758,1,-0.13055,0.50276,0,0.85451,0.47061,-3.1172,0,-0.40071,-0.15751,-0.25983,18.302,4.7525,0,0,0,0,3.1985,3.1939,3.1926,3.1956,-4.6054,8.2109,0,-169.6,-5.5938,0,21.301
4.63,-1.9877,-2.2067,1,-0.13295,0.50182,0,0.85469,0.65337,-3.0692,0,-0.40922,-0.19809,-0.27108,18.248,4.8343,0,0,0,0,3.1943,3.1897,3.1883,3.1913,-6.2981,8.1529,0,-168.91,-6.0099,0,21.273
4.64,-1.9803,-2.2372,1,-0.13541,0.5007,0,0.85496,0.8355,-3.0205,0,-0.41811,-0.23916,-0.28274,18.176,4.9155,0,0,0,0,3.188,3.1833,3.1819,3.1849,-7.983,8.0907,0,-168.05,-6.4371,0,21.23
4.65,-1.971,-2.2671,1,-0.13794,0.49939,0,0.85532,1.0168,-2.9709,0,-0.4274,-0.28084,-0.29483,18.088,4.9961,0,0,0,0,3.1796,3.1748,3.1733,3.1763,-9.6584,8.0242,0,-167.02,-6.8746,0,21.173
4.66,-1.96,-2.2966,1,-0.14054,0.49789,0,0.85578,1.1972,-2.9206,0,-0.43708,-0.32327,-0.30738,17.983,5.076,0,0,0,0,3.1691,3.1642,3.1627,3.1658,-11.323,7.9532,0,-165.83,-7.3215,0,21.103
4.67,-1.9471,-2.3256,1,-0.14321,0.49619,0,0.85632,1.3765,-2.8694,0,-0.44715,-0.36659,-0.32041,17.862,5.1552,0,0,0,0,3.1566,3.1516,3.15,3.1531,-12.975,7.8777,0,-164.49,-7.7769,0,21.019
4.68,-1.9324,-2.354,1,-0.14596,0.49429,0,0.85695,1.5544,-2.8175,0,-0.45761,-0.41092,-0.33394,17.724,5.2335,0,0,0,0,3.142,3.1369,3.1352,3.1385,-14.612,7.7976,0,-162.99,-8.2401,0,20.921
4.69,-1.916,-2.3819,1,-0.14878,0.49218,0,0.85768,1.7309,-2.7647,0,-0.46847,-0.45642,-0.34801,17.57,5.3111,0,0,0,0,3.1255,3.1203,3.1185,3.1218,-16.234,7.7129,0,-161.34,-8.71,0,20.81
4.7,-1.8978,-2.4093,1,-0.15169,0.48986,0,0.8585,1.9057,-2.7112,0,-0.47971,-0.50324,-0.36264,17.399,5.3878,0,0,0,0,3.1071,3.1017,3.0998,3.1033,-17.838,7.6234,0,-159.54,-9.1859,0,20.686
4.71,-1.8779,-2.4361,1,-0.15468,0.48731,0,0.85942,2.0788,-2.657,0,-0.49134,-0.55152,-0.37786,17.213,5.4635,0,0,0,0,3.0868,3.0812,3.0792,3.0828,-19.424,7.5291,0,-157.6,-9.667,0,20.55
4.72,-1.8562,-2.4624,1,-0.15775,0.48453,0,0.86043,2.2499,-2.602,0,-0.50335,-0.60144,-0.39372,17.011,5.5383,0,0,0,0,3.0646,3.0589,3.0567,3.0605,-20.99,7.43,0,-155.52,-10.152,0,20.401
4.73,-1.8329,-2.4882,1,-0.16092,0.48151,0,0.86154,2.419,-2.5462,0,-0.51574,-0.65316,-0.41024,16.793,5.6121,0,0,0,0,3.0406,3.0347,3.0325,3.0364,-22.534,7.3261,0,-153.3,-10.641,0,20.24
4.74,-1.8079,-2.5133,1,-0.16417,0.47824,0,0.86275,2.5857,-2.4897,0,-0.52848,-0.70685,-0.42745,16.56,5.6849,0,0,0,0,3.015,3.0088,3.0064,3.0106,-24.055,7.2172,0,-150.95,-11.132,0,20.068
4.75,-1.7812,-2.538,1,-0.16752,0.47471,0,0.86405,2.7501,-2.4325,0,-0.54157,-0.76271,-0.44541,16.312,5.7565,0,0,0,0,2.9876,2.9813,2.9787,2.9831,-25.553,7.1034,0,-148.47,-11.625,0,19.884
4.76,-1.7529,-2.562,1,-0.17097,0.4709,0,0.86546,2.9119,-2.3746,0,-0.55499,-0.82091,-0.46414,16.049,5.8269,0,0,0,0,2.9586,2.9521,2.9494,2.954,-27.024,6.9847,0,-145.86,-12.118,0,19.69
4.77,-1.723,-2.5854,1,-0.17451,0.4668,0,0.86697,3.0711,-2.316,0,-0.56871,-0.88168,-0.48368,15.772,5.8961,0,0,0,0,2.9281,2.9213,2.9184,2.9233,-28.469,6.8611,0,-143.13,-12.612,0,19.485
4.78,-1.6915,-2.6083,1,-0.17816,0.46241,0,0.86859,3.2273,-2.2567,0,-0.5827,-0.94521,-0.50409,15.48,5.9641,0,0,0,0,2.8962,2.8891,2.886,2.8912,-29.886,6.7325,0,-140.27,-13.106,0,19.271
4.79,-1.6584,-2.6306,1,-0.1819,0.45769,0,0.8703,3.3806,-2.1967,0,-0.59693,-1.0117,-0.52539,15.174,6.0308,0,0,0,0,2.8628,2.8555,2.8522,2.8577,-31.274,6.599,0,-137.31,-13.598,0,19.047
4.8,-1.6239,-2.6522,1,-0.18576,0.45264,0,0.87213,3.5308,-2.1361,0,-0.61134,-1.0815,-0.54763,14.855,6.0961,0,0,0,0,2.8282,2.8206,2.8171,2.8229,-32.632,6.4605,0,-134.23,-14.088,0,18.815
4.81,-1.5878,-2.6733,1,-0.18972,0.44724,0,0.87406,3.6777,-2.0748,0,-0.62588,-1.1546,-0.57086,14.522,6.16,0,0,0,0,2.7923,2.7844,2.7807,2.7869,-33.959,6.3172,0,-131.04,-14.576,0,18.574
4.82,-1.5503,-2.6937,1,-0.19378,0.44146,0,0.87611,3.8211,-2.0129,0,-0.64047,-1.2315,-0.59511,14.175,6.2224,0,0,0,0,2.7553,2.7472,2.7431,2.7498,-35.253,6.169,0,-127.74,-15.061,0,18.326
4.83,-1.5114,-2.7135,1,-0.19795,0.43529,0,0.87826,3.9611,-1.9504,0,-0.65504,-1.3123,-0.62042,13.817,6.2833,0,0,0,0,2.7173,2.7089,2.7045,2.7117,-36.513,6.016,0,-124.34,-15.542,0,18.071
4.84,-1.4711,-2.7327,1,-0.20223,0.4287,0,0.88052,4.0974,-1.8872,0,-0.66946,-1.3972,-0.64684,13.445,6.3427,0,0,0,0,2.6784,2.6696,2.665,2.6727,-37.739,5.8582,0,-120.85,-16.018,0,17.809
4.85,-1.4295,-2.7513,1,-0.20662,0.42167,0,0.8829,4.23,-1.8235,0,-0.68363,-1.4866,-0.6744,13.062,6.4005,0,0,0,0,2.6387,2.6296,2.6246,2.6328,-38.93,5.6957,0,-117.25,-16.49,0,17.543
4.86,-1.3865,-2.7692,1,-0.21111,0.41417,0,0.88538,4.3586,-1.7592,0,-0.6974,-1.5806,-0.70311,12.667,6.4566,0,0,0,0,2.5982,2.5889,2.5835,2.5923,-40.084,5.5284,0,-113.57,-16.956,0,17.272
4.87,-1.3423,-2.7865,1,-0.21571,0.40618,0,0.88797,4.4833,-1.6944,0,-0.7106,-1.6794,-0.73302,12.26,6.511,0,0,0,0,2.5573,2.5476,2.5417,2.5513,-41.201,5.3566,0,-109.79,-17.415,0,16.996
4.88,-1.2969,-2.8031,1,-0.2204,0.39767,0,0.89067,4.6038,-1.629,0,-0.72303,-1.7834,-0.76413,11.843,6.5637,0,0,0,0,2.5158,2.5059,2.4996,2.5098,-42.279,5.1801,0,-105.93,-17.868,0,16.718
4.89,-1.2503,-2.8191,1,-0.22518,0.3886,0,0.89347,4.7201,-1.5631,0,-0.73447,-1.8926,-0.79644,11.415,6.6146,0,0,0,0,2.4741,2.4639,2.4571,2.4681,-43.319,4.9992,0,-101.99,-18.313,0,16.438
4.9,-1.2025,-2.8344,1,-0.23005,0.37895,0,0.89637,4.8321,-1.4967,0,-0.74466,-2.0071,-0.82994,10.977,6.6637,0,0,0,0,2.4321,2.4217,2.4144,2.4262,-44.319,4.8139,0,-97.97,-18.749,0,16.157
4.91,-1.1536,-2.849,1,-0.235,0.36869,0,0.89936,4.9396,-1.4299,0,-0.75329,-2.1271,-0.86461,10.529,6.7109,0,0,0,0,2.3902,2.3796,2.3717,2.3844,-45.278,4.6243,0,-93.874,-19.176,0,15.876
4.92,-1.1037,-2.8629,1,-0.24001,0.35778,0,0.90243,5.0426,-1.3625,0,-0.76004,-2.2525,-0.90039,10.071,6.7562,0,0,0,0,2.3483,2.3376,2.3291,2.3427,-46.196,4.4304,0,-89.707,-19.594,0,15.596
4.93,-1.0528,-2.8762,1,-0.24507,0.34619,0,0.90559,5.141,-1.2947,0,-0.76453,-2.3832,-0.93722,9.6049,6.7995,0,0,0,0,2.3068,2.296,2.2869,2.3014,-47.072,4.2324,0,-85.471,-20.002,0,15.318
4.94,-1.0009,-2.8888,1,-0.25017,0.33389,0,0.90881,5.2347,-1.2265,0,-0.76635,-2.5191,-0.97501,9.13,6.8408,0,0,0,0,2.2657,2.255,2.2451,2.2606,-47.905,4.0304,0,-81.17,-20.398,0,15.044
4.95,-0.94811,-2.9008,1,-0.25529,0.32085,0,0.91208,5.3236,-1.1579,0,-0.76506,-2.6598,-1.0136,8.6469,6.8801,0,0,0,0,2.2252,2.2146,2.204,2.2206,-48.695,3.8245,0,-76.808,-20.783,0,14.774
4.96,-0.89445,-2.912,1,-0.2604,0.30703,0,0.91538,5.4076,-1.0889,0,-0.76018,-2.8048,-1.0528,8.1562,6.9173,0,0,0,0,2.1855,2.1752,2.1639,2.1814,-49.441,3.6148,0,-72.388,-21.154,0,14.51
4.97,-0.83998,-2.9225,1,-0.26547,0.29242,0,0.9187,5.4867,-1.0196,0,-0.75121,-2.9534,-1.0925,7.6583,6.9524,0,0,0,0,2.1468,2.1369,2.1248,2.1434,-50.143,3.4015,0,-67.914,-21.511,0,14.253
4.98,-0.78474,-2.9324,1,-0.27048,0.27699,0,0.92202,5.5607,-0.9499,0,-0.73765,-3.1047,-1.1324,7.1535,6.9853,0,0,0,0,2.1093,2.1,2.087,2.1066,-50.799,3.1846,0,-63.39,-21.853,0,14.005
4.99,-0.72878,-2.9415,1,-0.2754,0.26073,0,0.9253,5.6297,-0.87989,0,-0.71898,-3.2577,-1.1722,6.6424,7.016,0,0,0,0,2.0731,2.0646,2.0508,2.0713,-51.411,2.9645,0,-58.818,-22.178,0,13.766
5,-0.67216,-2.95,1,-0.28018,0.24362,0,0.92852,5.6936,-0.80958,0,-0.69473,-3.4108,-1.2115,6.1255,7.0446,0,0,0,0,2.0386,2.0309,2.0164,2.0378,-51.976,2.7411,0,-54.203,-22.485,0,13.539
5.01,-0.61493,-2.9577,1,-0.28478,0.22567,0,0.93165,5.7522,-0.73901,0,-0.66447,-3.5625,-1.2499,5.6031,7.0709,0,0,0,0,2.0057,1.9992,1.984,2.0061,-52.494,2.5148,0,-49.548,-22.774,0,13.325
5.02,-0.55713,-2.9648,1,-0.28917,0.20688,0,0.93466,5.8056,-0.66818,0,-0.62786,-3.7109,-1.2871,5.0757,7.0949,0,0,0,0,1.9749,1.9698,1.9539,1.9765,-52.967,2.2857,0,-44.856,-23.043,0,13.125
5.03,-0.49883,-2.9711,1,-0.2933,0.18727,0,0.9375,5.8537,-0.59712,0,-0.58465,-3.8539,-1.3225,4.5439,7.1166,0,0,0,0,1.9462,1.9427,1.9262,1.9492,-53.392,2.054,0,-40.132,-23.29,0,12.941
5.04,-0.44008,-2.9767,1,-0.29712,0.16688,0,0.94015,5.8965,-0.52585,0,-0.53477,-3.9892,-1.3556,4.008,7.1359,0,0,0,0,1.92,1.9183,1.9013,1.9244,-53.769,1.82,0,-35.379,-23.516,0,12.773
5.05,-0.38092,-2.9816,1,-0.30057,0.14576,0,0.94256,5.9339,-0.45441,0,-0.47828,-4.1143,-1.386,3.4687,7.1529,0,0,0,0,1.8963,1.8966,1.8793,1.9023,-54.099,1.5838,0,-30.6,-23.718,0,12.624
5.06,-0.32142,-2.9858,1,-0.30363,0.12396,0,0.94469,5.9658,-0.3828,0,-0.41548,-4.2268,-1.413,2.9262,7.1676,0,0,0,0,1.8754,1.8779,1.8604,1.8829,-54.381,1.3457,0,-25.799,-23.896,0,12.494
5.07,-0.26162,-2.9893,1,-0.30624,0.10156,0,0.94652,5.9924,-0.31106,0,-0.34686,-4.3243,-1.4363,2.3812,7.1799,0,0,0,0,1.8574,1.8623,1.8448,1.8666,-54.615,1.106,0,-20.98,-24.048,0,12.385
5.08,-0.20159,-2.992,1,-0.30836,0.078662,0,0.94801,6.0135,-0.23921,0,-0.27314,-4.4045,-1.4553,1.8341,7.1897,0,0,0,0,1.8426,1.8499,1.8326,1.8533,-54.801,0.86485,0,-16.146,-24.173,0,12.297
5.09,-0.14137,-2.994,1,-0.30996,0.055357,0,0.94914,6.0291,-0.16728,0,-0.19525,-4.4656,-1.4697,1.2854,7.1972,0,0,0,0,1.8311,1.8408,1.8239,1.8433,-54.938,0.62261,0,-11.301,-24.271,0,12.232
5.1,-0.081025,-2.9954,1,-0.31102,0.031761,0,0.94987,6.0392,-0.095277,0,-0.1143,-4.5058,-1.4792,0.73549,7.2022,0,0,0,0,1.8231,1.8351,1.8189,1.8366,-55.027,0.37953,0,-6.4479,-24.34,0,12.189
5.11,-0.020606,-2.996,1,-0.31151,0.0079982,0,0.95021,6.0438,-0.02324,0,-0.031548,-4.5242,-1.4835,0.18499,7.2047,0,0,0,0,1.8185,1.8329,1.8175,1.8332,-55.067,0.13591,0,-1.5908,-24.378,0,12.17
5.12,0.039832,-2.9958,1,-0.31143,-0.015807,0,0.95014,6.0429,0.04881,0,0.051673,-4.5203,-1.4825,-0.36568,7.2049,0,0,0,0,1.8176,1.834,1.8197,1.8333,-55.058,-0.10793,0,3.2667,-24.386,0,12.174
5.13,0.10023,-2.995,1,-0.31079,-0.039526,0,0.94966,6.0365,0.12085,0,0.134,-4.4942,-1.4764,-0.91602,7.2026,0,0,0,0,1.8203,1.8386,1.8255,1.8368,-55.001,-0.3517,0,8.1213,-24.363,0,12.202
5.14,0.16054,-2.9934,1,-0.30958,-0.063034,0,0.94878,6.0245,0.19285,0,0.21412,-4.4466,-1.4652,-1.4655,7.1978,0,0,0,0,1.8266,1.8465,1.8348,1.8437,-54.896,-0.59509,0,12.969,-24.31,0,12.253
5.15,0.22071,-2.9911,1,-0.30784,-0.086212,0,0.94752,6.0071,0.2648,0,0.29082,-4.3788,-1.4491,-2.0138,7.1907,0,0,0,0,1.8365,1.8577,1.8475,1.8539,-54.742,-0.8378,0,17.808,-24.228,0,12.326
5.16,0.28067,-2.9881,1,-0.30559,-0.10895,0,0.94591,5.9843,0.33666,0,0.36305,-4.2923,-1.4285,-2.5602,7.1811,0,0,0,0,1.8499,1.872,1.8634,1.8675,-54.54,-1.0796,0,22.633,-24.118,0,12.421
5.17,0.34037,-2.9844,1,-0.30286,-0.13115,0,0.94397,5.956,0.40841,0,0.42994,-4.1894,-1.4039,-3.1044,7.1691,0,0,0,0,1.8667,1.8895,1.8824,1.8842,-54.289,-1.3201,0,27.441,-23.982,0,12.538
5.18,0.39977,-2.9799,1,-0.2997,-0.15272,0,0.94173,5.9222,0.48003,0,0.49086,-4.0723,-1.3756,-3.6459,7.1547,0,0,0,0,1.8867,1.9098,1.9043,1.904,-53.991,-1.5591,0,32.229,-23.82,0,12.675
5.19,0.4588,-2.9748,1,-0.29616,-0.1736,0,0.93923,5.883,0.5515,0,0.54536,-3.9434,-1.3442,-4.1841,7.1379,0,0,0,0,1.9098,1.9329,1.929,1.9267,-53.645,-1.7964,0,36.993,-23.634,0,12.831
5.2,0.51741,-2.9689,1,-0.29226,-0.19372,0,0.93651,5.8385,0.62278,0,0.59324,-3.8052,-1.3102,-4.7186,7.1188,0,0,0,0,1.9357,1.9587,1.9561,1.9521,-53.251,-2.0317,0,41.73,-23.425,0,13.004
5.21,0.57555,-2.9623,1,-0.28808,-0.21305,0,0.93361,5.7887,0.69387,0,0.63447,-3.6602,-1.2742,-5.2489,7.0973,0,0,0,0,1.9643,1.9868,1.9856,1.98,-52.81,-2.2648,0,46.437,-23.193,0,13.194
5.22,0.63317,-2.955,1,-0.28364,-0.23156,0,0.93055,5.7336,0.76472,0,0.6692,-3.5105,-1.2366,-5.7747,7.0735,0,0,0,0,1.9953,2.0171,2.0171,2.0103,-52.323,-2.4955,0,51.109,-22.94,0,13.4
5.23,0.69021,-2.947,1,-0.279,-0.24922,0,0.92739,5.6732,0.83533,0,0.6977,-3.3582,-1.1978,-6.2952,7.0474,0,0,0,0,2.0284,2.0495,2.0506,2.0426,-51.788,-2.7236,0,55.744,-22.667,0,13.619
5.24,0.74661,-2.9383,1,-0.2742,-0.26604,0,0.92414,5.6077,0.90566,0,0.72034,-3.2051,-1.1583,-6.8103,7.019,0,0,0,0,2.0635,2.0837,2.0858,2.0769,-51.208,-2.9488,0,60.339,-22.374,0,13.85
5.25,0.80234,-2.9289,1,-0.26928,-0.28202,0,0.92084,5.537,0.9757,0,0.73757,-3.0526,-1.1186,-7.3193,6.9884,0,0,0,0,2.1002,2.1195,2.1224,2.1129,-50.582,-3.171,0,64.888,-22.064,0,14.092
5.26,0.85734,-2.9188,1,-0.26426,-0.29717,0,0.91753,5.4613,1.0454,0,0.74987,-2.9022,-1.0788,-7.8218,6.9556,0,0,0,0,2.1385,2.1568,2.1604,2.1504,-49.91,-3.39,0,69.39,-21.736,0,14.343
5.27,0.91155,-2.908,1,-0.2592,-0.31151,0,0.91421,5.3806,1.1148,0,0.75775,-2.7549,-1.0393,-8.3173,6.9206,0,0,0,0,2.178,2.1952,2.1994,2.1891,-49.194,-3.6057,0,73.841,-21.393,0,14.603
5.28,0.96493,-2.8965,1,-0.25411,-0.32506,0,0.91091,5.295,1.1838,0,0.76172,-2.6114,-1.0003,-8.8055,6.8835,0,0,0,0,2.2185,2.2347,2.2394,2.2288,-48.434,-3.8178,0,78.237,-21.035,0,14.869
5.29,1.0174,-2.8843,1,-0.24902,-0.33785,0,0.90766,5.2045,1.2525,0,0.76226,-2.4724,-0.96203,-9.2858,6.8443,0,0,0,0,2.2598,2.275,2.2801,2.2695,-47.63,-4.0263,0,82.575,-20.663,0,15.141
5.3,1.069,-2.8715,1,-0.24395,-0.34991,0,0.90446,5.1093,1.3207,0,0.75984,-2.3384,-0.92464,-9.7579,6.803,0,0,0,0,2.3017,2.316,2.3214,2.3107,-46.782,-4.231,0,86.851,-20.278,0,15.416
5.31,1.1196,-2.8579,1,-0.23891,-0.36126,0,0.90134,5.0094,1.3885,0,0.75488,-2.2095,-0.88823,-10.221,6.7597,0,0,0,0,2.3441,2.3574,2.3631,2.3525,-45.893,-4.4318,0,91.063,-19.882,0,15.695
5.32,1.1692,-2.8437,1,-0.23394,-0.37195,0,0.89829,4.9049,1.4559,0,0.7478,-2.0861,-0.8529,-10.676,6.7144,0,0,0,0,2.3868,2.3992,2.405,2.3945,-44.961,-4.6286,0,95.205,-19.474,0,15.976
5.33,1.2177,-2.8288,1,-0.22903,-0.38201,0,0.89533,4.7959,1.5228,0,0.73894,-1.968,-0.81871,-11.12,6.6671,0,0,0,0,2.4295,2.441,2.4469,2.4367,-43.989,-4.8213,0,99.276,-19.056,0,16.257
5.34,1.2651,-2.8133,1,-0.2242,-0.39146,0,0.89247,4.6825,1.5892,0,0.72862,-1.8554,-0.7857,-11.555,6.618,0,0,0,0,2.4721,2.4829,2.4888,2.4788,-42.976,-5.0097,0,103.27,-18.628,0,16.538
5.35,1.3113,-2.797,1,-0.21945,-0.40034,0,0.8897,4.5648,1.6552,0,0.71713,-1.7481,-0.75388,-11.98,6.5669,0,0,0,0,2.5145,2.5245,2.5305,2.5207,-41.924,-5.1938,0,107.19,-18.191,0,16.817
5.36,1.3564,-2.7802,1,-0.2148,-0.40868,0,0.88704,4.443,1.7206,0,0.70472,-1.646,-0.72326,-12.394,6.5141,0,0,0,0,2.5565,2.5659,2.5718,2.5623,-40.833,-5.3735,0,111.02,-17.745,0,17.094
5.37,1.4002,-2.7626,1,-0.21025,-0.4165,0,0.88449,4.317,1.7854,0,0.69161,-1.5489,-0.69385,-12.796,6.4595,0,0,0,0,2.598,2.6067,2.6126,2.6034,-39.704,-5.5487,0,114.77,-17.292,0,17.368
5.38,1.4427,-2.7444,1,-0.2058,-0.42384,0,0.88205,4.1871,1.8497,0,0.67797,-1.4565,-0.66561,-13.188,6.4031,0,0,0,0,2.6389,2.647,2.6528,2.6438,-38.538,-5.7193,0,118.42,-16.831,0,17.638
5.39,1.4839,-2.7256,1,-0.20145,-0.43073,0,0.87971,4.0533,1.9135,0,0.66398,-1.3687,-0.63853,-13.567,6.3451,0,0,0,0,2.679,2.6866,2.6922,2.6836,-37.336,-5.8853,0,121.99,-16.364,0,17.902
5.4,1.5237,-2.7062,1,-0.1972,-0.43718,0,0.87749,3.9158,1.9766,0,0.64976,-1.2853,-0.61257,-13.934,6.2855,0,0,0,0,2.7182,2.7253,2.7308,2.7225,-36.098,-6.0466,0,125.46,-15.891,0,18.161
5.41,1.5622,-2.6861,1,-0.19307,-0.44322,0,0.87537,3.7747,2.0392,0,0.63544,-1.2059,-0.5877,-14.289,6.2242,0,0,0,0,2.7565,2.7631,2.7685,2.7605,-34.827,-6.2031,0,128.82,-15.414,0,18.414
5.42,1.5992,-2.6654,1,-0.18904,-0.44888,0,0.87337,3.63,2.1011,0,0.6211,-1.1303,-0.56388,-14.631,6.1614,0,0,0,0,2.7936,2.7998,2.8051,2.7973,-33.522,-6.3548,0,132.09,-14.931,0,18.66
5.43,1.6348,-2.6441,1,-0.18511,-0.45417,0,0.87147,3.4821,2.1624,0,0.60684,-1.0584,-0.54107,-14.959,6.0971,0,0,0,0,2.8296,2.8354,2.8405,2.8331,-32.185,-6.5017,0,135.24,-14.445,0,18.898
5.44,1.6689,-2.6221,1,-0.18129,-0.45911,0,0.86969,3.3309,2.2231,0,0.59272,-0.9898,-0.51923,-15.274,6.0314,0,0,0,0,2.8643,2.8697,2.8747,2.8675,-30.818,-6.6437,0,138.29,-13.956,0,19.127
5.45,1.7014,-2.5996,1,-0.17757,-0.46372,0,0.868,3.1767,2.283,0,0.57879,-0.92434,-0.49831,-15.575,5.9643,0,0,0,0,2.8976,2.9027,2.9076,2.9007,-29.42,-6.7808,0,141.22,-13.465,0,19.348
5.46,1.7324,-2.5765,1,-0.17396,-0.46802,0,0.86643,3.0194,2.3423,0,0.5651,-0.86178,-0.47828,-15.863,5.8958,0,0,0,0,2.9295,2.9343,2.9391,2.9324,-27.994,-6.913,0,144.03,-12.971,0,19.559
5.47,1.7618,-2.5528,1,-0.17044,-0.47203,0,0.86495,2.8594,2.401,0,0.55169,-0.80192,-0.45909,-16.135,5.826,0,0,0,0,2.9599,2.9645,2.969,2.9626,-26.54,-7.0402,0,146.73,-12.477,0,19.76
5.48,1.7896,-2.5285,1,-0.16702,-0.47575,0,0.86358,2.6968,2.4589,0,0.53859,-0.74454,-0.4407,-16.393,5.755,0,0,0,0,2.9887,2.993,2.9974,2.9912,-25.059,-7.1625,0,149.3,-11.982,0,19.951
5.49,1.8157,-2.5036,1,-0.16369,-0.4792,0,0.86231,2.5316,2.516,0,0.52582,-0.68945,-0.42308,-16.636,5.6828,0,0,0,0,3.0158,3.0199,3.0242,3.0182,-23.554,-7.2799,0,151.74,-11.488,0,20.13
5.5,1.8402,-2.4782,1,-0.16045,-0.48239,0,0.86114,2.3641,2.5725,0,0.51339,-0.63645,-0.40618,-16.864,5.6094,0,0,0,0,3.0413,3.0452,3.0493,3.0435,-22.025,-7.3923,0,154.04,-10.995,0,20.299
5.51,1.863,-2.4522,1,-0.15731,-0.48533,0,0.86006,2.1944,2.6282,0,0.50133,-0.58537,-0.38996,-17.077,5.535,0,0,0,0,3.0649,3.0686,3.0726,3.067,-20.474,-7.4998,0,156.22,-10.504,0,20.455
5.52,1.8841,-2.4256,1,-0.15425,-0.48804,0,0.85908,2.0226,2.6832,0,0.48963,-0.53602,-0.3744,-17.274,5.4594,0,0,0,0,3.0867,3.0903,3.0942,3.0887,-18.901,-7.6024,0,158.25,-10.015,0,20.6
5.53,1.9034,-2.3985,1,-0.15127,-0.49052,0,0.8582,1.849,2.7374,0,0.47832,-0.48826,-0.35945,-17.455,5.3829,0,0,0,0,3.1067,3.1101,3.1139,3.1085,-17.309,-7.7001,0,160.14,-9.5313,0,20.732
5.54,1.921,-2.3708,1,-0.14838,-0.49277,0,0.85741,1.6736,2.7909,0,0.46739,-0.44191,-0.34509,-17.62,5.3055,0,0,0,0,3.1247,3.128,3.1316,3.1264,-15.699,-7.793,0,161.89,-9.0519,0,20.851
5.55,1.9369,-2.3427,1,-0.14556,-0.49482,0,0.85672,1.4966,2.8435,0,0.45684,-0.39682,-0.33129,-17.769,5.2271,0,0,0,0,3.1407,3.1439,3.1474,3.1424,-14.072,-7.8812,0,163.49,-8.5783,0,20.957
5.56,1.951,-2.314,1,-0.14282,-0.49666,0,0.85611,1.3183,2.8954,0,0.44669,-0.35285,-0.31801,-17.901,5.1479,0,0,0,0,3.1547,3.1579,3.1613,3.1563,-12.43,-7.9646,0,164.93,-8.1112,0,21.05
5.57,1.9633,-2.2848,1,-0.14016,-0.4983,0,0.8556,1.1387,2.9465,0,0.43693,-0.30985,-0.30522,-18.017,5.0678,0,0,0,0,3.1667,3.1698,3.1731,3.1683,-10.774,-8.0434,0,166.22,-7.6516,0,21.13
5.58,1.9737,-2.2551,1,-0.13756,-0.49974,0,0.85518,0.95799,2.9968,0,0.42756,-0.26768,-0.29291,-18.117,4.987,0,0,0,0,3.1767,3.1797,3.1828,3.1781,-9.1057,-8.1177,0,167.36,-7.2004,0,21.196
5.59,1.9824,-2.2248,1,-0.13504,-0.50099,0,0.85485,0.7764,3.0462,0,0.41858,-0.22622,-0.28105,-18.199,4.9055,0,0,0,0,3.1845,3.1875,3.1905,3.1859,-7.4271,-8.1874,0,168.32,-6.7585,0,21.247
5.6,1.9893,-2.1941,1,-0.13258,-0.50205,0,0.85461,0.59406,3.0949,0,0.41,-0.18534,-0.26961,-18.265,4.8233,0,0,0,0,3.1902,3.1931,3.1961,3.1915,-5.7397,-8.2529,0,169.13,-6.3267,0,21.285
5.61,1.9943,-2.1629,1,-0.13018,-0.50293,0,0.85447,0.41115,3.1427,0,0.40181,-0.14489,-0.25858,-18.314,4.7404,0,0,0,0,3.1937,3.1967,3.1995,3.195,-4.0452,-8.314,0,169.76,-5.906,0,21.308
5.62,1.9975,-2.1313,1,-0.12784,-0.50363,0,0.85441,0.22784,3.1897,0,0.39402,-0.10477,-0.24793,-18.346,4.657,0,0,0,0,3.1951,3.1981,3.2008,3.1964,-2.3451,-8.371,0,170.22,-5.4973,0,21.317
5.63,1.9988,-2.0992,1,-0.12556,-0.50415,0,0.85444,0.044287,3.2358,0,0.38662,-0.06484,-0.23764,-18.361,4.573,0,0,0,0,3.1944,3.1973,3.2,3.1956,-0.64139,-8.424,0,170.5,-5.1015,0,21.312
5.64,1.9984,-2.0666,1,-0.12334,-0.50448,0,0.85457,-0.13933,3.2811,0,0.37961,-0.02498,-0.22771,-18.359,4.4885,0,0,0,0,3.1914,3.1944,3.1969,3.1926,1.0643,-8.4731,0,170.61,-4.7194,0,21.292
5.65,1.9961,-2.0335,1,-0.12117,-0.50464,0,0.85478,-0.32283,3.3256,0,0.37301,0.014935,-0.2181,-18.34,4.4036,0,0,0,0,3.1863,3.1893,3.1918,3.1874,2.7701,-8.5184,0,170.53,-4.352,0,21.258
5.66,1.9919,-2.0001,1,-0.11905,-0.50462,0,0.85509,-0.50606,3.3692,0,0.36682,0.055027,-0.20881,-18.303,4.3182,0,0,0,0,3.179,3.1821,3.1844,3.1801,4.4742,-8.5602,0,170.26,-4.0001,0,21.209
5.67,1.9859,-1.9662,1,-0.11698,-0.50442,0,0.8555,-0.68884,3.4119,0,0.36104,0.095424,-0.19983,-18.25,4.2324,0,0,0,0,3.1695,3.1726,3.1749,3.1706,6.1747,-8.5985,0,169.8,-3.6644,0,21.146
5.68,1.9781,-1.9318,1,-0.11495,-0.50404,0,0.856,-0.87101,3.4538,0,0.35567,0.13625,-0.19113,-18.18,4.1462,0,0,0,0,3.1578,3.161,3.1632,3.1589,7.8697,-8.6335,0,169.16,-3.3448,0,21.068
5.69,1.9685,-1.8971,1,-0.11297,-0.50347,0,0.8566,-1.0524,3.4949,0,0.35074,0.17765,-0.18272,-18.093,4.0597,0,0,0,0,3.144,3.1473,3.1494,3.145,9.5573,-8.6654,0,168.34,-3.0409,0,20.976
5.7,1.9571,-1.8619,1,-0.11103,-0.50272,0,0.85729,-1.2328,3.535,0,0.34623,0.21975,-0.17457,-17.989,3.9729,0,0,0,0,3.128,3.1314,3.1334,3.1291,11.236,-8.6944,0,167.34,-2.7524,0,20.87
5.71,1.9439,-1.8264,1,-0.10912,-0.50178,0,0.85809,-1.4121,3.5743,0,0.34217,0.2627,-0.16668,-17.868,3.8858,0,0,0,0,3.1099,3.1134,3.1153,3.111,12.904,-8.7205,0,166.16,-2.4788,0,20.749
5.72,1.9289,-1.7904,1,-0.10725,-0.50065,0,0.85898,-1.5901,3.6128,0,0.33856,0.30664,-0.15904,-17.731,3.7985,0,0,0,0,3.0897,3.0934,3.0952,3.0907,14.559,-8.744,0,164.82,-2.2199,0,20.615
5.73,1.9121,-1.7541,1,-0.10542,-0.49931,0,0.85998,-1.7667,3.6503,0,0.33541,0.35175,-0.15163,-17.577,3.711,0,0,0,0,3.0674,3.0712,3.073,3.0685,16.199,-8.765,0,163.3,-1.9753,0,20.467
5.74,1.8935,-1.7174,1,-0.10361,-0.49778,0,0.86109,-1.9416,3.687,0,0.33275,0.39818,-0.14444,-17.407,3.6232,0,0,0,0,3.0431,3.0471,3.0487,3.0441,17.824,-8.7836,0,161.62,-1.7447,0,20.305
5.75,1.8733,-1.6804,1,-0.10183,-0.49603,0,0.86231,-2.1147,3.7228,0,0.33057,0.44611,-0.13747,-17.221,3.5353,0,0,0,0,3.0168,3.0209,3.0225,3.0178,19.431,-8.7999,0,159.79,-1.5276,0,20.13
5.76,1.8512,-1.643,1,-0.10008,-0.49407,0,0.86364,-2.286,3.7577,0,0.32891,0.49574,-0.13071,-17.018,3.4472,0,0,0,0,2.9885,2.9928,2.9943,2.9895,21.019,-8.8142,0,157.8,-1.3238,0,19.942
5.77,1.8275,-1.6052,1,-0.098346,-0.49188,0,0.86509,-2.4551,3.7917,0,0.32777,0.54726,-0.12415,-16.8,3.359,0,0,0,0,2.9582,2.9628,2.9642,2.9593,22.587,-8.8264,0,155.66,-1.1329,0,19.741
5.78,1.8022,-1.5672,1,-0.096632,-0.48945,0,0.86666,-2.6219,3.8249,0,0.32719,0.60089,-0.11778,-16.567,3.2707,0,0,0,0,2.9261,2.931,2.9322,2.9272,24.132,-8.8369,0,153.37,-0.95455,0,19.527
5.79,1.7751,-1.5287,1,-0.094933,-0.48678,0,0.86835,-2.7863,3.8571,0,0.32718,0.65685,-0.1116,-16.318,3.1823,0,0,0,0,2.8921,2.8973,2.8985,2.8932,25.654,-8.8456,0,150.93,-0.7884,0,19.302
5.8,1.7464,-1.49,1,-0.093246,-0.48385,0,0.87017,-2.9482,3.8885,0,0.32777,0.71541,-0.10559,-16.054,3.0938,0,0,0,0,2.8564,2.8619,2.863,2.8575,27.15,-8.8527,0,148.36,-0.6341,0,19.065
5.81,1.7162,-1.451,1,-0.091568,-0.48065,0,0.87212,-3.1074,3.919,0,0.329,0.77682,-0.099758,-15.775,3.0052,0,0,0,0,2.819,2.8248,2.8257,2.8201,28.62,-8.8583,0,145.65,-0.4913,0,18.816
5.82,1.6843,-1.4116,1,-0.089896,-0.47716,0,0.87421,-3.2637,3.9486,0,0.33089,0.84136,-0.094089,-15.481,2.9166,0,0,0,0,2.7799,2.786,2.7869,2.7811,30.063,-8.8625,0,142.81,-0.35965,0,18.557
5.83,1.6509,-1.372,1,-0.088226,-0.47337,0,0.87643,-3.4169,3.9773,0,0.33349,0.90936,-0.088581,-15.174,2.828,0,0,0,0,2.7392,2.7458,2.7466,2.7405,31.476,-8.8655,0,139.84,-0.2388,0,18.287
5.84,1.616,-1.3321,1,-0.086553,-0.46926,0,0.87881,-3.5671,4.0052,0,0.33683,0.98112,-0.08323,-14.852,2.7393,0,0,0,0,2.6971,2.704,2.7047,2.6983,32.859,-8.8674,0,136.75,-0.12839,0,18.007
5.85,1.5796,-1.2919,1,-0.084874,-0.46482,0,0.88133,-3.7139,4.0321,0,0.34096,1.057,-0.07803,-14.517,2.6507,0,0,0,0,2.6535,2.6609,2.6615,2.6548,34.211,-8.8681,0,133.54,-0.028086,0,17.718
5.86,1.5417,-1.2515,1,-0.083184,-0.46001,0,0.88401,-3.8574,4.0582,0,0.34593,1.1374,-0.072979,-14.168,2.562,0,0,0,0,2.6086,2.6165,2.617,2.61,35.53,-8.868,0,130.21,0.062473,0,17.42
5.87,1.5024,-1.2107,1,-0.081478,-0.45481,0,0.88685,-3.9973,4.0834,0,0.3518,1.2228,-0.068075,-13.806,2.4733,0,0,0,0,2.5624,2.5709,2.5713,2.5639,36.815,-8.8669,0,126.76,0.14363,0,17.114
5.88,1.4618,-1.1698,1,-0.079752,-0.44921,0,0.88986,-4.1334,4.1076,0,0.35861,1.3135,-0.063314,-13.432,2.3846,0,0,0,0,2.5151,2.5242,2.5244,2.5166,38.064,-8.8651,0,123.21,0.21575,0,16.801
5.89,1.4198,-1.1286,1,-0.078001,-0.44317,0,0.89304,-4.2658,4.131,0,0.36645,1.41,-0.058696,-13.045,2.296,0,0,0,0,2.4668,2.4765,2.4766,2.4684,39.278,-8.8626,0,119.55,0.27917,0,16.481
5.9,1.3765,-1.0872,1,-0.076218,-0.43665,0,0.8964,-4.3943,4.1536,0,0.37537,1.5128,-0.054219,-12.646,2.2074,0,0,0,0,2.4176,2.428,2.4279,2.4192,40.455,-8.8596,0,115.8,0.33424,0,16.154
5.91,1.3319,-1.0455,1,-0.074397,-0.42963,0,0.89993,-4.5187,4.1752,0,0.38544,1.6225,-0.049885,-12.236,2.1188,0,0,0,0,2.3675,2.3787,2.3785,2.3693,41.594,-8.856,0,111.94,0.38131,0,15.823
5.92,1.2861,-1.0037,1,-0.072532,-0.42208,0,0.90365,-4.639,4.1959,0,0.39675,1.7394,-0.045694,-11.814,2.0303,0,0,0,0,2.3168,2.3288,2.3284,2.3186,42.694,-8.852,0,107.99,0.42074,0,15.488
5.93,1.2391,-0.96161,1,-0.070617,-0.41394,0,0.90756,-4.755,4.2158,0,0.40936,1.8643,-0.041647,-11.382,1.9418,0,0,0,0,2.2656,2.2785,2.2779,2.2675,43.754,-8.8476,0,103.96,0.45287,0,15.149
5.94,1.191,-0.91936,1,-0.068642,-0.40517,0,0.91166,-4.8666,4.2348,0,0.42336,1.9976,-0.037749,-10.939,1.8533,0,0,0,0,2.214,2.2278,2.227,2.216,44.773,-8.8429,0,99.831,0.47806,0,14.808
5.95,1.1418,-0.87692,1,-0.066601,-0.39573,0,0.91595,-4.9737,4.2529,0,0.43883,2.1399,-0.034001,-10.487,1.7649,0,0,0,0,2.1622,2.177,2.176,2.1643,45.75,-8.838,0,95.626,0.49665,0,14.466
5.96,1.0916,-0.83431,1,-0.064485,-0.38558,0,0.92042,-5.0763,4.2701,0,0.45584,2.2915,-0.030409,-10.025,1.6766,0,0,0,0,2.1103,2.1262,2.125,2.1126,46.685,-8.833,0,91.342,0.50899,0,14.124
5.97,1.0403,-0.79152,1,-0.062285,-0.37464,0,0.92507,-5.1742,4.2864,0,0.47444,2.453,-0.02698,-9.5533,1.5883,0,0,0,0,2.0587,2.0756,2.0742,2.0611,47.577,-8.8279,0,86.984,0.51544,0,13.782
5.98,0.98809,-0.74858,1,-0.059992,-0.36288,0,0.9299,-5.2673,4.3018,0,0.4947,2.6247,-0.023719,-9.0732,1.5,0,0,0,0,2.0074,2.0254,2.0238,2.0099,48.424,-8.8227,0,82.556,0.51635,0,13.444
5.99,0.93497,-0.70549,1,-0.057596,-0.35023,0,0.93489,-5.3556,4.3164,0,0.51665,2.8067,-0.020634,-8.585,1.4118,0,0,0,0,1.9567,1.9758,1.974,1.9593,49.227,-8.8176,0,78.062,0.51206,0,13.11
6,0.88099,-0.66226,1,-0.055086,-0.33663,0,0.94002,-5.439,4.3301,0,0.54027,2.999,-0.017735,-8.0889,1.3237,0,0,0,0,1.9069,1.927,1.925,1.9096,49.985,-8.8125,0,73.505,0.50291,0,12.781
6.01,0.82621,-0.61889,1,-0.052454,-0.32203,0,0.94528,-5.5174,4.3429,0,0.56555,3.2012,-0.015029,-7.5854,1.2356,0,0,0,0,1.8581,1.8793,1.8771,1.861,50.697,-8.8075,0,68.889,0.48922,0,12.459
6.02,0.77066,-0.5754,1,-0.049689,-0.30636,0,0.95062,-5.5907,4.3548,0,0.59238,3.4127,-0.012528,-7.0751,1.1475,0,0,0,0,1.8108,1.833,1.8305,1.8138,51.363,-8.8027,0,64.219,0.47127,0,12.147
6.03,0.71441,-0.5318,1,-0.046781,-0.28958,0,0.95601,-5.6589,4.3658,0,0.62062,3.6324,-0.010241,-6.5583,1.0595,0,0,0,0,1.7652,1.7881,1.7855,1.7682,51.982,-8.7981,0,59.498,0.44939,0,11.845
6.04,0.6575,-0.48809,1,-0.043723,-0.27163,0,0.96141,-5.7218,4.376,0,0.65004,3.8585,-0.0081764,-6.0356,0.97154,0,0,0,0,1.7216,1.7451,1.7423,1.7246,52.553,-8.7937,0,54.73,0.42389,0,11.556
6.05,0.59999,-0.44428,1,-0.040508,-0.25247,0,0.96676,-5.7796,4.3853,0,0.68031,4.0888,-0.0063429,-5.5074,0.88362,0,0,0,0,1.6803,1.7042,1.7012,1.6834,53.076,-8.7896,0,49.918,0.39505,0,11.282
6.06,0.54193,-0.40039,1,-0.037129,-0.2321,0,0.97198,-5.832,4.3937,0,0.71101,4.3203,-0.0047462,-4.9742,0.79574,0,0,0,0,1.6418,1.6656,1.6626,1.6448,53.551,-8.7859,0,45.068,0.3632,0,11.025
6.07,0.48337,-0.35641,1,-0.033585,-0.21049,0,0.97702,-5.879,4.4012,0,0.7416,4.5491,-0.0033893,-4.4365,0.7079,0,0,0,0,1.6064,1.6297,1.6266,1.6093,53.977,-8.7824,0,40.182,0.32864,0,10.787
6.08,0.42437,-0.31236,1,-0.029877,-0.18766,0,0.98178,-5.9207,4.4078,0,0.77144,4.7709,-0.0022708,-3.8948,0.62009,0,0,0,0,1.5744,1.5968,1.5937,1.5771,54.354,-8.7793,0,35.265,0.29168,0,10.57
6.09,0.36497,-0.26826,1,-0.02601,-0.16367,0,0.98617,-5.9569,4.4136,0,0.7998,4.9803,-0.0013841,-3.3496,0.53232,0,0,0,0,1.5462,1.567,1.5641,1.5487,54.682,-8.7766,0,30.32,0.25262,0,10.377
6.1,0.30525,-0.2241,1,-0.021992,-0.13858,0,0.99011,-5.9877,4.4185,0,0.82585,5.1718,-0.00071633,-2.8014,0.44456,0,0,0,0,1.5221,1.5408,1.538,1.5242,54.961,-8.7742,0,25.352,0.21176,0,10.209
6.11,0.24524,-0.17989,1,-0.017837,-0.1125,0,0.99349,-6.0129,4.4225,0,0.84877,5.3395,-0.00024772,-2.2506,0.35683,0,0,0,0,1.5024,1.5183,1.5159,1.5041,55.189,-8.7723,0,20.364,0.16943,0,10.068
6.12,0.18501,-0.13565,1,-0.013566,-0.085583,0,0.99624,-6.0327,4.4256,0,0.86771,5.4777,4.9013e-05,-1.6977,0.26911,0,0,0,0,1.4873,1.4999,1.4978,1.4886,55.368,-8.7709,0,15.36,0.12592,0,9.9561
6.13,0.1246,-0.091382,1,-0.0092015,-0.057994,0,0.99827,-6.0469,4.4278,0,0.88196,5.5813,0.00020818,-1.1434,0.18141,0,0,0,0,1.477,1.4858,1.4842,1.4777,55.497,-8.7698,0,10.345,0.081533,0,9.8747
6.14,0.064087,-0.047096,1,-0.0047716,-0.029937,0,0.99954,-6.0555,4.4292,0,0.89092,5.6463,0.00027031,-0.58798,0.093716,0,0,0,0,1.4716,1.4763,1.4751,1.4718,55.575,-8.7692,0,5.3209,0.036586,0,9.8247
6.15,0.0035114,-0.0028004,1,-0.00030715,-0.0016338,0,1,-6.0586,4.4297,0,0.89419,5.6699,0.00028057,-0.032045,0.0060243,0,0,0,0,1.4711,1.4714,1.4708,1.4707,55.603,-8.7691,0,0.29303,-0.0086175,0,9.8067
6.16,-0.057067,0.041496,1,0.0041594,0.026683,0,0.99964,-6.0562,4.4293,0,0.89164,5.6512,0.00028673,0.52392,-0.081668,0,0,0,0,1.4755,1.4713,1.4714,1.4744,55.581,-8.7694,0,-4.7351,-0.053772,0,9.8209
6.17,-0.11759,0.085784,1,0.0085954,0.05478,0,0.99846,-6.0482,4.4281,0,0.88338,5.5909,0.00033672,1.0794,-0.16937,0,0,0,0,1.4845,1.4762,1.4768,1.4829,55.508,-8.7702,0,-9.7597,-0.09857,0,9.8673
6.18,-0.17801,0.13005,1,0.01297,0.082434,0,0.99651,-6.0346,4.426,0,0.86977,5.4916,0.00047625,1.6339,-0.25707,0,0,0,0,1.4981,1.4859,1.4871,1.496,55.386,-8.7714,0,-14.777,-0.1427,0,9.9451
6.19,-0.23827,0.1743,1,0.017254,0.10944,0,0.99384,-6.0155,4.4229,0,0.85138,5.3571,0.00074667,2.1869,-0.34479,0,0,0,0,1.516,1.5004,1.5021,1.5136,55.213,-8.773,0,-19.782,-0.18587,0,10.053
6.2,-0.2983,0.21851,1,0.021425,0.13562,0,0.99053,-5.9909,4.4191,0,0.82893,5.1925,0.0011833,2.738,-0.43253,0,0,0,0,1.538,1.5196,1.5217,1.5353,54.99,-8.7751,0,-24.772,-0.22776,0,10.191
6.21,-0.35807,0.26268,1,0.025461,0.16083,0,0.98665,-5.9607,4.4143,0,0.80323,5.0035,0.0018146,3.2866,-0.5203,0,0,0,0,1.5638,1.5432,1.5456,1.5609,54.717,-8.7776,0,-29.744,-0.26806,0,10.356
6.22,-0.4175,0.30679,1,0.029349,0.18496,0,0.98231,-5.9251,4.4087,0,0.77513,4.7958,0.0026614,3.8322,-0.60809,0,0,0,0,1.5932,1.5709,1.5736,1.5901,54.395,-8.7804,0,-34.692,-0.30648,0,10.546
6.23,-0.47655,0.35085,1,0.033078,0.20792,0,0.97759,-5.8841,4.4021,0,0.74545,4.5752,0.0037378,4.3743,-0.69591,0,0,0,0,1.6258,1.6025,1.6054,1.6227,54.024,-8.7837,0,-39.612,-0.3427,0,10.761
6.24,-0.53516,0.39483,1,0.036643,0.22967,0,0.97258,-5.8377,4.3947,0,0.71493,4.347,0.0050512,4.9125,-0.78376,0,0,0,0,1.6613,1.6375,1.6406,1.6583,53.603,-8.7873,0,-44.503,-0.37642,0,10.996
6.25,-0.59329,0.43874,1,0.040043,0.25019,0,0.96737,-5.7859,4.3865,0,0.68423,4.1156,0.0066038,5.4462,-0.87165,0,0,0,0,1.6996,1.6757,1.6788,1.6966,53.134,-8.7912,0,-49.358,-0.40733,0,11.251
6.26,-0.65086,0.48256,1,0.043279,0.26949,0,0.96203,-5.7288,4.3773,0,0.65389,3.885,0.0083934,5.975,-0.95959,0,0,0,0,1.7403,1.7167,1.7197,1.7374,52.616,-8.7954,0,-54.175,-0.43512,0,11.523
6.27,-0.70784,0.52628,1,0.046358,0.28757,0,0.95664,-5.6664,4.3673,0,0.62437,3.6582,0.010414,6.4984,-1.0476,0,0,0,0,1.783,1.76,1.7631,1.7804,52.05,-8.7999,0,-58.949,-0.45949,0,11.811
6.28,-0.76417,0.5699,1,0.049285,0.30449,0,0.95124,-5.5988,4.3564,0,0.59598,3.4377,0.012659,7.0159,-1.1356,0,0,0,0,1.8277,1.8054,1.8084,1.8252,51.437,-8.8046,0,-63.676,-0.48013,0,12.111
6.29,-0.8198,0.61341,1,0.052068,0.32028,0,0.94589,-5.5261,4.3446,0,0.56897,3.2252,0.015119,7.527,-1.2237,0,0,0,0,1.8739,1.8526,1.8555,1.8716,50.777,-8.8095,0,-68.354,-0.49673,0,12.423
6.3,-0.87468,0.65679,1,0.054718,0.33501,0,0.94063,-5.4483,4.3319,0,0.54351,3.0219,0.017784,8.0312,-1.3118,0,0,0,0,1.9215,1.9012,1.9039,1.9194,50.07,-8.8145,0,-72.977,-0.50899,0,12.743
6.31,-0.92875,0.70004,1,0.057244,0.34872,0,0.93548,-5.3655,4.3183,0,0.51968,2.8284,0.020645,8.5282,-1.3999,0,0,0,0,1.9701,1.9509,1.9535,1.9683,49.318,-8.8197,0,-77.542,-0.5166,0,13.071
6.32,-0.98197,0.74315,1,0.059655,0.36148,0,0.93047,-5.2778,4.3039,0,0.49753,2.6452,0.023692,9.0174,-1.4882,0,0,0,0,2.0196,2.0015,2.004,2.018,48.52,-8.8248,0,-82.044,-0.51925,0,13.405
6.33,-1.0343,0.78612,1,0.061962,0.37334,0,0.92562,-5.1852,4.2886,0,0.47707,2.4724,0.026917,9.4985,-1.5764,0,0,0,0,2.0697,2.0527,2.0551,2.0683,47.677,-8.83,0,-86.481,-0.51663,0,13.743
6.34,-1.0857,0.82892,1,0.064175,0.38436,0,0.92095,-5.0878,4.2723,0,0.45826,2.3097,0.030311,9.9708,-1.6648,0,0,0,0,2.1203,2.1044,2.1066,2.1191,46.79,-8.8351,0,-90.849,-0.50842,0,14.084
6.35,-1.136,0.87156,1,0.066302,0.39461,0,0.91645,-4.9858,4.2553,0,0.44106,2.1569,0.033868,10.434,-1.7531,0,0,0,0,2.1711,2.1562,2.1583,2.1701,45.86,-8.8402,0,-95.142,-0.49429,0,14.426
6.36,-1.1854,0.91402,1,0.068353,0.40412,0,0.91215,-4.8792,4.2373,0,0.4254,2.0136,0.037582,10.888,-1.8416,0,0,0,0,2.2219,2.208,2.21,2.2211,44.888,-8.845,0,-99.358,-0.47392,0,14.768
6.37,-1.2336,0.9563,1,0.070337,0.41296,0,0.90803,-4.7681,4.2184,0,0.41121,1.8793,0.041447,11.332,-1.93,0,0,0,0,2.2726,2.2596,2.2616,2.272,43.873,-8.8496,0,-103.49,-0.44699,0,15.11
6.38,-1.2807,0.99839,1,0.072261,0.42117,0,0.9041,-4.6526,4.1987,0,0.39842,1.7534,0.045461,11.765,-2.0186,0,0,0,0,2.323,2.3109,2.3127,2.3226,42.818,-8.8539,0,-107.54,-0.41318,0,15.449
6.39,-1.3266,1.0403,1,0.074133,0.4288,0,0.90035,-4.5328,4.1781,0,0.38695,1.6356,0.049621,12.188,-2.1071,0,0,0,0,2.373,2.3617,2.3634,2.3727,41.723,-8.8579,0,-111.5,-0.37216,0,15.785
6.4,-1.3713,1.0819,1,0.07596,0.43588,0,0.8968,-4.4088,4.1565,0,0.37672,1.5251,0.053923,12.6,-2.1957,0,0,0,0,2.4223,2.4118,2.4135,2.4222,40.588,-8.8613,0,-115.37,-0.32362,0,16.116
6.41,-1.4148,1.1234,1,0.077748,0.44245,0,0.89342,-4.2808,4.1341,0,0.36765,1.4215,0.058368,13,-2.2843,0,0,0,0,2.471,2.4612,2.4627,2.471,39.416,-8.8643,0,-119.14,-0.26723,0,16.443
6.42,-1.457,1.1646,1,0.079505,0.44854,0,0.89022,-4.1489,4.1109,0,0.35968,1.3243,0.062955,13.388,-2.373,0,0,0,0,2.5188,2.5096,2.5111,2.5189,38.206,-8.8667,0,-122.81,-0.20266,0,16.764
6.43,-1.4978,1.2056,1,0.081235,0.45419,0,0.88719,-4.0131,4.0867,0,0.35272,1.2329,0.067684,13.764,-2.4617,0,0,0,0,2.5656,2.557,2.5585,2.5659,36.96,-8.8683,0,-126.38,-0.1296,0,17.078
6.44,-1.5372,1.2464,1,0.082943,0.45943,0,0.88433,-3.8737,4.0616,0,0.34673,1.147,0.072558,14.127,-2.5504,0,0,0,0,2.6113,2.6033,2.6047,2.6117,35.679,-8.8692,0,-129.83,-0.047729,0,17.385
6.45,-1.5752,1.2868,1,0.084636,0.46429,0,0.88163,-3.7306,4.0357,0,0.34164,1.066,0.077577,14.477,-2.6391,0,0,0,0,2.6559,2.6484,2.6497,2.6564,34.364,-8.8693,0,-133.18,0.043284,0,17.684
6.46,-1.6118,1.3271,1,0.086317,0.46877,0,0.87909,-3.5842,4.0088,0,0.3374,0.98963,0.082745,14.814,-2.7277,0,0,0,0,2.6991,2.6921,2.6934,2.6998,33.016,-8.8683,0,-136.41,0.14376,0,17.974
6.47,-1.6469,1.367,1,0.087991,0.47292,0,0.8767,-3.4344,3.9811,0,0.33395,0.9174,0.088066,15.137,-2.8164,0,0,0,0,2.741,2.7344,2.7357,2.7418,31.636,-8.8664,0,-139.51,0.25401,0,18.255
6.48,-1.6805,1.4067,1,0.089663,0.47675,0,0.87446,-3.2815,3.9525,0,0.33125,0.84899,0.093542,15.447,-2.9051,0,0,0,0,2.7815,2.7753,2.7765,2.7823,30.226,-8.8632,0,-142.5,0.37437,0,18.526
6.49,-1.7125,1.4461,1,0.091335,0.48027,0,0.87235,-3.1255,3.923,0,0.32926,0.78405,0.099179,15.742,-2.9937,0,0,0,0,2.8204,2.8145,2.8157,2.8213,28.786,-8.8588,0,-145.35,0.50516,0,18.787
6.5,-1.743,1.4851,1,0.093012,0.4835,0,0.87039,-2.9667,3.8926,0,0.32794,0.7223,0.10498,16.022,-3.0822,0,0,0,0,2.8576,2.8522,2.8533,2.8587,27.319,-8.8531,0,-148.08,0.6467,0,19.036
6.51,-1.7718,1.5239,1,0.094698,0.48646,0,0.86856,-2.8051,3.8614,0,0.32726,0.66342,0.11096,16.288,-3.1707,0,0,0,0,2.8933,2.8881,2.8892,2.8944,25.825,-8.8459,0,-150.67,0.79931,0,19.275
6.52,-1.7991,1.5624,1,0.096396,0.48916,0,0.86685,-2.641,3.8292,0,0.32718,0.60717,0.11711,16.539,-3.2592,0,0,0,0,2.9271,2.9222,2.9233,2.9284,24.306,-8.8371,0,-153.12,0.96331,0,19.502
6.53,-1.8247,1.6005,1,0.098108,0.49162,0,0.86527,-2.4744,3.7962,0,0.32768,0.55328,0.12345,16.774,-3.3475,0,0,0,0,2.9592,2.9546,2.9556,2.9606,22.763,-8.8266,0,-155.42,1.139,0,19.717
6.54,-1.8486,1.6383,1,0.099839,0.49383,0,0.86381,-2.3055,3.7623,0,0.32874,0.50152,0.12997,16.994,-3.4357,0,0,0,0,2.9894,2.985,2.9861,2.9909,21.198,-8.8142,0,-157.58,1.3268,0,19.919
6.55,-1.8708,1.6757,1,0.10159,0.49582,0,0.86246,-2.1346,3.7275,0,0.33034,0.45169,0.1367,17.198,-3.5238,0,0,0,0,3.0177,3.0135,3.0146,3.0193,19.612,-8.8,0,-159.59,1.5269,0,20.109
6.56,-1.8912,1.7128,1,0.10337,0.49759,0,0.86123,-1.9616,3.6918,0,0.33244,0.40357,0.14364,17.386,-3.6117,0,0,0,0,3.0441,3.0401,3.0411,3.0457,18.007,-8.7837,0,-161.45,1.7397,0,20.285
6.57,-1.91,1.7496,1,0.10517,0.49915,0,0.86011,-1.7869,3.6552,0,0.33504,0.35697,0.15079,17.558,-3.6994,0,0,0,0,3.0685,3.0647,3.0657,3.0702,16.384,-8.7651,0,-163.14,1.9655,0,20.448
6.58,-1.927,1.7859,1,0.107,0.5005,0,0.8591,-1.6105,3.6178,0,0.33813,0.31172,0.15817,17.714,-3.787,0,0,0,0,3.0909,3.0872,3.0882,3.0927,14.745,-8.7443,0,-164.67,2.2046,0,20.598
6.59,-1.9422,1.8219,1,0.10887,0.50166,0,0.85819,-1.4327,3.5795,0,0.34168,0.26764,0.16578,17.853,-3.8743,0,0,0,0,3.1112,3.1076,3.1087,3.113,13.091,-8.721,0,-166.04,2.4574,0,20.734
6.6,-1.9556,1.8575,1,0.11077,0.50262,0,0.85738,-1.2535,3.5403,0,0.34569,0.22458,0.17364,17.975,-3.9614,0,0,0,0,3.1294,3.126,3.127,3.1314,11.424,-8.6951,0,-167.23,2.7241,0,20.856
6.61,-1.9673,1.8927,1,0.1127,0.5034,0,0.85667,-1.0732,3.5003,0,0.35014,0.18239,0.18175,18.081,-4.0482,0,0,0,0,3.1455,3.1422,3.1432,3.1475,9.7468,-8.6665,0,-168.26,3.0052,0,20.964
6.62,-1.9771,1.9275,1,0.11468,0.50398,0,0.85607,-0.89196,3.4594,0,0.35503,0.14091,0.19014,18.17,-4.1347,0,0,0,0,3.1595,3.1562,3.1573,3.1616,8.0598,-8.635,0,-169.1,3.3008,0,21.058
6.63,-1.9851,1.9619,1,0.1167,0.50438,0,0.85556,-0.70988,3.4176,0,0.36035,0.10002,0.1988,18.242,-4.2209,0,0,0,0,3.1713,3.1681,3.1692,3.1735,6.3654,-8.6004,0,-169.76,3.6114,0,21.137
6.64,-1.9913,1.9959,1,0.11877,0.50461,0,0.85514,-0.52717,3.3749,0,0.3661,0.059575,0.20775,18.298,-4.3067,0,0,0,0,3.181,3.1779,3.179,3.1833,4.6653,-8.5627,0,-170.24,3.9373,0,21.202
6.65,-1.9956,2.0294,1,0.12088,0.50465,0,0.85482,-0.34398,3.3315,0,0.37225,0.019448,0.21701,18.336,-4.3921,0,0,0,0,3.1885,3.1854,3.1866,3.1909,2.9613,-8.5216,0,-170.52,4.2786,0,21.252
6.66,-1.9982,2.0625,1,0.12305,0.50451,0,0.85459,-0.16051,3.2871,0,0.37882,-0.020487,0.22659,18.357,-4.4771,0,0,0,0,3.1938,3.1908,3.192,3.1963,1.2554,-8.477,0,-170.62,4.635,0,21.288
6.67,-1.9988,2.0952,1,0.12526,0.50419,0,0.85446,0.023096,3.2419,0,0.3858,-0.060355,0.2365,18.361,-4.5617,0,0,0,0,3.197,3.194,3.1952,3.1996,-0.45049,-8.4289,0,-170.54,5.0055,0,21.31
6.68,-1.9977,2.1273,1,0.12754,0.5037,0,0.85441,0.20665,3.1959,0,0.39318,-0.10028,0.24676,18.348,-4.6457,0,0,0,0,3.198,3.195,3.1963,3.2007,-2.1547,-8.3769,0,-170.27,5.3896,0,21.317
6.69,-1.9947,2.1591,1,0.12987,0.50302,0,0.85446,0.39,3.149,0,0.40096,-0.14038,0.25738,18.318,-4.7292,0,0,0,0,3.1968,3.1939,3.1952,3.1996,-3.8553,-8.321,0,-169.83,5.7864,0,21.309
6.7,-1.9899,2.1903,1,0.13226,0.50216,0,0.8546,0.57295,3.1013,0,0.40914,-0.18079,0.26839,18.271,-4.8121,0,0,0,0,3.1935,3.1905,3.1919,3.1964,-5.5507,-8.2611,0,-169.21,6.1952,0,21.287
6.71,-1.9833,2.2211,1,0.13471,0.50112,0,0.85483,0.75536,3.0528,0,0.41772,-0.22163,0.2798,18.207,-4.8944,0,0,0,0,3.1881,3.1851,3.1865,3.1911,-7.239,-8.1971,0,-168.43,6.6153,0,21.251
6.72,-1.9748,2.2514,1,0.13723,0.49989,0,0.85515,0.93703,3.0034,0,0.42669,-0.26303,0.29164,18.126,-4.976,0,0,0,0,3.1805,3.1775,3.1789,3.1837,-8.9186,-8.1288,0,-167.48,7.0458,0,21.201
6.73,-1.9645,2.2812,1,0.13982,0.49847,0,0.85556,1.1178,2.9532,0,0.43606,-0.30512,0.30393,18.028,-5.0569,0,0,0,0,3.1709,3.1678,3.1693,3.1741,-10.588,-8.0561,0,-166.36,7.4861,0,21.137
6.74,-1.9524,2.3104,1,0.14248,0.49685,0,0.85606,1.2975,2.9023,0,0.44583,-0.34803,0.31668,17.914,-5.1371,0,0,0,0,3.1592,3.156,3.1576,3.1626,-12.245,-7.979,0,-165.09,7.9354,0,21.059
6.75,-1.9386,2.3392,1,0.14521,0.49504,0,0.85665,1.4761,2.8505,0,0.456,-0.3919,0.32994,17.784,-5.2165,0,0,0,0,3.1455,3.1422,3.1439,3.1489,-13.889,-7.8974,0,-163.66,8.3929,0,20.968
6.76,-1.9229,2.3674,1,0.14802,0.49302,0,0.85734,1.6532,2.7979,0,0.46656,-0.43687,0.34372,17.637,-5.2951,0,0,0,0,3.1297,3.1264,3.1282,3.1333,-15.518,-7.8112,0,-162.07,8.8578,0,20.863
6.77,-1.9055,2.3952,1,0.15091,0.49078,0,0.85812,1.8287,2.7446,0,0.47751,-0.48308,0.35806,17.473,-5.3727,0,0,0,0,3.1121,3.1086,3.1105,3.1158,-17.13,-7.7202,0,-160.34,9.3295,0,20.745
6.78,-1.8864,2.4223,1,0.15387,0.48833,0,0.85899,2.0026,2.6905,0,0.48886,-0.5307,0.37298,17.294,-5.4494,0,0,0,0,3.0925,3.0889,3.0909,3.0963,-18.724,-7.6245,0,-158.46,9.8072,0,20.614
6.79,-1.8655,2.449,1,0.15693,0.48565,0,0.85995,2.1746,2.6356,0,0.50058,-0.57987,0.38851,17.099,-5.5252,0,0,0,0,3.071,3.0673,3.0694,3.075,-20.299,-7.5241,0,-156.44,10.29,0,20.471
6.8,-1.8429,2.475,1,0.16007,0.48273,0,0.86102,2.3445,2.58,0,0.51268,-0.63077,0.4047,16.888,-5.5999,0,0,0,0,3.0477,3.0439,3.0461,3.0519,-21.853,-7.4187,0,-154.29,10.778,0,20.316
6.81,-1.8186,2.5006,1,0.1633,0.47956,0,0.86218,2.5123,2.5236,0,0.52515,-0.68356,0.42157,16.662,-5.6736,0,0,0,0,3.0227,3.0186,3.021,3.027,-23.384,-7.3085,0,-151.99,11.269,0,20.149
6.82,-1.7926,2.5255,1,0.16662,0.47614,0,0.86344,2.6777,2.4665,0,0.53797,-0.73843,0.43916,16.421,-5.7461,0,0,0,0,2.996,2.9917,2.9942,3.0004,-24.892,-7.1933,0,-149.57,11.763,0,19.97
6.83,-1.765,2.5499,1,0.17003,0.47245,0,0.8648,2.8406,2.4087,0,0.55112,-0.79556,0.45751,16.164,-5.8174,0,0,0,0,2.9676,2.9631,2.9657,2.9722,-26.375,-7.0732,0,-147.02,12.259,0,19.781
6.84,-1.7358,2.5737,1,0.17355,0.46848,0,0.86626,3.0009,2.3502,0,0.56459,-0.85516,0.47665,15.893,-5.8875,0,0,0,0,2.9377,2.9329,2.9357,2.9424,-27.832,-6.9482,0,-144.34,12.757,0,19.581
6.85,-1.705,2.5969,1,0.17716,0.46421,0,0.86783,3.1584,2.291,0,0.57833,-0.91742,0.49664,15.608,-5.9563,0,0,0,0,2.9062,2.9012,2.9042,2.9111,-29.261,-6.8181,0,-141.54,13.255,0,19.371
6.86,-1.6727,2.6195,1,0.18087,0.45963,0,0.8695,3.313,2.2311,0,0.59232,-0.98257,0.5175,15.308,-6.0239,0,0,0,0,2.8734,2.868,2.8712,2.8784,-30.662,-6.6831,0,-138.62,13.753,0,19.152
6.87,-1.6388,2.6415,1,0.18469,0.45473,0,0.87127,3.4646,2.1705,0,0.60651,-1.0508,0.53929,14.994,-6.09,0,0,0,0,2.8392,2.8335,2.8369,2.8444,-32.034,-6.5431,0,-135.59,14.249,0,18.923
6.88,-1.6034,2.6629,1,0.18861,0.44948,0,0.87315,3.6129,2.1093,0,0.62085,-1.1224,0.56204,14.667,-6.1547,0,0,0,0,2.8038,2.7977,2.8013,2.8091,-33.374,-6.3981,0,-132.45,14.743,0,18.686
6.89,-1.5665,2.6837,1,0.19263,0.44386,0,0.87515,3.7579,2.0474,0,0.63526,-1.1976,0.5858,14.327,-6.2179,0,0,0,0,2.7672,2.7607,2.7646,2.7726,-34.682,-6.2482,0,-129.2,15.234,0,18.442
6.9,-1.5282,2.7039,1,0.19677,0.43786,0,0.87725,3.8994,1.9849,0,0.64968,-1.2765,0.6106,13.974,-6.2797,0,0,0,0,2.7295,2.7225,2.7268,2.7351,-35.958,-6.0934,0,-125.85,15.721,0,18.19
6.91,-1.4886,2.7234,1,0.20101,0.43145,0,0.87946,4.0373,1.9218,0,0.66399,-1.3596,0.63648,13.608,-6.3398,0,0,0,0,2.6909,2.6834,2.688,2.6966,-37.199,-5.9338,0,-122.39,16.204,0,17.932
6.92,-1.4475,2.7423,1,0.20535,0.42462,0,0.88178,4.1715,1.8581,0,0.6781,-1.4469,0.66349,13.23,-6.3983,0,0,0,0,2.6515,2.6434,2.6483,2.6572,-38.405,-5.7694,0,-118.84,16.68,0,17.667
6.93,-1.4051,2.7605,1,0.2098,0.41732,0,0.88421,4.3019,1.7939,0,0.69186,-1.5387,0.69164,12.84,-6.4552,0,0,0,0,2.6113,2.6027,2.608,2.6171,-39.575,-5.6002,0,-115.2,17.15,0,17.398
6.94,-1.3615,2.7782,1,0.21436,0.40955,0,0.88675,4.4283,1.729,0,0.70512,-1.6353,0.72098,12.439,-6.5103,0,0,0,0,2.5705,2.5613,2.5669,2.5764,-40.709,-5.4264,0,-111.46,17.612,0,17.125
6.95,-1.3166,2.7951,1,0.21901,0.40127,0,0.88939,4.5506,1.6637,0,0.71769,-1.7369,0.7515,12.026,-6.5637,0,0,0,0,2.5292,2.5193,2.5254,2.5352,-41.804,-5.248,0,-107.64,18.066,0,16.849
6.96,-1.2705,2.8114,1,0.22375,0.39245,0,0.89214,4.6687,1.5978,0,0.72936,-1.8436,0.78323,11.603,-6.6152,0,0,0,0,2.4876,2.477,2.4836,2.4936,-42.861,-5.0651,0,-103.73,18.51,0,16.57
6.97,-1.2232,2.8271,1,0.22859,0.38306,0,0.895,4.7826,1.5314,0,0.73989,-1.9557,0.81616,11.169,-6.665,0,0,0,0,2.4459,2.4344,2.4415,2.4518,-43.879,-4.8778,0,-99.741,18.944,0,16.289
6.98,-1.1749,2.8421,1,0.2335,0.37307,0,0.89794,4.8921,1.4645,0,0.749,-2.0731,0.85026,10.725,-6.7128,0,0,0,0,2.404,2.3917,2.3994,2.4098,-44.856,-4.6863,0,-95.676,19.367,0,16.008
6.99,-1.1254,2.8564,1,0.23848,0.36244,0,0.90098,4.9971,1.3971,0,0.75636,-2.1959,0.88551,10.272,-6.7587,0,0,0,0,2.3623,2.3491,2.3573,2.3679,-45.792,-4.4905,0,-91.538,19.778,0,15.728
7,-1.0749,2.87,1,0.24352,0.35116,0,0.90409,5.0975,1.3293,0,0.76163,-2.3242,0.92184,9.8095,-6.8026,0,0,0,0,2.3208,2.3067,2.3156,2.3263,-46.686,-4.2908,0,-87.329,20.175,0,15.449
7.01,-1.0235,2.8829,1,0.2486,0.33918,0,0.90728,5.1932,1.2611,0,0.76442,-2.4576,0.95917,9.3384,-6.8445,0,0,0,0,2.2798,2.2647,2.2743,2.285,-47.538,-4.0871,0,-83.054,20.559,0,15.173
7.02,-0.97108,2.8952,1,0.2537,0.32647,0,0.91053,5.2842,1.1924,0,0.7643,-2.5961,0.99738,8.8589,-6.8843,0,0,0,0,2.2395,2.2233,2.2336,2.2442,-48.347,-3.8796,0,-78.715,20.929,0,14.901
7.03,-0.9178,2.9068,1,0.2588,0.313,0,0.91381,5.3704,1.1234,0,0.7608,-2.739,1.0363,8.3716,-6.9221,0,0,0,0,2.1999,2.1828,2.1938,2.2042,-49.112,-3.6686,0,-74.317,21.283,0,14.634
7.04,-0.86369,2.9177,1,0.26389,0.29875,0,0.91712,5.4516,1.054,0,0.75344,-2.8859,1.0758,7.8768,-6.9577,0,0,0,0,2.1614,2.1432,2.155,2.1651,-49.833,-3.454,0,-69.862,21.62,0,14.374
7.05,-0.80878,2.9279,1,0.26892,0.28369,0,0.92044,5.5279,0.98423,0,0.74172,-3.0359,1.1156,7.375,-6.9911,0,0,0,0,2.124,2.1049,2.1174,2.127,-50.509,-3.2362,0,-65.356,21.941,0,14.122
7.06,-0.75314,2.9374,1,0.27387,0.2678,0,0.92373,5.5991,0.91416,0,0.72513,-3.188,1.1554,6.8668,-7.0224,0,0,0,0,2.0881,2.068,2.0813,2.0902,-51.14,-3.0153,0,-60.8,22.245,0,13.879
7.07,-0.69682,2.9462,1,0.2787,0.25107,0,0.92698,5.6652,0.84379,0,0.70319,-3.341,1.1949,6.3524,-7.0514,0,0,0,0,2.0537,2.0327,2.0469,2.0549,-51.725,-2.7914,0,-56.2,22.529,0,13.647
7.08,-0.63986,2.9542,1,0.28337,0.2335,0,0.93015,5.7261,0.77314,0,0.67543,-3.4933,1.2338,5.8324,-7.0782,0,0,0,0,2.0212,1.9994,2.0143,2.0213,-52.264,-2.5647,0,-51.559,22.795,0,13.427
7.09,-0.58231,2.9616,1,0.28785,0.21508,0,0.93321,5.7818,0.70224,0,0.64149,-3.6431,1.2716,5.3073,-7.1027,0,0,0,0,1.9907,1.9683,1.9839,1.9896,-52.756,-2.3355,0,-46.88,23.041,0,13.221
7.1,-0.52424,2.9683,1,0.29208,0.19585,0,0.93613,5.8323,0.6311,0,0.60108,-3.7885,1.3078,4.7774,-7.1249,0,0,0,0,1.9623,1.9395,1.9557,1.9599,-53.202,-2.104,0,-42.166,23.267,0,13.029
7.11,-0.46569,2.9742,1,0.29602,0.17581,0,0.93886,5.8774,0.55975,0,0.55403,-3.9273,1.342,4.2434,-7.1448,0,0,0,0,1.9364,1.9133,1.9301,1.9326,-53.6,-1.8703,0,-37.423,23.471,0,12.854
7.12,-0.40671,2.9795,1,0.29962,0.15502,0,0.94138,5.9171,0.48821,0,0.50036,-4.057,1.3737,3.7056,-7.1623,0,0,0,0,1.913,1.89,1.9072,1.9077,-53.95,-1.6346,0,-32.653,23.653,0,12.696
7.13,-0.34736,2.984,1,0.30284,0.13352,0,0.94364,5.9515,0.41651,0,0.44025,-4.1752,1.4022,3.1645,-7.1775,0,0,0,0,1.8924,1.8696,1.8871,1.8855,-54.253,-1.3973,0,-27.86,23.813,0,12.558
7.14,-0.2877,2.9878,1,0.30564,0.1114,0,0.94561,5.9804,0.34467,0,0.37411,-4.2794,1.4273,2.6207,-7.1902,0,0,0,0,1.8747,1.8525,1.8701,1.8663,-54.507,-1.1585,0,-23.047,23.949,0,12.439
7.15,-0.22777,2.9909,1,0.30796,0.088725,0,0.94725,6.0039,0.27271,0,0.30256,-4.3674,1.4482,2.0746,-7.2006,0,0,0,0,1.8601,1.8388,1.8562,1.85,-54.713,-0.91839,0,-18.219,24.06,0,12.342
7.16,-0.16764,2.9933,1,0.30978,0.065602,0,0.94854,6.0219,0.20066,0,0.22644,-4.4371,1.4647,1.5266,-7.2086,0,0,0,0,1.8486,1.8286,1.8457,1.837,-54.871,-0.67733,0,-13.379,24.147,0,12.266
7.17,-0.10735,2.9949,1,0.31106,0.042139,0,0.94946,6.0344,0.12855,0,0.14677,-4.4866,1.4764,0.97729,-7.2142,0,0,0,0,1.8403,1.8219,1.8384,1.8274,-54.981,-0.43553,0,-8.5304,24.208,0,12.213
7.18,-0.046967,2.9958,1,0.31179,0.018452,0,0.94997,6.0414,0.056387,0,0.06476,-4.5148,1.483,0.42714,-7.2173,0,0,0,0,1.8355,1.8188,1.8346,1.8213,-55.042,-0.19325,0,-3.6773,24.243,0,12.184
7.19,0.01346,2.996,1,0.31195,-0.0053325,0,0.95009,6.043,-0.015792,0,-0.018298,-4.5209,1.4845,-0.12339,-7.218,0,0,0,0,1.834,1.8194,1.8342,1.8187,-55.055,0.049236,0,1.1769,24.251,0,12.177
7.2,0.073874,2.9955,1,0.31153,-0.029088,0,0.94979,6.039,-0.087966,0,-0.10105,-4.5047,1.4806,-0.67379,-7.2163,0,0,0,0,1.8359,1.8236,1.8372,1.8198,-55.019,0.29167,0,6.0286,24.231,0,12.194
7.21,0.13422,2.9943,1,0.31056,-0.052688,0,0.94909,6.0295,-0.16011,0,-0.18215,-4.4666,1.4717,-1.2236,-7.2122,0,0,0,0,1.8413,1.8313,1.8436,1.8244,-54.934,0.53376,0,10.874,24.184,0,12.234
7.22,0.19445,2.9923,1,0.30904,-0.076011,0,0.94801,6.0145,-0.2322,0,-0.26036,-4.4077,1.4577,-1.7723,-7.2057,0,0,0,0,1.85,1.8425,1.8533,1.8327,-54.801,0.77526,0,15.711,24.111,0,12.298
7.23,0.25449,2.9896,1,0.30699,-0.098942,0,0.94655,5.994,-0.30422,0,-0.33453,-4.3295,1.4391,-2.3195,-7.1967,0,0,0,0,1.8621,1.857,1.8663,1.8446,-54.62,1.0159,0,20.535,24.013,0,12.383
7.24,0.31431,2.9862,1,0.30446,-0.12138,0,0.94476,5.9681,-0.37613,0,-0.40373,-4.2338,1.4162,-2.8645,-7.1853,0,0,0,0,1.8774,1.8746,1.8823,1.8598,-54.39,1.2554,0,25.343,23.891,0,12.49
7.25,0.37384,2.9821,1,0.30147,-0.14322,0,0.94266,5.9368,-0.44791,0,-0.46721,-4.1229,1.3895,-3.4071,-7.1716,0,0,0,0,1.8958,1.8952,1.9013,1.8784,-54.113,1.4936,0,30.132,23.744,0,12.618
7.26,0.43303,2.9773,1,0.29808,-0.16441,0,0.94028,5.9,-0.51955,0,-0.52445,-3.9992,1.3595,-3.9466,-7.1555,0,0,0,0,1.9171,1.9186,1.9232,1.9001,-53.788,1.7303,0,34.898,23.575,0,12.765
7.27,0.49182,2.9717,1,0.29432,-0.18486,0,0.93766,5.8578,-0.59102,0,-0.57516,-3.8651,1.3266,-4.4827,-7.137,0,0,0,0,1.9413,1.9446,1.9477,1.9247,-53.415,1.9651,0,39.638,23.383,0,12.931
7.28,0.55016,2.9655,1,0.29025,-0.20454,0,0.93484,5.8103,-0.66228,0,-0.61921,-3.7231,1.2914,-5.0148,-7.1162,0,0,0,0,1.9681,1.973,1.9748,1.9521,-52.995,2.1978,0,44.349,23.169,0,13.113
7.29,0.60801,2.9585,1,0.28591,-0.22341,0,0.93185,5.7576,-0.73333,0,-0.65669,-3.5755,1.2544,-5.5425,-7.0931,0,0,0,0,1.9973,2.0036,2.0041,1.982,-52.528,2.4284,0,49.028,22.935,0,13.312
7.3,0.6653,2.9508,1,0.28134,-0.24144,0,0.92874,5.6995,-0.80414,0,-0.68782,-3.4243,1.2161,-6.0652,-7.0676,0,0,0,0,2.0287,2.0362,2.0356,2.0141,-52.015,2.6565,0,53.671,22.68,0,13.524
7.31,0.72198,2.9424,1,0.2766,-0.25863,0,0.92553,5.6363,-0.87468,0,-0.71293,-3.2716,1.1769,-6.5826,-7.0399,0,0,0,0,2.0621,2.0706,2.0689,2.0483,-51.455,2.8819,0,58.274,22.406,0,13.75
7.32,0.77801,2.9333,1,0.27171,-0.27497,0,0.92226,5.5679,-0.94493,0,-0.73243,-3.1189,1.1372,-7.0942,-7.01,0,0,0,0,2.0973,2.1066,2.104,2.0843,-50.849,3.1045,0,62.835,22.113,0,13.987
7.33,0.83332,2.9235,1,0.26673,-0.29049,0,0.91895,5.4944,-1.0149,0,-0.74679,-2.9676,1.0974,-7.5994,-6.9779,0,0,0,0,2.1341,2.1439,2.1406,2.1219,-50.198,3.3241,0,67.351,21.803,0,14.234
7.34,0.88788,2.913,1,0.26167,-0.30518,0,0.91564,5.4159,-1.0845,0,-0.75652,-2.819,1.0578,-8.098,-6.9435,0,0,0,0,2.1722,2.1825,2.1785,2.1608,-49.503,3.5405,0,71.817,21.475,0,14.49
7.35,0.94162,2.9018,1,0.25658,-0.31907,0,0.91234,5.3325,-1.1537,0,-0.76211,-2.6739,1.0185,-8.5893,-6.9071,0,0,0,0,2.2115,2.222,2.2175,2.2008,-48.762,3.7536,0,76.23,21.131,0,14.753
7.36,0.99451,2.8899,1,0.25148,-0.3322,0,0.90907,5.2442,-1.2226,0,-0.76407,-2.533,0.97992,-9.0731,-6.8685,0,0,0,0,2.2517,2.2624,2.2574,2.2418,-47.978,3.9631,0,80.588,20.771,0,15.022
7.37,1.0465,2.8774,1,0.24639,-0.34458,0,0.90585,5.151,-1.2911,0,-0.76287,-2.3968,0.94212,-9.5488,-6.8278,0,0,0,0,2.2927,2.3034,2.2981,2.2834,-47.151,4.1689,0,84.886,20.396,0,15.296
7.38,1.0975,2.8641,1,0.24133,-0.35624,0,0.90269,5.0532,-1.3592,0,-0.75895,-2.2658,0.90525,-10.016,-6.7851,0,0,0,0,2.3342,2.3448,2.3393,2.3256,-46.281,4.3709,0,89.122,20.007,0,15.573
7.39,1.1475,2.8502,1,0.23632,-0.36722,0,0.89961,4.9508,-1.4268,0,-0.75273,-2.14,0.86942,-10.474,-6.7404,0,0,0,0,2.3761,2.3866,2.3809,2.3681,-45.369,4.569,0,93.292,19.604,0,15.853
7.4,1.1965,2.8356,1,0.23137,-0.37756,0,0.89662,4.8438,-1.494,0,-0.74458,-2.0197,0.8347,-10.923,-6.6937,0,0,0,0,2.4182,2.4285,2.4227,2.4107,-44.415,4.763,0,97.392,19.189,0,16.134
7.41,1.2444,2.8203,1,0.22649,-0.38727,0,0.89371,4.7323,-1.5607,0,-0.73484,-1.9047,0.80115,-11.362,-6.6452,0,0,0,0,2.4603,2.4704,2.4645,2.4534,-43.421,4.9528,0,101.42,18.763,0,16.414
7.42,1.2911,2.8044,1,0.2217,-0.39641,0,0.89091,4.6165,-1.6269,0,-0.7238,-1.7952,0.76878,-11.791,-6.5947,0,0,0,0,2.5023,2.5122,2.5062,2.4959,-42.387,5.1382,0,105.37,18.326,0,16.694
7.43,1.3367,2.7878,1,0.217,-0.40498,0,0.8882,4.4965,-1.6925,0,-0.71173,-1.6908,0.73761,-12.21,-6.5424,0,0,0,0,2.544,2.5536,2.5477,2.5381,-41.314,5.3192,0,109.24,17.879,0,16.972
7.44,1.3811,2.7705,1,0.21239,-0.41303,0,0.8856,4.3724,-1.7577,0,-0.69886,-1.5915,0.70763,-12.618,-6.4883,0,0,0,0,2.5853,2.5946,2.5887,2.5798,-40.202,5.4957,0,113.03,17.423,0,17.247
7.45,1.4242,2.7526,1,0.20789,-0.42059,0,0.88311,4.2442,-1.8223,0,-0.68538,-1.4971,0.67885,-13.014,-6.4325,0,0,0,0,2.626,2.6351,2.6293,2.6209,-39.054,5.6677,0,116.72,16.959,0,17.519
7.46,1.4659,2.7341,1,0.20349,-0.42767,0,0.88073,4.1121,-1.8863,0,-0.67148,-1.4074,0.65123,-13.399,-6.375,0,0,0,0,2.6661,2.6749,2.6691,2.6613,-37.868,5.8349,0,120.33,16.489,0,17.786
7.47,1.5064,2.7149,1,0.19919,-0.43432,0,0.87846,3.9763,-1.9498,0,-0.65729,-1.322,0.62474,-13.771,-6.3158,0,0,0,0,2.7054,2.7138,2.7082,2.701,-36.647,5.9974,0,123.84,16.012,0,18.047
7.48,1.5454,2.6951,1,0.195,-0.44054,0,0.8763,3.8368,-2.0127,0,-0.64295,-1.2409,0.59936,-14.131,-6.2551,0,0,0,0,2.7437,2.7519,2.7464,2.7396,-35.392,6.1551,0,127.26,15.53,0,18.303
7.49,1.5831,2.6746,1,0.19091,-0.44637,0,0.87425,3.6937,-2.0749,0,-0.62855,-1.1637,0.57504,-14.479,-6.1927,0,0,0,0,2.7811,2.789,2.7836,2.7773,-34.102,6.308,0,130.57,15.043,0,18.551
7.5,1.6193,2.6536,1,0.18694,-0.45182,0,0.8723,3.5472,-2.1365,0,-0.61418,-1.0902,0.55175,-14.813,-6.1289,0,0,0,0,2.8173,2.8249,2.8197,2.8137,-32.781,6.456,0,133.78,14.553,0,18.793
7.51,1.654,2.6319,1,0.18306,-0.45691,0,0.87047,3.3975,-2.1975,0,-0.59993,-1.0201,0.52944,-15.134,-6.0636,0,0,0,0,2.8523,2.8597,2.8546,2.849,-31.427,6.599,0,136.88,14.06,0,19.026
7.52,1.6873,2.6096,1,0.1793,-0.46167,0,0.86874,3.2446,-2.2578,0,-0.58584,-0.95331,0.50808,-15.442,-5.9969,0,0,0,0,2.8861,2.8931,2.8882,2.8829,-30.043,6.7372,0,139.87,13.566,0,19.25
7.53,1.7189,2.5868,1,0.17563,-0.46611,0,0.86712,3.0887,-2.3174,0,-0.57198,-0.88949,0.48762,-15.735,-5.9289,0,0,0,0,2.9184,2.9252,2.9204,2.9155,-28.63,6.8704,0,142.74,13.071,0,19.466
7.54,1.749,2.5633,1,0.17206,-0.47025,0,0.8656,2.9299,-2.3763,0,-0.55838,-0.82845,0.46802,-16.014,-5.8596,0,0,0,0,2.9493,2.9558,2.9512,2.9465,-27.189,6.9986,0,145.49,12.576,0,19.671
7.55,1.7775,2.5392,1,0.16859,-0.47409,0,0.86418,2.7684,-2.4346,0,-0.54507,-0.76998,0.44924,-16.279,-5.7889,0,0,0,0,2.9786,2.9849,2.9804,2.976,-25.721,7.1219,0,148.12,12.081,0,19.867
7.56,1.8044,2.5146,1,0.16522,-0.47766,0,0.86287,2.6044,-2.4921,0,-0.53208,-0.71389,0.43124,-16.529,-5.7171,0,0,0,0,3.0063,3.0124,3.0081,3.0039,-24.227,7.2402,0,150.62,11.589,0,20.051
7.57,1.8296,2.4894,1,0.16194,-0.48097,0,0.86165,2.4379,-2.5489,0,-0.51944,-0.65997,0.41399,-16.763,-5.6442,0,0,0,0,3.0323,3.0383,3.0341,3.0301,-22.709,7.3537,0,153,11.1,0,20.225
7.58,1.8531,2.4636,1,0.15875,-0.48402,0,0.86053,2.2692,-2.605,0,-0.50716,-0.60805,0.39743,-16.983,-5.5701,0,0,0,0,3.0567,3.0624,3.0583,3.0545,-21.167,7.4622,0,155.24,10.613,0,20.386
7.59,1.875,2.4373,1,0.15565,-0.48684,0,0.85951,2.0983,-2.6603,0,-0.49524,-0.55794,0.38155,-17.187,-5.4949,0,0,0,0,3.0792,3.0847,3.0808,3.0771,-19.604,7.5659,0,157.34,10.131,0,20.536
7.6,1.8951,2.4104,1,0.15264,-0.48942,0,0.85859,1.9255,-2.7149,0,-0.48371,-0.50949,0.3663,-17.375,-5.4188,0,0,0,0,3.0998,3.1052,3.1014,3.0979,-18.021,7.6649,0,159.3,9.6537,0,20.674
7.61,1.9135,2.383,1,0.14971,-0.49177,0,0.85776,1.7509,-2.7687,0,-0.47256,-0.46251,0.35166,-17.547,-5.3417,0,0,0,0,3.1186,3.1238,3.1202,3.1168,-16.419,7.759,0,161.12,9.1818,0,20.799
7.62,1.9301,2.355,1,0.14685,-0.49391,0,0.85702,1.5746,-2.8217,0,-0.46181,-0.41687,0.33758,-17.703,-5.2636,0,0,0,0,3.1354,3.1405,3.137,3.1337,-14.799,7.8485,0,162.79,8.716,0,20.911
7.63,1.945,2.3266,1,0.14408,-0.49584,0,0.85638,1.3969,-2.874,0,-0.45145,-0.37241,0.32404,-17.843,-5.1847,0,0,0,0,3.1503,3.1553,3.1518,3.1486,-13.164,7.9334,0,164.31,8.2572,0,21.01
7.64,1.958,2.2976,1,0.14138,-0.49757,0,0.85582,1.2178,-2.9254,0,-0.44148,-0.32898,0.31102,-17.966,-5.105,0,0,0,0,3.1631,3.168,3.1646,3.1615,-11.514,8.0137,0,165.67,7.806,0,21.095
7.65,1.9693,2.2681,1,0.13875,-0.4991,0,0.85536,1.0376,-2.9761,0,-0.43191,-0.28646,0.29849,-18.073,-5.0244,0,0,0,0,3.1739,3.1786,3.1754,3.1724,-9.8507,8.0895,0,166.88,7.3632,0,21.167
7.66,1.9788,2.238,1,0.1362,-0.50044,0,0.85499,0.85641,-3.0259,0,-0.42274,-0.24469,0.28641,-18.163,-4.9432,0,0,0,0,3.1826,3.1872,3.1842,3.1811,-8.1765,8.161,0,167.93,6.9295,0,21.225
7.67,1.9864,2.2075,1,0.1337,-0.50158,0,0.85471,0.6744,-3.0749,0,-0.41397,-0.20355,0.27478,-18.237,-4.8612,0,0,0,0,3.1892,3.1937,3.1908,3.1878,-6.4927,8.2282,0,168.81,6.5055,0,21.269
7.68,1.9923,2.1766,1,0.13128,-0.50255,0,0.85453,0.49173,-3.1231,0,-0.4056,-0.16292,0.26356,-18.293,-4.7786,0,0,0,0,3.1936,3.1981,3.1953,3.1923,-4.8009,8.2911,0,169.52,6.092,0,21.299
7.69,1.9963,2.1451,1,0.12891,-0.50332,0,0.85443,0.30859,-3.1705,0,-0.39763,-0.12266,0.25274,-18.333,-4.6954,0,0,0,0,3.1959,3.2004,3.1976,3.1947,-3.1029,8.35,0,170.06,5.6898,0,21.314
7.7,1.9984,2.1131,1,0.12661,-0.50392,0,0.85442,0.12514,-3.217,0,-0.39006,-0.082644,0.24229,-18.355,-4.6116,0,0,0,0,3.1961,3.2005,3.1978,3.1949,-1.4003,8.405,0,170.43,5.2995,0,21.315
7.71,1.9988,2.0807,1,0.12436,-0.50434,0,0.85451,-0.058454,-3.2627,0,-0.38289,-0.042758,0.2322,-18.361,-4.5273,0,0,0,0,3.1941,3.1984,3.1959,3.1929,0.30508,8.4561,0,170.61,4.9218,0,21.302
7.72,1.9973,2.0479,1,0.12216,-0.50457,0,0.85468,-0.24202,-3.3076,0,-0.37612,-0.0028722,0.22246,-18.349,-4.4425,0,0,0,0,3.1899,3.1942,3.1917,3.1887,2.0114,8.5034,0,170.62,4.5575,0,21.274
7.73,1.9939,2.0146,1,0.12002,-0.50463,0,0.85495,-0.42538,-3.3516,0,-0.36976,0.037136,0.21304,-18.32,-4.3573,0,0,0,0,3.1835,3.1878,3.1854,3.1824,3.7168,8.5473,0,170.44,4.2073,0,21.232
7.74,1.9888,1.9809,1,0.11793,-0.50451,0,0.85531,-0.60837,-3.3947,0,-0.36382,0.077393,0.20393,-18.275,-4.2716,0,0,0,0,3.175,3.1792,3.177,3.1738,5.4195,8.5876,0,170.07,3.8718,0,21.175
7.75,1.9818,1.9467,1,0.11588,-0.50421,0,0.85577,-0.79081,-3.437,0,-0.3583,0.11802,0.19512,-18.212,-4.1855,0,0,0,0,3.1642,3.1685,3.1663,3.1631,7.1176,8.6247,0,169.51,3.5513,0,21.104
7.76,1.9729,1.9121,1,0.11388,-0.50373,0,0.85632,-0.97255,-3.4784,0,-0.3532,0.15916,0.1866,-18.132,-4.0991,0,0,0,0,3.1513,3.1556,3.1535,3.1503,8.8091,8.6587,0,168.77,3.2454,0,21.018
7.77,1.9623,1.8771,1,0.11191,-0.50306,0,0.85698,-1.1534,-3.519,0,-0.34853,0.20094,0.17835,-18.036,-4.0124,0,0,0,0,3.1363,3.1406,3.1386,3.1352,10.492,8.6897,0,167.84,2.9537,0,20.918
7.78,1.9499,1.8418,1,0.10999,-0.5022,0,0.85773,-1.3332,-3.5587,0,-0.34431,0.24351,0.17037,-17.923,-3.9253,0,0,0,0,3.1191,3.1235,3.1216,3.1181,12.165,8.7178,0,166.75,2.6762,0,20.804
7.79,1.9357,1.806,1,0.1081,-0.50116,0,0.85858,-1.5118,-3.5975,0,-0.34054,0.287,0.16264,-17.793,-3.838,0,0,0,0,3.0998,3.1042,3.1024,3.0988,13.827,8.7433,0,165.47,2.4124,0,20.675
7.8,1.9197,1.7698,1,0.10625,-0.49991,0,0.85953,-1.689,-3.6354,0,-0.33722,0.33159,0.15514,-17.646,-3.7505,0,0,0,0,3.0785,3.0829,3.0812,3.0774,15.474,8.7661,0,164.03,2.162,0,20.533
7.81,1.9019,1.7333,1,0.10443,-0.49847,0,0.86059,-1.8647,-3.6725,0,-0.33438,0.37742,0.14788,-17.483,-3.6627,0,0,0,0,3.055,3.0596,3.0579,3.054,17.107,8.7866,0,162.43,1.9248,0,20.378
7.82,1.8824,1.6964,1,0.10264,-0.49682,0,0.86176,-2.0386,-3.7087,0,-0.33203,0.42468,0.14084,-17.304,-3.5748,0,0,0,0,3.0296,3.0342,3.0326,3.0285,18.722,8.8047,0,160.66,1.7005,0,20.208
7.83,1.8611,1.6591,1,0.10087,-0.49495,0,0.86305,-2.2107,-3.744,0,-0.33019,0.47354,0.13402,-17.109,-3.4866,0,0,0,0,3.0021,3.0069,3.0054,3.0011,20.319,8.8206,0,158.73,1.4888,0,20.026
7.84,1.8382,1.6215,1,0.099122,-0.49286,0,0.86444,-2.3807,-3.7784,0,-0.32886,0.52421,0.12739,-16.898,-3.3983,0,0,0,0,2.9728,2.9776,2.9762,2.9717,21.897,8.8345,0,156.66,1.2894,0,19.831
7.85,1.8135,1.5835,1,0.097396,-0.49054,0,0.86596,-2.5486,-3.812,0,-0.32808,0.57689,0.12096,-16.671,-3.3099,0,0,0,0,2.9415,2.9465,2.9452,2.9404,23.452,8.8464,0,154.43,1.102,0,19.623
7.86,1.7872,1.5452,1,0.095686,-0.48798,0,0.86759,-2.7141,-3.8446,0,-0.32786,0.63181,0.11472,-16.429,-3.2214,0,0,0,0,2.9083,2.9135,2.9123,2.9073,24.985,8.8566,0,152.06,0.92632,0,19.402
7.87,1.7592,1.5066,1,0.09399,-0.48517,0,0.86935,-2.8771,-3.8764,0,-0.32823,0.6892,0.10866,-16.171,-3.1328,0,0,0,0,2.8734,2.8787,2.8776,2.8723,26.493,8.865,0,149.54,0.76208,0,19.17
7.88,1.7297,1.4677,1,0.092304,-0.48209,0,0.87125,-3.0375,-3.9073,0,-0.32922,0.74933,0.10278,-15.899,-3.0441,0,0,0,0,2.8368,2.8423,2.8412,2.8356,27.975,8.8718,0,146.89,0.60898,0,18.926
7.89,1.6985,1.4285,1,0.090625,-0.47873,0,0.87327,-3.195,-3.9373,0,-0.33086,0.81247,0.097064,-15.612,-2.9554,0,0,0,0,2.7984,2.8042,2.8032,2.7973,29.43,8.8772,0,144.11,0.46673,0,18.672
7.9,1.6658,1.389,1,0.088949,-0.47508,0,0.87544,-3.3497,-3.9664,0,-0.33319,0.87891,0.091511,-15.31,-2.8666,0,0,0,0,2.7585,2.7645,2.7636,2.7573,30.857,8.8812,0,141.19,0.33504,0,18.406
7.91,1.6315,1.3492,1,0.087272,-0.47111,0,0.87775,-3.5012,-3.9946,0,-0.33624,0.94898,0.086116,-14.995,-2.7778,0,0,0,0,2.717,2.7233,2.7225,2.7158,32.253,8.884,0,138.15,0.21363,0,18.131
7.92,1.5958,1.3091,1,0.085591,-0.46681,0,0.8802,-3.6495,-4.0219,0,-0.34007,1.023,0.080876,-14.665,-2.6889,0,0,0,0,2.6741,2.6806,2.68,2.6728,33.619,8.8855,0,134.98,0.1022,0,17.846
7.93,1.5585,1.2687,1,0.0839,-0.46217,0,0.88281,-3.7945,-4.0484,0,-0.34471,1.1014,0.075786,-14.323,-2.6001,0,0,0,0,2.6298,2.6367,2.6362,2.6285,34.953,8.886,0,131.7,0.00046114,0,17.552
7.94,1.5199,1.2281,1,0.082196,-0.45715,0,0.88558,-3.9359,-4.0739,0,-0.35022,1.1845,0.070843,-13.966,-2.5112,0,0,0,0,2.5842,2.5914,2.5911,2.5828,36.253,8.8856,0,128.3,-0.09187,0,17.249
7.95,1.4798,1.1873,1,0.080473,-0.45173,0,0.88852,-4.0738,-4.0986,0,-0.35666,1.2728,0.066045,-13.598,-2.4223,0,0,0,0,2.5375,2.5451,2.5448,2.536,37.518,8.8842,0,124.8,-0.17509,0,16.939
7.96,1.4384,1.1462,1,0.078727,-0.44588,0,0.89162,-4.2078,-4.1224,0,-0.36408,1.3667,0.06139,-13.216,-2.3335,0,0,0,0,2.4897,2.4977,2.4976,2.4881,38.748,8.8821,0,121.18,-0.24948,0,16.622
7.97,1.3957,1.1048,1,0.076951,-0.43958,0,0.8949,-4.338,-4.1453,0,-0.37255,1.4667,0.056877,-12.823,-2.2447,0,0,0,0,2.4409,2.4494,2.4494,2.4393,39.942,8.8793,0,117.46,-0.31533,0,16.298
7.98,1.3517,1.0632,1,0.075141,-0.43279,0,0.89836,-4.4643,-4.1673,0,-0.38215,1.5733,0.052507,-12.418,-2.1559,0,0,0,0,2.3913,2.4002,2.4004,2.3896,41.097,8.8758,0,113.65,-0.37295,0,15.969
7.99,1.3064,1.0215,1,0.073289,-0.42547,0,0.902,-4.5864,-4.1884,0,-0.39294,1.687,0.048279,-12.001,-2.0672,0,0,0,0,2.3409,2.3504,2.3508,2.3391,42.214,8.8718,0,109.74,-0.4226,0,15.635
8,1.26,0.97948,1,0.071388,-0.41759,0,0.90583,-4.7042,-4.2086,0,-0.40501,1.8084,0.044195,-11.573,-1.9785,0,0,0,0,2.29,2.3001,2.3006,2.2881,43.292,8.8674,0,105.73,-0.46459,0,15.298
8.01,1.2123,0.9373,1,0.069433,-0.40911,0,0.90984,-4.8178,-4.228,0,-0.41843,1.9379,0.040258,-11.135,-1.8898,0,0,0,0,2.2386,2.2494,2.25,2.2366,44.329,8.8626,0,101.64,-0.4992,0,14.958
8.02,1.1636,0.89493,1,0.067414,-0.39997,0,0.91404,-4.9269,-4.2464,0,-0.43327,2.0762,0.036471,-10.687,-1.8012,0,0,0,0,2.187,2.1984,2.1993,2.1849,45.324,8.8574,0,97.469,-0.52673,0,14.616
8.03,1.1138,0.85237,1,0.065324,-0.39014,0,0.91844,-5.0315,-4.264,0,-0.44962,2.2236,0.032838,-10.229,-1.7127,0,0,0,0,2.1353,2.1474,2.1484,2.1331,46.278,8.852,0,93.216,-0.54746,0,14.274
8.04,1.063,0.80965,1,0.063153,-0.37955,0,0.92301,-5.1315,-4.2807,0,-0.46754,2.3808,0.029365,-9.7615,-1.6242,0,0,0,0,2.0836,2.0964,2.0977,2.0813,47.188,8.8465,0,88.887,-0.56168,0,13.932
8.05,1.0112,0.76676,1,0.060894,-0.36816,0,0.92776,-5.2267,-4.2965,0,-0.48709,2.5479,0.026059,-9.2853,-1.5358,0,0,0,0,2.0323,2.0458,2.0473,2.0298,48.055,8.8408,0,84.487,-0.56969,0,13.592
8.06,0.95848,0.72372,1,0.058535,-0.35591,0,0.93268,-5.3171,-4.3114,0,-0.50831,2.7254,0.022926,-8.8006,-1.4474,0,0,0,0,1.9814,1.9957,1.9974,1.9788,48.878,8.8351,0,80.018,-0.57176,0,13.256
8.07,0.90488,0.68054,1,0.056068,-0.34274,0,0.93776,-5.4027,-4.3254,0,-0.53121,2.9131,0.019976,-8.3079,-1.3591,0,0,0,0,1.9313,1.9464,1.9483,1.9286,49.655,8.8294,0,75.486,-0.56821,0,12.924
8.08,0.85044,0.63722,1,0.053482,-0.32859,0,0.94296,-5.4833,-4.3386,0,-0.55577,3.111,0.017217,-7.8076,-1.2708,0,0,0,0,1.8822,1.898,1.9001,1.8794,50.387,8.8238,0,70.893,-0.55934,0,12.599
8.09,0.79523,0.59377,1,0.050767,-0.31339,0,0.94827,-5.5588,-4.3508,0,-0.58193,3.3185,0.014658,-7.3003,-1.1826,0,0,0,0,1.8343,1.8507,1.8531,1.8314,51.073,8.8182,0,66.244,-0.54551,0,12.283
8.1,0.73928,0.5502,1,0.047915,-0.29711,0,0.95364,-5.6292,-4.3622,0,-0.60957,3.5348,0.01231,-6.7863,-1.0944,0,0,0,0,1.788,1.805,1.8076,1.785,51.712,8.8129,0,61.543,-0.52705,0,11.976
8.11,0.68266,0.50653,1,0.044915,-0.27967,0,0.95904,-5.6945,-4.3727,0,-0.63848,3.7583,0.010182,-6.2662,-1.0063,0,0,0,0,1.7435,1.761,1.7637,1.7404,52.304,8.8077,0,56.793,-0.5043,0,11.681
8.12,0.62541,0.46275,1,0.041761,-0.26106,0,0.96442,-5.7546,-4.3824,0,-0.66839,3.987,0.0082826,-5.7404,-0.91828,0,0,0,0,1.7012,1.7189,1.7219,1.6981,52.848,8.8028,0,51.999,-0.47759,0,11.4
8.13,0.56759,0.41888,1,0.038446,-0.24122,0,0.96971,-5.8093,-4.3911,0,-0.69892,4.2183,0.0066176,-5.2094,-0.83028,0,0,0,0,1.6614,1.6792,1.6822,1.6584,53.344,8.7982,0,47.164,-0.44726,0,11.135
8.14,0.50924,0.37493,1,0.034966,-0.22015,0,0.97484,-5.8587,-4.399,0,-0.72958,4.4488,0.0051913,-4.6737,-0.74232,0,0,0,0,1.6245,1.642,1.6452,1.6215,53.791,8.7939,0,42.292,-0.41366,0,10.889
8.15,0.45043,0.33091,1,0.031322,-0.19786,0,0.97973,-5.9028,-4.4059,0,-0.75978,4.6742,0.0040037,-4.1337,-0.6544,0,0,0,0,1.5908,1.6078,1.6109,1.588,54.189,8.7899,0,37.387,-0.37711,0,10.662
8.16,0.39121,0.28682,1,0.027516,-0.17437,0,0.9843,-5.9414,-4.4121,0,-0.78881,4.8896,0.00305,-3.5901,-0.56652,0,0,0,0,1.5607,1.5766,1.5797,1.5581,54.539,8.7863,0,32.454,-0.33796,0,10.458
8.17,0.33162,0.24267,1,0.023556,-0.14976,0,0.98844,-5.9746,-4.4173,0,-0.81588,5.0896,0.0023193,-3.0431,-0.47867,0,0,0,0,1.5344,1.549,1.5519,1.5322,54.838,8.7832,0,27.495,-0.29655,0,10.279
8.18,0.27173,0.19847,1,0.019453,-0.1241,0,0.99208,-6.0022,-4.4216,0,-0.84018,5.2684,0.0017941,-2.4935,-0.39085,0,0,0,0,1.5124,1.5251,1.5277,1.5105,55.088,8.7804,0,22.515,-0.25321,0,10.126
8.19,0.2116,0.15424,1,0.015225,-0.097538,0,0.99512,-6.0244,-4.4251,0,-0.86085,5.4202,0.0014496,-1.9415,-0.30306,0,0,0,0,1.4948,1.5052,1.5075,1.4934,55.289,8.7781,0,17.518,-0.20827,0,10.002
8.2,0.15126,0.10998,1,0.010893,-0.070224,0,0.99747,-6.0411,-4.4277,0,-0.87712,5.5396,0.0012535,-1.3878,-0.21529,0,0,0,0,1.4819,1.4896,1.4915,1.481,55.439,8.7763,0,12.507,-0.16209,0,9.9067
8.21,0.090792,0.06569,1,0.0064845,-0.04235,0,0.99908,-6.0522,-4.4294,0,-0.88833,5.6219,0.0011671,-0.83292,-0.12753,0,0,0,0,1.4738,1.4786,1.4799,1.4734,55.539,8.7749,0,7.487,-0.11499,0,9.8427
8.22,0.030238,0.021391,1,0.0020281,-0.014131,0,0.9999,-6.0577,-4.4302,0,-0.894,5.6639,0.0011466,-0.27724,-0.039789,0,0,0,0,1.4705,1.4721,1.4729,1.4708,55.589,8.774,0,2.4612,-0.067319,0,9.8106
8.23,-0.030343,-0.022912,1,-0.0024439,0.014205,0,0.9999,-6.0577,-4.4302,0,-0.89388,5.6637,0.0011446,0.27868,0.047948,0,0,0,0,1.4722,1.4705,1.4707,1.473,55.588,8.7735,0,-2.5664,-0.019407,0,9.8107
8.24,-0.090897,-0.06721,1,-0.0068987,0.042422,0,0.99908,-6.0521,-4.4293,0,-0.88797,5.6215,0.0011127,0.83435,0.13568,0,0,0,0,1.4786,1.4738,1.4734,1.48,55.537,8.7736,0,-7.5918,0.028405,0,9.843
8.25,-0.15137,-0.11149,1,-0.011305,0.070293,0,0.99746,-6.041,-4.4275,0,-0.87652,5.5389,0.001004,1.3893,0.22342,0,0,0,0,1.4897,1.482,1.481,1.4916,55.436,8.7741,0,-12.611,0.075779,0,9.907
8.26,-0.2117,-0.15576,1,-0.015632,0.097603,0,0.9951,-6.0244,-4.4248,0,-0.86003,5.4194,0.0007755,1.9429,0.31117,0,0,0,0,1.5053,1.4949,1.4934,1.5076,55.285,8.7751,0,-17.621,0.12238,0,10.002
8.27,-0.27184,-0.19999,1,-0.019854,0.12416,0,0.99206,-6.0022,-4.4213,0,-0.83916,5.2674,0.0003894,2.4948,0.39892,0,0,0,0,1.5252,1.5125,1.5106,1.5278,55.084,8.7765,0,-22.616,0.16786,0,10.127
8.28,-0.33172,-0.24418,1,-0.02395,0.14981,0,0.98842,-5.9745,-4.4168,0,-0.81469,5.0885,-0.00018508,3.0444,0.4867,0,0,0,0,1.5491,1.5346,1.5322,1.552,54.833,8.7784,0,-27.594,0.2119,0,10.28
8.29,-0.39131,-0.28832,1,-0.027902,0.17442,0,0.98428,-5.9413,-4.4115,0,-0.78746,4.8883,-0.00097141,3.5913,0.57449,0,0,0,0,1.5768,1.5608,1.5582,1.5798,54.532,8.7808,0,-32.55,0.25414,0,10.459
8.3,-0.45053,-0.33241,1,-0.031699,0.1979,0,0.97971,-5.9027,-4.4053,0,-0.75831,4.6728,-0.0019857,4.1349,0.66231,0,0,0,0,1.6079,1.5909,1.5881,1.611,54.182,8.7835,0,-37.481,0.29426,0,10.663
8.31,-0.50934,-0.37643,1,-0.035334,0.22019,0,0.97482,-5.8586,-4.3983,0,-0.72801,4.4474,-0.0032374,4.6748,0.75017,0,0,0,0,1.6422,1.6247,1.6217,1.6453,53.782,8.7866,0,-42.382,0.33191,0,10.89
8.32,-0.56769,-0.42037,1,-0.038803,0.24125,0,0.96969,-5.8092,-4.3903,0,-0.69727,4.2169,-0.0047301,5.2104,0.83805,0,0,0,0,1.6794,1.6616,1.6585,1.6824,53.334,8.7901,0,-47.25,0.36676,0,11.136
8.33,-0.62551,-0.46423,1,-0.042107,0.26108,0,0.9644,-5.7544,-4.3815,0,-0.66669,3.9856,-0.0064625,5.7413,0.92597,0,0,0,0,1.7191,1.7014,1.6983,1.722,52.838,8.794,0,-52.081,0.39847,0,11.401
8.34,-0.68276,-0.508,1,-0.045251,0.27969,0,0.95902,-5.6944,-4.3718,0,-0.63673,3.7569,-0.0084299,6.267,1.0139,0,0,0,0,1.7611,1.7437,1.7406,1.7639,52.293,8.7981,0,-56.87,0.4267,0,11.682
8.35,-0.73938,-0.55166,1,-0.04824,0.29711,0,0.95362,-5.6291,-4.3612,0,-0.60779,3.5335,-0.010625,6.787,1.1019,0,0,0,0,1.8052,1.7881,1.7851,1.8077,51.7,8.8025,0,-61.615,0.45111,0,11.977
8.36,-0.79532,-0.59522,1,-0.051081,0.3134,0,0.94825,-5.5587,-4.3498,0,-0.58015,3.3173,-0.013038,7.3008,1.19,0,0,0,0,1.8509,1.8345,1.8315,1.8533,51.061,8.8071,0,-66.311,0.47137,0,12.284
8.37,-0.85054,-0.63866,1,-0.053785,0.32858,0,0.94294,-5.4831,-4.3374,0,-0.55399,3.1099,-0.01566,7.808,1.2781,0,0,0,0,1.8981,1.8823,1.8795,1.9002,50.374,8.8119,0,-70.954,0.48714,0,12.6
8.38,-0.90497,-0.68196,1,-0.05636,0.34273,0,0.93774,-5.4025,-4.3242,0,-0.52943,2.912,-0.018481,8.3082,1.3662,0,0,0,0,1.9465,1.9315,1.9287,1.9484,49.642,8.8168,0,-75.54,0.49807,0,12.925
8.39,-0.95857,-0.72514,1,-0.058816,0.3559,0,0.93267,-5.317,-4.3101,0,-0.50655,2.7244,-0.021491,8.8007,1.4544,0,0,0,0,1.9959,1.9816,1.979,1.9976,48.864,8.8218,0,-80.066,0.50384,0,13.257
8.4,-1.0113,-0.76816,1,-0.061164,0.36815,0,0.92775,-5.2265,-4.2951,0,-0.48535,2.547,-0.02468,9.2853,1.5427,0,0,0,0,2.0459,2.0324,2.0299,2.0474,48.041,8.8269,0,-84.527,0.50411,0,13.593
8.41,-1.0631,-0.81104,1,-0.063413,0.37953,0,0.923,-5.1313,-4.2793,0,-0.46583,2.3799,-0.02804,9.7614,1.6309,0,0,0,0,2.0965,2.0837,2.0814,2.0978,47.173,8.8319,0,-88.92,0.49857,0,13.932
8.42,-1.1139,-0.85375,1,-0.065573,0.39011,0,0.91843,-5.0313,-4.2625,0,-0.44794,2.2228,-0.031564,10.229,1.7193,0,0,0,0,2.1474,2.1354,2.1331,2.1485,46.263,8.8368,0,-93.241,0.48692,0,14.274
8.43,-1.1637,-0.89628,1,-0.067653,0.39995,0,0.91404,-4.9268,-4.2449,0,-0.43162,2.0754,-0.035246,10.686,1.8077,0,0,0,0,2.1985,2.1871,2.185,2.1993,45.309,8.8416,0,-97.486,0.46886,0,14.616
8.44,-1.2124,-0.93864,1,-0.069662,0.40908,0,0.90984,-4.8176,-4.2264,0,-0.41681,1.9373,-0.039079,11.135,1.8961,0,0,0,0,2.2494,2.2387,2.2367,2.2501,44.313,8.8462,0,-101.65,0.44406,0,14.958
8.45,-1.26,-0.98081,1,-0.071608,0.41756,0,0.90582,-4.7041,-4.207,0,-0.40343,1.8078,-0.043059,11.573,1.9846,0,0,0,0,2.3001,2.29,2.2881,2.3006,43.276,8.8505,0,-105.73,0.41224,0,15.298
8.46,-1.3065,-1.0228,1,-0.073499,0.42544,0,0.902,-4.5862,-4.1867,0,-0.3914,1.6865,-0.047184,12,2.0731,0,0,0,0,2.3504,2.3409,2.3391,2.3508,42.199,8.8544,0,-109.73,0.37309,0,15.635
8.47,-1.3517,-1.0645,1,-0.075342,0.43275,0,0.89836,-4.4641,-4.1655,0,-0.38064,1.5729,-0.05145,12.416,2.1617,0,0,0,0,2.4002,2.3912,2.3896,2.4004,41.082,8.8579,0,-113.63,0.32629,0,15.969
8.48,-1.3958,-1.1061,1,-0.077143,0.43954,0,0.8949,-4.3379,-4.1434,0,-0.37108,1.4663,-0.055857,12.822,2.2503,0,0,0,0,2.4493,2.4409,2.4392,2.4494,39.926,8.8609,0,-117.44,0.27154,0,16.298
8.49,-1.4385,-1.1474,1,-0.07891,0.44584,0,0.89163,-4.2077,-4.1205,0,-0.36264,1.3664,-0.060403,13.215,2.3389,0,0,0,0,2.4976,2.4896,2.4881,2.4975,38.733,8.8633,0,-121.15,0.20855,0,16.621
8.5,-1.4799,-1.1885,1,-0.080648,0.45169,0,0.88852,-4.0737,-4.0967,0,-0.35525,1.2725,-0.06509,13.596,2.4276,0,0,0,0,2.545,2.5374,2.536,2.5448,37.504,8.8651,0,-124.75,0.13699,0,16.939
8.51,-1.5199,-1.2293,1,-0.082362,0.45711,0,0.88559,-3.9359,-4.0719,0,-0.34884,1.1843,-0.069917,13.965,2.5162,0,0,0,0,2.5914,2.5841,2.5827,2.591,36.239,8.866,0,-128.25,0.056574,0,17.249
8.52,-1.5586,-1.2699,1,-0.084058,0.46213,0,0.88282,-3.7944,-4.0463,0,-0.34336,1.1012,-0.074888,14.321,2.6049,0,0,0,0,2.6365,2.6297,2.6283,2.636,34.939,8.8662,0,-131.64,-0.033014,0,17.551
8.53,-1.5958,-1.3103,1,-0.085741,0.46677,0,0.88021,-3.6495,-4.0198,0,-0.33875,1.0229,-0.080003,14.663,2.6935,0,0,0,0,2.6805,2.674,2.6727,2.6799,33.606,8.8653,0,-134.91,-0.13208,0,17.845
8.54,-1.6316,-1.3503,1,-0.087415,0.47107,0,0.87776,-3.5012,-3.9925,0,-0.33496,0.94884,-0.085268,14.993,2.7822,0,0,0,0,2.7231,2.7169,2.7156,2.7224,32.241,8.8635,0,-138.07,-0.24092,0,18.13
8.55,-1.6658,-1.3901,1,-0.089084,0.47503,0,0.87545,-3.3497,-3.9642,0,-0.33193,0.8788,-0.090684,15.308,2.8708,0,0,0,0,2.7643,2.7583,2.7571,2.7635,30.845,8.8605,0,-141.1,-0.35985,0,18.405
8.56,-1.6986,-1.4296,1,-0.090753,0.47869,0,0.87328,-3.1951,-3.935,0,-0.32963,0.81239,-0.096257,15.61,2.9594,0,0,0,0,2.804,2.7982,2.7971,2.803,29.42,8.8563,0,-144.01,-0.48918,0,18.67
8.57,-1.7297,-1.4688,1,-0.092425,0.48205,0,0.87126,-3.0375,-3.905,0,-0.32801,0.74929,-0.10199,15.897,3.0479,0,0,0,0,2.8421,2.8365,2.8354,2.841,27.966,8.8507,0,-146.79,-0.6292,0,18.925
8.58,-1.7593,-1.5077,1,-0.094104,0.48513,0,0.86937,-2.8772,-3.8741,0,-0.32704,0.6892,-0.10789,16.169,3.1364,0,0,0,0,2.8785,2.8732,2.8721,2.8774,26.484,8.8436,0,-149.44,-0.78022,0,19.169
8.59,-1.7873,-1.5463,1,-0.095793,0.48794,0,0.86761,-2.7142,-3.8423,0,-0.32669,0.63183,-0.11397,16.426,3.2248,0,0,0,0,2.9133,2.9081,2.907,2.912,24.977,8.835,0,-151.94,-0.94256,0,19.401
8.6,-1.8136,-1.5845,1,-0.097495,0.4905,0,0.86597,-2.5487,-3.8096,0,-0.32692,0.57694,-0.12022,16.668,3.3131,0,0,0,0,2.9462,2.9412,2.9402,2.9449,23.446,8.8247,0,-154.31,-1.1165,0,19.621
8.61,-1.8382,-1.6225,1,-0.099214,0.49282,0,0.86446,-2.3809,-3.776,0,-0.32773,0.52429,-0.12666,16.895,3.4013,0,0,0,0,2.9773,2.9725,2.9714,2.9759,21.892,8.8127,0,-156.53,-1.3024,0,19.829
8.62,-1.8612,-1.6601,1,-0.10095,0.49491,0,0.86306,-2.2109,-3.7416,0,-0.32907,0.47365,-0.1333,17.106,3.4893,0,0,0,0,3.0066,3.0019,3.0008,3.0051,20.316,8.7987,0,-158.6,-1.5005,0,20.024
8.63,-1.8824,-1.6973,1,-0.10272,0.49678,0,0.86178,-2.0388,-3.7062,0,-0.33093,0.42481,-0.14013,17.301,3.5772,0,0,0,0,3.0339,3.0293,3.0283,3.0324,18.72,8.7826,0,-160.52,-1.7111,0,20.206
8.64,-1.902,-1.7342,1,-0.1045,0.49843,0,0.86061,-1.8649,-3.67,0,-0.33329,0.37758,-0.14718,17.48,3.665,0,0,0,0,3.0593,3.0547,3.0537,3.0576,17.106,8.7644,0,-162.29,-1.9346,0,20.376
8.65,-1.9197,-1.7707,1,-0.10632,0.49988,0,0.85955,-1.6893,-3.6329,0,-0.33614,0.33178,-0.15445,17.643,3.7525,0,0,0,0,3.0826,3.0782,3.0771,3.0809,15.475,8.7439,0,-163.89,-2.1712,0,20.531
8.66,-1.9357,-1.8068,1,-0.10816,0.50112,0,0.85859,-1.5121,-3.595,0,-0.33946,0.28722,-0.16194,17.79,3.8398,0,0,0,0,3.1039,3.0995,3.0985,3.1021,13.829,8.7209,0,-165.33,-2.4212,0,20.673
8.67,-1.95,-1.8426,1,-0.11004,0.50217,0,0.85774,-1.3335,-3.5561,0,-0.34324,0.24375,-0.16968,17.92,3.9269,0,0,0,0,3.1232,3.1188,3.1178,3.1212,12.169,8.6954,0,-166.6,-2.685,0,20.802
8.68,-1.9624,-1.878,1,-0.11196,0.50303,0,0.85699,-1.1538,-3.5164,0,-0.34746,0.20121,-0.17766,18.033,4.0137,0,0,0,0,3.1403,3.136,3.1349,3.1383,10.497,8.6672,0,-167.7,-2.9629,0,20.916
8.69,-1.973,-1.9129,1,-0.11392,0.5037,0,0.85634,-0.97292,-3.4759,0,-0.35213,0.15946,-0.18591,18.13,4.1003,0,0,0,0,3.1553,3.151,3.15,3.1532,8.8153,8.6361,0,-168.63,-3.2552,0,21.016
8.7,-1.9819,-1.9475,1,-0.11591,0.50418,0,0.85578,-0.79121,-3.4344,0,-0.35723,0.11835,-0.19443,18.209,4.1865,0,0,0,0,3.1682,3.1639,3.1628,3.166,7.1252,8.602,0,-169.37,-3.5621,0,21.102
8.71,-1.9889,-1.9816,1,-0.11796,0.50448,0,0.85533,-0.60879,-3.3921,0,-0.36275,0.077743,-0.20323,18.272,4.2723,0,0,0,0,3.1789,3.1747,3.1735,3.1767,5.4285,8.5648,0,-169.93,-3.884,0,21.173
8.72,-1.994,-2.0153,1,-0.12004,0.50461,0,0.85496,-0.42583,-3.349,0,-0.36868,0.037514,-0.21233,18.318,4.3577,0,0,0,0,3.1875,3.1832,3.1821,3.1851,3.7272,8.5243,0,-170.3,-4.2211,0,21.23
8.73,-1.9974,-2.0486,1,-0.12218,0.50455,0,0.85469,-0.24249,-3.305,0,-0.37503,-0.0024677,-0.22174,18.347,4.4428,0,0,0,0,3.1939,3.1896,3.1884,3.1914,2.0231,8.4803,0,-170.49,-4.5734,0,21.272
8.74,-1.9989,-2.0814,1,-0.12437,0.50431,0,0.85452,-0.058949,-3.2601,0,-0.38178,-0.042326,-0.23148,18.358,4.5273,0,0,0,0,3.1981,3.1938,3.1926,3.1956,0.31805,8.4328,0,-170.49,-4.94,0,21.3
8.75,-1.9986,-2.1138,1,-0.12661,0.5039,0,0.85443,0.12462,-3.2144,0,-0.38894,-0.082185,-0.24155,18.353,4.6114,0,0,0,0,3.2002,3.1958,3.1946,3.1975,-1.3861,8.3815,0,-170.31,-5.3202,0,21.314
8.76,-1.9964,-2.1457,1,-0.12891,0.50331,0,0.85444,0.30806,-3.1679,0,-0.39649,-0.12217,-0.25198,18.331,4.695,0,0,0,0,3.2001,3.1957,3.1944,3.1974,-3.0876,8.3263,0,-169.95,-5.7133,0,21.313
8.77,-1.9924,-2.1771,1,-0.13127,0.50253,0,0.85454,0.49118,-3.1205,0,-0.40444,-0.1624,-0.26279,18.291,4.7779,0,0,0,0,3.1979,3.1934,3.1921,3.195,-4.7846,8.2672,0,-169.42,-6.1184,0,21.297
8.78,-1.9866,-2.2081,1,-0.13369,0.50157,0,0.85472,0.67383,-3.0723,0,-0.41279,-0.20301,-0.27399,18.235,4.8603,0,0,0,0,3.1935,3.1889,3.1876,3.1905,-6.4754,8.2039,0,-168.72,-6.5348,0,21.268
8.79,-1.9789,-2.2386,1,-0.13617,0.50043,0,0.855,0.85583,-3.0233,0,-0.42154,-0.24412,-0.2856,18.162,4.942,0,0,0,0,3.187,3.1824,3.1809,3.1839,-8.1584,8.1364,0,-167.85,-6.9617,0,21.224
8.8,-1.9695,-2.2686,1,-0.13872,0.49909,0,0.85537,1.037,-2.9735,0,-0.43068,-0.28586,-0.29765,18.072,5.023,0,0,0,0,3.1784,3.1737,3.1722,3.1752,-9.8318,8.0647,0,-166.81,-7.3983,0,21.166
8.81,-1.9582,-2.298,1,-0.14134,0.49757,0,0.85583,1.2172,-2.9229,0,-0.44021,-0.32836,-0.31016,17.965,5.1033,0,0,0,0,3.1678,3.1629,3.1613,3.1645,-11.494,7.9885,0,-165.62,-7.8439,0,21.094
8.82,-1.9451,-2.327,1,-0.14403,0.49584,0,0.85638,1.3963,-2.8714,0,-0.45015,-0.37175,-0.32316,17.842,5.1828,0,0,0,0,3.1551,3.1501,3.1485,3.1516,-13.144,7.9077,0,-164.26,-8.2978,0,21.009
8.83,-1.9303,-2.3555,1,-0.1468,0.49392,0,0.85703,1.574,-2.8192,0,-0.46047,-0.41619,-0.33666,17.702,5.2614,0,0,0,0,3.1404,3.1353,3.1335,3.1368,-14.779,7.8225,0,-162.76,-8.759,0,20.91
8.84,-1.9136,-2.3834,1,-0.14964,0.49178,0,0.85776,1.7503,-2.7662,0,-0.47119,-0.4618,-0.35071,17.547,5.3392,0,0,0,0,3.1237,3.1185,3.1166,3.12,-16.398,7.7325,0,-161.1,-9.2269,0,20.798
8.85,-1.8953,-2.4108,1,-0.15257,0.48943,0,0.85859,1.9249,-2.7124,0,-0.48229,-0.50874,-0.36533,17.375,5.416,0,0,0,0,3.1051,3.0997,3.0978,3.1013,-18,7.6379,0,-159.29,-9.7007,0,20.673
8.86,-1.8752,-2.4376,1,-0.15557,0.48685,0,0.85952,2.0977,-2.6579,0,-0.49379,-0.55717,-0.38054,17.187,5.4919,0,0,0,0,3.0846,3.079,3.077,3.0807,-19.584,7.5385,0,-157.34,-10.18,0,20.536
8.87,-1.8533,-2.4639,1,-0.15866,0.48405,0,0.86054,2.2686,-2.6026,0,-0.50565,-0.60725,-0.39639,16.983,5.5668,0,0,0,0,3.0623,3.0565,3.0544,3.0582,-21.147,7.4343,0,-155.25,-10.663,0,20.386
8.88,-1.8298,-2.4897,1,-0.16184,0.481,0,0.86166,2.4373,-2.5466,0,-0.51789,-0.65915,-0.41291,16.764,5.6406,0,0,0,0,3.0382,3.0323,3.03,3.034,-22.688,7.3252,0,-153.03,-11.15,0,20.224
8.89,-1.8046,-2.5149,1,-0.16511,0.47769,0,0.86287,2.6038,-2.4898,0,-0.53049,-0.71303,-0.43013,16.529,5.7133,0,0,0,0,3.0123,3.0062,3.0038,3.008,-24.207,7.2113,0,-150.67,-11.639,0,20.051
8.9,-1.7777,-2.5395,1,-0.16848,0.47413,0,0.86419,2.7678,-2.4323,0,-0.54343,-0.7691,-0.44809,16.28,5.7848,0,0,0,0,2.9848,2.9785,2.9759,2.9804,-25.701,7.0925,0,-148.17,-12.131,0,19.866
8.91,-1.7492,-2.5635,1,-0.17193,0.47029,0,0.8656,2.9293,-2.3741,0,-0.55669,-0.82754,-0.46683,16.015,5.8551,0,0,0,0,2.9557,2.9492,2.9465,2.9511,-27.17,6.9687,0,-145.56,-12.624,0,19.671
8.92,-1.7191,-2.587,1,-0.17549,0.46616,0,0.86712,3.0881,-2.3152,0,-0.57024,-0.88855,-0.48639,15.736,5.9242,0,0,0,0,2.9251,2.9183,2.9154,2.9203,-28.612,6.84,0,-142.82,-13.117,0,19.465
8.93,-1.6875,-2.6098,1,-0.17915,0.46172,0,0.86874,3.244,-2.2556,0,-0.58406,-0.95235,-0.50681,15.443,5.9919,0,0,0,0,2.893,2.886,2.8829,2.8881,-30.026,6.7063,0,-139.96,-13.61,0,19.25
8.94,-1.6543,-2.6321,1,-0.18291,0.45697,0,0.87047,3.3969,-2.1954,0,-0.5981,-1.0192,-0.52813,15.136,6.0583,0,0,0,0,2.8596,2.8523,2.8489,2.8545,-31.411,6.5678,0,-136.98,-14.102,0,19.025
8.95,-1.6196,-2.6537,1,-0.18677,0.45188,0,0.87231,3.5467,-2.1345,0,-0.61231,-1.0892,-0.5504,14.815,6.1232,0,0,0,0,2.8248,2.8172,2.8137,2.8196,-32.765,6.4243,0,-133.89,-14.591,0,18.792
8.96,-1.5834,-2.6748,1,-0.19073,0.44644,0,0.87425,3.6932,-2.0729,0,-0.62663,-1.1627,-0.57365,14.481,6.1867,0,0,0,0,2.7889,2.781,2.7772,2.7835,-34.088,6.276,0,-130.69,-15.078,0,18.551
8.97,-1.5457,-2.6952,1,-0.19481,0.44062,0,0.8763,3.8362,-2.0107,0,-0.64099,-1.2399,-0.59793,14.133,6.2487,0,0,0,0,2.7518,2.7436,2.7395,2.7463,-35.378,6.1228,0,-127.38,-15.561,0,18.302
8.98,-1.5066,-2.715,1,-0.19899,0.4344,0,0.87847,3.9758,-1.9479,0,-0.65529,-1.321,-0.62327,13.773,6.3092,0,0,0,0,2.7137,2.7053,2.7009,2.7081,-36.635,5.9648,0,-123.97,-16.039,0,18.047
8.99,-1.4662,-2.7341,1,-0.20327,0.42776,0,0.88074,4.1117,-1.8846,0,-0.66945,-1.4064,-0.64972,13.401,6.368,0,0,0,0,2.6747,2.666,2.6612,2.669,-37.857,5.802,0,-120.46,-16.512,0,17.785
9,-1.4244,-2.7527,1,-0.20766,0.42068,0,0.88312,4.2438,-1.8206,0,-0.68332,-1.4961,-0.67731,13.016,6.4252,0,0,0,0,2.6349,2.6259,2.6208,2.6291,-39.044,5.6345,0,-116.86,-16.979,0,17.518
9.01,-1.3813,-2.7706,1,-0.21215,0.41313,0,0.88561,4.372,-1.7561,0,-0.69677,-1.5905,-0.70606,12.62,6.4807,0,0,0,0,2.5945,2.5851,2.5796,2.5886,-40.194,5.4624,0,-113.16,-17.438,0,17.246
9.02,-1.337,-2.7878,1,-0.21675,0.40509,0,0.88821,4.4961,-1.691,0,-0.70961,-1.6899,-0.736,12.213,6.5344,0,0,0,0,2.5534,2.5438,2.5379,2.5475,-41.307,5.2858,0,-109.38,-17.89,0,16.971
9.03,-1.2914,-2.8044,1,-0.22144,0.39652,0,0.89092,4.6162,-1.6254,0,-0.72167,-1.7942,-0.76715,11.794,6.5864,0,0,0,0,2.512,2.502,2.4957,2.506,-42.382,5.1047,0,-105.51,-18.333,0,16.693
9.04,-1.2447,-2.8203,1,-0.22622,0.3874,0,0.89373,4.732,-1.5593,0,-0.73269,-1.9039,-0.79949,11.365,6.6365,0,0,0,0,2.4702,2.46,2.4531,2.4643,-43.417,4.9192,0,-101.55,-18.766,0,16.413
9.05,-1.1968,-2.8356,1,-0.23108,0.37769,0,0.89664,4.8434,-1.4927,0,-0.74243,-2.0188,-0.83302,10.926,6.6848,0,0,0,0,2.4282,2.4179,2.4105,2.4224,-44.412,4.7294,0,-97.524,-19.189,0,16.132
9.06,-1.1478,-2.8501,1,-0.23602,0.36736,0,0.89964,4.9505,-1.4256,0,-0.75057,-2.1393,-0.86772,10.477,6.7311,0,0,0,0,2.3863,2.3758,2.3678,2.3806,-45.367,4.5354,0,-93.418,-19.6,0,15.851
9.07,-1.0978,-2.8641,1,-0.24102,0.35638,0,0.90272,5.0529,-1.358,0,-0.75679,-2.2651,-0.90353,10.019,6.7755,0,0,0,0,2.3445,2.3338,2.3252,2.3389,-46.28,4.3374,0,-89.24,-20,0,15.571
9.08,-1.0468,-2.8773,1,-0.24606,0.34472,0,0.90588,5.1508,-1.2901,0,-0.76072,-2.3963,-0.94038,9.5515,6.8178,0,0,0,0,2.303,2.2923,2.283,2.2977,-47.152,4.1355,0,-84.995,-20.387,0,15.293
9.09,-0.99481,-2.8899,1,-0.25114,0.33235,0,0.9091,5.2439,-1.2217,0,-0.76193,-2.5326,-0.97817,9.0758,6.8582,0,0,0,0,2.2619,2.2513,2.2413,2.257,-47.98,3.9297,0,-80.685,-20.759,0,15.019
9.1,-0.94192,-2.9017,1,-0.25623,0.31923,0,0.91238,5.3323,-1.1529,0,-0.75999,-2.6736,-1.0168,8.592,6.8964,0,0,0,0,2.2215,2.211,2.2003,2.217,-48.765,3.7203,0,-76.313,-21.118,0,14.75
9.11,-0.88818,-2.9129,1,-0.26131,0.30534,0,0.91569,5.4158,-1.0838,0,-0.75442,-2.8189,-1.056,8.1006,6.9326,0,0,0,0,2.1819,2.1717,2.1602,2.1779,-49.506,3.5074,0,-71.885,-21.46,0,14.486
9.12,-0.83363,-2.9234,1,-0.26636,0.29065,0,0.91901,5.4943,-1.0143,0,-0.74472,-2.9677,-1.0957,7.602,6.9665,0,0,0,0,2.1433,2.1335,2.1213,2.14,-50.203,3.2912,0,-67.403,-21.787,0,14.23
9.13,-0.77831,-2.9332,1,-0.27133,0.27514,0,0.92232,5.5678,-0.94444,0,-0.73038,-3.1191,-1.1355,7.0967,6.9984,0,0,0,0,2.1059,2.0966,2.0836,2.1033,-50.854,3.0717,0,-62.87,-22.097,0,13.982
9.14,-0.72229,-2.9423,1,-0.27621,0.2588,0,0.9256,5.6362,-0.87431,0,-0.71091,-3.272,-1.1752,6.5851,7.028,0,0,0,0,2.0699,2.0614,2.0476,2.0682,-51.46,2.8493,0,-58.291,-22.389,0,13.745
9.15,-0.6656,-2.9507,1,-0.28094,0.24161,0,0.92881,5.6995,-0.80389,0,-0.68584,-3.425,-1.2144,6.0676,7.0553,0,0,0,0,2.0354,2.0279,2.0133,2.0348,-52.02,2.624,0,-53.669,-22.662,0,13.519
9.16,-0.60831,-2.9584,1,-0.2855,0.22358,0,0.93194,5.7575,-0.73321,0,-0.65474,-3.5764,-1.2527,5.5448,7.0804,0,0,0,0,2.0028,1.9964,1.9811,2.0033,-52.533,2.3961,0,-49.008,-22.915,0,13.306
9.17,-0.55047,-2.9654,1,-0.28983,0.20471,0,0.93493,5.8103,-0.66229,0,-0.6173,-3.7243,-1.2897,5.0171,7.1033,0,0,0,0,1.9721,1.9672,1.9512,1.9739,-53,2.1658,0,-44.311,-23.149,0,13.107
9.18,-0.49213,-2.9716,1,-0.29389,0.18503,0,0.93776,5.8579,-0.59115,0,-0.57327,-3.8666,-1.3249,4.485,7.1238,0,0,0,0,1.9436,1.9403,1.9238,1.9468,-53.419,1.9332,0,-39.581,-23.361,0,12.924
9.19,-0.43333,-2.9772,1,-0.29764,0.16457,0,0.94039,5.9,-0.51982,0,-0.5226,-4.0009,-1.3578,3.9489,7.1419,0,0,0,0,1.9176,1.9161,1.8991,1.9222,-53.791,1.6987,0,-34.824,-23.552,0,12.758
9.2,-0.37414,-2.982,1,-0.30103,0.14338,0,0.94278,5.9368,-0.44832,0,-0.46538,-4.1249,-1.3878,3.4093,7.1577,0,0,0,0,1.8941,1.8947,1.8773,1.9003,-54.116,1.4623,0,-30.041,-23.719,0,12.611
9.21,-0.31461,-2.9861,1,-0.304,0.12153,0,0.94489,5.9682,-0.37668,0,-0.40193,-4.236,-1.4146,2.8668,7.1712,0,0,0,0,1.8734,1.8762,1.8587,1.8812,-54.392,1.2243,0,-25.237,-23.863,0,12.483
9.22,-0.2548,-2.9896,1,-0.30653,0.099086,0,0.94669,5.9941,-0.30491,0,-0.33276,-4.3319,-1.4374,2.3217,7.1822,0,0,0,0,1.8558,1.8609,1.8434,1.8651,-54.62,0.98509,0,-20.415,-23.983,0,12.375
9.23,-0.19475,-2.9922,1,-0.30856,0.076146,0,0.94815,6.0146,-0.23304,0,-0.25861,-4.4103,-1.4561,1.7745,7.1909,0,0,0,0,1.8413,1.8488,1.8315,1.8521,-54.8,0.74476,0,-15.58,-24.078,0,12.289
9.24,-0.13452,-2.9942,1,-0.31008,0.052813,0,0.94924,6.0296,-0.1611,0,-0.18043,-4.4694,-1.47,1.2258,7.1971,0,0,0,0,1.83,1.84,1.8231,1.8423,-54.932,0.50362,0,-10.734,-24.147,0,12.226
9.25,-0.074174,-2.9955,1,-0.31105,0.029202,0,0.94995,6.0391,-0.089106,0,-0.099354,-4.5076,-1.479,0.67604,7.2009,0,0,0,0,1.8223,1.8346,1.8184,1.8359,-55.015,0.26192,0,-5.8805,-24.189,0,12.185
9.26,-0.013758,-2.996,1,-0.31145,0.0054345,0,0.95025,6.0432,-0.017088,0,-0.016636,-4.5239,-1.4828,0.12567,7.2023,0,0,0,0,1.818,1.8326,1.8173,1.8328,-55.05,0.01994,0,-1.0243,-24.203,0,12.168
9.27,0.046671,-2.9958,1,-0.31128,-0.018362,0,0.95014,6.0417,0.054933,0,0.066384,-4.5179,-1.4814,-0.42479,7.2013,0,0,0,0,1.8174,1.834,1.8198,1.8332,-55.035,-0.22204,0,3.8316,-24.189,0,12.174
9.28,0.10706,-2.9949,1,-0.31055,-0.042061,0,0.94963,6.0347,0.12693,0,0.14835,-4.4897,-1.4748,-0.97488,7.1979,0,0,0,0,1.8204,1.8389,1.826,1.837,-54.973,-0.46374,0,8.6836,-24.147,0,12.204
9.29,0.16735,-2.9933,1,-0.30926,-0.065537,0,0.94872,6.0222,0.19888,0,0.22796,-4.4401,-1.4631,-1.5241,7.1921,0,0,0,0,1.8271,1.8471,1.8355,1.8441,-54.862,-0.70489,0,13.528,-24.078,0,12.256
9.3,0.22748,-2.9909,1,-0.30744,-0.088671,0,0.94743,6.0042,0.27076,0,0.30402,-4.3704,-1.4466,-2.072,7.1838,0,0,0,0,1.8373,1.8585,1.8485,1.8547,-54.702,-0.94522,0,18.362,-23.983,0,12.332
9.31,0.28741,-2.9878,1,-0.30511,-0.11136,0,0.94578,5.9807,0.34255,0,0.37549,-4.2823,-1.4257,-2.618,7.1732,0,0,0,0,1.851,1.8731,1.8647,1.8685,-54.495,-1.1845,0,23.182,-23.862,0,12.429
9.32,0.34708,-2.9841,1,-0.30231,-0.13349,0,0.94382,5.9518,0.41422,0,0.44154,-4.1779,-1.4007,-3.1617,7.1601,0,0,0,0,1.868,1.8908,1.884,1.8855,-54.239,-1.4224,0,27.985,-23.716,0,12.547
9.33,0.40643,-2.9796,1,-0.29909,-0.155,0,0.94155,5.9175,0.48574,0,0.50155,-4.0595,-1.3721,-3.7026,7.1447,0,0,0,0,1.8883,1.9114,1.9061,1.9055,-53.935,-1.6587,0,32.766,-23.547,0,12.686
9.34,0.46541,-2.9744,1,-0.29548,-0.1758,0,0.93904,5.8778,0.55711,0,0.55512,-3.9296,-1.3404,-4.2402,7.1269,0,0,0,0,1.9117,1.9348,1.9309,1.9284,-53.584,-1.8932,0,37.523,-23.355,0,12.843
9.35,0.52397,-2.9684,1,-0.29153,-0.19584,0,0.9363,5.8327,0.62828,0,0.60205,-3.7907,-1.3062,-4.7741,7.1069,0,0,0,0,1.9378,1.9607,1.9583,1.9541,-53.185,-2.1257,0,42.253,-23.141,0,13.018
9.36,0.58205,-2.9618,1,-0.2873,-0.21509,0,0.93338,5.7823,0.69923,0,0.64234,-3.6451,-1.27,-5.3038,7.0844,0,0,0,0,1.9666,1.989,1.9879,1.9822,-52.739,-2.356,0,46.951,-22.905,0,13.209
9.37,0.6396,-2.9544,1,-0.28282,-0.23351,0,0.93032,5.7267,0.76996,0,0.67615,-3.4951,-1.2322,-5.8287,7.0597,0,0,0,0,1.9977,2.0195,2.0196,2.0126,-52.246,-2.5838,0,51.614,-22.649,0,13.416
9.38,0.69656,-2.9464,1,-0.27815,-0.25108,0,0.92714,5.6658,0.84042,0,0.70377,-3.3426,-1.1934,-6.3485,7.0328,0,0,0,0,2.031,2.052,2.0532,2.0452,-51.706,-2.8089,0,56.24,-22.373,0,13.636
9.39,0.75289,-2.9376,1,-0.27331,-0.26782,0,0.92389,5.5997,0.91061,0,0.72558,-3.1895,-1.1539,-6.8627,7.0036,0,0,0,0,2.0662,2.0863,2.0885,2.0796,-51.121,-3.0312,0,60.824,-22.079,0,13.868
9.4,0.80854,-2.9282,1,-0.26836,-0.28371,0,0.92059,5.5285,0.98049,0,0.74203,-3.0372,-1.1141,-7.3708,6.9722,0,0,0,0,2.1031,2.1223,2.1253,2.1157,-50.49,-3.2504,0,65.363,-21.766,0,14.111
9.41,0.86345,-2.918,1,-0.26333,-0.29877,0,0.91727,5.4523,1.05,0,0.75362,-2.8871,-1.0743,-7.8723,6.9386,0,0,0,0,2.1415,2.1596,2.1633,2.1532,-49.814,-3.4664,0,69.853,-21.437,0,14.363
9.42,0.91757,-2.9072,1,-0.25825,-0.31303,0,0.91396,5.3711,1.1193,0,0.76085,-2.7401,-1.0348,-8.3669,6.9028,0,0,0,0,2.181,2.1981,2.2024,2.192,-49.093,-3.6791,0,74.292,-21.091,0,14.623
9.43,0.97085,-2.8956,1,-0.25315,-0.3265,0,0.91067,5.285,1.1881,0,0.76422,-2.597,-0.99591,-8.8541,6.865,0,0,0,0,2.2216,2.2377,2.2425,2.2319,-48.328,-3.8882,0,78.676,-20.729,0,14.889
9.44,1.0233,-2.8834,1,-0.24805,-0.33921,0,0.90742,5.1941,1.2565,0,0.76422,-2.4585,-0.95771,-9.3333,6.8251,0,0,0,0,2.2629,2.2781,2.2832,2.2725,-47.52,-4.0936,0,83.001,-20.353,0,15.161
9.45,1.0747,-2.8705,1,-0.24297,-0.35119,0,0.90423,5.0984,1.3246,0,0.76131,-2.3249,-0.9204,-9.8043,6.7831,0,0,0,0,2.3049,2.3191,2.3245,2.3138,-46.669,-4.2952,0,87.264,-19.963,0,15.437
9.46,1.1252,-2.8569,1,-0.23794,-0.36248,0,0.90111,4.998,1.3922,0,0.75592,-2.1966,-0.88408,-10.267,6.7392,0,0,0,0,2.3473,2.3605,2.3662,2.3556,-45.775,-4.4929,0,91.462,-19.561,0,15.716
9.47,1.1747,-2.8427,1,-0.23296,-0.3731,0,0.89807,4.8931,1.4594,0,0.74845,-2.0736,-0.84884,-10.72,6.6933,0,0,0,0,2.3899,2.4022,2.408,2.3976,-44.84,-4.6864,0,95.591,-19.146,0,15.996
9.48,1.2231,-2.8277,1,-0.22805,-0.38309,0,0.89512,4.7836,1.5261,0,0.73923,-1.9562,-0.81475,-11.163,6.6455,0,0,0,0,2.4326,2.4441,2.45,2.4397,-43.863,-4.8757,0,99.647,-18.719,0,16.277
9.49,1.2703,-2.8121,1,-0.22322,-0.39248,0,0.89226,4.6698,1.5923,0,0.7286,-1.8441,-0.78183,-11.597,6.5958,0,0,0,0,2.4752,2.4859,2.4918,2.4818,-42.847,-5.0607,0,103.63,-18.283,0,16.558
9.5,1.3164,-2.7959,1,-0.21849,-0.4013,0,0.88951,4.5517,1.658,0,0.71683,-1.7373,-0.75011,-12.02,6.5443,0,0,0,0,2.5175,2.5275,2.5334,2.5236,-41.791,-5.2413,0,107.53,-17.836,0,16.837
9.51,1.3613,-2.779,1,-0.21384,-0.40958,0,0.88686,4.4295,1.7231,0,0.70417,-1.6356,-0.7196,-12.432,6.491,0,0,0,0,2.5595,2.5687,2.5747,2.5652,-40.697,-5.4174,0,111.35,-17.381,0,17.113
9.52,1.405,-2.7614,1,-0.20929,-0.41735,0,0.88432,4.3031,1.7878,0,0.69082,-1.539,-0.69027,-12.834,6.436,0,0,0,0,2.6009,2.6095,2.6154,2.6062,-39.564,-5.5889,0,115.08,-16.918,0,17.387
9.53,1.4474,-2.7432,1,-0.20485,-0.42464,0,0.88188,4.1728,1.8519,0,0.67698,-1.4471,-0.66212,-13.224,6.3792,0,0,0,0,2.6417,2.6497,2.6555,2.6466,-38.395,-5.7558,0,118.72,-16.448,0,17.656
9.54,1.4885,-2.7244,1,-0.20051,-0.43148,0,0.87956,4.0387,1.9154,0,0.66279,-1.3597,-0.63512,-13.602,6.3209,0,0,0,0,2.6817,2.6892,2.6949,2.6863,-37.19,-5.9179,0,122.27,-15.971,0,17.92
9.55,1.5282,-2.7049,1,-0.19628,-0.43788,0,0.87734,3.9008,1.9783,0,0.6484,-1.2767,-0.60924,-13.967,6.2609,0,0,0,0,2.7208,2.7278,2.7334,2.7251,-35.95,-6.0752,0,125.72,-15.49,0,18.178
9.56,1.5665,-2.6848,1,-0.19216,-0.44388,0,0.87524,3.7594,2.0406,0,0.63391,-1.1977,-0.58444,-14.321,6.1994,0,0,0,0,2.759,2.7655,2.7709,2.7629,-34.676,-6.2277,0,129.07,-15.003,0,18.43
9.57,1.6033,-2.6641,1,-0.18814,-0.4495,0,0.87325,3.6145,2.1023,0,0.61942,-1.1225,-0.56069,-14.661,6.1363,0,0,0,0,2.796,2.8021,2.8074,2.7997,-33.369,-6.3752,0,132.32,-14.513,0,18.675
9.58,1.6387,-2.6428,1,-0.18423,-0.45475,0,0.87136,3.4662,2.1633,0,0.60502,-1.0509,-0.53794,-14.988,6.0719,0,0,0,0,2.8318,2.8375,2.8427,2.8352,-32.03,-6.5179,0,135.46,-14.02,0,18.912
9.59,1.6726,-2.6209,1,-0.18042,-0.45965,0,0.86958,3.3148,2.2237,0,0.59076,-0.98263,-0.51615,-15.301,6.006,0,0,0,0,2.8664,2.8717,2.8768,2.8696,-30.66,-6.6556,0,138.49,-13.525,0,19.141
9.6,1.705,-2.5983,1,-0.17672,-0.46423,0,0.86791,3.1602,2.2834,0,0.57671,-0.91747,-0.49528,-15.601,5.9388,0,0,0,0,2.8996,2.9046,2.9095,2.9026,-29.261,-6.7884,0,141.41,-13.028,0,19.36
9.61,1.7358,-2.5752,1,-0.17312,-0.46849,0,0.86634,3.0028,2.3425,0,0.5629,-0.85519,-0.47529,-15.886,5.8703,0,0,0,0,2.9313,2.9361,2.9408,2.9341,-27.832,-6.9162,0,144.21,-12.531,0,19.571
9.62,1.7651,-2.5515,1,-0.16961,-0.47246,0,0.86488,2.8425,2.4008,0,0.54937,-0.79558,-0.45614,-16.157,5.8005,0,0,0,0,2.9615,2.966,2.9706,2.9642,-26.377,-7.039,0,146.89,-12.035,0,19.771
9.63,1.7927,-2.5272,1,-0.16621,-0.47615,0,0.86351,2.6797,2.4585,0,0.53616,-0.73843,-0.43778,-16.414,5.7295,0,0,0,0,2.9902,2.9944,2.9989,2.9926,-24.895,-7.1569,0,149.44,-11.54,0,19.96
9.64,1.8187,-2.5023,1,-0.1629,-0.47957,0,0.86225,2.5143,2.5154,0,0.52328,-0.68356,-0.42018,-16.655,5.6574,0,0,0,0,3.0171,3.0212,3.0255,3.0195,-23.388,-7.2698,0,151.87,-11.047,0,20.139
9.65,1.843,-2.4769,1,-0.15968,-0.48273,0,0.86109,2.3466,2.5716,0,0.51075,-0.63075,-0.4033,-16.882,5.5841,0,0,0,0,3.0424,3.0463,3.0504,3.0446,-21.858,-7.3778,0,154.16,-10.556,0,20.306
9.66,1.8656,-2.4509,1,-0.15655,-0.48565,0,0.86002,2.1767,2.6271,0,0.49859,-0.57985,-0.3871,-17.092,5.5098,0,0,0,0,3.0659,3.0696,3.0736,3.0679,-20.305,-7.481,0,156.32,-10.07,0,20.462
9.67,1.8865,-2.4243,1,-0.15351,-0.48833,0,0.85905,2.0048,2.6818,0,0.4868,-0.53067,-0.37155,-17.288,5.4345,0,0,0,0,3.0875,3.0911,3.0949,3.0895,-18.732,-7.5793,0,158.34,-9.5877,0,20.605
9.68,1.9057,-2.3972,1,-0.15056,-0.49078,0,0.85818,1.831,2.7358,0,0.4754,-0.48305,-0.35662,-17.467,5.3582,0,0,0,0,3.1073,3.1107,3.1144,3.1091,-17.139,-7.6727,0,160.22,-9.1107,0,20.736
9.69,1.9231,-2.3696,1,-0.14768,-0.49302,0,0.8574,1.6555,2.789,0,0.46438,-0.43683,-0.34227,-17.63,5.2811,0,0,0,0,3.1251,3.1284,3.132,3.1268,-15.528,-7.7615,0,161.96,-8.6397,0,20.854
9.7,1.9388,-2.3415,1,-0.14489,-0.49504,0,0.85671,1.4785,2.8414,0,0.45375,-0.39186,-0.32846,-17.777,5.203,0,0,0,0,3.1409,3.1442,3.1477,3.1426,-13.9,-7.8456,0,163.54,-8.1754,0,20.959
9.71,1.9527,-2.3128,1,-0.14217,-0.49685,0,0.85611,1.3001,2.893,0,0.44352,-0.34799,-0.31518,-17.908,5.1242,0,0,0,0,3.1548,3.1579,3.1613,3.1564,-12.258,-7.925,0,164.98,-7.7185,0,21.051
9.72,1.9648,-2.2836,1,-0.13952,-0.49846,0,0.85561,1.1204,2.9439,0,0.43368,-0.30508,-0.3024,-18.023,5.0445,0,0,0,0,3.1666,3.1697,3.1729,3.1681,-10.601,-8,0,166.25,-7.2699,0,21.129
9.73,1.9751,-2.2539,1,-0.13695,-0.49988,0,0.8552,0.93966,2.9939,0,0.42423,-0.26299,-0.29009,-18.12,4.9642,0,0,0,0,3.1763,3.1793,3.1825,3.1778,-8.9331,-8.0704,0,167.37,-6.8303,0,21.193
9.74,1.9836,-2.2237,1,-0.13444,-0.50111,0,0.85488,0.75804,3.0431,0,0.41518,-0.22159,-0.27822,-18.201,4.8831,0,0,0,0,3.184,3.1869,3.19,3.1854,-7.2545,-8.1366,0,168.33,-6.4005,0,21.244
9.75,1.9902,-2.1931,1,-0.132,-0.50215,0,0.85464,0.57569,3.0916,0,0.40652,-0.18075,-0.26677,-18.265,4.8015,0,0,0,0,3.1895,3.1924,3.1954,3.1908,-5.5672,-8.1985,0,169.12,-5.9813,0,21.28
9.76,1.9951,-2.1619,1,-0.12963,-0.50301,0,0.8545,0.39279,3.1392,0,0.39826,-0.14035,-0.25573,-18.312,4.7192,0,0,0,0,3.1928,3.1958,3.1986,3.1941,-3.8728,-8.2563,0,169.74,-5.5734,0,21.302
9.77,1.9981,-2.1303,1,-0.12731,-0.50369,0,0.85445,0.2095,3.186,0,0.39039,-0.10024,-0.24507,-18.343,4.6364,0,0,0,0,3.194,3.197,3.1997,3.1953,-2.173,-8.31,0,170.18,-5.1776,0,21.31
9.78,1.9993,-2.0982,1,-0.12506,-0.50418,0,0.8545,0.02599,3.2319,0,0.38292,-0.060324,-0.23476,-18.356,4.553,0,0,0,0,3.1931,3.196,3.1987,3.1943,-0.46971,-8.3599,0,170.45,-4.7947,0,21.304
9.79,1.9986,-2.0656,1,-0.12286,-0.50449,0,0.85463,-0.15756,3.277,0,0.37585,-0.020461,-0.22481,-18.352,4.4692,0,0,0,0,3.1899,3.1929,3.1955,3.1911,1.2354,-8.4059,0,170.54,-4.4254,0,21.282
9.8,1.9961,-2.0327,1,-0.12071,-0.50463,0,0.85486,-0.341,3.3213,0,0.36918,0.019468,-0.21518,-18.331,4.3849,0,0,0,0,3.1846,3.1876,3.1901,3.1858,2.9405,-8.4484,0,170.45,-4.0706,0,21.247
9.81,1.9918,-1.9992,1,-0.11861,-0.50459,0,0.85517,-0.52413,3.3647,0,0.36292,0.059589,-0.20587,-18.293,4.3002,0,0,0,0,3.1771,3.1802,3.1825,3.1782,4.6437,-8.4874,0,170.17,-3.7309,0,21.197
9.82,1.9856,-1.9654,1,-0.11657,-0.50436,0,0.85559,-0.7068,3.4073,0,0.35706,0.10003,-0.19686,-18.238,4.2152,0,0,0,0,3.1674,3.1706,3.1728,3.1685,6.3432,-8.5231,0,169.7,-3.4069,0,21.132
9.83,1.9777,-1.9311,1,-0.11456,-0.50396,0,0.85609,-0.88884,3.449,0,0.35163,0.14091,-0.18814,-18.166,4.1298,0,0,0,0,3.1556,3.1588,3.161,3.1567,8.037,-8.5556,0,169.04,-3.0985,0,21.053
9.84,1.9679,-1.8964,1,-0.11261,-0.50337,0,0.8567,-1.0701,3.4899,0,0.34661,0.18238,-0.17969,-18.078,4.0441,0,0,0,0,3.1416,3.1449,3.147,3.1426,9.7234,-8.5851,0,168.2,-2.8054,0,20.96
9.85,1.9563,-1.8613,1,-0.11069,-0.5026,0,0.8574,-1.2503,3.5299,0,0.34203,0.22456,-0.1715,-17.972,3.9581,0,0,0,0,3.1254,3.1288,3.1308,3.1265,11.4,-8.6118,0,167.18,-2.5273,0,20.853
9.86,1.9429,-1.8258,1,-0.10881,-0.50164,0,0.85821,-1.4295,3.569,0,0.33789,0.2676,-0.16357,-17.85,3.8718,0,0,0,0,3.1071,3.1107,3.1126,3.1082,13.066,-8.6357,0,165.99,-2.2637,0,20.731
9.87,1.9277,-1.7899,1,-0.10697,-0.50048,0,0.85911,-1.6073,3.6073,0,0.3342,0.31166,-0.15588,-17.711,3.7854,0,0,0,0,3.0868,3.0904,3.0922,3.0878,14.72,-8.6571,0,164.63,-2.0145,0,20.595
9.88,1.9107,-1.7536,1,-0.10516,-0.49912,0,0.86013,-1.7836,3.6447,0,0.33096,0.3569,-0.14842,-17.555,3.6987,0,0,0,0,3.0643,3.0681,3.0699,3.0653,16.358,-8.676,0,163.1,-1.7793,0,20.446
9.89,1.892,-1.717,1,-0.10338,-0.49756,0,0.86124,-1.9583,3.6813,0,0.32821,0.40347,-0.14118,-17.384,3.6119,0,0,0,0,3.0398,3.0438,3.0454,3.0408,17.981,-8.6927,0,161.41,-1.5578,0,20.283
9.9,1.8716,-1.68,1,-0.10163,-0.49579,0,0.86247,-2.1312,3.717,0,0.32594,0.45157,-0.13415,-17.196,3.5249,0,0,0,0,3.0133,3.0175,3.019,3.0143,19.586,-8.7072,0,159.56,-1.3496,0,20.107
9.91,1.8494,-1.6427,1,-0.099903,-0.4938,0,0.86382,-2.3022,3.7518,0,0.32417,0.50138,-0.12733,-16.992,3.4377,0,0,0,0,2.9848,2.9892,2.9907,2.9859,21.172,-8.7197,0,157.55,-1.1545,0,19.918
9.92,1.8255,-1.605,1,-0.098199,-0.49159,0,0.86527,-2.471,3.7857,0,0.32293,0.5531,-0.1207,-16.772,3.3505,0,0,0,0,2.9544,2.9591,2.9604,2.9555,22.737,-8.7304,0,155.39,-0.97222,0,19.716
9.93,1.8,-1.567,1,-0.096515,-0.48913,0,0.86685,-2.6376,3.8188,0,0.32224,0.60696,-0.11425,-16.537,3.2631,0,0,0,0,2.9222,2.927,2.9283,2.9232,24.279,-8.7392,0,153.09,-0.80234,0,19.501
9.94,1.7728,-1.5286,1,-0.094846,-0.48643,0,0.86856,-2.8017,3.851,0,0.32211,0.66317,-0.10798,-16.287,3.1757,0,0,0,0,2.8881,2.8932,2.8944,2.8892,25.798,-8.7465,0,150.64,-0.64458,0,19.275
9.95,1.7439,-1.49,1,-0.093191,-0.48347,0,0.87039,-2.9633,3.8823,0,0.32258,0.722,-0.10188,-16.021,3.0882,0,0,0,0,2.8522,2.8577,2.8588,2.8533,27.291,-8.7522,0,148.05,-0.49864,0,19.037
9.96,1.7135,-1.451,1,-0.091545,-0.48024,0,0.87235,-3.1221,3.9128,0,0.32368,0.7837,-0.095948,-15.741,3.0006,0,0,0,0,2.8146,2.8204,2.8214,2.8158,28.758,-8.7565,0,145.33,-0.36419,0,18.787
9.97,1.6815,-1.4117,1,-0.089905,-0.47672,0,0.87445,-3.2781,3.9423,0,0.32544,0.84857,-0.090173,-15.446,2.9131,0,0,0,0,2.7754,2.7816,2.7825,2.7766,30.198,-8.7595,0,142.47,-0.24094,0,18.527
9.98,1.648,-1.3721,1,-0.088268,-0.47289,0,0.87669,-3.431,3.971,0,0.32789,0.91692,-0.08455,-15.137,2.8255,0,0,0,0,2.7347,2.7412,2.742,2.7359,31.607,-8.7613,0,139.49,-0.12856,0,18.256
9.99,1.6129,-1.3323,1,-0.086629,-0.46875,0,0.87907,-3.5807,3.9988,0,0.33109,0.98907,-0.079076,-14.814,2.7378,0,0,0,0,2.6924,2.6994,2.7001,2.6937,32.987,-8.7621,0,136.38,-0.026734,0,17.976
10,1.5764,-1.2922,1,-0.084985,-0.46426,0,0.88161,-3.7272,4.0258,0,0.33506,1.0654,-0.073745,-14.478,2.6502,0,0,0,0,2.6487,2.6561,2.6568,2.65,34.335,-8.7619,0,133.15,0.064842,0,17.686
10.01,1.5384,-1.2518,1,-0.083332,-0.45941,0,0.88431,-3.8703,4.0518,0,0.33987,1.1463,-0.068553,-14.128,2.5626,0,0,0,0,2.6037,2.6117,2.6121,2.6051,35.649,-8.7608,0,129.8,0.14648,0,17.388
10.02,1.499,-1.2111,1,-0.081663,-0.45417,0,0.88716,-4.0097,4.077,0,0.34557,1.2321,-0.063498,-13.765,2.475,0,0,0,0,2.5575,2.566,2.5663,2.5589,36.93,-8.759,0,126.35,0.21851,0,17.081
10.03,1.4582,-1.1702,1,-0.079976,-0.44852,0,0.89019,-4.1455,4.1013,0,0.35221,1.3233,-0.058576,-13.389,2.3874,0,0,0,0,2.5101,2.5192,2.5194,2.5116,38.176,-8.7565,0,122.78,0.28122,0,16.767
10.04,1.4161,-1.1291,1,-0.078263,-0.44243,0,0.89338,-4.2775,4.1248,0,0.35987,1.4204,-0.053787,-13.001,2.2999,0,0,0,0,2.4617,2.4715,2.4716,2.4633,39.386,-8.7534,0,119.11,0.33494,0,16.447
10.05,1.3726,-1.0877,1,-0.076521,-0.43586,0,0.89675,-4.4055,4.1473,0,0.3686,1.5238,-0.049128,-12.602,2.2124,0,0,0,0,2.4124,2.4229,2.4228,2.4141,40.558,-8.7498,0,115.34,0.37998,0,16.12
10.06,1.328,-1.0462,1,-0.074742,-0.42879,0,0.90031,-4.5295,4.169,0,0.37848,1.6341,-0.0446,-12.19,2.1249,0,0,0,0,2.3623,2.3736,2.3734,2.3641,41.692,-8.7458,0,111.47,0.41666,0,15.789
10.07,1.2821,-1.0044,1,-0.07292,-0.42117,0,0.90405,-4.6493,4.1898,0,0.38959,1.7518,-0.040202,-11.768,2.0374,0,0,0,0,2.3116,2.3236,2.3233,2.3134,42.787,-8.7415,0,107.51,0.44528,0,15.453
10.08,1.235,-0.96236,1,-0.071048,-0.41297,0,0.90797,-4.7648,4.2098,0,0.402,1.8774,-0.035938,-11.335,1.9501,0,0,0,0,2.2604,2.2733,2.2728,2.2623,43.842,-8.7369,0,103.46,0.46616,0,15.115
10.09,1.1868,-0.92017,1,-0.069119,-0.40414,0,0.91208,-4.8759,4.2288,0,0.4158,2.0114,-0.031809,-10.891,1.8627,0,0,0,0,2.2088,2.2226,2.2219,2.2108,44.856,-8.7322,0,99.321,0.47961,0,14.774
10.1,1.1375,-0.87779,1,-0.067124,-0.39463,0,0.91639,-4.9826,4.247,0,0.43106,2.1545,-0.027818,-10.438,1.7754,0,0,0,0,2.157,2.1718,2.1709,2.1592,45.828,-8.7274,0,95.103,0.48595,0,14.432
10.11,1.0872,-0.83523,1,-0.065056,-0.38439,0,0.92087,-5.0847,4.2643,0,0.44786,2.3069,-0.023971,-9.9748,1.6882,0,0,0,0,2.1052,2.1211,2.12,2.1075,46.758,-8.7225,0,90.808,0.48549,0,14.09
10.12,1.0358,-0.7925,1,-0.062905,-0.37338,0,0.92554,-5.182,4.2808,0,0.46626,2.4693,-0.020273,-9.5028,1.601,0,0,0,0,2.0536,2.0705,2.0692,2.056,47.644,-8.7177,0,86.439,0.47854,0,13.749
10.13,0.98353,-0.74962,1,-0.060662,-0.36153,0,0.93038,-5.2747,4.2964,0,0.48632,2.6418,-0.016732,-9.0221,1.5138,0,0,0,0,2.0024,2.0204,2.0189,2.005,48.486,-8.713,0,82,0.46542,0,13.411
10.14,0.93034,-0.70658,1,-0.058316,-0.34879,0,0.93538,-5.3625,4.3111,0,0.50807,2.8246,-0.013356,-8.5332,1.4267,0,0,0,0,1.9518,1.971,1.9692,1.9545,49.284,-8.7084,0,77.495,0.44644,0,13.077
10.15,0.8763,-0.6634,1,-0.055859,-0.3351,0,0.94052,-5.4453,4.3249,0,0.53151,3.0176,-0.010155,-8.0365,1.3396,0,0,0,0,1.9021,1.9223,1.9204,1.9049,50.036,-8.7041,0,72.928,0.42193,0,12.75
10.16,0.82145,-0.62008,1,-0.05328,-0.3204,0,0.94578,-5.5232,4.3379,0,0.55662,3.2205,-0.0071387,-7.5326,1.2526,0,0,0,0,1.8535,1.8748,1.8726,1.8565,50.742,-8.7,0,68.303,0.39223,0,12.429
10.17,0.76585,-0.57664,1,-0.050569,-0.30463,0,0.95113,-5.5959,4.35,0,0.5833,3.4325,-0.0043196,-7.0219,1.1656,0,0,0,0,1.8064,1.8286,1.8262,1.8094,51.402,-8.6962,0,63.623,0.35772,0,12.118
10.18,0.70955,-0.53309,1,-0.047716,-0.28774,0,0.95652,-5.6636,4.3612,0,0.6114,3.6526,-0.0017096,-6.5047,1.0787,0,0,0,0,1.761,1.7839,1.7813,1.7641,52.014,-8.6928,0,58.894,0.31874,0,11.817
10.19,0.6526,-0.48942,1,-0.044713,-0.26968,0,0.96191,-5.726,4.3715,0,0.6407,3.8789,0.00067922,-5.9817,0.99178,0,0,0,0,1.7176,1.7411,1.7383,1.7207,52.58,-8.6899,0,54.117,0.27565,0,11.53
10.2,0.59505,-0.44566,1,-0.041553,-0.25041,0,0.96725,-5.7832,4.381,0,0.67089,4.109,0.0028352,-5.4533,0.9049,0,0,0,0,1.6766,1.7005,1.6975,1.6798,53.097,-8.6873,0,49.298,0.2288,0,11.257
10.21,0.53695,-0.40181,1,-0.038229,-0.22993,0,0.97246,-5.8351,4.3896,0,0.70153,4.34,0.0047482,-4.92,0.81803,0,0,0,0,1.6384,1.6622,1.6591,1.6415,53.565,-8.6853,0,44.441,0.17855,0,11.002
10.22,0.47836,-0.35787,1,-0.034741,-0.20821,0,0.97747,-5.8816,4.3974,0,0.7321,4.568,0.0064104,-4.3822,0.73119,0,0,0,0,1.6033,1.6266,1.6235,1.6063,53.985,-8.6838,0,39.548,0.12526,0,10.766
10.23,0.41934,-0.31386,1,-0.031088,-0.18528,0,0.98219,-5.9227,4.4043,0,0.76196,4.7884,0.0078176,-3.8404,0.64436,0,0,0,0,1.5716,1.5939,1.5908,1.5745,54.356,-8.6828,0,34.625,0.069277,0,10.551
10.24,0.35993,-0.26979,1,-0.027274,-0.1612,0,0.98655,-5.9584,4.4103,0,0.79038,4.9959,0.0089707,-3.2952,0.55753,0,0,0,0,1.5438,1.5645,1.5615,1.5464,54.678,-8.6824,0,29.675,0.010962,0,10.36
10.25,0.30019,-0.22566,1,-0.023308,-0.13603,0,0.99043,-5.9886,4.4154,0,0.81655,5.185,0.0098763,-2.747,0.47071,0,0,0,0,1.5201,1.5386,1.5358,1.5224,54.95,-8.6826,0,24.701,-0.049332,0,10.195
10.26,0.24017,-0.18148,1,-0.019205,-0.10988,0,0.99376,-6.0133,4.4197,0,0.83964,5.3498,0.010549,-2.1964,0.38388,0,0,0,0,1.5008,1.5166,1.514,1.5027,55.172,-8.6834,0,19.709,-0.11125,0,10.057
10.27,0.17994,-0.13727,1,-0.014983,-0.082913,0,0.99644,-6.0325,4.4231,0,0.85882,5.4847,0.011009,-1.6438,0.29704,0,0,0,0,1.4862,1.4986,1.4964,1.4875,55.344,-8.6848,0,14.701,-0.17443,0,9.9478
10.28,0.11954,-0.093024,1,-0.010665,-0.055293,0,0.99841,-6.0462,4.4256,0,0.87337,5.5847,0.011288,-1.0897,0.21018,0,0,0,0,1.4763,1.4849,1.4832,1.4771,55.466,-8.6869,0,9.6818,-0.23853,0,9.8692
10.29,0.059035,-0.048759,1,-0.0062791,-0.027226,0,0.99961,-6.0543,4.4273,0,0.88271,5.6457,0.011422,-0.53461,0.1233,0,0,0,0,1.4713,1.4757,1.4745,1.4716,55.537,-8.6896,0,4.655,-0.30318,0,9.8219
10.3,-0.0015255,-0.0044816,1,-0.0018551,0.0010664,0,1,-6.0569,4.4281,0,0.88645,5.6654,0.011455,0.020916,0.036385,0,0,0,0,1.4713,1.4713,1.4706,1.4709,55.559,-8.6929,0,-0.37534,-0.36803,0,9.8067
10.31,-0.062084,0.0398,1,0.0025747,0.02935,0,0.99957,-6.0539,4.428,0,0.88444,5.6428,0.011435,0.5764,-0.050564,0,0,0,0,1.476,1.4716,1.4715,1.475,55.53,-8.6969,0,-5.4054,-0.43272,0,9.8237
10.32,-0.12258,0.084076,1,0.0069782,0.057393,0,0.99833,-6.0454,4.4271,0,0.8768,5.5789,0.011411,1.1313,-0.13756,0,0,0,0,1.4854,1.4769,1.4774,1.4839,55.451,-8.7016,0,-10.431,-0.49691,0,9.8726
10.33,-0.18297,0.12834,1,0.011325,0.084974,0,0.99632,-6.0313,4.4253,0,0.86389,5.4764,0.011432,1.6852,-0.2246,0,0,0,0,1.4993,1.487,1.488,1.4974,55.321,-8.7069,0,-15.449,-0.56023,0,9.9529
10.34,-0.24319,0.17258,1,0.015586,0.11189,0,0.9936,-6.0117,4.4226,0,0.84625,5.3392,0.011544,2.2376,-0.3117,0,0,0,0,1.5176,1.5019,1.5034,1.5152,55.142,-8.7128,0,-20.455,-0.62233,0,10.063
10.35,-0.30319,0.21679,1,0.019739,0.13797,0,0.99024,-5.9865,4.419,0,0.82461,5.1724,0.011788,2.7879,-0.39886,0,0,0,0,1.5399,1.5214,1.5233,1.5372,54.912,-8.7193,0,-25.445,-0.68285,0,10.203
10.36,-0.3629,0.26096,1,0.023762,0.16307,0,0.98633,-5.9559,4.4146,0,0.79975,4.9818,0.0122,3.3357,-0.48608,0,0,0,0,1.5659,1.5453,1.5476,1.5631,54.633,-8.7264,0,-30.415,-0.74144,0,10.37
10.37,-0.42229,0.30508,1,0.027643,0.18707,0,0.98196,-5.9198,4.4093,0,0.7725,4.773,0.012805,3.8804,-0.57339,0,0,0,0,1.5955,1.5733,1.5758,1.5925,54.304,-8.7341,0,-35.362,-0.79774,0,10.562
10.38,-0.48128,0.34914,1,0.031369,0.20991,0,0.97722,-5.8783,4.4031,0,0.74367,4.5519,0.013626,4.4216,-0.66077,0,0,0,0,1.6283,1.6051,1.6078,1.6253,53.926,-8.7424,0,-40.28,-0.85139,0,10.778
10.39,-0.53984,0.39314,1,0.034937,0.23154,0,0.9722,-5.8314,4.3961,0,0.71399,4.3235,0.014675,4.9588,-0.74824,0,0,0,0,1.6641,1.6404,1.6432,1.661,53.499,-8.7512,0,-45.168,-0.90205,0,11.014
10.4,-0.59789,0.43706,1,0.038345,0.25194,0,0.96698,-5.7791,4.3882,0,0.68411,4.0923,0.015959,5.4914,-0.83579,0,0,0,0,1.7024,1.6787,1.6816,1.6995,53.023,-8.7604,0,-50.02,-0.94935,0,11.27
10.41,-0.6554,0.4809,1,0.041594,0.27111,0,0.96165,-5.7216,4.3794,0,0.65455,3.8622,0.017482,6.0191,-0.92345,0,0,0,0,1.7432,1.7198,1.7227,1.7404,52.498,-8.7701,0,-54.833,-0.99295,0,11.543
10.42,-0.71231,0.52464,1,0.044689,0.28908,0,0.95626,-5.6588,4.3697,0,0.62576,3.6362,0.019242,6.5412,-1.0112,0,0,0,0,1.7861,1.7632,1.7661,1.7834,51.926,-8.7803,0,-59.602,-1.0325,0,11.831
10.43,-0.76856,0.56829,1,0.047636,0.30589,0,0.95088,-5.5908,4.3591,0,0.59806,3.4165,0.021234,7.0574,-1.0991,0,0,0,0,1.8307,1.8087,1.8115,1.8283,51.306,-8.7908,0,-64.325,-1.0676,0,12.132
10.44,-0.82411,0.61182,1,0.050443,0.32157,0,0.94554,-5.5177,4.3477,0,0.5717,3.205,0.023453,7.5672,-1.187,0,0,0,0,1.877,1.8558,1.8586,1.8747,50.64,-8.8016,0,-68.997,-1.0979,0,12.444
10.45,-0.87889,0.65524,1,0.05312,0.3362,0,0.94029,-5.4395,4.3354,0,0.54683,3.0026,0.025889,8.0701,-1.2751,0,0,0,0,1.9245,1.9044,1.907,1.9225,49.927,-8.8127,0,-73.613,-1.1231,0,12.764
10.46,-0.93288,0.69853,1,0.055675,0.34981,0,0.93516,-5.3563,4.3222,0,0.52354,2.8102,0.028535,8.5656,-1.3633,0,0,0,0,1.9731,1.9541,1.9566,1.9713,49.168,-8.824,0,-78.171,-1.1428,0,13.092
10.47,-0.986,0.74168,1,0.058119,0.36248,0,0.93018,-5.2682,4.3081,0,0.5019,2.628,0.031382,9.0533,-1.4516,0,0,0,0,2.0225,2.0046,2.007,2.021,48.363,-8.8356,0,-82.667,-1.1567,0,13.425
10.48,-1.0382,0.78469,1,0.060461,0.37426,0,0.92535,-5.1752,4.2932,0,0.48189,2.4561,0.034422,9.5327,-1.54,0,0,0,0,2.0726,2.0557,2.0581,2.0712,47.515,-8.8472,0,-87.095,-1.1644,0,13.763
10.49,-1.0895,0.82754,1,0.06271,0.38521,0,0.9207,-5.0776,4.2773,0,0.4635,2.2944,0.037647,10.003,-1.6285,0,0,0,0,2.1231,2.1073,2.1095,2.1219,46.622,-8.8588,0,-91.454,-1.1656,0,14.103
10.5,-1.1398,0.87023,1,0.064876,0.39538,0,0.91622,-4.9752,4.2606,0,0.44669,2.1425,0.041051,10.465,-1.7172,0,0,0,0,2.1737,2.159,2.161,2.1728,45.686,-8.8705,0,-95.738,-1.1599,0,14.444
10.51,-1.189,0.91275,1,0.066968,0.40483,0,0.91194,-4.8683,4.243,0,0.43139,2.0001,0.044627,10.917,-1.8059,0,0,0,0,2.2244,2.2106,2.2126,2.2237,44.707,-8.882,0,-99.943,-1.1472,0,14.786
10.52,-1.2371,0.95509,1,0.068994,0.41361,0,0.90784,-4.7569,4.2245,0,0.41753,1.8665,0.048371,11.359,-1.8948,0,0,0,0,2.275,2.2621,2.264,2.2744,43.687,-8.8934,0,-104.07,-1.127,0,15.126
10.53,-1.2841,0.99724,1,0.070961,0.42176,0,0.90393,-4.6411,4.2051,0,0.40504,1.7414,0.052277,11.791,-1.9838,0,0,0,0,2.3252,2.3132,2.315,2.3248,42.626,-8.9045,0,-108.1,-1.099,0,15.464
10.54,-1.3299,1.0392,1,0.072878,0.42932,0,0.90021,-4.5211,4.1848,0,0.39385,1.6242,0.056342,12.211,-2.0729,0,0,0,0,2.375,2.3638,2.3655,2.3747,41.525,-8.9153,0,-112.05,-1.063,0,15.798
10.55,-1.3745,1.0809,1,0.074751,0.43635,0,0.89667,-4.397,4.1636,0,0.38388,1.5144,0.060565,12.621,-2.1621,0,0,0,0,2.4241,2.4137,2.4153,2.424,40.385,-8.9257,0,-115.91,-1.0186,0,16.129
10.56,-1.4178,1.1225,1,0.076586,0.44287,0,0.89331,-4.2687,4.1416,0,0.37506,1.4113,0.064943,13.019,-2.2514,0,0,0,0,2.4726,2.4628,2.4644,2.4726,39.208,-8.9357,0,-119.66,-0.96539,0,16.454
10.57,-1.4599,1.1638,1,0.078391,0.44892,0,0.89013,-4.1366,4.1186,0,0.36732,1.3146,0.069476,13.405,-2.3408,0,0,0,0,2.5201,2.511,2.5125,2.5203,37.993,-8.945,0,-123.32,-0.90318,0,16.773
10.58,-1.5006,1.2048,1,0.08017,0.45453,0,0.88712,-4.0007,4.0948,0,0.36059,1.2237,0.074164,13.779,-2.4303,0,0,0,0,2.5667,2.5582,2.5596,2.567,36.742,-8.9537,0,-126.86,-0.83162,0,17.086
10.59,-1.5399,1.2457,1,0.081928,0.45972,0,0.88428,-3.8611,4.07,0,0.35481,1.1382,0.079008,14.14,-2.5199,0,0,0,0,2.6122,2.6042,2.6056,2.6126,35.456,-8.9616,0,-130.3,-0.75038,0,17.391
10.6,-1.5778,1.2862,1,0.083672,0.46453,0,0.88159,-3.7179,4.0444,0,0.34992,1.0576,0.08401,14.488,-2.6095,0,0,0,0,2.6565,2.6491,2.6503,2.6571,34.136,-8.9687,0,-133.63,-0.65915,0,17.688
10.61,-1.6142,1.3265,1,0.085405,0.46898,0,0.87907,-3.5714,4.0178,0,0.34588,0.98147,0.089171,14.822,-2.6992,0,0,0,0,2.6995,2.6925,2.6938,2.7002,32.783,-8.9748,0,-136.84,-0.55761,0,17.977
10.62,-1.6492,1.3666,1,0.087132,0.47309,0,0.87669,-3.4215,3.9904,0,0.34262,0.90952,0.094496,15.143,-2.789,0,0,0,0,2.7411,2.7346,2.7358,2.7419,31.4,-8.9798,0,-139.93,-0.44545,0,18.256
10.63,-1.6826,1.4063,1,0.088857,0.47688,0,0.87447,-3.2686,3.962,0,0.34012,0.84135,0.099987,15.45,-2.8788,0,0,0,0,2.7813,2.7751,2.7763,2.7822,29.985,-8.9836,0,-142.89,-0.32233,0,18.525
10.64,-1.7146,1.4458,1,0.090584,0.48037,0,0.87238,-3.1126,3.9328,0,0.33832,0.77663,0.10565,15.743,-2.9687,0,0,0,0,2.8199,2.8141,2.8152,2.8209,28.542,-8.9862,0,-145.72,-0.18795,0,18.784
10.65,-1.7449,1.485,1,0.092317,0.48357,0,0.87043,-2.9537,3.9027,0,0.33719,0.71505,0.11149,16.021,-3.0586,0,0,0,0,2.8569,2.8514,2.8525,2.858,27.071,-8.9874,0,-148.42,-0.041991,0,19.031
10.66,-1.7736,1.5239,1,0.09406,0.48649,0,0.86861,-2.7922,3.8716,0,0.3367,0.65633,0.1175,16.284,-3.1484,0,0,0,0,2.8922,2.8871,2.8881,2.8934,25.574,-8.987,0,-150.99,0.11587,0,19.268
10.67,-1.8007,1.5624,1,0.095815,0.48916,0,0.86692,-2.6281,3.8397,0,0.33681,0.6002,0.12371,16.532,-3.2383,0,0,0,0,2.9258,2.9209,2.922,2.9271,24.052,-8.985,0,-153.41,0.28595,0,19.493
10.68,-1.8262,1.6007,1,0.097586,0.49158,0,0.86535,-2.4616,3.8069,0,0.33751,0.54641,0.13011,16.765,-3.3281,0,0,0,0,2.9576,2.9529,2.954,2.9589,22.506,-8.9812,0,-155.69,0.46857,0,19.706
10.69,-1.8499,1.6386,1,0.099376,0.49376,0,0.8639,-2.2929,3.7731,0,0.33876,0.49473,0.13671,16.982,-3.4179,0,0,0,0,2.9875,2.9831,2.9841,2.989,20.939,-8.9756,0,-157.82,0.66404,0,19.906
10.7,-1.872,1.6761,1,0.10119,0.49572,0,0.86257,-2.122,3.7385,0,0.34055,0.44494,0.14352,17.184,-3.5076,0,0,0,0,3.0155,3.0113,3.0124,3.0171,19.351,-8.9679,0,-159.8,0.87269,0,20.094
10.71,-1.8924,1.7133,1,0.10303,0.49746,0,0.86135,-1.9492,3.703,0,0.34286,0.39685,0.15055,17.369,-3.5973,0,0,0,0,3.0416,3.0376,3.0386,3.0432,17.743,-8.9581,0,-161.62,1.0948,0,20.268
10.72,-1.911,1.7502,1,0.10489,0.49899,0,0.86024,-1.7747,3.6666,0,0.34567,0.35026,0.1578,17.539,-3.6868,0,0,0,0,3.0657,3.0618,3.0629,3.0674,16.119,-8.946,0,-163.28,1.3308,0,20.43
10.73,-1.9279,1.7867,1,0.10679,0.50031,0,0.85924,-1.5985,3.6292,0,0.34896,0.30499,0.16529,17.692,-3.7762,0,0,0,0,3.0877,3.084,3.0851,3.0895,14.478,-8.9314,0,-164.78,1.5808,0,20.577
10.74,-1.943,1.8228,1,0.10872,0.50143,0,0.85834,-1.4209,3.591,0,0.35273,0.26088,0.17302,17.828,-3.8654,0,0,0,0,3.1077,3.1042,3.1052,3.1096,12.824,-8.9143,0,-166.11,1.8454,0,20.711
10.75,-1.9563,1.8585,1,0.11068,0.50236,0,0.85754,-1.242,3.5519,0,0.35695,0.21777,0.181,17.948,-3.9544,0,0,0,0,3.1256,3.1222,3.1233,3.1276,11.157,-8.8945,0,-167.26,2.1246,0,20.831
10.76,-1.9678,1.8938,1,0.11269,0.5031,0,0.85685,-1.062,3.5119,0,0.36163,0.17551,0.18925,18.051,-4.0433,0,0,0,0,3.1414,3.1381,3.1392,3.1436,9.4791,-8.8718,0,-168.25,2.419,0,20.937
10.77,-1.9775,1.9287,1,0.11474,0.50365,0,0.85625,-0.88104,3.4711,0,0.36676,0.13395,0.19778,18.138,-4.1319,0,0,0,0,3.1551,3.1519,3.153,3.1573,7.7925,-8.846,0,-169.05,2.7288,0,21.029
10.78,-1.9854,1.9632,1,0.11683,0.50402,0,0.85575,-0.6993,3.4293,0,0.37232,0.092947,0.2066,18.207,-4.2202,0,0,0,0,3.1667,3.1635,3.1646,3.169,6.0987,-8.8171,0,-169.67,3.0542,0,21.106
10.79,-1.9915,1.9973,1,0.11896,0.50421,0,0.85535,-0.51695,3.3867,0,0.3783,0.052378,0.21572,18.26,-4.3082,0,0,0,0,3.1761,3.173,3.1741,3.1785,4.3998,-8.7849,0,-170.1,3.3958,0,21.169
10.8,-1.9958,2.0309,1,0.12115,0.50421,0,0.85504,-0.33416,3.3431,0,0.38471,0.012112,0.22515,18.295,-4.3959,0,0,0,0,3.1833,3.1803,3.1814,3.1858,2.6974,-8.7492,0,-170.34,3.7535,0,21.218
10.81,-1.9982,2.0641,1,0.12339,0.50404,0,0.85482,-0.1511,3.2988,0,0.39154,-0.02798,0.2349,18.314,-4.4832,0,0,0,0,3.1884,3.1854,3.1866,3.191,0.99361,-8.7098,0,-170.39,4.127,0,21.252
10.82,-1.9988,2.0969,1,0.12568,0.50368,0,0.8547,0.032053,3.2535,0,0.39877,-0.06802,0.245,18.315,-4.5701,0,0,0,0,3.1913,3.1883,3.1896,3.194,-0.7098,-8.6666,0,-170.26,4.5154,0,21.272
10.83,-1.9975,2.1292,1,0.12803,0.50315,0,0.85466,0.21514,3.2074,0,0.40642,-0.10813,0.25546,18.299,-4.6565,0,0,0,0,3.192,3.1891,3.1904,3.1948,-2.411,-8.6194,0,-169.94,4.9182,0,21.277
10.84,-1.9945,2.1611,1,0.13044,0.50243,0,0.85472,0.39798,3.1604,0,0.41447,-0.14844,0.26629,18.267,-4.7424,0,0,0,0,3.1907,3.1877,3.189,3.1935,-4.1081,-8.5682,0,-169.45,5.3344,0,21.268
10.85,-1.9896,2.1924,1,0.13291,0.50153,0,0.85487,0.58042,3.1125,0,0.42293,-0.18907,0.27752,18.217,-4.8278,0,0,0,0,3.1871,3.1842,3.1855,3.1901,-5.7994,-8.5127,0,-168.78,5.7634,0,21.245
10.86,-1.9829,2.2233,1,0.13545,0.50045,0,0.85511,0.76227,3.0638,0,0.43179,-0.23015,0.28916,18.151,-4.9127,0,0,0,0,3.1815,3.1785,3.1799,3.1846,-7.4832,-8.4529,0,-167.95,6.2044,0,21.207
10.87,-1.9743,2.2537,1,0.13805,0.49917,0,0.85543,0.94338,3.0143,0,0.44106,-0.2718,0.30123,18.068,-4.9969,0,0,0,0,3.1737,3.1707,3.1722,3.177,-9.1578,-8.3886,0,-166.94,6.6566,0,21.156
10.88,-1.964,2.2836,1,0.14073,0.4977,0,0.85585,1.1236,2.9639,0,0.45072,-0.31415,0.31376,17.968,-5.0804,0,0,0,0,3.1639,3.1608,3.1624,3.1673,-10.821,-8.3197,0,-165.77,7.1194,0,21.091
10.89,-1.9519,2.313,1,0.14347,0.49604,0,0.85636,1.3027,2.9126,0,0.46079,-0.35735,0.32678,17.851,-5.1633,0,0,0,0,3.1521,3.1489,3.1505,3.1555,-12.473,-8.2461,0,-164.44,7.592,0,21.012
10.9,-1.938,2.3418,1,0.1463,0.49417,0,0.85697,1.4805,2.8606,0,0.47125,-0.40151,0.34029,17.718,-5.2453,0,0,0,0,3.1382,3.135,3.1367,3.1418,-14.11,-8.1678,0,-162.96,8.0737,0,20.919
10.91,-1.9223,2.3702,1,0.14919,0.4921,0,0.85766,1.657,2.8077,0,0.48212,-0.44679,0.35435,17.569,-5.3266,0,0,0,0,3.1224,3.119,3.1208,3.1261,-15.731,-8.0846,0,-161.32,8.5636,0,20.814
10.92,-1.9048,2.398,1,0.15218,0.48981,0,0.85845,1.8319,2.7541,0,0.49337,-0.49333,0.36896,17.404,-5.407,0,0,0,0,3.1046,3.1011,3.103,3.1084,-17.336,-7.9965,0,-159.53,9.0611,0,20.695
10.93,-1.8856,2.4253,1,0.15524,0.4873,0,0.85933,2.005,2.6996,0,0.50502,-0.54128,0.38416,17.222,-5.4865,0,0,0,0,3.0849,3.0813,3.0833,3.0889,-18.921,-7.9034,0,-157.6,9.5654,0,20.564
10.94,-1.8647,2.452,1,0.15839,0.48456,0,0.8603,2.1763,2.6443,0,0.51704,-0.5908,0.39999,17.025,-5.5651,0,0,0,0,3.0634,3.0597,3.0618,3.0675,-20.487,-7.8052,0,-155.52,10.076,0,20.421
10.95,-1.8421,2.4781,1,0.16163,0.48158,0,0.86137,2.3455,2.5883,0,0.52944,-0.64205,0.41648,16.813,-5.6426,0,0,0,0,3.0401,3.0362,3.0384,3.0443,-22.031,-7.7019,0,-153.3,10.592,0,20.265
10.96,-1.8178,2.5037,1,0.16495,0.47835,0,0.86254,2.5125,2.5315,0,0.54219,-0.69521,0.43365,16.585,-5.7191,0,0,0,0,3.0151,3.011,3.0134,3.0194,-23.553,-7.5933,0,-150.95,11.112,0,20.098
10.97,-1.7919,2.5288,1,0.16838,0.47487,0,0.8638,2.6771,2.4739,0,0.55529,-0.75044,0.45155,16.342,-5.7945,0,0,0,0,2.9884,2.9841,2.9866,2.9929,-25.05,-7.4796,0,-148.47,11.636,0,19.92
10.98,-1.7643,2.5532,1,0.1719,0.47111,0,0.86517,2.8393,2.4156,0,0.56871,-0.80795,0.47021,16.084,-5.8687,0,0,0,0,2.9601,2.9555,2.9582,2.9647,-26.522,-7.3606,0,-145.86,12.163,0,19.731
10.99,-1.7351,2.5771,1,0.17551,0.46706,0,0.86663,2.9987,2.3566,0,0.58243,-0.86791,0.48967,15.811,-5.9416,0,0,0,0,2.9302,2.9254,2.9283,2.935,-27.967,-7.2363,0,-143.12,12.693,0,19.531
11,-1.7043,2.6003,1,0.17923,0.46272,0,0.8682,3.1554,2.2968,0,0.59641,-0.93053,0.50997,15.525,-6.0134,0,0,0,0,2.8989,2.8938,2.8968,2.9038,-29.384,-7.1068,0,-140.27,13.224,0,19.322
11.01,-1.672,2.623,1,0.18305,0.45806,0,0.86987,3.3092,2.2363,0,0.61062,-0.99603,0.53115,15.224,-6.0838,0,0,0,0,2.8662,2.8607,2.864,2.8712,-30.772,-6.9719,0,-137.29,13.755,0,19.104
11.02,-1.6382,2.6451,1,0.18698,0.45308,0,0.87164,3.4599,2.1751,0,0.625,-1.0646,0.55324,14.909,-6.1528,0,0,0,0,2.8322,2.8264,2.8299,2.8374,-32.129,-6.8317,0,-134.21,14.286,0,18.876
11.03,-1.6028,2.6665,1,0.19101,0.44774,0,0.87352,3.6073,2.1132,0,0.63949,-1.1365,0.5763,14.581,-6.2204,0,0,0,0,2.7969,2.7908,2.7945,2.8023,-33.455,-6.6862,0,-131.01,14.815,0,18.641
11.04,-1.566,2.6873,1,0.19514,0.44204,0,0.87551,3.7514,2.0507,0,0.65403,-1.2119,0.60034,14.24,-6.2865,0,0,0,0,2.7606,2.754,2.758,2.766,-34.749,-6.5354,0,-127.7,15.342,0,18.398
11.05,-1.5278,2.7075,1,0.19939,0.43596,0,0.8776,3.8921,1.9875,0,0.66852,-1.2911,0.62543,13.886,-6.3511,0,0,0,0,2.7232,2.7162,2.7205,2.7288,-36.009,-6.3793,0,-124.3,15.866,0,18.148
11.06,-1.4882,2.7271,1,0.20374,0.42946,0,0.87981,4.0291,1.9237,0,0.68287,-1.3743,0.65157,13.52,-6.4141,0,0,0,0,2.6849,2.6774,2.682,2.6906,-37.235,-6.2181,0,-120.79,16.386,0,17.892
11.07,-1.4472,2.746,1,0.20819,0.42253,0,0.88211,4.1625,1.8592,0,0.69696,-1.4617,0.67882,13.142,-6.4754,0,0,0,0,2.6458,2.6377,2.6427,2.6516,-38.425,-6.0516,0,-117.19,16.9,0,17.63
11.08,-1.405,2.7643,1,0.21275,0.41514,0,0.88453,4.2919,1.7942,0,0.71064,-1.5535,0.70719,12.752,-6.5351,0,0,0,0,2.606,2.5974,2.6027,2.6119,-39.578,-5.8801,0,-113.49,17.409,0,17.363
11.09,-1.3614,2.7819,1,0.21741,0.40727,0,0.88705,4.4175,1.7286,0,0.72374,-1.65,0.73671,12.35,-6.593,0,0,0,0,2.5657,2.5564,2.5622,2.5716,-40.694,-5.7035,0,-109.71,17.911,0,17.093
11.1,-1.3166,2.7988,1,0.22217,0.39889,0,0.88968,4.5389,1.6623,0,0.73608,-1.7514,0.76739,11.938,-6.6491,0,0,0,0,2.5249,2.5149,2.5211,2.5308,-41.772,-5.5219,0,-105.84,18.405,0,16.82
11.11,-1.2706,2.8151,1,0.22702,0.38998,0,0.8924,4.6562,1.5956,0,0.74744,-1.8577,0.79922,11.515,-6.7034,0,0,0,0,2.4838,2.4731,2.4798,2.4897,-42.811,-5.3354,0,-101.89,18.89,0,16.544
11.12,-1.2235,2.8307,1,0.23196,0.38049,0,0.89522,4.7692,1.5283,0,0.75757,-1.9691,0.8322,11.082,-6.7558,0,0,0,0,2.4426,2.4311,2.4383,2.4484,-43.809,-5.1441,0,-97.858,19.366,0,16.267
11.13,-1.1753,2.8457,1,0.23697,0.37041,0,0.89813,4.8778,1.4605,0,0.76618,-2.0858,0.8663,10.639,-6.8063,0,0,0,0,2.4013,2.389,2.3968,2.407,-44.768,-4.9481,0,-93.755,19.831,0,15.99
11.14,-1.126,2.8599,1,0.24204,0.3597,0,0.90113,4.9819,1.3922,0,0.77294,-2.2076,0.90147,10.187,-6.8548,0,0,0,0,2.3602,2.347,2.3554,2.3658,-45.684,-4.7475,0,-89.582,20.285,0,15.714
11.15,-1.0756,2.8735,1,0.24717,0.34832,0,0.9042,5.0815,1.3234,0,0.7775,-2.3345,0.93765,9.7256,-6.9012,0,0,0,0,2.3195,2.3053,2.3143,2.3247,-46.559,-4.5424,0,-85.341,20.727,0,15.44
11.16,-1.0244,2.8864,1,0.25233,0.33626,0,0.90734,5.1764,1.2541,0,0.77948,-2.4663,0.97475,9.2558,-6.9456,0,0,0,0,2.2792,2.264,2.2737,2.2841,-47.391,-4.333,0,-81.037,21.155,0,15.168
11.17,-0.97213,2.8986,1,0.25751,0.32348,0,0.91052,5.2666,1.1845,0,0.77843,-2.6026,1.0126,8.7779,-6.9879,0,0,0,0,2.2395,2.2234,2.2338,2.2441,-48.179,-4.1194,0,-76.674,21.569,0,14.901
11.18,-0.91904,2.9101,1,0.26269,0.30995,0,0.91374,5.3519,1.1144,0,0.77391,-2.7432,1.0511,8.2924,-7.028,0,0,0,0,2.2007,2.1837,2.1948,2.2048,-48.924,-3.9017,0,-72.253,21.969,0,14.64
11.19,-0.86511,2.9209,1,0.26783,0.29564,0,0.91698,5.4324,1.0439,0,0.76544,-2.8872,1.0901,7.7996,-7.0659,0,0,0,0,2.163,2.1449,2.1568,2.1664,-49.624,-3.6801,0,-67.78,22.353,0,14.385
11.2,-0.81041,2.931,1,0.27292,0.28055,0,0.92022,5.5079,0.97308,0,0.75253,-3.0339,1.1292,7.3,-7.1016,0,0,0,0,2.1264,2.1074,2.12,2.1291,-50.28,-3.4547,0,-63.257,22.721,0,14.138
11.21,-0.75497,2.9404,1,0.27791,0.26464,0,0.92343,5.5784,0.9019,0,0.73469,-3.1822,1.1683,6.7941,-7.135,0,0,0,0,2.0913,2.0714,2.0848,2.0932,-50.889,-3.2257,0,-58.689,23.072,0,13.901
11.22,-0.69885,2.949,1,0.28278,0.24791,0,0.92659,5.6438,0.83039,0,0.71146,-3.3309,1.2069,6.2824,-7.1661,0,0,0,0,2.0578,2.037,2.0512,2.0587,-51.453,-2.9933,0,-54.078,23.406,0,13.674
11.23,-0.64211,2.957,1,0.28749,0.23036,0,0.92967,5.704,0.75858,0,0.68242,-3.4785,1.2448,5.7652,-7.1948,0,0,0,0,2.0261,2.0046,2.0195,2.0259,-51.971,-2.7577,0,-49.429,23.722,0,13.46
11.24,-0.58479,2.9642,1,0.29198,0.212,0,0.93263,5.7591,0.6865,0,0.64722,-3.6231,1.2814,5.2431,-7.2212,0,0,0,0,1.9964,1.9743,1.9899,1.995,-52.442,-2.5189,0,-44.744,24.019,0,13.259
11.25,-0.52695,2.9707,1,0.29622,0.19284,0,0.93545,5.8089,0.61417,0,0.60562,-3.763,1.3164,4.7165,-7.2452,0,0,0,0,1.9689,1.9464,1.9625,1.9661,-52.866,-2.2773,0,-40.028,24.297,0,13.073
11.26,-0.46863,2.9765,1,0.30017,0.17291,0,0.93808,5.8534,0.5416,0,0.55749,-3.8958,1.3493,4.186,-7.2668,0,0,0,0,1.9437,1.9211,1.9377,1.9396,-53.242,-2.0331,0,-35.284,24.555,0,12.903
11.27,-0.4099,2.9815,1,0.30377,0.15226,0,0.9405,5.8926,0.46884,0,0.50287,-4.0195,1.3797,3.6519,-7.2858,0,0,0,0,1.9211,1.8985,1.9155,1.9155,-53.571,-1.7863,0,-30.515,24.793,0,12.751
11.28,-0.3508,2.9858,1,0.30698,0.13094,0,0.94266,5.9264,0.3959,0,0.44199,-4.1316,1.4069,3.1147,-7.3025,0,0,0,0,1.9012,1.879,1.8962,1.894,-53.852,-1.5373,0,-25.724,25.009,0,12.617
11.29,-0.29139,2.9894,1,0.30977,0.10902,0,0.94454,5.9549,0.3228,0,0.37528,-4.2298,1.4305,2.575,-7.3166,0,0,0,0,1.8842,1.8625,1.8798,1.8755,-54.086,-1.2862,0,-20.917,25.203,0,12.503
11.3,-0.23172,2.9923,1,0.31208,0.086583,0,0.9461,5.9779,0.24957,0,0.30338,-4.3121,1.4501,2.0332,-7.3282,0,0,0,0,1.8701,1.8494,1.8665,1.8599,-54.271,-1.0333,0,-16.095,25.375,0,12.41
11.31,-0.17185,2.9944,1,0.31388,0.063729,0,0.94732,5.9955,0.17624,0,0.2271,-4.3765,1.4654,1.4897,-7.3372,0,0,0,0,1.8591,1.8397,1.8565,1.8475,-54.407,-0.77877,0,-11.263,25.523,0,12.338
11.32,-0.11183,2.9958,1,0.31515,0.040561,0,0.94817,6.0077,0.10284,0,0.14748,-4.4214,1.4759,0.94516,-7.3438,0,0,0,0,1.8514,1.8334,1.8496,1.8383,-54.496,-0.5229,0,-6.424,25.647,0,12.288
11.33,-0.051712,2.9965,1,0.31587,0.017194,0,0.94865,6.0144,0.029376,0,0.065677,-4.4457,1.4815,0.39996,-7.3477,0,0,0,0,1.8468,1.8307,1.8461,1.8326,-54.536,-0.2659,0,-1.5816,25.747,0,12.26
11.34,0.0084435,2.9964,1,0.31603,-0.0062523,0,0.94873,6.0157,-0.04411,0,-0.017058,-4.4488,1.4821,-0.14539,-7.3491,0,0,0,0,1.8456,1.8314,1.8459,1.8304,-54.528,-0.0080365,0,3.2607,25.822,0,12.256
11.35,0.068584,2.9956,1,0.31562,-0.029656,0,0.94842,6.0115,-0.1176,0,-0.099423,-4.4307,1.4776,-0.69042,-7.3479,0,0,0,0,1.8477,1.8357,1.849,1.8316,-54.471,0.25045,0,8.0994,25.871,0,12.273
11.36,0.12866,2.9941,1,0.31465,-0.052898,0,0.94773,6.0019,-0.19106,0,-0.18014,-4.3917,1.4681,-1.2346,-7.3441,0,0,0,0,1.8531,1.8434,1.8554,1.8364,-54.366,0.5093,0,12.931,25.895,0,12.314
11.37,0.1886,2.9918,1,0.31314,-0.07586,0,0.94667,5.9868,-0.26447,0,-0.25801,-4.3329,1.4539,-1.7776,-7.3377,0,0,0,0,1.8618,1.8543,1.865,1.8446,-54.212,0.76827,0,17.751,25.894,0,12.376
11.38,0.24837,2.9888,1,0.31112,-0.098434,0,0.94526,5.9663,-0.3378,0,-0.33197,-4.2557,1.4353,-2.3187,-7.3287,0,0,0,0,1.8736,1.8685,1.8777,1.8563,-54.011,1.0271,0,22.558,25.869,0,12.46
11.39,0.30791,2.985,1,0.3086,-0.12052,0,0.94352,5.9405,-0.41103,0,-0.4011,-4.162,1.4125,-2.8576,-7.3171,0,0,0,0,1.8886,1.8857,1.8934,1.8712,-53.761,1.2856,0,27.346,25.821,0,12.565
11.4,0.36717,2.9806,1,0.30564,-0.14204,0,0.94149,5.9092,-0.48414,0,-0.46472,-4.0538,1.3861,-3.3938,-7.303,0,0,0,0,1.9066,1.9058,1.9119,1.8894,-53.464,1.5434,0,32.113,25.749,0,12.689
11.41,0.42608,2.9753,1,0.30227,-0.1629,0,0.9392,5.8726,-0.55709,0,-0.52231,-3.9335,1.3565,-3.9267,-7.2863,0,0,0,0,1.9274,1.9285,1.9332,1.9105,-53.119,1.8005,0,36.855,25.654,0,12.833
11.42,0.4846,2.9694,1,0.29854,-0.18306,0,0.93668,5.8307,-0.62985,0,-0.57359,-3.8032,1.3243,-4.456,-7.267,0,0,0,0,1.9509,1.9538,1.9571,1.9344,-52.727,2.0565,0,41.569,25.538,0,12.994
11.43,0.54267,2.9628,1,0.29449,-0.20247,0,0.93396,5.7835,-0.70242,0,-0.61845,-3.6654,1.2898,-4.9811,-7.2451,0,0,0,0,1.9769,1.9814,1.9833,1.961,-52.288,2.3112,0,46.25,25.4,0,13.171
11.44,0.60025,2.9554,1,0.29017,-0.22108,0,0.93109,5.7311,-0.77475,0,-0.65694,-3.5221,1.2536,-5.5016,-7.2208,0,0,0,0,2.0052,2.011,2.0118,1.99,-51.802,2.5644,0,50.896,25.24,0,13.363
11.45,0.65728,2.9473,1,0.28562,-0.23889,0,0.92809,5.6735,-0.84682,0,-0.68927,-3.3754,1.2162,-6.017,-7.1939,0,0,0,0,2.0356,2.0426,2.0422,2.0211,-51.27,2.8159,0,55.502,25.06,0,13.569
11.46,0.7137,2.9384,1,0.28088,-0.25588,0,0.925,5.6107,-0.91862,0,-0.71575,-3.2271,1.1779,-6.5269,-7.1645,0,0,0,0,2.0679,2.0759,2.0745,2.0542,-50.692,3.0655,0,60.066,24.861,0,13.788
11.47,0.76948,2.9289,1,0.276,-0.27205,0,0.92185,5.543,-0.9901,0,-0.73677,-3.0788,1.1392,-7.0307,-7.1326,0,0,0,0,2.102,2.1107,2.1084,2.089,-50.069,3.313,0,64.583,24.641,0,14.017
11.48,0.82455,2.9186,1,0.271,-0.28741,0,0.91867,5.4702,-1.0613,0,-0.75276,-2.9317,1.1003,-7.5281,-7.0982,0,0,0,0,2.1375,2.1468,2.1438,2.1253,-49.4,3.5583,0,69.051,24.402,0,14.256
11.49,0.87886,2.9077,1,0.26593,-0.30197,0,0.91547,5.3924,-1.1321,0,-0.7642,-2.787,1.0616,-8.0186,-7.0614,0,0,0,0,2.1743,2.184,2.1804,2.1629,-48.688,3.801,0,73.465,24.145,0,14.503
11.5,0.93238,2.896,1,0.26081,-0.31576,0,0.91229,5.3098,-1.2025,0,-0.77157,-2.6455,1.0234,-8.5017,-7.0222,0,0,0,0,2.2122,2.2222,2.2181,2.2015,-47.931,4.0411,0,77.822,23.87,0,14.757
11.51,0.98504,2.8836,1,0.25567,-0.32879,0,0.90914,5.2224,-1.2725,0,-0.77535,-2.508,0.9857,-8.977,-6.9806,0,0,0,0,2.251,2.2612,2.2566,2.241,-47.132,4.2784,0,82.119,23.578,0,15.016
11.52,1.0368,2.8705,1,0.25052,-0.34109,0,0.90603,5.1303,-1.3421,0,-0.77599,-2.375,0.94883,-9.4442,-6.9366,0,0,0,0,2.2904,2.3007,2.2957,2.2811,-46.289,4.5126,0,86.352,23.268,0,15.28
11.53,1.0876,2.8568,1,0.2454,-0.35269,0,0.90299,5.0336,-1.4112,0,-0.77392,-2.2467,0.91287,-9.9027,-6.8903,0,0,0,0,2.3304,2.3406,2.3354,2.3218,-45.405,4.7437,0,90.517,22.942,0,15.547
11.54,1.1375,2.8423,1,0.24032,-0.36363,0,0.90001,4.9323,-1.4799,0,-0.76954,-2.1235,0.87793,-10.352,-6.8418,0,0,0,0,2.3707,2.3808,2.3754,2.3627,-44.479,4.9714,0,94.611,22.6,0,15.816
11.55,1.1863,2.8272,1,0.23529,-0.37392,0,0.89712,4.8265,-1.548,0,-0.76321,-2.0054,0.84408,-10.792,-6.7909,0,0,0,0,2.4111,2.4211,2.4156,2.4037,-43.513,5.1956,0,98.63,22.243,0,16.086
11.56,1.234,2.8114,1,0.23032,-0.38361,0,0.89431,4.7165,-1.6157,0,-0.75527,-1.8925,0.81137,-11.222,-6.7379,0,0,0,0,2.4516,2.4614,2.4558,2.4446,-42.507,5.4162,0,102.57,21.872,0,16.356
11.57,1.2806,2.7949,1,0.22543,-0.39273,0,0.8916,4.6021,-1.6828,0,-0.74601,-1.7847,0.77983,-11.642,-6.6826,0,0,0,0,2.4919,2.5014,2.4958,2.4854,-41.462,5.633,0,106.43,21.487,0,16.624
11.58,1.326,2.7777,1,0.22061,-0.40129,0,0.88899,4.4837,-1.7493,0,-0.73568,-1.6819,0.74947,-12.051,-6.6252,0,0,0,0,2.5318,2.5412,2.5356,2.5259,-40.378,5.8459,0,110.2,21.09,0,16.891
11.59,1.3702,2.7599,1,0.21588,-0.40934,0,0.88647,4.3611,-1.8153,0,-0.72453,-1.584,0.7203,-12.45,-6.5657,0,0,0,0,2.5714,2.5805,2.5749,2.5658,-39.258,6.0548,0,113.89,20.681,0,17.154
11.6,1.4132,2.7414,1,0.21124,-0.4169,0,0.88407,4.2347,-1.8806,0,-0.71274,-1.4907,0.6923,-12.836,-6.5041,0,0,0,0,2.6104,2.6192,2.6137,2.6052,-38.101,6.2595,0,117.48,20.26,0,17.414
11.61,1.4549,2.7223,1,0.20669,-0.42399,0,0.88176,4.1045,-1.9454,0,-0.7005,-1.4019,0.66546,-13.211,-6.4405,0,0,0,0,2.6486,2.6572,2.6518,2.6439,-36.909,6.4599,0,120.98,19.828,0,17.669
11.62,1.4953,2.7025,1,0.20224,-0.43064,0,0.87957,3.9705,-2.0095,0,-0.68794,-1.3174,0.63974,-13.574,-6.375,0,0,0,0,2.6861,2.6943,2.689,2.6817,-35.682,6.656,0,124.37,19.387,0,17.919
11.63,1.5343,2.6821,1,0.19789,-0.43688,0,0.87748,3.833,-2.0729,0,-0.6752,-1.237,0.61513,-13.925,-6.3074,0,0,0,0,2.7227,2.7306,2.7254,2.7185,-34.421,6.8477,0,127.67,18.937,0,18.162
11.64,1.5719,2.661,1,0.19363,-0.44272,0,0.8755,3.6921,-2.1356,0,-0.66239,-1.1603,0.59158,-14.263,-6.238,0,0,0,0,2.7582,2.7659,2.7608,2.7543,-33.129,7.0347,0,130.86,18.478,0,18.399
11.65,1.6081,2.6394,1,0.18947,-0.44819,0,0.87363,3.5478,-2.1976,0,-0.6496,-1.0872,0.56906,-14.587,-6.1668,0,0,0,0,2.7926,2.8,2.7951,2.789,-31.805,7.2172,0,133.93,18.011,0,18.628
11.66,1.6429,2.6171,1,0.1854,-0.45331,0,0.87186,3.4003,-2.2589,0,-0.63691,-1.0175,0.54753,-14.899,-6.0937,0,0,0,0,2.8258,2.8329,2.8282,2.8224,-30.45,7.3949,0,136.9,17.538,0,18.849
11.67,1.6761,2.5942,1,0.18143,-0.45808,0,0.8702,3.2499,-2.3195,0,-0.62438,-0.95095,0.52695,-15.196,-6.0189,0,0,0,0,2.8577,2.8646,2.8599,2.8545,-29.067,7.5679,0,139.74,17.058,0,19.061
11.68,1.7079,2.5707,1,0.17756,-0.46254,0,0.86864,3.0965,-2.3793,0,-0.61206,-0.88729,0.50729,-15.48,-5.9423,0,0,0,0,2.8882,2.8948,2.8903,2.8852,-27.656,7.7361,0,142.47,16.573,0,19.264
11.69,1.7381,2.5466,1,0.17377,-0.4667,0,0.86718,2.9403,-2.4383,0,-0.60001,-0.82633,0.4885,-15.749,-5.8642,0,0,0,0,2.9172,2.9236,2.9193,2.9145,-26.218,7.8994,0,145.07,16.083,0,19.458
11.7,1.7667,2.5219,1,0.17007,-0.47056,0,0.86582,2.7815,-2.4966,0,-0.58825,-0.76788,0.47054,-16.004,-5.7844,0,0,0,0,2.9447,2.9509,2.9468,2.9421,-24.755,8.0577,0,147.55,15.589,0,19.641
11.71,1.7937,2.4967,1,0.16646,-0.47415,0,0.86456,2.6203,-2.554,0,-0.57683,-0.71173,0.45338,-16.244,-5.703,0,0,0,0,2.9706,2.9766,2.9726,2.9682,-23.268,8.2111,0,149.89,15.091,0,19.814
11.72,1.8191,2.4709,1,0.16294,-0.47747,0,0.86341,2.4567,-2.6106,0,-0.56576,-0.6577,0.43699,-16.47,-5.6202,0,0,0,0,2.9949,3.0007,2.9968,2.9926,-21.758,8.3595,0,152.1,14.591,0,19.975
11.73,1.8428,2.4445,1,0.15949,-0.48054,0,0.86235,2.2909,-2.6664,0,-0.55506,-0.60562,0.42132,-16.68,-5.5359,0,0,0,0,3.0174,3.023,3.0193,3.0153,-20.226,8.5029,0,154.17,14.089,0,20.125
11.74,1.8649,2.4175,1,0.15612,-0.48337,0,0.86138,2.1232,-2.7213,0,-0.54476,-0.55531,0.40634,-16.874,-5.4501,0,0,0,0,3.0382,3.0436,3.04,3.0362,-18.675,8.6413,0,156.09,13.585,0,20.263
11.75,1.8853,2.3901,1,0.15283,-0.48596,0,0.86051,1.9535,-2.7754,0,-0.53486,-0.50659,0.39203,-17.053,-5.363,0,0,0,0,3.0571,3.0624,3.059,3.0552,-17.105,8.7746,0,157.87,13.079,0,20.39
11.76,1.904,2.362,1,0.14961,-0.48833,0,0.85974,1.7821,-2.8286,0,-0.52537,-0.45933,0.37835,-17.216,-5.2747,0,0,0,0,3.0742,3.0793,3.076,3.0724,-15.518,8.9029,0,159.51,12.573,0,20.503
11.77,1.9209,2.3335,1,0.14647,-0.49048,0,0.85905,1.6092,-2.8809,0,-0.51631,-0.41335,0.36526,-17.363,-5.185,0,0,0,0,3.0894,3.0944,3.0912,3.0877,-13.915,9.0261,0,160.99,12.067,0,20.604
11.78,1.9361,2.3044,1,0.14339,-0.49242,0,0.85847,1.4349,-2.9323,0,-0.50767,-0.36852,0.35276,-17.494,-5.0941,0,0,0,0,3.1026,3.1074,3.1044,3.101,-12.299,9.1442,0,162.31,11.561,0,20.692
11.79,1.9496,2.2748,1,0.14037,-0.49415,0,0.85797,1.2594,-2.9828,0,-0.49948,-0.3247,0.3408,-17.609,-5.0021,0,0,0,0,3.1138,3.1186,3.1156,3.1123,-10.669,9.2573,0,163.48,11.056,0,20.767
11.8,1.9613,2.2448,1,0.13742,-0.49569,0,0.85756,1.0828,-3.0323,0,-0.49172,-0.28174,0.32937,-17.708,-4.909,0,0,0,0,3.123,3.1277,3.1249,3.1216,-9.0296,9.3654,0,164.48,10.553,0,20.829
11.81,1.9713,2.2142,1,0.13452,-0.49702,0,0.85725,0.9053,-3.081,0,-0.4844,-0.23951,0.31844,-17.79,-4.8148,0,0,0,0,3.1302,3.1348,3.1321,3.1288,-7.3805,9.4684,0,165.31,10.052,0,20.876
11.82,1.9794,2.1831,1,0.13168,-0.49817,0,0.85702,0.72706,-3.1286,0,-0.47754,-0.19789,0.30799,-17.855,-4.7197,0,0,0,0,3.1353,3.1398,3.1372,3.134,-5.7239,9.5664,0,165.98,9.5529,0,20.911
11.83,1.9858,2.1516,1,0.12889,-0.49913,0,0.85689,0.54825,-3.1753,0,-0.47112,-0.15674,0.298,-17.904,-4.6235,0,0,0,0,3.1384,3.1428,3.1403,3.1371,-4.0615,9.6594,0,166.47,9.0573,0,20.931
11.84,1.9904,2.1196,1,0.12616,-0.4999,0,0.85685,0.36904,-3.2211,0,-0.46517,-0.11594,0.28845,-17.936,-4.5265,0,0,0,0,3.1393,3.1437,3.1413,3.1381,-2.3952,9.7476,0,166.78,8.5654,0,20.937
11.85,1.9932,2.0872,1,0.12346,-0.50048,0,0.8569,0.18958,-3.2659,0,-0.45967,-0.075371,0.27934,-17.952,-4.4286,0,0,0,0,3.1382,3.1425,3.1403,3.137,-0.72658,9.8308,0,166.91,8.0777,0,20.93
11.86,1.9942,2.0543,1,0.12082,-0.50089,0,0.85704,0.01005,-3.3097,0,-0.45464,-0.034904,0.27063,-17.951,-4.3299,0,0,0,0,3.1349,3.1392,3.1371,3.1338,0.94241,9.9091,0,166.86,7.5948,0,20.908
11.87,1.9934,2.021,1,0.11821,-0.50111,0,0.85727,-0.16938,-3.3525,0,-0.45009,0.0055807,0.26232,-17.933,-4.2304,0,0,0,0,3.1296,3.1338,3.1318,3.1285,2.6099,9.9827,0,166.62,7.1171,0,20.873
11.88,1.9908,1.9873,1,0.11564,-0.50115,0,0.8576,-0.34856,-3.3943,0,-0.44601,0.046206,0.2544,-17.899,-4.1303,0,0,0,0,3.1221,3.1263,3.1244,3.121,4.2741,10.051,0,166.18,6.6453,0,20.823
11.89,1.9864,1.9531,1,0.11311,-0.50101,0,0.85802,-0.52731,-3.4351,0,-0.44242,0.087095,0.24685,-17.848,-4.0294,0,0,0,0,3.1125,3.1167,3.1149,3.1115,5.933,10.116,0,165.56,6.1796,0,20.759
11.9,1.9802,1.9186,1,0.11061,-0.50068,0,0.85854,-0.70546,-3.4749,0,-0.43933,0.12837,0.23967,-17.78,-3.928,0,0,0,0,3.1008,3.105,3.1034,3.0998,7.5846,10.175,0,164.75,5.72,0,20.682
11.91,1.9723,1.8836,1,0.10814,-0.50017,0,0.85915,-0.88285,-3.5136,0,-0.43674,0.17017,0.23284,-17.696,-3.8259,0,0,0,0,3.0871,3.0912,3.0897,3.0861,9.2273,10.23,0,163.75,5.2665,0,20.59
11.92,1.9626,1.8483,1,0.10569,-0.49947,0,0.85986,-1.0593,-3.5514,0,-0.43467,0.21262,0.22635,-17.596,-3.7234,0,0,0,0,3.0713,3.0755,3.074,3.0703,10.859,10.28,0,162.57,4.819,0,20.485
11.93,1.9511,1.8126,1,0.10327,-0.49858,0,0.86067,-1.2347,-3.5881,0,-0.43313,0.25587,0.22021,-17.479,-3.6203,0,0,0,0,3.0534,3.0576,3.0563,3.0525,12.478,10.326,0,161.22,4.3776,0,20.366
11.94,1.9379,1.7766,1,0.10086,-0.49749,0,0.86158,-1.4089,-3.6238,0,-0.43212,0.30005,0.21439,-17.346,-3.5169,0,0,0,0,3.0336,3.0378,3.0366,3.0326,14.083,10.368,0,159.7,3.9422,0,20.234
11.95,1.9229,1.7401,1,0.098478,-0.49621,0,0.8626,-1.5816,-3.6584,0,-0.43167,0.34533,0.2089,-17.197,-3.413,0,0,0,0,3.0117,3.016,3.0149,3.0108,15.672,10.405,0,158.01,3.5128,0,20.089
11.96,1.9063,1.7034,1,0.096103,-0.49472,0,0.86372,-1.7527,-3.692,0,-0.43179,0.39185,0.20372,-17.033,-3.3088,0,0,0,0,2.9879,2.9923,2.9913,2.987,17.243,10.438,0,156.15,3.0893,0,19.931
11.97,1.8879,1.6663,1,0.093739,-0.49302,0,0.86495,-1.9222,-3.7246,0,-0.4325,0.43979,0.19886,-16.853,-3.2042,0,0,0,0,2.9622,2.9666,2.9658,2.9613,18.794,10.467,0,154.14,2.6718,0,19.76
11.98,1.8678,1.6289,1,0.091381,-0.4911,0,0.8663,-2.0897,-3.7561,0,-0.43381,0.48934,0.1943,-16.657,-3.0994,0,0,0,0,2.9346,2.9391,2.9384,2.9337,20.325,10.492,0,151.97,2.2601,0,19.576
11.99,1.8461,1.5912,1,0.089026,-0.48895,0,0.86776,-2.2553,-3.7866,0,-0.43574,0.54066,0.19006,-16.446,-2.9944,0,0,0,0,2.9052,2.9098,2.9092,2.9043,21.833,10.512,0,149.65,1.8544,0,19.381
12,1.8227,1.5532,1,0.086669,-0.48657,0,0.86933,-2.4186,-3.816,0,-0.43832,0.59397,0.18611,-16.22,-2.8892,0,0,0,0,2.874,2.8787,2.8782,2.8731,23.317,10.529,0,147.19,1.4544,0,19.173
12.01,1.7977,1.5149,1,0.084308,-0.48395,0,0.87103,-2.5796,-3.8444,0,-0.44157,0.64948,0.18247,-15.98,-2.7839,0,0,0,0,2.841,2.846,2.8456,2.8402,24.776,10.541,0,144.58,1.0603,0,18.955
12.02,1.7712,1.4763,1,0.081939,-0.48107,0,0.87285,-2.7382,-3.8717,0,-0.44552,0.70742,0.17914,-15.725,-2.6784,0,0,0,0,2.8065,2.8116,2.8113,2.8056,26.209,10.55,0,141.83,0.67194,0,18.725
12.03,1.743,1.4374,1,0.079556,-0.47792,0,0.8748,-2.8941,-3.8979,0,-0.45019,0.76802,0.1761,-15.456,-2.5729,0,0,0,0,2.7703,2.7756,2.7754,2.7694,27.613,10.555,0,138.95,0.28935,0,18.484
12.04,1.7133,1.3983,1,0.077157,-0.47448,0,0.87688,-3.0472,-3.9231,0,-0.45563,0.83155,0.17337,-15.173,-2.4673,0,0,0,0,2.7325,2.738,2.738,2.7317,28.987,10.556,0,135.93,-0.087516,0,18.234
12.05,1.6821,1.359,1,0.074737,-0.47075,0,0.87909,-3.1975,-3.9473,0,-0.46185,0.89827,0.17095,-14.876,-2.3618,0,0,0,0,2.6934,2.6991,2.6992,2.6925,30.331,10.553,0,132.8,-0.45868,0,17.974
12.06,1.6493,1.3194,1,0.072291,-0.46671,0,0.88145,-3.3447,-3.9704,0,-0.46889,0.96849,0.16884,-14.566,-2.2563,0,0,0,0,2.6528,2.6588,2.659,2.6519,31.643,10.547,0,129.53,-0.82417,0,17.704
12.07,1.6152,1.2796,1,0.069814,-0.46233,0,0.88395,-3.4888,-3.9924,0,-0.4768,1.0425,0.16704,-14.243,-2.1508,0,0,0,0,2.6109,2.6172,2.6176,2.61,32.921,10.537,0,126.16,-1.184,0,17.426
12.08,1.5796,1.2395,1,0.067302,-0.4576,0,0.88661,-3.6295,-4.0134,0,-0.4856,1.1207,0.16556,-13.908,-2.0455,0,0,0,0,2.5678,2.5744,2.575,2.5669,34.165,10.523,0,122.66,-1.5382,0,17.14
12.09,1.5426,1.1993,1,0.06475,-0.4525,0,0.88941,-3.7669,-4.0333,0,-0.49535,1.2033,0.16441,-13.56,-1.9404,0,0,0,0,2.5236,2.5305,2.5312,2.5227,35.374,10.506,0,119.06,-1.8869,0,16.847
12.1,1.5042,1.1589,1,0.062151,-0.447,0,0.89237,-3.9007,-4.0522,0,-0.50607,1.2908,0.16359,-13.201,-1.8354,0,0,0,0,2.4784,2.4857,2.4865,2.4774,36.546,10.485,0,115.35,-2.23,0,16.547
12.11,1.4646,1.1183,1,0.059501,-0.44107,0,0.8955,-4.0309,-4.07,0,-0.51781,1.3836,0.16311,-12.829,-1.7307,0,0,0,0,2.4323,2.4399,2.4409,2.4313,37.681,10.461,0,111.54,-2.5675,0,16.241
12.12,1.4236,1.0775,1,0.056793,-0.4347,0,0.89879,-4.1573,-4.0868,0,-0.5306,1.482,0.16298,-12.447,-1.6262,0,0,0,0,2.3853,2.3934,2.3946,2.3843,38.777,10.434,0,107.63,-2.8995,0,15.929
12.13,1.3815,1.0365,1,0.054021,-0.42783,0,0.90224,-4.2798,-4.1026,0,-0.54449,1.5864,0.16321,-12.054,-1.522,0,0,0,0,2.3377,2.3463,2.3476,2.3367,39.833,10.403,0,103.63,-3.2261,0,15.614
12.14,1.3381,0.99544,1,0.05118,-0.42046,0,0.90587,-4.3983,-4.1173,0,-0.5595,1.6973,0.1638,-11.651,-1.4182,0,0,0,0,2.2895,2.2986,2.3001,2.2885,40.849,10.37,0,99.539,-3.5472,0,15.294
12.15,1.2935,0.9542,1,0.048262,-0.41253,0,0.90966,-4.5128,-4.1309,0,-0.57566,1.8151,0.16476,-11.237,-1.3146,0,0,0,0,2.2409,2.2505,2.2522,2.2398,41.823,10.332,0,95.363,-3.8629,0,14.972
12.16,1.2478,0.91283,1,0.045261,-0.40401,0,0.91363,-4.623,-4.1436,0,-0.59298,1.9402,0.1661,-10.814,-1.2115,0,0,0,0,2.192,2.2022,2.2041,2.1909,42.756,10.292,0,91.106,-4.1732,0,14.649
12.17,1.2011,0.87133,1,0.042171,-0.39487,0,0.91777,-4.729,-4.1552,0,-0.61147,2.0729,0.16783,-10.382,-1.1088,0,0,0,0,2.143,2.1538,2.1559,2.1419,43.645,10.249,0,86.772,-4.4781,0,14.324
12.18,1.1533,0.82973,1,0.038984,-0.38504,0,0.92207,-4.8306,-4.1657,0,-0.63112,2.2136,0.16996,-9.9415,-1.0065,0,0,0,0,2.0941,2.1055,2.1078,2.093,44.491,10.203,0,82.366,-4.7777,0,14.001
12.19,1.1045,0.78802,1,0.035695,-0.37451,0,0.92654,-4.9278,-4.1753,0,-0.65188,2.3626,0.17247,-9.4926,-0.90476,0,0,0,0,2.0453,2.0575,2.0599,2.0443,45.292,10.153,0,77.89,-5.072,0,13.678
12.2,1.0547,0.74622,1,0.032296,-0.3632,0,0.93115,-5.0205,-4.1838,0,-0.6737,2.5199,0.17538,-9.0358,-0.80348,0,0,0,0,1.997,2.0099,2.0124,1.996,46.049,10.101,0,73.35,-5.361,0,13.359
12.21,1.0041,0.70435,1,0.028783,-0.35108,0,0.9359,-5.1085,-4.1914,0,-0.69648,2.6855,0.17868,-8.5718,-0.70274,0,0,0,0,1.9494,1.9629,1.9656,1.9484,46.759,10.046,0,68.75,-5.6448,0,13.044
12.22,0.95256,0.6624,1,0.025149,-0.3381,0,0.94077,-5.1919,-4.1979,0,-0.72006,2.8594,0.18234,-8.1008,-0.60257,0,0,0,0,1.9025,1.9168,1.9196,1.9016,47.423,9.9884,0,64.093,-5.9233,0,12.734
12.23,0.90024,0.62039,1,0.021391,-0.32421,0,0.94574,-5.2705,-4.2034,0,-0.74428,3.041,0.18637,-7.6234,-0.50298,0,0,0,0,1.8567,1.8717,1.8746,1.8559,48.041,9.9278,0,59.384,-6.1966,0,12.431
12.24,0.84717,0.57834,1,0.017505,-0.30937,0,0.95078,-5.3443,-4.2079,0,-0.76887,3.2296,0.19071,-7.1401,-0.40402,0,0,0,0,1.8123,1.8278,1.8308,1.8115,48.611,9.8645,0,54.626,-6.4647,0,12.137
12.25,0.79337,0.53624,1,0.013491,-0.29353,0,0.95586,-5.4133,-4.2115,0,-0.79351,3.4243,0.19534,-6.6514,-0.3057,0,0,0,0,1.7694,1.7855,1.7884,1.7688,49.133,9.7986,0,49.825,-6.7278,0,11.853
12.26,0.73892,0.49411,1,0.0093476,-0.27665,0,0.96092,-5.4773,-4.2141,0,-0.81784,3.6233,0.20021,-6.1576,-0.20806,0,0,0,0,1.7283,1.7449,1.7478,1.7279,49.607,9.73,0,44.984,-6.9857,0,11.581
12.27,0.68384,0.45196,1,0.0050794,-0.25872,0,0.96594,-5.5364,-4.2157,0,-0.84137,3.8249,0.20524,-5.6594,-0.11111,0,0,0,0,1.6894,1.7062,1.709,1.6892,50.033,9.6589,0,40.106,-7.2386,0,11.323
12.28,0.6282,0.4098,1,0.00069204,-0.23971,0,0.97084,-5.5905,-4.2163,0,-0.86358,4.0264,0.21036,-5.1571,-0.014889,0,0,0,0,1.6529,1.6698,1.6724,1.6529,50.409,9.5852,0,35.197,-7.4864,0,11.08
12.29,0.57205,0.36764,1,-0.0038052,-0.21963,0,0.97558,-5.6396,-4.216,0,-0.88388,4.2249,0.21547,-4.6514,0.080585,0,0,0,0,1.619,1.6358,1.6382,1.6194,50.737,9.5091,0,30.261,-7.7293,0,10.854
12.3,0.51543,0.32548,1,-0.0083991,-0.1985,0,0.98007,-5.6835,-4.2147,0,-0.9016,4.4168,0.22046,-4.1426,0.17529,0,0,0,0,1.5882,1.6046,1.6066,1.5889,51.014,9.4307,0,25.301,-7.9672,0,10.647
12.31,0.4584,0.28335,1,-0.013073,-0.17634,0,0.98424,-5.7224,-4.2125,0,-0.91608,4.598,0.2252,-3.6313,0.26919,0,0,0,0,1.5606,1.5763,1.5778,1.5617,51.243,9.3498,0,20.321,-8.2003,0,10.461
12.32,0.401,0.24124,1,-0.017805,-0.15324,0,0.98803,-5.7562,-4.2093,0,-0.92665,4.7643,0.22957,-3.1179,0.36228,0,0,0,0,1.5366,1.5512,1.5522,1.5381,51.421,9.2667,0,15.326,-8.4285,0,10.297
12.33,0.34329,0.19916,1,-0.022571,-0.12926,0,0.99135,-5.7848,-4.2052,0,-0.93269,4.9112,0.23343,-2.603,0.45452,0,0,0,0,1.5163,1.5295,1.5298,1.5182,51.549,9.1813,0,10.319,-8.6518,0,10.156
12.34,0.28532,0.15714,1,-0.027343,-0.10454,0,0.99414,-5.8082,-4.2002,0,-0.93368,5.0344,0.23665,-2.0871,0.54589,0,0,0,0,1.4999,1.5114,1.511,1.5023,51.627,9.0936,0,5.3052,-8.8704,0,10.041
12.35,0.22714,0.11516,1,-0.03209,-0.0792,0,0.99634,-5.8265,-4.1943,0,-0.92925,5.1299,0.23909,-1.5706,0.63638,0,0,0,0,1.4877,1.4971,1.496,1.4905,51.655,9.0039,0,0.28821,-9.0843,0,9.9519
12.36,0.16881,0.073253,1,-0.03678,-0.053407,0,0.9979,-5.8396,-4.1875,0,-0.9192,5.1946,0.24066,-1.0541,0.72596,0,0,0,0,1.4796,1.4867,1.4848,1.4828,51.633,8.912,0,-4.7278,-9.2934,0,9.8898
12.37,0.11037,0.031416,1,-0.041381,-0.027336,0,0.99877,-5.8476,-4.1798,0,-0.90354,5.2261,0.24125,-0.53813,0.81462,0,0,0,0,1.4757,1.4803,1.4777,1.4793,51.561,8.818,0,-9.7389,-9.4979,0,9.8551
12.38,0.051873,-0.01034,1,-0.04586,-0.0011739,0,0.99895,-5.8504,-4.1712,0,-0.8825,5.2233,0.24083,-0.023097,0.90232,0,0,0,0,1.4761,1.4781,1.4747,1.48,51.438,8.722,0,-14.741,-9.6978,0,9.8481
12.39,-0.006623,-0.052005,1,-0.05019,0.024889,0,0.99843,-5.848,-4.1617,0,-0.85651,5.1863,0.23936,0.49047,0.98905,0,0,0,0,1.4805,1.48,1.476,1.4847,51.266,8.6241,0,-19.729,-9.893,0,9.8685
12.4,-0.06507,-0.093572,1,-0.054345,0.050667,0,0.99724,-5.8406,-4.1514,0,-0.82621,5.1164,0.23684,1.0021,1.0748,0,0,0,0,1.489,1.4859,1.4814,1.4933,51.044,8.5242,0,-24.701,-10.084,0,9.9161
12.41,-0.12342,-0.13503,1,-0.058303,0.075985,0,0.9954,-5.828,-4.1402,0,-0.79233,5.0162,0.23333,1.5112,1.1595,0,0,0,0,1.5014,1.496,1.4909,1.5057,50.772,8.4224,0,-29.651,-10.27,0,9.9899
12.42,-0.18161,-0.17637,1,-0.06205,0.10068,0,0.99298,-5.8104,-4.1282,0,-0.75572,4.889,0.22888,2.0173,1.2432,0,0,0,0,1.5174,1.5099,1.5044,1.5217,50.451,8.3188,0,-34.576,-10.452,0,10.089
12.43,-0.23961,-0.21759,1,-0.065574,0.12463,0,0.99003,-5.7877,-4.1154,0,-0.71724,4.7387,0.22358,2.52,1.3259,0,0,0,0,1.5368,1.5275,1.5218,1.541,50.081,8.2134,0,-39.471,-10.629,0,10.212
12.44,-0.29735,-0.25868,1,-0.068871,0.14771,0,0.98663,-5.76,-4.1017,0,-0.67771,4.5699,0.21753,3.0188,1.4075,0,0,0,0,1.5594,1.5486,1.5427,1.5634,49.661,8.1062,0,-44.332,-10.802,0,10.357
12.45,-0.35479,-0.29962,1,-0.07194,0.16984,0,0.98284,-5.7273,-4.0872,0,-0.6379,4.3868,0.21086,3.5131,1.488,0,0,0,0,1.5849,1.5729,1.567,1.5888,49.194,7.9974,0,-49.156,-10.971,0,10.523
12.46,-0.41188,-0.34042,1,-0.074784,0.19096,0,0.97874,-5.6897,-4.072,0,-0.59849,4.1937,0.20366,4.0025,1.5674,0,0,0,0,1.6131,1.6003,1.5943,1.6167,48.678,7.8868,0,-53.938,-11.135,0,10.707
12.47,-0.46857,-0.38106,1,-0.077412,0.21103,0,0.97441,-5.6473,-4.0559,0,-0.56004,3.9945,0.19605,4.4865,1.6457,0,0,0,0,1.6437,1.6303,1.6244,1.647,48.115,7.7747,0,-58.673,-11.295,0,10.909
12.48,-0.52481,-0.42154,1,-0.079831,0.23004,0,0.9699,-5.6,-4.039,0,-0.52297,3.7926,0.18813,4.9646,1.7229,0,0,0,0,1.6764,1.6627,1.657,1.6794,47.505,7.661,0,-63.359,-11.451,0,11.126
12.49,-0.58055,-0.46184,1,-0.082055,0.24797,0,0.96529,-5.548,-4.0214,0,-0.48763,3.591,0.17999,5.4365,1.799,0,0,0,0,1.7111,1.6972,1.6917,1.7138,46.848,7.5457,0,-67.991,-11.602,0,11.356
12.5,-0.63576,-0.50196,1,-0.084097,0.26485,0,0.96061,-5.4913,-4.0031,0,-0.45424,3.3921,0.17172,5.9015,1.8738,0,0,0,0,1.7473,1.7335,1.7282,1.7497,46.146,7.4289,0,-72.565,-11.75,0,11.598
12.51,-0.69037,-0.5419,1,-0.085969,0.28071,0,0.95593,-5.43,-3.984,0,-0.42295,3.1977,0.16338,6.3592,1.9475,0,0,0,0,1.7849,1.7713,1.7663,1.787,45.397,7.3107,0,-77.076,-11.893,0,11.849
12.52,-0.74434,-0.58164,1,-0.087686,0.29557,0,0.95129,-5.3642,-3.9641,0,-0.39381,3.0093,0.15502,6.8093,2.02,0,0,0,0,1.8237,1.8103,1.8056,1.8255,44.604,7.1911,0,-81.521,-12.033,0,12.109
12.53,-0.79763,-0.62118,1,-0.089261,0.30949,0,0.9467,-5.2939,-3.9436,0,-0.36683,2.8278,0.1467,7.2512,2.0914,0,0,0,0,1.8633,1.8504,1.8459,1.8649,43.767,7.0701,0,-85.896,-12.168,0,12.374
12.54,-0.8502,-0.66051,1,-0.090709,0.32249,0,0.94222,-5.2192,-3.9223,0,-0.34198,2.654,0.13846,7.6845,2.1614,0,0,0,0,1.9037,1.8912,1.887,1.905,42.887,6.9477,0,-90.196,-12.299,0,12.645
12.55,-0.902,-0.69962,1,-0.092041,0.33464,0,0.93784,-5.1402,-3.9003,0,-0.31919,2.4882,0.13031,8.1087,2.2303,0,0,0,0,1.9446,1.9325,1.9286,1.9456,41.963,6.8241,0,-94.418,-12.426,0,12.919
12.56,-0.95299,-0.73851,1,-0.09327,0.34596,0,0.9336,-5.057,-3.8777,0,-0.29836,2.3306,0.12227,8.5236,2.2979,0,0,0,0,1.9857,1.9742,1.9705,1.9865,40.998,6.6992,0,-98.556,-12.55,0,13.195
12.57,-1.0031,-0.77717,1,-0.094407,0.35652,0,0.9295,-4.9698,-3.8544,0,-0.27939,2.1812,0.11437,8.9286,2.3643,0,0,0,0,2.0269,2.0159,2.0124,2.0276,39.993,6.5731,0,-102.61,-12.669,0,13.471
12.58,-1.0524,-0.8156,1,-0.095463,0.36636,0,0.92556,-4.8785,-3.8304,0,-0.26217,2.0397,0.1066,9.3233,2.4294,0,0,0,0,2.0681,2.0576,2.0543,2.0685,38.947,6.4458,0,-106.57,-12.785,0,13.748
12.59,-1.1007,-0.85378,1,-0.096446,0.37552,0,0.92178,-4.7833,-3.8058,0,-0.24657,1.906,0.098976,9.7074,2.4932,0,0,0,0,2.109,2.099,2.0959,2.1093,37.862,6.3174,0,-110.44,-12.897,0,14.022
12.6,-1.148,-0.89171,1,-0.097367,0.38404,0,0.91817,-4.6844,-3.7806,0,-0.23249,1.7797,0.091486,10.08,2.5557,0,0,0,0,2.1495,2.14,2.1371,2.1497,36.738,6.1879,0,-114.2,-13.005,0,14.294
12.61,-1.1944,-0.92939,1,-0.098232,0.39196,0,0.91472,-4.5818,-3.7547,0,-0.2198,1.6604,0.084131,10.442,2.617,0,0,0,0,2.1895,2.1804,2.1778,2.1895,35.578,6.0573,0,-117.87,-13.109,0,14.562
12.62,-1.2397,-0.9668,1,-0.09905,0.39932,0,0.91144,-4.4756,-3.7282,0,-0.2084,1.5478,0.076904,10.792,2.6769,0,0,0,0,2.2288,2.2202,2.2177,2.2287,34.381,5.9257,0,-121.42,-13.21,0,14.826
12.63,-1.2839,-1.004,1,-0.099827,0.40616,0,0.90833,-4.366,-3.7012,0,-0.1982,1.4415,0.069798,11.13,2.7355,0,0,0,0,2.2673,2.2591,2.2567,2.2671,33.15,5.7932,0,-124.87,-13.307,0,15.084
12.64,-1.327,-1.0408,1,-0.10057,0.41249,0,0.90539,-4.253,-3.6735,0,-0.18909,1.341,0.062803,11.455,2.7927,0,0,0,0,2.3049,2.2971,2.2948,2.3046,31.884,5.6596,0,-128.2,-13.4,0,15.336
12.65,-1.3689,-1.0774,1,-0.10128,0.41837,0,0.90261,-4.1369,-3.6453,0,-0.18098,1.2458,0.055909,11.767,2.8487,0,0,0,0,2.3414,2.334,2.3318,2.341,30.586,5.5252,0,-131.41,-13.489,0,15.58
12.66,-1.4097,-1.1137,1,-0.10197,0.42381,0,0.9,-4.0177,-3.6166,0,-0.1738,1.1558,0.049105,12.066,2.9032,0,0,0,0,2.3768,2.3697,2.3677,2.3763,29.257,5.3899,0,-134.49,-13.574,0,15.818
12.67,-1.4493,-1.1497,1,-0.10264,0.42883,0,0.89754,-3.8956,-3.5873,0,-0.16747,1.0703,0.04238,12.352,2.9564,0,0,0,0,2.411,2.4042,2.4023,2.4104,27.897,5.2537,0,-137.45,-13.656,0,16.046
12.68,-1.4876,-1.1855,1,-0.10329,0.43346,0,0.89523,-3.7707,-3.5574,0,-0.16192,0.98909,0.035721,12.624,3.0083,0,0,0,0,2.4438,2.4373,2.4355,2.4431,26.508,5.1168,0,-140.27,-13.734,0,16.266
12.69,-1.5247,-1.2209,1,-0.10393,0.43773,0,0.89308,-3.6432,-3.5271,0,-0.15709,0.9118,0.029117,12.882,3.0588,0,0,0,0,2.4753,2.4689,2.4672,2.4745,25.092,4.979,0,-142.96,-13.808,0,16.477
12.7,-1.5604,-1.256,1,-0.10457,0.44164,0,0.89108,-3.5131,-3.4963,0,-0.15293,0.8381,0.022556,13.126,3.1079,0,0,0,0,2.5052,2.4991,2.4975,2.5044,23.649,4.8406,0,-145.5,-13.878,0,16.677
12.71,-1.5949,-1.2908,1,-0.1052,0.44522,0,0.88922,-3.3807,-3.4649,0,-0.14938,0.76765,0.016024,13.355,3.1556,0,0,0,0,2.5336,2.5277,2.5261,2.5327,22.182,4.7015,0,-147.91,-13.945,0,16.867
12.72,-1.6281,-1.3253,1,-0.10583,0.44849,0,0.8875,-3.2461,-3.4331,0,-0.14639,0.70017,0.0095103,13.57,3.2019,0,0,0,0,2.5603,2.5546,2.5531,2.5593,20.692,4.5617,0,-150.16,-14.008,0,17.046
12.73,-1.6598,-1.3595,1,-0.10646,0.45145,0,0.88592,-3.1094,-3.4009,0,-0.14394,0.63537,0.0030011,13.769,3.2468,0,0,0,0,2.5853,2.5798,2.5784,2.5843,19.18,4.4213,0,-152.26,-14.067,0,17.213
12.74,-1.6902,-1.3933,1,-0.10709,0.45413,0,0.88448,-2.9708,-3.3682,0,-0.14196,0.57298,-0.0035156,13.953,3.2903,0,0,0,0,2.6086,2.6033,2.6019,2.6076,17.647,4.2804,0,-154.2,-14.122,0,17.369
12.75,-1.7192,-1.4268,1,-0.10773,0.45652,0,0.88317,-2.8304,-3.3351,0,-0.14045,0.51276,-0.010053,14.122,3.3324,0,0,0,0,2.6301,2.6249,2.6236,2.629,16.096,4.1389,0,-155.98,-14.174,0,17.513
12.76,-1.7468,-1.46,1,-0.10838,0.45865,0,0.88199,-2.6884,-3.3016,0,-0.13935,0.45446,-0.016622,14.275,3.3731,0,0,0,0,2.6498,2.6447,2.6434,2.6486,14.528,3.9969,0,-157.6,-14.221,0,17.644
12.77,-1.773,-1.4929,1,-0.10903,0.46051,0,0.88093,-2.5449,-3.2676,0,-0.13865,0.39786,-0.023237,14.412,3.4124,0,0,0,0,2.6676,2.6626,2.6613,2.6664,12.945,3.8545,0,-159.04,-14.265,0,17.763
12.78,-1.7977,-1.5254,1,-0.10971,0.46213,0,0.88,-2.4002,-3.2333,0,-0.13832,0.34275,-0.02991,14.534,3.4502,0,0,0,0,2.6834,2.6785,2.6773,2.6822,11.348,3.7116,0,-160.31,-14.306,0,17.869
12.79,-1.821,-1.5575,1,-0.11039,0.4635,0,0.87919,-2.2543,-3.1986,0,-0.13834,0.28891,-0.036653,14.639,3.4866,0,0,0,0,2.6973,2.6925,2.6913,2.696,9.7392,3.5684,0,-161.4,-14.342,0,17.962
12.8,-1.8428,-1.5894,1,-0.11109,0.46463,0,0.87851,-2.1074,-3.1636,0,-0.13868,0.23617,-0.04348,14.728,3.5216,0,0,0,0,2.7093,2.7045,2.7033,2.7079,8.1205,3.4248,0,-162.31,-14.375,0,18.042
12.81,-1.8631,-1.6208,1,-0.11181,0.46553,0,0.87794,-1.9598,-3.1282,0,-0.13933,0.18431,-0.050403,14.802,3.5551,0,0,0,0,2.7192,2.7145,2.7132,2.7178,6.4936,3.2809,0,-163.03,-14.403,0,18.108
12.82,-1.882,-1.6519,1,-0.11255,0.46619,0,0.87749,-1.8115,-3.0925,0,-0.14026,0.13318,-0.057436,14.858,3.5872,0,0,0,0,2.7271,2.7224,2.7212,2.7257,4.8604,3.1368,0,-163.57,-14.429,0,18.161
12.83,-1.8994,-1.6827,1,-0.11331,0.46663,0,0.87716,-1.6627,-3.0565,0,-0.14147,0.082579,-0.064591,14.899,3.6178,0,0,0,0,2.733,2.7283,2.7271,2.7315,3.2229,2.9924,0,-163.9,-14.45,0,18.2
12.84,-1.9153,-1.713,1,-0.11409,0.46684,0,0.87695,-1.5136,-3.0202,0,-0.14293,0.032352,-0.071882,14.923,3.647,0,0,0,0,2.7368,2.7321,2.7309,2.7353,1.583,2.8478,0,-164.04,-14.467,0,18.225
12.85,-1.9296,-1.7431,1,-0.1149,0.46683,0,0.87685,-1.3643,-2.9835,0,-0.14464,-0.017672,-0.079321,14.93,3.6748,0,0,0,0,2.7386,2.7339,2.7327,2.737,-0.057257,2.703,0,-163.98,-14.481,0,18.237
12.86,-1.9425,-1.7727,1,-0.11573,0.4666,0,0.87686,-1.215,-2.9467,0,-0.14657,-0.067655,-0.086924,14.922,3.7011,0,0,0,0,2.7384,2.7337,2.7324,2.7367,-1.6958,2.5582,0,-163.7,-14.491,0,18.235
12.87,-1.9539,-1.802,1,-0.11659,0.46614,0,0.877,-1.0659,-2.9095,0,-0.14872,-0.11776,-0.094703,14.897,3.7259,0,0,0,0,2.7361,2.7313,2.7301,2.7344,-3.3306,2.4132,0,-163.22,-14.497,0,18.22
12.88,-1.9639,-1.8309,1,-0.11748,0.46545,0,0.87724,-0.91712,-2.8722,0,-0.15107,-0.16814,-0.10267,14.855,3.7493,0,0,0,0,2.7318,2.727,2.7257,2.73,-4.9595,2.2682,0,-162.52,-14.5,0,18.191
12.89,-1.9723,-1.8594,1,-0.1184,0.46454,0,0.8776,-0.76884,-2.8345,0,-0.1536,-0.21896,-0.11084,14.797,3.7713,0,0,0,0,2.7254,2.7206,2.7192,2.7236,-6.5802,2.1232,0,-161.6,-14.498,0,18.148
12.9,-1.9792,-1.8876,1,-0.11934,0.4634,0,0.87808,-0.62123,-2.7967,0,-0.1563,-0.27038,-0.11924,14.723,3.7918,0,0,0,0,2.7171,2.7122,2.7108,2.7152,-8.1907,1.9783,0,-160.45,-14.493,0,18.092
12.91,-1.9847,-1.9154,1,-0.12032,0.46203,0,0.87867,-0.47443,-2.7587,0,-0.15916,-0.32255,-0.12786,14.634,3.8109,0,0,0,0,2.7068,2.7018,2.7004,2.7049,-9.7886,1.8334,0,-159.08,-14.484,0,18.023
12.92,-1.9887,-1.9428,1,-0.12133,0.46041,0,0.87937,-0.32861,-2.7205,0,-0.16216,-0.37563,-0.13673,14.528,3.8285,0,0,0,0,2.6946,2.6895,2.688,2.6926,-11.372,1.6886,0,-157.47,-14.472,0,17.941
12.93,-1.9913,-1.9698,1,-0.12238,0.45855,0,0.8802,-0.18393,-2.6821,0,-0.16528,-0.42977,-0.14586,14.406,3.8446,0,0,0,0,2.6804,2.6752,2.6737,2.6784,-12.937,1.544,0,-155.63,-14.455,0,17.846
12.94,-1.9924,-1.9964,1,-0.12346,0.45645,0,0.88114,-0.040536,-2.6436,0,-0.16851,-0.48515,-0.15526,14.269,3.8594,0,0,0,0,2.6644,2.6591,2.6575,2.6623,-14.483,1.3995,0,-153.55,-14.435,0,17.739
12.95,-1.9921,-2.0227,1,-0.12457,0.45409,0,0.88221,0.1014,-2.605,0,-0.17181,-0.54191,-0.16495,14.117,3.8726,0,0,0,0,2.6466,2.6411,2.6395,2.6445,-16.007,1.2553,0,-151.22,-14.411,0,17.619
12.96,-1.9904,-2.0485,1,-0.12572,0.45146,0,0.88339,0.24175,-2.5662,0,-0.17518,-0.60022,-0.17495,13.949,3.8845,0,0,0,0,2.627,2.6214,2.6197,2.6248,-17.507,1.1113,0,-148.66,-14.383,0,17.488
12.97,-1.9873,-2.074,1,-0.12691,0.44856,0,0.8847,0.38034,-2.5273,0,-0.17857,-0.66025,-0.18525,13.767,3.8949,0,0,0,0,2.6057,2.5999,2.5981,2.6034,-18.98,0.96762,0,-145.86,-14.351,0,17.345
12.98,-1.9828,-2.0991,1,-0.12813,0.44538,0,0.88613,0.51703,-2.4883,0,-0.18197,-0.72217,-0.19588,13.57,3.9038,0,0,0,0,2.5827,2.5768,2.5749,2.5804,-20.424,0.82428,0,-142.84,-14.316,0,17.191
12.99,-1.9769,-2.1237,1,-0.12939,0.44191,0,0.88768,0.65168,-2.4492,0,-0.18533,-0.78615,-0.20686,13.358,3.9113,0,0,0,0,2.5581,2.552,2.5501,2.5558,-21.836,0.68131,0,-139.61,-14.276,0,17.027
13,-1.9698,-2.148,1,-0.13069,0.43813,0,0.88936,0.78415,-2.4101,0,-0.18864,-0.85237,-0.21818,13.133,3.9174,0,0,0,0,2.532,2.5258,2.5237,2.5297,-23.215,0.53876,0,-136.17,-14.233,0,16.852
13.01,-1.9613,-2.1719,1,-0.13203,0.43404,0,0.89117,0.91429,-2.3709,0,-0.19184,-0.92101,-0.22988,12.894,3.9221,0,0,0,0,2.5045,2.4981,2.4959,2.5021,-24.559,0.39667,0,-132.52,-14.185,0,16.668
13.02,-1.9515,-2.1955,1,-0.1334,0.42961,0,0.89311,1.042,-2.3316,0,-0.19489,-0.99225,-0.24195,12.642,3.9254,0,0,0,0,2.4756,2.469,2.4667,2.4732,-25.865,0.25507,0,-128.69,-14.134,0,16.474
13.03,-1.9404,-2.2186,1,-0.13481,0.42485,0,0.89517,1.1671,-2.2924,0,-0.19774,-1.0663,-0.25442,12.377,3.9272,0,0,0,0,2.4454,2.4386,2.4362,2.443,-27.132,0.11401,0,-124.67,-14.078,0,16.272
13.04,-1.9282,-2.2413,1,-0.13625,0.41972,0,0.89737,1.2895,-2.2531,0,-0.20034,-1.1433,-0.26729,12.099,3.9277,0,0,0,0,2.4141,2.407,2.4045,2.4116,-28.358,-0.026471,0,-120.48,-14.018,0,16.062
13.05,-1.9147,-2.2636,1,-0.13772,0.41422,0,0.8997,1.409,-2.2138,0,-0.20262,-1.2234,-0.28056,11.81,3.9267,0,0,0,0,2.3817,2.3744,2.3717,2.3792,-29.541,-0.16633,0,-116.12,-13.954,0,15.845
13.06,-1.9,-2.2856,1,-0.13923,0.40832,0,0.90216,1.5256,-2.1746,0,-0.20451,-1.3069,-0.29426,11.509,3.9243,0,0,0,0,2.3483,2.3408,2.3379,2.3458,-30.68,-0.30553,0,-111.6,-13.885,0,15.621
13.07,-1.8842,-2.3071,1,-0.14077,0.40201,0,0.90475,1.6392,-2.1353,0,-0.20593,-1.3938,-0.30836,11.196,3.9206,0,0,0,0,2.314,2.3062,2.3032,2.3115,-31.772,-0.44403,0,-106.93,-13.813,0,15.392
13.08,-1.8672,-2.3283,1,-0.14233,0.39527,0,0.90747,1.7495,-2.0962,0,-0.2068,-1.4843,-0.32289,10.873,3.9155,0,0,0,0,2.2789,2.271,2.2677,2.2765,-32.818,-0.58177,0,-102.11,-13.736,0,15.157
13.09,-1.8492,-2.3491,1,-0.14392,0.38807,0,0.91032,1.8566,-2.057,0,-0.20702,-1.5786,-0.33782,10.54,3.909,0,0,0,0,2.2432,2.2351,2.2316,2.2409,-33.814,-0.71873,0,-97.161,-13.654,0,14.918
13.1,-1.8301,-2.3694,1,-0.14553,0.38041,0,0.9133,1.9603,-2.018,0,-0.20647,-1.6766,-0.35316,10.197,3.9011,0,0,0,0,2.207,2.1986,2.195,2.2047,-34.761,-0.85485,0,-92.079,-13.569,0,14.676
13.11,-1.81,-2.3894,1,-0.14715,0.37224,0,0.9164,2.0605,-1.979,0,-0.20504,-1.7786,-0.36888,9.8452,3.8919,0,0,0,0,2.1704,2.1618,2.1579,2.1682,-35.655,-0.99009,0,-86.877,-13.478,0,14.431
13.12,-1.7889,-2.409,1,-0.14878,0.36356,0,0.91961,2.1572,-1.9401,0,-0.2026,-1.8844,-0.38496,9.4844,3.8813,0,0,0,0,2.1335,2.1248,2.1206,2.1314,-36.498,-1.1244,0,-81.563,-13.384,0,14.184
13.13,-1.7669,-2.4282,1,-0.15041,0.35433,0,0.92294,2.2502,-1.9014,0,-0.19901,-1.994,-0.40136,9.1154,3.8694,0,0,0,0,2.0965,2.0877,2.0833,2.0946,-37.286,-1.2577,0,-76.143,-13.284,0,13.937
13.14,-1.7439,-2.447,1,-0.15203,0.34454,0,0.92638,2.3395,-1.8628,0,-0.19412,-2.1073,-0.41804,8.7388,3.8561,0,0,0,0,2.0596,2.0506,2.0459,2.0578,-38.02,-1.3901,0,-70.627,-13.18,0,13.69
13.15,-1.7201,-2.4655,1,-0.15365,0.33417,0,0.92991,2.4249,-1.8243,0,-0.18777,-2.224,-0.43495,8.3552,3.8416,0,0,0,0,2.0227,2.0137,2.0087,2.0211,-38.699,-1.5213,0,-65.021,-13.072,0,13.444
13.16,-1.6954,-2.4835,1,-0.15523,0.32319,0,0.93352,2.5065,-1.7859,0,-0.1798,-2.3439,-0.45201,7.965,3.8257,0,0,0,0,1.9862,1.9772,1.9719,1.9849,-39.32,-1.6515,0,-59.334,-12.959,0,13.2
13.17,-1.67,-2.5012,1,-0.15678,0.31158,0,0.9372,2.5842,-1.7478,0,-0.17004,-2.4666,-0.46916,7.569,3.8086,0,0,0,0,1.9502,1.9412,1.9356,1.9491,-39.885,-1.7805,0,-53.574,-12.841,0,12.96
13.18,-1.6437,-2.5185,1,-0.15828,0.29933,0,0.94093,2.6579,-1.7098,0,-0.15833,-2.5913,-0.48628,7.1675,3.7901,0,0,0,0,1.9147,1.9059,1.9,1.914,-40.392,-1.9083,0,-47.748,-12.718,0,12.724
13.19,-1.6168,-2.5354,1,-0.15972,0.28642,0,0.9447,2.7275,-1.672,0,-0.14452,-2.7175,-0.50327,6.7613,3.7704,0,0,0,0,1.88,1.8714,1.8653,1.8796,-40.84,-2.0348,0,-41.865,-12.59,0,12.494
13.2,-1.5892,-2.5519,1,-0.16108,0.27285,0,0.94848,2.7931,-1.6344,0,-0.12845,-2.8443,-0.52001,6.3509,3.7494,0,0,0,0,1.8463,1.838,1.8316,1.8463,-41.229,-2.1601,0,-35.932,-12.458,0,12.27
13.21,-1.561,-2.5681,1,-0.16235,0.25861,0,0.95224,2.8546,-1.597,0,-0.11001,-2.9705,-0.53634,5.9369,3.7272,0,0,0,0,1.8136,1.8058,1.7992,1.8141,-41.558,-2.284,0,-29.958,-12.321,0,12.054
13.22,-1.5321,-2.5839,1,-0.16351,0.24369,0,0.95597,2.9118,-1.5598,0,-0.089103,-3.0951,-0.55211,5.52,3.7037,0,0,0,0,1.7822,1.775,1.7681,1.7831,-41.828,-2.4065,0,-23.949,-12.179,0,11.847
13.23,-1.5027,-2.5993,1,-0.16454,0.22812,0,0.95963,2.9649,-1.5229,0,-0.065676,-3.2165,-0.56714,5.1006,3.6791,0,0,0,0,1.7521,1.7456,1.7386,1.7536,-42.037,-2.5275,0,-17.914,-12.031,0,11.65
13.24,-1.4728,-2.6143,1,-0.16543,0.2119,0,0.96319,3.0138,-1.4862,0,-0.03973,-3.3334,-0.58125,4.6794,3.6532,0,0,0,0,1.7236,1.718,1.7108,1.7257,-42.186,-2.6471,0,-11.862,-11.879,0,11.464
13.25,-1.4425,-2.629,1,-0.16615,0.19506,0,0.96661,3.0585,-1.4498,0,-0.01132,-3.4439,-0.59426,4.2571,3.6261,0,0,0,0,1.6968,1.6922,1.6849,1.6995,-42.274,-2.7651,0,-5.7985,-11.722,0,11.289
13.26,-1.4117,-2.6433,1,-0.16669,0.17764,0,0.96988,3.099,-1.4137,0,0.019428,-3.5464,-0.60597,3.8341,3.5979,0,0,0,0,1.6719,1.6684,1.661,1.6751,-42.302,-2.8815,0,0.26704,-11.559,0,11.127
13.27,-1.3805,-2.6573,1,-0.16703,0.15967,0,0.97294,3.1352,-1.3779,0,0.052315,-3.6391,-0.61618,3.4112,3.5685,0,0,0,0,1.6488,1.6467,1.6393,1.6527,-42.269,-2.9963,0,6.3271,-11.392,0,10.979
13.28,-1.349,-2.6709,1,-0.16716,0.14122,0,0.97576,3.1672,-1.3424,0,0.087068,-3.7202,-0.62472,2.9889,3.538,0,0,0,0,1.6279,1.6271,1.6198,1.6324,-42.176,-3.1093,0,12.374,-11.219,0,10.845
13.29,-1.3172,-2.6841,1,-0.16706,0.12235,0,0.97833,3.195,-1.3071,0,0.12334,-3.788,-0.63143,2.5679,3.5063,0,0,0,0,1.6092,1.6098,1.6027,1.6142,-42.022,-3.2206,0,18.399,-11.041,0,10.727
13.3,-1.2851,-2.697,1,-0.16673,0.10313,0,0.98059,3.2186,-1.2722,0,0.16071,-3.841,-0.63617,2.1487,3.4736,0,0,0,0,1.5927,1.5949,1.5881,1.5983,-41.808,-3.3301,0,24.396,-10.858,0,10.623
13.31,-1.2528,-2.7096,1,-0.16614,0.083655,0,0.98255,3.238,-1.2377,0,0.1987,-3.878,-0.63882,1.732,3.4397,0,0,0,0,1.5785,1.5824,1.5759,1.5846,-41.534,-3.4378,0,30.355,-10.669,0,10.536
13.32,-1.2204,-2.7218,1,-0.16531,0.064001,0,0.98416,3.2532,-1.2034,0,0.23681,-3.8979,-0.63931,1.3182,3.4048,0,0,0,0,1.5668,1.5722,1.5662,1.5733,-41.201,-3.5435,0,36.27,-10.475,0,10.464
13.33,-1.1878,-2.7336,1,-0.16422,0.044269,0,0.98543,3.2644,-1.1696,0,0.2745,-3.9001,-0.63762,0.90814,3.3689,0,0,0,0,1.5575,1.5645,1.5589,1.5644,-40.809,-3.6473,0,42.131,-10.276,0,10.409
13.34,-1.1551,-2.7452,1,-0.16289,0.024554,0,0.98634,3.2714,-1.1361,0,0.31123,-3.8845,-0.63374,0.50226,3.3319,0,0,0,0,1.5506,1.5591,1.5541,1.5578,-40.358,-3.749,0,47.932,-10.071,0,10.369
13.35,-1.1224,-2.7564,1,-0.16131,0.0049543,0,0.98689,3.2744,-1.1029,0,0.34649,-3.8512,-0.62774,0.10117,3.2939,0,0,0,0,1.5462,1.556,1.5516,1.5535,-39.85,-3.8486,0,53.665,-9.8602,0,10.346
13.36,-1.0896,-2.7672,1,-0.1595,-0.014434,0,0.98709,3.2734,-1.0702,0,0.37983,-3.8007,-0.61969,-0.29456,3.2549,0,0,0,0,1.5441,1.5551,1.5514,1.5515,-39.285,-3.9462,0,59.322,-9.6442,0,10.337
13.37,-1.0569,-2.7778,1,-0.15748,-0.033521,0,0.98695,3.2685,-1.0378,0,0.41084,-3.734,-0.60974,-0.68435,3.215,0,0,0,0,1.5442,1.5564,1.5534,1.5517,-38.664,-4.0415,0,64.894,-9.4226,0,10.343
13.38,-1.0243,-2.788,1,-0.15525,-0.05222,0,0.98649,3.2598,-1.0059,0,0.4392,-3.6523,-0.59802,-1.0677,3.1741,0,0,0,0,1.5466,1.5597,1.5573,1.554,-37.988,-4.1346,0,70.375,-9.1952,0,10.363
13.39,-0.99172,-2.7979,1,-0.15284,-0.070455,0,0.98574,3.2472,-0.97437,0,0.46466,-3.5571,-0.58474,-1.4439,3.1323,0,0,0,0,1.551,1.5648,1.5632,1.5583,-37.257,-4.2254,0,75.757,-8.962,0,10.395
13.4,-0.95933,-2.8075,1,-0.15026,-0.088156,0,0.98471,3.2309,-0.94326,0,0.48708,-3.4501,-0.57008,-1.8126,3.0896,0,0,0,0,1.5573,1.5717,1.5707,1.5644,-36.473,-4.3138,0,81.031,-8.723,0,10.44
13.41,-0.92712,-2.8167,1,-0.14755,-0.10527,0,0.98344,3.211,-0.91258,0,0.5064,-3.333,-0.55425,-2.1732,3.046,0,0,0,0,1.5654,1.5802,1.5799,1.5723,-35.637,-4.3998,0,86.19,-8.478,0,10.496
13.42,-0.89512,-2.8257,1,-0.14471,-0.12174,0,0.98196,3.1875,-0.88234,0,0.52262,-3.2075,-0.53746,-2.5252,3.0016,0,0,0,0,1.575,1.5901,1.5904,1.5817,-34.749,-4.4834,0,91.227,-8.227,0,10.562
13.43,-0.86338,-2.8344,1,-0.14177,-0.13753,0,0.9803,3.1605,-0.85255,0,0.53583,-3.0754,-0.51992,-2.868,2.9564,0,0,0,0,1.5861,1.6013,1.6021,1.5924,-33.813,-4.5644,0,96.133,-7.97,0,10.637
13.44,-0.83192,-2.8428,1,-0.13874,-0.15261,0,0.9785,3.1302,-0.82322,0,0.54617,-2.9383,-0.50182,-3.2013,2.9103,0,0,0,0,1.5984,1.6135,1.6148,1.6044,-32.827,-4.6427,0,100.9,-7.7069,0,10.719
13.45,-0.80079,-2.8509,1,-0.13566,-0.16697,0,0.97658,3.0965,-0.79435,0,0.55383,-2.7978,-0.48335,-3.5244,2.8635,0,0,0,0,1.6117,1.6267,1.6284,1.6174,-31.795,-4.7185,0,105.52,-7.4376,0,10.807
13.46,-0.77,-2.8587,1,-0.13253,-0.18059,0,0.97459,3.0597,-0.76595,0,0.55901,-2.6552,-0.46467,-3.837,2.816,0,0,0,0,1.6258,1.6406,1.6427,1.6312,-30.717,-4.7915,0,109.99,-7.162,0,10.901
13.47,-0.7396,-2.8662,1,-0.12938,-0.19346,0,0.97254,3.0198,-0.73803,0,0.56196,-2.5117,-0.44593,-4.1386,2.7677,0,0,0,0,1.6406,1.6551,1.6575,1.6456,-29.596,-4.8617,0,114.3,-6.8801,0,10.998
13.48,-0.70962,-2.8734,1,-0.12621,-0.2056,0,0.97046,2.977,-0.7106,0,0.56292,-2.3683,-0.42726,-4.4288,2.7187,0,0,0,0,1.6559,1.67,1.6726,1.6606,-28.432,-4.9291,0,118.43,-6.5918,0,11.098
13.49,-0.68007,-2.8804,1,-0.12304,-0.21699,0,0.96839,2.9313,-0.68366,0,0.56214,-2.2258,-0.40877,-4.7071,2.6691,0,0,0,0,1.6714,1.6851,1.688,1.6758,-27.228,-4.9935,0,122.39,-6.297,0,11.2
13.5,-0.651,-2.8871,1,-0.11988,-0.22766,0,0.96633,2.8829,-0.65722,0,0.55985,-2.085,-0.39056,-4.9732,2.6189,0,0,0,0,1.687,1.7003,1.7034,1.6911,-25.985,-5.055,0,126.17,-5.9957,0,11.303
13.51,-0.62242,-2.8935,1,-0.11675,-0.23761,0,0.96432,2.8319,-0.63128,0,0.55629,-1.9464,-0.37271,-5.2267,2.568,0,0,0,0,1.7026,1.7155,1.7187,1.7064,-24.705,-5.1134,0,129.75,-5.6878,0,11.405
13.52,-0.59437,-2.8997,1,-0.11364,-0.24687,0,0.96236,2.7784,-0.60586,0,0.55166,-1.8103,-0.35527,-5.4672,2.5166,0,0,0,0,1.718,1.7305,1.7337,1.7215,-23.39,-5.1687,0,133.13,-5.3732,0,11.506
13.53,-0.56686,-2.9057,1,-0.11056,-0.25544,0,0.96048,2.7226,-0.58095,0,0.54618,-1.677,-0.3383,-5.6944,2.4647,0,0,0,0,1.7331,1.7451,1.7484,1.7363,-22.043,-5.2208,0,136.31,-5.0519,0,11.605
13.54,-0.53993,-2.9113,1,-0.10753,-0.26335,0,0.95869,2.6645,-0.55656,0,0.54002,-1.5467,-0.32183,-5.908,2.4122,0,0,0,0,1.7476,1.7592,1.7625,1.7507,-20.665,-5.2697,0,139.27,-4.7238,0,11.7
13.55,-0.51358,-2.9168,1,-0.10454,-0.27062,0,0.95699,2.6044,-0.53271,0,0.53333,-1.4195,-0.30588,-6.1076,2.3593,0,0,0,0,1.7616,1.7728,1.7761,1.7644,-19.258,-5.3153,0,142,-4.3889,0,11.791
13.56,-0.48784,-2.922,1,-0.1016,-0.27727,0,0.95541,2.5424,-0.50938,0,0.52628,-1.2954,-0.29048,-6.293,2.3059,0,0,0,0,1.7748,1.7857,1.7889,1.7774,-17.826,-5.3575,0,144.51,-4.047,0,11.878
13.57,-0.46274,-2.927,1,-0.098706,-0.2833,0,0.95394,2.4786,-0.48659,0,0.51897,-1.1743,-0.27563,-6.464,2.2522,0,0,0,0,1.7872,1.7977,1.801,1.7897,-16.369,-5.3962,0,146.77,-3.6981,0,11.959
13.58,-0.43828,-2.9317,1,-0.095866,-0.28874,0,0.95259,2.4132,-0.46434,0,0.51153,-1.056,-0.26132,-6.6203,2.198,0,0,0,0,1.7987,1.8089,1.8121,1.801,-14.891,-5.4314,0,148.79,-3.3421,0,12.035
13.59,-0.41448,-2.9363,1,-0.093079,-0.29362,0,0.95138,2.3463,-0.44263,0,0.50404,-0.94052,-0.24757,-6.7618,2.1435,0,0,0,0,1.8092,1.8191,1.8222,1.8113,-13.394,-5.463,0,150.55,-2.979,0,12.103
13.6,-0.39136,-2.9406,1,-0.090344,-0.29793,0,0.9503,2.278,-0.42147,0,0.49659,-0.82759,-0.23436,-6.8882,2.0888,0,0,0,0,1.8186,1.8283,1.8313,1.8206,-11.881,-5.491,0,152.05,-2.6087,0,12.165
13.61,-0.36892,-2.9447,1,-0.087661,-0.3017,0,0.94937,2.2086,-0.40086,0,0.48926,-0.717,-0.22169,-6.9994,2.0337,0,0,0,0,1.8269,1.8363,1.8393,1.8287,-10.354,-5.5152,0,153.28,-2.2312,0,12.219
13.62,-0.34719,-2.9486,1,-0.08503,-0.30493,0,0.94857,2.1381,-0.38079,0,0.48209,-0.60854,-0.20952,-7.0952,1.9785,0,0,0,0,1.834,1.8432,1.846,1.8357,-8.8161,-5.5356,0,154.24,-1.8463,0,12.265
13.63,-0.32616,-2.9523,1,-0.082449,-0.30765,0,0.94792,2.0667,-0.36129,0,0.47513,-0.50197,-0.19787,-7.1757,1.923,0,0,0,0,1.8398,1.8488,1.8516,1.8414,-7.2702,-5.5521,0,154.9,-1.454,0,12.303
13.64,-0.30586,-2.9558,1,-0.079917,-0.30986,0,0.94742,1.9946,-0.34233,0,0.46843,-0.39705,-0.18669,-7.2406,1.8675,0,0,0,0,1.8443,1.8532,1.8559,1.8459,-5.7191,-5.5646,0,155.28,-1.0542,0,12.332
13.65,-0.28627,-2.9592,1,-0.077432,-0.31156,0,0.94707,1.922,-0.32394,0,0.46202,-0.29352,-0.17599,-7.29,1.8118,0,0,0,0,1.8476,1.8563,1.8589,1.849,-4.1657,-5.5731,0,155.35,-0.64691,0,12.353
13.66,-0.26742,-2.9623,1,-0.074992,-0.31278,0,0.94686,1.8489,-0.3061,0,0.45592,-0.19115,-0.16574,-7.3239,1.756,0,0,0,0,1.8495,1.8581,1.8606,1.8508,-2.6132,-5.5775,0,155.11,-0.232,0,12.365
13.67,-0.2493,-2.9653,1,-0.072596,-0.3135,0,0.94681,1.7755,-0.28882,0,0.45014,-0.089681,-0.15592,-7.3423,1.7002,0,0,0,0,1.85,1.8586,1.861,1.8513,-1.0646,-5.5778,0,154.56,0.19058,0,12.368
13.68,-0.23191,-2.9681,1,-0.07024,-0.31374,0,0.94691,1.7021,-0.27209,0,0.44471,0.011111,-0.14652,-7.3452,1.6445,0,0,0,0,1.8492,1.8578,1.86,1.8504,0.47691,-5.5737,0,153.68,0.6209,0,12.362
13.69,-0.21526,-2.9707,1,-0.067924,-0.3135,0,0.94716,1.6287,-0.25593,0,0.43963,0.11146,-0.13752,-7.3328,1.5888,0,0,0,0,1.847,1.8556,1.8578,1.8482,2.0079,-5.5653,0,152.47,1.059,0,12.348
13.7,-0.19933,-2.9732,1,-0.065645,-0.31278,0,0.94756,1.5555,-0.24032,0,0.43491,0.21157,-0.1289,-7.3051,1.5332,0,0,0,0,1.8435,1.8521,1.8542,1.8447,3.5252,-5.5525,0,150.92,1.505,0,12.324
13.71,-0.18414,-2.9755,1,-0.063399,-0.31158,0,0.9481,1.4826,-0.22526,0,0.43053,0.31165,-0.12065,-7.2624,1.4777,0,0,0,0,1.8387,1.8473,1.8493,1.8398,5.0252,-5.5352,0,149.02,1.959,0,12.292
13.72,-0.16968,-2.9777,1,-0.061186,-0.3099,0,0.9488,1.4103,-0.21076,0,0.4265,0.41187,-0.11275,-7.2047,1.4225,0,0,0,0,1.8327,1.8413,1.8432,1.8337,6.5044,-5.5133,0,146.77,2.4209,0,12.252
13.73,-0.15594,-2.9798,1,-0.059002,-0.30774,0,0.94964,1.3386,-0.19681,0,0.42281,0.51238,-0.10518,-7.1324,1.3675,0,0,0,0,1.8254,1.8341,1.8359,1.8264,7.9593,-5.4867,0,144.15,2.8909,0,12.203
13.74,-0.14291,-2.9817,1,-0.056846,-0.30509,0,0.95062,1.2677,-0.18341,0,0.41944,0.61332,-0.097938,-7.0456,1.3128,0,0,0,0,1.8169,1.8257,1.8274,1.8178,9.3862,-5.4554,0,141.16,3.3691,0,12.146
13.75,-0.13058,-2.9834,1,-0.054716,-0.30196,0,0.95175,1.1977,-0.17056,0,0.41636,0.71478,-0.091008,-6.9447,1.2584,0,0,0,0,1.8073,1.8161,1.8178,1.8082,10.781,-5.4193,0,137.8,3.8555,0,12.082
13.76,-0.11895,-2.9851,1,-0.052608,-0.29834,0,0.95301,1.1288,-0.15824,0,0.41356,0.81681,-0.084377,-6.8301,1.2044,0,0,0,0,1.7966,1.8055,1.8071,1.7975,12.141,-5.3783,0,134.05,4.3502,0,12.011
13.77,-0.108,-2.9866,1,-0.050522,-0.29422,0,0.9544,1.0612,-0.14647,0,0.41101,0.91941,-0.078037,-6.702,1.1508,0,0,0,0,1.785,1.794,1.7954,1.7858,13.461,-5.3323,0,129.9,4.8532,0,11.934
13.78,-0.097721,-2.988,1,-0.048455,-0.2896,0,0.95592,0.99483,-0.13523,0,0.40868,1.0226,-0.071979,-6.561,1.0978,0,0,0,0,1.7724,1.7815,1.7828,1.7732,14.738,-5.2812,0,125.35,5.3647,0,11.85
13.79,-0.088098,-2.9893,1,-0.046406,-0.28448,0,0.95756,0.92997,-0.12451,0,0.40651,1.1261,-0.066194,-6.4075,1.0452,0,0,0,0,1.7591,1.7682,1.7695,1.7598,15.967,-5.225,0,120.39,5.8847,0,11.761
13.8,-0.079116,-2.9905,1,-0.044374,-0.27885,0,0.95931,0.86672,-0.11432,0,0.40447,1.23,-0.060676,-6.2419,0.99328,0,0,0,0,1.745,1.7541,1.7553,1.7457,17.144,-5.1635,0,115.01,6.4133,0,11.667
13.81,-0.070758,-2.9916,1,-0.042357,-0.27271,0,0.96116,0.80518,-0.10464,0,0.4025,1.3338,-0.05542,-6.0648,0.94198,0,0,0,0,1.7303,1.7394,1.7406,1.731,18.265,-5.0967,0,109.2,6.9506,0,11.569
13.82,-0.063007,-2.9926,1,-0.040354,-0.26605,0,0.96311,0.74546,-0.095477,0,0.40054,1.4373,-0.050421,-5.8768,0.89137,0,0,0,0,1.7151,1.7242,1.7253,1.7157,19.326,-5.0244,0,102.96,7.4965,0,11.467
13.83,-0.055843,-2.9935,1,-0.038365,-0.25888,0,0.96515,0.68767,-0.086814,0,0.39852,1.5401,-0.045676,-5.6785,0.84151,0,0,0,0,1.6996,1.7085,1.7096,1.7001,20.323,-4.9467,0,96.28,8.0513,0,11.363
13.84,-0.049246,-2.9943,1,-0.036389,-0.25121,0,0.96725,0.63192,-0.078644,0,0.39637,1.6416,-0.041183,-5.4705,0.79245,0,0,0,0,1.6838,1.6926,1.6936,1.6843,21.251,-4.8634,0,89.149,8.615,0,11.257
13.85,-0.043197,-2.9951,1,-0.034428,-0.24302,0,0.96941,0.57829,-0.070962,0,0.394,1.7411,-0.03694,-5.2537,0.74426,0,0,0,0,1.6679,1.6764,1.6775,1.6683,22.104,-4.7744,0,81.56,9.1876,0,11.15
13.86,-0.037673,-2.9958,1,-0.03248,-0.23434,0,0.97161,0.52688,-0.063756,0,0.39134,1.8379,-0.032946,-5.0287,0.69698,0,0,0,0,1.652,1.6602,1.6612,1.6523,22.88,-4.6796,0,73.506,9.7693,0,11.043
13.87,-0.032652,-2.9964,1,-0.030549,-0.22518,0,0.97384,0.47774,-0.057019,0,0.38827,1.9312,-0.0292,-4.7964,0.65068,0,0,0,0,1.6362,1.644,1.645,1.6364,23.573,-4.579,0,64.978,10.36,0,10.936
13.88,-0.02811,-2.9969,1,-0.028634,-0.21555,0,0.97607,0.43097,-0.050739,0,0.3847,2.0198,-0.025702,-4.5575,0.60542,0,0,0,0,1.6207,1.628,1.629,1.6208,24.178,-4.4724,0,55.969,10.96,0,10.831
13.89,-0.024024,-2.9974,1,-0.026739,-0.20548,0,0.9783,0.38661,-0.044907,0,0.38052,2.1027,-0.022453,-4.3131,0.56126,0,0,0,0,1.6056,1.6123,1.6133,1.6056,24.691,-4.3597,0,46.471,11.569,0,10.728
13.9,-0.02037,-2.9978,1,-0.024866,-0.195,0,0.98049,0.34472,-0.03951,0,0.37563,2.1787,-0.019451,-4.064,0.51825,0,0,0,0,1.591,1.5969,1.598,1.5909,25.106,-4.241,0,36.475,12.188,0,10.628
13.91,-0.017122,-2.9982,1,-0.023019,-0.18414,0,0.98263,0.30534,-0.034538,0,0.36993,2.2465,-0.016696,-3.8113,0.47646,0,0,0,0,1.5771,1.5821,1.5832,1.5768,25.419,-4.116,0,25.975,12.816,0,10.532
13.92,-0.014254,-2.9985,1,-0.021202,-0.17294,0,0.9847,0.26851,-0.029977,0,0.36331,2.3046,-0.014186,-3.556,0.43595,0,0,0,0,1.5639,1.5679,1.569,1.5635,25.624,-3.9846,0,14.963,13.453,0,10.441
13.93,-0.011743,-2.9988,1,-0.019419,-0.16147,0,0.98669,0.23423,-0.025814,0,0.35567,2.3518,-0.011918,-3.2992,0.39679,0,0,0,0,1.5516,1.5544,1.5556,1.551,25.716,-3.8469,0,3.4292,14.1,0,10.354
13.94,-0.0095613,-2.999,1,-0.017675,-0.14976,0,0.98856,0.20252,-0.022036,0,0.34692,2.3865,-0.0098876,-3.0421,0.35903,0,0,0,0,1.5402,1.5417,1.543,1.5395,25.69,-3.7026,0,-8.6327,14.757,0,10.274
13.95,-0.0076839,-2.9992,1,-0.015977,-0.1379,0,0.99032,0.17338,-0.018629,0,0.337,2.4074,-0.0080893,-2.7858,0.32276,0,0,0,0,1.5298,1.5299,1.5312,1.5289,25.542,-3.5517,0,-21.231,15.423,0,10.2
13.96,-0.0060851,-2.9994,1,-0.014329,-0.12595,0,0.99193,0.1468,-0.015576,0,0.32584,2.4131,-0.006515,-2.5317,0.28802,0,0,0,0,1.5204,1.519,1.5204,1.5194,25.264,-3.3941,0,-34.374,16.099,0,10.132
13.97,-0.0047395,-2.9995,1,-0.012738,-0.11399,0,0.9934,0.12274,-0.012863,0,0.3134,2.4025,-0.0051553,-2.281,0.2549,0,0,0,0,1.5122,1.5091,1.5106,1.511,24.852,-3.2297,0,-48.068,16.785,0,10.072
13.98,-0.0036221,-2.9996,1,-0.011212,-0.10211,0,0.99471,0.10116,-0.010472,0,0.29966,2.3744,-0.0039983,-2.0351,0.22345,0,0,0,0,1.505,1.5002,1.5018,1.5037,24.301,-3.0584,0,-62.323,17.48,0,10.018
13.99,-0.0027082,-2.9997,1,-0.0097558,-0.090405,0,0.99586,0.082015,-0.0083878,0,0.2846,2.3279,-0.0030305,-1.7955,0.19375,0,0,0,0,1.499,1.4924,1.494,1.4975,23.604,-2.88,0,-77.145,18.186,0,9.9715
14,-0.0019739,-2.9998,1,-0.0083771,-0.078963,0,0.99684,0.065227,-0.0065912,0,0.26824,2.2623,-0.0022368,-1.5635,0.16587,0,0,0,0,1.494,1.4855,1.4873,1.4924,22.756,-2.6946,0,-92.543,18.902,0,9.9318
14.01,-0.001396,-2.9999,1,-0.0070823,-0.067887,0,0.99767,0.050714,-0.005064,0,0.25062,2.1768,-0.0016003,-1.3409,0.13989,0,0,0,0,1.49,1.4796,1.4815,1.4882,21.751,-2.502,0,-108.53,19.628,0,9.8988
14.02,-0.00095236,-2.9999,1,-0.0058778,-0.05728,0,0.99834,0.038374,-0.003787,0,0.23177,2.0712,-0.0011032,-1.1291,0.11586,0,0,0,0,1.487,1.4746,1.4766,1.4851,20.584,-2.302,0,-125.1,20.364,0,9.8721
14.03,-0.0006217,-2.9999,1,-0.0047699,-0.047244,0,0.99887,0.028091,-0.0027401,0,0.21174,1.945,-0.00072713,-0.92976,0.09387,0,0,0,0,1.4848,1.4705,1.4726,1.4828,19.247,-2.0947,0,-142.27,21.11,0,9.851
14.04,-0.00038413,-3,1,-0.0037643,-0.037887,0,0.99927,0.019731,-0.0019025,0,0.19061,1.7981,-0.00045323,-0.7447,0.073991,0,0,0,0,1.4834,1.4671,1.4693,1.4813,17.736,-1.8798,0,-160.05,21.867,0,9.8351
14.05,-0.00022117,-3,1,-0.0028668,-0.029312,0,0.99957,0.013144,-0.0012529,0,0.16843,1.6304,-0.00026305,-0.57564,0.0563,0,0,0,0,1.4827,1.4644,1.4667,1.4804,16.044,-1.6573,0,-178.45,22.634,0,9.8236
14.06,-0.00011591,-3,1,-0.0020824,-0.021625,0,0.99976,0.0081588,-0.000769,0,0.14525,1.4417,-0.00013889,-0.42444,0.040871,0,0,0,0,1.4825,1.4622,1.4646,1.4802,14.165,-1.4271,0,-197.46,23.412,0,9.8159
14.07,-5.3271e-05,-3,1,-0.0014161,-0.014933,0,0.99989,0.0045889,-0.00042771,0,0.12114,1.232,-6.4272e-05,-0.29299,0.027785,0,0,0,0,1.4828,1.4605,1.463,1.4803,12.093,-1.189,0,-217.11,24.2,0,9.811
14.08,-2.0108e-05,-3,1,-0.00087265,-0.0093419,0,0.99996,0.0022267,-0.00020524,0,0.096128,1.0011,-2.4419e-05,-0.18325,0.017118,0,0,0,0,1.4834,1.4591,1.4616,1.4808,9.8207,-0.94302,0,-237.4,24.999,0,9.8083
14.09,-5.4679e-06,-3,1,-0.00045636,-0.0049586,0,0.99999,0.00084478,-7.7016e-05,0,0.07025,0.74867,-6.6817e-06,-0.097258,0.008951,0,0,0,0,1.4842,1.4579,1.4605,1.4816,7.3426,-0.68898,0,-258.33,25.809,0,9.8071
14.1,-7.6862e-07,-3,1,-0.00017158,-0.0018919,0,1,0.00019538,-1.762e-05,0,0.043521,0.47436,-9.4494e-07,-0.037106,0.0033653,0,0,0,0,1.4852,1.4568,1.4595,1.4825,4.6519,-0.4268,0,-279.92,26.63,0,9.8067
14.11,-1.3221e-08,-3,1,-2.2566e-05,-0.00025243,0,1,9.3485e-06,-8.34e-07,0,0.015944,0.17763,-1.635e-08,-0.004951,0.00044258,0,0,0,0,1.4863,1.4557,1.4585,1.4835,1.742,-0.15636,0,-302.17,27.461,0,9.8066
14.116,-2.0817e-17,-3,1,2.8303e-17,-4.0756e-16,0,1,-9.992e-16,-1.9082e-17,0,5.0945e-15,5.4342e-14,-3.6144e-30,-7.9936e-15,-5.5511e-16,0,0,0,0,1.4869,1.4551,1.458,1.484,5.3291e-13,-4.996e-14,0,-315.03,27.935,0,9.8066
