t,p_x,p_y,p_z,q_x,q_y,q_z,q_w,v_x,v_y,v_z,w_x,w_y,w_z,a_lin_x,a_lin_y,a_lin_z,a_rot_x,a_rot_y,a_rot_z,u_1,u_2,u_3,u_4,jerk_x,jerk_y,jerk_z,snap_x,snap_y,snap_z,thrust
0,-2.5,-3.5,1,0,0,0,1,0,0,0,0,0,0,0,0,0,0,0,0,1.4573,1.4847,1.4859,1.4561,0,0,0,311.98,11.653,46.203,9.8066
0.01,-2.5,-3.5,1,-3.0149e-05,0.00077601,0,1,5.1057e-05,1.9643e-06,7.586e-06,-0.012145,0.30654,-1.832e-07,0.015224,0.00059146,0.0022644,0,0,0,1.4587,1.484,1.4852,1.4574,3.0075,0.11916,0.44834,289.63,12.174,43.476,9.8089
0.02,-2.5,-3.5,1,-0.00012226,0.0030266,0,1,0.00040102,1.5887e-05,5.9781e-05,-0.024774,0.58981,-2.8703e-06,0.059415,0.0024001,0.008877,0,0,0,1.4608,1.4839,1.4852,1.4595,5.7947,0.24339,0.86975,267.94,12.667,40.817,9.8157
0.03,-2.5,-3.5,1,-0.00027858,0.0066352,0,0.99998,0.0013287,5.4188e-05,0.00019873,-0.037821,0.84978,-1.4214e-05,0.13041,0.0054752,0.019572,0,0,0,1.4635,1.4846,1.4859,1.4622,8.3684,0.3724,1.2649,246.9,13.131,38.224,9.827
0.04,-2.5,-3.5,1,-0.00050104,0.011485,0,0.99993,0.0030915,0.00012977,0.00046396,-0.051219,1.0865,-4.3897e-05,0.22609,0.0098631,0.03409,0,0,0,1.467,1.4859,1.4873,1.4657,10.735,0.50592,1.6344,226.51,13.568,35.697,9.8433
0.05,-2.4999,-3.5,1,-0.0007912,0.01746,0,0.99985,0.005926,0.00025597,0.00089242,-0.064896,1.2999,-0.00010461,0.34443,0.015608,0.052178,0,0,0,1.4713,1.4881,1.4895,1.4699,12.901,0.64367,1.979,206.76,13.978,33.234,9.8648
0.06,-2.4998,-3.5,1,-0.0011502,0.024444,0,0.9997,0.010049,0.00044658,0.0015186,-0.078776,1.4903,-0.00021147,0.48346,0.02275,0.07359,0,0,0,1.4765,1.4912,1.4925,1.4751,14.872,0.78538,2.2993,187.64,14.36,30.836,9.892
0.07,-2.4997,-3.5,1,-0.001579,0.03232,0,0.99948,0.015658,0.00071576,0.0023745,-0.09278,1.6576,-0.00038149,0.64125,0.031328,0.098086,0,0,0,1.4825,1.4951,1.4965,1.4811,16.656,0.93078,2.596,169.14,14.716,28.502,9.9255
0.08,-2.4995,-3.5,1.0001,-0.0020777,0.040974,0,0.99916,0.02293,0.001078,0.0034898,-0.10683,1.8023,-0.0006329,0.81596,0.041377,0.12543,0,0,0,1.4896,1.5002,1.5015,1.4881,18.257,1.0796,2.8696,151.26,15.045,26.23,9.9656
0.09,-2.4993,-3.5,1.0001,-0.0026465,0.05029,0,0.99873,0.032027,0.0015483,0.0048919,-0.12083,1.9245,-0.00098461,1.0058,0.05293,0.1554,0,0,0,1.4976,1.5062,1.5076,1.4962,19.683,1.2316,3.1208,133.99,15.348,24.02,10.013
0.1,-2.4989,-3.4999,1.0002,-0.0032848,0.060157,0,0.99818,0.043091,0.0021418,0.0066059,-0.13471,2.0248,-0.0014556,1.2091,0.066018,0.18778,0,0,0,1.5068,1.5135,1.5148,1.5054,20.939,1.3865,3.3502,117.31,15.625,21.872,10.067
0.11,-2.4984,-3.4999,1.0002,-0.0039917,0.070465,0,0.99751,0.056248,0.0028739,0.0086547,-0.1484,2.1038,-0.0020642,1.424,0.080669,0.22234,0,0,0,1.5171,1.5219,1.5232,1.5157,22.031,1.544,3.5584,101.23,15.877,19.784,10.13
0.12,-2.4977,-3.4999,1.0003,-0.004766,0.081108,0,0.99669,0.071606,0.0037604,0.011059,-0.16181,2.1623,-0.0028279,1.6491,0.096907,0.25888,0,0,0,1.5286,1.5316,1.5328,1.5271,22.965,1.7039,3.7461,85.732,16.104,17.757,10.2
0.13,-2.4969,-3.4998,1.0005,-0.0056062,0.091984,0,0.99574,0.089259,0.0048174,0.013838,-0.1749,2.2014,-0.0037627,1.8828,0.11475,0.29719,0,0,0,1.5411,1.5425,1.5437,1.5397,23.748,1.866,3.9138,70.811,16.307,15.788,10.278
0.14,-2.496,-3.4998,1.0006,-0.0065104,0.103,0,0.99466,0.10929,0.006061,0.017008,-0.18761,2.2221,-0.0048827,2.1236,0.13423,0.33709,0,0,0,1.5549,1.5547,1.5557,1.5534,24.383,2.03,4.062,56.458,16.485,13.879,10.364
0.15,-2.4948,-3.4997,1.0008,-0.0074766,0.11406,0,0.99345,0.13175,0.0075075,0.020584,-0.19991,2.2258,-0.0062002,2.37,0.15536,0.37837,0,0,0,1.5697,1.568,1.569,1.5682,24.879,2.1956,4.1915,42.666,16.638,12.027,10.458
0.16,-2.4933,-3.4996,1.001,-0.0085027,0.12508,0,0.99211,0.1567,0.0091737,0.02458,-0.21176,2.2138,-0.0077254,2.6207,0.17815,0.42086,0,0,0,1.5855,1.5826,1.5835,1.5841,25.239,2.3627,4.3028,29.427,16.769,10.232,10.559
0.17,-2.4916,-3.4995,1.0013,-0.0095865,0.136,0,0.99066,0.18417,0.011076,0.029005,-0.22316,2.1875,-0.0094661,2.8744,0.20262,0.46437,0,0,0,1.6023,1.5982,1.5991,1.6009,25.469,2.5309,4.3963,16.734,16.875,8.494,10.668
0.18,-2.4896,-3.4994,1.0016,-0.010726,0.14673,0,0.98912,0.21419,0.013232,0.03387,-0.2341,2.1487,-0.011428,3.1297,0.22877,0.50873,0,0,0,1.62,1.6149,1.6157,1.6186,25.575,2.7001,4.4728,4.5781,16.959,6.8116,10.782
0.19,-2.4873,-3.4993,1.002,-0.011918,0.15723,0,0.98749,0.24677,0.015657,0.039182,-0.2446,2.0986,-0.013616,3.3855,0.25662,0.55377,0,0,0,1.6386,1.6326,1.6332,1.6371,25.562,2.87,4.5328,-7.048,17.02,5.1842,10.903
0.2,-2.4847,-3.4991,1.0024,-0.013162,0.16744,0,0.98579,0.2819,0.01837,0.044947,-0.25467,2.0389,-0.016033,3.6406,0.28617,0.59933,0,0,0,1.6578,1.651,1.6516,1.6564,25.436,3.0404,4.5767,-18.152,17.058,3.6112,11.028
0.21,-2.4817,-3.4989,1.0029,-0.014455,0.17731,0,0.98405,0.31958,0.021386,0.051169,-0.26434,1.971,-0.018679,3.8938,0.31743,0.64525,0,0,0,1.6777,1.6702,1.6708,1.6762,25.201,3.2111,4.6052,-28.742,17.075,2.0918,11.158
0.22,-2.4783,-3.4987,1.0034,-0.015796,0.18682,0,0.98227,0.35977,0.024724,0.057853,-0.27366,1.8963,-0.021554,4.1442,0.3504,0.69138,0,0,0,1.698,1.6901,1.6905,1.6965,24.863,3.3819,4.6187,-38.826,17.069,0.62541,11.292
0.23,-2.4745,-3.4984,1.004,-0.017183,0.19593,0,0.98047,0.40245,0.0284,0.064997,-0.28266,1.8159,-0.024659,4.3908,0.38507,0.73758,0,0,0,1.7187,1.7103,1.7107,1.7172,24.426,3.5524,4.6178,-48.41,17.043,-0.7888,11.428
0.24,-2.4702,-3.4981,1.0047,-0.018615,0.20461,0,0.97867,0.44757,0.032431,0.072604,-0.29138,1.7311,-0.027992,4.6325,0.42144,0.78369,0,0,0,1.7397,1.731,1.7313,1.7382,23.896,3.7226,4.6031,-57.504,16.995,-2.1515,11.567
0.25,-2.4655,-3.4978,1.0055,-0.020091,0.21286,0,0.97688,0.49508,0.036835,0.08067,-0.29987,1.6429,-0.031552,4.8684,0.45952,0.82959,0,0,0,1.7608,1.7518,1.7521,1.7592,23.278,3.8923,4.575,-66.115,16.927,-3.4633,11.706
0.26,-2.4603,-3.4974,1.0063,-0.021611,0.22065,0,0.97511,0.54491,0.041627,0.089194,-0.30819,1.5522,-0.035338,5.0977,0.49929,0.87515,0,0,0,1.7819,1.7727,1.7729,1.7803,22.575,4.0611,4.534,-74.251,16.838,-4.7251,11.846
0.27,-2.4546,-3.4969,1.0073,-0.023174,0.22798,0,0.97339,0.59701,0.046826,0.098172,-0.31638,1.4597,-0.039348,5.3196,0.54074,0.92023,0,0,0,1.8028,1.7936,1.7937,1.8012,21.794,4.229,4.4807,-81.919,16.729,-5.9374,11.986
0.28,-2.4484,-3.4964,1.0083,-0.024781,0.23485,0,0.97172,0.65128,0.052448,0.1076,-0.32448,1.3661,-0.043583,5.5334,0.58386,0.96472,0,0,0,1.8236,1.8143,1.8143,1.8219,20.939,4.3956,4.4154,-89.127,16.6,-7.1011,12.124
0.29,-2.4416,-3.4959,1.0094,-0.02643,0.24125,0,0.9701,0.70764,0.058509,0.11746,-0.33255,1.2721,-0.048043,5.7382,0.62865,1.0085,0,0,0,1.844,1.8346,1.8347,1.8423,20.013,4.5609,4.3388,-95.883,16.452,-8.2167,12.259
0.3,-2.4342,-3.4953,1.0107,-0.028123,0.24718,0,0.96856,0.76601,0.065026,0.12776,-0.34063,1.1779,-0.052728,5.9334,0.67508,1.0515,0,0,0,1.8639,1.8545,1.8545,1.8621,19.022,4.7246,4.2512,-102.2,16.285,-9.2851,12.392
0.31,-2.4262,-3.4946,1.012,-0.02986,0.25264,0,0.9671,0.82628,0.072016,0.13849,-0.34877,1.0841,-0.05764,6.1184,0.72313,1.0935,0,0,0,1.8832,1.8739,1.8739,1.8814,17.971,4.8865,4.1532,-108.07,16.099,-10.307,12.521
0.32,-2.4177,-3.4938,1.0134,-0.031642,0.25765,0,0.96572,0.88834,0.079494,0.14963,-0.35699,0.99076,-0.062781,6.2926,0.7728,1.1345,0,0,0,1.9019,1.8926,1.8926,1.9001,16.862,5.0465,4.0453,-113.52,15.895,-11.283,12.645
0.33,-2.4085,-3.493,1.015,-0.033469,0.26219,0,0.96443,0.95209,0.087477,0.16118,-0.36535,0.8982,-0.068154,6.4555,0.82406,1.1744,0,0,0,1.9198,1.9106,1.9105,1.9179,15.702,5.2044,3.9277,-118.54,15.673,-12.213,12.765
0.34,-2.3986,-3.4921,1.0167,-0.035344,0.26629,0,0.96325,1.0174,0.09598,0.17311,-0.37388,0.80653,-0.073765,6.6065,0.87688,1.213,0,0,0,1.9368,1.9277,1.9275,1.9348,14.493,5.3599,3.8011,-123.16,15.433,-13.1,12.878
0.35,-2.3881,-3.4911,1.0184,-0.037268,0.26994,0,0.96216,1.0842,0.10502,0.18543,-0.38261,0.71583,-0.079617,6.7452,0.93125,1.2504,0,0,0,1.9529,1.9438,1.9437,1.9509,13.24,5.513,3.6659,-127.36,15.176,-13.942,12.985
0.36,-2.3769,-3.49,1.0204,-0.039241,0.27315,0,0.96117,1.1523,0.11461,0.19812,-0.39158,0.62611,-0.085717,6.8712,0.98713,1.2863,0,0,0,1.968,1.9589,1.9588,1.9659,11.947,5.6634,3.5224,-131.17,14.901,-14.742,13.086
0.37,-2.3651,-3.4888,1.0224,-0.041266,0.27592,0,0.96029,1.2216,0.12477,0.21115,-0.4008,0.53738,-0.092071,6.984,1.0445,1.3208,0,0,0,1.9819,1.973,1.9728,1.9797,10.618,5.8109,3.3712,-134.6,14.61,-15.499,13.179
0.38,-2.3525,-3.4875,1.0246,-0.043345,0.27827,0,0.95952,1.2919,0.13551,0.22453,-0.41032,0.44959,-0.098687,7.0834,1.1033,1.3537,0,0,0,1.9947,1.9858,1.9856,1.9925,9.2563,5.9555,3.2126,-137.63,14.302,-16.214,13.264
0.39,-2.3392,-3.4861,1.0269,-0.045478,0.2802,0,0.95886,1.3632,0.14684,0.23822,-0.42015,0.36266,-0.10557,7.1691,1.1636,1.385,0,0,0,2.0064,1.9975,1.9972,2.004,7.8663,6.0969,3.047,-140.3,13.979,-16.889,13.342
0.4,-2.3252,-3.4845,1.0294,-0.04767,0.2817,0,0.95832,1.4352,0.15878,0.25222,-0.43031,0.27649,-0.11274,7.2407,1.2253,1.4146,0,0,0,2.0167,2.0079,2.0076,2.0143,6.4516,6.235,2.875,-142.6,13.64,-17.523,13.411
0.41,-2.3105,-3.4829,1.0319,-0.049921,0.28279,0,0.95788,1.508,0.17135,0.26651,-0.44084,0.19097,-0.12019,7.298,1.2883,1.4425,0,0,0,2.0257,2.0169,2.0166,2.0232,5.0156,6.3697,2.6967,-144.54,13.285,-18.118,13.471
0.42,-2.2951,-3.4811,1.0347,-0.052233,0.28347,0,0.95756,1.5812,0.18455,0.28107,-0.45173,0.10597,-0.12795,7.3409,1.3526,1.4685,0,0,0,2.0335,2.0247,2.0243,2.0308,3.562,6.5007,2.5127,-146.12,12.915,-18.674,13.522
0.43,-2.2789,-3.4792,1.0376,-0.05461,0.28374,0,0.95734,1.6547,0.19841,0.29587,-0.46302,0.021338,-0.13601,7.3692,1.4183,1.4927,0,0,0,2.0398,2.031,2.0306,2.0371,2.0943,6.6279,2.3234,-147.37,12.531,-19.192,13.564
0.44,-2.262,-3.4771,1.0406,-0.057052,0.2836,0,0.95724,1.7285,0.21292,0.31091,-0.47471,-0.06308,-0.1444,7.3828,1.4852,1.515,0,0,0,2.0448,2.036,2.0356,2.042,0.61576,6.7513,2.129,-148.28,12.132,-19.672,13.597
0.45,-2.2443,-3.4749,1.0438,-0.059564,0.28306,0,0.95725,1.8023,0.22811,0.32617,-0.48681,-0.14744,-0.15312,7.3815,1.5533,1.5353,0,0,0,2.0485,2.0396,2.0391,2.0456,-0.87023,6.8705,1.9301,-148.86,11.719,-20.115,13.621
0.46,-2.2259,-3.4726,1.0471,-0.062147,0.2821,0,0.95737,1.8761,0.24399,0.34161,-0.49934,-0.23192,-0.16219,7.3653,1.6226,1.5536,0,0,0,2.0507,2.0418,2.0413,2.0477,-2.3604,6.9856,1.7268,-149.13,11.293,-20.521,13.636
0.47,-2.2068,-3.47,1.0506,-0.064803,0.28073,0,0.9576,1.9496,0.26057,0.35723,-0.51229,-0.31668,-0.17162,7.3343,1.693,1.5698,0,0,0,2.0516,2.0426,2.042,2.0485,-3.8517,7.0963,1.5198,-149.08,10.854,-20.891,13.641
0.48,-2.1869,-3.4674,1.0543,-0.067535,0.27896,0,0.95793,2.0227,0.27786,0.373,-0.52567,-0.4019,-0.18141,7.2883,1.7645,1.584,0,0,0,2.0511,2.042,2.0414,2.0479,-5.341,7.2026,1.3091,-148.73,10.402,-21.227,13.637
0.49,-2.1664,-3.4645,1.0581,-0.070345,0.27676,0,0.95836,2.0953,0.29586,0.3889,-0.53947,-0.48774,-0.19159,7.2275,1.837,1.596,0,0,0,2.0493,2.0401,2.0394,2.046,-6.8254,7.3043,1.0953,-148.08,9.938,-21.527,13.625
0.5,-2.145,-3.4614,1.0621,-0.073236,0.27414,0,0.9589,2.1672,0.3146,0.40491,-0.55369,-0.57436,-0.20217,7.1518,1.9106,1.6059,0,0,0,2.0461,2.0369,2.0361,2.0427,-8.3018,7.4014,0.87872,-147.15,9.4618,-21.793,13.603
0.51,-2.123,-3.4582,1.0662,-0.07621,0.2711,0,0.95953,2.2383,0.33408,0.42101,-0.56831,-0.66194,-0.21314,7.0615,1.9851,1.6136,0,0,0,2.0417,2.0323,2.0315,2.0382,-9.7674,7.4935,0.6596,-145.94,8.9741,-22.025,13.573
0.52,-2.1003,-3.4547,1.0705,-0.079268,0.26763,0,0.96026,2.3084,0.3543,0.43718,-0.58331,-0.75062,-0.22453,6.9565,2.0604,1.619,0,0,0,2.0361,2.0266,2.0257,2.0325,-11.22,7.5808,0.43832,-144.45,8.4752,-22.224,13.535
0.53,-2.0768,-3.4511,1.0749,-0.082412,0.26371,0,0.96107,2.3774,0.37529,0.45339,-0.59867,-0.84055,-0.23635,6.8371,2.1367,1.6223,0,0,0,2.0292,2.0196,2.0186,2.0255,-12.656,7.663,0.21522,-142.7,7.9656,-22.391,13.488
0.54,-2.0527,-3.4472,1.0795,-0.085645,0.25935,0,0.96198,2.4451,0.39704,0.46962,-0.61434,-0.93185,-0.24859,6.7035,2.2137,1.6233,0,0,0,2.0212,2.0115,2.0104,2.0175,-14.073,7.7401,-0.009396,-140.7,7.4456,-22.526,13.434
0.55,-2.0279,-3.4432,1.0843,-0.088967,0.25453,0,0.96296,2.5114,0.41956,0.48585,-0.6303,-1.0246,-0.26127,6.5558,2.2914,1.6221,0,0,0,2.0122,2.0023,2.0011,2.0083,-15.469,7.8119,-0.2352,-138.45,6.9156,-22.629,13.373
0.56,-2.0025,-3.4388,1.0893,-0.09238,0.24925,0,0.96402,2.5762,0.44287,0.50205,-0.64647,-1.119,-0.27438,6.3942,2.3699,1.6186,0,0,0,2.0022,1.9921,1.9908,1.9982,-16.841,7.8784,-0.46188,-135.95,6.376,-22.702,13.306
0.57,-1.9764,-3.4343,1.0944,-0.095883,0.24349,0,0.96515,2.6392,0.46696,0.51821,-0.66281,-1.2151,-0.28793,6.219,2.449,1.6129,0,0,0,1.9912,1.981,1.9796,1.9872,-18.187,7.9394,-0.68914,-133.23,5.8272,-22.744,13.232
0.58,-1.9497,-3.4295,1.0996,-0.099478,0.23724,0,0.96634,2.7005,0.49185,0.5343,-0.67924,-1.3128,-0.3019,6.0305,2.5287,1.6049,0,0,0,1.9794,1.9691,1.9675,1.9754,-19.505,7.9949,-0.91667,-130.28,5.2696,-22.757,13.152
0.59,-1.9224,-3.4245,1.105,-0.10316,0.2305,0,0.96759,2.7598,0.51754,0.5503,-0.69565,-1.4122,-0.31629,5.829,2.6089,1.5945,0,0,0,1.9668,1.9564,1.9547,1.9628,-20.792,8.0447,-1.1442,-127.11,4.7035,-22.741,13.068
0.6,-1.8945,-3.4191,1.1106,-0.10694,0.22325,0,0.96888,2.817,0.54403,0.56619,-0.71197,-1.5133,-0.33108,5.6148,2.6895,1.582,0,0,0,1.9536,1.9431,1.9413,1.9495,-22.046,8.0889,-1.3714,-123.74,4.1295,-22.696,12.979
0.61,-1.8661,-3.4136,1.1164,-0.1108,0.21548,0,0.9702,2.8721,0.57133,0.58193,-0.72805,-1.616,-0.34625,5.3882,2.7706,1.5671,0,0,0,1.9398,1.9293,1.9273,1.9358,-23.266,8.1273,-1.598,-120.16,3.5478,-22.623,12.887
0.62,-1.8371,-3.4077,1.1223,-0.11475,0.20718,0,0.97155,2.9248,0.59944,0.59752,-0.74377,-1.7202,-0.36177,5.1496,2.8521,1.55,0,0,0,1.9256,1.915,1.9128,1.9216,-24.449,8.1598,-1.8238,-116.4,2.9588,-22.523,12.792
0.63,-1.8076,-3.4016,1.1283,-0.11877,0.19835,0,0.97291,2.975,0.62837,0.61293,-0.75899,-1.8256,-0.37761,4.8994,2.9338,1.5307,0,0,0,1.911,1.9004,1.8981,1.9071,-25.593,8.1865,-2.0484,-112.44,2.363,-22.396,12.694
0.64,-1.7776,-3.3951,1.1345,-0.12288,0.18897,0,0.97426,3.0227,0.65812,0.62813,-0.77352,-1.932,-0.39371,4.6379,3.0158,1.5091,0,0,0,1.8962,1.8857,1.8831,1.8923,-26.697,8.2071,-2.2716,-108.31,1.7607,-22.242,12.596
0.65,-1.7472,-3.3884,1.1409,-0.12705,0.17904,0,0.9756,3.0677,0.68869,0.6431,-0.7872,-2.0392,-0.41002,4.3656,3.0979,1.4852,0,0,0,1.8813,1.8709,1.8681,1.8776,-27.759,8.2216,-2.4931,-104.02,1.1523,-22.063,12.496
0.66,-1.7163,-3.3814,1.1474,-0.13129,0.16855,0,0.97691,3.11,0.72008,0.65782,-0.79982,-2.1466,-0.42649,4.0829,3.1802,1.4592,0,0,0,1.8664,1.8562,1.8531,1.8628,-28.777,8.2301,-2.7128,-99.557,0.53821,-21.859,12.398
0.67,-1.685,-3.374,1.154,-0.13558,0.15751,0,0.97817,3.1494,0.75229,0.67228,-0.81118,-2.2538,-0.44302,3.7902,3.2625,1.431,0,0,0,1.8517,1.8417,1.8384,1.8483,-29.75,8.2324,-2.9302,-94.944,-0.081165,-21.631,12.3
0.68,-1.6533,-3.3663,1.1608,-0.13992,0.14591,0,0.97935,3.1858,0.78533,0.68644,-0.82106,-2.3603,-0.45953,3.488,3.3448,1.4006,0,0,0,1.8372,1.8275,1.824,1.8341,-30.675,8.2285,-3.1453,-90.187,-0.70545,-21.378,12.205
0.69,-1.6213,-3.3583,1.1678,-0.14429,0.13375,0,0.98045,3.2191,0.81919,0.70028,-0.82923,-2.4653,-0.47593,3.1768,3.427,1.3681,0,0,0,1.8231,1.8139,1.8101,1.8203,-31.553,8.2183,-3.3577,-85.292,-1.3343,-21.102,12.112
0.7,-1.5889,-3.3499,1.1748,-0.14868,0.12105,0,0.98145,3.2493,0.85387,0.71379,-0.83548,-2.5681,-0.4921,2.8571,3.5092,1.3335,0,0,0,1.8096,1.8009,1.7969,1.8071,-32.381,8.2018,-3.5673,-80.268,-1.9672,-20.804,12.024
0.71,-1.5563,-3.3412,1.182,-0.15308,0.10782,0,0.98231,3.2762,0.88937,0.72694,-0.83958,-2.668,-0.50792,2.5294,3.5911,1.2967,0,0,0,1.7968,1.7886,1.7844,1.7946,-33.158,8.1789,-3.7737,-75.122,-2.6039,-20.483,11.941
0.72,-1.5234,-3.3321,1.1894,-0.15747,0.094076,0,0.98303,3.2998,0.92569,0.73972,-0.84133,-2.764,-0.52327,2.1942,3.6727,1.258,0,0,0,1.7847,1.7773,1.7728,1.783,-33.883,8.1497,-3.9769,-69.863,-3.2439,-20.14,11.863
0.73,-1.4903,-3.3227,1.1968,-0.16184,0.079836,0,0.98358,3.3201,0.96283,0.7521,-0.84054,-2.8552,-0.53801,1.8519,3.754,1.2172,0,0,0,1.7736,1.7669,1.7622,1.7723,-34.555,8.114,-4.1765,-64.498,-3.8869,-19.776,11.792
0.74,-1.457,-3.3129,1.2044,-0.16616,0.065132,0,0.98395,3.3368,1.0008,0.76406,-0.83706,-2.9406,-0.552,1.5032,3.835,1.1745,0,0,0,1.7635,1.7578,1.7529,1.7628,-35.172,8.0719,-4.3723,-59.036,-4.5325,-19.392,11.728
0.75,-1.4236,-3.3027,1.2121,-0.17043,0.049997,0,0.9841,3.3501,1.0395,0.77558,-0.83076,-3.0193,-0.56509,1.1487,3.9155,1.1298,0,0,0,1.7546,1.7499,1.7448,1.7544,-35.735,8.0234,-4.5642,-53.483,-5.1802,-18.988,11.673
0.76,-1.39,-3.2921,1.2199,-0.17461,0.03447,0,0.98403,3.3598,1.0791,0.78665,-0.82155,-3.0903,-0.57714,0.78873,3.9954,1.0832,0,0,0,1.747,1.7434,1.7381,1.7474,-36.242,7.9683,-4.752,-47.849,-5.8298,-18.565,11.626
0.77,-1.3564,-3.2811,1.2278,-0.1787,0.018595,0,0.98373,3.3659,1.1194,0.79724,-0.80942,-3.1527,-0.58802,0.42401,4.0748,1.0348,0,0,0,1.7407,1.7383,1.7329,1.7418,-36.692,7.9068,-4.9355,-42.141,-6.4807,-18.122,11.59
0.78,-1.3227,-3.2697,1.2359,-0.18268,0.0024226,0,0.98317,3.3683,1.1606,0.80733,-0.79439,-3.2056,-0.59758,0.055081,4.1535,0.98451,0,0,0,1.736,1.7348,1.7293,1.7376,-37.084,7.8387,-5.1144,-36.366,-7.1326,-17.662,11.563
0.79,-1.289,-3.2579,1.244,-0.18652,-0.013994,0,0.98235,3.367,1.2025,0.81692,-0.77653,-3.2484,-0.60572,-0.31748,4.2315,0.93249,0,0,0,1.7328,1.7329,1.7274,1.7351,-37.419,7.7641,-5.2886,-30.533,-7.7852,-17.183,11.547
0.8,-1.2554,-3.2457,1.2522,-0.19022,-0.030598,0,0.98127,3.3619,1.2452,0.82598,-0.75599,-3.2804,-0.61232,-0.6931,4.3088,0.87875,0,0,0,1.7313,1.7327,1.7272,1.7342,-37.695,7.683,-5.458,-24.651,-8.438,-16.688,11.542
0.81,-1.2218,-3.233,1.2605,-0.19375,-0.047328,0,0.97991,3.3531,1.2887,0.83449,-0.73296,-3.3012,-0.61731,-1.0712,4.3852,0.82334,0,0,0,1.7315,1.7342,1.7287,1.7349,-37.912,7.5954,-5.6224,-18.725,-9.0906,-16.176,11.549
0.82,-1.1883,-3.2199,1.2689,-0.1971,-0.064121,0,0.97828,3.3405,1.3329,0.84244,-0.70769,-3.3105,-0.62061,-1.4511,4.4607,0.76632,0,0,0,1.7334,1.7373,1.732,1.7374,-38.069,7.5012,-5.7815,-12.765,-9.7427,-15.648,11.567
0.83,-1.155,-3.2063,1.2774,-0.20027,-0.080916,0,0.97639,3.3241,1.3779,0.84981,-0.68047,-3.3084,-0.6222,-1.8324,4.5352,0.70773,0,0,0,1.737,1.7422,1.737,1.7416,-38.167,7.4005,-5.9353,-6.7789,-10.394,-15.105,11.596
0.84,-1.1219,-3.1923,1.2859,-0.20324,-0.09765,0,0.97425,3.3038,1.4236,0.85659,-0.65164,-3.2949,-0.62204,-2.2143,4.6087,0.64763,0,0,0,1.7425,1.7488,1.7438,1.7475,-38.205,7.2933,-6.0835,-0.77389,-11.044,-14.547,11.638
0.85,-1.089,-3.1778,1.2945,-0.20601,-0.11426,0,0.97186,3.2798,1.4701,0.86276,-0.62153,-3.2703,-0.62015,-2.5963,4.681,0.58608,0,0,0,1.7496,1.7571,1.7523,1.7551,-38.182,7.1796,-6.2262,5.2419,-11.692,-13.975,11.69
0.86,-1.0563,-3.1629,1.3031,-0.20857,-0.13069,0,0.96924,3.2519,1.5172,0.86831,-0.59051,-3.2352,-0.61656,-2.9777,4.7522,0.52313,0,0,0,1.7585,1.767,1.7625,1.7643,-38.1,7.0595,-6.363,11.261,-12.338,-13.39,11.754
0.87,-1.0239,-3.1475,1.3118,-0.21093,-0.14689,0,0.9664,3.2202,1.5651,0.87322,-0.55895,-3.1901,-0.61132,-3.3581,4.8222,0.45884,0,0,0,1.7691,1.7784,1.7743,1.7752,-37.957,6.9329,-6.4939,17.274,-12.982,-12.791,11.828
0.88,-0.99191,-3.1316,1.3206,-0.21308,-0.16279,0,0.96338,3.1847,1.6137,0.87748,-0.5272,-3.1359,-0.6045,-3.7367,4.8909,0.39327,0,0,0,1.7813,1.7913,1.7876,1.7876,-37.755,6.7999,-6.6188,23.275,-13.623,-12.18,11.913
0.89,-0.96025,-3.1152,1.3294,-0.21502,-0.17837,0,0.96018,3.1455,1.6629,0.88108,-0.49558,-3.0733,-0.59619,-4.113,4.9582,0.32648,0,0,0,1.795,1.8057,1.8023,1.8015,-37.492,6.6604,-6.7375,29.255,-14.261,-11.557,12.007
0.9,-0.92901,-3.0983,1.3382,-0.21677,-0.19357,0,0.95684,3.1025,1.7128,0.884,-0.46442,-3.0035,-0.58649,-4.4863,5.0241,0.25854,0,0,0,1.8101,1.8213,1.8183,1.8168,-37.17,6.5146,-6.8499,35.206,-14.896,-10.924,12.111
0.91,-0.89822,-3.081,1.3471,-0.21834,-0.20837,0,0.95337,3.0558,1.7634,0.88625,-0.43398,-2.9272,-0.57551,-4.8562,5.0885,0.18951,0,0,0,1.8266,1.8382,1.8356,1.8333,-36.788,6.3625,-6.9559,41.12,-15.526,-10.279,12.223
0.92,-0.86791,-3.0631,1.3559,-0.21972,-0.22273,0,0.9498,3.0054,1.8146,0.88779,-0.4045,-2.8454,-0.56338,-5.2219,5.1513,0.11944,0,0,0,1.8443,1.8561,1.8539,1.851,-36.347,6.2041,-7.0555,46.99,-16.153,-9.6254,12.342
0.93,-0.83812,-3.0447,1.3648,-0.22093,-0.23662,0,0.94615,2.9514,1.8664,0.88863,-0.37618,-2.7592,-0.5502,-5.5829,5.2125,0.04842,0,0,0,1.863,1.875,1.8732,1.8698,-35.848,6.0395,-7.1484,52.808,-16.775,-8.962,12.468
0.94,-0.80889,-3.0257,1.3737,-0.22198,-0.25004,0,0.94245,2.8937,1.9188,0.88876,-0.34917,-2.6695,-0.53611,-5.9386,5.2721,-0.023501,0,0,0,1.8827,1.8948,1.8934,1.8894,-35.291,5.8687,-7.2347,58.565,-17.392,-8.2899,12.6
0.95,-0.78026,-3.0063,1.3826,-0.22288,-0.26297,0,0.93871,2.8326,1.9718,0.88816,-0.3236,-2.577,-0.52122,-6.2885,5.3299,-0.096251,0,0,0,1.9032,1.9153,1.9143,1.9098,-34.677,5.6917,-7.3142,64.254,-18.004,-7.6098,12.738
0.96,-0.75225,-2.9863,1.3915,-0.22365,-0.27539,0,0.93495,2.768,2.0254,0.88683,-0.29954,-2.4827,-0.50565,-6.632,5.3859,-0.16976,0,0,0,1.9243,1.9363,1.9357,1.9309,-34.006,5.5086,-7.3868,69.867,-18.611,-6.9223,12.879
0.97,-0.72491,-2.9658,1.4003,-0.22429,-0.28731,0,0.93121,2.7,2.0795,0.88476,-0.27706,-2.3872,-0.48949,-6.9685,5.44,-0.24396,0,0,0,1.946,1.9578,1.9576,1.9524,-33.28,5.3195,-7.4526,75.395,-19.211,-6.2279,13.023
0.98,-0.69826,-2.9447,1.4092,-0.22483,-0.29872,0,0.92748,2.6287,2.1342,0.88195,-0.25617,-2.2911,-0.47287,-7.2974,5.4922,-0.31879,0,0,0,1.968,1.9797,1.9797,1.9743,-32.499,5.1244,-7.5114,80.832,-19.805,-5.5273,13.169
0.99,-0.67235,-2.9231,1.418,-0.22526,-0.30962,0,0.92379,2.5541,2.1894,0.87838,-0.23688,-2.1951,-0.45586,-7.6183,5.5425,-0.39417,0,0,0,1.9903,2.0017,2.002,1.9964,-31.664,4.9234,-7.5631,86.169,-20.393,-4.821,13.317
1,-0.64719,-2.9009,1.4267,-0.22561,-0.32003,0,0.92015,2.4763,2.2451,0.87406,-0.21915,-2.0995,-0.43855,-7.9305,5.5907,-0.47003,0,0,0,2.0127,2.0237,2.0244,2.0185,-30.776,4.7165,-7.6078,91.398,-20.974,-4.1098,13.466
1.01,-0.62283,-2.8782,1.4354,-0.22588,-0.32994,0,0.91658,2.3955,2.3012,0.86898,-0.20296,-2.0049,-0.42102,-8.2336,5.6368,-0.5463,0,0,0,2.0349,2.0457,2.0466,2.0406,-29.836,4.5039,-7.6453,96.512,-21.547,-3.3942,13.613
1.02,-0.59929,-2.8549,1.4441,-0.22608,-0.33936,0,0.91308,2.3117,2.3578,0.86314,-0.18825,-1.9115,-0.40332,-8.5271,5.6807,-0.62291,0,0,0,2.057,2.0675,2.0686,2.0625,-28.846,4.2856,-7.6756,101.5,-22.112,-2.6747,13.759
1.03,-0.57661,-2.831,1.4527,-0.22623,-0.3483,0,0.90967,2.225,2.4148,0.85652,-0.17496,-1.8196,-0.38553,-8.8104,5.7225,-0.69979,0,0,0,2.0788,2.0889,2.0903,2.0841,-27.807,4.0617,-7.6988,106.36,-22.67,-1.9521,13.903
1.04,-0.5548,-2.8066,1.4612,-0.22633,-0.35679,0,0.90635,2.1355,2.4722,0.84914,-0.16302,-1.7294,-0.36768,-9.0831,5.762,-0.77686,0,0,0,2.1001,2.1098,2.1114,2.1052,-26.719,3.8323,-7.7147,111.08,-23.219,-1.227,14.044
1.05,-0.5339,-2.7816,1.4697,-0.2264,-0.36482,0,0.90314,2.0434,2.53,0.84098,-0.15236,-1.6409,-0.34981,-9.3446,5.7991,-0.85406,0,0,0,2.1208,2.1302,2.1319,2.1257,-25.586,3.5974,-7.7233,115.65,-23.759,-0.49986,14.181
1.06,-0.51394,-2.756,1.4781,-0.22644,-0.3724,0,0.90002,1.9486,2.5882,0.83206,-0.14289,-1.5545,-0.33196,-9.5946,5.8339,-0.9313,0,0,0,2.1407,2.1498,2.1518,2.1455,-24.407,3.3571,-7.7247,120.07,-24.29,0.2286,14.313
1.07,-0.49494,-2.7298,1.4863,-0.22645,-0.37956,0,0.89702,1.8515,2.6467,0.82236,-0.13455,-1.47,-0.31416,-9.8326,5.8662,-1.0085,0,0,0,2.1599,2.1686,2.1707,2.1645,-23.185,3.1116,-7.7187,124.32,-24.812,0.95779,14.439
1.08,-0.47692,-2.7031,1.4945,-0.22645,-0.3863,0,0.89414,1.752,2.7055,0.81189,-0.12725,-1.3875,-0.29641,-10.058,5.8961,-1.0857,0,0,0,2.1781,2.1865,2.1887,2.1825,-21.921,2.8609,-7.7055,128.41,-25.323,1.6871,14.56
1.09,-0.45991,-2.6757,1.5026,-0.22645,-0.39264,0,0.89138,1.6504,2.7646,0.80065,-0.12091,-1.3069,-0.27875,-10.271,5.9234,-1.1626,0,0,0,2.1952,2.2033,2.2057,2.1995,-20.617,2.6052,-7.685,132.31,-25.825,2.4159,14.673
1.1,-0.44392,-2.6478,1.5105,-0.22644,-0.39859,0,0.88874,1.5467,2.824,0.78864,-0.11547,-1.2283,-0.26116,-10.47,5.9482,-1.2393,0,0,0,2.2112,2.219,2.2215,2.2154,-19.275,2.3445,-7.6572,136.03,-26.316,3.1437,14.779
1.11,-0.42898,-2.6192,1.5183,-0.22643,-0.40415,0,0.88622,1.441,2.8836,0.77586,-0.11085,-1.1515,-0.24366,-10.656,5.9703,-1.3157,0,0,0,2.226,2.2335,2.2361,2.23,-17.897,2.0789,-7.6221,139.55,-26.796,3.8697,14.876
1.12,-0.41511,-2.5901,1.526,-0.22644,-0.40935,0,0.88383,1.3336,2.9434,0.76232,-0.10699,-1.0765,-0.22625,-10.828,5.9898,-1.3917,0,0,0,2.2394,2.2467,2.2494,2.2433,-16.485,1.8086,-7.5798,142.87,-27.264,4.5934,14.965
1.13,-0.40231,-2.5604,1.5336,-0.22645,-0.41418,0,0.88157,1.2245,3.0034,0.74803,-0.1038,-1.0032,-0.20893,-10.986,6.0065,-1.4673,0,0,0,2.2514,2.2584,2.2612,2.2552,-15.041,1.5336,-7.5303,145.98,-27.722,5.3142,15.044
1.14,-0.39062,-2.53,1.541,-0.22649,-0.41867,0,0.87944,1.1139,3.0635,0.73298,-0.10123,-0.93139,-0.19167,-11.129,6.0204,-1.5423,0,0,0,2.2619,2.2687,2.2715,2.2656,-13.566,1.2542,-7.4735,148.87,-28.167,6.0315,15.113
1.15,-0.38004,-2.4991,1.5482,-0.22654,-0.42281,0,0.87744,1.002,3.1238,0.71718,-0.099226,-0.86099,-0.17448,-11.257,6.0315,-1.6168,0,0,0,2.2708,2.2774,2.2803,2.2744,-12.064,0.97034,-7.4097,151.53,-28.599,6.7446,15.172
1.16,-0.37058,-2.4676,1.5553,-0.22662,-0.42662,0,0.87558,0.88882,3.1841,0.70065,-0.097716,-0.79186,-0.15734,-11.37,6.0398,-1.6905,0,0,0,2.2781,2.2845,2.2875,2.2816,-10.536,0.68224,-7.3387,153.97,-29.019,7.453,15.219
1.17,-0.36227,-2.4354,1.5622,-0.22673,-0.4301,0,0.87384,0.77462,3.2445,0.68338,-0.096648,-0.72383,-0.14023,-11.468,6.0452,-1.7635,0,0,0,2.2836,2.2899,2.293,2.2871,-8.9855,0.39,-7.2606,156.15,-29.426,8.1559,15.256
1.18,-0.3551,-2.4027,1.569,-0.22686,-0.43327,0,0.87225,0.65952,3.305,0.66538,-0.095965,-0.65674,-0.12314,-11.55,6.0476,-1.8357,0,0,0,2.2875,2.2936,2.2967,2.2908,-7.414,0.093758,-7.1756,158.09,-29.82,8.853,15.281
1.19,-0.34908,-2.3693,1.5755,-0.22703,-0.43611,0,0.87078,0.54368,3.3655,0.64666,-0.095615,-0.59043,-0.10605,-11.616,6.047,-1.907,0,0,0,2.2894,2.2955,2.2986,2.2928,-5.8245,-0.20635,-7.0836,159.77,-30.2,9.5434,15.294
1.2,-0.34422,-2.3354,1.5819,-0.22723,-0.43865,0,0.86945,0.42726,3.4259,0.62724,-0.095543,-0.52471,-0.088931,-11.666,6.0435,-1.9773,0,0,0,2.2896,2.2955,2.2987,2.2929,-4.2194,-0.51019,-6.9847,161.19,-30.565,10.227,15.294
1.21,-0.34054,-2.3008,1.5881,-0.22747,-0.44088,0,0.86826,0.31041,3.4863,0.60712,-0.095698,-0.4594,-0.071764,-11.7,6.0368,-2.0467,0,0,0,2.2878,2.2937,2.2969,2.2911,-2.6016,-0.81761,-6.8791,162.33,-30.916,10.902,15.283
1.22,-0.33802,-2.2656,1.5941,-0.22775,-0.4428,0,0.86721,0.1933,3.5467,0.58631,-0.096025,-0.39431,-0.054525,-11.718,6.0271,-2.1149,0,0,0,2.2841,2.29,2.2933,2.2874,-0.97377,-1.1285,-6.7667,163.19,-31.253,11.569,15.258
1.23,-0.33667,-2.2299,1.5998,-0.22806,-0.44442,0,0.8663,0.0761,3.6069,0.56483,-0.096471,-0.32924,-0.037187,-11.72,6.0142,-2.182,0,0,0,2.2785,2.2843,2.2877,2.2818,0.66124,-1.4426,-6.6477,163.76,-31.574,12.227,15.22
1.24,-0.33649,-2.1935,1.6054,-0.22842,-0.44574,0,0.86553,-0.041037,3.6669,0.54268,-0.096979,-0.26398,-0.019724,-11.705,5.9982,-2.2478,0,0,0,2.2709,2.2767,2.2801,2.2742,2.3005,-1.7599,-6.5222,164.04,-31.879,12.875,15.17
1.25,-0.33749,-2.1565,1.6107,-0.22882,-0.44675,0,0.8649,-0.15794,3.7268,0.51987,-0.097493,-0.19832,-0.002108,-11.674,5.979,-2.3124,0,0,0,2.2613,2.2671,2.2706,2.2646,3.941,-2.0801,-6.3902,164.02,-32.169,13.514,15.106
1.26,-0.33965,-2.119,1.6157,-0.22925,-0.44746,0,0.86442,-0.27446,3.7865,0.49643,-0.097953,-0.13201,0.015695,-11.626,5.9566,-2.3756,0,0,0,2.2497,2.2556,2.2591,2.253,5.58,-2.4032,-6.252,163.73,-32.443,14.143,15.029
1.27,-0.34298,-2.0808,1.6206,-0.22973,-0.44786,0,0.86409,-0.39041,3.8459,0.47237,-0.098299,-0.064803,0.033719,-11.562,5.931,-2.4374,0,0,0,2.236,2.2421,2.2456,2.2395,7.2146,-2.729,-6.1074,163.15,-32.701,14.761,14.939
1.28,-0.34746,-2.042,1.6252,-0.23025,-0.44794,0,0.86391,-0.50565,3.9051,0.44769,-0.098465,0.0035651,0.052005,-11.482,5.902,-2.4977,0,0,0,2.2204,2.2267,2.2302,2.2239,8.8422,-3.0572,-5.9568,162.31,-32.944,15.368,14.835
1.29,-0.35309,-2.0027,1.6295,-0.23082,-0.4477,0,0.86388,-0.62,3.964,0.42242,-0.098382,0.073385,0.070594,-11.385,5.8698,-2.5565,0,0,0,2.2028,2.2092,2.2128,2.2064,10.46,-3.3878,-5.8001,161.21,-33.17,15.965,14.719
1.3,-0.35985,-1.9628,1.6336,-0.23142,-0.44714,0,0.86401,-0.7333,4.0225,0.39656,-0.097976,0.14497,0.089533,-11.273,5.8343,-2.6137,0,0,0,2.1833,2.1899,2.1935,2.187,12.065,-3.7205,-5.6375,159.85,-33.379,16.551,14.589
1.31,-0.36775,-1.9222,1.6375,-0.23206,-0.44624,0,0.8643,-0.8454,4.0807,0.37015,-0.097164,0.21865,0.10887,-11.144,5.7954,-2.6693,0,0,0,2.1618,2.1686,2.1722,2.1656,13.656,-4.0553,-5.4691,158.25,-33.573,17.126,14.447
1.32,-0.37676,-1.8812,1.641,-0.23275,-0.44499,0,0.86476,-0.95613,4.1384,0.34319,-0.095857,0.29479,0.12867,-11,5.7532,-2.7231,0,0,0,2.1383,2.1455,2.1491,2.1423,15.23,-4.3919,-5.295,156.4,-33.749,17.69,14.292
1.33,-0.38687,-1.8395,1.6443,-0.23346,-0.44339,0,0.86539,-1.0653,4.1957,0.31569,-0.093952,0.37378,0.14897,-10.84,5.7075,-2.7751,0,0,0,2.113,2.1206,2.1242,2.1172,16.783,-4.7302,-5.1153,154.32,-33.909,18.242,14.125
1.34,-0.39806,-1.7972,1.6474,-0.23422,-0.44141,0,0.8662,-1.1729,4.2525,0.28769,-0.091337,0.45604,0.16986,-10.664,5.6585,-2.8254,0,0,0,2.0858,2.0938,2.0974,2.0902,18.315,-5.0701,-4.9302,152.02,-34.053,18.782,13.946
1.35,-0.41032,-1.7544,1.6501,-0.235,-0.43903,0,0.86719,-1.2786,4.3089,0.25919,-0.087883,0.54205,0.19138,-10.473,5.6061,-2.8737,0,0,0,2.0569,2.0653,2.069,2.0615,19.823,-5.4112,-4.7398,149.49,-34.179,19.31,13.754
1.36,-0.42362,-1.7111,1.6525,-0.23582,-0.43625,0,0.86838,-1.3823,4.3646,0.23022,-0.083443,0.63229,0.21363,-10.268,5.5503,-2.9202,0,0,0,2.0261,2.0351,2.0388,2.0311,21.304,-5.7536,-4.5441,146.75,-34.289,19.825,13.552
1.37,-0.43796,-1.6671,1.6547,-0.23666,-0.43303,0,0.86976,-1.4839,4.4199,0.20079,-0.07785,0.72733,0.23666,-10.047,5.4911,-2.9646,0,0,0,1.9937,2.0033,2.007,1.999,22.757,-6.097,-4.3433,143.81,-34.381,20.329,13.338
1.38,-0.45329,-1.6227,1.6565,-0.23752,-0.42935,0,0.87134,-1.5832,4.4745,0.17094,-0.070911,0.82775,0.26058,-9.8126,5.4284,-3.007,0,0,0,1.9597,1.97,1.9737,1.9653,24.18,-6.4412,-4.1375,140.67,-34.456,20.819,13.114
1.39,-0.46961,-1.5777,1.6581,-0.23839,-0.42519,0,0.87315,-1.6801,4.5284,0.14066,-0.062405,0.93422,0.28546,-9.5639,5.3622,-3.0473,0,0,0,1.9241,1.9352,1.9388,1.9302,25.57,-6.786,-3.9269,137.34,-34.514,21.297,12.881
1.4,-0.48689,-1.5321,1.6594,-0.23928,-0.4205,0,0.87517,-1.7744,4.5817,0.11,-0.052078,1.0474,0.3114,-9.3013,5.2927,-3.0855,0,0,0,1.8871,1.8991,1.9026,1.8936,26.926,-7.1314,-3.7116,133.83,-34.554,21.761,12.637
1.41,-0.50509,-1.486,1.6603,-0.24016,-0.41526,0,0.87743,-1.8661,4.6343,0.078959,-0.039632,1.1682,0.3385,-9.0255,5.2196,-3.1215,0,0,0,1.8486,1.8616,1.8652,1.8557,28.246,-7.4771,-3.4918,130.13,-34.577,22.212,12.385
1.42,-0.5242,-1.4394,1.6609,-0.24103,-0.40943,0,0.87993,-1.9549,4.6861,0.047572,-0.024728,1.2973,0.36686,-8.7365,5.1431,-3.1553,0,0,0,1.8089,1.8231,1.8265,1.8166,29.528,-7.8229,-3.2674,126.27,-34.582,22.65,12.125
1.43,-0.54418,-1.3923,1.6613,-0.24187,-0.40295,0,0.88268,-2.0408,4.7371,0.015859,-0.0069705,1.4357,0.3966,-8.435,5.0632,-3.1869,0,0,0,1.7681,1.7835,1.7868,1.7764,30.771,-8.1686,-3.0388,122.25,-34.569,23.073,11.858
1.44,-0.565,-1.3447,1.6613,-0.24268,-0.39578,0,0.8857,-2.1235,4.7873,-0.016158,0.014097,1.5844,0.42782,-8.1213,4.9797,-3.2161,0,0,0,1.7261,1.743,1.7461,1.7352,31.973,-8.5142,-2.806,118.07,-34.538,23.483,11.584
1.45,-0.58664,-1.2966,1.6609,-0.24343,-0.38786,0,0.88899,-2.2031,4.8367,-0.048455,0.039001,1.7443,0.46063,-7.7957,4.8929,-3.243,0,0,0,1.6833,1.7017,1.7046,1.6932,33.132,-8.8593,-2.5692,113.74,-34.489,23.879,11.305
1.46,-0.60905,-1.2479,1.6603,-0.24411,-0.37913,0,0.89256,-2.2794,4.8852,-0.081009,0.068344,1.9166,0.49515,-7.4588,4.8026,-3.2675,0,0,0,1.6397,1.6599,1.6624,1.6505,34.247,-9.2039,-2.3285,109.27,-34.422,24.259,11.021
1.47,-0.63222,-1.1989,1.6593,-0.24469,-0.36952,0,0.89643,-2.3523,4.9327,-0.1138,0.10282,2.1023,0.53146,-7.1109,4.7088,-3.2895,0,0,0,1.5954,1.6176,1.6198,1.6073,35.317,-9.5477,-2.0841,104.66,-34.337,24.626,10.734
1.48,-0.65609,-1.1493,1.658,-0.24514,-0.35896,0,0.90059,-2.4216,4.9793,-0.14679,0.1432,2.3025,0.56966,-6.7526,4.6116,-3.3091,0,0,0,1.5508,1.5751,1.5768,1.5639,36.34,-9.8906,-1.836,99.928,-34.233,24.977,10.444
1.49,-0.68064,-1.0993,1.6564,-0.24543,-0.34736,0,0.90504,-2.4873,5.025,-0.17997,0.19038,2.5182,0.60982,-6.3843,4.511,-3.3263,0,0,0,1.5059,1.5325,1.5337,1.5203,37.315,-10.232,-1.5846,95.074,-34.11,25.313,10.154
1.5,-0.70582,-1.0488,1.6544,-0.24552,-0.33464,0,0.9098,-2.5493,5.0695,-0.21331,0.24533,2.7502,0.65196,-6.0065,4.407,-3.3408,0,0,0,1.461,1.4902,1.4906,1.4768,38.241,-10.573,-1.3298,90.107,-33.969,25.634,9.8643
1.51,-0.73161,-0.99789,1.6521,-0.24537,-0.3207,0,0.91485,-2.6074,5.1131,-0.24678,0.30911,2.9993,0.69607,-5.6196,4.2995,-3.3528,0,0,0,1.4163,1.4483,1.4478,1.4337,39.117,-10.912,-1.0719,85.035,-33.809,25.939,9.5769
1.52,-0.75796,-0.94654,1.6495,-0.24491,-0.30546,0,0.92017,-2.6616,5.1555,-0.28036,0.38283,3.2656,0.74208,-5.2243,4.1887,-3.3623,0,0,0,1.3722,1.407,1.4055,1.3913,39.941,-11.249,-0.8111,79.862,-33.631,26.228,9.2935
1.53,-0.78483,-0.89478,1.6465,-0.24409,-0.2888,0,0.92575,-2.7119,5.1968,-0.31402,0.46765,3.5488,0.78982,-4.821,4.0746,-3.3691,0,0,0,1.329,1.3667,1.3639,1.3499,40.714,-11.584,-0.54745,74.598,-33.434,26.5,9.0159
1.54,-0.81218,-0.84261,1.6432,-0.24284,-0.27065,0,0.93155,-2.758,5.237,-0.34773,0.56465,3.8479,0.83903,-4.4102,3.9571,-3.3732,0,0,0,1.287,1.3277,1.3233,1.3098,41.433,-11.917,-0.28115,69.249,-33.219,26.756,8.7462
1.55,-0.83997,-0.79004,1.6395,-0.24107,-0.25089,0,0.93752,-2.8,5.276,-0.38147,0.67477,4.1607,0.88929,-3.9925,3.8362,-3.3747,0,0,0,1.2466,1.2901,1.2841,1.2713,42.098,-12.249,-0.012392,63.822,-32.985,26.994,8.4868
1.56,-0.86817,-0.7371,1.6356,-0.23871,-0.22947,0,0.94359,-2.8378,5.3137,-0.41521,0.79868,4.4836,0.94005,-3.5684,3.7121,-3.3734,0,0,0,1.2084,1.2544,1.2464,1.235,42.709,-12.577,0.25867,58.324,-32.733,27.215,8.2401
1.57,-0.89672,-0.68377,1.6312,-0.23566,-0.20633,0,0.94968,-2.8714,5.3502,-0.44893,0.93657,4.8117,0.99054,-3.1385,3.5847,-3.3695,0,0,0,1.1728,1.2207,1.2106,1.2011,43.265,-12.903,0.53185,52.762,-32.462,27.418,8.0085
1.58,-0.92558,-0.6301,1.6266,-0.23183,-0.18144,0,0.95568,-2.9006,5.3854,-0.48259,1.0879,5.1379,1.0398,-2.7033,3.454,-3.3628,0,0,0,1.1404,1.1895,1.177,1.1701,43.764,-13.226,0.80698,47.143,-32.172,27.604,7.7949
1.59,-0.95471,-0.57607,1.6216,-0.22712,-0.15483,0,0.96148,-2.9254,5.4193,-0.51618,1.2514,5.4535,1.0867,-2.2634,3.3202,-3.3533,0,0,0,1.1118,1.1609,1.1461,1.1425,44.207,-13.546,1.0839,41.475,-31.864,27.77,7.602
1.6,-0.98407,-0.52171,1.6163,-0.22146,-0.12658,0,0.96692,-2.9459,5.4518,-0.54965,1.4244,5.7477,1.1299,-1.8194,3.1831,-3.3411,0,0,0,1.0875,1.1354,1.1182,1.1186,44.594,-13.864,1.3623,35.765,-31.537,27.918,7.4327
1.61,-1.0136,-0.46704,1.6106,-0.21476,-0.096813,0,0.97186,-2.9618,5.4829,-0.58299,1.6032,6.0086,1.1681,-1.3717,3.0429,-3.3261,0,0,0,1.0681,1.1131,1.0937,1.0988,44.922,-14.177,1.6422,30.019,-31.192,28.047,7.2896
1.62,-1.0433,-0.41206,1.6046,-0.207,-0.065756,0,0.97613,-2.9733,5.5126,-0.61616,1.7829,6.2235,1.1996,-0.92111,2.8996,-3.3083,0,0,0,1.0541,1.0943,1.0732,1.0835,45.194,-14.487,1.9232,24.245,-30.828,28.156,7.1753
1.63,-1.0731,-0.35679,1.5983,-0.19815,-0.033686,0,0.97959,-2.9802,5.5409,-0.64915,1.9574,6.3808,1.2234,-0.46805,2.7532,-3.2876,0,0,0,1.0456,1.0795,1.0572,1.0729,45.407,-14.794,2.2052,18.449,-30.446,28.246,7.092
1.64,-1.1029,-0.30125,1.5916,-0.18825,-0.00095098,0,0.98212,-2.9826,5.5677,-0.68191,2.1203,6.4705,1.2382,-0.013153,2.6037,-3.2642,0,0,0,1.043,1.0689,1.046,1.067,45.563,-15.096,2.488,12.639,-30.045,28.316,7.0415
1.65,-1.1327,-0.24544,1.5846,-0.17737,0.032055,0,0.98362,-2.9805,5.593,-0.71442,2.265,6.4862,1.2434,0.44301,2.4513,-3.2379,0,0,0,1.046,1.0629,1.0401,1.0661,45.66,-15.395,2.7715,6.8223,-29.625,28.365,7.0252
1.66,-1.1625,-0.18939,1.5773,-0.16562,0.064912,0,0.98405,-2.9738,5.6167,-0.74665,2.386,6.4258,1.2389,0.89985,2.2959,-3.2087,0,0,0,1.0546,1.0618,1.0398,1.07,45.699,-15.689,3.0553,1.0054,-29.187,28.393,7.0436
1.67,-1.1922,-0.13311,1.5697,-0.15314,0.097205,0,0.98341,-2.9625,5.6389,-0.77858,2.4792,6.2922,1.2249,1.3568,2.1375,-3.1768,0,0,0,1.0682,1.0659,1.0453,1.0787,45.68,-15.978,3.3393,-4.8044,-28.731,28.401,7.0968
1.68,-1.2217,-0.076621,1.5618,-0.1401,0.12854,0,0.98176,-2.9466,5.6595,-0.81018,2.5423,6.0922,1.2023,1.8133,1.9763,-3.1419,0,0,0,1.0866,1.0752,1.0566,1.0921,45.603,-16.263,3.6232,-10.6,-28.256,28.386,7.1841
1.69,-1.2511,-0.01993,1.5535,-0.12669,0.1586,0,0.97918,-2.9262,5.6784,-0.84141,2.575,5.8366,1.1723,2.2687,1.8123,-3.1043,0,0,0,1.1092,1.0899,1.0735,1.11,45.468,-16.543,3.9069,-16.374,-27.762,28.351,7.3043
1.7,-1.2802,0.036941,1.5449,-0.11309,0.18711,0,0.97581,-2.9013,5.6957,-0.87226,2.5792,5.5378,1.1363,2.7224,1.6455,-3.0638,0,0,0,1.1355,1.1098,1.0957,1.1322,45.276,-16.818,4.1902,-22.121,-27.25,28.293,7.4555
1.71,-1.3091,0.093978,1.5361,-0.099452,0.21387,0,0.97179,-2.8718,5.7113,-0.90268,2.5577,5.209,1.096,3.174,1.4759,-3.0205,0,0,0,1.1653,1.1347,1.1229,1.1584,45.026,-17.088,4.4727,-27.831,-26.719,28.212,7.6357
1.72,-1.3376,0.15116,1.5269,-0.085932,0.23879,0,0.96726,-2.8378,5.7252,-0.93266,2.5148,4.8627,1.0528,3.6228,1.3037,-2.9744,0,0,0,1.1982,1.1641,1.1546,1.1885,44.719,-17.353,4.7543,-33.499,-26.17,28.109,7.8424
1.73,-1.3658,0.20848,1.5174,-0.072649,0.26181,0,0.96238,-2.7993,5.7374,-0.96216,2.4547,4.5098,1.0082,4.0682,1.1289,-2.9254,0,0,0,1.2339,1.1977,1.1902,1.2221,44.356,-17.612,5.0348,-39.118,-25.603,27.983,8.0731
1.74,-1.3936,0.2659,1.5076,-0.059696,0.28293,0,0.95728,-2.7564,5.7478,-0.99116,2.3818,4.1594,0.96335,4.5097,0.9515,-2.8737,0,0,0,1.272,1.235,1.2293,1.2588,43.937,-17.865,5.3139,-44.68,-25.016,27.833,8.3252
1.75,-1.4209,0.32343,1.4976,-0.047142,0.30222,0,0.95207,-2.7092,5.7564,-1.0196,2.3001,3.8183,0.9192,4.9467,0.77161,-2.8191,0,0,0,1.3125,1.2755,1.2713,1.2983,43.463,-18.112,5.5914,-50.178,-24.412,27.66,8.5959
1.76,-1.4478,0.38102,1.4872,-0.035031,0.31975,0,0.94685,-2.6575,5.7632,-1.0475,2.2131,3.4913,0.87653,5.3788,0.58928,-2.7618,0,0,0,1.3549,1.3187,1.3158,1.3404,42.934,-18.353,5.867,-55.606,-23.788,27.464,8.883
1.77,-1.4741,0.43868,1.4766,-0.02339,0.33562,0,0.94171,-2.6016,5.7682,-1.0749,2.1236,3.1817,0.83587,5.8052,0.40458,-2.7018,0,0,0,1.3991,1.3642,1.3623,1.3846,42.351,-18.588,6.1406,-60.956,-23.146,27.243,9.1838
1.78,-1.4998,0.49638,1.4658,-0.012229,0.34995,0,0.93669,-2.5414,5.7713,-1.1016,2.0338,2.8912,0.79759,6.2256,0.21755,-2.639,0,0,0,1.4449,1.4116,1.4106,1.4307,41.715,-18.816,6.4118,-66.221,-22.486,26.998,9.4963
1.79,-1.5249,0.5541,1.4546,-0.0015457,0.36284,0,0.93185,-2.4771,5.7725,-1.1276,1.9456,2.6204,0.76191,6.6394,0.028284,-2.5736,0,0,0,1.492,1.4605,1.4602,1.4783,41.027,-19.037,6.6805,-71.395,-21.807,26.73,9.8183
1.8,-1.5493,0.61183,1.4432,0.0086705,0.37441,0,0.92722,-2.4087,5.7718,-1.153,1.8601,2.3693,0.72894,7.046,-0.16317,-2.5054,0,0,0,1.5402,1.5106,1.5108,1.5271,40.287,-19.252,6.9463,-76.471,-21.109,26.437,10.148
1.81,-1.5731,0.66953,1.4315,0.018437,0.38478,0,0.92282,-2.3362,5.7692,-1.1777,1.7781,2.1373,0.6987,7.4449,-0.35673,-2.4347,0,0,0,1.5893,1.5616,1.5622,1.5769,39.498,-19.459,7.2091,-81.44,-20.393,26.12,10.483
1.82,-1.596,0.7272,1.4197,0.027775,0.39404,0,0.91867,-2.2598,5.7647,-1.2017,1.7003,1.9233,0.67113,7.8358,-0.55233,-2.3613,0,0,0,1.639,1.6132,1.6142,1.6274,38.659,-19.66,7.4687,-86.298,-19.658,25.779,10.823
1.83,-1.6182,0.78482,1.4075,0.03671,0.40229,0,0.91477,-2.1795,5.7582,-1.2249,1.6268,1.7262,0.64617,8.218,-0.74989,-2.2853,0,0,0,1.6892,1.6652,1.6664,1.6784,37.772,-19.852,7.7246,-91.035,-18.905,25.413,11.165
1.84,-1.6396,0.84236,1.3952,0.045265,0.40962,0,0.91113,-2.0955,5.7497,-1.2474,1.558,1.5447,0.62369,8.5911,-0.94935,-2.2068,0,0,0,1.7397,1.7174,1.7188,1.7297,36.839,-20.038,7.9768,-95.646,-18.132,25.022,11.509
1.85,-1.6601,0.89981,1.3826,0.053468,0.41611,0,0.90774,-2.0077,5.7392,-1.2691,1.4937,1.3775,0.60357,8.9546,-1.1506,-2.1258,0,0,0,1.7902,1.7696,1.7712,1.781,35.86,-20.215,8.225,-100.12,-17.342,24.607,11.853
1.86,-1.6798,0.95714,1.3698,0.061344,0.42183,0,0.9046,-1.9164,5.7267,-1.2899,1.4339,1.2234,0.58567,9.3081,-1.3536,-2.0423,0,0,0,1.8407,1.8216,1.8233,1.8323,34.837,-20.384,8.4689,-104.46,-16.532,24.166,12.197
1.87,-1.6985,1.0143,1.3568,0.068918,0.42684,0,0.9017,-1.8216,5.7121,-1.3099,1.3783,1.081,0.56984,9.6512,-1.5583,-1.9564,0,0,0,1.891,1.8733,1.8751,1.8833,33.771,-20.546,8.7082,-108.65,-15.704,23.701,12.538
1.88,-1.7162,1.0714,1.3436,0.076212,0.4312,0,0.89903,-1.7234,5.6955,-1.329,1.3269,0.94928,0.55595,9.9834,-1.7645,-1.8682,0,0,0,1.941,1.9245,1.9263,1.934,32.664,-20.698,8.9428,-112.69,-14.857,23.211,12.876
1.89,-1.7329,1.1282,1.3302,0.083251,0.43497,0,0.89659,-1.622,5.6768,-1.3473,1.2794,0.82718,0.54386,10.304,-1.9722,-1.7776,0,0,0,1.9905,1.9751,1.977,1.9841,31.518,-20.843,9.1724,-116.56,-13.991,22.695,13.211
1.9,-1.7486,1.1849,1.3166,0.090056,0.43818,0,0.89437,-1.5174,5.656,-1.3646,1.2355,0.71372,0.53344,10.614,-2.1813,-1.6847,0,0,0,2.0393,2.025,2.027,2.0336,30.333,-20.978,9.3966,-120.27,-13.107,22.154,13.541
1.91,-1.7633,1.2414,1.3029,0.096645,0.44088,0,0.89235,-1.4098,5.6332,-1.3809,1.195,0.608,0.52458,10.911,-2.3918,-1.5897,0,0,0,2.0875,2.0742,2.0761,2.0823,29.113,-21.105,9.6154,-123.8,-12.204,21.587,13.867
1.92,-1.7768,1.2976,1.289,0.10304,0.44311,0,0.89053,-1.2992,5.6082,-1.3964,1.1577,0.50923,0.51715,11.196,-2.6034,-1.4924,0,0,0,2.1348,2.1224,2.1243,2.1302,27.858,-21.222,9.8283,-127.15,-11.282,20.995,14.186
1.93,-1.7892,1.3535,1.275,0.10925,0.44489,0,0.88889,-1.1859,5.5811,-1.4108,1.1234,0.41669,0.51107,11.468,-2.8162,-1.3931,0,0,0,2.1813,2.1696,2.1716,2.1771,26.571,-21.33,10.035,-130.3,-10.341,20.377,14.499
1.94,-1.8005,1.4092,1.2608,0.1153,0.44626,0,0.88744,-1.0699,5.5519,-1.4242,1.0919,0.32973,0.50622,11.727,-3.03,-1.2918,0,0,0,2.2267,2.2158,2.2178,2.223,25.253,-21.429,10.236,-133.27,-9.3817,19.733,14.806
1.95,-1.8106,1.4645,1.2465,0.12121,0.44724,0,0.88616,-0.95138,5.5205,-1.4366,1.0628,0.24775,0.50251,11.973,-3.2447,-1.1884,0,0,0,2.2712,2.2609,2.2629,2.2679,23.906,-21.518,10.43,-136.03,-8.4034,19.063,15.105
1.96,-1.8195,1.5196,1.2321,0.12697,0.44786,0,0.88504,-0.83048,5.487,-1.448,1.0361,0.17024,0.49987,12.205,-3.4603,-1.0832,0,0,0,2.3145,2.3047,2.3068,2.3116,22.533,-21.597,10.617,-138.57,-7.4063,18.367,15.396
1.97,-1.8272,1.5743,1.2176,0.13262,0.44812,0,0.88408,-0.70733,5.4513,-1.4583,1.0115,0.096724,0.49821,12.423,-3.6766,-0.9761,0,0,0,2.3566,2.3474,2.3495,2.3541,21.135,-21.666,10.797,-140.91,-6.3904,17.645,15.679
1.98,-1.8337,1.6286,1.2029,0.13815,0.44806,0,0.88327,-0.58206,5.4135,-1.4675,0.98893,0.026788,0.49747,12.628,-3.8936,-0.86726,0,0,0,2.3975,2.3888,2.3909,2.3953,19.715,-21.725,10.97,-143.01,-5.3556,16.896,15.954
1.99,-1.8389,1.6825,1.1882,0.14359,0.44768,0,0.88259,-0.45482,5.3734,-1.4756,0.96815,-0.039945,0.49757,12.818,-4.1111,-0.75673,0,0,0,2.4371,2.4288,2.4309,2.4352,18.276,-21.773,11.135,-144.89,-4.302,16.121,16.22
2,-1.8428,1.7361,1.1734,0.14893,0.44699,0,0.88205,-0.32575,5.3312,-1.4826,0.94901,-0.10381,0.49845,12.993,-4.329,-0.64459,0,0,0,2.4755,2.4675,2.4697,2.4738,16.818,-21.811,11.292,-146.54,-3.2301,15.321,16.477
2.01,-1.8454,1.7891,1.1586,0.15419,0.44602,0,0.88164,-0.195,5.2868,-1.4885,0.93139,-0.16511,0.50006,13.154,-4.5473,-0.53092,0,0,0,2.5124,2.5048,2.507,2.5111,15.346,-21.838,11.441,-147.96,-2.1408,14.495,16.726
2.02,-1.8467,1.8418,1.1436,0.15937,0.44477,0,0.88135,-0.062722,5.2403,-1.4932,0.91514,-0.22411,0.50235,13.3,-4.7657,-0.4158,0,0,0,2.5481,2.5408,2.5429,2.5469,13.86,-21.853,11.582,-149.16,-1.0346,13.645,16.964
2.03,-1.8466,1.8939,1.1287,0.16449,0.44325,0,0.88118,0.070947,5.1915,-1.4968,0.90014,-0.28107,0.50525,13.431,-4.9843,-0.29931,0,0,0,2.5823,2.5752,2.5775,2.5813,12.363,-21.858,11.714,-150.14,0.087482,12.772,17.194
2.04,-1.8452,1.9456,1.1137,0.16954,0.44147,0,0.88111,0.20585,5.1406,-1.4992,0.88627,-0.3362,0.50874,13.547,-5.2028,-0.18155,0,0,0,2.6151,2.6083,2.6105,2.6143,10.858,-21.852,11.837,-150.91,1.2248,11.877,17.414
2.05,-1.8425,1.9968,1.0987,0.17455,0.43943,0,0.88116,0.34184,5.0875,-1.5004,0.87342,-0.3897,0.51276,13.648,-5.4213,-0.062596,0,0,0,2.6465,2.6399,2.6422,2.6459,9.3457,-21.834,11.951,-151.47,2.3765,10.96,17.624
2.06,-1.8384,2.0474,1.0837,0.1795,0.43714,0,0.8813,0.47877,5.0322,-1.5005,0.86149,-0.44175,0.51728,13.734,-5.6395,0.057451,0,0,0,2.6765,2.6701,2.6724,2.676,7.8291,-21.804,12.056,-151.83,3.5419,10.023,17.825
2.07,-1.8329,2.0974,1.0687,0.1844,0.43461,0,0.88154,0.61648,4.9747,-1.4993,0.85038,-0.49252,0.52227,13.805,-5.8573,0.1785,0,0,0,2.705,2.6988,2.7012,2.7047,6.3098,-21.763,12.152,-151.98,4.7201,9.0662,18.016
2.08,-1.8261,2.1468,1.0537,0.18926,0.43183,0,0.88187,0.75481,4.915,-1.4969,0.84,-0.54214,0.52768,13.86,-6.0747,0.30046,0,0,0,2.7322,2.7261,2.7285,2.732,4.79,-21.71,12.238,-151.94,5.9104,8.0908,18.198
2.09,-1.8178,2.1957,1.0388,0.19409,0.42883,0,0.88229,0.89363,4.8532,-1.4933,0.83026,-0.59076,0.5335,13.901,-6.2915,0.42322,0,0,0,2.7579,2.7519,2.7544,2.7578,3.2716,-21.644,12.314,-151.71,7.1121,7.0977,18.37
2.1,-1.8082,2.2439,1.0239,0.19888,0.42559,0,0.88279,1.0328,4.7892,-1.4884,0.82108,-0.63848,0.53968,13.926,-6.5075,0.54669,0,0,0,2.7822,2.7764,2.7789,2.7823,1.7565,-21.567,12.38,-151.29,8.3243,6.0878,18.533
2.11,-1.7972,2.2915,1.009,0.20363,0.42212,0,0.88337,1.1721,4.723,-1.4823,0.81239,-0.68541,0.5462,13.936,-6.7228,0.67078,0,0,0,2.8052,2.7994,2.8019,2.8053,0.24647,-21.478,12.435,-150.68,9.5463,5.0618,18.686
2.12,-1.7847,2.3383,0.99422,0.20836,0.41842,0,0.88403,1.3114,4.6547,-1.475,0.8041,-0.73163,0.55303,13.931,-6.9371,0.79537,0,0,0,2.8268,2.821,2.8236,2.8269,-1.2566,-21.376,12.481,-149.9,10.777,4.0208,18.831
2.13,-1.7709,2.3845,0.97952,0.21306,0.4145,0,0.88476,1.4507,4.5843,-1.4664,0.79614,-0.77723,0.56015,13.911,-7.1503,0.92036,0,0,0,2.847,2.8413,2.844,2.8472,-2.7509,-21.262,12.516,-148.94,12.016,2.9656,18.966
2.14,-1.7557,2.43,0.9649,0.21773,0.41035,0,0.88555,1.5896,4.5117,-1.4566,0.78845,-0.82228,0.56752,13.876,-7.3623,1.0456,0,0,0,2.8659,2.8603,2.863,2.8662,-4.2348,-21.136,12.54,-147.81,13.263,1.8971,19.092
2.15,-1.7391,2.4748,0.95039,0.22237,0.40598,0,0.88641,1.7281,4.4371,-1.4455,0.78095,-0.86684,0.57514,13.826,-7.5729,1.1711,0,0,0,2.8835,2.8779,2.8807,2.8838,-5.7065,-20.997,12.554,-146.51,14.516,0.8162,19.21
2.16,-1.7212,2.5188,0.93599,0.22698,0.40139,0,0.88734,1.8661,4.3603,-1.4332,0.7736,-0.91094,0.58296,13.762,-7.7822,1.2967,0,0,0,2.8999,2.8943,2.8971,2.9002,-7.1645,-20.846,12.556,-145.05,15.776,-0.27615,19.319
2.17,-1.7018,2.562,0.92173,0.23157,0.39658,0,0.88831,2.0033,4.2814,-1.4196,0.76631,-0.95464,0.59097,13.683,-7.9898,1.4222,0,0,0,2.915,2.9094,2.9123,2.9153,-8.607,-20.682,12.548,-143.43,17.04,-1.3791,19.42
2.18,-1.6811,2.6044,0.90761,0.23613,0.39154,0,0.88935,2.1397,4.2005,-1.4047,0.75903,-0.99796,0.59914,13.59,-8.1958,1.5476,0,0,0,2.929,2.9234,2.9263,2.9293,-10.033,-20.505,12.529,-141.66,18.309,-2.4917,19.513
2.19,-1.659,2.646,0.89364,0.24067,0.38629,0,0.89043,2.2751,4.1175,-1.3886,0.75171,-1.0409,0.60745,13.482,-8.3999,1.6727,0,0,0,2.9418,2.9361,2.9392,2.9421,-11.44,-20.315,12.498,-139.73,19.581,-3.6131,19.599
2.2,-1.6356,2.6867,0.87984,0.24517,0.38081,0,0.89156,2.4093,4.0325,-1.3713,0.74428,-1.0836,0.61588,13.361,-8.602,1.7975,0,0,0,2.9535,2.9478,2.9509,2.9537,-12.827,-20.113,12.456,-137.67,20.856,-4.7424,19.676
2.21,-1.6108,2.7266,0.86622,0.24965,0.37512,0,0.89273,2.5422,3.9455,-1.3527,0.73669,-1.1258,0.62439,13.226,-8.8021,1.9218,0,0,0,2.9641,2.9584,2.9616,2.9643,-14.193,-19.898,12.403,-135.45,22.133,-5.8787,19.747
2.22,-1.5848,2.7656,0.85279,0.25409,0.3692,0,0.89394,2.6738,3.8565,-1.3328,0.72888,-1.1678,0.63296,13.077,-8.9999,2.0456,0,0,0,2.9737,2.968,2.9712,2.9739,-15.535,-19.671,12.339,-133.11,23.412,-7.0211,19.811
2.23,-1.5574,2.8037,0.83956,0.2585,0.36307,0,0.89519,2.8037,3.7655,-1.3118,0.72081,-1.2094,0.64158,12.915,-9.1955,2.1686,0,0,0,2.9823,2.9766,2.9799,2.9824,-16.854,-19.43,12.263,-130.62,24.691,-8.1687,19.869
2.24,-1.5287,2.8409,0.82656,0.26287,0.35672,0,0.89647,2.932,3.6726,-1.2895,0.71242,-1.2506,0.65021,12.74,-9.3885,2.2908,0,0,0,2.99,2.9842,2.9876,2.9901,-18.147,-19.177,12.175,-128.01,25.969,-9.3206,19.92
2.25,-1.4987,2.8772,0.81378,0.26721,0.35015,0,0.89777,3.0585,3.5777,-1.266,0.70367,-1.2915,0.65883,12.552,-9.5789,2.412,0,0,0,2.9968,2.991,2.9945,2.9968,-19.414,-18.911,12.076,-125.28,27.247,-10.476,19.965
2.26,-1.4675,2.9125,0.80124,0.2715,0.34336,0,0.89911,3.183,3.481,-1.2412,0.69451,-1.3319,0.66741,12.352,-9.7667,2.5323,0,0,0,3.0028,2.997,3.0005,3.0027,-20.653,-18.632,11.966,-122.42,28.523,-11.634,20.005
2.27,-1.4351,2.9468,0.78896,0.27574,0.33636,0,0.90046,3.3055,3.3824,-1.2153,0.68489,-1.3718,0.67593,12.139,-9.9515,2.6513,0,0,0,3.0081,3.0022,3.0058,3.0079,-21.862,-18.34,11.844,-119.45,29.796,-12.793,20.04
2.28,-1.4014,2.9801,0.77694,0.27994,0.32915,0,0.90183,3.4258,3.282,-1.1882,0.67478,-1.4113,0.68435,11.915,-10.133,2.7691,0,0,0,3.0126,3.0067,3.0103,3.0123,-23.041,-18.036,11.71,-116.36,31.065,-13.953,20.07
2.29,-1.3666,3.0124,0.7652,0.28408,0.32172,0,0.90321,3.5437,3.1798,-1.1599,0.66413,-1.4502,0.69266,11.679,-10.312,2.8855,0,0,0,3.0165,3.0105,3.0142,3.016,-24.189,-17.719,11.565,-113.17,32.331,-15.113,20.095
2.3,-1.3306,3.0437,0.75374,0.28816,0.31408,0,0.90461,3.6593,3.0758,-1.1305,0.65291,-1.4884,0.70082,11.431,-10.488,3.0004,0,0,0,3.0197,3.0137,3.0175,3.0191,-25.304,-17.389,11.408,-109.87,33.591,-16.272,20.117
2.31,-1.2934,3.0739,0.74259,0.29218,0.30624,0,0.90601,3.7723,2.97,-1.0999,0.64108,-1.526,0.7088,11.173,-10.66,3.1136,0,0,0,3.0224,3.0163,3.0202,3.0217,-26.386,-17.047,11.239,-106.47,34.846,-17.429,20.134
2.32,-1.2551,3.1031,0.73175,0.29614,0.29819,0,0.90741,3.8827,2.8626,-1.0682,0.62862,-1.5628,0.71659,10.904,-10.829,3.2251,0,0,0,3.0246,3.0185,3.0225,3.0237,-27.433,-16.692,11.059,-102.98,36.095,-18.583,20.149
2.33,-1.2158,3.1312,0.72123,0.30002,0.28993,0,0.9088,3.9904,2.7534,-1.0354,0.6155,-1.5987,0.72414,10.624,-10.994,3.3347,0,0,0,3.0263,3.0202,3.0242,3.0253,-28.445,-16.325,10.868,-99.396,37.336,-19.733,20.16
2.34,-1.1753,3.1582,0.71104,0.30383,0.28149,0,0.91019,4.0952,2.6427,-1.0016,0.6017,-1.6337,0.73144,10.335,-11.155,3.4424,0,0,0,3.0276,3.0215,3.0256,3.0265,-29.421,-15.946,10.665,-95.724,38.569,-20.878,20.169
2.35,-1.1339,3.184,0.7012,0.30756,0.27284,0,0.91157,4.197,2.5304,-0.9666,0.58721,-1.6678,0.73845,10.036,-11.313,3.548,0,0,0,3.0286,3.0225,3.0266,3.0273,-30.359,-15.554,10.45,-91.97,39.793,-22.018,20.175
2.36,-1.0914,3.2088,0.69171,0.3112,0.26401,0,0.91294,4.2959,2.4165,-0.9306,0.572,-1.7007,0.74515,9.7277,-11.466,3.6514,0,0,0,3.0293,3.0232,3.0274,3.0279,-31.26,-15.15,10.224,-88.137,41.008,-23.151,20.18
2.37,-1.048,3.2324,0.68259,0.31474,0.255,0,0.91428,4.3916,2.301,-0.89358,0.55607,-1.7325,0.75151,9.4107,-11.616,3.7524,0,0,0,3.0298,3.0237,3.0279,3.0281,-32.122,-14.734,9.9871,-84.23,42.212,-24.277,20.182
2.38,-1.0036,3.2548,0.67385,0.31819,0.24581,0,0.9156,4.484,2.1842,-0.85556,0.53943,-1.763,0.75751,9.0854,-11.761,3.8511,0,0,0,3.03,3.024,3.0282,3.0282,-32.944,-14.306,9.7387,-80.252,43.406,-25.395,20.184
2.39,-0.95829,3.276,0.66548,0.32154,0.23645,0,0.9169,4.5732,2.0658,-0.81657,0.52206,-1.7922,0.76312,8.752,-11.902,3.9472,0,0,0,3.0301,3.0241,3.0283,3.0281,-33.727,-13.866,9.4792,-76.208,44.587,-26.502,20.184
2.4,-0.91212,3.2961,0.65752,0.32478,0.22693,0,0.91816,4.6591,1.9461,-0.77663,0.50399,-1.8199,0.76832,8.411,-12.038,4.0406,0,0,0,3.0301,3.0241,3.0284,3.0279,-34.468,-13.414,9.2087,-72.102,45.755,-27.599,20.184
2.41,-0.86512,3.315,0.64995,0.32791,0.21725,0,0.91939,4.7414,1.8251,-0.73577,0.48522,-1.8461,0.77308,8.0628,-12.17,4.1313,0,0,0,3.0301,3.0241,3.0284,3.0277,-35.169,-12.951,8.9273,-67.939,46.91,-28.684,20.184
2.42,-0.81731,3.3326,0.64281,0.33092,0.20742,0,0.92058,4.8203,1.7028,-0.69401,0.46577,-1.8706,0.77738,7.7077,-12.297,4.2191,0,0,0,3.0299,3.0241,3.0283,3.0274,-35.827,-12.476,8.635,-63.722,48.051,-29.757,20.183
2.43,-0.76872,3.349,0.63608,0.33381,0.19746,0,0.92173,4.8956,1.5792,-0.65139,0.44566,-1.8935,0.78121,7.3464,-12.419,4.304,0,0,0,3.0298,3.024,3.0283,3.0271,-36.443,-11.99,8.3322,-59.456,49.176,-30.816,20.182
2.44,-0.71941,3.3642,0.62978,0.33657,0.18736,0,0.92283,4.9672,1.4544,-0.60794,0.42494,-1.9146,0.78455,6.979,-12.537,4.3857,0,0,0,3.0298,3.0241,3.0283,3.0268,-37.016,-11.492,8.0188,-55.145,50.286,-31.859,20.182
2.45,-0.66939,3.3781,0.62392,0.3392,0.17715,0,0.92388,5.0351,1.3285,-0.56369,0.40362,-1.9338,0.78739,6.6062,-12.649,4.4643,0,0,0,3.0298,3.0242,3.0284,3.0267,-37.546,-10.984,7.695,-50.793,51.379,-32.887,20.182
2.46,-0.61872,3.3907,0.61851,0.34169,0.16683,0,0.92489,5.0993,1.2014,-0.51867,0.38174,-1.9512,0.78971,6.2283,-12.756,4.5396,0,0,0,3.0299,3.0244,3.0286,3.0266,-38.032,-10.465,7.3611,-46.404,52.455,-33.898,20.182
2.47,-0.56742,3.4021,0.61355,0.34405,0.15641,0,0.92583,5.1597,1.0733,-0.47291,0.35936,-1.9665,0.7915,5.8457,-12.858,4.6115,0,0,0,3.0301,3.0247,3.0289,3.0266,-38.474,-9.935,7.0171,-41.983,53.512,-34.891,20.184
2.48,-0.51554,3.4122,0.60905,0.34626,0.1459,0,0.92672,5.2162,0.94427,-0.42645,0.33652,-1.9799,0.79275,5.4589,-12.955,4.6799,0,0,0,3.0305,3.0252,3.0294,3.0268,-38.871,-9.3946,6.6633,-37.534,54.55,-35.865,20.186
2.49,-0.46311,3.421,0.60502,0.34832,0.13532,0,0.92756,5.2688,0.81426,-0.37932,0.31327,-1.9912,0.79346,5.0684,-13.046,4.7447,0,0,0,3.031,3.0259,3.03,3.0272,-39.224,-8.844,6.2999,-33.061,55.568,-36.819,20.19
2.5,-0.41017,3.4285,0.60147,0.35024,0.12467,0,0.92833,5.3176,0.68336,-0.33157,0.28965,-2.0005,0.79363,4.6746,-13.132,4.8059,0,0,0,3.0316,3.0267,3.0307,3.0277,-39.532,-8.2833,5.927,-28.568,56.566,-37.752,20.195
2.51,-0.35677,3.4347,0.59839,0.352,0.11397,0,0.92903,5.3623,0.55164,-0.28322,0.26574,-2.0076,0.79326,4.2779,-13.212,4.8633,0,0,0,3.0325,3.0277,3.0317,3.0284,-39.796,-7.7128,5.5449,-24.059,57.542,-38.663,20.201
2.52,-0.30294,3.4395,0.59581,0.35361,0.10323,0,0.92968,5.4031,0.41915,-0.23431,0.24158,-2.0126,0.79235,3.8788,-13.286,4.9168,0,0,0,3.0335,3.0289,3.0328,3.0293,-40.014,-7.1326,5.1538,-19.539,58.496,-39.55,20.208
2.53,-0.24872,3.443,0.59371,0.35506,0.092466,0,0.93026,5.4399,0.28594,-0.1849,0.21723,-2.0156,0.7909,3.4778,-13.355,4.9663,0,0,0,3.0347,3.0303,3.0341,3.0304,-40.186,-6.5429,4.754,-15.012,59.428,-40.413,20.216
2.54,-0.19416,3.4452,0.59211,0.35636,0.08168,0,0.93077,5.4727,0.15207,-0.135,0.19275,-2.0164,0.78894,3.0753,-13.417,5.0118,0,0,0,3.0361,3.0319,3.0355,3.0316,-40.314,-5.9441,4.3456,-10.482,60.335,-41.251,20.225
2.55,-0.13928,3.4461,0.59101,0.3575,0.07089,0,0.93122,5.5014,0.017616,-0.084673,0.1682,-2.0152,0.78646,2.6717,-13.473,5.0532,0,0,0,3.0376,3.0336,3.0372,3.0331,-40.396,-5.3363,3.929,-5.9533,61.218,-42.063,20.236
2.56,-0.084141,3.4456,0.59042,0.35848,0.060107,0,0.9316,5.5261,-0.11737,-0.033952,0.14365,-2.012,0.78348,2.2675,-13.524,5.0904,0,0,0,3.0393,3.0355,3.039,3.0346,-40.433,-4.7198,3.5045,-1.43,62.075,-42.847,20.247
2.57,-0.028773,3.4437,0.59033,0.35931,0.049342,0,0.93191,5.5468,-0.25284,0.01712,0.11913,-2.0067,0.78002,1.8632,-13.568,5.1233,0,0,0,3.0411,3.0375,3.0409,3.0364,-40.425,-4.0949,3.0722,3.0835,62.906,-43.603,20.26
2.58,0.026781,3.4405,0.59076,0.35998,0.038607,0,0.93216,5.5634,-0.38871,0.068499,0.094707,-1.9995,0.7761,1.4592,-13.606,5.1518,0,0,0,3.043,3.0397,3.0429,3.0382,-40.371,-3.4618,2.6325,7.5832,63.711,-44.329,20.273
2.59,0.082481,3.436,0.5917,0.36049,0.027913,0,0.93234,5.5759,-0.52493,0.12014,0.070432,-1.9905,0.77174,1.0559,-13.637,5.1759,0,0,0,3.045,3.0419,3.045,3.0402,-40.273,-2.8208,2.1857,12.065,64.487,-45.024,20.287
2.6,0.13829,3.43,0.59316,0.36085,0.01727,0,0.93246,5.5845,-0.66143,0.172,0.04635,-1.9796,0.76695,0.65385,-13.662,5.1955,0,0,0,3.0471,3.0442,3.0472,3.0422,-40.13,-2.1721,1.7321,16.524,65.235,-45.689,20.301
2.61,0.19416,3.4227,0.59514,0.36106,0.0066892,0,0.93252,5.589,-0.79815,0.22404,0.022505,-1.967,0.76178,0.25345,-13.68,5.2105,0,0,0,3.0492,3.0465,3.0494,3.0443,-39.943,-1.5162,1.2721,20.957,65.954,-46.32,20.316
2.62,0.25005,3.4141,0.59765,0.36111,-0.0038203,0,0.93251,5.5896,-0.93501,0.2762,-0.0010646,-1.9528,0.75623,-0.14485,-13.692,5.2209,0,0,0,3.0513,3.0489,3.0516,3.0464,-39.711,-0.85316,0.80585,25.358,66.643,-46.918,20.33
2.63,0.30593,3.404,0.60067,0.36102,-0.014249,0,0.93245,5.5861,-1.072,0.32844,-0.024324,-1.937,0.75035,-0.54062,-13.697,5.2266,0,0,0,3.0534,3.0512,3.0538,3.0485,-39.436,-0.18342,0.33382,29.725,67.3,-47.481,20.345
2.64,0.36176,3.3926,0.60421,0.36078,-0.024588,0,0.93233,5.5788,-1.2089,0.38071,-0.047244,-1.9198,0.74415,-0.93342,-13.696,5.2276,0,0,0,3.0554,3.0534,3.0559,3.0505,-39.117,0.49274,-0.14365,34.053,67.926,-48.008,20.359
2.65,0.4175,3.3799,0.60828,0.3604,-0.03483,0,0.93215,5.5675,-1.3459,0.43297,-0.0698,-1.9012,0.73767,-1.3228,-13.688,5.2237,0,0,0,3.0573,3.0555,3.0578,3.0524,-38.755,1.175,-0.62622,38.338,68.52,-48.499,20.372
2.66,0.4731,3.3657,0.61287,0.35987,-0.044966,0,0.93192,5.5523,-1.4827,0.48517,-0.091973,-1.8813,0.73094,-1.7084,-13.672,5.215,0,0,0,3.0591,3.0574,3.0597,3.0542,-38.35,1.863,-1.1135,42.574,69.08,-48.952,20.384
2.67,0.52853,3.3502,0.61799,0.35921,-0.054991,0,0.93163,5.5333,-1.6193,0.53726,-0.11375,-1.8603,0.72399,-2.0897,-13.65,5.2014,0,0,0,3.0606,3.0591,3.0613,3.0557,-37.903,2.5565,-1.6051,46.759,69.607,-49.366,20.395
2.68,0.58375,3.3333,0.62362,0.35842,-0.064896,0,0.9313,5.5105,-1.7557,0.58918,-0.13512,-1.8382,0.71685,-2.4663,-13.621,5.1829,0,0,0,3.0619,3.0606,3.0626,3.0571,-37.415,3.255,-2.1007,50.888,70.098,-49.74,20.404
2.69,0.63873,3.3151,0.62977,0.35749,-0.074677,0,0.93093,5.484,-1.8917,0.6409,-0.15608,-1.8151,0.70955,-2.8378,-13.585,5.1594,0,0,0,3.0629,3.0617,3.0637,3.0581,-36.886,3.9583,-2.5998,54.957,70.554,-50.072,20.411
2.7,0.69342,3.2955,0.63644,0.35644,-0.084328,0,0.93051,5.4538,-2.0273,0.69235,-0.17663,-1.7912,0.70212,-3.2039,-13.542,5.1309,0,0,0,3.0635,3.0625,3.0644,3.0588,-36.316,4.666,-3.102,58.962,70.974,-50.363,20.415
2.71,0.74779,3.2745,0.64362,0.35526,-0.093845,0,0.93005,5.42,-2.1625,0.7435,-0.19678,-1.7665,0.6946,-3.564,-13.492,5.0973,0,0,0,3.0637,3.0629,3.0646,3.059,-35.707,5.3777,-3.6069,62.897,71.356,-50.611,20.417
2.72,0.80181,3.2522,0.6513,0.35396,-0.10322,0,0.92955,5.3825,-2.2971,0.79428,-0.21654,-1.7411,0.68702,-3.9179,-13.435,5.0587,0,0,0,3.0635,3.0628,3.0645,3.0589,-35.058,6.093,-4.1141,66.76,71.7,-50.815,20.416
2.73,0.85543,3.2286,0.6595,0.35254,-0.11246,0,0.92902,5.3416,-2.4312,0.84466,-0.23593,-1.7151,0.6794,-4.2651,-13.37,5.0151,0,0,0,3.0628,3.0622,3.0638,3.0582,-34.372,6.8116,-4.6231,70.546,72.006,-50.974,20.411
2.74,0.90863,3.2036,0.6682,0.351,-0.12155,0,0.92845,5.2973,-2.5645,0.89457,-0.25497,-1.6887,0.67179,-4.6052,-13.298,4.9663,0,0,0,3.0615,3.061,3.0625,3.0569,-33.648,7.533,-5.1334,74.251,72.272,-51.086,20.403
2.75,0.96137,3.1773,0.67739,0.34935,-0.1305,0,0.92786,5.2495,-2.6971,0.94397,-0.27368,-1.6619,0.66421,-4.9379,-13.219,4.9124,0,0,0,3.0595,3.0592,3.0606,3.0551,-32.887,8.2569,-5.6446,77.87,72.497,-51.152,20.391
2.76,1.0136,3.1497,0.68707,0.3476,-0.13929,0,0.92724,5.1985,-2.8289,0.9928,-0.2921,-1.6347,0.65669,-5.2628,-13.133,4.8534,0,0,0,3.0569,3.0567,3.0581,3.0526,-32.091,8.9828,-6.1563,81.399,72.682,-51.17,20.374
2.77,1.0653,3.1207,0.69724,0.34573,-0.14794,0,0.9266,5.1443,-2.9598,1.041,-0.31026,-1.6073,0.64926,-5.5796,-13.04,4.7893,0,0,0,3.0536,3.0534,3.0548,3.0493,-31.259,9.7104,-6.6679,84.835,72.824,-51.14,20.352
2.78,1.1165,3.0905,0.70789,0.34376,-0.15643,0,0.92594,5.087,-3.0897,1.0886,-0.3282,-1.5798,0.64195,-5.8879,-12.939,4.72,0,0,0,3.0495,3.0494,3.0508,3.0453,-30.394,10.439,-7.1789,88.173,72.924,-51.06,20.325
2.79,1.1671,3.059,0.71901,0.34169,-0.16477,0,0.92526,5.0266,-3.2185,1.1354,-0.34596,-1.5521,0.6348,-6.1874,-12.831,4.6457,0,0,0,3.0446,3.0445,3.0459,3.0404,-29.496,11.169,-7.6889,91.408,72.98,-50.929,20.292
2.8,1.217,3.0261,0.7306,0.33951,-0.17296,0,0.92456,4.9632,-3.3462,1.1815,-0.36359,-1.5245,0.62782,-6.4777,-12.716,4.5663,0,0,0,3.0388,3.0388,3.0401,3.0347,-28.566,11.899,-8.1973,94.537,72.991,-50.747,20.254
2.81,1.2663,2.992,0.74264,0.33724,-0.181,0,0.92386,4.8971,-3.4728,1.2267,-0.38114,-1.4968,0.62106,-6.7586,-12.593,4.4818,0,0,0,3.032,3.0321,3.0334,3.028,-27.606,12.628,-8.7037,97.556,72.958,-50.513,20.209
2.82,1.3149,2.9567,0.75513,0.33487,-0.18888,0,0.92314,4.8281,-3.5981,1.2711,-0.39866,-1.4692,0.61454,-7.0297,-12.463,4.3922,0,0,0,3.0243,3.0244,3.0258,3.0204,-26.616,13.358,-9.2074,100.46,72.878,-50.226,20.158
2.83,1.3629,2.9201,0.76806,0.3324,-0.19662,0,0.92242,4.7565,-3.722,1.3145,-0.41621,-1.4418,0.60829,-7.2908,-12.326,4.2976,0,0,0,3.0156,3.0156,3.017,3.0117,-25.597,14.086,-9.708,103.24,72.751,-49.884,20.1
2.84,1.4101,2.8822,0.78142,0.32983,-0.2042,0,0.92169,4.6823,-3.8446,1.357,-0.43385,-1.4146,0.60234,-7.5416,-12.181,4.198,0,0,0,3.0058,3.0058,3.0073,3.002,-24.551,14.812,-10.205,105.91,72.577,-49.488,20.035
2.85,1.4565,2.8432,0.79519,0.32717,-0.21164,0,0.92096,4.6057,-3.9656,1.3985,-0.45166,-1.3875,0.59672,-7.7817,-12.03,4.0935,0,0,0,2.9948,2.9949,2.9964,2.9911,-23.479,15.537,-10.698,108.44,72.355,-49.036,19.962
2.86,1.5022,2.8029,0.80938,0.32441,-0.21894,0,0.92023,4.5267,-4.0851,1.4389,-0.46969,-1.3608,0.59146,-8.0111,-11.871,3.9841,0,0,0,2.9827,2.9827,2.9843,2.9791,-22.383,16.259,-11.185,110.84,72.083,-48.527,19.881
2.87,1.547,2.7615,0.82397,0.32155,-0.22608,0,0.9195,4.4455,-4.203,1.4781,-0.48802,-1.3343,0.58659,-8.2293,-11.704,3.8698,0,0,0,2.9694,2.9694,2.9711,2.9658,-21.263,16.979,-11.668,113.11,71.762,-47.961,19.793
2.88,1.5911,2.7189,0.83894,0.3186,-0.23309,0,0.91878,4.3622,-4.3192,1.5163,-0.50674,-1.3081,0.58215,-8.4363,-11.531,3.7508,0,0,0,2.9549,2.9548,2.9566,2.9513,-20.121,17.694,-12.144,115.24,71.389,-47.336,19.696
2.89,1.6343,2.6751,0.85429,0.31554,-0.23996,0,0.91807,4.2768,-4.4336,1.5531,-0.52593,-1.2823,0.57818,-8.6317,-11.35,3.627,0,0,0,2.9391,2.939,2.9409,2.9356,-18.959,18.406,-12.614,117.22,70.965,-46.652,19.591
2.9,1.6766,2.6302,0.87,0.31238,-0.24669,0,0.91737,4.1896,-4.5462,1.5888,-0.54568,-1.2568,0.5747,-8.8154,-11.163,3.4985,0,0,0,2.9219,2.9218,2.9238,2.9185,-17.777,19.114,-13.077,119.06,70.488,-45.908,19.477
2.91,1.7181,2.5842,0.88606,0.30912,-0.25328,0,0.91668,4.1006,-4.6568,1.6231,-0.56608,-1.2317,0.57175,-8.9872,-10.968,3.3654,0,0,0,2.9035,2.9032,2.9055,2.9001,-16.578,19.816,-13.532,120.74,69.958,-45.102,19.354
2.92,1.7586,2.5371,0.90246,0.30574,-0.25975,0,0.916,4.0099,-4.7655,1.6561,-0.58723,-1.207,0.56938,-9.1469,-10.767,3.2279,0,0,0,2.8837,2.8834,2.8857,2.8804,-15.363,20.513,-13.979,122.27,69.375,-44.234,19.222
2.93,1.7982,2.4889,0.91918,0.30226,-0.26608,0,0.91534,3.9177,-4.8722,1.6876,-0.60925,-1.1826,0.56762,-9.2944,-10.558,3.0859,0,0,0,2.8625,2.8621,2.8646,2.8592,-14.133,21.203,-14.417,123.63,68.736,-43.304,19.081
2.94,1.837,2.4396,0.93621,0.29865,-0.27229,0,0.91469,3.824,-4.9767,1.7178,-0.63225,-1.1587,0.56652,-9.4295,-10.343,2.9396,0,0,0,2.8399,2.8393,2.8421,2.8367,-12.891,21.887,-14.845,124.83,68.041,-42.309,18.93
2.95,1.8747,2.3894,0.95353,0.29493,-0.27837,0,0.91407,3.7291,-5.079,1.7464,-0.65637,-1.1351,0.56614,-9.5521,-10.12,2.789,0,0,0,2.8159,2.8152,2.8182,2.8127,-11.637,22.564,-15.263,125.86,67.291,-41.25,18.77
2.96,1.9115,2.3381,0.97113,0.29108,-0.28434,0,0.91347,3.633,-5.179,1.7735,-0.68172,-1.1119,0.56651,-9.6622,-9.8913,2.6344,0,0,0,2.7904,2.7896,2.7929,2.7873,-10.374,23.233,-15.67,126.72,66.483,-40.125,18.6
2.97,1.9474,2.2858,0.98899,0.28709,-0.29018,0,0.91289,3.5359,-5.2768,1.7991,-0.70847,-1.0891,0.5677,-9.7596,-9.6556,2.4757,0,0,0,2.7635,2.7626,2.7662,2.7604,-9.1033,23.893,-16.065,127.4,65.617,-38.933,18.421
2.98,1.9822,2.2325,1.0071,0.28296,-0.29591,0,0.91234,3.4379,-5.3721,1.823,-0.73676,-1.0667,0.56978,-9.8443,-9.4134,2.3131,0,0,0,2.7352,2.734,2.738,2.7321,-7.8266,24.545,-16.448,127.9,64.692,-37.674,18.232
2.99,2.0161,2.1784,1.0254,0.27868,-0.30152,0,0.91182,3.3391,-5.465,1.8453,-0.76678,-1.0445,0.5728,-9.9161,-9.1648,2.1468,0,0,0,2.7054,2.7041,2.7083,2.7023,-6.5459,25.187,-16.818,128.21,63.707,-36.347,18.033
3,2.049,2.1233,1.044,0.27424,-0.30703,0,0.91133,3.2396,-5.5554,1.866,-0.7987,-1.0227,0.57683,-9.9752,-8.9097,1.9768,0,0,0,2.6741,2.6726,2.6773,2.671,-5.2631,25.819,-17.175,128.33,62.662,-34.951,17.825
3.01,2.0809,2.0673,1.0628,0.26962,-0.31243,0,0.91087,3.1396,-5.6432,1.8849,-0.83273,-1.0012,0.58197,-10.021,-8.6484,1.8033,0,0,0,2.6414,2.6397,2.6448,2.6383,-3.9799,26.44,-17.517,128.26,61.556,-33.484,17.607
3.02,2.1118,2.0104,1.0817,0.26483,-0.31772,0,0.91045,3.0392,-5.7284,1.902,-0.86909,-0.97984,0.5883,-10.055,-8.381,1.6265,0,0,0,2.6073,2.6054,2.6109,2.6042,-2.6985,27.05,-17.844,127.99,60.387,-31.946,17.38
3.03,2.1417,1.9527,1.1008,0.25984,-0.32291,0,0.91006,2.9386,-5.8108,1.9174,-0.90802,-0.95869,0.5959,-10.075,-8.1075,1.4465,0,0,0,2.5718,2.5696,2.5757,2.5687,-1.4208,27.647,-18.156,127.52,59.156,-30.337,17.143
3.04,2.1706,1.8942,1.12,0.25464,-0.32799,0,0.90972,2.8378,-5.8905,1.9309,-0.94979,-0.93767,0.6049,-10.083,-7.8281,1.2634,0,0,0,2.5349,2.5324,2.539,2.5317,-0.14885,28.233,-18.451,126.84,57.861,-28.655,16.897
3.05,2.1985,1.8349,1.1394,0.24921,-0.33298,0,0.90941,2.7369,-5.9673,1.9426,-0.99467,-0.9167,0.6154,-10.078,-7.5429,1.0775,0,0,0,2.4966,2.4938,2.501,2.4934,1.1152,28.804,-18.729,125.95,56.502,-26.899,16.641
3.06,2.2253,1.7749,1.1589,0.24353,-0.33786,0,0.90914,2.6362,-6.0413,1.9525,-1.043,-0.89569,0.62754,-10.061,-7.252,0.8889,0,0,0,2.4569,2.4538,2.4618,2.4537,2.3693,29.362,-18.989,124.84,55.077,-25.068,16.377
3.07,2.2512,1.7141,1.1785,0.2376,-0.34265,0,0.90892,2.5358,-6.1124,1.9604,-1.0951,-0.87456,0.64145,-10.031,-6.9557,0.6978,0,0,0,2.416,2.4126,2.4212,2.4127,3.6113,29.906,-19.23,123.51,53.586,-23.162,16.104
3.08,2.276,1.6526,1.1981,0.23138,-0.34734,0,0.90875,2.4357,-6.1804,1.9664,-1.1513,-0.85317,0.65729,-9.9888,-6.6539,0.50437,0,0,0,2.3738,2.37,2.3795,2.3705,4.8389,30.434,-19.452,121.96,52.029,-21.179,15.823
3.09,2.2999,1.5905,1.2178,0.22484,-0.35192,0,0.90862,2.336,-6.2454,1.9705,-1.2122,-0.83141,0.67523,-9.9343,-6.347,0.30883,0,0,0,2.3304,2.3262,2.3366,2.327,6.0498,30.946,-19.653,120.19,50.403,-19.12,15.534
3.1,2.3228,1.5277,1.2375,0.21798,-0.35641,0,0.90855,2.237,-6.3073,1.9726,-1.278,-0.8091,0.69546,-9.8678,-6.0351,0.11138,0,0,0,2.2858,2.2813,2.2926,2.2824,7.2418,31.442,-19.834,118.19,48.712,-16.986,15.237
3.11,2.3446,1.4643,1.2572,0.21074,-0.36079,0,0.90853,2.1387,-6.3661,1.9727,-1.3494,-0.78605,0.71818,-9.7895,-5.7183,-0.08777,0,0,0,2.2402,2.2352,2.2476,2.2367,8.4128,31.92,-19.993,115.97,46.956,-14.782,14.933
3.12,2.3655,1.4004,1.2769,0.20311,-0.36506,0,0.90856,2.0413,-6.4217,1.9708,-1.4267,-0.76204,0.74363,-9.6996,-5.3967,-0.2884,0,0,0,2.1935,2.1881,2.2017,2.1899,9.5606,32.381,-20.129,113.55,45.138,-12.511,14.622
3.13,2.3855,1.3359,1.2966,0.19505,-0.36922,0,0.90864,1.9448,-6.474,1.9669,-1.5107,-0.73678,0.77203,-9.5984,-5.0707,-0.49028,0,0,0,2.1459,2.14,2.1549,2.1422,10.683,32.823,-20.243,110.93,43.261,-10.179,14.305
3.14,2.4044,1.2709,1.3163,0.18652,-0.37326,0,0.90878,1.8493,-6.5231,1.961,-1.6019,-0.70995,0.80367,-9.4861,-4.7403,-0.69317,0,0,0,2.0975,2.0911,2.1074,2.0936,11.778,33.246,-20.333,108.11,41.325,-7.7886,13.983
3.15,2.4225,1.2055,1.3358,0.17748,-0.37717,0,0.90898,1.7551,-6.5688,1.9531,-1.7011,-0.68116,0.83883,-9.3629,-4.4059,-0.89685,0,0,0,2.0483,2.0413,2.0592,2.0443,12.845,33.649,-20.398,105.11,39.334,-5.3449,13.655
3.16,2.4395,1.1396,1.3553,0.16788,-0.38094,0,0.90923,1.6621,-6.6112,1.9431,-1.8088,-0.64997,0.87782,-9.2293,-4.0674,-1.1011,0,0,0,1.9984,1.9909,2.0104,1.9943,13.88,34.032,-20.439,101.94,37.29,-2.8518,13.323
3.17,2.4557,1.0733,1.3747,0.15767,-0.38455,0,0.90954,1.5705,-6.6502,1.9311,-1.9258,-0.61582,0.92098,-9.0854,-3.7253,-1.3055,0,0,0,1.9479,1.94,1.9613,1.9437,14.883,34.395,-20.455,98.598,35.195,-0.31354,12.988
3.18,2.471,1.0066,1.3939,0.14681,-0.38798,0,0.9099,1.4804,-6.6857,1.917,-2.053,-0.5781,0.96866,-8.9317,-3.3796,-1.5101,0,0,0,1.8971,1.8886,1.9118,1.8927,15.852,34.736,-20.445,95.097,33.05,2.2657,12.65
3.19,2.4853,0.93956,1.413,0.13522,-0.39122,0,0.91031,1.3919,-6.7177,1.9009,-2.191,-0.53606,1.0213,-8.7685,-3.0306,-1.7144,0,0,0,1.8459,1.837,1.8623,1.8413,16.784,35.056,-20.41,91.444,30.859,4.8817,12.311
3.2,2.4988,0.87224,1.432,0.12284,-0.39423,0,0.91076,1.3051,-6.7463,1.8827,-2.3408,-0.48883,1.0792,-8.5962,-2.6786,-1.9182,0,0,0,1.7945,1.7852,1.8128,1.7899,17.68,35.353,-20.348,87.647,28.622,7.5302,11.971
3.21,2.5114,0.80464,1.4507,0.10962,-0.39699,0,0.91126,1.22,-6.7713,1.8625,-2.5029,-0.43542,1.1428,-8.4151,-2.3237,-2.1212,0,0,0,1.7432,1.7335,1.7634,1.7384,18.537,35.628,-20.259,83.715,26.344,10.207,11.631
3.22,2.5232,0.73682,1.4692,0.095475,-0.39944,0,0.91178,1.1368,-6.7928,1.8403,-2.678,-0.37467,1.2125,-8.2256,-1.9661,-2.3233,0,0,0,1.692,1.6821,1.7145,1.6871,19.354,35.88,-20.143,79.654,24.025,12.908,11.293
3.23,2.5342,0.6688,1.4875,0.080334,-0.40154,0,0.91231,1.0555,-6.8106,1.816,-2.8667,-0.30526,1.2886,-8.0281,-1.6061,-2.524,0,0,0,1.6411,1.6311,1.6661,1.6362,20.13,36.108,-20.001,75.473,21.667,15.629,10.957
3.24,2.5443,0.60062,1.5055,0.064122,-0.40324,0,0.91285,0.97627,-6.8249,1.7898,-3.0691,-0.22573,1.3716,-7.8231,-1.244,-2.7232,0,0,0,1.5907,1.5809,1.6185,1.5858,20.863,36.313,-19.831,71.18,19.274,18.366,10.627
3.25,2.5537,0.53232,1.5233,0.046762,-0.40446,0,0.91336,0.8991,-6.8355,1.7616,-3.2851,-0.13442,1.4616,-7.611,-0.87996,-2.9205,0,0,0,1.541,1.5317,1.5719,1.5363,21.553,36.494,-19.633,66.783,16.847,21.115,10.301
3.26,2.5623,0.46392,1.5407,0.028181,-0.40512,0,0.91383,0.82408,-6.8425,1.7314,-3.5142,-0.029591,1.5588,-7.3922,-0.51422,-3.1158,0,0,0,1.4923,1.4837,1.5264,1.4878,22.198,36.65,-19.408,62.29,14.388,23.87,9.9838
3.27,2.5702,0.39548,1.5579,0.0083118,-0.40513,0,0.91422,0.75127,-6.8458,1.6993,-3.755,0.090611,1.6632,-7.1672,-0.14704,-3.3086,0,0,0,1.4447,1.4374,1.4824,1.4408,22.798,36.781,-19.156,57.709,11.899,26.629,9.6754
3.28,2.5774,0.32702,1.5747,-0.012903,-0.40439,0,0.91449,0.68075,-6.8454,1.6652,-4.0055,0.228,1.7745,-6.9364,0.22132,-3.4988,0,0,0,1.3985,1.3931,1.44,1.3954,23.352,36.888,-18.876,53.047,9.3833,29.387,9.3782
3.29,2.5838,0.25858,1.5912,-0.035504,-0.40278,0,0.91461,0.61256,-6.8413,1.6293,-4.2625,0.38427,1.892,-6.7003,0.59062,-3.686,0,0,0,1.3541,1.3511,1.3993,1.352,23.859,36.969,-18.568,48.313,6.8422,32.14,9.0942
3.3,2.5896,0.19021,1.6073,-0.05951,-0.40016,0,0.91451,0.54676,-6.8336,1.5915,-4.5216,0.56072,2.015,-6.4594,0.96061,-3.8701,0,0,0,1.3116,1.312,1.3607,1.311,24.318,37.024,-18.233,43.515,4.278,34.883,8.8255
3.31,2.5948,0.12192,1.623,-0.084908,-0.3964,0,0.91414,0.48339,-6.8221,1.5519,-4.7769,0.75811,2.1419,-6.2141,1.331,-4.0506,0,0,0,1.2716,1.276,1.3242,1.2728,24.729,37.054,-17.871,38.66,1.6932,37.612,8.5743
3.32,2.5993,0.053775,1.6383,-0.11164,-0.39136,0,0.91344,0.42249,-6.807,1.5105,-5.0213,0.97627,2.2707,-5.965,1.7016,-4.2274,0,0,0,1.2342,1.2436,1.29,1.2378,25.091,37.058,-17.481,33.756,-0.91004,40.322,8.3429
3.33,2.6032,-0.014203,1.6532,-0.13962,-0.38491,0,0.91233,0.3641,-6.7881,1.4674,-5.2461,1.2138,2.3991,-5.7124,2.0721,-4.4001,0,0,0,1.2,1.2153,1.2583,1.2065,25.404,37.036,-17.064,28.813,-3.5293,43.009,8.1336
3.34,2.6066,-0.081975,1.6677,-0.16868,-0.3769,0,0.91076,0.30825,-6.7655,1.4225,-5.4416,1.4678,2.5238,-5.457,2.4422,-4.5686,0,0,0,1.1694,1.1912,1.2292,1.1793,25.667,36.988,-16.621,23.836,-6.1621,45.666,7.9486
3.35,2.6094,-0.1495,1.6817,-0.19861,-0.36725,0,0.90867,0.25497,-6.7393,1.376,-5.5976,1.7336,2.6413,-5.1993,2.8118,-4.7325,0,0,0,1.1429,1.1718,1.2028,1.1566,25.881,36.913,-16.151,18.836,-8.8063,48.291,7.7901
3.36,2.6117,-0.21675,1.6952,-0.22914,-0.35589,0,0.906,0.20428,-6.7093,1.3279,-5.7043,2.0046,2.7477,-4.9396,3.1804,-4.8915,0,0,0,1.1209,1.157,1.1795,1.1386,26.044,36.811,-15.655,13.818,-11.459,50.877,7.6598
3.37,2.6135,-0.28368,1.7082,-0.25996,-0.3428,0,0.90273,0.15618,-6.6757,1.2782,-5.7531,2.2728,2.8392,-4.6785,3.5479,-5.0455,0,0,0,1.1038,1.147,1.1593,1.1255,26.157,36.684,-15.134,8.7923,-14.119,53.42,7.5594
3.38,2.6148,-0.35025,1.7207,-0.29069,-0.32802,0,0.89884,0.11071,-6.6383,1.227,-5.7381,2.529,2.9119,-4.4166,3.914,-5.1941,0,0,0,1.0921,1.1416,1.1427,1.1176,26.22,36.529,-14.587,3.7657,-16.783,55.915,7.4901
3.39,2.6157,-0.41643,1.7327,-0.32095,-0.31165,0,0.89435,0.067853,-6.5974,1.1743,-5.6563,2.7636,2.9628,-4.1543,4.2784,-5.3371,0,0,0,1.0861,1.1407,1.13,1.1147,26.232,36.348,-14.016,-1.2535,-19.449,58.358,7.4525
3.4,2.6162,-0.48218,1.7442,-0.35038,-0.29385,0,0.88931,0.027621,-6.5528,1.1203,-5.5089,2.9676,2.9895,-3.8921,4.6409,-5.4743,0,0,0,1.0857,1.144,1.1216,1.1168,26.195,36.14,-13.42,-6.2574,-22.115,60.744,7.4468
3.41,2.6163,-0.54747,1.7551,-0.37862,-0.27486,0,0.8838,-0.0099923,-6.5046,1.0649,-5.3009,3.1336,2.991,-3.6306,5.0011,-5.6055,0,0,0,1.091,1.1513,1.1179,1.1235,26.107,35.906,-12.801,-11.238,-24.777,63.067,7.4727
3.42,2.616,-0.61226,1.7655,-0.40536,-0.25493,0,0.87789,-0.044995,-6.4528,1.0082,-5.0405,3.2565,2.9673,-3.3702,5.3589,-5.7303,0,0,0,1.1018,1.1622,1.1191,1.1346,25.97,35.645,-12.159,-16.187,-27.435,65.323,7.5294
3.43,2.6154,-0.67652,1.7753,-0.43037,-0.23434,0,0.8717,-0.077401,-6.3974,0.9503,-4.7384,3.3337,2.9197,-3.1113,5.7139,-5.8486,0,0,0,1.1177,1.1766,1.1254,1.1497,25.784,35.357,-11.495,-21.097,-30.085,67.508,7.6155
3.44,2.6145,-0.7402,1.7845,-0.45346,-0.2134,0,0.86535,-0.10723,-6.3385,0.89125,-4.4065,3.3654,2.8502,-2.8546,6.0659,-5.9601,0,0,0,1.1382,1.1942,1.1367,1.1684,25.548,35.043,-10.809,-25.96,-32.726,69.616,7.7292
3.45,2.6132,-0.80328,1.7931,-0.47456,-0.19239,0,0.85894,-0.1345,-6.2761,0.83112,-4.0569,3.3542,2.7618,-2.6005,6.4147,-6.0647,0,0,0,1.1628,1.2148,1.153,1.1905,25.265,34.702,-10.103,-30.768,-35.354,71.643,7.8685
3.46,2.6118,-0.86571,1.8011,-0.49362,-0.17157,0,0.85258,-0.15925,-6.2102,0.76998,-3.7004,3.3044,2.6578,-2.3495,6.7599,-6.1621,0,0,0,1.191,1.2382,1.1739,1.2156,24.933,34.336,-9.3764,-35.513,-37.967,73.583,8.0311
3.47,2.6101,-0.92747,1.8085,-0.51069,-0.15117,0,0.84637,-0.1815,-6.1409,0.7079,-3.3465,3.2216,2.5416,-2.102,7.1013,-6.2521,0,0,0,1.2221,1.2642,1.1991,1.2434,24.555,33.943,-8.6312,-40.186,-40.564,75.433,8.2147
3.48,2.6082,-0.98852,1.8153,-0.52582,-0.13138,0,0.84039,-0.2013,-6.0682,0.64496,-3.0028,3.1118,2.4164,-1.8586,7.4387,-6.3346,0,0,0,1.2559,1.2927,1.228,1.2736,24.13,33.525,-7.868,-44.78,-43.141,77.187,8.4168
3.49,2.606,-1.0488,1.8214,-0.53914,-0.11235,0,0.83469,-0.21869,-5.9921,0.58123,-2.6746,2.9809,2.2854,-1.6196,7.7717,-6.4094,0,0,0,1.2917,1.3233,1.2601,1.3059,23.659,33.08,-7.0878,-49.288,-45.697,78.84,8.635
3.5,2.6038,-1.1083,1.8269,-0.55076,-0.094207,0,0.82933,-0.23371,-5.9128,0.5168,-2.3656,2.8346,2.1512,-1.3855,8.1002,-6.4764,0,0,0,1.3291,1.356,1.295,1.3401,23.144,32.611,-6.2916,-53.7,-48.229,80.389,8.867
3.51,2.6014,-1.1671,1.8318,-0.56083,-0.077018,0,0.82434,-0.24642,-5.8302,0.45173,-2.078,2.6778,2.016,-1.1568,8.4238,-6.5352,0,0,0,1.3679,1.3903,1.3322,1.3759,22.586,32.116,-5.4804,-58.009,-50.735,81.827,9.1105
3.52,2.5989,-1.2249,1.8359,-0.56949,-0.060839,0,0.81974,-0.25687,-5.7443,0.38612,-1.8125,2.5147,1.8816,-0.93396,8.7424,-6.5859,0,0,0,1.4078,1.4262,1.3711,1.413,21.985,31.596,-4.6554,-62.208,-53.212,83.152,9.3635
3.53,2.5963,-1.2819,1.8395,-0.57688,-0.045694,0,0.81555,-0.26512,-5.6553,0.32004,-1.5692,2.3488,1.7494,-0.71729,9.0557,-6.6283,0,0,0,1.4484,1.4633,1.4114,1.4513,21.342,31.052,-3.8178,-66.287,-55.659,84.359,9.624
3.54,2.5936,-1.338,1.8423,-0.58313,-0.03159,0,0.81177,-0.27124,-5.5632,0.25358,-1.3472,2.1828,1.6205,-0.50725,9.3634,-6.6622,0,0,0,1.4896,1.5014,1.4528,1.4904,20.659,30.483,-2.9686,-70.24,-58.073,85.445,9.8903
3.55,2.5908,-1.3932,1.8445,-0.58837,-0.01852,0,0.80838,-0.27529,-5.4681,0.18683,-1.1453,2.0188,1.4956,-0.30424,9.6653,-6.6876,0,0,0,1.531,1.5402,1.4949,1.5302,19.938,29.89,-2.1093,-74.058,-60.451,86.406,10.161
3.56,2.5881,-1.4474,1.8461,-0.5927,-0.0064633,0,0.8054,-0.27735,-5.3699,0.11986,-0.96211,1.8583,1.3752,-0.10862,9.9611,-6.7044,0,0,0,1.5727,1.5796,1.5374,1.5704,19.179,29.274,-1.241,-77.734,-62.793,87.238,10.434
3.57,2.5853,-1.5006,1.8469,-0.59623,0.0046076,0,0.8028,-0.27749,-5.2689,0.052767,-0.79606,1.7023,1.2597,0.079215,10.251,-6.7124,0,0,0,1.6143,1.6194,1.5801,1.6109,18.383,28.635,-0.36496,-81.259,-65.094,87.937,10.708
3.58,2.5825,-1.5528,1.8471,-0.59906,0.014726,0,0.80057,-0.27579,-5.165,-0.014361,-0.64554,1.5517,1.1492,0.25893,10.534,-6.7117,0,0,0,1.6558,1.6593,1.6227,1.6515,17.554,27.972,0.51734,-84.626,-67.354,88.5,10.982
3.59,2.5798,-1.6039,1.8467,-0.60126,0.023927,0,0.7987,-0.27234,-5.0582,-0.081437,-0.50899,1.4068,1.0438,0.43018,10.81,-6.7021,0,0,0,1.6969,1.6991,1.6652,1.6919,16.691,27.288,1.4046,-87.826,-69.57,88.923,11.255
3.6,2.5771,-1.6539,1.8455,-0.6029,0.03225,0,0.79717,-0.26721,-4.9488,-0.14837,-0.38492,1.2678,0.94328,0.59266,11.079,-6.6836,0,0,0,1.7377,1.7388,1.7072,1.7321,15.798,26.581,2.2953,-90.852,-71.739,89.201,11.526
3.61,2.5744,-1.7028,1.8437,-0.60404,0.039734,0,0.79596,-0.26051,-4.8367,-0.21508,-0.27195,1.1349,0.84766,0.74604,11.342,-6.6561,0,0,0,1.7779,1.7782,1.7487,1.772,14.875,25.853,3.1881,-93.696,-73.86,89.332,11.795
3.62,2.5719,-1.7506,1.8412,-0.60474,0.046416,0,0.79507,-0.25232,-4.722,-0.28147,-0.16881,1.0079,0.75675,0.89006,11.596,-6.6198,0,0,0,1.8175,1.8171,1.7896,1.8113,13.925,25.104,4.0814,-96.349,-75.931,89.311,12.059
3.63,2.5694,-1.7973,1.8381,-0.60505,0.052336,0,0.79447,-0.24274,-4.6048,-0.34744,-0.074348,0.88665,0.67036,1.0245,11.844,-6.5745,0,0,0,1.8564,1.8554,1.8298,1.85,12.949,24.335,4.9738,-98.805,-77.948,89.134,12.319
3.64,2.567,-1.8427,1.8343,-0.605,0.057528,0,0.79415,-0.23187,-4.4851,-0.41293,0.012478,0.77104,0.58829,1.149,12.083,-6.5203,0,0,0,1.8945,1.8931,1.8691,1.8881,11.949,23.545,5.8636,-101.05,-79.91,88.798,12.575
3.65,2.5648,-1.887,1.8298,-0.60462,0.062029,0,0.79409,-0.2198,-4.3631,-0.47782,0.092597,0.66077,0.51034,1.2634,12.314,-6.4573,0,0,0,1.9317,1.93,1.9075,1.9253,10.928,22.737,6.7492,-103.09,-81.815,88.299,12.824
3.66,2.5626,-1.93,1.8247,-0.60395,0.065872,0,0.79429,-0.20663,-4.2389,-0.54204,0.16684,0.55562,0.43631,1.3675,12.538,-6.3854,0,0,0,1.968,1.9661,1.945,1.9617,9.8882,21.909,7.629,-104.9,-83.66,87.632,13.068
3.67,2.5606,-1.9717,1.819,-0.60302,0.069088,0,0.79473,-0.19248,-4.1124,-0.6055,0.23593,0.45532,0.36599,1.4611,12.753,-6.3047,0,0,0,2.0033,2.0013,1.9814,1.9971,8.831,21.064,8.5013,-106.49,-85.444,86.795,13.305
3.68,2.5588,-2.0122,1.8126,-0.60183,0.071707,0,0.7954,-0.17745,-3.9838,-0.66811,0.30052,0.35962,0.29919,1.544,12.959,-6.2154,0,0,0,2.0376,2.0355,2.0167,2.0316,7.7592,20.201,9.3643,-107.84,-87.163,85.784,13.536
3.69,2.5571,-2.0514,1.8056,-0.60042,0.073758,0,0.79628,-0.16164,-3.8533,-0.72978,0.36118,0.26827,0.23574,1.6162,13.157,-6.1175,0,0,0,2.0708,2.0687,2.051,2.065,6.6751,19.321,10.216,-108.94,-88.816,84.594,13.759
3.7,2.5556,-2.0893,1.798,-0.59879,0.075267,0,0.79737,-0.14516,-3.7207,-0.79043,0.41841,0.18105,0.17546,1.6775,13.345,-6.0111,0,0,0,2.103,2.1009,2.0841,2.0974,5.5813,18.424,11.056,-109.78,-90.401,83.222,13.976
3.71,2.5542,-2.1258,1.7898,-0.59695,0.076261,0,0.79864,-0.12813,-3.5864,-0.84997,0.47265,0.09775,0.1182,1.7278,13.525,-5.8964,0,0,0,2.134,2.1319,2.116,2.1287,4.4803,17.513,11.88,-110.37,-91.914,81.664,14.184
3.72,2.553,-2.161,1.781,-0.59492,0.076761,0,0.80011,-0.11064,-3.4503,-0.90833,0.52427,0.018175,0.063812,1.7671,13.695,-5.7735,0,0,0,2.1639,2.1619,2.1468,2.1589,3.3747,16.586,12.688,-110.7,-93.356,79.922,14.386
3.73,2.552,-2.1948,1.7716,-0.59271,0.076793,0,0.80175,-0.09282,-3.3125,-0.96542,0.57361,-0.057854,0.012171,1.7953,13.857,-5.6427,0,0,0,2.1927,2.1908,2.1764,2.1879,2.2672,15.646,13.478,-110.77,-94.726,78.004,14.58
3.74,2.5511,-2.2272,1.7617,-0.59032,0.076377,0,0.80355,-0.074772,-3.1732,-1.0212,0.62096,-0.13051,-0.036855,1.8124,14.008,-5.504,0,0,0,2.2203,2.2186,2.2048,2.2159,1.1601,14.692,14.248,-110.6,-96.025,75.915,14.766
3.75,2.5505,-2.2583,1.7512,-0.58775,0.075533,0,0.80551,-0.056608,-3.0324,-1.0755,0.66657,-0.19994,-0.083387,1.8185,14.15,-5.3578,0,0,0,2.2467,2.2452,2.2321,2.2426,0.056066,13.726,14.996,-110.18,-97.251,73.665,14.944
3.76,2.55,-2.2879,1.7402,-0.58501,0.074282,0,0.80762,-0.038439,-2.8902,-1.1283,0.71068,-0.26631,-0.12754,1.8136,14.283,-5.2042,0,0,0,2.2721,2.2707,2.2581,2.2683,-1.0427,12.747,15.721,-109.54,-98.405,71.259,15.115
3.77,2.5497,-2.3161,1.7287,-0.58211,0.072643,0,0.80986,-0.020373,-2.7467,-1.1795,0.75347,-0.32973,-0.16942,1.7977,14.405,-5.0435,0,0,0,2.2962,2.295,2.283,2.2928,-2.1339,11.758,16.42,-108.67,-99.488,68.706,15.279
3.78,2.5496,-2.3428,1.7166,-0.57903,0.070632,0,0.81224,-0.0025212,-2.6021,-1.2291,0.79512,-0.39034,-0.20912,1.7709,14.518,-4.8759,0,0,0,2.3193,2.3183,2.3068,2.3162,-3.2154,10.758,17.094,-107.59,-100.5,66.012,15.434
3.79,2.5497,-2.3681,1.7041,-0.5758,0.068267,0,0.81474,0.015009,-2.4564,-1.277,0.83576,-0.44824,-0.24675,1.7334,14.62,-4.7017,0,0,0,2.3413,2.3405,2.3294,2.3385,-4.285,9.7481,17.74,-106.29,-101.44,63.184,15.583
3.8,2.5499,-2.3919,1.6911,-0.57239,0.065564,0,0.81735,0.032112,-2.3097,-1.3231,0.87553,-0.50352,-0.28239,1.6853,14.713,-4.5212,0,0,0,2.3622,2.3616,2.351,2.3597,-5.3406,8.7294,18.357,-104.8,-102.3,60.23,15.724
3.81,2.5503,-2.4143,1.6776,-0.56882,0.06254,0,0.82008,0.04868,-2.1622,-1.3674,0.91451,-0.55628,-0.31611,1.6267,14.795,-4.3346,0,0,0,2.382,2.3816,2.3714,2.3798,-6.3803,7.7023,18.944,-103.11,-103.1,57.158,15.858
3.82,2.5509,-2.4352,1.6637,-0.56509,0.059209,0,0.8229,0.064611,-2.0139,-1.4098,0.95281,-0.6066,-0.348,1.5577,14.867,-4.1424,0,0,0,2.4008,2.4007,2.3908,2.399,-7.4022,6.6677,19.5,-101.24,-103.82,53.973,15.985
3.83,2.5516,-2.4546,1.6494,-0.56119,0.055587,0,0.82582,0.079801,-1.8649,-1.4503,0.99048,-0.65453,-0.37812,1.4787,14.928,-3.9447,0,0,0,2.4186,2.4187,2.4092,2.4171,-8.4044,5.6262,20.024,-99.184,-104.47,50.684,16.106
3.84,2.5525,-2.4725,1.6347,-0.55712,0.051687,0,0.82882,0.094151,-1.7153,-1.4887,1.0276,-0.70014,-0.40654,1.3897,14.979,-3.742,0,0,0,2.4354,2.4358,2.4266,2.4342,-9.3853,4.5786,20.514,-96.96,-105.05,47.298,16.22
3.85,2.5535,-2.4889,1.6197,-0.55288,0.047523,0,0.8319,0.10756,-1.5653,-1.5251,1.0642,-0.74349,-0.43333,1.2911,15.02,-3.5346,0,0,0,2.4513,2.4519,2.4431,2.4504,-10.343,3.5255,20.969,-94.573,-105.55,43.822,16.328
3.86,2.5546,-2.5038,1.6042,-0.54847,0.04311,0,0.83506,0.11994,-1.415,-1.5594,1.1003,-0.78461,-0.45854,1.1829,15.05,-3.3228,0,0,0,2.4664,2.4672,2.4586,2.4657,-11.276,2.4678,21.39,-92.029,-105.98,40.263,16.43
3.87,2.5559,-2.5172,1.5885,-0.54389,0.038461,0,0.83827,0.13119,-1.2644,-1.5915,1.1359,-0.82356,-0.48223,1.0656,15.069,-3.1069,0,0,0,2.4805,2.4815,2.4733,2.4802,-12.183,1.4061,21.774,-89.336,-106.34,36.629,16.526
3.88,2.5572,-2.5291,1.5724,-0.53914,0.033588,0,0.84155,0.14122,-1.1136,-1.6215,1.171,-0.86035,-0.50445,0.93936,15.078,-2.8874,0,0,0,2.4938,2.4951,2.4872,2.4938,-13.062,0.34117,22.122,-86.503,-106.63,32.926,16.616
3.89,2.5587,-2.5395,1.5561,-0.53421,0.028505,0,0.84487,0.14995,-0.96284,-1.6493,1.2057,-0.89504,-0.52524,0.80446,15.076,-2.6646,0,0,0,2.5064,2.5078,2.5002,2.5066,-13.913,-0.72628,22.433,-83.535,-106.85,29.162,16.702
3.9,2.5602,-2.5483,1.5394,-0.5291,0.023225,0,0.84824,0.15728,-0.81214,-1.6748,1.2399,-0.92763,-0.54467,0.66121,15.063,-2.4389,0,0,0,2.5182,2.5198,2.5125,2.5186,-14.733,-1.7955,22.705,-80.441,-106.99,25.345,16.782
3.91,2.5618,-2.5557,1.5226,-0.52381,0.017759,0,0.85165,0.16315,-0.66161,-1.698,1.2737,-0.95816,-0.56277,0.50991,15.04,-2.2106,0,0,0,2.5292,2.5311,2.524,2.5299,-15.521,-2.8658,22.939,-77.227,-107.06,21.482,16.857
3.92,2.5635,-2.5616,1.5055,-0.51835,0.012121,0,0.85508,0.16746,-0.51137,-1.719,1.307,-0.98666,-0.57959,0.35089,15.006,-1.9802,0,0,0,2.5396,2.5417,2.5349,2.5406,-16.277,-3.9364,23.135,-73.901,-107.05,17.58,16.928
3.93,2.5652,-2.5659,1.4882,-0.51271,0.0063221,0,0.85854,0.17014,-0.36152,-1.7376,1.3397,-1.0131,-0.59516,0.18449,14.961,-1.7481,0,0,0,2.5494,2.5517,2.5451,2.5506,-16.999,-5.0066,23.291,-70.469,-106.97,13.648,16.995
3.94,2.5669,-2.5688,1.4707,-0.50689,0.00037514,0,0.86201,0.17112,-0.21218,-1.7539,1.372,-1.0376,-0.60955,0.011032,14.906,-1.5145,0,0,0,2.5586,2.5611,2.5547,2.5599,-17.686,-6.0756,23.408,-66.939,-106.82,9.6914,17.057
3.95,2.5686,-2.5702,1.4531,-0.50088,-0.005708,0,0.8655,0.17034,-0.063437,-1.7679,1.4037,-1.0601,-0.62278,-0.16912,14.84,-1.28,0,0,0,2.5672,2.5698,2.5638,2.5687,-18.337,-7.1427,23.485,-63.318,-106.59,5.7191,17.116
3.96,2.5703,-2.5701,1.4354,-0.4947,-0.011916,0,0.86898,0.16772,0.084588,-1.7795,1.4348,-1.0807,-0.63489,-0.35559,14.763,-1.045,0,0,0,2.5753,2.5781,2.5723,2.577,-18.952,-8.2071,23.522,-59.612,-106.28,1.7383,17.171
3.97,2.5719,-2.5685,1.4176,-0.48834,-0.018236,0,0.87246,0.16321,0.23179,-1.7888,1.4653,-1.0993,-0.64594,-0.54803,14.676,-0.80973,0,0,0,2.5828,2.5858,2.5803,2.5847,-19.529,-9.268,23.519,-55.83,-105.9,-2.2437,17.223
3.98,2.5735,-2.5654,1.3996,-0.4818,-0.024657,0,0.87593,0.15674,0.37807,-1.7957,1.4952,-1.116,-0.65595,-0.74605,14.578,-0.57471,0,0,0,2.5899,2.5931,2.5878,2.592,-20.068,-10.325,23.477,-51.978,-105.44,-6.2192,17.271
3.99,2.5751,-2.5609,1.3816,-0.47508,-0.031168,0,0.87939,0.14827,0.52331,-1.8003,1.5244,-1.1309,-0.66497,-0.94927,14.469,-0.34032,0,0,0,2.5966,2.5999,2.5948,2.5988,-20.569,-11.376,23.395,-48.063,-104.9,-10.181,17.317
4,2.5765,-2.555,1.3636,-0.46819,-0.037757,0,0.88282,0.13774,0.66742,-1.8025,1.553,-1.1439,-0.67305,-1.1573,14.35,-0.10694,0,0,0,2.6029,2.6063,2.6014,2.6052,-21.03,-12.422,23.274,-44.093,-104.28,-14.121,17.36
4.01,2.5778,-2.5476,1.3456,-0.46112,-0.044414,0,0.88623,0.12511,0.81029,-1.8025,1.5808,-1.1551,-0.68022,-1.3697,14.221,0.12502,0,0,0,2.6087,2.6123,2.6077,2.6111,-21.45,-13.462,23.113,-40.074,-103.59,-18.033,17.4
4.02,2.579,-2.5388,1.3276,-0.45388,-0.051127,0,0.8896,0.11033,0.9518,-1.8001,1.608,-1.1645,-0.68653,-1.5862,14.081,0.35518,0,0,0,2.6142,2.6179,2.6135,2.6167,-21.831,-14.494,22.913,-36.013,-102.82,-21.908,17.437
4.03,2.58,-2.5285,1.3096,-0.44646,-0.057886,0,0.89293,0.093372,1.0919,-1.7954,1.6344,-1.1721,-0.69202,-1.8062,13.931,0.58315,0,0,0,2.6193,2.6232,2.619,2.622,-22.171,-15.518,22.675,-31.918,-101.96,-25.739,17.472
4.04,2.5809,-2.5169,1.2917,-0.43888,-0.064679,0,0.89621,0.074197,1.2304,-1.7884,1.66,-1.1781,-0.69673,-2.0294,13.771,0.80855,0,0,0,2.6241,2.6281,2.6241,2.6269,-22.469,-16.533,22.398,-27.796,-101.03,-29.519,17.505
4.05,2.5815,-2.5039,1.2739,-0.43114,-0.071498,0,0.89945,0.052774,1.3673,-1.7792,1.685,-1.1824,-0.70071,-2.2555,13.6,1.031,0,0,0,2.6286,2.6327,2.6289,2.6314,-22.726,-17.538,22.085,-23.654,-100.02,-33.241,17.536
4.06,2.5819,-2.4896,1.2561,-0.42323,-0.078332,0,0.90263,0.02908,1.5024,-1.7678,1.7091,-1.1851,-0.704,-2.4838,13.42,1.2501,0,0,0,2.6328,2.6369,2.6334,2.6357,-22.942,-18.533,21.734,-19.5,-98.926,-36.895,17.565
4.07,2.5821,-2.4739,1.2385,-0.41516,-0.085172,0,0.90575,0.003091,1.6356,-1.7542,1.7325,-1.1862,-0.70664,-2.7142,13.23,1.4656,0,0,0,2.6367,2.6409,2.6375,2.6396,-23.116,-19.517,21.347,-15.34,-97.752,-40.475,17.591
4.08,2.582,-2.4569,1.221,-0.40693,-0.092007,0,0.90881,-0.025209,1.7669,-1.7385,1.7552,-1.1859,-0.70869,-2.946,13.03,1.6769,0,0,0,2.6403,2.6446,2.6414,2.6433,-23.249,-20.488,20.925,-11.182,-96.497,-43.971,17.616
4.09,2.5816,-2.4386,1.2037,-0.39856,-0.09883,0,0.9118,-0.055833,1.8962,-1.7207,1.7772,-1.184,-0.71017,-3.179,12.82,1.8839,0,0,0,2.6437,2.648,2.645,2.6466,-23.34,-21.446,20.468,-7.0345,-95.162,-47.375,17.639
4.1,2.5808,-2.419,1.1866,-0.39003,-0.10563,0,0.91472,-0.088791,2.0233,-1.7008,1.7985,-1.1808,-0.71115,-3.4127,12.601,2.0862,0,0,0,2.6467,2.6511,2.6483,2.6497,-23.39,-22.391,19.977,-2.9045,-93.745,-50.678,17.66
4.11,2.5798,-2.3981,1.1697,-0.38136,-0.1124,0,0.91757,-0.12409,2.1482,-1.679,1.8191,-1.1762,-0.71167,-3.6467,12.372,2.2834,0,0,0,2.6495,2.654,2.6513,2.6525,-23.398,-23.321,19.455,1.2005,-92.248,-53.873,17.679
4.12,2.5783,-2.376,1.1531,-0.37254,-0.11913,0,0.92034,-0.16172,2.2707,-1.6552,1.839,-1.1703,-0.71176,-3.8805,12.135,2.4752,0,0,0,2.652,2.6566,2.654,2.655,-23.366,-24.236,18.9,5.2727,-90.67,-56.95,17.696
4.13,2.5765,-2.3527,1.1366,-0.36358,-0.12582,0,0.92303,-0.2017,2.3908,-1.6295,1.8583,-1.1631,-0.71148,-4.1138,11.888,2.6613,0,0,0,2.6542,2.6588,2.6564,2.6573,-23.293,-25.134,18.316,9.3046,-89.011,-59.902,17.711
4.14,2.5743,-2.3282,1.1205,-0.35449,-0.13246,0,0.92563,-0.244,2.5084,-1.602,1.8771,-1.1548,-0.71088,-4.3462,11.632,2.8414,0,0,0,2.6562,2.6609,2.6585,2.6592,-23.18,-26.015,17.703,13.289,-87.271,-62.72,17.725
4.15,2.5716,-2.3025,1.1046,-0.34527,-0.13903,0,0.92815,-0.28862,2.6234,-1.5727,1.8954,-1.1454,-0.70998,-4.5773,11.367,3.0152,0,0,0,2.6578,2.6626,2.6604,2.6609,-23.027,-26.879,17.062,17.217,-85.449,-65.395,17.736
4.16,2.5685,-2.2758,1.089,-0.33591,-0.14553,0,0.93058,-0.33554,2.7358,-1.5417,1.9132,-1.1348,-0.70884,-4.8067,11.094,3.1825,0,0,0,2.6592,2.664,2.6619,2.6622,-22.836,-27.724,16.395,21.083,-83.547,-67.92,17.746
4.17,2.5649,-2.2478,1.0738,-0.32643,-0.15197,0,0.93292,-0.38474,2.8453,-1.5091,1.9305,-1.1233,-0.70751,-5.0339,10.813,3.3431,0,0,0,2.6603,2.6651,2.6631,2.6633,-22.606,-28.55,15.704,24.878,-81.563,-70.285,17.753
4.18,2.5608,-2.2189,1.0588,-0.31683,-0.15832,0,0.93518,-0.43621,2.952,-1.4749,1.9475,-1.1107,-0.70601,-5.2586,10.523,3.4966,0,0,0,2.6611,2.666,2.664,2.6641,-22.338,-29.355,14.99,28.595,-79.498,-72.482,17.759
4.19,2.5562,-2.1888,1.0443,-0.3071,-0.16459,0,0.93734,-0.48991,3.0557,-1.4392,1.9642,-1.0972,-0.70439,-5.4805,10.226,3.6428,0,0,0,2.6616,2.6665,2.6646,2.6645,-22.034,-30.139,14.255,32.226,-77.352,-74.502,17.762
4.2,2.551,-2.1577,1.0301,-0.29726,-0.17077,0,0.9394,-0.54581,3.1565,-1.402,1.9807,-1.0828,-0.70269,-5.6992,9.9207,3.7816,0,0,0,2.6618,2.6667,2.6649,2.6647,-21.694,-30.902,13.501,35.764,-75.124,-76.339,17.763
4.21,2.5453,-2.1257,1.0162,-0.2873,-0.17685,0,0.94137,-0.60388,3.2541,-1.3635,1.9969,-1.0676,-0.70095,-5.9143,9.608,3.9128,0,0,0,2.6616,2.6666,2.6648,2.6645,-21.319,-31.642,12.729,39.201,-72.815,-77.982,17.763
4.22,2.5389,-2.0927,1.0028,-0.27722,-0.18283,0,0.94325,-0.66408,3.3486,-1.3238,2.0129,-1.0515,-0.6992,-6.1255,9.288,4.0361,0,0,0,2.6611,2.6662,2.6644,2.664,-20.911,-32.358,11.942,42.53,-70.424,-79.423,17.76
4.23,2.532,-2.0587,0.98977,-0.26703,-0.1887,0,0.94503,-0.72637,3.4399,-1.2829,2.0289,-1.0346,-0.69747,-6.3324,8.9609,4.1515,0,0,0,2.6604,2.6655,2.6637,2.6632,-20.469,-33.05,11.141,45.746,-67.953,-80.661,17.755
4.24,2.5244,-2.0239,0.97715,-0.25673,-0.19447,0,0.94672,-0.79071,3.5278,-1.2408,2.0448,-1.0169,-0.69579,-6.5348,8.6271,4.2589,0,0,0,2.6592,2.6644,2.6627,2.6621,-19.996,-33.717,10.329,48.85,-65.406,-81.699,17.747
4.25,2.5162,-1.9882,0.96496,-0.24632,-0.20012,0,0.9483,-0.85705,3.6124,-1.1977,2.0607,-0.99842,-0.69419,-6.7322,8.2867,4.3581,0,0,0,2.6578,2.6631,2.6613,2.6606,-19.492,-34.358,9.5079,51.844,-62.784,-82.542,17.738
4.26,2.5072,-1.9517,0.9532,-0.2358,-0.20564,0,0.94979,-0.92534,3.6935,-1.1537,2.0766,-0.97919,-0.69271,-6.9245,7.94,4.449,0,0,0,2.656,2.6613,2.6596,2.6588,-18.96,-34.972,8.6791,54.727,-60.091,-83.197,17.726
4.27,2.4976,-1.9143,0.94189,-0.22517,-0.21105,0,0.95119,-0.99552,3.7712,-1.1087,2.0925,-0.9592,-0.69135,-7.1113,7.5873,4.5317,0,0,0,2.6539,2.6593,2.6575,2.6566,-18.398,-35.559,7.8446,57.501,-57.331,-83.667,17.712
4.28,2.4873,-1.8762,0.93103,-0.21444,-0.21632,0,0.95248,-1.0675,3.8453,-1.0631,2.1084,-0.93843,-0.69013,-7.2924,7.2289,4.6059,0,0,0,2.6515,2.657,2.6551,2.6542,-17.81,-36.119,7.0063,60.167,-54.507,-83.959,17.696
4.29,2.4763,-1.8374,0.92063,-0.2036,-0.22146,0,0.95368,-1.1414,3.9157,-1.0167,2.1244,-0.9169,-0.68909,-7.4674,6.8651,4.6718,0,0,0,2.6488,2.6543,2.6524,2.6514,-17.195,-36.649,6.166,62.726,-51.622,-84.077,17.678
4.3,2.4645,-1.7979,0.9107,-0.19265,-0.22647,0,0.95478,-1.2169,3.9825,-0.96964,2.1405,-0.89458,-0.68823,-7.6362,6.496,4.7292,0,0,0,2.6457,2.6513,2.6494,2.6483,-16.556,-37.151,5.3253,65.178,-48.678,-84.027,17.658
4.31,2.4519,-1.7578,0.90124,-0.1816,-0.23133,0,0.95578,-1.2941,4.0456,-0.9221,2.1566,-0.87145,-0.68756,-7.7985,6.1221,4.7783,0,0,0,2.6424,2.648,2.6461,2.6449,-15.892,-37.623,4.486,67.525,-45.68,-83.813,17.636
4.32,2.4386,-1.717,0.89226,-0.17045,-0.23604,0,0.95668,-1.3728,4.105,-0.87411,2.1728,-0.84751,-0.68711,-7.954,5.7437,4.819,0,0,0,2.6387,2.6445,2.6425,2.6412,-15.206,-38.064,3.6496,69.767,-42.63,-83.442,17.611
4.33,2.4245,-1.6757,0.88376,-0.1592,-0.24061,0,0.95748,-1.4531,4.1605,-0.82575,2.189,-0.82272,-0.68687,-8.1025,5.3609,4.8513,0,0,0,2.6348,2.6406,2.6386,2.6372,-14.497,-38.475,2.8177,71.906,-39.532,-82.917,17.585
4.34,2.4095,-1.6338,0.87574,-0.14784,-0.24501,0,0.95818,-1.5348,4.2122,-0.77711,2.2052,-0.79706,-0.68687,-8.2438,4.9743,4.8753,0,0,0,2.6306,2.6365,2.6345,2.6329,-13.768,-38.855,1.9917,73.942,-36.389,-82.245,17.557
4.35,2.3938,-1.5915,0.86822,-0.13638,-0.24926,0,0.95879,-1.618,4.26,-0.72827,2.2214,-0.77052,-0.68711,-8.3778,4.584,4.8912,0,0,0,2.6261,2.6321,2.6301,2.6284,-13.019,-39.203,1.1732,75.876,-33.203,-81.43,17.528
4.36,2.3772,-1.5487,0.86118,-0.12483,-0.25334,0,0.95929,-1.7024,4.3038,-0.67931,2.2375,-0.74305,-0.68759,-8.5042,4.1903,4.8988,0,0,0,2.6214,2.6275,2.6254,2.6236,-12.251,-39.519,0.3636,77.708,-29.979,-80.478,17.497
4.37,2.3597,-1.5054,0.85463,-0.11318,-0.25724,0,0.9597,-1.788,4.3438,-0.63032,2.2535,-0.71464,-0.68833,-8.6227,3.7937,4.8985,0,0,0,2.6165,2.6226,2.6205,2.6186,-11.465,-39.802,-0.43586,79.441,-26.719,-79.393,17.464
4.38,2.3414,-1.4618,0.84857,-0.10143,-0.26097,0,0.96,-1.8748,4.3797,-0.58137,2.2694,-0.68524,-0.68933,-8.7334,3.3944,4.8902,0,0,0,2.6114,2.6175,2.6154,2.6134,-10.662,-40.053,-1.2238,81.075,-23.427,-78.182,17.43
4.39,2.3222,-1.4178,0.843,-0.089593,-0.26452,0,0.96021,-1.9627,4.4116,-0.53254,2.2851,-0.65484,-0.6906,-8.8359,2.9927,4.874,0,0,0,2.6061,2.6123,2.6101,2.6079,-9.8436,-40.271,-1.9991,82.61,-20.105,-76.848,17.394
4.4,2.3022,-1.3736,0.83792,-0.077664,-0.26788,0,0.96032,-2.0515,4.4396,-0.48391,2.3005,-0.6234,-0.69213,-8.9302,2.5891,4.8502,0,0,0,2.6005,2.6068,2.6047,2.6023,-9.0102,-40.455,-2.7604,84.048,-16.757,-75.399,17.357
4.41,2.2812,-1.3291,0.83332,-0.065648,-0.27104,0,0.96033,-2.1412,4.4634,-0.43556,2.3156,-0.5909,-0.69393,-9.0161,2.1838,4.8189,0,0,0,2.5949,2.6012,2.5991,2.5965,-8.1629,-40.606,-3.5067,85.39,-13.386,-73.837,17.319
4.42,2.2593,-1.2843,0.82921,-0.053548,-0.27401,0,0.96024,-2.2318,4.4832,-0.38756,2.3302,-0.55731,-0.69601,-9.0934,1.7771,4.7801,0,0,0,2.5891,2.5954,2.5933,2.5906,-7.3027,-40.723,-4.2368,86.636,-9.9959,-72.169,17.281
4.43,2.2366,-1.2394,0.82557,-0.041367,-0.27676,0,0.96005,-2.3231,4.499,-0.33998,2.3444,-0.5226,-0.69837,-9.1621,1.3694,4.7342,0,0,0,2.5831,2.5895,2.5874,2.5845,-6.4305,-40.806,-4.9497,87.787,-6.5889,-70.401,17.241
4.44,2.2129,-1.1944,0.82241,-0.029109,-0.27931,0,0.95976,-2.415,4.5106,-0.2929,2.358,-0.48674,-0.701,-9.222,0.96109,4.6812,0,0,0,2.5771,2.5835,2.5815,2.5784,-5.5473,-40.854,-5.6445,88.845,-3.1686,-68.536,17.201
4.45,2.1883,-1.1492,0.81971,-0.016779,-0.28164,0,0.95937,-2.5075,4.5182,-0.24638,2.371,-0.44973,-0.70391,-9.273,0.55244,4.6214,0,0,0,2.571,2.5774,2.5754,2.5721,-4.654,-40.869,-6.3202,89.809,0.2619,-66.58,17.16
4.46,2.1627,-1.104,0.81748,-0.0043809,-0.28374,0,0.95889,-2.6004,4.5217,-0.2005,2.3833,-0.41153,-0.7071,-9.3151,0.14382,4.5549,0,0,0,2.5648,2.5713,2.5693,2.5657,-3.7514,-40.849,-6.9758,90.682,3.6994,-64.538,17.118
4.47,2.1362,-1.0588,0.8157,0.008079,-0.28561,0,0.95831,-2.6938,4.5211,-0.15531,2.3947,-0.37215,-0.71058,-9.348,-0.26442,4.4819,0,0,0,2.5586,2.5651,2.5631,2.5593,-2.8406,-40.795,-7.6106,91.462,7.1407,-62.414,17.077
4.48,2.1088,-1.0136,0.81437,0.020596,-0.28725,0,0.95764,-2.7874,4.5164,-0.11088,2.4053,-0.33155,-0.71434,-9.3718,-0.67196,4.4027,0,0,0,2.5523,2.5588,2.5569,2.5529,-1.9225,-40.706,-8.2238,92.152,10.583,-60.212,17.035
4.49,2.0805,-0.96847,0.81348,0.033162,-0.28864,0,0.95686,-2.8812,4.5076,-0.067272,2.4148,-0.28975,-0.71838,-9.3865,-1.0784,4.3175,0,0,0,2.5461,2.5525,2.5507,2.5464,-0.9979,-40.583,-8.8146,92.75,14.022,-57.937,16.993
4.5,2.0512,-0.92346,0.81302,0.045773,-0.28978,0,0.956,-2.9751,4.4948,-0.024547,2.4232,-0.24673,-0.7227,-9.3918,-1.4835,4.2265,0,0,0,2.5398,2.5463,2.5445,2.54,-0.067782,-40.426,-9.3823,93.258,17.456,-55.593,16.951
4.51,2.021,-0.87859,0.81298,0.05842,-0.29066,0,0.95504,-3.069,4.478,0.01724,2.4304,-0.2025,-0.72731,-9.3878,-1.8868,4.13,0,0,0,2.5336,2.54,2.5384,2.5335,0.86697,-40.234,-9.9263,93.677,20.881,-53.184,16.909
4.52,1.9898,-0.83391,0.81336,0.071096,-0.29129,0,0.95399,-3.1628,4.4571,0.058035,2.4364,-0.15706,-0.7322,-9.3744,-2.2881,4.0281,0,0,0,2.5274,2.5338,2.5322,2.5271,1.8055,-40.008,-10.446,94.007,24.294,-50.716,16.868
4.53,1.9577,-0.78946,0.81414,0.083793,-0.29164,0,0.95285,-3.2564,4.4322,0.097785,2.4409,-0.11043,-0.73738,-9.3517,-2.6869,3.9211,0,0,0,2.5213,2.5276,2.5262,2.5207,2.7468,-39.748,-10.94,94.248,27.692,-48.192,16.826
4.54,1.9247,-0.74528,0.81531,0.096502,-0.29172,0,0.95162,-3.3498,4.4034,0.13644,2.444,-0.062627,-0.74284,-9.3195,-3.0829,3.8093,0,0,0,2.5152,2.5215,2.5202,2.5144,3.6901,-39.455,-11.409,94.401,31.071,-45.617,16.785
4.55,1.8907,-0.70141,0.81687,0.10921,-0.29152,0,0.95031,-3.4428,4.3706,0.17396,2.4454,-0.013664,-0.74859,-9.2779,-3.4759,3.693,0,0,0,2.5092,2.5154,2.5142,2.5082,4.6345,-39.127,-11.853,94.466,34.429,-42.995,16.745
4.56,1.8559,-0.65788,0.81879,0.12192,-0.29103,0,0.94891,-3.5353,4.3338,0.21029,2.4452,0.036426,-0.75462,-9.2268,-3.8654,3.5724,0,0,0,2.5034,2.5095,2.5084,2.502,5.5792,-38.766,-12.269,94.445,37.762,-40.331,16.705
4.57,1.82,-0.61474,0.82107,0.13461,-0.29025,0,0.94744,-3.6273,4.2933,0.24539,2.4432,0.087612,-0.76094,-9.1663,-4.2511,3.4477,0,0,0,2.4976,2.5036,2.5027,2.496,6.5232,-38.372,-12.659,94.337,41.067,-37.629,16.666
4.58,1.7833,-0.57203,0.82369,0.14727,-0.28917,0,0.94588,-3.7186,4.2488,0.27923,2.4394,0.13986,-0.76754,-9.0963,-4.6327,3.3193,0,0,0,2.492,2.4978,2.4971,2.49,7.4656,-37.945,-13.022,94.144,44.342,-34.893,16.628
4.59,1.7457,-0.52978,0.82665,0.1599,-0.28779,0,0.94425,-3.8092,4.2006,0.31176,2.4336,0.19311,-0.77444,-9.017,-5.0099,3.1874,0,0,0,2.4864,2.4921,2.4916,2.4842,8.4057,-37.485,-13.357,93.865,47.582,-32.129,16.591
4.6,1.7071,-0.48803,0.82992,0.17248,-0.28611,0,0.94255,-3.8989,4.1487,0.34297,2.4258,0.24734,-0.78162,-8.9282,-5.3823,3.0522,0,0,0,2.481,2.4866,2.4862,2.4785,9.3426,-36.993,-13.664,93.501,50.785,-29.34,16.554
4.61,1.6677,-0.44682,0.8335,0.185,-0.28411,0,0.94077,-3.9877,4.093,0.3728,2.416,0.30248,-0.7891,-8.8301,-5.7496,2.9142,0,0,0,2.4758,2.4812,2.481,2.4729,10.275,-36.47,-13.944,93.053,53.947,-26.53,16.518
4.62,1.6274,-0.40618,0.83737,0.19744,-0.2818,0,0.93894,-4.0755,4.0337,0.40124,2.4039,0.35848,-0.79687,-8.7227,-6.1116,2.7735,0,0,0,2.4707,2.4759,2.4759,2.4675,11.203,-35.914,-14.195,92.521,57.065,-23.705,16.483
4.63,1.5862,-0.36616,0.84152,0.20981,-0.27917,0,0.93704,-4.1621,3.9708,0.42826,2.3896,0.41527,-0.80493,-8.6061,-6.4678,2.6304,0,0,0,2.4657,2.4707,2.4709,2.4622,12.126,-35.328,-14.418,91.906,60.137,-20.868,16.449
4.64,1.5441,-0.32678,0.84593,0.22208,-0.27622,0,0.93508,-4.2476,3.9043,0.45384,2.3731,0.4728,-0.81329,-8.4803,-6.818,2.4852,0,0,0,2.4609,2.4657,2.4661,2.457,13.041,-34.712,-14.612,91.208,63.159,-18.024,16.416
4.65,1.5012,-0.28808,0.85059,0.23424,-0.27294,0,0.93308,-4.3317,3.8344,0.47796,2.3542,0.53099,-0.82195,-8.3453,-7.162,2.3382,0,0,0,2.4562,2.4608,2.4614,2.452,13.95,-34.065,-14.778,90.429,66.127,-15.177,16.384
4.66,1.4575,-0.2501,0.85549,0.24629,-0.26934,0,0.93102,-4.4145,3.7611,0.5006,2.3329,0.58976,-0.83091,-8.2013,-7.4993,2.1897,0,0,0,2.4517,2.456,2.4569,2.4471,14.85,-33.39,-14.916,89.568,69.039,-12.333,16.353
4.67,1.413,-0.21287,0.8606,0.2582,-0.26541,0,0.92892,-4.4957,3.6845,0.52175,2.3092,0.64905,-0.84018,-8.0483,-7.8296,2.04,0,0,0,2.4473,2.4514,2.4525,2.4423,15.741,-32.685,-15.025,88.625,71.891,-9.4942,16.322
4.68,1.3676,-0.17642,0.86592,0.26996,-0.26114,0,0.92678,-4.5754,3.6046,0.5414,2.283,0.70878,-0.84975,-7.8865,-8.1529,1.8893,0,0,0,2.4431,2.4468,2.4482,2.4377,16.622,-31.952,-15.106,87.603,74.681,-6.6669,16.293
4.69,1.3215,-0.14079,0.87142,0.28157,-0.25654,0,0.92461,-4.6534,3.5214,0.55954,2.2543,0.76886,-0.85963,-7.7159,-8.4686,1.738,0,0,0,2.4389,2.4425,2.444,2.4332,17.492,-31.191,-15.158,86.501,77.405,-3.8555,16.264
4.7,1.2745,-0.106,0.8771,0.29301,-0.25161,0,0.92241,-4.7297,3.4352,0.57616,2.2231,0.8292,-0.86982,-7.5367,-8.7766,1.5863,0,0,0,2.435,2.4382,2.44,2.4288,18.352,-30.404,-15.183,85.32,80.059,-1.0649,16.237
4.71,1.2269,-0.072097,0.88294,0.30426,-0.24635,0,0.92018,-4.8041,3.3459,0.59126,2.1894,0.88973,-0.88033,-7.3489,-9.0766,1.4344,0,0,0,2.4311,2.434,2.4361,2.4246,19.199,-29.591,-15.18,84.061,82.641,1.7,16.21
4.72,1.1785,-0.039096,0.88892,0.31532,-0.24075,0,0.91794,-4.8766,3.2537,0.60485,2.1531,0.95036,-0.89115,-7.1528,-9.3683,1.2828,0,0,0,2.4274,2.4299,2.4323,2.4205,20.033,-28.752,-15.149,82.724,85.147,4.4343,16.183
4.73,1.1293,-0.0070319,0.89503,0.32617,-0.23481,0,0.91568,-4.9471,3.1586,0.61692,2.1143,1.011,-0.9023,-6.9483,-9.6515,1.1316,0,0,0,2.4237,2.426,2.4285,2.4164,20.853,-27.888,-15.091,81.31,87.575,7.1333,16.158
4.74,1.0795,0.024067,0.90126,0.33679,-0.22855,0,0.91342,-5.0156,3.0607,0.62748,2.0729,1.0715,-0.91376,-6.7358,-9.926,0.98105,0,0,0,2.4202,2.4221,2.4249,2.4125,21.658,-27,-15.006,79.821,89.92,9.7919,16.133
4.75,1.029,0.054173,0.90758,0.34718,-0.22195,0,0.91115,-5.0818,2.9601,0.63654,2.029,1.1319,-0.92554,-6.5152,-10.191,0.83152,0,0,0,2.4168,2.4183,2.4214,2.4087,22.449,-26.09,-14.895,78.256,92.179,12.405,16.108
4.76,0.9779,0.083261,0.91398,0.35733,-0.21502,0,0.90889,-5.1459,2.8569,0.64411,1.9825,1.192,-0.93765,-6.2868,-10.448,0.68323,0,0,0,2.4134,2.4146,2.4179,2.4049,23.223,-25.157,-14.758,76.616,94.35,14.969,16.085
4.77,0.92613,0.1113,0.92046,0.36721,-0.20776,0,0.90664,-5.2075,2.7512,0.65021,1.9335,1.2518,-0.95008,-6.0508,-10.695,0.53643,0,0,0,2.4101,2.4109,2.4145,2.4013,23.981,-24.203,-14.596,74.902,96.429,17.477,16.061
4.78,0.87376,0.13828,0.92698,0.37683,-0.20018,0,0.90439,-5.2668,2.6431,0.65485,1.8819,1.311,-0.96282,-5.8073,-10.932,0.39139,0,0,0,2.4069,2.4073,2.4111,2.3976,24.721,-23.229,-14.409,73.115,98.413,19.926,16.038
4.79,0.8208,0.16416,0.93355,0.38616,-0.19228,0,0.90217,-5.3237,2.5326,0.65805,1.8279,1.3698,-0.97589,-5.5564,-11.159,0.24833,0,0,0,2.4037,2.4037,2.4078,2.3941,25.443,-22.235,-14.198,71.255,100.3,22.31,16.016
4.8,0.76729,0.18892,0.94014,0.39519,-0.18406,0,0.89997,-5.378,2.4199,0.65982,1.7714,1.4279,-0.98927,-5.2985,-11.376,0.10751,0,0,0,2.4006,2.4002,2.4046,2.3906,26.146,-21.223,-13.963,69.323,102.08,24.625,15.993
4.81,0.71325,0.21255,0.94674,0.40392,-0.17552,0,0.8978,-5.4296,2.3051,0.6602,1.7124,1.4852,-1.003,-5.0336,-11.583,-0.030851,0,0,0,2.3975,2.3967,2.4013,2.3871,26.829,-20.194,-13.706,67.32,103.76,26.865,15.971
4.82,0.65871,0.23502,0.95334,0.41232,-0.16668,0,0.89566,-5.4786,2.1883,0.65921,1.651,1.5416,-1.0169,-4.762,-11.78,-0.16653,0,0,0,2.3945,2.3932,2.3981,2.3837,27.492,-19.148,-13.426,65.247,105.33,29.026,15.949
4.83,0.60369,0.25631,0.95992,0.4204,-0.15752,0,0.89356,-5.5248,2.0695,0.65688,1.5873,1.5971,-1.0312,-4.4838,-11.966,-0.2993,0,0,0,2.3915,2.3898,2.3949,2.3804,28.134,-18.088,-13.125,63.104,106.79,31.103,15.928
4.84,0.54822,0.2764,0.96647,0.42813,-0.14807,0,0.89151,-5.5683,1.949,0.65324,1.5212,1.6516,-1.0458,-4.1994,-12.142,-0.42896,0,0,0,2.3885,2.3863,2.3917,2.377,28.754,-17.013,-12.804,60.892,108.14,33.091,15.906
4.85,0.49233,0.29528,0.97298,0.4355,-0.13832,0,0.8895,-5.6088,1.8267,0.64832,1.4528,1.7048,-1.0606,-3.9088,-12.307,-0.55532,0,0,0,2.3855,2.3829,2.3886,2.3737,29.352,-15.925,-12.464,58.611,109.36,34.985,15.884
4.86,0.43606,0.31293,0.97943,0.44251,-0.12829,0,0.88754,-5.6464,1.7029,0.64214,1.3822,1.7568,-1.0757,-3.6124,-12.46,-0.67818,0,0,0,2.3826,2.3795,2.3854,2.3704,29.926,-14.826,-12.105,56.262,110.47,36.781,15.863
4.87,0.37942,0.32933,0.98582,0.44915,-0.11797,0,0.88564,-5.681,1.5776,0.63476,1.3094,1.8073,-1.091,-3.3104,-12.603,-0.79736,0,0,0,2.3796,2.3761,2.3822,2.3671,30.477,-13.716,-11.729,53.847,111.45,38.472,15.842
4.88,0.32244,0.34448,0.99212,0.45539,-0.10739,0,0.88379,-5.7126,1.4509,0.62621,1.2344,1.8563,-1.1065,-3.003,-12.735,-0.91269,0,0,0,2.3767,2.3726,2.3791,2.3639,31.003,-12.597,-11.336,51.365,112.3,40.056,15.821
4.89,0.26517,0.35835,0.99834,0.46124,-0.096532,0,0.88201,-5.7411,1.3229,0.61652,1.1574,1.9037,-1.1222,-2.6904,-12.855,-1.024,0,0,0,2.3738,2.3692,2.376,2.3607,31.504,-11.471,-10.928,48.818,113.03,41.526,15.799
4.9,0.20763,0.37093,1.0045,0.46668,-0.085422,0,0.88029,-5.7664,1.1938,0.60574,1.0784,1.9493,-1.138,-2.373,-12.964,-1.1312,0,0,0,2.3709,2.3658,2.3728,2.3575,31.979,-10.337,-10.506,46.207,113.62,42.883,15.778
4.91,0.14986,0.38222,1.0105,0.4717,-0.074065,0,0.87864,-5.7885,1.0637,0.59391,0.99752,1.9929,-1.154,-2.0509,-13.062,-1.2341,0,0,0,2.3681,2.3625,2.3697,2.3543,32.428,-9.1986,-10.07,43.536,114.09,44.13,15.758
4.92,0.091875,0.3922,1.0163,0.4763,-0.062472,0,0.87706,-5.8074,0.9326,0.58108,0.91478,2.0346,-1.17,-1.7245,-13.148,-1.3326,0,0,0,2.3652,2.3591,2.3666,2.3512,32.849,-8.0559,-9.6234,40.807,114.43,45.267,15.737
4.93,0.03372,0.40087,1.0221,0.48045,-0.050652,0,0.87556,-5.823,0.80074,0.56728,0.83029,2.074,-1.1861,-1.394,-13.223,-1.4265,0,0,0,2.3624,2.3558,2.3635,2.3482,33.244,-6.9105,-9.1655,38.022,114.65,46.298,15.717
4.94,-0.024574,0.40821,1.0277,0.48416,-0.038618,0,0.87412,-5.8353,0.66818,0.55256,0.74413,2.1111,-1.2022,-1.0597,-13.286,-1.5158,0,0,0,2.3597,2.3525,2.3605,2.3452,33.61,-5.7634,-8.6978,35.186,114.75,47.224,15.697
4.95,-0.082974,0.41423,1.0331,0.48742,-0.026381,0,0.87277,-5.8442,0.53505,0.53698,0.65641,2.1458,-1.2182,-0.72192,-13.338,-1.6005,0,0,0,2.357,2.3493,2.3575,2.3424,33.947,-4.6159,-8.2213,32.299,114.73,48.047,15.677
4.96,-0.14145,0.41891,1.0384,0.49021,-0.013956,0,0.87149,-5.8497,0.40146,0.52057,0.56722,2.1779,-1.2342,-0.38088,-13.379,-1.6803,0,0,0,2.3544,2.3461,2.3546,2.3396,34.255,-3.4692,-7.7372,29.366,114.59,48.77,15.658
4.97,-0.19996,0.42226,1.0435,0.49253,-0.0013559,0,0.87029,-5.8518,0.26752,0.50339,0.47668,2.2073,-1.2499,-0.03691,-13.407,-1.7552,0,0,0,2.3518,2.343,2.3518,2.3369,34.534,-2.3244,-7.2463,26.389,114.35,49.394,15.639
4.98,-0.25847,0.42426,1.0485,0.49437,0.011405,0,0.86917,-5.8504,0.13335,0.48548,0.38491,2.2338,-1.2655,0.3097,-13.425,-1.8252,0,0,0,2.3494,2.34,2.3491,2.3343,34.783,-1.1826,-6.7496,23.371,113.99,49.922,15.621
4.99,-0.31695,0.42492,1.0532,0.49573,0.02431,0,0.86814,-5.8456,-0.00094179,0.4669,0.29204,2.2572,-1.2808,0.65865,-13.431,-1.8901,0,0,0,2.3471,2.3372,2.3465,2.3319,35.002,-0.044986,-6.2481,20.313,113.52,50.356,15.604
5,-0.37537,0.42424,1.0578,0.4966,0.037344,0,0.86718,-5.8372,-0.13524,0.4477,0.19821,2.2775,-1.2957,1.0096,-13.426,-1.9501,0,0,0,2.3449,2.3345,2.344,2.3297,35.189,1.0875,-5.7428,17.221,112.95,50.697,15.588
5.01,-0.43369,0.42222,1.0622,0.49696,0.050489,0,0.8663,-5.8254,-0.26942,0.42792,0.10358,2.2946,-1.3103,1.3623,-13.409,-2.005,0,0,0,2.3429,2.3319,2.3417,2.3276,35.346,2.2137,-5.2345,14.095,112.28,50.948,15.573
5.02,-0.49187,0.41886,1.0664,0.49683,0.063728,0,0.8655,-5.81,-0.40339,0.40761,0.0083075,2.3082,-1.3244,1.7164,-13.382,-2.0548,0,0,0,2.341,2.3295,2.3395,2.3258,35.471,3.3327,-4.7241,10.938,111.5,51.112,15.56
5.03,-0.54987,0.41415,1.0703,0.49619,0.07704,0,0.86479,-5.7911,-0.53702,0.38684,-0.087428,2.3183,-1.338,2.0716,-13.343,-2.0995,0,0,0,2.3394,2.3273,2.3375,2.3242,35.565,4.4435,-4.2126,7.7547,110.63,51.189,15.547
5.04,-0.60768,0.40812,1.0741,0.49504,0.090408,0,0.86415,-5.7686,-0.67021,0.36564,-0.18344,2.3247,-1.3509,2.4276,-13.293,-2.139,0,0,0,2.3379,2.3254,2.3358,2.3228,35.626,5.545,-3.7006,4.5461,109.66,51.183,15.537
5.05,-0.66523,0.40075,1.0776,0.49338,0.10381,0,0.86359,-5.7425,-0.80284,0.34407,-0.27952,2.3274,-1.3633,2.7841,-13.232,-2.1735,0,0,0,2.3367,2.3237,2.3343,2.3217,35.655,6.6364,-3.1892,1.3156,108.6,51.094,15.527
5.06,-0.72251,0.39206,1.081,0.49121,0.11723,0,0.86311,-5.7129,-0.93481,0.32219,-0.37546,2.3262,-1.3749,3.1406,-13.16,-2.2028,0,0,0,2.3358,2.3223,2.333,2.321,35.652,7.7168,-2.679,-1.9342,107.45,50.927,15.52
5.07,-0.77948,0.38206,1.0841,0.48853,0.13064,0,0.86271,-5.6797,-1.066,0.30003,-0.47103,2.3211,-1.3857,3.497,-13.078,-2.2271,0,0,0,2.3351,2.3211,2.332,2.3205,35.617,8.7851,-2.1709,-5.2004,106.21,50.681,15.515
5.08,-0.8361,0.37075,1.087,0.48534,0.14401,0,0.86238,-5.6429,-1.1963,0.27766,-0.56602,2.3121,-1.3957,3.8529,-12.984,-2.2463,0,0,0,2.3347,2.3203,2.3313,2.3204,35.548,9.8406,-1.6656,-8.4804,104.88,50.36,15.511
5.09,-0.89233,0.35813,1.0896,0.48164,0.15734,0,0.86213,-5.6026,-1.3257,0.25513,-0.66016,2.2989,-1.4048,4.2079,-12.881,-2.2604,0,0,0,2.3347,2.3199,2.331,2.3206,35.447,10.882,-1.1639,-11.771,103.47,49.966,15.51
5.1,-0.94814,0.34424,1.0921,0.47744,0.17059,0,0.86194,-5.5588,-1.4539,0.23247,-0.75323,2.2817,-1.413,4.5617,-12.767,-2.2695,0,0,0,2.335,2.3198,2.331,2.3212,35.313,11.91,-0.66656,-15.071,101.98,49.5,15.512
5.11,-1.0035,0.32906,1.0943,0.47274,0.18375,0,0.86183,-5.5114,-1.581,0.20975,-0.84496,2.2605,-1.4201,4.914,-12.643,-2.2737,0,0,0,2.3356,2.3201,2.3314,2.3222,35.146,12.922,-0.17417,-18.375,100.41,48.966,15.515
5.12,-1.0584,0.31262,1.0963,0.46755,0.19678,0,0.86179,-5.4605,-1.7067,0.18701,-0.93511,2.2351,-1.4262,5.2645,-12.509,-2.2731,0,0,0,2.3366,2.3208,2.3321,2.3236,34.945,13.918,0.31253,-21.682,98.759,48.364,15.522
5.13,-1.1127,0.29493,1.098,0.46188,0.20967,0,0.8618,-5.4061,-1.8311,0.16431,-1.0234,2.2058,-1.4312,5.6128,-12.364,-2.2675,0,0,0,2.338,2.322,2.3333,2.3255,34.712,14.897,0.79288,-24.99,97.038,47.697,15.531
5.14,-1.1665,0.276,1.0996,0.45573,0.22239,0,0.86189,-5.3483,-1.954,0.14168,-1.1097,2.1725,-1.435,5.9586,-12.211,-2.2572,0,0,0,2.3398,2.3236,2.3348,2.3278,34.446,15.858,1.2662,-28.294,95.246,46.967,15.543
5.15,-1.2196,0.25586,1.1009,0.44913,0.23493,0,0.86203,-5.287,-2.0753,0.11918,-1.1935,2.1352,-1.4378,6.3016,-12.047,-2.2422,0,0,0,2.3421,2.3257,2.3368,2.3306,34.146,16.801,1.732,-31.593,93.384,46.176,15.559
5.16,-1.2722,0.2345,1.1019,0.44207,0.24725,0,0.86223,-5.2222,-2.1949,0.096849,-1.2749,2.0942,-1.4393,6.6414,-11.875,-2.2226,0,0,0,2.3447,2.3282,2.3393,2.3338,33.814,17.726,2.1896,-34.883,91.456,45.326,15.577
5.17,-1.3241,0.21196,1.1028,0.43458,0.25934,0,0.86249,-5.1541,-2.3127,0.07474,-1.3534,2.0495,-1.4396,6.9778,-11.693,-2.1985,0,0,0,2.3478,2.3312,2.3422,2.3375,33.448,18.63,2.6384,-38.163,89.464,44.42,15.598
5.18,-1.3753,0.18825,1.1034,0.42667,0.27117,0,0.8628,-5.0827,-2.4287,0.052895,-1.4289,2.0013,-1.4388,7.3103,-11.502,-2.1699,0,0,0,2.3514,2.3348,2.3456,2.3417,33.05,19.515,3.0778,-41.428,87.41,43.459,15.622
5.19,-1.4257,0.1634,1.1039,0.41836,0.28274,0,0.86316,-5.0079,-2.5428,0.031357,-1.5013,1.9497,-1.4368,7.6387,-11.303,-2.1369,0,0,0,2.3554,2.3388,2.3495,2.3463,32.62,20.378,3.5074,-44.677,85.297,42.446,15.65
5.2,-1.4754,0.13741,1.1041,0.40966,0.29401,0,0.86356,-4.9299,-2.6548,0.01017,-1.5702,1.895,-1.4336,7.9626,-11.095,-2.0998,0,0,0,2.3599,2.3434,2.3538,2.3515,32.157,21.22,3.9266,-47.907,83.127,41.382,15.681
5.21,-1.5243,0.11031,1.1041,0.40059,0.30497,0,0.86402,-4.8487,-2.7646,-0.010624,-1.6356,1.8373,-1.4292,8.2817,-10.878,-2.0584,0,0,0,2.3648,2.3484,2.3586,2.3571,31.662,22.041,4.3349,-51.114,80.903,40.27,15.715
5.22,-1.5724,0.082121,1.1039,0.39117,0.3156,0,0.86451,-4.7643,-2.8723,-0.030985,-1.6973,1.7769,-1.4236,8.5957,-10.654,-2.0131,0,0,0,2.3702,2.354,2.3639,2.3632,31.135,22.838,4.7318,-54.296,78.627,39.111,15.752
5.23,-1.6196,0.052869,1.1035,0.38143,0.32589,0,0.86505,-4.6768,-2.9777,-0.050873,-1.7553,1.7139,-1.417,8.9043,-10.422,-1.9638,0,0,0,2.3761,2.36,2.3697,2.3697,30.576,23.613,5.1169,-57.45,76.301,37.908,15.793
5.24,-1.6659,0.022575,1.1028,0.37138,0.33583,0,0.86562,-4.5863,-3.0807,-0.070249,-1.8093,1.6486,-1.4093,9.2071,-10.182,-1.9108,0,0,0,2.3824,2.3666,2.376,2.3767,29.986,24.364,5.4898,-60.574,73.928,36.663,15.836
5.25,-1.7113,-0.0087365,1.102,0.36104,0.34539,0,0.86623,-4.4927,-3.1813,-0.089077,-1.8594,1.5813,-1.4005,9.5039,-9.9344,-1.8541,0,0,0,2.3891,2.3736,2.3827,2.3842,29.365,25.091,5.8501,-63.665,71.511,35.377,15.883
5.26,-1.7557,-0.041042,1.1011,0.35044,0.35458,0,0.86687,-4.3962,-3.2794,-0.10732,-1.9056,1.5122,-1.3908,9.7943,-9.68,-1.7938,0,0,0,2.3963,2.3811,2.3899,2.392,28.713,25.794,6.1972,-66.719,69.051,34.053,15.932
5.27,-1.7992,-0.074315,1.0999,0.3396,0.36337,0,0.86754,-4.2968,-3.3749,-0.12494,-1.9477,1.4416,-1.3801,10.078,-9.4186,-1.7302,0,0,0,2.4039,2.3891,2.3975,2.4003,28.03,26.472,6.531,-69.734,66.552,32.693,15.985
5.28,-1.8417,-0.10853,1.0986,0.32854,0.37177,0,0.86825,-4.1947,-3.4677,-0.14191,-1.9858,1.3697,-1.3686,10.355,-9.1506,-1.6633,0,0,0,2.4119,2.3974,2.4055,2.409,27.318,27.125,6.851,-72.708,64.015,31.298,16.04
5.29,-1.8831,-0.14366,1.0971,0.31728,0.37976,0,0.86897,-4.0898,-3.5579,-0.1582,-2.02,1.2968,-1.3562,10.624,-8.8762,-1.5932,0,0,0,2.4203,2.4062,2.4139,2.418,26.576,27.752,7.1569,-75.637,61.444,29.872,16.097
5.3,-1.9235,-0.17968,1.0954,0.30584,0.38734,0,0.86973,-3.9822,-3.6452,-0.17377,-2.0502,1.2231,-1.3432,10.886,-8.5956,-1.5202,0,0,0,2.429,2.4154,2.4227,2.4273,25.806,28.354,7.4483,-78.518,58.84,28.415,16.157
5.31,-1.9627,-0.21656,1.0936,0.29425,0.39451,0,0.87051,-3.8721,-3.7297,-0.18859,-2.0767,1.1488,-1.3294,11.14,-8.3092,-1.4443,0,0,0,2.4381,2.4249,2.4318,2.437,25.006,28.929,7.7251,-81.35,56.205,26.93,16.22
5.32,-2.0009,-0.25426,1.0916,0.28252,0.40125,0,0.87131,-3.7594,-3.8114,-0.20264,-2.0994,1.0742,-1.3151,11.386,-8.0172,-1.3657,0,0,0,2.4475,2.4348,2.4413,2.447,24.179,29.478,7.9868,-84.128,53.544,25.419,16.284
5.33,-2.0379,-0.29277,1.0895,0.27069,0.40758,0,0.87213,-3.6444,-3.8901,-0.2159,-2.1185,0.99943,-1.3002,11.624,-7.7197,-1.2846,0,0,0,2.4571,2.4449,2.451,2.4572,23.324,30,8.2334,-86.851,50.857,23.884,16.35
5.34,-2.0738,-0.33205,1.0873,0.25876,0.41349,0,0.87297,-3.527,-3.9658,-0.22833,-2.1341,0.92476,-1.2849,11.853,-7.4172,-1.2011,0,0,0,2.467,2.4553,2.461,2.4676,22.442,30.495,8.4644,-89.516,48.147,22.328,16.418
5.35,-2.1084,-0.37208,1.085,0.24675,0.41898,0,0.87383,-3.4073,-4.0384,-0.23991,-2.1464,0.85034,-1.2692,12.073,-7.1099,-1.1154,0,0,0,2.4772,2.4659,2.4712,2.4782,21.534,30.963,8.6799,-92.119,45.418,20.751,16.487
5.36,-2.1419,-0.41281,1.0825,0.23469,0.42405,0,0.8747,-3.2856,-4.1079,-0.25063,-2.1555,0.77635,-1.2533,12.283,-6.7981,-1.0276,0,0,0,2.4875,2.4767,2.4816,2.489,20.6,31.403,8.8794,-94.658,42.67,19.156,16.558
5.37,-2.1741,-0.45423,1.08,0.22259,0.42871,0,0.87559,-3.1617,-4.1743,-0.26046,-2.1615,0.70293,-1.237,12.484,-6.482,-0.93784,0,0,0,2.4979,2.4876,2.4922,2.4998,19.641,31.816,9.0629,-97.13,39.907,17.545,16.629
5.38,-2.2051,-0.49629,1.0773,0.21046,0.43296,0,0.8765,-3.0359,-4.2376,-0.26938,-2.1648,0.63022,-1.2206,12.676,-6.1618,-0.84636,0,0,0,2.5085,2.4987,2.5029,2.5108,18.657,32.201,9.2303,-99.532,37.131,15.921,16.701
5.39,-2.2349,-0.53897,1.0746,0.19833,0.43681,0,0.87742,-2.9082,-4.2976,-0.27738,-2.1653,0.55833,-1.2042,12.858,-5.838,-0.75329,0,0,0,2.5191,2.5098,2.5136,2.5218,17.65,32.559,9.3813,-101.86,34.344,14.285,16.774
5.4,-2.2633,-0.58223,1.0718,0.18621,0.44025,0,0.87835,-2.7788,-4.3543,-0.28444,-2.1634,0.48737,-1.1877,13.029,-5.5108,-0.65879,0,0,0,2.5298,2.5209,2.5244,2.5328,16.62,32.888,9.5159,-104.12,31.55,12.639,16.846
5.41,-2.2904,-0.62604,1.0689,0.17411,0.4433,0,0.8793,-2.6477,-4.4078,-0.29055,-2.1591,0.41741,-1.1712,13.19,-5.1804,-0.56303,0,0,0,2.5405,2.532,2.5352,2.5437,15.568,33.19,9.634,-106.29,28.749,10.985,16.919
5.42,-2.3162,-0.67037,1.066,0.16204,0.44596,0,0.88026,-2.515,-4.4579,-0.2957,-2.1528,0.34853,-1.1548,13.34,-4.8471,-0.46616,0,0,0,2.5511,2.5431,2.5459,2.5546,14.495,33.463,9.7356,-108.39,25.946,9.3256,16.991
5.43,-2.3407,-0.71519,1.063,0.15001,0.44824,0,0.88124,-2.3809,-4.5047,-0.29987,-2.1445,0.28077,-1.1386,13.48,-4.5112,-0.36837,0,0,0,2.5617,2.554,2.5565,2.5654,13.401,33.709,9.8205,-110.4,23.141,7.6626,17.063
5.44,-2.3639,-0.76046,1.06,0.13804,0.45015,0,0.88222,-2.2455,-4.5481,-0.30306,-2.1344,0.21417,-1.1226,13.608,-4.173,-0.26981,0,0,0,2.5721,2.5648,2.567,2.576,12.287,33.926,9.8889,-112.33,20.339,5.998,17.133
5.45,-2.3856,-0.80614,1.0569,0.12613,0.45168,0,0.88322,-2.1088,-4.5882,-0.30526,-2.1227,0.14876,-1.1068,13.725,-3.8328,-0.17065,0,0,0,2.5823,2.5754,2.5774,2.5864,11.154,34.115,9.9405,-114.17,17.54,4.3337,17.203
5.46,-2.406,-0.85221,1.0539,0.11429,0.45286,0,0.88423,-1.971,-4.6248,-0.30647,-2.1096,0.08454,-1.0914,13.831,-3.4908,-0.071054,0,0,0,2.5924,2.5859,2.5875,2.5966,10.004,34.277,9.9755,-115.91,14.748,2.672,17.27
5.47,-2.425,-0.89863,1.0508,0.10254,0.45368,0,0.88525,-1.8322,-4.658,-0.30669,-2.0952,0.021513,-1.0763,13.925,-3.1473,0.028807,0,0,0,2.6022,2.596,2.5973,2.6065,8.8366,34.41,9.994,-117.56,11.965,1.0147,17.337
5.48,-2.4427,-0.94536,1.0477,0.090866,0.45416,0,0.88628,-1.6925,-4.6877,-0.3059,-2.0797,-0.040338,-1.0616,14.008,-2.8027,0.12877,0,0,0,2.6117,2.6058,2.6069,2.6161,7.6532,34.516,9.9959,-119.11,9.1931,-0.63593,17.401
5.49,-2.4589,-0.99237,1.0447,0.079286,0.45429,0,0.88732,-1.5521,-4.714,-0.30411,-2.0632,-0.10104,-1.0473,14.078,-2.4571,0.22867,0,0,0,2.6209,2.6153,2.6162,2.6253,6.4547,34.594,9.9813,-120.57,6.4352,-2.278,17.463
5.5,-2.4737,-1.0396,1.0417,0.067803,0.45409,0,0.88837,-1.411,-4.7369,-0.30132,-2.0459,-0.16061,-1.0335,14.137,-2.1109,0.32834,0,0,0,2.6297,2.6244,2.625,2.6342,5.2422,34.645,9.9503,-121.92,3.6936,-3.9093,17.522
5.51,-2.4871,-1.0871,1.0387,0.05642,0.45357,0,0.88944,-1.2694,-4.7562,-0.29754,-2.0278,-0.21912,-1.0202,14.183,-1.7643,0.42762,0,0,0,2.6381,2.6331,2.6335,2.6426,4.0167,34.668,9.9031,-123.16,0.97068,-5.5277,17.579
5.52,-2.4991,-1.1347,1.0357,0.04514,0.45272,0,0.89051,-1.1274,-4.7721,-0.29277,-2.0092,-0.27659,-1.0074,14.217,-1.4176,0.52635,0,0,0,2.6461,2.6413,2.6415,2.6506,2.7794,34.664,9.8398,-124.3,-1.7311,-7.1313,17.633
5.53,-2.5097,-1.1825,1.0328,0.033967,0.45156,0,0.89159,-0.98508,-4.7846,-0.28702,-1.9901,-0.33309,-0.99524,14.239,-1.0711,0.62437,0,0,0,2.6537,2.6491,2.649,2.6581,1.5312,34.634,9.7606,-125.32,-4.4093,-8.718,17.683
5.54,-2.5188,-1.2304,1.03,0.022903,0.45009,0,0.89269,-0.84263,-4.7936,-0.28029,-1.9707,-0.38869,-0.98364,14.248,-0.725,0.72151,0,0,0,2.6607,2.6563,2.6561,2.6651,0.27333,34.576,9.6655,-126.23,-7.0615,-10.286,17.73
5.55,-2.5265,-1.2784,1.0272,0.011948,0.44832,0,0.89379,-0.70016,-4.7991,-0.27259,-1.9509,-0.44344,-0.97264,14.244,-0.37963,0.81762,0,0,0,2.6672,2.663,2.6626,2.6716,-0.99308,34.493,9.5549,-127.03,-9.6853,-11.832,17.774
5.56,-2.5328,-1.3264,1.0245,0.001105,0.44624,0,0.89491,-0.55779,-4.8012,-0.26394,-1.931,-0.49742,-0.96228,14.228,-0.035231,0.91256,0,0,0,2.6732,2.6692,2.6685,2.6775,-2.2668,34.383,9.429,-127.71,-12.278,-13.355,17.814
5.57,-2.5377,-1.3744,1.0219,-0.0096266,0.44388,0,0.89604,-0.41565,-4.7998,-0.25435,-1.911,-0.5507,-0.95258,14.199,0.30794,1.0062,0,0,0,2.6786,2.6747,2.6739,2.6828,-3.5468,34.247,9.2879,-128.26,-14.838,-14.853,17.85
5.58,-2.5411,-1.4224,1.0194,-0.020246,0.44122,0,0.89717,-0.27386,-4.795,-0.24382,-1.8909,-0.60336,-0.94354,14.157,0.64963,1.0983,0,0,0,2.6834,2.6796,2.6786,2.6875,-4.8317,34.086,9.132,-128.69,-17.362,-16.324,17.882
5.59,-2.5431,-1.4703,1.0171,-0.030754,0.43827,0,0.89832,-0.13255,-4.7868,-0.23239,-1.8708,-0.65548,-0.93519,14.102,0.98958,1.1887,0,0,0,2.6875,2.6839,2.6827,2.6916,-6.1202,33.9,8.9615,-129,-19.847,-17.765,17.909
5.6,-2.5438,-1.5181,1.0148,-0.041151,0.43504,0,0.89947,0.0081446,-4.7752,-0.22005,-1.8508,-0.70714,-0.92754,14.035,1.3275,1.2774,0,0,0,2.6911,2.6875,2.6861,2.695,-7.4112,33.689,8.7768,-129.17,-22.292,-19.175,17.933
5.61,-2.543,-1.5658,1.0127,-0.051438,0.43153,0,0.90063,0.1481,-4.7603,-0.20684,-1.831,-0.75841,-0.92061,13.954,1.6633,1.3642,0,0,0,2.6939,2.6905,2.6889,2.6977,-8.7032,33.454,8.5781,-129.22,-24.694,-20.551,17.952
5.62,-2.5408,-1.6133,1.0107,-0.061614,0.42774,0,0.9018,0.28718,-4.742,-0.19278,-1.8112,-0.80937,-0.91439,13.86,1.9966,1.449,0,0,0,2.6961,2.6928,2.691,2.6998,-9.9951,33.196,8.3659,-129.12,-27.051,-21.891,17.966
5.63,-2.5372,-1.6606,1.0088,-0.071683,0.42367,0,0.90298,0.42526,-4.7204,-0.17787,-1.7916,-0.86011,-0.90891,13.754,2.3271,1.5315,0,0,0,2.6977,2.6944,2.6925,2.7012,-11.285,32.913,8.1404,-128.9,-29.359,-23.194,17.976
5.64,-2.5323,-1.7077,1.0071,-0.081644,0.41932,0,0.90416,0.56222,-4.6954,-0.16215,-1.7723,-0.91071,-0.90416,13.635,2.6547,1.6117,0,0,0,2.6985,2.6953,2.6932,2.7019,-12.573,32.609,7.9021,-128.53,-31.617,-24.457,17.981
5.65,-2.526,-1.7545,1.0056,-0.091499,0.4147,0,0.90535,0.69792,-4.6673,-0.14565,-1.7531,-0.96123,-0.90016,13.503,2.9792,1.6895,0,0,0,2.6987,2.6955,2.6932,2.702,-13.855,32.281,7.6514,-128.02,-33.823,-25.678,17.982
5.66,-2.5184,-1.801,1.0042,-0.10125,0.4098,0,0.90654,0.83223,-4.6359,-0.12837,-1.7342,-1.0118,-0.89691,13.358,3.3003,1.7647,0,0,0,2.6981,2.695,2.6925,2.7013,-15.132,31.932,7.3887,-127.36,-35.973,-26.855,17.978
5.67,-2.5094,-1.8472,1.003,-0.1109,0.40462,0,0.90774,0.96503,-4.6013,-0.11036,-1.7154,-1.0623,-0.89442,13.2,3.6178,1.8372,0,0,0,2.6969,2.6938,2.6912,2.6999,-16.402,31.562,7.1145,-126.55,-38.065,-27.985,17.97
5.68,-2.4991,-1.893,1.002,-0.12044,0.39916,0,0.90894,1.0962,-4.5635,-0.091636,-1.6969,-1.1131,-0.89267,13.03,3.9315,1.907,0,0,0,2.695,2.6919,2.6891,2.6979,-17.663,31.171,6.8292,-125.6,-40.097,-29.068,17.957
5.69,-2.4874,-1.9385,1.0012,-0.12988,0.39343,0,0.91014,1.2256,-4.5227,-0.07223,-1.6785,-1.164,-0.89168,12.847,4.2411,1.9738,0,0,0,2.6924,2.6893,2.6864,2.6952,-18.913,30.76,6.5333,-124.49,-42.067,-30.1,17.939
5.7,-2.4746,-1.9835,1.0006,-0.13922,0.38741,0,0.91133,1.3531,-4.4787,-0.052171,-1.6603,-1.2152,-0.89145,12.651,4.5466,2.0376,0,0,0,2.6892,2.6861,2.683,2.6918,-20.152,30.33,6.2274,-123.22,-43.972,-31.081,17.917
5.71,-2.4604,-2.028,1.0001,-0.14847,0.38111,0,0.91253,1.4786,-4.4317,-0.031488,-1.6423,-1.2666,-0.89195,12.444,4.8477,2.0983,0,0,0,2.6853,2.6823,2.679,2.6879,-21.377,29.881,5.9119,-121.8,-45.809,-32.006,17.891
5.72,-2.445,-2.0721,0.99993,-0.15761,0.37453,0,0.91372,1.6019,-4.3818,-0.010215,-1.6243,-1.3184,-0.8932,12.224,5.1442,2.1558,0,0,0,2.6808,2.6778,2.6743,2.6833,-22.588,29.414,5.5874,-120.21,-47.577,-32.876,17.86
5.73,-2.4284,-2.1157,0.99993,-0.16665,0.36765,0,0.91491,1.723,-4.3289,0.011617,-1.6064,-1.3706,-0.89517,11.992,5.4359,2.21,0,0,0,2.6757,2.6727,2.669,2.6781,-23.781,28.93,5.2546,-118.46,-49.272,-33.686,17.826
5.74,-2.4105,-2.1587,1.0002,-0.1756,0.36049,0,0.91608,1.8417,-4.2731,0.033974,-1.5884,-1.4232,-0.89787,11.748,5.7227,2.2609,0,0,0,2.67,2.6671,2.6632,2.6723,-24.956,28.429,4.9139,-116.55,-50.893,-34.437,17.788
5.75,-2.3915,-2.2011,1.0006,-0.18444,0.35304,0,0.91725,1.9579,-4.2144,0.056823,-1.5704,-1.4761,-0.90126,11.493,6.0044,2.3083,0,0,0,2.6638,2.6609,2.6568,2.666,-26.111,27.912,4.566,-114.46,-52.436,-35.124,17.746
5.76,-2.3714,-2.243,1.0013,-0.19318,0.34529,0,0.9184,2.0715,-4.153,0.080128,-1.5523,-1.5295,-0.90534,11.226,6.2809,2.3522,0,0,0,2.6571,2.6542,2.6499,2.6592,-27.245,27.38,4.2116,-112.21,-53.9,-35.747,17.701
5.77,-2.3501,-2.2842,1.0022,-0.20182,0.33724,0,0.91953,2.1824,-4.0888,0.10385,-1.534,-1.5832,-0.91008,10.948,6.552,2.3925,0,0,0,2.6499,2.6471,2.6426,2.652,-28.355,26.834,3.8513,-109.78,-55.285,-36.305,17.652
5.78,-2.3277,-2.3247,1.0034,-0.21036,0.32889,0,0.92064,2.2905,-4.022,0.12797,-1.5154,-1.6372,-0.91546,10.659,6.8176,2.4292,0,0,0,2.6423,2.6395,2.6348,2.6443,-29.44,26.275,3.4857,-107.19,-56.592,-36.801,17.602
5.79,-2.3043,-2.3646,1.0048,-0.21878,0.32024,0,0.92173,2.3956,-3.9525,0.15243,-1.4964,-1.6916,-0.92144,10.36,7.0775,2.4622,0,0,0,2.6343,2.6316,2.6267,2.6363,-30.498,25.703,3.1155,-104.45,-57.823,-37.234,17.548
5.8,-2.2798,-2.4038,1.0064,-0.2271,0.31129,0,0.92278,2.4976,-3.8805,0.1772,-1.477,-1.7462,-0.92799,10.049,7.3316,2.4915,0,0,0,2.6259,2.6234,2.6182,2.628,-31.528,25.119,2.7413,-101.55,-58.978,-37.606,17.492
5.81,-2.2544,-2.4422,1.0083,-0.2353,0.30202,0,0.92381,2.5965,-3.8059,0.20224,-1.4571,-1.8009,-0.93507,9.7291,7.5798,2.517,0,0,0,2.6173,2.6149,2.6095,2.6194,-32.529,24.524,2.3636,-98.499,-60.06,-37.919,17.435
5.82,-2.2279,-2.4799,1.0105,-0.24338,0.29245,0,0.92479,2.6922,-3.7289,0.22753,-1.4365,-1.8557,-0.94264,9.3989,7.822,2.5387,0,0,0,2.6085,2.6061,2.6005,2.6105,-33.498,23.918,1.9831,-95.311,-61.069,-38.173,17.376
5.83,-2.2005,-2.5168,1.0129,-0.25134,0.28257,0,0.92573,2.7845,-3.6495,0.25301,-1.4151,-1.9105,-0.95066,9.0592,8.0581,2.5567,0,0,0,2.5994,2.5973,2.5915,2.6016,-34.435,23.302,1.6003,-91.985,-62.006,-38.369,17.316
5.84,-2.1722,-2.5529,1.0155,-0.25917,0.27237,0,0.92663,2.8733,-3.5677,0.27865,-1.393,-1.9651,-0.95906,8.7103,8.288,2.5707,0,0,0,2.5903,2.5883,2.5823,2.5925,-35.337,22.678,1.2159,-88.528,-62.873,-38.509,17.256
5.85,-2.1431,-2.5881,1.0184,-0.26686,0.26187,0,0.92748,2.9587,-3.4837,0.30441,-1.3698,-2.0194,-0.96781,8.3526,8.5117,2.581,0,0,0,2.5811,2.5794,2.5731,2.5834,-36.205,22.045,0.83033,-84.944,-63.672,-38.593,17.195
5.86,-2.1131,-2.6225,1.0216,-0.27441,0.25106,0,0.92826,3.0404,-3.3975,0.33025,-1.3457,-2.0732,-0.97683,7.9863,8.7289,2.5874,0,0,0,2.5719,2.5704,2.5639,2.5744,-37.036,21.405,0.4442,-81.239,-64.403,-38.624,17.134
5.87,-2.0823,-2.6561,1.0251,-0.2818,0.23995,0,0.92899,3.1184,-3.3092,0.35614,-1.3205,-2.1264,-0.98607,7.612,8.9397,2.5899,0,0,0,2.5628,2.5616,2.5548,2.5654,-37.829,20.757,0.058035,-77.418,-65.068,-38.601,17.074
5.88,-2.0507,-2.6887,1.0287,-0.28904,0.22853,0,0.92964,3.1926,-3.2187,0.38204,-1.294,-2.1786,-0.99546,7.2299,9.144,2.5885,0,0,0,2.5538,2.5529,2.5459,2.5566,-38.584,20.104,-0.32764,-73.487,-65.667,-38.526,17.015
5.89,-2.0185,-2.7204,1.0327,-0.2961,0.21682,0,0.93022,3.2629,-3.1263,0.4079,-1.2663,-2.2298,-1.0049,6.8404,9.3418,2.5833,0,0,0,2.545,2.5444,2.5373,2.548,-39.298,19.444,-0.71232,-69.45,-66.203,-38.401,16.958
5.9,-1.9855,-2.7512,1.0369,-0.30299,0.20482,0,0.93072,3.3294,-3.0319,0.43369,-1.2371,-2.2797,-1.0144,6.4441,9.5329,2.5743,0,0,0,2.5365,2.5363,2.5289,2.5397,-39.972,18.78,-1.0955,-65.312,-66.677,-38.225,16.902
5.91,-1.9519,-2.7811,1.0414,-0.30969,0.19253,0,0.93114,3.3918,-2.9357,0.45937,-1.2066,-2.328,-1.0238,6.0411,9.7174,2.5614,0,0,0,2.5283,2.5284,2.5209,2.5318,-40.604,18.111,-1.4767,-61.08,-67.089,-38.002,16.849
5.92,-1.9177,-2.8099,1.0461,-0.31619,0.17997,0,0.93147,3.4502,-2.8376,0.48491,-1.1747,-2.3745,-1.033,5.6321,9.8951,2.5447,0,0,0,2.5205,2.521,2.5133,2.5242,-41.194,17.438,-1.8554,-56.759,-67.442,-37.73,16.798
5.93,-1.8829,-2.8378,1.0511,-0.32249,0.16715,0,0.9317,3.5044,-2.7378,0.51025,-1.1412,-2.4189,-1.042,5.2174,10.066,2.5243,0,0,0,2.5132,2.5141,2.5062,2.5171,-41.739,16.762,-2.2311,-52.352,-67.736,-37.413,16.751
5.94,-1.8476,-2.8647,1.0563,-0.32856,0.15408,0,0.93183,3.5545,-2.6363,0.53538,-1.1062,-2.461,-1.0506,4.7975,10.23,2.5001,0,0,0,2.5063,2.5077,2.4997,2.5106,-42.24,16.084,-2.6035,-47.867,-67.973,-37.05,16.707
5.95,-1.8118,-2.8905,1.0618,-0.33441,0.14077,0,0.93185,3.6003,-2.5332,0.56024,-1.0698,-2.5004,-1.0589,4.3728,10.388,2.4723,0,0,0,2.5,2.5019,2.4938,2.5046,-42.696,15.403,-2.972,-43.308,-68.154,-36.643,16.667
5.96,-1.7756,-2.9153,1.0675,-0.34002,0.12724,0,0.93177,3.6419,-2.4286,0.58481,-1.0318,-2.5369,-1.0667,3.9437,10.538,2.4407,0,0,0,2.4944,2.4968,2.4885,2.4992,-43.106,14.721,-3.3362,-38.68,-68.28,-36.194,16.632
5.97,-1.739,-2.9391,1.0735,-0.34538,0.11351,0,0.93157,3.6792,-2.3225,0.60905,-0.99246,-2.5703,-1.0739,3.5108,10.682,2.4055,0,0,0,2.4894,2.4923,2.484,2.4946,-43.47,14.038,-3.6957,-33.989,-68.353,-35.702,16.6
5.98,-1.702,-2.9618,1.0797,-0.35048,0.099596,0,0.93126,3.7121,-2.215,0.63291,-0.95172,-2.6003,-1.0804,3.0745,10.819,2.3668,0,0,0,2.4851,2.4886,2.4802,2.4906,-43.786,13.354,-4.0501,-29.239,-68.374,-35.17,16.574
5.99,-1.6648,-2.9834,1.0861,-0.35532,0.085516,0,0.93083,3.7407,-2.1061,0.65637,-0.90969,-2.6267,-1.0862,2.6352,10.949,2.3246,0,0,0,2.4815,2.4856,2.4772,2.4874,-44.054,12.67,-4.399,-24.437,-68.343,-34.598,16.553
6,-1.6272,-3.0039,1.0928,-0.35987,0.071293,0,0.93027,3.7648,-1.996,0.67939,-0.86649,-2.6492,-1.0913,2.1935,11.073,2.2789,0,0,0,2.4788,2.4834,2.475,2.485,-44.274,11.987,-4.7419,-19.587,-68.264,-33.988,16.537
6.01,-1.5895,-3.0233,1.0997,-0.36415,0.056951,0,0.9296,3.7845,-1.8847,0.70194,-0.82223,-2.6677,-1.0954,1.7499,11.189,2.2297,0,0,0,2.4769,2.482,2.4737,2.4834,-44.446,11.305,-5.0786,-14.694,-68.136,-33.341,16.527
6.02,-1.5516,-3.0416,1.1068,-0.36814,0.042513,0,0.9288,3.7998,-1.7722,0.72397,-0.77706,-2.682,-1.0986,1.3048,11.299,2.1773,0,0,0,2.4758,2.4815,2.4733,2.4826,-44.568,10.625,-5.4086,-9.7647,-67.96,-32.657,16.522
6.03,-1.5135,-3.0587,1.1142,-0.37183,0.028005,0,0.92788,3.8106,-1.6587,0.74547,-0.73112,-2.692,-1.1009,0.8587,11.402,2.1216,0,0,0,2.4756,2.4818,2.4737,2.4827,-44.641,9.946,-5.7316,-4.8032,-67.74,-31.938,16.523
6.04,-1.4754,-3.0748,1.1217,-0.37523,0.01345,0,0.92683,3.817,-1.5442,0.7664,-0.6846,-2.6976,-1.102,0.41213,11.498,2.0627,0,0,0,2.4763,2.483,2.475,2.4837,-44.664,9.2699,-6.0473,0.18494,-67.474,-31.186,16.53
6.05,-1.4372,-3.0896,1.1295,-0.37833,-0.0011239,0,0.92567,3.8189,-1.4288,0.78672,-0.63768,-2.6986,-1.1022,-0.03442,11.587,2.0007,0,0,0,2.4779,2.4851,2.4773,2.4855,-44.637,8.5967,-6.3552,5.1944,-67.166,-30.4,16.543
6.06,-1.399,-3.1033,1.1375,-0.38112,-0.015691,0,0.92439,3.8163,-1.3125,0.8064,-0.59054,-2.6952,-1.1012,-0.48045,11.67,1.9356,0,0,0,2.4804,2.488,2.4804,2.4882,-44.56,7.9268,-6.6552,10.22,-66.816,-29.584,16.562
6.07,-1.3609,-3.1159,1.1456,-0.38361,-0.030226,0,0.923,3.8093,-1.1954,0.82542,-0.54338,-2.6872,-1.0991,-0.92546,11.745,1.8676,0,0,0,2.4837,2.4918,2.4845,2.4917,-44.433,7.2605,-6.9468,15.256,-66.425,-28.737,16.586
6.08,-1.3228,-3.1272,1.154,-0.38581,-0.044702,0,0.9215,3.7978,-1.0776,0.84374,-0.4964,-2.6749,-1.0958,-1.3689,11.815,1.7967,0,0,0,2.4879,2.4964,2.4893,2.4961,-44.255,6.5984,-7.2298,20.297,-65.995,-27.861,16.616
6.09,-1.2849,-3.1374,1.1625,-0.3877,-0.059094,0,0.91989,3.7819,-0.95916,0.86134,-0.44979,-2.6582,-1.0914,-1.8104,11.877,1.723,0,0,0,2.493,2.5018,2.495,2.5013,-44.027,5.9407,-7.5039,25.339,-65.527,-26.957,16.652
6.1,-1.2472,-3.1464,1.1712,-0.3893,-0.073377,0,0.91818,3.7616,-0.8401,0.87819,-0.40375,-2.6372,-1.0859,-2.2493,11.934,1.6467,0,0,0,2.4988,2.5079,2.5016,2.5073,-43.748,5.288,-7.7689,30.375,-65.023,-26.026,16.693
6.11,-1.2097,-3.1542,1.1801,-0.39061,-0.087528,0,0.91638,3.7369,-0.72051,0.89427,-0.35845,-2.6122,-1.0792,-2.6852,11.983,1.5677,0,0,0,2.5055,2.5149,2.5088,2.514,-43.42,4.6404,-8.0244,35.401,-64.483,-25.07,16.739
6.12,-1.1725,-3.1608,1.1891,-0.39164,-0.10152,0,0.9145,3.7079,-0.60046,0.90954,-0.31408,-2.5832,-1.0714,-3.1175,12.026,1.4862,0,0,0,2.5128,2.5225,2.5168,2.5215,-43.04,3.9984,-8.2702,40.411,-63.909,-24.09,16.789
6.13,-1.1356,-3.1662,1.1983,-0.3924,-0.11534,0,0.91253,3.6746,-0.48,0.92398,-0.2708,-2.5506,-1.0626,-3.5458,12.063,1.4023,0,0,0,2.5209,2.5307,2.5254,2.5296,-42.611,3.3623,-8.5061,45.399,-63.303,-23.087,16.844
6.14,-1.099,-3.1704,1.2076,-0.39289,-0.12896,0,0.9105,3.637,-0.35921,0.93758,-0.22874,-2.5146,-1.0527,-3.9696,12.094,1.3161,0,0,0,2.5296,2.5396,2.5347,2.5383,-42.133,2.7325,-8.7319,50.361,-62.664,-22.062,16.904
6.15,-1.0628,-3.1734,1.217,-0.39313,-0.14237,0,0.9084,3.5952,-0.23815,0.9503,-0.18806,-2.4752,-1.0417,-4.3883,12.118,1.2277,0,0,0,2.5389,2.5489,2.5445,2.5475,-41.604,2.1091,-8.9473,55.291,-61.996,-21.017,16.966
6.16,-1.0271,-3.1752,1.2266,-0.39312,-0.15554,0,0.90624,3.5493,-0.11688,0.96213,-0.14885,-2.433,-1.0299,-4.8015,12.136,1.1372,0,0,0,2.5486,2.5588,2.5547,2.5573,-41.027,1.4926,-9.1521,60.184,-61.299,-19.952,17.032
6.17,-0.99186,-3.1758,1.2362,-0.39288,-0.16846,0,0.90403,3.4992,0.0045464,0.97304,-0.11122,-2.388,-1.0171,-5.2087,12.148,1.0447,0,0,0,2.5588,2.569,2.5654,2.5674,-40.401,0.88324,-9.3463,65.035,-60.574,-18.87,17.101
6.18,-0.95714,-3.1751,1.246,-0.39242,-0.18112,0,0.90178,3.4451,0.12606,0.98301,-0.075246,-2.3406,-1.0034,-5.6094,12.154,0.95032,0,0,0,2.5694,2.5796,2.5764,2.5779,-39.726,0.28124,-9.5295,69.837,-59.823,-17.77,17.172
6.19,-0.92297,-3.1732,1.2559,-0.39174,-0.1935,0,0.8995,3.387,0.2476,0.99204,-0.040995,-2.291,-0.98893,-6.0031,12.153,0.85416,0,0,0,2.5803,2.5904,2.5876,2.5887,-39.004,-0.31314,-9.7016,74.587,-59.047,-16.654,17.245
6.2,-0.88941,-3.1701,1.2659,-0.39088,-0.20559,0,0.89719,3.3251,0.36911,1.0001,-0.0085106,-2.2394,-0.9737,-6.3893,12.147,0.75633,0,0,0,2.5914,2.6014,2.5991,2.5997,-38.235,-0.89963,-9.8625,79.278,-58.248,-15.524,17.319
6.21,-0.85648,-3.1658,1.2759,-0.38982,-0.21739,0,0.89486,3.2593,0.49053,1.0072,0.022178,-2.1863,-0.95777,-6.7676,12.135,0.65695,0,0,0,2.6026,2.6125,2.6106,2.6108,-37.419,-1.478,-10.012,83.905,-57.426,-14.381,17.394
6.22,-0.82424,-3.1603,1.286,-0.3886,-0.22889,0,0.89252,3.1897,0.6118,1.0132,0.051056,-2.1316,-0.94119,-7.1375,12.118,0.55613,0,0,0,2.6139,2.6237,2.6221,2.6219,-36.557,-2.0481,-10.15,88.464,-56.583,-13.226,17.469
6.23,-0.7927,-3.1536,1.2962,-0.38722,-0.24007,0,0.89018,3.1166,0.73286,1.0183,0.078124,-2.0758,-0.92402,-7.4986,12.095,0.45398,0,0,0,2.6251,2.6347,2.6335,2.6329,-35.65,-2.6096,-10.277,92.948,-55.72,-12.06,17.544
6.24,-0.76192,-3.1457,1.3064,-0.38569,-0.25094,0,0.88785,3.0398,0.85367,1.0223,0.1034,-2.019,-0.90632,-7.8504,12.066,0.35063,0,0,0,2.6362,2.6457,2.6448,2.6439,-34.698,-3.1624,-10.391,97.352,-54.838,-10.884,17.618
6.25,-0.73192,-3.1365,1.3166,-0.38403,-0.26149,0,0.88552,2.9596,0.97416,1.0253,0.1269,-1.9615,-0.88813,-8.1924,12.031,0.2462,0,0,0,2.647,2.6564,2.6559,2.6546,-33.703,-3.7063,-10.494,101.67,-53.94,-9.6995,17.69
6.26,-0.70274,-3.1262,1.3269,-0.38225,-0.27172,0,0.88321,2.876,1.0943,1.0272,0.14866,-1.9034,-0.8695,-8.5243,11.992,0.14079,0,0,0,2.6576,2.6667,2.6666,2.665,-32.665,-4.2412,-10.585,105.9,-53.026,-8.5081,17.76
6.27,-0.67441,-3.1147,1.3371,-0.38036,-0.28163,0,0.88092,2.7891,1.214,1.0281,0.16873,-1.8448,-0.85048,-8.8456,11.946,0.034532,0,0,0,2.6678,2.6767,2.6769,2.675,-31.585,-4.7668,-10.664,110.03,-52.097,-7.3106,17.827
6.28,-0.64696,-3.1019,1.3474,-0.37837,-0.29121,0,0.87865,2.6991,1.3332,1.0279,0.18715,-1.786,-0.83111,-9.1559,11.896,-0.072456,0,0,0,2.6775,2.6862,2.6867,2.6845,-30.465,-5.283,-10.731,114.07,-51.154,-6.1083,17.891
6.29,-0.62044,-3.088,1.3577,-0.3763,-0.30047,0,0.87643,2.6061,1.4519,1.0266,0.20399,-1.727,-0.81144,-9.4547,11.841,-0.18006,0,0,0,2.6866,2.6951,2.6959,2.6935,-29.304,-5.7898,-10.786,117.99,-50.2,-4.9025,17.952
6.3,-0.59485,-3.0729,1.368,-0.37415,-0.3094,0,0.87423,2.5101,1.57,1.0243,0.21931,-1.6681,-0.7915,-9.7418,11.78,-0.28815,0,0,0,2.6951,2.7034,2.7044,2.7018,-28.105,-6.287,-10.829,121.81,-49.235,-3.6943,18.008
6.31,-0.57024,-3.0566,1.3782,-0.37193,-0.31801,0,0.87209,2.4113,1.6875,1.0209,0.23318,-1.6092,-0.77133,-10.017,11.715,-0.3966,0,0,0,2.7029,2.7109,2.7122,2.7093,-26.869,-6.7745,-10.86,125.5,-48.261,-2.4849,18.059
6.32,-0.54664,-3.0391,1.3884,-0.36966,-0.3263,0,0.86999,2.3098,1.8043,1.0164,0.24565,-1.5505,-0.75096,-10.279,11.645,-0.50531,0,0,0,2.7098,2.7176,2.7192,2.7161,-25.596,-7.2522,-10.879,129.08,-47.278,-1.2757,18.105
6.33,-0.52406,-3.0205,1.3985,-0.36735,-0.33428,0,0.86794,2.2057,1.9204,1.0108,0.25681,-1.492,-0.73041,-10.529,11.57,-0.61415,0,0,0,2.7159,2.7235,2.7253,2.722,-24.288,-7.72,-10.886,132.52,-46.289,-0.06773,18.144
6.34,-0.50253,-3.0007,1.4086,-0.365,-0.34194,0,0.86594,2.0992,2.0357,1.0041,0.26673,-1.4339,-0.70971,-10.765,11.491,-0.72299,0,0,0,2.721,2.7283,2.7304,2.7269,-22.946,-8.1779,-10.881,135.84,-45.294,1.1376,18.178
6.35,-0.48208,-2.9798,1.4186,-0.36261,-0.34929,0,0.86401,1.9905,2.1502,0.99632,0.27548,-1.3761,-0.68888,-10.987,11.407,-0.83172,0,0,0,2.725,2.7321,2.7344,2.7308,-21.571,-8.6259,-10.863,139.01,-44.295,2.3391,18.204
6.36,-0.46273,-2.9577,1.4285,-0.36021,-0.35633,0,0.86214,1.8795,2.2638,0.98746,0.28314,-1.3186,-0.66794,-11.196,11.318,-0.94021,0,0,0,2.7279,2.7348,2.7373,2.7335,-20.166,-9.0638,-10.834,142.04,-43.293,3.5356,18.223
6.37,-0.4445,-2.9345,1.4383,-0.3578,-0.36306,0,0.86033,1.7666,2.3765,0.97751,0.28977,-1.2615,-0.6469,-11.391,11.225,-1.0484,0,0,0,2.7296,2.7364,2.739,2.7351,-18.731,-9.4917,-10.792,144.93,-42.289,4.7257,18.233
6.38,-0.4274,-2.9102,1.4481,-0.35537,-0.36949,0,0.85859,1.6518,2.4883,0.96649,0.29545,-1.2047,-0.62578,-11.571,11.128,-1.156,0,0,0,2.7301,2.7366,2.7394,2.7354,-17.268,-9.9096,-10.739,147.65,-41.286,5.9082,18.236
6.39,-0.41147,-2.8848,1.4577,-0.35295,-0.37563,0,0.85693,1.5352,2.5991,0.9544,0.30026,-1.1483,-0.60458,-11.736,11.027,-1.2631,0,0,0,2.7292,2.7356,2.7385,2.7344,-15.778,-10.317,-10.674,150.22,-40.283,7.0819,18.23
6.4,-0.3967,-2.8582,1.4671,-0.35053,-0.38147,0,0.85534,1.4171,2.7088,0.94123,0.30426,-1.0922,-0.58331,-11.886,10.922,-1.3695,0,0,0,2.727,2.7332,2.7363,2.7321,-14.264,-10.715,-10.598,152.62,-39.282,8.2456,18.214
6.41,-0.38313,-2.8306,1.4765,-0.34812,-0.38702,0,0.85383,1.2976,2.8175,0.92701,0.30753,-1.0364,-0.56196,-12.021,10.813,-1.475,0,0,0,2.7233,2.7293,2.7325,2.7283,-12.727,-11.103,-10.509,154.84,-38.285,9.3979,18.189
6.42,-0.37076,-2.8019,1.4857,-0.34573,-0.39228,0,0.8524,1.1767,2.9251,0.91174,0.31012,-0.98086,-0.54055,-12.14,10.7,-1.5796,0,0,0,2.7181,2.724,2.7273,2.7229,-11.168,-11.481,-10.41,156.9,-37.293,10.538,18.154
6.43,-0.3596,-2.7721,1.4947,-0.34336,-0.39725,0,0.85106,1.0548,3.0315,0.89542,0.31212,-0.92546,-0.51907,-12.244,10.583,-1.6832,0,0,0,2.7113,2.7171,2.7206,2.7161,-9.5893,-11.849,-10.299,158.76,-36.308,11.664,18.109
6.44,-0.34966,-2.7413,1.5036,-0.34101,-0.40193,0,0.8498,0.93192,3.1367,0.87808,0.31358,-0.87016,-0.4975,-12.332,10.463,-1.7856,0,0,0,2.703,2.7087,2.7122,2.7077,-7.9931,-12.207,-10.177,160.44,-35.329,12.775,18.053
6.45,-0.34096,-2.7094,1.5123,-0.3387,-0.40634,0,0.84863,0.80822,3.2407,0.85971,0.31458,-0.81488,-0.47585,-12.404,10.339,-1.8867,0,0,0,2.693,2.6986,2.7023,2.6976,-6.381,-12.556,-10.043,161.93,-34.36,13.869,17.986
6.46,-0.3335,-2.6764,1.5208,-0.33641,-0.41046,0,0.84755,0.68389,3.3435,0.84035,0.31517,-0.75953,-0.45411,-12.46,10.212,-1.9864,0,0,0,2.6813,2.6868,2.6906,2.6859,-4.7551,-12.894,-9.8992,163.22,-33.4,14.946,17.908
6.47,-0.32728,-2.6425,1.5291,-0.33416,-0.4143,0,0.84657,0.55908,3.445,0.81999,0.31542,-0.704,-0.43225,-12.499,10.081,-2.0846,0,0,0,2.6679,2.6734,2.6772,2.6724,-3.1173,-13.224,-9.7444,164.3,-32.452,16.005,17.818
6.48,-0.32232,-2.6076,1.5372,-0.33195,-0.41787,0,0.84569,0.43396,3.5451,0.79866,0.31541,-0.64818,-0.41027,-12.522,9.9475,-2.1812,0,0,0,2.6528,2.6582,2.6622,2.6572,-1.4697,-13.544,-9.5792,165.18,-31.517,17.043,17.717
6.49,-0.31861,-2.5716,1.545,-0.32978,-0.42115,0,0.84491,0.30869,3.6439,0.77637,0.31518,-0.59194,-0.38815,-12.529,9.8106,-2.2762,0,0,0,2.6359,2.6413,2.6453,2.6403,0.18558,-13.854,-9.4036,165.84,-30.596,18.06,17.605
6.5,-0.31615,-2.5347,1.5527,-0.32766,-0.42415,0,0.84424,0.18344,3.7413,0.75314,0.31483,-0.53514,-0.36586,-12.518,9.6705,-2.3693,0,0,0,2.6171,2.6225,2.6266,2.6216,1.8463,-14.155,-9.218,166.28,-29.69,19.054,17.48
6.51,-0.31494,-2.4968,1.5601,-0.32557,-0.42686,0,0.84368,0.05838,3.8373,0.72899,0.3144,-0.47762,-0.34339,-12.492,9.5275,-2.4605,0,0,0,2.5966,2.602,2.6062,2.601,3.5104,-14.448,-9.0226,166.49,-28.8,20.025,17.343
6.52,-0.31498,-2.4579,1.5673,-0.32354,-0.42929,0,0.84323,-0.066332,3.9318,0.70394,0.31398,-0.41923,-0.32071,-12.448,9.3816,-2.5497,0,0,0,2.5742,2.5797,2.5839,2.5786,5.1754,-14.732,-8.8176,166.47,-27.929,20.971,17.194
6.53,-0.31626,-2.4182,1.5742,-0.32155,-0.43143,0,0.84289,-0.19053,4.0249,0.67801,0.31365,-0.35977,-0.29779,-12.388,9.2329,-2.6368,0,0,0,2.5499,2.5555,2.5598,2.5544,6.839,-15.007,-8.6033,166.21,-27.077,21.89,17.033
6.54,-0.31878,-2.3774,1.5808,-0.31961,-0.43328,0,0.84268,-0.31404,4.1165,0.65121,0.31348,-0.29904,-0.2746,-12.311,9.0815,-2.7217,0,0,0,2.5238,2.5295,2.5339,2.5284,8.4988,-15.273,-8.3799,165.72,-26.245,22.782,16.859
6.55,-0.32254,-2.3358,1.5872,-0.31772,-0.43483,0,0.8426,-0.4367,4.2065,0.62358,0.31356,-0.23682,-0.25111,-12.218,8.9274,-2.8044,0,0,0,2.4959,2.5017,2.5061,2.5005,10.152,-15.532,-8.1477,164.97,-25.435,23.645,16.674
6.56,-0.32752,-2.2933,1.5933,-0.31588,-0.43607,0,0.84265,-0.55835,4.295,0.59513,0.31399,-0.17287,-0.22729,-12.108,8.7709,-2.8847,0,0,0,2.4661,2.4721,2.4766,2.4708,11.797,-15.782,-7.9071,163.97,-24.648,24.478,16.476
6.57,-0.3337,-2.2499,1.5991,-0.31408,-0.437,0,0.84284,-0.67881,4.3819,0.56589,0.31486,-0.10692,-0.2031,-11.982,8.6118,-2.9625,0,0,0,2.4345,2.4407,2.4452,2.4392,13.431,-16.025,-7.6583,162.71,-23.886,25.28,16.266
6.58,-0.34109,-2.2057,1.6046,-0.31233,-0.43761,0,0.84318,-0.79794,4.4673,0.53589,0.3163,-0.038683,-0.17849,-11.84,8.4504,-3.0378,0,0,0,2.401,2.4075,2.412,2.4059,15.051,-16.26,-7.4016,161.19,-23.149,26.05,16.044
6.59,-0.34966,-2.1606,1.6098,-0.31063,-0.43788,0,0.84366,-0.91556,4.5509,0.50515,0.31842,0.032173,-0.15342,-11.681,8.2867,-3.1105,0,0,0,2.3657,2.3725,2.3771,2.3708,16.654,-16.488,-7.1374,159.4,-22.438,26.786,15.81
6.6,-0.35939,-2.1147,1.6147,-0.30897,-0.43781,0,0.84431,-1.0315,4.633,0.47369,0.32137,0.10601,-0.12785,-11.507,8.1207,-3.1805,0,0,0,2.3287,2.3358,2.3404,2.3339,18.238,-16.709,-6.866,157.37,-21.752,27.49,15.565
6.61,-0.37028,-2.0679,1.6193,-0.30736,-0.43738,0,0.84512,-1.1456,4.7133,0.44154,0.32529,0.18323,-0.10171,-11.317,7.9525,-3.2478,0,0,0,2.2899,2.2974,2.302,2.2953,19.8,-16.923,-6.5877,155.08,-21.089,28.162,15.308
6.62,-0.3823,-2.0204,1.6235,-0.30578,-0.43657,0,0.84611,-1.2578,4.792,0.40874,0.33036,0.26429,-0.074941,-11.111,7.7822,-3.3123,0,0,0,2.2493,2.2574,2.262,2.255,21.339,-17.13,-6.3028,152.56,-20.451,28.802,15.04
6.63,-0.39543,-1.9721,1.6275,-0.30423,-0.43536,0,0.84729,-1.3678,4.869,0.37531,0.33676,0.34971,-0.047467,-10.89,7.6099,-3.3738,0,0,0,2.2072,2.2158,2.2204,2.2132,22.851,-17.332,-6.0118,149.81,-19.834,29.41,14.761
6.64,-0.40965,-1.923,1.631,-0.30272,-0.43374,0,0.84866,-1.4755,4.9442,0.34128,0.3447,0.44005,-0.019207,-10.654,7.4356,-3.4325,0,0,0,2.1634,2.1726,2.1772,2.1697,24.334,-17.527,-5.7147,146.83,-19.239,29.986,14.472
6.65,-0.42493,-1.8732,1.6343,-0.30122,-0.43168,0,0.85025,-1.5808,5.0177,0.30667,0.35444,0.53597,0.0099293,-10.403,7.2594,-3.4881,0,0,0,2.118,2.128,2.1325,2.1247,25.787,-17.717,-5.4121,143.64,-18.665,30.531,14.172
6.66,-0.44126,-1.8227,1.6372,-0.29974,-0.42914,0,0.85205,-1.6836,5.0894,0.27152,0.36625,0.63819,0.040043,-10.138,7.0813,-3.5407,0,0,0,2.0712,2.082,2.0865,2.0783,27.206,-17.901,-5.1042,140.24,-18.111,31.045,13.863
6.67,-0.45859,-1.7714,1.6397,-0.29827,-0.42611,0,0.85409,-1.7836,5.1593,0.23587,0.38045,0.74752,0.071245,-9.8593,6.9014,-3.5902,0,0,0,2.0229,2.0347,2.0391,2.0305,28.591,-18.079,-4.7913,136.65,-17.577,31.529,13.545
6.68,-0.47692,-1.7195,1.6419,-0.29679,-0.42253,0,0.85637,-1.8807,5.2274,0.19973,0.39741,0.86488,0.10366,-9.5666,6.7197,-3.6365,0,0,0,1.9733,1.9862,1.9905,1.9815,29.939,-18.252,-4.4738,132.86,-17.06,31.981,13.219
6.69,-0.4962,-1.6669,1.6437,-0.2953,-0.41838,0,0.85893,-1.9748,5.2937,0.16315,0.41757,0.99128,0.13741,-9.2607,6.5364,-3.6796,0,0,0,1.9225,1.9365,1.9407,1.9313,31.247,-18.42,-4.1518,128.89,-16.561,32.404,12.885
6.7,-0.5164,-1.6136,1.6452,-0.29378,-0.4136,0,0.86176,-2.0659,5.3581,0.12615,0.44141,1.1279,0.17265,-8.9418,6.3514,-3.7195,0,0,0,1.8704,1.8859,1.8899,1.88,32.516,-18.583,-3.8258,124.74,-16.079,32.796,12.544
6.71,-0.5375,-1.5597,1.6462,-0.29221,-0.40813,0,0.86489,-2.1536,5.4207,0.088767,0.46951,1.276,0.20954,-8.6105,6.1647,-3.7561,0,0,0,1.8173,1.8345,1.8383,1.8278,33.742,-18.742,-3.496,120.43,-15.613,33.159,12.196
6.72,-0.55947,-1.5052,1.6469,-0.29056,-0.40193,0,0.86835,-2.238,5.4814,0.051037,0.50254,1.437,0.24823,-8.2671,5.9765,-3.7894,0,0,0,1.7633,1.7823,1.7858,1.7747,34.924,-18.896,-3.1627,115.95,-15.162,33.493,11.844
6.73,-0.58225,-1.4501,1.6472,-0.28883,-0.39491,0,0.87214,-2.3189,5.5402,0.01299,0.54129,1.6125,0.28891,-7.9122,5.7868,-3.8194,0,0,0,1.7085,1.7295,1.7327,1.721,36.06,-19.045,-2.8262,111.32,-14.725,33.797,11.486
6.74,-0.60583,-1.3944,1.6472,-0.28697,-0.387,0,0.87628,-2.3962,5.5972,-0.02534,0.58666,1.8041,0.33175,-7.5461,5.5956,-3.846,0,0,0,1.6531,1.6764,1.6792,1.6668,37.15,-19.19,-2.4869,106.55,-14.302,34.072,11.126
6.75,-0.63017,-1.3382,1.6467,-0.28496,-0.37812,0,0.88081,-2.4698,5.6522,-0.063918,0.63968,2.0139,0.37693,-7.1693,5.403,-3.8691,0,0,0,1.5971,1.6231,1.6253,1.6123,38.191,-19.331,-2.1449,101.64,-13.891,34.318,10.763
6.76,-0.65522,-1.2814,1.6459,-0.28275,-0.36816,0,0.88573,-2.5396,5.7052,-0.10271,0.70156,2.2436,0.42463,-6.7824,5.209,-3.8888,0,0,0,1.5409,1.5699,1.5714,1.5577,39.182,-19.468,-1.8006,96.603,-13.492,34.536,10.4
6.77,-0.68094,-1.2241,1.6447,-0.28029,-0.35701,0,0.89106,-2.6054,5.7563,-0.14168,0.77363,2.4954,0.47501,-6.3859,5.0137,-3.9051,0,0,0,1.4846,1.5169,1.5176,1.5032,40.122,-19.601,-1.4542,91.444,-13.104,34.726,10.037
6.78,-0.70731,-1.1663,1.6431,-0.27753,-0.34455,0,0.89681,-2.6673,5.8055,-0.1808,0.85742,2.7712,0.52819,-5.9801,4.817,-3.9179,0,0,0,1.4285,1.4645,1.4641,1.4491,41.011,-19.73,-1.1062,86.172,-12.726,34.888,9.6769
6.79,-0.73428,-1.108,1.6411,-0.2744,-0.33064,0,0.90299,-2.725,5.8527,-0.22003,0.95458,3.0728,0.58423,-5.5658,4.6191,-3.9272,0,0,0,1.3728,1.4129,1.4113,1.3957,41.846,-19.856,-0.75658,80.794,-12.358,35.022,9.321
6.8,-0.7618,-1.0492,1.6387,-0.27082,-0.31515,0,0.90958,-2.7786,5.8979,-0.25933,1.0668,3.4015,0.64311,-5.1434,4.4199,-3.933,0,0,0,1.318,1.3624,1.3593,1.3433,42.626,-19.977,-0.4058,75.318,-11.998,35.129,8.9716
6.81,-0.78983,-0.99003,1.6359,-0.26669,-0.29791,0,0.91659,-2.8279,5.9411,-0.29868,1.196,3.7579,0.70469,-4.7135,4.2195,-3.9353,0,0,0,1.2644,1.3134,1.3084,1.2923,43.352,-20.096,-0.054081,69.753,-11.646,35.209,8.6309
6.82,-0.81834,-0.93042,1.6327,-0.26192,-0.27877,0,0.92395,-2.8728,5.9823,-0.33803,1.3435,4.1415,0.76863,-4.2766,4.018,-3.9341,0,0,0,1.2125,1.2662,1.2591,1.2432,44.021,-20.21,0.2983,64.105,-11.301,35.262,8.3018
6.83,-0.84727,-0.8704,1.6291,-0.25638,-0.25758,0,0.93162,-2.9134,6.0214,-0.37735,1.5107,4.5498,0.83438,-3.8333,3.8154,-3.9294,0,0,0,1.163,1.2212,1.2116,1.1965,44.633,-20.322,0.65107,58.382,-10.963,35.288,7.987
6.84,-0.87659,-0.80999,1.6252,-0.24995,-0.2342,0,0.93951,-2.9495,6.0586,-0.41661,1.6981,4.9781,0.90107,-3.3841,3.6116,-3.9211,0,0,0,1.1165,1.1786,1.1662,1.1526,45.188,-20.43,1.004,52.592,-10.63,35.288,7.6899
6.85,-0.90625,-0.74923,1.6208,-0.24249,-0.20853,0,0.94748,-2.981,6.0936,-0.45576,1.9049,5.4183,0.96747,-2.9297,3.4068,-3.9093,0,0,0,1.0739,1.1389,1.1235,1.1122,45.685,-20.534,1.3567,46.742,-10.303,35.261,7.414
6.86,-0.9362,-0.68813,1.616,-0.23387,-0.18051,0,0.95536,-3.008,6.1267,-0.49478,2.1287,5.8585,1.032,-2.4706,3.2009,-3.894,0,0,0,1.0359,1.1023,1.0838,1.0758,46.123,-20.636,1.7091,40.841,-9.98,35.209,7.163
6.87,-0.96639,-0.6267,1.6109,-0.22398,-0.15017,0,0.96296,-3.0304,6.1577,-0.53363,2.3649,6.2824,1.0925,-2.0074,2.9941,-3.8751,0,0,0,1.0037,1.0691,1.0477,1.0441,46.502,-20.734,2.0608,34.895,-9.6607,35.131,6.9409
6.88,-0.99679,-0.56498,1.6054,-0.21272,-0.11763,0,0.97001,-3.0482,6.1866,-0.57227,2.6062,6.6699,1.1466,-1.5408,2.7862,-3.8528,0,0,0,0.97806,1.0397,1.0157,1.0176,46.821,-20.829,2.4116,28.912,-9.3445,35.027,6.7517
6.89,-1.0273,-0.50298,1.5995,-0.20004,-0.083137,0,0.97625,-3.0612,6.2134,-0.61067,2.8427,6.9982,1.1919,-1.0712,2.5775,-3.8269,0,0,0,0.95982,1.0143,0.98855,0.99678,47.08,-20.921,2.7613,22.901,-9.0306,34.898,6.5991
6.9,-1.058,-0.44072,1.5932,-0.18597,-0.047074,0,0.98143,-3.0696,6.2381,-0.6488,3.0623,7.2441,1.2258,-0.59935,2.3678,-3.7975,0,0,0,0.94948,0.99346,0.9669,0.98206,47.279,-21.01,3.1095,16.868,-8.7185,34.745,6.4865
6.91,-1.0887,-0.37823,1.5865,-0.17061,-0.0099506,0,0.98529,-3.0732,6.2607,-0.68661,3.2521,7.3876,1.2464,-0.12582,2.1573,-3.7647,0,0,0,0.9472,0.97768,0.95153,0.97362,47.417,-21.095,3.4561,10.821,-8.4073,34.566,6.4167
6.92,-1.1194,-0.31551,1.5794,-0.15413,0.027626,0,0.98766,-3.0721,6.2813,-0.72408,3.4003,7.4153,1.2523,0.34879,1.9459,-3.7284,0,0,0,0.95268,0.96762,0.94312,0.97154,47.495,-21.178,3.8008,4.7685,-8.0965,34.364,6.3916
6.93,-1.1501,-0.25261,1.572,-0.13678,0.064995,0,0.98847,-3.0662,6.2997,-0.76117,3.4977,7.3233,1.2433,0.82388,1.7338,-3.6887,0,0,0,0.96529,0.96394,0.94219,0.97576,47.513,-21.257,4.1433,-1.2829,-7.7854,34.137,6.412
6.94,-1.1808,-0.18953,1.5642,-0.11885,0.10151,0,0.98771,-3.0556,6.3159,-0.79784,3.5397,7.118,1.2203,1.2988,1.5208,-3.6456,0,0,0,0.98416,0.96722,0.94899,0.98614,47.47,-21.333,4.4834,-7.3253,-7.4732,33.886,6.4775
6.95,-1.2112,-0.1263,1.556,-0.10068,0.13657,0,0.9855,-3.0403,6.3301,-0.83407,3.527,6.8152,1.185,1.7731,1.3071,-3.599,0,0,0,1.0084,0.97779,0.96347,1.0025,47.366,-21.407,4.8209,-13.351,-7.1593,33.611,6.5868
6.96,-1.2415,-0.062933,1.5475,-0.082575,0.16973,0,0.98203,-3.0202,6.3421,-0.86981,3.4646,6.4366,1.14,2.246,1.0927,-3.5492,0,0,0,1.0371,0.99568,0.98527,1.0244,47.203,-21.477,5.1556,-19.352,-6.843,33.313,6.7375
6.97,-1.2716,0.00053862,1.5386,-0.064807,0.20064,0,0.97752,-2.9954,6.3519,-0.90504,3.3609,6.0066,1.0881,2.7169,0.87759,-3.4959,0,0,0,1.0697,1.0206,1.0138,1.0518,46.979,-21.543,5.4871,-25.322,-6.5236,32.992,6.9265
6.98,-1.3014,0.064098,1.5294,-0.047602,0.22911,0,0.97224,-2.9658,6.3596,-0.93972,3.2259,5.5488,1.0319,3.1853,0.66183,-3.4394,0,0,0,1.1058,1.052,1.0483,1.0841,46.696,-21.607,5.8153,-31.252,-6.2005,32.647,7.1502
6.99,-1.3309,0.12772,1.5199,-0.031124,0.25507,0,0.96642,-2.9317,6.3652,-0.97382,3.0697,5.0831,0.97391,3.6507,0.44546,-3.3796,0,0,0,1.145,1.0891,1.0879,1.1209,46.354,-21.667,6.14,-37.135,-5.873,32.28,7.4048
7,-1.3601,0.19139,1.5099,-0.015478,0.27856,0,0.96029,-2.8928,6.3685,-1.0073,2.9015,4.6254,0.91621,4.1122,0.2285,-3.3166,0,0,0,1.187,1.1312,1.1319,1.1619,45.954,-21.725,6.4608,-42.963,-5.5403,31.891,7.6865
7.01,-1.3888,0.25509,1.4997,-0.00072003,0.29967,0,0.95404,-2.8494,6.3697,-1.0401,2.7288,4.1867,0.8603,4.5695,0.010979,-3.2504,0,0,0,1.2316,1.1774,1.1796,1.2064,45.495,-21.778,6.7777,-48.728,-5.2018,31.479,7.9915
7.02,-1.417,0.31878,1.4891,0.013134,0.31856,0,0.94781,-2.8015,6.3687,-1.0723,2.5574,3.7741,0.80725,5.022,-0.20706,-3.1811,0,0,0,1.2786,1.227,1.2302,1.254,44.979,-21.829,7.0903,-54.424,-4.8568,31.045,8.3163
7.03,-1.4448,0.38245,1.4783,0.0261,0.3354,0,0.94172,-2.749,6.3656,-1.1038,2.3915,3.3912,0.75775,5.4689,-0.42558,-3.1086,0,0,0,1.3277,1.2794,1.2832,1.3042,44.407,-21.875,7.3985,-60.041,-4.5046,30.589,8.6575
7.04,-1.472,0.44609,1.4671,0.038211,0.35036,0,0.93584,-2.6921,6.3602,-1.1345,2.2338,3.0396,0.71218,5.9099,-0.64455,-3.0331,0,0,0,1.3787,1.3339,1.3381,1.3566,43.779,-21.919,7.7021,-65.574,-4.1445,30.111,9.0123
7.05,-1.4986,0.50965,1.4556,0.049517,0.36363,0,0.93023,-2.6308,6.3527,-1.1644,2.0859,2.7187,0.67066,6.3443,-0.86394,-2.9546,0,0,0,1.4313,1.3901,1.3945,1.4108,43.096,-21.958,8.0007,-71.013,-3.7757,29.612,9.378
7.06,-1.5246,0.57313,1.4438,0.060073,0.37537,0,0.92493,-2.5652,6.343,-1.1935,1.9486,2.4272,0.63319,6.7717,-1.0837,-2.8731,0,0,0,1.4853,1.4476,1.452,1.4664,42.359,-21.994,8.2942,-76.352,-3.3975,29.09,9.752
7.07,-1.5499,0.6365,1.4317,0.069937,0.38575,0,0.91995,-2.4954,6.331,-1.2219,1.8222,2.1632,0.59963,7.1913,-1.3038,-2.7888,0,0,0,1.5403,1.5059,1.5103,1.523,41.569,-22.026,8.5824,-81.583,-3.0091,28.546,10.132
7.08,-1.5745,0.69974,1.4194,0.079169,0.3949,0,0.91531,-2.4214,6.3169,-1.2493,1.7064,1.9243,0.56977,7.6029,-1.5242,-2.7015,0,0,0,1.596,1.5647,1.5691,1.5804,40.728,-22.054,8.8651,-86.697,-2.6098,27.979,10.517
7.09,-1.5983,0.76283,1.4067,0.087825,0.40295,0,0.911,-2.3434,6.3005,-1.2759,1.6008,1.708,0.54338,8.0057,-1.7449,-2.6115,0,0,0,1.6524,1.6239,1.6281,1.6382,39.836,-22.078,9.1419,-91.688,-2.1988,27.391,10.904
7.1,-1.6213,0.82575,1.3938,0.095959,0.41002,0,0.90702,-2.2614,6.282,-1.3015,1.5047,1.5122,0.52021,8.3994,-1.9658,-2.5187,0,0,0,1.709,1.6832,1.6872,1.6963,38.894,-22.098,9.4128,-96.547,-1.7755,26.78,11.293
7.11,-1.6435,0.88847,1.3807,0.10362,0.4162,0,0.90335,-2.1754,6.2612,-1.3262,1.4175,1.3346,0.49999,8.7834,-2.1868,-2.4232,0,0,0,1.7658,1.7423,1.7461,1.7544,37.905,-22.114,9.6774,-101.27,-1.339,26.147,11.681
7.12,-1.6648,0.95096,1.3673,0.11086,0.42158,0,0.89999,-2.0857,6.2382,-1.35,1.3385,1.1731,0.48248,9.1574,-2.408,-2.3252,0,0,0,1.8225,1.8011,1.8048,1.8123,36.87,-22.125,9.9357,-105.84,-0.88872,25.491,12.068
7.13,-1.6852,1.0132,1.3537,0.11772,0.42624,0,0.89692,-1.9923,6.2131,-1.3727,1.2669,1.0259,0.46745,9.5207,-2.6293,-2.2245,0,0,0,1.8789,1.8594,1.8629,1.8698,35.789,-22.131,10.187,-110.26,-0.42381,24.813,12.452
7.14,-1.7047,1.0752,1.3399,0.12423,0.43025,0,0.89412,-1.8953,6.1857,-1.3945,1.2022,0.89139,0.45467,9.873,-2.8506,-2.1214,0,0,0,1.9349,1.9171,1.9205,1.9268,34.665,-22.133,10.432,-114.52,0.056453,24.113,12.832
7.15,-1.7231,1.1369,1.3258,0.13043,0.43367,0,0.89158,-1.7949,6.156,-1.4152,1.1437,0.76806,0.44394,10.214,-3.072,-2.0159,0,0,0,1.9903,1.974,1.9773,1.9832,33.499,-22.13,10.669,-118.61,0.55279,23.389,13.208
7.16,-1.7406,1.1983,1.3116,0.13636,0.43654,0,0.88929,-1.6911,6.1242,-1.4348,1.0908,0.65462,0.43507,10.543,-3.2932,-1.9081,0,0,0,2.0451,2.0301,2.0333,2.0388,32.293,-22.122,10.9,-122.52,1.066,22.644,13.579
7.17,-1.7569,1.2594,1.2971,0.14204,0.43891,0,0.88723,-1.5841,6.0902,-1.4533,1.0429,0.5499,0.4279,10.86,-3.5144,-1.798,0,0,0,2.099,2.0853,2.0883,2.0935,31.049,-22.109,11.122,-126.24,1.5967,21.875,13.943
7.18,-1.7722,1.3201,1.2825,0.1475,0.44082,0,0.88539,-1.474,6.0539,-1.4707,0.99967,0.4529,0.42227,11.164,-3.7354,-1.6857,0,0,0,2.1521,2.1393,2.1423,2.1472,29.769,-22.09,11.337,-129.78,2.1457,21.084,14.301
7.19,-1.7864,1.3805,1.2677,0.15276,0.44231,0,0.88376,-1.3609,6.0155,-1.487,0.96054,0.3627,0.41804,11.455,-3.9562,-1.5713,0,0,0,2.2041,2.1923,2.1952,2.1998,28.454,-22.066,11.544,-133.11,2.7138,20.27,14.652
7.2,-1.7994,1.4404,1.2528,0.15784,0.4434,0,0.88232,-1.2449,5.9748,-1.5022,0.92516,0.27854,0.4151,11.733,-4.1767,-1.4548,0,0,0,2.255,2.244,2.2468,2.2512,27.108,-22.036,11.742,-136.24,3.3016,19.433,14.995
7.21,-1.8113,1.5,1.2377,0.16277,0.44412,0,0.88106,-1.1262,5.9319,-1.5161,0.89314,0.19971,0.41331,11.997,-4.3969,-1.3364,0,0,0,2.3047,2.2945,2.2972,2.3015,25.73,-22,11.932,-139.15,3.9099,18.574,15.33
7.22,-1.822,1.5591,1.2224,0.16755,0.44449,0,0.87997,-1.005,5.8869,-1.5289,0.86417,0.1256,0.41259,12.247,-4.6167,-1.2162,0,0,0,2.3531,2.3436,2.3463,2.3504,24.325,-21.958,12.114,-141.83,4.5396,17.691,15.656
7.23,-1.8314,1.6177,1.2071,0.17221,0.44454,0,0.87905,-0.88135,5.8396,-1.5404,0.83795,0.055682,0.41284,12.483,-4.836,-1.0942,0,0,0,2.4003,2.3914,2.394,2.3979,22.895,-21.909,12.286,-144.29,5.1912,16.785,15.973
7.24,-1.8396,1.6758,1.1916,0.17676,0.44428,0,0.87828,-0.7554,5.7901,-1.5508,0.8142,-0.010515,0.41398,12.705,-5.0548,-0.97051,0,0,0,2.4461,2.4377,2.4403,2.4441,21.44,-21.854,12.449,-146.5,5.8655,15.857,16.28
7.25,-1.8465,1.7335,1.1761,0.18121,0.44372,0,0.87765,-0.6273,5.7385,-1.5598,0.79268,-0.073407,0.41592,12.912,-5.2731,-0.84524,0,0,0,2.4904,2.4825,2.4851,2.4888,19.965,-21.792,12.603,-148.48,6.5624,14.906,16.578
7.26,-1.8521,1.7906,1.1605,0.18557,0.44288,0,0.87717,-0.49721,5.6847,-1.5677,0.77318,-0.13336,0.41859,13.104,-5.4906,-0.71848,0,0,0,2.5333,2.5259,2.5284,2.532,18.472,-21.722,12.747,-150.22,7.2813,13.933,16.866
7.27,-1.8564,1.8472,1.1447,0.18985,0.44178,0,0.87681,-0.36527,5.6287,-1.5742,0.75548,-0.19071,0.42194,13.281,-5.7075,-0.59033,0,0,0,2.5748,2.5677,2.5701,2.5737,16.962,-21.646,12.882,-151.74,8.0214,12.94,17.144
7.28,-1.8594,1.9032,1.129,0.19406,0.44041,0,0.87657,-0.23163,5.5705,-1.5795,0.73942,-0.24574,0.42591,13.443,-5.9235,-0.46088,0,0,0,2.6147,2.6079,2.6104,2.6139,15.438,-21.562,13.006,-153.02,8.782,11.927,17.411
7.29,-1.8611,1.9586,1.1132,0.19821,0.4388,0,0.87645,-0.096448,5.5102,-1.5834,0.72483,-0.29872,0.43044,13.59,-6.1387,-0.33024,0,0,0,2.6531,2.6466,2.649,2.6525,13.902,-21.47,13.12,-154.08,9.5623,10.896,17.669
7.3,-1.8613,2.0134,1.0973,0.2023,0.43694,0,0.87644,0.040123,5.4478,-1.5861,0.71155,-0.34987,0.43549,13.721,-6.3529,-0.19851,0,0,0,2.6899,2.6836,2.6861,2.6895,12.357,-21.371,13.224,-154.93,10.362,9.847,17.915
7.31,-1.8603,2.0675,1.0814,0.20635,0.43485,0,0.87654,0.17793,5.3832,-1.5874,0.69945,-0.39942,0.44103,13.837,-6.5661,-0.065793,0,0,0,2.7251,2.7191,2.7216,2.7249,10.804,-21.263,13.317,-155.56,11.179,8.7813,18.151
7.32,-1.8578,2.121,1.0656,0.21035,0.43253,0,0.87674,0.31682,5.3165,-1.5874,0.68841,-0.44754,0.447,13.938,-6.7781,0.0678,0,0,0,2.7588,2.753,2.7555,2.7587,9.2463,-21.147,13.4,-155.98,12.015,7.6999,18.377
7.33,-1.8539,2.1739,1.0497,0.21432,0.42999,0,0.87703,0.45663,5.2476,-1.586,0.67831,-0.4944,0.45338,14.022,-6.989,0.20216,0,0,0,2.7909,2.7853,2.7877,2.791,7.6852,-21.023,13.471,-156.19,12.867,6.6037,18.591
7.34,-1.8486,2.226,1.0339,0.21825,0.42723,0,0.87741,0.59721,5.1767,-1.5833,0.66904,-0.54015,0.46013,14.091,-7.1986,0.33718,0,0,0,2.8214,2.8159,2.8184,2.8216,6.1231,-20.89,13.532,-156.21,13.735,5.4937,18.796
7.35,-1.842,2.2774,1.018,0.22215,0.42425,0,0.87787,0.7384,5.1037,-1.5793,0.66052,-0.58492,0.46723,14.145,-7.4067,0.47276,0,0,0,2.8504,2.845,2.8475,2.8507,4.5617,-20.748,13.581,-156.02,14.618,4.371,18.989
7.36,-1.8339,2.328,1.0023,0.22603,0.42106,0,0.87842,0.88005,5.0285,-1.5739,0.65264,-0.62884,0.47464,14.182,-7.6135,0.60877,0,0,0,2.8778,2.8725,2.8751,2.8782,3.0032,-20.597,13.619,-155.65,15.517,3.2364,19.173
7.37,-1.8244,2.3779,0.98656,0.22989,0.41765,0,0.87904,1.022,4.9514,-1.5671,0.64532,-0.67201,0.48235,14.205,-7.8187,0.7451,0,0,0,2.9036,2.8985,2.901,2.9041,1.4494,-20.437,13.646,-155.09,16.429,2.0909,19.345
7.38,-1.8134,2.4271,0.97093,0.23372,0.41404,0,0.87974,1.1641,4.8722,-1.559,0.63848,-0.71452,0.49032,14.211,-8.0222,0.88164,0,0,0,2.9279,2.9229,2.9255,2.9285,-0.097881,-20.269,13.661,-154.34,17.354,0.93554,19.508
7.39,-1.8011,2.4754,0.95539,0.23753,0.41022,0,0.88051,1.3062,4.7909,-1.5495,0.63205,-0.75646,0.49854,14.203,-8.224,1.0183,0,0,0,2.9508,2.9457,2.9484,2.9514,-1.6368,-20.09,13.664,-153.41,18.292,-0.22873,19.66
7.4,-1.7873,2.5229,0.93995,0.24133,0.4062,0,0.88134,1.4481,4.7077,-1.5386,0.62596,-0.7979,0.50697,14.179,-8.424,1.1549,0,0,0,2.9721,2.9671,2.9698,2.9728,-3.1655,-19.903,13.656,-152.31,19.241,-1.4009,19.803
7.41,-1.7721,2.5695,0.92462,0.24511,0.40197,0,0.88224,1.5897,4.6225,-1.5264,0.62013,-0.83889,0.51561,14.14,-8.622,1.2914,0,0,0,2.992,2.987,2.9897,2.9927,-4.6824,-19.705,13.636,-151.04,20.202,-2.5801,19.936
7.42,-1.7555,2.6153,0.90942,0.24887,0.39753,0,0.88319,1.7308,4.5353,-1.5128,0.61451,-0.87951,0.52443,14.085,-8.8181,1.4276,0,0,0,3.0104,3.0055,3.0082,3.0112,-6.1857,-19.499,13.605,-149.6,21.173,-3.7654,20.059
7.43,-1.7375,2.6602,0.89437,0.25262,0.39289,0,0.8842,1.8714,4.4461,-1.4978,0.60904,-0.91978,0.53341,14.016,-9.012,1.5634,0,0,0,3.0275,3.0225,3.0254,3.0282,-7.6738,-19.282,13.561,-147.99,22.153,-4.9556,20.173
7.44,-1.7181,2.7042,0.87947,0.25636,0.38805,0,0.88527,2.0111,4.355,-1.4815,0.60365,-0.95974,0.54253,13.932,-9.2037,1.6988,0,0,0,3.0432,3.0382,3.0411,3.0439,-9.1451,-19.055,13.505,-146.23,23.142,-6.1499,20.277
7.45,-1.6973,2.7473,0.86474,0.26007,0.38301,0,0.88638,2.1499,4.2621,-1.4638,0.59829,-0.99943,0.55176,13.833,-9.393,1.8335,0,0,0,3.0576,3.0526,3.0555,3.0583,-10.598,-18.819,13.438,-144.32,24.14,-7.3473,20.373
7.46,-1.6751,2.7895,0.8502,0.26377,0.37776,0,0.88754,2.2877,4.1672,-1.4448,0.5929,-1.0389,0.5611,13.72,-9.58,1.9675,0,0,0,3.0707,3.0657,3.0687,3.0714,-12.031,-18.573,13.358,-142.25,25.145,-8.5468,20.461
7.47,-1.6515,2.8307,0.83585,0.26745,0.3723,0,0.88874,2.4243,4.0705,-1.4245,0.58744,-1.0781,0.57052,13.592,-9.7645,2.1006,0,0,0,3.0825,3.0775,3.0806,3.0832,-13.443,-18.316,13.267,-140.05,26.156,-9.7475,20.54
7.48,-1.6266,2.8709,0.82171,0.27112,0.36665,0,0.88998,2.5595,3.9719,-1.4028,0.58185,-1.117,0.57999,13.451,-9.9463,2.2328,0,0,0,3.0932,3.0882,3.0913,3.0939,-14.831,-18.05,13.163,-137.69,27.173,-10.948,20.611
7.49,-1.6004,2.9101,0.8078,0.27476,0.36079,0,0.89126,2.6933,3.8715,-1.3798,0.57608,-1.1558,0.5895,13.296,-10.125,2.3638,0,0,0,3.1027,3.0977,3.1008,3.1033,-16.196,-17.773,13.048,-135.21,28.196,-12.148,20.674
7.5,-1.5728,2.9483,0.79412,0.27838,0.35473,0,0.89257,2.8254,3.7694,-1.3556,0.57008,-1.1943,0.59903,13.127,-10.302,2.4937,0,0,0,3.1112,3.1061,3.1093,3.1117,-17.535,-17.486,12.921,-132.59,29.223,-13.347,20.73
7.51,-1.5439,2.9855,0.78069,0.28197,0.34846,0,0.8939,2.9558,3.6655,-1.33,0.56381,-1.2325,0.60856,12.945,-10.475,2.6222,0,0,0,3.1185,3.1134,3.1167,3.119,-18.847,-17.188,12.781,-129.84,30.253,-14.542,20.779
7.52,-1.5137,3.0216,0.76753,0.28554,0.342,0,0.89527,3.0843,3.5599,-1.3031,0.55723,-1.2704,0.61806,12.75,-10.645,2.7493,0,0,0,3.1249,3.1197,3.1231,3.1253,-20.131,-16.881,12.63,-126.97,31.287,-15.734,20.822
7.53,-1.4822,3.0567,0.75464,0.28907,0.33533,0,0.89666,3.2107,3.4526,-1.275,0.5503,-1.3081,0.62751,12.543,-10.813,2.8748,0,0,0,3.1304,3.1251,3.1285,3.1307,-21.386,-16.562,12.466,-123.98,32.323,-16.921,20.858
7.54,-1.4494,3.0906,0.74203,0.29257,0.32845,0,0.89806,3.3351,3.3437,-1.2456,0.54296,-1.3454,0.6369,12.323,-10.977,2.9986,0,0,0,3.1349,3.1296,3.1331,3.1351,-22.611,-16.234,12.291,-120.87,33.36,-18.103,20.888
7.55,-1.4155,3.1235,0.72973,0.29604,0.32138,0,0.89949,3.4571,3.2331,-1.215,0.53519,-1.3824,0.64619,12.091,-11.137,3.1205,0,0,0,3.1386,3.1333,3.1368,3.1388,-23.803,-15.895,12.104,-117.65,34.399,-19.278,20.913
7.56,-1.3803,3.1553,0.71773,0.29946,0.31411,0,0.90092,3.5768,3.1209,-1.1832,0.52694,-1.4189,0.65536,11.847,-11.295,3.2406,0,0,0,3.1416,3.1362,3.1398,3.1416,-24.963,-15.546,11.906,-114.33,35.437,-20.445,20.932
7.57,-1.344,3.1859,0.70607,0.30284,0.30663,0,0.90236,3.694,3.0072,-1.1502,0.51819,-1.455,0.66439,11.592,-11.448,3.3586,0,0,0,3.1438,3.1384,3.142,3.1437,-26.089,-15.187,11.695,-110.9,36.475,-21.604,20.946
7.58,-1.3064,3.2154,0.69473,0.30617,0.29897,0,0.90381,3.8086,2.892,-1.1161,0.5089,-1.4905,0.67325,11.325,-11.598,3.4745,0,0,0,3.1453,3.1398,3.1435,3.1451,-27.181,-14.817,11.474,-107.37,37.511,-22.753,20.956
7.59,-1.2678,3.2438,0.68375,0.30945,0.2911,0,0.90526,3.9205,2.7753,-1.0807,0.49904,-1.5254,0.68193,11.048,-11.744,3.5881,0,0,0,3.1462,3.1407,3.1445,3.1458,-28.237,-14.436,11.24,-103.75,38.546,-23.892,20.962
7.6,-1.228,3.2709,0.67312,0.31268,0.28305,0,0.90671,4.0296,2.6571,-1.0443,0.48859,-1.5597,0.69039,10.761,-11.887,3.6993,0,0,0,3.1465,3.141,3.1449,3.1461,-29.256,-14.046,10.996,-100.05,39.577,-25.02,20.964
7.61,-1.1872,3.2969,0.66287,0.31584,0.2748,0,0.90815,4.1357,2.5375,-1.0068,0.47752,-1.5933,0.69861,10.463,-12.025,3.8079,0,0,0,3.1464,3.1408,3.1447,3.1457,-30.237,-13.645,10.74,-96.252,40.605,-26.134,20.963
7.62,-1.1453,3.3217,0.65299,0.31893,0.26637,0,0.90958,4.2388,2.4166,-0.96815,0.46582,-1.626,0.70657,10.156,-12.16,3.914,0,0,0,3.1458,3.1402,3.1441,3.145,-31.18,-13.234,10.473,-92.376,41.629,-27.236,20.958
7.63,-1.1024,3.3452,0.64351,0.32195,0.25776,0,0.91099,4.3388,2.2944,-0.9285,0.45347,-1.6579,0.71423,9.8396,-12.29,4.0174,0,0,0,3.1448,3.1392,3.1431,3.1438,-32.085,-12.812,10.195,-88.424,42.647,-28.323,20.951
7.64,-1.0586,3.3676,0.63442,0.3249,0.24897,0,0.91239,4.4356,2.1708,-0.88782,0.44045,-1.6888,0.72158,9.5144,-12.416,4.1179,0,0,0,3.1434,3.1378,3.1418,3.1423,-32.949,-12.381,9.9068,-84.4,43.66,-29.396,20.942
7.65,-1.0137,3.3887,0.62575,0.32777,0.24001,0,0.91376,4.529,2.0461,-0.84615,0.42676,-1.7187,0.7286,9.1807,-12.538,4.2155,0,0,0,3.1417,3.1361,3.1402,3.1404,-33.772,-11.939,9.6076,-80.306,44.665,-30.452,20.931
7.66,-0.968,3.4085,0.6175,0.33055,0.23088,0,0.91511,4.6191,1.9201,-0.80352,0.4124,-1.7475,0.73525,8.839,-12.655,4.31,0,0,0,3.1398,3.1342,3.1383,3.1383,-34.555,-11.487,9.2978,-76.149,45.664,-31.492,20.918
7.67,-0.92137,3.4271,0.60969,0.33324,0.22159,0,0.91643,4.7058,1.793,-0.75996,0.39736,-1.775,0.74152,8.4898,-12.767,4.4014,0,0,0,3.1377,3.1321,3.1362,3.136,-35.295,-11.026,8.9778,-71.932,46.653,-32.515,20.903
7.68,-0.87389,3.4443,0.60231,0.33583,0.21214,0,0.91772,4.7889,1.6648,-0.7155,0.38165,-1.8013,0.74738,8.1333,-12.875,4.4895,0,0,0,3.1354,3.1298,3.1339,3.1335,-35.993,-10.554,8.6476,-67.66,47.634,-33.519,20.888
7.69,-0.8256,3.4603,0.59538,0.33832,0.20255,0,0.91897,4.8684,1.5355,-0.67018,0.36529,-1.8261,0.75281,7.77,-12.978,4.5743,0,0,0,3.1329,3.1275,3.1316,3.131,-36.648,-10.073,8.3075,-63.336,48.604,-34.505,20.872
7.7,-0.77654,3.4751,0.58891,0.34071,0.19282,0,0.92018,4.9443,1.4052,-0.62403,0.34829,-1.8495,0.7578,7.4005,-13.077,4.6556,0,0,0,3.1304,3.125,3.1291,3.1283,-37.26,-9.5823,7.9576,-58.965,49.563,-35.471,20.855
7.71,-0.72673,3.4885,0.5829,0.34299,0.18295,0,0.92135,5.0164,1.274,-0.57708,0.33067,-1.8714,0.76233,7.025,-13.17,4.7334,0,0,0,3.1279,3.1226,3.1266,3.1256,-37.827,-9.0819,7.5981,-54.551,50.511,-36.417,20.838
7.72,-0.67622,3.5005,0.57737,0.34515,0.17296,0,0.92247,5.0848,1.1418,-0.52937,0.31244,-1.8917,0.76638,6.6441,-13.258,4.8076,0,0,0,3.1253,3.1201,3.1242,3.1228,-38.351,-8.5721,7.2293,-50.099,51.446,-37.341,20.821
7.73,-0.62505,3.5113,0.57232,0.34719,0.16286,0,0.92354,5.1493,1.0088,-0.48094,0.29365,-1.9103,0.76993,6.2581,-13.341,4.878,0,0,0,3.1228,3.1176,3.1217,3.1201,-38.829,-8.0531,6.8514,-45.612,52.367,-38.244,20.804
7.74,-0.57325,3.5207,0.56775,0.34912,0.15265,0,0.92456,5.2099,0.87502,-0.43182,0.27432,-1.9271,0.77298,5.8676,-13.419,4.9446,0,0,0,3.1203,3.1152,3.1193,3.1174,-39.263,-7.5249,6.4645,-41.095,53.274,-39.124,20.787
7.75,-0.52086,3.5288,0.56368,0.35091,0.14235,0,0.92553,5.2666,0.74046,-0.38206,0.25448,-1.9422,0.77552,5.473,-13.492,5.0072,0,0,0,3.1179,3.1129,3.1169,3.1149,-39.651,-6.9876,6.069,-36.552,54.166,-39.98,20.771
7.76,-0.46793,3.5355,0.56011,0.35257,0.13196,0,0.92643,5.3194,0.6052,-0.33169,0.23419,-1.9554,0.77753,5.0748,-13.559,5.0659,0,0,0,3.1156,3.1107,3.1147,3.1124,-39.994,-6.4416,5.665,-31.987,55.041,-40.812,20.756
7.77,-0.41449,3.5409,0.55705,0.3541,0.12149,0,0.92728,5.3681,0.4693,-0.28076,0.21348,-1.9667,0.77901,4.6733,-13.621,5.1205,0,0,0,3.1133,3.1086,3.1125,3.11,-40.291,-5.8869,5.2528,-27.405,55.9,-41.619,20.741
7.78,-0.36058,3.5449,0.5545,0.3555,0.11097,0,0.92807,5.4128,0.33281,-0.22929,0.1924,-1.9761,0.77996,4.2691,-13.677,5.171,0,0,0,3.1112,3.1067,3.1105,3.1077,-40.542,-5.3236,4.8327,-22.81,56.742,-42.399,20.727
7.79,-0.30624,3.5475,0.55247,0.35675,0.10039,0,0.92879,5.4535,0.19578,-0.17735,0.17099,-1.9836,0.78038,3.8626,-13.727,5.2171,0,0,0,3.1093,3.1049,3.1086,3.1056,-40.747,-4.7521,4.4049,-18.206,57.564,-43.154,20.714
7.8,-0.25152,3.5488,0.55095,0.35787,0.089763,0,0.92945,5.4901,0.058282,-0.12497,0.14931,-1.9891,0.78028,3.4543,-13.772,5.259,0,0,0,3.1074,3.1032,3.1069,3.1036,-40.906,-4.1724,3.9697,-13.598,58.368,-43.881,20.702
7.81,-0.19646,3.5487,0.54997,0.35884,0.07911,0,0.93004,5.5226,-0.079634,-0.072184,0.1274,-1.9926,0.77965,3.0447,-13.811,5.2965,0,0,0,3.1057,3.1016,3.1052,3.1018,-41.019,-3.5848,3.5274,-8.9884,59.151,-44.579,20.691
7.82,-0.14109,3.5472,0.54951,0.35967,0.068438,0,0.93057,5.551,-0.21791,-0.01905,0.10532,-1.9942,0.7785,2.6341,-13.843,5.3296,0,0,0,3.1041,3.1002,3.1038,3.1001,-41.086,-2.9895,3.0782,-4.3831,59.913,-45.249,20.68
7.83,-0.085451,3.5443,0.54959,0.36036,0.057757,0,0.93103,5.5752,-0.35648,0.034392,0.08312,-1.9938,0.77685,2.2231,-13.87,5.3581,0,0,0,3.1027,3.099,3.1024,3.0986,-41.106,-2.3866,2.6225,0.21411,60.653,-45.889,20.671
7.84,-0.029594,3.5401,0.5502,0.36089,0.047079,0,0.93142,5.5954,-0.49529,0.088096,0.060845,-1.9915,0.77471,1.8121,-13.891,5.382,0,0,0,3.1014,3.0978,3.1012,3.0971,-41.081,-1.7765,2.1606,4.7991,61.371,-46.498,20.663
7.85,0.026444,3.5344,0.55135,0.36129,0.036416,0,0.93174,5.6115,-0.63428,0.14202,0.038547,-1.9873,0.77209,1.4016,-13.906,5.4013,0,0,0,3.1001,3.0968,3.1,3.0958,-41.011,-1.1593,1.6927,9.3675,62.065,-47.076,20.655
7.86,0.082622,3.5274,0.55304,0.36153,0.025777,0,0.932,5.6235,-0.77339,0.1961,0.016271,-1.9813,0.76901,0.99207,-13.914,5.4158,0,0,0,3.099,3.0958,3.099,3.0946,-40.894,-0.53527,1.2191,13.915,62.735,-47.622,20.647
7.87,0.1389,3.519,0.55527,0.36164,0.015173,0,0.9322,5.6313,-0.91255,0.25032,-0.0059364,-1.9735,0.76549,0.5839,-13.916,5.4256,0,0,0,3.0979,3.095,3.098,3.0935,-40.732,0.095319,0.74033,18.438,63.379,-48.135,20.64
7.88,0.19524,3.5091,0.55805,0.3616,0.0046152,0,0.93232,5.6351,-1.0517,0.3046,-0.028035,-1.9639,0.76156,0.17757,-13.912,5.4306,0,0,0,3.0969,3.0941,3.097,3.0924,-40.525,0.73222,0.25656,22.931,63.997,-48.614,20.634
7.89,0.25159,3.4979,0.56137,0.36141,-0.0058874,0,0.93239,5.6349,-1.1908,0.35891,-0.049986,-1.9527,0.75722,-0.22646,-13.902,5.4307,0,0,0,3.0958,3.0933,3.0961,3.0913,-40.274,1.3752,-0.23183,27.391,64.589,-49.059,20.627
7.9,0.30792,3.4853,0.56523,0.36109,-0.016325,0,0.93239,5.6306,-1.3297,0.4132,-0.071754,-1.9399,0.75252,-0.62776,-13.885,5.426,0,0,0,3.0948,3.0924,3.0951,3.0902,-39.978,2.0239,-0.7245,31.813,65.152,-49.469,20.621
7.91,0.36419,3.4713,0.56963,0.36062,-0.026689,0,0.93233,5.6224,-1.4684,0.46741,-0.09331,-1.9256,0.74748,-1.0259,-13.861,5.4162,0,0,0,3.0936,3.0915,3.094,3.089,-39.638,2.6781,-1.2211,36.193,65.687,-49.842,20.614
7.92,0.42035,3.456,0.57457,0.36002,-0.036971,0,0.93221,5.6101,-1.6069,0.52151,-0.11463,-1.9098,0.74212,-1.4204,-13.831,5.4015,0,0,0,3.0924,3.0904,3.0929,3.0878,-39.254,3.3376,-1.7212,40.527,66.193,-50.179,20.606
7.93,0.47638,3.4392,0.58006,0.35928,-0.047162,0,0.93204,5.594,-1.7451,0.57543,-0.13568,-1.8927,0.73647,-1.8108,-13.795,5.3818,0,0,0,3.0911,3.0893,3.0916,3.0865,-38.827,4.0019,-2.2245,44.81,66.668,-50.479,20.597
7.94,0.53222,3.4211,0.58608,0.35841,-0.057256,0,0.93181,5.5739,-1.8828,0.62913,-0.15646,-1.8744,0.73057,-2.1968,-13.751,5.357,0,0,0,3.0896,3.0879,3.0902,3.085,-38.358,4.6708,-2.7307,49.039,67.113,-50.74,20.588
7.95,0.58784,3.4016,0.59264,0.3574,-0.067244,0,0.93153,5.55,-2.0201,0.68255,-0.17695,-1.8549,0.72444,-2.5778,-13.701,5.3272,0,0,0,3.0878,3.0864,3.0885,3.0832,-37.847,5.344,-3.2392,53.208,67.525,-50.962,20.577
7.96,0.64321,3.3807,0.59973,0.35627,-0.077122,0,0.93119,5.5224,-2.1568,0.73565,-0.19715,-1.8343,0.71812,-2.9536,-13.644,5.2922,0,0,0,3.0858,3.0845,3.0866,3.0813,-37.294,6.0212,-3.7498,57.314,67.905,-51.144,20.564
7.97,0.69828,3.3584,0.60735,0.35501,-0.086882,0,0.93082,5.491,-2.2929,0.78838,-0.21704,-1.8127,0.71164,-3.3236,-13.581,5.2522,0,0,0,3.0835,3.0824,3.0844,3.079,-36.701,6.702,-4.2619,61.353,68.251,-51.285,20.549
7.98,0.75302,3.3348,0.6155,0.35363,-0.09652,0,0.93039,5.4559,-2.4284,0.84068,-0.23664,-1.7903,0.70503,-3.6874,-13.51,5.207,0,0,0,3.0808,3.0798,3.0817,3.0763,-36.067,7.3861,-4.7753,65.321,68.562,-51.385,20.531
7.99,0.80738,3.3099,0.62416,0.35213,-0.10603,0,0.92993,5.4173,-2.5631,0.8925,-0.25596,-1.7671,0.69832,-4.0448,-13.433,5.1567,0,0,0,3.0778,3.0769,3.0787,3.0733,-35.395,8.0731,-5.2895,69.212,68.838,-51.442,20.511
8,0.86135,3.2836,0.63335,0.35051,-0.11541,0,0.92942,5.3751,-2.697,0.9438,-0.27499,-1.7432,0.69155,-4.3952,-13.349,5.1012,0,0,0,3.0742,3.0735,3.0752,3.0698,-34.683,8.7628,-5.804,73.023,69.079,-51.456,20.488
8.01,0.91487,3.2559,0.64304,0.34878,-0.12465,0,0.92888,5.3294,-2.8301,0.99451,-0.29378,-1.7186,0.68474,-4.7383,-13.258,5.0406,0,0,0,3.0702,3.0695,3.0712,3.0658,-33.934,9.4546,-6.3185,76.75,69.282,-51.426,20.461
8.02,0.96793,3.227,0.65323,0.34693,-0.13376,0,0.9283,5.2803,-2.9621,1.0446,-0.31233,-1.6936,0.67794,-5.0738,-13.16,4.9748,0,0,0,3.0655,3.065,3.0667,3.0612,-33.149,10.148,-6.8324,80.388,69.447,-51.351,20.431
8.03,1.0205,3.1967,0.66393,0.34497,-0.14273,0,0.9277,5.2279,-3.0932,1.094,-0.33067,-1.6681,0.67118,-5.4012,-13.055,4.9039,0,0,0,3.0603,3.0599,3.0615,3.056,-32.327,10.843,-7.3453,83.933,69.573,-51.229,20.396
8.04,1.0725,3.1651,0.67511,0.34291,-0.15155,0,0.92706,5.1723,-3.2232,1.1427,-0.34884,-1.6423,0.66448,-5.7202,-12.943,4.8279,0,0,0,3.0544,3.054,3.0556,3.0502,-31.47,11.54,-7.8568,87.381,69.66,-51.061,20.357
8.05,1.1239,3.1322,0.68678,0.34073,-0.16023,0,0.92641,5.1136,-3.3521,1.1905,-0.36688,-1.6162,0.65788,-6.0305,-12.824,4.7468,0,0,0,3.0478,3.0475,3.049,3.0436,-30.58,12.236,-8.3664,90.728,69.706,-50.845,20.313
8.06,1.1747,3.0981,0.69892,0.33845,-0.16876,0,0.92573,5.0517,-3.4797,1.2376,-0.38481,-1.5899,0.65142,-6.3317,-12.698,4.6606,0,0,0,3.0404,3.0401,3.0417,3.0363,-29.656,12.934,-8.8736,93.969,69.711,-50.579,20.264
8.07,1.2249,3.0626,0.71153,0.33607,-0.17715,0,0.92503,4.987,-3.606,1.2837,-0.4027,-1.5634,0.64512,-6.6235,-12.565,4.5693,0,0,0,3.0321,3.032,3.0335,3.0281,-28.701,13.631,-9.3778,97.1,69.674,-50.265,20.21
8.08,1.2745,3.0259,0.72459,0.33359,-0.18539,0,0.92431,4.9193,-3.731,1.3289,-0.42058,-1.5369,0.63903,-6.9056,-12.425,4.4731,0,0,0,3.023,3.0229,3.0245,3.0191,-27.714,14.327,-9.8787,100.12,69.594,-49.899,20.149
8.09,1.3233,2.988,0.7381,0.331,-0.19349,0,0.92358,4.8489,-3.8545,1.3732,-0.43852,-1.5104,0.63316,-7.1777,-12.279,4.3718,0,0,0,3.013,3.0129,3.0145,3.0091,-26.699,15.022,-10.376,103.02,69.47,-49.483,20.083
8.1,1.3714,2.9489,0.75205,0.32831,-0.20144,0,0.92284,4.7758,-3.9765,1.4164,-0.45657,-1.4839,0.62757,-7.4395,-12.125,4.2656,0,0,0,3.0021,3.002,3.0036,2.9982,-25.654,15.716,-10.868,105.79,69.301,-49.013,20.01
8.11,1.4188,2.9085,0.76643,0.32552,-0.20924,0,0.92209,4.7001,-4.097,1.4585,-0.47479,-1.4575,0.62227,-7.6907,-11.964,4.1544,0,0,0,2.9901,2.99,2.9917,2.9863,-24.583,16.408,-11.356,108.44,69.086,-48.491,19.93
8.12,1.4654,2.8669,0.78122,0.32263,-0.21691,0,0.92134,4.622,-4.2158,1.4994,-0.49326,-1.4312,0.61731,-7.931,-11.797,4.0385,0,0,0,2.977,2.9769,2.9787,2.9733,-23.486,17.098,-11.838,110.96,68.825,-47.914,19.843
8.13,1.5112,2.8242,0.79641,0.31964,-0.22442,0,0.92058,4.5415,-4.3329,1.5392,-0.51204,-1.4052,0.61273,-8.1603,-11.622,3.9177,0,0,0,2.9629,2.9628,2.9646,2.9592,-22.364,17.784,-12.314,113.35,68.517,-47.282,19.749
8.14,1.5563,2.7803,0.812,0.31654,-0.2318,0,0.91982,4.4588,-4.4482,1.5778,-0.53121,-1.3793,0.60855,-8.3783,-11.441,3.7922,0,0,0,2.9476,2.9474,2.9494,2.944,-21.22,18.468,-12.783,115.59,68.161,-46.594,19.647
8.15,1.6004,2.7352,0.82796,0.31334,-0.23904,0,0.91906,4.374,-4.5617,1.615,-0.55086,-1.3538,0.60481,-8.5846,-11.253,3.6621,0,0,0,2.9312,2.931,2.933,2.9276,-20.053,19.148,-13.246,117.69,67.755,-45.849,19.538
8.16,1.6437,2.689,0.84429,0.31003,-0.24614,0,0.91831,4.2872,-4.6732,1.651,-0.57107,-1.3284,0.60156,-8.7793,-11.058,3.5273,0,0,0,2.9135,2.9133,2.9155,2.91,-18.866,19.823,-13.7,119.64,67.3,-45.046,19.42
8.17,1.6862,2.6418,0.86098,0.30661,-0.2531,0,0.91757,4.1985,-4.7828,1.6856,-0.59195,-1.3034,0.59884,-8.9619,-10.857,3.3881,0,0,0,2.8946,2.8943,2.8967,2.8912,-17.661,20.493,-14.146,121.44,66.794,-44.185,19.295
8.18,1.7277,2.5934,0.878,0.30308,-0.25993,0,0.91683,4.108,-4.8903,1.7187,-0.61358,-1.2788,0.59669,-9.1324,-10.648,3.2444,0,0,0,2.8745,2.8741,2.8766,2.8711,-16.438,21.159,-14.584,123.09,66.237,-43.263,19.16
8.19,1.7683,2.544,0.89535,0.29944,-0.26664,0,0.9161,4.0159,-4.9958,1.7505,-0.63609,-1.2544,0.59515,-9.2906,-10.434,3.0965,0,0,0,2.853,2.8525,2.8552,2.8497,-15.199,21.818,-15.011,124.57,65.626,-42.282,19.017
8.2,1.808,2.4935,0.913,0.29567,-0.27321,0,0.91539,3.9222,-5.099,1.7807,-0.65959,-1.2304,0.59428,-9.4363,-10.212,2.9442,0,0,0,2.8303,2.8296,2.8326,2.827,-13.947,22.471,-15.429,125.89,64.963,-41.238,18.866
8.21,1.8467,2.442,0.93095,0.29177,-0.27966,0,0.91469,3.8272,-5.2,1.8093,-0.6842,-1.2068,0.59413,-9.5695,-9.9841,2.7879,0,0,0,2.8062,2.8054,2.8086,2.8029,-12.682,23.117,-15.836,127.04,64.246,-40.133,18.705
8.22,1.8845,2.3895,0.94918,0.28775,-0.28598,0,0.91401,3.7309,-5.2987,1.8364,-0.71006,-1.1835,0.59475,-9.69,-9.7498,2.6276,0,0,0,2.7807,2.7798,2.7833,2.7775,-11.407,23.756,-16.231,128.02,63.473,-38.964,18.535
8.23,1.9214,2.336,0.96768,0.28358,-0.29219,0,0.91335,3.6334,-5.395,1.8619,-0.73732,-1.1605,0.5962,-9.7976,-9.509,2.4633,0,0,0,2.7539,2.7528,2.7566,2.7507,-10.122,24.386,-16.615,128.82,62.644,-37.73,18.357
8.24,1.9572,2.2816,0.98642,0.27927,-0.29827,0,0.91271,3.535,-5.4888,1.8857,-0.76614,-1.1379,0.59854,-9.8924,-9.2621,2.2953,0,0,0,2.7257,2.7245,2.7286,2.7225,-8.831,25.008,-16.986,129.43,61.759,-36.432,18.169
8.25,1.9921,2.2263,1.0054,0.2748,-0.30424,0,0.9121,3.4356,-5.5802,1.9078,-0.79668,-1.1156,0.60186,-9.9742,-9.0089,2.1236,0,0,0,2.6961,2.6947,2.6992,2.6929,-7.5344,25.621,-17.343,129.87,60.817,-35.068,17.972
8.26,2.0259,2.17,1.0246,0.27017,-0.3101,0,0.91151,3.3355,-5.669,1.9281,-0.82913,-1.0936,0.60622,-10.043,-8.7497,1.9485,0,0,0,2.6652,2.6636,2.6684,2.662,-6.2344,26.224,-17.687,130.11,59.815,-33.637,17.765
8.27,2.0588,2.1129,1.0439,0.26536,-0.31585,0,0.91095,3.2348,-5.7551,1.9467,-0.86371,-1.0719,0.61171,-10.099,-8.4845,1.77,0,0,0,2.6328,2.631,2.6363,2.6297,-4.9329,26.817,-18.016,130.15,58.755,-32.138,17.55
8.28,2.0906,2.0549,1.0635,0.26036,-0.32149,0,0.91041,3.1336,-5.8386,1.9635,-0.90061,-1.0504,0.61842,-10.142,-8.2134,1.5882,0,0,0,2.5991,2.5971,2.6028,2.596,-3.632,27.399,-18.329,130,57.634,-30.57,17.325
8.29,2.1214,1.9961,1.0832,0.25517,-0.32702,0,0.90991,3.032,-5.9194,1.9785,-0.9401,-1.0291,0.62645,-10.172,-7.9365,1.4034,0,0,0,2.5641,2.5618,2.5681,2.5609,-2.3336,27.97,-18.627,129.65,56.452,-28.933,17.091
8.3,2.1512,1.9365,1.1031,0.24975,-0.33245,0,0.90945,2.9302,-5.9974,1.9916,-0.98241,-1.0079,0.6359,-10.188,-7.654,1.2157,0,0,0,2.5277,2.5251,2.532,2.5245,-1.0398,28.528,-18.908,129.08,55.209,-27.225,16.849
8.31,2.18,1.8762,1.123,0.24411,-0.33778,0,0.90902,2.8283,-6.0725,2.0028,-1.0279,-0.9867,0.64691,-10.192,-7.366,1.0253,0,0,0,2.49,2.4871,2.4946,2.4868,0.24739,29.074,-19.171,128.31,53.902,-25.445,16.597
8.32,2.2078,1.8151,1.1431,0.23822,-0.343,0,0.90863,2.7264,-6.1447,2.0121,-1.0767,-0.96553,0.6596,-10.183,-7.0726,0.83237,0,0,0,2.451,2.4478,2.456,2.4477,1.5257,29.606,-19.417,127.32,52.533,-23.593,16.337
8.33,2.2346,1.7533,1.1633,0.23206,-0.34812,0,0.90827,2.6247,-6.2139,2.0194,-1.1294,-0.94422,0.67411,-10.162,-6.7739,0.63706,0,0,0,2.4107,2.4072,2.4162,2.4074,2.7931,30.124,-19.643,126.11,51.098,-21.668,16.069
8.34,2.2603,1.6908,1.1835,0.22561,-0.35314,0,0.90796,2.5232,-6.2801,2.0248,-1.1862,-0.92268,0.69061,-10.128,-6.4701,0.43958,0,0,0,2.3692,2.3654,2.3752,2.3659,4.0472,30.628,-19.85,124.68,49.598,-19.669,15.793
8.35,2.285,1.6277,1.2038,0.21884,-0.35806,0,0.90769,2.4221,-6.3433,2.0282,-1.2475,-0.90074,0.70927,-10.081,-6.1614,0.24013,0,0,0,2.3266,2.3224,2.3331,2.3233,5.2859,31.116,-20.036,123.02,48.033,-17.595,15.509
8.36,2.3088,1.564,1.224,0.21174,-0.36287,0,0.90747,2.3216,-6.4033,2.0296,-1.3138,-0.87827,0.73028,-10.022,-5.8479,0.038928,0,0,0,2.2829,2.2783,2.2899,2.2795,6.5068,31.588,-20.201,121.13,46.401,-15.446,15.218
8.37,2.3315,1.4997,1.2443,0.20426,-0.36757,0,0.90729,2.2217,-6.4602,2.029,-1.3856,-0.85504,0.75385,-9.9509,-5.5297,-0.16382,0,0,0,2.2381,2.233,2.2458,2.2346,7.7076,32.044,-20.345,119.01,44.704,-13.226,14.919
8.38,2.3532,1.4348,1.2646,0.19638,-0.37217,0,0.90715,2.1226,-6.5139,2.0263,-1.4634,-0.83084,0.78021,-9.8679,-5.207,-0.36789,0,0,0,2.1923,2.1868,2.2007,2.1887,8.8863,32.482,-20.466,116.68,42.945,-10.939,14.614
8.39,2.3739,1.3694,1.2849,0.18807,-0.37664,0,0.90707,2.0244,-6.5643,2.0216,-1.5476,-0.80538,0.80961,-9.7733,-4.8801,-0.57305,0,0,0,2.1456,2.1397,2.1549,2.142,10.041,32.902,-20.563,114.14,41.126,-8.5912,14.304
8.4,2.3937,1.3035,1.305,0.17928,-0.38099,0,0.90703,1.9272,-6.6115,2.0149,-1.6391,-0.77833,0.84231,-9.6672,-4.5491,-0.77908,0,0,0,2.0981,2.0917,2.1083,2.0943,11.169,33.304,-20.637,111.41,39.249,-6.1857,13.987
8.41,2.4125,1.2372,1.3251,0.16998,-0.38521,0,0.90704,1.8311,-6.6553,2.006,-1.7382,-0.74929,0.87862,-9.55,-4.2141,-0.98572,0,0,0,2.0498,2.0429,2.0611,2.046,12.268,33.687,-20.687,108.48,37.316,-3.7274,13.666
8.42,2.4303,1.1704,1.3452,0.16011,-0.38928,0,0.9071,1.7362,-6.6958,1.9951,-1.8458,-0.7178,0.91883,-9.4219,-3.8754,-1.1927,0,0,0,2.0009,1.9936,2.0133,1.997,13.338,34.051,-20.712,105.37,35.33,-1.2209,13.341
8.43,2.4472,1.1033,1.365,0.14964,-0.39318,0,0.9072,1.6427,-6.7328,1.9822,-1.9626,-0.68331,0.96329,-9.2834,-3.5331,-1.3999,0,0,0,1.9515,1.9436,1.9652,1.9474,14.375,34.394,-20.711,102.09,33.292,1.3293,13.013
8.44,2.4632,1.0358,1.3848,0.1385,-0.39691,0,0.90735,1.5506,-6.7664,1.9671,-2.0891,-0.64519,1.0123,-9.1346,-3.1876,-1.6069,0,0,0,1.9016,1.8933,1.9168,1.8975,15.379,34.716,-20.685,98.638,31.206,3.9186,12.682
8.45,2.4782,0.96794,1.4044,0.12665,-0.40043,0,0.90753,1.4601,-6.7966,1.95,-2.2262,-0.60268,1.0664,-8.9759,-2.8389,-1.8135,0,0,0,1.8515,1.8428,1.8683,1.8472,16.347,35.018,-20.633,95.028,29.072,6.5426,12.35
8.46,2.4924,0.89984,1.4238,0.11401,-0.40372,0,0.90775,1.3711,-6.8232,1.9309,-2.3746,-0.5549,1.1258,-8.8077,-2.4873,-2.0194,0,0,0,1.8012,1.7921,1.8199,1.7969,17.279,35.298,-20.554,91.268,26.894,9.1967,12.017
8.47,2.5056,0.83149,1.443,0.10053,-0.40674,0,0.908,1.2839,-6.8463,1.9097,-2.5348,-0.50086,1.1909,-8.6305,-2.133,-2.2245,0,0,0,1.7509,1.7416,1.7716,1.7465,18.172,35.555,-20.449,87.366,24.674,11.876,11.684
8.48,2.5181,0.76293,1.462,0.086126,-0.40945,0,0.90826,1.1985,-6.8658,1.8864,-2.7075,-0.43938,1.2622,-8.4444,-1.7763,-2.4283,0,0,0,1.7008,1.6913,1.7238,1.6963,19.026,35.791,-20.316,83.329,22.413,14.577,11.354
8.49,2.5296,0.69419,1.4807,0.070742,-0.4118,0,0.90852,1.1151,-6.8818,1.8611,-2.8929,-0.36917,1.34,-8.2501,-1.4173,-2.6307,0,0,0,1.6509,1.6415,1.6765,1.6465,19.838,36.004,-20.157,79.166,20.114,17.294,11.026
8.5,2.5404,0.6253,1.4992,0.054302,-0.41373,0,0.90878,1.0336,-6.8942,1.8338,-3.0912,-0.28874,1.4245,-8.0478,-1.0563,-2.8314,0,0,0,1.6016,1.5924,1.6299,1.5974,20.609,36.193,-19.97,74.884,17.779,20.023,10.702
8.51,2.5503,0.55632,1.5174,0.036733,-0.41517,0,0.909,0.95414,-6.9029,1.8045,-3.3021,-0.19649,1.5161,-7.838,-0.69348,-3.03,0,0,0,1.553,1.5444,1.5844,1.549,21.336,36.359,-19.757,70.493,15.411,22.759,10.385
8.52,2.5595,0.48726,1.5353,0.017969,-0.41604,0,0.90917,0.87683,-6.908,1.7732,-3.5249,-0.090663,1.6148,-7.6212,-0.32916,-3.2264,0,0,0,1.5053,1.4976,1.54,1.5017,22.018,36.501,-19.515,66,13.011,25.499,10.074
8.53,2.5678,0.41817,1.5528,-0.0020514,-0.41625,0,0.90925,0.80173,-6.9095,1.7399,-3.7582,0.03052,1.7206,-7.3978,0.036458,-3.4202,0,0,0,1.4587,1.4525,1.497,1.4558,22.655,36.619,-19.247,61.412,10.581,28.236,9.7732
8.54,2.5755,0.34908,1.5701,-0.023378,-0.41569,0,0.9092,0.7289,-6.9073,1.7048,-3.9997,0.16883,1.833,-7.1683,0.40314,-3.6112,0,0,0,1.4136,1.4093,1.4555,1.4115,23.246,36.713,-18.951,56.739,8.1252,30.968,9.4831
8.55,2.5824,0.28003,1.5869,-0.046045,-0.41425,0,0.909,0.65839,-6.9014,1.6677,-4.2464,0.32587,1.9517,-6.9331,0.77063,-3.7992,0,0,0,1.3701,1.3685,1.4158,1.3692,23.79,36.782,-18.627,51.988,5.6441,33.688,9.206
8.56,2.5887,0.21106,1.6034,-0.070062,-0.41179,0,0.90858,0.59025,-6.8919,1.6288,-4.4938,0.50291,2.0755,-6.6927,1.1387,-3.9837,0,0,0,1.3287,1.3304,1.3781,1.3293,24.286,36.825,-18.277,47.167,3.1403,36.394,8.944
8.57,2.5942,0.14221,1.6195,-0.095408,-0.40818,0,0.9079,0.52455,-6.8787,1.5881,-4.7362,0.7006,2.203,-6.4475,1.5071,-4.1646,0,0,0,1.2895,1.2954,1.3424,1.2921,24.733,36.844,-17.899,42.285,0.61612,39.08,8.6991
8.58,2.5992,0.073503,1.6352,-0.12203,-0.40328,0,0.9069,0.46132,-6.8618,1.5455,-4.9668,0.91875,2.3323,-6.1982,1.8755,-4.3416,0,0,0,1.2531,1.264,1.3091,1.258,25.131,36.838,-17.495,37.349,-1.9263,41.741,8.4735
8.59,2.6035,0.0049853,1.6504,-0.14982,-0.39696,0,0.90553,0.4006,-6.8412,1.5013,-5.1773,1.156,2.4608,-5.9451,2.2437,-4.5144,0,0,0,1.2197,1.2364,1.2781,1.2276,25.48,36.806,-17.065,32.368,-4.4849,44.375,8.2695
8.6,2.6072,-0.063308,1.6652,-0.17862,-0.38909,0,0.90372,0.34243,-6.8169,1.4553,-5.3588,1.4095,2.5857,-5.6887,2.6115,-4.6828,0,0,0,1.1898,1.213,1.2496,1.201,25.778,36.748,-16.608,27.349,-7.0572,46.976,8.0892
8.61,2.6103,-0.13134,1.6795,-0.20823,-0.37957,0,0.90142,0.28683,-6.7889,1.4076,-5.5016,1.6747,2.7035,-5.4297,2.9786,-4.8465,0,0,0,1.1639,1.194,1.2239,1.1788,26.027,36.665,-16.125,22.3,-9.6412,49.541,7.9345
8.62,2.6129,-0.19907,1.6933,-0.23838,-0.36835,0,0.89861,0.23384,-6.7573,1.3584,-5.597,1.9455,2.8103,-5.1684,3.3447,-5.0052,0,0,0,1.1425,1.1796,1.2011,1.1612,26.224,36.555,-15.617,17.23,-12.235,52.065,7.8072
8.63,2.615,-0.26647,1.7067,-0.26876,-0.35539,0,0.89524,0.18347,-6.722,1.3075,-5.637,2.2142,2.9025,-4.9053,3.7096,-5.1587,0,0,0,1.1258,1.1697,1.1815,1.1483,26.371,36.42,-15.084,12.146,-14.835,54.544,7.7088
8.64,2.6166,-0.3335,1.7195,-0.29904,-0.34075,0,0.89133,0.13574,-6.6831,1.2552,-5.6163,2.4719,2.9764,-4.6411,4.073,-5.3068,0,0,0,1.1143,1.1644,1.1653,1.1404,26.467,36.258,-14.526,7.0574,-17.441,56.974,7.6405
8.65,2.6177,-0.40012,1.7318,-0.32884,-0.3245,0,0.88688,0.090652,-6.6406,1.2014,-5.5323,2.7096,3.0289,-4.3762,4.4347,-5.4492,0,0,0,1.1083,1.1633,1.1529,1.1373,26.512,36.071,-13.945,1.9709,-20.05,59.35,7.6029
8.66,2.6184,-0.4663,1.7435,-0.35782,-0.30682,0,0.88195,0.048216,-6.5944,1.1462,-5.3862,2.9185,3.0579,-4.111,4.7944,-5.5856,0,0,0,1.1078,1.1664,1.1446,1.139,26.507,35.857,-13.34,-3.105,-22.659,61.669,7.5963
8.67,2.6187,-0.532,1.7547,-0.38562,-0.2879,0,0.87659,0.0084301,-6.5447,1.0897,-5.1825,3.0915,3.0621,-3.8462,5.1518,-5.7159,0,0,0,1.1127,1.1733,1.1408,1.1453,26.45,35.618,-12.712,-8.1624,-25.266,63.926,7.6202
8.68,2.6186,-0.59718,1.7653,-0.41197,-0.268,0,0.87089,-0.028711,-6.4914,1.0319,-4.9288,3.2233,3.0415,-3.5822,5.5066,-5.8398,0,0,0,1.1231,1.1838,1.1418,1.1558,26.344,35.352,-12.061,-13.193,-27.87,66.117,7.674
8.69,2.6182,-0.66182,1.7753,-0.43663,-0.24739,0,0.86496,-0.063218,-6.4346,0.97294,-4.6351,3.311,2.9971,-3.3195,5.8587,-5.9571,0,0,0,1.1383,1.1976,1.1477,1.1702,26.187,35.06,-11.39,-18.189,-30.468,68.237,7.7565
8.7,2.6174,-0.72586,1.7847,-0.45943,-0.22637,0,0.85888,-0.095107,-6.3742,0.91281,-4.3125,3.3543,2.9309,-3.0586,6.2078,-6.0675,0,0,0,1.1582,1.2147,1.1584,1.1883,25.98,34.743,-10.697,-23.142,-33.058,70.283,7.8659
8.71,2.6163,-0.78929,1.7936,-0.48028,-0.20521,0,0.85277,-0.1244,-6.3104,0.85162,-3.9721,3.3553,2.8455,-2.8001,6.5535,-6.1709,0,0,0,1.182,1.2346,1.174,1.2096,25.724,34.399,-9.9841,-28.045,-35.637,72.25,8.0004
8.72,2.6149,-0.85206,1.8018,-0.49915,-0.18417,0,0.84672,-0.15112,-6.2432,0.78942,-3.6244,3.3177,2.7442,-2.5443,6.8957,-6.2671,0,0,0,1.2094,1.2573,1.194,1.234,25.419,34.03,-9.2521,-32.889,-38.204,74.135,8.1579
8.73,2.6132,-0.91414,1.8094,-0.51604,-0.16349,0,0.84082,-0.1753,-6.1725,0.7263,-3.2783,3.2467,2.63,-2.2918,7.234,-6.3559,0,0,0,1.2398,1.2826,1.2182,1.261,25.066,33.635,-8.5017,-37.666,-40.756,75.932,8.3361
8.74,2.6114,-0.9755,1.8163,-0.53104,-0.14336,0,0.83513,-0.19697,-6.0985,0.66233,-2.9413,3.1476,2.5064,-2.0431,7.5683,-6.4371,0,0,0,1.2727,1.3103,1.2461,1.2904,24.666,33.215,-7.7338,-42.369,-43.29,77.637,8.5327
8.75,2.6093,-1.0361,1.8226,-0.54424,-0.12394,0,0.82973,-0.21617,-6.0212,0.59758,-2.6186,3.0264,2.3762,-1.7987,7.8982,-6.5105,0,0,0,1.3078,1.3402,1.2772,1.322,24.219,32.77,-6.9493,-46.988,-45.806,79.248,8.7453
8.76,2.6071,-1.0959,1.8283,-0.55575,-0.10535,0,0.82464,-0.23296,-5.9406,0.53214,-2.3141,2.8883,2.2422,-1.5589,8.2236,-6.576,0,0,0,1.3445,1.3721,1.3111,1.3554,23.727,32.299,-6.1492,-51.517,-48.301,80.758,8.9718
8.77,2.6047,-1.1549,1.8332,-0.56573,-0.087685,0,0.81992,-0.24737,-5.8567,0.46609,-2.0299,2.7384,2.1065,-1.3243,8.5441,-6.6335,0,0,0,1.3826,1.4057,1.3473,1.3905,23.189,31.804,-5.3345,-55.947,-50.771,82.164,9.21
8.78,2.6021,-1.213,1.8376,-0.57429,-0.070998,0,0.81557,-0.25946,-5.7697,0.3995,-1.7671,2.5809,1.9712,-1.0953,8.8596,-6.6827,0,0,0,1.4217,1.4408,1.3853,1.4269,22.608,31.284,-4.5063,-60.27,-53.216,83.462,9.4578
8.79,2.5995,-1.2703,1.8412,-0.58158,-0.055324,0,0.8116,-0.26929,-5.6796,0.33246,-1.5257,2.4192,1.8376,-0.87228,9.1697,-6.7236,0,0,0,1.4617,1.4771,1.4248,1.4644,21.984,30.739,-3.6656,-64.478,-55.633,84.647,9.7134
8.8,2.5967,-1.3266,1.8442,-0.58773,-0.040678,0,0.80803,-0.27693,-5.5863,0.26506,-1.3052,2.2563,1.7068,-0.65573,9.4743,-6.756,0,0,0,1.5022,1.5145,1.4654,1.5029,21.319,30.171,-2.8137,-68.562,-58.019,85.715,9.9749
8.81,2.594,-1.382,1.8465,-0.59286,-0.027058,0,0.80485,-0.28243,-5.4901,0.19737,-1.1044,2.0943,1.5798,-0.44604,9.7731,-6.7798,0,0,0,1.5431,1.5526,1.5067,1.542,20.613,29.579,-1.9517,-72.514,-60.372,86.663,10.241
8.82,2.5911,-1.4364,1.8482,-0.59708,-0.014449,0,0.80205,-0.28587,-5.3909,0.12949,-0.92204,1.935,1.4571,-0.24359,10.066,-6.795,0,0,0,1.5842,1.5914,1.5485,1.5816,19.869,28.964,-1.0809,-76.326,-62.691,87.484,10.509
8.83,2.5882,-1.4898,1.8491,-0.6005,-0.0028296,0,0.79962,-0.28733,-5.2888,0.061501,-0.75664,1.7795,1.339,-0.04878,10.352,-6.8014,0,0,0,1.6253,1.6305,1.5905,1.6215,19.087,28.325,-0.20248,-79.991,-64.971,88.176,10.78
8.84,2.5854,-1.5422,1.8494,-0.6032,0.0078312,0,0.79755,-0.28688,-5.1839,-0.0065085,-0.60668,1.6287,1.2259,0.13804,10.632,-6.799,0,0,0,1.6662,1.6698,1.6326,1.6615,18.27,27.664,0.68219,-83.498,-67.212,88.734,11.05
8.85,2.5825,-1.5935,1.849,-0.60527,0.017566,0,0.79583,-0.2846,-5.0762,-0.07445,-0.47063,1.4832,1.1176,0.3165,10.905,-6.7877,0,0,0,1.7069,1.7091,1.6745,1.7015,17.418,26.981,1.5717,-86.841,-69.411,89.154,11.32
8.86,2.5797,-1.6437,1.8479,-0.60677,0.026412,0,0.79444,-0.28057,-4.9658,-0.14223,-0.34706,1.3432,1.0144,0.48629,11.172,-6.7676,0,0,0,1.7472,1.7483,1.7161,1.7412,16.534,26.276,2.4648,-90.012,-71.566,89.431,11.588
8.87,2.5769,-1.6928,1.8461,-0.60778,0.034404,0,0.79336,-0.2749,-4.8528,-0.20977,-0.2346,1.2089,0.91594,0.64707,11.431,-6.7384,0,0,0,1.787,1.7872,1.7571,1.7806,15.618,25.55,3.3599,-93.001,-73.674,89.561,11.853
8.88,2.5742,-1.7407,1.8437,-0.60834,0.041582,0,0.79259,-0.26766,-4.7372,-0.27697,-0.132,1.0803,0.82226,0.79856,11.683,-6.7004,0,0,0,1.8262,1.8257,1.7976,1.8195,14.674,24.803,4.2555,-95.8,-75.732,89.54,12.115
8.89,2.5716,-1.7875,1.8406,-0.6085,0.047981,0,0.79211,-0.25896,-4.6191,-0.34375,-0.038117,0.95736,0.73313,0.94046,11.927,-6.6533,0,0,0,1.8647,1.8636,1.8374,1.8579,13.703,24.036,5.1502,-98.403,-77.74,89.364,12.373
8.9,2.569,-1.8331,1.8368,-0.6083,0.053638,0,0.79189,-0.24889,-4.4987,-0.41001,0.048082,0.83985,0.64839,1.0725,12.163,-6.5974,0,0,0,1.9024,1.9009,1.8763,1.8955,12.707,23.248,6.0423,-100.8,-79.694,89.028,12.625
8.91,2.5666,-1.8775,1.8324,-0.60778,0.058587,0,0.79194,-0.23754,-4.3759,-0.47567,0.12753,0.7276,0.56784,1.1945,12.392,-6.5325,0,0,0,1.9393,1.9374,1.9144,1.9324,11.688,22.442,6.9302,-102.98,-81.592,88.528,12.873
8.92,2.5643,-1.9206,1.8273,-0.60696,0.062862,0,0.79224,-0.22503,-4.2509,-0.54063,0.20104,0.6204,0.49127,1.3062,12.612,-6.4588,0,0,0,1.9753,1.9731,1.9516,1.9685,10.648,21.617,7.8122,-104.94,-83.432,87.859,13.114
8.93,2.5621,-1.9625,1.8216,-0.60588,0.066495,0,0.79277,-0.21145,-4.1237,-0.60481,0.26937,0.51801,0.41849,1.4074,12.824,-6.3763,0,0,0,2.0103,2.008,1.9877,2.0036,9.5897,20.774,8.6868,-106.67,-85.211,87.018,13.349
8.94,2.56,-2.0031,1.8152,-0.60456,0.069514,0,0.79352,-0.19692,-3.9944,-0.66813,0.33315,0.4202,0.34932,1.498,13.028,-6.2851,0,0,0,2.0443,2.0419,2.0228,2.0378,8.5153,19.913,9.552,-108.16,-86.927,86,13.578
8.95,2.5581,-2.0424,1.8082,-0.603,0.07195,0,0.79449,-0.18153,-3.8632,-0.73048,0.39297,0.32674,0.28358,1.5777,13.222,-6.1853,0,0,0,2.0773,2.0748,2.0568,2.071,7.4273,19.035,10.406,-109.4,-88.578,84.801,13.8
8.96,2.5564,-2.0803,1.8006,-0.60124,0.073829,0,0.79565,-0.1654,-3.73,-0.7918,0.44933,0.23741,0.22109,1.6465,13.408,-6.077,0,0,0,2.1091,2.1067,2.0896,2.1031,6.3281,18.141,11.247,-110.39,-90.162,83.417,14.014
8.97,2.5548,-2.117,1.7924,-0.59927,0.075177,0,0.79701,-0.14864,-3.595,-0.852,0.50266,0.15201,0.16171,1.7042,13.585,-5.9604,0,0,0,2.1399,2.1375,2.1213,2.1341,5.2203,17.232,12.074,-111.12,-91.676,81.843,14.222
8.98,2.5534,-2.1522,1.7836,-0.59711,0.076018,0,0.79855,-0.13135,-3.4583,-0.91098,0.55336,0.070345,0.10528,1.7509,13.753,-5.8356,0,0,0,2.1696,2.1673,2.1519,2.1641,4.1066,16.308,12.884,-111.58,-93.118,80.079,14.421
8.99,2.5522,-2.1861,1.7742,-0.59477,0.076375,0,0.80026,-0.11366,-3.32,-0.96868,0.60175,-0.0077502,0.051669,1.7863,13.911,-5.7028,0,0,0,2.1981,2.1959,2.1812,2.1929,2.9896,15.37,13.675,-111.78,-94.489,78.133,14.613
9,2.5512,-2.2186,1.7642,-0.59226,0.07627,0,0.80213,-0.095665,-3.1801,-1.025,0.64814,-0.082446,0.00075296,1.8106,14.06,-5.5621,0,0,0,2.2254,2.2234,2.2094,2.2206,1.8719,14.419,14.446,-111.72,-95.788,76.012,14.798
9.01,2.5503,-2.2497,1.7537,-0.58957,0.075725,0,0.80416,-0.077484,-3.0388,-1.0799,0.69277,-0.1539,-0.047596,1.8238,14.2,-5.4139,0,0,0,2.2516,2.2498,2.2364,2.2471,0.75595,13.455,15.195,-111.43,-97.014,73.725,14.975
9.02,2.5496,-2.2794,1.7426,-0.58672,0.074758,0,0.80633,-0.059227,-2.8962,-1.1333,0.7359,-0.22225,-0.093493,1.8258,14.329,-5.2583,0,0,0,2.2767,2.275,2.2623,2.2725,-0.35583,12.479,15.92,-110.89,-98.169,71.279,15.144
9.03,2.5491,-2.3077,1.731,-0.58371,0.07339,0,0.80864,-0.041005,-2.7523,-1.185,0.7777,-0.28764,-0.13705,1.8167,14.449,-5.0956,0,0,0,2.3006,2.2991,2.2869,2.2968,-1.4611,11.491,16.62,-110.13,-99.251,68.682,15.306
9.04,2.5488,-2.3344,1.7189,-0.58054,0.071638,0,0.81108,-0.02293,-2.6072,-1.2352,0.81835,-0.35018,-0.17837,1.7966,14.559,-4.926,0,0,0,2.3235,2.3222,2.3105,2.3199,-2.5577,10.494,17.293,-109.14,-100.26,65.943,15.46
9.05,2.5487,-2.3598,1.7063,-0.5772,0.06952,0,0.81364,-0.0051098,-2.4611,-1.2835,0.85801,-0.40999,-0.21754,1.7656,14.659,-4.7498,0,0,0,2.3452,2.3441,2.3329,2.342,-3.6433,9.4865,17.938,-107.94,-101.2,63.069,15.607
9.06,2.5487,-2.3837,1.6933,-0.57371,0.067052,0,0.81631,0.012346,-2.3141,-1.3301,0.89679,-0.46717,-0.25467,1.7238,14.749,-4.5674,0,0,0,2.3658,2.3649,2.3541,2.3629,-4.7158,8.4701,18.554,-106.54,-102.06,60.068,15.746
9.07,2.5489,-2.4061,1.6797,-0.57005,0.064251,0,0.81909,0.02933,-2.1662,-1.3749,0.93481,-0.5218,-0.28982,1.6713,14.828,-4.3789,0,0,0,2.3853,2.3847,2.3743,2.3828,-5.7733,7.4455,19.139,-104.93,-102.85,56.948,15.879
9.08,2.5493,-2.427,1.6658,-0.56624,0.061131,0,0.82197,0.045737,-2.0175,-1.4177,0.97215,-0.57397,-0.32309,1.6083,14.898,-4.1847,0,0,0,2.4039,2.4034,2.3935,2.4017,-6.8138,6.4133,19.692,-103.13,-103.57,53.718,16.004
9.09,2.5498,-2.4464,1.6514,-0.56226,0.057708,0,0.82495,0.061463,-1.8683,-1.4585,1.0089,-0.62374,-0.35455,1.5351,14.957,-3.9851,0,0,0,2.4214,2.4212,2.4116,2.4195,-7.8353,5.3743,20.213,-101.15,-104.22,50.385,16.123
9.1,2.5505,-2.4644,1.6366,-0.55812,0.053997,0,0.828,0.076405,-1.7185,-1.4974,1.0451,-0.67118,-0.38426,1.4517,15.005,-3.7805,0,0,0,2.4379,2.438,2.4287,2.4364,-8.8362,4.3292,20.7,-98.991,-104.79,46.956,16.235
9.11,2.5513,-2.4808,1.6215,-0.55381,0.050011,0,0.83114,0.090464,-1.5682,-1.5341,1.0808,-0.71634,-0.41229,1.3584,15.043,-3.5713,0,0,0,2.4535,2.4538,2.4449,2.4523,-9.8146,3.2788,21.152,-96.663,-105.28,43.441,16.341
9.12,2.5523,-2.4957,1.6059,-0.54934,0.045764,0,0.83434,0.10354,-1.4176,-1.5688,1.116,-0.75927,-0.43869,1.2555,15.071,-3.3576,0,0,0,2.4682,2.4687,2.4601,2.4673,-10.769,2.2237,21.568,-94.174,-105.71,39.847,16.44
9.13,2.5534,-2.5091,1.5901,-0.5447,0.041271,0,0.83761,0.11554,-1.2668,-1.6013,1.1508,-0.80001,-0.46354,1.1431,15.088,-3.14,0,0,0,2.482,2.4828,2.4744,2.4814,-11.698,1.1649,21.949,-91.53,-106.06,36.182,16.534
9.14,2.5546,-2.5211,1.5739,-0.53989,0.036543,0,0.84094,0.12637,-1.1159,-1.6316,1.1852,-0.83859,-0.48688,1.0216,15.094,-2.9188,0,0,0,2.495,2.496,2.488,2.4946,-12.599,0.10284,22.292,-88.74,-106.33,32.454,16.623
9.15,2.5559,-2.5315,1.5575,-0.53491,0.031594,0,0.84432,0.13595,-0.96498,-1.6596,1.2192,-0.87505,-0.50876,0.89126,15.09,-2.6943,0,0,0,2.5072,2.5084,2.5006,2.5071,-13.472,-0.96155,22.597,-85.811,-106.53,28.67,16.706
9.16,2.5573,-2.5404,1.5407,-0.52976,0.026438,0,0.84774,0.14417,-0.81415,-1.6855,1.2528,-0.90941,-0.52923,0.7523,15.075,-2.467,0,0,0,2.5186,2.52,2.5126,2.5188,-14.315,-2.0276,22.865,-82.75,-106.66,24.839,16.783
9.17,2.5588,-2.5477,1.5238,-0.52443,0.021085,0,0.85119,0.15096,-0.66353,-1.709,1.2859,-0.9417,-0.54834,0.60507,15.049,-2.2371,0,0,0,2.5293,2.531,2.5238,2.5298,-15.126,-3.0945,23.094,-79.564,-106.71,20.967,16.856
9.18,2.5603,-2.5536,1.5066,-0.51893,0.01555,0,0.85468,0.15625,-0.51321,-1.7302,1.3186,-0.97194,-0.56613,0.44988,15.013,-2.0052,0,0,0,2.5394,2.5412,2.5343,2.54,-15.906,-4.1615,23.284,-76.261,-106.69,17.061,16.925
9.19,2.5619,-2.558,1.4892,-0.51325,0.0098448,0,0.85818,0.15994,-0.36331,-1.7491,1.3509,-1.0001,-0.58265,0.28707,14.966,-1.7716,0,0,0,2.5487,2.5508,2.5441,2.5496,-16.651,-5.228,23.435,-72.848,-106.59,13.129,16.989
9.2,2.5635,-2.5609,1.4716,-0.50739,0.0039809,0,0.86171,0.16196,-0.21393,-1.7656,1.3827,-1.0263,-0.59794,0.11697,14.908,-1.5366,0,0,0,2.5575,2.5598,2.5533,2.5586,-17.362,-6.293,23.547,-69.332,-106.41,9.1788,17.049
9.21,2.5652,-2.5623,1.4539,-0.50136,-0.0020291,0,0.86524,0.16225,-0.065178,-1.7798,1.414,-1.0505,-0.61205,-0.060061,14.84,-1.3008,0,0,0,2.5657,2.5682,2.562,2.5671,-18.038,-7.3559,23.619,-65.72,-106.16,5.2169,17.105
9.22,2.5668,-2.5622,1.436,-0.49514,-0.0081734,0,0.86877,0.16074,0.082836,-1.7916,1.4448,-1.0728,-0.62501,-0.24366,14.761,-1.0644,0,0,0,2.5734,2.576,2.5701,2.5749,-18.676,-8.4159,23.651,-62.02,-105.83,1.2509,17.157
9.23,2.5684,-2.5606,1.418,-0.48875,-0.01444,0,0.8723,0.15736,0.23001,-1.8011,1.475,-1.0931,-0.63687,-0.43347,14.672,-0.82788,0,0,0,2.5806,2.5834,2.5777,2.5823,-19.278,-9.4723,23.644,-58.238,-105.42,-2.7119,17.206
9.24,2.5699,-2.5576,1.4,-0.48219,-0.020817,0,0.87582,0.15205,0.37623,-1.8082,1.5047,-1.1114,-0.64766,-0.62909,14.572,-0.59164,0,0,0,2.5873,2.5902,2.5848,2.5891,-19.841,-10.524,23.597,-54.383,-104.94,-6.6642,17.252
9.25,2.5714,-2.5531,1.3819,-0.47544,-0.027293,0,0.87932,0.14476,0.52141,-1.8129,1.5337,-1.1279,-0.65743,-0.83015,14.461,-0.35607,0,0,0,2.5935,2.5967,2.5914,2.5956,-20.365,-11.571,23.511,-50.461,-104.38,-10.599,17.295
9.26,2.5728,-2.5472,1.3637,-0.46852,-0.033856,0,0.8828,0.13543,0.66542,-1.8153,1.5622,-1.1424,-0.66622,-1.0363,14.34,-0.12156,0,0,0,2.5994,2.6027,2.5977,2.6015,-20.85,-12.612,23.385,-46.479,-103.75,-14.508,17.335
9.27,2.5741,-2.5398,1.3456,-0.46143,-0.040496,0,0.88625,0.12402,0.80818,-1.8154,1.59,-1.1551,-0.67406,-1.247,14.209,0.1115,0,0,0,2.6048,2.6083,2.6035,2.6071,-21.295,-13.645,23.221,-42.445,-103.03,-18.385,17.373
9.28,2.5753,-2.531,1.3274,-0.45416,-0.0472,0,0.88967,0.11048,0.94957,-1.8131,1.6171,-1.166,-0.68102,-1.462,14.067,0.34272,0,0,0,2.6099,2.6135,2.609,2.6124,-21.699,-14.672,23.017,-38.367,-102.24,-22.222,17.408
9.29,2.5763,-2.5208,1.3093,-0.44672,-0.053959,0,0.89305,0.094765,1.0895,-1.8085,1.6435,-1.1751,-0.68711,-1.6809,13.916,0.57172,0,0,0,2.6147,2.6184,2.6141,2.6172,-22.062,-15.69,22.776,-34.25,-101.36,-26.012,17.441
9.3,2.5772,-2.5092,1.2913,-0.43911,-0.060761,0,0.89638,0.076847,1.2278,-1.8017,1.6693,-1.1824,-0.6924,-1.9031,13.754,0.79812,0,0,0,2.6191,2.623,2.6189,2.6218,-22.384,-16.699,22.497,-30.103,-100.41,-29.747,17.471
9.31,2.5778,-2.4963,1.2733,-0.43134,-0.067595,0,0.89966,0.056692,1.3645,-1.7926,1.6943,-1.1881,-0.69691,-2.1284,13.582,1.0215,0,0,0,2.6233,2.6272,2.6233,2.626,-22.664,-17.698,22.181,-25.933,-99.384,-33.421,17.5
9.32,2.5783,-2.4819,1.2554,-0.4234,-0.074452,0,0.90288,0.034271,1.4994,-1.7812,1.7186,-1.192,-0.7007,-2.3563,13.4,1.2416,0,0,0,2.6271,2.6312,2.6275,2.6299,-22.902,-18.686,21.829,-21.747,-98.275,-37.025,17.526
9.33,2.5785,-2.4663,1.2377,-0.4153,-0.081321,0,0.90604,0.0095599,1.6325,-1.7677,1.7422,-1.1943,-0.70381,-2.5863,13.208,1.458,0,0,0,2.6307,2.6348,2.6314,2.6336,-23.099,-19.663,21.441,-17.553,-97.087,-40.552,17.551
9.34,2.5785,-2.4493,1.2201,-0.40704,-0.088193,0,0.90914,-0.017461,1.7636,-1.7521,1.765,-1.1951,-0.70629,-2.8181,13.006,1.6703,0,0,0,2.634,2.6382,2.6349,2.6369,-23.253,-20.628,21.018,-13.358,-95.82,-43.995,17.574
9.35,2.5782,-2.431,1.2027,-0.39863,-0.095058,0,0.91217,-0.046806,1.8926,-1.7343,1.7872,-1.1943,-0.70817,-3.0512,12.795,1.8783,0,0,0,2.6371,2.6414,2.6383,2.64,-23.366,-21.579,20.562,-9.1712,-94.473,-47.344,17.595
9.36,2.5775,-2.4115,1.1854,-0.39007,-0.10191,0,0.91513,-0.078488,2.0194,-1.7145,1.8087,-1.192,-0.70951,-3.2853,12.575,2.0815,0,0,0,2.6399,2.6443,2.6413,2.6429,-23.437,-22.517,20.072,-4.9994,-93.046,-50.593,17.614
9.37,2.5766,-2.3906,1.1684,-0.38136,-0.10873,0,0.91801,-0.11251,2.1441,-1.6927,1.8295,-1.1883,-0.71034,-3.5198,12.345,2.2796,0,0,0,2.6424,2.6469,2.6441,2.6454,-23.466,-23.44,19.55,-0.8505,-91.54,-53.733,17.631
9.38,2.5753,-2.3686,1.1516,-0.3725,-0.11552,0,0.92081,-0.14888,2.2663,-1.669,1.8497,-1.1833,-0.71073,-3.7544,12.106,2.4724,0,0,0,2.6447,2.6493,2.6466,2.6478,-23.454,-24.348,18.998,3.2678,-89.955,-56.757,17.647
9.39,2.5736,-2.3453,1.135,-0.3635,-0.12227,0,0.92353,-0.1876,2.3862,-1.6433,1.8692,-1.1769,-0.7107,-3.9888,11.858,2.6594,0,0,0,2.6468,2.6514,2.6489,2.6498,-23.401,-25.239,18.415,7.3478,-88.29,-59.657,17.662
9.4,2.5715,-2.3209,1.1187,-0.35437,-0.12897,0,0.92617,-0.22866,2.5035,-1.6158,1.8882,-1.1692,-0.71031,-4.2223,11.601,2.8406,0,0,0,2.6486,2.6533,2.6509,2.6516,-23.307,-26.113,17.805,11.382,-86.545,-62.425,17.674
9.41,2.569,-2.2953,1.1027,-0.3451,-0.13562,0,0.92872,-0.27204,2.6182,-1.5865,1.9067,-1.1604,-0.7096,-4.4548,11.336,3.0155,0,0,0,2.6502,2.6549,2.6526,2.6532,-23.173,-26.969,17.167,15.362,-84.721,-65.054,17.685
9.42,2.5661,-2.2685,1.087,-0.3357,-0.14219,0,0.93117,-0.31775,2.7301,-1.5555,1.9246,-1.1503,-0.70861,-4.6857,11.062,3.1838,0,0,0,2.6515,2.6563,2.6541,2.6545,-23,-27.807,16.504,19.28,-82.817,-67.534,17.694
9.43,2.5627,-2.2407,1.0716,-0.32617,-0.1487,0,0.93354,-0.36575,2.8394,-1.5229,1.9421,-1.1392,-0.70739,-4.9146,10.78,3.3455,0,0,0,2.6526,2.6574,2.6553,2.6556,-22.788,-28.626,15.817,23.13,-80.833,-69.86,17.701
9.44,2.5587,-2.2117,1.0565,-0.31652,-0.15513,0,0.93581,-0.41603,2.9457,-1.4886,1.9592,-1.127,-0.70597,-5.1413,10.49,3.5001,0,0,0,2.6533,2.6582,2.6562,2.6563,-22.538,-29.424,15.108,26.902,-78.769,-72.022,17.707
9.45,2.5543,-2.1818,1.0418,-0.30674,-0.16148,0,0.93799,-0.46857,3.0491,-1.4529,1.9759,-1.1138,-0.70441,-5.3653,10.192,3.6475,0,0,0,2.6539,2.6588,2.6569,2.6568,-22.25,-30.201,14.377,30.59,-76.625,-74.013,17.711
9.46,2.5494,-2.1508,1.0275,-0.29685,-0.16774,0,0.94008,-0.52333,3.1495,-1.4157,1.9924,-1.0996,-0.70273,-5.5862,9.8858,3.7876,0,0,0,2.6541,2.6591,2.6572,2.6571,-21.926,-30.956,13.628,34.185,-74.401,-75.826,17.713
9.47,2.5439,-2.1188,1.0135,-0.28684,-0.1739,0,0.94206,-0.58028,3.2468,-1.3772,2.0085,-1.0845,-0.70098,-5.8037,9.5725,3.92,0,0,0,2.6541,2.6591,2.6573,2.657,-21.567,-31.688,12.861,37.68,-72.098,-77.452,17.713
9.48,2.5378,-2.0858,0.99993,-0.27671,-0.17997,0,0.94395,-0.63939,3.341,-1.3373,2.0245,-1.0685,-0.6992,-6.0174,9.2521,4.0448,0,0,0,2.6538,2.6589,2.6571,2.6567,-21.173,-32.398,12.08,41.067,-69.714,-78.883,17.711
9.49,2.5311,-2.052,0.98676,-0.26647,-0.18592,0,0.94574,-0.70061,3.4318,-1.2963,2.0403,-1.0516,-0.69741,-6.227,8.9246,4.1616,0,0,0,2.6532,2.6583,2.6566,2.6561,-20.746,-33.082,11.284,44.344,-67.252,-80.12,17.707
9.5,2.5237,-2.0172,0.97401,-0.25612,-0.19177,0,0.94743,-0.76391,3.5194,-1.2541,2.056,-1.0339,-0.69564,-6.4322,8.5905,4.2704,0,0,0,2.6523,2.6575,2.6558,2.6551,-20.286,-33.742,10.478,47.511,-64.715,-81.167,17.701
9.51,2.5158,-1.9816,0.96168,-0.24566,-0.1975,0,0.94902,-0.82924,3.6036,-1.2109,2.0716,-1.0154,-0.69394,-6.6326,8.2499,4.3711,0,0,0,2.6511,2.6564,2.6547,2.6539,-19.796,-34.376,9.6617,50.569,-62.106,-82.028,17.694
9.52,2.5071,-1.9452,0.94979,-0.23509,-0.20311,0,0.95052,-0.89655,3.6844,-1.1667,2.0871,-0.99602,-0.69231,-6.828,7.9031,4.4636,0,0,0,2.6497,2.655,2.6533,2.6524,-19.275,-34.984,8.8379,53.519,-59.427,-82.707,17.684
9.53,2.4978,-1.9079,0.93835,-0.22441,-0.20859,0,0.95191,-0.96578,3.7617,-1.1217,2.1026,-0.97586,-0.6908,-7.0181,7.5503,4.5479,0,0,0,2.6479,2.6533,2.6516,2.6506,-18.726,-35.565,8.0082,56.361,-56.683,-83.21,17.672
9.54,2.4878,-1.8699,0.92736,-0.21363,-0.21395,0,0.9532,-1.0369,3.8354,-1.0758,2.118,-0.95491,-0.68941,-7.2024,7.1919,4.6238,0,0,0,2.6459,2.6513,2.6496,2.6485,-18.149,-36.118,7.1743,59.096,-53.876,-83.541,17.659
9.55,2.4771,-1.8312,0.91683,-0.20275,-0.21917,0,0.95439,-1.1098,3.9055,-1.0292,2.1335,-0.93315,-0.68816,-7.3809,6.828,4.6913,0,0,0,2.6436,2.6491,2.6473,2.6462,-17.544,-36.642,6.3379,61.724,-51.008,-83.704,17.643
9.56,2.4656,-1.7918,0.90678,-0.19176,-0.22425,0,0.95548,-1.1845,3.9719,-0.982,2.1489,-0.91058,-0.68709,-7.5532,6.4591,4.7505,0,0,0,2.641,2.6465,2.6447,2.6435,-16.914,-37.138,5.5007,64.248,-48.084,-83.704,17.626
9.57,2.4534,-1.7518,0.8972,-0.18068,-0.22918,0,0.95647,-1.2609,4.0347,-0.93423,2.1643,-0.8872,-0.68619,-7.7191,6.0854,4.8014,0,0,0,2.6381,2.6437,2.6419,2.6406,-16.26,-37.604,4.6644,66.666,-45.107,-83.545,17.607
9.58,2.4404,-1.7112,0.88809,-0.16949,-0.23397,0,0.95736,-1.3389,4.0936,-0.886,2.1797,-0.86298,-0.68548,-7.8784,5.7071,4.8438,0,0,0,2.6349,2.6406,2.6388,2.6374,-15.581,-38.04,3.8303,68.98,-42.078,-83.233,17.586
9.59,2.4266,-1.6699,0.87948,-0.1582,-0.2386,0,0.95814,-1.4184,4.1488,-0.83738,2.1951,-0.83791,-0.68499,-8.0307,5.3247,4.878,0,0,0,2.6315,2.6373,2.6354,2.6339,-14.88,-38.445,3.0002,71.191,-39.002,-82.771,17.564
9.6,2.412,-1.6282,0.87135,-0.14682,-0.24308,0,0.95883,-1.4994,4.2001,-0.78847,2.2104,-0.81198,-0.68471,-8.1759,4.9383,4.9038,0,0,0,2.6279,2.6337,2.6318,2.6302,-14.158,-38.82,2.1754,73.299,-35.882,-82.163,17.539
9.61,2.3966,-1.586,0.86371,-0.13535,-0.24739,0,0.95942,-1.5819,4.2475,-0.73933,2.2256,-0.78517,-0.68466,-8.3138,4.5484,4.9215,0,0,0,2.624,2.6299,2.628,2.6262,-13.415,-39.163,1.3574,75.305,-32.72,-81.416,17.514
9.62,2.3804,-1.5433,0.85656,-0.12378,-0.25154,0,0.9599,-1.6657,4.2911,-0.69007,2.2408,-0.75744,-0.68485,-8.4441,4.1552,4.931,0,0,0,2.6199,2.6258,2.6239,2.622,-12.652,-39.474,0.54754,77.21,-29.519,-80.532,17.486
9.63,2.3633,-1.5001,0.84991,-0.11212,-0.25551,0,0.96028,-1.7508,4.3306,-0.64074,2.2557,-0.72878,-0.68529,-8.5668,3.759,4.9325,0,0,0,2.6156,2.6216,2.6197,2.6176,-11.871,-39.753,-0.25281,79.014,-26.283,-79.517,17.457
9.64,2.3454,-1.4567,0.84375,-0.10037,-0.2593,0,0.96057,-1.837,4.3662,-0.59144,2.2705,-0.69916,-0.68597,-8.6815,3.3602,4.926,0,0,0,2.6111,2.6171,2.6152,2.613,-11.072,-39.999,-1.0424,80.719,-23.015,-78.375,17.427
9.65,2.3266,-1.4128,0.83808,-0.088528,-0.26291,0,0.96075,-1.9244,4.3978,-0.54225,2.2851,-0.66857,-0.68692,-8.7882,2.9592,4.9117,0,0,0,2.6063,2.6125,2.6105,2.6082,-10.257,-40.213,-1.8199,82.324,-19.718,-77.111,17.396
9.66,2.3069,-1.3687,0.8329,-0.076607,-0.26633,0,0.96083,-2.0127,4.4254,-0.49323,2.2993,-0.63696,-0.68813,-8.8866,2.5561,4.8896,0,0,0,2.6015,2.6076,2.6057,2.6032,-9.4261,-40.394,-2.5842,83.831,-16.394,-75.729,17.363
9.67,2.2863,-1.3243,0.82821,-0.064604,-0.26956,0,0.96081,-2.1021,4.4489,-0.44448,2.3132,-0.60432,-0.68961,-8.9766,2.1514,4.86,0,0,0,2.5964,2.6026,2.6007,2.5981,-8.5806,-40.541,-3.3341,85.241,-13.047,-74.234,17.33
9.68,2.2648,-1.2797,0.82401,-0.052523,-0.27258,0,0.9607,-2.1922,4.4684,-0.39606,2.3267,-0.57063,-0.69136,-9.0581,1.7454,4.823,0,0,0,2.5913,2.5975,2.5956,2.5928,-7.7216,-40.654,-4.0685,86.553,-9.6803,-72.63,17.295
9.69,2.2425,-1.235,0.82029,-0.040368,-0.2754,0,0.96048,-2.2832,4.4839,-0.34804,2.3397,-0.53585,-0.69339,-9.131,1.3384,4.7787,0,0,0,2.586,2.5922,2.5903,2.5873,-6.8499,-40.734,-4.7864,87.769,-6.2965,-70.922,17.26
9.7,2.2192,-1.1901,0.81705,-0.028142,-0.27801,0,0.96017,-2.3748,4.4952,-0.30051,2.3522,-0.49998,-0.6957,-9.1951,0.93081,4.7273,0,0,0,2.5806,2.5869,2.585,2.5818,-5.9665,-40.78,-5.4866,88.89,-2.8987,-69.114,17.224
9.71,2.195,-1.1451,0.81428,-0.015851,-0.2804,0,0.95975,-2.4671,4.5025,-0.25352,2.364,-0.46299,-0.69829,-9.2503,0.52292,4.6691,0,0,0,2.5751,2.5814,2.5795,2.5761,-5.0724,-40.792,-6.1683,89.916,0.50988,-67.211,17.187
9.72,2.1698,-1.1,0.81198,-0.0034978,-0.28256,0,0.95924,-2.5598,4.5057,-0.20715,2.3751,-0.42487,-0.70117,-9.2965,0.11508,4.604,0,0,0,2.5695,2.5758,2.574,2.5704,-4.1685,-40.77,-6.8306,90.847,3.9261,-65.218,17.149
9.73,2.1438,-1.055,0.81013,0.0089115,-0.28449,0,0.95864,-2.653,4.5048,-0.16146,2.3854,-0.38559,-0.70433,-9.3337,-0.29237,4.5325,0,0,0,2.5639,2.5702,2.5684,2.5646,-3.2558,-40.714,-7.4724,91.684,7.3469,-63.138,17.112
9.74,2.1168,-1.01,0.80874,0.021371,-0.28619,0,0.95793,-2.7464,4.4998,-0.11652,2.3948,-0.34516,-0.70778,-9.3616,-0.69908,4.4547,0,0,0,2.5582,2.5645,2.5628,2.5587,-2.3351,-40.623,-8.093,92.429,10.769,-60.977,17.074
9.75,2.0888,-0.96501,0.8078,0.033876,-0.28765,0,0.95714,-2.8402,4.4908,-0.072387,2.4033,-0.30356,-0.71152,-9.3803,-1.1047,4.3707,0,0,0,2.5525,2.5588,2.5572,2.5528,-1.4075,-40.498,-8.6917,93.08,14.189,-58.739,17.035
9.76,2.06,-0.92016,0.80729,0.046419,-0.28885,0,0.95625,-2.934,4.4777,-0.029124,2.4107,-0.26079,-0.71555,-9.3897,-1.5089,4.2809,0,0,0,2.5468,2.5531,2.5515,2.5469,-0.47384,-40.339,-9.2676,93.639,17.604,-56.429,16.997
9.77,2.0301,-0.87547,0.80721,0.058993,-0.28981,0,0.95527,-3.0279,4.4606,0.013213,2.417,-0.21686,-0.71988,-9.3898,-1.9114,4.1855,0,0,0,2.5411,2.5474,2.5458,2.541,0.46497,-40.146,-9.82,94.106,21.011,-54.05,16.959
9.78,1.9994,-0.83096,0.80755,0.071592,-0.2905,0,0.95419,-3.1218,4.4395,0.054567,2.4221,-0.17176,-0.7245,-9.3804,-2.3117,4.0846,0,0,0,2.5354,2.5416,2.5402,2.5351,1.408,-39.919,-10.348,94.482,24.406,-51.609,16.92
9.79,1.9677,-0.78669,0.8083,0.084206,-0.29092,0,0.95303,-3.2155,4.4144,0.094887,2.4258,-0.1255,-0.72941,-9.3616,-2.7097,3.9786,0,0,0,2.5297,2.5359,2.5346,2.5292,2.3543,-39.658,-10.852,94.768,27.786,-49.108,16.882
9.8,1.9351,-0.74269,0.80945,0.096829,-0.29108,0,0.95179,-3.309,4.3853,0.13412,2.4281,-0.078114,-0.73462,-9.3333,-3.1048,3.8676,0,0,0,2.5241,2.5302,2.529,2.5233,3.303,-39.364,-11.33,94.963,31.149,-46.554,16.844
9.81,1.9015,-0.699,0.81098,0.10945,-0.29095,0,0.95046,-3.4021,4.3523,0.17222,2.4289,-0.029603,-0.74013,-9.2956,-3.4968,3.752,0,0,0,2.5185,2.5246,2.5235,2.5175,4.2533,-39.035,-11.783,95.068,34.491,-43.949,16.807
9.82,1.867,-0.65566,0.81289,0.12207,-0.29055,0,0.94904,-3.4949,4.3154,0.20915,2.4281,0.020005,-0.74594,-9.2483,-3.8854,3.6321,0,0,0,2.513,2.519,2.5181,2.5117,5.2041,-38.674,-12.209,95.084,37.808,-41.3,16.77
9.83,1.8316,-0.6127,0.81516,0.13466,-0.28985,0,0.94755,-3.5871,4.2746,0.24485,2.4257,0.07068,-0.75206,-9.1915,-4.2702,3.508,0,0,0,2.5076,2.5135,2.5127,2.506,6.1546,-38.279,-12.609,95.011,41.098,-38.61,16.733
9.84,1.7953,-0.57018,0.81778,0.14723,-0.28886,0,0.94598,-3.6787,4.23,0.27929,2.4215,0.12239,-0.75847,-9.1252,-4.6509,3.38,0,0,0,2.5023,2.508,2.5074,2.5004,7.104,-37.852,-12.981,94.85,44.357,-35.884,16.697
9.85,1.7581,-0.52812,0.82074,0.15975,-0.28758,0,0.94434,-3.7695,4.1816,0.31244,2.4154,0.1751,-0.76519,-9.0494,-5.0271,3.2484,0,0,0,2.4971,2.5027,2.5022,2.4949,8.0514,-37.392,-13.326,94.601,47.583,-33.126,16.661
9.86,1.7199,-0.48656,0.82403,0.17223,-0.28599,0,0.94263,-3.8596,4.1295,0.34425,2.4075,0.22875,-0.77221,-8.9642,-5.3986,3.1135,0,0,0,2.4919,2.4974,2.497,2.4894,8.9958,-36.9,-13.644,94.266,50.771,-30.342,16.626
9.87,1.6809,-0.44554,0.82762,0.18465,-0.28409,0,0.94085,-3.9488,4.0737,0.3747,2.3976,0.28332,-0.77955,-8.8695,-5.765,2.9756,0,0,0,2.4869,2.4922,2.492,2.4841,9.9364,-36.377,-13.933,93.843,53.919,-27.535,16.592
9.88,1.6409,-0.4051,0.83152,0.197,-0.28188,0,0.93901,-4.037,4.0142,0.40376,2.3856,0.33874,-0.7872,-8.7654,-6.126,2.835,0,0,0,2.4819,2.4871,2.4871,2.4788,10.872,-35.822,-14.194,93.334,57.024,-24.71,16.558
9.89,1.6001,-0.36527,0.83569,0.20927,-0.27936,0,0.93711,-4.1241,3.9512,0.43139,2.3715,0.39496,-0.79515,-8.6521,-6.4814,2.6918,0,0,0,2.4771,2.4821,2.4823,2.4736,11.803,-35.237,-14.427,92.74,60.082,-21.872,16.525
9.9,1.5585,-0.32609,0.84014,0.22144,-0.27651,0,0.93515,-4.21,3.8846,0.45759,2.3552,0.45192,-0.80343,-8.5294,-6.8307,2.5465,0,0,0,2.4724,2.4771,2.4775,2.4686,12.727,-34.621,-14.632,92.06,63.091,-19.025,16.493
9.91,1.5159,-0.28759,0.84484,0.23351,-0.27335,0,0.93314,-4.2946,3.8146,0.48232,2.3367,0.50956,-0.81202,-8.3976,-7.1737,2.3993,0,0,0,2.4678,2.4723,2.4729,2.4636,13.644,-33.975,-14.808,91.296,66.046,-16.174,16.461
9.92,1.4726,-0.24981,0.84978,0.24546,-0.26986,0,0.93109,-4.3779,3.7411,0.50557,2.316,0.56781,-0.82094,-8.2566,-7.5101,2.2505,0,0,0,2.4633,2.4676,2.4684,2.4588,14.552,-33.3,-14.955,90.448,68.945,-13.323,16.43
9.93,1.4284,-0.21277,0.85495,0.25729,-0.26605,0,0.92899,-4.4597,3.6644,0.52732,2.2929,0.6266,-0.83018,-8.1065,-7.8396,2.1003,0,0,0,2.4589,2.463,2.464,2.454,15.452,-32.596,-15.074,89.516,71.785,-10.477,16.4
9.94,1.3834,-0.17653,0.86032,0.26897,-0.2619,0,0.92686,-4.54,3.5844,0.54757,2.2674,0.68585,-0.83974,-7.9476,-8.1619,1.9491,0,0,0,2.4546,2.4584,2.4596,2.4493,16.343,-31.865,-15.165,88.502,74.563,-7.6409,16.37
9.95,1.3376,-0.1411,0.86589,0.2805,-0.25743,0,0.92469,-4.6187,3.5012,0.5663,2.2396,0.7455,-0.84964,-7.7797,-8.4768,1.7971,0,0,0,2.4504,2.454,2.4554,2.4448,17.222,-31.105,-15.227,87.405,77.275,-4.8191,16.341
9.96,1.291,-0.10652,0.87164,0.29186,-0.25263,0,0.92249,-4.6956,3.4149,0.58351,2.2093,0.80546,-0.85986,-7.6031,-8.7839,1.6446,0,0,0,2.4463,2.4496,2.4513,2.4403,18.09,-30.319,-15.261,86.227,79.918,-2.0166,16.312
9.97,1.2437,-0.072811,0.87756,0.30305,-0.24749,0,0.92028,-4.7707,3.3255,0.59919,2.1766,0.86566,-0.87042,-7.418,-9.0831,1.492,0,0,0,2.4423,2.4453,2.4472,2.4359,18.946,-29.507,-15.268,84.969,82.489,0.76176,16.285
9.98,1.1956,-0.040015,0.88362,0.31404,-0.24202,0,0.91804,-4.8439,3.2332,0.61335,2.1415,0.92601,-0.88132,-7.2243,-9.374,1.3394,0,0,0,2.4384,2.4411,2.4432,2.4316,19.789,-28.67,-15.246,83.632,84.985,3.5111,16.257
9.99,1.1468,-0.0081562,0.88982,0.32483,-0.23622,0,0.9158,-4.9151,3.1381,0.62598,2.1038,0.98643,-0.89255,-7.0222,-9.6564,1.1871,0,0,0,2.4345,2.4369,2.4393,2.4274,20.619,-27.808,-15.197,82.217,87.403,6.2266,16.23
10,1.0973,0.022737,0.89614,0.33541,-0.23009,0,0.91354,-4.9843,3.0401,0.63709,2.0637,1.0468,-0.90413,-6.8119,-9.9301,1.0355,0,0,0,2.4308,2.4328,2.4354,2.4232,21.434,-26.922,-15.122,80.723,89.74,8.9035,16.204
10.01,1.0471,0.052637,0.90256,0.34576,-0.22363,0,0.91128,-5.0514,2.9395,0.64669,2.0211,1.1071,-0.91604,-6.5936,-10.195,0.88479,0,0,0,2.4271,2.4287,2.4316,2.4191,22.233,-26.013,-15.019,79.153,91.993,11.537,16.178
10.02,0.9963,0.081518,0.90906,0.35588,-0.21683,0,0.90903,-5.1162,2.8363,0.65479,1.976,1.1672,-0.9283,-6.3673,-10.45,0.73521,0,0,0,2.4234,2.4247,2.4279,2.4151,23.016,-25.082,-14.891,77.508,94.158,14.122,16.152
10.03,0.94483,0.10935,0.91565,0.36574,-0.20971,0,0.90678,-5.1787,2.7305,0.6614,1.9284,1.227,-0.94089,-6.1333,-10.696,0.58705,0,0,0,2.4198,2.4208,2.4241,2.4111,23.783,-24.13,-14.737,75.787,96.232,16.653,16.126
10.04,0.89274,0.13612,0.92229,0.37533,-0.20227,0,0.90455,-5.2388,2.6224,0.66654,1.8784,1.2865,-0.95382,-5.8917,-10.933,0.44055,0,0,0,2.4162,2.4168,2.4204,2.4071,24.532,-23.158,-14.558,73.992,98.213,19.127,16.101
10.05,0.84006,0.16179,0.92897,0.38465,-0.1945,0,0.90234,-5.2965,2.5119,0.67022,1.8258,1.3454,-0.96709,-5.6427,-11.159,0.29596,0,0,0,2.4127,2.4129,2.4168,2.4032,25.263,-22.166,-14.355,72.124,100.1,21.538,16.076
10.06,0.78681,0.18635,0.93569,0.39368,-0.18641,0,0.90015,-5.3516,2.3992,0.67247,1.7708,1.4038,-0.98069,-5.3865,-11.376,0.15353,0,0,0,2.4092,2.409,2.4131,2.3993,25.974,-21.156,-14.128,70.183,101.88,23.881,16.051
10.07,0.73303,0.20977,0.94242,0.40242,-0.178,0,0.89799,-5.4042,2.2844,0.6733,1.7134,1.4616,-0.99462,-5.1233,-11.583,0.013487,0,0,0,2.4057,2.4051,2.4095,2.3954,26.666,-20.129,-13.878,68.171,103.56,26.152,16.026
10.08,0.67874,0.23203,0.94915,0.41084,-0.16928,0,0.89586,-5.4541,2.1676,0.67274,1.6536,1.5185,-1.0089,-4.8533,-11.779,-0.12394,0,0,0,2.4022,2.4012,2.4058,2.3916,27.337,-19.086,-13.605,66.089,105.14,28.345,16.001
10.09,0.62396,0.25312,0.95587,0.41893,-0.16025,0,0.89376,-5.5012,2.0489,0.67083,1.5914,1.5746,-1.0234,-4.5766,-11.964,-0.25854,0,0,0,2.3988,2.3973,2.4022,2.3878,27.987,-18.027,-13.311,63.937,106.6,30.456,15.977
10.1,0.56872,0.273,0.96256,0.4267,-0.15092,0,0.89171,-5.5456,1.9283,0.66758,1.5268,1.6298,-1.0383,-4.2936,-12.139,-0.39009,0,0,0,2.3953,2.3934,2.3985,2.3839,28.616,-16.954,-12.996,61.715,107.95,32.48,15.952
10.11,0.51306,0.29168,0.96921,0.43411,-0.14129,0,0.88971,-5.5871,1.8061,0.66304,1.4599,1.6838,-1.0534,-4.0044,-12.303,-0.5184,0,0,0,2.3918,2.3895,2.3949,2.3801,29.222,-15.868,-12.662,59.426,109.19,34.411,15.927
10.12,0.45699,0.30912,0.97582,0.44117,-0.13137,0,0.88776,-5.6257,1.6823,0.65723,1.3908,1.7366,-1.0688,-3.7093,-12.456,-0.64326,0,0,0,2.3884,2.3855,2.3912,2.3763,29.804,-14.771,-12.308,57.07,110.31,36.247,15.902
10.13,0.40055,0.32532,0.98236,0.44786,-0.12116,0,0.88586,-5.6613,1.557,0.65018,1.3194,1.7881,-1.0845,-3.4084,-12.599,-0.7645,0,0,0,2.3849,2.3816,2.3876,2.3725,30.363,-13.662,-11.937,54.647,111.3,37.98,15.878
10.14,0.34378,0.34026,0.98882,0.45417,-0.11068,0,0.88402,-5.6938,1.4304,0.64195,1.2458,1.8382,-1.1004,-3.1021,-12.73,-0.88195,0,0,0,2.3815,2.3777,2.3839,2.3687,30.897,-12.545,-11.549,52.159,112.18,39.607,15.853
10.15,0.28669,0.35392,0.99519,0.46009,-0.099918,0,0.88223,-5.7233,1.3025,0.63256,1.1701,1.8867,-1.1164,-2.7906,-12.849,-0.99543,0,0,0,2.378,2.3737,2.3802,2.365,31.406,-11.419,-11.145,49.607,112.92,41.123,15.828
10.16,0.22932,0.3663,1.0015,0.4656,-0.088897,0,0.88052,-5.7496,1.1734,0.62205,1.0923,1.9336,-1.1327,-2.4741,-12.958,-1.1048,0,0,0,2.3746,2.3698,2.3765,2.3612,31.889,-10.287,-10.727,46.992,113.53,42.526,15.804
10.17,0.17171,0.37739,1.0076,0.47071,-0.077622,0,0.87887,-5.7728,1.0434,0.61048,1.0125,1.9786,-1.1491,-2.1529,-13.055,-1.2099,0,0,0,2.3712,2.3658,2.3729,2.3575,32.345,-9.149,-10.295,44.316,114.02,43.817,15.779
10.18,0.11388,0.38717,1.0137,0.47539,-0.066103,0,0.87729,-5.7927,0.91237,0.59787,0.93081,2.0216,-1.1656,-1.8272,-13.141,-1.3107,0,0,0,2.3678,2.3619,2.3692,2.3538,32.775,-8.0069,-9.8509,41.583,114.38,44.998,15.754
10.19,0.055865,0.39563,1.0196,0.47964,-0.054349,0,0.87578,-5.8093,0.78058,0.58428,0.84726,2.0625,-1.1822,-1.4975,-13.215,-1.4069,0,0,0,2.3644,2.358,2.3656,2.3502,33.177,-6.8617,-9.3955,38.795,114.62,46.072,15.73
10.2,-0.0022976,0.40278,1.0254,0.48345,-0.042373,0,0.87435,-5.8226,0.6481,0.56975,0.76194,2.1012,-1.1988,-1.1638,-13.278,-1.4985,0,0,0,2.3611,2.3541,2.362,2.3466,33.551,-5.7148,-8.9298,35.955,114.75,47.041,15.706
10.21,-0.060576,0.40859,1.031,0.48681,-0.030186,0,0.87299,-5.8325,0.51505,0.55432,0.67495,2.1376,-1.2153,-0.82654,-13.33,-1.5855,0,0,0,2.3578,2.3503,2.3584,2.3431,33.896,-4.5672,-8.455,33.066,114.75,47.906,15.683
10.22,-0.11894,0.41308,1.0364,0.48971,-0.017801,0,0.87171,-5.8391,0.38155,0.53805,0.58638,2.1713,-1.2318,-0.48598,-13.37,-1.6676,0,0,0,2.3546,2.3465,2.3549,2.3397,34.212,-3.4202,-7.972,30.13,114.64,48.671,15.66
10.23,-0.17735,0.41622,1.0417,0.49213,-0.0052308,0,0.8705,-5.8423,0.2477,0.52099,0.49633,2.2025,-1.2481,-0.1424,-13.398,-1.7449,0,0,0,2.3515,2.3429,2.3515,2.3364,34.498,-2.2749,-7.4819,27.15,114.41,49.336,15.637
10.24,-0.23577,0.41803,1.0469,0.49409,0.0075093,0,0.86938,-5.842,0.11363,0.50317,0.40492,2.2307,-1.2643,0.20389,-13.415,-1.8172,0,0,0,2.3484,2.3393,2.3482,2.3333,34.755,-1.1323,-6.9856,24.129,114.07,49.904,15.615
10.25,-0.29417,0.41849,1.0518,0.49556,0.020404,0,0.86834,-5.8382,-0.020562,0.48466,0.31228,2.2561,-1.2802,0.55259,-13.421,-1.8846,0,0,0,2.3455,2.3358,2.3449,2.3302,34.981,0.0062604,-6.4842,21.07,113.63,50.377,15.594
10.26,-0.35252,0.41762,1.0565,0.49654,0.033438,0,0.86737,-5.8309,-0.15475,0.4655,0.21855,2.2783,-1.2958,0.9034,-13.415,-1.9469,0,0,0,2.3427,2.3325,2.3419,2.3274,35.176,1.1399,-5.9784,17.974,113.08,50.758,15.574
10.27,-0.41078,0.4154,1.0611,0.49702,0.046594,0,0.86649,-5.8201,-0.28882,0.44574,0.12387,2.2972,-1.311,1.256,-13.398,-2.0041,0,0,0,2.3401,2.3293,2.3389,2.3247,35.34,2.2675,-5.4693,14.846,112.42,51.047,15.555
10.28,-0.46891,0.41184,1.0655,0.497,0.059853,0,0.86569,-5.8058,-0.42267,0.42543,0.028408,2.3128,-1.3258,1.6101,-13.37,-2.0563,0,0,0,2.3377,2.3263,2.3362,2.3222,35.473,3.388,-4.9578,11.688,111.67,51.248,15.537
10.29,-0.52688,0.40695,1.0696,0.49647,0.073198,0,0.86496,-5.7879,-0.55618,0.40463,-0.067661,2.3248,-1.3401,1.9654,-13.33,-2.1033,0,0,0,2.3354,2.3235,2.3336,2.32,35.574,4.5005,-4.4446,8.5019,110.81,51.363,15.521
10.3,-0.58466,0.40072,1.0735,0.49543,0.086608,0,0.86432,-5.7665,-0.68923,0.38338,-0.16415,2.3331,-1.3538,2.3215,-13.28,-2.1452,0,0,0,2.3334,2.3209,2.3312,2.318,35.643,5.604,-3.9308,5.2911,109.86,51.392,15.506
10.31,-0.6422,0.39317,1.0773,0.49388,0.10006,0,0.86375,-5.7415,-0.82173,0.36174,-0.26085,2.3377,-1.3669,2.6781,-13.218,-2.1819,0,0,0,2.3316,2.3186,2.3291,2.3163,35.679,6.6974,-3.4171,2.0583,108.81,51.339,15.493
10.32,-0.69948,0.38429,1.0808,0.49181,0.11354,0,0.86327,-5.7129,-0.95356,0.33976,-0.35756,2.3384,-1.3792,3.0349,-13.146,-2.2135,0,0,0,2.33,2.3166,2.3273,2.315,35.684,7.7799,-2.9043,-1.1939,107.68,51.206,15.481
10.33,-0.75645,0.3741,1.0841,0.48922,0.12703,0,0.86286,-5.6808,-1.0846,0.31749,-0.45405,2.3351,-1.3908,3.3917,-13.063,-2.24,0,0,0,2.3288,2.3149,2.3257,2.3139,35.656,8.8506,-2.3932,-4.4628,106.45,50.994,15.472
10.34,-0.81308,0.3626,1.0871,0.48612,0.14049,0,0.86252,-5.6451,-1.2148,0.29498,-0.55007,2.3278,-1.4016,3.7479,-12.969,-2.2614,0,0,0,2.3278,2.3135,2.3245,2.3132,35.594,9.9086,-1.8846,-7.7455,105.13,50.706,15.465
10.35,-0.86934,0.3498,1.09,0.48251,0.15391,0,0.86226,-5.6058,-1.344,0.27228,-0.6454,2.3164,-1.4114,4.1034,-12.864,-2.2777,0,0,0,2.3272,2.3124,2.3236,2.3128,35.501,10.953,-1.3793,-11.039,103.73,50.344,15.46
10.36,-0.92518,0.33572,1.0926,0.47839,0.16727,0,0.86207,-5.563,-1.472,0.24944,-0.73976,2.3008,-1.4203,4.4578,-12.75,-2.289,0,0,0,2.327,2.3118,2.323,2.3129,35.374,11.983,-0.878,-14.342,102.24,49.91,15.458
10.37,-0.98058,0.32037,1.095,0.47376,0.18053,0,0.86195,-5.5167,-1.5989,0.22652,-0.83291,2.281,-1.4282,4.8108,-12.625,-2.2953,0,0,0,2.3271,2.3115,2.3228,2.3134,35.214,12.998,-0.38137,-17.65,100.68,49.405,15.458
10.38,-1.0355,0.30375,1.0971,0.46863,0.19368,0,0.8619,-5.4668,-1.7245,0.20355,-0.92457,2.2571,-1.435,5.162,-12.49,-2.2966,0,0,0,2.3276,2.3117,2.323,2.3143,35.021,13.996,0.10988,-20.961,99.036,48.833,15.461
10.39,-1.0899,0.28588,1.099,0.46302,0.2067,0,0.86191,-5.4134,-1.8487,0.1806,-1.0145,2.229,-1.4407,5.5111,-12.345,-2.2931,0,0,0,2.3285,2.3123,2.3237,2.3156,34.795,14.978,0.59507,-24.273,97.317,48.195,15.467
10.4,-1.1438,0.26678,1.1007,0.45691,0.21956,0,0.86199,-5.3566,-1.9714,0.15771,-1.1024,2.1969,-1.4453,5.8578,-12.19,-2.2847,0,0,0,2.3298,2.3134,2.3248,2.3174,34.535,15.942,1.0736,-27.582,95.524,47.493,15.476
10.41,-1.197,0.24646,1.1022,0.45034,0.23224,0,0.86212,-5.2963,-2.0924,0.13492,-1.1881,2.1606,-1.4487,6.2017,-12.026,-2.2717,0,0,0,2.3316,2.315,2.3263,2.3197,34.243,16.888,1.5447,-30.885,93.659,46.729,15.488
10.42,-1.2497,0.22494,1.1034,0.44331,0.2447,0,0.86232,-5.2325,-2.2118,0.11229,-1.2712,2.1205,-1.4509,6.5425,-11.853,-2.2539,0,0,0,2.3338,2.3171,2.3283,2.3225,33.918,17.815,2.0079,-34.181,91.726,45.905,15.503
10.43,-1.3017,0.20223,1.1044,0.43584,0.25695,0,0.86257,-5.1654,-2.3295,0.08986,-1.3516,2.0765,-1.4518,6.8799,-11.67,-2.2315,0,0,0,2.3364,2.3196,2.3308,2.3258,33.559,18.723,2.4626,-37.467,89.726,45.024,15.521
10.44,-1.353,0.17835,1.1052,0.42793,0.26894,0,0.86287,-5.095,-2.4452,0.067675,-1.4289,2.0289,-1.4516,7.2136,-11.478,-2.2047,0,0,0,2.3396,2.3228,2.3337,2.3295,33.168,19.61,2.9082,-40.738,87.661,44.087,15.543
10.45,-1.4036,0.15333,1.1058,0.41961,0.28066,0,0.86323,-5.0212,-2.559,0.045781,-1.5031,1.9777,-1.4501,7.5432,-11.278,-2.1734,0,0,0,2.3432,2.3264,2.3372,2.3338,32.745,20.476,3.3442,-43.994,85.535,43.097,15.568
10.46,-1.4534,0.12718,1.1061,0.41089,0.29209,0,0.86363,-4.9441,-2.6707,0.024222,-1.5739,1.9232,-1.4473,7.8684,-11.069,-2.1378,0,0,0,2.3473,2.3306,2.3412,2.3386,32.288,21.32,3.77,-47.231,83.349,42.055,15.596
10.47,-1.5024,0.099924,1.1063,0.40179,0.30321,0,0.86408,-4.8638,-2.7804,0.0030392,-1.6411,1.8656,-1.4434,8.1889,-10.851,-2.098,0,0,0,2.352,2.3353,2.3457,2.3439,31.8,22.142,4.1851,-50.447,81.107,40.964,15.628
10.48,-1.5507,0.071582,1.1062,0.39234,0.314,0,0.86457,-4.7804,-2.8877,-0.017725,-1.7046,1.805,-1.4382,8.5043,-10.626,-2.0541,0,0,0,2.357,2.3405,2.3507,2.3497,31.28,22.942,4.5891,-53.637,78.81,39.825,15.663
10.49,-1.598,0.042177,1.1059,0.38255,0.32445,0,0.8651,-4.6938,-2.9928,-0.03803,-1.7642,1.7418,-1.4319,8.8144,-10.393,-2.0063,0,0,0,2.3626,2.3463,2.3562,2.356,30.727,23.718,4.9815,-56.801,76.462,38.64,15.702
10.5,-1.6445,0.011733,1.1054,0.37244,0.33454,0,0.86566,-4.6041,-3.0956,-0.057838,-1.8199,1.6762,-1.4244,9.1187,-10.152,-1.9546,0,0,0,2.3687,2.3526,2.3622,2.3628,30.144,24.471,5.3618,-59.935,74.065,37.412,15.744
10.51,-1.6901,-0.019727,1.1048,0.36204,0.34426,0,0.86626,-4.5114,-3.1959,-0.077109,-1.8715,1.6083,-1.4159,9.4171,-9.9034,-1.8991,0,0,0,2.3752,2.3594,2.3687,2.37,29.529,25.2,5.7296,-63.035,71.621,36.143,15.789
10.52,-1.7347,-0.052176,1.1039,0.35136,0.3536,0,0.8669,-4.4158,-3.2936,-0.095807,-1.919,1.5386,-1.4063,9.7092,-9.6478,-1.84,0,0,0,2.3822,2.3667,2.3756,2.3777,28.883,25.903,6.0845,-66.101,69.134,34.834,15.837
10.53,-1.7784,-0.08559,1.1028,0.34044,0.36254,0,0.86757,-4.3172,-3.3888,-0.1139,-1.9624,1.4672,-1.3958,9.9947,-9.3854,-1.7774,0,0,0,2.3897,2.3745,2.3831,2.3859,28.207,26.582,6.4261,-69.128,66.606,33.487,15.889
10.54,-1.8211,-0.11994,1.1016,0.32928,0.37107,0,0.86826,-4.2159,-3.4813,-0.13135,-2.0016,1.3944,-1.3843,10.273,-9.1163,-1.7115,0,0,0,2.3975,2.3828,2.391,2.3944,27.501,27.235,6.7541,-72.113,64.039,32.105,15.943
10.55,-1.8627,-0.15521,1.1002,0.31793,0.3792,0,0.86898,-4.1118,-3.5711,-0.14812,-2.0368,1.3205,-1.3719,10.545,-8.8408,-1.6424,0,0,0,2.4058,2.3915,2.3993,2.4034,26.765,27.863,7.0681,-75.055,61.436,30.689,16
10.56,-1.9033,-0.19136,1.0987,0.30639,0.38691,0,0.86973,-4.005,-3.6581,-0.16418,-2.0679,1.2457,-1.3588,10.808,-8.5591,-1.5702,0,0,0,2.4145,2.4006,2.408,2.4127,26,28.464,7.3678,-77.95,58.8,29.241,16.06
10.57,-1.9428,-0.22836,1.0969,0.29469,0.3942,0,0.8705,-3.8957,-3.7423,-0.17951,-2.0951,1.1703,-1.3449,11.064,-8.2716,-1.4951,0,0,0,2.4236,2.4101,2.4172,2.4224,25.206,29.039,7.6528,-80.796,56.133,27.764,16.122
10.58,-1.9812,-0.26619,1.0951,0.28286,0.40106,0,0.87129,-3.7838,-3.8235,-0.19408,-2.1184,1.0944,-1.3304,11.312,-7.9784,-1.4172,0,0,0,2.433,2.42,2.4266,2.4324,24.384,29.587,7.923,-83.589,53.438,26.259,16.187
10.59,-2.0185,-0.30482,1.0931,0.27091,0.40749,0,0.8721,-3.6694,-3.9018,-0.20785,-2.1379,1.0185,-1.3153,11.552,-7.6799,-1.3367,0,0,0,2.4427,2.4302,2.4364,2.4427,23.534,30.107,8.1779,-86.327,50.717,24.729,16.253
10.6,-2.0546,-0.34422,1.0909,0.25886,0.4135,0,0.87293,-3.5527,-3.9771,-0.2208,-2.1538,0.94252,-1.2997,11.783,-7.3764,-1.2537,0,0,0,2.4527,2.4407,2.4465,2.4532,22.658,30.601,8.4175,-89.008,47.974,23.175,16.322
10.61,-2.0895,-0.38435,1.0886,0.24674,0.41909,0,0.87378,-3.4338,-4.0493,-0.23291,-2.1662,0.86682,-1.2838,12.005,-7.068,-1.1684,0,0,0,2.4629,2.4514,2.4569,2.464,21.754,31.067,8.6414,-91.628,45.21,21.599,16.392
10.62,-2.1233,-0.42519,1.0863,0.23456,0.42425,0,0.87464,-3.3127,-4.1184,-0.24416,-2.1753,0.79154,-1.2674,12.218,-6.7551,-1.0809,0,0,0,2.4734,2.4624,2.4675,2.4749,20.825,31.505,8.8494,-94.184,42.429,20.004,16.464
10.63,-2.1558,-0.46671,1.0838,0.22234,0.42898,0,0.87552,-3.1895,-4.1844,-0.25453,-2.1813,0.71684,-1.2508,12.422,-6.438,-0.99146,0,0,0,2.484,2.4735,2.4782,2.486,19.871,31.915,9.0414,-96.674,39.632,18.391,16.536
10.64,-2.187,-0.50887,1.0812,0.2101,0.4333,0,0.87642,-3.0643,-4.2472,-0.26398,-2.1843,0.64287,-1.234,12.615,-6.1169,-0.90015,0,0,0,2.4948,2.4848,2.4891,2.4972,18.892,32.298,9.2172,-99.096,36.823,16.762,16.61
10.65,-2.217,-0.55164,1.0785,0.19785,0.43721,0,0.87733,-2.9372,-4.3067,-0.27252,-2.1844,0.56975,-1.2171,12.799,-5.7921,-0.80717,0,0,0,2.5057,2.4962,2.5001,2.5085,17.889,32.652,9.3766,-101.45,34.003,15.12,16.684
10.66,-2.2458,-0.59499,1.0757,0.18562,0.44071,0,0.87825,-2.8083,-4.363,-0.28012,-2.182,0.49759,-1.2001,12.973,-5.464,-0.71267,0,0,0,2.5167,2.5076,2.5112,2.5198,16.863,32.978,9.5195,-103.72,31.177,13.465,16.759
10.67,-2.2732,-0.63889,1.0729,0.17341,0.44381,0,0.87918,-2.6778,-4.416,-0.28677,-2.1772,0.42648,-1.1832,13.137,-5.1327,-0.61683,0,0,0,2.5276,2.5191,2.5223,2.5311,15.815,33.275,9.6458,-105.92,28.346,11.802,16.833
10.68,-2.2993,-0.6833,1.07,0.16123,0.44652,0,0.88013,-2.5456,-4.4657,-0.29246,-2.1701,0.3565,-1.1663,13.289,-4.7986,-0.51981,0,0,0,2.5386,2.5305,2.5334,2.5423,14.745,33.544,9.7555,-108.04,25.512,10.13,16.908
10.69,-2.3241,-0.72819,1.067,0.1491,0.44883,0,0.88109,-2.412,-4.512,-0.29716,-2.161,0.28771,-1.1495,13.431,-4.4619,-0.42178,0,0,0,2.5495,2.5418,2.5444,2.5534,13.655,33.785,9.8484,-110.07,22.679,8.4529,16.982
10.7,-2.3476,-0.77353,1.0641,0.13703,0.45077,0,0.88206,-2.277,-4.5549,-0.30089,-2.1501,0.22014,-1.133,13.562,-4.1229,-0.3229,0,0,0,2.5603,2.553,2.5553,2.5644,12.544,33.998,9.9246,-112.02,19.849,6.7719,17.055
10.71,-2.3696,-0.81928,1.061,0.12503,0.45233,0,0.88304,-2.1408,-4.5944,-0.30362,-2.1375,0.15382,-1.1167,13.682,-3.782,-0.22334,0,0,0,2.571,2.5641,2.566,2.5753,11.415,34.182,9.9839,-113.88,17.025,5.0892,17.127
10.72,-2.3904,-0.86541,1.058,0.11311,0.45352,0,0.88404,-2.0034,-4.6305,-0.30535,-2.1234,0.088767,-1.1007,13.791,-3.4394,-0.12328,0,0,0,2.5815,2.575,2.5766,2.5859,10.267,34.339,10.026,-115.65,14.209,3.4068,17.198
10.73,-2.4097,-0.91188,1.0549,0.10127,0.45436,0,0.88504,-1.865,-4.6632,-0.30608,-2.108,0.024979,-1.085,13.887,-3.0953,-0.022874,0,0,0,2.5917,2.5856,2.5869,2.5962,9.1019,34.467,10.052,-117.32,11.404,1.7266,17.267
10.74,-2.4277,-0.95866,1.0519,0.089525,0.45485,0,0.88606,-1.7257,-4.6924,-0.30581,-2.0914,-0.037556,-1.0698,13.973,-2.7501,0.077704,0,0,0,2.6017,2.5959,2.597,2.6063,7.9207,34.567,10.061,-118.9,8.6122,0.050883,17.335
10.75,-2.4442,-1.0057,1.0488,0.077876,0.45499,0,0.88709,-1.5856,-4.7182,-0.30453,-2.0738,-0.098862,-1.055,14.046,-2.4041,0.17829,0,0,0,2.6114,2.6059,2.6067,2.6161,6.7242,34.639,10.053,-120.38,5.836,-1.6181,17.4
10.76,-2.4594,-1.053,1.0458,0.06633,0.45479,0,0.88812,-1.4448,-4.7405,-0.30225,-2.0554,-0.15897,-1.0406,14.107,-2.0575,0.27871,0,0,0,2.6207,2.6155,2.6161,2.6254,5.5134,34.684,10.029,-121.76,3.0779,-3.2781,17.463
10.77,-2.4731,-1.1005,1.0428,0.054891,0.45427,0,0.88917,-1.3035,-4.7593,-0.29896,-2.0362,-0.21793,-1.0268,14.156,-1.7105,0.3788,0,0,0,2.6297,2.6247,2.6251,2.6344,4.2893,34.701,9.9875,-123.03,0.34027,-4.9269,17.523
10.78,-2.4854,-1.1482,1.0398,0.043562,0.45342,0,0.89023,-1.1618,-4.7747,-0.29467,-2.0164,-0.27578,-1.0135,14.193,-1.3635,0.47841,0,0,0,2.6382,2.6335,2.6336,2.6429,3.0531,34.69,9.9301,-124.2,-2.3745,-6.5621,17.581
10.79,-2.4964,-1.196,1.0369,0.032345,0.45226,0,0.8913,-1.0197,-4.7866,-0.28939,-1.9962,-0.33259,-1.0008,14.217,-1.0168,0.57735,0,0,0,2.6463,2.6418,2.6417,2.651,1.8058,34.653,9.8563,-125.25,-5.0639,-8.1817,17.635
10.8,-2.5058,-1.2439,1.034,0.021244,0.45078,0,0.89238,-0.87747,-4.7951,-0.28313,-1.9755,-0.38842,-0.98869,14.229,-0.67057,0.67548,0,0,0,2.6539,2.6496,2.6493,2.6585,0.54851,34.589,9.7665,-126.19,-7.7257,-9.7832,17.686
10.81,-2.5139,-1.2919,1.0312,0.01026,0.449,0,0.89347,-0.73517,-4.8,-0.27589,-1.9547,-0.44333,-0.9772,14.228,-0.3251,0.77263,0,0,0,2.661,2.6569,2.6564,2.6656,-0.7176,34.499,9.6607,-127.01,-10.357,-11.365,17.733
10.82,-2.5205,-1.3399,1.0285,-0.00060752,0.44692,0,0.89457,-0.59295,-4.8016,-0.26768,-1.9336,-0.4974,-0.96635,14.214,0.019322,0.86864,0,0,0,2.6675,2.6636,2.6629,2.672,-1.9914,34.382,9.5393,-127.72,-12.957,-12.923,17.777
10.83,-2.5258,-1.3879,1.0259,-0.011357,0.44455,0,0.89568,-0.45093,-4.7997,-0.25852,-1.9124,-0.55071,-0.95617,14.188,0.36245,0.96336,0,0,0,2.6735,2.6697,2.6688,2.6779,-3.2716,34.24,9.4023,-128.3,-15.521,-14.457,17.816
10.84,-2.5296,-1.4359,1.0233,-0.021987,0.44188,0,0.8968,-0.30923,-4.7943,-0.24842,-1.8912,-0.60334,-0.94667,14.149,0.70403,1.0566,0,0,0,2.6788,2.6752,2.6741,2.6831,-4.557,34.072,9.2502,-128.76,-18.048,-15.965,17.852
10.85,-2.5319,-1.4838,1.0209,-0.032501,0.43893,0,0.89793,-0.16799,-4.7856,-0.23739,-1.8701,-0.65536,-0.93787,14.097,1.0438,1.1483,0,0,0,2.6836,2.6801,2.6788,2.6878,-5.8464,33.879,9.0832,-129.09,-20.535,-17.442,17.884
10.86,-2.5329,-1.5316,1.0186,-0.042896,0.4357,0,0.89907,-0.027332,-4.7734,-0.22546,-1.849,-0.70685,-0.92978,14.032,1.3815,1.2383,0,0,0,2.6877,2.6842,2.6828,2.6917,-7.1385,33.661,8.9015,-129.3,-22.98,-18.889,17.911
10.87,-2.5325,-1.5792,1.0164,-0.053176,0.43218,0,0.90022,0.11261,-4.758,-0.21263,-1.8281,-0.75791,-0.92242,13.954,1.717,1.3263,0,0,0,2.6911,2.6878,2.6862,2.6951,-8.4319,33.419,8.7055,-129.37,-25.381,-20.301,17.933
10.88,-2.5307,-1.6267,1.0143,-0.06334,0.42838,0,0.90137,0.25171,-4.7391,-0.19894,-1.8074,-0.80862,-0.91579,13.863,2.0498,1.4123,0,0,0,2.6938,2.6906,2.6888,2.6977,-9.7254,33.154,8.4956,-129.3,-27.735,-21.678,17.952
10.89,-2.5275,-1.674,1.0124,-0.073391,0.42431,0,0.90254,0.38984,-4.717,-0.18439,-1.7869,-0.85904,-0.90991,13.76,2.38,1.4962,0,0,0,2.6959,2.6927,2.6908,2.6996,-11.017,32.865,8.2721,-129.1,-30.039,-23.016,17.965
10.9,-2.5229,-1.7211,1.0107,-0.083329,0.41996,0,0.90371,0.52686,-4.6915,-0.16902,-1.7666,-0.90928,-0.90478,13.643,2.7071,1.5777,0,0,0,2.6973,2.6942,2.6921,2.7009,-12.307,32.553,8.0354,-128.75,-32.292,-24.314,17.974
10.91,-2.5169,-1.7678,1.009,-0.093156,0.41534,0,0.90488,0.66266,-4.6628,-0.15285,-1.7465,-0.9594,-0.90042,13.514,3.0309,1.6568,0,0,0,2.698,2.6949,2.6926,2.7014,-13.592,32.219,7.7859,-128.27,-34.491,-25.569,17.978
10.92,-2.5096,-1.8143,1.0076,-0.10287,0.41044,0,0.90607,0.79709,-4.6309,-0.13589,-1.7267,-1.0095,-0.89681,13.371,3.3514,1.7334,0,0,0,2.6979,2.6949,2.6925,2.7012,-14.872,31.864,7.5241,-127.63,-36.633,-26.779,17.978
10.93,-2.501,-1.8604,1.0063,-0.11248,0.40527,0,0.90725,0.93004,-4.5958,-0.11819,-1.7072,-1.0596,-0.89397,13.216,3.6681,1.8073,0,0,0,2.6972,2.6942,2.6916,2.7004,-16.144,31.487,7.2505,-126.85,-38.716,-27.942,17.972
10.94,-2.491,-1.9062,1.0052,-0.12198,0.39982,0,0.90844,1.0614,-4.5576,-0.099756,-1.6879,-1.1098,-0.8919,13.048,3.981,1.8784,0,0,0,2.6958,2.6928,2.69,2.6988,-17.408,31.09,6.9655,-125.91,-40.738,-29.055,17.962
10.95,-2.4798,-1.9516,1.0043,-0.13138,0.3941,0,0.90963,1.191,-4.5162,-0.080629,-1.6688,-1.1602,-0.8906,12.868,4.2899,1.9465,0,0,0,2.6937,2.6907,2.6878,2.6966,-18.662,30.672,6.6696,-124.82,-42.696,-30.116,17.948
10.96,-2.4672,-1.9965,1.0036,-0.14068,0.3881,0,0.91082,1.3187,-4.4718,-0.060835,-1.65,-1.2108,-0.89005,12.675,4.5944,2.0117,0,0,0,2.6909,2.6879,2.6848,2.6937,-19.904,30.236,6.3633,-123.58,-44.588,-31.124,17.929
10.97,-2.4534,-2.041,1.0031,-0.14986,0.38182,0,0.91201,1.4444,-4.4243,-0.040405,-1.6313,-1.2617,-0.89027,12.47,4.8945,2.0738,0,0,0,2.6874,2.6845,2.6812,2.6901,-21.133,29.781,6.0473,-122.17,-46.411,-32.075,17.905
10.98,-2.4383,-2.085,1.0028,-0.15895,0.37526,0,0.91319,1.5681,-4.3739,-0.01937,-1.6127,-1.3129,-0.89124,12.253,5.19,2.1326,0,0,0,2.6833,2.6804,2.6769,2.6859,-22.347,29.308,5.722,-120.6,-48.164,-32.968,17.878
10.99,-2.4221,-2.1285,1.0027,-0.16794,0.36841,0,0.91437,1.6894,-4.3206,0.0022365,-1.5943,-1.3644,-0.89295,12.023,5.4806,2.1882,0,0,0,2.6786,2.6757,2.672,2.681,-23.544,28.818,5.3881,-118.86,-49.843,-33.8,17.846
11,-2.4046,-2.1714,1.0029,-0.17682,0.36128,0,0.91554,1.8085,-4.2643,0.024382,-1.5759,-1.4164,-0.89539,11.782,5.7663,2.2404,0,0,0,2.6733,2.6704,2.6666,2.6756,-24.724,28.311,5.0462,-116.96,-51.447,-34.568,17.81
11.01,-2.3859,-2.2138,1.0032,-0.1856,0.35386,0,0.9167,1.925,-4.2052,0.047032,-1.5574,-1.4687,-0.89855,11.529,6.0468,2.2891,0,0,0,2.6674,2.6646,2.6605,2.6697,-25.883,27.789,4.697,-114.88,-52.972,-35.272,17.77
11.02,-2.3661,-2.2555,1.0038,-0.19428,0.34615,0,0.91784,2.039,-4.1434,0.070152,-1.5389,-1.5214,-0.9024,11.264,6.322,2.3343,0,0,0,2.661,2.6582,2.6539,2.6632,-27.021,27.252,4.341,-112.64,-54.418,-35.909,17.727
11.03,-2.3451,-2.2966,1.0046,-0.20285,0.33814,0,0.91897,2.1503,-4.0788,0.093706,-1.5203,-1.5744,-0.90693,10.988,6.5918,2.3759,0,0,0,2.6541,2.6513,2.6469,2.6562,-28.135,26.701,3.979,-110.22,-55.784,-36.479,17.681
11.04,-2.3231,-2.3371,1.0057,-0.21131,0.32984,0,0.92008,2.2587,-4.0116,0.11766,-1.5014,-1.6278,-0.9121,10.702,6.856,2.4138,0,0,0,2.6467,2.644,2.6394,2.6488,-29.225,26.137,3.6117,-107.64,-57.073,-36.985,17.631
11.05,-2.3,-2.3768,1.007,-0.21967,0.32124,0,0.92117,2.3643,-3.9417,0.14197,-1.4822,-1.6816,-0.91789,10.404,7.1145,2.4481,0,0,0,2.6389,2.6363,2.6314,2.641,-30.287,25.56,3.2395,-104.9,-58.286,-37.427,17.579
11.06,-2.2758,-2.4159,1.0085,-0.22791,0.31233,0,0.92223,2.4668,-3.8693,0.16661,-1.4626,-1.7356,-0.92426,10.096,7.3671,2.4786,0,0,0,2.6308,2.6283,2.6232,2.6328,-31.322,24.971,2.8633,-102.02,-59.423,-37.807,17.525
11.07,-2.2506,-2.4542,1.0103,-0.23604,0.30312,0,0.92325,2.5662,-3.7944,0.19153,-1.4425,-1.7897,-0.93118,9.7777,7.6139,2.5054,0,0,0,2.6223,2.6199,2.6146,2.6244,-32.327,24.372,2.4836,-98.98,-60.486,-38.125,17.469
11.08,-2.2245,-2.4918,1.0124,-0.24405,0.29361,0,0.92425,2.6623,-3.7171,0.2167,-1.4219,-1.844,-0.93861,9.4495,7.8545,2.5283,0,0,0,2.6136,2.6114,2.6058,2.6157,-33.301,23.762,2.101,-95.802,-61.477,-38.384,17.411
11.09,-2.1974,-2.5285,1.0147,-0.25194,0.28379,0,0.9252,2.7551,-3.6373,0.24208,-1.4005,-1.8983,-0.94649,9.1117,8.0891,2.5474,0,0,0,2.6047,2.6026,2.5968,2.6069,-34.243,23.142,1.7161,-92.488,-62.396,-38.583,17.352
11.1,-2.1694,-2.5645,1.0172,-0.25969,0.27366,0,0.9261,2.8445,-3.5553,0.26764,-1.3784,-1.9524,-0.95479,8.7647,8.3174,2.5626,0,0,0,2.5956,2.5937,2.5877,2.5979,-35.151,22.514,1.3295,-89.042,-63.245,-38.725,17.292
11.11,-2.1405,-2.5996,1.02,-0.26731,0.26323,0,0.92696,2.9304,-3.471,0.29332,-1.3553,-2.0062,-0.96343,8.4088,8.5393,2.574,0,0,0,2.5865,2.5848,2.5785,2.5888,-36.023,21.878,0.94181,-85.469,-64.025,-38.811,17.231
11.12,-2.1108,-2.6339,1.0231,-0.27479,0.25249,0,0.92776,3.0127,-3.3845,0.3191,-1.3313,-2.0597,-0.97238,8.0444,8.7549,2.5814,0,0,0,2.5773,2.5758,2.5694,2.5798,-36.86,21.234,0.55351,-81.775,-64.737,-38.841,17.17
11.13,-2.0803,-2.6673,1.0264,-0.28212,0.24145,0,0.9285,3.0912,-3.2959,0.34494,-1.3063,-2.1125,-0.98156,7.6718,8.964,2.585,0,0,0,2.5682,2.5669,2.5603,2.5708,-37.658,20.583,0.16517,-77.966,-65.383,-38.817,17.11
11.14,-2.049,-2.6998,1.03,-0.28929,0.23011,0,0.92917,3.1661,-3.2053,0.37079,-1.28,-2.1646,-0.99091,7.2914,9.1665,2.5847,0,0,0,2.5591,2.5582,2.5513,2.5619,-38.419,19.926,-0.22266,-74.046,-65.964,-38.74,17.051
11.15,-2.017,-2.7314,1.0338,-0.29629,0.21847,0,0.92978,3.237,-3.1126,0.39662,-1.2526,-2.2156,-1.0004,6.9035,9.3625,2.5806,0,0,0,2.5503,2.5496,2.5425,2.5532,-39.139,19.264,-0.60946,-70.02,-66.48,-38.612,16.993
11.16,-1.9843,-2.7621,1.0379,-0.30312,0.20655,0,0.9303,3.3041,-3.018,0.42239,-1.2238,-2.2654,-1.0098,6.5087,9.5518,2.5726,0,0,0,2.5417,2.5414,2.534,2.5448,-39.819,18.597,-0.99473,-65.894,-66.934,-38.433,16.936
11.17,-1.9509,-2.7918,1.0423,-0.30976,0.19434,0,0.93074,3.3672,-2.9216,0.44806,-1.1936,-2.3137,-1.0192,6.1073,9.7344,2.5607,0,0,0,2.5333,2.5334,2.5259,2.5367,-40.457,17.925,-1.378,-61.673,-67.327,-38.205,16.882
11.18,-1.9169,-2.8205,1.0469,-0.3162,0.18186,0,0.9311,3.4262,-2.8234,0.47359,-1.1621,-2.3603,-1.0285,5.6997,9.9103,2.545,0,0,0,2.5253,2.5258,2.5181,2.529,-41.052,17.251,-1.7587,-57.362,-67.659,-37.929,16.83
11.19,-1.8824,-2.8482,1.0517,-0.32244,0.16911,0,0.93136,3.4812,-2.7234,0.49895,-1.129,-2.4049,-1.0376,5.2864,10.079,2.5255,0,0,0,2.5178,2.5187,2.5108,2.5217,-41.603,16.573,-2.1364,-52.966,-67.932,-37.606,16.782
11.2,-1.8473,-2.875,1.0568,-0.32847,0.15612,0,0.93152,3.532,-2.6218,0.52409,-1.0945,-2.4473,-1.0464,4.8678,10.242,2.5023,0,0,0,2.5107,2.512,2.5041,2.5149,-42.111,15.892,-2.5106,-48.491,-68.148,-37.237,16.736
11.21,-1.8118,-2.9007,1.0622,-0.33427,0.14289,0,0.93158,3.5785,-2.5186,0.54898,-1.0586,-2.4871,-1.0548,4.4443,10.397,2.4753,0,0,0,2.5041,2.506,2.4979,2.5086,-42.573,15.21,-2.881,-43.942,-68.307,-36.824,16.694
11.22,-1.7758,-2.9253,1.0678,-0.33983,0.12943,0,0.93154,3.6208,-2.4139,0.57358,-1.0211,-2.5242,-1.0627,4.0165,10.546,2.4447,0,0,0,2.4982,2.5005,2.4923,2.503,-42.989,14.526,-3.247,-39.323,-68.412,-36.368,16.657
11.23,-1.7394,-2.9489,1.0737,-0.34515,0.11577,0,0.93138,3.6588,-2.3077,0.59786,-0.98227,-2.5582,-1.0701,3.5847,10.688,2.4104,0,0,0,2.4929,2.4957,2.4874,2.498,-43.359,13.842,-3.6082,-34.641,-68.462,-35.869,16.623
11.24,-1.7026,-2.9715,1.0798,-0.35022,0.10192,0,0.93111,3.6925,-2.2002,0.62178,-0.94206,-2.5889,-1.0769,3.1495,10.823,2.3725,0,0,0,2.4883,2.4916,2.4833,2.4937,-43.682,13.157,-3.9642,-29.901,-68.459,-35.33,16.595
11.25,-1.6655,-2.9929,1.0861,-0.35502,0.087896,0,0.93072,3.7218,-2.0913,0.6453,-0.90057,-2.616,-1.0829,2.7112,10.951,2.3311,0,0,0,2.4844,2.4882,2.4799,2.4901,-43.957,12.473,-4.3147,-25.106,-68.405,-34.751,16.571
11.26,-1.6282,-3.0133,1.0927,-0.35955,0.07373,0,0.93021,3.7467,-1.9812,0.66839,-0.85788,-2.6395,-1.0882,2.2705,11.072,2.2863,0,0,0,2.4812,2.4857,2.4773,2.4873,-44.184,11.789,-4.6591,-20.264,-68.301,-34.133,16.553
11.27,-1.5906,-3.0326,1.0995,-0.3638,0.059439,0,0.92958,3.7672,-1.8699,0.69101,-0.81413,-2.6589,-1.0926,1.8277,11.187,2.238,0,0,0,2.4789,2.4839,2.4756,2.4853,-44.362,11.107,-4.9972,-15.379,-68.148,-33.479,16.539
11.28,-1.5529,-3.0507,1.1065,-0.36777,0.045046,0,0.92883,3.7833,-1.7575,0.71314,-0.76944,-2.6742,-1.0962,1.3834,11.294,2.1863,0,0,0,2.4774,2.4829,2.4747,2.4841,-44.491,10.426,-5.3286,-10.456,-67.948,-32.788,16.532
11.29,-1.515,-3.0677,1.1137,-0.37144,0.030576,0,0.92795,3.7949,-1.644,0.73473,-0.72397,-2.6853,-1.0987,0.93804,11.395,2.1314,0,0,0,2.4768,2.4828,2.4747,2.4838,-44.571,9.748,-5.6528,-5.5,-67.701,-32.062,16.53
11.3,-1.477,-3.0836,1.1212,-0.37482,0.016055,0,0.92696,3.802,-1.5296,0.75576,-0.67789,-2.692,-1.1003,0.49213,11.489,2.0733,0,0,0,2.4771,2.4836,2.4756,2.4843,-44.601,9.0724,-5.9697,-0.51712,-67.408,-31.303,16.534
11.31,-1.4389,-3.0983,1.1289,-0.3779,0.0015074,0,0.92585,3.8047,-1.4142,0.77619,-0.63136,-2.6942,-1.1007,0.046177,11.577,2.0121,0,0,0,2.4782,2.4852,2.4774,2.4856,-44.582,8.4,-6.2788,4.4877,-67.073,-30.511,16.544
11.32,-1.4009,-3.1119,1.1367,-0.38068,-0.01304,0,0.92461,3.803,-1.2981,0.79599,-0.58458,-2.692,-1.1001,-0.39933,11.657,1.9478,0,0,0,2.4802,2.4876,2.4801,2.4879,-44.512,7.7311,-6.5798,9.5091,-66.694,-29.688,16.56
11.33,-1.3629,-3.1243,1.1448,-0.38316,-0.027563,0,0.92327,3.7967,-1.1811,0.81513,-0.53774,-2.6853,-1.0984,-0.84389,11.731,1.8805,0,0,0,2.483,2.4909,2.4836,2.491,-44.391,7.0662,-6.8725,14.542,-66.275,-28.835,16.581
11.34,-1.325,-3.1355,1.153,-0.38534,-0.042033,0,0.92182,3.7861,-1.0635,0.83359,-0.49104,-2.6741,-1.0955,-1.287,11.799,1.8103,0,0,0,2.4868,2.4951,2.488,2.4949,-44.221,6.4057,-7.1564,19.58,-65.817,-27.954,16.608
11.35,-1.2872,-3.1455,1.1614,-0.38723,-0.056426,0,0.92026,3.771,-0.94516,0.85133,-0.44466,-2.6586,-1.0914,-1.7281,11.859,1.7374,0,0,0,2.4913,2.5,2.4932,2.4996,-44,5.75,-7.4314,24.619,-65.32,-27.045,16.64
11.36,-1.2496,-3.1544,1.17,-0.38882,-0.070717,0,0.9186,3.7515,-0.82629,0.86833,-0.39881,-2.6389,-1.0863,-2.1668,11.914,1.6617,0,0,0,2.4967,2.5057,2.4993,2.5051,-43.728,5.0995,-7.6972,29.653,-64.787,-26.11,16.678
11.37,-1.2122,-3.162,1.1788,-0.39013,-0.084882,0,0.91684,3.7277,-0.70691,0.88456,-0.35366,-2.615,-1.08,-2.6025,11.961,1.5835,0,0,0,2.5029,2.5121,2.5061,2.5114,-43.407,4.4544,-7.9535,34.677,-64.218,-25.15,16.721
11.38,-1.175,-3.1685,1.1877,-0.39115,-0.098898,0,0.915,3.6995,-0.58708,0.89999,-0.30939,-2.5871,-1.0725,-3.0348,12.003,1.5027,0,0,0,2.5098,2.5193,2.5136,2.5184,-43.035,3.8152,-8.2001,39.686,-63.616,-24.166,16.768
11.39,-1.1382,-3.1738,1.1968,-0.3919,-0.11274,0,0.91307,3.667,-0.46687,0.9146,-0.26617,-2.5556,-1.064,-3.4631,12.038,1.4195,0,0,0,2.5174,2.5271,2.5218,2.526,-42.613,3.1822,-8.4368,44.673,-62.98,-23.16,16.82
11.4,-1.1017,-3.1779,1.206,-0.39238,-0.1264,0,0.91108,3.6302,-0.34635,0.92837,-0.22414,-2.5205,-1.0544,-3.8869,12.066,1.334,0,0,0,2.5256,2.5355,2.5306,2.5343,-42.142,2.5557,-8.6633,49.634,-62.314,-22.132,16.877
11.41,-1.0656,-3.1807,1.2154,-0.39261,-0.13984,0,0.90901,3.5893,-0.22557,0.94128,-0.18345,-2.4821,-1.0438,-4.3057,12.089,1.2463,0,0,0,2.5344,2.5445,2.5399,2.5431,-41.62,1.936,-8.8794,54.564,-61.618,-21.085,16.937
11.42,-1.0299,-3.1824,1.2248,-0.39259,-0.15305,0,0.90689,3.5441,-0.10459,0.95329,-0.14421,-2.4406,-1.0322,-4.7191,12.105,1.1565,0,0,0,2.5438,2.5539,2.5498,2.5524,-41.05,1.3234,-9.0849,59.457,-60.894,-20.019,17
11.43,-0.99473,-3.1828,1.2344,-0.39234,-0.16602,0,0.90471,3.4949,0.016518,0.9644,-0.10652,-2.3964,-1.0197,-5.1266,12.115,1.0646,0,0,0,2.5536,2.5637,2.5601,2.5622,-40.432,0.71822,-9.2797,64.307,-60.143,-18.935,17.066
11.44,-0.96004,-3.182,1.2441,-0.39187,-0.17873,0,0.90249,3.4416,0.1377,0.97458,-0.070464,-2.3496,-1.0063,-5.5276,12.12,0.9709,0,0,0,2.5638,2.5739,2.5707,2.5723,-39.764,0.12066,-9.4635,69.11,-59.366,-17.836,17.135
11.45,-0.92591,-3.1801,1.2539,-0.39118,-0.19116,0,0.90024,3.3844,0.25889,0.98381,-0.036115,-2.3006,-0.99203,-5.9217,12.118,0.87539,0,0,0,2.5743,2.5844,2.5816,2.5827,-39.049,-0.46902,-9.6363,73.859,-58.565,-16.721,17.205
11.46,-0.89237,-3.1769,1.2638,-0.3903,-0.20331,0,0.89796,3.3232,0.38004,0.99208,-0.0035208,-2.2496,-0.97701,-6.3084,12.11,0.77821,0,0,0,2.5851,2.5951,2.5927,2.5934,-38.287,-1.0506,-9.7979,78.55,-57.742,-15.593,17.277
11.47,-0.85946,-3.1725,1.2738,-0.38923,-0.21517,0,0.89565,3.2582,0.50108,0.99937,0.027287,-2.1968,-0.96126,-6.6873,12.097,0.67947,0,0,0,2.5959,2.6059,2.6039,2.6041,-37.479,-1.6238,-9.9482,83.178,-56.897,-14.452,17.35
11.48,-0.82721,-3.1668,1.2838,-0.38799,-0.22673,0,0.89334,3.1895,0.62195,1.0057,0.056289,-2.1426,-0.94485,-7.0578,12.078,0.57928,0,0,0,2.6069,2.6167,2.6151,2.6149,-36.624,-2.1884,-10.087,87.736,-56.032,-13.3,17.423
11.49,-0.79568,-3.16,1.2939,-0.38659,-0.23798,0,0.89102,3.1171,0.74261,1.0109,0.083484,-2.0871,-0.92783,-7.4196,12.053,0.47777,0,0,0,2.6178,2.6275,2.6263,2.6257,-35.724,-2.7444,-10.214,92.22,-55.148,-12.138,17.496
11.5,-0.76488,-3.152,1.304,-0.38505,-0.24891,0,0.8887,3.0411,0.863,1.0152,0.10888,-2.0305,-0.91025,-7.7722,12.023,0.37504,0,0,0,2.6287,2.6382,2.6373,2.6364,-34.78,-3.2913,-10.33,96.625,-54.248,-10.967,17.568
11.51,-0.73487,-3.1428,1.3142,-0.38336,-0.25953,0,0.88639,2.9617,0.98305,1.0184,0.1325,-1.9731,-0.89216,-8.1151,11.987,0.27122,0,0,0,2.6393,2.6487,2.6481,2.6469,-33.792,-3.8293,-10.433,100.94,-53.331,-9.7884,17.638
11.52,-0.70566,-3.1323,1.3244,-0.38156,-0.26982,0,0.88409,2.8789,1.1027,1.0206,0.15438,-1.915,-0.87362,-8.4479,11.946,0.16641,0,0,0,2.6497,2.6589,2.6587,2.6571,-32.761,-4.3579,-10.525,105.17,-52.401,-8.6038,17.707
11.53,-0.6773,-3.1207,1.3346,-0.37965,-0.27979,0,0.88181,2.7928,1.222,1.0218,0.17456,-1.8565,-0.85468,-8.7702,11.9,0.060747,0,0,0,2.6597,2.6687,2.6688,2.6669,-31.689,-4.8772,-10.605,109.3,-51.457,-7.4143,17.773
11.54,-0.64982,-3.1079,1.3448,-0.37763,-0.28944,0,0.87956,2.7035,1.3407,1.0218,0.19308,-1.7977,-0.83537,-9.0815,11.849,-0.045658,0,0,0,2.6693,2.678,2.6785,2.6763,-30.576,-5.387,-10.674,113.34,-50.502,-6.221,17.837
11.55,-0.62324,-3.0939,1.355,-0.37553,-0.29876,0,0.87734,2.6112,1.4589,1.0209,0.21001,-1.7387,-0.81574,-9.3815,11.792,-0.15269,0,0,0,2.6783,2.6868,2.6875,2.6851,-29.423,-5.8872,-10.73,117.26,-49.536,-5.0252,17.896
11.56,-0.5976,-3.0787,1.3652,-0.37336,-0.30775,0,0.87515,2.5159,1.5765,1.0188,0.22541,-1.6797,-0.79584,-9.6698,11.731,-0.26022,0,0,0,2.6867,2.695,2.696,2.6933,-28.231,-6.3777,-10.774,121.07,-48.562,-3.8281,17.952
11.57,-0.57293,-3.0624,1.3754,-0.37111,-0.31643,0,0.87301,2.4178,1.6935,1.0157,0.23934,-1.6207,-0.77569,-9.946,11.665,-0.36813,0,0,0,2.6944,2.7024,2.7037,2.7008,-27.001,-6.8584,-10.806,124.77,-47.581,-2.631,18.002
11.58,-0.54925,-3.0448,1.3855,-0.36882,-0.32478,0,0.87091,2.317,1.8098,1.0114,0.25187,-1.5618,-0.75533,-10.21,11.594,-0.47631,0,0,0,2.7013,2.7091,2.7106,2.7076,-25.736,-7.3293,-10.827,128.34,-46.593,-1.435,18.048
11.59,-0.5266,-3.0262,1.3956,-0.36647,-0.33282,0,0.86887,2.2137,1.9254,1.0061,0.26307,-1.5032,-0.73479,-10.461,11.518,-0.58463,0,0,0,2.7073,2.7149,2.7167,2.7134,-24.435,-7.7903,-10.835,131.79,-45.6,-0.24114,18.087
11.6,-0.50499,-3.0063,1.4056,-0.36409,-0.34054,0,0.86688,2.1079,2.0402,0.99974,0.27302,-1.4449,-0.71409,-10.698,11.438,-0.69297,0,0,0,2.7124,2.7197,2.7218,2.7183,-23.1,-8.2413,-10.832,135.1,-44.604,0.94936,18.12
11.61,-0.48445,-2.9854,1.4156,-0.36168,-0.34794,0,0.86494,1.9998,2.1541,0.99227,0.28179,-1.3868,-0.69326,-10.923,11.354,-0.80122,0,0,0,2.7164,2.7236,2.7258,2.7222,-21.733,-8.6823,-10.816,138.27,-43.605,2.1354,18.147
11.62,-0.465,-2.9633,1.4255,-0.35924,-0.35504,0,0.86307,1.8895,2.2672,0.98371,0.28946,-1.3292,-0.67232,-11.133,11.265,-0.90925,0,0,0,2.7194,2.7263,2.7288,2.725,-20.335,-9.1134,-10.789,141.3,-42.604,3.316,18.166
11.63,-0.44667,-2.94,1.4353,-0.35679,-0.36183,0,0.86127,1.7771,2.3794,0.97408,0.2961,-1.2719,-0.65128,-11.329,11.171,-1.017,0,0,0,2.7212,2.7279,2.7305,2.7267,-18.908,-9.5344,-10.75,144.18,-41.603,4.4899,18.177
11.64,-0.42946,-2.9157,1.445,-0.35434,-0.36832,0,0.85953,1.6629,2.4907,0.96338,0.30177,-1.2149,-0.63016,-11.511,11.074,-1.1242,0,0,0,2.7217,2.7283,2.7311,2.7271,-17.452,-9.9455,-10.699,146.91,-40.603,5.656,18.18
11.65,-0.41341,-2.8902,1.4545,-0.35188,-0.37451,0,0.85786,1.547,2.6009,0.9516,0.30657,-1.1583,-0.60896,-11.678,10.973,-1.2309,0,0,0,2.721,2.7274,2.7303,2.7262,-15.97,-10.346,-10.637,149.48,-39.606,6.8133,18.175
11.66,-0.39853,-2.8637,1.464,-0.34943,-0.3804,0,0.85627,1.4294,2.7101,0.93876,0.31055,-1.102,-0.58769,-11.83,10.867,-1.3369,0,0,0,2.7188,2.7251,2.7281,2.7239,-14.463,-10.738,-10.563,151.88,-38.612,7.9607,18.16
11.67,-0.38483,-2.836,1.4733,-0.34699,-0.386,0,0.85475,1.3104,2.8182,0.92486,0.31378,-1.0461,-0.56635,-11.967,10.758,-1.4421,0,0,0,2.7153,2.7214,2.7246,2.7203,-12.933,-11.119,-10.478,154.11,-37.622,9.0969,18.136
11.68,-0.37233,-2.8073,1.4825,-0.34456,-0.39131,0,0.85332,1.1901,2.9252,0.90992,0.31634,-0.99034,-0.54495,-12.089,10.645,-1.5464,0,0,0,2.7103,2.7162,2.7195,2.7152,-11.382,-11.49,-10.381,156.16,-36.638,10.221,18.102
11.69,-0.36103,-2.7775,1.4915,-0.34216,-0.39633,0,0.85197,1.0687,3.0311,0.89394,0.3183,-0.9348,-0.52349,-12.195,10.528,-1.6497,0,0,0,2.7037,2.7095,2.713,2.7085,-9.8105,-11.852,-10.273,158.04,-35.661,11.332,18.058
11.7,-0.35096,-2.7467,1.5004,-0.33978,-0.40106,0,0.85071,0.94628,3.1358,0.87693,0.31972,-0.87937,-0.50196,-12.285,10.408,-1.7519,0,0,0,2.6956,2.7013,2.7049,2.7003,-8.2215,-12.203,-10.154,159.73,-34.692,12.428,18.003
11.71,-0.34211,-2.7148,1.509,-0.33742,-0.40551,0,0.84953,0.82305,3.2392,0.85891,0.32067,-0.82398,-0.48034,-12.359,10.284,-1.8528,0,0,0,2.6858,2.6914,2.6951,2.6905,-6.6166,-12.545,-10.025,161.22,-33.732,13.509,17.938
11.72,-0.3345,-2.6819,1.5175,-0.33511,-0.40968,0,0.84845,0.69915,3.3415,0.83988,0.32121,-0.76854,-0.45864,-12.417,10.157,-1.9523,0,0,0,2.6744,2.6799,2.6837,2.679,-4.9977,-12.878,-9.8843,162.52,-32.783,14.573,17.862
11.73,-0.32813,-2.648,1.5258,-0.33282,-0.41357,0,0.84746,0.57476,3.4424,0.81986,0.32141,-0.71295,-0.43685,-12.459,10.026,-2.0504,0,0,0,2.6613,2.6668,2.6706,2.6658,-3.3668,-13.201,-9.7333,163.62,-31.845,15.62,17.774
11.74,-0.323,-2.6131,1.5339,-0.33058,-0.41718,0,0.84657,0.45002,3.542,0.79888,0.32134,-0.65709,-0.41494,-12.485,9.8929,-2.1469,0,0,0,2.6464,2.6519,2.6558,2.6509,-1.726,-13.515,-9.572,164.51,-30.92,16.647,17.675
11.75,-0.31913,-2.5771,1.5418,-0.32837,-0.42051,0,0.84578,0.32512,3.6402,0.77693,0.32106,-0.60083,-0.39289,-12.494,9.7562,-2.2418,0,0,0,2.6298,2.6352,2.6392,2.6342,-0.077412,-13.82,-9.4004,165.18,-30.01,17.655,17.564
11.76,-0.3165,-2.5403,1.5495,-0.32621,-0.42355,0,0.8451,0.2002,3.7371,0.75405,0.32064,-0.54405,-0.3707,-12.486,9.6165,-2.3349,0,0,0,2.6114,2.6168,2.6209,2.6158,1.5769,-14.115,-9.2189,165.64,-29.114,18.642,17.442
11.77,-0.31512,-2.5024,1.5569,-0.32409,-0.42631,0,0.84452,0.07545,3.8325,0.73024,0.32015,-0.48658,-0.34834,-12.462,9.4739,-2.4262,0,0,0,2.5912,2.5966,2.6008,2.5956,3.2347,-14.402,-9.0277,165.87,-28.235,19.606,17.307
11.78,-0.31499,-2.4636,1.5641,-0.32202,-0.42879,0,0.84406,-0.048982,3.9266,0.70553,0.31967,-0.42827,-0.32578,-12.421,9.3285,-2.5154,0,0,0,2.5691,2.5746,2.5788,2.5736,4.8936,-14.68,-8.8269,165.88,-27.374,20.548,17.16
11.79,-0.3161,-2.4239,1.571,-0.32,-0.43098,0,0.84372,-0.17292,4.0191,0.67994,0.31926,-0.36892,-0.303,-12.364,9.1804,-2.6027,0,0,0,2.5453,2.5508,2.5551,2.5497,6.5515,-14.949,-8.6168,165.65,-26.531,21.465,17.001
11.8,-0.31845,-2.3832,1.5777,-0.31802,-0.43287,0,0.8435,-0.29621,4.1102,0.65348,0.31902,-0.30834,-0.27997,-12.29,9.0295,-2.6877,0,0,0,2.5195,2.5252,2.5295,2.524,8.2058,-15.211,-8.3977,165.18,-25.708,22.356,16.83
11.81,-0.32202,-2.3417,1.5841,-0.31609,-0.43446,0,0.8434,-0.41868,4.1997,0.62619,0.31902,-0.24631,-0.25665,-12.2,8.8762,-2.7706,0,0,0,2.492,2.4978,2.5022,2.4965,9.8543,-15.464,-8.1698,164.47,-24.907,23.221,16.647
11.82,-0.32682,-2.2992,1.5902,-0.31422,-0.43576,0,0.84344,-0.54016,4.2877,0.59808,0.31937,-0.18259,-0.23302,-12.093,8.7203,-2.8511,0,0,0,2.4626,2.4685,2.473,2.4672,11.494,-15.709,-7.9334,163.51,-24.128,24.058,16.452
11.83,-0.33282,-2.2559,1.596,-0.31238,-0.43673,0,0.84361,-0.66049,4.3741,0.56918,0.32015,-0.11692,-0.20904,-11.97,8.562,-2.9292,0,0,0,2.4313,2.4375,2.442,2.4361,13.124,-15.946,-7.6887,162.29,-23.372,24.866,16.245
11.84,-0.34002,-2.2118,1.6016,-0.3106,-0.43739,0,0.84393,-0.77951,4.4589,0.5395,0.32149,-0.049006,-0.18466,-11.831,8.4014,-3.0049,0,0,0,2.3983,2.4047,2.4092,2.4031,14.739,-16.176,-7.4361,160.81,-22.642,25.644,16.026
11.85,-0.34841,-2.1668,1.6068,-0.30886,-0.43772,0,0.8444,-0.89706,4.5421,0.50909,0.3235,0.021474,-0.15984,-11.676,8.2385,-3.0779,0,0,0,2.3634,2.3702,2.3747,2.3684,16.339,-16.399,-7.1759,159.07,-21.936,26.392,15.795
11.86,-0.35796,-2.1209,1.6117,-0.30717,-0.4377,0,0.84502,-1.013,4.6237,0.47795,0.32632,0.094875,-0.13454,-11.504,8.0734,-3.1484,0,0,0,2.3268,2.3339,2.3384,2.332,17.92,-16.615,-6.9084,157.08,-21.254,27.11,15.552
11.87,-0.36866,-2.0743,1.6164,-0.30552,-0.43732,0,0.84582,-1.1271,4.7036,0.44613,0.3301,0.1716,-0.10869,-11.317,7.9062,-3.2161,0,0,0,2.2884,2.2959,2.3005,2.2938,19.48,-16.824,-6.6338,154.84,-20.596,27.797,15.298
11.88,-0.38049,-2.0269,1.6207,-0.3039,-0.43657,0,0.84679,-1.2393,4.7818,0.41364,0.335,0.25209,-0.082243,-11.115,7.737,-3.281,0,0,0,2.2484,2.2564,2.2609,2.254,21.016,-17.027,-6.3526,152.37,-19.961,28.453,15.033
11.89,-0.39344,-1.9787,1.6246,-0.30232,-0.43543,0,0.84794,-1.3493,4.8583,0.38052,0.34121,0.33686,-0.055117,-10.897,7.5657,-3.3431,0,0,0,2.2066,2.2152,2.2197,2.2125,22.526,-17.224,-6.0649,149.66,-19.348,29.08,14.757
11.9,-0.40747,-1.9297,1.6283,-0.30077,-0.43388,0,0.84929,-1.4572,4.9331,0.34679,0.34894,0.42647,-0.027238,-10.664,7.3925,-3.4023,0,0,0,2.1633,2.1725,2.177,2.1695,24.008,-17.414,-5.7711,146.74,-18.756,29.676,14.47
11.91,-0.42257,-1.88,1.6316,-0.29923,-0.43188,0,0.85084,-1.5626,5.0061,0.31248,0.35843,0.52155,0.0014852,-10.417,7.2174,-3.4585,0,0,0,2.1184,2.1283,2.1328,2.125,25.46,-17.599,-5.4715,143.6,-18.185,30.241,14.174
11.92,-0.43872,-1.8296,1.6345,-0.29772,-0.42943,0,0.85262,-1.6654,5.0774,0.27763,0.36995,0.62281,0.031148,-10.155,7.0406,-3.5117,0,0,0,2.072,2.0827,2.0871,2.079,26.88,-17.778,-5.1664,140.25,-17.633,30.777,13.868
11.93,-0.45587,-1.7785,1.6371,-0.29621,-0.42647,0,0.85462,-1.7656,5.1469,0.24226,0.3838,0.73105,0.061857,-9.8794,6.8619,-3.5618,0,0,0,2.0242,2.0358,2.0402,2.0317,28.265,-17.952,-4.856,136.71,-17.101,31.282,13.553
11.94,-0.47402,-1.7267,1.6394,-0.2947,-0.42298,0,0.85688,-1.863,5.2147,0.2064,0.40036,0.84717,0.093732,-9.59,6.6815,-3.6088,0,0,0,1.975,1.9877,1.992,1.9831,29.613,-18.12,-4.5408,132.97,-16.586,31.757,13.23
11.95,-0.49312,-1.6742,1.6412,-0.29317,-0.41892,0,0.85939,-1.9574,5.2806,0.17009,0.42003,0.97217,0.1269,-9.2873,6.4995,-3.6526,0,0,0,1.9246,1.9385,1.9426,1.9333,30.923,-18.283,-4.221,129.05,-16.089,32.201,12.898
11.96,-0.51316,-1.6211,1.6428,-0.29162,-0.41424,0,0.86219,-2.0487,5.3446,0.13336,0.44329,1.1072,0.1615,-8.9717,6.3159,-3.6932,0,0,0,1.873,1.8883,1.8923,1.8824,32.194,-18.442,-3.8969,124.96,-15.609,32.616,12.56
11.97,-0.53409,-1.5673,1.6439,-0.29001,-0.40888,0,0.86528,-2.1368,5.4069,0.096239,0.47071,1.2534,0.19768,-8.6436,6.1307,-3.7305,0,0,0,1.8204,1.8372,1.841,1.8306,33.422,-18.596,-3.5688,120.69,-15.145,33.001,12.215
11.98,-0.55588,-1.5129,1.6447,-0.28834,-0.4028,0,0.86868,-2.2215,5.4673,0.058761,0.50293,1.4123,0.2356,-8.3034,5.944,-3.7646,0,0,0,1.7668,1.7854,1.7889,1.7779,34.607,-18.745,-3.237,116.27,-14.696,33.355,11.865
11.99,-0.5785,-1.458,1.6451,-0.28658,-0.39591,0,0.87242,-2.3028,5.5258,0.020959,0.54071,1.5854,0.27543,-7.9516,5.7558,-3.7953,0,0,0,1.7124,1.7331,1.7362,1.7246,35.747,-18.89,-2.9018,111.69,-14.262,33.68,11.511
12,-0.60192,-1.4024,1.6451,-0.28471,-0.38815,0,0.87652,-2.3805,5.5824,-0.017133,0.58491,1.7744,0.31735,-7.5886,5.5662,-3.8226,0,0,0,1.6574,1.6803,1.683,1.6708,36.84,-19.03,-2.5635,106.96,-13.841,33.975,11.152
12.01,-0.6261,-1.3463,1.6447,-0.28268,-0.37943,0,0.88098,-2.4545,5.6371,-0.055482,0.63653,1.9811,0.36152,-7.2149,5.3752,-3.8465,0,0,0,1.6018,1.6273,1.6296,1.6166,37.886,-19.166,-2.2224,102.1,-13.433,34.239,10.792
12.02,-0.651,-1.2897,1.644,-0.28046,-0.36964,0,0.88584,-2.5248,5.6899,-0.094052,0.69674,2.2074,0.40812,-6.8311,5.1829,-3.867,0,0,0,1.5459,1.5744,1.5759,1.5623,38.882,-19.299,-1.8788,97.11,-13.038,34.474,10.431
12.03,-0.67659,-1.2325,1.6429,-0.278,-0.35869,0,0.8911,-2.5911,5.7407,-0.13281,0.76683,2.4552,0.4573,-6.4375,4.9893,-3.8841,0,0,0,1.49,1.5217,1.5224,1.5081,39.827,-19.427,-1.533,91.995,-12.654,34.679,10.07
12.04,-0.70281,-1.1749,1.6413,-0.27524,-0.34645,0,0.89678,-2.6535,5.7896,-0.17172,0.84825,2.7267,0.50917,-6.0347,4.7944,-3.8977,0,0,0,1.4342,1.4695,1.4692,1.4542,40.721,-19.552,-1.1853,86.765,-12.281,34.854,9.7118
12.05,-0.72964,-1.1167,1.6394,-0.27213,-0.33279,0,0.90288,-2.7118,5.8366,-0.21075,0.9426,3.0234,0.56382,-5.6232,4.5982,-3.9078,0,0,0,1.3788,1.4181,1.4166,1.401,41.562,-19.673,-0.83603,81.427,-11.917,34.999,9.3574
12.06,-0.75703,-1.0581,1.6371,-0.26858,-0.31757,0,0.9094,-2.7659,5.8816,-0.24987,1.0516,3.3468,0.62122,-5.2036,4.4009,-3.9144,0,0,0,1.3242,1.3677,1.3648,1.3488,42.35,-19.79,-0.48544,75.99,-11.563,35.114,9.0091
12.07,-0.78495,-0.99911,1.6344,-0.26451,-0.30063,0,0.91633,-2.8158,5.9246,-0.28903,1.1768,3.6975,0.68124,-4.7764,4.2025,-3.9175,0,0,0,1.2708,1.3188,1.3141,1.2979,43.082,-19.904,-0.13384,70.461,-11.218,35.2,8.6693
12.08,-0.81334,-0.93965,1.6313,-0.25981,-0.28183,0,0.92362,-2.8614,5.9657,-0.32821,1.32,4.0753,0.74358,-4.3422,4.0029,-3.9171,0,0,0,1.219,1.2716,1.2648,1.2488,43.759,-20.015,0.21846,64.847,-10.88,35.257,8.3405
12.09,-0.84216,-0.8798,1.6279,-0.25437,-0.26101,0,0.93122,-2.9027,6.0047,-0.36736,1.4822,4.4778,0.80773,-3.9014,3.8022,-3.9131,0,0,0,1.1695,1.2265,1.2173,1.202,44.379,-20.122,0.57119,59.156,-10.549,35.284,8.0256
12.1,-0.87137,-0.81957,1.624,-0.24807,-0.23804,0,0.93904,-2.9394,6.0417,-0.40646,1.664,4.9008,0.87289,-3.4548,3.6004,-3.9057,0,0,0,1.1229,1.1838,1.172,1.1579,44.941,-20.226,0.92405,53.396,-10.224,35.283,7.7279
12.11,-0.90093,-0.75897,1.6197,-0.24078,-0.2128,0,0.94696,-2.9717,6.0767,-0.44546,1.8649,5.3367,0.93789,-3.0028,3.3977,-3.8947,0,0,0,1.08,1.1439,1.1292,1.1173,45.446,-20.326,1.2768,47.575,-9.9043,35.253,7.4506
12.12,-0.93079,-0.69804,1.6151,-0.23237,-0.18523,0,0.95483,-2.9995,6.1096,-0.48434,2.0827,5.7743,1.0012,-2.546,3.1939,-3.8801,0,0,0,1.0417,1.1071,1.0894,1.0805,45.893,-20.424,1.629,41.7,-9.5894,35.195,7.1977
12.13,-0.96091,-0.63679,1.61,-0.22271,-0.15536,0,0.96243,-3.0226,6.1406,-0.52305,2.3131,6.1981,1.0609,-2.0851,2.9892,-3.8621,0,0,0,1.0088,1.0736,1.053,1.0483,46.28,-20.518,1.9806,35.78,-9.2783,35.11,6.9728
12.14,-0.99123,-0.57524,1.6046,-0.21173,-0.12327,0,0.96952,-3.0412,6.1694,-0.56157,2.5495,6.5889,1.1148,-1.6206,2.7836,-3.8405,0,0,0,0.98236,1.0438,1.0207,1.0212,46.608,-20.609,2.3311,29.82,-8.9704,34.997,6.78
12.15,-1.0217,-0.51341,1.5988,-0.19936,-0.089211,0,0.97586,-3.055,6.1962,-0.59985,2.7824,6.9244,1.1603,-1.1532,2.577,-3.8155,0,0,0,0.96312,1.018,0.99301,0.99968,46.876,-20.697,2.6804,23.83,-8.6647,34.857,6.623
12.16,-1.0523,-0.45132,1.5926,-0.18563,-0.053528,0,0.98116,-3.0642,6.221,-0.63787,3.0003,7.1819,1.1951,-0.68331,2.3696,-3.7869,0,0,0,0.95165,0.99664,0.97073,0.98416,47.085,-20.783,3.0282,17.818,-8.3606,34.689,6.5053
12.17,-1.083,-0.38899,1.5861,-0.17061,-0.016708,0,0.9852,-3.0687,6.2436,-0.67558,3.1907,7.3408,1.2171,-0.21167,2.1614,-3.7549,0,0,0,0.94812,0.98021,0.95455,0.97485,47.233,-20.865,3.3741,11.789,-8.0572,34.496,6.4296
12.18,-1.1137,-0.32645,1.5791,-0.15446,0.020661,0,0.98778,-3.0685,6.2642,-0.71295,3.3419,7.3871,1.225,0.26114,1.9523,-3.7194,0,0,0,0.95235,0.96937,0.94517,0.97186,47.32,-20.944,3.718,5.7536,-7.7538,34.276,6.3979
12.19,-1.1443,-0.26372,1.5718,-0.13743,0.057933,0,0.98882,-3.0635,6.2827,-0.74995,3.4444,7.3152,1.2185,0.73453,1.7425,-3.6805,0,0,0,0.96373,0.96476,0.94312,0.97515,47.348,-21.02,4.0595,-0.28215,-7.4497,34.03,6.4113
12.2,-1.1749,-0.20081,1.5641,-0.1198,0.094459,0,0.98829,-3.0538,6.299,-0.78655,3.4933,7.1299,1.1982,1.2079,1.532,-3.6383,0,0,0,0.98146,0.96697,0.94869,0.98458,47.315,-21.093,4.3985,-6.3101,-7.144,33.758,6.4695
12.21,-1.2054,-0.13774,1.5561,-0.10188,0.12965,0,0.98631,-3.0393,6.3133,-0.82271,3.4882,6.8452,1.1656,1.6806,1.3207,-3.5926,0,0,0,1.0046,0.97636,0.96188,0.99993,47.222,-21.163,4.7346,-12.323,-6.836,33.461,6.5714
12.22,-1.2357,-0.074548,1.5477,-0.083984,0.16302,0,0.98304,-3.0202,6.3254,-0.85839,3.4336,6.4819,1.1232,2.1521,1.1087,-3.5436,0,0,0,1.0324,0.99302,0.98238,1.021,47.068,-21.229,5.0676,-18.312,-6.5249,33.139,6.7146
12.23,-1.2658,-0.011242,1.5389,-0.066382,0.19422,0,0.97871,-2.9963,6.3355,-0.89357,3.3372,6.0637,1.0735,2.6218,0.8961,-3.4912,0,0,0,1.0642,1.0167,1.0096,1.0473,46.856,-21.293,5.3973,-24.271,-6.21,32.792,6.8964
12.24,-1.2956,0.052154,1.5298,-0.049303,0.22303,0,0.97356,-2.9677,6.3434,-0.92821,3.2086,5.6139,1.0194,3.089,0.68286,-3.4356,0,0,0,1.0995,1.0469,1.0429,1.0787,46.583,-21.354,5.7234,-30.191,-5.8905,32.421,7.1132
12.25,-1.3251,0.11562,1.5203,-0.032917,0.24937,0,0.96785,-2.9345,6.3491,-0.96227,3.0578,5.153,0.96309,3.5533,0.46904,-3.3768,0,0,0,1.1379,1.0828,1.0814,1.1146,46.252,-21.411,6.0456,-36.065,-5.5656,32.025,7.3613
12.26,-1.3543,0.17913,1.5106,-0.017335,0.27324,0,0.96179,-2.8967,6.3527,-0.99573,2.8937,4.6973,0.90676,4.0139,0.25466,-3.3147,0,0,0,1.1791,1.1239,1.1244,1.1546,45.862,-21.465,6.3638,-41.885,-5.2345,31.606,7.6368
12.27,-1.383,0.24267,1.5004,-0.0026209,0.29474,0,0.95557,-2.8543,6.3542,-1.0286,2.7241,4.2585,0.85193,4.4703,0.039751,-3.2495,0,0,0,1.2231,1.1691,1.1711,1.1983,45.414,-21.516,6.6777,-47.644,-4.8965,31.163,7.936
12.28,-1.4114,0.30621,1.49,0.011206,0.31401,0,0.94935,-2.8073,6.3535,-1.0607,2.555,3.8442,0.79972,4.922,-0.17564,-3.1812,0,0,0,1.2694,1.2179,1.2209,1.2451,44.909,-21.563,6.987,-53.333,-4.5509,30.697,8.2555
12.29,-1.4392,0.36973,1.4792,0.024154,0.33121,0,0.94325,-2.7558,6.3507,-1.0922,2.3906,3.4587,0.75085,5.3683,-0.39149,-3.1098,0,0,0,1.3179,1.2694,1.2732,1.2946,44.348,-21.607,7.2916,-58.946,-4.1968,30.208,8.5918
12.3,-1.4665,0.43321,1.4681,0.036255,0.34651,0,0.93735,-2.6999,6.3457,-1.1229,2.2338,3.1038,0.70574,5.8088,-0.60776,-3.0354,0,0,0,1.3683,1.3232,1.3274,1.3463,43.731,-21.647,7.5911,-64.474,-3.8337,29.697,8.9421
12.31,-1.4932,0.49664,1.4568,0.047555,0.3601,0,0.9317,-2.6397,6.3385,-1.1529,2.0865,2.7794,0.66456,6.2428,-0.82442,-2.958,0,0,0,1.4203,1.3788,1.3832,1.3999,43.059,-21.683,7.8854,-69.911,-3.4609,29.162,9.3035
12.32,-1.5192,0.55998,1.4451,0.058107,0.37214,0,0.92635,-2.5751,6.3292,-1.182,1.9495,2.4843,0.62733,6.6698,-1.0414,-2.8777,0,0,0,1.4736,1.4356,1.4401,1.4548,42.333,-21.716,8.1743,-75.248,-3.0778,28.606,9.6737
12.33,-1.5446,0.62321,1.4331,0.067968,0.3828,0,0.92133,-2.5063,6.3177,-1.2104,1.823,2.2167,0.59392,7.0892,-1.2587,-2.7945,0,0,0,1.5281,1.4934,1.4978,1.5109,41.554,-21.745,8.4575,-80.478,-2.6839,28.028,10.05
12.34,-1.5693,0.68632,1.4209,0.077195,0.39221,0,0.91663,-2.4334,6.304,-1.2379,1.7071,1.9744,0.56416,7.5007,-1.4763,-2.7086,0,0,0,1.5834,1.5518,1.5561,1.5678,40.724,-21.77,8.7348,-85.593,-2.2784,27.427,10.432
12.35,-1.5933,0.74929,1.4084,0.085846,0.4005,0,0.91227,-2.3563,6.2882,-1.2646,1.6012,1.755,0.53782,7.9035,-1.6941,-2.6199,0,0,0,1.6392,1.6105,1.6147,1.6251,39.843,-21.79,9.0059,-90.587,-1.8608,26.805,10.816
12.36,-1.6165,0.81208,1.3956,0.093974,0.40779,0,0.90823,-2.2753,6.2702,-1.2903,1.5049,1.5562,0.51466,8.2974,-1.9121,-2.5285,0,0,0,1.6955,1.6693,1.6734,1.6827,38.912,-21.807,9.2708,-95.451,-1.4304,26.162,11.201
12.37,-1.6388,0.87468,1.3826,0.10163,0.41418,0,0.9045,-2.1904,6.25,-1.3151,1.4173,1.3759,0.49443,8.6816,-2.1302,-2.4345,0,0,0,1.7518,1.7281,1.7319,1.7404,37.934,-21.819,9.5291,-100.18,-0.98658,25.498,11.587
12.38,-1.6603,0.93707,1.3693,0.10886,0.41976,0,0.90108,-2.1017,6.2276,-1.339,1.338,1.212,0.47689,9.0559,-2.3485,-2.3379,0,0,0,1.8081,1.7865,1.7902,1.7979,36.909,-21.826,9.7807,-104.76,-0.52877,24.812,11.971
12.39,-1.6808,0.99923,1.3558,0.1157,0.42461,0,0.89795,-2.0093,6.203,-1.3619,1.2662,1.0626,0.4618,9.4197,-2.5667,-2.2389,0,0,0,1.8641,1.8444,1.848,1.855,35.839,-21.829,10.025,-109.19,-0.056325,24.106,12.353
12.4,-1.7004,1.0611,1.3421,0.1222,0.42879,0,0.8951,-1.9134,6.1762,-1.3838,1.2011,0.92617,0.44895,9.7725,-2.785,-2.1374,0,0,0,1.9198,1.9018,1.9052,1.9117,34.726,-21.827,10.263,-113.46,0.43139,23.38,12.731
12.41,-1.7191,1.1227,1.3281,0.12839,0.43237,0,0.89251,-1.8139,6.1473,-1.4046,1.1423,0.8011,0.43814,10.114,-3.0033,-2.0336,0,0,0,1.9749,1.9584,1.9617,1.9677,33.571,-21.821,10.493,-117.57,0.93499,22.633,13.105
12.42,-1.7367,1.1841,1.314,0.1343,0.4354,0,0.89016,-1.7111,6.1162,-1.4244,1.0891,0.6861,0.42919,10.444,-3.2214,-1.9276,0,0,0,2.0294,2.0142,2.0174,2.023,32.375,-21.809,10.715,-121.5,1.4551,21.867,13.473
12.43,-1.7533,1.2451,1.2996,0.13996,0.43792,0,0.88805,-1.6051,6.0829,-1.4432,1.041,0.58,0.42193,10.761,-3.4394,-1.8194,0,0,0,2.083,2.0691,2.0721,2.0774,31.141,-21.792,10.93,-125.24,1.9923,21.08,13.836
12.44,-1.7688,1.3057,1.2851,0.1454,0.43997,0,0.88616,-1.4959,6.0474,-1.4608,0.99751,0.48176,0.4162,11.067,-3.6572,-1.709,0,0,0,2.1357,2.1229,2.1258,2.1308,29.871,-21.769,11.137,-128.8,2.5473,20.274,14.192
12.45,-1.7832,1.366,1.2704,0.15064,0.44159,0,0.88448,-1.3838,6.0097,-1.4773,0.95818,0.39048,0.41188,11.359,-3.8748,-1.5967,0,0,0,2.1874,2.1756,2.1784,2.1831,28.566,-21.741,11.336,-132.16,3.1207,19.449,14.541
12.46,-1.7965,1.4259,1.2556,0.1557,0.44281,0,0.88299,-1.2688,5.9699,-1.4927,0.9226,0.30534,0.40883,11.638,-4.092,-1.4823,0,0,0,2.2381,2.227,2.2298,2.2343,27.228,-21.706,11.526,-135.32,3.7131,18.605,14.882
12.47,-1.8086,1.4854,1.2406,0.1606,0.44366,0,0.88169,-1.1511,5.9279,-1.507,0.89042,0.22565,0.40695,11.903,-4.3089,-1.3662,0,0,0,2.2875,2.2773,2.2799,2.2843,25.86,-21.666,11.708,-138.26,4.3251,17.742,15.215
12.48,-1.8195,1.5445,1.2254,0.16536,0.44416,0,0.88056,-1.0308,5.8837,-1.5201,0.86131,0.15077,0.40613,12.155,-4.5253,-1.2482,0,0,0,2.3357,2.3261,2.3288,2.3329,24.464,-21.62,11.881,-140.99,4.9573,16.86,15.539
12.49,-1.8292,1.6031,1.2102,0.17,0.44432,0,0.87959,-0.90803,5.8374,-1.5319,0.83496,0.080167,0.40628,12.392,-4.7413,-1.1286,0,0,0,2.3826,2.3736,2.3762,2.3802,23.041,-21.567,12.045,-143.48,5.6104,15.959,15.854
12.5,-1.8376,1.6612,1.1948,0.17452,0.44418,0,0.87878,-0.78298,5.7889,-1.5426,0.81111,0.013352,0.40732,12.616,-4.9566,-1.0074,0,0,0,2.4281,2.4197,2.4222,2.4261,21.595,-21.508,12.2,-145.75,6.2851,15.041,16.16
12.51,-1.8448,1.7188,1.1793,0.17894,0.44373,0,0.87811,-0.65577,5.7382,-1.5521,0.78952,-0.050099,0.40917,12.824,-5.1714,-0.88462,0,0,0,2.4722,2.4642,2.4667,2.4705,20.127,-21.441,12.345,-147.77,6.9813,14.105,16.456
12.52,-1.8507,1.7759,1.1638,0.18327,0.44301,0,0.87759,-0.52655,5.6855,-1.5603,0.76995,-0.11056,0.41176,13.018,-5.3854,-0.76048,0,0,0,2.5148,2.5073,2.5098,2.5135,18.64,-21.368,12.482,-149.56,7.6985,13.152,16.742
12.53,-1.8553,1.8325,1.1481,0.18752,0.44201,0,0.87719,-0.39546,5.6305,-1.5673,0.75221,-0.16838,0.41503,13.197,-5.5987,-0.63502,0,0,0,2.556,2.5488,2.5513,2.5549,17.137,-21.287,12.608,-151.12,8.4359,12.182,17.018
12.54,-1.8586,1.8886,1.1324,0.1917,0.44076,0,0.87692,-0.26266,5.5735,-1.573,0.73612,-0.22384,0.41892,13.361,-5.8112,-0.50834,0,0,0,2.5956,2.5888,2.5912,2.5948,15.619,-21.199,12.725,-152.45,9.1927,11.198,17.284
12.55,-1.8606,1.944,1.1167,0.19582,0.43925,0,0.87676,-0.12829,5.5143,-1.5775,0.72151,-0.27723,0.42339,13.509,-6.0227,-0.38054,0,0,0,2.6337,2.6272,2.6296,2.6331,14.088,-21.103,12.832,-153.57,9.9683,10.199,17.539
12.56,-1.8612,1.9988,1.1009,0.19989,0.4375,0,0.87672,0.0074771,5.453,-1.5806,0.70823,-0.32877,0.42838,13.642,-6.2332,-0.25173,0,0,0,2.6702,2.6639,2.6664,2.6698,12.548,-21,12.929,-154.46,10.762,9.1862,17.784
12.57,-1.8604,2.053,1.0851,0.20391,0.43551,0,0.87678,0.1445,5.3896,-1.5825,0.69615,-0.37868,0.43386,13.76,-6.4426,-0.12199,0,0,0,2.7051,2.6991,2.7015,2.7049,11,-20.888,13.016,-155.14,11.573,8.1606,18.018
12.58,-1.8583,2.1066,1.0692,0.20789,0.4333,0,0.87695,0.28263,5.3242,-1.5831,0.68514,-0.42716,0.43978,13.862,-6.6509,0.0085573,0,0,0,2.7385,2.7327,2.7351,2.7384,9.446,-20.768,13.092,-155.61,12.4,7.1231,18.241
12.59,-1.8548,2.1595,1.0534,0.21183,0.43085,0,0.87721,0.4217,5.2566,-1.5823,0.67508,-0.47438,0.44613,13.949,-6.858,0.13982,0,0,0,2.7702,2.7646,2.7671,2.7704,7.8884,-20.64,13.158,-155.87,13.243,6.0743,18.454
12.6,-1.8499,2.2117,1.0376,0.21573,0.42819,0,0.87756,0.56156,5.187,-1.5803,0.66587,-0.52049,0.45285,14.02,-7.0637,0.27169,0,0,0,2.8004,2.7949,2.7974,2.8007,6.3292,-20.503,13.214,-155.94,14.102,5.0152,18.656
12.61,-1.8435,2.2633,1.0218,0.21961,0.42531,0,0.878,0.70205,5.1154,-1.5769,0.6574,-0.56564,0.45993,14.076,-7.268,0.40406,0,0,0,2.829,2.8237,2.8261,2.8294,4.7703,-20.358,13.259,-155.8,14.974,3.9465,18.847
12.62,-1.8358,2.314,1.0061,0.22346,0.42221,0,0.87852,0.84302,5.0417,-1.5722,0.6496,-0.60994,0.46734,14.116,-7.4708,0.53683,0,0,0,2.856,2.8508,2.8533,2.8565,3.2137,-20.204,13.293,-155.48,15.86,2.8691,19.028
12.63,-1.8267,2.3641,0.99036,0.22729,0.41891,0,0.87912,0.98431,4.966,-1.5661,0.64237,-0.6535,0.47505,14.14,-7.6721,0.66988,0,0,0,2.8815,2.8763,2.8789,2.882,1.6614,-20.041,13.316,-154.96,16.759,1.7838,19.198
12.64,-1.8161,2.4134,0.97473,0.2311,0.41539,0,0.8798,1.1258,4.8882,-1.5588,0.63563,-0.69643,0.48304,14.149,-7.8716,0.80311,0,0,0,2.9054,2.9003,2.9029,2.906,0.11508,-19.868,13.328,-154.26,17.67,0.69139,19.358
12.65,-1.8042,2.4618,0.95919,0.23489,0.41166,0,0.88054,1.2672,4.8085,-1.5501,0.6293,-0.73881,0.49129,14.142,-8.0694,0.93641,0,0,0,2.9278,2.9227,2.9254,2.9285,-1.4233,-19.687,13.33,-153.38,18.592,-0.40729,19.507
12.66,-1.7908,2.5095,0.94374,0.23866,0.40773,0,0.88136,1.4086,4.7269,-1.54,0.62332,-0.78071,0.49977,14.12,-8.2653,1.0697,0,0,0,2.9487,2.9437,2.9463,2.9494,-2.952,-19.497,13.32,-152.33,19.525,-1.5114,19.647
12.67,-1.776,2.5564,0.92839,0.24242,0.40359,0,0.88224,1.5496,4.6432,-1.5287,0.61762,-0.82221,0.50846,14.083,-8.4593,1.2028,0,0,0,2.9681,2.9631,2.9658,2.9688,-4.4693,-19.297,13.3,-151.1,20.468,-2.6202,19.776
12.68,-1.7598,2.6024,0.91317,0.24616,0.39924,0,0.88318,1.6902,4.5577,-1.516,0.61212,-0.86335,0.51735,14.031,-8.6512,1.3356,0,0,0,2.9861,2.9811,2.9838,2.9868,-5.9735,-19.087,13.268,-149.7,21.42,-3.7327,19.896
12.69,-1.7422,2.6475,0.89808,0.24989,0.39469,0,0.88418,1.8302,4.4702,-1.502,0.60678,-0.9042,0.52641,13.964,-8.841,1.4681,0,0,0,3.0026,2.9977,3.0004,3.0034,-7.4629,-18.868,13.225,-148.14,22.38,-4.8483,20.007
12.7,-1.7232,2.6918,0.88313,0.25361,0.38993,0,0.88523,1.9694,4.3809,-1.4866,0.60152,-0.94478,0.53563,13.882,-9.0285,1.6001,0,0,0,3.0178,3.0128,3.0157,3.0186,-8.9359,-18.64,13.171,-146.43,23.348,-5.966,20.108
12.71,-1.7028,2.7351,0.86835,0.25731,0.38497,0,0.88634,2.1078,4.2896,-1.47,0.5963,-0.98513,0.54498,13.785,-9.2138,1.7315,0,0,0,3.0316,3.0266,3.0295,3.0324,-10.391,-18.401,13.106,-144.55,24.323,-7.085,20.2
12.72,-1.681,2.7776,0.85374,0.26099,0.3798,0,0.88749,2.2451,4.1966,-1.452,0.59105,-1.0253,0.55445,13.674,-9.3965,1.8622,0,0,0,3.0442,3.0392,3.0421,3.0449,-11.826,-18.153,13.029,-142.52,25.304,-8.2046,20.284
12.73,-1.6579,2.8191,0.83931,0.26466,0.37442,0,0.88869,2.3812,4.1017,-1.4327,0.58572,-1.0652,0.56402,13.549,-9.5768,1.992,0,0,0,3.0554,3.0504,3.0534,3.0562,-13.241,-17.895,12.942,-140.35,26.29,-9.3238,20.359
12.74,-1.6334,2.8596,0.82509,0.26831,0.36884,0,0.88993,2.516,4.0051,-1.4122,0.58026,-1.105,0.57365,13.409,-9.7544,2.121,0,0,0,3.0655,3.0604,3.0635,3.0662,-14.633,-17.627,12.843,-138.04,27.282,-10.442,20.426
12.75,-1.6076,2.8992,0.81107,0.27194,0.36305,0,0.8912,2.6493,3.9066,-1.3903,0.57462,-1.1446,0.58335,13.256,-9.9293,2.2488,0,0,0,3.0744,3.0693,3.0725,3.0751,-16.001,-17.349,12.733,-135.58,28.277,-11.558,20.485
12.76,-1.5804,2.9377,0.79728,0.27554,0.35705,0,0.89252,2.7811,3.8065,-1.3672,0.56875,-1.184,0.59308,13.089,-10.101,2.3756,0,0,0,3.0822,3.0771,3.0803,3.0828,-17.344,-17.062,12.612,-132.99,29.275,-12.672,20.537
12.77,-1.552,2.9753,0.78373,0.27913,0.35085,0,0.89386,2.9111,3.7046,-1.3428,0.5626,-1.2233,0.60282,12.909,-10.271,2.501,0,0,0,3.0889,3.0837,3.087,3.0895,-18.66,-16.764,12.479,-130.27,30.276,-13.781,20.582
12.78,-1.5222,3.0118,0.77043,0.28269,0.34444,0,0.89524,3.0392,3.6011,-1.3172,0.55612,-1.2623,0.61255,12.716,-10.437,2.6251,0,0,0,3.0946,3.0894,3.0927,3.0951,-19.949,-16.456,12.336,-127.42,31.278,-14.887,20.62
12.79,-1.4912,3.0473,0.75739,0.28622,0.33782,0,0.89664,3.1654,3.4959,-1.2903,0.54927,-1.301,0.62225,12.511,-10.6,2.7477,0,0,0,3.0994,3.0941,3.0975,3.0998,-21.209,-16.138,12.182,-124.46,32.282,-15.987,20.651
12.8,-1.4589,3.0817,0.74463,0.28971,0.33099,0,0.89806,3.2894,3.3891,-1.2622,0.54201,-1.3395,0.6319,12.292,-10.759,2.8687,0,0,0,3.1032,3.0979,3.1014,3.1035,-22.438,-15.811,12.016,-121.37,33.285,-17.081,20.677
12.81,-1.4254,3.1151,0.73215,0.29317,0.32396,0,0.8995,3.4112,3.2807,-1.2329,0.53428,-1.3777,0.64146,12.062,-10.916,2.988,0,0,0,3.1062,3.1008,3.1044,3.1064,-23.636,-15.473,11.84,-118.17,34.289,-18.168,20.697
12.82,-1.3907,3.1473,0.71998,0.2966,0.31672,0,0.90096,3.5306,3.1708,-1.2025,0.52607,-1.4155,0.65093,11.82,-11.069,3.1055,0,0,0,3.1084,3.103,3.1066,3.1085,-24.801,-15.125,11.653,-114.86,35.291,-19.248,20.711
12.83,-1.3548,3.1785,0.70811,0.29997,0.30927,0,0.90242,3.6475,3.0594,-1.1708,0.51732,-1.4529,0.66026,11.566,-11.218,3.221,0,0,0,3.1099,3.1044,3.1081,3.1099,-25.932,-14.767,11.455,-111.44,36.291,-20.319,20.721
12.84,-1.3178,3.2085,0.69656,0.3033,0.30163,0,0.9039,3.7619,2.9465,-1.1381,0.508,-1.4899,0.66945,11.301,-11.364,3.3346,0,0,0,3.1107,3.1051,3.1089,3.1106,-27.029,-14.399,11.247,-107.93,37.288,-21.381,20.726
12.85,-1.2796,3.2374,0.68535,0.30658,0.29378,0,0.90537,3.8735,2.8321,-1.1042,0.49809,-1.5262,0.67845,11.026,-11.506,3.4459,0,0,0,3.1109,3.1053,3.1091,3.1106,-28.091,-14.021,11.027,-104.31,38.282,-22.432,20.726
12.86,-1.2403,3.2651,0.67448,0.30981,0.28573,0,0.90685,3.9824,2.7163,-1.0691,0.48754,-1.562,0.68724,10.739,-11.644,3.5551,0,0,0,3.1105,3.1048,3.1087,3.1101,-29.115,-13.633,10.798,-100.6,39.272,-23.473,20.724
12.87,-1.2,3.2917,0.66397,0.31297,0.27748,0,0.90833,4.0883,2.5992,-1.0331,0.47634,-1.5971,0.69581,10.443,-11.779,3.6619,0,0,0,3.1096,3.1039,3.1078,3.109,-30.102,-13.236,10.558,-96.807,40.256,-24.501,20.717
12.88,-1.1586,3.3171,0.65383,0.31606,0.26904,0,0.90979,4.1912,2.4808,-0.99592,0.46446,-1.6314,0.70411,10.138,-11.909,3.7662,0,0,0,3.1082,3.1025,3.1065,3.1075,-31.051,-12.828,10.308,-92.926,41.236,-25.518,20.708
12.89,-1.1161,3.3413,0.64406,0.31909,0.26042,0,0.91125,4.291,2.3611,-0.95774,0.45188,-1.6649,0.71213,9.8225,-12.035,3.868,0,0,0,3.1065,3.1007,3.1048,3.1056,-31.961,-12.411,10.048,-88.965,42.208,-26.52,20.696
12.9,-1.0727,3.3643,0.63467,0.32203,0.2516,0,0.91268,4.3876,2.2401,-0.91857,0.4386,-1.6974,0.71984,9.4985,-12.157,3.9671,0,0,0,3.1044,3.0986,3.1027,3.1033,-32.83,-11.984,9.7776,-84.927,43.174,-27.509,20.682
12.91,-1.0284,3.3861,0.62569,0.3249,0.24261,0,0.9141,4.4809,2.1179,-0.87841,0.42459,-1.7289,0.7272,9.166,-12.275,4.0635,0,0,0,3.102,3.0963,3.1004,3.1008,-33.659,-11.548,9.4976,-80.818,44.131,-28.483,20.666
12.92,-0.98314,3.4067,0.61711,0.32768,0.23344,0,0.9155,4.5709,1.9946,-0.83731,0.40986,-1.7593,0.7342,8.8254,-12.388,4.157,0,0,0,3.0994,3.0936,3.0978,3.098,-34.446,-11.101,9.208,-76.642,45.08,-29.442,20.648
12.93,-0.937,3.426,0.60894,0.33036,0.2241,0,0.91686,4.6574,1.8702,-0.79528,0.39439,-1.7885,0.74081,8.4772,-12.497,4.2476,0,0,0,3.0966,3.0909,3.095,3.095,-35.192,-10.646,8.9088,-72.403,46.019,-30.384,20.629
12.94,-0.89001,3.4441,0.60121,0.33295,0.21459,0,0.9182,4.7404,1.7447,-0.75236,0.37821,-1.8163,0.747,8.1217,-12.601,4.3352,0,0,0,3.0936,3.0879,3.0921,3.0918,-35.894,-10.181,8.6004,-68.105,46.948,-31.31,20.609
12.95,-0.8422,3.4609,0.5939,0.33544,0.20494,0,0.9195,4.8198,1.6182,-0.70859,0.36131,-1.8427,0.75275,7.7595,-12.701,4.4196,0,0,0,3.0906,3.0849,3.0892,3.0886,-36.553,-9.7071,8.2827,-63.753,47.865,-32.218,20.589
12.96,-0.79362,3.4765,0.58704,0.33781,0.19513,0,0.92076,4.8956,1.4907,-0.66398,0.34371,-1.8676,0.75804,7.3908,-12.795,4.5008,0,0,0,3.0875,3.0819,3.0861,3.0853,-37.169,-9.2239,7.956,-59.352,48.771,-33.109,20.568
12.97,-0.7443,3.4907,0.58062,0.34008,0.18518,0,0.92198,4.9676,1.3623,-0.61858,0.32543,-1.891,0.76285,7.0162,-12.885,4.5787,0,0,0,3.0844,3.0788,3.0831,3.082,-37.74,-8.7317,7.6206,-54.905,49.663,-33.98,20.547
12.98,-0.69428,3.5037,0.57467,0.34223,0.1751,0,0.92316,5.0359,1.233,-0.57242,0.3065,-1.9126,0.76716,6.6362,-12.97,4.6532,0,0,0,3.0813,3.0758,3.0801,3.0787,-38.267,-8.2307,7.2765,-50.417,50.543,-34.832,20.527
12.99,-0.6436,3.5154,0.56918,0.34425,0.1649,0,0.92428,5.1003,1.1029,-0.52553,0.28694,-1.9325,0.77095,6.2511,-13.05,4.7242,0,0,0,3.0783,3.0729,3.0771,3.0755,-38.749,-7.7209,6.924,-45.893,51.407,-35.664,20.506
13,-0.59229,3.5258,0.56416,0.34615,0.15459,0,0.92536,5.1609,0.97202,-0.47795,0.26679,-1.9505,0.77421,5.8613,-13.124,4.7916,0,0,0,3.0754,3.0701,3.0742,3.0724,-39.185,-7.2026,6.5633,-41.336,52.257,-36.475,20.487
13.01,-0.54039,3.5348,0.55962,0.34791,0.14418,0,0.92637,5.2175,0.84043,-0.42971,0.24609,-1.9667,0.77692,5.4675,-13.194,4.8554,0,0,0,3.0725,3.0674,3.0715,3.0694,-39.575,-6.6758,6.1946,-36.752,53.091,-37.265,20.468
13.02,-0.48795,3.5426,0.55557,0.34955,0.13367,0,0.92733,5.2702,0.70817,-0.38085,0.22488,-1.9809,0.77908,5.07,-13.258,4.9155,0,0,0,3.0699,3.0648,3.0689,3.0666,-39.92,-6.1408,5.8181,-32.144,53.908,-38.032,20.45
13.03,-0.435,3.549,0.55201,0.35104,0.12309,0,0.92824,5.3189,0.57529,-0.33141,0.20321,-1.993,0.78067,4.6693,-13.316,4.9718,0,0,0,3.0673,3.0624,3.0665,3.0639,-40.218,-5.5977,5.434,-27.518,54.708,-38.777,20.434
13.04,-0.38158,3.5541,0.54894,0.35239,0.11244,0,0.92907,5.3636,0.44186,-0.28143,0.18113,-2.0031,0.7817,4.2658,-13.37,5.0242,0,0,0,3.065,3.0602,3.0642,3.0614,-40.47,-5.0467,5.0426,-22.877,55.489,-39.498,20.418
13.05,-0.32774,3.5578,0.54638,0.3536,0.10173,0,0.92985,5.4042,0.30792,-0.23094,0.1587,-2.0111,0.78216,3.86,-13.417,5.0726,0,0,0,3.0628,3.0583,3.0622,3.0591,-40.675,-4.488,4.6441,-18.225,56.251,-40.195,20.404
13.06,-0.27351,3.5602,0.54432,0.35466,0.090974,0,0.93056,5.4408,0.17353,-0.17999,0.13596,-2.017,0.78204,3.4524,-13.459,5.117,0,0,0,3.0609,3.0565,3.0603,3.0569,-40.834,-3.9217,4.2388,-13.568,56.994,-40.867,20.391
13.07,-0.21894,3.5613,0.54278,0.35558,0.080188,0,0.9312,5.4733,0.038748,-0.12862,0.11297,-2.0208,0.78137,3.0435,-13.496,5.1574,0,0,0,3.0591,3.0549,3.0586,3.055,-40.947,-3.3482,3.8269,-8.9098,57.716,-41.514,20.379
13.08,-0.16406,3.561,0.54175,0.35634,0.069382,0,0.93178,5.5017,-0.096367,-0.076858,0.089797,-2.0224,0.78013,2.6337,-13.526,5.1935,0,0,0,3.0575,3.0535,3.0571,3.0533,-41.013,-2.7675,3.4086,-4.2543,58.416,-42.134,20.369
13.09,-0.10892,3.5594,0.54124,0.35695,0.058567,0,0.93228,5.526,-0.23176,-0.024759,0.066492,-2.022,0.77835,2.2234,-13.551,5.2255,0,0,0,3.0561,3.0523,3.0558,3.0518,-41.032,-2.1799,2.9843,0.39384,59.094,-42.727,20.36
13.1,-0.053555,3.5564,0.54126,0.35742,0.047757,0,0.93272,5.5461,-0.36737,0.027638,0.043111,-2.0194,0.77602,1.8132,-13.57,5.2532,0,0,0,3.0549,3.0513,3.0547,3.0505,-41.005,-1.5857,2.5542,5.0302,59.749,-43.293,20.353
13.11,0.0019902,3.552,0.5418,0.35773,0.036962,0,0.93309,5.5622,-0.50314,0.080291,0.019712,-2.0147,0.77318,1.4035,-13.583,5.2766,0,0,0,3.0539,3.0505,3.0538,3.0494,-40.931,-0.98503,2.1185,9.6504,60.38,-43.831,20.346
13.12,0.057676,3.5463,0.54286,0.35789,0.026196,0,0.9334,5.5742,-0.639,0.13315,-0.0036531,-2.008,0.76983,0.9947,-13.59,5.2956,0,0,0,3.053,3.0498,3.053,3.0485,-40.812,-0.37818,1.6776,14.25,60.987,-44.339,20.341
13.13,0.11346,3.5392,0.54446,0.35789,0.015468,0,0.93363,5.5821,-0.77491,0.18619,-0.026932,-1.9994,0.766,0.58737,-13.59,5.3101,0,0,0,3.0523,3.0493,3.0524,3.0477,-40.646,0.23461,1.2318,18.825,61.568,-44.818,20.336
13.14,0.1693,3.5308,0.54659,0.35775,0.0047908,0,0.9338,5.586,-0.91079,0.23934,-0.050077,-1.9888,0.7617,0.18192,-13.585,5.3202,0,0,0,3.0517,3.0489,3.0519,3.047,-40.435,0.85309,0.78138,23.37,62.123,-45.267,20.332
13.15,0.22517,3.521,0.54925,0.35746,-0.0058253,0,0.93391,5.5858,-1.0466,0.29258,-0.073044,-1.9764,0.75696,-0.22119,-13.573,5.3257,0,0,0,3.0511,3.0486,3.0514,3.0464,-40.179,1.477,0.32659,27.882,62.651,-45.685,20.329
13.16,0.28101,3.5099,0.55244,0.35703,-0.01637,0,0.93395,5.5816,-1.1822,0.34584,-0.095791,-1.9623,0.75181,-0.62151,-13.555,5.3267,0,0,0,3.0506,3.0483,3.051,3.0458,-39.878,2.106,-0.13222,32.355,63.151,-46.071,20.326
13.17,0.33678,3.4974,0.55617,0.35645,-0.026833,0,0.93393,5.5734,-1.3177,0.39909,-0.11828,-1.9464,0.74627,-1.0186,-13.531,5.3231,0,0,0,3.0501,3.048,3.0506,3.0453,-39.532,2.7399,-0.59473,36.786,63.622,-46.425,20.323
13.18,0.39246,3.4835,0.56042,0.35572,-0.037205,0,0.93385,5.5612,-1.4528,0.45229,-0.14049,-1.929,0.74038,-1.412,-13.501,5.3148,0,0,0,3.0496,3.0477,3.0501,3.0448,-39.142,3.3784,-1.0606,41.17,64.065,-46.746,20.32
13.19,0.448,3.4683,0.56521,0.35486,-0.047477,0,0.93371,5.5451,-1.5877,0.50537,-0.16238,-1.91,0.73416,-1.8013,-13.464,5.3018,0,0,0,3.049,3.0473,3.0496,3.0442,-38.709,4.0211,-1.5295,45.503,64.477,-47.034,20.317
13.2,0.50335,3.4518,0.57053,0.35386,-0.057642,0,0.93352,5.5252,-1.7221,0.55831,-0.18394,-1.8897,0.72765,-2.186,-13.42,5.2842,0,0,0,3.0483,3.0468,3.049,3.0435,-38.233,4.6678,-2.0012,49.78,64.858,-47.287,20.313
13.21,0.55849,3.4339,0.57638,0.35272,-0.06769,0,0.93328,5.5014,-1.856,0.61104,-0.20515,-1.868,0.72088,-2.5658,-13.37,5.2618,0,0,0,3.0475,3.0462,3.0483,3.0427,-37.714,5.3181,-2.4752,53.998,65.207,-47.504,20.308
13.22,0.61337,3.4146,0.58275,0.35146,-0.077616,0,0.93298,5.4739,-1.9895,0.66353,-0.226,-1.8451,0.71387,-2.9402,-13.314,5.2347,0,0,0,3.0464,3.0453,3.0473,3.0417,-37.153,5.9718,-2.9511,58.15,65.524,-47.687,20.301
13.23,0.66795,3.3941,0.58965,0.35006,-0.087412,0,0.93264,5.4426,-2.1223,0.71572,-0.24649,-1.8212,0.70667,-3.3087,-13.251,5.2028,0,0,0,3.0452,3.0442,3.0461,3.0404,-36.551,6.6285,-3.4288,62.234,65.808,-47.833,20.293
13.24,0.72221,3.3722,0.59706,0.34854,-0.097072,0,0.93225,5.4077,-2.2545,0.76757,-0.26661,-1.7962,0.6993,-3.6711,-13.181,5.1661,0,0,0,3.0436,3.0428,3.0446,3.0389,-35.908,7.2879,-3.9077,66.244,66.057,-47.942,20.283
13.25,0.77609,3.349,0.605,0.3469,-0.10659,0,0.93183,5.3692,-2.3859,0.81903,-0.28637,-1.7703,0.69181,-4.0268,-13.105,5.1246,0,0,0,3.0416,3.041,3.0427,3.037,-35.226,7.9495,-4.3875,70.177,66.272,-48.013,20.271
13.26,0.82958,3.3245,0.61344,0.34514,-0.11597,0,0.93136,5.3272,-2.5165,0.87005,-0.30578,-1.7436,0.68422,-4.3755,-13.022,5.0784,0,0,0,3.0393,3.0388,3.0404,3.0347,-34.505,8.6132,-4.8678,74.028,66.451,-48.046,20.255
13.27,0.88263,3.2987,0.6224,0.34326,-0.12519,0,0.93086,5.2818,-2.6463,0.92058,-0.32487,-1.7162,0.67657,-4.7167,-12.933,5.0273,0,0,0,3.0365,3.0362,3.0377,3.032,-33.746,9.2784,-5.3483,77.793,66.593,-48.039,20.237
13.28,0.9352,3.2716,0.63185,0.34127,-0.13426,0,0.93033,5.2329,-2.7752,0.97057,-0.34365,-1.6882,0.66889,-5.0502,-12.837,4.9714,0,0,0,3.0332,3.033,3.0345,3.0287,-32.95,9.9449,-5.8285,81.467,66.698,-47.993,20.216
13.29,0.98727,3.2432,0.6418,0.33917,-0.14318,0,0.92977,5.1808,-2.903,1.02,-0.36214,-1.6597,0.66121,-5.3756,-12.734,4.9107,0,0,0,3.0294,3.0292,3.0306,3.0249,-32.117,10.612,-6.308,85.047,66.766,-47.907,20.19
13.3,1.0388,3.2135,0.65225,0.33695,-0.15194,0,0.92918,5.1254,-3.0298,1.0688,-0.38038,-1.6308,0.65357,-5.6925,-12.624,4.8452,0,0,0,3.0249,3.0248,3.0262,3.0205,-31.249,11.28,-6.7865,88.527,66.794,-47.781,20.161
13.31,1.0898,3.1826,0.66318,0.33464,-0.16053,0,0.92857,5.067,-3.1555,1.1169,-0.3984,-1.6014,0.64601,-6.0005,-12.508,4.775,0,0,0,3.0197,3.0198,3.0211,3.0154,-30.347,11.948,-7.2635,91.905,66.782,-47.613,20.127
13.32,1.1401,3.1504,0.67458,0.33222,-0.16897,0,0.92794,5.0054,-3.28,1.1643,-0.41625,-1.5718,0.63854,-6.2993,-12.385,4.7,0,0,0,3.0138,3.014,3.0153,3.0096,-29.411,12.616,-7.7386,95.176,66.731,-47.403,20.088
13.33,1.1899,3.117,0.68646,0.3297,-0.17724,0,0.9273,4.941,-3.4032,1.2109,-0.43396,-1.542,0.63121,-6.5886,-12.256,4.6202,0,0,0,3.0072,3.0074,3.0087,3.003,-28.444,13.283,-8.2114,98.335,66.637,-47.15,20.044
13.34,1.2389,3.0823,0.6988,0.32708,-0.18535,0,0.92664,4.8737,-3.5251,1.2566,-0.45159,-1.5121,0.62405,-6.8681,-12.12,4.5357,0,0,0,2.9997,2.9999,3.0012,2.9956,-27.445,13.948,-8.6814,101.38,66.502,-46.854,19.994
13.35,1.2873,3.0465,0.71159,0.32436,-0.19329,0,0.92598,4.8037,-3.6455,1.3016,-0.46919,-1.482,0.61708,-7.1374,-11.977,4.4466,0,0,0,2.9913,2.9916,2.9929,2.9873,-26.416,14.612,-9.1483,104.3,66.324,-46.515,19.938
13.36,1.335,3.0094,0.72483,0.32154,-0.20107,0,0.9253,4.731,-3.7646,1.3456,-0.4868,-1.452,0.61034,-7.3963,-11.827,4.3528,0,0,0,2.982,2.9823,2.9836,2.978,-25.359,15.275,-9.6116,107.1,66.103,-46.131,19.877
13.37,1.3819,2.9712,0.7385,0.31863,-0.20869,0,0.92462,4.6558,-3.8821,1.3886,-0.5045,-1.4219,0.60386,-7.6445,-11.671,4.2544,0,0,0,2.9717,2.9721,2.9734,2.9678,-24.275,15.934,-10.071,109.78,65.837,-45.702,19.808
13.38,1.4281,2.9318,0.7526,0.31561,-0.21615,0,0.92394,4.5781,-3.998,1.4306,-0.52235,-1.3919,0.59768,-7.8817,-11.509,4.1514,0,0,0,2.9604,2.9608,2.9622,2.9566,-23.164,16.591,-10.525,112.32,65.526,-45.228,19.733
13.39,1.4735,2.8912,0.76711,0.31251,-0.22344,0,0.92326,4.4982,-4.1122,1.4716,-0.54041,-1.3621,0.59182,-8.1077,-11.34,4.0439,0,0,0,2.948,2.9484,2.9499,2.9443,-22.029,17.245,-10.975,114.72,65.168,-44.707,19.651
13.4,1.5181,2.8496,0.78202,0.3093,-0.23057,0,0.92259,4.416,-4.2247,1.5115,-0.55876,-1.3323,0.58631,-8.3222,-11.164,3.9319,0,0,0,2.9345,2.9349,2.9364,2.9308,-20.87,17.894,-11.419,116.98,64.764,-44.14,19.561
13.41,1.5618,2.8068,0.79733,0.306,-0.23755,0,0.92192,4.3318,-4.3355,1.5502,-0.57748,-1.3028,0.5812,-8.525,-10.982,3.8155,0,0,0,2.9199,2.9202,2.9219,2.9163,-19.69,18.54,-11.858,119.1,64.313,-43.526,19.464
13.42,1.6047,2.7629,0.81303,0.3026,-0.24436,0,0.92126,4.2456,-4.4444,1.5878,-0.59664,-1.2734,0.57651,-8.7159,-10.793,3.6948,0,0,0,2.9041,2.9043,2.9061,2.9005,-18.489,19.18,-12.29,121.07,63.813,-42.864,19.358
13.43,1.6467,2.7179,0.82909,0.29909,-0.25102,0,0.92061,4.1575,-4.5513,1.6241,-0.61635,-1.2442,0.57228,-8.8947,-10.598,3.5697,0,0,0,2.887,2.8872,2.8891,2.8835,-17.269,19.816,-12.715,122.89,63.264,-42.153,19.245
13.44,1.6878,2.6718,0.8455,0.29549,-0.25753,0,0.91998,4.0677,-4.6563,1.6592,-0.63668,-1.2153,0.56855,-9.0612,-10.397,3.4405,0,0,0,2.8687,2.8689,2.8709,2.8652,-16.031,20.446,-13.133,124.54,62.665,-41.393,19.123
13.45,1.7281,2.6248,0.86226,0.29177,-0.26388,0,0.91937,3.9763,-4.7592,1.6929,-0.65774,-1.1866,0.56536,-9.2153,-10.189,3.3071,0,0,0,2.8491,2.8492,2.8514,2.8457,-14.778,21.069,-13.543,126.04,62.015,-40.584,18.992
13.46,1.7674,2.5767,0.87936,0.28795,-0.27009,0,0.91877,3.8834,-4.8601,1.7253,-0.67963,-1.1581,0.56273,-9.3568,-9.9755,3.1697,0,0,0,2.8282,2.8282,2.8306,2.8248,-13.511,21.686,-13.944,127.37,61.313,-39.724,18.853
13.47,1.8057,2.5276,0.89677,0.28401,-0.27614,0,0.9182,3.7892,-4.9587,1.7563,-0.70247,-1.1298,0.56073,-9.4855,-9.7555,3.0283,0,0,0,2.806,2.8059,2.8085,2.8026,-12.232,22.295,-14.337,128.53,60.56,-38.814,18.705
13.48,1.8432,2.4775,0.91448,0.27995,-0.28205,0,0.91765,3.6938,-5.0552,1.7859,-0.72637,-1.1018,0.55939,-9.6014,-9.5296,2.883,0,0,0,2.7824,2.7822,2.785,2.7791,-10.941,22.897,-14.72,129.52,59.753,-37.852,18.548
13.49,1.8796,2.4265,0.93248,0.27576,-0.28782,0,0.91712,3.5972,-5.1493,1.8139,-0.75148,-1.074,0.55876,-9.7043,-9.2976,2.7339,0,0,0,2.7575,2.7572,2.7602,2.7542,-9.6417,23.49,-15.094,130.33,58.892,-36.838,18.382
13.5,1.9151,2.3745,0.95075,0.27144,-0.29345,0,0.91663,3.4997,-5.2411,1.8405,-0.77792,-1.0464,0.5589,-9.7942,-9.0598,2.5811,0,0,0,2.7311,2.7307,2.734,2.7278,-8.3351,24.074,-15.457,130.96,57.976,-35.771,18.206
13.51,1.9496,2.3217,0.96928,0.26699,-0.29893,0,0.91617,3.4014,-5.3305,1.8656,-0.80584,-1.0189,0.55986,-9.871,-8.8162,2.4248,0,0,0,2.7034,2.7028,2.7064,2.7001,-7.0231,24.649,-15.809,131.4,57.005,-34.651,18.021
13.52,1.9831,2.2679,0.98806,0.26238,-0.30428,0,0.91574,3.3024,-5.4174,1.889,-0.83542,-0.99156,0.5617,-9.9346,-8.5669,2.265,0,0,0,2.6743,2.6735,2.6775,2.671,-5.7077,25.214,-16.15,131.65,55.978,-33.477,17.827
13.53,2.0156,2.2133,1.0071,0.25762,-0.30948,0,0.91534,3.2028,-5.5018,1.9108,-0.86681,-0.96431,0.56448,-9.9851,-8.3119,2.1018,0,0,0,2.6438,2.6429,2.6472,2.6405,-4.3908,25.769,-16.478,131.7,54.893,-32.249,17.624
13.54,2.0472,2.1579,1.0263,0.2527,-0.31456,0,0.91498,3.1027,-5.5836,1.931,-0.90022,-0.93712,0.56829,-10.022,-8.0515,1.9355,0,0,0,2.6119,2.6108,2.6155,2.6086,-3.0744,26.312,-16.795,131.56,53.751,-30.966,17.411
13.55,2.0777,2.1017,1.0457,0.2476,-0.31949,0,0.91467,3.0024,-5.6628,1.9495,-0.93585,-0.90991,0.5732,-10.047,-7.7857,1.766,0,0,0,2.5786,2.5773,2.5825,2.5753,-1.7603,26.844,-17.098,131.21,52.549,-29.628,17.189
13.56,2.1072,2.0446,1.0653,0.2423,-0.3243,0,0.9144,2.9018,-5.7393,1.9663,-0.97391,-0.88263,0.57929,-10.058,-7.5147,1.5935,0,0,0,2.5439,2.5424,2.5481,2.5407,-0.45085,27.363,-17.387,130.65,51.289,-28.233,16.958
13.57,2.1357,1.9869,1.085,0.23681,-0.32897,0,0.91417,2.8012,-5.8131,1.9814,-1.0147,-0.85519,0.58666,-10.056,-7.2385,1.4183,0,0,0,2.5079,2.5062,2.5124,2.5046,0.85204,27.869,-17.662,129.89,49.968,-26.781,16.719
13.58,2.1632,1.9284,1.1049,0.23109,-0.33351,0,0.91399,2.7007,-5.8841,1.9947,-1.0584,-0.82752,0.59542,-10.041,-6.9574,1.2404,0,0,0,2.4706,2.4686,2.4754,2.4673,2.1462,28.362,-17.922,128.9,48.586,-25.273,16.47
13.59,2.1897,1.8692,1.1249,0.22514,-0.33791,0,0.91385,2.6005,-5.9522,2.0062,-1.1053,-0.79952,0.60566,-10.013,-6.6713,1.0599,0,0,0,2.432,2.4298,2.4371,2.4286,3.4294,28.841,-18.167,127.7,47.142,-23.706,16.212
13.6,2.2153,1.8094,1.145,0.21894,-0.34218,0,0.91377,2.5005,-6.0175,2.0159,-1.1557,-0.77105,0.61753,-9.9721,-6.3806,0.87707,0,0,0,2.3921,2.3896,2.3976,2.3887,4.6994,29.305,-18.396,126.27,45.635,-22.08,15.947
13.61,2.2398,1.7489,1.1652,0.21246,-0.34631,0,0.91375,2.4011,-6.0798,2.0237,-1.2101,-0.742,0.63115,-9.9188,-6.0853,0.69203,0,0,0,2.351,2.3482,2.357,2.3475,5.9541,29.753,-18.609,124.62,44.065,-20.396,15.673
13.62,2.2633,1.6878,1.1855,0.20569,-0.3503,0,0.91378,2.3022,-6.1392,2.0297,-1.2687,-0.71221,0.64667,-9.8531,-5.7856,0.50495,0,0,0,2.3087,2.3056,2.3152,2.3052,7.191,30.186,-18.804,122.73,42.431,-18.651,15.391
13.63,2.2858,1.6261,1.2058,0.19859,-0.35414,0,0.91386,2.2041,-6.1955,2.0338,-1.332,-0.68149,0.66426,-9.7751,-5.4816,0.31601,0,0,0,2.2653,2.2618,2.2723,2.2617,8.4079,30.601,-18.982,120.6,40.732,-16.847,15.102
13.64,2.3074,1.5639,1.2261,0.19115,-0.35784,0,0.91401,2.1067,-6.2488,2.036,-1.4003,-0.64965,0.6841,-9.685,-5.1736,0.12538,0,0,0,2.2208,2.217,2.2285,2.2171,9.6023,31,-19.141,118.24,38.967,-14.982,14.806
13.65,2.3279,1.5011,1.2465,0.18334,-0.36139,0,0.91421,2.0104,-6.299,2.0363,-1.4742,-0.61644,0.70637,-9.5831,-4.8617,-0.066746,0,0,0,2.1753,2.1712,2.1837,2.1716,10.772,31.381,-19.281,115.65,37.14,-13.061,14.503
13.66,2.3476,1.4379,1.2669,0.17511,-0.36477,0,0.91448,1.9151,-6.346,2.0347,-1.5541,-0.58158,0.73128,-9.4696,-4.5461,-0.26018,0,0,0,2.1289,2.1244,2.1381,2.1251,11.915,31.743,-19.402,112.83,35.252,-11.085,14.194
13.67,2.3663,1.3742,1.2872,0.16645,-0.36798,0,0.91481,1.821,-6.3899,2.0311,-1.6407,-0.54476,0.75908,-9.3449,-4.2269,-0.45471,0,0,0,2.0817,2.0768,2.0917,2.0778,13.028,32.085,-19.503,109.81,33.307,-9.0594,13.88
13.68,2.384,1.3101,1.3075,0.1573,-0.37101,0,0.91521,1.7283,-6.4305,2.0256,-1.7344,-0.50557,0.78999,-9.2092,-3.9044,-0.65016,0,0,0,2.0337,2.0284,2.0447,2.0296,14.11,32.409,-19.583,106.58,31.306,-6.9864,13.561
13.69,2.4008,1.2456,1.3277,0.14763,-0.37385,0,0.91567,1.6369,-6.4679,2.0181,-1.8359,-0.46359,0.82428,-9.0628,-3.5788,-0.8463,0,0,0,1.9851,1.9794,1.9971,1.9809,15.159,32.711,-19.642,103.15,29.253,-4.8695,13.237
13.7,2.4167,1.1808,1.3478,0.13739,-0.37647,0,0.91619,1.547,-6.5021,2.0087,-1.9457,-0.41831,0.86224,-8.9061,-3.2503,-1.0429,0,0,0,1.9359,1.9298,1.9491,1.9316,16.172,32.993,-19.68,99.539,27.149,-2.7121,12.911
13.71,2.4318,1.1156,1.3679,0.12654,-0.37886,0,0.91676,1.4588,-6.5329,1.9973,-2.0646,-0.36913,0.90415,-8.7395,-2.919,-1.2398,0,0,0,1.8862,1.8799,1.9008,1.8818,17.149,33.254,-19.696,95.75,24.997,-0.51741,12.581
13.72,2.4459,1.0501,1.3878,0.11502,-0.38099,0,0.9174,1.3723,-6.5605,1.9839,-2.1932,-0.31537,0.95033,-8.5633,-2.5852,-1.4368,0,0,0,1.8363,1.8296,1.8524,1.8318,18.087,33.493,-19.69,91.794,22.8,1.7112,12.25
13.73,2.4592,0.98439,1.4075,0.10278,-0.38283,0,0.91808,1.2876,-6.5846,1.9685,-2.332,-0.25627,1.0011,-8.3779,-2.2492,-1.6336,0,0,0,1.7862,1.7792,1.804,1.7816,18.984,33.71,-19.662,87.679,20.56,3.9705,11.918
13.74,2.4717,0.91843,1.4271,0.089757,-0.38436,0,0.91881,1.2047,-6.6054,1.9512,-2.4817,-0.19094,1.0568,-8.1837,-1.9111,-1.8299,0,0,0,1.7361,1.7289,1.7557,1.7314,19.84,33.904,-19.611,83.413,18.281,6.2571,11.587
13.75,2.4833,0.85229,1.4465,0.075894,-0.38552,0,0.91957,1.1239,-6.6229,1.9319,-2.6427,-0.1184,1.1177,-7.9812,-1.5712,-2.0257,0,0,0,1.6861,1.6788,1.7077,1.6813,20.652,34.076,-19.537,79.006,15.963,8.5677,11.257
13.76,2.4942,0.78599,1.4658,0.061126,-0.38628,0,0.92036,1.0451,-6.6369,1.9107,-2.8153,-0.037548,1.1841,-7.7708,-1.2297,-2.2206,0,0,0,1.6364,1.6292,1.6602,1.6316,21.42,34.223,-19.439,74.467,13.61,10.899,10.929
13.77,2.5042,0.71956,1.4848,0.045388,-0.38657,0,0.92114,0.96852,-6.6474,1.8875,-2.9997,0.052823,1.2563,-7.553,-0.88681,-2.4144,0,0,0,1.5872,1.5802,1.6135,1.5825,22.141,34.348,-19.319,69.804,11.225,13.248,10.606
13.78,2.5135,0.65305,1.5035,0.028617,-0.38634,0,0.92191,0.89411,-6.6546,1.8624,-3.1956,0.154,1.3344,-7.3282,-0.54281,-2.6069,0,0,0,1.5386,1.5322,1.5676,1.5341,22.815,34.448,-19.174,65.026,8.809,15.611,10.288
13.79,2.5221,0.58648,1.522,0.010752,-0.38551,0,0.92264,0.82198,-6.6583,1.8354,-3.4025,0.26734,1.4185,-7.0969,-0.19793,-2.7978,0,0,0,1.491,1.4853,1.5228,1.4868,23.441,34.524,-19.006,60.143,6.3656,17.985,9.9764
13.8,2.53,0.5199,1.5402,-0.0082616,-0.38399,0,0.9233,0.75219,-6.6586,1.8065,-3.619,0.39417,1.5087,-6.8595,0.14758,-2.9869,0,0,0,1.4444,1.4399,1.4792,1.4407,24.018,34.575,-18.815,55.162,3.8972,20.366,9.6738
13.81,2.5372,0.45332,1.5581,-0.028469,-0.38171,0,0.92384,0.68481,-6.6553,1.7757,-3.8434,0.53576,1.6045,-6.6167,0.49349,-3.174,0,0,0,1.3992,1.3963,1.4371,1.3963,24.544,34.602,-18.599,50.094,1.4061,22.751,9.3816
13.82,2.5437,0.3868,1.5757,-0.0499,-0.37855,0,0.92423,0.61988,-6.6487,1.743,-4.0728,0.69318,1.7056,-6.3688,0.83953,-3.3588,0,0,0,1.3556,1.3549,1.3967,1.3537,25.019,34.603,-18.36,44.946,-1.1051,25.138,9.1017
13.83,2.5496,0.32036,1.593,-0.072567,-0.37441,0,0.92442,0.55745,-6.6386,1.7085,-4.3036,0.8671,1.8111,-6.1165,1.1855,-3.5411,0,0,0,1.314,1.316,1.3582,1.3134,25.443,34.579,-18.096,39.729,-3.6339,27.522,8.8359
13.84,2.5549,0.25404,1.6099,-0.096454,-0.36918,0,0.92434,0.49756,-6.625,1.6722,-4.5307,1.0577,1.92,-5.8601,1.531,-3.7207,0,0,0,1.2745,1.2799,1.3216,1.2756,25.814,34.53,-17.809,34.45,-6.1778,29.9,8.5862
13.85,2.5595,0.18787,1.6264,-0.12151,-0.36275,0,0.92393,0.44026,-6.6079,1.6341,-4.7483,1.2643,2.0305,-5.6004,1.876,-3.8972,0,0,0,1.2377,1.2471,1.2873,1.2408,26.132,34.456,-17.498,29.118,-8.7342,32.269,8.3549
13.86,2.5637,0.12189,1.6426,-0.14765,-0.355,0,0.92313,0.38556,-6.5875,1.5942,-4.949,1.4852,2.1408,-5.3377,2.2201,-4.0706,0,0,0,1.2037,1.2179,1.2552,1.2094,26.396,34.356,-17.164,23.743,-11.301,34.626,8.1438
13.87,2.5673,0.056137,1.6583,-0.17475,-0.34585,0,0.92187,0.33351,-6.5635,1.5527,-5.125,1.7175,2.2483,-5.0726,2.563,-4.2404,0,0,0,1.1731,1.1925,1.2256,1.1817,26.606,34.23,-16.806,18.334,-13.874,36.967,7.955
13.88,2.5703,-0.0093647,1.6736,-0.20261,-0.33522,0,0.9201,0.28412,-6.5362,1.5094,-5.2679,1.9569,2.3502,-4.8057,2.9046,-4.4066,0,0,0,1.1462,1.1713,1.1987,1.1581,26.763,34.078,-16.425,12.899,-16.453,39.289,7.7905
13.89,2.573,-0.074576,1.6885,-0.23101,-0.32308,0,0.91774,0.2374,-6.5055,1.4646,-5.3694,2.1977,2.4434,-4.5375,3.2445,-4.5689,0,0,0,1.1234,1.1543,1.1746,1.1388,26.864,33.901,-16.02,7.4477,-19.033,41.588,7.6518
13.9,2.5751,-0.13946,1.7029,-0.25968,-0.30942,0,0.91478,0.19337,-6.4713,1.4181,-5.4222,2.4331,2.5247,-4.2686,3.5825,-4.7269,0,0,0,1.1051,1.1416,1.1536,1.124,26.912,33.698,-15.593,1.9896,-21.613,43.861,7.5405
13.91,2.5768,-0.20399,1.7168,-0.28832,-0.29429,0,0.91119,0.15203,-6.4338,1.37,-5.4209,2.6553,2.591,-3.9995,3.9184,-4.8806,0,0,0,1.0916,1.1332,1.1358,1.1139,26.904,33.469,-15.143,-3.4667,-24.19,46.104,7.4575
13.92,2.5782,-0.26813,1.7303,-0.31659,-0.27779,0,0.90697,0.11338,-6.393,1.3205,-5.3625,2.8565,2.6396,-3.7307,4.2518,-5.0297,0,0,0,1.0831,1.129,1.1217,1.1083,26.842,33.214,-14.671,-8.9118,-26.76,48.314,7.4037
13.93,2.5791,-0.33184,1.7432,-0.34418,-0.26008,0,0.90216,0.077411,-6.3488,1.2695,-5.2471,3.0293,2.6684,-3.4628,4.5825,-5.174,0,0,0,1.0798,1.1289,1.1116,1.1073,26.726,32.933,-14.177,-14.337,-29.322,50.487,7.3792
13.94,2.5797,-0.39509,1.7557,-0.37077,-0.24135,0,0.89682,0.044116,-6.3013,1.217,-5.078,3.1674,2.6761,-3.1964,4.9104,-5.3132,0,0,0,1.0816,1.1325,1.1056,1.1105,26.556,32.627,-13.661,-19.732,-31.872,52.62,7.3837
13.95,2.58,-0.45785,1.7676,-0.39609,-0.22184,0,0.89101,0.013477,-6.2506,1.1632,-4.8612,3.2666,2.6624,-2.9319,5.235,-5.4471,0,0,0,1.0884,1.1396,1.1041,1.1179,26.331,32.296,-13.125,-25.09,-34.408,54.71,7.4166
13.96,2.58,-0.52009,1.7789,-0.41993,-0.20179,0,0.88484,-0.01453,-6.1966,1.1081,-4.6049,3.3246,2.6279,-2.6699,5.5562,-5.5756,0,0,0,1.0998,1.1501,1.1072,1.1289,26.054,31.939,-12.567,-30.399,-36.927,56.752,7.4767
13.97,2.5797,-0.58178,1.7897,-0.4421,-0.18147,0,0.87842,-0.039932,-6.1395,1.0517,-4.3189,3.3416,2.574,-2.411,5.8737,-5.6984,0,0,0,1.1156,1.1637,1.1148,1.1434,25.724,31.557,-11.99,-35.653,-39.427,58.744,7.5624
13.98,2.5792,-0.64287,1.8,-0.46251,-0.16114,0,0.87185,-0.062762,-6.0792,0.99414,-4.0131,3.3195,2.5027,-2.1556,6.1873,-5.8153,0,0,0,1.1352,1.1801,1.1269,1.161,25.341,31.151,-11.393,-40.84,-41.904,60.682,7.672
13.99,2.5785,-0.70335,1.8096,-0.48111,-0.14103,0,0.86524,-0.083058,-6.0157,0.93543,-3.6972,3.2621,2.4165,-1.9044,6.4966,-5.9262,0,0,0,1.1581,1.1992,1.1431,1.1814,24.907,30.719,-10.776,-45.953,-44.357,62.562,7.8032
14,2.5775,-0.76318,1.8187,-0.49792,-0.12135,0,0.85869,-0.10086,-5.9493,0.87564,-3.3796,3.1741,2.3181,-1.6577,6.8016,-6.0308,0,0,0,1.184,1.2208,1.1633,1.2043,24.422,30.264,-10.142,-50.981,-46.782,64.381,7.954
14.01,2.5765,-0.82232,1.8271,-0.51297,-0.10228,0,0.85229,-0.11623,-5.8797,0.81484,-3.0674,3.0607,2.2103,-1.4161,7.1018,-6.129,0,0,0,1.2122,1.2447,1.1868,1.2295,23.888,29.784,-9.4889,-55.917,-49.177,66.135,8.122
14.02,2.5752,-0.88076,1.835,-0.52635,-0.083969,0,0.84611,-0.1292,-5.8072,0.75308,-2.766,2.9273,2.0955,-1.1801,7.3972,-6.2205,0,0,0,1.2425,1.2705,1.2134,1.2565,23.304,29.28,-8.8191,-60.75,-51.539,67.822,8.3049
14.03,2.5739,-0.93846,1.8422,-0.53817,-0.066517,0,0.84021,-0.13985,-5.7318,0.69045,-2.4794,2.7789,1.9762,-0.95014,7.6874,-6.3053,0,0,0,1.2743,1.2981,1.2425,1.2853,22.673,28.753,-8.1327,-65.473,-53.865,69.436,8.5004
14.04,2.5724,-0.99539,1.8488,-0.54854,-0.050006,0,0.83463,-0.14823,-5.6535,0.627,-2.21,2.6201,1.8544,-0.72676,7.9722,-6.3831,0,0,0,1.3074,1.3273,1.2737,1.3156,21.995,28.203,-7.4306,-70.075,-56.153,70.976,8.7065
14.05,2.5709,-1.0515,1.8547,-0.55758,-0.03449,0,0.8294,-0.15441,-5.5724,0.56281,-1.9591,2.4549,1.7318,-0.51039,8.2514,-6.4539,0,0,0,1.3414,1.3578,1.3066,1.347,21.272,27.63,-6.7135,-74.547,-58.4,72.438,8.9211
14.06,2.5694,-1.1068,1.86,-0.56543,-0.019996,0,0.82456,-0.15846,-5.4885,0.49795,-1.7272,2.2864,1.6097,-0.30147,8.5247,-6.5174,0,0,0,1.3761,1.3893,1.3407,1.3793,20.505,27.035,-5.9821,-78.881,-60.604,73.817,9.1422
14.07,2.5678,-1.1613,1.8647,-0.57219,-0.0065364,0,0.8201,-0.16046,-5.4019,0.43249,-1.5139,2.1172,1.4893,-0.10044,8.792,-6.5735,0,0,0,1.4112,1.4216,1.3757,1.4124,19.695,26.418,-5.2374,-83.067,-62.761,75.111,9.3682
14.08,2.5662,-1.2149,1.8687,-0.57798,0.0058923,0,0.81603,-0.1605,-5.3127,0.3665,-1.3185,1.9495,1.3713,0.092292,9.053,-6.6221,0,0,0,1.4465,1.4545,1.4113,1.446,18.844,25.78,-4.4802,-87.097,-64.869,76.317,9.5972
14.09,2.5646,-1.2675,1.872,-0.5829,0.017304,0,0.81236,-0.15865,-5.2209,0.30007,-1.1399,1.7847,1.2563,0.27631,9.3075,-6.663,0,0,0,1.4819,1.4878,1.4472,1.4799,17.954,25.121,-3.7114,-90.96,-66.925,77.429,9.8279
14.1,2.563,-1.3193,1.8747,-0.58705,0.027722,0,0.80908,-0.155,-5.1265,0.23327,-0.97687,1.6239,1.1448,0.45124,9.5554,-6.6963,0,0,0,1.5171,1.5213,1.4832,1.5138,17.025,24.442,-2.9319,-94.649,-68.927,78.446,10.059
14.11,2.5615,-1.37,1.8767,-0.59051,0.037174,0,0.80617,-0.14965,-5.0298,0.16617,-0.82801,1.4679,1.037,0.6167,9.7963,-6.7216,0,0,0,1.552,1.5547,1.519,1.5478,16.061,23.743,-2.1428,-98.152,-70.873,79.362,10.289
14.12,2.56,-1.4199,1.878,-0.59336,0.04569,0,0.80364,-0.1427,-4.9306,0.098861,-0.69198,1.3169,0.93301,0.77235,10.03,-6.7391,0,0,0,1.5865,1.588,1.5544,1.5814,15.063,23.025,-1.345,-101.46,-72.758,80.175,10.517
14.13,2.5586,-1.4687,1.8786,-0.59567,0.053305,0,0.80146,-0.13424,-4.8292,0.031417,-0.56745,1.1714,0.83289,0.91785,10.257,-6.7485,0,0,0,1.6204,1.6209,1.5894,1.6147,14.033,22.288,-0.53965,-104.57,-74.582,80.882,10.742
14.14,2.5573,-1.5164,1.8786,-0.59748,0.060052,0,0.79963,-0.12438,-4.7255,-0.036082,-0.45315,1.0314,0.73661,1.0529,10.476,-6.7499,0,0,0,1.6536,1.6533,1.6237,1.6475,12.972,21.533,0.27224,-107.46,-76.341,81.477,10.963
14.15,2.5561,-1.5632,1.8779,-0.59886,0.065964,0,0.79813,-0.11322,-4.6197,-0.10355,-0.34788,0.89675,0.64411,1.1772,10.687,-6.7431,0,0,0,1.6861,1.6851,1.6572,1.6796,11.884,20.761,1.0895,-110.14,-78.033,81.958,11.18
14.16,2.5551,-1.6088,1.8765,-0.59985,0.071077,0,0.79695,-0.10087,-4.5118,-0.17092,-0.25056,0.76743,0.55528,1.2905,10.891,-6.7281,0,0,0,1.7177,1.7162,1.6899,1.7109,10.77,19.973,1.911,-112.58,-79.654,82.321,11.391
14.17,2.5541,-1.6534,1.8745,-0.60048,0.075422,0,0.79608,-0.087447,-4.4019,-0.23809,-0.16017,0.64321,0.47,1.3925,11.087,-6.7048,0,0,0,1.7483,1.7465,1.7216,1.7415,9.6332,19.168,2.7355,-114.78,-81.204,82.563,11.596
14.18,2.5533,-1.6968,1.8718,-0.60078,0.07903,0,0.7955,-0.073059,-4.2901,-0.30498,-0.075795,0.52388,0.38812,1.4831,11.274,-6.6733,0,0,0,1.778,1.7758,1.7522,1.7711,8.4754,18.349,3.5618,-116.74,-82.678,82.679,11.795
14.19,2.5527,-1.7392,1.8684,-0.60078,0.081931,0,0.7952,-0.057824,-4.1765,-0.37153,0.0033805,0.4092,0.3095,1.562,11.454,-6.6336,0,0,0,1.8066,1.8043,1.7818,1.7997,7.2993,17.515,4.3887,-118.43,-84.074,82.667,11.987
14.2,2.5522,-1.7804,1.8644,-0.6005,0.084152,0,0.79518,-0.041859,-4.0611,-0.43763,0.078105,0.29893,0.23401,1.629,11.625,-6.5856,0,0,0,1.834,1.8316,1.8102,1.8273,6.1076,16.668,5.2147,-119.86,-85.39,82.522,12.172
14.21,2.5518,-1.8204,1.8596,-0.59997,0.085722,0,0.79542,-0.025283,-3.944,-0.50321,0.14904,0.19284,0.16152,1.6841,11.787,-6.5293,0,0,0,1.8604,1.858,1.8375,1.8538,4.903,15.808,6.0387,-121.01,-86.623,82.24,12.349
14.22,2.5517,-1.8592,1.8543,-0.59919,0.086664,0,0.79591,-0.0082176,-3.8253,-0.56819,0.21679,0.090704,0.091891,1.7271,11.941,-6.4648,0,0,0,1.8856,1.8832,1.8636,1.8792,3.6883,14.936,6.8591,-121.88,-87.771,81.819,12.519
14.23,2.5517,-1.8969,1.8483,-0.59817,0.087002,0,0.79664,0.009217,-3.7052,-0.63248,0.28187,-0.007679,0.025018,1.7578,12.086,-6.3921,0,0,0,1.9096,1.9072,1.8884,1.9035,2.4664,14.053,7.6746,-122.45,-88.83,81.255,12.681
14.24,2.5518,-1.9333,1.8416,-0.59692,0.086759,0,0.7976,0.026898,-3.5837,-0.696,0.34476,-0.10249,-0.0392,1.7764,12.222,-6.3113,0,0,0,1.9323,1.9302,1.912,1.9266,1.2403,13.159,8.4837,-122.71,-89.799,80.544,12.835
14.25,2.5522,-1.9686,1.8344,-0.59545,0.085958,0,0.79878,0.044703,-3.4608,-0.75868,0.40586,-0.19387,-0.10085,1.7826,12.349,-6.2225,0,0,0,1.9539,1.952,1.9344,1.9485,0.01318,12.257,9.2849,-122.67,-90.674,79.682,12.981
14.26,2.5527,-2.0026,1.8265,-0.59377,0.084617,0,0.80018,0.06251,-3.3367,-0.82043,0.46554,-0.28196,-0.16,1.7766,12.467,-6.1257,0,0,0,1.9743,1.9726,1.9556,1.9693,-1.2119,11.346,10.077,-122.29,-91.453,78.665,13.12
14.27,2.5534,-2.0353,1.818,-0.59186,0.082758,0,0.80178,0.080195,-3.2115,-0.88117,0.5241,-0.36684,-0.2167,1.7584,12.576,-6.021,0,0,0,1.9936,1.9921,1.9756,1.9889,-2.4316,10.428,10.858,-121.59,-92.133,77.491,13.25
14.28,2.5543,-2.0668,1.8089,-0.58974,0.0804,0,0.80358,0.097638,-3.0852,-0.94082,0.58182,-0.44858,-0.271,1.728,12.675,-5.9086,0,0,0,2.0116,2.0104,1.9945,2.0074,-3.6426,9.5038,11.626,-120.55,-92.713,76.155,13.373
14.29,2.5554,-2.097,1.7992,-0.5874,0.077561,0,0.80557,0.11472,-2.958,-0.99931,0.63891,-0.52721,-0.32291,1.6856,12.766,-5.7885,0,0,0,2.0286,2.0277,2.0122,2.0248,-4.8414,8.5742,12.38,-119.15,-93.188,74.654,13.489
14.3,2.5566,-2.1259,1.7889,-0.58485,0.074262,0,0.80774,0.13131,-2.83,-1.0566,0.69554,-0.60272,-0.37246,1.6313,12.847,-5.661,0,0,0,2.0445,2.0439,2.0289,2.0412,-6.0244,7.6404,13.119,-117.4,-93.558,72.985,13.597
14.31,2.558,-2.1536,1.778,-0.58206,0.070521,0,0.81008,0.1473,-2.7011,-1.1125,0.75186,-0.6751,-0.41962,1.5652,12.919,-5.5262,0,0,0,2.0593,2.0591,2.0445,2.0565,-7.1881,6.7034,13.839,-115.29,-93.821,71.15,13.699
14.32,2.5596,-2.18,1.7666,-0.57905,0.066357,0,0.81259,0.16258,-2.5716,-1.1671,0.80797,-0.7443,-0.46441,1.4876,12.981,-5.3843,0,0,0,2.0731,2.0733,2.0591,2.0708,-8.3291,5.7643,14.541,-112.85,-93.981,69.157,13.794
14.33,2.5613,-2.205,1.7547,-0.5758,0.06179,0,0.81525,0.17702,-2.4415,-1.2202,0.86394,-0.81026,-0.5068,1.3987,13.034,-5.2354,0,0,0,2.086,2.0866,2.0728,2.0842,-9.444,4.8241,15.222,-110.08,-94.04,67.013,13.883
14.34,2.5631,-2.2288,1.7422,-0.57232,0.05684,0,0.81806,0.19051,-2.311,-1.2718,0.9198,-0.87292,-0.54679,1.2988,13.077,-5.0799,0,0,0,2.098,2.099,2.0857,2.0968,-10.53,3.8838,15.881,-107,-93.999,64.725,13.966
14.35,2.5651,-2.2512,1.7293,-0.56859,0.051527,0,0.82101,0.20296,-2.18,-1.3217,0.97557,-0.9322,-0.58436,1.1882,13.112,-4.9179,0,0,0,2.1092,2.1107,2.0977,2.1085,-11.583,2.9444,16.516,-103.63,-93.862,62.299,14.044
14.36,2.5672,-2.2724,1.7158,-0.56461,0.045871,0,0.82408,0.21424,-2.0488,-1.3701,1.0312,-0.988,-0.61951,1.0672,13.136,-4.7497,0,0,0,2.1197,2.1216,2.1091,2.1195,-12.601,2.0069,17.126,-99.984,-93.629,59.742,14.116
14.37,2.5694,-2.2922,1.7019,-0.56037,0.039894,0,0.82728,0.22427,-1.9173,-1.4167,1.0867,-1.0402,-0.65222,0.9363,13.152,-4.5755,0,0,0,2.1295,2.1318,2.1197,2.1298,-13.582,1.0722,17.711,-96.073,-93.304,57.061,14.185
14.38,2.5716,-2.3107,1.6875,-0.55588,0.033618,0,0.83059,0.23294,-1.7858,-1.4616,1.1419,-1.0888,-0.68247,0.79575,13.158,-4.3955,0,0,0,2.1387,2.1414,2.1298,2.1396,-14.522,0.14114,18.267,-91.912,-92.888,54.264,14.249
14.39,2.574,-2.3279,1.6726,-0.55111,0.027065,0,0.83399,0.24015,-1.6542,-1.5046,1.1968,-1.1336,-0.71026,0.646,13.155,-4.2102,0,0,0,2.1474,2.1506,2.1394,2.1487,-15.419,-0.78529,18.795,-87.517,-92.383,51.358,14.31
14.4,2.5764,-2.3438,1.6574,-0.54609,0.020257,0,0.83748,0.24583,-1.5227,-1.5458,1.2511,-1.1745,-0.73557,0.48751,13.142,-4.0197,0,0,0,2.1556,2.1592,2.1485,2.1575,-16.272,-1.7062,19.294,-82.903,-91.793,48.348,14.368
14.41,2.5789,-2.3584,1.6417,-0.54078,0.01322,0,0.84106,0.24987,-1.3914,-1.585,1.3049,-1.2114,-0.75841,0.32073,13.12,-3.8244,0,0,0,2.1635,2.1675,2.1573,2.1658,-17.077,-2.6209,19.762,-78.085,-91.118,45.242,14.423
14.42,2.5814,-2.3716,1.6257,-0.53521,0.0059754,0,0.8447,0.25222,-1.2603,-1.6222,1.3578,-1.2442,-0.77876,0.14614,13.09,-3.6246,0,0,0,2.1711,2.1754,2.1658,2.1738,-17.833,-3.5283,20.199,-73.076,-90.361,42.048,14.477
14.43,2.584,-2.3836,1.6093,-0.52936,-0.0014503,0,0.84839,0.25277,-1.1296,-1.6575,1.4097,-1.2729,-0.79665,-0.035753,13.05,-3.4206,0,0,0,2.1784,2.1832,2.174,2.1816,-18.538,-4.4278,20.603,-67.893,-89.525,38.771,14.529
14.44,2.5865,-2.3942,1.5925,-0.52324,-0.0090325,0,0.85214,0.25148,-0.99936,-1.6906,1.4603,-1.2973,-0.81208,-0.22444,13.001,-3.2127,0,0,0,2.1856,2.1907,2.1822,2.1892,-19.19,-5.3186,20.974,-62.55,-88.611,35.419,14.579
14.45,2.589,-2.4036,1.5755,-0.51685,-0.016746,0,0.85591,0.24826,-0.86963,-1.7217,1.5096,-1.3174,-0.82507,-0.41937,12.944,-3.0012,0,0,0,2.1927,2.1982,2.1902,2.1966,-19.788,-6.1998,21.311,-57.061,-87.621,32,14.63
14.46,2.5914,-2.4116,1.5581,-0.51018,-0.024564,0,0.85972,0.24307,-0.74052,-1.7507,1.5572,-1.3332,-0.83565,-0.62001,12.877,-2.7866,0,0,0,2.1998,2.2056,2.1982,2.2041,-20.331,-7.0707,21.614,-51.442,-86.558,28.519,14.679
14.47,2.5938,-2.4184,1.5405,-0.50325,-0.032462,0,0.86353,0.23585,-0.61211,-1.7774,1.603,-1.3446,-0.84387,-0.8258,12.802,-2.569,0,0,0,2.207,2.213,2.2063,2.2115,-20.817,-7.9307,21.881,-45.707,-85.424,24.984,14.73
14.48,2.5962,-2.4239,1.5226,-0.49607,-0.040413,0,0.86734,0.22654,-0.4845,-1.802,1.6467,-1.3516,-0.84977,-1.0362,12.719,-2.349,0,0,0,2.2142,2.2205,2.2144,2.219,-21.245,-8.779,22.113,-39.871,-84.221,21.403,14.78
14.49,2.5984,-2.4281,1.5044,-0.48863,-0.048392,0,0.87115,0.21511,-0.35777,-1.8244,1.6882,-1.3543,-0.85341,-1.2505,12.627,-2.1269,0,0,0,2.2216,2.2281,2.2226,2.2266,-21.614,-9.6149,22.309,-33.947,-82.95,17.784,14.831
14.5,2.6004,-2.431,1.4861,-0.48095,-0.056373,0,0.87493,0.20152,-0.232,-1.8446,1.7272,-1.3527,-0.85486,-1.4682,12.526,-1.903,0,0,0,2.2292,2.2358,2.231,2.2343,-21.923,-10.438,22.469,-27.951,-81.615,14.134,14.884
14.51,2.6024,-2.4327,1.4676,-0.47304,-0.064331,0,0.87869,0.18574,-0.10727,-1.8625,1.7636,-1.3469,-0.85421,-1.6888,12.418,-1.6777,0,0,0,2.237,2.2437,2.2396,2.2422,-22.173,-11.247,22.592,-21.897,-80.215,10.462,14.938
14.52,2.6042,-2.4332,1.4489,-0.46491,-0.072241,0,0.88241,0.16774,0.016333,-1.8781,1.7972,-1.337,-0.85154,-1.9115,12.301,-1.4513,0,0,0,2.2451,2.2519,2.2485,2.2504,-22.361,-12.042,22.678,-15.799,-78.755,6.7731,14.993
14.53,2.6057,-2.4324,1.43,-0.45657,-0.080079,0,0.88608,0.1475,0.13873,-1.8915,1.8279,-1.3231,-0.84694,-2.1358,12.177,-1.2242,0,0,0,2.2534,2.2603,2.2575,2.2587,-22.488,-12.822,22.727,-9.6718,-77.235,3.0766,15.05
14.54,2.6071,-2.4304,1.411,-0.44804,-0.087823,0,0.88969,0.12502,0.25985,-1.9026,1.8556,-1.3054,-0.84054,-2.361,12.045,-0.99686,0,0,0,2.262,2.2689,2.2668,2.2674,-22.554,-13.586,22.739,-3.5301,-75.658,-0.62008,15.109
14.55,2.6082,-2.4272,1.392,-0.43933,-0.095452,0,0.89324,0.10028,0.37961,-1.9114,1.8802,-1.284,-0.83243,-2.5867,11.905,-0.76956,0,0,0,2.2709,2.2778,2.2764,2.2763,-22.559,-14.335,22.715,2.6119,-74.026,-4.3095,15.169
14.56,2.6091,-2.4228,1.3728,-0.43046,-0.10294,0,0.89672,0.073285,0.49793,-1.918,1.9017,-1.2591,-0.82275,-2.812,11.758,-0.54269,0,0,0,2.2801,2.287,2.2862,2.2854,-22.502,-15.067,22.653,8.7396,-72.34,-7.984,15.231
14.57,2.6097,-2.4173,1.3536,-0.42143,-0.11028,0,0.90013,0.044042,0.61475,-1.9223,1.9201,-1.2311,-0.81161,-3.0365,11.604,-0.31661,0,0,0,2.2896,2.2964,2.2962,2.2948,-22.384,-15.781,22.555,14.839,-70.603,-11.636,15.295
14.58,2.61,-2.4105,1.3344,-0.41228,-0.11744,0,0.90346,0.01256,0.72999,-1.9243,1.9355,-1.1999,-0.79915,-3.2595,11.443,-0.091705,0,0,0,2.2994,2.306,2.3064,2.3044,-22.206,-16.479,22.421,20.894,-68.817,-15.258,15.36
14.59,2.6099,-2.4027,1.3151,-0.40302,-0.12441,0,0.9067,-0.021141,0.84359,-1.9241,1.9477,-1.166,-0.7855,-3.4804,11.275,0.13168,0,0,0,2.3094,2.3159,2.3168,2.3143,-21.967,-17.158,22.25,26.892,-66.983,-18.842,15.427
14.6,2.6095,-2.3937,1.2959,-0.39365,-0.13117,0,0.90985,-0.057039,0.95546,-1.9217,1.957,-1.1294,-0.77078,-3.6986,11.1,0.35318,0,0,0,2.3195,2.326,2.3274,2.3243,-21.668,-17.818,22.044,32.818,-65.105,-22.381,15.495
14.61,2.6088,-2.3836,1.2767,-0.3842,-0.13771,0,0.91292,-0.095103,1.0656,-1.9171,1.9634,-1.0905,-0.75513,-3.9136,10.918,0.57244,0,0,0,2.3299,2.3362,2.3381,2.3345,-21.311,-18.46,21.803,38.658,-63.182,-25.867,15.564
14.62,2.6076,-2.3724,1.2576,-0.37469,-0.14402,0,0.91589,-0.1353,1.1738,-1.9103,1.9671,-1.0495,-0.73869,-4.1246,10.731,0.78912,0,0,0,2.3404,2.3465,2.3489,2.3448,-20.895,-19.082,21.527,44.396,-61.219,-29.292,15.634
14.63,2.6061,-2.3601,1.2385,-0.36513,-0.15009,0,0.91878,-0.17758,1.2802,-1.9013,1.9682,-1.0066,-0.72157,-4.3313,10.537,1.0029,0,0,0,2.3509,2.3569,2.3597,2.3552,-20.423,-19.684,21.217,50.019,-59.217,-32.65,15.704
14.64,2.6041,-2.3468,1.2195,-0.35553,-0.1559,0,0.92157,-0.22191,1.3845,-1.8902,1.9669,-0.96208,-0.7039,-4.5329,10.337,1.2133,0,0,0,2.3615,2.3673,2.3704,2.3656,-19.895,-20.266,20.874,55.511,-57.178,-35.933,15.775
14.65,2.6016,-2.3324,1.2007,-0.34591,-0.16146,0,0.92427,-0.26822,1.4869,-1.877,1.9633,-0.91606,-0.6858,-4.729,10.132,1.4202,0,0,0,2.3721,2.3777,2.3811,2.3759,-19.313,-20.827,20.499,60.86,-55.106,-39.133,15.845
14.66,2.5987,-2.317,1.182,-0.33628,-0.16674,0,0.92688,-0.31647,1.5871,-1.8618,1.9577,-0.86879,-0.66738,-4.919,9.9205,1.6232,0,0,0,2.3825,2.388,2.3917,2.3862,-18.679,-21.368,20.092,66.05,-53.002,-42.244,15.914
14.67,2.5953,-2.3007,1.1635,-0.32666,-0.17175,0,0.92941,-0.36658,1.6853,-1.8446,1.9502,-0.82045,-0.64876,-5.1024,9.7043,1.822,0,0,0,2.3929,2.3981,2.4021,2.3963,-17.993,-21.887,19.654,71.066,-50.868,-45.258,15.982
14.68,2.5914,-2.2833,1.1451,-0.31704,-0.17648,0,0.93185,-0.41849,1.7812,-1.8254,1.9411,-0.77121,-0.63003,-5.2787,9.4829,2.0162,0,0,0,2.4029,2.408,2.4122,2.4062,-17.258,-22.385,19.187,75.895,-48.708,-48.168,16.049
14.69,2.5869,-2.2651,1.127,-0.30746,-0.18094,0,0.9342,-0.47213,1.8749,-1.8043,1.9306,-0.72123,-0.61129,-5.4474,9.2566,2.2056,0,0,0,2.4128,2.4177,2.422,2.4158,-16.476,-22.861,18.691,80.523,-46.523,-50.966,16.114
14.7,2.5819,-2.2459,1.109,-0.29791,-0.1851,0,0.93648,-0.52741,1.9663,-1.7813,1.9189,-0.67065,-0.59262,-5.6081,9.0257,2.3899,0,0,0,2.4222,2.427,2.4315,2.425,-15.648,-23.316,18.168,84.933,-44.316,-53.646,16.176
14.71,2.5764,-2.2257,1.0914,-0.28839,-0.18898,0,0.93868,-0.58426,2.0554,-1.7565,1.9061,-0.61961,-0.57411,-5.7602,8.7904,2.5689,0,0,0,2.4313,2.4359,2.4405,2.4339,-14.778,-23.748,17.619,89.113,-42.089,-56.2,16.236
14.72,2.5702,-2.2048,1.0739,-0.27893,-0.19257,0,0.9408,-0.64259,2.1421,-1.7299,1.8925,-0.56821,-0.55584,-5.9035,8.5508,2.7422,0,0,0,2.4398,2.4443,2.449,2.4423,-13.867,-24.157,17.044,93.048,-39.845,-58.621,16.292
14.73,2.5635,-2.1829,1.0568,-0.26952,-0.19588,0,0.94286,-0.7023,2.2264,-1.7017,1.8783,-0.51654,-0.53787,-6.0374,8.3073,2.9097,0,0,0,2.4478,2.4522,2.4569,2.4502,-12.918,-24.544,16.447,96.723,-37.586,-60.9,16.345
14.74,2.5562,-2.1602,1.0399,-0.26017,-0.19889,0,0.94486,-0.7633,2.3083,-1.6718,1.8637,-0.4647,-0.52026,-6.1617,8.06,3.0711,0,0,0,2.4553,2.4596,2.4642,2.4574,-11.933,-24.909,15.827,100.12,-35.315,-63.033,16.394
14.75,2.5482,-2.1368,1.0233,-0.25088,-0.20162,0,0.94679,-0.8255,2.3876,-1.6403,1.8488,-0.41276,-0.50307,-6.276,7.8092,3.2262,0,0,0,2.462,2.4662,2.4708,2.464,-10.916,-25.251,15.187,103.24,-33.033,-65.01,16.439
14.76,2.5397,-2.1125,1.0071,-0.24165,-0.20406,0,0.94866,-0.88879,2.4644,-1.6073,1.8338,-0.36076,-0.48635,-6.3799,7.5551,3.3747,0,0,0,2.4681,2.4722,2.4767,2.4699,-9.8695,-25.57,14.527,106.05,-30.743,-66.824,16.478
14.77,2.5305,-2.0875,0.9912,-0.23249,-0.20622,0,0.95049,-0.95306,2.5387,-1.5728,1.8188,-0.30877,-0.47015,-6.4733,7.2979,3.5166,0,0,0,2.4733,2.4774,2.4819,2.4751,-8.7963,-25.866,13.851,108.54,-28.447,-68.47,16.513
14.78,2.5206,-2.0617,0.97565,-0.22339,-0.20809,0,0.95226,-1.0182,2.6104,-1.5369,1.8041,-0.25681,-0.45449,-6.5558,7.0379,3.6517,0,0,0,2.4778,2.4818,2.4861,2.4794,-7.6997,-26.139,13.158,110.72,-26.148,-69.948,16.542
14.79,2.5101,-2.0353,0.96046,-0.21436,-0.20968,0,0.95398,-1.0841,2.6794,-1.4998,1.7898,-0.20492,-0.43943,-6.6272,6.7752,3.7798,0,0,0,2.4814,2.4854,2.4896,2.4829,-6.5829,-26.389,12.452,112.59,-23.846,-71.261,16.565
14.8,2.4989,-2.0081,0.94565,-0.2054,-0.21099,0,0.95567,-1.1507,2.7459,-1.4614,1.7758,-0.15309,-0.42497,-6.6874,6.5102,3.9007,0,0,0,2.4841,2.4881,2.4921,2.4855,-5.4489,-26.615,11.734,114.17,-21.542,-72.413,16.583
14.81,2.4871,-1.9804,0.93124,-0.19649,-0.21202,0,0.95731,-1.2179,2.8096,-1.4218,1.7625,-0.10133,-0.41113,-6.7362,6.243,4.0144,0,0,0,2.4858,2.4899,2.4937,2.4871,-4.3006,-26.819,11.004,115.45,-19.238,-73.407,16.594
14.82,2.4746,-1.952,0.91722,-0.18765,-0.21277,0,0.95891,-1.2854,2.8707,-1.3811,1.7497,-0.049611,-0.39794,-6.7734,5.9738,4.1208,0,0,0,2.4866,2.4907,2.4944,2.4879,-3.1409,-27,10.266,116.44,-16.934,-74.247,16.599
14.83,2.4614,-1.923,0.90362,-0.17887,-0.21324,0,0.96049,-1.3533,2.9291,-1.3394,1.7377,0.0020856,-0.3854,-6.7989,5.703,4.2197,0,0,0,2.4865,2.4906,2.494,2.4876,-1.9727,-27.158,9.52,117.15,-14.633,-74.936,16.598
14.84,2.4475,-1.8934,0.89044,-0.17014,-0.21344,0,0.96203,-1.4214,2.9848,-1.2967,1.7264,0.053792,-0.37352,-6.8128,5.4308,4.3111,0,0,0,2.4853,2.4894,2.4927,2.4864,-0.79879,-27.293,8.7678,117.59,-12.336,-75.478,16.59
14.85,2.4329,-1.8633,0.87769,-0.16146,-0.21336,0,0.96354,-1.4895,3.0377,-1.2532,1.716,0.10555,-0.36229,-6.8149,5.1573,4.395,0,0,0,2.4831,2.4873,2.4904,2.4841,0.37824,-27.405,8.011,117.77,-10.042,-75.875,16.575
14.86,2.4177,-1.8326,0.86538,-0.15283,-0.21301,0,0.96502,-1.5576,3.0879,-1.2089,1.7064,0.15739,-0.35172,-6.8052,4.8827,4.4714,0,0,0,2.4799,2.4842,2.487,2.4809,1.5557,-27.494,7.2508,117.69,-7.7552,-76.132,16.553
14.87,2.4018,-1.8015,0.85351,-0.14424,-0.21238,0,0.96648,-1.6256,3.1354,-1.1638,1.6977,0.20938,-0.34181,-6.7838,4.6075,4.5401,0,0,0,2.4757,2.48,2.4827,2.4766,2.7311,-27.56,6.4888,117.35,-5.475,-76.251,16.525
14.88,2.3852,-1.7699,0.8421,-0.1357,-0.21147,0,0.96792,-1.6932,3.1801,-1.1181,1.6899,0.26155,-0.33256,-6.7506,4.3316,4.6011,0,0,0,2.4705,2.4749,2.4773,2.4713,3.9019,-27.603,5.7262,116.77,-3.2032,-76.237,16.49
14.89,2.3679,-1.7379,0.83115,-0.12718,-0.2103,0,0.96933,-1.7605,3.222,-1.0718,1.6831,0.31396,-0.32395,-6.7058,4.0555,4.6546,0,0,0,2.4642,2.4687,2.471,2.465,5.0658,-27.624,4.9645,115.95,-0.941,-76.093,16.448
14.9,2.35,-1.7055,0.82067,-0.1187,-0.20884,0,0.97072,-1.8273,3.2612,-1.025,1.6771,0.36666,-0.31599,-6.6493,3.7792,4.7004,0,0,0,2.457,2.4615,2.4636,2.4577,6.2203,-27.622,4.2048,114.91,1.3104,-75.821,16.4
14.91,2.3314,-1.6727,0.81065,-0.11024,-0.20711,0,0.97209,-1.8935,3.2976,-0.97783,1.6721,0.41969,-0.30866,-6.5814,3.5031,4.7387,0,0,0,2.4488,2.4534,2.4553,2.4494,7.3631,-27.598,3.4485,113.63,3.5497,-75.426,16.345
14.92,2.3121,-1.6396,0.80111,-0.1018,-0.2051,0,0.97343,-1.9589,3.3312,-0.93028,1.6679,0.47311,-0.30196,-6.5021,3.2273,4.7694,0,0,0,2.4396,2.4443,2.446,2.4402,8.4922,-27.551,2.6967,112.14,5.7758,-74.911,16.284
14.93,2.2922,-1.6061,0.79205,-0.093383,-0.20281,0,0.97475,-2.0235,3.3621,-0.88246,1.6647,0.52697,-0.29588,-6.4116,2.9522,4.7926,0,0,0,2.4295,2.4343,2.4358,2.43,9.6053,-27.482,1.9506,110.44,7.9872,-74.28,16.216
14.94,2.2716,-1.5723,0.78346,-0.084975,-0.20024,0,0.97605,-2.0871,3.3903,-0.83445,1.6622,0.58129,-0.2904,-6.3101,2.6778,4.8084,0,0,0,2.4185,2.4235,2.4247,2.419,10.7,-27.391,1.2115,108.54,10.183,-73.535,16.143
14.95,2.2505,-1.5383,0.77536,-0.076576,-0.19739,0,0.97733,-2.1497,3.4157,-0.78632,1.6606,0.63613,-0.28553,-6.1977,2.4044,4.8169,0,0,0,2.4066,2.4117,2.4128,2.4071,11.775,-27.279,0.4803,106.44,12.362,-72.68,16.064
14.96,2.2287,-1.504,0.76774,-0.068181,-0.19424,0,0.97858,-2.211,3.4384,-0.73814,1.6597,0.6915,-0.28126,-6.0747,2.1323,4.8181,0,0,0,2.3939,2.3991,2.4,2.3943,12.828,-27.144,-0.24179,104.15,14.522,-71.72,15.979
14.97,2.2062,-1.4695,0.7606,-0.059787,-0.19081,0,0.9798,-2.2711,3.4583,-0.68998,1.6595,0.74744,-0.27756,-5.9412,1.8616,4.8121,0,0,0,2.3805,2.3858,2.3865,2.3808,13.858,-26.988,-0.95375,101.68,16.663,-70.656,15.889
14.98,2.1832,-1.4349,0.75394,-0.051391,-0.18708,0,0.981,-2.3298,3.4756,-0.64192,1.6599,0.80395,-0.27443,-5.7976,1.5926,4.799,0,0,0,2.3663,2.3717,2.3722,2.3666,14.861,-26.811,-1.6546,99.027,18.783,-69.493,15.795
14.99,2.1597,-1.4,0.74776,-0.04299,-0.18306,0,0.98216,-2.387,3.4902,-0.59402,1.6608,0.86105,-0.27186,-5.6441,1.3254,4.779,0,0,0,2.3515,2.3569,2.3573,2.3516,15.838,-26.613,-2.3433,96.21,20.881,-68.233,15.696
15,2.1355,-1.3651,0.74206,-0.034581,-0.17874,0,0.98329,-2.4427,3.5021,-0.54636,1.6622,0.91872,-0.26985,-5.4809,1.0604,4.7522,0,0,0,2.336,2.3415,2.3418,2.3361,16.785,-26.394,-3.0189,93.231,22.956,-66.881,15.592
15.01,2.1108,-1.33,0.73683,-0.026163,-0.17412,0,0.98438,-2.4966,3.5114,-0.499,1.6639,0.97694,-0.26836,-5.3085,0.79763,4.7187,0,0,0,2.32,2.3256,2.3257,2.32,17.702,-26.154,-3.6806,90.096,25.007,-65.44,15.485
15.02,2.0856,-1.2949,0.73207,-0.017734,-0.1692,0,0.98542,-2.5488,3.5181,-0.45201,1.666,1.0357,-0.2674,-5.127,0.53737,4.6787,0,0,0,2.3035,2.3091,2.3092,2.3034,18.586,-25.894,-4.3275,86.814,27.031,-63.914,15.375
15.03,2.0598,-1.2597,0.72779,-0.0092934,-0.16396,0,0.98642,-2.5991,3.5222,-0.40545,1.6681,1.0949,-0.26695,-4.9368,0.27982,4.6322,0,0,0,2.2865,2.2922,2.2921,2.2863,19.438,-25.613,-4.9586,83.39,29.029,-62.304,15.262
15.04,2.0336,-1.2244,0.72396,-0.00084164,-0.15842,0,0.98737,-2.6475,3.5237,-0.35938,1.6703,1.1545,-0.267,-4.7384,0.025174,4.5795,0,0,0,2.2692,2.2749,2.2748,2.2689,20.254,-25.313,-5.5733,79.832,30.999,-60.616,15.146
15.05,2.0069,-1.1892,0.7206,0.0076208,-0.15256,0,0.98826,-2.6939,3.5227,-0.31388,1.6723,1.2145,-0.26752,-4.5319,-0.22637,4.5208,0,0,0,2.2517,2.2573,2.2571,2.2512,21.034,-24.993,-6.1707,76.147,32.939,-58.853,15.029
15.06,1.9797,-1.154,0.71768,0.016092,-0.1464,0,0.9891,-2.7381,3.5192,-0.26899,1.674,1.2746,-0.26851,-4.3178,-0.47463,4.4562,0,0,0,2.2338,2.2395,2.2392,2.2332,21.776,-24.654,-6.7501,72.341,34.849,-57.017,14.91
15.07,1.9521,-1.1188,0.71522,0.024571,-0.13991,0,0.98986,-2.7802,3.5132,-0.22477,1.6753,1.3349,-0.26994,-4.0965,-0.7194,4.3859,0,0,0,2.2159,2.2215,2.2212,2.2151,22.48,-24.296,-7.3108,68.422,36.726,-55.113,14.789
15.08,1.9241,-1.0837,0.71319,0.033052,-0.13312,0,0.99055,-2.82,3.5048,-0.18129,1.6761,1.3951,-0.27179,-3.8683,-0.9605,4.31,0,0,0,2.1979,2.2033,2.203,2.1969,23.144,-23.92,-7.8521,64.396,38.571,-53.144,14.669
15.09,1.8957,-1.0487,0.71159,0.041533,-0.126,0,0.99116,-2.8576,3.494,-0.13859,1.676,1.4551,-0.27404,-3.6337,-1.1977,4.2289,0,0,0,2.1798,2.1852,2.1849,2.1787,23.768,-23.525,-8.3735,60.27,40.381,-51.113,14.548
15.1,1.867,-1.0139,0.71041,0.050008,-0.11858,0,0.99168,-2.8927,3.4809,-0.096728,1.675,1.5146,-0.27667,-3.3931,-1.4309,4.1426,0,0,0,2.1619,2.1671,2.1668,2.1605,24.35,-23.112,-8.8742,56.052,42.155,-49.024,14.427
15.11,1.8379,-0.97912,0.70965,0.05847,-0.11085,0,0.99212,-2.9254,3.4654,-0.055754,1.6729,1.5736,-0.27965,-3.1469,-1.6599,4.0515,0,0,0,2.1441,2.149,2.1489,2.1425,24.889,-22.682,-9.3538,51.747,43.893,-46.879,14.308
15.12,1.8085,-0.94455,0.70929,0.066912,-0.10281,0,0.99245,-2.9556,3.4477,-0.015714,1.6694,1.6316,-0.28294,-2.8955,-1.8845,3.9556,0,0,0,2.1265,2.1312,2.1312,2.1247,25.384,-22.235,-9.8116,47.364,45.592,-44.684,14.189
15.13,1.7788,-0.91017,0.70933,0.075326,-0.094467,0,0.99267,-2.9833,3.4277,0.023344,1.6645,1.6885,-0.28653,-2.6394,-2.1046,3.8553,0,0,0,2.1092,2.1136,2.1137,2.1071,25.836,-21.77,-10.247,42.908,47.253,-42.44,14.073
15.14,1.7488,-0.87601,0.70976,0.083702,-0.085832,0,0.99279,-3.0084,3.4056,0.061378,1.6578,1.7441,-0.29037,-2.3789,-2.3199,3.7508,0,0,0,2.0923,2.0964,2.0966,2.09,26.242,-21.29,-10.66,38.387,48.872,-40.152,13.959
15.15,1.7186,-0.84207,0.71056,0.09203,-0.076912,0,0.99278,-3.0309,3.3813,0.098346,1.6492,1.7979,-0.29443,-2.1147,-2.5303,3.6422,0,0,0,2.0758,2.0795,2.0799,2.0732,26.603,-20.793,-11.05,33.808,50.45,-37.822,13.847
15.16,1.6882,-0.80839,0.71172,0.1003,-0.067716,0,0.99265,-3.0507,3.355,0.13421,1.6386,1.8496,-0.29867,-1.847,-2.7357,3.5298,0,0,0,2.0598,2.063,2.0636,2.0569,26.918,-20.281,-11.417,29.178,51.985,-35.455,13.739
15.17,1.6576,-0.77498,0.71324,0.10849,-0.058256,0,0.99239,-3.0678,3.3267,0.16893,1.6257,1.8991,-0.30305,-1.5764,-2.9359,3.4139,0,0,0,2.0443,2.0471,2.0479,2.0412,27.187,-19.754,-11.759,24.503,53.475,-33.054,13.634
15.18,1.6269,-0.74186,0.7151,0.1166,-0.048546,0,0.99199,-3.0822,3.2963,0.20248,1.6104,1.9458,-0.30753,-1.3034,-3.1307,3.2947,0,0,0,2.0294,2.0317,2.0328,2.026,27.408,-19.212,-12.078,19.79,54.92,-30.621,13.533
15.19,1.596,-0.70906,0.71728,0.12461,-0.038601,0,0.99145,-3.0938,3.2641,0.23482,1.5926,1.9896,-0.31207,-1.0284,-3.3201,3.1725,0,0,0,2.0152,2.0169,2.0183,2.0115,27.582,-18.655,-12.371,15.047,56.318,-28.161,13.436
15.2,1.565,-0.67658,0.71979,0.13251,-0.028438,0,0.99077,-3.1027,3.2299,0.26592,1.5721,2.03,-0.31661,-0.75195,-3.5038,3.0474,0,0,0,2.0017,2.0028,2.0044,1.9977,27.709,-18.085,-12.641,10.281,57.668,-25.678,13.344
15.21,1.534,-0.64446,0.7226,0.14027,-0.018075,0,0.98995,-3.1089,3.194,0.29575,1.5489,2.0667,-0.32112,-0.47442,-3.6817,2.9197,0,0,0,1.9889,1.9893,1.9913,1.9846,27.788,-17.502,-12.885,5.497,58.968,-23.173,13.257
15.22,1.5028,-0.61271,0.7257,0.14789,-0.0075352,0,0.98897,-3.1122,3.1563,0.3243,1.5228,2.0994,-0.32555,-0.19635,-3.8538,2.7898,0,0,0,1.9768,1.9766,1.9789,1.9722,27.819,-16.906,-13.104,0.70379,60.219,-20.652,13.174
15.23,1.4717,-0.58134,0.72908,0.15535,0.003161,0,0.98785,-3.1128,3.1169,0.35154,1.4939,2.1279,-0.32986,0.081793,-4.0198,2.6577,0,0,0,1.9655,1.9646,1.9672,1.9607,27.802,-16.298,-13.298,-4.092,61.417,-18.117,13.097
15.24,1.4406,-0.55038,0.73272,0.16264,0.01399,0,0.98659,-3.1106,3.0759,0.37745,1.4622,2.1518,-0.33399,0.35953,-4.1797,2.5239,0,0,0,1.9551,1.9534,1.9564,1.9499,27.737,-15.678,-13.466,-8.8834,62.562,-15.572,13.025
15.25,1.4095,-0.51983,0.73662,0.16973,0.024925,0,0.98518,-3.1056,3.0334,0.40202,1.4275,2.171,-0.3379,0.63638,-4.3333,2.3885,0,0,0,1.9454,1.943,1.9463,1.94,27.624,-15.047,-13.609,-13.663,63.652,-13.021,12.958
15.26,1.3785,-0.48971,0.74076,0.17661,0.035942,0,0.98362,-3.0979,2.9893,0.42522,1.3901,2.1852,-0.34156,0.91186,-4.4806,2.2518,0,0,0,1.9365,1.9333,1.937,1.9309,27.464,-14.405,-13.727,-18.425,64.687,-10.467,12.896
15.27,1.3476,-0.46005,0.74512,0.18327,0.047013,0,0.98194,-3.0874,2.9438,0.44705,1.35,2.1943,-0.34491,1.1855,-4.6214,2.114,0,0,0,1.9284,1.9245,1.9285,1.9226,27.256,-13.753,-13.819,-23.161,65.664,-7.9141,12.84
15.28,1.3168,-0.43084,0.7497,0.1897,0.058111,0,0.98012,-3.0742,2.8969,0.4675,1.3072,2.1981,-0.34793,1.4568,-4.7556,1.9755,0,0,0,1.9211,1.9164,1.9208,1.9151,27.001,-13.092,-13.885,-27.864,66.583,-5.365,12.789
15.29,1.2861,-0.40211,0.75447,0.19588,0.069208,0,0.97818,-3.0583,2.8487,0.48656,1.262,2.1966,-0.35058,1.7254,-4.8832,1.8364,0,0,0,1.9145,1.9091,1.9138,1.9084,26.699,-12.422,-13.926,-32.528,67.442,-2.8236,12.743
15.3,1.2556,-0.37387,0.75942,0.2018,0.080276,0,0.97613,-3.0397,2.7992,0.50422,1.2144,2.1899,-0.35284,1.9906,-5.004,1.6971,0,0,0,1.9087,1.9026,1.9075,1.9024,26.35,-11.743,-13.942,-37.145,68.241,-0.29335,12.702
15.31,1.2253,-0.34613,0.76455,0.20745,0.091287,0,0.97398,-3.0185,2.7486,0.5205,1.1648,2.1777,-0.35466,2.2522,-5.1181,1.5577,0,0,0,1.9035,1.8967,1.902,1.8971,25.956,-11.057,-13.932,-41.708,68.977,2.2221,12.665
15.32,1.1952,-0.31891,0.76983,0.21282,0.10221,0,0.97173,-2.9947,2.6969,0.53538,1.1132,2.1604,-0.35605,2.5096,-5.2252,1.4185,0,0,0,1.899,1.8915,1.8971,1.8925,25.516,-10.364,-13.897,-46.211,69.649,4.7193,12.633
15.33,1.1654,-0.2922,0.77525,0.2179,0.11303,0,0.9694,-2.9683,2.6442,0.54887,1.0598,2.1379,-0.35696,2.7624,-5.3253,1.2798,0,0,0,1.895,1.887,1.8928,1.8885,25.032,-9.6646,-13.838,-50.646,70.256,7.1947,12.605
15.34,1.1359,-0.26603,0.7808,0.22268,0.12371,0,0.96701,-2.9394,2.5904,0.56098,1.005,2.1103,-0.3574,3.0101,-5.4184,1.1418,0,0,0,1.8917,1.883,1.889,1.8851,24.504,-8.9592,-13.753,-55.006,70.797,9.6447,12.581
15.35,1.1066,-0.24039,0.78647,0.22717,0.13422,0,0.96456,-2.9081,2.5358,0.57171,0.94883,2.078,-0.35736,3.2523,-5.5045,1.0048,0,0,0,1.8888,1.8795,1.8858,1.8822,23.932,-8.2489,-13.645,-59.284,71.271,12.066,12.56
15.36,1.0777,-0.21531,0.79223,0.23136,0.14455,0,0.96207,-2.8744,2.4804,0.58108,0.89161,2.0409,-0.35683,3.4886,-5.5834,0.86902,0,0,0,1.8863,1.8765,1.883,1.8797,23.318,-7.5341,-13.512,-63.473,71.676,14.455,12.542
15.37,1.0492,-0.19079,0.79808,0.23523,0.15468,0,0.95955,-2.8384,2.4242,0.58909,0.83351,1.9995,-0.3558,3.7185,-5.6552,0.73466,0,0,0,1.8841,1.8739,1.8805,1.8776,22.663,-6.8156,-13.356,-67.566,72.011,16.808,12.527
15.38,1.021,-0.16683,0.80401,0.2388,0.16457,0,0.95702,-2.8,2.3673,0.59578,0.77475,1.9538,-0.35429,3.9417,-5.7197,0.60198,0,0,0,1.8823,1.8716,1.8784,1.8759,21.967,-6.0941,-13.176,-71.556,72.274,19.121,12.514
15.39,0.99317,-0.14345,0.80999,0.24206,0.17422,0,0.95449,-2.7595,2.3098,0.60114,0.71552,1.9041,-0.3523,4.1578,-5.777,0.47121,0,0,0,1.8806,1.8696,1.8765,1.8743,21.232,-5.3703,-12.974,-75.437,72.464,21.392,12.502
15.4,0.96578,-0.12064,0.81603,0.24502,0.18359,0,0.95198,-2.7169,2.2518,0.60521,0.65599,1.8508,-0.34984,4.3663,-5.8271,0.34258,0,0,0,1.8791,1.8678,1.8748,1.8729,20.459,-4.645,-12.749,-79.2,72.581,23.616,12.491
15.41,0.93883,-0.098411,0.82209,0.24767,0.19269,0,0.94949,-2.6722,2.1933,0.608,0.59631,1.794,-0.34693,4.5668,-5.8699,0.21632,0,0,0,1.8777,1.866,1.8731,1.8716,19.649,-3.919,-12.501,-82.839,72.622,25.79,12.481
15.42,0.91234,-0.076773,0.82818,0.25001,0.20148,0,0.94705,-2.6256,2.1344,0.60954,0.53664,1.7339,-0.34356,4.7591,-5.9055,0.092626,0,0,0,1.8763,1.8643,1.8715,1.8703,18.803,-3.1929,-12.233,-86.347,72.586,27.91,12.471
15.43,0.88633,-0.055725,0.83428,0.25206,0.20996,0,0.94466,-2.5771,2.0752,0.60986,0.47709,1.6708,-0.33978,4.9428,-5.9338,-0.028274,0,0,0,1.8748,1.8626,1.8698,1.8689,17.922,-2.4675,-11.943,-89.717,72.473,29.974,12.46
15.44,0.86081,-0.03527,0.84038,0.25381,0.21812,0,0.94234,-2.5268,2.0157,0.60899,0.41777,1.605,-0.33558,5.1174,-5.9548,-0.14618,0,0,0,1.8731,1.8607,1.868,1.8674,17.009,-1.7437,-11.634,-92.941,72.28,31.977,12.449
15.45,0.8358,-0.015411,0.84646,0.25527,0.22593,0,0.9401,-2.4748,1.9561,0.60695,0.35875,1.5365,-0.33099,5.2828,-5.9687,-0.26088,0,0,0,1.8713,1.8587,1.8659,1.8657,16.064,-1.0222,-11.304,-96.014,72.007,33.915,12.436
15.46,0.81132,0.003852,0.85251,0.25643,0.2334,0,0.93796,-2.4212,1.8964,0.60378,0.30011,1.4657,-0.32603,5.4386,-5.9753,-0.3722,0,0,0,1.8691,1.8564,1.8636,1.8637,15.089,-0.30379,-10.956,-98.927,71.652,35.787,12.421
15.47,0.78738,0.022517,0.85853,0.25732,0.24051,0,0.93592,-2.366,1.8366,0.59952,0.24188,1.3926,-0.32072,5.5845,-5.9748,-0.47993,0,0,0,1.8666,1.8537,1.861,1.8614,14.086,0.41061,-10.589,-101.67,71.214,37.587,12.404
15.48,0.764,0.040585,0.8645,0.25793,0.24726,0,0.93399,-2.3095,1.7769,0.59419,0.18409,1.3174,-0.31507,5.7203,-5.9671,-0.58391,0,0,0,1.8637,1.8507,1.858,1.8586,13.056,1.1202,-10.204,-104.25,70.691,39.312,12.385
15.49,0.7412,0.058056,0.87041,0.25826,0.25363,0,0.93219,-2.2517,1.7173,0.58785,0.12675,1.2402,-0.30912,5.8456,-5.9524,-0.68396,0,0,0,1.8603,1.8472,1.8545,1.8554,12.002,1.8242,-9.8027,-106.64,70.083,40.959,12.362
15.5,0.71897,0.074932,0.87625,0.25833,0.25962,0,0.93052,-2.1926,1.6579,0.58053,0.069853,1.1612,-0.30287,5.9602,-5.9306,-0.77991,0,0,0,1.8564,1.8432,1.8504,1.8516,10.924,2.5216,-9.3852,-108.84,69.388,42.524,12.336
15.51,0.69735,0.091215,0.88202,0.25813,0.26521,0,0.929,-2.1325,1.5987,0.57227,0.013383,1.0803,-0.29635,6.064,-5.902,-0.87161,0,0,0,1.8519,1.8386,1.8458,1.8472,9.8254,3.2116,-8.9525,-110.86,68.604,44.004,12.306
15.52,0.67633,0.10691,0.88769,0.25767,0.27041,0,0.92762,-2.0714,1.5399,0.56311,-0.042694,0.9977,-0.28958,6.1567,-5.8664,-0.95891,0,0,0,1.8468,1.8334,1.8406,1.8423,8.7076,3.8934,-8.5054,-112.66,67.731,45.396,12.272
15.53,0.65592,0.12201,0.89328,0.25695,0.27521,0,0.92641,-2.0094,1.4814,0.55311,-0.098421,0.91336,-0.28257,6.2381,-5.8241,-1.0417,0,0,0,1.8411,1.8276,1.8348,1.8366,7.5728,4.5659,-8.0449,-114.27,66.766,46.695,12.233
15.54,0.63614,0.13654,0.89875,0.25598,0.2796,0,0.92536,-1.9467,1.4234,0.54229,-0.15385,0.82732,-0.27534,6.3081,-5.7752,-1.1198,0,0,0,1.8347,1.821,1.8282,1.8303,6.423,5.2284,-7.5718,-115.65,65.71,47.898,12.19
15.55,0.61699,0.15048,0.90412,0.25476,0.28357,0,0.92449,-1.8833,1.3659,0.53073,-0.20904,0.73955,-0.26791,6.3665,-5.7196,-1.1931,0,0,0,1.8275,1.8138,1.8209,1.8232,5.2605,5.8798,-7.0872,-116.81,64.56,49.002,12.142
15.56,0.59848,0.16386,0.90937,0.25329,0.28712,0,0.9238,-1.8194,1.309,0.51845,-0.26406,0.65005,-0.2603,6.4132,-5.6576,-1.2615,0,0,0,1.8196,1.8058,1.8129,1.8154,4.0875,6.5193,-6.5921,-117.75,63.315,50.003,12.09
15.57,0.5806,0.17667,0.91449,0.25157,0.29023,0,0.9233,-1.7551,1.2528,0.50551,-0.31897,0.55876,-0.25251,6.4482,-5.5893,-1.3249,0,0,0,1.811,1.797,1.8041,1.8069,2.9064,7.1458,-6.0875,-118.44,61.974,50.897,12.032
15.58,0.56338,0.18892,0.91947,0.24961,0.29291,0,0.92298,-1.6904,1.1973,0.49197,-0.37386,0.46565,-0.24457,6.4713,-5.5147,-1.3832,0,0,0,1.8016,1.7874,1.7946,1.7975,1.7195,7.7584,-5.5746,-118.89,60.535,51.682,11.968
15.59,0.5468,0.20061,0.92432,0.2474,0.29514,0,0.92287,-1.6257,1.1425,0.47787,-0.42878,0.37065,-0.23649,6.4826,-5.4341,-1.4363,0,0,0,1.7914,1.7771,1.7842,1.7874,0.52937,8.3562,-5.0543,-119.09,58.998,52.353,11.9
15.6,0.53086,0.21177,0.92903,0.24495,0.29691,0,0.92295,-1.5608,1.0886,0.46326,-0.4838,0.27369,-0.22828,6.4819,-5.3477,-1.4843,0,0,0,1.7805,1.766,1.7731,1.7765,-0.66151,8.938,-4.5279,-119.04,57.361,52.907,11.827
15.61,0.51558,0.22239,0.93359,0.24226,0.29822,0,0.92324,-1.4961,1.0356,0.4482,-0.539,0.1747,-0.21995,6.4694,-5.2554,-1.5269,0,0,0,1.7688,1.7541,1.7613,1.7648,-1.8505,9.503,-3.9966,-118.72,55.622,53.34,11.748
15.62,0.50094,0.23248,0.93799,0.23932,0.29905,0,0.92374,-1.4315,0.98353,0.43274,-0.59442,0.073634,-0.21152,6.4449,-5.1577,-1.5642,0,0,0,1.7564,1.7415,1.7487,1.7524,-3.0349,10.05,-3.4615,-118.12,53.781,53.65,11.665
15.63,0.48695,0.24206,0.94224,0.23614,0.2994,0,0.92444,-1.3672,0.93246,0.41693,-0.65011,-0.029585,-0.203,6.4087,-5.0545,-1.5961,0,0,0,1.7433,1.7282,1.7354,1.7394,-4.212,10.578,-2.924,-117.25,51.836,53.832,11.577
15.64,0.4736,0.25114,0.94633,0.2327,0.29926,0,0.92536,-1.3033,0.88246,0.40083,-0.7061,-0.135,-0.1944,6.3607,-4.9462,-1.6227,0,0,0,1.7296,1.7143,1.7215,1.7256,-5.379,11.087,-2.3853,-116.09,49.785,53.883,11.485
15.65,0.46088,0.25972,0.95026,0.22902,0.2986,0,0.92649,-1.24,0.83356,0.3845,-0.7624,-0.24263,-0.18574,6.3012,-4.8328,-1.6438,0,0,0,1.7152,1.6997,1.7069,1.7112,-6.5329,11.574,-1.8468,-114.64,47.629,53.8,11.388
15.66,0.44879,0.26781,0.95402,0.22508,0.29743,0,0.92783,-1.1774,0.78581,0.36798,-0.819,-0.35249,-0.17703,6.2301,-4.7148,-1.6596,0,0,0,1.7002,1.6845,1.6917,1.6963,-7.6708,12.039,-1.3098,-112.89,45.364,53.578,11.288
15.67,0.43733,0.27544,0.95762,0.22089,0.29573,0,0.92938,-1.1155,0.73928,0.35132,-0.87586,-0.46453,-0.16829,6.1478,-4.5921,-1.67,0,0,0,1.6848,1.6689,1.6761,1.6808,-8.7897,12.481,-0.77567,-110.83,42.991,53.216,11.184
15.68,0.42648,0.2826,0.96105,0.21645,0.29348,0,0.93114,-1.0544,0.69399,0.33459,-0.93291,-0.57867,-0.15952,6.0544,-4.4652,-1.6751,0,0,0,1.6689,1.6528,1.66,1.6649,-9.8865,12.898,-0.24592,-108.46,40.508,52.709,11.078
15.69,0.41624,0.28932,0.96431,0.21174,0.29068,0,0.9331,-0.99441,0.64999,0.31784,-0.99006,-0.69479,-0.15076,5.9502,-4.3343,-1.675,0,0,0,1.6527,1.6364,1.6436,1.6486,-10.958,13.29,0.27802,-105.77,37.914,52.054,10.969
15.7,0.40659,0.29561,0.9674,0.20677,0.28731,0,0.93525,-0.93548,0.60731,0.30111,-1.0471,-0.81267,-0.14201,5.8353,-4.1995,-1.6696,0,0,0,1.6361,1.6197,1.6269,1.6321,-12.001,13.656,0.79466,-102.76,35.208,51.248,10.858
15.71,0.39752,0.30147,0.97033,0.20154,0.28337,0,0.9376,-0.87774,0.56601,0.28446,-1.104,-0.93204,-0.1333,5.7102,-4.0612,-1.6591,0,0,0,1.6194,1.6029,1.61,1.6154,-13.012,13.994,1.3025,-99.407,32.388,50.287,10.746
15.72,0.38903,0.30693,0.97309,0.19604,0.27884,0,0.94012,-0.8213,0.5261,0.26795,-1.1603,-1.0525,-0.12465,5.5752,-3.9197,-1.6436,0,0,0,1.6026,1.5861,1.5931,1.5986,-13.988,14.303,1.7999,-95.716,29.453,49.168,10.634
15.73,0.38109,0.312,0.97569,0.19028,0.27372,0,0.9428,-0.76627,0.48762,0.25161,-1.2157,-1.1736,-0.11608,5.4306,-3.7753,-1.6231,0,0,0,1.5858,1.5694,1.5762,1.5819,-14.925,14.583,2.2853,-91.678,26.402,47.887,10.522
15.74,0.3737,0.31669,0.97812,0.18426,0.26799,0,0.94564,-0.71272,0.4506,0.2355,-1.27,-1.2948,-0.10762,5.2769,-3.6282,-1.5979,0,0,0,1.5691,1.5528,1.5595,1.5653,-15.82,14.831,2.7571,-87.286,23.235,46.441,10.411
15.75,0.36683,0.32102,0.9804,0.17799,0.26167,0,0.9486,-0.66076,0.41507,0.21967,-1.3227,-1.4153,-0.099302,5.1144,-3.4787,-1.568,0,0,0,1.5526,1.5366,1.5431,1.5489,-16.67,15.047,3.2135,-82.532,19.948,44.827,10.302
15.76,0.36048,0.32499,0.98252,0.17146,0.25475,0,0.95169,-0.61046,0.38104,0.20415,-1.3732,-1.5343,-0.091145,4.9436,-3.3273,-1.5337,0,0,0,1.5364,1.5209,1.527,1.533,-17.47,15.23,3.653,-77.411,16.543,43.041,10.196
15.77,0.35462,0.32864,0.98448,0.16469,0.24723,0,0.95486,-0.56191,0.34853,0.18901,-1.4209,-1.6508,-0.083188,4.7651,-3.1743,-1.4951,0,0,0,1.5208,1.5058,1.5116,1.5175,-18.217,15.378,4.0738,-71.916,13.016,41.08,10.093
15.78,0.34924,0.33197,0.9863,0.15769,0.23912,0,0.9581,-0.51518,0.31755,0.17427,-1.4654,-1.7636,-0.075461,4.5795,-3.0199,-1.4523,0,0,0,1.5056,1.4915,1.4968,1.5027,-18.907,15.49,4.474,-66.039,9.3681,38.941,9.9943
15.79,0.34431,0.335,0.98797,0.15047,0.23045,0,0.96138,-0.47035,0.28813,0.15997,-1.5058,-1.8717,-0.068,4.3872,-2.8646,-1.4056,0,0,0,1.4912,1.478,1.4828,1.4886,-19.536,15.565,4.852,-59.773,5.5967,36.619,9.901
15.8,0.33982,0.33774,0.9895,0.14306,0.22124,0,0.96467,-0.42746,0.26026,0.14617,-1.5414,-1.9735,-0.060838,4.189,-2.7087,-1.3553,0,0,0,1.4776,1.4655,1.4697,1.4754,-20.101,15.601,5.2058,-53.113,1.701,34.112,9.8137
15.81,0.33575,0.34021,0.9909,0.13548,0.21152,0,0.96794,-0.38658,0.23396,0.13288,-1.5716,-2.0678,-0.054008,3.9854,-2.5527,-1.3016,0,0,0,1.4649,1.4541,1.4577,1.4632,-20.597,15.598,5.5336,-46.05,-2.3203,31.416,9.7332
15.82,0.33208,0.34242,0.99216,0.12775,0.20131,0,0.97116,-0.34777,0.20921,0.12014,-1.5955,-2.1529,-0.047543,3.7773,-2.3969,-1.2448,0,0,0,1.4532,1.444,1.4468,1.4521,-21.02,15.554,5.8335,-38.579,-6.4682,28.528,9.6601
15.83,0.32879,0.3444,0.9933,0.1199,0.19068,0,0.9743,-0.31105,0.18602,0.10799,-1.6125,-2.2276,-0.041471,3.5653,-2.2418,-1.185,0,0,0,1.4427,1.4352,1.4371,1.4422,-21.367,15.468,6.1035,-30.693,-10.744,25.445,9.5952
15.84,0.32585,0.34615,0.99432,0.11197,0.17968,0,0.97733,-0.27647,0.16437,0.096451,-1.622,-2.2902,-0.035818,3.3502,-2.0877,-1.1228,0,0,0,1.4333,1.4277,1.4288,1.4335,-21.633,15.339,6.3417,-22.383,-15.149,22.162,9.5389
15.85,0.32325,0.34769,0.99523,0.10399,0.16836,0,0.98022,-0.24405,0.14426,0.085544,-1.6233,-2.3396,-0.030604,3.1329,-1.9351,-1.0583,0,0,0,1.4252,1.4217,1.4219,1.4261,-21.813,15.165,6.5461,-13.645,-19.684,18.677,9.4917
15.86,0.32097,0.34904,0.99604,0.096019,0.1568,0,0.98295,-0.21382,0.12566,0.075291,-1.616,-2.3744,-0.025845,2.9142,-1.7845,-0.99199,0,0,0,1.4185,1.4172,1.4165,1.4202,-21.904,14.945,6.7146,-4.4707,-24.351,14.987,9.4538
15.87,0.31897,0.35021,0.99674,0.088085,0.14508,0,0.98549,-0.18577,0.10856,0.065709,-1.5997,-2.3937,-0.021549,2.6951,-1.6364,-0.92416,0,0,0,1.4131,1.4142,1.4124,1.4156,-21.901,14.677,6.8451,5.1465,-29.151,11.087,9.4255
15.88,0.31724,0.35121,0.99735,0.080238,0.13326,0,0.98783,-0.15991,0.092924,0.056811,-1.5744,-2.3967,-0.017717,2.4765,-1.4912,-0.85522,0,0,0,1.4091,1.4126,1.4099,1.4124,-21.8,14.361,6.9356,15.214,-34.084,6.9746,9.4066
15.89,0.31576,0.35207,0.99788,0.072524,0.12144,0,0.98995,-0.13624,0.078725,0.048607,-1.5399,-2.3828,-0.014344,2.2595,-1.3493,-0.78559,0,0,0,1.4065,1.4124,1.4087,1.4106,-21.596,13.995,6.9839,25.737,-39.153,2.6462,9.3971
15.9,0.31451,0.35279,0.99833,0.064992,0.10971,0,0.99184,-0.11472,0.065924,0.0411,-1.4964,-2.3518,-0.011416,2.045,-1.2114,-0.71569,0,0,0,1.4052,1.4136,1.4089,1.4102,-21.284,13.578,6.9878,36.724,-44.357,-1.9015,9.3965
15.91,0.31346,0.35339,0.9987,0.057686,0.098155,0,0.9935,-0.095323,0.054482,0.034292,-1.444,-2.3036,-0.0089145,1.8342,-1.0779,-0.64599,0,0,0,1.4052,1.416,1.4104,1.411,-20.86,13.108,6.9451,48.181,-49.7,-6.672,9.4044
15.92,0.3126,0.35389,0.99902,0.050651,0.08686,0,0.99493,-0.078016,0.044349,0.028178,-1.3833,-2.2384,-0.006813,1.6282,-0.94944,-0.57695,0,0,0,1.4064,1.4195,1.4131,1.413,-20.318,12.583,6.8536,60.115,-55.181,-11.669,9.4201
15.93,0.3119,0.35429,0.99927,0.043931,0.075917,0,0.99615,-0.06274,0.035474,0.022749,-1.3146,-2.1566,-0.0050809,1.4282,-0.82646,-0.50908,0,0,0,1.4087,1.4241,1.4168,1.416,-19.656,12.004,6.711,72.533,-60.801,-16.895,9.4428
15.94,0.31134,0.3546,0.99947,0.037565,0.065408,0,0.99715,-0.049428,0.0278,0.017991,-1.2385,-2.0587,-0.0036835,1.2355,-0.70956,-0.44291,0,0,0,1.412,1.4295,1.4215,1.4199,-18.866,11.367,6.5149,85.442,-66.563,-22.354,9.4715
15.95,0.3109,0.35485,0.99963,0.031591,0.055417,0,0.99796,-0.038001,0.021261,0.013884,-1.1555,-1.9453,-0.0025831,1.0513,-0.59931,-0.37897,0,0,0,1.416,1.4355,1.4268,1.4246,-17.945,10.672,6.2631,98.848,-72.467,-28.05,9.505
15.96,0.31057,0.35503,0.99975,0.026043,0.046021,0,0.9986,-0.028368,0.015789,0.010402,-1.0661,-1.8171,-0.0017409,0.87704,-0.49632,-0.31784,0,0,0,1.4206,1.4421,1.4328,1.4298,-16.888,9.9171,5.9531,112.76,-78.515,-33.985,9.5421
15.97,0.31033,0.35516,0.99984,0.020954,0.037295,0,0.99908,-0.020423,0.011308,0.0075157,-0.97086,-1.6747,-0.0011177,0.71404,-0.40118,-0.26011,0,0,0,1.4256,1.4489,1.439,1.4354,-15.688,9.1011,5.5826,127.18,-84.708,-40.163,9.5816
15.98,0.31016,0.35526,0.9999,0.016352,0.029313,0,0.99944,-0.014045,0.0077373,0.0051868,-0.87017,-1.5186,-0.00067516,0.56377,-0.31451,-0.2064,0,0,0,1.4308,1.4558,1.4454,1.4411,-14.342,8.2225,5.1491,142.12,-91.046,-46.588,9.6219
15.99,0.31004,0.35532,0.99995,0.012266,0.022141,0,0.99968,-0.0091004,0.0049879,0.0033722,-0.76432,-1.349,-0.00037681,0.42771,-0.23694,-0.15735,0,0,0,1.4359,1.4626,1.4517,1.4467,-12.844,7.2797,4.65,157.58,-97.531,-53.263,9.6616
16,0.30997,0.35536,0.99997,0.00872,0.015849,0,0.99984,-0.0054386,0.002966,0.0020221,-0.6535,-1.1661,-0.00018892,0.30741,-0.16913,-0.11362,0,0,0,1.4407,1.4691,1.4577,1.452,-11.189,6.2714,4.0829,173.58,-104.16,-60.192,9.6993
16.01,0.30993,0.35538,0.99999,0.0057402,0.010504,0,0.99993,-0.0028943,0.0015706,0.0010797,-0.53773,-0.96989,-8.1215e-05,0.20447,-0.11174,-0.075923,0,0,0,1.445,1.4751,1.4632,1.4568,-9.3707,5.1959,3.4453,190.11,-110.95,-67.377,9.7335
16.02,0.30991,0.35539,1,0.0033516,0.0061744,0,0.99998,-0.0012857,0.00069429,0.00048116,-0.41688,-0.7598,-2.7471e-05,0.12055,-0.065439,-0.044962,0,0,0,1.4485,1.4804,1.468,1.4608,-7.3846,4.0519,2.7345,207.19,-117.88,-74.822,9.7626
16.03,0.3099,0.3554,1,0.0015805,0.0029309,0,0.99999,-0.00041416,0.00022256,0.00015548,-0.29063,-0.53512,-6.0613e-06,0.057359,-0.030931,-0.021485,0,0,0,1.4509,1.4847,1.4718,1.4638,-5.225,2.8378,1.948,224.83,-124.97,-82.531,9.7853
16.04,0.3099,0.3554,1,0.00045515,0.00084954,0,1,-6.3598e-05,3.4011e-05,2.3949e-05,-0.15847,-0.29469,-4.9881e-07,0.016652,-0.0089213,-0.0062633,0,0,0,1.4521,1.488,1.4745,1.4656,-2.8862,1.5521,1.083,243.02,-132.21,-90.507,9.8004
16.05,0.3099,0.3554,1,6.7987e-06,1.2771e-05,0,1,-1.1522e-07,6.1321e-08,4.352e-08,-0.0197,-0.03699,-1.1045e-10,0.00025049,-0.00013334,-9.46e-05,0,0,0,1.4518,1.4901,1.4759,1.4661,-0.36274,0.19319,0.13696,261.77,-139.6,-98.753,9.8065
16.051,0.3099,0.3554,1,-1.8114e-16,-4.5285e-17,0,1,1.3878e-15,2.7756e-17,-2.498e-16,5.6515e-14,1.0361e-13,1.6209e-29,-8.8818e-16,3.5527e-15,3.1086e-15,0,0,0,1.4517,1.4903,1.476,1.466,1.0161e-12,-5.5422e-13,-3.7481e-13,264.41,-140.63,-99.912,9.8066
